Workbook

Sheet 1031
B1: 屏榮 新豐廠組合室生產人時性分析
B3: 日期 | C3: =TEXT('1031 4度C'!A2,"yyyy.mm.ddaaaa") -> 2025.10.31星期五 | E3: 訂單量 | F3: ='1031 4度C'!D1 -> 145968 | H3: 營業額 | I3: ='1031 4度C'!F1 -> 4853449.6
B4: 人時性 | C4: 項目 | E4: ➀ | G4: ➁ | I4: ➂
C5: 組合室 | E5: 全溫層 | G5: 4度C-各編組展開 | I5: ③三明治-各編組展開
C6: 排關平均 | E6: =AVERAGE(D13:M13) -> 148.80827 | F6: =AVERAGE(D27:O27,D13:J13) -> 153.24268 | G6: =AVERAGE(D13:J13) -> 153.24268 | I6: =AVERAGE(K13:M13) -> 138.46131
C7: 實績平均 | E7: =AVERAGE(D14:M14) -> 142.87663 | F7: =AVERAGE(D28:O28,D14:J14) -> 147.27371 | G7: =AVERAGE(D14:J14) -> 147.27371 | I7: =AVERAGE(K14:M14) -> 132.61677
C8: 達成率平均 | E8: =AVERAGE(D15:M15) -> 0.95971198 | F8: =AVERAGE(D15:J15,D29:O29) -> 0.96054241 | G8: =AVERAGE(D15:J15) -> 0.96054241 | I8: =AVERAGE(K15:M15) -> 0.95777432 | K8: ※現行日本鮮食廠以達成率80%為基本(即為現行KPI)
B10: 溫層 | D10: ➁4度C-各編組展開 | K10: ③三明治-各編組展開
B11: 編組 | D11: 1 | E11: 2 | F11: 3 | G11: 4 | H11: 5 | I11: 6 | J11: 7 | K11: 1 | L11: 2 | M11: 3
D12: 新豐6線 | E12: 新豐2線 | F12: 新豐5線 | G12: 新豐7線 | H12: 新豐3線 | I12: 新豐1線 | J12: 新豐10線 | K12: 新豐8線 | L12: 新豐9線 | M12: 新豐4線
B13: 人時性 | C13: 排關 | D13: =SUMIFS('1031 4度C'!$K:$K,'1031 4度C'!$A:$A,"新豐6線",'1031 4度C'!$B:$B,"平均") -> 125 | E13: =SUMIFS('1031 4度C'!$K:$K,'1031 4度C'!$A:$A,"新豐2線",'1031 4度C'!$B:$B,"平均") -> 81.081081 | F13: =SUMIFS('1031 4度C'!$K:$K,'1031 4度C'!$A:$A,"新豐5線",'1031 4度C'!$B:$B,"平均") -> 91.397849 | G13: =SUMIFS('1031 4度C'!$K:$K,'1031 4度C'!$A:$A,"新豐7線",'1031 4度C'!$B:$B,"平均") -> 121.95122 | H13: =SUMIFS('1031 4度C'!$K:$K,'1031 4度C'!$A:$A,"新豐3線",'1031 4度C'!$B:$B,"平均") -> 261.90476 | I13: =SUMIFS('1031 4度C'!$K:$K,'1031 4度C'!$A:$A,"新豐1線",'1031 4度C'!$B:$B,"平均") -> 115.85366 | J13: =SUMIFS('1031 4度C'!$K:$K,'1031 4度C'!$A:$A,"新豐10線",'1031 4度C'!$B:$B,"平均") -> 275.5102 | K13: =SUMIFS('1031 4度C'!$K:$K,'1031 4度C'!$A:$A,"新豐8線",'1031 4度C'!$B:$B,"平均") -> 135.84906 | L13: =SUMIFS('1031 4度C'!$K:$K,'1031 4度C'!$A:$A,"新豐9線",'1031 4度C'!$B:$B,"平均") -> 139.53488 | M13: =SUMIFS('1031 4度C'!$K:$K,'1031 4度C'!$A:$A,"新豐4線",'1031 4度C'!$B:$B,"平均") -> 140
C14: 實績 | D14: =SUMIFS('1031 4度C'!$N:$N,'1031 4度C'!$A:$A,"新豐6線",'1031 4度C'!$B:$B,"平均") -> 121.02106 | E14: =SUMIFS('1031 4度C'!$N:$N,'1031 4度C'!$A:$A,"新豐2線",'1031 4度C'!$B:$B,"平均") -> 77.457183 | F14: =SUMIFS('1031 4度C'!$N:$N,'1031 4度C'!$A:$A,"新豐5線",'1031 4度C'!$B:$B,"平均") -> 87.484989 | G14: =SUMIFS('1031 4度C'!$N:$N,'1031 4度C'!$A:$A,"新豐7線",'1031 4度C'!$B:$B,"平均") -> 116.84779 | H14: =SUMIFS('1031 4度C'!$N:$N,'1031 4度C'!$A:$A,"新豐3線",'1031 4度C'!$B:$B,"平均") -> 252.0929 | I14: =SUMIFS('1031 4度C'!$N:$N,'1031 4度C'!$A:$A,"新豐1線",'1031 4度C'!$B:$B,"平均") -> 111.48887 | J14: =SUMIFS('1031 4度C'!$N:$N,'1031 4度C'!$A:$A,"新豐10線",'1031 4度C'!$B:$B,"平均") -> 264.52315 | K14: =SUMIFS('1031 4度C'!$N:$N,'1031 4度C'!$A:$A,"新豐8線",'1031 4度C'!$B:$B,"平均") -> 129.89403 | L14: =SUMIFS('1031 4度C'!$N:$N,'1031 4度C'!$A:$A,"新豐9線",'1031 4度C'!$B:$B,"平均") -> 133.77294 | M14: =SUMIFS('1031 4度C'!$N:$N,'1031 4度C'!$A:$A,"新豐4線",'1031 4度C'!$B:$B,"平均") -> 134.18334
C15: 達成率 | D15: =D14/D13 -> 0.96816847 | E15: =E14/E13 -> 0.95530526 | F15: =F14/F13 -> 0.9571887 | G15: =G14/G13 -> 0.95815185 | H15: =H14/H13 -> 0.96253654 | I15: =I14/I13 -> 0.96232502 | J15: =J14/J13 -> 0.96012105 | K15: =K14/K13 -> 0.95616442 | ... M15: =M14/M13 -> 0.95845243
B16: 作業 時間 | C16: 開始 | D16: =VLOOKUP("新豐6線",'1031 4度C'!$A:$T,19,0) -> 0.70833333 | E16: =VLOOKUP("新豐2線",'1031 4度C'!$A:$T,19,0) -> 0.20833333 | F16: =VLOOKUP("新豐5線",'1031 4度C'!$A:$T,19,0) -> 0.125 | G16: =VLOOKUP("新豐7線",'1031 4度C'!$A:$T,19,0) -> 0.20833333 | H16: =VLOOKUP("新豐3線",'1031 4度C'!$A:$T,19,0) -> 0.083333333 | I16: =VLOOKUP("新豐1線",'1031 4度C'!$A:$T,19,0) -> 0.20833333 | J16: =VLOOKUP("新豐10線",'1031 4度C'!$A:$T,19,0) -> 0.20833333 | K16: =VLOOKUP("新豐8線",'1031 4度C'!$A:$T,19,0) -> 0.083333333 | L16: =VLOOKUP("新豐9線",'1031 4度C'!$A:$T,19,0) -> 0.083333333 | M16: =VLOOKUP("新豐4線",'1031 4度C'!$A:$T,19,0) -> 0.083333333
C17: 結束 | D17: =LOOKUP(2,1/(('1031 4度C'!$A:$A="新豐6線")*('1031 4度C'!$T:$T<>"")),'1031 4度C'!$T:$T) -> 0.80555556 | E17: =LOOKUP(2,1/(('1031 4度C'!$A:$A="新豐2線")*('1031 4度C'!$T:$T<>"")),'1031 4度C'!$T:$T) -> 0.41527778 | F17: =LOOKUP(2,1/(('1031 4度C'!$A:$A="新豐5線")*('1031 4度C'!$T:$T<>"")),'1031 4度C'!$T:$T) -> 0.81319444 | G17: =LOOKUP(2,1/(('1031 4度C'!$A:$A="新豐7線")*('1031 4度C'!$T:$T<>"")),'1031 4度C'!$T:$T) -> 0.78958333 | H17: =LOOKUP(2,1/(('1031 4度C'!$A:$A="新豐3線")*('1031 4度C'!$T:$T<>"")),'1031 4度C'!$T:$T) -> 0.58819444 | I17: =LOOKUP(2,1/(('1031 4度C'!$A:$A="新豐1線")*('1031 4度C'!$T:$T<>"")),'1031 4度C'!$T:$T) -> 0.84652778 | J17: =LOOKUP(2,1/(('1031 4度C'!$A:$A="新豐10線")*('1031 4度C'!$T:$T<>"")),'1031 4度C'!$T:$T) -> 0.45694444 | K17: =LOOKUP(2,1/(('1031 4度C'!$A:$A="新豐8線")*('1031 4度C'!$T:$T<>"")),'1031 4度C'!$T:$T) -> 0.56805556 | L17: =LOOKUP(2,1/(('1031 4度C'!$A:$A="新豐9線")*('1031 4度C'!$T:$T<>"")),'1031 4度C'!$T:$T) -> 0.50833333 | M17: =LOOKUP(2,1/(('1031 4度C'!$A:$A="新豐4線")*('1031 4度C'!$T:$T<>"")),'1031 4度C'!$T:$T) -> 0.51527778
B18: 配置人數 | D18: =SUMIFS('1031 4度C'!$I:$I,'1031 4度C'!$A:$A,"新豐6線",'1031 4度C'!$B:$B,"平均") -> 16 | E18: =SUMIFS('1031 4度C'!$I:$I,'1031 4度C'!$A:$A,"新豐2線",'1031 4度C'!$B:$B,"平均") -> 18.5 | F18: =SUMIFS('1031 4度C'!$I:$I,'1031 4度C'!$A:$A,"新豐5線",'1031 4度C'!$B:$B,"平均") -> 18.6 | G18: =SUMIFS('1031 4度C'!$I:$I,'1031 4度C'!$A:$A,"新豐7線",'1031 4度C'!$B:$B,"平均") -> 16.4 | H18: =SUMIFS('1031 4度C'!$I:$I,'1031 4度C'!$A:$A,"新豐3線",'1031 4度C'!$B:$B,"平均") -> 10.5 | I18: =SUMIFS('1031 4度C'!$I:$I,'1031 4度C'!$A:$A,"新豐1線",'1031 4度C'!$B:$B,"平均") -> 16.4 | J18: =SUMIFS('1031 4度C'!$I:$I,'1031 4度C'!$A:$A,"新豐10線",'1031 4度C'!$B:$B,"平均") -> 9.8 | K18: =SUMIFS('1031 4度C'!$I:$I,'1031 4度C'!$A:$A,"新豐8線",'1031 4度C'!$B:$B,"平均") -> 17.666667 | L18: =SUMIFS('1031 4度C'!$I:$I,'1031 4度C'!$A:$A,"新豐9線",'1031 4度C'!$B:$B,"平均") -> 17.2 | M18: =SUMIFS('1031 4度C'!$I:$I,'1031 4度C'!$A:$A,"新豐4線",'1031 4度C'!$B:$B,"平均") -> 17.142857
B19: 主要應用設備 | D19: ET-55 | E19: 熱縮爐 | F19: L型包裝機 | G19: L型包裝機 | H19: 伺服包裝機 | I19: ET-55 | J19: 伺服包裝機 | K19: 三明治包裝機 | L19: 三明治包裝機 | M19: 三明治包裝機
B20: 次要應用設備 | F20: 圓盤機 | G20: ET-55
B21: 備註 | E21: 握沙拉 | F21: 共用L型包裝機 | H21: 調理麵包 | I21: 炒飯+沙拉 | J21: 調理麵包

Sheet 1031 4度C
A1: 新豐廠四度C日報分析 | C1: 總生產量 | D1: =SUM(F5:F65) -> 145968 | E1: 營業額 | F1: =SUM(G5:G65) -> 4853449.6 | G1: 出勤人數 | H1: =L8+L11+L45+L51+L17+L57+L30+L36+L23+L65 -> 158.20952 | I1: 產線配置圖 | L1: 生產實績 | O1: 人時性差異分析 | S1: 日報登錄 | Y1: 分析說明 | AA1: 產能差異分析
A2: 45961 | B2: 星期五 | C2: 人時性 | D2: =AVERAGE(N8,N11,N45,N51,N17,N57,N23,N30,N36,N65) -> 142.87663 | E2: 平均廠價 | F2: =F1/D1 -> 33.250093 | G2: 多次生產數 | H2: =COUNT(H5:H65) -> 2
A3: 線別 | B3: 品類 | C3: 品名 | E3: 廠價 | F3: 生產量 | G3: 營收 | H3: 多次 生產 | I3: 人數 | J3: 產能/時 | K3: 人時性 | L3: 人數 | M3: 產能/時 | N3: 人時性 | O3: 人數 | P3: 人時性 | Q3: 達成率 | R3: 達成率平均 | S3: 生產時間 | U3: 換線、休息/分 | V3: 稼動時間/分 | W3: 休息時間 | Y3: (新豐回填) | AA3: 產能/時 | AB3: 達成率 | AC3: 達成率平均
S4: 開始 | T4: 結束 | W4: 開始 | X4: 結束
A5: 新豐6線 | B5: 微波主食 | C5: 二配煸椒烘蛋飯 | E5: 46.93 | F5: 716 | G5: =E5*F5 -> 33601.88 | I5: 16 | J5: 2000 | K5: =J5/I5 -> 125 | L5: 16 | M5: =F5/V5*60 -> 1952.7273 | N5: =M5/L5 -> 122.04545 | O5: =L5-I5 -> 0 | P5: =N5-K5 -> -2.9545455 | Q5: =N5/K5 -> 0.97636364 | R5: =Q8 -> 0.96816847 | S5: 0.70833333 | T5: 0.72361111 | V5: =(T5-S5)*24*60 -> 22 | AA5: =M5-J5 -> -47.272727 | AB5: =M5/J5 -> 0.97636364 | AC5: =AB8 -> 0.96816847
A6: 新豐6線 | B6: 微波主食 | C6: 二配川味麻婆燒豆腐燴飯 | E6: 50.49 | F6: 1829 | G6: =E6*F6 -> 92346.21 | I6: 15 | J6: 2000 | K6: =J6/I6 -> 133.33333 | L6: 15 | M6: =F6/V6*60 -> 1925.2632 | N6: =M6/L6 -> 128.35088 | O6: =L6-I6 -> 0 | P6: =N6-K6 -> -4.9824561 | Q6: =N6/K6 -> 0.96263158 | S6: 0.72708333 | T6: 0.76666667 | U6: =IF(S6=TIME(17,0,0),"",(S6-T5)*24*60) -> 5 | V6: =(T6-S6)*24*60 -> 57 | AA6: =M6-J6 -> -74.736842 | AB6: =M6/J6 -> 0.96263158
A7: 新豐6線 | B7: 微波主食 | C7: 二配港式香滑嫩蛋牛肉燴飯 | E7: 50.67 | F7: 1577 | G7: =E7*F7 -> 79906.59 | I7: 17 | J7: 2000 | K7: =J7/I7 -> 117.64706 | L7: 17 | M7: =F7/V7*60 -> 1931.0204 | N7: =M7/L7 -> 113.58944 | O7: =L7-I7 -> 0 | P7: =N7-K7 -> -4.057623 | Q7: =N7/K7 -> 0.9655102 | S7: 0.77152778 | T7: 0.80555556 | U7: =IF(S7=TIME(17,0,0),"",(S7-T6)*24*60) -> 7 | V7: =(T7-S7)*24*60 -> 49 | AA7: =M7-J7 -> -68.979592 | AB7: =M7/J7 -> 0.9655102
A8: 新豐6線 | B8: 平均 | I8: 16 | J8: 2000 | K8: =J8/I8 -> 125 | L8: 16 | M8: =AVERAGE(M5:M7) -> 1936.3369 | N8: =M8/L8 -> 121.02106 | O8: =L8-I8 -> 0 | P8: =N8-K8 -> -3.9789409 | Q8: =N8/K8 -> 0.96816847 | AA8: =M8-J8 -> -63.663054 | AB8: =M8/J8 -> 0.96816847
A9: 新豐2線 | B9: 沙拉 | C9: 韓式泡菜豆腐握沙拉 | E9: 39.36 | F9: 1840 | G9: =E9*F9 -> 72422.4 | I9: 20 | J9: 1500 | K9: =J9/I9 -> 75 | L9: 20 | M9: =F9/V9*60 -> 1433.7662 | N9: =M9/L9 -> 71.688312 | O9: =L9-I9 -> 0 | P9: =N9-K9 -> -3.3116883 | Q9: =N9/K9 -> 0.95584416 | R9: =Q11 -> 0.95530526 | S9: 0.20833333 | T9: 0.26180556 | V9: =(T9-S9)*24*60 -> 77 | AA9: =M9-J9 -> -66.233766 | AB9: =M9/J9 -> 0.95584416 | AC9: =AB11 -> 0.95530526
A10: 新豐2線 | B10: 沙拉 | C10: 青檸烤雞握沙拉(113年) | E10: 39.8 | F10: 5108 | G10: =E10*F10 -> 203298.4 | I10: 17 | J10: 1500 | K10: =J10/I10 -> 88.235294 | L10: 17 | M10: =F10/V10*60 -> 1432.1495 | N10: =M10/L10 -> 84.24409 | O10: =L10-I10 -> 0 | P10: =N10-K10 -> -3.991204 | Q10: =N10/K10 -> 0.95476636 | S10: 0.26666667 | T10: 0.41527778 | U10: =IF(S10=TIME(17,0,0),"",(S10-T9)*24*60) -> 7 | V10: =(T10-S10)*24*60 -> 214 | AA10: =M10-J10 -> -67.850467 | AB10: =M10/J10 -> 0.95476636
A11: 新豐2線 | B11: 平均 | I11: 18.5 | J11: 1500 | K11: =J11/I11 -> 81.081081 | L11: 18.5 | M11: =AVERAGE(M9:M10) -> 1432.9579 | N11: =M11/L11 -> 77.457183 | O11: =L11-I11 -> 0 | P11: =N11-K11 -> -3.6238982 | Q11: =N11/K11 -> 0.95530526 | AA11: =M11-J11 -> -67.042117 | AB11: =M11/J11 -> 0.95530526
A12: 新豐5線 | B12: 小吃 | C12: 剝皮辣椒雞湯 | E12: 41 | F12: 2087 | G12: =E12*F12 -> 85567 | I12: 26 | J12: 1500 | K12: =J12/I12 -> 57.692308 | L12: 26 | M12: =F12/V12*60 -> 1439.3103 | N12: =M12/L12 -> 55.35809 | O12: =L12-I12 -> 0 | P12: =N12-K12 -> -2.3342175 | Q12: =N12/K12 -> 0.95954023 | R12: =Q17 -> 0.9571887 | S12: 0.125 | T12: 0.18541667 | V12: =(T12-S12)*24*60 -> 87 | W12: =T12 -> 0.18541667 | X12: =S13 -> 0.20486111 | AA12: =M12-J12 -> -60.689655 | AB12: =M12/J12 -> 0.95954023 | AC12: =AB17 -> 0.9571887
A13: 新豐5線 | B13: 沙拉 | C13: 青醬優格雞肉握沙拉(113年) | E13: 39.62 | F13: 3528 | G13: =E13*F13 -> 139779.36 | I13: 19 | J13: 1500 | K13: =J13/I13 -> 78.947368 | L13: 19 | M13: =F13/V13*60 -> 1430.2703 | N13: =M13/L13 -> 75.277383 | O13: =L13-I13 -> 0 | P13: =N13-K13 -> -3.6699858 | Q13: =N13/K13 -> 0.95351351 | S13: 0.20486111 | T13: 0.30763889 | U13: =IF(S13=TIME(17,0,0),"",(S13-T12)*24*60) -> 28 | V13: =(T13-S13)*24*60 -> 148 | AA13: =M13-J13 -> -69.72973 | AB13: =M13/J13 -> 0.95351351
A14: 新豐5線 | B14: 熱食義麵 | C14: 焗烤明太子筆尖麵 | E14: 57.3 | F14: 1583 | G14: =E14*F14 -> 90705.9 | I14: 17 | J14: 1500 | K14: =J14/I14 -> 88.235294 | L14: 17 | M14: =F14/V14*60 -> 1439.0909 | N14: =M14/L14 -> 84.652406 | O14: =L14-I14 -> 0 | P14: =N14-K14 -> -3.5828877 | Q14: =N14/K14 -> 0.95939394 | S14: 0.3125 | T14: 0.35833333 | U14: =IF(S14=TIME(17,0,0),"",(S14-T13)*24*60) -> 7 | V14: =(T14-S14)*24*60 -> 66 | AA14: =M14-J14 -> -60.909091 | AB14: =M14/J14 -> 0.95939394
A15: 新豐5線 | B15: 微波主食 | C15: 二配金咖哩濃厚辛辣咖哩飯 | E15: 50.98 | F15: 2286 | G15: =E15*F15 -> 116540.28 | I15: 16 | J15: 2000 | K15: =J15/I15 -> 125 | L15: 16 | M15: =F15/V15*60 -> 1905 | N15: =M15/L15 -> 119.0625 | O15: =L15-I15 -> 0 | P15: =N15-K15 -> -5.9375 | Q15: =N15/K15 -> 0.9525 | S15: 0.70833333 | T15: 0.75833333 | U15: =IF(S15=TIME(17,0,0),"",(S15-T14)*24*60) | V15: =(T15-S15)*24*60 -> 72 | AA15: =M15-J15 -> -95 | AB15: =M15/J15 -> 0.9525
A16: 新豐5線 | B16: 微波主食 | C16: 二配金咖哩果香甘口咖哩飯 | E16: 50.92 | F16: 2371 | G16: =E16*F16 -> 120731.32 | I16: 15 | J16: 2000 | K16: =J16/I16 -> 133.33333 | L16: 15 | M16: =F16/V16*60 -> 1922.4324 | N16: =M16/L16 -> 128.16216 | O16: =L16-I16 -> 0 | P16: =N16-K16 -> -5.1711712 | Q16: =N16/K16 -> 0.96121622 | S16: 0.76180556 | T16: 0.81319444 | U16: =IF(S16=TIME(17,0,0),"",(S16-T15)*24*60) -> 5 | V16: =(T16-S16)*24*60 -> 74 | AA16: =M16-J16 -> -77.567568 | AB16: =M16/J16 -> 0.96121622
A17: 新豐5線 | B17: 平均 | I17: 18.6 | J17: 1700 | K17: =J17/I17 -> 91.397849 | L17: 18.6 | M17: =AVERAGE(M12:M16) -> 1627.2208 | N17: =M17/L17 -> 87.484989 | O17: =L17-I17 -> 0 | P17: =N17-K17 -> -3.9128607 | Q17: =N17/K17 -> 0.9571887 | AA17: =M17-J17 -> -72.779209 | AB17: =M17/J17 -> 0.9571887
A18: 新豐7線 | B18: 小吃 | C18: 古早味炒炊粉 | E18: 43.14 | F18: 1068 | G18: =E18*F18 -> 46073.52 | I18: 17 | J18: 2000 | K18: =J18/I18 -> 117.64706 | L18: 17 | M18: =F18/V18*60 -> 1941.8182 | N18: =M18/L18 -> 114.2246 | O18: =L18-I18 -> 0 | P18: =N18-K18 -> -3.4224599 | Q18: =N18/K18 -> 0.97090909 | R18: =Q23 -> 0.95815185 | S18: 0.20833333 | T18: 0.23125 | V18: =(T18-S18)*24*60 -> 33 | AA18: =M18-J18 -> -58.181818 | AB18: =M18/J18 -> 0.97090909 | AC18: =AB23 -> 0.95815185
A19: 新豐7線 | B19: 微波主食 | C19: 極上炙烤親子丼 | E19: 53.68 | F19: 1525 | G19: =E19*F19 -> 81862 | I19: 16 | J19: 2000 | K19: =J19/I19 -> 125 | L19: 16 | M19: =F19/V19*60 -> 1906.25 | N19: =M19/L19 -> 119.14062 | O19: =L19-I19 -> 0 | P19: =N19-K19 -> -5.859375 | Q19: =N19/K19 -> 0.953125 | S19: 0.23680556 | T19: 0.27013889 | U19: =IF(S19=TIME(17,0,0),"",(S19-T18)*24*60) -> 8 | V19: =(T19-S19)*24*60 -> 48 | AA19: =M19-J19 -> -93.75 | AB19: =M19/J19 -> 0.953125
A20: 新豐7線 | B20: 微波主食 | C20: 鐵板滑蛋炸豬排丼 | E20: 57.73 | F20: 2578 | G20: =E20*F20 -> 148827.94 | I20: 15 | J20: 2000 | K20: =J20/I20 -> 133.33333 | L20: 15 | M20: =F20/V20*60 -> 1909.6296 | N20: =M20/L20 -> 127.30864 | O20: =L20-I20 -> 0 | P20: =N20-K20 -> -6.0246914 | Q20: =N20/K20 -> 0.95481481 | S20: 0.275 | T20: 0.33125 | U20: =IF(S20=TIME(17,0,0),"",(S20-T19)*24*60) -> 7 | V20: =(T20-S20)*24*60 -> 81 | AA20: =M20-J20 -> -90.37037 | AB20: =M20/J20 -> 0.95481481
A21: 新豐7線 | B21: 微波主食 | C21: 二配美味蟹煲 | E21: 54.09 | F21: 1948 | G21: =E21*F21 -> 105367.32 | I21: 19 | J21: 2000 | K21: =J21/I21 -> 105.26316 | L21: 19 | M21: =F21/V21*60 -> 1916.0656 | N21: =M21/L21 -> 100.84556 | O21: =L21-I21 -> 0 | P21: =N21-K21 -> -4.4176014 | Q21: =N21/K21 -> 0.95803279 | S21: 0.70833333 | T21: 0.75069444 | U21: =IF(S21=TIME(17,0,0),"",(S21-T20)*24*60) | V21: =(T21-S21)*24*60 -> 61 | AA21: =M21-J21 -> -83.934426 | AB21: =M21/J21 -> 0.95803279
A22: 新豐7線 | B22: 微波主食 | C22: 二配泰式綠咖哩雞 | E22: 50.67 | F22: 1558 | G22: =E22*F22 -> 78943.86 | I22: 15 | J22: 2000 | K22: =J22/I22 -> 133.33333 | L22: 15 | M22: =F22/V22*60 -> 1907.7551 | N22: =M22/L22 -> 127.18367 | O22: =L22-I22 -> 0 | P22: =N22-K22 -> -6.1496599 | Q22: =N22/K22 -> 0.95387755 | S22: 0.75555556 | T22: 0.78958333 | U22: =IF(S22=TIME(17,0,0),"",(S22-T21)*24*60) -> 7 | V22: =(T22-S22)*24*60 -> 49 | AA22: =M22-J22 -> -92.244898 | AB22: =M22/J22 -> 0.95387755
A23: 新豐7線 | B23: 平均 | I23: 16.4 | J23: 2000 | K23: =J23/I23 -> 121.95122 | L23: 16.4 | M23: =AVERAGE(M18:M22) -> 1916.3037 | N23: =M23/L23 -> 116.84779 | O23: =L23-I23 -> 0 | P23: =N23-K23 -> -5.1034331 | Q23: =N23/K23 -> 0.95815185 | AA23: =M23-J23 -> -83.696303 | AB23: =M23/J23 -> 0.95815185
A24: 新豐8線 | B24: 三明治 | C24: 紐奧良風味烤雞鮮蔬三明治 | E24: 31.29 | F24: 6664 | G24: =E24*F24 -> 208516.56 | I24: 18 | J24: 2400 | K24: =J24/I24 -> 133.33333 | L24: 18 | M24: =F24/V24*60 -> 2284.8 | N24: =M24/L24 -> 126.93333 | O24: =L24-I24 -> 0 | P24: =N24-K24 -> -6.4 | Q24: =N24/K24 -> 0.952 | R24: =Q30 -> 0.95616442 | S24: 0.083333333 | T24: 0.20486111 | V24: =(T24-S24)*24*60 -> 175 | W24: =T24 -> 0.20486111 | X24: =S25 -> 0.225 | AA24: =M24-J24 -> -115.2 | AB24: =M24/J24 -> 0.952 | AC24: =AB30 -> 0.95616442
A25: 新豐8線 | B25: 三明治 | C25: 陽光地瓜總匯三明治 | E25: 26.18 | F25: 2844 | G25: =E25*F25 -> 74455.92 | I25: 19 | J25: 2400 | K25: =J25/I25 -> 126.31579 | L25: 19 | M25: =F25/V25*60 -> 2305.9459 | N25: =M25/L25 -> 121.36558 | O25: =L25-I25 -> 0 | P25: =N25-K25 -> -4.9502134 | Q25: =N25/K25 -> 0.96081081 | S25: 0.225 | T25: 0.27638889 | U25: =(S25-T24)*24*60 -> 29 | V25: =(T25-S25)*24*60 -> 74 | AA25: =M25-J25 -> -94.054054 | AB25: =M25/J25 -> 0.96081081
A26: 新豐8線 | B26: 三明治 | C26: 好多菜三明治 | E26: 26.2 | F26: 3563 | G26: =E26*F26 -> 93350.6 | I26: 19 | J26: 2400 | K26: =J26/I26 -> 126.31579 | L26: 19 | M26: =F26/V26*60 -> 2298.7097 | N26: =M26/L26 -> 120.98472 | O26: =L26-I26 -> 0 | P26: =N26-K26 -> -5.3310696 | Q26: =N26/K26 -> 0.9577957 | S26: 0.28125 | T26: 0.34583333 | U26: =(S26-T25)*24*60 -> 7 | V26: =(T26-S26)*24*60 -> 93 | AA26: =M26-J26 -> -101.29032 | AB26: =M26/J26 -> 0.9577957
A27: 新豐8線 | B27: 三明治 | C27: 經典總匯三明治 | E27: 26.2 | F27: 3911 | G27: =E27*F27 -> 102468.2 | I27: 20 | J27: 2400 | K27: =J27/I27 -> 120 | L27: 20 | M27: =F27/V27*60 -> 2300.5882 | N27: =M27/L27 -> 115.02941 | O27: =L27-I27 -> 0 | P27: =N27-K27 -> -4.9705882 | Q27: =N27/K27 -> 0.95857843 | S27: 0.34930556 | T27: 0.42013889 | U27: =(S27-T26)*24*60 -> 5 | V27: =(T27-S27)*24*60 -> 102 | AA27: =M27-J27 -> -99.411765 | AB27: =M27/J27 -> 0.95857843
A28: 新豐8線 | B28: 三明治 | C28: 雞蛋沙拉三明治(114年) | E28: 25.99 | F28: 4500 | G28: =E28*F28 -> 116955 | H28: 2 | I28: 15 | J28: 2400 | K28: =J28/I28 -> 160 | L28: 15 | M28: =F28/V28*60 -> 2288.1356 | N28: =M28/L28 -> 152.54237 | O28: =L28-I28 -> 0 | P28: =N28-K28 -> -7.4576271 | Q28: =N28/K28 -> 0.95338983 | S28: 0.42361111 | T28: 0.50555556 | U28: =(S28-T27)*24*60 -> 5 | V28: =(T28-S28)*24*60 -> 118 | W28: =T28 -> 0.50555556 | X28: =S29 -> 0.54444444 | AA28: =M28-J28 -> -111.86441 | AB28: =M28/J28 -> 0.95338983
A29: 新豐8線 | B29: 三明治 | C29: 雞蛋沙拉三明治(114年) | E29: 25.99 | F29: 1298 | G29: =E29*F29 -> 33735.02 | I29: 15 | J29: 2400 | K29: =J29/I29 -> 160 | L29: 15 | M29: =F29/V29*60 -> 2290.5882 | N29: =M29/L29 -> 152.70588 | O29: =L29-I29 -> 0 | P29: =N29-K29 -> -7.2941176 | Q29: =N29/K29 -> 0.95441176 | S29: 0.54444444 | T29: 0.56805556 | U29: =(S29-T28)*24*60 -> 56 | V29: =(T29-S29)*24*60 -> 34 | AA29: =M29-J29 -> -109.41176 | AB29: =M29/J29 -> 0.95441176
A30: 新豐8線 | B30: 平均 | I30: 17.666667 | J30: 2400 | K30: =J30/I30 -> 135.84906 | L30: 17.666667 | M30: =AVERAGE(M24:M29) -> 2294.7946 | N30: =M30/L30 -> 129.89403 | O30: =L30-I30 -> 0 | P30: =N30-K30 -> -5.9550218 | Q30: =N30/K30 -> 0.95616442 | AA30: =M30-J30 -> -105.20539 | AB30: =M30/J30 -> 0.95616442
A31: 新豐9線 | B31: 三明治 | C31: 鮪魚起司溏心蛋三明治 | E31: 26.2 | F31: 5089 | G31: =E31*F31 -> 133331.8 | I31: 18 | J31: 2400 | K31: =J31/I31 -> 133.33333 | L31: 18 | M31: =F31/V31*60 -> 2295.7895 | N31: =M31/L31 -> 127.54386 | O31: =L31-I31 -> 0 | P31: =N31-K31 -> -5.7894737 | Q31: =N31/K31 -> 0.95657895 | R31: =Q36 -> 0.9587061 | S31: 0.083333333 | T31: 0.17569444 | V31: =(T31-S31)*24*60 -> 133 | W31: =T31 -> 0.17569444 | X31: =S32 -> 0.19513889 | AA31: =M31-J31 -> -104.21053 | AB31: =M31/J31 -> 0.95657895 | AC31: =AB36 -> 0.9587061
A32: 新豐9線 | B32: 三明治 | C32: 醬燒烤雞三明治 | E32: 26.39 | F32: 4806 | G32: =E32*F32 -> 126830.34 | I32: 19 | J32: 2400 | K32: =J32/I32 -> 126.31579 | L32: 19 | M32: =F32/V32*60 -> 2288.5714 | N32: =M32/L32 -> 120.45113 | O32: =L32-I32 -> 0 | P32: =N32-K32 -> -5.8646617 | Q32: =N32/K32 -> 0.95357143 | S32: 0.19513889 | T32: 0.28263889 | U32: =(S32-T31)*24*60 -> 28 | V32: =(T32-S32)*24*60 -> 126 | AA32: =M32-J32 -> -111.42857 | AB32: =M32/J32 -> 0.95357143
A33: 新豐9線 | B33: 三明治 | C33: 肉鬆火腿三明治 | E33: 20.52 | F33: 3605 | G33: =E33*F33 -> 73974.6 | I33: 18 | J33: 2400 | K33: =J33/I33 -> 133.33333 | L33: 18 | M33: =F33/V33*60 -> 2301.0638 | N33: =M33/L33 -> 127.83688 | O33: =L33-I33 -> 0 | P33: =N33-K33 -> -5.4964539 | Q33: =N33/K33 -> 0.9587766 | S33: 0.28680556 | T33: 0.35208333 | U33: =(S33-T32)*24*60 -> 6 | V33: =(T33-S33)*24*60 -> 94 | AA33: =M33-J33 -> -98.93617 | AB33: =M33/J33 -> 0.9587766
A34: 新豐9線 | B34: 三明治 | C34: 藍莓優格三明治(114年) | E34: 22.35 | F34: 1517 | G34: =E34*F34 -> 33904.95 | I34: 16 | J34: 2400 | K34: =J34/I34 -> 150 | L34: 16 | M34: =F34/V34*60 -> 2333.8462 | N34: =M34/L34 -> 145.86538 | O34: =L34-I34 -> 0 | P34: =N34-K34 -> -4.1346154 | Q34: =N34/K34 -> 0.9724359 | S34: 0.35625 | T34: 0.38333333 | U34: =(S34-T33)*24*60 -> 6 | V34: =(T34-S34)*24*60 -> 39 | AA34: =M34-J34 -> -66.153846 | AB34: =M34/J34 -> 0.9724359
A35: 新豐9線 | B35: 三明治 | C35: 經典火腿玉米蛋三明治 | E35: 24.43 | F35: 6589 | G35: =E35*F35 -> 160969.27 | I35: 15 | J35: 2400 | K35: =J35/I35 -> 160 | L35: 15 | M35: =F35/V35*60 -> 2285.2023 | N35: =M35/L35 -> 152.34682 | O35: =L35-I35 -> 0 | P35: =N35-K35 -> -7.6531792 | Q35: =N35/K35 -> 0.95216763 | S35: 0.38819444 | T35: 0.50833333 | U35: =(S35-T34)*24*60 -> 7 | V35: =(T35-S35)*24*60 -> 173 | AA35: =M35-J35 -> -114.79769 | AB35: =M35/J35 -> 0.95216763
A36: 新豐9線 | B36: 平均 | I36: 17.2 | J36: 2400 | K36: =J36/I36 -> 139.53488 | L36: 17.2 | M36: =AVERAGE(M31:M35) -> 2300.8946 | N36: =M36/L36 -> 133.77294 | O36: =L36-I36 -> 0 | P36: =N36-K36 -> -5.7619396 | Q36: =N36/K36 -> 0.9587061 | AA36: =M36-J36 -> -99.10536 | AB36: =M36/J36 -> 0.9587061
A37: 新豐3線 | B37: 調理麵包 | C37: 豬肉起司堡 | E37: 21.13 | F37: 3960 | G37: =E37*F37 -> 83674.8 | I37: 10 | J37: 3000 | K37: =J37/I37 -> 300 | L37: 10 | M37: =F37/V37*60 -> 2862.6506 | N37: =M37/L37 -> 286.26506 | O37: =L37-I37 -> 0 | P37: =N37-K37 -> -13.73494 | Q37: =N37/K37 -> 0.95421687 | R37: =Q45 -> 0.96253654 | S37: 0.083333333 | T37: 0.14097222 | V37: =(T37-S37)*24*60 -> 83 | W37: =T37 -> 0.14097222 | X37: =S38 -> 0.15972222 | AA37: =M37-J37 -> -137.3494 | AB37: =M37/J37 -> 0.95421687 | AC37: =AB45 -> 0.96253654
A38: 新豐3線 | B38: 調理麵包 | C38: 豬肉起司蛋堡 | E38: 27.17 | F38: 4940 | G38: =E38*F38 -> 134219.8 | I38: 10 | J38: 3000 | K38: =J38/I38 -> 300 | L38: 10 | M38: =F38/V38*60 -> 2877.6699 | N38: =M38/L38 -> 287.76699 | O38: =L38-I38 -> 0 | P38: =N38-K38 -> -12.23301 | Q38: =N38/K38 -> 0.9592233 | S38: 0.15972222 | T38: 0.23125 | U38: =(S38-T37)*24*60 -> 27 | V38: =(T38-S38)*24*60 -> 103 | AA38: =M38-J38 -> -122.3301 | AB38: =M38/J38 -> 0.9592233
A39: 新豐3線 | B39: 調理麵包 | C39: 經典雙牛起司堡(113年) | E39: 35.12 | F39: 3535 | G39: =E39*F39 -> 124149.2 | I39: 10 | J39: 3000 | K39: =J39/I39 -> 300 | L39: 10 | M39: =F39/V39*60 -> 2866.2162 | N39: =M39/L39 -> 286.62162 | O39: =L39-I39 -> 0 | P39: =N39-K39 -> -13.378378 | Q39: =N39/K39 -> 0.95540541 | S39: 0.23472222 | T39: 0.28611111 | U39: =(S39-T38)*24*60 -> 5 | V39: =(T39-S39)*24*60 -> 74 | AA39: =M39-J39 -> -133.78378 | AB39: =M39/J39 -> 0.95540541
A40: 新豐3線 | B40: 調理麵包 | C40: 美式雞腿堡 | E40: 35.87 | F40: 2318 | G40: =E40*F40 -> 83146.66 | I40: 10 | J40: 3000 | K40: =J40/I40 -> 300 | L40: 10 | M40: =F40/V40*60 -> 2897.5 | N40: =M40/L40 -> 289.75 | O40: =L40-I40 -> 0 | P40: =N40-K40 -> -10.25 | Q40: =N40/K40 -> 0.96583333 | S40: 0.28958333 | T40: 0.32291667 | U40: =(S40-T39)*24*60 -> 5 | V40: =(T40-S40)*24*60 -> 48 | AA40: =M40-J40 -> -102.5 | AB40: =M40/J40 -> 0.96583333
A41: 新豐3線 | B41: 調理麵包 | C41: 泰式酸辣炸雞堡 | E41: 36.14 | F41: 1277 | G41: =E41*F41 -> 46150.78 | I41: 8 | J41: 3000 | K41: =J41/I41 -> 375 | L41: 8 | M41: =F41/V41*60 -> 2946.9231 | N41: =M41/L41 -> 368.36538 | O41: =L41-I41 -> 0 | P41: =N41-K41 -> -6.6346154 | Q41: =N41/K41 -> 0.98230769 | S41: 0.32777778 | T41: 0.34583333 | U41: =(S41-T40)*24*60 -> 7 | V41: =(T41-S41)*24*60 -> 26 | AA41: =M41-J41 -> -53.076923 | AB41: =M41/J41 -> 0.98230769
A42: 新豐3線 | B42: 調理麵包 | C42: 厚豆腐蛋白蕈菇豬肉堡 | E42: 34.36 | F42: 2411 | G42: =E42*F42 -> 82841.96 | I42: 10 | J42: 3000 | K42: =J42/I42 -> 300 | L42: 10 | M42: =F42/V42*60 -> 2893.2 | N42: =M42/L42 -> 289.32 | O42: =L42-I42 -> 0 | P42: =N42-K42 -> -10.68 | Q42: =N42/K42 -> 0.9644 | S42: 0.35 | T42: 0.38472222 | U42: =(S42-T41)*24*60 -> 6 | V42: =(T42-S42)*24*60 -> 50 | AA42: =M42-J42 -> -106.8 | AB42: =M42/J42 -> 0.9644
A43: 新豐3線 | B43: 調理麵包 | C43: 排骨雞起司炒麵麵包 | E43: 31 | F43: 4200 | G43: =E43*F43 -> 130200 | H43: 2 | I43: 13 | J43: 2000 | K43: =J43/I43 -> 153.84615 | L43: 13 | M43: =F43/V43*60 -> 1909.0909 | N43: =M43/L43 -> 146.85315 | O43: =L43-I43 -> 0 | P43: =N43-K43 -> -6.993007 | Q43: =N43/K43 -> 0.95454545 | S43: 0.38888889 | T43: 0.48055556 | U43: =(S43-T42)*24*60 -> 6 | V43: =(T43-S43)*24*60 -> 132 | W43: =T43 -> 0.48055556 | X43: =S44 -> 0.52291667 | AA43: =M43-J43 -> -90.909091 | AB43: =M43/J43 -> 0.95454545
A44: 新豐3線 | B44: 調理麵包 | C44: 排骨雞起司炒麵麵包 | E44: 31 | F44: 3012 | G44: =E44*F44 -> 93372 | I44: 13 | J44: 2000 | K44: =J44/I44 -> 153.84615 | L44: 13 | M44: =F44/V44*60 -> 1922.5532 | N44: =M44/L44 -> 147.88871 | O44: =L44-I44 -> 0 | P44: =N44-K44 -> -5.9574468 | Q44: =N44/K44 -> 0.9612766 | S44: 0.52291667 | T44: 0.58819444 | U44: =(S44-T43)*24*60 -> 61 | V44: =(T44-S44)*24*60 -> 94 | AA44: =M44-J44 -> -77.446809 | AB44: =M44/J44 -> 0.9612766
A45: 新豐3線 | B45: 平均 | I45: 10.5 | J45: 2750 | K45: =J45/I45 -> 261.90476 | L45: 10.5 | M45: =AVERAGE(M37:M44) -> 2646.9755 | N45: =M45/L45 -> 252.0929 | O45: =L45-I45 -> 0 | P45: =N45-K45 -> -9.8118583 | Q45: =N45/K45 -> 0.96253654 | AA45: =M45-J45 -> -103.02451 | AB45: =M45/J45 -> 0.96253654
A46: 新豐1線 | B46: 沙拉 | C46: 蔥鹽雞肉麵沙拉(114年) | E46: 46 | F46: 2072 | G46: =E46*F46 -> 95312 | I46: 17 | J46: 2000 | K46: =J46/I46 -> 117.64706 | L46: 17 | M46: =F46/V46*60 -> 1912.6154 | N46: =M46/L46 -> 112.50679 | O46: =L46-I46 -> 0 | P46: =N46-K46 -> -5.1402715 | Q46: =N46/K46 -> 0.95630769 | R46: =Q51 -> 0.96232502 | S46: 0.20833333 | T46: 0.25347222 | V46: =(T46-S46)*24*60 -> 65 | AA46: =M46-J46 -> -87.384615 | AB46: =M46/J46 -> 0.95630769 | AC46: =AB51 -> 0.96232502
A47: 新豐1線 | B47: 沙拉 | C47: 莎莎烤雞麵沙拉 | E47: 46 | F47: 2300 | G47: =E47*F47 -> 105800 | I47: 17 | J47: 2000 | K47: =J47/I47 -> 117.64706 | L47: 17 | M47: =F47/V47*60 -> 1916.6667 | N47: =M47/L47 -> 112.7451 | O47: =L47-I47 -> 0 | P47: =N47-K47 -> -4.9019608 | Q47: =N47/K47 -> 0.95833333 | S47: 0.25902778 | T47: 0.30902778 | U47: =IF(S47=TIME(17,0,0),"",(S47-T46)*24*60) -> 8 | V47: =(T47-S47)*24*60 -> 72 | AA47: =M47-J47 -> -83.333333 | AB47: =M47/J47 -> 0.95833333
A48: 新豐1線 | B48: 微波主食 | C48: 二配香辣醬蒜味香腸蛋炒飯 | E48: 55.56 | F48: 1868 | G48: =E48*F48 -> 103786.08 | I48: 17 | J48: 2000 | K48: =J48/I48 -> 117.64706 | L48: 17 | M48: =F48/V48*60 -> 1932.4138 | N48: =M48/L48 -> 113.6714 | O48: =L48-I48 -> 0 | P48: =N48-K48 -> -3.9756592 | Q48: =N48/K48 -> 0.9662069 | S48: 0.70833333 | T48: 0.74861111 | U48: =IF(S48=TIME(17,0,0),"",(S48-T47)*24*60) | V48: =(T48-S48)*24*60 -> 58 | AA48: =M48-J48 -> -67.586207 | AB48: =M48/J48 -> 0.9662069
A49: 新豐1線 | B49: 微波主食 | C49: 二配香拌海鮮醬肉絲蛋炒飯 | E49: 55.32 | F49: 1427 | G49: =E49*F49 -> 78941.64 | I49: 15 | J49: 2000 | K49: =J49/I49 -> 133.33333 | L49: 15 | M49: =F49/V49*60 -> 1945.9091 | N49: =M49/L49 -> 129.72727 | O49: =L49-I49 -> 0 | P49: =N49-K49 -> -3.6060606 | Q49: =N49/K49 -> 0.97295455 | S49: 0.75208333 | T49: 0.78263889 | U49: =IF(S49=TIME(17,0,0),"",(S49-T48)*24*60) -> 5 | V49: =(T49-S49)*24*60 -> 44 | AA49: =M49-J49 -> -54.090909 | AB49: =M49/J49 -> 0.97295455
A50: 新豐1線 | B50: 微波主食 | C50: 二配粗飽系雞排炒飯(114年) | E50: 57.73 | F50: 2080 | G50: =E50*F50 -> 120078.4 | I50: 16 | J50: 1500 | K50: =J50/I50 -> 93.75 | L50: 16 | M50: =F50/V50*60 -> 1434.4828 | N50: =M50/L50 -> 89.655172 | O50: =L50-I50 -> 0 | P50: =N50-K50 -> -4.0948276 | Q50: =N50/K50 -> 0.95632184 | S50: 0.78611111 | T50: 0.84652778 | U50: =IF(S50=TIME(17,0,0),"",(S50-T49)*24*60) -> 5 | V50: =(T50-S50)*24*60 -> 87 | AA50: =M50-J50 -> -65.517241 | AB50: =M50/J50 -> 0.95632184
A51: 新豐1線 | B51: 平均 | I51: 16.4 | J51: 1900 | K51: =J51/I51 -> 115.85366 | L51: 16.4 | M51: =AVERAGE(M46:M50) -> 1828.4175 | N51: =M51/L51 -> 111.48887 | O51: =L51-I51 -> 0 | P51: =N51-K51 -> -4.3647842 | Q51: =N51/K51 -> 0.96232502 | AA51: =M51-J51 -> -71.582461 | AB51: =M51/J51 -> 0.96232502
A52: 新豐10線 | B52: 沙拉 | C52: 溏心蛋洋芋沙拉 | E52: 26.97 | F52: 2646 | G52: =E52*F52 -> 71362.62 | I52: 8 | J52: 1500 | K52: =J52/I52 -> 187.5 | L52: 8 | M52: =F52/V52*60 -> 1430.2703 | N52: =M52/L52 -> 178.78378 | O52: =L52-I52 -> 0 | P52: =N52-K52 -> -8.7162162 | Q52: =N52/K52 -> 0.95351351 | R52: =Q57 -> 0.96012105 | S52: 0.20833333 | T52: 0.28541667 | V52: =(T52-S52)*24*60 -> 111 | AA52: =M52-J52 -> -69.72973 | AB52: =M52/J52 -> 0.95351351 | AC52: =AB57 -> 0.96012105
A53: 新豐10線 | B53: 調理麵包 | C53: 香雞蛋堡(112年) | E53: 26.78 | F53: 2155 | G53: =E53*F53 -> 57710.9 | I53: 10 | J53: 3000 | K53: =J53/I53 -> 300 | L53: 10 | M53: =F53/V53*60 -> 2873.3333 | N53: =M53/L53 -> 287.33333 | O53: =L53-I53 -> 0 | P53: =N53-K53 -> -12.666667 | Q53: =N53/K53 -> 0.95777778 | S53: 0.28958333 | T53: 0.32083333 | U53: =(S53-T52)*24*60 -> 6 | V53: =(T53-S53)*24*60 -> 45 | AA53: =M53-J53 -> -126.66667 | AB53: =M53/J53 -> 0.95777778
A54: 新豐10線 | B54: 調理麵包 | C54: 黃金魚堡 | E54: 35.37 | F54: 1152 | G54: =E54*F54 -> 40746.24 | I54: 10 | J54: 3000 | K54: =J54/I54 -> 300 | L54: 10 | M54: =F54/V54*60 -> 2880 | N54: =M54/L54 -> 288 | O54: =L54-I54 -> 0 | P54: =N54-K54 -> -12 | Q54: =N54/K54 -> 0.96 | S54: 0.32638889 | T54: 0.34305556 | U54: =(S54-T53)*24*60 -> 8 | V54: =(T54-S54)*24*60 -> 24 | AA54: =M54-J54 -> -120 | AB54: =M54/J54 -> 0.96
A55: 新豐10線 | B55: 調理麵包 | C55: 蜂蜜芥末辣雞堡 | E55: 37.88 | F55: 3089 | G55: =E55*F55 -> 117011.32 | I55: 11 | J55: 3000 | K55: =J55/I55 -> 272.72727 | L55: 11 | M55: =F55/V55*60 -> 2895.9375 | N55: =M55/L55 -> 263.26705 | O55: =L55-I55 -> 0 | P55: =N55-K55 -> -9.4602273 | Q55: =N55/K55 -> 0.9653125 | S55: 0.34791667 | T55: 0.39236111 | U55: =(S55-T54)*24*60 -> 7 | V55: =(T55-S55)*24*60 -> 64 | AA55: =M55-J55 -> -104.0625 | AB55: =M55/J55 -> 0.9653125
A56: 新豐10線 | B56: 調理麵包 | C56: 經典美式起司巨牛堡 | E56: 40.51 | F56: 4131 | G56: =E56*F56 -> 167346.81 | I56: 10 | J56: 3000 | K56: =J56/I56 -> 300 | L56: 10 | M56: =F56/V56*60 -> 2882.093 | N56: =M56/L56 -> 288.2093 | O56: =L56-I56 -> 0 | P56: =N56-K56 -> -11.790698 | Q56: =N56/K56 -> 0.96069767 | S56: 0.39722222 | T56: 0.45694444 | U56: =(S56-T55)*24*60 -> 7 | V56: =(T56-S56)*24*60 -> 86 | AA56: =M56-J56 -> -117.90698 | AB56: =M56/J56 -> 0.96069767
A57: 新豐10線 | B57: 平均 | I57: 9.8 | J57: 2700 | K57: =J57/I57 -> 275.5102 | L57: 9.8 | M57: =AVERAGE(M52:M56) -> 2592.3268 | N57: =M57/L57 -> 264.52315 | O57: =L57-I57 -> 0 | P57: =N57-K57 -> -10.987059 | Q57: =N57/K57 -> 0.96012105 | AA57: =M57-J57 -> -107.67317 | AB57: =M57/J57 -> 0.96012105
A58: 新豐4線 | B58: 三明治 | C58: 香鬆起司蛋三明治(114年) | E58: 20.2 | F58: 1857 | G58: =E58*F58 -> 37511.4 | I58: 19 | J58: 2400 | K58: =J58/I58 -> 126.31579 | L58: 19 | M58: =F58/V58*60 -> 2321.25 | N58: =M58/L58 -> 122.17105 | O58: =L58-I58 -> 0 | P58: =N58-K58 -> -4.1447368 | Q58: =N58/K58 -> 0.9671875 | R58: =Q65 -> 0.95845243 | S58: 0.083333333 | T58: 0.11666667 | V58: =(T58-S58)*24*60 -> 48 | W58: =T58 -> 0.11666667 | X58: =S59 -> 0.13611111 | AA58: =M58-J58 -> -78.75 | AB58: =M58/J58 -> 0.9671875 | AC58: =AB65 -> 0.95845243
A59: 新豐4線 | B59: 三明治 | C59: 龍蝦風味總匯三明治 | E59: 25.98 | F59: 1030 | G59: =E59*F59 -> 26759.4 | I59: 17 | J59: 2400 | K59: =J59/I59 -> 141.17647 | L59: 17 | M59: =F59/V59*60 -> 2288.8889 | N59: =M59/L59 -> 134.64052 | O59: =L59-I59 -> 0 | P59: =N59-K59 -> -6.5359477 | Q59: =N59/K59 -> 0.9537037 | S59: 0.13611111 | T59: 0.15486111 | U59: =(S59-T58)*24*60 -> 28 | V59: =(T59-S59)*24*60 -> 27 | AA59: =M59-J59 -> -111.11111 | AB59: =M59/J59 -> 0.9537037
A60: 新豐4線 | B60: 三明治 | C60: 花生芝麻麻糬三明治 | E60: 24.25 | F60: 2498 | G60: =E60*F60 -> 60576.5 | I60: 17 | J60: 2400 | K60: =J60/I60 -> 141.17647 | L60: 17 | M60: =F60/V60*60 -> 2305.8462 | N60: =M60/L60 -> 135.63801 | O60: =L60-I60 -> 0 | P60: =N60-K60 -> -5.5384615 | Q60: =N60/K60 -> 0.96076923 | S60: 0.16041667 | T60: 0.20555556 | U60: =(S60-T59)*24*60 -> 8 | V60: =(T60-S60)*24*60 -> 65 | AA60: =M60-J60 -> -94.153846 | AB60: =M60/J60 -> 0.96076923
A61: 新豐4線 | B61: 三明治 | C61: 瘋狂起司三明治(113年) | E61: 24.45 | F61: 1836 | G61: =E61*F61 -> 44890.2 | I61: 20 | J61: 2400 | K61: =J61/I61 -> 120 | L61: 20 | M61: =F61/V61*60 -> 2295 | N61: =M61/L61 -> 114.75 | O61: =L61-I61 -> 0 | P61: =N61-K61 -> -5.25 | Q61: =N61/K61 -> 0.95625 | S61: 0.21041667 | T61: 0.24375 | U61: =(S61-T60)*24*60 -> 7 | V61: =(T61-S61)*24*60 -> 48 | AA61: =M61-J61 -> -105 | AB61: =M61/J61 -> 0.95625
A62: 新豐4線 | B62: 三明治 | C62: 泰奶奶蓋QQ三明治 | E62: 24.25 | F62: 3715 | G62: =E62*F62 -> 90088.75 | I62: 14 | J62: 2400 | K62: =J62/I62 -> 171.42857 | L62: 14 | M62: =F62/V62*60 -> 2297.9381 | N62: =M62/L62 -> 164.13844 | O62: =L62-I62 -> 0 | P62: =N62-K62 -> -7.2901325 | Q62: =N62/K62 -> 0.95747423 | S62: 0.24930556 | T62: 0.31666667 | U62: =(S62-T61)*24*60 -> 8 | V62: =(T62-S62)*24*60 -> 97 | AA62: =M62-J62 -> -102.06186 | AB62: =M62/J62 -> 0.95747423
A63: 新豐4線 | B63: 三明治 | C63: 輕乳酪巧克力三明治 | E63: 20.52 | F63: 2765 | G63: =E63*F63 -> 56737.8 | I63: 18 | J63: 2400 | K63: =J63/I63 -> 133.33333 | L63: 18 | M63: =F63/V63*60 -> 2304.1667 | N63: =M63/L63 -> 128.00926 | O63: =L63-I63 -> 0 | P63: =N63-K63 -> -5.3240741 | Q63: =N63/K63 -> 0.96006944 | S63: 0.32013889 | T63: 0.37013889 | U63: =(S63-T62)*24*60 -> 5 | V63: =(T63-S63)*24*60 -> 72 | AA63: =M63-J63 -> -95.833333 | AB63: =M63/J63 -> 0.96006944
A64: 新豐4線 | B64: 三明治 | C64: 火腿起司蛋三明治 | E64: 19.02 | F64: 7706 | G64: =E64*F64 -> 146568.12 | I64: 15 | J64: 2400 | K64: =J64/I64 -> 160 | L64: 15 | M64: =F64/V64*60 -> 2288.9109 | N64: =M64/L64 -> 152.59406 | O64: =L64-I64 -> 0 | P64: =N64-K64 -> -7.4059406 | Q64: =N64/K64 -> 0.95371287 | S64: 0.375 | T64: 0.51527778 | U64: =(S64-T63)*24*60 -> 7 | V64: =(T64-S64)*24*60 -> 202 | AA64: =M64-J64 -> -111.08911 | AB64: =M64/J64 -> 0.95371287
A65: 新豐4線 | B65: 平均 | I65: 17.142857 | J65: 2400 | K65: =J65/I65 -> 140 | L65: 17.142857 | M65: =AVERAGE(M58:M64) -> 2300.2858 | N65: =M65/L65 -> 134.18334 | O65: =L65-I65 -> 0 | P65: =N65-K65 -> -5.8166605 | Q65: =N65/K65 -> 0.95845243 | AA65: =M65-J65 -> -99.714179 | AB65: =M65/J65 -> 0.95845243

Sheet 1030
B1: 屏榮 新豐廠組合室生產人時性分析
B3: 日期 | C3: =TEXT('1030 4度C'!A2,"yyyy.mm.ddaaaa") -> 2025.10.30星期四 | E3: 訂單量 | F3: ='1030 4度C'!D1 -> 184956 | H3: 營業額 | I3: ='1030 4度C'!F1 -> 6088234.8
B4: 人時性 | C4: 項目 | E4: ➀ | G4: ➁ | I4: ➂
C5: 組合室 | E5: 全溫層 | G5: 4度C-各編組展開 | I5: ③三明治-各編組展開
C6: 排關平均 | E6: =AVERAGE(D13:M13) -> 149.1102 | F6: =AVERAGE(D27:O27,D13:J13) -> 153.77372 | G6: =AVERAGE(D13:J13) -> 153.77372 | I6: =AVERAGE(K13:M13) -> 138.22866
C7: 實績平均 | E7: =AVERAGE(D14:M14) -> 142.89567 | F7: =AVERAGE(D28:O28,D14:J14) -> 147.44439 | G7: =AVERAGE(D14:J14) -> 147.44439 | I7: =AVERAGE(K14:M14) -> 132.28199
C8: 達成率平均 | E8: =AVERAGE(D15:M15) -> 0.95795517 | F8: =AVERAGE(D15:J15,D29:O29) -> 0.95838205 | G8: =AVERAGE(D15:J15) -> 0.95838205 | I8: =AVERAGE(K15:M15) -> 0.95695912 | K8: ※現行日本鮮食廠以達成率80%為基本(即為現行KPI)
B10: 溫層 | D10: ➁4度C-各編組展開 | K10: ③三明治-各編組展開
B11: 編組 | D11: 1 | E11: 2 | F11: 3 | G11: 4 | H11: 5 | I11: 6 | J11: 7 | K11: 1 | L11: 2 | M11: 3
D12: 新豐6線 | E12: 新豐2線 | F12: 新豐5線 | G12: 新豐7線 | H12: 新豐3線 | I12: 新豐1線 | J12: 新豐10線 | K12: 新豐8線 | L12: 新豐9線 | M12: 新豐4線
B13: 人時性 | C13: 排關 | D13: =SUMIFS('1030 4度C'!$K:$K,'1030 4度C'!$A:$A,"新豐6線",'1030 4度C'!$B:$B,"平均") -> 125 | E13: =SUMIFS('1030 4度C'!$K:$K,'1030 4度C'!$A:$A,"新豐2線",'1030 4度C'!$B:$B,"平均") -> 81.081081 | F13: =SUMIFS('1030 4度C'!$K:$K,'1030 4度C'!$A:$A,"新豐5線",'1030 4度C'!$B:$B,"平均") -> 91.397849 | G13: =SUMIFS('1030 4度C'!$K:$K,'1030 4度C'!$A:$A,"新豐7線",'1030 4度C'!$B:$B,"平均") -> 121.95122 | H13: =SUMIFS('1030 4度C'!$K:$K,'1030 4度C'!$A:$A,"新豐3線",'1030 4度C'!$B:$B,"平均") -> 269.23077 | I13: =SUMIFS('1030 4度C'!$K:$K,'1030 4度C'!$A:$A,"新豐1線",'1030 4度C'!$B:$B,"平均") -> 112.2449 | J13: =SUMIFS('1030 4度C'!$K:$K,'1030 4度C'!$A:$A,"新豐10線",'1030 4度C'!$B:$B,"平均") -> 275.5102 | K13: =SUMIFS('1030 4度C'!$K:$K,'1030 4度C'!$A:$A,"新豐8線",'1030 4度C'!$B:$B,"平均") -> 133.33333 | L13: =SUMIFS('1030 4度C'!$K:$K,'1030 4度C'!$A:$A,"新豐9線",'1030 4度C'!$B:$B,"平均") -> 139.13043 | M13: =SUMIFS('1030 4度C'!$K:$K,'1030 4度C'!$A:$A,"新豐4線",'1030 4度C'!$B:$B,"平均") -> 142.22222
C14: 實績 | D14: =SUMIFS('1030 4度C'!$N:$N,'1030 4度C'!$A:$A,"新豐6線",'1030 4度C'!$B:$B,"平均") -> 120.30862 | E14: =SUMIFS('1030 4度C'!$N:$N,'1030 4度C'!$A:$A,"新豐2線",'1030 4度C'!$B:$B,"平均") -> 77.598849 | F14: =SUMIFS('1030 4度C'!$N:$N,'1030 4度C'!$A:$A,"新豐5線",'1030 4度C'!$B:$B,"平均") -> 87.417694 | G14: =SUMIFS('1030 4度C'!$N:$N,'1030 4度C'!$A:$A,"新豐7線",'1030 4度C'!$B:$B,"平均") -> 116.56581 | H14: =SUMIFS('1030 4度C'!$N:$N,'1030 4度C'!$A:$A,"新豐3線",'1030 4度C'!$B:$B,"平均") -> 257.98936 | I14: =SUMIFS('1030 4度C'!$N:$N,'1030 4度C'!$A:$A,"新豐1線",'1030 4度C'!$B:$B,"平均") -> 107.50266 | J14: =SUMIFS('1030 4度C'!$N:$N,'1030 4度C'!$A:$A,"新豐10線",'1030 4度C'!$B:$B,"平均") -> 264.72773 | K14: =SUMIFS('1030 4度C'!$N:$N,'1030 4度C'!$A:$A,"新豐8線",'1030 4度C'!$B:$B,"平均") -> 127.42695 | L14: =SUMIFS('1030 4度C'!$N:$N,'1030 4度C'!$A:$A,"新豐9線",'1030 4度C'!$B:$B,"平均") -> 133.26591 | M14: =SUMIFS('1030 4度C'!$N:$N,'1030 4度C'!$A:$A,"新豐4線",'1030 4度C'!$B:$B,"平均") -> 136.1531
C15: 達成率 | D15: =D14/D13 -> 0.96246898 | E15: =E14/E13 -> 0.95705247 | F15: =F14/F13 -> 0.95645241 | G15: =G14/G13 -> 0.95583967 | H15: =H14/H13 -> 0.9582462 | I15: =I14/I13 -> 0.957751 | J15: =J14/J13 -> 0.9608636 | K15: =K14/K13 -> 0.95570213 | ... M15: =M14/M13 -> 0.95732649
B16: 作業 時間 | C16: 開始 | D16: =VLOOKUP("新豐6線",'1030 4度C'!$A:$T,19,0) -> 0.70833333 | E16: =VLOOKUP("新豐2線",'1030 4度C'!$A:$T,19,0) -> 0.20833333 | F16: =VLOOKUP("新豐5線",'1030 4度C'!$A:$T,19,0) -> 0.125 | G16: =VLOOKUP("新豐7線",'1030 4度C'!$A:$T,19,0) -> 0.20833333 | H16: =VLOOKUP("新豐3線",'1030 4度C'!$A:$T,19,0) -> 0.083333333 | I16: =VLOOKUP("新豐1線",'1030 4度C'!$A:$T,19,0) -> 0.20833333 | J16: =VLOOKUP("新豐10線",'1030 4度C'!$A:$T,19,0) -> 0.20833333 | K16: =VLOOKUP("新豐8線",'1030 4度C'!$A:$T,19,0) -> 0.083333333 | L16: =VLOOKUP("新豐9線",'1030 4度C'!$A:$T,19,0) -> 0.083333333 | M16: =VLOOKUP("新豐4線",'1030 4度C'!$A:$T,19,0) -> 0.083333333
C17: 結束 | D17: =LOOKUP(2,1/(('1030 4度C'!$A:$A="新豐6線")*('1030 4度C'!$T:$T<>"")),'1030 4度C'!$T:$T) -> 0.8125 | E17: =LOOKUP(2,1/(('1030 4度C'!$A:$A="新豐2線")*('1030 4度C'!$T:$T<>"")),'1030 4度C'!$T:$T) -> 0.45486111 | F17: =LOOKUP(2,1/(('1030 4度C'!$A:$A="新豐5線")*('1030 4度C'!$T:$T<>"")),'1030 4度C'!$T:$T) -> 0.82847222 | G17: =LOOKUP(2,1/(('1030 4度C'!$A:$A="新豐7線")*('1030 4度C'!$T:$T<>"")),'1030 4度C'!$T:$T) -> 0.83958333 | H17: =LOOKUP(2,1/(('1030 4度C'!$A:$A="新豐3線")*('1030 4度C'!$T:$T<>"")),'1030 4度C'!$T:$T) -> 0.65555556 | I17: =LOOKUP(2,1/(('1030 4度C'!$A:$A="新豐1線")*('1030 4度C'!$T:$T<>"")),'1030 4度C'!$T:$T) -> 0.92986111 | J17: =LOOKUP(2,1/(('1030 4度C'!$A:$A="新豐10線")*('1030 4度C'!$T:$T<>"")),'1030 4度C'!$T:$T) -> 0.51527778 | K17: =LOOKUP(2,1/(('1030 4度C'!$A:$A="新豐8線")*('1030 4度C'!$T:$T<>"")),'1030 4度C'!$T:$T) -> 0.70833333 | L17: =LOOKUP(2,1/(('1030 4度C'!$A:$A="新豐9線")*('1030 4度C'!$T:$T<>"")),'1030 4度C'!$T:$T) -> 0.69027778 | M17: =LOOKUP(2,1/(('1030 4度C'!$A:$A="新豐4線")*('1030 4度C'!$T:$T<>"")),'1030 4度C'!$T:$T) -> 0.67361111
B18: 配置人數 | D18: =SUMIFS('1030 4度C'!$I:$I,'1030 4度C'!$A:$A,"新豐6線",'1030 4度C'!$B:$B,"平均") -> 16 | E18: =SUMIFS('1030 4度C'!$I:$I,'1030 4度C'!$A:$A,"新豐2線",'1030 4度C'!$B:$B,"平均") -> 18.5 | F18: =SUMIFS('1030 4度C'!$I:$I,'1030 4度C'!$A:$A,"新豐5線",'1030 4度C'!$B:$B,"平均") -> 18.6 | G18: =SUMIFS('1030 4度C'!$I:$I,'1030 4度C'!$A:$A,"新豐7線",'1030 4度C'!$B:$B,"平均") -> 16.4 | H18: =SUMIFS('1030 4度C'!$I:$I,'1030 4度C'!$A:$A,"新豐3線",'1030 4度C'!$B:$B,"平均") -> 10.4 | I18: =SUMIFS('1030 4度C'!$I:$I,'1030 4度C'!$A:$A,"新豐1線",'1030 4度C'!$B:$B,"平均") -> 16.333333 | J18: =SUMIFS('1030 4度C'!$I:$I,'1030 4度C'!$A:$A,"新豐10線",'1030 4度C'!$B:$B,"平均") -> 9.8 | K18: =SUMIFS('1030 4度C'!$I:$I,'1030 4度C'!$A:$A,"新豐8線",'1030 4度C'!$B:$B,"平均") -> 18 | L18: =SUMIFS('1030 4度C'!$I:$I,'1030 4度C'!$A:$A,"新豐9線",'1030 4度C'!$B:$B,"平均") -> 17.25 | M18: =SUMIFS('1030 4度C'!$I:$I,'1030 4度C'!$A:$A,"新豐4線",'1030 4度C'!$B:$B,"平均") -> 16.875
B19: 主要應用設備 | D19: ET-55 | E19: 熱縮爐 | F19: L型包裝機 | G19: L型包裝機 | H19: 伺服包裝機 | I19: ET-55 | J19: 伺服包裝機 | K19: 三明治包裝機 | L19: 三明治包裝機 | M19: 三明治包裝機
B20: 次要應用設備 | F20: 圓盤機 | G20: ET-55
B21: 備註 | E21: 握沙拉 | F21: 共用L型包裝機 | H21: 調理麵包 | I21: 炒飯+沙拉 | J21: 調理麵包

Sheet 1030 4度C
A1: 新豐廠四度C日報分析 | C1: 總生產量 | D1: =SUM(F5:F74) -> 184956 | E1: 營業額 | F1: =SUM(G5:G74) -> 6088234.8 | G1: 出勤人數 | H1: =L8+L11+L52+L59+L17+L65+L32+L41+L23+L74 -> 158.15833 | I1: 產線配置圖 | L1: 生產實績 | O1: 人時性差異分析 | S1: 日報登錄 | Y1: 分析說明 | AA1: 產能差異分析
A2: 45960 | B2: 星期四 | C2: 人時性 | D2: =AVERAGE(N8,N11,N52,N59,N17,N65,N23,N32,N41,N74) -> 142.89567 | E2: 平均廠價 | F2: =F1/D1 -> 32.917206 | G2: 多次生產數 | H2: =COUNT(H5:H74) -> 11
A3: 線別 | B3: 品類 | C3: 品名 | E3: 廠價 | F3: 生產量 | G3: 營收 | H3: 多次 生產 | I3: 人數 | J3: 產能/時 | K3: 人時性 | L3: 人數 | M3: 產能/時 | N3: 人時性 | O3: 人數 | P3: 人時性 | Q3: 達成率 | R3: 達成率平均 | S3: 生產時間 | U3: 換線、休息/分 | V3: 稼動時間/分 | W3: 休息時間 | Y3: (新豐回填) | AA3: 產能/時 | AB3: 達成率 | AC3: 達成率平均
S4: 開始 | T4: 結束 | W4: 開始 | X4: 結束
A5: 新豐6線 | B5: 微波主食 | C5: 二配煸椒烘蛋飯 | E5: 46.93 | F5: 838 | G5: =E5*F5 -> 39327.34 | I5: 16 | J5: 2000 | K5: =J5/I5 -> 125 | L5: 16 | M5: =F5/V5*60 -> 1933.8462 | N5: =M5/L5 -> 120.86538 | O5: =L5-I5 -> 0 | P5: =N5-K5 -> -4.1346154 | Q5: =N5/K5 -> 0.96692308 | R5: =Q8 -> 0.96246898 | S5: 0.70833333 | T5: 0.72638889 | V5: =(T5-S5)*24*60 -> 26 | AA5: =M5-J5 -> -66.153846 | AB5: =M5/J5 -> 0.96692308 | AC5: =AB8 -> 0.96246898
A6: 新豐6線 | B6: 微波主食 | C6: 二配川味麻婆燒豆腐燴飯 | E6: 50.49 | F6: 1985 | G6: =E6*F6 -> 100222.65 | I6: 15 | J6: 2000 | K6: =J6/I6 -> 133.33333 | L6: 15 | M6: =F6/V6*60 -> 1920.9677 | N6: =M6/L6 -> 128.06452 | O6: =L6-I6 -> 0 | P6: =N6-K6 -> -5.2688172 | Q6: =N6/K6 -> 0.96048387 | S6: 0.72986111 | T6: 0.77291667 | U6: =IF(S6=TIME(17,0,0),"",(S6-T5)*24*60) -> 5 | V6: =(T6-S6)*24*60 -> 62 | AA6: =M6-J6 -> -79.032258 | AB6: =M6/J6 -> 0.96048387
A7: 新豐6線 | B7: 微波主食 | C7: 二配港式香滑嫩蛋牛肉燴飯 | E7: 50.67 | F7: 1664 | G7: =E7*F7 -> 84314.88 | I7: 17 | J7: 2000 | K7: =J7/I7 -> 117.64706 | L7: 17 | M7: =F7/V7*60 -> 1920 | N7: =M7/L7 -> 112.94118 | O7: =L7-I7 -> 0 | P7: =N7-K7 -> -4.7058824 | Q7: =N7/K7 -> 0.96 | S7: 0.77638889 | T7: 0.8125 | U7: =IF(S7=TIME(17,0,0),"",(S7-T6)*24*60) -> 5 | V7: =(T7-S7)*24*60 -> 52 | AA7: =M7-J7 -> -80 | AB7: =M7/J7 -> 0.96
A8: 新豐6線 | B8: 平均 | I8: 16 | J8: 2000 | K8: =J8/I8 -> 125 | L8: 16 | M8: =AVERAGE(M5:M7) -> 1924.938 | N8: =M8/L8 -> 120.30862 | O8: =L8-I8 -> 0 | P8: =N8-K8 -> -4.6913772 | Q8: =N8/K8 -> 0.96246898 | AA8: =M8-J8 -> -75.062035 | AB8: =M8/J8 -> 0.96246898
A9: 新豐2線 | B9: 沙拉 | C9: 韓式泡菜豆腐握沙拉 | E9: 39.36 | F9: 2115 | G9: =E9*F9 -> 83246.4 | I9: 20 | J9: 1500 | K9: =J9/I9 -> 75 | L9: 20 | M9: =F9/V9*60 -> 1442.0455 | N9: =M9/L9 -> 72.102273 | O9: =L9-I9 -> 0 | P9: =N9-K9 -> -2.8977273 | Q9: =N9/K9 -> 0.96136364 | R9: =Q11 -> 0.95705247 | S9: 0.20833333 | T9: 0.26944444 | V9: =(T9-S9)*24*60 -> 88 | AA9: =M9-J9 -> -57.954545 | AB9: =M9/J9 -> 0.96136364 | AC9: =AB11 -> 0.95705247
A10: 新豐2線 | B10: 沙拉 | C10: 青檸烤雞握沙拉(113年) | E10: 39.8 | F10: 6169 | G10: =E10*F10 -> 245526.2 | I10: 17 | J10: 1500 | K10: =J10/I10 -> 88.235294 | L10: 17 | M10: =F10/V10*60 -> 1429.112 | N10: =M10/L10 -> 84.06541 | O10: =L10-I10 -> 0 | P10: =N10-K10 -> -4.1698842 | Q10: =N10/K10 -> 0.95274131 | S10: 0.275 | T10: 0.45486111 | U10: =IF(S10=TIME(17,0,0),"",(S10-T9)*24*60) -> 8 | V10: =(T10-S10)*24*60 -> 259 | AA10: =M10-J10 -> -70.888031 | AB10: =M10/J10 -> 0.95274131
A11: 新豐2線 | B11: 平均 | I11: 18.5 | J11: 1500 | K11: =J11/I11 -> 81.081081 | L11: 18.5 | M11: =AVERAGE(M9:M10) -> 1435.5787 | N11: =M11/L11 -> 77.598849 | O11: =L11-I11 -> 0 | P11: =N11-K11 -> -3.4822318 | Q11: =N11/K11 -> 0.95705247 | AA11: =M11-J11 -> -64.421288 | AB11: =M11/J11 -> 0.95705247
A12: 新豐5線 | B12: 小吃 | C12: 剝皮辣椒雞湯 | E12: 41 | F12: 2578 | G12: =E12*F12 -> 105698 | I12: 26 | J12: 1500 | K12: =J12/I12 -> 57.692308 | L12: 26 | M12: =F12/V12*60 -> 1432.2222 | N12: =M12/L12 -> 55.08547 | O12: =L12-I12 -> 0 | P12: =N12-K12 -> -2.6068376 | Q12: =N12/K12 -> 0.95481481 | R12: =Q17 -> 0.95645241 | S12: 0.125 | T12: 0.2 | V12: =(T12-S12)*24*60 -> 108 | W12: =T12 -> 0.2 | X12: =S13 -> 0.21944444 | AA12: =M12-J12 -> -67.777778 | AB12: =M12/J12 -> 0.95481481 | AC12: =AB17 -> 0.95645241
A13: 新豐5線 | B13: 沙拉 | C13: 青醬優格雞肉握沙拉(113年) | E13: 39.62 | F13: 4226 | G13: =E13*F13 -> 167434.12 | I13: 19 | J13: 1500 | K13: =J13/I13 -> 78.947368 | L13: 19 | M13: =F13/V13*60 -> 1432.5424 | N13: =M13/L13 -> 75.396967 | O13: =L13-I13 -> 0 | P13: =N13-K13 -> -3.5504014 | Q13: =N13/K13 -> 0.95502825 | S13: 0.21944444 | T13: 0.34236111 | U13: =IF(S13=TIME(17,0,0),"",(S13-T12)*24*60) -> 28 | V13: =(T13-S13)*24*60 -> 177 | AA13: =M13-J13 -> -67.457627 | AB13: =M13/J13 -> 0.95502825
A14: 新豐5線 | B14: 熱食義麵 | C14: 焗烤明太子筆尖麵 | E14: 57.3 | F14: 1649 | G14: =E14*F14 -> 94487.7 | I14: 17 | J14: 1500 | K14: =J14/I14 -> 88.235294 | L14: 17 | M14: =F14/V14*60 -> 1433.913 | N14: =M14/L14 -> 84.347826 | O14: =L14-I14 -> 0 | P14: =N14-K14 -> -3.887468 | Q14: =N14/K14 -> 0.95594203 | S14: 0.34791667 | T14: 0.39583333 | U14: =IF(S14=TIME(17,0,0),"",(S14-T13)*24*60) -> 8 | V14: =(T14-S14)*24*60 -> 69 | AA14: =M14-J14 -> -66.086957 | AB14: =M14/J14 -> 0.95594203
A15: 新豐5線 | B15: 微波主食 | C15: 二配金咖哩濃厚辛辣咖哩飯 | E15: 50.98 | F15: 2610 | G15: =E15*F15 -> 133057.8 | I15: 16 | J15: 2000 | K15: =J15/I15 -> 125 | L15: 16 | M15: =F15/V15*60 -> 1909.7561 | N15: =M15/L15 -> 119.35976 | O15: =L15-I15 -> 0 | P15: =N15-K15 -> -5.6402439 | Q15: =N15/K15 -> 0.95487805 | S15: 0.70833333 | T15: 0.76527778 | U15: =IF(S15=TIME(17,0,0),"",(S15-T14)*24*60) | V15: =(T15-S15)*24*60 -> 82 | AA15: =M15-J15 -> -90.243902 | AB15: =M15/J15 -> 0.95487805
A16: 新豐5線 | B16: 微波主食 | C16: 二配金咖哩果香甘口咖哩飯 | E16: 50.92 | F16: 2722 | G16: =E16*F16 -> 138604.24 | I16: 15 | J16: 2000 | K16: =J16/I16 -> 133.33333 | L16: 15 | M16: =F16/V16*60 -> 1921.4118 | N16: =M16/L16 -> 128.09412 | O16: =L16-I16 -> 0 | P16: =N16-K16 -> -5.2392157 | Q16: =N16/K16 -> 0.96070588 | S16: 0.76944444 | T16: 0.82847222 | U16: =IF(S16=TIME(17,0,0),"",(S16-T15)*24*60) -> 6 | V16: =(T16-S16)*24*60 -> 85 | AA16: =M16-J16 -> -78.588235 | AB16: =M16/J16 -> 0.96070588
A17: 新豐5線 | B17: 平均 | I17: 18.6 | J17: 1700 | K17: =J17/I17 -> 91.397849 | L17: 18.6 | M17: =AVERAGE(M12:M16) -> 1625.9691 | N17: =M17/L17 -> 87.417694 | O17: =L17-I17 -> 0 | P17: =N17-K17 -> -3.9801559 | Q17: =N17/K17 -> 0.95645241 | AA17: =M17-J17 -> -74.0309 | AB17: =M17/J17 -> 0.95645241
A18: 新豐7線 | B18: 小吃 | C18: 古早味炒炊粉 | E18: 43.14 | F18: 1494 | G18: =E18*F18 -> 64451.16 | I18: 17 | J18: 2000 | K18: =J18/I18 -> 117.64706 | L18: 17 | M18: =F18/V18*60 -> 1907.234 | N18: =M18/L18 -> 112.19024 | O18: =L18-I18 -> 0 | P18: =N18-K18 -> -5.456821 | Q18: =N18/K18 -> 0.95361702 | R18: =Q23 -> 0.95583967 | S18: 0.20833333 | T18: 0.24097222 | V18: =(T18-S18)*24*60 -> 47 | AA18: =M18-J18 -> -92.765957 | AB18: =M18/J18 -> 0.95361702 | AC18: =AB23 -> 0.95583967
A19: 新豐7線 | B19: 微波主食 | C19: 極上炙烤親子丼 | E19: 53.68 | F19: 1826 | G19: =E19*F19 -> 98019.68 | I19: 16 | J19: 2000 | K19: =J19/I19 -> 125 | L19: 16 | M19: =F19/V19*60 -> 1922.1053 | N19: =M19/L19 -> 120.13158 | O19: =L19-I19 -> 0 | P19: =N19-K19 -> -4.8684211 | Q19: =N19/K19 -> 0.96105263 | S19: 0.24652778 | T19: 0.28611111 | U19: =IF(S19=TIME(17,0,0),"",(S19-T18)*24*60) -> 8 | V19: =(T19-S19)*24*60 -> 57 | AA19: =M19-J19 -> -77.894737 | AB19: =M19/J19 -> 0.96105263
A20: 新豐7線 | B20: 微波主食 | C20: 鐵板滑蛋炸豬排丼 | E20: 57.73 | F20: 3185 | G20: =E20*F20 -> 183870.05 | I20: 15 | J20: 2000 | K20: =J20/I20 -> 133.33333 | L20: 15 | M20: =F20/V20*60 -> 1911 | N20: =M20/L20 -> 127.4 | O20: =L20-I20 -> 0 | P20: =N20-K20 -> -5.9333333 | Q20: =N20/K20 -> 0.9555 | S20: 0.29097222 | T20: 0.36041667 | U20: =IF(S20=TIME(17,0,0),"",(S20-T19)*24*60) -> 7 | V20: =(T20-S20)*24*60 -> 100 | AA20: =M20-J20 -> -89 | AB20: =M20/J20 -> 0.9555
A21: 新豐7線 | B21: 微波主食 | C21: 二配美味蟹煲 | E21: 54.09 | F21: 2070 | G21: =E21*F21 -> 111966.3 | I21: 19 | J21: 2000 | K21: =J21/I21 -> 105.26316 | L21: 19 | M21: =F21/V21*60 -> 1910.7692 | N21: =M21/L21 -> 100.5668 | O21: =L21-I21 -> 0 | P21: =N21-K21 -> -4.6963563 | Q21: =N21/K21 -> 0.95538462 | S21: 0.70833333 | T21: 0.75347222 | U21: =IF(S21=TIME(17,0,0),"",(S21-T20)*24*60) | V21: =(T21-S21)*24*60 -> 65 | AA21: =M21-J21 -> -89.230769 | AB21: =M21/J21 -> 0.95538462
A22: 新豐7線 | B22: 微波主食 | C22: 二配泰式綠咖哩雞 | E22: 50.67 | F22: 3751 | G22: =E22*F22 -> 190063.17 | I22: 15 | J22: 2000 | K22: =J22/I22 -> 133.33333 | L22: 15 | M22: =F22/V22*60 -> 1907.2881 | N22: =M22/L22 -> 127.15254 | O22: =L22-I22 -> 0 | P22: =N22-K22 -> -6.180791 | Q22: =N22/K22 -> 0.95364407 | S22: 0.75763889 | T22: 0.83958333 | U22: =IF(S22=TIME(17,0,0),"",(S22-T21)*24*60) -> 6 | V22: =(T22-S22)*24*60 -> 118 | AA22: =M22-J22 -> -92.711864 | AB22: =M22/J22 -> 0.95364407
A23: 新豐7線 | B23: 平均 | I23: 16.4 | J23: 2000 | K23: =J23/I23 -> 121.95122 | L23: 16.4 | M23: =AVERAGE(M18:M22) -> 1911.6793 | N23: =M23/L23 -> 116.56581 | O23: =L23-I23 -> 0 | P23: =N23-K23 -> -5.3854064 | Q23: =N23/K23 -> 0.95583967 | AA23: =M23-J23 -> -88.320666 | AB23: =M23/J23 -> 0.95583967
A24: 新豐8線 | B24: 三明治 | C24: 紐奧良風味烤雞鮮蔬三明治 | E24: 31.29 | F24: 6200 | G24: =E24*F24 -> 193998 | H24: 2 | I24: 18 | J24: 2400 | K24: =J24/I24 -> 133.33333 | L24: 18 | M24: =F24/V24*60 -> 2282.2086 | N24: =M24/L24 -> 126.78937 | O24: =L24-I24 -> 0 | P24: =N24-K24 -> -6.5439673 | Q24: =N24/K24 -> 0.95092025 | R24: =Q32 -> 0.95570213 | S24: 0.083333333 | T24: 0.19652778 | V24: =(T24-S24)*24*60 -> 163 | W24: =T24 -> 0.19652778 | X24: =S25 -> 0.21388889 | AA24: =M24-J24 -> -117.79141 | AB24: =M24/J24 -> 0.95092025 | AC24: =AB32 -> 0.95570213
A25: 新豐8線 | B25: 三明治 | C25: 陽光地瓜總匯三明治 | E25: 26.18 | F25: 3593 | G25: =E25*F25 -> 94064.74 | I25: 19 | J25: 2400 | K25: =J25/I25 -> 126.31579 | L25: 19 | M25: =F25/V25*60 -> 2293.4043 | N25: =M25/L25 -> 120.70549 | O25: =L25-I25 -> 0 | P25: =N25-K25 -> -5.6103024 | Q25: =N25/K25 -> 0.95558511 | S25: 0.21388889 | T25: 0.27916667 | U25: =(S25-T24)*24*60 -> 25 | V25: =(T25-S25)*24*60 -> 94 | AA25: =M25-J25 -> -106.59574 | AB25: =M25/J25 -> 0.95558511
A26: 新豐8線 | B26: 三明治 | C26: 好多菜三明治 | E26: 26.2 | F26: 4561 | G26: =E26*F26 -> 119498.2 | I26: 19 | J26: 2400 | K26: =J26/I26 -> 126.31579 | L26: 19 | M26: =F26/V26*60 -> 2299.6639 | N26: =M26/L26 -> 121.03494 | O26: =L26-I26 -> 0 | P26: =N26-K26 -> -5.2808492 | Q26: =N26/K26 -> 0.95819328 | S26: 0.28263889 | T26: 0.36527778 | U26: =(S26-T25)*24*60 -> 5 | V26: =(T26-S26)*24*60 -> 119 | AA26: =M26-J26 -> -100.33613 | AB26: =M26/J26 -> 0.95819328
A27: 新豐8線 | B27: 三明治 | C27: 經典總匯三明治 | E27: 26.2 | F27: 3300 | G27: =E27*F27 -> 86460 | H27: 2 | I27: 20 | J27: 2400 | K27: =J27/I27 -> 120 | L27: 20 | M27: =F27/V27*60 -> 2302.3256 | N27: =M27/L27 -> 115.11628 | O27: =L27-I27 -> 0 | P27: =N27-K27 -> -4.8837209 | Q27: =N27/K27 -> 0.95930233 | S27: 0.36944444 | T27: 0.42916667 | U27: =(S27-T26)*24*60 -> 6 | V27: =(T27-S27)*24*60 -> 86 | AA27: =M27-J27 -> -97.674419 | AB27: =M27/J27 -> 0.95930233
A28: 新豐8線 | B28: 三明治 | C28: 雞蛋沙拉三明治(114年) | E28: 24.83 | F28: 4500 | G28: =E28*F28 -> 111735 | H28: 2 | I28: 15 | J28: 2400 | K28: =J28/I28 -> 160 | L28: 15 | M28: =F28/V28*60 -> 2288.1356 | N28: =M28/L28 -> 152.54237 | O28: =L28-I28 -> 0 | P28: =N28-K28 -> -7.4576271 | Q28: =N28/K28 -> 0.95338983 | S28: 0.43472222 | T28: 0.51666667 | U28: =(S28-T27)*24*60 -> 8 | V28: =(T28-S28)*24*60 -> 118 | W28: =T28 -> 0.51666667 | X28: =S29 -> 0.55486111 | AA28: =M28-J28 -> -111.86441 | AB28: =M28/J28 -> 0.95338983
A29: 新豐8線 | B29: 三明治 | C29: 雞蛋沙拉三明治(114年) | E29: 24.83 | F29: 3249 | G29: =E29*F29 -> 80672.67 | I29: 15 | J29: 2400 | K29: =J29/I29 -> 160 | L29: 15 | M29: =F29/V29*60 -> 2293.4118 | N29: =M29/L29 -> 152.89412 | O29: =L29-I29 -> 0 | P29: =N29-K29 -> -7.1058824 | Q29: =N29/K29 -> 0.95558824 | S29: 0.55486111 | T29: 0.61388889 | U29: =(S29-T28)*24*60 -> 55 | V29: =(T29-S29)*24*60 -> 85 | AA29: =M29-J29 -> -106.58824 | AB29: =M29/J29 -> 0.95558824
A30: 新豐8線 | B30: 三明治 | C30: 紐奧良風味烤雞鮮蔬三明治 | E30: 31.29 | F30: 3010 | G30: =E30*F30 -> 94182.9 | I30: 18 | J30: 2400 | K30: =J30/I30 -> 133.33333 | L30: 18 | M30: =F30/V30*60 -> 2286.0759 | N30: =M30/L30 -> 127.00422 | O30: =L30-I30 -> 0 | P30: =N30-K30 -> -6.3291139 | Q30: =N30/K30 -> 0.95253165 | S30: 0.61736111 | T30: 0.67222222 | U30: =(S30-T29)*24*60 -> 5 | V30: =(T30-S30)*24*60 -> 79 | AA30: =M30-J30 -> -113.92405 | AB30: =M30/J30 -> 0.95253165
A31: 新豐8線 | B31: 三明治 | C31: 經典總匯三明治 | E31: 26.2 | F31: 1805 | G31: =E31*F31 -> 47291 | I31: 20 | J31: 2400 | K31: =J31/I31 -> 120 | L31: 20 | M31: =F31/V31*60 -> 2304.2553 | N31: =M31/L31 -> 115.21277 | O31: =L31-I31 -> 0 | P31: =N31-K31 -> -4.787234 | Q31: =N31/K31 -> 0.96010638 | S31: 0.67569444 | T31: 0.70833333 | U31: =(S31-T30)*24*60 -> 5 | V31: =(T31-S31)*24*60 -> 47 | AA31: =M31-J31 -> -95.744681 | AB31: =M31/J31 -> 0.96010638
A32: 新豐8線 | B32: 平均 | I32: 18 | J32: 2400 | K32: =J32/I32 -> 133.33333 | L32: 18 | M32: =AVERAGE(M24:M31) -> 2293.6851 | N32: =M32/L32 -> 127.42695 | O32: =L32-I32 -> 0 | P32: =N32-K32 -> -5.9063825 | Q32: =N32/K32 -> 0.95570213 | AA32: =M32-J32 -> -106.31489 | AB32: =M32/J32 -> 0.95570213
A33: 新豐9線 | B33: 三明治 | C33: 鮪魚起司溏心蛋三明治 | E33: 26.2 | F33: 5000 | G33: =E33*F33 -> 131000 | H33: 2 | I33: 18 | J33: 2400 | K33: =J33/I33 -> 133.33333 | L33: 18 | M33: =F33/V33*60 -> 2290.0763 | N33: =M33/L33 -> 127.22646 | O33: =L33-I33 -> 0 | P33: =N33-K33 -> -6.1068702 | Q33: =N33/K33 -> 0.95419847 | R33: =Q41 -> 0.95784873 | S33: 0.083333333 | T33: 0.17430556 | V33: =(T33-S33)*24*60 -> 131 | W33: =T33 -> 0.17430556 | X33: =S34 -> 0.19305556 | AA33: =M33-J33 -> -109.92366 | AB33: =M33/J33 -> 0.95419847 | AC33: =AB41 -> 0.95784873
A34: 新豐9線 | B34: 三明治 | C34: 醬燒烤雞三明治 | E34: 26.39 | F34: 4500 | G34: =E34*F34 -> 118755 | H34: 2 | I34: 19 | J34: 2400 | K34: =J34/I34 -> 126.31579 | L34: 19 | M34: =F34/V34*60 -> 2288.1356 | N34: =M34/L34 -> 120.42819 | O34: =L34-I34 -> 0 | P34: =N34-K34 -> -5.8876004 | Q34: =N34/K34 -> 0.95338983 | S34: 0.19305556 | T34: 0.275 | U34: =(S34-T33)*24*60 -> 27 | V34: =(T34-S34)*24*60 -> 118 | AA34: =M34-J34 -> -111.86441 | AB34: =M34/J34 -> 0.95338983
A35: 新豐9線 | B35: 三明治 | C35: 肉鬆火腿三明治 | E35: 20.52 | F35: 4930 | G35: =E35*F35 -> 101163.6 | I35: 18 | J35: 2400 | K35: =J35/I35 -> 133.33333 | L35: 18 | M35: =F35/V35*60 -> 2293.0233 | N35: =M35/L35 -> 127.39018 | O35: =L35-I35 -> 0 | P35: =N35-K35 -> -5.9431525 | Q35: =N35/K35 -> 0.95542636 | S35: 0.27986111 | T35: 0.36944444 | U35: =(S35-T34)*24*60 -> 7 | V35: =(T35-S35)*24*60 -> 129 | AA35: =M35-J35 -> -106.97674 | AB35: =M35/J35 -> 0.95542636
A36: 新豐9線 | B36: 三明治 | C36: 藍莓優格三明治(114年) | E36: 22.35 | F36: 2003 | G36: =E36*F36 -> 44767.05 | I36: 16 | J36: 2400 | K36: =J36/I36 -> 150 | L36: 16 | M36: =F36/V36*60 -> 2311.1538 | N36: =M36/L36 -> 144.44712 | O36: =L36-I36 -> 0 | P36: =N36-K36 -> -5.5528846 | Q36: =N36/K36 -> 0.96298077 | S36: 0.375 | T36: 0.41111111 | U36: =(S36-T35)*24*60 -> 8 | V36: =(T36-S36)*24*60 -> 52 | AA36: =M36-J36 -> -88.846154 | AB36: =M36/J36 -> 0.96298077
A37: 新豐9線 | B37: 三明治 | C37: 經典火腿玉米蛋三明治 | E37: 24.43 | F37: 4000 | G37: =E37*F37 -> 97720 | H37: 2 | I37: 15 | J37: 2400 | K37: =J37/I37 -> 160 | L37: 15 | M37: =F37/V37*60 -> 2285.7143 | N37: =M37/L37 -> 152.38095 | O37: =L37-I37 -> 0 | P37: =N37-K37 -> -7.6190476 | Q37: =N37/K37 -> 0.95238095 | S37: 0.41666667 | T37: 0.48958333 | U37: =(S37-T36)*24*60 -> 8 | V37: =(T37-S37)*24*60 -> 105 | W37: =T37 -> 0.48958333 | X37: =S38 -> 0.53055556 | AA37: =M37-J37 -> -114.28571 | AB37: =M37/J37 -> 0.95238095
A38: 新豐9線 | B38: 三明治 | C38: 經典火腿玉米蛋三明治 | E38: 24.43 | F38: 4475 | G38: =E38*F38 -> 109324.25 | I38: 15 | J38: 2400 | K38: =J38/I38 -> 160 | L38: 15 | M38: =F38/V38*60 -> 2294.8718 | N38: =M38/L38 -> 152.99145 | O38: =L38-I38 -> 0 | P38: =N38-K38 -> -7.008547 | Q38: =N38/K38 -> 0.95619658 | S38: 0.53055556 | T38: 0.61180556 | U38: =(S38-T37)*24*60 -> 59 | V38: =(T38-S38)*24*60 -> 117 | AA38: =M38-J38 -> -105.12821 | AB38: =M38/J38 -> 0.95619658
A39: 新豐9線 | B39: 三明治 | C39: 鮪魚起司溏心蛋三明治 | E39: 26.2 | F39: 1849 | G39: =E39*F39 -> 48443.8 | I39: 18 | J39: 2400 | K39: =J39/I39 -> 133.33333 | L39: 18 | M39: =F39/V39*60 -> 2311.25 | N39: =M39/L39 -> 128.40278 | O39: =L39-I39 -> 0 | P39: =N39-K39 -> -4.9305556 | Q39: =N39/K39 -> 0.96302083 | S39: 0.61736111 | T39: 0.65069444 | U39: =(S39-T38)*24*60 -> 8 | V39: =(T39-S39)*24*60 -> 48 | AA39: =M39-J39 -> -88.75 | AB39: =M39/J39 -> 0.96302083
A40: 新豐9線 | B40: 三明治 | C40: 醬燒烤雞三明治 | E40: 26.39 | F40: 1969 | G40: =E40*F40 -> 51961.91 | I40: 19 | J40: 2400 | K40: =J40/I40 -> 126.31579 | L40: 19 | M40: =F40/V40*60 -> 2316.4706 | N40: =M40/L40 -> 121.9195 | O40: =L40-I40 -> 0 | P40: =N40-K40 -> -4.3962848 | Q40: =N40/K40 -> 0.96519608 | S40: 0.65486111 | T40: 0.69027778 | U40: =(S40-T39)*24*60 -> 6 | V40: =(T40-S40)*24*60 -> 51 | AA40: =M40-J40 -> -83.529412 | AB40: =M40/J40 -> 0.96519608
A41: 新豐9線 | B41: 平均 | I41: 17.25 | J41: 2400 | K41: =J41/I41 -> 139.13043 | L41: 17.25 | M41: =AVERAGE(M33:M40) -> 2298.837 | N41: =M41/L41 -> 133.26591 | O41: =L41-I41 -> 0 | P41: =N41-K41 -> -5.8645239 | Q41: =N41/K41 -> 0.95784873 | AA41: =M41-J41 -> -101.16304 | AB41: =M41/J41 -> 0.95784873
A42: 新豐3線 | B42: 調理麵包 | C42: 豬肉起司堡 | E42: 21.13 | F42: 3100 | G42: =E42*F42 -> 65503 | H42: 2 | I42: 10 | J42: 3000 | K42: =J42/I42 -> 300 | L42: 10 | M42: =F42/V42*60 -> 2861.5385 | N42: =M42/L42 -> 286.15385 | O42: =L42-I42 -> 0 | P42: =N42-K42 -> -13.846154 | Q42: =N42/K42 -> 0.95384615 | R42: =Q52 -> 0.9582462 | S42: 0.083333333 | T42: 0.12847222 | V42: =(T42-S42)*24*60 -> 65 | W42: =T42 -> 0.12847222 | X42: =S43 -> 0.14791667 | AA42: =M42-J42 -> -138.46154 | AB42: =M42/J42 -> 0.95384615 | AC42: =AB52 -> 0.9582462
A43: 新豐3線 | B43: 調理麵包 | C43: 豬肉起司蛋堡 | E43: 27.17 | F43: 4000 | G43: =E43*F43 -> 108680 | H43: 2 | I43: 10 | J43: 3000 | K43: =J43/I43 -> 300 | L43: 10 | M43: =F43/V43*60 -> 2857.1429 | N43: =M43/L43 -> 285.71429 | O43: =L43-I43 -> 0 | P43: =N43-K43 -> -14.285714 | Q43: =N43/K43 -> 0.95238095 | S43: 0.14791667 | T43: 0.20625 | U43: =(S43-T42)*24*60 -> 28 | V43: =(T43-S43)*24*60 -> 84 | AA43: =M43-J43 -> -142.85714 | AB43: =M43/J43 -> 0.95238095
A44: 新豐3線 | B44: 調理麵包 | C44: 經典雙牛起司堡(113年) | E44: 35.12 | F44: 4491 | G44: =E44*F44 -> 157723.92 | I44: 10 | J44: 3000 | K44: =J44/I44 -> 300 | L44: 10 | M44: =F44/V44*60 -> 2866.5957 | N44: =M44/L44 -> 286.65957 | O44: =L44-I44 -> 0 | P44: =N44-K44 -> -13.340426 | Q44: =N44/K44 -> 0.95553191 | S44: 0.20972222 | T44: 0.275 | U44: =(S44-T43)*24*60 -> 5 | V44: =(T44-S44)*24*60 -> 94 | AA44: =M44-J44 -> -133.40426 | AB44: =M44/J44 -> 0.95553191
A45: 新豐3線 | B45: 調理麵包 | C45: 美式雞腿堡 | E45: 35.87 | F45: 2948 | G45: =E45*F45 -> 105744.76 | I45: 10 | J45: 3000 | K45: =J45/I45 -> 300 | L45: 10 | M45: =F45/V45*60 -> 2852.9032 | N45: =M45/L45 -> 285.29032 | O45: =L45-I45 -> 0 | P45: =N45-K45 -> -14.709677 | Q45: =N45/K45 -> 0.95096774 | S45: 0.27916667 | T45: 0.32222222 | U45: =(S45-T44)*24*60 -> 6 | V45: =(T45-S45)*24*60 -> 62 | AA45: =M45-J45 -> -147.09677 | AB45: =M45/J45 -> 0.95096774
A46: 新豐3線 | B46: 調理麵包 | C46: 泰式酸辣炸雞堡 | E46: 36.14 | F46: 1565 | G46: =E46*F46 -> 56559.1 | I46: 8 | J46: 3000 | K46: =J46/I46 -> 375 | L46: 8 | M46: =F46/V46*60 -> 2934.375 | N46: =M46/L46 -> 366.79688 | O46: =L46-I46 -> 0 | P46: =N46-K46 -> -8.203125 | Q46: =N46/K46 -> 0.978125 | S46: 0.32777778 | T46: 0.35 | U46: =(S46-T45)*24*60 -> 8 | V46: =(T46-S46)*24*60 -> 32 | AA46: =M46-J46 -> -65.625 | AB46: =M46/J46 -> 0.978125
A47: 新豐3線 | B47: 調理麵包 | C47: 厚豆腐蛋白蕈菇豬肉堡 | E47: 34.36 | F47: 3009 | G47: =E47*F47 -> 103389.24 | I47: 10 | J47: 3000 | K47: =J47/I47 -> 300 | L47: 10 | M47: =F47/V47*60 -> 2865.7143 | N47: =M47/L47 -> 286.57143 | O47: =L47-I47 -> 0 | P47: =N47-K47 -> -13.428571 | Q47: =N47/K47 -> 0.9552381 | S47: 0.35555556 | T47: 0.39930556 | U47: =(S47-T46)*24*60 -> 8 | V47: =(T47-S47)*24*60 -> 63 | AA47: =M47-J47 -> -134.28571 | AB47: =M47/J47 -> 0.9552381
A48: 新豐3線 | B48: 調理麵包 | C48: 排骨雞起司炒麵麵包 | E48: 31 | F48: 4200 | G48: =E48*F48 -> 130200 | H48: 2 | I48: 13 | J48: 2000 | K48: =J48/I48 -> 153.84615 | L48: 13 | M48: =F48/V48*60 -> 1909.0909 | N48: =M48/L48 -> 146.85315 | O48: =L48-I48 -> 0 | P48: =N48-K48 -> -6.993007 | Q48: =N48/K48 -> 0.95454545 | S48: 0.40416667 | T48: 0.49583333 | U48: =(S48-T47)*24*60 -> 7 | V48: =(T48-S48)*24*60 -> 132 | W48: =T48 -> 0.49583333 | X48: =S49 -> 0.53611111 | AA48: =M48-J48 -> -90.909091 | AB48: =M48/J48 -> 0.95454545
A49: 新豐3線 | B49: 調理麵包 | C49: 排骨雞起司炒麵麵包 | E49: 31 | F49: 2012 | G49: =E49*F49 -> 62372 | I49: 13 | J49: 2000 | K49: =J49/I49 -> 153.84615 | L49: 13 | M49: =F49/V49*60 -> 1916.1905 | N49: =M49/L49 -> 147.39927 | O49: =L49-I49 -> 0 | P49: =N49-K49 -> -6.4468864 | Q49: =N49/K49 -> 0.95809524 | S49: 0.53611111 | T49: 0.57986111 | U49: =(S49-T48)*24*60 -> 58 | V49: =(T49-S49)*24*60 -> 63 | AA49: =M49-J49 -> -83.809524 | AB49: =M49/J49 -> 0.95809524
A50: 新豐3線 | B50: 調理麵包 | C50: 豬肉起司蛋堡 | E50: 27.17 | F50: 2513 | G50: =E50*F50 -> 68278.21 | I50: 10 | J50: 3000 | K50: =J50/I50 -> 300 | L50: 10 | M50: =F50/V50*60 -> 2899.6154 | N50: =M50/L50 -> 289.96154 | O50: =L50-I50 -> 0 | P50: =N50-K50 -> -10.038462 | Q50: =N50/K50 -> 0.96653846 | S50: 0.58333333 | T50: 0.61944444 | U50: =(S50-T49)*24*60 -> 5 | V50: =(T50-S50)*24*60 -> 52 | AA50: =M50-J50 -> -100.38462 | AB50: =M50/J50 -> 0.96653846
A51: 新豐3線 | B51: 調理麵包 | C51: 豬肉起司堡 | E51: 21.13 | F51: 2103 | G51: =E51*F51 -> 44436.39 | I51: 10 | J51: 3000 | K51: =J51/I51 -> 300 | L51: 10 | M51: =F51/V51*60 -> 2867.7273 | N51: =M51/L51 -> 286.77273 | O51: =L51-I51 -> 0 | P51: =N51-K51 -> -13.227273 | Q51: =N51/K51 -> 0.95590909 | S51: 0.625 | T51: 0.65555556 | U51: =(S51-T50)*24*60 -> 8 | V51: =(T51-S51)*24*60 -> 44 | AA51: =M51-J51 -> -132.27273 | AB51: =M51/J51 -> 0.95590909
A52: 新豐3線 | B52: 平均 | I52: 10.4 | J52: 2800 | K52: =J52/I52 -> 269.23077 | L52: 10.4 | M52: =AVERAGE(M42:M51) -> 2683.0894 | N52: =M52/L52 -> 257.98936 | O52: =L52-I52 -> 0 | P52: =N52-K52 -> -11.241408 | Q52: =N52/K52 -> 0.9582462 | AA52: =M52-J52 -> -116.91064 | AB52: =M52/J52 -> 0.9582462
A53: 新豐1線 | B53: 沙拉 | C53: 蔥鹽雞肉麵沙拉(114年) | E53: 46 | F53: 2659 | G53: =E53*F53 -> 122314 | I53: 17 | J53: 2000 | K53: =J53/I53 -> 117.64706 | L53: 17 | M53: =F53/V53*60 -> 1922.1687 | N53: =M53/L53 -> 113.06875 | O53: =L53-I53 -> 0 | P53: =N53-K53 -> -4.5783133 | Q53: =N53/K53 -> 0.96108434 | R53: =Q59 -> 0.957751 | S53: 0.20833333 | T53: 0.26597222 | V53: =(T53-S53)*24*60 -> 83 | AA53: =M53-J53 -> -77.831325 | AB53: =M53/J53 -> 0.96108434 | AC53: =AB59 -> 0.957751
A54: 新豐1線 | B54: 沙拉 | C54: 莎莎烤雞麵沙拉 | E54: 46 | F54: 2831 | G54: =E54*F54 -> 130226 | I54: 17 | J54: 2000 | K54: =J54/I54 -> 117.64706 | L54: 17 | M54: =F54/V54*60 -> 1908.5393 | N54: =M54/L54 -> 112.26702 | O54: =L54-I54 -> 0 | P54: =N54-K54 -> -5.3800397 | Q54: =N54/K54 -> 0.95426966 | S54: 0.27083333 | T54: 0.33263889 | U54: =IF(S54=TIME(17,0,0),"",(S54-T53)*24*60) -> 7 | V54: =(T54-S54)*24*60 -> 89 | AA54: =M54-J54 -> -91.460674 | AB54: =M54/J54 -> 0.95426966
A55: 新豐1線 | B55: 微波主食 | C55: 二配香辣醬蒜味香腸蛋炒飯 | E55: 55.56 | F55: 2032 | G55: =E55*F55 -> 112897.92 | I55: 17 | J55: 2000 | K55: =J55/I55 -> 117.64706 | L55: 17 | M55: =F55/V55*60 -> 1905 | N55: =M55/L55 -> 112.05882 | O55: =L55-I55 -> 0 | P55: =N55-K55 -> -5.5882353 | Q55: =N55/K55 -> 0.9525 | S55: 0.70833333 | T55: 0.75277778 | U55: =IF(S55=TIME(17,0,0),"",(S55-T54)*24*60) | V55: =(T55-S55)*24*60 -> 64 | AA55: =M55-J55 -> -95 | AB55: =M55/J55 -> 0.9525
A56: 新豐1線 | B56: 微波主食 | C56: 二配香拌海鮮醬肉絲蛋炒飯 | E56: 55.32 | F56: 1525 | G56: =E56*F56 -> 84363 | I56: 15 | J56: 2000 | K56: =J56/I56 -> 133.33333 | L56: 15 | M56: =F56/V56*60 -> 1906.25 | N56: =M56/L56 -> 127.08333 | O56: =L56-I56 -> 0 | P56: =N56-K56 -> -6.25 | Q56: =N56/K56 -> 0.953125 | S56: 0.75833333 | T56: 0.79166667 | U56: =IF(S56=TIME(17,0,0),"",(S56-T55)*24*60) -> 8 | V56: =(T56-S56)*24*60 -> 48 | AA56: =M56-J56 -> -93.75 | AB56: =M56/J56 -> 0.953125
A57: 新豐1線 | B57: 微波主食 | C57: 二配粗飽系雞排炒飯(114年) | E57: 57.73 | F57: 1500 | G57: =E57*F57 -> 86595 | H57: 2 | I57: 16 | J57: 1500 | K57: =J57/I57 -> 93.75 | L57: 16 | M57: =F57/V57*60 -> 1451.6129 | N57: =M57/L57 -> 90.725806 | O57: =L57-I57 -> 0 | P57: =N57-K57 -> -3.0241935 | Q57: =N57/K57 -> 0.96774194 | S57: 0.79583333 | T57: 0.83888889 | U57: =IF(S57=TIME(17,0,0),"",(S57-T56)*24*60) -> 6 | V57: =(T57-S57)*24*60 -> 62 | W57: =T57 -> 0.83888889 | X57: =S58 -> 0.88055556 | AA57: =M57-J57 -> -48.387097 | AB57: =M57/J57 -> 0.96774194
A58: 新豐1線 | B58: 微波主食 | C58: 二配粗飽系雞排炒飯(114年) | E58: 57.73 | F58: 1706 | G58: =E58*F58 -> 98487.38 | I58: 16 | J58: 1500 | K58: =J58/I58 -> 93.75 | L58: 16 | M58: =F58/V58*60 -> 1441.6901 | N58: =M58/L58 -> 90.105634 | O58: =L58-I58 -> 0 | P58: =N58-K58 -> -3.6443662 | Q58: =N58/K58 -> 0.96112676 | S58: 0.88055556 | T58: 0.92986111 | U58: =IF(S58=TIME(17,0,0),"",(S58-T57)*24*60) -> 60 | V58: =(T58-S58)*24*60 -> 71 | AA58: =M58-J58 -> -58.309859 | AB58: =M58/J58 -> 0.96112676
A59: 新豐1線 | B59: 平均 | I59: 16.333333 | J59: 1833.3333 | K59: =J59/I59 -> 112.2449 | L59: 16.333333 | M59: =AVERAGE(M53:M58) -> 1755.8768 | N59: =M59/L59 -> 107.50266 | O59: =L59-I59 -> 0 | P59: =N59-K59 -> -4.7422342 | Q59: =N59/K59 -> 0.957751 | AA59: =M59-J59 -> -77.456493 | AB59: =M59/J59 -> 0.957751
A60: 新豐10線 | B60: 沙拉 | C60: 溏心蛋洋芋沙拉 | E60: 26.97 | F60: 3036 | G60: =E60*F60 -> 81880.92 | I60: 8 | J60: 1500 | K60: =J60/I60 -> 187.5 | L60: 8 | M60: =F60/V60*60 -> 1434.3307 | N60: =M60/L60 -> 179.29134 | O60: =L60-I60 -> 0 | P60: =N60-K60 -> -8.2086614 | Q60: =N60/K60 -> 0.95622047 | R60: =Q65 -> 0.9608636 | S60: 0.20833333 | T60: 0.29652778 | V60: =(T60-S60)*24*60 -> 127 | AA60: =M60-J60 -> -65.669291 | AB60: =M60/J60 -> 0.95622047 | AC60: =AB65 -> 0.9608636
A61: 新豐10線 | B61: 調理麵包 | C61: 香雞蛋堡(112年) | E61: 26.78 | F61: 2706 | G61: =E61*F61 -> 72466.68 | I61: 10 | J61: 3000 | K61: =J61/I61 -> 300 | L61: 10 | M61: =F61/V61*60 -> 2899.2857 | N61: =M61/L61 -> 289.92857 | O61: =L61-I61 -> 0 | P61: =N61-K61 -> -10.071429 | Q61: =N61/K61 -> 0.96642857 | S61: 0.30208333 | T61: 0.34097222 | U61: =(S61-T60)*24*60 -> 8 | V61: =(T61-S61)*24*60 -> 56 | AA61: =M61-J61 -> -100.71429 | AB61: =M61/J61 -> 0.96642857
A62: 新豐10線 | B62: 調理麵包 | C62: 黃金魚堡 | E62: 35.37 | F62: 1557 | G62: =E62*F62 -> 55071.09 | I62: 10 | J62: 3000 | K62: =J62/I62 -> 300 | L62: 10 | M62: =F62/V62*60 -> 2919.375 | N62: =M62/L62 -> 291.9375 | O62: =L62-I62 -> 0 | P62: =N62-K62 -> -8.0625 | Q62: =N62/K62 -> 0.973125 | S62: 0.34513889 | T62: 0.36736111 | U62: =(S62-T61)*24*60 -> 6 | V62: =(T62-S62)*24*60 -> 32 | AA62: =M62-J62 -> -80.625 | AB62: =M62/J62 -> 0.973125
A63: 新豐10線 | B63: 調理麵包 | C63: 蜂蜜芥末辣雞堡 | E63: 37.88 | F63: 3765 | G63: =E63*F63 -> 142618.2 | I63: 11 | J63: 3000 | K63: =J63/I63 -> 272.72727 | L63: 11 | M63: =F63/V63*60 -> 2859.4937 | N63: =M63/L63 -> 259.95397 | O63: =L63-I63 -> 0 | P63: =N63-K63 -> -12.773303 | Q63: =N63/K63 -> 0.95316456 | S63: 0.37222222 | T63: 0.42708333 | U63: =(S63-T62)*24*60 -> 7 | V63: =(T63-S63)*24*60 -> 79 | AA63: =M63-J63 -> -140.50633 | AB63: =M63/J63 -> 0.95316456
A64: 新豐10線 | B64: 調理麵包 | C64: 經典美式起司巨牛堡 | E64: 38.72 | F64: 5766 | G64: =E64*F64 -> 223259.52 | I64: 10 | J64: 3000 | K64: =J64/I64 -> 300 | L64: 10 | M64: =F64/V64*60 -> 2859.1736 | N64: =M64/L64 -> 285.91736 | O64: =L64-I64 -> 0 | P64: =N64-K64 -> -14.082645 | Q64: =N64/K64 -> 0.95305785 | S64: 0.43125 | T64: 0.51527778 | U64: =(S64-T63)*24*60 -> 6 | V64: =(T64-S64)*24*60 -> 121 | AA64: =M64-J64 -> -140.82645 | AB64: =M64/J64 -> 0.95305785
A65: 新豐10線 | B65: 平均 | I65: 9.8 | J65: 2700 | K65: =J65/I65 -> 275.5102 | L65: 9.8 | M65: =AVERAGE(M60:M64) -> 2594.3317 | N65: =M65/L65 -> 264.72773 | O65: =L65-I65 -> 0 | P65: =N65-K65 -> -10.782477 | Q65: =N65/K65 -> 0.9608636 | AA65: =M65-J65 -> -105.66827 | AB65: =M65/J65 -> 0.9608636
A66: 新豐4線 | B66: 三明治 | C66: 香鬆起司蛋三明治(114年) | E66: 20.2 | F66: 2519 | G66: =E66*F66 -> 50883.8 | I66: 19 | J66: 2400 | K66: =J66/I66 -> 126.31579 | L66: 19 | M66: =F66/V66*60 -> 2290 | N66: =M66/L66 -> 120.52632 | O66: =L66-I66 -> 0 | P66: =N66-K66 -> -5.7894737 | Q66: =N66/K66 -> 0.95416667 | R66: =Q74 -> 0.95732649 | S66: 0.083333333 | T66: 0.12916667 | V66: =(T66-S66)*24*60 -> 66 | W66: =T66 -> 0.12916667 | X66: =S67 -> 0.14791667 | AA66: =M66-J66 -> -110 | AB66: =M66/J66 -> 0.95416667 | AC66: =AB74 -> 0.95732649
A67: 新豐4線 | B67: 三明治 | C67: 龍蝦風味總匯三明治 | E67: 25.98 | F67: 1398 | G67: =E67*F67 -> 36320.04 | I67: 17 | J67: 2400 | K67: =J67/I67 -> 141.17647 | L67: 17 | M67: =F67/V67*60 -> 2330 | N67: =M67/L67 -> 137.05882 | O67: =L67-I67 -> 0 | P67: =N67-K67 -> -4.1176471 | Q67: =N67/K67 -> 0.97083333 | S67: 0.14791667 | T67: 0.17291667 | U67: =(S67-T66)*24*60 -> 27 | V67: =(T67-S67)*24*60 -> 36 | AA67: =M67-J67 -> -70 | AB67: =M67/J67 -> 0.97083333
A68: 新豐4線 | B68: 三明治 | C68: 花生芝麻麻糬三明治 | E68: 24.25 | F68: 2955 | G68: =E68*F68 -> 71658.75 | I68: 17 | J68: 2400 | K68: =J68/I68 -> 141.17647 | L68: 17 | M68: =F68/V68*60 -> 2302.5974 | N68: =M68/L68 -> 135.44691 | O68: =L68-I68 -> 0 | P68: =N68-K68 -> -5.7295646 | Q68: =N68/K68 -> 0.95941558 | S68: 0.17777778 | T68: 0.23125 | U68: =(S68-T67)*24*60 -> 7 | V68: =(T68-S68)*24*60 -> 77 | AA68: =M68-J68 -> -97.402597 | AB68: =M68/J68 -> 0.95941558
A69: 新豐4線 | B69: 三明治 | C69: 瘋狂起司三明治(113年) | E69: 24.45 | F69: 2404 | G69: =E69*F69 -> 58777.8 | I69: 20 | J69: 2400 | K69: =J69/I69 -> 120 | L69: 20 | M69: =F69/V69*60 -> 2289.5238 | N69: =M69/L69 -> 114.47619 | O69: =L69-I69 -> 0 | P69: =N69-K69 -> -5.5238095 | Q69: =N69/K69 -> 0.95396825 | S69: 0.23472222 | T69: 0.27847222 | U69: =(S69-T68)*24*60 -> 5 | V69: =(T69-S69)*24*60 -> 63 | AA69: =M69-J69 -> -110.47619 | AB69: =M69/J69 -> 0.95396825
A70: 新豐4線 | B70: 三明治 | C70: 泰奶奶蓋QQ三明治 | E70: 24.25 | F70: 4277 | G70: =E70*F70 -> 103717.25 | I70: 14 | J70: 2400 | K70: =J70/I70 -> 171.42857 | L70: 14 | M70: =F70/V70*60 -> 2291.25 | N70: =M70/L70 -> 163.66071 | O70: =L70-I70 -> 0 | P70: =N70-K70 -> -7.7678571 | Q70: =N70/K70 -> 0.9546875 | S70: 0.28263889 | T70: 0.36041667 | U70: =(S70-T69)*24*60 -> 6 | V70: =(T70-S70)*24*60 -> 112 | AA70: =M70-J70 -> -108.75 | AB70: =M70/J70 -> 0.9546875
A71: 新豐4線 | B71: 三明治 | C71: 火腿起司蛋三明治 | E71: 19.02 | F71: 4200 | G71: =E71*F71 -> 79884 | H71: 2 | I71: 15 | J71: 2400 | K71: =J71/I71 -> 160 | L71: 15 | M71: =F71/V71*60 -> 2290.9091 | N71: =M71/L71 -> 152.72727 | O71: =L71-I71 -> 0 | P71: =N71-K71 -> -7.2727273 | Q71: =N71/K71 -> 0.95454545 | S71: 0.36388889 | T71: 0.44027778 | U71: =(S71-T70)*24*60 -> 5 | V71: =(T71-S71)*24*60 -> 110 | AA71: =M71-J71 -> -109.09091 | AB71: =M71/J71 -> 0.95454545
A72: 新豐4線 | B72: 三明治 | C72: 輕乳酪巧克力三明治 | E72: 20.52 | F72: 3790 | G72: =E72*F72 -> 77770.8 | I72: 18 | J72: 2400 | K72: =J72/I72 -> 133.33333 | L72: 18 | M72: =F72/V72*60 -> 2296.9697 | N72: =M72/L72 -> 127.60943 | O72: =L72-I72 -> 0 | P72: =N72-K72 -> -5.7239057 | Q72: =N72/K72 -> 0.95707071 | S72: 0.44444444 | T72: 0.51319444 | U72: =(S72-T71)*24*60 -> 6 | V72: =(T72-S72)*24*60 -> 99 | W72: =T72 -> 0.51319444 | X72: =S73 -> 0.55416667 | AA72: =M72-J72 -> -103.0303 | AB72: =M72/J72 -> 0.95707071
A73: 新豐4線 | B73: 三明治 | C73: 火腿起司蛋三明治 | E73: 19.02 | F73: 6563 | G73: =E73*F73 -> 124828.26 | I73: 15 | J73: 2400 | K73: =J73/I73 -> 160 | L73: 15 | M73: =F73/V73*60 -> 2289.4186 | N73: =M73/L73 -> 152.62791 | O73: =L73-I73 -> 0 | P73: =N73-K73 -> -7.372093 | Q73: =N73/K73 -> 0.95392442 | S73: 0.55416667 | T73: 0.67361111 | U73: =(S73-T72)*24*60 -> 59 | V73: =(T73-S73)*24*60 -> 172 | AA73: =M73-J73 -> -110.5814 | AB73: =M73/J73 -> 0.95392442
A74: 新豐4線 | B74: 平均 | I74: 16.875 | J74: 2400 | K74: =J74/I74 -> 142.22222 | L74: 16.875 | M74: =AVERAGE(M66:M73) -> 2297.5836 | N74: =M74/L74 -> 136.1531 | O74: =L74-I74 -> 0 | P74: =N74-K74 -> -6.0691214 | Q74: =N74/K74 -> 0.95732649 | AA74: =M74-J74 -> -102.41642 | AB74: =M74/J74 -> 0.95732649

Sheet 1029
B1: 屏榮 新豐廠組合室生產人時性分析
B3: 日期 | C3: =TEXT('1029 4度C'!A2,"yyyy.mm.ddaaaa") -> 2025.10.29星期三 | E3: 訂單量 | F3: ='1029 4度C'!D1 -> 200992 | H3: 營業額 | I3: ='1029 4度C'!F1 -> 6670578.6
B4: 人時性 | C4: 項目 | E4: ➀ | G4: ➁ | I4: ➂
C5: 組合室 | E5: 全溫層 | G5: 4度C-各編組展開 | I5: ③三明治-各編組展開
C6: 排關平均 | E6: =AVERAGE(D13:M13) -> 149.56696 | F6: =AVERAGE(D27:O27,D13:J13) -> 154.61814 | G6: =AVERAGE(D13:J13) -> 154.61814 | I6: =AVERAGE(K13:M13) -> 137.78088
C7: 實績平均 | E7: =AVERAGE(D14:M14) -> 143.27931 | F7: =AVERAGE(D28:O28,D14:J14) -> 148.21817 | G7: =AVERAGE(D14:J14) -> 148.21817 | I7: =AVERAGE(K14:M14) -> 131.7553
C8: 達成率平均 | E8: =AVERAGE(D15:M15) -> 0.95760069 | F8: =AVERAGE(D15:J15,D29:O29) -> 0.95817409 | G8: =AVERAGE(D15:J15) -> 0.95817409 | I8: =AVERAGE(K15:M15) -> 0.95626277 | K8: ※現行日本鮮食廠以達成率80%為基本(即為現行KPI)
B10: 溫層 | D10: ➁4度C-各編組展開 | K10: ③三明治-各編組展開
B11: 編組 | D11: 1 | E11: 2 | F11: 3 | G11: 4 | H11: 5 | I11: 6 | J11: 7 | K11: 1 | L11: 2 | M11: 3
D12: 新豐6線 | E12: 新豐2線 | F12: 新豐5線 | G12: 新豐7線 | H12: 新豐3線 | I12: 新豐1線 | J12: 新豐10線 | K12: 新豐8線 | L12: 新豐9線 | M12: 新豐4線
B13: 人時性 | C13: 排關 | D13: =SUMIFS('1029 4度C'!$K:$K,'1029 4度C'!$A:$A,"新豐6線",'1029 4度C'!$B:$B,"平均") -> 125 | E13: =SUMIFS('1029 4度C'!$K:$K,'1029 4度C'!$A:$A,"新豐2線",'1029 4度C'!$B:$B,"平均") -> 81.081081 | F13: =SUMIFS('1029 4度C'!$K:$K,'1029 4度C'!$A:$A,"新豐5線",'1029 4度C'!$B:$B,"平均") -> 91.397849 | G13: =SUMIFS('1029 4度C'!$K:$K,'1029 4度C'!$A:$A,"新豐7線",'1029 4度C'!$B:$B,"平均") -> 123.71134 | H13: =SUMIFS('1029 4度C'!$K:$K,'1029 4度C'!$A:$A,"新豐3線",'1029 4度C'!$B:$B,"平均") -> 269.23077 | I13: =SUMIFS('1029 4度C'!$K:$K,'1029 4度C'!$A:$A,"新豐1線",'1029 4度C'!$B:$B,"平均") -> 112.2449 | J13: =SUMIFS('1029 4度C'!$K:$K,'1029 4度C'!$A:$A,"新豐10線",'1029 4度C'!$B:$B,"平均") -> 279.66102 | K13: =SUMIFS('1029 4度C'!$K:$K,'1029 4度C'!$A:$A,"新豐8線",'1029 4度C'!$B:$B,"平均") -> 135.48387 | L13: =SUMIFS('1029 4度C'!$K:$K,'1029 4度C'!$A:$A,"新豐9線",'1029 4度C'!$B:$B,"平均") -> 139.13043 | M13: =SUMIFS('1029 4度C'!$K:$K,'1029 4度C'!$A:$A,"新豐4線",'1029 4度C'!$B:$B,"平均") -> 138.72832
C14: 實績 | D14: =SUMIFS('1029 4度C'!$N:$N,'1029 4度C'!$A:$A,"新豐6線",'1029 4度C'!$B:$B,"平均") -> 119.95148 | E14: =SUMIFS('1029 4度C'!$N:$N,'1029 4度C'!$A:$A,"新豐2線",'1029 4度C'!$B:$B,"平均") -> 77.523442 | F14: =SUMIFS('1029 4度C'!$N:$N,'1029 4度C'!$A:$A,"新豐5線",'1029 4度C'!$B:$B,"平均") -> 87.346881 | G14: =SUMIFS('1029 4度C'!$N:$N,'1029 4度C'!$A:$A,"新豐7線",'1029 4度C'!$B:$B,"平均") -> 118.85256 | H14: =SUMIFS('1029 4度C'!$N:$N,'1029 4度C'!$A:$A,"新豐3線",'1029 4度C'!$B:$B,"平均") -> 257.87056 | I14: =SUMIFS('1029 4度C'!$N:$N,'1029 4度C'!$A:$A,"新豐1線",'1029 4度C'!$B:$B,"平均") -> 107.4104 | J14: =SUMIFS('1029 4度C'!$N:$N,'1029 4度C'!$A:$A,"新豐10線",'1029 4度C'!$B:$B,"平均") -> 268.57187 | K14: =SUMIFS('1029 4度C'!$N:$N,'1029 4度C'!$A:$A,"新豐8線",'1029 4度C'!$B:$B,"平均") -> 129.47626 | L14: =SUMIFS('1029 4度C'!$N:$N,'1029 4度C'!$A:$A,"新豐9線",'1029 4度C'!$B:$B,"平均") -> 132.96707 | M14: =SUMIFS('1029 4度C'!$N:$N,'1029 4度C'!$A:$A,"新豐4線",'1029 4度C'!$B:$B,"平均") -> 132.82258
C15: 達成率 | D15: =D14/D13 -> 0.95961187 | E15: =E14/E13 -> 0.95612245 | F15: =F14/F13 -> 0.95567764 | G15: =G14/G13 -> 0.96072483 | H15: =H14/H13 -> 0.95780493 | I15: =I14/I13 -> 0.95692901 | J15: =J14/J13 -> 0.9603479 | K15: =K14/K13 -> 0.95565807 | ... M15: =M14/M13 -> 0.95742941
B16: 作業 時間 | C16: 開始 | D16: =VLOOKUP("新豐6線",'1029 4度C'!$A:$T,19,0) -> 0.70833333 | E16: =VLOOKUP("新豐2線",'1029 4度C'!$A:$T,19,0) -> 0.20833333 | F16: =VLOOKUP("新豐5線",'1029 4度C'!$A:$T,19,0) -> 0.125 | G16: =VLOOKUP("新豐7線",'1029 4度C'!$A:$T,19,0) -> 0.20833333 | H16: =VLOOKUP("新豐3線",'1029 4度C'!$A:$T,19,0) -> 0.083333333 | I16: =VLOOKUP("新豐1線",'1029 4度C'!$A:$T,19,0) -> 0.20833333 | J16: =VLOOKUP("新豐10線",'1029 4度C'!$A:$T,19,0) -> 0.20833333 | K16: =VLOOKUP("新豐8線",'1029 4度C'!$A:$T,19,0) -> 0.083333333 | L16: =VLOOKUP("新豐9線",'1029 4度C'!$A:$T,19,0) -> 0.083333333 | M16: =VLOOKUP("新豐4線",'1029 4度C'!$A:$T,19,0) -> 0.083333333
C17: 結束 | D17: =LOOKUP(2,1/(('1029 4度C'!$A:$A="新豐6線")*('1029 4度C'!$T:$T<>"")),'1029 4度C'!$T:$T) -> 0.83194444 | E17: =LOOKUP(2,1/(('1029 4度C'!$A:$A="新豐2線")*('1029 4度C'!$T:$T<>"")),'1029 4度C'!$T:$T) -> 0.48125 | F17: =LOOKUP(2,1/(('1029 4度C'!$A:$A="新豐5線")*('1029 4度C'!$T:$T<>"")),'1029 4度C'!$T:$T) -> 0.84166667 | G17: =LOOKUP(2,1/(('1029 4度C'!$A:$A="新豐7線")*('1029 4度C'!$T:$T<>"")),'1029 4度C'!$T:$T) -> 0.91388889 | H17: =LOOKUP(2,1/(('1029 4度C'!$A:$A="新豐3線")*('1029 4度C'!$T:$T<>"")),'1029 4度C'!$T:$T) -> 0.67847222 | I17: =LOOKUP(2,1/(('1029 4度C'!$A:$A="新豐1線")*('1029 4度C'!$T:$T<>"")),'1029 4度C'!$T:$T) -> 0.99097222 | J17: =LOOKUP(2,1/(('1029 4度C'!$A:$A="新豐10線")*('1029 4度C'!$T:$T<>"")),'1029 4度C'!$T:$T) -> 0.57638889 | K17: =LOOKUP(2,1/(('1029 4度C'!$A:$A="新豐8線")*('1029 4度C'!$T:$T<>"")),'1029 4度C'!$T:$T) -> 0.70486111 | L17: =LOOKUP(2,1/(('1029 4度C'!$A:$A="新豐9線")*('1029 4度C'!$T:$T<>"")),'1029 4度C'!$T:$T) -> 0.73888889 | M17: =LOOKUP(2,1/(('1029 4度C'!$A:$A="新豐4線")*('1029 4度C'!$T:$T<>"")),'1029 4度C'!$T:$T) -> 0.73819444
B18: 配置人數 | D18: =SUMIFS('1029 4度C'!$I:$I,'1029 4度C'!$A:$A,"新豐6線",'1029 4度C'!$B:$B,"平均") -> 16 | E18: =SUMIFS('1029 4度C'!$I:$I,'1029 4度C'!$A:$A,"新豐2線",'1029 4度C'!$B:$B,"平均") -> 18.5 | F18: =SUMIFS('1029 4度C'!$I:$I,'1029 4度C'!$A:$A,"新豐5線",'1029 4度C'!$B:$B,"平均") -> 18.6 | G18: =SUMIFS('1029 4度C'!$I:$I,'1029 4度C'!$A:$A,"新豐7線",'1029 4度C'!$B:$B,"平均") -> 16.166667 | H18: =SUMIFS('1029 4度C'!$I:$I,'1029 4度C'!$A:$A,"新豐3線",'1029 4度C'!$B:$B,"平均") -> 10.4 | I18: =SUMIFS('1029 4度C'!$I:$I,'1029 4度C'!$A:$A,"新豐1線",'1029 4度C'!$B:$B,"平均") -> 16.333333 | J18: =SUMIFS('1029 4度C'!$I:$I,'1029 4度C'!$A:$A,"新豐10線",'1029 4度C'!$B:$B,"平均") -> 9.8333333 | K18: =SUMIFS('1029 4度C'!$I:$I,'1029 4度C'!$A:$A,"新豐8線",'1029 4度C'!$B:$B,"平均") -> 17.714286 | L18: =SUMIFS('1029 4度C'!$I:$I,'1029 4度C'!$A:$A,"新豐9線",'1029 4度C'!$B:$B,"平均") -> 17.25 | M18: =SUMIFS('1029 4度C'!$I:$I,'1029 4度C'!$A:$A,"新豐4線",'1029 4度C'!$B:$B,"平均") -> 17.3
B19: 主要應用設備 | D19: ET-55 | E19: 熱縮爐 | F19: L型包裝機 | G19: L型包裝機 | H19: 伺服包裝機 | I19: ET-55 | J19: 伺服包裝機 | K19: 三明治包裝機 | L19: 三明治包裝機 | M19: 三明治包裝機
B20: 次要應用設備 | F20: 圓盤機 | G20: ET-55
B21: 備註 | E21: 握沙拉 | F21: 共用L型包裝機 | H21: 調理麵包 | I21: 炒飯+沙拉 | J21: 調理麵包

Sheet 1029 4度C
A1: 新豐廠四度C日報分析 | C1: 總生產量 | D1: =SUM(F5:F77) -> 200992 | E1: 營業額 | F1: =SUM(G5:G77) -> 6670578.6 | G1: 出勤人數 | H1: =L8+L11+L52+L59+L17+L66+L32+L41+L24+L77 -> 158.09762 | I1: 產線配置圖 | L1: 生產實績 | O1: 人時性差異分析 | S1: 日報登錄 | Y1: 分析說明 | AA1: 產能差異分析
A2: 45959 | B2: 星期三 | C2: 人時性 | D2: =AVERAGE(N8,N11,N52,N59,N17,N66,N24,N32,N41,N77) -> 143.27931 | E2: 平均廠價 | F2: =F1/D1 -> 33.188279 | G2: 多次生產數 | H2: =COUNT(H5:H77) -> 14
A3: 線別 | B3: 品類 | C3: 品名 | E3: 廠價 | F3: 生產量 | G3: 營收 | H3: 多次 生產 | I3: 人數 | J3: 產能/時 | K3: 人時性 | L3: 人數 | M3: 產能/時 | N3: 人時性 | O3: 人數 | P3: 人時性 | Q3: 達成率 | R3: 達成率平均 | S3: 生產時間 | U3: 換線、休息/分 | V3: 稼動時間/分 | W3: 休息時間 | Y3: (新豐回填) | AA3: 產能/時 | AB3: 達成率 | AC3: 達成率平均
S4: 開始 | T4: 結束 | W4: 開始 | X4: 結束
A5: 新豐6線 | B5: 微波主食 | C5: 二配煸椒烘蛋飯 | E5: 46.93 | F5: 1032 | G5: =E5*F5 -> 48431.76 | I5: 16 | J5: 2000 | K5: =J5/I5 -> 125 | L5: 16 | M5: =F5/V5*60 -> 1935 | N5: =M5/L5 -> 120.9375 | O5: =L5-I5 -> 0 | P5: =N5-K5 -> -4.0625 | Q5: =N5/K5 -> 0.9675 | R5: =Q8 -> 0.95961187 | S5: 0.70833333 | T5: 0.73055556 | V5: =(T5-S5)*24*60 -> 32 | AA5: =M5-J5 -> -65 | AB5: =M5/J5 -> 0.9675 | AC5: =AB8 -> 0.95961187
A6: 新豐6線 | B6: 微波主食 | C6: 二配川味麻婆燒豆腐燴飯 | E6: 50.49 | F6: 2321 | G6: =E6*F6 -> 117187.29 | I6: 15 | J6: 2000 | K6: =J6/I6 -> 133.33333 | L6: 15 | M6: =F6/V6*60 -> 1907.6712 | N6: =M6/L6 -> 127.17808 | O6: =L6-I6 -> 0 | P6: =N6-K6 -> -6.1552511 | Q6: =N6/K6 -> 0.95383562 | S6: 0.73541667 | T6: 0.78611111 | U6: =IF(S6=TIME(17,0,0),"",(S6-T5)*24*60) -> 7 | V6: =(T6-S6)*24*60 -> 73 | AA6: =M6-J6 -> -92.328767 | AB6: =M6/J6 -> 0.95383562
A7: 新豐6線 | B7: 微波主食 | C7: 二配港式香滑嫩蛋牛肉燴飯 | E7: 50.67 | F7: 1915 | G7: =E7*F7 -> 97033.05 | I7: 17 | J7: 2000 | K7: =J7/I7 -> 117.64706 | L7: 17 | M7: =F7/V7*60 -> 1915 | N7: =M7/L7 -> 112.64706 | O7: =L7-I7 -> 0 | P7: =N7-K7 -> -5 | Q7: =N7/K7 -> 0.9575 | S7: 0.79027778 | T7: 0.83194444 | U7: =IF(S7=TIME(17,0,0),"",(S7-T6)*24*60) -> 6 | V7: =(T7-S7)*24*60 -> 60 | AA7: =M7-J7 -> -85 | AB7: =M7/J7 -> 0.9575
A8: 新豐6線 | B8: 平均 | I8: 16 | J8: 2000 | K8: =J8/I8 -> 125 | L8: 16 | M8: =AVERAGE(M5:M7) -> 1919.2237 | N8: =M8/L8 -> 119.95148 | O8: =L8-I8 -> 0 | P8: =N8-K8 -> -5.048516 | Q8: =N8/K8 -> 0.95961187 | AA8: =M8-J8 -> -80.776256 | AB8: =M8/J8 -> 0.95961187
A9: 新豐2線 | B9: 沙拉 | C9: 韓式泡菜豆腐握沙拉 | E9: 39.36 | F9: 2347 | G9: =E9*F9 -> 92377.92 | I9: 20 | J9: 1500 | K9: =J9/I9 -> 75 | L9: 20 | M9: =F9/V9*60 -> 1436.9388 | N9: =M9/L9 -> 71.846939 | O9: =L9-I9 -> 0 | P9: =N9-K9 -> -3.1530612 | Q9: =N9/K9 -> 0.95795918 | R9: =Q11 -> 0.95612245 | S9: 0.20833333 | T9: 0.27638889 | V9: =(T9-S9)*24*60 -> 98 | AA9: =M9-J9 -> -63.061224 | AB9: =M9/J9 -> 0.95795918 | AC9: =AB11 -> 0.95612245
A10: 新豐2線 | B10: 沙拉 | C10: 青檸烤雞握沙拉(113年) | E10: 39.8 | F10: 6847 | G10: =E10*F10 -> 272510.6 | I10: 17 | J10: 1500 | K10: =J10/I10 -> 88.235294 | L10: 17 | M10: =F10/V10*60 -> 1431.4286 | N10: =M10/L10 -> 84.201681 | O10: =L10-I10 -> 0 | P10: =N10-K10 -> -4.0336134 | Q10: =N10/K10 -> 0.95428571 | S10: 0.28194444 | T10: 0.48125 | U10: =IF(S10=TIME(17,0,0),"",(S10-T9)*24*60) -> 8 | V10: =(T10-S10)*24*60 -> 287 | AA10: =M10-J10 -> -68.571429 | AB10: =M10/J10 -> 0.95428571
A11: 新豐2線 | B11: 平均 | I11: 18.5 | J11: 1500 | K11: =J11/I11 -> 81.081081 | L11: 18.5 | M11: =AVERAGE(M9:M10) -> 1434.1837 | N11: =M11/L11 -> 77.523442 | O11: =L11-I11 -> 0 | P11: =N11-K11 -> -3.5576393 | Q11: =N11/K11 -> 0.95612245 | AA11: =M11-J11 -> -65.816327 | AB11: =M11/J11 -> 0.95612245
A12: 新豐5線 | B12: 小吃 | C12: 剝皮辣椒雞湯 | E12: 41 | F12: 2707 | G12: =E12*F12 -> 110987 | I12: 26 | J12: 1500 | K12: =J12/I12 -> 57.692308 | L12: 26 | M12: =F12/V12*60 -> 1437.3451 | N12: =M12/L12 -> 55.282505 | O12: =L12-I12 -> 0 | P12: =N12-K12 -> -2.4098026 | Q12: =N12/K12 -> 0.95823009 | R12: =Q17 -> 0.95567764 | S12: 0.125 | T12: 0.20347222 | V12: =(T12-S12)*24*60 -> 113 | W12: =T12 -> 0.20347222 | X12: =S13 -> 0.22430556 | AA12: =M12-J12 -> -62.654867 | AB12: =M12/J12 -> 0.95823009 | AC12: =AB17 -> 0.95567764
A13: 新豐5線 | B13: 沙拉 | C13: 青醬優格雞肉握沙拉(113年) | E13: 39.62 | F13: 4624 | G13: =E13*F13 -> 183202.88 | I13: 19 | J13: 1500 | K13: =J13/I13 -> 78.947368 | L13: 19 | M13: =F13/V13*60 -> 1430.1031 | N13: =M13/L13 -> 75.268584 | O13: =L13-I13 -> 0 | P13: =N13-K13 -> -3.6787846 | Q13: =N13/K13 -> 0.95340206 | S13: 0.22430556 | T13: 0.35902778 | U13: =IF(S13=TIME(17,0,0),"",(S13-T12)*24*60) -> 30 | V13: =(T13-S13)*24*60 -> 194 | AA13: =M13-J13 -> -69.896907 | AB13: =M13/J13 -> 0.95340206
A14: 新豐5線 | B14: 熱食義麵 | C14: 焗烤明太子筆尖麵 | E14: 57.3 | F14: 1381 | G14: =E14*F14 -> 79131.3 | I14: 17 | J14: 1500 | K14: =J14/I14 -> 88.235294 | L14: 17 | M14: =F14/V14*60 -> 1428.6207 | N14: =M14/L14 -> 84.036511 | O14: =L14-I14 -> 0 | P14: =N14-K14 -> -4.198783 | Q14: =N14/K14 -> 0.95241379 | S14: 0.36319444 | T14: 0.40347222 | U14: =IF(S14=TIME(17,0,0),"",(S14-T13)*24*60) -> 6 | V14: =(T14-S14)*24*60 -> 58 | AA14: =M14-J14 -> -71.37931 | AB14: =M14/J14 -> 0.95241379
A15: 新豐5線 | B15: 微波主食 | C15: 二配金咖哩濃厚辛辣咖哩飯 | E15: 50.98 | F15: 2829 | G15: =E15*F15 -> 144222.42 | I15: 16 | J15: 2000 | K15: =J15/I15 -> 125 | L15: 16 | M15: =F15/V15*60 -> 1907.191 | N15: =M15/L15 -> 119.19944 | O15: =L15-I15 -> 0 | P15: =N15-K15 -> -5.8005618 | Q15: =N15/K15 -> 0.95359551 | S15: 0.70833333 | T15: 0.77013889 | U15: =IF(S15=TIME(17,0,0),"",(S15-T14)*24*60) | V15: =(T15-S15)*24*60 -> 89 | AA15: =M15-J15 -> -92.808989 | AB15: =M15/J15 -> 0.95359551
A16: 新豐5線 | B16: 微波主食 | C16: 二配金咖哩果香甘口咖哩飯 | E16: 50.92 | F16: 3040 | G16: =E16*F16 -> 154796.8 | I16: 15 | J16: 2000 | K16: =J16/I16 -> 133.33333 | L16: 15 | M16: =F16/V16*60 -> 1920 | N16: =M16/L16 -> 128 | O16: =L16-I16 -> 0 | P16: =N16-K16 -> -5.3333333 | Q16: =N16/K16 -> 0.96 | S16: 0.77569444 | T16: 0.84166667 | U16: =IF(S16=TIME(17,0,0),"",(S16-T15)*24*60) -> 8 | V16: =(T16-S16)*24*60 -> 95 | AA16: =M16-J16 -> -80 | AB16: =M16/J16 -> 0.96
A17: 新豐5線 | B17: 平均 | I17: 18.6 | J17: 1700 | K17: =J17/I17 -> 91.397849 | L17: 18.6 | M17: =AVERAGE(M12:M16) -> 1624.652 | N17: =M17/L17 -> 87.346881 | O17: =L17-I17 -> 0 | P17: =N17-K17 -> -4.0509685 | Q17: =N17/K17 -> 0.95567764 | AA17: =M17-J17 -> -75.348015 | AB17: =M17/J17 -> 0.95567764
A18: 新豐7線 | B18: 小吃 | C18: 古早味炒炊粉 | E18: 43.14 | F18: 1487 | G18: =E18*F18 -> 64149.18 | I18: 17 | J18: 2000 | K18: =J18/I18 -> 117.64706 | L18: 17 | M18: =F18/V18*60 -> 1939.5652 | N18: =M18/L18 -> 114.09207 | O18: =L18-I18 -> 0 | P18: =N18-K18 -> -3.5549872 | Q18: =N18/K18 -> 0.96978261 | R18: =Q24 -> 0.96072483 | S18: 0.20833333 | T18: 0.24027778 | V18: =(T18-S18)*24*60 -> 46 | AA18: =M18-J18 -> -60.434783 | AB18: =M18/J18 -> 0.96978261 | AC18: =AB24 -> 0.96072483
A19: 新豐7線 | B19: 微波主食 | C19: 極上炙烤親子丼 | E19: 53.68 | F19: 2003 | G19: =E19*F19 -> 107521.04 | I19: 16 | J19: 2000 | K19: =J19/I19 -> 125 | L19: 16 | M19: =F19/V19*60 -> 1907.619 | N19: =M19/L19 -> 119.22619 | O19: =L19-I19 -> 0 | P19: =N19-K19 -> -5.7738095 | Q19: =N19/K19 -> 0.95380952 | S19: 0.24375 | T19: 0.2875 | U19: =IF(S19=TIME(17,0,0),"",(S19-T18)*24*60) -> 5 | V19: =(T19-S19)*24*60 -> 63 | AA19: =M19-J19 -> -92.380952 | AB19: =M19/J19 -> 0.95380952
A20: 新豐7線 | B20: 微波主食 | C20: 鐵板滑蛋炸豬排丼 | E20: 57.73 | F20: 3314 | G20: =E20*F20 -> 191317.22 | I20: 15 | J20: 2000 | K20: =J20/I20 -> 133.33333 | L20: 15 | M20: =F20/V20*60 -> 1911.9231 | N20: =M20/L20 -> 127.46154 | O20: =L20-I20 -> 0 | P20: =N20-K20 -> -5.8717949 | Q20: =N20/K20 -> 0.95596154 | S20: 0.29166667 | T20: 0.36388889 | U20: =IF(S20=TIME(17,0,0),"",(S20-T19)*24*60) -> 6 | V20: =(T20-S20)*24*60 -> 104 | AA20: =M20-J20 -> -88.076923 | AB20: =M20/J20 -> 0.95596154
A21: 新豐7線 | B21: 微波主食 | C21: 二配美味蟹煲 | E21: 54.09 | F21: 2314 | G21: =E21*F21 -> 125164.26 | I21: 19 | J21: 2000 | K21: =J21/I21 -> 105.26316 | L21: 19 | M21: =F21/V21*60 -> 1928.3333 | N21: =M21/L21 -> 101.49123 | O21: =L21-I21 -> 0 | P21: =N21-K21 -> -3.7719298 | Q21: =N21/K21 -> 0.96416667 | S21: 0.70833333 | T21: 0.75833333 | U21: =IF(S21=TIME(17,0,0),"",(S21-T20)*24*60) | V21: =(T21-S21)*24*60 -> 72 | AA21: =M21-J21 -> -71.666667 | AB21: =M21/J21 -> 0.96416667
A22: 新豐7線 | B22: 微波主食 | C22: 二配泰式綠咖哩雞 | E22: 48.36 | F22: 3000 | G22: =E22*F22 -> 145080 | H22: 2 | I22: 15 | J22: 2000 | K22: =J22/I22 -> 133.33333 | L22: 15 | M22: =F22/V22*60 -> 1914.8936 | N22: =M22/L22 -> 127.65957 | O22: =L22-I22 -> 0 | P22: =N22-K22 -> -5.6737589 | Q22: =N22/K22 -> 0.95744681 | S22: 0.76180556 | T22: 0.82708333 | U22: =IF(S22=TIME(17,0,0),"",(S22-T21)*24*60) -> 5 | V22: =(T22-S22)*24*60 -> 94 | W22: =T22 -> 0.82708333 | X22: =S23 -> 0.86805556 | AA22: =M22-J22 -> -85.106383 | AB22: =M22/J22 -> 0.95744681
A23: 新豐7線 | B23: 微波主食 | C23: 二配泰式綠咖哩雞 | E23: 48.36 | F23: 2119 | G23: =E23*F23 -> 102474.84 | I23: 15 | J23: 2000 | K23: =J23/I23 -> 133.33333 | L23: 15 | M23: =F23/V23*60 -> 1926.3636 | N23: =M23/L23 -> 128.42424 | O23: =L23-I23 -> 0 | P23: =N23-K23 -> -4.9090909 | Q23: =N23/K23 -> 0.96318182 | S23: 0.86805556 | T23: 0.91388889 | U23: =IF(S23=TIME(17,0,0),"",(S23-T22)*24*60) -> 59 | V23: =(T23-S23)*24*60 -> 66 | AA23: =M23-J23 -> -73.636364 | AB23: =M23/J23 -> 0.96318182
A24: 新豐7線 | B24: 平均 | I24: 16.166667 | J24: 2000 | K24: =J24/I24 -> 123.71134 | L24: 16.166667 | M24: =AVERAGE(M18:M23) -> 1921.4497 | N24: =M24/L24 -> 118.85256 | O24: =L24-I24 -> 0 | P24: =N24-K24 -> -4.8587842 | Q24: =N24/K24 -> 0.96072483 | AA24: =M24-J24 -> -78.550345 | AB24: =M24/J24 -> 0.96072483
A25: 新豐8線 | B25: 三明治 | C25: 紐奧良風味烤雞鮮蔬三明治 | E25: 31.29 | F25: 6200 | G25: =E25*F25 -> 193998 | H25: 2 | I25: 18 | J25: 2400 | K25: =J25/I25 -> 133.33333 | L25: 18 | M25: =F25/V25*60 -> 2296.2963 | N25: =M25/L25 -> 127.57202 | O25: =L25-I25 -> 0 | P25: =N25-K25 -> -5.7613169 | Q25: =N25/K25 -> 0.95679012 | R25: =Q32 -> 0.95565807 | S25: 0.083333333 | T25: 0.19583333 | V25: =(T25-S25)*24*60 -> 162 | W25: =T25 -> 0.19583333 | X25: =S26 -> 0.21319444 | AA25: =M25-J25 -> -103.7037 | AB25: =M25/J25 -> 0.95679012 | AC25: =AB32 -> 0.95565807
A26: 新豐8線 | B26: 三明治 | C26: 陽光地瓜總匯三明治 | E26: 26.18 | F26: 3809 | G26: =E26*F26 -> 99719.62 | I26: 19 | J26: 2400 | K26: =J26/I26 -> 126.31579 | L26: 19 | M26: =F26/V26*60 -> 2285.4 | N26: =M26/L26 -> 120.28421 | O26: =L26-I26 -> 0 | P26: =N26-K26 -> -6.0315789 | Q26: =N26/K26 -> 0.95225 | S26: 0.21319444 | T26: 0.28263889 | U26: =(S26-T25)*24*60 -> 25 | V26: =(T26-S26)*24*60 -> 100 | AA26: =M26-J26 -> -114.6 | AB26: =M26/J26 -> 0.95225
A27: 新豐8線 | B27: 三明治 | C27: 好多菜三明治 | E27: 26.2 | F27: 4830 | G27: =E27*F27 -> 126546 | I27: 19 | J27: 2400 | K27: =J27/I27 -> 126.31579 | L27: 19 | M27: =F27/V27*60 -> 2300 | N27: =M27/L27 -> 121.05263 | O27: =L27-I27 -> 0 | P27: =N27-K27 -> -5.2631579 | Q27: =N27/K27 -> 0.95833333 | S27: 0.28611111 | T27: 0.37361111 | U27: =(S27-T26)*24*60 -> 5 | V27: =(T27-S27)*24*60 -> 126 | AA27: =M27-J27 -> -100 | AB27: =M27/J27 -> 0.95833333
A28: 新豐8線 | B28: 三明治 | C28: 經典總匯三明治 | E28: 26.2 | F28: 3300 | G28: =E28*F28 -> 86460 | H28: 2 | I28: 20 | J28: 2400 | K28: =J28/I28 -> 120 | L28: 20 | M28: =F28/V28*60 -> 2302.3256 | N28: =M28/L28 -> 115.11628 | O28: =L28-I28 -> 0 | P28: =N28-K28 -> -4.8837209 | Q28: =N28/K28 -> 0.95930233 | S28: 0.37777778 | T28: 0.4375 | U28: =(S28-T27)*24*60 -> 6 | V28: =(T28-S28)*24*60 -> 86 | AA28: =M28-J28 -> -97.674419 | AB28: =M28/J28 -> 0.95930233
A29: 新豐8線 | B29: 三明治 | C29: 雞蛋沙拉三明治(114年) | E29: 24.83 | F29: 4501 | G29: =E29*F29 -> 111759.83 | H29: 2 | I29: 15 | J29: 2400 | K29: =J29/I29 -> 160 | L29: 15 | M29: =F29/V29*60 -> 2288.6441 | N29: =M29/L29 -> 152.57627 | O29: =L29-I29 -> 0 | P29: =N29-K29 -> -7.4237288 | Q29: =N29/K29 -> 0.95360169 | S29: 0.44097222 | T29: 0.52291667 | U29: =(S29-T28)*24*60 -> 5 | V29: =(T29-S29)*24*60 -> 118 | W29: =T29 -> 0.52291667 | X29: =S30 -> 0.56388889 | AA29: =M29-J29 -> -111.35593 | AB29: =M29/J29 -> 0.95360169
A30: 新豐8線 | B30: 三明治 | C30: 雞蛋沙拉三明治(114年) | E30: 24.83 | F30: 3665 | G30: =E30*F30 -> 91001.95 | I30: 15 | J30: 2400 | K30: =J30/I30 -> 160 | L30: 15 | M30: =F30/V30*60 -> 2290.625 | N30: =M30/L30 -> 152.70833 | O30: =L30-I30 -> 0 | P30: =N30-K30 -> -7.2916667 | Q30: =N30/K30 -> 0.95442708 | S30: 0.56388889 | T30: 0.63055556 | U30: =(S30-T29)*24*60 -> 59 | V30: =(T30-S30)*24*60 -> 96 | AA30: =M30-J30 -> -109.375 | AB30: =M30/J30 -> 0.95442708
A31: 新豐8線 | B31: 三明治 | C31: 紐奧良風味烤雞鮮蔬三明治 | E31: 31.29 | F31: 3896 | G31: =E31*F31 -> 121905.84 | I31: 18 | J31: 2400 | K31: =J31/I31 -> 133.33333 | L31: 18 | M31: =F31/V31*60 -> 2291.7647 | N31: =M31/L31 -> 127.32026 | O31: =L31-I31 -> 0 | P31: =N31-K31 -> -6.0130719 | Q31: =N31/K31 -> 0.95490196 | S31: 0.63402778 | T31: 0.70486111 | U31: =(S31-T30)*24*60 -> 5 | V31: =(T31-S31)*24*60 -> 102 | AA31: =M31-J31 -> -108.23529 | AB31: =M31/J31 -> 0.95490196
A32: 新豐8線 | B32: 平均 | I32: 17.714286 | J32: 2400 | K32: =J32/I32 -> 135.48387 | L32: 17.714286 | M32: =AVERAGE(M25:M31) -> 2293.5794 | N32: =M32/L32 -> 129.47626 | O32: =L32-I32 -> 0 | P32: =N32-K32 -> -6.0076157 | Q32: =N32/K32 -> 0.95565807 | AA32: =M32-J32 -> -106.42062 | AB32: =M32/J32 -> 0.95565807
A33: 新豐9線 | B33: 三明治 | C33: 鮪魚起司溏心蛋三明治 | E33: 26.2 | F33: 5000 | G33: =E33*F33 -> 131000 | H33: 2 | I33: 18 | J33: 2400 | K33: =J33/I33 -> 133.33333 | L33: 18 | M33: =F33/V33*60 -> 2290.0763 | N33: =M33/L33 -> 127.22646 | O33: =L33-I33 -> 0 | P33: =N33-K33 -> -6.1068702 | Q33: =N33/K33 -> 0.95419847 | R33: =Q41 -> 0.95570084 | S33: 0.083333333 | T33: 0.17430556 | V33: =(T33-S33)*24*60 -> 131 | W33: =T33 -> 0.17430556 | X33: =S34 -> 0.19375 | AA33: =M33-J33 -> -109.92366 | AB33: =M33/J33 -> 0.95419847 | AC33: =AB41 -> 0.95570084
A34: 新豐9線 | B34: 三明治 | C34: 醬燒烤雞三明治 | E34: 26.39 | F34: 4500 | G34: =E34*F34 -> 118755 | H34: 2 | I34: 19 | J34: 2400 | K34: =J34/I34 -> 126.31579 | L34: 19 | M34: =F34/V34*60 -> 2288.1356 | N34: =M34/L34 -> 120.42819 | O34: =L34-I34 -> 0 | P34: =N34-K34 -> -5.8876004 | Q34: =N34/K34 -> 0.95338983 | S34: 0.19375 | T34: 0.27569444 | U34: =(S34-T33)*24*60 -> 28 | V34: =(T34-S34)*24*60 -> 118 | AA34: =M34-J34 -> -111.86441 | AB34: =M34/J34 -> 0.95338983
A35: 新豐9線 | B35: 三明治 | C35: 肉鬆火腿三明治 | E35: 20.52 | F35: 5400 | G35: =E35*F35 -> 110808 | I35: 18 | J35: 2400 | K35: =J35/I35 -> 133.33333 | L35: 18 | M35: =F35/V35*60 -> 2281.6901 | N35: =M35/L35 -> 126.76056 | O35: =L35-I35 -> 0 | P35: =N35-K35 -> -6.57277 | Q35: =N35/K35 -> 0.95070423 | S35: 0.27986111 | T35: 0.37847222 | U35: =(S35-T34)*24*60 -> 6 | V35: =(T35-S35)*24*60 -> 142 | AA35: =M35-J35 -> -118.30986 | AB35: =M35/J35 -> 0.95070423
A36: 新豐9線 | B36: 三明治 | C36: 藍莓優格三明治(114年) | E36: 22.35 | F36: 2615 | G36: =E36*F36 -> 58445.25 | I36: 16 | J36: 2400 | K36: =J36/I36 -> 150 | L36: 16 | M36: =F36/V36*60 -> 2307.3529 | N36: =M36/L36 -> 144.20956 | O36: =L36-I36 -> 0 | P36: =N36-K36 -> -5.7904412 | Q36: =N36/K36 -> 0.96139706 | S36: 0.38333333 | T36: 0.43055556 | U36: =(S36-T35)*24*60 -> 7 | V36: =(T36-S36)*24*60 -> 68 | AA36: =M36-J36 -> -92.647059 | AB36: =M36/J36 -> 0.96139706
A37: 新豐9線 | B37: 三明治 | C37: 經典火腿玉米蛋三明治 | E37: 24.43 | F37: 4000 | G37: =E37*F37 -> 97720 | H37: 2 | I37: 15 | J37: 2400 | K37: =J37/I37 -> 160 | L37: 15 | M37: =F37/V37*60 -> 2285.7143 | N37: =M37/L37 -> 152.38095 | O37: =L37-I37 -> 0 | P37: =N37-K37 -> -7.6190476 | Q37: =N37/K37 -> 0.95238095 | S37: 0.43472222 | T37: 0.50763889 | U37: =(S37-T36)*24*60 -> 6 | V37: =(T37-S37)*24*60 -> 105 | W37: =T37 -> 0.50763889 | X37: =S38 -> 0.54652778 | AA37: =M37-J37 -> -114.28571 | AB37: =M37/J37 -> 0.95238095
A38: 新豐9線 | B38: 三明治 | C38: 經典火腿玉米蛋三明治 | E38: 24.43 | F38: 5132 | G38: =E38*F38 -> 125374.76 | I38: 15 | J38: 2400 | K38: =J38/I38 -> 160 | L38: 15 | M38: =F38/V38*60 -> 2297.9104 | N38: =M38/L38 -> 153.19403 | O38: =L38-I38 -> 0 | P38: =N38-K38 -> -6.8059701 | Q38: =N38/K38 -> 0.95746269 | S38: 0.54652778 | T38: 0.63958333 | U38: =(S38-T37)*24*60 -> 56 | V38: =(T38-S38)*24*60 -> 134 | AA38: =M38-J38 -> -102.08955 | AB38: =M38/J38 -> 0.95746269
A39: 新豐9線 | B39: 三明治 | C39: 鮪魚起司溏心蛋三明治 | E39: 26.2 | F39: 2505 | G39: =E39*F39 -> 65631 | I39: 18 | J39: 2400 | K39: =J39/I39 -> 133.33333 | L39: 18 | M39: =F39/V39*60 -> 2312.3077 | N39: =M39/L39 -> 128.46154 | O39: =L39-I39 -> 0 | P39: =N39-K39 -> -4.8717949 | Q39: =N39/K39 -> 0.96346154 | S39: 0.64375 | T39: 0.68888889 | U39: =(S39-T38)*24*60 -> 6 | V39: =(T39-S39)*24*60 -> 65 | AA39: =M39-J39 -> -87.692308 | AB39: =M39/J39 -> 0.96346154
A40: 新豐9線 | B40: 三明治 | C40: 醬燒烤雞三明治 | E40: 26.39 | F40: 2553 | G40: =E40*F40 -> 67373.67 | I40: 19 | J40: 2400 | K40: =J40/I40 -> 126.31579 | L40: 19 | M40: =F40/V40*60 -> 2286.2687 | N40: =M40/L40 -> 120.32993 | O40: =L40-I40 -> 0 | P40: =N40-K40 -> -5.9858602 | Q40: =N40/K40 -> 0.95261194 | S40: 0.69236111 | T40: 0.73888889 | U40: =(S40-T39)*24*60 -> 5 | V40: =(T40-S40)*24*60 -> 67 | AA40: =M40-J40 -> -113.73134 | AB40: =M40/J40 -> 0.95261194
A41: 新豐9線 | B41: 平均 | I41: 17.25 | J41: 2400 | K41: =J41/I41 -> 139.13043 | L41: 17.25 | M41: =AVERAGE(M33:M40) -> 2293.682 | N41: =M41/L41 -> 132.96707 | O41: =L41-I41 -> 0 | P41: =N41-K41 -> -6.1633616 | Q41: =N41/K41 -> 0.95570084 | AA41: =M41-J41 -> -106.31799 | AB41: =M41/J41 -> 0.95570084
A42: 新豐3線 | B42: 調理麵包 | C42: 豬肉起司堡 | E42: 21.13 | F42: 3100 | G42: =E42*F42 -> 65503 | H42: 2 | I42: 10 | J42: 3000 | K42: =J42/I42 -> 300 | L42: 10 | M42: =F42/V42*60 -> 2861.5385 | N42: =M42/L42 -> 286.15385 | O42: =L42-I42 -> 0 | P42: =N42-K42 -> -13.846154 | Q42: =N42/K42 -> 0.95384615 | R42: =Q52 -> 0.95780493 | S42: 0.083333333 | T42: 0.12847222 | V42: =(T42-S42)*24*60 -> 65 | W42: =T42 -> 0.12847222 | X42: =S43 -> 0.14791667 | AA42: =M42-J42 -> -138.46154 | AB42: =M42/J42 -> 0.95384615 | AC42: =AB52 -> 0.95780493
A43: 新豐3線 | B43: 調理麵包 | C43: 豬肉起司蛋堡 | E43: 27.17 | F43: 4000 | G43: =E43*F43 -> 108680 | H43: 2 | I43: 10 | J43: 3000 | K43: =J43/I43 -> 300 | L43: 10 | M43: =F43/V43*60 -> 2857.1429 | N43: =M43/L43 -> 285.71429 | O43: =L43-I43 -> 0 | P43: =N43-K43 -> -14.285714 | Q43: =N43/K43 -> 0.95238095 | S43: 0.14791667 | T43: 0.20625 | U43: =(S43-T42)*24*60 -> 28 | V43: =(T43-S43)*24*60 -> 84 | AA43: =M43-J43 -> -142.85714 | AB43: =M43/J43 -> 0.95238095
A44: 新豐3線 | B44: 調理麵包 | C44: 經典雙牛起司堡(113年) | E44: 35.12 | F44: 4900 | G44: =E44*F44 -> 172088 | I44: 10 | J44: 3000 | K44: =J44/I44 -> 300 | L44: 10 | M44: =F44/V44*60 -> 2882.3529 | N44: =M44/L44 -> 288.23529 | O44: =L44-I44 -> 0 | P44: =N44-K44 -> -11.764706 | Q44: =N44/K44 -> 0.96078431 | S44: 0.21111111 | T44: 0.28194444 | U44: =(S44-T43)*24*60 -> 7 | V44: =(T44-S44)*24*60 -> 102 | AA44: =M44-J44 -> -117.64706 | AB44: =M44/J44 -> 0.96078431
A45: 新豐3線 | B45: 調理麵包 | C45: 美式雞腿堡 | E45: 35.87 | F45: 3139 | G45: =E45*F45 -> 112595.93 | I45: 10 | J45: 3000 | K45: =J45/I45 -> 300 | L45: 10 | M45: =F45/V45*60 -> 2853.6364 | N45: =M45/L45 -> 285.36364 | O45: =L45-I45 -> 0 | P45: =N45-K45 -> -14.636364 | Q45: =N45/K45 -> 0.95121212 | S45: 0.28541667 | T45: 0.33125 | U45: =(S45-T44)*24*60 -> 5 | V45: =(T45-S45)*24*60 -> 66 | AA45: =M45-J45 -> -146.36364 | AB45: =M45/J45 -> 0.95121212
A46: 新豐3線 | B46: 調理麵包 | C46: 泰式酸辣炸雞堡 | E46: 36.14 | F46: 1664 | G46: =E46*F46 -> 60136.96 | I46: 8 | J46: 3000 | K46: =J46/I46 -> 375 | L46: 8 | M46: =F46/V46*60 -> 2936.4706 | N46: =M46/L46 -> 367.05882 | O46: =L46-I46 -> 0 | P46: =N46-K46 -> -7.9411765 | Q46: =N46/K46 -> 0.97882353 | S46: 0.33541667 | T46: 0.35902778 | U46: =(S46-T45)*24*60 -> 6 | V46: =(T46-S46)*24*60 -> 34 | AA46: =M46-J46 -> -63.529412 | AB46: =M46/J46 -> 0.97882353
A47: 新豐3線 | B47: 調理麵包 | C47: 厚豆腐蛋白蕈菇豬肉堡 | E47: 34.36 | F47: 3213 | G47: =E47*F47 -> 110398.68 | I47: 10 | J47: 3000 | K47: =J47/I47 -> 300 | L47: 10 | M47: =F47/V47*60 -> 2877.3134 | N47: =M47/L47 -> 287.73134 | O47: =L47-I47 -> 0 | P47: =N47-K47 -> -12.268657 | Q47: =N47/K47 -> 0.95910448 | S47: 0.36458333 | T47: 0.41111111 | U47: =(S47-T46)*24*60 -> 8 | V47: =(T47-S47)*24*60 -> 67 | AA47: =M47-J47 -> -122.68657 | AB47: =M47/J47 -> 0.95910448
A48: 新豐3線 | B48: 調理麵包 | C48: 排骨雞起司炒麵麵包 | E48: 31 | F48: 4200 | G48: =E48*F48 -> 130200 | H48: 2 | I48: 13 | J48: 2000 | K48: =J48/I48 -> 153.84615 | L48: 13 | M48: =F48/V48*60 -> 1909.0909 | N48: =M48/L48 -> 146.85315 | O48: =L48-I48 -> 0 | P48: =N48-K48 -> -6.993007 | Q48: =N48/K48 -> 0.95454545 | S48: 0.41666667 | T48: 0.50833333 | U48: =(S48-T47)*24*60 -> 8 | V48: =(T48-S48)*24*60 -> 132 | W48: =T48 -> 0.50833333 | X48: =S49 -> 0.54652778 | AA48: =M48-J48 -> -90.909091 | AB48: =M48/J48 -> 0.95454545
A49: 新豐3線 | B49: 調理麵包 | C49: 排骨雞起司炒麵麵包 | E49: 31 | F49: 2062 | G49: =E49*F49 -> 63922 | I49: 13 | J49: 2000 | K49: =J49/I49 -> 153.84615 | L49: 13 | M49: =F49/V49*60 -> 1903.3846 | N49: =M49/L49 -> 146.4142 | O49: =L49-I49 -> 0 | P49: =N49-K49 -> -7.4319527 | Q49: =N49/K49 -> 0.95169231 | S49: 0.54652778 | T49: 0.59166667 | U49: =(S49-T48)*24*60 -> 55 | V49: =(T49-S49)*24*60 -> 65 | AA49: =M49-J49 -> -96.615385 | AB49: =M49/J49 -> 0.95169231
A50: 新豐3線 | B50: 調理麵包 | C50: 豬肉起司蛋堡 | E50: 27.17 | F50: 2820 | G50: =E50*F50 -> 76619.4 | I50: 10 | J50: 3000 | K50: =J50/I50 -> 300 | L50: 10 | M50: =F50/V50*60 -> 2867.7966 | N50: =M50/L50 -> 286.77966 | O50: =L50-I50 -> 0 | P50: =N50-K50 -> -13.220339 | Q50: =N50/K50 -> 0.9559322 | S50: 0.59722222 | T50: 0.63819444 | U50: =(S50-T49)*24*60 -> 8 | V50: =(T50-S50)*24*60 -> 59 | AA50: =M50-J50 -> -132.20339 | AB50: =M50/J50 -> 0.9559322
A51: 新豐3線 | B51: 調理麵包 | C51: 豬肉起司堡 | E51: 21.13 | F51: 2535 | G51: =E51*F51 -> 53564.55 | I51: 10 | J51: 3000 | K51: =J51/I51 -> 300 | L51: 10 | M51: =F51/V51*60 -> 2869.8113 | N51: =M51/L51 -> 286.98113 | O51: =L51-I51 -> 0 | P51: =N51-K51 -> -13.018868 | Q51: =N51/K51 -> 0.95660377 | S51: 0.64166667 | T51: 0.67847222 | U51: =(S51-T50)*24*60 -> 5 | V51: =(T51-S51)*24*60 -> 53 | AA51: =M51-J51 -> -130.18868 | AB51: =M51/J51 -> 0.95660377
A52: 新豐3線 | B52: 平均 | I52: 10.4 | J52: 2800 | K52: =J52/I52 -> 269.23077 | L52: 10.4 | M52: =AVERAGE(M42:M51) -> 2681.8538 | N52: =M52/L52 -> 257.87056 | O52: =L52-I52 -> 0 | P52: =N52-K52 -> -11.360211 | Q52: =N52/K52 -> 0.95780493 | AA52: =M52-J52 -> -118.14619 | AB52: =M52/J52 -> 0.95780493
A53: 新豐1線 | B53: 沙拉 | C53: 蔥鹽雞肉麵沙拉(114年) | E53: 46 | F53: 2903 | G53: =E53*F53 -> 133538 | I53: 17 | J53: 2000 | K53: =J53/I53 -> 117.64706 | L53: 17 | M53: =F53/V53*60 -> 1914.0659 | N53: =M53/L53 -> 112.59211 | O53: =L53-I53 -> 0 | P53: =N53-K53 -> -5.0549451 | Q53: =N53/K53 -> 0.95703297 | R53: =Q59 -> 0.95692901 | S53: 0.20833333 | T53: 0.27152778 | V53: =(T53-S53)*24*60 -> 91 | AA53: =M53-J53 -> -85.934066 | AB53: =M53/J53 -> 0.95703297 | AC53: =AB59 -> 0.95692901
A54: 新豐1線 | B54: 沙拉 | C54: 莎莎烤雞麵沙拉 | E54: 46 | F54: 3020 | G54: =E54*F54 -> 138920 | I54: 17 | J54: 2000 | K54: =J54/I54 -> 117.64706 | L54: 17 | M54: =F54/V54*60 -> 1907.3684 | N54: =M54/L54 -> 112.19814 | O54: =L54-I54 -> 0 | P54: =N54-K54 -> -5.4489164 | Q54: =N54/K54 -> 0.95368421 | S54: 0.275 | T54: 0.34097222 | U54: =IF(S54=TIME(17,0,0),"",(S54-T53)*24*60) -> 5 | V54: =(T54-S54)*24*60 -> 95 | AA54: =M54-J54 -> -92.631579 | AB54: =M54/J54 -> 0.95368421
A55: 新豐1線 | B55: 微波主食 | C55: 二配香辣醬蒜味香腸蛋炒飯 | E55: 55.56 | F55: 2304 | G55: =E55*F55 -> 128010.24 | I55: 17 | J55: 2000 | K55: =J55/I55 -> 117.64706 | L55: 17 | M55: =F55/V55*60 -> 1920 | N55: =M55/L55 -> 112.94118 | O55: =L55-I55 -> 0 | P55: =N55-K55 -> -4.7058824 | Q55: =N55/K55 -> 0.96 | S55: 0.70833333 | T55: 0.75833333 | U55: =IF(S55=TIME(17,0,0),"",(S55-T54)*24*60) | V55: =(T55-S55)*24*60 -> 72 | AA55: =M55-J55 -> -80 | AB55: =M55/J55 -> 0.96
A56: 新豐1線 | B56: 微波主食 | C56: 二配香拌海鮮醬肉絲蛋炒飯 | E56: 55.32 | F56: 1790 | G56: =E56*F56 -> 99022.8 | I56: 15 | J56: 2000 | K56: =J56/I56 -> 133.33333 | L56: 15 | M56: =F56/V56*60 -> 1917.8571 | N56: =M56/L56 -> 127.85714 | O56: =L56-I56 -> 0 | P56: =N56-K56 -> -5.4761905 | Q56: =N56/K56 -> 0.95892857 | S56: 0.76319444 | T56: 0.80208333 | U56: =IF(S56=TIME(17,0,0),"",(S56-T55)*24*60) -> 7 | V56: =(T56-S56)*24*60 -> 56 | AA56: =M56-J56 -> -82.142857 | AB56: =M56/J56 -> 0.95892857
A57: 新豐1線 | B57: 微波主食 | C57: 二配粗飽系雞排炒飯(114年) | E57: 55.12 | F57: 1500 | G57: =E57*F57 -> 82680 | H57: 2 | I57: 16 | J57: 1500 | K57: =J57/I57 -> 93.75 | L57: 16 | M57: =F57/V57*60 -> 1428.5714 | N57: =M57/L57 -> 89.285714 | O57: =L57-I57 -> 0 | P57: =N57-K57 -> -4.4642857 | Q57: =N57/K57 -> 0.95238095 | S57: 0.80555556 | T57: 0.84930556 | U57: =IF(S57=TIME(17,0,0),"",(S57-T56)*24*60) -> 5 | V57: =(T57-S57)*24*60 -> 63 | W57: =T57 -> 0.84930556 | X57: =S58 -> 0.88958333 | AA57: =M57-J57 -> -71.428571 | AB57: =M57/J57 -> 0.95238095
A58: 新豐1線 | B58: 微波主食 | C58: 二配粗飽系雞排炒飯(114年) | E58: 55.12 | F58: 3500 | G58: =E58*F58 -> 192920 | I58: 16 | J58: 1500 | K58: =J58/I58 -> 93.75 | L58: 16 | M58: =F58/V58*60 -> 1438.3562 | N58: =M58/L58 -> 89.89726 | O58: =L58-I58 -> 0 | P58: =N58-K58 -> -3.8527397 | Q58: =N58/K58 -> 0.95890411 | S58: 0.88958333 | T58: 0.99097222 | U58: =IF(S58=TIME(17,0,0),"",(S58-T57)*24*60) -> 58 | V58: =(T58-S58)*24*60 -> 146 | AA58: =M58-J58 -> -61.643836 | AB58: =M58/J58 -> 0.95890411
A59: 新豐1線 | B59: 平均 | I59: 16.333333 | J59: 1833.3333 | K59: =J59/I59 -> 112.2449 | L59: 16.333333 | M59: =AVERAGE(M53:M58) -> 1754.3698 | N59: =M59/L59 -> 107.4104 | O59: =L59-I59 -> 0 | P59: =N59-K59 -> -4.8344991 | Q59: =N59/K59 -> 0.95692901 | AA59: =M59-J59 -> -78.963485 | AB59: =M59/J59 -> 0.95692901
A60: 新豐10線 | B60: 沙拉 | C60: 溏心蛋洋芋沙拉 | E60: 26.97 | F60: 3301 | G60: =E60*F60 -> 89027.97 | I60: 8 | J60: 1500 | K60: =J60/I60 -> 187.5 | L60: 8 | M60: =F60/V60*60 -> 1435.2174 | N60: =M60/L60 -> 179.40217 | O60: =L60-I60 -> 0 | P60: =N60-K60 -> -8.0978261 | Q60: =N60/K60 -> 0.95681159 | R60: =Q66 -> 0.9603479 | S60: 0.20833333 | T60: 0.30416667 | V60: =(T60-S60)*24*60 -> 138 | AA60: =M60-J60 -> -64.782609 | AB60: =M60/J60 -> 0.95681159 | AC60: =AB66 -> 0.9603479
A61: 新豐10線 | B61: 調理麵包 | C61: 香雞蛋堡(112年) | E61: 26.78 | F61: 2819 | G61: =E61*F61 -> 75492.82 | I61: 10 | J61: 3000 | K61: =J61/I61 -> 300 | L61: 10 | M61: =F61/V61*60 -> 2866.7797 | N61: =M61/L61 -> 286.67797 | O61: =L61-I61 -> 0 | P61: =N61-K61 -> -13.322034 | Q61: =N61/K61 -> 0.95559322 | S61: 0.30763889 | T61: 0.34861111 | U61: =(S61-T60)*24*60 -> 5 | V61: =(T61-S61)*24*60 -> 59 | AA61: =M61-J61 -> -133.22034 | AB61: =M61/J61 -> 0.95559322
A62: 新豐10線 | B62: 調理麵包 | C62: 黃金魚堡 | E62: 35.37 | F62: 1649 | G62: =E62*F62 -> 58325.13 | I62: 10 | J62: 3000 | K62: =J62/I62 -> 300 | L62: 10 | M62: =F62/V62*60 -> 2910 | N62: =M62/L62 -> 291 | O62: =L62-I62 -> 0 | P62: =N62-K62 -> -9 | Q62: =N62/K62 -> 0.97 | S62: 0.35208333 | T62: 0.37569444 | U62: =(S62-T61)*24*60 -> 5 | V62: =(T62-S62)*24*60 -> 34 | AA62: =M62-J62 -> -90 | AB62: =M62/J62 -> 0.97
A63: 新豐10線 | B63: 調理麵包 | C63: 蜂蜜芥末辣雞堡 | E63: 37.88 | F63: 4075 | G63: =E63*F63 -> 154361 | I63: 11 | J63: 3000 | K63: =J63/I63 -> 272.72727 | L63: 11 | M63: =F63/V63*60 -> 2876.4706 | N63: =M63/L63 -> 261.49733 | O63: =L63-I63 -> 0 | P63: =N63-K63 -> -11.229947 | Q63: =N63/K63 -> 0.95882353 | S63: 0.37986111 | T63: 0.43888889 | U63: =(S63-T62)*24*60 -> 6 | V63: =(T63-S63)*24*60 -> 85 | AA63: =M63-J63 -> -123.52941 | AB63: =M63/J63 -> 0.95882353
A64: 新豐10線 | B64: 調理麵包 | C64: 經典美式起司巨牛堡 | E64: 38.72 | F64: 4200 | G64: =E64*F64 -> 162624 | H64: 2 | I64: 10 | J64: 3000 | K64: =J64/I64 -> 300 | L64: 10 | M64: =F64/V64*60 -> 2863.6364 | N64: =M64/L64 -> 286.36364 | O64: =L64-I64 -> 0 | P64: =N64-K64 -> -13.636364 | Q64: =N64/K64 -> 0.95454545 | S64: 0.44375 | T64: 0.50486111 | U64: =(S64-T63)*24*60 -> 7 | V64: =(T64-S64)*24*60 -> 88 | W64: =T64 -> 0.50486111 | X64: =S65 -> 0.54583333 | AA64: =M64-J64 -> -136.36364 | AB64: =M64/J64 -> 0.95454545
A65: 新豐10線 | B65: 調理麵包 | C65: 經典美式起司巨牛堡 | E65: 38.72 | F65: 2122 | G65: =E65*F65 -> 82163.84 | I65: 10 | J65: 3000 | K65: =J65/I65 -> 300 | L65: 10 | M65: =F65/V65*60 -> 2893.6364 | N65: =M65/L65 -> 289.36364 | O65: =L65-I65 -> 0 | P65: =N65-K65 -> -10.636364 | Q65: =N65/K65 -> 0.96454545 | S65: 0.54583333 | T65: 0.57638889 | U65: =(S65-T64)*24*60 -> 59 | V65: =(T65-S65)*24*60 -> 44 | AA65: =M65-J65 -> -106.36364 | AB65: =M65/J65 -> 0.96454545
A66: 新豐10線 | B66: 平均 | I66: 9.8333333 | J66: 2750 | K66: =J66/I66 -> 279.66102 | L66: 9.8333333 | M66: =AVERAGE(M60:M65) -> 2640.9567 | N66: =M66/L66 -> 268.57187 | O66: =L66-I66 -> 0 | P66: =N66-K66 -> -11.089146 | Q66: =N66/K66 -> 0.9603479 | AA66: =M66-J66 -> -109.04327 | AB66: =M66/J66 -> 0.9603479
A67: 新豐4線 | B67: 三明治 | C67: 香鬆起司蛋三明治(114年) | E67: 20.2 | F67: 2719 | G67: =E67*F67 -> 54923.8 | I67: 19 | J67: 2400 | K67: =J67/I67 -> 126.31579 | L67: 19 | M67: =F67/V67*60 -> 2297.7465 | N67: =M67/L67 -> 120.93403 | O67: =L67-I67 -> 0 | P67: =N67-K67 -> -5.3817643 | Q67: =N67/K67 -> 0.95739437 | R67: =Q77 -> 0.95742941 | S67: 0.083333333 | T67: 0.13263889 | V67: =(T67-S67)*24*60 -> 71 | W67: =T67 -> 0.13263889 | X67: =S68 -> 0.15277778 | AA67: =M67-J67 -> -102.25352 | AB67: =M67/J67 -> 0.95739437 | AC67: =AB77 -> 0.95742941
A68: 新豐4線 | B68: 三明治 | C68: 龍蝦風味總匯三明治 | E68: 25.98 | F68: 1490 | G68: =E68*F68 -> 38710.2 | I68: 17 | J68: 2400 | K68: =J68/I68 -> 141.17647 | L68: 17 | M68: =F68/V68*60 -> 2292.3077 | N68: =M68/L68 -> 134.84163 | O68: =L68-I68 -> 0 | P68: =N68-K68 -> -6.3348416 | Q68: =N68/K68 -> 0.95512821 | S68: 0.15277778 | T68: 0.17986111 | U68: =(S68-T67)*24*60 -> 29 | V68: =(T68-S68)*24*60 -> 39 | AA68: =M68-J68 -> -107.69231 | AB68: =M68/J68 -> 0.95512821
A69: 新豐4線 | B69: 三明治 | C69: 花生芝麻麻糬三明治 | E69: 24.25 | F69: 3100 | G69: =E69*F69 -> 75175 | I69: 17 | J69: 2400 | K69: =J69/I69 -> 141.17647 | L69: 17 | M69: =F69/V69*60 -> 2296.2963 | N69: =M69/L69 -> 135.07625 | O69: =L69-I69 -> 0 | P69: =N69-K69 -> -6.1002179 | Q69: =N69/K69 -> 0.95679012 | S69: 0.18333333 | T69: 0.23958333 | U69: =(S69-T68)*24*60 -> 5 | V69: =(T69-S69)*24*60 -> 81 | AA69: =M69-J69 -> -103.7037 | AB69: =M69/J69 -> 0.95679012
A70: 新豐4線 | B70: 三明治 | C70: 瘋狂起司三明治(113年) | E70: 24.45 | F70: 2568 | G70: =E70*F70 -> 62787.6 | I70: 20 | J70: 2400 | K70: =J70/I70 -> 120 | L70: 20 | M70: =F70/V70*60 -> 2299.7015 | N70: =M70/L70 -> 114.98507 | O70: =L70-I70 -> 0 | P70: =N70-K70 -> -5.0149254 | Q70: =N70/K70 -> 0.95820896 | S70: 0.24305556 | T70: 0.28958333 | U70: =(S70-T69)*24*60 -> 5 | V70: =(T70-S70)*24*60 -> 67 | AA70: =M70-J70 -> -100.29851 | AB70: =M70/J70 -> 0.95820896
A71: 新豐4線 | B71: 三明治 | C71: 泰奶奶蓋QQ三明治 | E71: 24.25 | F71: 4533 | G71: =E71*F71 -> 109925.25 | I71: 14 | J71: 2400 | K71: =J71/I71 -> 171.42857 | L71: 14 | M71: =F71/V71*60 -> 2285.5462 | N71: =M71/L71 -> 163.2533 | O71: =L71-I71 -> 0 | P71: =N71-K71 -> -8.1752701 | Q71: =N71/K71 -> 0.95231092 | S71: 0.29444444 | T71: 0.37708333 | U71: =(S71-T70)*24*60 -> 7 | V71: =(T71-S71)*24*60 -> 119 | AA71: =M71-J71 -> -114.45378 | AB71: =M71/J71 -> 0.95231092
A72: 新豐4線 | B72: 三明治 | C72: 火腿起司蛋三明治 | E72: 19.02 | F72: 4500 | G72: =E72*F72 -> 85590 | H72: 2 | I72: 15 | J72: 2400 | K72: =J72/I72 -> 160 | L72: 15 | M72: =F72/V72*60 -> 2288.1356 | N72: =M72/L72 -> 152.54237 | O72: =L72-I72 -> 0 | P72: =N72-K72 -> -7.4576271 | Q72: =N72/K72 -> 0.95338983 | S72: 0.38263889 | T72: 0.46458333 | U72: =(S72-T71)*24*60 -> 8 | V72: =(T72-S72)*24*60 -> 118 | AA72: =M72-J72 -> -111.86441 | AB72: =M72/J72 -> 0.95338983
A73: 新豐4線 | B73: 三明治 | C73: 輕乳酪巧克力三明治 | E73: 20.52 | F73: 2200 | G73: =E73*F73 -> 45144 | H73: 2 | I73: 18 | J73: 2400 | K73: =J73/I73 -> 133.33333 | L73: 18 | M73: =F73/V73*60 -> 2315.7895 | N73: =M73/L73 -> 128.65497 | O73: =L73-I73 -> 0 | P73: =N73-K73 -> -4.6783626 | Q73: =N73/K73 -> 0.96491228 | S73: 0.46805556 | T73: 0.50763889 | U73: =(S73-T72)*24*60 -> 5 | V73: =(T73-S73)*24*60 -> 57 | W73: =T73 -> 0.50763889 | X73: =S74 -> 0.54791667 | AA73: =M73-J73 -> -84.210526 | AB73: =M73/J73 -> 0.96491228
A74: 新豐4線 | B74: 三明治 | C74: 火腿起司蛋三明治 | E74: 19.02 | F74: 6346 | G74: =E74*F74 -> 120700.92 | I74: 15 | J74: 2400 | K74: =J74/I74 -> 160 | L74: 15 | M74: =F74/V74*60 -> 2293.7349 | N74: =M74/L74 -> 152.91566 | O74: =L74-I74 -> 0 | P74: =N74-K74 -> -7.0843373 | Q74: =N74/K74 -> 0.95572289 | S74: 0.54791667 | T74: 0.66319444 | U74: =(S74-T73)*24*60 -> 58 | V74: =(T74-S74)*24*60 -> 166 | AA74: =M74-J74 -> -106.26506 | AB74: =M74/J74 -> 0.95572289
A75: 新豐4線 | B75: 三明治 | C75: 輕乳酪巧克力三明治 | E75: 20.52 | F75: 1382 | G75: =E75*F75 -> 28358.64 | I75: 18 | J75: 2400 | K75: =J75/I75 -> 133.33333 | L75: 18 | M75: =F75/V75*60 -> 2303.3333 | N75: =M75/L75 -> 127.96296 | O75: =L75-I75 -> 0 | P75: =N75-K75 -> -5.3703704 | Q75: =N75/K75 -> 0.95972222 | S75: 0.66875 | T75: 0.69375 | U75: =(S75-T74)*24*60 -> 8 | V75: =(T75-S75)*24*60 -> 36 | AA75: =M75-J75 -> -96.666667 | AB75: =M75/J75 -> 0.95972222
A76: 新豐4線 | B76: 三明治 | C76: 經典總匯三明治 | E76: 26.2 | F76: 2152 | G76: =E76*F76 -> 56382.4 | I76: 20 | J76: 2400 | K76: =J76/I76 -> 120 | L76: 20 | M76: =F76/V76*60 -> 2305.7143 | N76: =M76/L76 -> 115.28571 | O76: =L76-I76 -> 0 | P76: =N76-K76 -> -4.7142857 | Q76: =N76/K76 -> 0.96071429 | S76: 0.69930556 | T76: 0.73819444 | U76: =(S76-T75)*24*60 -> 8 | V76: =(T76-S76)*24*60 -> 56 | AA76: =M76-J76 -> -94.285714 | AB76: =M76/J76 -> 0.96071429
A77: 新豐4線 | B77: 平均 | I77: 17.3 | J77: 2400 | K77: =J77/I77 -> 138.72832 | L77: 17.3 | M77: =AVERAGE(M67:M76) -> 2297.8306 | N77: =M77/L77 -> 132.82258 | O77: =L77-I77 -> 0 | P77: =N77-K77 -> -5.9057468 | Q77: =N77/K77 -> 0.95742941 | AA77: =M77-J77 -> -102.16942 | AB77: =M77/J77 -> 0.95742941

Sheet 1028
B1: 屏榮 新豐廠組合室生產人時性分析
B3: 日期 | C3: =TEXT('1028 4度C'!A2,"yyyy.mm.ddaaaa") -> 2025.10.28星期二 | E3: 訂單量 | F3: ='1028 4度C'!D1 -> 218719 | H3: 營業額 | I3: ='1028 4度C'!F1 -> 7298224.8
B4: 人時性 | C4: 項目 | E4: ➀ | G4: ➁ | I4: ➂
C5: 組合室 | E5: 全溫層 | G5: 4度C-各編組展開 | I5: ③三明治-各編組展開
C6: 排關平均 | E6: =AVERAGE(D13:M13) -> 149.92783 | F6: =AVERAGE(D27:O27,D13:J13) -> 155.13367 | G6: =AVERAGE(D13:J13) -> 155.13367 | I6: =AVERAGE(K13:M13) -> 137.78088
C7: 實績平均 | E7: =AVERAGE(D14:M14) -> 143.40893 | F7: =AVERAGE(D28:O28,D14:J14) -> 148.41222 | G7: =AVERAGE(D14:J14) -> 148.41222 | I7: =AVERAGE(K14:M14) -> 131.73459
C8: 達成率平均 | E8: =AVERAGE(D15:M15) -> 0.95651833 | F8: =AVERAGE(D15:J15,D29:O29) -> 0.95669342 | G8: =AVERAGE(D15:J15) -> 0.95669342 | I8: =AVERAGE(K15:M15) -> 0.95610977 | K8: ※現行日本鮮食廠以達成率80%為基本(即為現行KPI)
B10: 溫層 | D10: ➁4度C-各編組展開 | K10: ③三明治-各編組展開
B11: 編組 | D11: 1 | E11: 2 | F11: 3 | G11: 4 | H11: 5 | I11: 6 | J11: 7 | K11: 1 | L11: 2 | M11: 3
D12: 新豐6線 | E12: 新豐2線 | F12: 新豐5線 | G12: 新豐7線 | H12: 新豐3線 | I12: 新豐1線 | J12: 新豐10線 | K12: 新豐8線 | L12: 新豐9線 | M12: 新豐4線
B13: 人時性 | C13: 排關 | D13: =SUMIFS('1028 4度C'!$K:$K,'1028 4度C'!$A:$A,"新豐6線",'1028 4度C'!$B:$B,"平均") -> 125 | E13: =SUMIFS('1028 4度C'!$K:$K,'1028 4度C'!$A:$A,"新豐2線",'1028 4度C'!$B:$B,"平均") -> 81.081081 | F13: =SUMIFS('1028 4度C'!$K:$K,'1028 4度C'!$A:$A,"新豐5線",'1028 4度C'!$B:$B,"平均") -> 91.397849 | G13: =SUMIFS('1028 4度C'!$K:$K,'1028 4度C'!$A:$A,"新豐7線",'1028 4度C'!$B:$B,"平均") -> 123.71134 | H13: =SUMIFS('1028 4度C'!$K:$K,'1028 4度C'!$A:$A,"新豐3線",'1028 4度C'!$B:$B,"平均") -> 269.23077 | I13: =SUMIFS('1028 4度C'!$K:$K,'1028 4度C'!$A:$A,"新豐1線",'1028 4度C'!$B:$B,"平均") -> 115.85366 | J13: =SUMIFS('1028 4度C'!$K:$K,'1028 4度C'!$A:$A,"新豐10線",'1028 4度C'!$B:$B,"平均") -> 279.66102 | K13: =SUMIFS('1028 4度C'!$K:$K,'1028 4度C'!$A:$A,"新豐8線",'1028 4度C'!$B:$B,"平均") -> 135.48387 | L13: =SUMIFS('1028 4度C'!$K:$K,'1028 4度C'!$A:$A,"新豐9線",'1028 4度C'!$B:$B,"平均") -> 139.13043 | M13: =SUMIFS('1028 4度C'!$K:$K,'1028 4度C'!$A:$A,"新豐4線",'1028 4度C'!$B:$B,"平均") -> 138.72832
C14: 實績 | D14: =SUMIFS('1028 4度C'!$N:$N,'1028 4度C'!$A:$A,"新豐6線",'1028 4度C'!$B:$B,"平均") -> 119.79823 | E14: =SUMIFS('1028 4度C'!$N:$N,'1028 4度C'!$A:$A,"新豐2線",'1028 4度C'!$B:$B,"平均") -> 77.502028 | F14: =SUMIFS('1028 4度C'!$N:$N,'1028 4度C'!$A:$A,"新豐5線",'1028 4度C'!$B:$B,"平均") -> 87.344011 | G14: =SUMIFS('1028 4度C'!$N:$N,'1028 4度C'!$A:$A,"新豐7線",'1028 4度C'!$B:$B,"平均") -> 118.47331 | H14: =SUMIFS('1028 4度C'!$N:$N,'1028 4度C'!$A:$A,"新豐3線",'1028 4度C'!$B:$B,"平均") -> 257.51958 | I14: =SUMIFS('1028 4度C'!$N:$N,'1028 4度C'!$A:$A,"新豐1線",'1028 4度C'!$B:$B,"平均") -> 110.8185 | J14: =SUMIFS('1028 4度C'!$N:$N,'1028 4度C'!$A:$A,"新豐10線",'1028 4度C'!$B:$B,"平均") -> 267.42986 | K14: =SUMIFS('1028 4度C'!$N:$N,'1028 4度C'!$A:$A,"新豐8線",'1028 4度C'!$B:$B,"平均") -> 129.39625 | L14: =SUMIFS('1028 4度C'!$N:$N,'1028 4度C'!$A:$A,"新豐9線",'1028 4度C'!$B:$B,"平均") -> 132.83978 | M14: =SUMIFS('1028 4度C'!$N:$N,'1028 4度C'!$A:$A,"新豐4線",'1028 4度C'!$B:$B,"平均") -> 132.96774
C15: 達成率 | D15: =D14/D13 -> 0.95838587 | E15: =E14/E13 -> 0.95585834 | F15: =F14/F13 -> 0.95564624 | G15: =G14/G13 -> 0.95765926 | H15: =H14/H13 -> 0.95650129 | I15: =I14/I13 -> 0.95653861 | J15: =J14/J13 -> 0.95626433 | K15: =K14/K13 -> 0.95506756 | ... M15: =M14/M13 -> 0.95847581
B16: 作業 時間 | C16: 開始 | D16: =VLOOKUP("新豐6線",'1028 4度C'!$A:$T,19,0) -> 0.70833333 | E16: =VLOOKUP("新豐2線",'1028 4度C'!$A:$T,19,0) -> 0.20833333 | F16: =VLOOKUP("新豐5線",'1028 4度C'!$A:$T,19,0) -> 0.125 | G16: =VLOOKUP("新豐7線",'1028 4度C'!$A:$T,19,0) -> 0.20833333 | H16: =VLOOKUP("新豐3線",'1028 4度C'!$A:$T,19,0) -> 0.083333333 | I16: =VLOOKUP("新豐1線",'1028 4度C'!$A:$T,19,0) -> 0.20833333 | J16: =VLOOKUP("新豐10線",'1028 4度C'!$A:$T,19,0) -> 0.20833333 | K16: =VLOOKUP("新豐8線",'1028 4度C'!$A:$T,19,0) -> 0.083333333 | L16: =VLOOKUP("新豐9線",'1028 4度C'!$A:$T,19,0) -> 0.083333333 | M16: =VLOOKUP("新豐4線",'1028 4度C'!$A:$T,19,0) -> 0.083333333
C17: 結束 | D17: =LOOKUP(2,1/(('1028 4度C'!$A:$A="新豐6線")*('1028 4度C'!$T:$T<>"")),'1028 4度C'!$T:$T) -> 0.84375 | E17: =LOOKUP(2,1/(('1028 4度C'!$A:$A="新豐2線")*('1028 4度C'!$T:$T<>"")),'1028 4度C'!$T:$T) -> 0.49375 | F17: =LOOKUP(2,1/(('1028 4度C'!$A:$A="新豐5線")*('1028 4度C'!$T:$T<>"")),'1028 4度C'!$T:$T) -> 0.85416667 | G17: =LOOKUP(2,1/(('1028 4度C'!$A:$A="新豐7線")*('1028 4度C'!$T:$T<>"")),'1028 4度C'!$T:$T) -> 0.93611111 | H17: =LOOKUP(2,1/(('1028 4度C'!$A:$A="新豐3線")*('1028 4度C'!$T:$T<>"")),'1028 4度C'!$T:$T) -> 0.74583333 | I17: =LOOKUP(2,1/(('1028 4度C'!$A:$A="新豐1線")*('1028 4度C'!$T:$T<>"")),'1028 4度C'!$T:$T) -> 0.97986111 | J17: =LOOKUP(2,1/(('1028 4度C'!$A:$A="新豐10線")*('1028 4度C'!$T:$T<>"")),'1028 4度C'!$T:$T) -> 0.63125 | K17: =LOOKUP(2,1/(('1028 4度C'!$A:$A="新豐8線")*('1028 4度C'!$T:$T<>"")),'1028 4度C'!$T:$T) -> 0.76388889 | L17: =LOOKUP(2,1/(('1028 4度C'!$A:$A="新豐9線")*('1028 4度C'!$T:$T<>"")),'1028 4度C'!$T:$T) -> 0.76597222 | M17: =LOOKUP(2,1/(('1028 4度C'!$A:$A="新豐4線")*('1028 4度C'!$T:$T<>"")),'1028 4度C'!$T:$T) -> 0.77361111
B18: 配置人數 | D18: =SUMIFS('1028 4度C'!$I:$I,'1028 4度C'!$A:$A,"新豐6線",'1028 4度C'!$B:$B,"平均") -> 16 | E18: =SUMIFS('1028 4度C'!$I:$I,'1028 4度C'!$A:$A,"新豐2線",'1028 4度C'!$B:$B,"平均") -> 18.5 | F18: =SUMIFS('1028 4度C'!$I:$I,'1028 4度C'!$A:$A,"新豐5線",'1028 4度C'!$B:$B,"平均") -> 18.6 | G18: =SUMIFS('1028 4度C'!$I:$I,'1028 4度C'!$A:$A,"新豐7線",'1028 4度C'!$B:$B,"平均") -> 16.166667 | H18: =SUMIFS('1028 4度C'!$I:$I,'1028 4度C'!$A:$A,"新豐3線",'1028 4度C'!$B:$B,"平均") -> 10.4 | I18: =SUMIFS('1028 4度C'!$I:$I,'1028 4度C'!$A:$A,"新豐1線",'1028 4度C'!$B:$B,"平均") -> 16.4 | J18: =SUMIFS('1028 4度C'!$I:$I,'1028 4度C'!$A:$A,"新豐10線",'1028 4度C'!$B:$B,"平均") -> 9.8333333 | K18: =SUMIFS('1028 4度C'!$I:$I,'1028 4度C'!$A:$A,"新豐8線",'1028 4度C'!$B:$B,"平均") -> 17.714286 | L18: =SUMIFS('1028 4度C'!$I:$I,'1028 4度C'!$A:$A,"新豐9線",'1028 4度C'!$B:$B,"平均") -> 17.25 | M18: =SUMIFS('1028 4度C'!$I:$I,'1028 4度C'!$A:$A,"新豐4線",'1028 4度C'!$B:$B,"平均") -> 17.3
B19: 主要應用設備 | D19: ET-55 | E19: 熱縮爐 | F19: L型包裝機 | G19: L型包裝機 | H19: 伺服包裝機 | I19: ET-55 | J19: 伺服包裝機 | K19: 三明治包裝機 | L19: 三明治包裝機 | M19: 三明治包裝機
B20: 次要應用設備 | F20: 圓盤機 | G20: ET-55
B21: 備註 | E21: 握沙拉 | F21: 共用L型包裝機 | H21: 調理麵包 | I21: 炒飯+沙拉 | J21: 調理麵包

Sheet 1028 4度C
A1: 新豐廠四度C日報分析 | C1: 總生產量 | D1: =SUM(F5:F76) -> 218719 | E1: 營業額 | F1: =SUM(G5:G76) -> 7298224.8 | G1: 出勤人數 | H1: =L8+L11+L52+L58+L17+L65+L32+L41+L24+L76 -> 158.16429 | I1: 產線配置圖 | L1: 生產實績 | O1: 人時性差異分析 | S1: 日報登錄 | Y1: 分析說明 | AA1: 產能差異分析
A2: 45958 | B2: 星期二 | C2: 人時性 | D2: =AVERAGE(N8,N11,N52,N58,N17,N65,N24,N32,N41,N76) -> 143.40893 | E2: 平均廠價 | F2: =F1/D1 -> 33.368042 | G2: 多次生產數 | H2: =COUNT(H5:H76) -> 13
A3: 線別 | B3: 品類 | C3: 品名 | E3: 廠價 | F3: 生產量 | G3: 營收 | H3: 多次 生產 | I3: 人數 | J3: 產能/時 | K3: 人時性 | L3: 人數 | M3: 產能/時 | N3: 人時性 | O3: 人數 | P3: 人時性 | Q3: 達成率 | R3: 達成率平均 | S3: 生產時間 | U3: 換線、休息/分 | V3: 稼動時間/分 | W3: 休息時間 | Y3: (新豐回填) | AA3: 產能/時 | AB3: 達成率 | AC3: 達成率平均
S4: 開始 | T4: 結束 | W4: 開始 | X4: 結束
A5: 新豐6線 | B5: 微波主食 | C5: 二配煸椒烘蛋飯 | E5: 46.93 | F5: 1180 | G5: =E5*F5 -> 55377.4 | I5: 16 | J5: 2000 | K5: =J5/I5 -> 125 | L5: 16 | M5: =F5/V5*60 -> 1913.5135 | N5: =M5/L5 -> 119.59459 | O5: =L5-I5 -> 0 | P5: =N5-K5 -> -5.4054054 | Q5: =N5/K5 -> 0.95675676 | R5: =Q8 -> 0.95838587 | S5: 0.70833333 | T5: 0.73402778 | V5: =(T5-S5)*24*60 -> 37 | AA5: =M5-J5 -> -86.486486 | AB5: =M5/J5 -> 0.95675676 | AC5: =AB8 -> 0.95838587
A6: 新豐6線 | B6: 微波主食 | C6: 二配川味麻婆燒豆腐燴飯 | E6: 50.49 | F6: 2453 | G6: =E6*F6 -> 123851.97 | I6: 15 | J6: 2000 | K6: =J6/I6 -> 133.33333 | L6: 15 | M6: =F6/V6*60 -> 1911.4286 | N6: =M6/L6 -> 127.42857 | O6: =L6-I6 -> 0 | P6: =N6-K6 -> -5.9047619 | Q6: =N6/K6 -> 0.95571429 | S6: 0.73888889 | T6: 0.79236111 | U6: =IF(S6=TIME(17,0,0),"",(S6-T5)*24*60) -> 7 | V6: =(T6-S6)*24*60 -> 77 | AA6: =M6-J6 -> -88.571429 | AB6: =M6/J6 -> 0.95571429
A7: 新豐6線 | B7: 微波主食 | C7: 二配港式香滑嫩蛋牛肉燴飯 | E7: 50.67 | F7: 2150 | G7: =E7*F7 -> 108940.5 | I7: 17 | J7: 2000 | K7: =J7/I7 -> 117.64706 | L7: 17 | M7: =F7/V7*60 -> 1925.3731 | N7: =M7/L7 -> 113.25724 | O7: =L7-I7 -> 0 | P7: =N7-K7 -> -4.3898156 | Q7: =N7/K7 -> 0.96268657 | S7: 0.79722222 | T7: 0.84375 | U7: =IF(S7=TIME(17,0,0),"",(S7-T6)*24*60) -> 7 | V7: =(T7-S7)*24*60 -> 67 | AA7: =M7-J7 -> -74.626866 | AB7: =M7/J7 -> 0.96268657
A8: 新豐6線 | B8: 平均 | I8: 16 | J8: 2000 | K8: =J8/I8 -> 125 | L8: 16 | M8: =AVERAGE(M5:M7) -> 1916.7717 | N8: =M8/L8 -> 119.79823 | O8: =L8-I8 -> 0 | P8: =N8-K8 -> -5.2017663 | Q8: =N8/K8 -> 0.95838587 | AA8: =M8-J8 -> -83.22826 | AB8: =M8/J8 -> 0.95838587
A9: 新豐2線 | B9: 沙拉 | C9: 韓式泡菜豆腐握沙拉 | E9: 39.36 | F9: 2349 | G9: =E9*F9 -> 92456.64 | I9: 20 | J9: 1500 | K9: =J9/I9 -> 75 | L9: 20 | M9: =F9/V9*60 -> 1438.1633 | N9: =M9/L9 -> 71.908163 | O9: =L9-I9 -> 0 | P9: =N9-K9 -> -3.0918367 | Q9: =N9/K9 -> 0.95877551 | R9: =Q11 -> 0.95585834 | S9: 0.20833333 | T9: 0.27638889 | V9: =(T9-S9)*24*60 -> 98 | AA9: =M9-J9 -> -61.836735 | AB9: =M9/J9 -> 0.95877551 | AC9: =AB11 -> 0.95585834
A10: 新豐2線 | B10: 沙拉 | C10: 青檸烤雞握沙拉(113年) | E10: 39.8 | F10: 7290 | G10: =E10*F10 -> 290142 | I10: 17 | J10: 1500 | K10: =J10/I10 -> 88.235294 | L10: 17 | M10: =F10/V10*60 -> 1429.4118 | N10: =M10/L10 -> 84.083045 | O10: =L10-I10 -> 0 | P10: =N10-K10 -> -4.1522491 | Q10: =N10/K10 -> 0.95294118 | S10: 0.28125 | T10: 0.49375 | U10: =IF(S10=TIME(17,0,0),"",(S10-T9)*24*60) -> 7 | V10: =(T10-S10)*24*60 -> 306 | AA10: =M10-J10 -> -70.588235 | AB10: =M10/J10 -> 0.95294118
A11: 新豐2線 | B11: 平均 | I11: 18.5 | J11: 1500 | K11: =J11/I11 -> 81.081081 | L11: 18.5 | M11: =AVERAGE(M9:M10) -> 1433.7875 | N11: =M11/L11 -> 77.502028 | O11: =L11-I11 -> 0 | P11: =N11-K11 -> -3.5790532 | Q11: =N11/K11 -> 0.95585834 | AA11: =M11-J11 -> -66.212485 | AB11: =M11/J11 -> 0.95585834
A12: 新豐5線 | B12: 小吃 | C12: 剝皮辣椒雞湯 | E12: 41 | F12: 2674 | G12: =E12*F12 -> 109634 | I12: 26 | J12: 1500 | K12: =J12/I12 -> 57.692308 | L12: 26 | M12: =F12/V12*60 -> 1432.5 | N12: =M12/L12 -> 55.096154 | O12: =L12-I12 -> 0 | P12: =N12-K12 -> -2.5961538 | Q12: =N12/K12 -> 0.955 | R12: =Q17 -> 0.95564624 | S12: 0.125 | T12: 0.20277778 | V12: =(T12-S12)*24*60 -> 112 | W12: =T12 -> 0.20277778 | X12: =S13 -> 0.22152778 | AA12: =M12-J12 -> -67.5 | AB12: =M12/J12 -> 0.955 | AC12: =AB17 -> 0.95564624
A13: 新豐5線 | B13: 沙拉 | C13: 青醬優格雞肉握沙拉(113年) | E13: 39.62 | F13: 4835 | G13: =E13*F13 -> 191562.7 | I13: 19 | J13: 1500 | K13: =J13/I13 -> 78.947368 | L13: 19 | M13: =F13/V13*60 -> 1429.064 | N13: =M13/L13 -> 75.213897 | O13: =L13-I13 -> 0 | P13: =N13-K13 -> -3.7334716 | Q13: =N13/K13 -> 0.95270936 | S13: 0.22152778 | T13: 0.3625 | U13: =IF(S13=TIME(17,0,0),"",(S13-T12)*24*60) -> 27 | V13: =(T13-S13)*24*60 -> 203 | AA13: =M13-J13 -> -70.935961 | AB13: =M13/J13 -> 0.95270936
A14: 新豐5線 | B14: 熱食義麵 | C14: 焗烤明太子筆尖麵 | E14: 57.3 | F14: 1819 | G14: =E14*F14 -> 104228.7 | I14: 17 | J14: 1500 | K14: =J14/I14 -> 88.235294 | L14: 17 | M14: =F14/V14*60 -> 1436.0526 | N14: =M14/L14 -> 84.473684 | O14: =L14-I14 -> 0 | P14: =N14-K14 -> -3.7616099 | Q14: =N14/K14 -> 0.95736842 | S14: 0.36666667 | T14: 0.41944444 | U14: =IF(S14=TIME(17,0,0),"",(S14-T13)*24*60) -> 6 | V14: =(T14-S14)*24*60 -> 76 | AA14: =M14-J14 -> -63.947368 | AB14: =M14/J14 -> 0.95736842
A15: 新豐5線 | B15: 微波主食 | C15: 二配金咖哩濃厚辛辣咖哩飯 | E15: 50.98 | F15: 3095 | G15: =E15*F15 -> 157783.1 | I15: 16 | J15: 2000 | K15: =J15/I15 -> 125 | L15: 16 | M15: =F15/V15*60 -> 1914.433 | N15: =M15/L15 -> 119.65206 | O15: =L15-I15 -> 0 | P15: =N15-K15 -> -5.3479381 | Q15: =N15/K15 -> 0.95721649 | S15: 0.70833333 | T15: 0.77569444 | U15: =IF(S15=TIME(17,0,0),"",(S15-T14)*24*60) | V15: =(T15-S15)*24*60 -> 97 | AA15: =M15-J15 -> -85.56701 | AB15: =M15/J15 -> 0.95721649
A16: 新豐5線 | B16: 微波主食 | C16: 二配金咖哩果香甘口咖哩飯 | E16: 50.92 | F16: 3376 | G16: =E16*F16 -> 171905.92 | I16: 15 | J16: 2000 | K16: =J16/I16 -> 133.33333 | L16: 15 | M16: =F16/V16*60 -> 1910.9434 | N16: =M16/L16 -> 127.39623 | O16: =L16-I16 -> 0 | P16: =N16-K16 -> -5.9371069 | Q16: =N16/K16 -> 0.9554717 | S16: 0.78055556 | T16: 0.85416667 | U16: =IF(S16=TIME(17,0,0),"",(S16-T15)*24*60) -> 7 | V16: =(T16-S16)*24*60 -> 106 | AA16: =M16-J16 -> -89.056604 | AB16: =M16/J16 -> 0.9554717
A17: 新豐5線 | B17: 平均 | I17: 18.6 | J17: 1700 | K17: =J17/I17 -> 91.397849 | L17: 18.6 | M17: =AVERAGE(M12:M16) -> 1624.5986 | N17: =M17/L17 -> 87.344011 | O17: =L17-I17 -> 0 | P17: =N17-K17 -> -4.0538381 | Q17: =N17/K17 -> 0.95564624 | AA17: =M17-J17 -> -75.401389 | AB17: =M17/J17 -> 0.95564624
A18: 新豐7線 | B18: 小吃 | C18: 古早味炒炊粉 | E18: 43.14 | F18: 1595 | G18: =E18*F18 -> 68808.3 | I18: 17 | J18: 2000 | K18: =J18/I18 -> 117.64706 | L18: 17 | M18: =F18/V18*60 -> 1914 | N18: =M18/L18 -> 112.58824 | O18: =L18-I18 -> 0 | P18: =N18-K18 -> -5.0588235 | Q18: =N18/K18 -> 0.957 | R18: =Q24 -> 0.95765926 | S18: 0.20833333 | T18: 0.24305556 | V18: =(T18-S18)*24*60 -> 50 | AA18: =M18-J18 -> -86 | AB18: =M18/J18 -> 0.957 | AC18: =AB24 -> 0.95765926
A19: 新豐7線 | B19: 微波主食 | C19: 極上炙烤親子丼 | E19: 53.68 | F19: 2074 | G19: =E19*F19 -> 111332.32 | I19: 16 | J19: 2000 | K19: =J19/I19 -> 125 | L19: 16 | M19: =F19/V19*60 -> 1914.4615 | N19: =M19/L19 -> 119.65385 | O19: =L19-I19 -> 0 | P19: =N19-K19 -> -5.3461538 | Q19: =N19/K19 -> 0.95723077 | S19: 0.24791667 | T19: 0.29305556 | U19: =IF(S19=TIME(17,0,0),"",(S19-T18)*24*60) -> 7 | V19: =(T19-S19)*24*60 -> 65 | AA19: =M19-J19 -> -85.538462 | AB19: =M19/J19 -> 0.95723077
A20: 新豐7線 | B20: 微波主食 | C20: 鐵板滑蛋炸豬排丼 | E20: 57.73 | F20: 3403 | G20: =E20*F20 -> 196455.19 | I20: 15 | J20: 2000 | K20: =J20/I20 -> 133.33333 | L20: 15 | M20: =F20/V20*60 -> 1908.2243 | N20: =M20/L20 -> 127.21495 | O20: =L20-I20 -> 0 | P20: =N20-K20 -> -6.1183801 | Q20: =N20/K20 -> 0.95411215 | S20: 0.29791667 | T20: 0.37222222 | U20: =IF(S20=TIME(17,0,0),"",(S20-T19)*24*60) -> 7 | V20: =(T20-S20)*24*60 -> 107 | AA20: =M20-J20 -> -91.775701 | AB20: =M20/J20 -> 0.95411215
A21: 新豐7線 | B21: 微波主食 | C21: 二配美味蟹煲 | E21: 54.09 | F21: 2655 | G21: =E21*F21 -> 143608.95 | I21: 19 | J21: 2000 | K21: =J21/I21 -> 105.26316 | L21: 19 | M21: =F21/V21*60 -> 1919.2771 | N21: =M21/L21 -> 101.01458 | O21: =L21-I21 -> 0 | P21: =N21-K21 -> -4.2485732 | Q21: =N21/K21 -> 0.95963855 | S21: 0.70833333 | T21: 0.76597222 | U21: =IF(S21=TIME(17,0,0),"",(S21-T20)*24*60) | V21: =(T21-S21)*24*60 -> 83 | AA21: =M21-J21 -> -80.722892 | AB21: =M21/J21 -> 0.95963855
A22: 新豐7線 | B22: 微波主食 | C22: 二配泰式綠咖哩雞 | E22: 48.36 | F22: 2500 | G22: =E22*F22 -> 120900 | H22: 2 | I22: 15 | J22: 2000 | K22: =J22/I22 -> 133.33333 | L22: 15 | M22: =F22/V22*60 -> 1923.0769 | N22: =M22/L22 -> 128.20513 | O22: =L22-I22 -> 0 | P22: =N22-K22 -> -5.1282051 | Q22: =N22/K22 -> 0.96153846 | S22: 0.77083333 | T22: 0.825 | U22: =IF(S22=TIME(17,0,0),"",(S22-T21)*24*60) -> 7 | V22: =(T22-S22)*24*60 -> 78 | W22: =T22 -> 0.825 | X22: =S23 -> 0.86597222 | AA22: =M22-J22 -> -76.923077 | AB22: =M22/J22 -> 0.96153846
A23: 新豐7線 | B23: 微波主食 | C23: 二配泰式綠咖哩雞 | E23: 48.36 | F23: 3220 | G23: =E23*F23 -> 155719.2 | I23: 15 | J23: 2000 | K23: =J23/I23 -> 133.33333 | L23: 15 | M23: =F23/V23*60 -> 1912.8713 | N23: =M23/L23 -> 127.52475 | O23: =L23-I23 -> 0 | P23: =N23-K23 -> -5.8085809 | Q23: =N23/K23 -> 0.95643564 | S23: 0.86597222 | T23: 0.93611111 | U23: =IF(S23=TIME(17,0,0),"",(S23-T22)*24*60) -> 59 | V23: =(T23-S23)*24*60 -> 101 | AA23: =M23-J23 -> -87.128713 | AB23: =M23/J23 -> 0.95643564
A24: 新豐7線 | B24: 平均 | I24: 16.166667 | J24: 2000 | K24: =J24/I24 -> 123.71134 | L24: 16.166667 | M24: =AVERAGE(M18:M23) -> 1915.3185 | N24: =M24/L24 -> 118.47331 | O24: =L24-I24 -> 0 | P24: =N24-K24 -> -5.2380293 | Q24: =N24/K24 -> 0.95765926 | AA24: =M24-J24 -> -84.681474 | AB24: =M24/J24 -> 0.95765926
A25: 新豐8線 | B25: 三明治 | C25: 紐奧良風味烤雞鮮蔬三明治 | E25: 31.29 | F25: 6200 | G25: =E25*F25 -> 193998 | H25: 2 | I25: 18 | J25: 2400 | K25: =J25/I25 -> 133.33333 | L25: 18 | M25: =F25/V25*60 -> 2282.2086 | N25: =M25/L25 -> 126.78937 | O25: =L25-I25 -> 0 | P25: =N25-K25 -> -6.5439673 | Q25: =N25/K25 -> 0.95092025 | R25: =Q32 -> 0.95506756 | S25: 0.083333333 | T25: 0.19652778 | V25: =(T25-S25)*24*60 -> 163 | W25: =T25 -> 0.19652778 | X25: =S26 -> 0.21597222 | AA25: =M25-J25 -> -117.79141 | AB25: =M25/J25 -> 0.95092025 | AC25: =AB32 -> 0.95506756
A26: 新豐8線 | B26: 三明治 | C26: 陽光地瓜總匯三明治 | E26: 26.18 | F26: 3895 | G26: =E26*F26 -> 101971.1 | I26: 19 | J26: 2400 | K26: =J26/I26 -> 126.31579 | L26: 19 | M26: =F26/V26*60 -> 2291.1765 | N26: =M26/L26 -> 120.58824 | O26: =L26-I26 -> 0 | P26: =N26-K26 -> -5.7275542 | Q26: =N26/K26 -> 0.95465686 | S26: 0.21597222 | T26: 0.28680556 | U26: =(S26-T25)*24*60 -> 28 | V26: =(T26-S26)*24*60 -> 102 | AA26: =M26-J26 -> -108.82353 | AB26: =M26/J26 -> 0.95465686
A27: 新豐8線 | B27: 三明治 | C27: 好多菜三明治 | E27: 26.2 | F27: 5130 | G27: =E27*F27 -> 134406 | I27: 19 | J27: 2400 | K27: =J27/I27 -> 126.31579 | L27: 19 | M27: =F27/V27*60 -> 2297.0149 | N27: =M27/L27 -> 120.89552 | O27: =L27-I27 -> 0 | P27: =N27-K27 -> -5.4202671 | Q27: =N27/K27 -> 0.95708955 | S27: 0.29236111 | T27: 0.38541667 | U27: =(S27-T26)*24*60 -> 8 | V27: =(T27-S27)*24*60 -> 134 | AA27: =M27-J27 -> -102.98507 | AB27: =M27/J27 -> 0.95708955
A28: 新豐8線 | B28: 三明治 | C28: 經典總匯三明治 | E28: 26.2 | F28: 3300 | G28: =E28*F28 -> 86460 | H28: 2 | I28: 20 | J28: 2400 | K28: =J28/I28 -> 120 | L28: 20 | M28: =F28/V28*60 -> 2302.3256 | N28: =M28/L28 -> 115.11628 | O28: =L28-I28 -> 0 | P28: =N28-K28 -> -4.8837209 | Q28: =N28/K28 -> 0.95930233 | S28: 0.38958333 | T28: 0.44930556 | U28: =(S28-T27)*24*60 -> 6 | V28: =(T28-S28)*24*60 -> 86 | AA28: =M28-J28 -> -97.674419 | AB28: =M28/J28 -> 0.95930233
A29: 新豐8線 | B29: 三明治 | C29: 雞蛋沙拉三明治(114年) | E29: 24.83 | F29: 4501 | G29: =E29*F29 -> 111759.83 | H29: 2 | I29: 15 | J29: 2400 | K29: =J29/I29 -> 160 | L29: 15 | M29: =F29/V29*60 -> 2288.6441 | N29: =M29/L29 -> 152.57627 | O29: =L29-I29 -> 0 | P29: =N29-K29 -> -7.4237288 | Q29: =N29/K29 -> 0.95360169 | S29: 0.45277778 | T29: 0.53472222 | U29: =(S29-T28)*24*60 -> 5 | V29: =(T29-S29)*24*60 -> 118 | W29: =T29 -> 0.53472222 | X29: =S30 -> 0.575 | AA29: =M29-J29 -> -111.35593 | AB29: =M29/J29 -> 0.95360169
A30: 新豐8線 | B30: 三明治 | C30: 雞蛋沙拉三明治(114年) | E30: 24.83 | F30: 5594 | G30: =E30*F30 -> 138899.02 | I30: 15 | J30: 2400 | K30: =J30/I30 -> 160 | L30: 15 | M30: =F30/V30*60 -> 2283.2653 | N30: =M30/L30 -> 152.21769 | O30: =L30-I30 -> 0 | P30: =N30-K30 -> -7.7823129 | Q30: =N30/K30 -> 0.95136054 | S30: 0.575 | T30: 0.67708333 | U30: =(S30-T29)*24*60 -> 58 | V30: =(T30-S30)*24*60 -> 147 | AA30: =M30-J30 -> -116.73469 | AB30: =M30/J30 -> 0.95136054
A31: 新豐8線 | B31: 三明治 | C31: 紐奧良風味烤雞鮮蔬三明治 | E31: 31.29 | F31: 4601 | G31: =E31*F31 -> 143965.29 | I31: 18 | J31: 2400 | K31: =J31/I31 -> 133.33333 | L31: 18 | M31: =F31/V31*60 -> 2300.5 | N31: =M31/L31 -> 127.80556 | O31: =L31-I31 -> 0 | P31: =N31-K31 -> -5.5277778 | Q31: =N31/K31 -> 0.95854167 | S31: 0.68055556 | T31: 0.76388889 | U31: =(S31-T30)*24*60 -> 5 | V31: =(T31-S31)*24*60 -> 120 | AA31: =M31-J31 -> -99.5 | AB31: =M31/J31 -> 0.95854167
A32: 新豐8線 | B32: 平均 | I32: 17.714286 | J32: 2400 | K32: =J32/I32 -> 135.48387 | L32: 17.714286 | M32: =AVERAGE(M25:M31) -> 2292.1621 | N32: =M32/L32 -> 129.39625 | O32: =L32-I32 -> 0 | P32: =N32-K32 -> -6.0876214 | Q32: =N32/K32 -> 0.95506756 | AA32: =M32-J32 -> -107.83787 | AB32: =M32/J32 -> 0.95506756
A33: 新豐9線 | B33: 三明治 | C33: 鮪魚起司溏心蛋三明治 | E33: 26.2 | F33: 5000 | G33: =E33*F33 -> 131000 | H33: 2 | I33: 18 | J33: 2400 | K33: =J33/I33 -> 133.33333 | L33: 18 | M33: =F33/V33*60 -> 2290.0763 | N33: =M33/L33 -> 127.22646 | O33: =L33-I33 -> 0 | P33: =N33-K33 -> -6.1068702 | Q33: =N33/K33 -> 0.95419847 | R33: =Q41 -> 0.95478595 | S33: 0.083333333 | T33: 0.17430556 | V33: =(T33-S33)*24*60 -> 131 | W33: =T33 -> 0.17430556 | X33: =S34 -> 0.19513889 | AA33: =M33-J33 -> -109.92366 | AB33: =M33/J33 -> 0.95419847 | AC33: =AB41 -> 0.95478595
A34: 新豐9線 | B34: 三明治 | C34: 醬燒烤雞三明治 | E34: 26.39 | F34: 4500 | G34: =E34*F34 -> 118755 | H34: 2 | I34: 19 | J34: 2400 | K34: =J34/I34 -> 126.31579 | L34: 19 | M34: =F34/V34*60 -> 2288.1356 | N34: =M34/L34 -> 120.42819 | O34: =L34-I34 -> 0 | P34: =N34-K34 -> -5.8876004 | Q34: =N34/K34 -> 0.95338983 | S34: 0.19513889 | T34: 0.27708333 | U34: =(S34-T33)*24*60 -> 30 | V34: =(T34-S34)*24*60 -> 118 | AA34: =M34-J34 -> -111.86441 | AB34: =M34/J34 -> 0.95338983
A35: 新豐9線 | B35: 三明治 | C35: 肉鬆火腿三明治 | E35: 20.52 | F35: 5757 | G35: =E35*F35 -> 118133.64 | I35: 18 | J35: 2400 | K35: =J35/I35 -> 133.33333 | L35: 18 | M35: =F35/V35*60 -> 2287.5497 | N35: =M35/L35 -> 127.08609 | O35: =L35-I35 -> 0 | P35: =N35-K35 -> -6.2472406 | Q35: =N35/K35 -> 0.9531457 | S35: 0.28055556 | T35: 0.38541667 | U35: =(S35-T34)*24*60 -> 5 | V35: =(T35-S35)*24*60 -> 151 | AA35: =M35-J35 -> -112.45033 | AB35: =M35/J35 -> 0.9531457
A36: 新豐9線 | B36: 三明治 | C36: 藍莓優格三明治(114年) | E36: 22.35 | F36: 2193 | G36: =E36*F36 -> 49013.55 | I36: 16 | J36: 2400 | K36: =J36/I36 -> 150 | L36: 16 | M36: =F36/V36*60 -> 2308.4211 | N36: =M36/L36 -> 144.27632 | O36: =L36-I36 -> 0 | P36: =N36-K36 -> -5.7236842 | Q36: =N36/K36 -> 0.96184211 | S36: 0.39027778 | T36: 0.42986111 | U36: =(S36-T35)*24*60 -> 7 | V36: =(T36-S36)*24*60 -> 57 | AA36: =M36-J36 -> -91.578947 | AB36: =M36/J36 -> 0.96184211
A37: 新豐9線 | B37: 三明治 | C37: 經典火腿玉米蛋三明治 | E37: 24.43 | F37: 4000 | G37: =E37*F37 -> 97720 | H37: 2 | I37: 15 | J37: 2400 | K37: =J37/I37 -> 160 | L37: 15 | M37: =F37/V37*60 -> 2285.7143 | N37: =M37/L37 -> 152.38095 | O37: =L37-I37 -> 0 | P37: =N37-K37 -> -7.6190476 | Q37: =N37/K37 -> 0.95238095 | S37: 0.43333333 | T37: 0.50625 | U37: =(S37-T36)*24*60 -> 5 | V37: =(T37-S37)*24*60 -> 105 | W37: =T37 -> 0.50625 | X37: =S38 -> 0.54513889 | AA37: =M37-J37 -> -114.28571 | AB37: =M37/J37 -> 0.95238095
A38: 新豐9線 | B38: 三明治 | C38: 經典火腿玉米蛋三明治 | E38: 24.43 | F38: 5761 | G38: =E38*F38 -> 140741.23 | I38: 15 | J38: 2400 | K38: =J38/I38 -> 160 | L38: 15 | M38: =F38/V38*60 -> 2289.1391 | N38: =M38/L38 -> 152.60927 | O38: =L38-I38 -> 0 | P38: =N38-K38 -> -7.3907285 | Q38: =N38/K38 -> 0.95380795 | S38: 0.54513889 | T38: 0.65 | U38: =(S38-T37)*24*60 -> 56 | V38: =(T38-S38)*24*60 -> 151 | AA38: =M38-J38 -> -110.86093 | AB38: =M38/J38 -> 0.95380795
A39: 新豐9線 | B39: 三明治 | C39: 鮪魚起司溏心蛋三明治 | E39: 26.2 | F39: 2915 | G39: =E39*F39 -> 76373 | I39: 18 | J39: 2400 | K39: =J39/I39 -> 133.33333 | L39: 18 | M39: =F39/V39*60 -> 2301.3158 | N39: =M39/L39 -> 127.85088 | O39: =L39-I39 -> 0 | P39: =N39-K39 -> -5.4824561 | Q39: =N39/K39 -> 0.95888158 | S39: 0.65555556 | T39: 0.70833333 | U39: =(S39-T38)*24*60 -> 8 | V39: =(T39-S39)*24*60 -> 76 | AA39: =M39-J39 -> -98.684211 | AB39: =M39/J39 -> 0.95888158
A40: 新豐9線 | B40: 三明治 | C40: 醬燒烤雞三明治 | E40: 26.39 | F40: 2966 | G40: =E40*F40 -> 78272.74 | I40: 19 | J40: 2400 | K40: =J40/I40 -> 126.31579 | L40: 19 | M40: =F40/V40*60 -> 2281.5385 | N40: =M40/L40 -> 120.08097 | O40: =L40-I40 -> 0 | P40: =N40-K40 -> -6.2348178 | Q40: =N40/K40 -> 0.95064103 | S40: 0.71180556 | T40: 0.76597222 | U40: =(S40-T39)*24*60 -> 5 | V40: =(T40-S40)*24*60 -> 78 | AA40: =M40-J40 -> -118.46154 | AB40: =M40/J40 -> 0.95064103
A41: 新豐9線 | B41: 平均 | I41: 17.25 | J41: 2400 | K41: =J41/I41 -> 139.13043 | L41: 17.25 | M41: =AVERAGE(M33:M40) -> 2291.4863 | N41: =M41/L41 -> 132.83978 | O41: =L41-I41 -> 0 | P41: =N41-K41 -> -6.2906503 | Q41: =N41/K41 -> 0.95478595 | AA41: =M41-J41 -> -108.51372 | AB41: =M41/J41 -> 0.95478595
A42: 新豐3線 | B42: 調理麵包 | C42: 豬肉起司堡 | E42: 21.13 | F42: 3100 | G42: =E42*F42 -> 65503 | H42: 2 | I42: 10 | J42: 3000 | K42: =J42/I42 -> 300 | L42: 10 | M42: =F42/V42*60 -> 2861.5385 | N42: =M42/L42 -> 286.15385 | O42: =L42-I42 -> 0 | P42: =N42-K42 -> -13.846154 | Q42: =N42/K42 -> 0.95384615 | R42: =Q52 -> 0.95650129 | S42: 0.083333333 | T42: 0.12847222 | V42: =(T42-S42)*24*60 -> 65 | W42: =T42 -> 0.12847222 | X42: =S43 -> 0.14930556 | AA42: =M42-J42 -> -138.46154 | AB42: =M42/J42 -> 0.95384615 | AC42: =AB52 -> 0.95650129
A43: 新豐3線 | B43: 調理麵包 | C43: 豬肉起司蛋堡 | E43: 27.17 | F43: 4000 | G43: =E43*F43 -> 108680 | H43: 2 | I43: 10 | J43: 3000 | K43: =J43/I43 -> 300 | L43: 10 | M43: =F43/V43*60 -> 2857.1429 | N43: =M43/L43 -> 285.71429 | O43: =L43-I43 -> 0 | P43: =N43-K43 -> -14.285714 | Q43: =N43/K43 -> 0.95238095 | S43: 0.14930556 | T43: 0.20763889 | U43: =(S43-T42)*24*60 -> 30 | V43: =(T43-S43)*24*60 -> 84 | AA43: =M43-J43 -> -142.85714 | AB43: =M43/J43 -> 0.95238095
A44: 新豐3線 | B44: 調理麵包 | C44: 經典雙牛起司堡(113年) | E44: 35.12 | F44: 5110 | G44: =E44*F44 -> 179463.2 | I44: 10 | J44: 3000 | K44: =J44/I44 -> 300 | L44: 10 | M44: =F44/V44*60 -> 2865.4206 | N44: =M44/L44 -> 286.54206 | O44: =L44-I44 -> 0 | P44: =N44-K44 -> -13.457944 | Q44: =N44/K44 -> 0.95514019 | S44: 0.21111111 | T44: 0.28541667 | U44: =(S44-T43)*24*60 -> 5 | V44: =(T44-S44)*24*60 -> 107 | AA44: =M44-J44 -> -134.57944 | AB44: =M44/J44 -> 0.95514019
A45: 新豐3線 | B45: 調理麵包 | C45: 美式雞腿堡 | E45: 35.87 | F45: 3048 | G45: =E45*F45 -> 109331.76 | I45: 10 | J45: 3000 | K45: =J45/I45 -> 300 | L45: 10 | M45: =F45/V45*60 -> 2857.5 | N45: =M45/L45 -> 285.75 | O45: =L45-I45 -> 0 | P45: =N45-K45 -> -14.25 | Q45: =N45/K45 -> 0.9525 | S45: 0.29027778 | T45: 0.33472222 | U45: =(S45-T44)*24*60 -> 7 | V45: =(T45-S45)*24*60 -> 64 | AA45: =M45-J45 -> -142.5 | AB45: =M45/J45 -> 0.9525
A46: 新豐3線 | B46: 調理麵包 | C46: 泰式酸辣炸雞堡 | E46: 36.14 | F46: 1654 | G46: =E46*F46 -> 59775.56 | I46: 8 | J46: 3000 | K46: =J46/I46 -> 375 | L46: 8 | M46: =F46/V46*60 -> 2918.8235 | N46: =M46/L46 -> 364.85294 | O46: =L46-I46 -> 0 | P46: =N46-K46 -> -10.147059 | Q46: =N46/K46 -> 0.97294118 | S46: 0.33819444 | T46: 0.36180556 | U46: =(S46-T45)*24*60 -> 5 | V46: =(T46-S46)*24*60 -> 34 | AA46: =M46-J46 -> -81.176471 | AB46: =M46/J46 -> 0.97294118
A47: 新豐3線 | B47: 調理麵包 | C47: 厚豆腐蛋白蕈菇豬肉堡 | E47: 34.36 | F47: 3323 | G47: =E47*F47 -> 114178.28 | I47: 10 | J47: 3000 | K47: =J47/I47 -> 300 | L47: 10 | M47: =F47/V47*60 -> 2889.5652 | N47: =M47/L47 -> 288.95652 | O47: =L47-I47 -> 0 | P47: =N47-K47 -> -11.043478 | Q47: =N47/K47 -> 0.96318841 | S47: 0.36597222 | T47: 0.41388889 | U47: =(S47-T46)*24*60 -> 6 | V47: =(T47-S47)*24*60 -> 69 | AA47: =M47-J47 -> -110.43478 | AB47: =M47/J47 -> 0.96318841
A48: 新豐3線 | B48: 調理麵包 | C48: 排骨雞起司炒麵麵包 | E48: 31 | F48: 4200 | G48: =E48*F48 -> 130200 | H48: 2 | I48: 13 | J48: 2000 | K48: =J48/I48 -> 153.84615 | L48: 13 | M48: =F48/V48*60 -> 1909.0909 | N48: =M48/L48 -> 146.85315 | O48: =L48-I48 -> 0 | P48: =N48-K48 -> -6.993007 | Q48: =N48/K48 -> 0.95454545 | S48: 0.41736111 | T48: 0.50902778 | U48: =(S48-T47)*24*60 -> 5 | V48: =(T48-S48)*24*60 -> 132 | W48: =T48 -> 0.50902778 | X48: =S49 -> 0.54722222 | AA48: =M48-J48 -> -90.909091 | AB48: =M48/J48 -> 0.95454545
A49: 新豐3線 | B49: 調理麵包 | C49: 排骨雞起司炒麵麵包 | E49: 31 | F49: 5124 | G49: =E49*F49 -> 158844 | I49: 13 | J49: 2000 | K49: =J49/I49 -> 153.84615 | L49: 13 | M49: =F49/V49*60 -> 1909.5652 | N49: =M49/L49 -> 146.88963 | O49: =L49-I49 -> 0 | P49: =N49-K49 -> -6.9565217 | Q49: =N49/K49 -> 0.95478261 | S49: 0.54722222 | T49: 0.65902778 | U49: =(S49-T48)*24*60 -> 55 | V49: =(T49-S49)*24*60 -> 161 | AA49: =M49-J49 -> -90.434783 | AB49: =M49/J49 -> 0.95478261
A50: 新豐3線 | B50: 調理麵包 | C50: 豬肉起司蛋堡 | E50: 27.17 | F50: 3001 | G50: =E50*F50 -> 81537.17 | I50: 10 | J50: 3000 | K50: =J50/I50 -> 300 | L50: 10 | M50: =F50/V50*60 -> 2858.0952 | N50: =M50/L50 -> 285.80952 | O50: =L50-I50 -> 0 | P50: =N50-K50 -> -14.190476 | Q50: =N50/K50 -> 0.95269841 | S50: 0.6625 | T50: 0.70625 | U50: =(S50-T49)*24*60 -> 5 | V50: =(T50-S50)*24*60 -> 63 | AA50: =M50-J50 -> -141.90476 | AB50: =M50/J50 -> 0.95269841
A51: 新豐3線 | B51: 調理麵包 | C51: 豬肉起司堡 | E51: 21.13 | F51: 2427 | G51: =E51*F51 -> 51282.51 | I51: 10 | J51: 3000 | K51: =J51/I51 -> 300 | L51: 10 | M51: =F51/V51*60 -> 2855.2941 | N51: =M51/L51 -> 285.52941 | O51: =L51-I51 -> 0 | P51: =N51-K51 -> -14.470588 | Q51: =N51/K51 -> 0.95176471 | S51: 0.71041667 | T51: 0.74583333 | U51: =(S51-T50)*24*60 -> 6 | V51: =(T51-S51)*24*60 -> 51 | AA51: =M51-J51 -> -144.70588 | AB51: =M51/J51 -> 0.95176471
A52: 新豐3線 | B52: 平均 | I52: 10.4 | J52: 2800 | K52: =J52/I52 -> 269.23077 | L52: 10.4 | M52: =AVERAGE(M42:M51) -> 2678.2036 | N52: =M52/L52 -> 257.51958 | O52: =L52-I52 -> 0 | P52: =N52-K52 -> -11.711191 | Q52: =N52/K52 -> 0.95650129 | AA52: =M52-J52 -> -121.79639 | AB52: =M52/J52 -> 0.95650129
A53: 新豐1線 | B53: 沙拉 | C53: 蔥鹽雞肉麵沙拉(114年) | E53: 46 | F53: 3010 | G53: =E53*F53 -> 138460 | I53: 17 | J53: 2000 | K53: =J53/I53 -> 117.64706 | L53: 17 | M53: =F53/V53*60 -> 1921.2766 | N53: =M53/L53 -> 113.01627 | O53: =L53-I53 -> 0 | P53: =N53-K53 -> -4.6307885 | Q53: =N53/K53 -> 0.9606383 | R53: =Q58 -> 0.95653861 | S53: 0.20833333 | T53: 0.27361111 | V53: =(T53-S53)*24*60 -> 94 | AA53: =M53-J53 -> -78.723404 | AB53: =M53/J53 -> 0.9606383 | AC53: =AB58 -> 0.95653861
A54: 新豐1線 | B54: 沙拉 | C54: 莎莎烤雞麵沙拉 | E54: 46 | F54: 3119 | G54: =E54*F54 -> 143474 | I54: 17 | J54: 2000 | K54: =J54/I54 -> 117.64706 | L54: 17 | M54: =F54/V54*60 -> 1909.5918 | N54: =M54/L54 -> 112.32893 | O54: =L54-I54 -> 0 | P54: =N54-K54 -> -5.3181273 | Q54: =N54/K54 -> 0.95479592 | S54: 0.27777778 | T54: 0.34583333 | U54: =IF(S54=TIME(17,0,0),"",(S54-T53)*24*60) -> 6 | V54: =(T54-S54)*24*60 -> 98 | AA54: =M54-J54 -> -90.408163 | AB54: =M54/J54 -> 0.95479592
A55: 新豐1線 | B55: 微波主食 | C55: 二配香辣醬蒜味香腸蛋炒飯 | E55: 55.56 | F55: 2486 | G55: =E55*F55 -> 138122.16 | I55: 17 | J55: 2000 | K55: =J55/I55 -> 117.64706 | L55: 17 | M55: =F55/V55*60 -> 1912.3077 | N55: =M55/L55 -> 112.48869 | O55: =L55-I55 -> 0 | P55: =N55-K55 -> -5.158371 | Q55: =N55/K55 -> 0.95615385 | S55: 0.70833333 | T55: 0.7625 | U55: =IF(S55=TIME(17,0,0),"",(S55-T54)*24*60) | V55: =(T55-S55)*24*60 -> 78 | AA55: =M55-J55 -> -87.692308 | AB55: =M55/J55 -> 0.95615385
A56: 新豐1線 | B56: 微波主食 | C56: 二配香拌海鮮醬肉絲蛋炒飯 | E56: 55.32 | F56: 2100 | G56: =E56*F56 -> 116172 | I56: 15 | J56: 2000 | K56: =J56/I56 -> 133.33333 | L56: 15 | M56: =F56/V56*60 -> 1909.0909 | N56: =M56/L56 -> 127.27273 | O56: =L56-I56 -> 0 | P56: =N56-K56 -> -6.0606061 | Q56: =N56/K56 -> 0.95454545 | S56: 0.76805556 | T56: 0.81388889 | U56: =IF(S56=TIME(17,0,0),"",(S56-T55)*24*60) -> 8 | V56: =(T56-S56)*24*60 -> 66 | AA56: =M56-J56 -> -90.909091 | AB56: =M56/J56 -> 0.95454545
A57: 新豐1線 | B57: 微波主食 | C57: 二配粗飽系雞排炒飯(114年) | E57: 55.12 | F57: 5572 | G57: =E57*F57 -> 307128.64 | I57: 16 | J57: 1500 | K57: =J57/I57 -> 93.75 | L57: 16 | M57: =F57/V57*60 -> 1434.8498 | N57: =M57/L57 -> 89.678112 | O57: =L57-I57 -> 0 | P57: =N57-K57 -> -4.0718884 | Q57: =N57/K57 -> 0.95656652 | S57: 0.81805556 | T57: 0.97986111 | U57: =IF(S57=TIME(17,0,0),"",(S57-T56)*24*60) -> 6 | V57: =(T57-S57)*24*60 -> 233 | AA57: =M57-J57 -> -65.150215 | AB57: =M57/J57 -> 0.95656652
A58: 新豐1線 | B58: 平均 | I58: 16.4 | J58: 1900 | K58: =J58/I58 -> 115.85366 | L58: 16.4 | M58: =AVERAGE(M53:M57) -> 1817.4234 | N58: =M58/L58 -> 110.8185 | O58: =L58-I58 -> 0 | P58: =N58-K58 -> -5.0351607 | Q58: =N58/K58 -> 0.95653861 | AA58: =M58-J58 -> -82.576636 | AB58: =M58/J58 -> 0.95653861
A59: 新豐10線 | B59: 沙拉 | C59: 溏心蛋洋芋沙拉 | E59: 26.97 | F59: 3459 | G59: =E59*F59 -> 93289.23 | I59: 8 | J59: 1500 | K59: =J59/I59 -> 187.5 | L59: 8 | M59: =F59/V59*60 -> 1431.3103 | N59: =M59/L59 -> 178.91379 | O59: =L59-I59 -> 0 | P59: =N59-K59 -> -8.5862069 | Q59: =N59/K59 -> 0.9542069 | R59: =Q65 -> 0.95626433 | S59: 0.20833333 | T59: 0.30902778 | V59: =(T59-S59)*24*60 -> 145 | AA59: =M59-J59 -> -68.689655 | AB59: =M59/J59 -> 0.9542069 | AC59: =AB65 -> 0.95626433
A60: 新豐10線 | B60: 調理麵包 | C60: 香雞蛋堡(112年) | E60: 26.78 | F60: 2863 | G60: =E60*F60 -> 76671.14 | I60: 10 | J60: 3000 | K60: =J60/I60 -> 300 | L60: 10 | M60: =F60/V60*60 -> 2863 | N60: =M60/L60 -> 286.3 | O60: =L60-I60 -> 0 | P60: =N60-K60 -> -13.7 | Q60: =N60/K60 -> 0.95433333 | S60: 0.3125 | T60: 0.35416667 | U60: =(S60-T59)*24*60 -> 5 | V60: =(T60-S60)*24*60 -> 60 | AA60: =M60-J60 -> -137 | AB60: =M60/J60 -> 0.95433333
A61: 新豐10線 | B61: 調理麵包 | C61: 黃金魚堡 | E61: 35.37 | F61: 1684 | G61: =E61*F61 -> 59563.08 | I61: 10 | J61: 3000 | K61: =J61/I61 -> 300 | L61: 10 | M61: =F61/V61*60 -> 2886.8571 | N61: =M61/L61 -> 288.68571 | O61: =L61-I61 -> 0 | P61: =N61-K61 -> -11.314286 | Q61: =N61/K61 -> 0.96228571 | S61: 0.35833333 | T61: 0.38263889 | U61: =(S61-T60)*24*60 -> 6 | V61: =(T61-S61)*24*60 -> 35 | AA61: =M61-J61 -> -113.14286 | AB61: =M61/J61 -> 0.96228571
A62: 新豐10線 | B62: 調理麵包 | C62: 蜂蜜芥末辣雞堡 | E62: 37.88 | F62: 4298 | G62: =E62*F62 -> 162808.24 | I62: 11 | J62: 3000 | K62: =J62/I62 -> 272.72727 | L62: 11 | M62: =F62/V62*60 -> 2865.3333 | N62: =M62/L62 -> 260.48485 | O62: =L62-I62 -> 0 | P62: =N62-K62 -> -12.242424 | Q62: =N62/K62 -> 0.95511111 | S62: 0.38680556 | T62: 0.44930556 | U62: =(S62-T61)*24*60 -> 6 | V62: =(T62-S62)*24*60 -> 90 | AA62: =M62-J62 -> -134.66667 | AB62: =M62/J62 -> 0.95511111
A63: 新豐10線 | B63: 調理麵包 | C63: 經典美式起司巨牛堡 | E63: 38.72 | F63: 4200 | G63: =E63*F63 -> 162624 | H63: 2 | I63: 10 | J63: 3000 | K63: =J63/I63 -> 300 | L63: 10 | M63: =F63/V63*60 -> 2863.6364 | N63: =M63/L63 -> 286.36364 | O63: =L63-I63 -> 0 | P63: =N63-K63 -> -13.636364 | Q63: =N63/K63 -> 0.95454545 | S63: 0.45416667 | T63: 0.51527778 | U63: =(S63-T62)*24*60 -> 7 | V63: =(T63-S63)*24*60 -> 88 | W63: =T63 -> 0.51527778 | X63: =S64 -> 0.55694444 | AA63: =M63-J63 -> -136.36364 | AB63: =M63/J63 -> 0.95454545
A64: 新豐10線 | B64: 調理麵包 | C64: 經典美式起司巨牛堡 | E64: 38.72 | F64: 5115 | G64: =E64*F64 -> 198052.8 | I64: 10 | J64: 3000 | K64: =J64/I64 -> 300 | L64: 10 | M64: =F64/V64*60 -> 2868.2243 | N64: =M64/L64 -> 286.82243 | O64: =L64-I64 -> 0 | P64: =N64-K64 -> -13.17757 | Q64: =N64/K64 -> 0.95607477 | S64: 0.55694444 | T64: 0.63125 | U64: =(S64-T63)*24*60 -> 60 | V64: =(T64-S64)*24*60 -> 107 | AA64: =M64-J64 -> -131.7757 | AB64: =M64/J64 -> 0.95607477
A65: 新豐10線 | B65: 平均 | I65: 9.8333333 | J65: 2750 | K65: =J65/I65 -> 279.66102 | L65: 9.8333333 | M65: =AVERAGE(M59:M64) -> 2629.7269 | N65: =M65/L65 -> 267.42986 | O65: =L65-I65 -> 0 | P65: =N65-K65 -> -12.231161 | Q65: =N65/K65 -> 0.95626433 | AA65: =M65-J65 -> -120.27309 | AB65: =M65/J65 -> 0.95626433
A66: 新豐4線 | B66: 三明治 | C66: 香鬆起司蛋三明治(114年) | E66: 20.2 | F66: 2875 | G66: =E66*F66 -> 58075 | I66: 19 | J66: 2400 | K66: =J66/I66 -> 126.31579 | L66: 19 | M66: =F66/V66*60 -> 2300 | N66: =M66/L66 -> 121.05263 | O66: =L66-I66 -> 0 | P66: =N66-K66 -> -5.2631579 | Q66: =N66/K66 -> 0.95833333 | R66: =Q76 -> 0.95847581 | S66: 0.083333333 | T66: 0.13541667 | V66: =(T66-S66)*24*60 -> 75 | W66: =T66 -> 0.13541667 | X66: =S67 -> 0.15694444 | AA66: =M66-J66 -> -100 | AB66: =M66/J66 -> 0.95833333 | AC66: =AB76 -> 0.95847581
A67: 新豐4線 | B67: 三明治 | C67: 龍蝦風味總匯三明治 | E67: 25.98 | F67: 1532 | G67: =E67*F67 -> 39801.36 | I67: 17 | J67: 2400 | K67: =J67/I67 -> 141.17647 | L67: 17 | M67: =F67/V67*60 -> 2298 | N67: =M67/L67 -> 135.17647 | O67: =L67-I67 -> 0 | P67: =N67-K67 -> -6 | Q67: =N67/K67 -> 0.9575 | S67: 0.15694444 | T67: 0.18472222 | U67: =(S67-T66)*24*60 -> 31 | V67: =(T67-S67)*24*60 -> 40 | AA67: =M67-J67 -> -102 | AB67: =M67/J67 -> 0.9575
A68: 新豐4線 | B68: 三明治 | C68: 花生芝麻麻糬三明治 | E68: 24.25 | F68: 3143 | G68: =E68*F68 -> 76217.75 | I68: 17 | J68: 2400 | K68: =J68/I68 -> 141.17647 | L68: 17 | M68: =F68/V68*60 -> 2299.7561 | N68: =M68/L68 -> 135.27977 | O68: =L68-I68 -> 0 | P68: =N68-K68 -> -5.8967001 | Q68: =N68/K68 -> 0.95823171 | S68: 0.18819444 | T68: 0.24513889 | U68: =(S68-T67)*24*60 -> 5 | V68: =(T68-S68)*24*60 -> 82 | AA68: =M68-J68 -> -100.2439 | AB68: =M68/J68 -> 0.95823171
A69: 新豐4線 | B69: 三明治 | C69: 瘋狂起司三明治(113年) | E69: 24.45 | F69: 2672 | G69: =E69*F69 -> 65330.4 | I69: 20 | J69: 2400 | K69: =J69/I69 -> 120 | L69: 20 | M69: =F69/V69*60 -> 2290.2857 | N69: =M69/L69 -> 114.51429 | O69: =L69-I69 -> 0 | P69: =N69-K69 -> -5.4857143 | Q69: =N69/K69 -> 0.95428571 | S69: 0.25069444 | T69: 0.29930556 | U69: =(S69-T68)*24*60 -> 8 | V69: =(T69-S69)*24*60 -> 70 | AA69: =M69-J69 -> -109.71429 | AB69: =M69/J69 -> 0.95428571
A70: 新豐4線 | B70: 三明治 | C70: 泰奶奶蓋QQ三明治 | E70: 24.25 | F70: 4956 | G70: =E70*F70 -> 120183 | I70: 14 | J70: 2400 | K70: =J70/I70 -> 171.42857 | L70: 14 | M70: =F70/V70*60 -> 2287.3846 | N70: =M70/L70 -> 163.38462 | O70: =L70-I70 -> 0 | P70: =N70-K70 -> -8.043956 | Q70: =N70/K70 -> 0.95307692 | S70: 0.30347222 | T70: 0.39375 | U70: =(S70-T69)*24*60 -> 6 | V70: =(T70-S70)*24*60 -> 130 | AA70: =M70-J70 -> -112.61538 | AB70: =M70/J70 -> 0.95307692
A71: 新豐4線 | B71: 三明治 | C71: 火腿起司蛋三明治 | E71: 19.02 | F71: 4500 | G71: =E71*F71 -> 85590 | H71: 2 | I71: 15 | J71: 2400 | K71: =J71/I71 -> 160 | L71: 15 | M71: =F71/V71*60 -> 2288.1356 | N71: =M71/L71 -> 152.54237 | O71: =L71-I71 -> 0 | P71: =N71-K71 -> -7.4576271 | Q71: =N71/K71 -> 0.95338983 | S71: 0.39861111 | T71: 0.48055556 | U71: =(S71-T70)*24*60 -> 7 | V71: =(T71-S71)*24*60 -> 118 | AA71: =M71-J71 -> -111.86441 | AB71: =M71/J71 -> 0.95338983
A72: 新豐4線 | B72: 三明治 | C72: 輕乳酪巧克力三明治 | E72: 20.52 | F72: 2200 | G72: =E72*F72 -> 45144 | H72: 2 | I72: 18 | J72: 2400 | K72: =J72/I72 -> 133.33333 | L72: 18 | M72: =F72/V72*60 -> 2315.7895 | N72: =M72/L72 -> 128.65497 | O72: =L72-I72 -> 0 | P72: =N72-K72 -> -4.6783626 | Q72: =N72/K72 -> 0.96491228 | S72: 0.48611111 | T72: 0.52569444 | U72: =(S72-T71)*24*60 -> 8 | V72: =(T72-S72)*24*60 -> 57 | W72: =T72 -> 0.52569444 | X72: =S73 -> 0.56666667 | AA72: =M72-J72 -> -84.210526 | AB72: =M72/J72 -> 0.96491228
A73: 新豐4線 | B73: 三明治 | C73: 火腿起司蛋三明治 | E73: 19.02 | F73: 6960 | G73: =E73*F73 -> 132379.2 | I73: 15 | J73: 2400 | K73: =J73/I73 -> 160 | L73: 15 | M73: =F73/V73*60 -> 2294.5055 | N73: =M73/L73 -> 152.96703 | O73: =L73-I73 -> 0 | P73: =N73-K73 -> -7.032967 | Q73: =N73/K73 -> 0.95604396 | S73: 0.56666667 | T73: 0.69305556 | U73: =(S73-T72)*24*60 -> 59 | V73: =(T73-S73)*24*60 -> 182 | AA73: =M73-J73 -> -105.49451 | AB73: =M73/J73 -> 0.95604396
A74: 新豐4線 | B74: 三明治 | C74: 輕乳酪巧克力三明治 | E74: 20.52 | F74: 1552 | G74: =E74*F74 -> 31847.04 | I74: 18 | J74: 2400 | K74: =J74/I74 -> 133.33333 | L74: 18 | M74: =F74/V74*60 -> 2328 | N74: =M74/L74 -> 129.33333 | O74: =L74-I74 -> 0 | P74: =N74-K74 -> -4 | Q74: =N74/K74 -> 0.97 | S74: 0.69722222 | T74: 0.725 | U74: =(S74-T73)*24*60 -> 6 | V74: =(T74-S74)*24*60 -> 40 | AA74: =M74-J74 -> -72 | AB74: =M74/J74 -> 0.97
A75: 新豐4線 | B75: 三明治 | C75: 經典總匯三明治 | E75: 26.2 | F75: 2455 | G75: =E75*F75 -> 64321 | I75: 20 | J75: 2400 | K75: =J75/I75 -> 120 | L75: 20 | M75: =F75/V75*60 -> 2301.5625 | N75: =M75/L75 -> 115.07813 | O75: =L75-I75 -> 0 | P75: =N75-K75 -> -4.921875 | Q75: =N75/K75 -> 0.95898438 | S75: 0.72916667 | T75: 0.77361111 | U75: =(S75-T74)*24*60 -> 6 | V75: =(T75-S75)*24*60 -> 64 | AA75: =M75-J75 -> -98.4375 | AB75: =M75/J75 -> 0.95898438
A76: 新豐4線 | B76: 平均 | I76: 17.3 | J76: 2400 | K76: =J76/I76 -> 138.72832 | L76: 17.3 | M76: =AVERAGE(M66:M75) -> 2300.3419 | N76: =M76/L76 -> 132.96774 | O76: =L76-I76 -> 0 | P76: =N76-K76 -> -5.760581 | Q76: =N76/K76 -> 0.95847581 | AA76: =M76-J76 -> -99.658051 | AB76: =M76/J76 -> 0.95847581

Sheet 1027
B1: 屏榮 新豐廠組合室生產人時性分析
B3: 日期 | C3: =TEXT('1027 4度C'!A2,"yyyy.mm.ddaaaa") -> 2025.10.27星期一 | E3: 訂單量 | F3: ='1027 4度C'!D1 -> 194335 | H3: 營業額 | I3: ='1027 4度C'!F1 -> 6494392.7
B4: 人時性 | C4: 項目 | E4: ➀ | G4: ➁ | I4: ➂
C5: 組合室 | E5: 全溫層 | G5: 4度C-各編組展開 | I5: ③三明治-各編組展開
C6: 排關平均 | E6: =AVERAGE(D13:M13) -> 153.56295 | F6: =AVERAGE(D27:O27,D13:J13) -> 160.4724 | G6: =AVERAGE(D13:J13) -> 160.4724 | I6: =AVERAGE(K13:M13) -> 137.44089
C7: 實績平均 | E7: =AVERAGE(D14:M14) -> 147.04923 | F7: =AVERAGE(D28:O28,D14:J14) -> 153.75345 | G7: =AVERAGE(D14:J14) -> 153.75345 | I7: =AVERAGE(K14:M14) -> 131.40603
C8: 達成率平均 | E8: =AVERAGE(D15:M15) -> 0.9568761 | F8: =AVERAGE(D15:J15,D29:O29) -> 0.95724766 | G8: =AVERAGE(D15:J15) -> 0.95724766 | I8: =AVERAGE(K15:M15) -> 0.95600913 | K8: ※現行日本鮮食廠以達成率80%為基本(即為現行KPI)
B10: 溫層 | D10: ➁4度C-各編組展開 | K10: ③三明治-各編組展開
B11: 編組 | D11: 1 | E11: 2 | F11: 3 | G11: 4 | H11: 5 | I11: 6 | J11: 7 | K11: 1 | L11: 2 | M11: 3
D12: 新豐6線 | E12: 新豐2線 | F12: 新豐5線 | G12: 新豐7線 | H12: 新豐3線 | I12: 新豐1線 | J12: 新豐10線 | K12: 新豐8線 | L12: 新豐9線 | M12: 新豐4線
B13: 人時性 | C13: 排關 | D13: =SUMIFS('1027 4度C'!$K:$K,'1027 4度C'!$A:$A,"新豐6線",'1027 4度C'!$B:$B,"平均") -> 123.07692 | E13: =SUMIFS('1027 4度C'!$K:$K,'1027 4度C'!$A:$A,"新豐2線",'1027 4度C'!$B:$B,"平均") -> 81.081081 | F13: =SUMIFS('1027 4度C'!$K:$K,'1027 4度C'!$A:$A,"新豐5線",'1027 4度C'!$B:$B,"平均") -> 104.31655 | G13: =SUMIFS('1027 4度C'!$K:$K,'1027 4度C'!$A:$A,"新豐7線",'1027 4度C'!$B:$B,"平均") -> 119.40299 | H13: =SUMIFS('1027 4度C'!$K:$K,'1027 4度C'!$A:$A,"新豐3線",'1027 4度C'!$B:$B,"平均") -> 310.34483 | I13: =SUMIFS('1027 4度C'!$K:$K,'1027 4度C'!$A:$A,"新豐1線",'1027 4度C'!$B:$B,"平均") -> 115.85366 | J13: =SUMIFS('1027 4度C'!$K:$K,'1027 4度C'!$A:$A,"新豐10線",'1027 4度C'!$B:$B,"平均") -> 269.23077 | K13: =SUMIFS('1027 4度C'!$K:$K,'1027 4度C'!$A:$A,"新豐8線",'1027 4度C'!$B:$B,"平均") -> 127.43363 | L13: =SUMIFS('1027 4度C'!$K:$K,'1027 4度C'!$A:$A,"新豐9線",'1027 4度C'!$B:$B,"平均") -> 141.17647 | M13: =SUMIFS('1027 4度C'!$K:$K,'1027 4度C'!$A:$A,"新豐4線",'1027 4度C'!$B:$B,"平均") -> 143.71257
C14: 實績 | D14: =SUMIFS('1027 4度C'!$N:$N,'1027 4度C'!$A:$A,"新豐6線",'1027 4度C'!$B:$B,"平均") -> 117.98421 | E14: =SUMIFS('1027 4度C'!$N:$N,'1027 4度C'!$A:$A,"新豐2線",'1027 4度C'!$B:$B,"平均") -> 77.281017 | F14: =SUMIFS('1027 4度C'!$N:$N,'1027 4度C'!$A:$A,"新豐5線",'1027 4度C'!$B:$B,"平均") -> 99.789755 | G14: =SUMIFS('1027 4度C'!$N:$N,'1027 4度C'!$A:$A,"新豐7線",'1027 4度C'!$B:$B,"平均") -> 114.43133 | H14: =SUMIFS('1027 4度C'!$N:$N,'1027 4度C'!$A:$A,"新豐3線",'1027 4度C'!$B:$B,"平均") -> 297.59072 | I14: =SUMIFS('1027 4度C'!$N:$N,'1027 4度C'!$A:$A,"新豐1線",'1027 4度C'!$B:$B,"平均") -> 110.59023 | J14: =SUMIFS('1027 4度C'!$N:$N,'1027 4度C'!$A:$A,"新豐10線",'1027 4度C'!$B:$B,"平均") -> 258.60692 | K14: =SUMIFS('1027 4度C'!$N:$N,'1027 4度C'!$A:$A,"新豐8線",'1027 4度C'!$B:$B,"平均") -> 121.58371 | L14: =SUMIFS('1027 4度C'!$N:$N,'1027 4度C'!$A:$A,"新豐9線",'1027 4度C'!$B:$B,"平均") -> 134.8162 | M14: =SUMIFS('1027 4度C'!$N:$N,'1027 4度C'!$A:$A,"新豐4線",'1027 4度C'!$B:$B,"平均") -> 137.81819
C15: 達成率 | D15: =D14/D13 -> 0.95862171 | E15: =E14/E13 -> 0.95313254 | F15: =F14/F13 -> 0.95660524 | G15: =G14/G13 -> 0.95836238 | H15: =H14/H13 -> 0.95890343 | I15: =I14/I13 -> 0.95456834 | J15: =J14/J13 -> 0.96053997 | K15: =K14/K13 -> 0.95409437 | ... M15: =M14/M13 -> 0.95898492
B16: 作業 時間 | C16: 開始 | D16: =VLOOKUP("新豐6線",'1027 4度C'!$A:$T,19,0) -> 0.70833333 | E16: =VLOOKUP("新豐2線",'1027 4度C'!$A:$T,19,0) -> 0.20833333 | F16: =VLOOKUP("新豐5線",'1027 4度C'!$A:$T,19,0) -> 0.125 | G16: =VLOOKUP("新豐7線",'1027 4度C'!$A:$T,19,0) -> 0.20833333 | H16: =VLOOKUP("新豐3線",'1027 4度C'!$A:$T,19,0) -> 0.083333333 | I16: =VLOOKUP("新豐1線",'1027 4度C'!$A:$T,19,0) -> 0.20833333 | J16: =VLOOKUP("新豐10線",'1027 4度C'!$A:$T,19,0) -> 0.20833333 | K16: =VLOOKUP("新豐8線",'1027 4度C'!$A:$T,19,0) -> 0.083333333 | L16: =VLOOKUP("新豐9線",'1027 4度C'!$A:$T,19,0) -> 0.083333333 | M16: =VLOOKUP("新豐4線",'1027 4度C'!$A:$T,19,0) -> 0.083333333
C17: 結束 | D17: =LOOKUP(2,1/(('1027 4度C'!$A:$A="新豐6線")*('1027 4度C'!$T:$T<>"")),'1027 4度C'!$T:$T) -> 0.96527778 | E17: =LOOKUP(2,1/(('1027 4度C'!$A:$A="新豐2線")*('1027 4度C'!$T:$T<>"")),'1027 4度C'!$T:$T) -> 0.50277778 | F17: =LOOKUP(2,1/(('1027 4度C'!$A:$A="新豐5線")*('1027 4度C'!$T:$T<>"")),'1027 4度C'!$T:$T) -> 0.96458333 | G17: =LOOKUP(2,1/(('1027 4度C'!$A:$A="新豐7線")*('1027 4度C'!$T:$T<>"")),'1027 4度C'!$T:$T) -> 0.77083333 | H17: =LOOKUP(2,1/(('1027 4度C'!$A:$A="新豐3線")*('1027 4度C'!$T:$T<>"")),'1027 4度C'!$T:$T) -> 0.52222222 | I17: =LOOKUP(2,1/(('1027 4度C'!$A:$A="新豐1線")*('1027 4度C'!$T:$T<>"")),'1027 4度C'!$T:$T) -> 0.93194444 | J17: =LOOKUP(2,1/(('1027 4度C'!$A:$A="新豐10線")*('1027 4度C'!$T:$T<>"")),'1027 4度C'!$T:$T) -> 0.45902778 | K17: =LOOKUP(2,1/(('1027 4度C'!$A:$A="新豐8線")*('1027 4度C'!$T:$T<>"")),'1027 4度C'!$T:$T) -> 0.725 | L17: =LOOKUP(2,1/(('1027 4度C'!$A:$A="新豐9線")*('1027 4度C'!$T:$T<>"")),'1027 4度C'!$T:$T) -> 0.70416667 | M17: =LOOKUP(2,1/(('1027 4度C'!$A:$A="新豐4線")*('1027 4度C'!$T:$T<>"")),'1027 4度C'!$T:$T) -> 0.73541667
B18: 配置人數 | D18: =SUMIFS('1027 4度C'!$I:$I,'1027 4度C'!$A:$A,"新豐6線",'1027 4度C'!$B:$B,"平均") -> 16.25 | E18: =SUMIFS('1027 4度C'!$I:$I,'1027 4度C'!$A:$A,"新豐2線",'1027 4度C'!$B:$B,"平均") -> 18.5 | F18: =SUMIFS('1027 4度C'!$I:$I,'1027 4度C'!$A:$A,"新豐5線",'1027 4度C'!$B:$B,"平均") -> 17.375 | G18: =SUMIFS('1027 4度C'!$I:$I,'1027 4度C'!$A:$A,"新豐7線",'1027 4度C'!$B:$B,"平均") -> 16.75 | H18: =SUMIFS('1027 4度C'!$I:$I,'1027 4度C'!$A:$A,"新豐3線",'1027 4度C'!$B:$B,"平均") -> 9.6666667 | I18: =SUMIFS('1027 4度C'!$I:$I,'1027 4度C'!$A:$A,"新豐1線",'1027 4度C'!$B:$B,"平均") -> 16.4 | J18: =SUMIFS('1027 4度C'!$I:$I,'1027 4度C'!$A:$A,"新豐10線",'1027 4度C'!$B:$B,"平均") -> 9.75 | K18: =SUMIFS('1027 4度C'!$I:$I,'1027 4度C'!$A:$A,"新豐8線",'1027 4度C'!$B:$B,"平均") -> 18.833333 | L18: =SUMIFS('1027 4度C'!$I:$I,'1027 4度C'!$A:$A,"新豐9線",'1027 4度C'!$B:$B,"平均") -> 17 | M18: =SUMIFS('1027 4度C'!$I:$I,'1027 4度C'!$A:$A,"新豐4線",'1027 4度C'!$B:$B,"平均") -> 16.7
B19: 主要應用設備 | D19: ET-55 | E19: 熱縮爐 | F19: L型包裝機 | G19: L型包裝機 | H19: 伺服包裝機 | I19: ET-55 | J19: 伺服包裝機 | K19: 三明治包裝機 | L19: 三明治包裝機 | M19: 三明治包裝機
B20: 次要應用設備 | F20: 圓盤機 | G20: ET-55
B21: 備註 | E21: 握沙拉 | F21: 共用L型包裝機 | H21: 調理麵包 | I21: 炒飯+沙拉 | J21: 調理麵包

Sheet 1027 4度C
A1: 新豐廠四度C日報分析 | C1: 總生產量 | D1: =SUM(F5:F70) -> 194335 | E1: 營業額 | F1: =SUM(G5:G70) -> 6494392.7 | G1: 出勤人數 | H1: =L9+L12+L48+L54+L21+L59+L33+L41+L26+L70 -> 157.225 | I1: 產線配置圖 | L1: 生產實績 | O1: 人時性差異分析 | S1: 日報登錄 | Y1: 分析說明 | AA1: 產能差異分析
A2: 45957 | B2: 星期一 | C2: 人時性 | D2: =AVERAGE(N9,N12,N48,N54,N21,N59,N26,N33,N41,N70) -> 147.04923 | E2: 平均廠價 | F2: =F1/D1 -> 33.418544 | G2: 多次生產數 | H2: =COUNT(H5:H70) -> 10
A3: 線別 | B3: 品類 | C3: 品名 | E3: 廠價 | F3: 生產量 | G3: 營收 | H3: 多次 生產 | I3: 人數 | J3: 產能/時 | K3: 人時性 | L3: 人數 | M3: 產能/時 | N3: 人時性 | O3: 人數 | P3: 人時性 | Q3: 達成率 | R3: 達成率平均 | S3: 生產時間 | U3: 換線、休息/分 | V3: 稼動時間/分 | W3: 休息時間 | Y3: (新豐回填) | AA3: 產能/時 | AB3: 達成率 | AC3: 達成率平均
S4: 開始 | T4: 結束 | W4: 開始 | X4: 結束
A5: 新豐6線 | B5: 微波主食 | C5: 二配煸椒烘蛋飯 | E5: 46.93 | F5: 1059 | G5: =E5*F5 -> 49698.87 | I5: 16 | J5: 2000 | K5: =J5/I5 -> 125 | L5: 16 | M5: =F5/V5*60 -> 1925.4545 | N5: =M5/L5 -> 120.34091 | O5: =L5-I5 -> 0 | P5: =N5-K5 -> -4.6590909 | Q5: =N5/K5 -> 0.96272727 | R5: =Q9 -> 0.95862171 | S5: 0.70833333 | T5: 0.73125 | V5: =(T5-S5)*24*60 -> 33 | AA5: =M5-J5 -> -74.545455 | AB5: =M5/J5 -> 0.96272727 | AC5: =AB9 -> 0.95862171
A6: 新豐6線 | B6: 微波主食 | C6: 二配川味麻婆燒豆腐燴飯 | E6: 50.49 | F6: 2492 | G6: =E6*F6 -> 125821.08 | I6: 15 | J6: 2000 | K6: =J6/I6 -> 133.33333 | L6: 15 | M6: =F6/V6*60 -> 1916.9231 | N6: =M6/L6 -> 127.79487 | O6: =L6-I6 -> 0 | P6: =N6-K6 -> -5.5384615 | Q6: =N6/K6 -> 0.95846154 | S6: 0.73472222 | T6: 0.78888889 | U6: =IF(S6=TIME(17,0,0),"",(S6-T5)*24*60) -> 5 | V6: =(T6-S6)*24*60 -> 78 | AA6: =M6-J6 -> -83.076923 | AB6: =M6/J6 -> 0.95846154
A7: 新豐6線 | B7: 微波主食 | C7: 二配港式香滑嫩蛋牛肉燴飯 | E7: 50.67 | F7: 2142 | G7: =E7*F7 -> 108535.14 | I7: 17 | J7: 2000 | K7: =J7/I7 -> 117.64706 | L7: 17 | M7: =F7/V7*60 -> 1918.209 | N7: =M7/L7 -> 112.83582 | O7: =L7-I7 -> 0 | P7: =N7-K7 -> -4.8112379 | Q7: =N7/K7 -> 0.95910448 | S7: 0.79375 | T7: 0.84027778 | U7: =IF(S7=TIME(17,0,0),"",(S7-T6)*24*60) -> 7 | V7: =(T7-S7)*24*60 -> 67 | W7: =T7 -> 0.84027778 | X7: =S8 -> 0.92222222 | AA7: =M7-J7 -> -81.791045 | AB7: =M7/J7 -> 0.95910448
A8: 新豐6線 | B8: 微波主食 | C8: 二配香辣醬蒜味香腸蛋炒飯 | E8: 55.56 | F8: 1972 | G8: =E8*F8 -> 109564.32 | I8: 17 | J8: 2000 | K8: =J8/I8 -> 117.64706 | L8: 17 | M8: =F8/V8*60 -> 1908.3871 | N8: =M8/L8 -> 112.25806 | O8: =L8-I8 -> 0 | P8: =N8-K8 -> -5.3889943 | Q8: =N8/K8 -> 0.95419355 | S8: 0.92222222 | T8: 0.96527778 | U8: =IF(S8=TIME(17,0,0),"",(S8-T7)*24*60) -> 118 | V8: =(T8-S8)*24*60 -> 62 | AA8: =M8-J8 -> -91.612903 | AB8: =M8/J8 -> 0.95419355
A9: 新豐6線 | B9: 平均 | I9: 16.25 | J9: 2000 | K9: =J9/I9 -> 123.07692 | L9: 16.25 | M9: =AVERAGE(M5:M8) -> 1917.2434 | N9: =M9/L9 -> 117.98421 | O9: =L9-I9 -> 0 | P9: =N9-K9 -> -5.0927127 | Q9: =N9/K9 -> 0.95862171 | AA9: =M9-J9 -> -82.756581 | AB9: =M9/J9 -> 0.95862171
A10: 新豐2線 | B10: 沙拉 | C10: 韓式泡菜豆腐握沙拉 | E10: 39.36 | F10: 2501 | G10: =E10*F10 -> 98439.36 | I10: 20 | J10: 1500 | K10: =J10/I10 -> 75 | L10: 20 | M10: =F10/V10*60 -> 1429.1429 | N10: =M10/L10 -> 71.457143 | O10: =L10-I10 -> 0 | P10: =N10-K10 -> -3.5428571 | Q10: =N10/K10 -> 0.9527619 | R10: =Q12 -> 0.95313254 | S10: 0.20833333 | T10: 0.28125 | V10: =(T10-S10)*24*60 -> 105 | AA10: =M10-J10 -> -70.857143 | AB10: =M10/J10 -> 0.9527619 | AC10: =AB12 -> 0.95313254
A11: 新豐2線 | B11: 沙拉 | C11: 青檸烤雞握沙拉(113年) | E11: 39.8 | F11: 7485 | G11: =E11*F11 -> 297903 | I11: 17 | J11: 1500 | K11: =J11/I11 -> 88.235294 | L11: 17 | M11: =F11/V11*60 -> 1430.2548 | N11: =M11/L11 -> 84.132634 | O11: =L11-I11 -> 0 | P11: =N11-K11 -> -4.1026602 | Q11: =N11/K11 -> 0.95350318 | S11: 0.28472222 | T11: 0.50277778 | U11: =IF(S11=TIME(17,0,0),"",(S11-T10)*24*60) -> 5 | V11: =(T11-S11)*24*60 -> 314 | AA11: =M11-J11 -> -69.745223 | AB11: =M11/J11 -> 0.95350318
A12: 新豐2線 | B12: 平均 | I12: 18.5 | J12: 1500 | K12: =J12/I12 -> 81.081081 | L12: 18.5 | M12: =AVERAGE(M10:M11) -> 1429.6988 | N12: =M12/L12 -> 77.281017 | O12: =L12-I12 -> 0 | P12: =N12-K12 -> -3.8000639 | Q12: =N12/K12 -> 0.95313254 | AA12: =M12-J12 -> -70.301183 | AB12: =M12/J12 -> 0.95313254
A13: 新豐5線 | B13: 小吃 | C13: 剝皮辣椒雞湯 | E13: 41 | F13: 2605 | G13: =E13*F13 -> 106805 | I13: 26 | J13: 1500 | K13: =J13/I13 -> 57.692308 | L13: 26 | M13: =F13/V13*60 -> 1433.945 | N13: =M13/L13 -> 55.151729 | O13: =L13-I13 -> 0 | P13: =N13-K13 -> -2.5405787 | Q13: =N13/K13 -> 0.9559633 | R13: =Q21 -> 0.95660524 | S13: 0.125 | T13: 0.20069444 | V13: =(T13-S13)*24*60 -> 109 | W13: =T13 -> 0.20069444 | X13: =S14 -> 0.21944444 | AA13: =M13-J13 -> -66.055046 | AB13: =M13/J13 -> 0.9559633 | AC13: =AB21 -> 0.95660524
A14: 新豐5線 | B14: 沙拉 | C14: 青醬優格雞肉握沙拉(113年) | E14: 39.62 | F14: 5053 | G14: =E14*F14 -> 200199.86 | I14: 19 | J14: 1500 | K14: =J14/I14 -> 78.947368 | L14: 19 | M14: =F14/V14*60 -> 1430.0943 | N14: =M14/L14 -> 75.268123 | O14: =L14-I14 -> 0 | P14: =N14-K14 -> -3.6792453 | Q14: =N14/K14 -> 0.95339623 | S14: 0.21944444 | T14: 0.36666667 | U14: =IF(S14=TIME(17,0,0),"",(S14-T13)*24*60) -> 27 | V14: =(T14-S14)*24*60 -> 212 | AA14: =M14-J14 -> -69.90566 | AB14: =M14/J14 -> 0.95339623
A15: 新豐5線 | B15: 熱食義麵 | C15: 焗烤明太子筆尖麵 | E15: 57.3 | F15: 2269 | G15: =E15*F15 -> 130013.7 | I15: 17 | J15: 1500 | K15: =J15/I15 -> 88.235294 | L15: 17 | M15: =F15/V15*60 -> 1433.0526 | N15: =M15/L15 -> 84.297214 | O15: =L15-I15 -> 0 | P15: =N15-K15 -> -3.9380805 | Q15: =N15/K15 -> 0.95536842 | S15: 0.37013889 | T15: 0.43611111 | U15: =IF(S15=TIME(17,0,0),"",(S15-T14)*24*60) -> 5 | V15: =(T15-S15)*24*60 -> 95 | AA15: =M15-J15 -> -66.947368 | AB15: =M15/J15 -> 0.95536842
A16: 新豐5線 | B16: 微波主食 | C16: 二配金咖哩濃厚辛辣咖哩飯 | E16: 50.98 | F16: 1000 | G16: =E16*F16 -> 50980 | H16: 2 | I16: 16 | J16: 2000 | K16: =J16/I16 -> 125 | L16: 16 | M16: =F16/V16*60 -> 1935.4839 | N16: =M16/L16 -> 120.96774 | O16: =L16-I16 -> 0 | P16: =N16-K16 -> -4.0322581 | Q16: =N16/K16 -> 0.96774194 | S16: 0.70833333 | T16: 0.72986111 | U16: =IF(S16=TIME(17,0,0),"",(S16-T15)*24*60) | V16: =(T16-S16)*24*60 -> 31 | AA16: =M16-J16 -> -64.516129 | AB16: =M16/J16 -> 0.96774194
A17: 新豐5線 | B17: 微波主食 | C17: 二配金咖哩果香甘口咖哩飯 | E17: 50.92 | F17: 1050 | G17: =E17*F17 -> 53466 | H17: 2 | I17: 15 | J17: 2000 | K17: =J17/I17 -> 133.33333 | L17: 15 | M17: =F17/V17*60 -> 1909.0909 | N17: =M17/L17 -> 127.27273 | O17: =L17-I17 -> 0 | P17: =N17-K17 -> -6.0606061 | Q17: =N17/K17 -> 0.95454545 | S17: 0.73402778 | T17: 0.75694444 | U17: =IF(S17=TIME(17,0,0),"",(S17-T16)*24*60) -> 6 | V17: =(T17-S17)*24*60 -> 33 | AA17: =M17-J17 -> -90.909091 | AB17: =M17/J17 -> 0.95454545
A18: 新豐5線 | B18: 微波主食 | C18: 二配泰式綠咖哩雞 | E18: 48.36 | F18: 2514 | G18: =E18*F18 -> 121577.04 | I18: 15 | J18: 2000 | K18: =J18/I18 -> 133.33333 | L18: 15 | M18: =F18/V18*60 -> 1909.3671 | N18: =M18/L18 -> 127.29114 | O18: =L18-I18 -> 0 | P18: =N18-K18 -> -6.0421941 | Q18: =N18/K18 -> 0.95468354 | S18: 0.76041667 | T18: 0.81527778 | U18: =IF(S18=TIME(17,0,0),"",(S18-T17)*24*60) -> 5 | V18: =(T18-S18)*24*60 -> 79 | W18: =T18 -> 0.81527778 | X18: =S19 -> 0.85555556 | AA18: =M18-J18 -> -90.632911 | AB18: =M18/J18 -> 0.95468354
A19: 新豐5線 | B19: 微波主食 | C19: 二配金咖哩濃厚辛辣咖哩飯 | E19: 50.98 | F19: 2236 | G19: =E19*F19 -> 113991.28 | I19: 16 | J19: 2000 | K19: =J19/I19 -> 125 | L19: 16 | M19: =F19/V19*60 -> 1916.5714 | N19: =M19/L19 -> 119.78571 | O19: =L19-I19 -> 0 | P19: =N19-K19 -> -5.2142857 | Q19: =N19/K19 -> 0.95828571 | S19: 0.85555556 | T19: 0.90416667 | U19: =IF(S19=TIME(17,0,0),"",(S19-T18)*24*60) -> 58 | V19: =(T19-S19)*24*60 -> 70 | AA19: =M19-J19 -> -83.428571 | AB19: =M19/J19 -> 0.95828571
A20: 新豐5線 | B20: 微波主食 | C20: 二配金咖哩果香甘口咖哩飯 | E20: 50.92 | F20: 2601 | G20: =E20*F20 -> 132442.92 | I20: 15 | J20: 2000 | K20: =J20/I20 -> 133.33333 | L20: 15 | M20: =F20/V20*60 -> 1903.1707 | N20: =M20/L20 -> 126.87805 | O20: =L20-I20 -> 0 | P20: =N20-K20 -> -6.4552846 | Q20: =N20/K20 -> 0.95158537 | S20: 0.90763889 | T20: 0.96458333 | U20: =IF(S20=TIME(17,0,0),"",(S20-T19)*24*60) -> 5 | V20: =(T20-S20)*24*60 -> 82 | AA20: =M20-J20 -> -96.829268 | AB20: =M20/J20 -> 0.95158537
A21: 新豐5線 | B21: 平均 | I21: 17.375 | J21: 1812.5 | K21: =J21/I21 -> 104.31655 | L21: 17.375 | M21: =AVERAGE(M13:M20) -> 1733.847 | N21: =M21/L21 -> 99.789755 | O21: =L21-I21 -> 0 | P21: =N21-K21 -> -4.5267917 | Q21: =N21/K21 -> 0.95660524 | AA21: =M21-J21 -> -78.653006 | AB21: =M21/J21 -> 0.95660524
A22: 新豐7線 | B22: 小吃 | C22: 古早味炒炊粉 | E22: 43.14 | F22: 1504 | G22: =E22*F22 -> 64882.56 | I22: 17 | J22: 2000 | K22: =J22/I22 -> 117.64706 | L22: 17 | M22: =F22/V22*60 -> 1920 | N22: =M22/L22 -> 112.94118 | O22: =L22-I22 -> 0 | P22: =N22-K22 -> -4.7058824 | Q22: =N22/K22 -> 0.96 | R22: =Q26 -> 0.95836238 | S22: 0.20833333 | T22: 0.24097222 | V22: =(T22-S22)*24*60 -> 47 | AA22: =M22-J22 -> -80 | AB22: =M22/J22 -> 0.96 | AC22: =AB26 -> 0.95836238
A23: 新豐7線 | B23: 微波主食 | C23: 極上炙烤親子丼 | E23: 53.68 | F23: 2216 | G23: =E23*F23 -> 118954.88 | I23: 16 | J23: 2000 | K23: =J23/I23 -> 125 | L23: 16 | M23: =F23/V23*60 -> 1926.9565 | N23: =M23/L23 -> 120.43478 | O23: =L23-I23 -> 0 | P23: =N23-K23 -> -4.5652174 | Q23: =N23/K23 -> 0.96347826 | S23: 0.24513889 | T23: 0.29305556 | U23: =IF(S23=TIME(17,0,0),"",(S23-T22)*24*60) -> 6 | V23: =(T23-S23)*24*60 -> 69 | AA23: =M23-J23 -> -73.043478 | AB23: =M23/J23 -> 0.96347826
A24: 新豐7線 | B24: 微波主食 | C24: 鐵板滑蛋炸豬排丼 | E24: 57.73 | F24: 3699 | G24: =E24*F24 -> 213543.27 | I24: 15 | J24: 2000 | K24: =J24/I24 -> 133.33333 | L24: 15 | M24: =F24/V24*60 -> 1913.2759 | N24: =M24/L24 -> 127.55172 | O24: =L24-I24 -> 0 | P24: =N24-K24 -> -5.7816092 | Q24: =N24/K24 -> 0.95663793 | S24: 0.29861111 | T24: 0.37916667 | U24: =IF(S24=TIME(17,0,0),"",(S24-T23)*24*60) -> 8 | V24: =(T24-S24)*24*60 -> 116 | AA24: =M24-J24 -> -86.724138 | AB24: =M24/J24 -> 0.95663793
A25: 新豐7線 | B25: 微波主食 | C25: 二配美味蟹煲 | E25: 54.09 | F25: 2860 | G25: =E25*F25 -> 154697.4 | I25: 19 | J25: 2000 | K25: =J25/I25 -> 105.26316 | L25: 19 | M25: =F25/V25*60 -> 1906.6667 | N25: =M25/L25 -> 100.35088 | O25: =L25-I25 -> 0 | P25: =N25-K25 -> -4.9122807 | Q25: =N25/K25 -> 0.95333333 | S25: 0.70833333 | T25: 0.77083333 | U25: =IF(S25=TIME(17,0,0),"",(S25-T24)*24*60) | V25: =(T25-S25)*24*60 -> 90 | AA25: =M25-J25 -> -93.333333 | AB25: =M25/J25 -> 0.95333333
A26: 新豐7線 | B26: 平均 | I26: 16.75 | J26: 2000 | K26: =J26/I26 -> 119.40299 | L26: 16.75 | M26: =AVERAGE(M22:M25) -> 1916.7248 | N26: =M26/L26 -> 114.43133 | O26: =L26-I26 -> 0 | P26: =N26-K26 -> -4.971656 | Q26: =N26/K26 -> 0.95836238 | AA26: =M26-J26 -> -83.275237 | AB26: =M26/J26 -> 0.95836238
A27: 新豐8線 | B27: 三明治 | C27: 紐奧良風味烤雞鮮蔬三明治 | E27: 31.29 | F27: 6200 | G27: =E27*F27 -> 193998 | H27: 2 | I27: 18 | J27: 2400 | K27: =J27/I27 -> 133.33333 | L27: 18 | M27: =F27/V27*60 -> 2282.2086 | N27: =M27/L27 -> 126.78937 | O27: =L27-I27 -> 0 | P27: =N27-K27 -> -6.5439673 | Q27: =N27/K27 -> 0.95092025 | R27: =Q33 -> 0.95409437 | S27: 0.083333333 | T27: 0.19652778 | V27: =(T27-S27)*24*60 -> 163 | W27: =T27 -> 0.19652778 | X27: =S28 -> 0.21597222 | AA27: =M27-J27 -> -117.79141 | AB27: =M27/J27 -> 0.95092025 | AC27: =AB33 -> 0.95409437
A28: 新豐8線 | B28: 三明治 | C28: 陽光地瓜總匯三明治 | E28: 26.18 | F28: 4148 | G28: =E28*F28 -> 108594.64 | I28: 19 | J28: 2400 | K28: =J28/I28 -> 126.31579 | L28: 19 | M28: =F28/V28*60 -> 2283.3028 | N28: =M28/L28 -> 120.17383 | O28: =L28-I28 -> 0 | P28: =N28-K28 -> -6.1419604 | Q28: =N28/K28 -> 0.95137615 | S28: 0.21597222 | T28: 0.29166667 | U28: =(S28-T27)*24*60 -> 28 | V28: =(T28-S28)*24*60 -> 109 | AA28: =M28-J28 -> -116.69725 | AB28: =M28/J28 -> 0.95137615
A29: 新豐8線 | B29: 三明治 | C29: 好多菜三明治 | E29: 26.2 | F29: 5348 | G29: =E29*F29 -> 140117.6 | I29: 19 | J29: 2400 | K29: =J29/I29 -> 126.31579 | L29: 19 | M29: =F29/V29*60 -> 2292 | N29: =M29/L29 -> 120.63158 | O29: =L29-I29 -> 0 | P29: =N29-K29 -> -5.6842105 | Q29: =N29/K29 -> 0.955 | S29: 0.29652778 | T29: 0.39375 | U29: =(S29-T28)*24*60 -> 7 | V29: =(T29-S29)*24*60 -> 140 | AA29: =M29-J29 -> -108 | AB29: =M29/J29 -> 0.955
A30: 新豐8線 | B30: 三明治 | C30: 經典總匯三明治 | E30: 26.2 | F30: 6086 | G30: =E30*F30 -> 159453.2 | I30: 20 | J30: 2400 | K30: =J30/I30 -> 120 | L30: 20 | M30: =F30/V30*60 -> 2296.6038 | N30: =M30/L30 -> 114.83019 | O30: =L30-I30 -> 0 | P30: =N30-K30 -> -5.1698113 | Q30: =N30/K30 -> 0.95691824 | S30: 0.39791667 | T30: 0.50833333 | U30: =(S30-T29)*24*60 -> 6 | V30: =(T30-S30)*24*60 -> 159 | W30: =T30 -> 0.50833333 | X30: =S31 -> 0.54861111 | AA30: =M30-J30 -> -103.39623 | AB30: =M30/J30 -> 0.95691824
A31: 新豐8線 | B31: 三明治 | C31: 紐奧良風味烤雞鮮蔬三明治 | E31: 31.29 | F31: 4885 | G31: =E31*F31 -> 152851.65 | I31: 18 | J31: 2400 | K31: =J31/I31 -> 133.33333 | L31: 18 | M31: =F31/V31*60 -> 2289.8437 | N31: =M31/L31 -> 127.21354 | O31: =L31-I31 -> 0 | P31: =N31-K31 -> -6.1197917 | Q31: =N31/K31 -> 0.95410156 | S31: 0.54861111 | T31: 0.6375 | U31: =(S31-T30)*24*60 -> 58 | V31: =(T31-S31)*24*60 -> 128 | AA31: =M31-J31 -> -110.15625 | AB31: =M31/J31 -> 0.95410156
A32: 新豐8線 | B32: 三明治 | C32: 醬燒烤雞三明治 | E32: 26.39 | F32: 4590 | G32: =E32*F32 -> 121130.1 | I32: 19 | J32: 2400 | K32: =J32/I32 -> 126.31579 | L32: 19 | M32: =F32/V32*60 -> 2295 | N32: =M32/L32 -> 120.78947 | O32: =L32-I32 -> 0 | P32: =N32-K32 -> -5.5263158 | Q32: =N32/K32 -> 0.95625 | S32: 0.64166667 | T32: 0.725 | U32: =(S32-T31)*24*60 -> 6 | V32: =(T32-S32)*24*60 -> 120 | AA32: =M32-J32 -> -105 | AB32: =M32/J32 -> 0.95625
A33: 新豐8線 | B33: 平均 | I33: 18.833333 | J33: 2400 | K33: =J33/I33 -> 127.43363 | L33: 18.833333 | M33: =AVERAGE(M27:M32) -> 2289.8265 | N33: =M33/L33 -> 121.58371 | O33: =L33-I33 -> 0 | P33: =N33-K33 -> -5.8499216 | Q33: =N33/K33 -> 0.95409437 | AA33: =M33-J33 -> -110.17352 | AB33: =M33/J33 -> 0.95409437
A34: 新豐9線 | B34: 三明治 | C34: 鮪魚起司溏心蛋三明治 | E34: 26.2 | F34: 4500 | G34: =E34*F34 -> 117900 | H34: 2 | I34: 18 | J34: 2400 | K34: =J34/I34 -> 133.33333 | L34: 18 | M34: =F34/V34*60 -> 2288.1356 | N34: =M34/L34 -> 127.11864 | O34: =L34-I34 -> 0 | P34: =N34-K34 -> -6.2146893 | Q34: =N34/K34 -> 0.95338983 | R34: =Q41 -> 0.9549481 | S34: 0.083333333 | T34: 0.16527778 | V34: =(T34-S34)*24*60 -> 118 | W34: =T34 -> 0.16527778 | X34: =S35 -> 0.18611111 | AA34: =M34-J34 -> -111.86441 | AB34: =M34/J34 -> 0.95338983 | AC34: =AB41 -> 0.9549481
A35: 新豐9線 | B35: 三明治 | C35: 醬燒烤雞三明治 | E35: 26.39 | F35: 3400 | G35: =E35*F35 -> 89726 | H35: 2 | I35: 19 | J35: 2400 | K35: =J35/I35 -> 126.31579 | L35: 19 | M35: =F35/V35*60 -> 2292.1348 | N35: =M35/L35 -> 120.63868 | O35: =L35-I35 -> 0 | P35: =N35-K35 -> -5.6771141 | Q35: =N35/K35 -> 0.95505618 | S35: 0.18611111 | T35: 0.24791667 | U35: =(S35-T34)*24*60 -> 30 | V35: =(T35-S35)*24*60 -> 89 | AA35: =M35-J35 -> -107.86517 | AB35: =M35/J35 -> 0.95505618
A36: 新豐9線 | B36: 三明治 | C36: 肉鬆火腿三明治 | E36: 20.52 | F36: 5920 | G36: =E36*F36 -> 121478.4 | I36: 18 | J36: 2400 | K36: =J36/I36 -> 133.33333 | L36: 18 | M36: =F36/V36*60 -> 2291.6129 | N36: =M36/L36 -> 127.31183 | O36: =L36-I36 -> 0 | P36: =N36-K36 -> -6.0215054 | Q36: =N36/K36 -> 0.95483871 | S36: 0.25347222 | T36: 0.36111111 | U36: =(S36-T35)*24*60 -> 8 | V36: =(T36-S36)*24*60 -> 155 | AA36: =M36-J36 -> -108.3871 | AB36: =M36/J36 -> 0.95483871
A37: 新豐9線 | B37: 三明治 | C37: 藍莓優格三明治(114年) | E37: 22.35 | F37: 2245 | G37: =E37*F37 -> 50175.75 | I37: 16 | J37: 2400 | K37: =J37/I37 -> 150 | L37: 16 | M37: =F37/V37*60 -> 2283.0508 | N37: =M37/L37 -> 142.69068 | O37: =L37-I37 -> 0 | P37: =N37-K37 -> -7.309322 | Q37: =N37/K37 -> 0.95127119 | S37: 0.36527778 | T37: 0.40625 | U37: =(S37-T36)*24*60 -> 6 | V37: =(T37-S37)*24*60 -> 59 | AA37: =M37-J37 -> -116.94915 | AB37: =M37/J37 -> 0.95127119
A38: 新豐9線 | B38: 三明治 | C38: 經典火腿玉米蛋三明治 | E38: 24.43 | F38: 5500 | G38: =E38*F38 -> 134365 | H38: 2 | I38: 15 | J38: 2400 | K38: =J38/I38 -> 160 | L38: 15 | M38: =F38/V38*60 -> 2291.6667 | N38: =M38/L38 -> 152.77778 | O38: =L38-I38 -> 0 | P38: =N38-K38 -> -7.2222222 | Q38: =N38/K38 -> 0.95486111 | S38: 0.41180556 | T38: 0.51180556 | U38: =(S38-T37)*24*60 -> 8 | V38: =(T38-S38)*24*60 -> 144 | W38: =T38 -> 0.51180556 | X38: =S39 -> 0.55 | AA38: =M38-J38 -> -108.33333 | AB38: =M38/J38 -> 0.95486111
A39: 新豐9線 | B39: 三明治 | C39: 經典火腿玉米蛋三明治 | E39: 24.43 | F39: 4636 | G39: =E39*F39 -> 113257.48 | I39: 15 | J39: 2400 | K39: =J39/I39 -> 160 | L39: 15 | M39: =F39/V39*60 -> 2298.843 | N39: =M39/L39 -> 153.2562 | O39: =L39-I39 -> 0 | P39: =N39-K39 -> -6.7438017 | Q39: =N39/K39 -> 0.95785124 | S39: 0.55 | T39: 0.63402778 | U39: =(S39-T38)*24*60 -> 55 | V39: =(T39-S39)*24*60 -> 121 | AA39: =M39-J39 -> -101.15702 | AB39: =M39/J39 -> 0.95785124
A40: 新豐9線 | B40: 三明治 | C40: 鮪魚起司溏心蛋三明治 | E40: 26.2 | F40: 3638 | G40: =E40*F40 -> 95315.6 | I40: 18 | J40: 2400 | K40: =J40/I40 -> 133.33333 | L40: 18 | M40: =F40/V40*60 -> 2297.6842 | N40: =M40/L40 -> 127.64912 | O40: =L40-I40 -> 0 | P40: =N40-K40 -> -5.6842105 | Q40: =N40/K40 -> 0.95736842 | S40: 0.63819444 | T40: 0.70416667 | U40: =(S40-T39)*24*60 -> 6 | V40: =(T40-S40)*24*60 -> 95 | AA40: =M40-J40 -> -102.31579 | AB40: =M40/J40 -> 0.95736842
A41: 新豐9線 | B41: 平均 | I41: 17 | J41: 2400 | K41: =J41/I41 -> 141.17647 | L41: 17 | M41: =AVERAGE(M34:M40) -> 2291.8754 | N41: =M41/L41 -> 134.8162 | O41: =L41-I41 -> 0 | P41: =N41-K41 -> -6.3602687 | Q41: =N41/K41 -> 0.9549481 | AA41: =M41-J41 -> -108.12457 | AB41: =M41/J41 -> 0.9549481
A42: 新豐3線 | B42: 調理麵包 | C42: 豬肉起司堡 | E42: 21.13 | F42: 5844 | G42: =E42*F42 -> 123483.72 | I42: 10 | J42: 3000 | K42: =J42/I42 -> 300 | L42: 10 | M42: =F42/V42*60 -> 2874.0984 | N42: =M42/L42 -> 287.40984 | O42: =L42-I42 -> 0 | P42: =N42-K42 -> -12.590164 | Q42: =N42/K42 -> 0.95803279 | R42: =Q48 -> 0.95890343 | S42: 0.083333333 | T42: 0.16805556 | V42: =(T42-S42)*24*60 -> 122 | W42: =T42 -> 0.16805556 | X42: =S43 -> 0.18680556 | AA42: =M42-J42 -> -125.90164 | AB42: =M42/J42 -> 0.95803279 | AC42: =AB48 -> 0.95890343
A43: 新豐3線 | B43: 調理麵包 | C43: 豬肉起司蛋堡 | E43: 27.17 | F43: 7660 | G43: =E43*F43 -> 208122.2 | I43: 10 | J43: 3000 | K43: =J43/I43 -> 300 | L43: 10 | M43: =F43/V43*60 -> 2854.6584 | N43: =M43/L43 -> 285.46584 | O43: =L43-I43 -> 0 | P43: =N43-K43 -> -14.534161 | Q43: =N43/K43 -> 0.9515528 | S43: 0.18680556 | T43: 0.29861111 | U43: =(S43-T42)*24*60 -> 27 | V43: =(T43-S43)*24*60 -> 161 | AA43: =M43-J43 -> -145.34161 | AB43: =M43/J43 -> 0.9515528
A44: 新豐3線 | B44: 調理麵包 | C44: 經典雙牛起司堡(113年) | E44: 35.12 | F44: 5224 | G44: =E44*F44 -> 183466.88 | I44: 10 | J44: 3000 | K44: =J44/I44 -> 300 | L44: 10 | M44: =F44/V44*60 -> 2875.5963 | N44: =M44/L44 -> 287.55963 | O44: =L44-I44 -> 0 | P44: =N44-K44 -> -12.440367 | Q44: =N44/K44 -> 0.95853211 | S44: 0.30347222 | T44: 0.37916667 | U44: =(S44-T43)*24*60 -> 7 | V44: =(T44-S44)*24*60 -> 109 | AA44: =M44-J44 -> -124.40367 | AB44: =M44/J44 -> 0.95853211
A45: 新豐3線 | B45: 調理麵包 | C45: 美式雞腿堡 | E45: 35.87 | F45: 3314 | G45: =E45*F45 -> 118873.18 | I45: 10 | J45: 3000 | K45: =J45/I45 -> 300 | L45: 10 | M45: =F45/V45*60 -> 2881.7391 | N45: =M45/L45 -> 288.17391 | O45: =L45-I45 -> 0 | P45: =N45-K45 -> -11.826087 | Q45: =N45/K45 -> 0.96057971 | S45: 0.38472222 | T45: 0.43263889 | U45: =(S45-T44)*24*60 -> 8 | V45: =(T45-S45)*24*60 -> 69 | AA45: =M45-J45 -> -118.26087 | AB45: =M45/J45 -> 0.96057971
A46: 新豐3線 | B46: 調理麵包 | C46: 泰式酸辣炸雞堡 | E46: 36.14 | F46: 1831 | G46: =E46*F46 -> 66172.34 | I46: 8 | J46: 3000 | K46: =J46/I46 -> 375 | L46: 8 | M46: =F46/V46*60 -> 2891.0526 | N46: =M46/L46 -> 361.38158 | O46: =L46-I46 -> 0 | P46: =N46-K46 -> -13.618421 | Q46: =N46/K46 -> 0.96368421 | S46: 0.43680556 | T46: 0.46319444 | U46: =(S46-T45)*24*60 -> 6 | V46: =(T46-S46)*24*60 -> 38 | AA46: =M46-J46 -> -108.94737 | AB46: =M46/J46 -> 0.96368421
A47: 新豐3線 | B47: 調理麵包 | C47: 厚豆腐蛋白蕈菇豬肉堡 | E47: 34.36 | F47: 3700 | G47: =E47*F47 -> 127132 | I47: 10 | J47: 3000 | K47: =J47/I47 -> 300 | L47: 10 | M47: =F47/V47*60 -> 2883.1169 | N47: =M47/L47 -> 288.31169 | O47: =L47-I47 -> 0 | P47: =N47-K47 -> -11.688312 | Q47: =N47/K47 -> 0.96103896 | S47: 0.46875 | T47: 0.52222222 | U47: =(S47-T46)*24*60 -> 8 | V47: =(T47-S47)*24*60 -> 77 | AA47: =M47-J47 -> -116.88312 | AB47: =M47/J47 -> 0.96103896
A48: 新豐3線 | B48: 平均 | I48: 9.6666667 | J48: 3000 | K48: =J48/I48 -> 310.34483 | L48: 9.6666667 | M48: =AVERAGE(M42:M47) -> 2876.7103 | N48: =M48/L48 -> 297.59072 | O48: =L48-I48 -> 0 | P48: =N48-K48 -> -12.754108 | Q48: =N48/K48 -> 0.95890343 | AA48: =M48-J48 -> -123.28971 | AB48: =M48/J48 -> 0.95890343
A49: 新豐1線 | B49: 沙拉 | C49: 蔥鹽雞肉麵沙拉(114年) | E49: 46 | F49: 2998 | G49: =E49*F49 -> 137908 | I49: 17 | J49: 2000 | K49: =J49/I49 -> 117.64706 | L49: 17 | M49: =F49/V49*60 -> 1913.617 | N49: =M49/L49 -> 112.56571 | O49: =L49-I49 -> 0 | P49: =N49-K49 -> -5.0813517 | Q49: =N49/K49 -> 0.95680851 | R49: =Q54 -> 0.95456834 | S49: 0.20833333 | T49: 0.27361111 | V49: =(T49-S49)*24*60 -> 94 | AA49: =M49-J49 -> -86.382979 | AB49: =M49/J49 -> 0.95680851 | AC49: =AB54 -> 0.95456834
A50: 新豐1線 | B50: 沙拉 | C50: 莎莎烤雞麵沙拉 | E50: 46 | F50: 3178 | G50: =E50*F50 -> 146188 | I50: 17 | J50: 2000 | K50: =J50/I50 -> 117.64706 | L50: 17 | M50: =F50/V50*60 -> 1906.8 | N50: =M50/L50 -> 112.16471 | O50: =L50-I50 -> 0 | P50: =N50-K50 -> -5.4823529 | Q50: =N50/K50 -> 0.9534 | S50: 0.27708333 | T50: 0.34652778 | U50: =IF(S50=TIME(17,0,0),"",(S50-T49)*24*60) -> 5 | V50: =(T50-S50)*24*60 -> 100 | AA50: =M50-J50 -> -93.2 | AB50: =M50/J50 -> 0.9534
A51: 新豐1線 | B51: 微波主食 | C51: 二配香辣醬蒜味香腸蛋炒飯 | E51: 55.56 | F51: 700 | G51: =E51*F51 -> 38892 | H51: 2 | I51: 17 | J51: 2000 | K51: =J51/I51 -> 117.64706 | L51: 17 | M51: =F51/V51*60 -> 1909.0909 | N51: =M51/L51 -> 112.29947 | O51: =L51-I51 -> 0 | P51: =N51-K51 -> -5.3475936 | Q51: =N51/K51 -> 0.95454545 | S51: 0.70833333 | T51: 0.72361111 | U51: =IF(S51=TIME(17,0,0),"",(S51-T50)*24*60) | V51: =(T51-S51)*24*60 -> 22 | AA51: =M51-J51 -> -90.909091 | AB51: =M51/J51 -> 0.95454545
A52: 新豐1線 | B52: 微波主食 | C52: 二配香拌海鮮醬肉絲蛋炒飯 | E52: 55.32 | F52: 2130 | G52: =E52*F52 -> 117831.6 | I52: 15 | J52: 2000 | K52: =J52/I52 -> 133.33333 | L52: 15 | M52: =F52/V52*60 -> 1907.4627 | N52: =M52/L52 -> 127.16418 | O52: =L52-I52 -> 0 | P52: =N52-K52 -> -6.1691542 | Q52: =N52/K52 -> 0.95373134 | S52: 0.72916667 | T52: 0.77569444 | U52: =IF(S52=TIME(17,0,0),"",(S52-T51)*24*60) -> 8 | V52: =(T52-S52)*24*60 -> 67 | AA52: =M52-J52 -> -92.537313 | AB52: =M52/J52 -> 0.95373134
A53: 新豐1線 | B53: 微波主食 | C53: 二配粗飽系雞排炒飯(114年) | E53: 55.12 | F53: 5177 | G53: =E53*F53 -> 285356.24 | I53: 16 | J53: 1500 | K53: =J53/I53 -> 93.75 | L53: 16 | M53: =F53/V53*60 -> 1431.4286 | N53: =M53/L53 -> 89.464286 | O53: =L53-I53 -> 0 | P53: =N53-K53 -> -4.2857143 | Q53: =N53/K53 -> 0.95428571 | S53: 0.78125 | T53: 0.93194444 | U53: =IF(S53=TIME(17,0,0),"",(S53-T52)*24*60) -> 8 | V53: =(T53-S53)*24*60 -> 217 | AA53: =M53-J53 -> -68.571429 | AB53: =M53/J53 -> 0.95428571
A54: 新豐1線 | B54: 平均 | I54: 16.4 | J54: 1900 | K54: =J54/I54 -> 115.85366 | L54: 16.4 | M54: =AVERAGE(M49:M53) -> 1813.6798 | N54: =M54/L54 -> 110.59023 | O54: =L54-I54 -> 0 | P54: =N54-K54 -> -5.2634245 | Q54: =N54/K54 -> 0.95456834 | AA54: =M54-J54 -> -86.320162 | AB54: =M54/J54 -> 0.95456834
A55: 新豐10線 | B55: 沙拉 | C55: 溏心蛋洋芋沙拉 | E55: 26.97 | F55: 3401 | G55: =E55*F55 -> 91724.97 | I55: 8 | J55: 1500 | K55: =J55/I55 -> 187.5 | L55: 8 | M55: =F55/V55*60 -> 1437.0423 | N55: =M55/L55 -> 179.63028 | O55: =L55-I55 -> 0 | P55: =N55-K55 -> -7.8697183 | Q55: =N55/K55 -> 0.95802817 | R55: =Q59 -> 0.96053997 | S55: 0.20833333 | T55: 0.30694444 | V55: =(T55-S55)*24*60 -> 142 | AA55: =M55-J55 -> -62.957746 | AB55: =M55/J55 -> 0.95802817 | AC55: =AB59 -> 0.96053997
A56: 新豐10線 | B56: 調理麵包 | C56: 香雞蛋堡(112年) | E56: 26.78 | F56: 3017 | G56: =E56*F56 -> 80795.26 | I56: 10 | J56: 3000 | K56: =J56/I56 -> 300 | L56: 10 | M56: =F56/V56*60 -> 2873.3333 | N56: =M56/L56 -> 287.33333 | O56: =L56-I56 -> 0 | P56: =N56-K56 -> -12.666667 | Q56: =N56/K56 -> 0.95777778 | S56: 0.31041667 | T56: 0.35416667 | U56: =(S56-T55)*24*60 -> 5 | V56: =(T56-S56)*24*60 -> 63 | AA56: =M56-J56 -> -126.66667 | AB56: =M56/J56 -> 0.95777778
A57: 新豐10線 | B57: 調理麵包 | C57: 黃金魚堡 | E57: 35.37 | F57: 1653 | G57: =E57*F57 -> 58466.61 | I57: 10 | J57: 3000 | K57: =J57/I57 -> 300 | L57: 10 | M57: =F57/V57*60 -> 2917.0588 | N57: =M57/L57 -> 291.70588 | O57: =L57-I57 -> 0 | P57: =N57-K57 -> -8.2941176 | Q57: =N57/K57 -> 0.97235294 | S57: 0.35972222 | T57: 0.38333333 | U57: =(S57-T56)*24*60 -> 8 | V57: =(T57-S57)*24*60 -> 34 | AA57: =M57-J57 -> -82.941176 | AB57: =M57/J57 -> 0.97235294
A58: 新豐10線 | B58: 調理麵包 | C58: 蜂蜜芥末辣雞堡 | E58: 37.88 | F58: 4859 | G58: =E58*F58 -> 184058.92 | I58: 11 | J58: 3000 | K58: =J58/I58 -> 272.72727 | L58: 11 | M58: =F58/V58*60 -> 2858.2353 | N58: =M58/L58 -> 259.83957 | O58: =L58-I58 -> 0 | P58: =N58-K58 -> -12.887701 | Q58: =N58/K58 -> 0.9527451 | S58: 0.38819444 | T58: 0.45902778 | U58: =(S58-T57)*24*60 -> 7 | V58: =(T58-S58)*24*60 -> 102 | AA58: =M58-J58 -> -141.76471 | AB58: =M58/J58 -> 0.9527451
A59: 新豐10線 | B59: 平均 | I59: 9.75 | J59: 2625 | K59: =J59/I59 -> 269.23077 | L59: 9.75 | M59: =AVERAGE(M55:M58) -> 2521.4174 | N59: =M59/L59 -> 258.60692 | O59: =L59-I59 -> 0 | P59: =N59-K59 -> -10.623854 | Q59: =N59/K59 -> 0.96053997 | AA59: =M59-J59 -> -103.58257 | AB59: =M59/J59 -> 0.96053997
A60: 新豐4線 | B60: 三明治 | C60: 香鬆起司蛋三明治(114年) | E60: 20.2 | F60: 2784 | G60: =E60*F60 -> 56236.8 | I60: 19 | J60: 2400 | K60: =J60/I60 -> 126.31579 | L60: 19 | M60: =F60/V60*60 -> 2288.2192 | N60: =M60/L60 -> 120.43259 | O60: =L60-I60 -> 0 | P60: =N60-K60 -> -5.8832012 | Q60: =N60/K60 -> 0.95342466 | R60: =Q70 -> 0.95898492 | S60: 0.083333333 | T60: 0.13402778 | V60: =(T60-S60)*24*60 -> 73 | W60: =T60 -> 0.13402778 | X60: =S61 -> 0.15138889 | AA60: =M60-J60 -> -111.78082 | AB60: =M60/J60 -> 0.95342466 | AC60: =AB70 -> 0.95898492
A61: 新豐4線 | B61: 三明治 | C61: 龍蝦風味總匯三明治 | E61: 25.98 | F61: 1657 | G61: =E61*F61 -> 43048.86 | I61: 17 | J61: 2400 | K61: =J61/I61 -> 141.17647 | L61: 17 | M61: =F61/V61*60 -> 2312.093 | N61: =M61/L61 -> 136.00547 | O61: =L61-I61 -> 0 | P61: =N61-K61 -> -5.1709986 | Q61: =N61/K61 -> 0.96337209 | S61: 0.15138889 | T61: 0.18125 | U61: =(S61-T60)*24*60 -> 25 | V61: =(T61-S61)*24*60 -> 43 | AA61: =M61-J61 -> -87.906977 | AB61: =M61/J61 -> 0.96337209
A62: 新豐4線 | B62: 三明治 | C62: 花生芝麻麻糬三明治 | E62: 24.25 | F62: 3484 | G62: =E62*F62 -> 84487 | I62: 17 | J62: 2400 | K62: =J62/I62 -> 141.17647 | L62: 17 | M62: =F62/V62*60 -> 2297.1429 | N62: =M62/L62 -> 135.12605 | O62: =L62-I62 -> 0 | P62: =N62-K62 -> -6.0504202 | Q62: =N62/K62 -> 0.95714286 | S62: 0.18611111 | T62: 0.24930556 | U62: =(S62-T61)*24*60 -> 7 | V62: =(T62-S62)*24*60 -> 91 | AA62: =M62-J62 -> -102.85714 | AB62: =M62/J62 -> 0.95714286
A63: 新豐4線 | B63: 三明治 | C63: 瘋狂起司三明治(113年) | E63: 24.45 | F63: 2733 | G63: =E63*F63 -> 66821.85 | I63: 20 | J63: 2400 | K63: =J63/I63 -> 120 | L63: 20 | M63: =F63/V63*60 -> 2309.5775 | N63: =M63/L63 -> 115.47887 | O63: =L63-I63 -> 0 | P63: =N63-K63 -> -4.5211268 | Q63: =N63/K63 -> 0.96232394 | S63: 0.25277778 | T63: 0.30208333 | U63: =(S63-T62)*24*60 -> 5 | V63: =(T63-S63)*24*60 -> 71 | AA63: =M63-J63 -> -90.422535 | AB63: =M63/J63 -> 0.96232394
A64: 新豐4線 | B64: 三明治 | C64: 泰奶奶蓋QQ三明治 | E64: 24.25 | F64: 3000 | G64: =E64*F64 -> 72750 | H64: 2 | I64: 14 | J64: 2400 | K64: =J64/I64 -> 171.42857 | L64: 14 | M64: =F64/V64*60 -> 2307.6923 | N64: =M64/L64 -> 164.83516 | O64: =L64-I64 -> 0 | P64: =N64-K64 -> -6.5934066 | Q64: =N64/K64 -> 0.96153846 | S64: 0.30555556 | T64: 0.35972222 | U64: =(S64-T63)*24*60 -> 5 | V64: =(T64-S64)*24*60 -> 78 | AA64: =M64-J64 -> -92.307692 | AB64: =M64/J64 -> 0.96153846
A65: 新豐4線 | B65: 三明治 | C65: 火腿起司蛋三明治 | E65: 19.02 | F65: 4500 | G65: =E65*F65 -> 85590 | H65: 2 | I65: 15 | J65: 2400 | K65: =J65/I65 -> 160 | L65: 15 | M65: =F65/V65*60 -> 2288.1356 | N65: =M65/L65 -> 152.54237 | O65: =L65-I65 -> 0 | P65: =N65-K65 -> -7.4576271 | Q65: =N65/K65 -> 0.95338983 | S65: 0.36388889 | T65: 0.44583333 | U65: =(S65-T64)*24*60 -> 6 | V65: =(T65-S65)*24*60 -> 118 | AA65: =M65-J65 -> -111.86441 | AB65: =M65/J65 -> 0.95338983
A66: 新豐4線 | B66: 三明治 | C66: 輕乳酪巧克力三明治 | E66: 20.52 | F66: 2200 | G66: =E66*F66 -> 45144 | H66: 2 | I66: 18 | J66: 2400 | K66: =J66/I66 -> 133.33333 | L66: 18 | M66: =F66/V66*60 -> 2315.7895 | N66: =M66/L66 -> 128.65497 | O66: =L66-I66 -> 0 | P66: =N66-K66 -> -4.6783626 | Q66: =N66/K66 -> 0.96491228 | S66: 0.45 | T66: 0.48958333 | U66: =(S66-T65)*24*60 -> 6 | V66: =(T66-S66)*24*60 -> 57 | W66: =T66 -> 0.48958333 | X66: =S67 -> 0.52916667 | AA66: =M66-J66 -> -84.210526 | AB66: =M66/J66 -> 0.96491228
A67: 新豐4線 | B67: 三明治 | C67: 火腿起司蛋三明治 | E67: 19.02 | F67: 7096 | G67: =E67*F67 -> 134965.92 | I67: 15 | J67: 2400 | K67: =J67/I67 -> 160 | L67: 15 | M67: =F67/V67*60 -> 2289.0323 | N67: =M67/L67 -> 152.60215 | O67: =L67-I67 -> 0 | P67: =N67-K67 -> -7.3978495 | Q67: =N67/K67 -> 0.95376344 | S67: 0.52916667 | T67: 0.65833333 | U67: =(S67-T66)*24*60 -> 57 | V67: =(T67-S67)*24*60 -> 186 | AA67: =M67-J67 -> -110.96774 | AB67: =M67/J67 -> 0.95376344
A68: 新豐4線 | B68: 三明治 | C68: 泰奶奶蓋QQ三明治 | E68: 24.25 | F68: 2193 | G68: =E68*F68 -> 53180.25 | I68: 14 | J68: 2400 | K68: =J68/I68 -> 171.42857 | L68: 14 | M68: =F68/V68*60 -> 2308.4211 | N68: =M68/L68 -> 164.88722 | O68: =L68-I68 -> 0 | P68: =N68-K68 -> -6.5413534 | Q68: =N68/K68 -> 0.96184211 | S68: 0.6625 | T68: 0.70208333 | U68: =(S68-T67)*24*60 -> 6 | V68: =(T68-S68)*24*60 -> 57 | AA68: =M68-J68 -> -91.578947 | AB68: =M68/J68 -> 0.96184211
A69: 新豐4線 | B69: 三明治 | C69: 輕乳酪巧克力三明治 | E69: 20.52 | F69: 1648 | G69: =E69*F69 -> 33816.96 | I69: 18 | J69: 2400 | K69: =J69/I69 -> 133.33333 | L69: 18 | M69: =F69/V69*60 -> 2299.5349 | N69: =M69/L69 -> 127.75194 | O69: =L69-I69 -> 0 | P69: =N69-K69 -> -5.5813953 | Q69: =N69/K69 -> 0.95813953 | S69: 0.70555556 | T69: 0.73541667 | U69: =(S69-T68)*24*60 -> 5 | V69: =(T69-S69)*24*60 -> 43 | AA69: =M69-J69 -> -100.46512 | AB69: =M69/J69 -> 0.95813953
A70: 新豐4線 | B70: 平均 | I70: 16.7 | J70: 2400 | K70: =J70/I70 -> 143.71257 | L70: 16.7 | M70: =AVERAGE(M60:M69) -> 2301.5638 | N70: =M70/L70 -> 137.81819 | O70: =L70-I70 -> 0 | P70: =N70-K70 -> -5.8943827 | Q70: =N70/K70 -> 0.95898492 | AA70: =M70-J70 -> -98.436191 | AB70: =M70/J70 -> 0.95898492

Sheet 1026
B1: 屏榮 新豐廠組合室生產人時性分析
B3: 日期 | C3: =TEXT('1026 4度C'!A2,"yyyy.mm.ddaaaa") -> 2025.10.26星期日 | E3: 訂單量 | F3: ='1026 4度C'!D1 -> 192313 | H3: 營業額 | I3: ='1026 4度C'!F1 -> 6278768.5
B4: 人時性 | C4: 項目 | E4: ➀ | G4: ➁ | I4: ➂
C5: 組合室 | E5: 全溫層 | G5: 4度C-各編組展開 | I5: ③三明治-各編組展開
C6: 排關平均 | E6: =AVERAGE(D13:M13) -> 153.59649 | F6: =AVERAGE(D27:O27,D13:J13) -> 160.45651 | G6: =AVERAGE(D13:J13) -> 160.45651 | I6: =AVERAGE(K13:M13) -> 137.58977
C7: 實績平均 | E7: =AVERAGE(D14:M14) -> 147.26744 | F7: =AVERAGE(D28:O28,D14:J14) -> 153.86636 | G7: =AVERAGE(D14:J14) -> 153.86636 | I7: =AVERAGE(K14:M14) -> 131.86994
C8: 達成率平均 | E8: =AVERAGE(D15:M15) -> 0.95796356 | F8: =AVERAGE(D15:J15,D29:O29) -> 0.95775481 | G8: =AVERAGE(D15:J15) -> 0.95775481 | I8: =AVERAGE(K15:M15) -> 0.95845066 | K8: ※現行日本鮮食廠以達成率80%為基本(即為現行KPI)
B10: 溫層 | D10: ➁4度C-各編組展開 | K10: ③三明治-各編組展開
B11: 編組 | D11: 1 | E11: 2 | F11: 3 | G11: 4 | H11: 5 | I11: 6 | J11: 7 | K11: 1 | L11: 2 | M11: 3
D12: 新豐6線 | E12: 新豐2線 | F12: 新豐5線 | G12: 新豐7線 | H12: 新豐3線 | I12: 新豐1線 | J12: 新豐10線 | K12: 新豐8線 | L12: 新豐9線 | M12: 新豐4線
B13: 人時性 | C13: 排關 | D13: =SUMIFS('1026 4度C'!$K:$K,'1026 4度C'!$A:$A,"新豐6線",'1026 4度C'!$B:$B,"平均") -> 125 | E13: =SUMIFS('1026 4度C'!$K:$K,'1026 4度C'!$A:$A,"新豐2線",'1026 4度C'!$B:$B,"平均") -> 83.333333 | F13: =SUMIFS('1026 4度C'!$K:$K,'1026 4度C'!$A:$A,"新豐5線",'1026 4度C'!$B:$B,"平均") -> 98.198198 | G13: =SUMIFS('1026 4度C'!$K:$K,'1026 4度C'!$A:$A,"新豐7線",'1026 4度C'!$B:$B,"平均") -> 119.40299 | H13: =SUMIFS('1026 4度C'!$K:$K,'1026 4度C'!$A:$A,"新豐3線",'1026 4度C'!$B:$B,"平均") -> 306.81818 | I13: =SUMIFS('1026 4度C'!$K:$K,'1026 4度C'!$A:$A,"新豐1線",'1026 4度C'!$B:$B,"平均") -> 121.21212 | J13: =SUMIFS('1026 4度C'!$K:$K,'1026 4度C'!$A:$A,"新豐10線",'1026 4度C'!$B:$B,"平均") -> 269.23077 | K13: =SUMIFS('1026 4度C'!$K:$K,'1026 4度C'!$A:$A,"新豐8線",'1026 4度C'!$B:$B,"平均") -> 129.34132 | L13: =SUMIFS('1026 4度C'!$K:$K,'1026 4度C'!$A:$A,"新豐9線",'1026 4度C'!$B:$B,"平均") -> 138.46154 | M13: =SUMIFS('1026 4度C'!$K:$K,'1026 4度C'!$A:$A,"新豐4線",'1026 4度C'!$B:$B,"平均") -> 144.96644
C14: 實績 | D14: =SUMIFS('1026 4度C'!$N:$N,'1026 4度C'!$A:$A,"新豐6線",'1026 4度C'!$B:$B,"平均") -> 119.73791 | E14: =SUMIFS('1026 4度C'!$N:$N,'1026 4度C'!$A:$A,"新豐2線",'1026 4度C'!$B:$B,"平均") -> 79.48638 | F14: =SUMIFS('1026 4度C'!$N:$N,'1026 4度C'!$A:$A,"新豐5線",'1026 4度C'!$B:$B,"平均") -> 93.830319 | G14: =SUMIFS('1026 4度C'!$N:$N,'1026 4度C'!$A:$A,"新豐7線",'1026 4度C'!$B:$B,"平均") -> 114.10206 | H14: =SUMIFS('1026 4度C'!$N:$N,'1026 4度C'!$A:$A,"新豐3線",'1026 4度C'!$B:$B,"平均") -> 294.76681 | I14: =SUMIFS('1026 4度C'!$N:$N,'1026 4度C'!$A:$A,"新豐1線",'1026 4度C'!$B:$B,"平均") -> 116.25881 | J14: =SUMIFS('1026 4度C'!$N:$N,'1026 4度C'!$A:$A,"新豐10線",'1026 4度C'!$B:$B,"平均") -> 258.88225 | K14: =SUMIFS('1026 4度C'!$N:$N,'1026 4度C'!$A:$A,"新豐8線",'1026 4度C'!$B:$B,"平均") -> 124.19039 | L14: =SUMIFS('1026 4度C'!$N:$N,'1026 4度C'!$A:$A,"新豐9線",'1026 4度C'!$B:$B,"平均") -> 132.33038 | M14: =SUMIFS('1026 4度C'!$N:$N,'1026 4度C'!$A:$A,"新豐4線",'1026 4度C'!$B:$B,"平均") -> 139.08905
C15: 達成率 | D15: =D14/D13 -> 0.95790326 | E15: =E14/E13 -> 0.95383656 | F15: =F14/F13 -> 0.95551976 | G15: =G14/G13 -> 0.95560478 | H15: =H14/H13 -> 0.96072145 | I15: =I14/I13 -> 0.95913519 | J15: =J14/J13 -> 0.96156265 | K15: =K14/K13 -> 0.96017568 | ... M15: =M14/M13 -> 0.95945689
B16: 作業 時間 | C16: 開始 | D16: =VLOOKUP("新豐6線",'1026 4度C'!$A:$T,19,0) -> 0.70833333 | E16: =VLOOKUP("新豐2線",'1026 4度C'!$A:$T,19,0) -> 0.20833333 | F16: =VLOOKUP("新豐5線",'1026 4度C'!$A:$T,19,0) -> 0.125 | G16: =VLOOKUP("新豐7線",'1026 4度C'!$A:$T,19,0) -> 0.20833333 | H16: =VLOOKUP("新豐3線",'1026 4度C'!$A:$T,19,0) -> 0.20833333 | I16: =VLOOKUP("新豐1線",'1026 4度C'!$A:$T,19,0) -> 0.29166667 | J16: =VLOOKUP("新豐10線",'1026 4度C'!$A:$T,19,0) -> 0.20833333 | K16: =VLOOKUP("新豐8線",'1026 4度C'!$A:$T,19,0) -> 0.125 | L16: =VLOOKUP("新豐9線",'1026 4度C'!$A:$T,19,0) -> 0.125 | M16: =VLOOKUP("新豐4線",'1026 4度C'!$A:$T,19,0) -> 0.125
C17: 結束 | D17: =LOOKUP(2,1/(('1026 4度C'!$A:$A="新豐6線")*('1026 4度C'!$T:$T<>"")),'1026 4度C'!$T:$T) -> 0.85416667 | E17: =LOOKUP(2,1/(('1026 4度C'!$A:$A="新豐2線")*('1026 4度C'!$T:$T<>"")),'1026 4度C'!$T:$T) -> 0.58611111 | F17: =LOOKUP(2,1/(('1026 4度C'!$A:$A="新豐5線")*('1026 4度C'!$T:$T<>"")),'1026 4度C'!$T:$T) -> 0.87569444 | G17: =LOOKUP(2,1/(('1026 4度C'!$A:$A="新豐7線")*('1026 4度C'!$T:$T<>"")),'1026 4度C'!$T:$T) -> 0.77708333 | H17: =LOOKUP(2,1/(('1026 4度C'!$A:$A="新豐3線")*('1026 4度C'!$T:$T<>"")),'1026 4度C'!$T:$T) -> 0.68263889 | I17: =LOOKUP(2,1/(('1026 4度C'!$A:$A="新豐1線")*('1026 4度C'!$T:$T<>"")),'1026 4度C'!$T:$T) -> 0.82083333 | J17: =LOOKUP(2,1/(('1026 4度C'!$A:$A="新豐10線")*('1026 4度C'!$T:$T<>"")),'1026 4度C'!$T:$T) -> 0.45833333 | K17: =LOOKUP(2,1/(('1026 4度C'!$A:$A="新豐8線")*('1026 4度C'!$T:$T<>"")),'1026 4度C'!$T:$T) -> 0.77222222 | L17: =LOOKUP(2,1/(('1026 4度C'!$A:$A="新豐9線")*('1026 4度C'!$T:$T<>"")),'1026 4度C'!$T:$T) -> 0.78680556 | M17: =LOOKUP(2,1/(('1026 4度C'!$A:$A="新豐4線")*('1026 4度C'!$T:$T<>"")),'1026 4度C'!$T:$T) -> 0.73611111
B18: 配置人數 | D18: =SUMIFS('1026 4度C'!$I:$I,'1026 4度C'!$A:$A,"新豐6線",'1026 4度C'!$B:$B,"平均") -> 16 | E18: =SUMIFS('1026 4度C'!$I:$I,'1026 4度C'!$A:$A,"新豐2線",'1026 4度C'!$B:$B,"平均") -> 18 | F18: =SUMIFS('1026 4度C'!$I:$I,'1026 4度C'!$A:$A,"新豐5線",'1026 4度C'!$B:$B,"平均") -> 18.5 | G18: =SUMIFS('1026 4度C'!$I:$I,'1026 4度C'!$A:$A,"新豐7線",'1026 4度C'!$B:$B,"平均") -> 16.75 | H18: =SUMIFS('1026 4度C'!$I:$I,'1026 4度C'!$A:$A,"新豐3線",'1026 4度C'!$B:$B,"平均") -> 9.7777778 | I18: =SUMIFS('1026 4度C'!$I:$I,'1026 4度C'!$A:$A,"新豐1線",'1026 4度C'!$B:$B,"平均") -> 16.5 | J18: =SUMIFS('1026 4度C'!$I:$I,'1026 4度C'!$A:$A,"新豐10線",'1026 4度C'!$B:$B,"平均") -> 9.75 | K18: =SUMIFS('1026 4度C'!$I:$I,'1026 4度C'!$A:$A,"新豐8線",'1026 4度C'!$B:$B,"平均") -> 18.555556 | L18: =SUMIFS('1026 4度C'!$I:$I,'1026 4度C'!$A:$A,"新豐9線",'1026 4度C'!$B:$B,"平均") -> 17.333333 | M18: =SUMIFS('1026 4度C'!$I:$I,'1026 4度C'!$A:$A,"新豐4線",'1026 4度C'!$B:$B,"平均") -> 16.555556
B19: 主要應用設備 | D19: ET-55 | E19: 熱縮爐 | F19: L型包裝機 | G19: L型包裝機 | H19: 伺服包裝機 | I19: ET-55 | J19: 伺服包裝機 | K19: 三明治包裝機 | L19: 三明治包裝機 | M19: 三明治包裝機
B20: 次要應用設備 | F20: 圓盤機 | G20: ET-55
B21: 備註 | E21: 握沙拉 | F21: 共用L型包裝機 | H21: 調理麵包 | I21: 炒飯+沙拉 | J21: 調理麵包

Sheet 1026 4度C
A1: 新豐廠四度C日報分析 | C1: 總生產量 | D1: =SUM(F5:F74) -> 192313 | E1: 營業額 | F1: =SUM(G5:G74) -> 6278768.5 | G1: 出勤人數 | H1: =L8+L12+L54+L59+L19+L64+L34+L44+L24+L74 -> 157.72222 | I1: 產線配置圖 | L1: 生產實績 | O1: 人時性差異分析 | S1: 日報登錄 | Y1: 分析說明 | AA1: 產能差異分析
A2: 45956 | B2: 星期日 | C2: 人時性 | D2: =AVERAGE(N8,N12,N54,N59,N19,N64,N24,N34,N44,N74) -> 147.26744 | E2: 平均廠價 | F2: =F1/D1 -> 32.648695 | G2: 多次生產數 | H2: =COUNT(H5:H74) -> 15
A3: 線別 | B3: 品類 | C3: 品名 | E3: 廠價 | F3: 生產量 | G3: 營收 | H3: 多次 生產 | I3: 人數 | J3: 產能/時 | K3: 人時性 | L3: 人數 | M3: 產能/時 | N3: 人時性 | O3: 人數 | P3: 人時性 | Q3: 達成率 | R3: 達成率平均 | S3: 生產時間 | U3: 換線、休息/分 | V3: 稼動時間/分 | W3: 休息時間 | Y3: (新豐回填) | AA3: 產能/時 | AB3: 達成率 | AC3: 達成率平均
S4: 開始 | T4: 結束 | W4: 開始 | X4: 結束
A5: 新豐6線 | B5: 微波主食 | C5: 二配煸椒烘蛋飯 | E5: 46.93 | F5: 1245 | G5: =E5*F5 -> 58427.85 | I5: 16 | J5: 2000 | K5: =J5/I5 -> 125 | L5: 16 | M5: =F5/V5*60 -> 1915.3846 | N5: =M5/L5 -> 119.71154 | O5: =L5-I5 -> 0 | P5: =N5-K5 -> -5.2884615 | Q5: =N5/K5 -> 0.95769231 | R5: =Q8 -> 0.95790326 | S5: 0.70833333 | T5: 0.73541667 | V5: =(T5-S5)*24*60 -> 39 | AA5: =M5-J5 -> -84.615385 | AB5: =M5/J5 -> 0.95769231 | AC5: =AB8 -> 0.95790326
A6: 新豐6線 | B6: 微波主食 | C6: 二配川味麻婆燒豆腐燴飯 | E6: 50.49 | F6: 2770 | G6: =E6*F6 -> 139857.3 | I6: 15 | J6: 2000 | K6: =J6/I6 -> 133.33333 | L6: 15 | M6: =F6/V6*60 -> 1910.3448 | N6: =M6/L6 -> 127.35632 | O6: =L6-I6 -> 0 | P6: =N6-K6 -> -5.9770115 | Q6: =N6/K6 -> 0.95517241 | S6: 0.74027778 | T6: 0.80069444 | U6: =IF(S6=TIME(17,0,0),"",(S6-T5)*24*60) -> 7 | V6: =(T6-S6)*24*60 -> 87 | AA6: =M6-J6 -> -89.655172 | AB6: =M6/J6 -> 0.95517241
A7: 新豐6線 | B7: 微波主食 | C7: 二配港式香滑嫩蛋牛肉燴飯 | E7: 50.67 | F7: 2274 | G7: =E7*F7 -> 115223.58 | I7: 17 | J7: 2000 | K7: =J7/I7 -> 117.64706 | L7: 17 | M7: =F7/V7*60 -> 1921.6901 | N7: =M7/L7 -> 113.0406 | O7: =L7-I7 -> 0 | P7: =N7-K7 -> -4.6064623 | Q7: =N7/K7 -> 0.96084507 | S7: 0.80486111 | T7: 0.85416667 | U7: =IF(S7=TIME(17,0,0),"",(S7-T6)*24*60) -> 6 | V7: =(T7-S7)*24*60 -> 71 | AA7: =M7-J7 -> -78.309859 | AB7: =M7/J7 -> 0.96084507
A8: 新豐6線 | B8: 平均 | I8: 16 | J8: 2000 | K8: =J8/I8 -> 125 | L8: 16 | M8: =AVERAGE(M5:M7) -> 1915.8065 | N8: =M8/L8 -> 119.73791 | O8: =L8-I8 -> 0 | P8: =N8-K8 -> -5.262092 | Q8: =N8/K8 -> 0.95790326 | AA8: =M8-J8 -> -84.193472 | AB8: =M8/J8 -> 0.95790326
A9: 新豐2線 | B9: 沙拉 | C9: 韓式泡菜豆腐握沙拉 | E9: 39.36 | F9: 2551 | G9: =E9*F9 -> 100407.36 | I9: 20 | J9: 1500 | K9: =J9/I9 -> 75 | L9: 20 | M9: =F9/V9*60 -> 1430.4673 | N9: =M9/L9 -> 71.523364 | O9: =L9-I9 -> 0 | P9: =N9-K9 -> -3.4766355 | Q9: =N9/K9 -> 0.95364486 | R9: =Q12 -> 0.95383656 | S9: 0.20833333 | T9: 0.28263889 | V9: =(T9-S9)*24*60 -> 107 | AA9: =M9-J9 -> -69.53271 | AB9: =M9/J9 -> 0.95364486 | AC9: =AB12 -> 0.95383656
A10: 新豐2線 | B10: 沙拉 | C10: 青檸烤雞握沙拉(113年) | E10: 39.8 | F10: 6000 | G10: =E10*F10 -> 238800 | H10: 2 | I10: 17 | J10: 1500 | K10: =J10/I10 -> 88.235294 | L10: 17 | M10: =F10/V10*60 -> 1428.5714 | N10: =M10/L10 -> 84.033613 | O10: =L10-I10 -> 0 | P10: =N10-K10 -> -4.2016807 | Q10: =N10/K10 -> 0.95238095 | S10: 0.28611111 | T10: 0.46111111 | U10: =IF(S10=TIME(17,0,0),"",(S10-T9)*24*60) -> 5 | V10: =(T10-S10)*24*60 -> 252 | W10: =T10 -> 0.46111111 | X10: =S11 -> 0.54305556 | AA10: =M10-J10 -> -71.428571 | AB10: =M10/J10 -> 0.95238095
A11: 新豐2線 | B11: 沙拉 | C11: 青檸烤雞握沙拉(113年) | E11: 39.8 | F11: 1481 | G11: =E11*F11 -> 58943.8 | I11: 17 | J11: 1500 | K11: =J11/I11 -> 88.235294 | L11: 17 | M11: =F11/V11*60 -> 1433.2258 | N11: =M11/L11 -> 84.3074 | O11: =L11-I11 -> 0 | P11: =N11-K11 -> -3.9278937 | Q11: =N11/K11 -> 0.95548387 | S11: 0.54305556 | T11: 0.58611111 | U11: =IF(S11=TIME(17,0,0),"",(S11-T10)*24*60) -> 118 | V11: =(T11-S11)*24*60 -> 62 | AA11: =M11-J11 -> -66.774194 | AB11: =M11/J11 -> 0.95548387
A12: 新豐2線 | B12: 平均 | I12: 18 | J12: 1500 | K12: =J12/I12 -> 83.333333 | L12: 18 | M12: =AVERAGE(M9:M11) -> 1430.7548 | N12: =M12/L12 -> 79.48638 | O12: =L12-I12 -> 0 | P12: =N12-K12 -> -3.8469532 | Q12: =N12/K12 -> 0.95383656 | AA12: =M12-J12 -> -69.245158 | AB12: =M12/J12 -> 0.95383656
A13: 新豐5線 | B13: 小吃 | C13: 剝皮辣椒雞湯 | E13: 41 | F13: 2666 | G13: =E13*F13 -> 109306 | I13: 26 | J13: 1500 | K13: =J13/I13 -> 57.692308 | L13: 26 | M13: =F13/V13*60 -> 1428.2143 | N13: =M13/L13 -> 54.931319 | O13: =L13-I13 -> 0 | P13: =N13-K13 -> -2.760989 | Q13: =N13/K13 -> 0.95214286 | R13: =Q19 -> 0.95551976 | S13: 0.125 | T13: 0.20277778 | V13: =(T13-S13)*24*60 -> 112 | W13: =T13 -> 0.20277778 | X13: =S14 -> 0.22361111 | AA13: =M13-J13 -> -71.785714 | AB13: =M13/J13 -> 0.95214286 | AC13: =AB19 -> 0.95551976
A14: 新豐5線 | B14: 沙拉 | C14: 青醬優格雞肉握沙拉(113年) | E14: 39.62 | F14: 4878 | G14: =E14*F14 -> 193266.36 | I14: 19 | J14: 1500 | K14: =J14/I14 -> 78.947368 | L14: 19 | M14: =F14/V14*60 -> 1427.7073 | N14: =M14/L14 -> 75.14249 | O14: =L14-I14 -> 0 | P14: =N14-K14 -> -3.804878 | Q14: =N14/K14 -> 0.95180488 | S14: 0.22361111 | T14: 0.36597222 | U14: =IF(S14=TIME(17,0,0),"",(S14-T13)*24*60) -> 30 | V14: =(T14-S14)*24*60 -> 205 | AA14: =M14-J14 -> -72.292683 | AB14: =M14/J14 -> 0.95180488
A15: 新豐5線 | B15: 熱食義麵 | C15: 焗烤明太子筆尖麵 | E15: 57.3 | F15: 2308 | G15: =E15*F15 -> 132248.4 | I15: 17 | J15: 1500 | K15: =J15/I15 -> 88.235294 | L15: 17 | M15: =F15/V15*60 -> 1427.6289 | N15: =M15/L15 -> 83.978169 | O15: =L15-I15 -> 0 | P15: =N15-K15 -> -4.2571255 | Q15: =N15/K15 -> 0.95175258 | S15: 0.37013889 | T15: 0.4375 | U15: =IF(S15=TIME(17,0,0),"",(S15-T14)*24*60) -> 6 | V15: =(T15-S15)*24*60 -> 97 | AA15: =M15-J15 -> -72.371134 | AB15: =M15/J15 -> 0.95175258
A16: 新豐5線 | B16: 三明治 | C16: 輕乳酪巧克力三明治 | E16: 20.52 | F16: 2350 | G16: =E16*F16 -> 48222 | H16: 2 | I16: 18 | J16: 2400 | K16: =J16/I16 -> 133.33333 | L16: 18 | M16: =F16/V16*60 -> 2311.4754 | N16: =M16/L16 -> 128.4153 | O16: =L16-I16 -> 0 | P16: =N16-K16 -> -4.9180328 | Q16: =N16/K16 -> 0.96311475 | S16: 0.44236111 | T16: 0.48472222 | U16: =IF(S16=TIME(17,0,0),"",(S16-T15)*24*60) -> 7 | V16: =(T16-S16)*24*60 -> 61 | AA16: =M16-J16 -> -88.52459 | AB16: =M16/J16 -> 0.96311475
A17: 新豐5線 | B17: 微波主食 | C17: 二配金咖哩濃厚辛辣咖哩飯 | E17: 50.98 | F17: 3526 | G17: =E17*F17 -> 179755.48 | I17: 16 | J17: 2000 | K17: =J17/I17 -> 125 | L17: 16 | M17: =F17/V17*60 -> 1905.9459 | N17: =M17/L17 -> 119.12162 | O17: =L17-I17 -> 0 | P17: =N17-K17 -> -5.8783784 | Q17: =N17/K17 -> 0.95297297 | S17: 0.70833333 | T17: 0.78541667 | U17: =IF(S17=TIME(17,0,0),"",(S17-T16)*24*60) | V17: =(T17-S17)*24*60 -> 111 | AA17: =M17-J17 -> -94.054054 | AB17: =M17/J17 -> 0.95297297
A18: 新豐5線 | B18: 微波主食 | C18: 二配金咖哩果香甘口咖哩飯 | E18: 50.92 | F18: 3956 | G18: =E18*F18 -> 201439.52 | I18: 15 | J18: 2000 | K18: =J18/I18 -> 133.33333 | L18: 15 | M18: =F18/V18*60 -> 1914.1935 | N18: =M18/L18 -> 127.6129 | O18: =L18-I18 -> 0 | P18: =N18-K18 -> -5.7204301 | Q18: =N18/K18 -> 0.95709677 | S18: 0.78958333 | T18: 0.87569444 | U18: =IF(S18=TIME(17,0,0),"",(S18-T17)*24*60) -> 6 | V18: =(T18-S18)*24*60 -> 124 | AA18: =M18-J18 -> -85.806452 | AB18: =M18/J18 -> 0.95709677
A19: 新豐5線 | B19: 平均 | I19: 18.5 | J19: 1816.6667 | K19: =J19/I19 -> 98.198198 | L19: 18.5 | M19: =AVERAGE(M13:M18) -> 1735.8609 | N19: =M19/L19 -> 93.830319 | O19: =L19-I19 -> 0 | P19: =N19-K19 -> -4.3678795 | Q19: =N19/K19 -> 0.95551976 | AA19: =M19-J19 -> -80.805771 | AB19: =M19/J19 -> 0.95551976
A20: 新豐7線 | B20: 小吃 | C20: 古早味炒炊粉 | E20: 43.14 | F20: 1532 | G20: =E20*F20 -> 66090.48 | I20: 17 | J20: 2000 | K20: =J20/I20 -> 117.64706 | L20: 17 | M20: =F20/V20*60 -> 1915 | N20: =M20/L20 -> 112.64706 | O20: =L20-I20 -> 0 | P20: =N20-K20 -> -5 | Q20: =N20/K20 -> 0.9575 | R20: =Q24 -> 0.95560478 | S20: 0.20833333 | T20: 0.24166667 | V20: =(T20-S20)*24*60 -> 48 | AA20: =M20-J20 -> -85 | AB20: =M20/J20 -> 0.9575 | AC20: =AB24 -> 0.95560478
A21: 新豐7線 | B21: 微波主食 | C21: 極上炙烤親子丼 | E21: 53.68 | F21: 2355 | G21: =E21*F21 -> 126416.4 | I21: 16 | J21: 2000 | K21: =J21/I21 -> 125 | L21: 16 | M21: =F21/V21*60 -> 1909.4595 | N21: =M21/L21 -> 119.34122 | O21: =L21-I21 -> 0 | P21: =N21-K21 -> -5.6587838 | Q21: =N21/K21 -> 0.95472973 | S21: 0.24722222 | T21: 0.29861111 | U21: =IF(S21=TIME(17,0,0),"",(S21-T20)*24*60) -> 8 | V21: =(T21-S21)*24*60 -> 74 | AA21: =M21-J21 -> -90.540541 | AB21: =M21/J21 -> 0.95472973
A22: 新豐7線 | B22: 微波主食 | C22: 鐵板滑蛋炸豬排丼 | E22: 57.73 | F22: 3825 | G22: =E22*F22 -> 220817.25 | I22: 15 | J22: 2000 | K22: =J22/I22 -> 133.33333 | L22: 15 | M22: =F22/V22*60 -> 1912.5 | N22: =M22/L22 -> 127.5 | O22: =L22-I22 -> 0 | P22: =N22-K22 -> -5.8333333 | Q22: =N22/K22 -> 0.95625 | S22: 0.30277778 | T22: 0.38611111 | U22: =IF(S22=TIME(17,0,0),"",(S22-T21)*24*60) -> 6 | V22: =(T22-S22)*24*60 -> 120 | AA22: =M22-J22 -> -87.5 | AB22: =M22/J22 -> 0.95625
A23: 新豐7線 | B23: 微波主食 | C23: 二配美味蟹煲 | E23: 54.09 | F23: 3148 | G23: =E23*F23 -> 170275.32 | I23: 19 | J23: 2000 | K23: =J23/I23 -> 105.26316 | L23: 19 | M23: =F23/V23*60 -> 1907.8788 | N23: =M23/L23 -> 100.41467 | O23: =L23-I23 -> 0 | P23: =N23-K23 -> -4.8484848 | Q23: =N23/K23 -> 0.95393939 | S23: 0.70833333 | T23: 0.77708333 | U23: =IF(S23=TIME(17,0,0),"",(S23-T22)*24*60) | V23: =(T23-S23)*24*60 -> 99 | AA23: =M23-J23 -> -92.121212 | AB23: =M23/J23 -> 0.95393939
A24: 新豐7線 | B24: 平均 | I24: 16.75 | J24: 2000 | K24: =J24/I24 -> 119.40299 | L24: 16.75 | M24: =AVERAGE(M20:M23) -> 1911.2096 | N24: =M24/L24 -> 114.10206 | O24: =L24-I24 -> 0 | P24: =N24-K24 -> -5.3009217 | Q24: =N24/K24 -> 0.95560478 | AA24: =M24-J24 -> -88.790438 | AB24: =M24/J24 -> 0.95560478
A25: 新豐8線 | B25: 三明治 | C25: 紐奧良風味烤雞鮮蔬三明治 | E25: 31.29 | F25: 6100 | G25: =E25*F25 -> 190869 | H25: 2 | I25: 18 | J25: 2400 | K25: =J25/I25 -> 133.33333 | L25: 18 | M25: =F25/V25*60 -> 2287.5 | N25: =M25/L25 -> 127.08333 | O25: =L25-I25 -> 0 | P25: =N25-K25 -> -6.25 | Q25: =N25/K25 -> 0.953125 | R25: =Q34 -> 0.96017568 | S25: 0.125 | T25: 0.23611111 | V25: =(T25-S25)*24*60 -> 160 | W25: =T25 -> 0.23611111 | X25: =S26 -> 0.25486111 | AA25: =M25-J25 -> -112.5 | AB25: =M25/J25 -> 0.953125 | AC25: =AB34 -> 0.96017568
A26: 新豐8線 | B26: 三明治 | C26: 陽光地瓜總匯三明治 | E26: 26.18 | F26: 2500 | G26: =E26*F26 -> 65450 | H26: 2 | I26: 19 | J26: 2400 | K26: =J26/I26 -> 126.31579 | L26: 19 | M26: =F26/V26*60 -> 2307.6923 | N26: =M26/L26 -> 121.45749 | O26: =L26-I26 -> 0 | P26: =N26-K26 -> -4.8582996 | Q26: =N26/K26 -> 0.96153846 | S26: 0.25486111 | T26: 0.3 | U26: =(S26-T25)*24*60 -> 27 | V26: =(T26-S26)*24*60 -> 65 | AA26: =M26-J26 -> -92.307692 | AB26: =M26/J26 -> 0.96153846
