Workbook

Sheet 0831
B1: 屏榮 新豐廠組合室生產人時性分析
B3: 日期 | C3: =TEXT('0831 4度C'!A2,"yyyy.mm.ddaaaa") -> 2025.08.31星期日 | E3: 訂單量 | F3: ='0831 4度C'!D1 -> 177923 | H3: 營業額 | I3: ='0831 4度C'!F1 -> 6112909.4
B4: 人時性 | C4: 項目 | E4: ➀ | G4: ➁ | I4: ➂
C5: 組合室 | E5: 全溫層 | G5: 4度C-各編組展開 | I5: ③三明治-各編組展開
C6: 排關平均 | E6: =AVERAGE(D13:M13) -> 145.72901 | F6: =AVERAGE(D27:O27,D13:J13) -> 149.18301 | G6: =AVERAGE(D13:J13) -> 149.18301 | I6: =AVERAGE(K13:M13) -> 137.66968
C7: 實績平均 | E7: =AVERAGE(D14:M14) -> 136.81184 | F7: =AVERAGE(D28:O28,D14:J14) -> 140.20342 | G7: =AVERAGE(D14:J14) -> 140.20342 | I7: =AVERAGE(K14:M14) -> 128.89813
C8: 達成率平均 | E8: =AVERAGE(D15:M15) -> 0.93827697 | F8: =AVERAGE(D15:J15,D29:O29) -> 0.93912102 | G8: =AVERAGE(D15:J15) -> 0.93912102 | I8: =AVERAGE(K15:M15) -> 0.9363075 | K8: ※現行日本鮮食廠以達成率80%為基本(即為現行KPI)
B10: 溫層 | D10: ➁4度C-各編組展開 | K10: ③三明治-各編組展開
B11: 編組 | D11: 1 | E11: 2 | F11: 3 | G11: 4 | H11: 5 | I11: 6 | J11: 7 | K11: 1 | L11: 2 | M11: 3
D12: 新豐6線 | E12: 新豐2線 | F12: 新豐5線 | G12: 新豐7線 | H12: 新豐3線 | I12: 新豐1線 | J12: 新豐10線 | K12: 新豐8線 | L12: 新豐9線 | M12: 新豐4線
B13: 人時性 | C13: 排關 | D13: =SUMIFS('0831 4度C'!$K:$K,'0831 4度C'!$A:$A,"新豐6線",'0831 4度C'!$B:$B,"平均") -> 117.64706 | E13: =SUMIFS('0831 4度C'!$K:$K,'0831 4度C'!$A:$A,"新豐2線",'0831 4度C'!$B:$B,"平均") -> 83.333333 | F13: =SUMIFS('0831 4度C'!$K:$K,'0831 4度C'!$A:$A,"新豐5線",'0831 4度C'!$B:$B,"平均") -> 93.220339 | G13: =SUMIFS('0831 4度C'!$K:$K,'0831 4度C'!$A:$A,"新豐7線",'0831 4度C'!$B:$B,"平均") -> 116.50485 | H13: =SUMIFS('0831 4度C'!$K:$K,'0831 4度C'!$A:$A,"新豐3線",'0831 4度C'!$B:$B,"平均") -> 300 | I13: =SUMIFS('0831 4度C'!$K:$K,'0831 4度C'!$A:$A,"新豐1線",'0831 4度C'!$B:$B,"平均") -> 114.45783 | J13: =SUMIFS('0831 4度C'!$K:$K,'0831 4度C'!$A:$A,"新豐10線",'0831 4度C'!$B:$B,"平均") -> 219.11765 | K13: =SUMIFS('0831 4度C'!$K:$K,'0831 4度C'!$A:$A,"新豐8線",'0831 4度C'!$B:$B,"平均") -> 140 | L13: =SUMIFS('0831 4度C'!$K:$K,'0831 4度C'!$A:$A,"新豐9線",'0831 4度C'!$B:$B,"平均") -> 130.43478 | M13: =SUMIFS('0831 4度C'!$K:$K,'0831 4度C'!$A:$A,"新豐4線",'0831 4度C'!$B:$B,"平均") -> 142.57426
C14: 實績 | D14: =SUMIFS('0831 4度C'!$N:$N,'0831 4度C'!$A:$A,"新豐6線",'0831 4度C'!$B:$B,"平均") -> 111.02455 | E14: =SUMIFS('0831 4度C'!$N:$N,'0831 4度C'!$A:$A,"新豐2線",'0831 4度C'!$B:$B,"平均") -> 77.805499 | F14: =SUMIFS('0831 4度C'!$N:$N,'0831 4度C'!$A:$A,"新豐5線",'0831 4度C'!$B:$B,"平均") -> 87.243513 | G14: =SUMIFS('0831 4度C'!$N:$N,'0831 4度C'!$A:$A,"新豐7線",'0831 4度C'!$B:$B,"平均") -> 109.44308 | H14: =SUMIFS('0831 4度C'!$N:$N,'0831 4度C'!$A:$A,"新豐3線",'0831 4度C'!$B:$B,"平均") -> 282.18049 | I14: =SUMIFS('0831 4度C'!$N:$N,'0831 4度C'!$A:$A,"新豐1線",'0831 4度C'!$B:$B,"平均") -> 107.5526 | J14: =SUMIFS('0831 4度C'!$N:$N,'0831 4度C'!$A:$A,"新豐10線",'0831 4度C'!$B:$B,"平均") -> 206.17424 | K14: =SUMIFS('0831 4度C'!$N:$N,'0831 4度C'!$A:$A,"新豐8線",'0831 4度C'!$B:$B,"平均") -> 131.17921 | L14: =SUMIFS('0831 4度C'!$N:$N,'0831 4度C'!$A:$A,"新豐9線",'0831 4度C'!$B:$B,"平均") -> 122.2055 | M14: =SUMIFS('0831 4度C'!$N:$N,'0831 4度C'!$A:$A,"新豐4線",'0831 4度C'!$B:$B,"平均") -> 133.30969
C15: 達成率 | D15: =D14/D13 -> 0.94370867 | E15: =E14/E13 -> 0.93366599 | F15: =F14/F13 -> 0.93588495 | G15: =G14/G13 -> 0.93938645 | H15: =H14/H13 -> 0.94060165 | I15: =I14/I13 -> 0.93967006 | J15: =J14/J13 -> 0.9409294 | K15: =K14/K13 -> 0.93699432 | ... M15: =M14/M13 -> 0.93501935
B16: 作業 時間 | C16: 開始 | D16: =VLOOKUP("新豐6線",'0831 4度C'!$A:$T,19,0) -> 0.70833333 | E16: =VLOOKUP("新豐2線",'0831 4度C'!$A:$T,19,0) -> 0.125 | F16: =VLOOKUP("新豐5線",'0831 4度C'!$A:$T,19,0) -> 0.25 | G16: =VLOOKUP("新豐7線",'0831 4度C'!$A:$T,19,0) -> 0.20833333 | H16: =VLOOKUP("新豐3線",'0831 4度C'!$A:$T,19,0) -> 0.125 | I16: =VLOOKUP("新豐1線",'0831 4度C'!$A:$T,19,0) -> 0.29166667 | J16: =VLOOKUP("新豐10線",'0831 4度C'!$A:$T,19,0) -> 0.125 | K16: =VLOOKUP("新豐8線",'0831 4度C'!$A:$T,19,0) -> 0.125 | L16: =VLOOKUP("新豐9線",'0831 4度C'!$A:$T,19,0) -> 0.125 | M16: =VLOOKUP("新豐4線",'0831 4度C'!$A:$T,19,0) -> 0.125
C17: 結束 | D17: =LOOKUP(2,1/(('0831 4度C'!$A:$A="新豐6線")*('0831 4度C'!$T:$T<>"")),'0831 4度C'!$T:$T) -> 0.84166667 | E17: =LOOKUP(2,1/(('0831 4度C'!$A:$A="新豐2線")*('0831 4度C'!$T:$T<>"")),'0831 4度C'!$T:$T) -> 0.68888889 | F17: =LOOKUP(2,1/(('0831 4度C'!$A:$A="新豐5線")*('0831 4度C'!$T:$T<>"")),'0831 4度C'!$T:$T) -> 0.84861111 | G17: =LOOKUP(2,1/(('0831 4度C'!$A:$A="新豐7線")*('0831 4度C'!$T:$T<>"")),'0831 4度C'!$T:$T) -> 0.80625 | H17: =LOOKUP(2,1/(('0831 4度C'!$A:$A="新豐3線")*('0831 4度C'!$T:$T<>"")),'0831 4度C'!$T:$T) -> 0.59513889 | I17: =LOOKUP(2,1/(('0831 4度C'!$A:$A="新豐1線")*('0831 4度C'!$T:$T<>"")),'0831 4度C'!$T:$T) -> 0.85138889 | J17: =LOOKUP(2,1/(('0831 4度C'!$A:$A="新豐10線")*('0831 4度C'!$T:$T<>"")),'0831 4度C'!$T:$T) -> 0.45416667 | K17: =LOOKUP(2,1/(('0831 4度C'!$A:$A="新豐8線")*('0831 4度C'!$T:$T<>"")),'0831 4度C'!$T:$T) -> 0.67152778 | L17: =LOOKUP(2,1/(('0831 4度C'!$A:$A="新豐9線")*('0831 4度C'!$T:$T<>"")),'0831 4度C'!$T:$T) -> 0.7625 | M17: =LOOKUP(2,1/(('0831 4度C'!$A:$A="新豐4線")*('0831 4度C'!$T:$T<>"")),'0831 4度C'!$T:$T) -> 0.66736111
B18: 配置人數 | D18: =SUMIFS('0831 4度C'!$I:$I,'0831 4度C'!$A:$A,"新豐6線",'0831 4度C'!$B:$B,"平均") -> 17 | E18: =SUMIFS('0831 4度C'!$I:$I,'0831 4度C'!$A:$A,"新豐2線",'0831 4度C'!$B:$B,"平均") -> 18 | F18: =SUMIFS('0831 4度C'!$I:$I,'0831 4度C'!$A:$A,"新豐5線",'0831 4度C'!$B:$B,"平均") -> 19.666667 | G18: =SUMIFS('0831 4度C'!$I:$I,'0831 4度C'!$A:$A,"新豐7線",'0831 4度C'!$B:$B,"平均") -> 17.166667 | H18: =SUMIFS('0831 4度C'!$I:$I,'0831 4度C'!$A:$A,"新豐3線",'0831 4度C'!$B:$B,"平均") -> 10 | I18: =SUMIFS('0831 4度C'!$I:$I,'0831 4度C'!$A:$A,"新豐1線",'0831 4度C'!$B:$B,"平均") -> 16.6 | J18: =SUMIFS('0831 4度C'!$I:$I,'0831 4度C'!$A:$A,"新豐10線",'0831 4度C'!$B:$B,"平均") -> 11.333333 | K18: =SUMIFS('0831 4度C'!$I:$I,'0831 4度C'!$A:$A,"新豐8線",'0831 4度C'!$B:$B,"平均") -> 17.142857 | L18: =SUMIFS('0831 4度C'!$I:$I,'0831 4度C'!$A:$A,"新豐9線",'0831 4度C'!$B:$B,"平均") -> 18.4 | M18: =SUMIFS('0831 4度C'!$I:$I,'0831 4度C'!$A:$A,"新豐4線",'0831 4度C'!$B:$B,"平均") -> 16.833333
B19: 主要應用設備 | D19: ET-55 | E19: 熱縮爐 | F19: L型包裝機 | G19: L型包裝機 | H19: 伺服包裝機 | I19: ET-55 | J19: 伺服包裝機 | K19: 三明治包裝機 | L19: 三明治包裝機 | M19: 三明治包裝機
B20: 次要應用設備 | F20: 圓盤機 | G20: ET-55
B21: 備註 | E21: 握沙拉 | F21: 共用L型包裝機 | H21: 調理麵包 | I21: 炒飯+沙拉 | J21: 調理麵包

Sheet 0831 4度C
A1: 新豐廠四度C日報分析 | C1: 總生產量 | D1: =SUM(F5:F72) -> 177923 | E1: 營業額 | F1: =SUM(G5:G72) -> 6112909.4 | G1: 出勤人數 | H1: =L8+L13+L52+L58+L17+L65+L32+L43+L24+L72 -> 162.14286 | I1: 產線配置圖 | L1: 生產實績 | O1: 人時性差異分析 | S1: 日報登錄 | Y1: 分析說明 | AA1: 產能差異分析
A2: 45900 | B2: 星期日 | C2: 人時性 | D2: =AVERAGE(N8,N13,N52,N58,N17,N65,N24,N32,N43,N72) -> 136.81184 | E2: 平均廠價 | F2: =F1/D1 -> 34.35705 | G2: 多次生產數 | H2: =COUNT(H5:H72) -> 9
A3: 線別 | B3: 品類 | C3: 品名 | E3: 廠價 | F3: 生產量 | G3: 營收 | H3: 多次 生產 | I3: 人數 | J3: 產能/時 | K3: 人時性 | L3: 人數 | M3: 產能/時 | N3: 人時性 | O3: 人數 | P3: 人時性 | Q3: 達成率 | R3: 達成率平均 | S3: 生產時間 | U3: 換線、休息/分 | V3: 稼動時間/分 | W3: 休息時間 | Y3: (新豐回填) | AA3: 產能/時 | AB3: 達成率 | AC3: 達成率平均
S4: 開始 | T4: 結束 | W4: 開始 | X4: 結束
A5: 新豐6線 | B5: 微波主食 | C5: 二配煸椒烘蛋飯 | E5: 46.93 | F5: 1086 | G5: =E5*F5 -> 50965.98 | I5: 17 | J5: 2000 | K5: =J5/I5 -> 117.64706 | L5: 17 | M5: =F5/V5*60 -> 1916.4706 | N5: =M5/L5 -> 112.73356 | O5: =L5-I5 -> 0 | P5: =N5-K5 -> -4.9134948 | Q5: =N5/K5 -> 0.95823529 | R5: =Q8 -> 0.94370867 | S5: 0.70833333 | T5: 0.73194444 | V5: =(T5-S5)*24*60 -> 34 | AA5: =M5-J5 -> -83.529412 | AB5: =M5/J5 -> 0.95823529 | AC5: =AB8 -> 0.94370867
A6: 新豐6線 | B6: 微波主食 | C6: 二配川味麻婆燒豆腐燴飯 | E6: 50.49 | F6: 2314 | G6: =E6*F6 -> 116833.86 | I6: 16 | J6: 2000 | K6: =J6/I6 -> 125 | L6: 16 | M6: =F6/V6*60 -> 1876.2162 | N6: =M6/L6 -> 117.26351 | O6: =L6-I6 -> 0 | P6: =N6-K6 -> -7.7364865 | Q6: =N6/K6 -> 0.93810811 | S6: 0.73680556 | T6: 0.78819444 | U6: =(S6-T5)*24*60 -> 7 | V6: =(T6-S6)*24*60 -> 74 | AA6: =M6-J6 -> -123.78378 | AB6: =M6/J6 -> 0.93810811
A7: 新豐6線 | B7: 微波主食 | C7: 二配港式香滑嫩蛋牛肉燴飯 | E7: 50.67 | F7: 2150 | G7: =E7*F7 -> 108940.5 | I7: 18 | J7: 2000 | K7: =J7/I7 -> 111.11111 | L7: 18 | M7: =F7/V7*60 -> 1869.5652 | N7: =M7/L7 -> 103.86473 | O7: =L7-I7 -> 0 | P7: =N7-K7 -> -7.2463768 | Q7: =N7/K7 -> 0.93478261 | S7: 0.79375 | T7: 0.84166667 | U7: =(S7-T6)*24*60 -> 8 | V7: =(T7-S7)*24*60 -> 69 | AA7: =M7-J7 -> -130.43478 | AB7: =M7/J7 -> 0.93478261
A8: 新豐6線 | B8: 平均 | I8: 17 | J8: 2000 | K8: =J8/I8 -> 117.64706 | L8: 17 | M8: =AVERAGE(M5:M7) -> 1887.4173 | N8: =M8/L8 -> 111.02455 | O8: =L8-I8 -> 0 | P8: =N8-K8 -> -6.6225094 | Q8: =N8/K8 -> 0.94370867 | AA8: =M8-J8 -> -112.58266 | AB8: =M8/J8 -> 0.94370867
A9: 新豐2線 | B9: 沙拉 | C9: 青醬優格雞肉握沙拉(113年) | E9: 39.62 | F9: 5211 | G9: =E9*F9 -> 206459.82 | I9: 19 | J9: 1500 | K9: =J9/I9 -> 78.947368 | L9: 19 | M9: =F9/V9*60 -> 1402.0628 | N9: =M9/L9 -> 73.792778 | O9: =L9-I9 -> 0 | P9: =N9-K9 -> -5.1545905 | Q9: =N9/K9 -> 0.93470852 | R9: =Q13 -> 0.93366599 | S9: 0.125 | T9: 0.27986111 | V9: =(T9-S9)*24*60 -> 223 | W9: =T9 -> 0.27986111 | X9: =S10 -> 0.3 | AA9: =M9-J9 -> -97.93722 | AB9: =M9/J9 -> 0.93470852 | AC9: =AB13 -> 0.93366599
A10: 新豐2線 | B10: 沙拉 | C10: 青檸烤雞握沙拉(113年) | E10: 39.8 | F10: 3000 | G10: =E10*F10 -> 119400 | H10: 2 | I10: 17 | J10: 1500 | K10: =J10/I10 -> 88.235294 | L10: 17 | M10: =F10/V10*60 -> 1395.3488 | N10: =M10/L10 -> 82.079343 | O10: =L10-I10 -> 0 | P10: =N10-K10 -> -6.1559508 | Q10: =N10/K10 -> 0.93023256 | S10: 0.3 | T10: 0.38958333 | U10: =(S10-T9)*24*60 -> 29 | V10: =(T10-S10)*24*60 -> 129 | AA10: =M10-J10 -> -104.65116 | AB10: =M10/J10 -> 0.93023256
A11: 新豐2線 | B11: 沙拉 | C11: 地瓜瓜握沙拉 | E11: 39.29 | F11: 4252 | G11: =E11*F11 -> 167061.08 | I11: 19 | J11: 1500 | K11: =J11/I11 -> 78.947368 | L11: 19 | M11: =F11/V11*60 -> 1401.7582 | N11: =M11/L11 -> 73.77675 | O11: =L11-I11 -> 0 | P11: =N11-K11 -> -5.1706189 | Q11: =N11/K11 -> 0.93450549 | S11: 0.39444444 | T11: 0.52083333 | U11: =(S11-T10)*24*60 -> 7 | V11: =(T11-S11)*24*60 -> 182 | W11: =T11 -> 0.52083333 | X11: =S12 -> 0.56111111 | AA11: =M11-J11 -> -98.241758 | AB11: =M11/J11 -> 0.93450549
A12: 新豐2線 | B12: 沙拉 | C12: 青檸烤雞握沙拉(113年) | E12: 39.8 | F12: 4302 | G12: =E12*F12 -> 171219.6 | I12: 17 | J12: 1500 | K12: =J12/I12 -> 88.235294 | L12: 17 | M12: =F12/V12*60 -> 1402.8261 | N12: =M12/L12 -> 82.519182 | O12: =L12-I12 -> 0 | P12: =N12-K12 -> -5.7161125 | Q12: =N12/K12 -> 0.93521739 | S12: 0.56111111 | T12: 0.68888889 | U12: =(S12-T11)*24*60 -> 58 | V12: =(T12-S12)*24*60 -> 184 | AA12: =M12-J12 -> -97.173913 | AB12: =M12/J12 -> 0.93521739
A13: 新豐2線 | B13: 平均 | I13: 18 | J13: 1500 | K13: =J13/I13 -> 83.333333 | L13: 18 | M13: =AVERAGE(M9:M12) -> 1400.499 | N13: =M13/L13 -> 77.805499 | O13: =L13-I13 -> 0 | P13: =N13-K13 -> -5.5278341 | Q13: =N13/K13 -> 0.93366599 | AA13: =M13-J13 -> -99.501013 | AB13: =M13/J13 -> 0.93366599
A14: 新豐5線 | B14: 小吃 | C14: 剝皮辣椒雞湯 | E14: 41 | F14: 2041 | G14: =E14*F14 -> 83681 | I14: 26 | J14: 1500 | K14: =J14/I14 -> 57.692308 | L14: 26 | M14: =F14/V14*60 -> 1407.5862 | N14: =M14/L14 -> 54.137931 | O14: =L14-I14 -> 0 | P14: =N14-K14 -> -3.5543767 | Q14: =N14/K14 -> 0.9383908 | R14: =Q17 -> 0.93588495 | S14: 0.25 | T14: 0.31041667 | V14: =(T14-S14)*24*60 -> 87 | AA14: =M14-J14 -> -92.413793 | AB14: =M14/J14 -> 0.9383908 | AC14: =AB17 -> 0.93588495
A15: 新豐5線 | B15: 微波主食 | C15: 二配金咖哩濃厚辛辣咖哩飯 | E15: 50.98 | F15: 2924 | G15: =E15*F15 -> 149065.52 | I15: 17 | J15: 2000 | K15: =J15/I15 -> 117.64706 | L15: 17 | M15: =F15/V15*60 -> 1866.383 | N15: =M15/L15 -> 109.78723 | O15: =L15-I15 -> 0 | P15: =N15-K15 -> -7.8598248 | Q15: =N15/K15 -> 0.93319149 | S15: 0.70833333 | T15: 0.77361111 | U15: =IF(S15=TIME(17,0,0),"",(S15-T14)*24*60) | V15: =(T15-S15)*24*60 -> 94 | AA15: =M15-J15 -> -133.61702 | AB15: =M15/J15 -> 0.93319149
A16: 新豐5線 | B16: 微波主食 | C16: 二配金咖哩果香甘口咖哩飯 | E16: 50.92 | F16: 3216 | G16: =E16*F16 -> 163758.72 | I16: 16 | J16: 2000 | K16: =J16/I16 -> 125 | L16: 16 | M16: =F16/V16*60 -> 1873.3981 | N16: =M16/L16 -> 117.08738 | O16: =L16-I16 -> 0 | P16: =N16-K16 -> -7.9126214 | Q16: =N16/K16 -> 0.93669903 | S16: 0.77708333 | T16: 0.84861111 | U16: =IF(S16=TIME(17,0,0),"",(S16-T15)*24*60) -> 5 | V16: =(T16-S16)*24*60 -> 103 | AA16: =M16-J16 -> -126.60194 | AB16: =M16/J16 -> 0.93669903
A17: 新豐5線 | B17: 平均 | I17: 19.666667 | J17: 1833.3333 | K17: =J17/I17 -> 93.220339 | L17: 19.666667 | M17: =AVERAGE(M14:M16) -> 1715.7891 | N17: =M17/L17 -> 87.243513 | O17: =L17-I17 -> 0 | P17: =N17-K17 -> -5.9768264 | Q17: =N17/K17 -> 0.93588495 | AA17: =M17-J17 -> -117.54425 | AB17: =M17/J17 -> 0.93588495
A18: 新豐7線 | B18: 小吃 | C18: 古早味炒炊粉 | E18: 43.14 | F18: 1597 | G18: =E18*F18 -> 68894.58 | I18: 17 | J18: 2000 | K18: =J18/I18 -> 117.64706 | L18: 17 | M18: =F18/V18*60 -> 1878.8235 | N18: =M18/L18 -> 110.51903 | O18: =L18-I18 -> 0 | P18: =N18-K18 -> -7.1280277 | Q18: =N18/K18 -> 0.93941176 | R18: =Q24 -> 0.93938645 | S18: 0.20833333 | T18: 0.24375 | V18: =(T18-S18)*24*60 -> 51 | AA18: =M18-J18 -> -121.17647 | AB18: =M18/J18 -> 0.93941176 | AC18: =AB24 -> 0.93938645
A19: 新豐7線 | B19: 微波主食 | C19: 鐵板滑蛋炸豬排丼 | E19: 57.73 | F19: 2970 | G19: =E19*F19 -> 171458.1 | I19: 16 | J19: 2000 | K19: =J19/I19 -> 125 | L19: 16 | M19: =F19/V19*60 -> 1875.7895 | N19: =M19/L19 -> 117.23684 | O19: =L19-I19 -> 0 | P19: =N19-K19 -> -7.7631579 | Q19: =N19/K19 -> 0.93789474 | S19: 0.24861111 | T19: 0.31458333 | U19: =IF(S19=TIME(17,0,0),"",(S19-T18)*24*60) -> 7 | V19: =(T19-S19)*24*60 -> 95 | AA19: =M19-J19 -> -124.21053 | AB19: =M19/J19 -> 0.93789474
A20: 新豐7線 | B20: 微波主食 | C20: 極上炙烤親子丼 | E20: 53.68 | F20: 2021 | G20: =E20*F20 -> 108487.28 | I20: 17 | J20: 2000 | K20: =J20/I20 -> 117.64706 | L20: 17 | M20: =F20/V20*60 -> 1865.5385 | N20: =M20/L20 -> 109.73756 | O20: =L20-I20 -> 0 | P20: =N20-K20 -> -7.9095023 | Q20: =N20/K20 -> 0.93276923 | S20: 0.32013889 | T20: 0.36527778 | U20: =IF(S20=TIME(17,0,0),"",(S20-T19)*24*60) -> 8 | V20: =(T20-S20)*24*60 -> 65 | AA20: =M20-J20 -> -134.46154 | AB20: =M20/J20 -> 0.93276923
A21: 新豐7線 | B21: 微波主食 | C21: 海老鰻魚丼滋丼 | E21: 58.17 | F21: 1838 | G21: =E21*F21 -> 106916.46 | I21: 18 | J21: 2000 | K21: =J21/I21 -> 111.11111 | L21: 18 | M21: =F21/V21*60 -> 1869.1525 | N21: =M21/L21 -> 103.84181 | O21: =L21-I21 -> 0 | P21: =N21-K21 -> -7.2693032 | Q21: =N21/K21 -> 0.93457627 | S21: 0.36944444 | T21: 0.41041667 | U21: =IF(S21=TIME(17,0,0),"",(S21-T20)*24*60) -> 6 | V21: =(T21-S21)*24*60 -> 59 | AA21: =M21-J21 -> -130.84746 | AB21: =M21/J21 -> 0.93457627
A22: 新豐7線 | B22: 微波主食 | C22: 二配美味蟹煲 | E22: 54.09 | F22: 3666 | G22: =E22*F22 -> 198293.94 | I22: 20 | J22: 2000 | K22: =J22/I22 -> 100 | L22: 20 | M22: =F22/V22*60 -> 1880 | N22: =M22/L22 -> 94 | O22: =L22-I22 -> 0 | P22: =N22-K22 -> -6 | Q22: =N22/K22 -> 0.94 | S22: 0.70833333 | T22: 0.78958333 | U22: =IF(S22=TIME(17,0,0),"",(S22-T21)*24*60) | V22: =(T22-S22)*24*60 -> 117 | AA22: =M22-J22 -> -120 | AB22: =M22/J22 -> 0.94
A23: 新豐7線 | B23: 微波主食 | C23: 二配極旨黑咖哩漢堡排飯 | E23: 53.27 | F23: 571 | G23: =E23*F23 -> 30417.17 | I23: 15 | J23: 2000 | K23: =J23/I23 -> 133.33333 | L23: 15 | M23: =F23/V23*60 -> 1903.3333 | N23: =M23/L23 -> 126.88889 | O23: =L23-I23 -> 0 | P23: =N23-K23 -> -6.4444444 | Q23: =N23/K23 -> 0.95166667 | S23: 0.79375 | T23: 0.80625 | U23: =IF(S23=TIME(17,0,0),"",(S23-T22)*24*60) -> 6 | V23: =(T23-S23)*24*60 -> 18 | AA23: =M23-J23 -> -96.666667 | AB23: =M23/J23 -> 0.95166667
A24: 新豐7線 | B24: 平均 | I24: 17.166667 | J24: 2000 | K24: =J24/I24 -> 116.50485 | L24: 17.166667 | M24: =AVERAGE(M18:M23) -> 1878.7729 | N24: =M24/L24 -> 109.44308 | O24: =L24-I24 -> 0 | P24: =N24-K24 -> -7.0617734 | Q24: =N24/K24 -> 0.93938645 | AA24: =M24-J24 -> -121.22711 | AB24: =M24/J24 -> 0.93938645
A25: 新豐8線 | B25: 三明治 | C25: 經典總匯三明治 | E25: 26.2 | F25: 4467 | G25: =E25*F25 -> 117035.4 | I25: 20 | J25: 2400 | K25: =J25/I25 -> 120 | L25: 20 | M25: =F25/V25*60 -> 2233.5 | N25: =M25/L25 -> 111.675 | O25: =L25-I25 -> 0 | P25: =N25-K25 -> -8.325 | Q25: =N25/K25 -> 0.930625 | R25: =Q32 -> 0.93699432 | S25: 0.125 | T25: 0.20833333 | V25: =(T25-S25)*24*60 -> 120 | W25: =T25 -> 0.20833333 | X25: =S26 -> 0.22847222 | AA25: =M25-J25 -> -166.5 | AB25: =M25/J25 -> 0.930625 | AC25: =AB32 -> 0.93699432
A26: 新豐8線 | B26: 三明治 | C26: 紐奧良風味烤雞鮮蔬三明治 | E26: 31.29 | F26: 4000 | G26: =E26*F26 -> 125160 | H26: 2 | I26: 16 | J26: 2400 | K26: =J26/I26 -> 150 | L26: 16 | M26: =F26/V26*60 -> 2242.9907 | N26: =M26/L26 -> 140.18692 | O26: =L26-I26 -> 0 | P26: =N26-K26 -> -9.8130841 | Q26: =N26/K26 -> 0.93457944 | S26: 0.22847222 | T26: 0.30277778 | U26: =(S26-T25)*24*60 -> 29 | V26: =(T26-S26)*24*60 -> 107 | AA26: =M26-J26 -> -157.00935 | AB26: =M26/J26 -> 0.93457944
A27: 新豐8線 | B27: 三明治 | C27: 起司芋見肉鬆三明治 | E27: 24.25 | F27: 4732 | G27: =E27*F27 -> 114751 | I27: 18 | J27: 2400 | K27: =J27/I27 -> 133.33333 | L27: 18 | M27: =F27/V27*60 -> 2253.3333 | N27: =M27/L27 -> 125.18519 | O27: =L27-I27 -> 0 | P27: =N27-K27 -> -8.1481481 | Q27: =N27/K27 -> 0.93888889 | S27: 0.30763889 | T27: 0.39513889 | U27: =(S27-T26)*24*60 -> 7 | V27: =(T27-S27)*24*60 -> 126 | AA27: =M27-J27 -> -146.66667 | AB27: =M27/J27 -> 0.93888889
A28: 新豐8線 | B28: 三明治 | C28: 藍莓優格三明治(114年) | E28: 22.35 | F28: 1920 | G28: =E28*F28 -> 42912 | I28: 16 | J28: 2400 | K28: =J28/I28 -> 150 | L28: 16 | M28: =F28/V28*60 -> 2258.8235 | N28: =M28/L28 -> 141.17647 | O28: =L28-I28 -> 0 | P28: =N28-K28 -> -8.8235294 | Q28: =N28/K28 -> 0.94117647 | S28: 0.39861111 | T28: 0.43402778 | U28: =(S28-T27)*24*60 -> 5 | V28: =(T28-S28)*24*60 -> 51 | AA28: =M28-J28 -> -141.17647 | AB28: =M28/J28 -> 0.94117647
A29: 新豐8線 | B29: 三明治 | C29: 日式芥末蛋沙拉三明治 | E29: 25.98 | F29: 3000 | G29: =E29*F29 -> 77940 | H29: 2 | I29: 17 | J29: 2400 | K29: =J29/I29 -> 141.17647 | L29: 17 | M29: =F29/V29*60 -> 2250 | N29: =M29/L29 -> 132.35294 | O29: =L29-I29 -> 0 | P29: =N29-K29 -> -8.8235294 | Q29: =N29/K29 -> 0.9375 | S29: 0.43958333 | T29: 0.49513889 | U29: =(S29-T28)*24*60 -> 8 | V29: =(T29-S29)*24*60 -> 80 | W29: =T29 -> 0.49513889 | X29: =S30 -> 0.53611111 | AA29: =M29-J29 -> -150 | AB29: =M29/J29 -> 0.9375
A30: 新豐8線 | B30: 三明治 | C30: 紐奧良風味烤雞鮮蔬三明治 | E30: 31.29 | F30: 5475 | G30: =E30*F30 -> 171312.75 | I30: 16 | J30: 2400 | K30: =J30/I30 -> 150 | L30: 16 | M30: =F30/V30*60 -> 2250 | N30: =M30/L30 -> 140.625 | O30: =L30-I30 -> 0 | P30: =N30-K30 -> -9.375 | Q30: =N30/K30 -> 0.9375 | S30: 0.53611111 | T30: 0.6375 | U30: =(S30-T29)*24*60 -> 59 | V30: =(T30-S30)*24*60 -> 146 | AA30: =M30-J30 -> -150 | AB30: =M30/J30 -> 0.9375
A31: 新豐8線 | B31: 三明治 | C31: 日式芥末蛋沙拉三明治 | E31: 25.98 | F31: 1577 | G31: =E31*F31 -> 40970.46 | I31: 17 | J31: 2400 | K31: =J31/I31 -> 141.17647 | L31: 17 | M31: =F31/V31*60 -> 2252.8571 | N31: =M31/L31 -> 132.52101 | O31: =L31-I31 -> 0 | P31: =N31-K31 -> -8.6554622 | Q31: =N31/K31 -> 0.93869048 | S31: 0.64236111 | T31: 0.67152778 | U31: =(S31-T30)*24*60 -> 7 | V31: =(T31-S31)*24*60 -> 42 | AA31: =M31-J31 -> -147.14286 | AB31: =M31/J31 -> 0.93869048
A32: 新豐8線 | B32: 平均 | I32: 17.142857 | J32: 2400 | K32: =J32/I32 -> 140 | L32: 17.142857 | M32: =AVERAGE(M25:M31) -> 2248.7864 | N32: =M32/L32 -> 131.17921 | O32: =L32-I32 -> 0 | P32: =N32-K32 -> -8.8207945 | Q32: =N32/K32 -> 0.93699432 | AA32: =M32-J32 -> -151.21362 | AB32: =M32/J32 -> 0.93699432
A33: 新豐9線 | B33: 三明治 | C33: 鮪魚起司溏心蛋三明治 | E33: 26.2 | F33: 3000 | G33: =E33*F33 -> 78600 | H33: 2 | I33: 18 | J33: 2400 | K33: =J33/I33 -> 133.33333 | L33: 18 | M33: =F33/V33*60 -> 2250 | N33: =M33/L33 -> 125 | O33: =L33-I33 -> 0 | P33: =N33-K33 -> -8.3333333 | Q33: =N33/K33 -> 0.9375 | R33: =Q43 -> 0.93690882 | S33: 0.125 | T33: 0.18055556 | V33: =(T33-S33)*24*60 -> 80 | W33: =T33 -> 0.18055556 | X33: =S34 -> 0.19930556 | AA33: =M33-J33 -> -150 | AB33: =M33/J33 -> 0.9375 | AC33: =AB43 -> 0.93690882
A34: 新豐9線 | B34: 三明治 | C34: 瘋狂起司三明治(113年) | E34: 24.45 | F34: 2445 | G34: =E34*F34 -> 59780.25 | I34: 20 | J34: 2400 | K34: =J34/I34 -> 120 | L34: 20 | M34: =F34/V34*60 -> 2256.9231 | N34: =M34/L34 -> 112.84615 | O34: =L34-I34 -> 0 | P34: =N34-K34 -> -7.1538462 | Q34: =N34/K34 -> 0.94038462 | S34: 0.19930556 | T34: 0.24444444 | U34: =(S34-T33)*24*60 -> 27 | V34: =(T34-S34)*24*60 -> 65 | AA34: =M34-J34 -> -143.07692 | AB34: =M34/J34 -> 0.94038462
A35: 新豐9線 | B35: 三明治 | C35: 醬燒烤雞三明治 | E35: 26.39 | F35: 4000 | G35: =E35*F35 -> 105560 | H35: 2 | I35: 19 | J35: 2400 | K35: =J35/I35 -> 126.31579 | L35: 19 | M35: =F35/V35*60 -> 2242.9907 | N35: =M35/L35 -> 118.05214 | O35: =L35-I35 -> 0 | P35: =N35-K35 -> -8.2636498 | Q35: =N35/K35 -> 0.93457944 | S35: 0.24930556 | T35: 0.32361111 | U35: =(S35-T34)*24*60 -> 7 | V35: =(T35-S35)*24*60 -> 107 | AA35: =M35-J35 -> -157.00935 | AB35: =M35/J35 -> 0.93457944
A36: 新豐9線 | B36: 三明治 | C36: 輕乳酪巧克力三明治 | E36: 20.52 | F36: 3752 | G36: =E36*F36 -> 76991.04 | I36: 18 | J36: 2400 | K36: =J36/I36 -> 133.33333 | L36: 18 | M36: =F36/V36*60 -> 2251.2 | N36: =M36/L36 -> 125.06667 | O36: =L36-I36 -> 0 | P36: =N36-K36 -> -8.2666667 | Q36: =N36/K36 -> 0.938 | S36: 0.32777778 | T36: 0.39722222 | U36: =(S36-T35)*24*60 -> 6 | V36: =(T36-S36)*24*60 -> 100 | AA36: =M36-J36 -> -148.8 | AB36: =M36/J36 -> 0.938
A37: 新豐9線 | B37: 三明治 | C37: 好多菜三明治 | E37: 26.2 | F37: 3000 | G37: =E37*F37 -> 78600 | H37: 2 | I37: 19 | J37: 2400 | K37: =J37/I37 -> 126.31579 | L37: 19 | M37: =F37/V37*60 -> 2250 | N37: =M37/L37 -> 118.42105 | O37: =L37-I37 -> 0 | P37: =N37-K37 -> -7.8947368 | Q37: =N37/K37 -> 0.9375 | S37: 0.40208333 | T37: 0.45763889 | U37: =(S37-T36)*24*60 -> 7 | V37: =(T37-S37)*24*60 -> 80 | AA37: =M37-J37 -> -150 | AB37: =M37/J37 -> 0.9375
A38: 新豐9線 | B38: 三明治 | C38: 龍蝦風味總匯三明治 | E38: 25.98 | F38: 2700 | G38: =E38*F38 -> 70146 | H38: 2 | I38: 17 | J38: 2400 | K38: =J38/I38 -> 141.17647 | L38: 17 | M38: =F38/V38*60 -> 2250 | N38: =M38/L38 -> 132.35294 | O38: =L38-I38 -> 0 | P38: =N38-K38 -> -8.8235294 | Q38: =N38/K38 -> 0.9375 | S38: 0.46180556 | T38: 0.51180556 | U38: =(S38-T37)*24*60 -> 6 | V38: =(T38-S38)*24*60 -> 72 | W38: =T38 -> 0.51180556 | X38: =S39 -> 0.55277778 | AA38: =M38-J38 -> -150 | AB38: =M38/J38 -> 0.9375
A39: 新豐9線 | B39: 三明治 | C39: 鮪魚起司溏心蛋三明治 | E39: 26.2 | F39: 4153 | G39: =E39*F39 -> 108808.6 | I39: 18 | J39: 2400 | K39: =J39/I39 -> 133.33333 | L39: 18 | M39: =F39/V39*60 -> 2244.8649 | N39: =M39/L39 -> 124.71471 | O39: =L39-I39 -> 0 | P39: =N39-K39 -> -8.6186186 | Q39: =N39/K39 -> 0.93536036 | S39: 0.55277778 | T39: 0.62986111 | U39: =(S39-T38)*24*60 -> 59 | V39: =(T39-S39)*24*60 -> 111 | AA39: =M39-J39 -> -155.13514 | AB39: =M39/J39 -> 0.93536036
A40: 新豐9線 | B40: 三明治 | C40: 醬燒烤雞三明治 | E40: 26.39 | F40: 2437 | G40: =E40*F40 -> 64312.43 | I40: 19 | J40: 2400 | K40: =J40/I40 -> 126.31579 | L40: 19 | M40: =F40/V40*60 -> 2249.5385 | N40: =M40/L40 -> 118.39676 | O40: =L40-I40 -> 0 | P40: =N40-K40 -> -7.9190283 | Q40: =N40/K40 -> 0.93730769 | S40: 0.63333333 | T40: 0.67847222 | U40: =(S40-T39)*24*60 -> 5 | V40: =(T40-S40)*24*60 -> 65 | AA40: =M40-J40 -> -150.46154 | AB40: =M40/J40 -> 0.93730769
A41: 新豐9線 | B41: 三明治 | C41: 好多菜三明治 | E41: 26.2 | F41: 2126 | G41: =E41*F41 -> 55701.2 | I41: 19 | J41: 2400 | K41: =J41/I41 -> 126.31579 | L41: 19 | M41: =F41/V41*60 -> 2237.8947 | N41: =M41/L41 -> 117.78393 | O41: =L41-I41 -> 0 | P41: =N41-K41 -> -8.531856 | Q41: =N41/K41 -> 0.93245614 | S41: 0.68263889 | T41: 0.72222222 | U41: =(S41-T40)*24*60 -> 6 | V41: =(T41-S41)*24*60 -> 57 | AA41: =M41-J41 -> -162.10526 | AB41: =M41/J41 -> 0.93245614
A42: 新豐9線 | B42: 三明治 | C42: 龍蝦風味總匯三明治 | E42: 25.98 | F42: 1877 | G42: =E42*F42 -> 48764.46 | I42: 17 | J42: 2400 | K42: =J42/I42 -> 141.17647 | L42: 17 | M42: =F42/V42*60 -> 2252.4 | N42: =M42/L42 -> 132.49412 | O42: =L42-I42 -> 0 | P42: =N42-K42 -> -8.6823529 | Q42: =N42/K42 -> 0.9385 | S42: 0.72777778 | T42: 0.7625 | U42: =(S42-T41)*24*60 -> 8 | V42: =(T42-S42)*24*60 -> 50 | AA42: =M42-J42 -> -147.6 | AB42: =M42/J42 -> 0.9385
A43: 新豐9線 | B43: 平均 | I43: 18.4 | J43: 2400 | K43: =J43/I43 -> 130.43478 | L43: 18.4 | M43: =AVERAGE(M33:M42) -> 2248.5812 | N43: =M43/L43 -> 122.2055 | O43: =L43-I43 -> 0 | P43: =N43-K43 -> -8.2292837 | Q43: =N43/K43 -> 0.93690882 | AA43: =M43-J43 -> -151.41882 | AB43: =M43/J43 -> 0.93690882
A44: 新豐3線 | B44: 調理麵包 | C44: 豬肉起司堡 | E44: 21.13 | F44: 5146 | G44: =E44*F44 -> 108734.98 | I44: 10 | J44: 3000 | K44: =J44/I44 -> 300 | L44: 10 | M44: =F44/V44*60 -> 2806.9091 | N44: =M44/L44 -> 280.69091 | O44: =L44-I44 -> 0 | P44: =N44-K44 -> -19.309091 | Q44: =N44/K44 -> 0.93563636 | R44: =Q52 -> 0.94060165 | S44: 0.125 | T44: 0.20138889 | V44: =(T44-S44)*24*60 -> 110 | W44: =T44 -> 0.20138889 | X44: =S45 -> 0.22013889 | AA44: =M44-J44 -> -193.09091 | AB44: =M44/J44 -> 0.93563636 | AC44: =AB52 -> 0.94060165
A45: 新豐3線 | B45: 調理麵包 | C45: 豬肉起司蛋堡 | E45: 27.17 | F45: 3800 | G45: =E45*F45 -> 103246 | H45: 2 | I45: 10 | J45: 3000 | K45: =J45/I45 -> 300 | L45: 10 | M45: =F45/V45*60 -> 2814.8148 | N45: =M45/L45 -> 281.48148 | O45: =L45-I45 -> 0 | P45: =N45-K45 -> -18.518519 | Q45: =N45/K45 -> 0.9382716 | S45: 0.22013889 | T45: 0.27638889 | U45: =(S45-T44)*24*60 -> 27 | V45: =(T45-S45)*24*60 -> 81 | AA45: =M45-J45 -> -185.18519 | AB45: =M45/J45 -> 0.9382716
A46: 新豐3線 | B46: 調理麵包 | C46: 經典雙牛起司堡(113年) | E46: 35.12 | F46: 4842 | G46: =E46*F46 -> 170051.04 | I46: 10 | J46: 3000 | K46: =J46/I46 -> 300 | L46: 10 | M46: =F46/V46*60 -> 2793.4615 | N46: =M46/L46 -> 279.34615 | O46: =L46-I46 -> 0 | P46: =N46-K46 -> -20.653846 | Q46: =N46/K46 -> 0.93115385 | S46: 0.27986111 | T46: 0.35208333 | U46: =(S46-T45)*24*60 -> 5 | V46: =(T46-S46)*24*60 -> 104 | AA46: =M46-J46 -> -206.53846 | AB46: =M46/J46 -> 0.93115385
A47: 新豐3線 | B47: 調理麵包 | C47: 美式起司巨牛堡 | E47: 40.18 | F47: 1926 | G47: =E47*F47 -> 77386.68 | I47: 10 | J47: 3000 | K47: =J47/I47 -> 300 | L47: 10 | M47: =F47/V47*60 -> 2818.5366 | N47: =M47/L47 -> 281.85366 | O47: =L47-I47 -> 0 | P47: =N47-K47 -> -18.146341 | Q47: =N47/K47 -> 0.9395122 | S47: 0.35555556 | T47: 0.38402778 | U47: =(S47-T46)*24*60 -> 5 | V47: =(T47-S47)*24*60 -> 41 | AA47: =M47-J47 -> -181.46341 | AB47: =M47/J47 -> 0.9395122
A48: 新豐3線 | B48: 調理麵包 | C48: 哞哞奶香白醬火腿蛋堡 | E48: 28.5 | F48: 1160 | G48: =E48*F48 -> 33060 | I48: 10 | J48: 3000 | K48: =J48/I48 -> 300 | L48: 10 | M48: =F48/V48*60 -> 2900 | N48: =M48/L48 -> 290 | O48: =L48-I48 -> 0 | P48: =N48-K48 -> -10 | Q48: =N48/K48 -> 0.96666667 | S48: 0.3875 | T48: 0.40416667 | U48: =(S48-T47)*24*60 -> 5 | V48: =(T48-S48)*24*60 -> 24 | AA48: =M48-J48 -> -100 | AB48: =M48/J48 -> 0.96666667
A49: 新豐3線 | B49: 調理麵包 | C49: 美式雞腿堡 | E49: 35.87 | F49: 3328 | G49: =E49*F49 -> 119375.36 | I49: 10 | J49: 3000 | K49: =J49/I49 -> 300 | L49: 10 | M49: =F49/V49*60 -> 2812.3944 | N49: =M49/L49 -> 281.23944 | O49: =L49-I49 -> 0 | P49: =N49-K49 -> -18.760563 | Q49: =N49/K49 -> 0.93746479 | S49: 0.40833333 | T49: 0.45763889 | U49: =(S49-T48)*24*60 -> 6 | V49: =(T49-S49)*24*60 -> 71 | AA49: =M49-J49 -> -187.60563 | AB49: =M49/J49 -> 0.93746479
A50: 新豐3線 | B50: 調理麵包 | C50: 泰式酸辣炸雞堡 | E50: 36.14 | F50: 3447 | G50: =E50*F50 -> 124574.58 | I50: 10 | J50: 3000 | K50: =J50/I50 -> 300 | L50: 10 | M50: =F50/V50*60 -> 2833.1507 | N50: =M50/L50 -> 283.31507 | O50: =L50-I50 -> 0 | P50: =N50-K50 -> -16.684932 | Q50: =N50/K50 -> 0.94438356 | S50: 0.46319444 | T50: 0.51388889 | U50: =(S50-T49)*24*60 -> 8 | V50: =(T50-S50)*24*60 -> 73 | W50: =T50 -> 0.51388889 | X50: =S51 -> 0.55486111 | AA50: =M50-J50 -> -166.84932 | AB50: =M50/J50 -> 0.94438356
A51: 新豐3線 | B51: 調理麵包 | C51: 豬肉起司蛋堡 | E51: 27.17 | F51: 2702 | G51: =E51*F51 -> 73413.34 | I51: 10 | J51: 3000 | K51: =J51/I51 -> 300 | L51: 10 | M51: =F51/V51*60 -> 2795.1724 | N51: =M51/L51 -> 279.51724 | O51: =L51-I51 -> 0 | P51: =N51-K51 -> -20.482759 | Q51: =N51/K51 -> 0.93172414 | S51: 0.55486111 | T51: 0.59513889 | U51: =(S51-T50)*24*60 -> 59 | V51: =(T51-S51)*24*60 -> 58 | AA51: =M51-J51 -> -204.82759 | AB51: =M51/J51 -> 0.93172414
A52: 新豐3線 | B52: 平均 | I52: 10 | J52: 3000 | K52: =J52/I52 -> 300 | L52: 10 | M52: =AVERAGE(M44:M51) -> 2821.8049 | N52: =M52/L52 -> 282.18049 | O52: =L52-I52 -> 0 | P52: =N52-K52 -> -17.819506 | Q52: =N52/K52 -> 0.94060165 | AA52: =M52-J52 -> -178.19506 | AB52: =M52/J52 -> 0.94060165
A53: 新豐1線 | B53: 沙拉 | C53: 蔥鹽雞肉麵沙拉(114年) | E53: 46 | F53: 3619 | G53: =E53*F53 -> 166474 | I53: 17 | J53: 2000 | K53: =J53/I53 -> 117.64706 | L53: 17 | M53: =F53/V53*60 -> 1871.8966 | N53: =M53/L53 -> 110.11156 | O53: =L53-I53 -> 0 | P53: =N53-K53 -> -7.535497 | Q53: =N53/K53 -> 0.93594828 | R53: =Q58 -> 0.93967006 | S53: 0.29166667 | T53: 0.37222222 | V53: =(T53-S53)*24*60 -> 116 | AA53: =M53-J53 -> -128.10345 | AB53: =M53/J53 -> 0.93594828 | AC53: =AB58 -> 0.93967006
A54: 新豐1線 | B54: 沙拉 | C54: 莎莎烤雞麵沙拉 | E54: 46 | F54: 3796 | G54: =E54*F54 -> 174616 | I54: 18 | J54: 2000 | K54: =J54/I54 -> 111.11111 | L54: 18 | M54: =F54/V54*60 -> 1866.8852 | N54: =M54/L54 -> 103.71585 | O54: =L54-I54 -> 0 | P54: =N54-K54 -> -7.3952641 | Q54: =N54/K54 -> 0.93344262 | S54: 0.37638889 | T54: 0.46111111 | U54: =IF(S54=TIME(17,0,0),"",(S54-T53)*24*60) -> 6 | V54: =(T54-S54)*24*60 -> 122 | AA54: =M54-J54 -> -133.11475 | AB54: =M54/J54 -> 0.93344262
A55: 新豐1線 | B55: 微波主食 | C55: 二配香辣醬蒜味香腸蛋炒飯 | E55: 55.56 | F55: 2380 | G55: =E55*F55 -> 132232.8 | I55: 17 | J55: 2000 | K55: =J55/I55 -> 117.64706 | L55: 17 | M55: =F55/V55*60 -> 1878.9474 | N55: =M55/L55 -> 110.52632 | O55: =L55-I55 -> 0 | P55: =N55-K55 -> -7.120743 | Q55: =N55/K55 -> 0.93947368 | S55: 0.70833333 | T55: 0.76111111 | U55: =IF(S55=TIME(17,0,0),"",(S55-T54)*24*60) | V55: =(T55-S55)*24*60 -> 76 | AA55: =M55-J55 -> -121.05263 | AB55: =M55/J55 -> 0.93947368
A56: 新豐1線 | B56: 微波主食 | C56: 二配香拌海鮮醬肉絲蛋炒飯 | E56: 55.32 | F56: 1734 | G56: =E56*F56 -> 95924.88 | I56: 15 | J56: 2000 | K56: =J56/I56 -> 133.33333 | L56: 15 | M56: =F56/V56*60 -> 1891.6364 | N56: =M56/L56 -> 126.10909 | O56: =L56-I56 -> 0 | P56: =N56-K56 -> -7.2242424 | Q56: =N56/K56 -> 0.94581818 | S56: 0.76527778 | T56: 0.80347222 | U56: =IF(S56=TIME(17,0,0),"",(S56-T55)*24*60) -> 6 | V56: =(T56-S56)*24*60 -> 55 | AA56: =M56-J56 -> -108.36364 | AB56: =M56/J56 -> 0.94581818
A57: 新豐1線 | B57: 微波主食 | C57: 二配粗飽系雞排炒飯 | E57: 57.73 | F57: 1512 | G57: =E57*F57 -> 87287.76 | I57: 16 | J57: 1500 | K57: =J57/I57 -> 93.75 | L57: 16 | M57: =F57/V57*60 -> 1417.5 | N57: =M57/L57 -> 88.59375 | O57: =L57-I57 -> 0 | P57: =N57-K57 -> -5.15625 | Q57: =N57/K57 -> 0.945 | S57: 0.80694444 | T57: 0.85138889 | U57: =IF(S57=TIME(17,0,0),"",(S57-T56)*24*60) -> 5 | V57: =(T57-S57)*24*60 -> 64 | AA57: =M57-J57 -> -82.5 | AB57: =M57/J57 -> 0.945
A58: 新豐1線 | B58: 平均 | I58: 16.6 | J58: 1900 | K58: =J58/I58 -> 114.45783 | L58: 16.6 | M58: =AVERAGE(M53:M57) -> 1785.3731 | N58: =M58/L58 -> 107.5526 | O58: =L58-I58 -> 0 | P58: =N58-K58 -> -6.9052346 | Q58: =N58/K58 -> 0.93967006 | AA58: =M58-J58 -> -114.62689 | AB58: =M58/J58 -> 0.93967006
A59: 新豐10線 | B59: 便當 | C59: 蠟筆小新餐盒 | E59: 84.51 | F59: 3271 | G59: =E59*F59 -> 276432.21 | I59: 17 | J59: 2400 | K59: =J59/I59 -> 141.17647 | L59: 17 | M59: =F59/V59*60 -> 2255.8621 | N59: =M59/L59 -> 132.69777 | O59: =L59-I59 -> 0 | P59: =N59-K59 -> -8.4787018 | Q59: =N59/K59 -> 0.93994253 | R59: =Q65 -> 0.9409294 | S59: 0.125 | T59: 0.18541667 | V59: =(T59-S59)*24*60 -> 87 | AA59: =M59-J59 -> -144.13793 | AB59: =M59/J59 -> 0.93994253 | AC59: =AB65 -> 0.9409294
A60: 新豐10線 | B60: 調理麵包 | C60: 香雞蛋堡(112年) | E60: 26.78 | F60: 2778 | G60: =E60*F60 -> 74394.84 | I60: 10 | J60: 3000 | K60: =J60/I60 -> 300 | L60: 10 | M60: =F60/V60*60 -> 2825.0847 | N60: =M60/L60 -> 282.50847 | O60: =L60-I60 -> 0 | P60: =N60-K60 -> -17.491525 | Q60: =N60/K60 -> 0.94169492 | S60: 0.19027778 | T60: 0.23125 | U60: =(S60-T59)*24*60 -> 7 | V60: =(T60-S60)*24*60 -> 59 | AA60: =M60-J60 -> -174.91525 | AB60: =M60/J60 -> 0.94169492
A61: 新豐10線 | B61: 調理麵包 | C61: 黃金魚堡 | E61: 35.37 | F61: 1721 | G61: =E61*F61 -> 60871.77 | I61: 10 | J61: 3000 | K61: =J61/I61 -> 300 | L61: 10 | M61: =F61/V61*60 -> 2868.3333 | N61: =M61/L61 -> 286.83333 | O61: =L61-I61 -> 0 | P61: =N61-K61 -> -13.166667 | Q61: =N61/K61 -> 0.95611111 | S61: 0.23680556 | T61: 0.26180556 | U61: =(S61-T60)*24*60 -> 8 | V61: =(T61-S61)*24*60 -> 36 | AA61: =M61-J61 -> -131.66667 | AB61: =M61/J61 -> 0.95611111
A62: 新豐10線 | B62: 沙拉 | C62: 溏心蛋洋芋沙拉 | E62: 26.97 | F62: 3635 | G62: =E62*F62 -> 98035.95 | I62: 8 | J62: 1500 | K62: =J62/I62 -> 187.5 | L62: 8 | M62: =F62/V62*60 -> 1398.0769 | N62: =M62/L62 -> 174.75962 | O62: =L62-I62 -> 0 | P62: =N62-K62 -> -12.740385 | Q62: =N62/K62 -> 0.93205128 | S62: 0.26597222 | T62: 0.37430556 | U62: =(S62-T61)*24*60 -> 6 | V62: =(T62-S62)*24*60 -> 156 | AA62: =M62-J62 -> -101.92308 | AB62: =M62/J62 -> 0.93205128
A63: 新豐10線 | B63: 調理麵包 | C63: 美式熱狗堡 | E63: 35.12 | F63: 1282 | G63: =E63*F63 -> 45023.84 | I63: 13 | J63: 2000 | K63: =J63/I63 -> 153.84615 | L63: 13 | M63: =F63/V63*60 -> 1876.0976 | N63: =M63/L63 -> 144.3152 | O63: =L63-I63 -> 0 | P63: =N63-K63 -> -9.5309568 | Q63: =N63/K63 -> 0.93804878 | S63: 0.37777778 | T63: 0.40625 | U63: =(S63-T62)*24*60 -> 5 | V63: =(T63-S63)*24*60 -> 41 | AA63: =M63-J63 -> -123.90244 | AB63: =M63/J63 -> 0.93804878
A64: 新豐10線 | B64: 調理麵包 | C64: 超HOT雞腿堡(114年) | E64: 35.87 | F64: 2843 | G64: =E64*F64 -> 101978.41 | I64: 10 | J64: 3000 | K64: =J64/I64 -> 300 | L64: 10 | M64: =F64/V64*60 -> 2796.3934 | N64: =M64/L64 -> 279.63934 | O64: =L64-I64 -> 0 | P64: =N64-K64 -> -20.360656 | Q64: =N64/K64 -> 0.93213115 | S64: 0.41180556 | T64: 0.45416667 | U64: =(S64-T63)*24*60 -> 8 | V64: =(T64-S64)*24*60 -> 61 | AA64: =M64-J64 -> -203.60656 | AB64: =M64/J64 -> 0.93213115
A65: 新豐10線 | B65: 平均 | I65: 11.333333 | J65: 2483.3333 | K65: =J65/I65 -> 219.11765 | L65: 11.333333 | M65: =AVERAGE(M59:M64) -> 2336.6413 | N65: =M65/L65 -> 206.17424 | O65: =L65-I65 -> 0 | P65: =N65-K65 -> -12.943411 | Q65: =N65/K65 -> 0.9409294 | AA65: =M65-J65 -> -146.69199 | AB65: =M65/J65 -> 0.9409294
A66: 新豐4線 | B66: 三明治 | C66: 三重火腿三明治 | E66: 32.03 | F66: 1013 | G66: =E66*F66 -> 32446.39 | I66: 19 | J66: 2400 | K66: =J66/I66 -> 126.31579 | L66: 19 | M66: =F66/V66*60 -> 2251.1111 | N66: =M66/L66 -> 118.47953 | O66: =L66-I66 -> 0 | P66: =N66-K66 -> -7.8362573 | Q66: =N66/K66 -> 0.93796296 | R66: =Q72 -> 0.93501935 | S66: 0.125 | T66: 0.14375 | V66: =(T66-S66)*24*60 -> 27 | W66: =T66 -> 0.14375 | X66: =S67 -> 0.16319444 | AA66: =M66-J66 -> -148.88889 | AB66: =M66/J66 -> 0.93796296 | AC66: =AB72 -> 0.93501935
A67: 新豐4線 | B67: 三明治 | C67: 香鬆起司蛋三明治(114年) | E67: 20.2 | F67: 3157 | G67: =E67*F67 -> 63771.4 | I67: 19 | J67: 2400 | K67: =J67/I67 -> 126.31579 | L67: 19 | M67: =F67/V67*60 -> 2255 | N67: =M67/L67 -> 118.68421 | O67: =L67-I67 -> 0 | P67: =N67-K67 -> -7.6315789 | Q67: =N67/K67 -> 0.93958333 | S67: 0.16319444 | T67: 0.22152778 | U67: =(S67-T66)*24*60 -> 28 | V67: =(T67-S67)*24*60 -> 84 | AA67: =M67-J67 -> -145 | AB67: =M67/J67 -> 0.93958333
A68: 新豐4線 | B68: 三明治 | C68: 火腿起司蛋三明治 | E68: 19.02 | F68: 6000 | G68: =E68*F68 -> 114120 | H68: 2 | I68: 15 | J68: 2400 | K68: =J68/I68 -> 160 | L68: 15 | M68: =F68/V68*60 -> 2236.0248 | N68: =M68/L68 -> 149.06832 | O68: =L68-I68 -> 0 | P68: =N68-K68 -> -10.931677 | Q68: =N68/K68 -> 0.93167702 | S68: 0.22569444 | T68: 0.3375 | U68: =(S68-T67)*24*60 -> 6 | V68: =(T68-S68)*24*60 -> 161 | AA68: =M68-J68 -> -163.97516 | AB68: =M68/J68 -> 0.93167702
A69: 新豐4線 | B69: 三明治 | C69: 雞蛋沙拉三明治 | E69: 25 | F69: 4588 | G69: =E69*F69 -> 114700 | I69: 15 | J69: 2400 | K69: =J69/I69 -> 160 | L69: 15 | M69: =F69/V69*60 -> 2238.0488 | N69: =M69/L69 -> 149.20325 | O69: =L69-I69 -> 0 | P69: =N69-K69 -> -10.796748 | Q69: =N69/K69 -> 0.93252033 | S69: 0.34305556 | T69: 0.42847222 | U69: =(S69-T68)*24*60 -> 8 | V69: =(T69-S69)*24*60 -> 123 | AA69: =M69-J69 -> -161.95122 | AB69: =M69/J69 -> 0.93252033
A70: 新豐4線 | B70: 三明治 | C70: 肉鬆火腿三明治 | E70: 20.52 | F70: 4875 | G70: =E70*F70 -> 100035 | I70: 18 | J70: 2400 | K70: =J70/I70 -> 133.33333 | L70: 18 | M70: =F70/V70*60 -> 2250 | N70: =M70/L70 -> 125 | O70: =L70-I70 -> 0 | P70: =N70-K70 -> -8.3333333 | Q70: =N70/K70 -> 0.9375 | S70: 0.43194444 | T70: 0.52222222 | U70: =(S70-T69)*24*60 -> 5 | V70: =(T70-S70)*24*60 -> 130 | W70: =T70 -> 0.52222222 | X70: =S71 -> 0.56388889 | AA70: =M70-J70 -> -150 | AB70: =M70/J70 -> 0.9375
A71: 新豐4線 | B71: 三明治 | C71: 火腿起司蛋三明治 | E71: 19.02 | F71: 5548 | G71: =E71*F71 -> 105522.96 | I71: 15 | J71: 2400 | K71: =J71/I71 -> 160 | L71: 15 | M71: =F71/V71*60 -> 2234.094 | N71: =M71/L71 -> 148.9396 | O71: =L71-I71 -> 0 | P71: =N71-K71 -> -11.060403 | Q71: =N71/K71 -> 0.93087248 | S71: 0.56388889 | T71: 0.66736111 | U71: =(S71-T70)*24*60 -> 60 | V71: =(T71-S71)*24*60 -> 149 | AA71: =M71-J71 -> -165.90604 | AB71: =M71/J71 -> 0.93087248
A72: 新豐4線 | B72: 平均 | I72: 16.833333 | J72: 2400 | K72: =J72/I72 -> 142.57426 | L72: 16.833333 | M72: =AVERAGE(M66:M71) -> 2244.0464 | N72: =M72/L72 -> 133.30969 | O72: =L72-I72 -> 0 | P72: =N72-K72 -> -9.2645674 | Q72: =N72/K72 -> 0.93501935 | AA72: =M72-J72 -> -155.95355 | AB72: =M72/J72 -> 0.93501935

Sheet 0830
B1: 屏榮 新豐廠組合室生產人時性分析
B3: 日期 | C3: =TEXT('0830 4度C'!A2,"yyyy.mm.ddaaaa") -> 2025.08.30星期六 | E3: 訂單量 | F3: ='0830 4度C'!D1 -> 136235 | H3: 營業額 | I3: ='0830 4度C'!F1 -> 4840642
B4: 人時性 | C4: 項目 | E4: ➀ | G4: ➁ | I4: ➂
C5: 組合室 | E5: 全溫層 | G5: 4度C-各編組展開 | I5: ③三明治-各編組展開
C6: 排關平均 | E6: =AVERAGE(D13:M13) -> 144.99616 | F6: =AVERAGE(D27:O27,D13:J13) -> 148.96656 | G6: =AVERAGE(D13:J13) -> 148.96656 | I6: =AVERAGE(K13:M13) -> 135.73188
C7: 實績平均 | E7: =AVERAGE(D14:M14) -> 135.99291 | F7: =AVERAGE(D28:O28,D14:J14) -> 139.6229 | G7: =AVERAGE(D14:J14) -> 139.6229 | I7: =AVERAGE(K14:M14) -> 127.52295
C8: 達成率平均 | E8: =AVERAGE(D15:M15) -> 0.93748136 | F8: =AVERAGE(D15:J15,D29:O29) -> 0.93663944 | G8: =AVERAGE(D15:J15) -> 0.93663944 | I8: =AVERAGE(K15:M15) -> 0.93944584 | K8: ※現行日本鮮食廠以達成率80%為基本(即為現行KPI)
B10: 溫層 | D10: ➁4度C-各編組展開 | K10: ③三明治-各編組展開
B11: 編組 | D11: 1 | E11: 2 | F11: 3 | G11: 4 | H11: 5 | I11: 6 | J11: 7 | K11: 1 | L11: 2 | M11: 3
D12: 新豐6線 | E12: 新豐2線 | F12: 新豐5線 | G12: 新豐7線 | H12: 新豐3線 | I12: 新豐1線 | J12: 新豐10線 | K12: 新豐8線 | L12: 新豐9線 | M12: 新豐4線
B13: 人時性 | C13: 排關 | D13: =SUMIFS('0830 4度C'!$K:$K,'0830 4度C'!$A:$A,"新豐6線",'0830 4度C'!$B:$B,"平均") -> 117.64706 | E13: =SUMIFS('0830 4度C'!$K:$K,'0830 4度C'!$A:$A,"新豐2線",'0830 4度C'!$B:$B,"平均") -> 81.818182 | F13: =SUMIFS('0830 4度C'!$K:$K,'0830 4度C'!$A:$A,"新豐5線",'0830 4度C'!$B:$B,"平均") -> 93.220339 | G13: =SUMIFS('0830 4度C'!$K:$K,'0830 4度C'!$A:$A,"新豐7線",'0830 4度C'!$B:$B,"平均") -> 116.50485 | H13: =SUMIFS('0830 4度C'!$K:$K,'0830 4度C'!$A:$A,"新豐3線",'0830 4度C'!$B:$B,"平均") -> 300 | I13: =SUMIFS('0830 4度C'!$K:$K,'0830 4度C'!$A:$A,"新豐1線",'0830 4度C'!$B:$B,"平均") -> 114.45783 | J13: =SUMIFS('0830 4度C'!$K:$K,'0830 4度C'!$A:$A,"新豐10線",'0830 4度C'!$B:$B,"平均") -> 219.11765 | K13: =SUMIFS('0830 4度C'!$K:$K,'0830 4度C'!$A:$A,"新豐8線",'0830 4度C'!$B:$B,"平均") -> 137.93103 | L13: =SUMIFS('0830 4度C'!$K:$K,'0830 4度C'!$A:$A,"新豐9線",'0830 4度C'!$B:$B,"平均") -> 129.72973 | M13: =SUMIFS('0830 4度C'!$K:$K,'0830 4度C'!$A:$A,"新豐4線",'0830 4度C'!$B:$B,"平均") -> 139.53488
C14: 實績 | D14: =SUMIFS('0830 4度C'!$N:$N,'0830 4度C'!$A:$A,"新豐6線",'0830 4度C'!$B:$B,"平均") -> 110.08992 | E14: =SUMIFS('0830 4度C'!$N:$N,'0830 4度C'!$A:$A,"新豐2線",'0830 4度C'!$B:$B,"平均") -> 76.307568 | F14: =SUMIFS('0830 4度C'!$N:$N,'0830 4度C'!$A:$A,"新豐5線",'0830 4度C'!$B:$B,"平均") -> 87.130976 | G14: =SUMIFS('0830 4度C'!$N:$N,'0830 4度C'!$A:$A,"新豐7線",'0830 4度C'!$B:$B,"平均") -> 109.31894 | H14: =SUMIFS('0830 4度C'!$N:$N,'0830 4度C'!$A:$A,"新豐3線",'0830 4度C'!$B:$B,"平均") -> 280.76455 | I14: =SUMIFS('0830 4度C'!$N:$N,'0830 4度C'!$A:$A,"新豐1線",'0830 4度C'!$B:$B,"平均") -> 107.18971 | J14: =SUMIFS('0830 4度C'!$N:$N,'0830 4度C'!$A:$A,"新豐10線",'0830 4度C'!$B:$B,"平均") -> 206.55863 | K14: =SUMIFS('0830 4度C'!$N:$N,'0830 4度C'!$A:$A,"新豐8線",'0830 4度C'!$B:$B,"平均") -> 129.49821 | L14: =SUMIFS('0830 4度C'!$N:$N,'0830 4度C'!$A:$A,"新豐9線",'0830 4度C'!$B:$B,"平均") -> 121.48186 | M14: =SUMIFS('0830 4度C'!$N:$N,'0830 4度C'!$A:$A,"新豐4線",'0830 4度C'!$B:$B,"平均") -> 131.58877
C15: 達成率 | D15: =D14/D13 -> 0.93576433 | E15: =E14/E13 -> 0.93264806 | F15: =F14/F13 -> 0.93467774 | G15: =G14/G13 -> 0.93832089 | H15: =H14/H13 -> 0.93588183 | I15: =I14/I13 -> 0.93649958 | J15: =J14/J13 -> 0.94268367 | K15: =K14/K13 -> 0.93886203 | ... M15: =M14/M13 -> 0.94305282
B16: 作業 時間 | C16: 開始 | D16: =VLOOKUP("新豐6線",'0830 4度C'!$A:$T,19,0) -> 0.70833333 | E16: =VLOOKUP("新豐2線",'0830 4度C'!$A:$T,19,0) -> 0.125 | F16: =VLOOKUP("新豐5線",'0830 4度C'!$A:$T,19,0) -> 0.25 | G16: =VLOOKUP("新豐7線",'0830 4度C'!$A:$T,19,0) -> 0.20833333 | H16: =VLOOKUP("新豐3線",'0830 4度C'!$A:$T,19,0) -> 0.125 | I16: =VLOOKUP("新豐1線",'0830 4度C'!$A:$T,19,0) -> 0.29166667 | J16: =VLOOKUP("新豐10線",'0830 4度C'!$A:$T,19,0) -> 0.125 | K16: =VLOOKUP("新豐8線",'0830 4度C'!$A:$T,19,0) -> 0.125 | L16: =VLOOKUP("新豐9線",'0830 4度C'!$A:$T,19,0) -> 0.125 | M16: =VLOOKUP("新豐4線",'0830 4度C'!$A:$T,19,0) -> 0.125
C17: 結束 | D17: =LOOKUP(2,1/(('0830 4度C'!$A:$A="新豐6線")*('0830 4度C'!$T:$T<>"")),'0830 4度C'!$T:$T) -> 0.83958333 | E17: =LOOKUP(2,1/(('0830 4度C'!$A:$A="新豐2線")*('0830 4度C'!$T:$T<>"")),'0830 4度C'!$T:$T) -> 0.52916667 | F17: =LOOKUP(2,1/(('0830 4度C'!$A:$A="新豐5線")*('0830 4度C'!$T:$T<>"")),'0830 4度C'!$T:$T) -> 0.84236111 | G17: =LOOKUP(2,1/(('0830 4度C'!$A:$A="新豐7線")*('0830 4度C'!$T:$T<>"")),'0830 4度C'!$T:$T) -> 0.80416667 | H17: =LOOKUP(2,1/(('0830 4度C'!$A:$A="新豐3線")*('0830 4度C'!$T:$T<>"")),'0830 4度C'!$T:$T) -> 0.46458333 | I17: =LOOKUP(2,1/(('0830 4度C'!$A:$A="新豐1線")*('0830 4度C'!$T:$T<>"")),'0830 4度C'!$T:$T) -> 0.84791667 | J17: =LOOKUP(2,1/(('0830 4度C'!$A:$A="新豐10線")*('0830 4度C'!$T:$T<>"")),'0830 4度C'!$T:$T) -> 0.40138889 | K17: =LOOKUP(2,1/(('0830 4度C'!$A:$A="新豐8線")*('0830 4度C'!$T:$T<>"")),'0830 4度C'!$T:$T) -> 0.48611111 | L17: =LOOKUP(2,1/(('0830 4度C'!$A:$A="新豐9線")*('0830 4度C'!$T:$T<>"")),'0830 4度C'!$T:$T) -> 0.54097222 | M17: =LOOKUP(2,1/(('0830 4度C'!$A:$A="新豐4線")*('0830 4度C'!$T:$T<>"")),'0830 4度C'!$T:$T) -> 0.475
B18: 配置人數 | D18: =SUMIFS('0830 4度C'!$I:$I,'0830 4度C'!$A:$A,"新豐6線",'0830 4度C'!$B:$B,"平均") -> 17 | E18: =SUMIFS('0830 4度C'!$I:$I,'0830 4度C'!$A:$A,"新豐2線",'0830 4度C'!$B:$B,"平均") -> 18.333333 | F18: =SUMIFS('0830 4度C'!$I:$I,'0830 4度C'!$A:$A,"新豐5線",'0830 4度C'!$B:$B,"平均") -> 19.666667 | G18: =SUMIFS('0830 4度C'!$I:$I,'0830 4度C'!$A:$A,"新豐7線",'0830 4度C'!$B:$B,"平均") -> 17.166667 | H18: =SUMIFS('0830 4度C'!$I:$I,'0830 4度C'!$A:$A,"新豐3線",'0830 4度C'!$B:$B,"平均") -> 10 | I18: =SUMIFS('0830 4度C'!$I:$I,'0830 4度C'!$A:$A,"新豐1線",'0830 4度C'!$B:$B,"平均") -> 16.6 | J18: =SUMIFS('0830 4度C'!$I:$I,'0830 4度C'!$A:$A,"新豐10線",'0830 4度C'!$B:$B,"平均") -> 11.333333 | K18: =SUMIFS('0830 4度C'!$I:$I,'0830 4度C'!$A:$A,"新豐8線",'0830 4度C'!$B:$B,"平均") -> 17.4 | L18: =SUMIFS('0830 4度C'!$I:$I,'0830 4度C'!$A:$A,"新豐9線",'0830 4度C'!$B:$B,"平均") -> 18.5 | M18: =SUMIFS('0830 4度C'!$I:$I,'0830 4度C'!$A:$A,"新豐4線",'0830 4度C'!$B:$B,"平均") -> 17.2
B19: 主要應用設備 | D19: ET-55 | E19: 熱縮爐 | F19: L型包裝機 | G19: L型包裝機 | H19: 伺服包裝機 | I19: ET-55 | J19: 伺服包裝機 | K19: 三明治包裝機 | L19: 三明治包裝機 | M19: 三明治包裝機
B20: 次要應用設備 | F20: 圓盤機 | G20: ET-55
B21: 備註 | E21: 握沙拉 | F21: 共用L型包裝機 | H21: 調理麵包 | I21: 炒飯+沙拉 | J21: 調理麵包

Sheet 0830 4度C
A1: 新豐廠四度C日報分析 | C1: 總生產量 | D1: =SUM(F5:F63) -> 136235 | E1: 營業額 | F1: =SUM(G5:G63) -> 4840642 | G1: 出勤人數 | H1: =L8+L12+L44+L50+L16+L57+L29+L36+L23+L63 -> 163.2 | I1: 產線配置圖 | L1: 生產實績 | O1: 人時性差異分析 | S1: 日報登錄 | Y1: 分析說明 | AA1: 產能差異分析
A2: 45899 | B2: 星期六 | C2: 人時性 | D2: =AVERAGE(N8,N12,N44,N50,N16,N57,N23,N29,N36,N63) -> 135.99291 | E2: 平均廠價 | F2: =F1/D1 -> 35.53156 | G2: 多次生產數 | H2: =COUNT(H5:H63) -> 0
A3: 線別 | B3: 品類 | C3: 品名 | E3: 廠價 | F3: 生產量 | G3: 營收 | H3: 多次 生產 | I3: 人數 | J3: 產能/時 | K3: 人時性 | L3: 人數 | M3: 產能/時 | N3: 人時性 | O3: 人數 | P3: 人時性 | Q3: 達成率 | R3: 達成率平均 | S3: 生產時間 | U3: 換線、休息/分 | V3: 稼動時間/分 | W3: 休息時間 | Y3: (新豐回填) | AA3: 產能/時 | AB3: 達成率 | AC3: 達成率平均
S4: 開始 | T4: 結束 | W4: 開始 | X4: 結束
A5: 新豐6線 | B5: 微波主食 | C5: 二配煸椒烘蛋飯 | E5: 46.93 | F5: 1087 | G5: =E5*F5 -> 51012.91 | I5: 17 | J5: 2000 | K5: =J5/I5 -> 117.64706 | L5: 17 | M5: =F5/V5*60 -> 1863.4286 | N5: =M5/L5 -> 109.61345 | O5: =L5-I5 -> 0 | P5: =N5-K5 -> -8.0336134 | Q5: =N5/K5 -> 0.93171429 | R5: =Q8 -> 0.93576433 | S5: 0.70833333 | T5: 0.73263889 | V5: =(T5-S5)*24*60 -> 35 | AA5: =M5-J5 -> -136.57143 | AB5: =M5/J5 -> 0.93171429 | AC5: =AB8 -> 0.93576433
A6: 新豐6線 | B6: 微波主食 | C6: 二配川味麻婆燒豆腐燴飯 | E6: 50.49 | F6: 2169 | G6: =E6*F6 -> 109512.81 | I6: 16 | J6: 2000 | K6: =J6/I6 -> 125 | L6: 16 | M6: =F6/V6*60 -> 1886.087 | N6: =M6/L6 -> 117.88043 | O6: =L6-I6 -> 0 | P6: =N6-K6 -> -7.1195652 | Q6: =N6/K6 -> 0.94304348 | S6: 0.7375 | T6: 0.78541667 | U6: =(S6-T5)*24*60 -> 7 | V6: =(T6-S6)*24*60 -> 69 | AA6: =M6-J6 -> -113.91304 | AB6: =M6/J6 -> 0.94304348
A7: 新豐6線 | B7: 微波主食 | C7: 二配港式香滑嫩蛋牛肉燴飯 | E7: 50.67 | F7: 2207 | G7: =E7*F7 -> 111828.69 | I7: 18 | J7: 2000 | K7: =J7/I7 -> 111.11111 | L7: 18 | M7: =F7/V7*60 -> 1865.0704 | N7: =M7/L7 -> 103.61502 | O7: =L7-I7 -> 0 | P7: =N7-K7 -> -7.4960876 | Q7: =N7/K7 -> 0.93253521 | S7: 0.79027778 | T7: 0.83958333 | U7: =(S7-T6)*24*60 -> 7 | V7: =(T7-S7)*24*60 -> 71 | AA7: =M7-J7 -> -134.92958 | AB7: =M7/J7 -> 0.93253521
A8: 新豐6線 | B8: 平均 | I8: 17 | J8: 2000 | K8: =J8/I8 -> 117.64706 | L8: 17 | M8: =AVERAGE(M5:M7) -> 1871.5287 | N8: =M8/L8 -> 110.08992 | O8: =L8-I8 -> 0 | P8: =N8-K8 -> -7.5571382 | Q8: =N8/K8 -> 0.93576433 | AA8: =M8-J8 -> -128.47135 | AB8: =M8/J8 -> 0.93576433
A9: 新豐2線 | B9: 沙拉 | C9: 青醬優格雞肉握沙拉(113年) | E9: 39.62 | F9: 4031 | G9: =E9*F9 -> 159708.22 | I9: 19 | J9: 1500 | K9: =J9/I9 -> 78.947368 | L9: 19 | M9: =F9/V9*60 -> 1398.0347 | N9: =M9/L9 -> 73.580773 | O9: =L9-I9 -> 0 | P9: =N9-K9 -> -5.3665957 | Q9: =N9/K9 -> 0.93202312 | R9: =Q12 -> 0.93264806 | S9: 0.125 | T9: 0.24513889 | V9: =(T9-S9)*24*60 -> 173 | W9: =T9 -> 0.24513889 | X9: =S10 -> 0.26597222 | AA9: =M9-J9 -> -101.96532 | AB9: =M9/J9 -> 0.93202312 | AC9: =AB12 -> 0.93264806
A10: 新豐2線 | B10: 沙拉 | C10: 青檸烤雞握沙拉(113年) | E10: 39.8 | F10: 5330 | G10: =E10*F10 -> 212134 | I10: 17 | J10: 1500 | K10: =J10/I10 -> 88.235294 | L10: 17 | M10: =F10/V10*60 -> 1402.6316 | N10: =M10/L10 -> 82.50774 | O10: =L10-I10 -> 0 | P10: =N10-K10 -> -5.7275542 | Q10: =N10/K10 -> 0.93508772 | S10: 0.26597222 | T10: 0.42430556 | U10: =(S10-T9)*24*60 -> 30 | V10: =(T10-S10)*24*60 -> 228 | AA10: =M10-J10 -> -97.368421 | AB10: =M10/J10 -> 0.93508772
A11: 新豐2線 | B11: 沙拉 | C11: 地瓜瓜握沙拉 | E11: 39.29 | F11: 3351 | G11: =E11*F11 -> 131660.79 | I11: 19 | J11: 1500 | K11: =J11/I11 -> 78.947368 | L11: 19 | M11: =F11/V11*60 -> 1396.25 | N11: =M11/L11 -> 73.486842 | O11: =L11-I11 -> 0 | P11: =N11-K11 -> -5.4605263 | Q11: =N11/K11 -> 0.93083333 | S11: 0.42916667 | T11: 0.52916667 | U11: =(S11-T10)*24*60 -> 7 | V11: =(T11-S11)*24*60 -> 144 | AA11: =M11-J11 -> -103.75 | AB11: =M11/J11 -> 0.93083333
A12: 新豐2線 | B12: 平均 | I12: 18.333333 | J12: 1500 | K12: =J12/I12 -> 81.818182 | L12: 18.333333 | M12: =AVERAGE(M9:M11) -> 1398.9721 | N12: =M12/L12 -> 76.307568 | O12: =L12-I12 -> 0 | P12: =N12-K12 -> -5.5106134 | Q12: =N12/K12 -> 0.93264806 | AA12: =M12-J12 -> -101.02791 | AB12: =M12/J12 -> 0.93264806
A13: 新豐5線 | B13: 小吃 | C13: 剝皮辣椒雞湯 | E13: 41 | F13: 1821 | G13: =E13*F13 -> 74661 | I13: 26 | J13: 1500 | K13: =J13/I13 -> 57.692308 | L13: 26 | M13: =F13/V13*60 -> 1400.7692 | N13: =M13/L13 -> 53.87574 | O13: =L13-I13 -> 0 | P13: =N13-K13 -> -3.816568 | Q13: =N13/K13 -> 0.93384615 | R13: =Q16 -> 0.93467774 | S13: 0.25 | T13: 0.30416667 | V13: =(T13-S13)*24*60 -> 78 | AA13: =M13-J13 -> -99.230769 | AB13: =M13/J13 -> 0.93384615 | AC13: =AB16 -> 0.93467774
A14: 新豐5線 | B14: 微波主食 | C14: 二配金咖哩濃厚辛辣咖哩飯 | E14: 50.98 | F14: 2804 | G14: =E14*F14 -> 142947.92 | I14: 17 | J14: 2000 | K14: =J14/I14 -> 117.64706 | L14: 17 | M14: =F14/V14*60 -> 1869.3333 | N14: =M14/L14 -> 109.96078 | O14: =L14-I14 -> 0 | P14: =N14-K14 -> -7.6862745 | Q14: =N14/K14 -> 0.93466667 | S14: 0.70833333 | T14: 0.77083333 | U14: =IF(S14=TIME(17,0,0),"",(S14-T13)*24*60) | V14: =(T14-S14)*24*60 -> 90 | AA14: =M14-J14 -> -130.66667 | AB14: =M14/J14 -> 0.93466667
A15: 新豐5線 | B15: 微波主食 | C15: 二配金咖哩果香甘口咖哩飯 | E15: 50.92 | F15: 2993 | G15: =E15*F15 -> 152403.56 | I15: 16 | J15: 2000 | K15: =J15/I15 -> 125 | L15: 16 | M15: =F15/V15*60 -> 1870.625 | N15: =M15/L15 -> 116.91406 | O15: =L15-I15 -> 0 | P15: =N15-K15 -> -8.0859375 | Q15: =N15/K15 -> 0.9353125 | S15: 0.77569444 | T15: 0.84236111 | U15: =IF(S15=TIME(17,0,0),"",(S15-T14)*24*60) -> 7 | V15: =(T15-S15)*24*60 -> 96 | AA15: =M15-J15 -> -129.375 | AB15: =M15/J15 -> 0.9353125
A16: 新豐5線 | B16: 平均 | I16: 19.666667 | J16: 1833.3333 | K16: =J16/I16 -> 93.220339 | L16: 19.666667 | M16: =AVERAGE(M13:M15) -> 1713.5759 | N16: =M16/L16 -> 87.130976 | O16: =L16-I16 -> 0 | P16: =N16-K16 -> -6.0893633 | Q16: =N16/K16 -> 0.93467774 | AA16: =M16-J16 -> -119.75748 | AB16: =M16/J16 -> 0.93467774
A17: 新豐7線 | B17: 小吃 | C17: 古早味炒炊粉 | E17: 43.14 | F17: 1276 | G17: =E17*F17 -> 55046.64 | I17: 17 | J17: 2000 | K17: =J17/I17 -> 117.64706 | L17: 17 | M17: =F17/V17*60 -> 1867.3171 | N17: =M17/L17 -> 109.84218 | O17: =L17-I17 -> 0 | P17: =N17-K17 -> -7.804878 | Q17: =N17/K17 -> 0.93365854 | R17: =Q23 -> 0.93832089 | S17: 0.20833333 | T17: 0.23680556 | V17: =(T17-S17)*24*60 -> 41 | AA17: =M17-J17 -> -132.68293 | AB17: =M17/J17 -> 0.93365854 | AC17: =AB23 -> 0.93832089
A18: 新豐7線 | B18: 微波主食 | C18: 鐵板滑蛋炸豬排丼 | E18: 57.73 | F18: 2100 | G18: =E18*F18 -> 121233 | I18: 16 | J18: 2000 | K18: =J18/I18 -> 125 | L18: 16 | M18: =F18/V18*60 -> 1880.597 | N18: =M18/L18 -> 117.53731 | O18: =L18-I18 -> 0 | P18: =N18-K18 -> -7.4626866 | Q18: =N18/K18 -> 0.94029851 | S18: 0.24166667 | T18: 0.28819444 | U18: =IF(S18=TIME(17,0,0),"",(S18-T17)*24*60) -> 7 | V18: =(T18-S18)*24*60 -> 67 | AA18: =M18-J18 -> -119.40299 | AB18: =M18/J18 -> 0.94029851
A19: 新豐7線 | B19: 微波主食 | C19: 極上炙烤親子丼 | E19: 53.68 | F19: 1516 | G19: =E19*F19 -> 81378.88 | I19: 17 | J19: 2000 | K19: =J19/I19 -> 117.64706 | L19: 17 | M19: =F19/V19*60 -> 1895 | N19: =M19/L19 -> 111.47059 | O19: =L19-I19 -> 0 | P19: =N19-K19 -> -6.1764706 | Q19: =N19/K19 -> 0.9475 | S19: 0.29236111 | T19: 0.32569444 | U19: =IF(S19=TIME(17,0,0),"",(S19-T18)*24*60) -> 6 | V19: =(T19-S19)*24*60 -> 48 | AA19: =M19-J19 -> -105 | AB19: =M19/J19 -> 0.9475
A20: 新豐7線 | B20: 微波主食 | C20: 海老鰻魚丼滋丼 | E20: 58.17 | F20: 1654 | G20: =E20*F20 -> 96213.18 | I20: 18 | J20: 2000 | K20: =J20/I20 -> 111.11111 | L20: 18 | M20: =F20/V20*60 -> 1872.4528 | N20: =M20/L20 -> 104.02516 | O20: =L20-I20 -> 0 | P20: =N20-K20 -> -7.0859539 | Q20: =N20/K20 -> 0.93622642 | S20: 0.33055556 | T20: 0.36736111 | U20: =IF(S20=TIME(17,0,0),"",(S20-T19)*24*60) -> 7 | V20: =(T20-S20)*24*60 -> 53 | AA20: =M20-J20 -> -127.54717 | AB20: =M20/J20 -> 0.93622642
A21: 新豐7線 | B21: 微波主食 | C21: 二配美味蟹煲 | E21: 54.09 | F21: 3524 | G21: =E21*F21 -> 190613.16 | I21: 20 | J21: 2000 | K21: =J21/I21 -> 100 | L21: 20 | M21: =F21/V21*60 -> 1871.1504 | N21: =M21/L21 -> 93.557522 | O21: =L21-I21 -> 0 | P21: =N21-K21 -> -6.4424779 | Q21: =N21/K21 -> 0.93557522 | S21: 0.70833333 | T21: 0.78680556 | U21: =IF(S21=TIME(17,0,0),"",(S21-T20)*24*60) | V21: =(T21-S21)*24*60 -> 113 | AA21: =M21-J21 -> -128.84956 | AB21: =M21/J21 -> 0.93557522
A22: 新豐7線 | B22: 微波主食 | C22: 二配極旨黑咖哩漢堡排飯 | E22: 53.27 | F22: 562 | G22: =E22*F22 -> 29937.74 | I22: 15 | J22: 2000 | K22: =J22/I22 -> 133.33333 | L22: 15 | M22: =F22/V22*60 -> 1873.3333 | N22: =M22/L22 -> 124.88889 | O22: =L22-I22 -> 0 | P22: =N22-K22 -> -8.4444444 | Q22: =N22/K22 -> 0.93666667 | S22: 0.79166667 | T22: 0.80416667 | U22: =IF(S22=TIME(17,0,0),"",(S22-T21)*24*60) -> 7 | V22: =(T22-S22)*24*60 -> 18 | AA22: =M22-J22 -> -126.66667 | AB22: =M22/J22 -> 0.93666667
A23: 新豐7線 | B23: 平均 | I23: 17.166667 | J23: 2000 | K23: =J23/I23 -> 116.50485 | L23: 17.166667 | M23: =AVERAGE(M17:M22) -> 1876.6418 | N23: =M23/L23 -> 109.31894 | O23: =L23-I23 -> 0 | P23: =N23-K23 -> -7.1859156 | Q23: =N23/K23 -> 0.93832089 | AA23: =M23-J23 -> -123.35822 | AB23: =M23/J23 -> 0.93832089
A24: 新豐8線 | B24: 三明治 | C24: 經典總匯三明治 | E24: 26.2 | F24: 3148 | G24: =E24*F24 -> 82477.6 | I24: 20 | J24: 2400 | K24: =J24/I24 -> 120 | L24: 20 | M24: =F24/V24*60 -> 2248.5714 | N24: =M24/L24 -> 112.42857 | O24: =L24-I24 -> 0 | P24: =N24-K24 -> -7.5714286 | Q24: =N24/K24 -> 0.93690476 | R24: =Q29 -> 0.93886203 | S24: 0.125 | T24: 0.18333333 | V24: =(T24-S24)*24*60 -> 84 | W24: =T24 -> 0.18333333 | X24: =S25 -> 0.20416667 | AA24: =M24-J24 -> -151.42857 | AB24: =M24/J24 -> 0.93690476 | AC24: =AB29 -> 0.93886203
A25: 新豐8線 | B25: 三明治 | C25: 紐奧良風味烤雞鮮蔬三明治 | E25: 31.29 | F25: 6350 | G25: =E25*F25 -> 198691.5 | I25: 16 | J25: 2400 | K25: =J25/I25 -> 150 | L25: 16 | M25: =F25/V25*60 -> 2241.1765 | N25: =M25/L25 -> 140.07353 | O25: =L25-I25 -> 0 | P25: =N25-K25 -> -9.9264706 | Q25: =N25/K25 -> 0.93382353 | S25: 0.20416667 | T25: 0.32222222 | U25: =(S25-T24)*24*60 -> 30 | V25: =(T25-S25)*24*60 -> 170 | AA25: =M25-J25 -> -158.82353 | AB25: =M25/J25 -> 0.93382353
A26: 新豐8線 | B26: 三明治 | C26: 起司芋見肉鬆三明治 | E26: 24.25 | F26: 3379 | G26: =E26*F26 -> 81940.75 | I26: 18 | J26: 2400 | K26: =J26/I26 -> 133.33333 | L26: 18 | M26: =F26/V26*60 -> 2252.6667 | N26: =M26/L26 -> 125.14815 | O26: =L26-I26 -> 0 | P26: =N26-K26 -> -8.1851852 | Q26: =N26/K26 -> 0.93861111 | S26: 0.32708333 | T26: 0.38958333 | U26: =(S26-T25)*24*60 -> 7 | V26: =(T26-S26)*24*60 -> 90 | AA26: =M26-J26 -> -147.33333 | AB26: =M26/J26 -> 0.93861111
A27: 新豐8線 | B27: 三明治 | C27: 日式芥末蛋沙拉三明治 | E27: 25.98 | F27: 3373 | G27: =E27*F27 -> 87630.54 | I27: 17 | J27: 2400 | K27: =J27/I27 -> 141.17647 | L27: 17 | M27: =F27/V27*60 -> 2248.6667 | N27: =M27/L27 -> 132.27451 | O27: =L27-I27 -> 0 | P27: =N27-K27 -> -8.9019608 | Q27: =N27/K27 -> 0.93694444 | S27: 0.39375 | T27: 0.45625 | U27: =(S27-T26)*24*60 -> 6 | V27: =(T27-S27)*24*60 -> 90 | AA27: =M27-J27 -> -151.33333 | AB27: =M27/J27 -> 0.93694444
A28: 新豐8線 | B28: 三明治 | C28: 藍莓優格三明治(114年) | E28: 22.35 | F28: 1441 | G28: =E28*F28 -> 32206.35 | I28: 16 | J28: 2400 | K28: =J28/I28 -> 150 | L28: 16 | M28: =F28/V28*60 -> 2275.2632 | N28: =M28/L28 -> 142.20395 | O28: =L28-I28 -> 0 | P28: =N28-K28 -> -7.7960526 | Q28: =N28/K28 -> 0.94802632 | S28: 0.45972222 | T28: 0.48611111 | U28: =(S28-T27)*24*60 -> 5 | V28: =(T28-S28)*24*60 -> 38 | AA28: =M28-J28 -> -124.73684 | AB28: =M28/J28 -> 0.94802632
A29: 新豐8線 | B29: 平均 | I29: 17.4 | J29: 2400 | K29: =J29/I29 -> 137.93103 | L29: 17.4 | M29: =AVERAGE(M24:M28) -> 2253.2689 | N29: =M29/L29 -> 129.49821 | O29: =L29-I29 -> 0 | P29: =N29-K29 -> -8.4328231 | Q29: =N29/K29 -> 0.93886203 | AA29: =M29-J29 -> -146.73112 | AB29: =M29/J29 -> 0.93886203
A30: 新豐9線 | B30: 三明治 | C30: 鮪魚起司溏心蛋三明治 | E30: 26.2 | F30: 4724 | G30: =E30*F30 -> 123768.8 | I30: 18 | J30: 2400 | K30: =J30/I30 -> 133.33333 | L30: 18 | M30: =F30/V30*60 -> 2249.5238 | N30: =M30/L30 -> 124.97354 | O30: =L30-I30 -> 0 | P30: =N30-K30 -> -8.3597884 | Q30: =N30/K30 -> 0.93730159 | R30: =Q36 -> 0.93642267 | S30: 0.125 | T30: 0.2125 | V30: =(T30-S30)*24*60 -> 126 | W30: =T30 -> 0.2125 | X30: =S31 -> 0.23194444 | AA30: =M30-J30 -> -150.47619 | AB30: =M30/J30 -> 0.93730159 | AC30: =AB36 -> 0.93642267
A31: 新豐9線 | B31: 三明治 | C31: 瘋狂起司三明治(113年) | E31: 24.45 | F31: 1660 | G31: =E31*F31 -> 40587 | I31: 20 | J31: 2400 | K31: =J31/I31 -> 120 | L31: 20 | M31: =F31/V31*60 -> 2263.6364 | N31: =M31/L31 -> 113.18182 | O31: =L31-I31 -> 0 | P31: =N31-K31 -> -6.8181818 | Q31: =N31/K31 -> 0.94318182 | S31: 0.23194444 | T31: 0.2625 | U31: =(S31-T30)*24*60 -> 28 | V31: =(T31-S31)*24*60 -> 44 | AA31: =M31-J31 -> -136.36364 | AB31: =M31/J31 -> 0.94318182
A32: 新豐9線 | B32: 三明治 | C32: 醬燒烤雞三明治 | E32: 26.39 | F32: 4374 | G32: =E32*F32 -> 115429.86 | I32: 19 | J32: 2400 | K32: =J32/I32 -> 126.31579 | L32: 19 | M32: =F32/V32*60 -> 2243.0769 | N32: =M32/L32 -> 118.05668 | O32: =L32-I32 -> 0 | P32: =N32-K32 -> -8.2591093 | Q32: =N32/K32 -> 0.93461538 | S32: 0.26805556 | T32: 0.34930556 | U32: =(S32-T31)*24*60 -> 8 | V32: =(T32-S32)*24*60 -> 117 | AA32: =M32-J32 -> -156.92308 | AB32: =M32/J32 -> 0.93461538
A33: 新豐9線 | B33: 三明治 | C33: 輕乳酪巧克力三明治 | E33: 20.52 | F33: 2686 | G33: =E33*F33 -> 55116.72 | I33: 18 | J33: 2400 | K33: =J33/I33 -> 133.33333 | L33: 18 | M33: =F33/V33*60 -> 2238.3333 | N33: =M33/L33 -> 124.35185 | O33: =L33-I33 -> 0 | P33: =N33-K33 -> -8.9814815 | Q33: =N33/K33 -> 0.93263889 | S33: 0.35486111 | T33: 0.40486111 | U33: =(S33-T32)*24*60 -> 8 | V33: =(T33-S33)*24*60 -> 72 | AA33: =M33-J33 -> -161.66667 | AB33: =M33/J33 -> 0.93263889
A34: 新豐9線 | B34: 三明治 | C34: 好多菜三明治 | E34: 26.2 | F34: 3546 | G34: =E34*F34 -> 92905.2 | I34: 19 | J34: 2400 | K34: =J34/I34 -> 126.31579 | L34: 19 | M34: =F34/V34*60 -> 2239.5789 | N34: =M34/L34 -> 117.87258 | O34: =L34-I34 -> 0 | P34: =N34-K34 -> -8.4432133 | Q34: =N34/K34 -> 0.93315789 | S34: 0.40902778 | T34: 0.475 | U34: =(S34-T33)*24*60 -> 6 | V34: =(T34-S34)*24*60 -> 95 | AA34: =M34-J34 -> -160.42105 | AB34: =M34/J34 -> 0.93315789
A35: 新豐9線 | B35: 三明治 | C35: 龍蝦風味總匯三明治 | E35: 25.98 | F35: 3338 | G35: =E35*F35 -> 86721.24 | I35: 17 | J35: 2400 | K35: =J35/I35 -> 141.17647 | L35: 17 | M35: =F35/V35*60 -> 2250.3371 | N35: =M35/L35 -> 132.37277 | O35: =L35-I35 -> 0 | P35: =N35-K35 -> -8.8037013 | Q35: =N35/K35 -> 0.93764045 | S35: 0.47916667 | T35: 0.54097222 | U35: =(S35-T34)*24*60 -> 6 | V35: =(T35-S35)*24*60 -> 89 | AA35: =M35-J35 -> -149.66292 | AB35: =M35/J35 -> 0.93764045
A36: 新豐9線 | B36: 平均 | I36: 18.5 | J36: 2400 | K36: =J36/I36 -> 129.72973 | L36: 18.5 | M36: =AVERAGE(M30:M35) -> 2247.4144 | N36: =M36/L36 -> 121.48186 | O36: =L36-I36 -> 0 | P36: =N36-K36 -> -8.2478698 | Q36: =N36/K36 -> 0.93642267 | AA36: =M36-J36 -> -152.58559 | AB36: =M36/J36 -> 0.93642267
A37: 新豐3線 | B37: 調理麵包 | C37: 豬肉起司蛋堡 | E37: 27.17 | F37: 4722 | G37: =E37*F37 -> 128296.74 | I37: 10 | J37: 3000 | K37: =J37/I37 -> 300 | L37: 10 | M37: =F37/V37*60 -> 2805.1485 | N37: =M37/L37 -> 280.51485 | O37: =L37-I37 -> 0 | P37: =N37-K37 -> -19.485149 | Q37: =N37/K37 -> 0.9350495 | R37: =Q44 -> 0.93588183 | S37: 0.125 | T37: 0.19513889 | V37: =(T37-S37)*24*60 -> 101 | AA37: =M37-J37 -> -194.85149 | AB37: =M37/J37 -> 0.9350495 | AC37: =AB44 -> 0.93588183
A38: 新豐3線 | B38: 調理麵包 | C38: 豬肉起司堡 | E38: 21.13 | F38: 3917 | G38: =E38*F38 -> 82766.21 | I38: 10 | J38: 3000 | K38: =J38/I38 -> 300 | L38: 10 | M38: =F38/V38*60 -> 2797.8571 | N38: =M38/L38 -> 279.78571 | O38: =L38-I38 -> 0 | P38: =N38-K38 -> -20.214286 | Q38: =N38/K38 -> 0.93261905 | S38: 0.20069444 | T38: 0.25902778 | U38: =(S38-T37)*24*60 -> 8 | V38: =(T38-S38)*24*60 -> 84 | AA38: =M38-J38 -> -202.14286 | AB38: =M38/J38 -> 0.93261905
A39: 新豐3線 | B39: 調理麵包 | C39: 經典雙牛起司堡(113年) | E39: 35.12 | F39: 3698 | G39: =E39*F39 -> 129873.76 | I39: 10 | J39: 3000 | K39: =J39/I39 -> 300 | L39: 10 | M39: =F39/V39*60 -> 2808.6076 | N39: =M39/L39 -> 280.86076 | O39: =L39-I39 -> 0 | P39: =N39-K39 -> -19.139241 | Q39: =N39/K39 -> 0.93620253 | S39: 0.26388889 | T39: 0.31875 | U39: =(S39-T38)*24*60 -> 7 | V39: =(T39-S39)*24*60 -> 79 | AA39: =M39-J39 -> -191.39241 | AB39: =M39/J39 -> 0.93620253
A40: 新豐3線 | B40: 調理麵包 | C40: 美式起司巨牛堡 | E40: 40.18 | F40: 1743 | G40: =E40*F40 -> 70033.74 | I40: 10 | J40: 3000 | K40: =J40/I40 -> 300 | L40: 10 | M40: =F40/V40*60 -> 2826.4865 | N40: =M40/L40 -> 282.64865 | O40: =L40-I40 -> 0 | P40: =N40-K40 -> -17.351351 | Q40: =N40/K40 -> 0.94216216 | S40: 0.32430556 | T40: 0.35 | U40: =(S40-T39)*24*60 -> 8 | V40: =(T40-S40)*24*60 -> 37 | AA40: =M40-J40 -> -173.51351 | AB40: =M40/J40 -> 0.94216216
A41: 新豐3線 | B41: 調理麵包 | C41: 哞哞奶香白醬火腿蛋堡 | E41: 28.5 | F41: 979 | G41: =E41*F41 -> 27901.5 | I41: 10 | J41: 3000 | K41: =J41/I41 -> 300 | L41: 10 | M41: =F41/V41*60 -> 2797.1429 | N41: =M41/L41 -> 279.71429 | O41: =L41-I41 -> 0 | P41: =N41-K41 -> -20.285714 | Q41: =N41/K41 -> 0.93238095 | S41: 0.35416667 | T41: 0.36875 | U41: =(S41-T40)*24*60 -> 6 | V41: =(T41-S41)*24*60 -> 21 | AA41: =M41-J41 -> -202.85714 | AB41: =M41/J41 -> 0.93238095
A42: 新豐3線 | B42: 調理麵包 | C42: 美式雞腿堡 | E42: 35.87 | F42: 2705 | G42: =E42*F42 -> 97028.35 | I42: 10 | J42: 3000 | K42: =J42/I42 -> 300 | L42: 10 | M42: =F42/V42*60 -> 2798.2759 | N42: =M42/L42 -> 279.82759 | O42: =L42-I42 -> 0 | P42: =N42-K42 -> -20.172414 | Q42: =N42/K42 -> 0.93275862 | S42: 0.37430556 | T42: 0.41458333 | U42: =(S42-T41)*24*60 -> 8 | V42: =(T42-S42)*24*60 -> 58 | AA42: =M42-J42 -> -201.72414 | AB42: =M42/J42 -> 0.93275862
A43: 新豐3線 | B43: 調理麵包 | C43: 泰式酸辣炸雞堡 | E43: 36.14 | F43: 3008 | G43: =E43*F43 -> 108709.12 | I43: 10 | J43: 3000 | K43: =J43/I43 -> 300 | L43: 10 | M43: =F43/V43*60 -> 2820 | N43: =M43/L43 -> 282 | O43: =L43-I43 -> 0 | P43: =N43-K43 -> -18 | Q43: =N43/K43 -> 0.94 | S43: 0.42013889 | T43: 0.46458333 | U43: =(S43-T42)*24*60 -> 8 | V43: =(T43-S43)*24*60 -> 64 | AA43: =M43-J43 -> -180 | AB43: =M43/J43 -> 0.94
A44: 新豐3線 | B44: 平均 | I44: 10 | J44: 3000 | K44: =J44/I44 -> 300 | L44: 10 | M44: =AVERAGE(M37:M43) -> 2807.6455 | N44: =M44/L44 -> 280.76455 | O44: =L44-I44 -> 0 | P44: =N44-K44 -> -19.235451 | Q44: =N44/K44 -> 0.93588183 | AA44: =M44-J44 -> -192.35451 | AB44: =M44/J44 -> 0.93588183
A45: 新豐1線 | B45: 沙拉 | C45: 蔥鹽雞肉麵沙拉(114年) | E45: 46 | F45: 2735 | G45: =E45*F45 -> 125810 | I45: 17 | J45: 2000 | K45: =J45/I45 -> 117.64706 | L45: 17 | M45: =F45/V45*60 -> 1864.7727 | N45: =M45/L45 -> 109.69251 | O45: =L45-I45 -> 0 | P45: =N45-K45 -> -7.9545455 | Q45: =N45/K45 -> 0.93238636 | R45: =Q50 -> 0.93649958 | S45: 0.29166667 | T45: 0.35277778 | V45: =(T45-S45)*24*60 -> 88 | AA45: =M45-J45 -> -135.22727 | AB45: =M45/J45 -> 0.93238636 | AC45: =AB50 -> 0.93649958
A46: 新豐1線 | B46: 沙拉 | C46: 莎莎烤雞麵沙拉 | E46: 46 | F46: 2932 | G46: =E46*F46 -> 134872 | I46: 18 | J46: 2000 | K46: =J46/I46 -> 111.11111 | L46: 18 | M46: =F46/V46*60 -> 1871.4894 | N46: =M46/L46 -> 103.97163 | O46: =L46-I46 -> 0 | P46: =N46-K46 -> -7.1394799 | Q46: =N46/K46 -> 0.93574468 | S46: 0.35694444 | T46: 0.42222222 | U46: =IF(S46=TIME(17,0,0),"",(S46-T45)*24*60) -> 6 | V46: =(T46-S46)*24*60 -> 94 | AA46: =M46-J46 -> -128.51064 | AB46: =M46/J46 -> 0.93574468
A47: 新豐1線 | B47: 微波主食 | C47: 二配香辣醬蒜味香腸蛋炒飯 | E47: 55.56 | F47: 2197 | G47: =E47*F47 -> 122065.32 | I47: 17 | J47: 2000 | K47: =J47/I47 -> 117.64706 | L47: 17 | M47: =F47/V47*60 -> 1883.1429 | N47: =M47/L47 -> 110.77311 | O47: =L47-I47 -> 0 | P47: =N47-K47 -> -6.8739496 | Q47: =N47/K47 -> 0.94157143 | S47: 0.70833333 | T47: 0.75694444 | U47: =IF(S47=TIME(17,0,0),"",(S47-T46)*24*60) | V47: =(T47-S47)*24*60 -> 70 | AA47: =M47-J47 -> -116.85714 | AB47: =M47/J47 -> 0.94157143
A48: 新豐1線 | B48: 微波主食 | C48: 二配香拌海鮮醬肉絲蛋炒飯 | E48: 55.32 | F48: 1645 | G48: =E48*F48 -> 91001.4 | I48: 15 | J48: 2000 | K48: =J48/I48 -> 133.33333 | L48: 15 | M48: =F48/V48*60 -> 1862.2642 | N48: =M48/L48 -> 124.15094 | O48: =L48-I48 -> 0 | P48: =N48-K48 -> -9.1823899 | Q48: =N48/K48 -> 0.93113208 | S48: 0.7625 | T48: 0.79930556 | U48: =IF(S48=TIME(17,0,0),"",(S48-T47)*24*60) -> 8 | V48: =(T48-S48)*24*60 -> 53 | AA48: =M48-J48 -> -137.73585 | AB48: =M48/J48 -> 0.93113208
A49: 新豐1線 | B49: 微波主食 | C49: 二配粗飽系雞排炒飯 | E49: 57.73 | F49: 1533 | G49: =E49*F49 -> 88500.09 | I49: 16 | J49: 1500 | K49: =J49/I49 -> 93.75 | L49: 16 | M49: =F49/V49*60 -> 1415.0769 | N49: =M49/L49 -> 88.442308 | O49: =L49-I49 -> 0 | P49: =N49-K49 -> -5.3076923 | Q49: =N49/K49 -> 0.94338462 | S49: 0.80277778 | T49: 0.84791667 | U49: =IF(S49=TIME(17,0,0),"",(S49-T48)*24*60) -> 5 | V49: =(T49-S49)*24*60 -> 65 | AA49: =M49-J49 -> -84.923077 | AB49: =M49/J49 -> 0.94338462
A50: 新豐1線 | B50: 平均 | I50: 16.6 | J50: 1900 | K50: =J50/I50 -> 114.45783 | L50: 16.6 | M50: =AVERAGE(M45:M49) -> 1779.3492 | N50: =M50/L50 -> 107.18971 | O50: =L50-I50 -> 0 | P50: =N50-K50 -> -7.2681202 | Q50: =N50/K50 -> 0.93649958 | AA50: =M50-J50 -> -120.6508 | AB50: =M50/J50 -> 0.93649958
A51: 新豐10線 | B51: 便當 | C51: 蠟筆小新餐盒 | E51: 84.51 | F51: 2876 | G51: =E51*F51 -> 243050.76 | I51: 17 | J51: 2400 | K51: =J51/I51 -> 141.17647 | L51: 17 | M51: =F51/V51*60 -> 2241.039 | N51: =M51/L51 -> 131.82582 | O51: =L51-I51 -> 0 | P51: =N51-K51 -> -9.3506494 | Q51: =N51/K51 -> 0.93376623 | R51: =Q57 -> 0.94268367 | S51: 0.125 | T51: 0.17847222 | V51: =(T51-S51)*24*60 -> 77 | AA51: =M51-J51 -> -158.96104 | AB51: =M51/J51 -> 0.93376623 | AC51: =AB57 -> 0.94268367
A52: 新豐10線 | B52: 調理麵包 | C52: 香雞蛋堡(112年) | E52: 26.78 | F52: 2205 | G52: =E52*F52 -> 59049.9 | I52: 10 | J52: 3000 | K52: =J52/I52 -> 300 | L52: 10 | M52: =F52/V52*60 -> 2814.8936 | N52: =M52/L52 -> 281.48936 | O52: =L52-I52 -> 0 | P52: =N52-K52 -> -18.510638 | Q52: =N52/K52 -> 0.93829787 | S52: 0.18263889 | T52: 0.21527778 | U52: =(S52-T51)*24*60 -> 6 | V52: =(T52-S52)*24*60 -> 47 | AA52: =M52-J52 -> -185.10638 | AB52: =M52/J52 -> 0.93829787
A53: 新豐10線 | B53: 調理麵包 | C53: 黃金魚堡 | E53: 35.37 | F53: 1428 | G53: =E53*F53 -> 50508.36 | I53: 10 | J53: 3000 | K53: =J53/I53 -> 300 | L53: 10 | M53: =F53/V53*60 -> 2856 | N53: =M53/L53 -> 285.6 | O53: =L53-I53 -> 0 | P53: =N53-K53 -> -14.4 | Q53: =N53/K53 -> 0.952 | S53: 0.22013889 | T53: 0.24097222 | U53: =(S53-T52)*24*60 -> 7 | V53: =(T53-S53)*24*60 -> 30 | AA53: =M53-J53 -> -144 | AB53: =M53/J53 -> 0.952
A54: 新豐10線 | B54: 沙拉 | C54: 溏心蛋洋芋沙拉 | E54: 26.97 | F54: 2965 | G54: =E54*F54 -> 79966.05 | I54: 8 | J54: 1500 | K54: =J54/I54 -> 187.5 | L54: 8 | M54: =F54/V54*60 -> 1400.7874 | N54: =M54/L54 -> 175.09843 | O54: =L54-I54 -> 0 | P54: =N54-K54 -> -12.401575 | Q54: =N54/K54 -> 0.93385827 | S54: 0.24652778 | T54: 0.33472222 | U54: =(S54-T53)*24*60 -> 8 | V54: =(T54-S54)*24*60 -> 127 | AA54: =M54-J54 -> -99.212598 | AB54: =M54/J54 -> 0.93385827
A55: 新豐10線 | B55: 調理麵包 | C55: 美式熱狗堡 | E55: 35.12 | F55: 1135 | G55: =E55*F55 -> 39861.2 | I55: 13 | J55: 2000 | K55: =J55/I55 -> 153.84615 | L55: 13 | M55: =F55/V55*60 -> 1891.6667 | N55: =M55/L55 -> 145.51282 | O55: =L55-I55 -> 0 | P55: =N55-K55 -> -8.3333333 | Q55: =N55/K55 -> 0.94583333 | S55: 0.33819444 | T55: 0.36319444 | U55: =(S55-T54)*24*60 -> 5 | V55: =(T55-S55)*24*60 -> 36 | AA55: =M55-J55 -> -108.33333 | AB55: =M55/J55 -> 0.94583333
A56: 新豐10線 | B56: 調理麵包 | C56: 超HOT雞腿堡(114年) | E56: 35.87 | F56: 2368 | G56: =E56*F56 -> 84940.16 | I56: 10 | J56: 3000 | K56: =J56/I56 -> 300 | L56: 10 | M56: =F56/V56*60 -> 2841.6 | N56: =M56/L56 -> 284.16 | O56: =L56-I56 -> 0 | P56: =N56-K56 -> -15.84 | Q56: =N56/K56 -> 0.9472 | S56: 0.36666667 | T56: 0.40138889 | U56: =(S56-T55)*24*60 -> 5 | V56: =(T56-S56)*24*60 -> 50 | AA56: =M56-J56 -> -158.4 | AB56: =M56/J56 -> 0.9472
A57: 新豐10線 | B57: 平均 | I57: 11.333333 | J57: 2483.3333 | K57: =J57/I57 -> 219.11765 | L57: 11.333333 | M57: =AVERAGE(M51:M56) -> 2340.9978 | N57: =M57/L57 -> 206.55863 | O57: =L57-I57 -> 0 | P57: =N57-K57 -> -12.55902 | Q57: =N57/K57 -> 0.94268367 | AA57: =M57-J57 -> -142.33556 | AB57: =M57/J57 -> 0.94268367
A58: 新豐4線 | B58: 三明治 | C58: 三重火腿三明治 | E58: 32.03 | F58: 692 | G58: =E58*F58 -> 22164.76 | I58: 19 | J58: 2400 | K58: =J58/I58 -> 126.31579 | L58: 19 | M58: =F58/V58*60 -> 2306.6667 | N58: =M58/L58 -> 121.40351 | O58: =L58-I58 -> 0 | P58: =N58-K58 -> -4.9122807 | Q58: =N58/K58 -> 0.96111111 | R58: =Q63 -> 0.94305282 | S58: 0.125 | T58: 0.1375 | V58: =(T58-S58)*24*60 -> 18 | W58: =T58 -> 0.1375 | X58: =S59 -> 0.15694444 | AA58: =M58-J58 -> -93.333333 | AB58: =M58/J58 -> 0.96111111 | AC58: =AB63 -> 0.94305282
A59: 新豐4線 | B59: 三明治 | C59: 香鬆起司蛋三明治(114年) | E59: 20.2 | F59: 2118 | G59: =E59*F59 -> 42783.6 | I59: 19 | J59: 2400 | K59: =J59/I59 -> 126.31579 | L59: 19 | M59: =F59/V59*60 -> 2269.2857 | N59: =M59/L59 -> 119.43609 | O59: =L59-I59 -> 0 | P59: =N59-K59 -> -6.8796992 | Q59: =N59/K59 -> 0.94553571 | S59: 0.15694444 | T59: 0.19583333 | U59: =(S59-T58)*24*60 -> 28 | V59: =(T59-S59)*24*60 -> 56 | AA59: =M59-J59 -> -130.71429 | AB59: =M59/J59 -> 0.94553571
A60: 新豐4線 | B60: 三明治 | C60: 火腿起司蛋三明治 | E60: 19.02 | F60: 7784 | G60: =E60*F60 -> 148051.68 | I60: 15 | J60: 2400 | K60: =J60/I60 -> 160 | L60: 15 | M60: =F60/V60*60 -> 2245.3846 | N60: =M60/L60 -> 149.69231 | O60: =L60-I60 -> 0 | P60: =N60-K60 -> -10.307692 | Q60: =N60/K60 -> 0.93557692 | S60: 0.20069444 | T60: 0.34513889 | U60: =(S60-T59)*24*60 -> 7 | V60: =(T60-S60)*24*60 -> 208 | AA60: =M60-J60 -> -154.61538 | AB60: =M60/J60 -> 0.93557692
A61: 新豐4線 | B61: 三明治 | C61: 雞蛋沙拉三明治 | E61: 25 | F61: 3167 | G61: =E61*F61 -> 79175 | I61: 15 | J61: 2400 | K61: =J61/I61 -> 160 | L61: 15 | M61: =F61/V61*60 -> 2235.5294 | N61: =M61/L61 -> 149.03529 | O61: =L61-I61 -> 0 | P61: =N61-K61 -> -10.964706 | Q61: =N61/K61 -> 0.93147059 | S61: 0.35069444 | T61: 0.40972222 | U61: =(S61-T60)*24*60 -> 8 | V61: =(T61-S61)*24*60 -> 85 | AA61: =M61-J61 -> -164.47059 | AB61: =M61/J61 -> 0.93147059
A62: 新豐4線 | B62: 三明治 | C62: 肉鬆火腿三明治 | E62: 20.52 | F62: 3239 | G62: =E62*F62 -> 66464.28 | I62: 18 | J62: 2400 | K62: =J62/I62 -> 133.33333 | L62: 18 | M62: =F62/V62*60 -> 2259.7674 | N62: =M62/L62 -> 125.54264 | O62: =L62-I62 -> 0 | P62: =N62-K62 -> -7.7906977 | Q62: =N62/K62 -> 0.94156977 | S62: 0.41527778 | T62: 0.475 | U62: =(S62-T61)*24*60 -> 8 | V62: =(T62-S62)*24*60 -> 86 | AA62: =M62-J62 -> -140.23256 | AB62: =M62/J62 -> 0.94156977
A63: 新豐4線 | B63: 平均 | I63: 17.2 | J63: 2400 | K63: =J63/I63 -> 139.53488 | L63: 17.2 | M63: =AVERAGE(M58:M62) -> 2263.3268 | N63: =M63/L63 -> 131.58877 | O63: =L63-I63 -> 0 | P63: =N63-K63 -> -7.946118 | Q63: =N63/K63 -> 0.94305282 | AA63: =M63-J63 -> -136.67323 | AB63: =M63/J63 -> 0.94305282

Sheet 0829
B1: 屏榮 新豐廠組合室生產人時性分析
B3: 日期 | C3: =TEXT('0829 4度C'!A2,"yyyy.mm.ddaaaa") -> 2025.08.29星期五 | E3: 訂單量 | F3: ='0829 4度C'!D1 -> 129900 | H3: 營業額 | I3: ='0829 4度C'!F1 -> 4553981.3
B4: 人時性 | C4: 項目 | E4: ➀ | G4: ➁ | I4: ➂
C5: 組合室 | E5: 全溫層 | G5: 4度C-各編組展開 | I5: ③三明治-各編組展開
C6: 排關平均 | E6: =AVERAGE(D13:M13) -> 145.14767 | F6: =AVERAGE(D27:O27,D13:J13) -> 149.18301 | G6: =AVERAGE(D13:J13) -> 149.18301 | I6: =AVERAGE(K13:M13) -> 135.73188
C7: 實績平均 | E7: =AVERAGE(D14:M14) -> 136.49527 | F7: =AVERAGE(D28:O28,D14:J14) -> 140.42511 | G7: =AVERAGE(D14:J14) -> 140.42511 | I7: =AVERAGE(K14:M14) -> 127.32566
C8: 達成率平均 | E8: =AVERAGE(D15:M15) -> 0.93977186 | F8: =AVERAGE(D15:J15,D29:O29) -> 0.94054222 | G8: =AVERAGE(D15:J15) -> 0.94054222 | I8: =AVERAGE(K15:M15) -> 0.93797437 | K8: ※現行日本鮮食廠以達成率80%為基本(即為現行KPI)
B10: 溫層 | D10: ➁4度C-各編組展開 | K10: ③三明治-各編組展開
B11: 編組 | D11: 1 | E11: 2 | F11: 3 | G11: 4 | H11: 5 | I11: 6 | J11: 7 | K11: 1 | L11: 2 | M11: 3
D12: 新豐6線 | E12: 新豐2線 | F12: 新豐5線 | G12: 新豐7線 | H12: 新豐3線 | I12: 新豐1線 | J12: 新豐10線 | K12: 新豐8線 | L12: 新豐9線 | M12: 新豐4線
B13: 人時性 | C13: 排關 | D13: =SUMIFS('0829 4度C'!$K:$K,'0829 4度C'!$A:$A,"新豐6線",'0829 4度C'!$B:$B,"平均") -> 117.64706 | E13: =SUMIFS('0829 4度C'!$K:$K,'0829 4度C'!$A:$A,"新豐2線",'0829 4度C'!$B:$B,"平均") -> 83.333333 | F13: =SUMIFS('0829 4度C'!$K:$K,'0829 4度C'!$A:$A,"新豐5線",'0829 4度C'!$B:$B,"平均") -> 93.220339 | G13: =SUMIFS('0829 4度C'!$K:$K,'0829 4度C'!$A:$A,"新豐7線",'0829 4度C'!$B:$B,"平均") -> 116.50485 | H13: =SUMIFS('0829 4度C'!$K:$K,'0829 4度C'!$A:$A,"新豐3線",'0829 4度C'!$B:$B,"平均") -> 300 | I13: =SUMIFS('0829 4度C'!$K:$K,'0829 4度C'!$A:$A,"新豐1線",'0829 4度C'!$B:$B,"平均") -> 114.45783 | J13: =SUMIFS('0829 4度C'!$K:$K,'0829 4度C'!$A:$A,"新豐10線",'0829 4度C'!$B:$B,"平均") -> 219.11765 | K13: =SUMIFS('0829 4度C'!$K:$K,'0829 4度C'!$A:$A,"新豐8線",'0829 4度C'!$B:$B,"平均") -> 137.93103 | L13: =SUMIFS('0829 4度C'!$K:$K,'0829 4度C'!$A:$A,"新豐9線",'0829 4度C'!$B:$B,"平均") -> 129.72973 | M13: =SUMIFS('0829 4度C'!$K:$K,'0829 4度C'!$A:$A,"新豐4線",'0829 4度C'!$B:$B,"平均") -> 139.53488
C14: 實績 | D14: =SUMIFS('0829 4度C'!$N:$N,'0829 4度C'!$A:$A,"新豐6線",'0829 4度C'!$B:$B,"平均") -> 110.60835 | E14: =SUMIFS('0829 4度C'!$N:$N,'0829 4度C'!$A:$A,"新豐2線",'0829 4度C'!$B:$B,"平均") -> 77.976309 | F14: =SUMIFS('0829 4度C'!$N:$N,'0829 4度C'!$A:$A,"新豐5線",'0829 4度C'!$B:$B,"平均") -> 87.304627 | G14: =SUMIFS('0829 4度C'!$N:$N,'0829 4度C'!$A:$A,"新豐7線",'0829 4度C'!$B:$B,"平均") -> 110.5008 | H14: =SUMIFS('0829 4度C'!$N:$N,'0829 4度C'!$A:$A,"新豐3線",'0829 4度C'!$B:$B,"平均") -> 282.85274 | I14: =SUMIFS('0829 4度C'!$N:$N,'0829 4度C'!$A:$A,"新豐1線",'0829 4度C'!$B:$B,"平均") -> 107.41681 | J14: =SUMIFS('0829 4度C'!$N:$N,'0829 4度C'!$A:$A,"新豐10線",'0829 4度C'!$B:$B,"平均") -> 206.31613 | K14: =SUMIFS('0829 4度C'!$N:$N,'0829 4度C'!$A:$A,"新豐8線",'0829 4度C'!$B:$B,"平均") -> 129.26383 | L14: =SUMIFS('0829 4度C'!$N:$N,'0829 4度C'!$A:$A,"新豐9線",'0829 4度C'!$B:$B,"平均") -> 121.19884 | M14: =SUMIFS('0829 4度C'!$N:$N,'0829 4度C'!$A:$A,"新豐4線",'0829 4度C'!$B:$B,"平均") -> 131.51431
C15: 達成率 | D15: =D14/D13 -> 0.94017095 | E15: =E14/E13 -> 0.9357157 | F15: =F14/F13 -> 0.93654054 | G15: =G14/G13 -> 0.94846519 | H15: =H14/H13 -> 0.94284246 | I15: =I14/I13 -> 0.93848372 | J15: =J14/J13 -> 0.94157695 | K15: =K14/K13 -> 0.93716278 | ... M15: =M14/M13 -> 0.94251924
B16: 作業 時間 | C16: 開始 | D16: =VLOOKUP("新豐6線",'0829 4度C'!$A:$T,19,0) -> 0.70833333 | E16: =VLOOKUP("新豐2線",'0829 4度C'!$A:$T,19,0) -> 0.125 | F16: =VLOOKUP("新豐5線",'0829 4度C'!$A:$T,19,0) -> 0.25 | G16: =VLOOKUP("新豐7線",'0829 4度C'!$A:$T,19,0) -> 0.20833333 | H16: =VLOOKUP("新豐3線",'0829 4度C'!$A:$T,19,0) -> 0.125 | I16: =VLOOKUP("新豐1線",'0829 4度C'!$A:$T,19,0) -> 0.29166667 | J16: =VLOOKUP("新豐10線",'0829 4度C'!$A:$T,19,0) -> 0.125 | K16: =VLOOKUP("新豐8線",'0829 4度C'!$A:$T,19,0) -> 0.125 | L16: =VLOOKUP("新豐9線",'0829 4度C'!$A:$T,19,0) -> 0.125 | M16: =VLOOKUP("新豐4線",'0829 4度C'!$A:$T,19,0) -> 0.125
C17: 結束 | D17: =LOOKUP(2,1/(('0829 4度C'!$A:$A="新豐6線")*('0829 4度C'!$T:$T<>"")),'0829 4度C'!$T:$T) -> 0.80763889 | E17: =LOOKUP(2,1/(('0829 4度C'!$A:$A="新豐2線")*('0829 4度C'!$T:$T<>"")),'0829 4度C'!$T:$T) -> 0.56111111 | F17: =LOOKUP(2,1/(('0829 4度C'!$A:$A="新豐5線")*('0829 4度C'!$T:$T<>"")),'0829 4度C'!$T:$T) -> 0.82361111 | G17: =LOOKUP(2,1/(('0829 4度C'!$A:$A="新豐7線")*('0829 4度C'!$T:$T<>"")),'0829 4度C'!$T:$T) -> 0.78819444 | H17: =LOOKUP(2,1/(('0829 4度C'!$A:$A="新豐3線")*('0829 4度C'!$T:$T<>"")),'0829 4度C'!$T:$T) -> 0.45 | I17: =LOOKUP(2,1/(('0829 4度C'!$A:$A="新豐1線")*('0829 4度C'!$T:$T<>"")),'0829 4度C'!$T:$T) -> 0.82638889 | J17: =LOOKUP(2,1/(('0829 4度C'!$A:$A="新豐10線")*('0829 4度C'!$T:$T<>"")),'0829 4度C'!$T:$T) -> 0.39930556 | K17: =LOOKUP(2,1/(('0829 4度C'!$A:$A="新豐8線")*('0829 4度C'!$T:$T<>"")),'0829 4度C'!$T:$T) -> 0.48055556 | L17: =LOOKUP(2,1/(('0829 4度C'!$A:$A="新豐9線")*('0829 4度C'!$T:$T<>"")),'0829 4度C'!$T:$T) -> 0.58194444 | M17: =LOOKUP(2,1/(('0829 4度C'!$A:$A="新豐4線")*('0829 4度C'!$T:$T<>"")),'0829 4度C'!$T:$T) -> 0.475
B18: 配置人數 | D18: =SUMIFS('0829 4度C'!$I:$I,'0829 4度C'!$A:$A,"新豐6線",'0829 4度C'!$B:$B,"平均") -> 17 | E18: =SUMIFS('0829 4度C'!$I:$I,'0829 4度C'!$A:$A,"新豐2線",'0829 4度C'!$B:$B,"平均") -> 18 | F18: =SUMIFS('0829 4度C'!$I:$I,'0829 4度C'!$A:$A,"新豐5線",'0829 4度C'!$B:$B,"平均") -> 19.666667 | G18: =SUMIFS('0829 4度C'!$I:$I,'0829 4度C'!$A:$A,"新豐7線",'0829 4度C'!$B:$B,"平均") -> 17.166667 | H18: =SUMIFS('0829 4度C'!$I:$I,'0829 4度C'!$A:$A,"新豐3線",'0829 4度C'!$B:$B,"平均") -> 10 | I18: =SUMIFS('0829 4度C'!$I:$I,'0829 4度C'!$A:$A,"新豐1線",'0829 4度C'!$B:$B,"平均") -> 16.6 | J18: =SUMIFS('0829 4度C'!$I:$I,'0829 4度C'!$A:$A,"新豐10線",'0829 4度C'!$B:$B,"平均") -> 11.333333 | K18: =SUMIFS('0829 4度C'!$I:$I,'0829 4度C'!$A:$A,"新豐8線",'0829 4度C'!$B:$B,"平均") -> 17.4 | L18: =SUMIFS('0829 4度C'!$I:$I,'0829 4度C'!$A:$A,"新豐9線",'0829 4度C'!$B:$B,"平均") -> 18.5 | M18: =SUMIFS('0829 4度C'!$I:$I,'0829 4度C'!$A:$A,"新豐4線",'0829 4度C'!$B:$B,"平均") -> 17.2
B19: 主要應用設備 | D19: ET-55 | E19: 熱縮爐 | F19: L型包裝機 | G19: L型包裝機 | H19: 伺服包裝機 | I19: ET-55 | J19: 伺服包裝機 | K19: 三明治包裝機 | L19: 三明治包裝機 | M19: 三明治包裝機
B20: 次要應用設備 | F20: 圓盤機 | G20: ET-55
B21: 備註 | E21: 握沙拉 | F21: 共用L型包裝機 | H21: 調理麵包 | I21: 炒飯+沙拉 | J21: 調理麵包

Sheet 0829 4度C
A1: 新豐廠四度C日報分析 | C1: 總生產量 | D1: =SUM(F5:F66) -> 129900 | E1: 營業額 | F1: =SUM(G5:G66) -> 4553981.3 | G1: 出勤人數 | H1: 162.86667 | I1: 產線配置圖 | L1: 生產實績 | O1: 人時性差異分析 | S1: 日報登錄 | Y1: 分析說明 | AA1: 產能差異分析
A2: 45898 | B2: 星期五 | C2: 人時性 | D2: =AVERAGE(N8,N13,N47,N53,N17,N60,N24,N30,N39,N66) -> 136.49527 | E2: 平均廠價 | F2: =F1/D1 -> 35.057592 | G2: 多次生產數 | H2: 3
A3: 線別 | B3: 品類 | C3: 品名 | E3: 廠價 | F3: 生產量 | G3: 營收 | H3: 多次 生產 | I3: 人數 | J3: 產能/時 | K3: 人時性 | L3: 人數 | M3: 產能/時 | N3: 人時性 | O3: 人數 | P3: 人時性 | Q3: 達成率 | R3: 達成率平均 | S3: 生產時間 | U3: 換線、休息/分 | V3: 稼動時間/分 | W3: 休息時間 | Y3: (新豐回填) | AA3: 產能/時 | AB3: 達成率 | AC3: 達成率平均
S4: 開始 | T4: 結束 | W4: 開始 | X4: 結束
A5: 新豐6線 | B5: 微波主食 | C5: 二配煸椒烘蛋飯 | E5: 46.93 | F5: 725 | G5: =E5*F5 -> 34024.25 | I5: 17 | J5: 2000 | K5: =J5/I5 -> 117.64706 | L5: 17 | M5: =F5/V5*60 -> 1891.3043 | N5: =M5/L5 -> 111.2532 | O5: =L5-I5 -> 0 | P5: =N5-K5 -> -6.3938619 | Q5: =N5/K5 -> 0.94565217 | R5: =Q8 -> 0.94017095 | S5: 0.70833333 | T5: 0.72430556 | V5: =(T5-S5)*24*60 -> 23 | AA5: =M5-J5 -> -108.69565 | AB5: =M5/J5 -> 0.94565217 | AC5: =AB8 -> 0.94017095
A6: 新豐6線 | B6: 微波主食 | C6: 二配川味麻婆燒豆腐燴飯 | E6: 50.49 | F6: 1774 | G6: =E6*F6 -> 89569.26 | I6: 16 | J6: 2000 | K6: =J6/I6 -> 125 | L6: 16 | M6: =F6/V6*60 -> 1867.3684 | N6: =M6/L6 -> 116.71053 | O6: =L6-I6 -> 0 | P6: =N6-K6 -> -8.2894737 | Q6: =N6/K6 -> 0.93368421 | S6: 0.72847222 | T6: 0.76805556 | U6: =(S6-T5)*24*60 -> 6 | V6: =(T6-S6)*24*60 -> 57 | AA6: =M6-J6 -> -132.63158 | AB6: =M6/J6 -> 0.93368421
A7: 新豐6線 | B7: 微波主食 | C7: 二配港式香滑嫩蛋牛肉燴飯 | E7: 50.67 | F7: 1600 | G7: =E7*F7 -> 81072 | I7: 18 | J7: 2000 | K7: =J7/I7 -> 111.11111 | L7: 18 | M7: =F7/V7*60 -> 1882.3529 | N7: =M7/L7 -> 104.57516 | O7: =L7-I7 -> 0 | P7: =N7-K7 -> -6.5359477 | Q7: =N7/K7 -> 0.94117647 | S7: 0.77222222 | T7: 0.80763889 | U7: =(S7-T6)*24*60 -> 6 | V7: =(T7-S7)*24*60 -> 51 | AA7: =M7-J7 -> -117.64706 | AB7: =M7/J7 -> 0.94117647
A8: 新豐6線 | B8: 平均 | I8: 17 | J8: 2000 | K8: =J8/I8 -> 117.64706 | L8: 17 | M8: =AVERAGE(M5:M7) -> 1880.3419 | N8: =M8/L8 -> 110.60835 | O8: =L8-I8 -> 0 | P8: =N8-K8 -> -7.0387116 | Q8: =N8/K8 -> 0.94017095 | AA8: =M8-J8 -> -119.6581 | AB8: =M8/J8 -> 0.94017095
A9: 新豐2線 | B9: 沙拉 | C9: 青醬優格雞肉握沙拉(113年) | E9: 39.62 | F9: 3957 | G9: =E9*F9 -> 156776.34 | I9: 19 | J9: 1500 | K9: =J9/I9 -> 78.947368 | L9: 19 | M9: =F9/V9*60 -> 1396.5882 | N9: =M9/L9 -> 73.504644 | O9: =L9-I9 -> 0 | P9: =N9-K9 -> -5.4427245 | Q9: =N9/K9 -> 0.93105882 | R9: =Q13 -> 0.9357157 | S9: 0.125 | T9: 0.24305556 | V9: =(T9-S9)*24*60 -> 170 | W9: =T9 -> 0.24305556 | X9: =S10 -> 0.26388889 | AA9: =M9-J9 -> -103.41176 | AB9: =M9/J9 -> 0.93105882 | AC9: =AB13 -> 0.9357157
A10: 新豐2線 | B10: 沙拉 | C10: 青檸烤雞握沙拉(113年) | E10: 39.8 | F10: 4000 | G10: =E10*F10 -> 159200 | H10: 2 | I10: 17 | J10: 1500 | K10: =J10/I10 -> 88.235294 | L10: 17 | M10: =F10/V10*60 -> 1395.3488 | N10: =M10/L10 -> 82.079343 | O10: =L10-I10 -> 0 | P10: =N10-K10 -> -6.1559508 | Q10: =N10/K10 -> 0.93023256 | S10: 0.26388889 | T10: 0.38333333 | U10: =(S10-T9)*24*60 -> 30 | V10: =(T10-S10)*24*60 -> 172 | AA10: =M10-J10 -> -104.65116 | AB10: =M10/J10 -> 0.93023256
A11: 新豐2線 | B11: 沙拉 | C11: 地瓜瓜握沙拉 | E11: 39.29 | F11: 3273 | G11: =E11*F11 -> 128596.17 | I11: 19 | J11: 1500 | K11: =J11/I11 -> 78.947368 | L11: 19 | M11: =F11/V11*60 -> 1402.7143 | N11: =M11/L11 -> 73.827068 | O11: =L11-I11 -> 0 | P11: =N11-K11 -> -5.1203008 | Q11: =N11/K11 -> 0.93514286 | S11: 0.38680556 | T11: 0.48402778 | U11: =(S11-T10)*24*60 -> 5 | V11: =(T11-S11)*24*60 -> 140 | W11: =T11 -> 0.48402778 | X11: =S12 -> 0.52222222 | AA11: =M11-J11 -> -97.285714 | AB11: =M11/J11 -> 0.93514286
A12: 新豐2線 | B12: 沙拉 | C12: 青檸烤雞握沙拉(113年) | E12: 39.8 | F12: 1325 | G12: =E12*F12 -> 52735 | I12: 17 | J12: 1500 | K12: =J12/I12 -> 88.235294 | L12: 17 | M12: =F12/V12*60 -> 1419.6429 | N12: =M12/L12 -> 83.508403 | O12: =L12-I12 -> 0 | P12: =N12-K12 -> -4.7268908 | Q12: =N12/K12 -> 0.94642857 | S12: 0.52222222 | T12: 0.56111111 | U12: =(S12-T11)*24*60 -> 55 | V12: =(T12-S12)*24*60 -> 56 | AA12: =M12-J12 -> -80.357143 | AB12: =M12/J12 -> 0.94642857
A13: 新豐2線 | B13: 平均 | I13: 18 | J13: 1500 | K13: =J13/I13 -> 83.333333 | L13: 18 | M13: =AVERAGE(M9:M12) -> 1403.5736 | N13: =M13/L13 -> 77.976309 | O13: =L13-I13 -> 0 | P13: =N13-K13 -> -5.3570248 | Q13: =N13/K13 -> 0.9357157 | AA13: =M13-J13 -> -96.426446 | AB13: =M13/J13 -> 0.9357157
A14: 新豐5線 | B14: 小吃 | C14: 剝皮辣椒雞湯 | E14: 41 | F14: 1641 | G14: =E14*F14 -> 67281 | I14: 26 | J14: 1500 | K14: =J14/I14 -> 57.692308 | L14: 26 | M14: =F14/V14*60 -> 1406.5714 | N14: =M14/L14 -> 54.098901 | O14: =L14-I14 -> 0 | P14: =N14-K14 -> -3.5934066 | Q14: =N14/K14 -> 0.93771429 | R14: =Q17 -> 0.93654054 | S14: 0.25 | T14: 0.29861111 | V14: =(T14-S14)*24*60 -> 70 | AA14: =M14-J14 -> -93.428571 | AB14: =M14/J14 -> 0.93771429 | AC14: =AB17 -> 0.93654054
A15: 新豐5線 | B15: 微波主食 | C15: 二配金咖哩濃厚辛辣咖哩飯 | E15: 50.98 | F15: 2310 | G15: =E15*F15 -> 117763.8 | I15: 17 | J15: 2000 | K15: =J15/I15 -> 117.64706 | L15: 17 | M15: =F15/V15*60 -> 1872.973 | N15: =M15/L15 -> 110.17488 | O15: =L15-I15 -> 0 | P15: =N15-K15 -> -7.4721781 | Q15: =N15/K15 -> 0.93648649 | S15: 0.70833333 | T15: 0.75972222 | U15: =IF(S15=TIME(17,0,0),"",(S15-T14)*24*60) | V15: =(T15-S15)*24*60 -> 74 | AA15: =M15-J15 -> -127.02703 | AB15: =M15/J15 -> 0.93648649
A16: 新豐5線 | B16: 微波主食 | C16: 二配金咖哩果香甘口咖哩飯 | E16: 50.92 | F16: 2620 | G16: =E16*F16 -> 133410.4 | I16: 16 | J16: 2000 | K16: =J16/I16 -> 125 | L16: 16 | M16: =F16/V16*60 -> 1871.4286 | N16: =M16/L16 -> 116.96429 | O16: =L16-I16 -> 0 | P16: =N16-K16 -> -8.0357143 | Q16: =N16/K16 -> 0.93571429 | S16: 0.76527778 | T16: 0.82361111 | U16: =IF(S16=TIME(17,0,0),"",(S16-T15)*24*60) -> 8 | V16: =(T16-S16)*24*60 -> 84 | AA16: =M16-J16 -> -128.57143 | AB16: =M16/J16 -> 0.93571429
A17: 新豐5線 | B17: 平均 | I17: 19.666667 | J17: 1833.3333 | K17: =J17/I17 -> 93.220339 | L17: 19.666667 | M17: =AVERAGE(M14:M16) -> 1716.991 | N17: =M17/L17 -> 87.304627 | O17: =L17-I17 -> 0 | P17: =N17-K17 -> -5.9157123 | Q17: =N17/K17 -> 0.93654054 | AA17: =M17-J17 -> -116.34234 | AB17: =M17/J17 -> 0.93654054
A18: 新豐7線 | B18: 小吃 | C18: 古早味炒炊粉 | E18: 43.14 | F18: 1154 | G18: =E18*F18 -> 49783.56 | I18: 17 | J18: 2000 | K18: =J18/I18 -> 117.64706 | L18: 17 | M18: =F18/V18*60 -> 1871.3514 | N18: =M18/L18 -> 110.07949 | O18: =L18-I18 -> 0 | P18: =N18-K18 -> -7.5675676 | Q18: =N18/K18 -> 0.93567568 | R18: =Q24 -> 0.94846519 | S18: 0.20833333 | T18: 0.23402778 | V18: =(T18-S18)*24*60 -> 37 | AA18: =M18-J18 -> -128.64865 | AB18: =M18/J18 -> 0.93567568 | AC18: =AB24 -> 0.94846519
A19: 新豐7線 | B19: 微波主食 | C19: 鐵板滑蛋炸豬排丼 | E19: 57.73 | F19: 2033 | G19: =E19*F19 -> 117365.09 | I19: 16 | J19: 2000 | K19: =J19/I19 -> 125 | L19: 16 | M19: =F19/V19*60 -> 1876.6154 | N19: =M19/L19 -> 117.28846 | O19: =L19-I19 -> 0 | P19: =N19-K19 -> -7.7115385 | Q19: =N19/K19 -> 0.93830769 | S19: 0.23888889 | T19: 0.28402778 | U19: =IF(S19=TIME(17,0,0),"",(S19-T18)*24*60) -> 7 | V19: =(T19-S19)*24*60 -> 65 | AA19: =M19-J19 -> -123.38462 | AB19: =M19/J19 -> 0.93830769
A20: 新豐7線 | B20: 微波主食 | C20: 極上炙烤親子丼 | E20: 53.68 | F20: 1437 | G20: =E20*F20 -> 77138.16 | I20: 17 | J20: 2000 | K20: =J20/I20 -> 117.64706 | L20: 17 | M20: =F20/V20*60 -> 1874.3478 | N20: =M20/L20 -> 110.25575 | O20: =L20-I20 -> 0 | P20: =N20-K20 -> -7.3913043 | Q20: =N20/K20 -> 0.93717391 | S20: 0.2875 | T20: 0.31944444 | U20: =IF(S20=TIME(17,0,0),"",(S20-T19)*24*60) -> 5 | V20: =(T20-S20)*24*60 -> 46 | AA20: =M20-J20 -> -125.65217 | AB20: =M20/J20 -> 0.93717391
A21: 新豐7線 | B21: 微波主食 | C21: 海老鰻魚丼滋丼 | E21: 58.17 | F21: 1444 | G21: =E21*F21 -> 83997.48 | I21: 18 | J21: 2000 | K21: =J21/I21 -> 111.11111 | L21: 18 | M21: =F21/V21*60 -> 1883.4783 | N21: =M21/L21 -> 104.63768 | O21: =L21-I21 -> 0 | P21: =N21-K21 -> -6.47343 | Q21: =N21/K21 -> 0.94173913 | S21: 0.32361111 | T21: 0.35555556 | U21: =IF(S21=TIME(17,0,0),"",(S21-T20)*24*60) -> 6 | V21: =(T21-S21)*24*60 -> 46 | AA21: =M21-J21 -> -116.52174 | AB21: =M21/J21 -> 0.94173913
A22: 新豐7線 | B22: 微波主食 | C22: 二配美味蟹煲 | E22: 54.09 | F22: 2970 | G22: =E22*F22 -> 160647.3 | I22: 20 | J22: 2000 | K22: =J22/I22 -> 100 | L22: 20 | M22: =F22/V22*60 -> 1875.7895 | N22: =M22/L22 -> 93.789474 | O22: =L22-I22 -> 0 | P22: =N22-K22 -> -6.2105263 | Q22: =N22/K22 -> 0.93789474 | S22: 0.70833333 | T22: 0.77430556 | U22: =IF(S22=TIME(17,0,0),"",(S22-T21)*24*60) | V22: =(T22-S22)*24*60 -> 95 | AA22: =M22-J22 -> -124.21053 | AB22: =M22/J22 -> 0.93789474
A23: 新豐7線 | B23: 微波主食 | C23: 二配極旨黑咖哩漢堡排飯 | E23: 53.27 | F23: 400 | G23: =E23*F23 -> 21308 | I23: 15 | J23: 2000 | K23: =J23/I23 -> 133.33333 | L23: 15 | M23: =F23/V23*60 -> 2000 | N23: =M23/L23 -> 133.33333 | O23: =L23-I23 -> 0 | P23: =N23-K23 -> 4.5474735e-13 | Q23: =N23/K23 -> 1 | S23: 0.77986111 | T23: 0.78819444 | U23: =IF(S23=TIME(17,0,0),"",(S23-T22)*24*60) -> 8 | V23: =(T23-S23)*24*60 -> 12 | AA23: =M23-J23 -> 7.0485839e-12 | AB23: =M23/J23 -> 1
A24: 新豐7線 | B24: 平均 | I24: 17.166667 | J24: 2000 | K24: =J24/I24 -> 116.50485 | L24: 17.166667 | M24: =AVERAGE(M18:M23) -> 1896.9304 | N24: =M24/L24 -> 110.5008 | O24: =L24-I24 -> 0 | P24: =N24-K24 -> -6.0040554 | Q24: =N24/K24 -> 0.94846519 | AA24: =M24-J24 -> -103.06962 | AB24: =M24/J24 -> 0.94846519
A25: 新豐8線 | B25: 三明治 | C25: 經典總匯三明治 | E25: 26.2 | F25: 3176 | G25: =E25*F25 -> 83211.2 | I25: 20 | J25: 2400 | K25: =J25/I25 -> 120 | L25: 20 | M25: =F25/V25*60 -> 2241.8824 | N25: =M25/L25 -> 112.09412 | O25: =L25-I25 -> 0 | P25: =N25-K25 -> -7.9058824 | Q25: =N25/K25 -> 0.93411765 | R25: =Q30 -> 0.93716278 | S25: 0.125 | T25: 0.18402778 | V25: =(T25-S25)*24*60 -> 85 | W25: =T25 -> 0.18402778 | X25: =S26 -> 0.20347222 | AA25: =M25-J25 -> -158.11765 | AB25: =M25/J25 -> 0.93411765 | AC25: =AB30 -> 0.93716278
A26: 新豐8線 | B26: 三明治 | C26: 紐奧良風味烤雞鮮蔬三明治 | E26: 31.29 | F26: 6014 | G26: =E26*F26 -> 188178.06 | I26: 16 | J26: 2400 | K26: =J26/I26 -> 150 | L26: 16 | M26: =F26/V26*60 -> 2241.2422 | N26: =M26/L26 -> 140.07764 | O26: =L26-I26 -> 0 | P26: =N26-K26 -> -9.9223602 | Q26: =N26/K26 -> 0.93385093 | S26: 0.20347222 | T26: 0.31527778 | U26: =(S26-T25)*24*60 -> 28 | V26: =(T26-S26)*24*60 -> 161 | AA26: =M26-J26 -> -158.75776 | AB26: =M26/J26 -> 0.93385093
A27: 新豐8線 | B27: 三明治 | C27: 起司芋見肉鬆三明治 | E27: 24.25 | F27: 3389 | G27: =E27*F27 -> 82183.25 | I27: 18 | J27: 2400 | K27: =J27/I27 -> 133.33333 | L27: 18 | M27: =F27/V27*60 -> 2259.3333 | N27: =M27/L27 -> 125.51852 | O27: =L27-I27 -> 0 | P27: =N27-K27 -> -7.8148148 | Q27: =N27/K27 -> 0.94138889 | S27: 0.31944444 | T27: 0.38194444 | U27: =(S27-T26)*24*60 -> 6 | V27: =(T27-S27)*24*60 -> 90 | AA27: =M27-J27 -> -140.66667 | AB27: =M27/J27 -> 0.94138889
A28: 新豐8線 | B28: 三明治 | C28: 日式芥末蛋沙拉三明治 | E28: 25.98 | F28: 3362 | G28: =E28*F28 -> 87344.76 | I28: 17 | J28: 2400 | K28: =J28/I28 -> 141.17647 | L28: 17 | M28: =F28/V28*60 -> 2241.3333 | N28: =M28/L28 -> 131.84314 | O28: =L28-I28 -> 0 | P28: =N28-K28 -> -9.3333333 | Q28: =N28/K28 -> 0.93388889 | S28: 0.38680556 | T28: 0.44930556 | U28: =(S28-T27)*24*60 -> 7 | V28: =(T28-S28)*24*60 -> 90 | AA28: =M28-J28 -> -158.66667 | AB28: =M28/J28 -> 0.93388889
A29: 新豐8線 | B29: 三明治 | C29: 藍莓優格三明治(114年) | E29: 22.35 | F29: 1395 | G29: =E29*F29 -> 31178.25 | I29: 16 | J29: 2400 | K29: =J29/I29 -> 150 | L29: 16 | M29: =F29/V29*60 -> 2262.1622 | N29: =M29/L29 -> 141.38514 | O29: =L29-I29 -> 0 | P29: =N29-K29 -> -8.6148649 | Q29: =N29/K29 -> 0.94256757 | S29: 0.45486111 | T29: 0.48055556 | U29: =(S29-T28)*24*60 -> 8 | V29: =(T29-S29)*24*60 -> 37 | AA29: =M29-J29 -> -137.83784 | AB29: =M29/J29 -> 0.94256757
A30: 新豐8線 | B30: 平均 | I30: 17.4 | J30: 2400 | K30: =J30/I30 -> 137.93103 | L30: 17.4 | M30: =AVERAGE(M25:M29) -> 2249.1907 | N30: =M30/L30 -> 129.26383 | O30: =L30-I30 -> 0 | P30: =N30-K30 -> -8.6672021 | Q30: =N30/K30 -> 0.93716278 | AA30: =M30-J30 -> -150.80932 | AB30: =M30/J30 -> 0.93716278
A31: 新豐9線 | B31: 三明治 | C31: 鮪魚起司溏心蛋三明治 | E31: 26.2 | F31: 3500 | G31: =E31*F31 -> 91700 | H31: 2 | I31: 18 | J31: 2400 | K31: =J31/I31 -> 133.33333 | L31: 18 | M31: =F31/V31*60 -> 2234.0426 | N31: =M31/L31 -> 124.11348 | O31: =L31-I31 -> 0 | P31: =N31-K31 -> -9.2198582 | Q31: =N31/K31 -> 0.93085106 | R31: =Q39 -> 0.93424109 | S31: 0.125 | T31: 0.19027778 | V31: =(T31-S31)*24*60 -> 94 | W31: =T31 -> 0.19027778 | X31: =S32 -> 0.21180556 | AA31: =M31-J31 -> -165.95745 | AB31: =M31/J31 -> 0.93085106 | AC31: =AB39 -> 0.93424109
A32: 新豐9線 | B32: 三明治 | C32: 瘋狂起司三明治(113年) | E32: 24.45 | F32: 1610 | G32: =E32*F32 -> 39364.5 | I32: 20 | J32: 2400 | K32: =J32/I32 -> 120 | L32: 20 | M32: =F32/V32*60 -> 2246.5116 | N32: =M32/L32 -> 112.32558 | O32: =L32-I32 -> 0 | P32: =N32-K32 -> -7.6744186 | Q32: =N32/K32 -> 0.93604651 | S32: 0.21180556 | T32: 0.24166667 | U32: =(S32-T31)*24*60 -> 31 | V32: =(T32-S32)*24*60 -> 43 | AA32: =M32-J32 -> -153.48837 | AB32: =M32/J32 -> 0.93604651
A33: 新豐9線 | B33: 三明治 | C33: 醬燒烤雞三明治 | E33: 26.39 | F33: 3100 | G33: =E33*F33 -> 81809 | H33: 2 | I33: 19 | J33: 2400 | K33: =J33/I33 -> 126.31579 | L33: 19 | M33: =F33/V33*60 -> 2240.9639 | N33: =M33/L33 -> 117.94547 | O33: =L33-I33 -> 0 | P33: =N33-K33 -> -8.3703234 | Q33: =N33/K33 -> 0.93373494 | S33: 0.24722222 | T33: 0.30486111 | U33: =(S33-T32)*24*60 -> 8 | V33: =(T33-S33)*24*60 -> 83 | AA33: =M33-J33 -> -159.03614 | AB33: =M33/J33 -> 0.93373494
A34: 新豐9線 | B34: 三明治 | C34: 輕乳酪巧克力三明治 | E34: 20.52 | F34: 2614 | G34: =E34*F34 -> 53639.28 | I34: 18 | J34: 2400 | K34: =J34/I34 -> 133.33333 | L34: 18 | M34: =F34/V34*60 -> 2240.5714 | N34: =M34/L34 -> 124.47619 | O34: =L34-I34 -> 0 | P34: =N34-K34 -> -8.8571429 | Q34: =N34/K34 -> 0.93357143 | S34: 0.30972222 | T34: 0.35833333 | U34: =(S34-T33)*24*60 -> 7 | V34: =(T34-S34)*24*60 -> 70 | AA34: =M34-J34 -> -159.42857 | AB34: =M34/J34 -> 0.93357143
A35: 新豐9線 | B35: 三明治 | C35: 好多菜三明治 | E35: 26.2 | F35: 3274 | G35: =E35*F35 -> 85778.8 | I35: 19 | J35: 2400 | K35: =J35/I35 -> 126.31579 | L35: 19 | M35: =F35/V35*60 -> 2257.931 | N35: =M35/L35 -> 118.83848 | O35: =L35-I35 -> 0 | P35: =N35-K35 -> -7.477314 | Q35: =N35/K35 -> 0.9408046 | S35: 0.3625 | T35: 0.42291667 | U35: =(S35-T34)*24*60 -> 6 | V35: =(T35-S35)*24*60 -> 87 | AA35: =M35-J35 -> -142.06897 | AB35: =M35/J35 -> 0.9408046
A36: 新豐9線 | B36: 三明治 | C36: 龍蝦風味總匯三明治 | E36: 25.98 | F36: 3434 | G36: =E36*F36 -> 89215.32 | I36: 17 | J36: 2400 | K36: =J36/I36 -> 141.17647 | L36: 17 | M36: =F36/V36*60 -> 2239.5652 | N36: =M36/L36 -> 131.73913 | O36: =L36-I36 -> 0 | P36: =N36-K36 -> -9.4373402 | Q36: =N36/K36 -> 0.93315217 | S36: 0.42638889 | T36: 0.49027778 | U36: =(S36-T35)*24*60 -> 5 | V36: =(T36-S36)*24*60 -> 92 | W36: =T36 -> 0.49027778 | X36: =S37 -> 0.52847222 | AA36: =M36-J36 -> -160.43478 | AB36: =M36/J36 -> 0.93315217
A37: 新豐9線 | B37: 三明治 | C37: 醬燒烤雞三明治 | E37: 26.39 | F37: 1342 | G37: =E37*F37 -> 35415.38 | I37: 19 | J37: 2400 | K37: =J37/I37 -> 126.31579 | L37: 19 | M37: =F37/V37*60 -> 2236.6667 | N37: =M37/L37 -> 117.7193 | O37: =L37-I37 -> 0 | P37: =N37-K37 -> -8.5964912 | Q37: =N37/K37 -> 0.93194444 | S37: 0.52847222 | T37: 0.55347222 | U37: =(S37-T36)*24*60 -> 55 | V37: =(T37-S37)*24*60 -> 36 | AA37: =M37-J37 -> -163.33333 | AB37: =M37/J37 -> 0.93194444
A38: 新豐9線 | B38: 三明治 | C38: 鮪魚起司溏心蛋三明治 | E38: 26.2 | F38: 1270 | G38: =E38*F38 -> 33274 | I38: 18 | J38: 2400 | K38: =J38/I38 -> 133.33333 | L38: 18 | M38: =F38/V38*60 -> 2241.1765 | N38: =M38/L38 -> 124.5098 | O38: =L38-I38 -> 0 | P38: =N38-K38 -> -8.8235294 | Q38: =N38/K38 -> 0.93382353 | S38: 0.55833333 | T38: 0.58194444 | U38: =(S38-T37)*24*60 -> 7 | V38: =(T38-S38)*24*60 -> 34 | AA38: =M38-J38 -> -158.82353 | AB38: =M38/J38 -> 0.93382353
A39: 新豐9線 | B39: 平均 | I39: 18.5 | J39: 2400 | K39: =J39/I39 -> 129.72973 | L39: 18.5 | M39: =AVERAGE(M31:M38) -> 2242.1786 | N39: =M39/L39 -> 121.19884 | O39: =L39-I39 -> 0 | P39: =N39-K39 -> -8.5308861 | Q39: =N39/K39 -> 0.93424109 | AA39: =M39-J39 -> -157.82139 | AB39: =M39/J39 -> 0.93424109
A40: 新豐3線 | B40: 調理麵包 | C40: 豬肉起司蛋堡 | E40: 27.17 | F40: 4782 | G40: =E40*F40 -> 129926.94 | I40: 10 | J40: 3000 | K40: =J40/I40 -> 300 | L40: 10 | M40: =F40/V40*60 -> 2812.9412 | N40: =M40/L40 -> 281.29412 | O40: =L40-I40 -> 0 | P40: =N40-K40 -> -18.705882 | Q40: =N40/K40 -> 0.93764706 | R40: =Q47 -> 0.94284246 | S40: 0.125 | T40: 0.19583333 | V40: =(T40-S40)*24*60 -> 102 | AA40: =M40-J40 -> -187.05882 | AB40: =M40/J40 -> 0.93764706 | AC40: =AB47 -> 0.94284246
A41: 新豐3線 | B41: 調理麵包 | C41: 豬肉起司堡 | E41: 21.13 | F41: 3776 | G41: =E41*F41 -> 79786.88 | I41: 10 | J41: 3000 | K41: =J41/I41 -> 300 | L41: 10 | M41: =F41/V41*60 -> 2797.037 | N41: =M41/L41 -> 279.7037 | O41: =L41-I41 -> 0 | P41: =N41-K41 -> -20.296296 | Q41: =N41/K41 -> 0.93234568 | S41: 0.20138889 | T41: 0.25763889 | U41: =(S41-T40)*24*60 -> 8 | V41: =(T41-S41)*24*60 -> 81 | AA41: =M41-J41 -> -202.96296 | AB41: =M41/J41 -> 0.93234568
A42: 新豐3線 | B42: 調理麵包 | C42: 經典雙牛起司堡(113年) | E42: 35.12 | F42: 3590 | G42: =E42*F42 -> 126080.8 | I42: 10 | J42: 3000 | K42: =J42/I42 -> 300 | L42: 10 | M42: =F42/V42*60 -> 2797.4026 | N42: =M42/L42 -> 279.74026 | O42: =L42-I42 -> 0 | P42: =N42-K42 -> -20.25974 | Q42: =N42/K42 -> 0.93246753 | S42: 0.2625 | T42: 0.31597222 | U42: =(S42-T41)*24*60 -> 7 | V42: =(T42-S42)*24*60 -> 77 | AA42: =M42-J42 -> -202.5974 | AB42: =M42/J42 -> 0.93246753
A43: 新豐3線 | B43: 調理麵包 | C43: 美式起司巨牛堡 | E43: 40.18 | F43: 1607 | G43: =E43*F43 -> 64569.26 | I43: 10 | J43: 3000 | K43: =J43/I43 -> 300 | L43: 10 | M43: =F43/V43*60 -> 2835.8824 | N43: =M43/L43 -> 283.58824 | O43: =L43-I43 -> 0 | P43: =N43-K43 -> -16.411765 | Q43: =N43/K43 -> 0.94529412 | S43: 0.32013889 | T43: 0.34375 | U43: =(S43-T42)*24*60 -> 6 | V43: =(T43-S43)*24*60 -> 34 | AA43: =M43-J43 -> -164.11765 | AB43: =M43/J43 -> 0.94529412
A44: 新豐3線 | B44: 調理麵包 | C44: 哞哞奶香白醬火腿蛋堡 | E44: 28.5 | F44: 927 | G44: =E44*F44 -> 26419.5 | I44: 10 | J44: 3000 | K44: =J44/I44 -> 300 | L44: 10 | M44: =F44/V44*60 -> 2927.3684 | N44: =M44/L44 -> 292.73684 | O44: =L44-I44 -> 0 | P44: =N44-K44 -> -7.2631579 | Q44: =N44/K44 -> 0.97578947 | S44: 0.34930556 | T44: 0.3625 | U44: =(S44-T43)*24*60 -> 8 | V44: =(T44-S44)*24*60 -> 19 | AA44: =M44-J44 -> -72.631579 | AB44: =M44/J44 -> 0.97578947
A45: 新豐3線 | B45: 調理麵包 | C45: 美式雞腿堡 | E45: 35.87 | F45: 2610 | G45: =E45*F45 -> 93620.7 | I45: 10 | J45: 3000 | K45: =J45/I45 -> 300 | L45: 10 | M45: =F45/V45*60 -> 2796.4286 | N45: =M45/L45 -> 279.64286 | O45: =L45-I45 -> 0 | P45: =N45-K45 -> -20.357143 | Q45: =N45/K45 -> 0.93214286 | S45: 0.36597222 | T45: 0.40486111 | U45: =(S45-T44)*24*60 -> 5 | V45: =(T45-S45)*24*60 -> 56 | AA45: =M45-J45 -> -203.57143 | AB45: =M45/J45 -> 0.93214286
A46: 新豐3線 | B46: 調理麵包 | C46: 泰式酸辣炸雞堡 | E46: 36.14 | F46: 2691 | G46: =E46*F46 -> 97252.74 | I46: 10 | J46: 3000 | K46: =J46/I46 -> 300 | L46: 10 | M46: =F46/V46*60 -> 2832.6316 | N46: =M46/L46 -> 283.26316 | O46: =L46-I46 -> 0 | P46: =N46-K46 -> -16.736842 | Q46: =N46/K46 -> 0.94421053 | S46: 0.41041667 | T46: 0.45 | U46: =(S46-T45)*24*60 -> 8 | V46: =(T46-S46)*24*60 -> 57 | AA46: =M46-J46 -> -167.36842 | AB46: =M46/J46 -> 0.94421053
A47: 新豐3線 | B47: 平均 | I47: 10 | J47: 3000 | K47: =J47/I47 -> 300 | L47: 10 | M47: =AVERAGE(M40:M46) -> 2828.5274 | N47: =M47/L47 -> 282.85274 | O47: =L47-I47 -> 0 | P47: =N47-K47 -> -17.147261 | Q47: =N47/K47 -> 0.94284246 | AA47: =M47-J47 -> -171.47261 | AB47: =M47/J47 -> 0.94284246
A48: 新豐1線 | B48: 沙拉 | C48: 蔥鹽雞肉麵沙拉(114年) | E48: 46 | F48: 2585 | G48: =E48*F48 -> 118910 | I48: 17 | J48: 2000 | K48: =J48/I48 -> 117.64706 | L48: 17 | M48: =F48/V48*60 -> 1868.6747 | N48: =M48/L48 -> 109.92204 | O48: =L48-I48 -> 0 | P48: =N48-K48 -> -7.7250177 | Q48: =N48/K48 -> 0.93433735 | R48: =Q53 -> 0.93848372 | S48: 0.29166667 | T48: 0.34930556 | V48: =(T48-S48)*24*60 -> 83 | AA48: =M48-J48 -> -131.3253 | AB48: =M48/J48 -> 0.93433735 | AC48: =AB53 -> 0.93848372
A49: 新豐1線 | B49: 沙拉 | C49: 莎莎烤雞麵沙拉 | E49: 46 | F49: 2883 | G49: =E49*F49 -> 132618 | I49: 18 | J49: 2000 | K49: =J49/I49 -> 111.11111 | L49: 18 | M49: =F49/V49*60 -> 1860 | N49: =M49/L49 -> 103.33333 | O49: =L49-I49 -> 0 | P49: =N49-K49 -> -7.7777778 | Q49: =N49/K49 -> 0.93 | S49: 0.35277778 | T49: 0.41736111 | U49: =IF(S49=TIME(17,0,0),"",(S49-T48)*24*60) -> 5 | V49: =(T49-S49)*24*60 -> 93 | AA49: =M49-J49 -> -140 | AB49: =M49/J49 -> 0.93
A50: 新豐1線 | B50: 微波主食 | C50: 二配香辣醬蒜味香腸蛋炒飯 | E50: 55.56 | F50: 1872 | G50: =E50*F50 -> 104008.32 | I50: 17 | J50: 2000 | K50: =J50/I50 -> 117.64706 | L50: 17 | M50: =F50/V50*60 -> 1872 | N50: =M50/L50 -> 110.11765 | O50: =L50-I50 -> 0 | P50: =N50-K50 -> -7.5294118 | Q50: =N50/K50 -> 0.936 | S50: 0.70833333 | T50: 0.75 | U50: =IF(S50=TIME(17,0,0),"",(S50-T49)*24*60) | V50: =(T50-S50)*24*60 -> 60 | AA50: =M50-J50 -> -128 | AB50: =M50/J50 -> 0.936
A51: 新豐1線 | B51: 微波主食 | C51: 二配香拌海鮮醬肉絲蛋炒飯 | E51: 55.32 | F51: 1328 | G51: =E51*F51 -> 73464.96 | I51: 15 | J51: 2000 | K51: =J51/I51 -> 133.33333 | L51: 15 | M51: =F51/V51*60 -> 1897.1429 | N51: =M51/L51 -> 126.47619 | O51: =L51-I51 -> 0 | P51: =N51-K51 -> -6.8571429 | Q51: =N51/K51 -> 0.94857143 | S51: 0.75486111 | T51: 0.78402778 | U51: =IF(S51=TIME(17,0,0),"",(S51-T50)*24*60) -> 7 | V51: =(T51-S51)*24*60 -> 42 | AA51: =M51-J51 -> -102.85714 | AB51: =M51/J51 -> 0.94857143
A52: 新豐1線 | B52: 微波主食 | C52: 二配粗飽系雞排炒飯 | E52: 57.73 | F52: 1276 | G52: =E52*F52 -> 73663.48 | I52: 16 | J52: 1500 | K52: =J52/I52 -> 93.75 | L52: 16 | M52: =F52/V52*60 -> 1417.7778 | N52: =M52/L52 -> 88.611111 | O52: =L52-I52 -> 0 | P52: =N52-K52 -> -5.1388889 | Q52: =N52/K52 -> 0.94518519 | S52: 0.78888889 | T52: 0.82638889 | U52: =IF(S52=TIME(17,0,0),"",(S52-T51)*24*60) -> 7 | V52: =(T52-S52)*24*60 -> 54 | AA52: =M52-J52 -> -82.222222 | AB52: =M52/J52 -> 0.94518519
A53: 新豐1線 | B53: 平均 | I53: 16.6 | J53: 1900 | K53: =J53/I53 -> 114.45783 | L53: 16.6 | M53: =AVERAGE(M48:M52) -> 1783.1191 | N53: =M53/L53 -> 107.41681 | O53: =L53-I53 -> 0 | P53: =N53-K53 -> -7.0410201 | Q53: =N53/K53 -> 0.93848372 | AA53: =M53-J53 -> -116.88093 | AB53: =M53/J53 -> 0.93848372
A54: 新豐10線 | B54: 便當 | C54: 蠟筆小新餐盒 | E54: 84.51 | F54: 3083 | G54: =E54*F54 -> 260544.33 | I54: 17 | J54: 2400 | K54: =J54/I54 -> 141.17647 | L54: 17 | M54: =F54/V54*60 -> 2255.8537 | N54: =M54/L54 -> 132.69727 | O54: =L54-I54 -> 0 | P54: =N54-K54 -> -8.4791966 | Q54: =N54/K54 -> 0.93993902 | R54: =Q60 -> 0.94157695 | S54: 0.125 | T54: 0.18194444 | V54: =(T54-S54)*24*60 -> 82 | AA54: =M54-J54 -> -144.14634 | AB54: =M54/J54 -> 0.93993902 | AC54: =AB60 -> 0.94157695
A55: 新豐10線 | B55: 調理麵包 | C55: 香雞蛋堡(112年) | E55: 26.78 | F55: 2121 | G55: =E55*F55 -> 56800.38 | I55: 10 | J55: 3000 | K55: =J55/I55 -> 300 | L55: 10 | M55: =F55/V55*60 -> 2828 | N55: =M55/L55 -> 282.8 | O55: =L55-I55 -> 0 | P55: =N55-K55 -> -17.2 | Q55: =N55/K55 -> 0.94266667 | S55: 0.18680556 | T55: 0.21805556 | U55: =(S55-T54)*24*60 -> 7 | V55: =(T55-S55)*24*60 -> 45 | AA55: =M55-J55 -> -172 | AB55: =M55/J55 -> 0.94266667
A56: 新豐10線 | B56: 調理麵包 | C56: 黃金魚堡 | E56: 35.37 | F56: 1265 | G56: =E56*F56 -> 44743.05 | I56: 10 | J56: 3000 | K56: =J56/I56 -> 300 | L56: 10 | M56: =F56/V56*60 -> 2811.1111 | N56: =M56/L56 -> 281.11111 | O56: =L56-I56 -> 0 | P56: =N56-K56 -> -18.888889 | Q56: =N56/K56 -> 0.93703704 | S56: 0.22291667 | T56: 0.24166667 | U56: =(S56-T55)*24*60 -> 7 | V56: =(T56-S56)*24*60 -> 27 | AA56: =M56-J56 -> -188.88889 | AB56: =M56/J56 -> 0.93703704
A57: 新豐10線 | B57: 沙拉 | C57: 溏心蛋洋芋沙拉 | E57: 26.97 | F57: 2942 | G57: =E57*F57 -> 79345.74 | I57: 8 | J57: 1500 | K57: =J57/I57 -> 187.5 | L57: 8 | M57: =F57/V57*60 -> 1400.9524 | N57: =M57/L57 -> 175.11905 | O57: =L57-I57 -> 0 | P57: =N57-K57 -> -12.380952 | Q57: =N57/K57 -> 0.93396825 | S57: 0.24652778 | T57: 0.33402778 | U57: =(S57-T56)*24*60 -> 7 | V57: =(T57-S57)*24*60 -> 126 | AA57: =M57-J57 -> -99.047619 | AB57: =M57/J57 -> 0.93396825
A58: 新豐10線 | B58: 調理麵包 | C58: 美式熱狗堡 | E58: 35.12 | F58: 1067 | G58: =E58*F58 -> 37473.04 | I58: 13 | J58: 2000 | K58: =J58/I58 -> 153.84615 | L58: 13 | M58: =F58/V58*60 -> 1882.9412 | N58: =M58/L58 -> 144.84163 | O58: =L58-I58 -> 0 | P58: =N58-K58 -> -9.0045249 | Q58: =N58/K58 -> 0.94147059 | S58: 0.33888889 | T58: 0.3625 | U58: =(S58-T57)*24*60 -> 7 | V58: =(T58-S58)*24*60 -> 34 | AA58: =M58-J58 -> -117.05882 | AB58: =M58/J58 -> 0.94147059
A59: 新豐10線 | B59: 調理麵包 | C59: 超HOT雞腿堡(114年) | E59: 35.87 | F59: 2233 | G59: =E59*F59 -> 80097.71 | I59: 10 | J59: 3000 | K59: =J59/I59 -> 300 | L59: 10 | M59: =F59/V59*60 -> 2850.6383 | N59: =M59/L59 -> 285.06383 | O59: =L59-I59 -> 0 | P59: =N59-K59 -> -14.93617 | Q59: =N59/K59 -> 0.95021277 | S59: 0.36666667 | T59: 0.39930556 | U59: =(S59-T58)*24*60 -> 6 | V59: =(T59-S59)*24*60 -> 47 | AA59: =M59-J59 -> -149.3617 | AB59: =M59/J59 -> 0.95021277
A60: 新豐10線 | B60: 平均 | I60: 11.333333 | J60: 2483.3333 | K60: =J60/I60 -> 219.11765 | L60: 11.333333 | M60: =AVERAGE(M54:M59) -> 2338.2494 | N60: =M60/L60 -> 206.31613 | O60: =L60-I60 -> 0 | P60: =N60-K60 -> -12.80152 | Q60: =N60/K60 -> 0.94157695 | AA60: =M60-J60 -> -145.0839 | AB60: =M60/J60 -> 0.94157695
A61: 新豐4線 | B61: 三明治 | C61: 三重火腿三明治 | E61: 32.03 | F61: 696 | G61: =E61*F61 -> 22292.88 | I61: 19 | J61: 2400 | K61: =J61/I61 -> 126.31579 | L61: 19 | M61: =F61/V61*60 -> 2320 | N61: =M61/L61 -> 122.10526 | O61: =L61-I61 -> 0 | P61: =N61-K61 -> -4.2105263 | Q61: =N61/K61 -> 0.96666667 | R61: =Q66 -> 0.94251924 | S61: 0.125 | T61: 0.1375 | V61: =(T61-S61)*24*60 -> 18 | W61: =T61 -> 0.1375 | X61: =S62 -> 0.15763889 | AA61: =M61-J61 -> -80 | AB61: =M61/J61 -> 0.96666667 | AC61: =AB66 -> 0.94251924
A62: 新豐4線 | B62: 三明治 | C62: 香鬆起司蛋三明治(114年) | E62: 20.2 | F62: 2034 | G62: =E62*F62 -> 41086.8 | I62: 19 | J62: 2400 | K62: =J62/I62 -> 126.31579 | L62: 19 | M62: =F62/V62*60 -> 2260 | N62: =M62/L62 -> 118.94737 | O62: =L62-I62 -> 0 | P62: =N62-K62 -> -7.3684211 | Q62: =N62/K62 -> 0.94166667 | S62: 0.15763889 | T62: 0.19513889 | U62: =(S62-T61)*24*60 -> 29 | V62: =(T62-S62)*24*60 -> 54 | AA62: =M62-J62 -> -140 | AB62: =M62/J62 -> 0.94166667
A63: 新豐4線 | B63: 三明治 | C63: 火腿起司蛋三明治 | E63: 19.02 | F63: 7841 | G63: =E63*F63 -> 149135.82 | I63: 15 | J63: 2400 | K63: =J63/I63 -> 160 | L63: 15 | M63: =F63/V63*60 -> 2240.2857 | N63: =M63/L63 -> 149.35238 | O63: =L63-I63 -> 0 | P63: =N63-K63 -> -10.647619 | Q63: =N63/K63 -> 0.93345238 | S63: 0.19930556 | T63: 0.34513889 | U63: =(S63-T62)*24*60 -> 6 | V63: =(T63-S63)*24*60 -> 210 | AA63: =M63-J63 -> -159.71429 | AB63: =M63/J63 -> 0.93345238
A64: 新豐4線 | B64: 三明治 | C64: 雞蛋沙拉三明治 | E64: 25 | F64: 3307 | G64: =E64*F64 -> 82675 | I64: 15 | J64: 2400 | K64: =J64/I64 -> 160 | L64: 15 | M64: =F64/V64*60 -> 2254.7727 | N64: =M64/L64 -> 150.31818 | O64: =L64-I64 -> 0 | P64: =N64-K64 -> -9.6818182 | Q64: =N64/K64 -> 0.93948864 | S64: 0.35 | T64: 0.41111111 | U64: =(S64-T63)*24*60 -> 7 | V64: =(T64-S64)*24*60 -> 88 | AA64: =M64-J64 -> -145.22727 | AB64: =M64/J64 -> 0.93948864
A65: 新豐4線 | B65: 三明治 | C65: 肉鬆火腿三明治 | E65: 20.52 | F65: 3241 | G65: =E65*F65 -> 66505.32 | I65: 18 | J65: 2400 | K65: =J65/I65 -> 133.33333 | L65: 18 | M65: =F65/V65*60 -> 2235.1724 | N65: =M65/L65 -> 124.17625 | O65: =L65-I65 -> 0 | P65: =N65-K65 -> -9.1570881 | Q65: =N65/K65 -> 0.93132184 | S65: 0.41458333 | T65: 0.475 | U65: =(S65-T64)*24*60 -> 5 | V65: =(T65-S65)*24*60 -> 87 | AA65: =M65-J65 -> -164.82759 | AB65: =M65/J65 -> 0.93132184
A66: 新豐4線 | B66: 平均 | I66: 17.2 | J66: 2400 | K66: =J66/I66 -> 139.53488 | L66: 17.2 | M66: =AVERAGE(M61:M65) -> 2262.0462 | N66: =M66/L66 -> 131.51431 | O66: =L66-I66 -> 0 | P66: =N66-K66 -> -8.0205714 | Q66: =N66/K66 -> 0.94251924 | AA66: =M66-J66 -> -137.95383 | AB66: =M66/J66 -> 0.94251924

Sheet 0828
B1: 屏榮 新豐廠組合室生產人時性分析
B3: 日期 | C3: =TEXT('0828 4度C'!A2,"yyyy.mm.ddaaaa") -> 2025.08.28星期四 | E3: 訂單量 | F3: ='0828 4度C'!D1 -> 155645 | H3: 營業額 | I3: ='0828 4度C'!F1 -> 5359266.3
B4: 人時性 | C4: 項目 | E4: ➀ | G4: ➁ | I4: ➂
C5: 組合室 | E5: 全溫層 | G5: 4度C-各編組展開 | I5: ③三明治-各編組展開
C6: 排關平均 | E6: =AVERAGE(D13:M13) -> 145.4995 | F6: =AVERAGE(D27:O27,D13:J13) -> 149.18301 | G6: =AVERAGE(D13:J13) -> 149.18301 | I6: =AVERAGE(K13:M13) -> 136.90465
C7: 實績平均 | E7: =AVERAGE(D14:M14) -> 136.52885 | F7: =AVERAGE(D28:O28,D14:J14) -> 139.91857 | G7: =AVERAGE(D14:J14) -> 139.91857 | I7: =AVERAGE(K14:M14) -> 128.61948
C8: 達成率平均 | E8: =AVERAGE(D15:M15) -> 0.93794004 | F8: =AVERAGE(D15:J15,D29:O29) -> 0.9373066 | G8: =AVERAGE(D15:J15) -> 0.9373066 | I8: =AVERAGE(K15:M15) -> 0.93941807 | K8: ※現行日本鮮食廠以達成率80%為基本(即為現行KPI)
B10: 溫層 | D10: ➁4度C-各編組展開 | K10: ③三明治-各編組展開
B11: 編組 | D11: 1 | E11: 2 | F11: 3 | G11: 4 | H11: 5 | I11: 6 | J11: 7 | K11: 1 | L11: 2 | M11: 3
D12: 新豐6線 | E12: 新豐2線 | F12: 新豐5線 | G12: 新豐7線 | H12: 新豐3線 | I12: 新豐1線 | J12: 新豐10線 | K12: 新豐8線 | L12: 新豐9線 | M12: 新豐4線
B13: 人時性 | C13: 排關 | D13: =SUMIFS('0828 4度C'!$K:$K,'0828 4度C'!$A:$A,"新豐6線",'0828 4度C'!$B:$B,"平均") -> 117.64706 | E13: =SUMIFS('0828 4度C'!$K:$K,'0828 4度C'!$A:$A,"新豐2線",'0828 4度C'!$B:$B,"平均") -> 83.333333 | F13: =SUMIFS('0828 4度C'!$K:$K,'0828 4度C'!$A:$A,"新豐5線",'0828 4度C'!$B:$B,"平均") -> 93.220339 | G13: =SUMIFS('0828 4度C'!$K:$K,'0828 4度C'!$A:$A,"新豐7線",'0828 4度C'!$B:$B,"平均") -> 116.50485 | H13: =SUMIFS('0828 4度C'!$K:$K,'0828 4度C'!$A:$A,"新豐3線",'0828 4度C'!$B:$B,"平均") -> 300 | I13: =SUMIFS('0828 4度C'!$K:$K,'0828 4度C'!$A:$A,"新豐1線",'0828 4度C'!$B:$B,"平均") -> 114.45783 | J13: =SUMIFS('0828 4度C'!$K:$K,'0828 4度C'!$A:$A,"新豐10線",'0828 4度C'!$B:$B,"平均") -> 219.11765 | K13: =SUMIFS('0828 4度C'!$K:$K,'0828 4度C'!$A:$A,"新豐8線",'0828 4度C'!$B:$B,"平均") -> 137.70492 | L13: =SUMIFS('0828 4度C'!$K:$K,'0828 4度C'!$A:$A,"新豐9線",'0828 4度C'!$B:$B,"平均") -> 130.43478 | M13: =SUMIFS('0828 4度C'!$K:$K,'0828 4度C'!$A:$A,"新豐4線",'0828 4度C'!$B:$B,"平均") -> 142.57426
C14: 實績 | D14: =SUMIFS('0828 4度C'!$N:$N,'0828 4度C'!$A:$A,"新豐6線",'0828 4度C'!$B:$B,"平均") -> 110.0695 | E14: =SUMIFS('0828 4度C'!$N:$N,'0828 4度C'!$A:$A,"新豐2線",'0828 4度C'!$B:$B,"平均") -> 77.927128 | F14: =SUMIFS('0828 4度C'!$N:$N,'0828 4度C'!$A:$A,"新豐5線",'0828 4度C'!$B:$B,"平均") -> 87.329671 | G14: =SUMIFS('0828 4度C'!$N:$N,'0828 4度C'!$A:$A,"新豐7線",'0828 4度C'!$B:$B,"平均") -> 109.54107 | H14: =SUMIFS('0828 4度C'!$N:$N,'0828 4度C'!$A:$A,"新豐3線",'0828 4度C'!$B:$B,"平均") -> 281.54351 | I14: =SUMIFS('0828 4度C'!$N:$N,'0828 4度C'!$A:$A,"新豐1線",'0828 4度C'!$B:$B,"平均") -> 106.96434 | J14: =SUMIFS('0828 4度C'!$N:$N,'0828 4度C'!$A:$A,"新豐10線",'0828 4度C'!$B:$B,"平均") -> 206.05479 | K14: =SUMIFS('0828 4度C'!$N:$N,'0828 4度C'!$A:$A,"新豐8線",'0828 4度C'!$B:$B,"平均") -> 129.26269 | L14: =SUMIFS('0828 4度C'!$N:$N,'0828 4度C'!$A:$A,"新豐9線",'0828 4度C'!$B:$B,"平均") -> 122.28771 | M14: =SUMIFS('0828 4度C'!$N:$N,'0828 4度C'!$A:$A,"新豐4線",'0828 4度C'!$B:$B,"平均") -> 134.30806
C15: 達成率 | D15: =D14/D13 -> 0.93559071 | E15: =E14/E13 -> 0.93512554 | F15: =F14/F13 -> 0.93680919 | G15: =G14/G13 -> 0.94022753 | H15: =H14/H13 -> 0.93847837 | I15: =I14/I13 -> 0.93453055 | J15: =J14/J13 -> 0.94038428 | K15: =K14/K13 -> 0.93869334 | ... M15: =M14/M13 -> 0.9420218
B16: 作業 時間 | C16: 開始 | D16: =VLOOKUP("新豐6線",'0828 4度C'!$A:$T,19,0) -> 0.70833333 | E16: =VLOOKUP("新豐2線",'0828 4度C'!$A:$T,19,0) -> 0.125 | F16: =VLOOKUP("新豐5線",'0828 4度C'!$A:$T,19,0) -> 0.25 | G16: =VLOOKUP("新豐7線",'0828 4度C'!$A:$T,19,0) -> 0.20833333 | H16: =VLOOKUP("新豐3線",'0828 4度C'!$A:$T,19,0) -> 0.125 | I16: =VLOOKUP("新豐1線",'0828 4度C'!$A:$T,19,0) -> 0.29166667 | J16: =VLOOKUP("新豐10線",'0828 4度C'!$A:$T,19,0) -> 0.125 | K16: =VLOOKUP("新豐8線",'0828 4度C'!$A:$T,19,0) -> 0.125 | L16: =VLOOKUP("新豐9線",'0828 4度C'!$A:$T,19,0) -> 0.125 | M16: =VLOOKUP("新豐4線",'0828 4度C'!$A:$T,19,0) -> 0.125
C17: 結束 | D17: =LOOKUP(2,1/(('0828 4度C'!$A:$A="新豐6線")*('0828 4度C'!$T:$T<>"")),'0828 4度C'!$T:$T) -> 0.81319444 | E17: =LOOKUP(2,1/(('0828 4度C'!$A:$A="新豐2線")*('0828 4度C'!$T:$T<>"")),'0828 4度C'!$T:$T) -> 0.62638889 | F17: =LOOKUP(2,1/(('0828 4度C'!$A:$A="新豐5線")*('0828 4度C'!$T:$T<>"")),'0828 4度C'!$T:$T) -> 0.83194444 | G17: =LOOKUP(2,1/(('0828 4度C'!$A:$A="新豐7線")*('0828 4度C'!$T:$T<>"")),'0828 4度C'!$T:$T) -> 0.78888889 | H17: =LOOKUP(2,1/(('0828 4度C'!$A:$A="新豐3線")*('0828 4度C'!$T:$T<>"")),'0828 4度C'!$T:$T) -> 0.50694444 | I17: =LOOKUP(2,1/(('0828 4度C'!$A:$A="新豐1線")*('0828 4度C'!$T:$T<>"")),'0828 4度C'!$T:$T) -> 0.82986111 | J17: =LOOKUP(2,1/(('0828 4度C'!$A:$A="新豐10線")*('0828 4度C'!$T:$T<>"")),'0828 4度C'!$T:$T) -> 0.43194444 | K17: =LOOKUP(2,1/(('0828 4度C'!$A:$A="新豐8線")*('0828 4度C'!$T:$T<>"")),'0828 4度C'!$T:$T) -> 0.62569444 | L17: =LOOKUP(2,1/(('0828 4度C'!$A:$A="新豐9線")*('0828 4度C'!$T:$T<>"")),'0828 4度C'!$T:$T) -> 0.69444444 | M17: =LOOKUP(2,1/(('0828 4度C'!$A:$A="新豐4線")*('0828 4度C'!$T:$T<>"")),'0828 4度C'!$T:$T) -> 0.59097222
B18: 配置人數 | D18: =SUMIFS('0828 4度C'!$I:$I,'0828 4度C'!$A:$A,"新豐6線",'0828 4度C'!$B:$B,"平均") -> 17 | E18: =SUMIFS('0828 4度C'!$I:$I,'0828 4度C'!$A:$A,"新豐2線",'0828 4度C'!$B:$B,"平均") -> 18 | F18: =SUMIFS('0828 4度C'!$I:$I,'0828 4度C'!$A:$A,"新豐5線",'0828 4度C'!$B:$B,"平均") -> 19.666667 | G18: =SUMIFS('0828 4度C'!$I:$I,'0828 4度C'!$A:$A,"新豐7線",'0828 4度C'!$B:$B,"平均") -> 17.166667 | H18: =SUMIFS('0828 4度C'!$I:$I,'0828 4度C'!$A:$A,"新豐3線",'0828 4度C'!$B:$B,"平均") -> 10 | I18: =SUMIFS('0828 4度C'!$I:$I,'0828 4度C'!$A:$A,"新豐1線",'0828 4度C'!$B:$B,"平均") -> 16.6 | J18: =SUMIFS('0828 4度C'!$I:$I,'0828 4度C'!$A:$A,"新豐10線",'0828 4度C'!$B:$B,"平均") -> 11.333333 | K18: =SUMIFS('0828 4度C'!$I:$I,'0828 4度C'!$A:$A,"新豐8線",'0828 4度C'!$B:$B,"平均") -> 17.428571 | L18: =SUMIFS('0828 4度C'!$I:$I,'0828 4度C'!$A:$A,"新豐9線",'0828 4度C'!$B:$B,"平均") -> 18.4 | M18: =SUMIFS('0828 4度C'!$I:$I,'0828 4度C'!$A:$A,"新豐4線",'0828 4度C'!$B:$B,"平均") -> 16.833333
B19: 主要應用設備 | D19: ET-55 | E19: 熱縮爐 | F19: L型包裝機 | G19: L型包裝機 | H19: 伺服包裝機 | I19: ET-55 | J19: 伺服包裝機 | K19: 三明治包裝機 | L19: 三明治包裝機 | M19: 三明治包裝機
B20: 次要應用設備 | F20: 圓盤機 | G20: ET-55
B21: 備註 | E21: 握沙拉 | F21: 共用L型包裝機 | H21: 調理麵包 | I21: 炒飯+沙拉 | J21: 調理麵包

Sheet 0828 4度C
A1: 新豐廠四度C日報分析 | C1: 總生產量 | D1: =SUM(F5:F71) -> 155645 | E1: 營業額 | F1: =SUM(G5:G71) -> 5359266.3 | G1: 出勤人數 | H1: 162.42857 | I1: 產線配置圖 | L1: 生產實績 | O1: 人時性差異分析 | S1: 日報登錄 | Y1: 分析說明 | AA1: 產能差異分析
A2: 45897 | B2: 星期四 | C2: 人時性 | D2: =AVERAGE(N8,N13,N51,N57,N17,N64,N24,N32,N43,N71) -> 136.52885 | E2: 平均廠價 | F2: =F1/D1 -> 34.432628 | G2: 多次生產數 | H2: 8
A3: 線別 | B3: 品類 | C3: 品名 | E3: 廠價 | F3: 生產量 | G3: 營收 | H3: 多次 生產 | I3: 人數 | J3: 產能/時 | K3: 人時性 | L3: 人數 | M3: 產能/時 | N3: 人時性 | O3: 人數 | P3: 人時性 | Q3: 達成率 | R3: 達成率平均 | S3: 生產時間 | U3: 換線、休息/分 | V3: 稼動時間/分 | W3: 休息時間 | Y3: (新豐回填) | AA3: 產能/時 | AB3: 達成率 | AC3: 達成率平均
S4: 開始 | T4: 結束 | W4: 開始 | X4: 結束
A5: 新豐6線 | B5: 微波主食 | C5: 二配煸椒烘蛋飯 | E5: 46.93 | F5: 780 | G5: =E5*F5 -> 36605.4 | I5: 17 | J5: 2000 | K5: =J5/I5 -> 117.64706 | L5: 17 | M5: =F5/V5*60 -> 1872 | N5: =M5/L5 -> 110.11765 | O5: =L5-I5 -> 0 | P5: =N5-K5 -> -7.5294118 | Q5: =N5/K5 -> 0.936 | R5: =Q8 -> 0.93559071 | S5: 0.70833333 | T5: 0.72569444 | V5: =(T5-S5)*24*60 -> 25 | AA5: =M5-J5 -> -128 | AB5: =M5/J5 -> 0.936 | AC5: =AB8 -> 0.93559071
A6: 新豐6線 | B6: 微波主食 | C6: 二配川味麻婆燒豆腐燴飯 | E6: 50.49 | F6: 1848 | G6: =E6*F6 -> 93305.52 | I6: 16 | J6: 2000 | K6: =J6/I6 -> 125 | L6: 16 | M6: =F6/V6*60 -> 1879.322 | N6: =M6/L6 -> 117.45763 | O6: =L6-I6 -> 0 | P6: =N6-K6 -> -7.5423729 | Q6: =N6/K6 -> 0.93966102 | S6: 0.73125 | T6: 0.77222222 | U6: =(S6-T5)*24*60 -> 8 | V6: =(T6-S6)*24*60 -> 59 | AA6: =M6-J6 -> -120.67797 | AB6: =M6/J6 -> 0.93966102
A7: 新豐6線 | B7: 微波主食 | C7: 二配港式香滑嫩蛋牛肉燴飯 | E7: 50.67 | F7: 1676 | G7: =E7*F7 -> 84922.92 | I7: 18 | J7: 2000 | K7: =J7/I7 -> 111.11111 | L7: 18 | M7: =F7/V7*60 -> 1862.2222 | N7: =M7/L7 -> 103.45679 | O7: =L7-I7 -> 0 | P7: =N7-K7 -> -7.654321 | Q7: =N7/K7 -> 0.93111111 | S7: 0.77569444 | T7: 0.81319444 | U7: =(S7-T6)*24*60 -> 5 | V7: =(T7-S7)*24*60 -> 54 | AA7: =M7-J7 -> -137.77778 | AB7: =M7/J7 -> 0.93111111
A8: 新豐6線 | B8: 平均 | I8: 17 | J8: 2000 | K8: =J8/I8 -> 117.64706 | L8: 17 | M8: =AVERAGE(M5:M7) -> 1871.1814 | N8: =M8/L8 -> 110.0695 | O8: =L8-I8 -> 0 | P8: =N8-K8 -> -7.5775636 | Q8: =N8/K8 -> 0.93559071 | AA8: =M8-J8 -> -128.81858 | AB8: =M8/J8 -> 0.93559071
A9: 新豐2線 | B9: 沙拉 | C9: 青醬優格雞肉握沙拉(113年) | E9: 39.62 | F9: 4651 | G9: =E9*F9 -> 184272.62 | I9: 19 | J9: 1500 | K9: =J9/I9 -> 78.947368 | L9: 19 | M9: =F9/V9*60 -> 1402.3116 | N9: =M9/L9 -> 73.805871 | O9: =L9-I9 -> 0 | P9: =N9-K9 -> -5.141497 | Q9: =N9/K9 -> 0.93487437 | R9: =Q13 -> 0.93512554 | S9: 0.125 | T9: 0.26319444 | V9: =(T9-S9)*24*60 -> 199 | W9: =T9 -> 0.26319444 | X9: =S10 -> 0.28125 | AA9: =M9-J9 -> -97.688442 | AB9: =M9/J9 -> 0.93487437 | AC9: =AB13 -> 0.93512554
A10: 新豐2線 | B10: 沙拉 | C10: 青檸烤雞握沙拉(113年) | E10: 39.8 | F10: 4000 | G10: =E10*F10 -> 159200 | H10: 2 | I10: 17 | J10: 1500 | K10: =J10/I10 -> 88.235294 | L10: 17 | M10: =F10/V10*60 -> 1403.5088 | N10: =M10/L10 -> 82.55934 | O10: =L10-I10 -> 0 | P10: =N10-K10 -> -5.6759546 | Q10: =N10/K10 -> 0.93567251 | S10: 0.28125 | T10: 0.4 | U10: =(S10-T9)*24*60 -> 26 | V10: =(T10-S10)*24*60 -> 171 | AA10: =M10-J10 -> -96.491228 | AB10: =M10/J10 -> 0.93567251
A11: 新豐2線 | B11: 沙拉 | C11: 地瓜瓜握沙拉 | E11: 39.29 | F11: 3764 | G11: =E11*F11 -> 147887.56 | I11: 19 | J11: 1500 | K11: =J11/I11 -> 78.947368 | L11: 19 | M11: =F11/V11*60 -> 1402.7329 | N11: =M11/L11 -> 73.828048 | O11: =L11-I11 -> 0 | P11: =N11-K11 -> -5.11932 | Q11: =N11/K11 -> 0.93515528 | S11: 0.40347222 | T11: 0.51527778 | U11: =(S11-T10)*24*60 -> 5 | V11: =(T11-S11)*24*60 -> 161 | W11: =T11 -> 0.51527778 | X11: =S12 -> 0.55694444 | AA11: =M11-J11 -> -97.267081 | AB11: =M11/J11 -> 0.93515528
A12: 新豐2線 | B12: 沙拉 | C12: 青檸烤雞握沙拉(113年) | E12: 39.8 | F12: 2337 | G12: =E12*F12 -> 93012.6 | I12: 17 | J12: 1500 | K12: =J12/I12 -> 88.235294 | L12: 17 | M12: =F12/V12*60 -> 1402.2 | N12: =M12/L12 -> 82.482353 | O12: =L12-I12 -> 0 | P12: =N12-K12 -> -5.7529412 | Q12: =N12/K12 -> 0.9348 | S12: 0.55694444 | T12: 0.62638889 | U12: =(S12-T11)*24*60 -> 60 | V12: =(T12-S12)*24*60 -> 100 | AA12: =M12-J12 -> -97.8 | AB12: =M12/J12 -> 0.9348
A13: 新豐2線 | B13: 平均 | I13: 18 | J13: 1500 | K13: =J13/I13 -> 83.333333 | L13: 18 | M13: =AVERAGE(M9:M12) -> 1402.6883 | N13: =M13/L13 -> 77.927128 | O13: =L13-I13 -> 0 | P13: =N13-K13 -> -5.4062049 | Q13: =N13/K13 -> 0.93512554 | AA13: =M13-J13 -> -97.311688 | AB13: =M13/J13 -> 0.93512554
A14: 新豐5線 | B14: 小吃 | C14: 剝皮辣椒雞湯 | E14: 41 | F14: 1743 | G14: =E14*F14 -> 71463 | I14: 26 | J14: 1500 | K14: =J14/I14 -> 57.692308 | L14: 26 | M14: =F14/V14*60 -> 1413.2432 | N14: =M14/L14 -> 54.355509 | O14: =L14-I14 -> 0 | P14: =N14-K14 -> -3.3367983 | Q14: =N14/K14 -> 0.94216216 | R14: =Q17 -> 0.93680919 | S14: 0.25 | T14: 0.30138889 | V14: =(T14-S14)*24*60 -> 74 | AA14: =M14-J14 -> -86.756757 | AB14: =M14/J14 -> 0.94216216 | AC14: =AB17 -> 0.93680919
A15: 新豐5線 | B15: 微波主食 | C15: 二配金咖哩濃厚辛辣咖哩飯 | E15: 50.98 | F15: 2558 | G15: =E15*F15 -> 130406.84 | I15: 17 | J15: 2000 | K15: =J15/I15 -> 117.64706 | L15: 17 | M15: =F15/V15*60 -> 1871.7073 | N15: =M15/L15 -> 110.10043 | O15: =L15-I15 -> 0 | P15: =N15-K15 -> -7.5466284 | Q15: =N15/K15 -> 0.93585366 | S15: 0.70833333 | T15: 0.76527778 | U15: =IF(S15=TIME(17,0,0),"",(S15-T14)*24*60) | V15: =(T15-S15)*24*60 -> 82 | AA15: =M15-J15 -> -128.29268 | AB15: =M15/J15 -> 0.93585366
A16: 新豐5線 | B16: 微波主食 | C16: 二配金咖哩果香甘口咖哩飯 | E16: 50.92 | F16: 2739 | G16: =E16*F16 -> 139469.88 | I16: 16 | J16: 2000 | K16: =J16/I16 -> 125 | L16: 16 | M16: =F16/V16*60 -> 1867.5 | N16: =M16/L16 -> 116.71875 | O16: =L16-I16 -> 0 | P16: =N16-K16 -> -8.28125 | Q16: =N16/K16 -> 0.93375 | S16: 0.77083333 | T16: 0.83194444 | U16: =IF(S16=TIME(17,0,0),"",(S16-T15)*24*60) -> 8 | V16: =(T16-S16)*24*60 -> 88 | AA16: =M16-J16 -> -132.5 | AB16: =M16/J16 -> 0.93375
A17: 新豐5線 | B17: 平均 | I17: 19.666667 | J17: 1833.3333 | K17: =J17/I17 -> 93.220339 | L17: 19.666667 | M17: =AVERAGE(M14:M16) -> 1717.4835 | N17: =M17/L17 -> 87.329671 | O17: =L17-I17 -> 0 | P17: =N17-K17 -> -5.8906685 | Q17: =N17/K17 -> 0.93680919 | AA17: =M17-J17 -> -115.84981 | AB17: =M17/J17 -> 0.93680919
A18: 新豐7線 | B18: 小吃 | C18: 古早味炒炊粉 | E18: 43.14 | F18: 1399 | G18: =E18*F18 -> 60352.86 | I18: 17 | J18: 2000 | K18: =J18/I18 -> 117.64706 | L18: 17 | M18: =F18/V18*60 -> 1865.3333 | N18: =M18/L18 -> 109.72549 | O18: =L18-I18 -> 0 | P18: =N18-K18 -> -7.9215686 | Q18: =N18/K18 -> 0.93266667 | R18: =Q24 -> 0.94022753 | S18: 0.20833333 | T18: 0.23958333 | V18: =(T18-S18)*24*60 -> 45 | AA18: =M18-J18 -> -134.66667 | AB18: =M18/J18 -> 0.93266667 | AC18: =AB24 -> 0.94022753
A19: 新豐7線 | B19: 微波主食 | C19: 鐵板滑蛋炸豬排丼 | E19: 57.73 | F19: 2490 | G19: =E19*F19 -> 143747.7 | I19: 16 | J19: 2000 | K19: =J19/I19 -> 125 | L19: 16 | M19: =F19/V19*60 -> 1867.5 | N19: =M19/L19 -> 116.71875 | O19: =L19-I19 -> 0 | P19: =N19-K19 -> -8.28125 | Q19: =N19/K19 -> 0.93375 | S19: 0.24444444 | T19: 0.3 | U19: =IF(S19=TIME(17,0,0),"",(S19-T18)*24*60) -> 7 | V19: =(T19-S19)*24*60 -> 80 | AA19: =M19-J19 -> -132.5 | AB19: =M19/J19 -> 0.93375
A20: 新豐7線 | B20: 微波主食 | C20: 極上炙烤親子丼 | E20: 53.68 | F20: 1642 | G20: =E20*F20 -> 88142.56 | I20: 17 | J20: 2000 | K20: =J20/I20 -> 117.64706 | L20: 17 | M20: =F20/V20*60 -> 1894.6154 | N20: =M20/L20 -> 111.44796 | O20: =L20-I20 -> 0 | P20: =N20-K20 -> -6.199095 | Q20: =N20/K20 -> 0.94730769 | S20: 0.30486111 | T20: 0.34097222 | U20: =IF(S20=TIME(17,0,0),"",(S20-T19)*24*60) -> 7 | V20: =(T20-S20)*24*60 -> 52 | AA20: =M20-J20 -> -105.38462 | AB20: =M20/J20 -> 0.94730769
A21: 新豐7線 | B21: 微波主食 | C21: 海老鰻魚丼滋丼 | E21: 58.17 | F21: 1576 | G21: =E21*F21 -> 91675.92 | I21: 18 | J21: 2000 | K21: =J21/I21 -> 111.11111 | L21: 18 | M21: =F21/V21*60 -> 1891.2 | N21: =M21/L21 -> 105.06667 | O21: =L21-I21 -> 0 | P21: =N21-K21 -> -6.0444444 | Q21: =N21/K21 -> 0.9456 | S21: 0.34652778 | T21: 0.38125 | U21: =IF(S21=TIME(17,0,0),"",(S21-T20)*24*60) -> 8 | V21: =(T21-S21)*24*60 -> 50 | AA21: =M21-J21 -> -108.8 | AB21: =M21/J21 -> 0.9456
A22: 新豐7線 | B22: 微波主食 | C22: 二配美味蟹煲 | E22: 54.09 | F22: 3061 | G22: =E22*F22 -> 165569.49 | I22: 20 | J22: 2000 | K22: =J22/I22 -> 100 | L22: 20 | M22: =F22/V22*60 -> 1874.0816 | N22: =M22/L22 -> 93.704082 | O22: =L22-I22 -> 0 | P22: =N22-K22 -> -6.2959184 | Q22: =N22/K22 -> 0.93704082 | S22: 0.70833333 | T22: 0.77638889 | U22: =IF(S22=TIME(17,0,0),"",(S22-T21)*24*60) | V22: =(T22-S22)*24*60 -> 98 | AA22: =M22-J22 -> -125.91837 | AB22: =M22/J22 -> 0.93704082
A23: 新豐7線 | B23: 微波主食 | C23: 二配極旨黑咖哩漢堡排飯 | E23: 53.27 | F23: 378 | G23: =E23*F23 -> 20136.06 | I23: 15 | J23: 2000 | K23: =J23/I23 -> 133.33333 | L23: 15 | M23: =F23/V23*60 -> 1890 | N23: =M23/L23 -> 126 | O23: =L23-I23 -> 0 | P23: =N23-K23 -> -7.3333333 | Q23: =N23/K23 -> 0.945 | S23: 0.78055556 | T23: 0.78888889 | U23: =IF(S23=TIME(17,0,0),"",(S23-T22)*24*60) -> 6 | V23: =(T23-S23)*24*60 -> 12 | AA23: =M23-J23 -> -110 | AB23: =M23/J23 -> 0.945
A24: 新豐7線 | B24: 平均 | I24: 17.166667 | J24: 2000 | K24: =J24/I24 -> 116.50485 | L24: 17.166667 | M24: =AVERAGE(M18:M23) -> 1880.4551 | N24: =M24/L24 -> 109.54107 | O24: =L24-I24 -> 0 | P24: =N24-K24 -> -6.963783 | Q24: =N24/K24 -> 0.94022753 | AA24: =M24-J24 -> -119.54494 | AB24: =M24/J24 -> 0.94022753
A25: 新豐8線 | B25: 三明治 | C25: 經典總匯三明治 | E25: 26.2 | F25: 3882 | G25: =E25*F25 -> 101708.4 | I25: 20 | J25: 2400 | K25: =J25/I25 -> 120 | L25: 20 | M25: =F25/V25*60 -> 2239.6154 | N25: =M25/L25 -> 111.98077 | O25: =L25-I25 -> 0 | P25: =N25-K25 -> -8.0192308 | Q25: =N25/K25 -> 0.93317308 | R25: =Q32 -> 0.93869334 | S25: 0.125 | T25: 0.19722222 | V25: =(T25-S25)*24*60 -> 104 | W25: =T25 -> 0.19722222 | X25: =S26 -> 0.21597222 | AA25: =M25-J25 -> -160.38462 | AB25: =M25/J25 -> 0.93317308 | AC25: =AB32 -> 0.93869334
A26: 新豐8線 | B26: 三明治 | C26: 紐奧良風味烤雞鮮蔬三明治 | E26: 31.29 | F26: 8909 | G26: =E26*F26 -> 278762.61 | I26: 16 | J26: 2400 | K26: =J26/I26 -> 150 | L26: 16 | M26: =F26/V26*60 -> 2236.569 | N26: =M26/L26 -> 139.78556 | O26: =L26-I26 -> 0 | P26: =N26-K26 -> -10.214435 | Q26: =N26/K26 -> 0.93190377 | S26: 0.21597222 | T26: 0.38194444 | U26: =(S26-T25)*24*60 -> 27 | V26: =(T26-S26)*24*60 -> 239 | AA26: =M26-J26 -> -163.43096 | AB26: =M26/J26 -> 0.93190377
A27: 新豐8線 | B27: 三明治 | C27: 起司芋見肉鬆三明治 | E27: 24.25 | F27: 2400 | G27: =E27*F27 -> 58200 | H27: 2 | I27: 18 | J27: 2400 | K27: =J27/I27 -> 133.33333 | L27: 18 | M27: =F27/V27*60 -> 2250 | N27: =M27/L27 -> 125 | O27: =L27-I27 -> 0 | P27: =N27-K27 -> -8.3333333 | Q27: =N27/K27 -> 0.9375 | S27: 0.38541667 | T27: 0.42986111 | U27: =(S27-T26)*24*60 -> 5 | V27: =(T27-S27)*24*60 -> 64 | AA27: =M27-J27 -> -150 | AB27: =M27/J27 -> 0.9375
A28: 新豐8線 | B28: 三明治 | C28: 日式芥末蛋沙拉三明治 | E28: 25.98 | F28: 2400 | G28: =E28*F28 -> 62352 | H28: 2 | I28: 17 | J28: 2400 | K28: =J28/I28 -> 141.17647 | L28: 17 | M28: =F28/V28*60 -> 2250 | N28: =M28/L28 -> 132.35294 | O28: =L28-I28 -> 0 | P28: =N28-K28 -> -8.8235294 | Q28: =N28/K28 -> 0.9375 | S28: 0.43472222 | T28: 0.47916667 | U28: =(S28-T27)*24*60 -> 7 | V28: =(T28-S28)*24*60 -> 64 | AA28: =M28-J28 -> -150 | AB28: =M28/J28 -> 0.9375
A29: 新豐8線 | B29: 三明治 | C29: 藍莓優格三明治(114年) | E29: 22.35 | F29: 1673 | G29: =E29*F29 -> 37391.55 | I29: 16 | J29: 2400 | K29: =J29/I29 -> 150 | L29: 16 | M29: =F29/V29*60 -> 2281.3636 | N29: =M29/L29 -> 142.58523 | O29: =L29-I29 -> 0 | P29: =N29-K29 -> -7.4147727 | Q29: =N29/K29 -> 0.95056818 | S29: 0.48402778 | T29: 0.51458333 | U29: =(S29-T28)*24*60 -> 7 | V29: =(T29-S29)*24*60 -> 44 | W29: =T29 -> 0.51458333 | X29: =S30 -> 0.55625 | AA29: =M29-J29 -> -118.63636 | AB29: =M29/J29 -> 0.95056818
A30: 新豐8線 | B30: 三明治 | C30: 起司芋見肉鬆三明治 | E30: 24.25 | F30: 1798 | G30: =E30*F30 -> 43601.5 | I30: 18 | J30: 2400 | K30: =J30/I30 -> 133.33333 | L30: 18 | M30: =F30/V30*60 -> 2247.5 | N30: =M30/L30 -> 124.86111 | O30: =L30-I30 -> 0 | P30: =N30-K30 -> -8.4722222 | Q30: =N30/K30 -> 0.93645833 | S30: 0.55625 | T30: 0.58958333 | U30: =(S30-T29)*24*60 -> 60 | V30: =(T30-S30)*24*60 -> 48 | AA30: =M30-J30 -> -152.5 | AB30: =M30/J30 -> 0.93645833
A31: 新豐8線 | B31: 三明治 | C31: 日式芥末蛋沙拉三明治 | E31: 25.98 | F31: 1661 | G31: =E31*F31 -> 43152.78 | I31: 17 | J31: 2400 | K31: =J31/I31 -> 141.17647 | L31: 17 | M31: =F31/V31*60 -> 2265 | N31: =M31/L31 -> 133.23529 | O31: =L31-I31 -> 0 | P31: =N31-K31 -> -7.9411765 | Q31: =N31/K31 -> 0.94375 | S31: 0.59513889 | T31: 0.62569444 | U31: =(S31-T30)*24*60 -> 8 | V31: =(T31-S31)*24*60 -> 44 | AA31: =M31-J31 -> -135 | AB31: =M31/J31 -> 0.94375
A32: 新豐8線 | B32: 平均 | I32: 17.428571 | J32: 2400 | K32: =J32/I32 -> 137.70492 | L32: 17.428571 | M32: =AVERAGE(M25:M31) -> 2252.864 | N32: =M32/L32 -> 129.26269 | O32: =L32-I32 -> 0 | P32: =N32-K32 -> -8.442229 | Q32: =N32/K32 -> 0.93869334 | AA32: =M32-J32 -> -147.13599 | AB32: =M32/J32 -> 0.93869334
A33: 新豐9線 | B33: 三明治 | C33: 鮪魚起司溏心蛋三明治 | E33: 26.2 | F33: 3500 | G33: =E33*F33 -> 91700 | H33: 2 | I33: 18 | J33: 2400 | K33: =J33/I33 -> 133.33333 | L33: 18 | M33: =F33/V33*60 -> 2258.0645 | N33: =M33/L33 -> 125.44803 | O33: =L33-I33 -> 0 | P33: =N33-K33 -> -7.8853047 | Q33: =N33/K33 -> 0.94086022 | R33: =Q43 -> 0.93753909 | S33: 0.125 | T33: 0.18958333 | V33: =(T33-S33)*24*60 -> 93 | W33: =T33 -> 0.18958333 | X33: =S34 -> 0.20694444 | AA33: =M33-J33 -> -141.93548 | AB33: =M33/J33 -> 0.94086022 | AC33: =AB43 -> 0.93753909
A34: 新豐9線 | B34: 三明治 | C34: 瘋狂起司三明治(113年) | E34: 24.45 | F34: 1981 | G34: =E34*F34 -> 48435.45 | I34: 20 | J34: 2400 | K34: =J34/I34 -> 120 | L34: 20 | M34: =F34/V34*60 -> 2242.6415 | N34: =M34/L34 -> 112.13208 | O34: =L34-I34 -> 0 | P34: =N34-K34 -> -7.8679245 | Q34: =N34/K34 -> 0.93443396 | S34: 0.20694444 | T34: 0.24375 | U34: =(S34-T33)*24*60 -> 25 | V34: =(T34-S34)*24*60 -> 53 | AA34: =M34-J34 -> -157.35849 | AB34: =M34/J34 -> 0.93443396
A35: 新豐9線 | B35: 三明治 | C35: 醬燒烤雞三明治 | E35: 26.39 | F35: 3100 | G35: =E35*F35 -> 81809 | H35: 2 | I35: 19 | J35: 2400 | K35: =J35/I35 -> 126.31579 | L35: 19 | M35: =F35/V35*60 -> 2240.9639 | N35: =M35/L35 -> 117.94547 | O35: =L35-I35 -> 0 | P35: =N35-K35 -> -8.3703234 | Q35: =N35/K35 -> 0.93373494 | S35: 0.24861111 | T35: 0.30625 | U35: =(S35-T34)*24*60 -> 7 | V35: =(T35-S35)*24*60 -> 83 | AA35: =M35-J35 -> -159.03614 | AB35: =M35/J35 -> 0.93373494
A36: 新豐9線 | B36: 三明治 | C36: 輕乳酪巧克力三明治 | E36: 20.52 | F36: 3118 | G36: =E36*F36 -> 63981.36 | I36: 18 | J36: 2400 | K36: =J36/I36 -> 133.33333 | L36: 18 | M36: =F36/V36*60 -> 2253.9759 | N36: =M36/L36 -> 125.22088 | O36: =L36-I36 -> 0 | P36: =N36-K36 -> -8.1124498 | Q36: =N36/K36 -> 0.93915663 | S36: 0.31111111 | T36: 0.36875 | U36: =(S36-T35)*24*60 -> 7 | V36: =(T36-S36)*24*60 -> 83 | AA36: =M36-J36 -> -146.0241 | AB36: =M36/J36 -> 0.93915663
A37: 新豐9線 | B37: 三明治 | C37: 好多菜三明治 | E37: 26.2 | F37: 3000 | G37: =E37*F37 -> 78600 | H37: 2 | I37: 19 | J37: 2400 | K37: =J37/I37 -> 126.31579 | L37: 19 | M37: =F37/V37*60 -> 2250 | N37: =M37/L37 -> 118.42105 | O37: =L37-I37 -> 0 | P37: =N37-K37 -> -7.8947368 | Q37: =N37/K37 -> 0.9375 | S37: 0.37361111 | T37: 0.42916667 | U37: =(S37-T36)*24*60 -> 7 | V37: =(T37-S37)*24*60 -> 80 | AA37: =M37-J37 -> -150 | AB37: =M37/J37 -> 0.9375
A38: 新豐9線 | B38: 三明治 | C38: 龍蝦風味總匯三明治 | E38: 25.98 | F38: 2600 | G38: =E38*F38 -> 67548 | H38: 2 | I38: 17 | J38: 2400 | K38: =J38/I38 -> 141.17647 | L38: 17 | M38: =F38/V38*60 -> 2260.8696 | N38: =M38/L38 -> 132.99233 | O38: =L38-I38 -> 0 | P38: =N38-K38 -> -8.1841432 | Q38: =N38/K38 -> 0.94202899 | S38: 0.43402778 | T38: 0.48194444 | U38: =(S38-T37)*24*60 -> 7 | V38: =(T38-S38)*24*60 -> 69 | W38: =T38 -> 0.48194444 | X38: =S39 -> 0.52152778 | AA38: =M38-J38 -> -139.13043 | AB38: =M38/J38 -> 0.94202899
A39: 新豐9線 | B39: 三明治 | C39: 醬燒烤雞三明治 | E39: 26.39 | F39: 2259 | G39: =E39*F39 -> 59615.01 | I39: 19 | J39: 2400 | K39: =J39/I39 -> 126.31579 | L39: 19 | M39: =F39/V39*60 -> 2259 | N39: =M39/L39 -> 118.89474 | O39: =L39-I39 -> 0 | P39: =N39-K39 -> -7.4210526 | Q39: =N39/K39 -> 0.94125 | S39: 0.52152778 | T39: 0.56319444 | U39: =(S39-T38)*24*60 -> 57 | V39: =(T39-S39)*24*60 -> 60 | AA39: =M39-J39 -> -141 | AB39: =M39/J39 -> 0.94125
A40: 新豐9線 | B40: 三明治 | C40: 好多菜三明治 | E40: 26.2 | F40: 2029 | G40: =E40*F40 -> 53159.8 | I40: 19 | J40: 2400 | K40: =J40/I40 -> 126.31579 | L40: 19 | M40: =F40/V40*60 -> 2254.4444 | N40: =M40/L40 -> 118.65497 | O40: =L40-I40 -> 0 | P40: =N40-K40 -> -7.6608187 | Q40: =N40/K40 -> 0.93935185 | S40: 0.56666667 | T40: 0.60416667 | U40: =(S40-T39)*24*60 -> 5 | V40: =(T40-S40)*24*60 -> 54 | AA40: =M40-J40 -> -145.55556 | AB40: =M40/J40 -> 0.93935185
A41: 新豐9線 | B41: 三明治 | C41: 龍蝦風味總匯三明治 | E41: 25.98 | F41: 1720 | G41: =E41*F41 -> 44685.6 | I41: 17 | J41: 2400 | K41: =J41/I41 -> 141.17647 | L41: 17 | M41: =F41/V41*60 -> 2243.4783 | N41: =M41/L41 -> 131.96931 | O41: =L41-I41 -> 0 | P41: =N41-K41 -> -9.2071611 | Q41: =N41/K41 -> 0.93478261 | S41: 0.60902778 | T41: 0.64097222 | U41: =(S41-T40)*24*60 -> 7 | V41: =(T41-S41)*24*60 -> 46 | AA41: =M41-J41 -> -156.52174 | AB41: =M41/J41 -> 0.93478261
A42: 新豐9線 | B42: 三明治 | C42: 鮪魚起司溏心蛋三明治 | E42: 26.2 | F42: 2685 | G42: =E42*F42 -> 70347 | I42: 18 | J42: 2400 | K42: =J42/I42 -> 133.33333 | L42: 18 | M42: =F42/V42*60 -> 2237.5 | N42: =M42/L42 -> 124.30556 | O42: =L42-I42 -> 0 | P42: =N42-K42 -> -9.0277778 | Q42: =N42/K42 -> 0.93229167 | S42: 0.64444444 | T42: 0.69444444 | U42: =(S42-T41)*24*60 -> 5 | V42: =(T42-S42)*24*60 -> 72 | AA42: =M42-J42 -> -162.5 | AB42: =M42/J42 -> 0.93229167
A43: 新豐9線 | B43: 平均 | I43: 18.4 | J43: 2400 | K43: =J43/I43 -> 130.43478 | L43: 18.4 | M43: =AVERAGE(M33:M42) -> 2250.0938 | N43: =M43/L43 -> 122.28771 | O43: =L43-I43 -> 0 | P43: =N43-K43 -> -8.1470758 | Q43: =N43/K43 -> 0.93753909 | AA43: =M43-J43 -> -149.90619 | AB43: =M43/J43 -> 0.93753909
A44: 新豐3線 | B44: 調理麵包 | C44: 豬肉起司蛋堡 | E44: 27.17 | F44: 5901 | G44: =E44*F44 -> 160330.17 | I44: 10 | J44: 3000 | K44: =J44/I44 -> 300 | L44: 10 | M44: =F44/V44*60 -> 2810 | N44: =M44/L44 -> 281 | O44: =L44-I44 -> 0 | P44: =N44-K44 -> -19 | Q44: =N44/K44 -> 0.93666667 | R44: =Q51 -> 0.93847837 | S44: 0.125 | T44: 0.2125 | V44: =(T44-S44)*24*60 -> 126 | AA44: =M44-J44 -> -190 | AB44: =M44/J44 -> 0.93666667 | AC44: =AB51 -> 0.93847837
A45: 新豐3線 | B45: 調理麵包 | C45: 豬肉起司堡 | E45: 21.13 | F45: 4627 | G45: =E45*F45 -> 97768.51 | I45: 10 | J45: 3000 | K45: =J45/I45 -> 300 | L45: 10 | M45: =F45/V45*60 -> 2804.2424 | N45: =M45/L45 -> 280.42424 | O45: =L45-I45 -> 0 | P45: =N45-K45 -> -19.575758 | Q45: =N45/K45 -> 0.93474747 | S45: 0.21736111 | T45: 0.28611111 | U45: =(S45-T44)*24*60 -> 7 | V45: =(T45-S45)*24*60 -> 99 | AA45: =M45-J45 -> -195.75758 | AB45: =M45/J45 -> 0.93474747
A46: 新豐3線 | B46: 調理麵包 | C46: 經典雙牛起司堡(113年) | E46: 35.12 | F46: 4292 | G46: =E46*F46 -> 150735.04 | I46: 10 | J46: 3000 | K46: =J46/I46 -> 300 | L46: 10 | M46: =F46/V46*60 -> 2799.1304 | N46: =M46/L46 -> 279.91304 | O46: =L46-I46 -> 0 | P46: =N46-K46 -> -20.086957 | Q46: =N46/K46 -> 0.93304348 | S46: 0.29166667 | T46: 0.35555556 | U46: =(S46-T45)*24*60 -> 8 | V46: =(T46-S46)*24*60 -> 92 | AA46: =M46-J46 -> -200.86957 | AB46: =M46/J46 -> 0.93304348
A47: 新豐3線 | B47: 調理麵包 | C47: 美式起司巨牛堡 | E47: 40.18 | F47: 1775 | G47: =E47*F47 -> 71319.5 | I47: 10 | J47: 3000 | K47: =J47/I47 -> 300 | L47: 10 | M47: =F47/V47*60 -> 2802.6316 | N47: =M47/L47 -> 280.26316 | O47: =L47-I47 -> 0 | P47: =N47-K47 -> -19.736842 | Q47: =N47/K47 -> 0.93421053 | S47: 0.36041667 | T47: 0.38680556 | U47: =(S47-T46)*24*60 -> 7 | V47: =(T47-S47)*24*60 -> 38 | AA47: =M47-J47 -> -197.36842 | AB47: =M47/J47 -> 0.93421053
A48: 新豐3線 | B48: 調理麵包 | C48: 哞哞奶香白醬火腿蛋堡 | E48: 28.5 | F48: 1528 | G48: =E48*F48 -> 43548 | I48: 10 | J48: 3000 | K48: =J48/I48 -> 300 | L48: 10 | M48: =F48/V48*60 -> 2865 | N48: =M48/L48 -> 286.5 | O48: =L48-I48 -> 0 | P48: =N48-K48 -> -13.5 | Q48: =N48/K48 -> 0.955 | S48: 0.39097222 | T48: 0.41319444 | U48: =(S48-T47)*24*60 -> 6 | V48: =(T48-S48)*24*60 -> 32 | AA48: =M48-J48 -> -135 | AB48: =M48/J48 -> 0.955
A49: 新豐3線 | B49: 調理麵包 | C49: 美式雞腿堡 | E49: 35.87 | F49: 2935 | G49: =E49*F49 -> 105278.45 | I49: 10 | J49: 3000 | K49: =J49/I49 -> 300 | L49: 10 | M49: =F49/V49*60 -> 2795.2381 | N49: =M49/L49 -> 279.52381 | O49: =L49-I49 -> 0 | P49: =N49-K49 -> -20.47619 | Q49: =N49/K49 -> 0.93174603 | S49: 0.41666667 | T49: 0.46041667 | U49: =(S49-T48)*24*60 -> 5 | V49: =(T49-S49)*24*60 -> 63 | AA49: =M49-J49 -> -204.7619 | AB49: =M49/J49 -> 0.93174603
A50: 新豐3線 | B50: 調理麵包 | C50: 泰式酸辣炸雞堡 | E50: 36.14 | F50: 2879 | G50: =E50*F50 -> 104047.06 | I50: 10 | J50: 3000 | K50: =J50/I50 -> 300 | L50: 10 | M50: =F50/V50*60 -> 2831.8033 | N50: =M50/L50 -> 283.18033 | O50: =L50-I50 -> 0 | P50: =N50-K50 -> -16.819672 | Q50: =N50/K50 -> 0.94393443 | S50: 0.46458333 | T50: 0.50694444 | U50: =(S50-T49)*24*60 -> 6 | V50: =(T50-S50)*24*60 -> 61 | AA50: =M50-J50 -> -168.19672 | AB50: =M50/J50 -> 0.94393443
A51: 新豐3線 | B51: 平均 | I51: 10 | J51: 3000 | K51: =J51/I51 -> 300 | L51: 10 | M51: =AVERAGE(M44:M50) -> 2815.4351 | N51: =M51/L51 -> 281.54351 | O51: =L51-I51 -> 0 | P51: =N51-K51 -> -18.456488 | Q51: =N51/K51 -> 0.93847837 | AA51: =M51-J51 -> -184.56488 | AB51: =M51/J51 -> 0.93847837
A52: 新豐1線 | B52: 沙拉 | C52: 蔥鹽雞肉麵沙拉(114年) | E52: 46 | F52: 3047 | G52: =E52*F52 -> 140162 | I52: 17 | J52: 2000 | K52: =J52/I52 -> 117.64706 | L52: 17 | M52: =F52/V52*60 -> 1865.5102 | N52: =M52/L52 -> 109.73589 | O52: =L52-I52 -> 0 | P52: =N52-K52 -> -7.9111645 | Q52: =N52/K52 -> 0.9327551 | R52: =Q57 -> 0.93453055 | S52: 0.29166667 | T52: 0.35972222 | V52: =(T52-S52)*24*60 -> 98 | AA52: =M52-J52 -> -134.4898 | AB52: =M52/J52 -> 0.9327551 | AC52: =AB57 -> 0.93453055
A53: 新豐1線 | B53: 沙拉 | C53: 莎莎烤雞麵沙拉 | E53: 46 | F53: 3244 | G53: =E53*F53 -> 149224 | I53: 18 | J53: 2000 | K53: =J53/I53 -> 111.11111 | L53: 18 | M53: =F53/V53*60 -> 1871.5385 | N53: =M53/L53 -> 103.97436 | O53: =L53-I53 -> 0 | P53: =N53-K53 -> -7.1367521 | Q53: =N53/K53 -> 0.93576923 | S53: 0.36458333 | T53: 0.43680556 | U53: =IF(S53=TIME(17,0,0),"",(S53-T52)*24*60) -> 7 | V53: =(T53-S53)*24*60 -> 104 | AA53: =M53-J53 -> -128.46154 | AB53: =M53/J53 -> 0.93576923
A54: 新豐1線 | B54: 微波主食 | C54: 二配香辣醬蒜味香腸蛋炒飯 | E54: 55.56 | F54: 1898 | G54: =E54*F54 -> 105452.88 | I54: 17 | J54: 2000 | K54: =J54/I54 -> 117.64706 | L54: 17 | M54: =F54/V54*60 -> 1866.8852 | N54: =M54/L54 -> 109.81678 | O54: =L54-I54 -> 0 | P54: =N54-K54 -> -7.8302797 | Q54: =N54/K54 -> 0.93344262 | S54: 0.70833333 | T54: 0.75069444 | U54: =IF(S54=TIME(17,0,0),"",(S54-T53)*24*60) | V54: =(T54-S54)*24*60 -> 61 | AA54: =M54-J54 -> -133.11475 | AB54: =M54/J54 -> 0.93344262
A55: 新豐1線 | B55: 微波主食 | C55: 二配香拌海鮮醬肉絲蛋炒飯 | E55: 55.32 | F55: 1430 | G55: =E55*F55 -> 79107.6 | I55: 15 | J55: 2000 | K55: =J55/I55 -> 133.33333 | L55: 15 | M55: =F55/V55*60 -> 1865.2174 | N55: =M55/L55 -> 124.34783 | O55: =L55-I55 -> 0 | P55: =N55-K55 -> -8.9855072 | Q55: =N55/K55 -> 0.9326087 | S55: 0.75486111 | T55: 0.78680556 | U55: =IF(S55=TIME(17,0,0),"",(S55-T54)*24*60) -> 6 | V55: =(T55-S55)*24*60 -> 46 | AA55: =M55-J55 -> -134.78261 | AB55: =M55/J55 -> 0.9326087
A56: 新豐1線 | B56: 微波主食 | C56: 二配粗飽系雞排炒飯 | E56: 57.73 | F56: 1268 | G56: =E56*F56 -> 73201.64 | I56: 16 | J56: 1500 | K56: =J56/I56 -> 93.75 | L56: 16 | M56: =F56/V56*60 -> 1408.8889 | N56: =M56/L56 -> 88.055556 | O56: =L56-I56 -> 0 | P56: =N56-K56 -> -5.6944444 | Q56: =N56/K56 -> 0.93925926 | S56: 0.79236111 | T56: 0.82986111 | U56: =IF(S56=TIME(17,0,0),"",(S56-T55)*24*60) -> 8 | V56: =(T56-S56)*24*60 -> 54 | AA56: =M56-J56 -> -91.111111 | AB56: =M56/J56 -> 0.93925926
A57: 新豐1線 | B57: 平均 | I57: 16.6 | J57: 1900 | K57: =J57/I57 -> 114.45783 | L57: 16.6 | M57: =AVERAGE(M52:M56) -> 1775.608 | N57: =M57/L57 -> 106.96434 | O57: =L57-I57 -> 0 | P57: =N57-K57 -> -7.4934917 | Q57: =N57/K57 -> 0.93453055 | AA57: =M57-J57 -> -124.39196 | AB57: =M57/J57 -> 0.93453055
A58: 新豐10線 | B58: 便當 | C58: 蠟筆小新餐盒 | E58: 84.51 | F58: 3617 | G58: =E58*F58 -> 305672.67 | I58: 17 | J58: 2400 | K58: =J58/I58 -> 141.17647 | L58: 17 | M58: =F58/V58*60 -> 2237.3196 | N58: =M58/L58 -> 131.60703 | O58: =L58-I58 -> 0 | P58: =N58-K58 -> -9.569436 | Q58: =N58/K58 -> 0.93221649 | R58: =Q64 -> 0.94038428 | S58: 0.125 | T58: 0.19236111 | V58: =(T58-S58)*24*60 -> 97 | AA58: =M58-J58 -> -162.68041 | AB58: =M58/J58 -> 0.93221649 | AC58: =AB64 -> 0.94038428
A59: 新豐10線 | B59: 調理麵包 | C59: 香雞蛋堡(112年) | E59: 26.78 | F59: 2433 | G59: =E59*F59 -> 65155.74 | I59: 10 | J59: 3000 | K59: =J59/I59 -> 300 | L59: 10 | M59: =F59/V59*60 -> 2807.3077 | N59: =M59/L59 -> 280.73077 | O59: =L59-I59 -> 0 | P59: =N59-K59 -> -19.269231 | Q59: =N59/K59 -> 0.93576923 | S59: 0.19791667 | T59: 0.23402778 | U59: =(S59-T58)*24*60 -> 8 | V59: =(T59-S59)*24*60 -> 52 | AA59: =M59-J59 -> -192.69231 | AB59: =M59/J59 -> 0.93576923
A60: 新豐10線 | B60: 調理麵包 | C60: 黃金魚堡 | E60: 35.37 | F60: 1466 | G60: =E60*F60 -> 51852.42 | I60: 10 | J60: 3000 | K60: =J60/I60 -> 300 | L60: 10 | M60: =F60/V60*60 -> 2837.4194 | N60: =M60/L60 -> 283.74194 | O60: =L60-I60 -> 0 | P60: =N60-K60 -> -16.258065 | Q60: =N60/K60 -> 0.94580645 | S60: 0.23958333 | T60: 0.26111111 | U60: =(S60-T59)*24*60 -> 8 | V60: =(T60-S60)*24*60 -> 31 | AA60: =M60-J60 -> -162.58065 | AB60: =M60/J60 -> 0.94580645
A61: 新豐10線 | B61: 沙拉 | C61: 溏心蛋洋芋沙拉 | E61: 26.97 | F61: 3207 | G61: =E61*F61 -> 86492.79 | I61: 8 | J61: 1500 | K61: =J61/I61 -> 187.5 | L61: 8 | M61: =F61/V61*60 -> 1404.5255 | N61: =M61/L61 -> 175.56569 | O61: =L61-I61 -> 0 | P61: =N61-K61 -> -11.934307 | Q61: =N61/K61 -> 0.93635036 | S61: 0.26458333 | T61: 0.35972222 | U61: =(S61-T60)*24*60 -> 5 | V61: =(T61-S61)*24*60 -> 137 | AA61: =M61-J61 -> -95.474453 | AB61: =M61/J61 -> 0.93635036
A62: 新豐10線 | B62: 調理麵包 | C62: 美式熱狗堡 | E62: 35.12 | F62: 1112 | G62: =E62*F62 -> 39053.44 | I62: 13 | J62: 2000 | K62: =J62/I62 -> 153.84615 | L62: 13 | M62: =F62/V62*60 -> 1906.2857 | N62: =M62/L62 -> 146.63736 | O62: =L62-I62 -> 0 | P62: =N62-K62 -> -7.2087912 | Q62: =N62/K62 -> 0.95314286 | S62: 0.36527778 | T62: 0.38958333 | U62: =(S62-T61)*24*60 -> 8 | V62: =(T62-S62)*24*60 -> 35 | AA62: =M62-J62 -> -93.714286 | AB62: =M62/J62 -> 0.95314286
A63: 新豐10線 | B63: 調理麵包 | C63: 超HOT雞腿堡(114年) | E63: 35.87 | F63: 2490 | G63: =E63*F63 -> 89316.3 | I63: 10 | J63: 3000 | K63: =J63/I63 -> 300 | L63: 10 | M63: =F63/V63*60 -> 2818.8679 | N63: =M63/L63 -> 281.88679 | O63: =L63-I63 -> 0 | P63: =N63-K63 -> -18.113208 | Q63: =N63/K63 -> 0.93962264 | S63: 0.39513889 | T63: 0.43194444 | U63: =(S63-T62)*24*60 -> 8 | V63: =(T63-S63)*24*60 -> 53 | AA63: =M63-J63 -> -181.13208 | AB63: =M63/J63 -> 0.93962264
A64: 新豐10線 | B64: 平均 | I64: 11.333333 | J64: 2483.3333 | K64: =J64/I64 -> 219.11765 | L64: 11.333333 | M64: =AVERAGE(M58:M63) -> 2335.2876 | N64: =M64/L64 -> 206.05479 | O64: =L64-I64 -> 0 | P64: =N64-K64 -> -13.062856 | Q64: =N64/K64 -> 0.94038428 | AA64: =M64-J64 -> -148.0457 | AB64: =M64/J64 -> 0.94038428
A65: 新豐4線 | B65: 三明治 | C65: 三重火腿三明治 | E65: 32.03 | F65: 811 | G65: =E65*F65 -> 25976.33 | I65: 19 | J65: 2400 | K65: =J65/I65 -> 126.31579 | L65: 19 | M65: =F65/V65*60 -> 2317.1429 | N65: =M65/L65 -> 121.95489 | O65: =L65-I65 -> 0 | P65: =N65-K65 -> -4.3609023 | Q65: =N65/K65 -> 0.96547619 | R65: =Q71 -> 0.9420218 | S65: 0.125 | T65: 0.13958333 | V65: =(T65-S65)*24*60 -> 21 | W65: =T65 -> 0.13958333 | X65: =S66 -> 0.15902778 | AA65: =M65-J65 -> -82.857143 | AB65: =M65/J65 -> 0.96547619 | AC65: =AB71 -> 0.9420218
A66: 新豐4線 | B66: 三明治 | C66: 香鬆起司蛋三明治(114年) | E66: 20.2 | F66: 2638 | G66: =E66*F66 -> 53287.6 | I66: 19 | J66: 2400 | K66: =J66/I66 -> 126.31579 | L66: 19 | M66: =F66/V66*60 -> 2261.1429 | N66: =M66/L66 -> 119.00752 | O66: =L66-I66 -> 0 | P66: =N66-K66 -> -7.3082707 | Q66: =N66/K66 -> 0.94214286 | S66: 0.15902778 | T66: 0.20763889 | U66: =(S66-T65)*24*60 -> 28 | V66: =(T66-S66)*24*60 -> 70 | AA66: =M66-J66 -> -138.85714 | AB66: =M66/J66 -> 0.94214286
A67: 新豐4線 | B67: 三明治 | C67: 火腿起司蛋三明治 | E67: 19.02 | F67: 7000 | G67: =E67*F67 -> 133140 | H67: 2 | I67: 15 | J67: 2400 | K67: =J67/I67 -> 160 | L67: 15 | M67: =F67/V67*60 -> 2234.0426 | N67: =M67/L67 -> 148.93617 | O67: =L67-I67 -> 0 | P67: =N67-K67 -> -11.06383 | Q67: =N67/K67 -> 0.93085106 | S67: 0.21180556 | T67: 0.34236111 | U67: =(S67-T66)*24*60 -> 6 | V67: =(T67-S67)*24*60 -> 188 | AA67: =M67-J67 -> -165.95745 | AB67: =M67/J67 -> 0.93085106
A68: 新豐4線 | B68: 三明治 | C68: 雞蛋沙拉三明治 | E68: 25 | F68: 4081 | G68: =E68*F68 -> 102025 | I68: 15 | J68: 2400 | K68: =J68/I68 -> 160 | L68: 15 | M68: =F68/V68*60 -> 2246.422 | N68: =M68/L68 -> 149.76147 | O68: =L68-I68 -> 0 | P68: =N68-K68 -> -10.238532 | Q68: =N68/K68 -> 0.93600917 | S68: 0.34652778 | T68: 0.42222222 | U68: =(S68-T67)*24*60 -> 6 | V68: =(T68-S68)*24*60 -> 109 | AA68: =M68-J68 -> -153.57798 | AB68: =M68/J68 -> 0.93600917
A69: 新豐4線 | B69: 三明治 | C69: 肉鬆火腿三明治 | E69: 20.52 | F69: 4130 | G69: =E69*F69 -> 84747.6 | I69: 18 | J69: 2400 | K69: =J69/I69 -> 133.33333 | L69: 18 | M69: =F69/V69*60 -> 2252.7273 | N69: =M69/L69 -> 125.15152 | O69: =L69-I69 -> 0 | P69: =N69-K69 -> -8.1818182 | Q69: =N69/K69 -> 0.93863636 | S69: 0.42777778 | T69: 0.50416667 | U69: =(S69-T68)*24*60 -> 8 | V69: =(T69-S69)*24*60 -> 110 | W69: =T69 -> 0.50416667 | X69: =S70 -> 0.54513889 | AA69: =M69-J69 -> -147.27273 | AB69: =M69/J69 -> 0.93863636
A70: 新豐4線 | B70: 三明治 | C70: 火腿起司蛋三明治 | E70: 19.02 | F70: 2479 | G70: =E70*F70 -> 47150.58 | I70: 15 | J70: 2400 | K70: =J70/I70 -> 160 | L70: 15 | M70: =F70/V70*60 -> 2253.6364 | N70: =M70/L70 -> 150.24242 | O70: =L70-I70 -> 0 | P70: =N70-K70 -> -9.7575758 | Q70: =N70/K70 -> 0.93901515 | S70: 0.54513889 | T70: 0.59097222 | U70: =(S70-T69)*24*60 -> 59 | V70: =(T70-S70)*24*60 -> 66 | AA70: =M70-J70 -> -146.36364 | AB70: =M70/J70 -> 0.93901515
A71: 新豐4線 | B71: 平均 | I71: 16.833333 | J71: 2400 | K71: =J71/I71 -> 142.57426 | L71: 16.833333 | M71: =AVERAGE(M65:M70) -> 2260.8523 | N71: =M71/L71 -> 134.30806 | O71: =L71-I71 -> 0 | P71: =N71-K71 -> -8.2661988 | Q71: =N71/K71 -> 0.9420218 | AA71: =M71-J71 -> -139.14768 | AB71: =M71/J71 -> 0.9420218

Sheet 0827
B1: 屏榮 新豐廠組合室生產人時性分析
B3: 日期 | C3: =TEXT('0827 4度C'!A2,"yyyy.mm.ddaaaa") -> 2025.08.27星期三 | E3: 訂單量 | F3: ='0827 4度C'!D1 -> 164419 | H3: 營業額 | I3: ='0827 4度C'!F1 -> 5656058.4
B4: 人時性 | C4: 項目 | E4: ➀ | G4: ➁ | I4: ➂
C5: 組合室 | E5: 全溫層 | G5: 4度C-各編組展開 | I5: ③三明治-各編組展開
C6: 排關平均 | E6: =AVERAGE(D13:M13) -> 145.46807 | F6: =AVERAGE(D27:O27,D13:J13) -> 149.18301 | G6: =AVERAGE(D13:J13) -> 149.18301 | I6: =AVERAGE(K13:M13) -> 136.79989
C7: 實績平均 | E7: =AVERAGE(D14:M14) -> 136.81275 | F7: =AVERAGE(D28:O28,D14:J14) -> 140.41205 | G7: =AVERAGE(D14:J14) -> 140.41205 | I7: =AVERAGE(K14:M14) -> 128.41436
C8: 達成率平均 | E8: =AVERAGE(D15:M15) -> 0.93972154 | F8: =AVERAGE(D15:J15,D29:O29) -> 0.94015227 | G8: =AVERAGE(D15:J15) -> 0.94015227 | I8: =AVERAGE(K15:M15) -> 0.9387165 | K8: ※現行日本鮮食廠以達成率80%為基本(即為現行KPI)
B10: 溫層 | D10: ➁4度C-各編組展開 | K10: ③三明治-各編組展開
B11: 編組 | D11: 1 | E11: 2 | F11: 3 | G11: 4 | H11: 5 | I11: 6 | J11: 7 | K11: 1 | L11: 2 | M11: 3
D12: 新豐6線 | E12: 新豐2線 | F12: 新豐5線 | G12: 新豐7線 | H12: 新豐3線 | I12: 新豐1線 | J12: 新豐10線 | K12: 新豐8線 | L12: 新豐9線 | M12: 新豐4線
B13: 人時性 | C13: 排關 | D13: =SUMIFS('0827 4度C'!$K:$K,'0827 4度C'!$A:$A,"新豐6線",'0827 4度C'!$B:$B,"平均") -> 117.64706 | E13: =SUMIFS('0827 4度C'!$K:$K,'0827 4度C'!$A:$A,"新豐2線",'0827 4度C'!$B:$B,"平均") -> 83.333333 | F13: =SUMIFS('0827 4度C'!$K:$K,'0827 4度C'!$A:$A,"新豐5線",'0827 4度C'!$B:$B,"平均") -> 93.220339 | G13: =SUMIFS('0827 4度C'!$K:$K,'0827 4度C'!$A:$A,"新豐7線",'0827 4度C'!$B:$B,"平均") -> 116.50485 | H13: =SUMIFS('0827 4度C'!$K:$K,'0827 4度C'!$A:$A,"新豐3線",'0827 4度C'!$B:$B,"平均") -> 300 | I13: =SUMIFS('0827 4度C'!$K:$K,'0827 4度C'!$A:$A,"新豐1線",'0827 4度C'!$B:$B,"平均") -> 114.45783 | J13: =SUMIFS('0827 4度C'!$K:$K,'0827 4度C'!$A:$A,"新豐10線",'0827 4度C'!$B:$B,"平均") -> 219.11765 | K13: =SUMIFS('0827 4度C'!$K:$K,'0827 4度C'!$A:$A,"新豐8線",'0827 4度C'!$B:$B,"平均") -> 137.70492 | L13: =SUMIFS('0827 4度C'!$K:$K,'0827 4度C'!$A:$A,"新豐9線",'0827 4度C'!$B:$B,"平均") -> 130.12048 | M13: =SUMIFS('0827 4度C'!$K:$K,'0827 4度C'!$A:$A,"新豐4線",'0827 4度C'!$B:$B,"平均") -> 142.57426
C14: 實績 | D14: =SUMIFS('0827 4度C'!$N:$N,'0827 4度C'!$A:$A,"新豐6線",'0827 4度C'!$B:$B,"平均") -> 111.00111 | E14: =SUMIFS('0827 4度C'!$N:$N,'0827 4度C'!$A:$A,"新豐2線",'0827 4度C'!$B:$B,"平均") -> 77.928016 | F14: =SUMIFS('0827 4度C'!$N:$N,'0827 4度C'!$A:$A,"新豐5線",'0827 4度C'!$B:$B,"平均") -> 87.095452 | G14: =SUMIFS('0827 4度C'!$N:$N,'0827 4度C'!$A:$A,"新豐7線",'0827 4度C'!$B:$B,"平均") -> 110.37556 | H14: =SUMIFS('0827 4度C'!$N:$N,'0827 4度C'!$A:$A,"新豐3線",'0827 4度C'!$B:$B,"平均") -> 283.36762 | I14: =SUMIFS('0827 4度C'!$N:$N,'0827 4度C'!$A:$A,"新豐1線",'0827 4度C'!$B:$B,"平均") -> 107.15961 | J14: =SUMIFS('0827 4度C'!$N:$N,'0827 4度C'!$A:$A,"新豐10線",'0827 4度C'!$B:$B,"平均") -> 205.957 | K14: =SUMIFS('0827 4度C'!$N:$N,'0827 4度C'!$A:$A,"新豐8線",'0827 4度C'!$B:$B,"平均") -> 129.39353 | L14: =SUMIFS('0827 4度C'!$N:$N,'0827 4度C'!$A:$A,"新豐9線",'0827 4度C'!$B:$B,"平均") -> 122.16011 | M14: =SUMIFS('0827 4度C'!$N:$N,'0827 4度C'!$A:$A,"新豐4線",'0827 4度C'!$B:$B,"平均") -> 133.68945
C15: 達成率 | D15: =D14/D13 -> 0.94350945 | E15: =E14/E13 -> 0.93513619 | F15: =F14/F13 -> 0.93429667 | G15: =G14/G13 -> 0.94739024 | H15: =H14/H13 -> 0.94455874 | I15: =I14/I13 -> 0.93623656 | J15: =J14/J13 -> 0.93993801 | K15: =K14/K13 -> 0.9396435 | ... M15: =M14/M13 -> 0.93768293
B16: 作業 時間 | C16: 開始 | D16: =VLOOKUP("新豐6線",'0827 4度C'!$A:$T,19,0) -> 0.70833333 | E16: =VLOOKUP("新豐2線",'0827 4度C'!$A:$T,19,0) -> 0.125 | F16: =VLOOKUP("新豐5線",'0827 4度C'!$A:$T,19,0) -> 0.25 | G16: =VLOOKUP("新豐7線",'0827 4度C'!$A:$T,19,0) -> 0.20833333 | H16: =VLOOKUP("新豐3線",'0827 4度C'!$A:$T,19,0) -> 0.125 | I16: =VLOOKUP("新豐1線",'0827 4度C'!$A:$T,19,0) -> 0.29166667 | J16: =VLOOKUP("新豐10線",'0827 4度C'!$A:$T,19,0) -> 0.125 | K16: =VLOOKUP("新豐8線",'0827 4度C'!$A:$T,19,0) -> 0.125 | L16: =VLOOKUP("新豐9線",'0827 4度C'!$A:$T,19,0) -> 0.125 | M16: =VLOOKUP("新豐4線",'0827 4度C'!$A:$T,19,0) -> 0.125
C17: 結束 | D17: =LOOKUP(2,1/(('0827 4度C'!$A:$A="新豐6線")*('0827 4度C'!$T:$T<>"")),'0827 4度C'!$T:$T) -> 0.82083333 | E17: =LOOKUP(2,1/(('0827 4度C'!$A:$A="新豐2線")*('0827 4度C'!$T:$T<>"")),'0827 4度C'!$T:$T) -> 0.64513889 | F17: =LOOKUP(2,1/(('0827 4度C'!$A:$A="新豐5線")*('0827 4度C'!$T:$T<>"")),'0827 4度C'!$T:$T) -> 0.83819444 | G17: =LOOKUP(2,1/(('0827 4度C'!$A:$A="新豐7線")*('0827 4度C'!$T:$T<>"")),'0827 4度C'!$T:$T) -> 0.79791667 | H17: =LOOKUP(2,1/(('0827 4度C'!$A:$A="新豐3線")*('0827 4度C'!$T:$T<>"")),'0827 4度C'!$T:$T) -> 0.50694444 | I17: =LOOKUP(2,1/(('0827 4度C'!$A:$A="新豐1線")*('0827 4度C'!$T:$T<>"")),'0827 4度C'!$T:$T) -> 0.84027778 | J17: =LOOKUP(2,1/(('0827 4度C'!$A:$A="新豐10線")*('0827 4度C'!$T:$T<>"")),'0827 4度C'!$T:$T) -> 0.43819444 | K17: =LOOKUP(2,1/(('0827 4度C'!$A:$A="新豐8線")*('0827 4度C'!$T:$T<>"")),'0827 4度C'!$T:$T) -> 0.63819444 | L17: =LOOKUP(2,1/(('0827 4度C'!$A:$A="新豐9線")*('0827 4度C'!$T:$T<>"")),'0827 4度C'!$T:$T) -> 0.72777778 | M17: =LOOKUP(2,1/(('0827 4度C'!$A:$A="新豐4線")*('0827 4度C'!$T:$T<>"")),'0827 4度C'!$T:$T) -> 0.63125
B18: 配置人數 | D18: =SUMIFS('0827 4度C'!$I:$I,'0827 4度C'!$A:$A,"新豐6線",'0827 4度C'!$B:$B,"平均") -> 17 | E18: =SUMIFS('0827 4度C'!$I:$I,'0827 4度C'!$A:$A,"新豐2線",'0827 4度C'!$B:$B,"平均") -> 18 | F18: =SUMIFS('0827 4度C'!$I:$I,'0827 4度C'!$A:$A,"新豐5線",'0827 4度C'!$B:$B,"平均") -> 19.666667 | G18: =SUMIFS('0827 4度C'!$I:$I,'0827 4度C'!$A:$A,"新豐7線",'0827 4度C'!$B:$B,"平均") -> 17.166667 | H18: =SUMIFS('0827 4度C'!$I:$I,'0827 4度C'!$A:$A,"新豐3線",'0827 4度C'!$B:$B,"平均") -> 10 | I18: =SUMIFS('0827 4度C'!$I:$I,'0827 4度C'!$A:$A,"新豐1線",'0827 4度C'!$B:$B,"平均") -> 16.6 | J18: =SUMIFS('0827 4度C'!$I:$I,'0827 4度C'!$A:$A,"新豐10線",'0827 4度C'!$B:$B,"平均") -> 11.333333 | K18: =SUMIFS('0827 4度C'!$I:$I,'0827 4度C'!$A:$A,"新豐8線",'0827 4度C'!$B:$B,"平均") -> 17.428571 | L18: =SUMIFS('0827 4度C'!$I:$I,'0827 4度C'!$A:$A,"新豐9線",'0827 4度C'!$B:$B,"平均") -> 18.444444 | M18: =SUMIFS('0827 4度C'!$I:$I,'0827 4度C'!$A:$A,"新豐4線",'0827 4度C'!$B:$B,"平均") -> 16.833333
B19: 主要應用設備 | D19: ET-55 | E19: 熱縮爐 | F19: L型包裝機 | G19: L型包裝機 | H19: 伺服包裝機 | I19: ET-55 | J19: 伺服包裝機 | K19: 三明治包裝機 | L19: 三明治包裝機 | M19: 三明治包裝機
B20: 次要應用設備 | F20: 圓盤機 | G20: ET-55
B21: 備註 | E21: 握沙拉 | F21: 共用L型包裝機 | H21: 調理麵包 | I21: 炒飯+沙拉 | J21: 調理麵包

Sheet 0827 4度C
A1: 新豐廠四度C日報分析 | C1: 總生產量 | D1: =SUM(F5:F70) -> 164419 | E1: 營業額 | F1: =SUM(G5:G70) -> 5656058.4 | G1: 出勤人數 | H1: =L8+L13+L50+L56+L17+L63+L32+L42+L24+L70 -> 162.47302 | I1: 產線配置圖 | L1: 生產實績 | O1: 人時性差異分析 | S1: 日報登錄 | Y1: 分析說明 | AA1: 產能差異分析
A2: 45896 | B2: 星期三 | C2: 人時性 | D2: =AVERAGE(N8,N13,N50,N56,N17,N63,N24,N32,N42,N70) -> 136.81275 | E2: 平均廠價 | F2: =F1/D1 -> 34.400272 | G2: 多次生產數 | H2: =COUNT(H5:H70) -> 7
A3: 線別 | B3: 品類 | C3: 品名 | E3: 廠價 | F3: 生產量 | G3: 營收 | H3: 多次 生產 | I3: 人數 | J3: 產能/時 | K3: 人時性 | L3: 人數 | M3: 產能/時 | N3: 人時性 | O3: 人數 | P3: 人時性 | Q3: 達成率 | R3: 達成率平均 | S3: 生產時間 | U3: 換線、休息/分 | V3: 稼動時間/分 | W3: 休息時間 | Y3: (新豐回填) | AA3: 產能/時 | AB3: 達成率 | AC3: 達成率平均
S4: 開始 | T4: 結束 | W4: 開始 | X4: 結束
A5: 新豐6線 | B5: 微波主食 | C5: 二配煸椒烘蛋飯 | E5: 46.93 | F5: 929 | G5: =E5*F5 -> 43597.97 | I5: 17 | J5: 2000 | K5: =J5/I5 -> 117.64706 | L5: 17 | M5: =F5/V5*60 -> 1922.069 | N5: =M5/L5 -> 113.06288 | O5: =L5-I5 -> 0 | P5: =N5-K5 -> -4.5841785 | Q5: =N5/K5 -> 0.96103448 | R5: =Q8 -> 0.94350945 | S5: 0.70833333 | T5: 0.72847222 | V5: =(T5-S5)*24*60 -> 29 | AA5: =M5-J5 -> -77.931034 | AB5: =M5/J5 -> 0.96103448 | AC5: =AB8 -> 0.94350945
A6: 新豐6線 | B6: 微波主食 | C6: 二配川味麻婆燒豆腐燴飯 | E6: 50.49 | F6: 1932 | G6: =E6*F6 -> 97546.68 | I6: 16 | J6: 2000 | K6: =J6/I6 -> 125 | L6: 16 | M6: =F6/V6*60 -> 1869.6774 | N6: =M6/L6 -> 116.85484 | O6: =L6-I6 -> 0 | P6: =N6-K6 -> -8.1451613 | Q6: =N6/K6 -> 0.93483871 | S6: 0.73402778 | T6: 0.77708333 | U6: =(S6-T5)*24*60 -> 8 | V6: =(T6-S6)*24*60 -> 62 | AA6: =M6-J6 -> -130.32258 | AB6: =M6/J6 -> 0.93483871
A7: 新豐6線 | B7: 微波主食 | C7: 二配港式香滑嫩蛋牛肉燴飯 | E7: 50.67 | F7: 1807 | G7: =E7*F7 -> 91560.69 | I7: 18 | J7: 2000 | K7: =J7/I7 -> 111.11111 | L7: 18 | M7: =F7/V7*60 -> 1869.3103 | N7: =M7/L7 -> 103.85057 | O7: =L7-I7 -> 0 | P7: =N7-K7 -> -7.2605364 | Q7: =N7/K7 -> 0.93465517 | S7: 0.78055556 | T7: 0.82083333 | U7: =(S7-T6)*24*60 -> 5 | V7: =(T7-S7)*24*60 -> 58 | AA7: =M7-J7 -> -130.68966 | AB7: =M7/J7 -> 0.93465517
A8: 新豐6線 | B8: 平均 | I8: 17 | J8: 2000 | K8: =J8/I8 -> 117.64706 | L8: 17 | M8: =AVERAGE(M5:M7) -> 1887.0189 | N8: =M8/L8 -> 111.00111 | O8: =L8-I8 -> 0 | P8: =N8-K8 -> -6.6459465 | Q8: =N8/K8 -> 0.94350945 | AA8: =M8-J8 -> -112.98109 | AB8: =M8/J8 -> 0.94350945
A9: 新豐2線 | B9: 沙拉 | C9: 青醬優格雞肉握沙拉(113年) | E9: 39.62 | F9: 4790 | G9: =E9*F9 -> 189779.8 | I9: 19 | J9: 1500 | K9: =J9/I9 -> 78.947368 | L9: 19 | M9: =F9/V9*60 -> 1401.9512 | N9: =M9/L9 -> 73.786906 | O9: =L9-I9 -> 0 | P9: =N9-K9 -> -5.1604621 | Q9: =N9/K9 -> 0.93463415 | R9: =Q13 -> 0.93513619 | S9: 0.125 | T9: 0.26736111 | V9: =(T9-S9)*24*60 -> 205 | W9: =T9 -> 0.26736111 | X9: =S10 -> 0.28472222 | AA9: =M9-J9 -> -98.04878 | AB9: =M9/J9 -> 0.93463415 | AC9: =AB13 -> 0.93513619
A10: 新豐2線 | B10: 沙拉 | C10: 青檸烤雞握沙拉(113年) | E10: 39.8 | F10: 4000 | G10: =E10*F10 -> 159200 | H10: 2 | I10: 17 | J10: 1500 | K10: =J10/I10 -> 88.235294 | L10: 17 | M10: =F10/V10*60 -> 1403.5088 | N10: =M10/L10 -> 82.55934 | O10: =L10-I10 -> 0 | P10: =N10-K10 -> -5.6759546 | Q10: =N10/K10 -> 0.93567251 | S10: 0.28472222 | T10: 0.40347222 | U10: =(S10-T9)*24*60 -> 25 | V10: =(T10-S10)*24*60 -> 171 | AA10: =M10-J10 -> -96.491228 | AB10: =M10/J10 -> 0.93567251
A11: 新豐2線 | B11: 沙拉 | C11: 地瓜瓜握沙拉 | E11: 39.29 | F11: 3931 | G11: =E11*F11 -> 154448.99 | I11: 19 | J11: 1500 | K11: =J11/I11 -> 78.947368 | L11: 19 | M11: =F11/V11*60 -> 1403.9286 | N11: =M11/L11 -> 73.890977 | O11: =L11-I11 -> 0 | P11: =N11-K11 -> -5.056391 | Q11: =N11/K11 -> 0.93595238 | S11: 0.40902778 | T11: 0.52569444 | U11: =(S11-T10)*24*60 -> 8 | V11: =(T11-S11)*24*60 -> 168 | W11: =T11 -> 0.52569444 | X11: =S12 -> 0.56736111 | AA11: =M11-J11 -> -96.071429 | AB11: =M11/J11 -> 0.93595238
A12: 新豐2線 | B12: 沙拉 | C12: 青檸烤雞握沙拉(113年) | E12: 39.8 | F12: 2616 | G12: =E12*F12 -> 104116.8 | I12: 17 | J12: 1500 | K12: =J12/I12 -> 88.235294 | L12: 17 | M12: =F12/V12*60 -> 1401.4286 | N12: =M12/L12 -> 82.436975 | O12: =L12-I12 -> 0 | P12: =N12-K12 -> -5.7983193 | Q12: =N12/K12 -> 0.93428571 | S12: 0.56736111 | T12: 0.64513889 | U12: =(S12-T11)*24*60 -> 60 | V12: =(T12-S12)*24*60 -> 112 | AA12: =M12-J12 -> -98.571429 | AB12: =M12/J12 -> 0.93428571
A13: 新豐2線 | B13: 平均 | I13: 18 | J13: 1500 | K13: =J13/I13 -> 83.333333 | L13: 18 | M13: =AVERAGE(M9:M12) -> 1402.7043 | N13: =M13/L13 -> 77.928016 | O13: =L13-I13 -> 0 | P13: =N13-K13 -> -5.4053176 | Q13: =N13/K13 -> 0.93513619 | AA13: =M13-J13 -> -97.295716 | AB13: =M13/J13 -> 0.93513619
A14: 新豐5線 | B14: 小吃 | C14: 剝皮辣椒雞湯 | E14: 41 | F14: 1852 | G14: =E14*F14 -> 75932 | I14: 26 | J14: 1500 | K14: =J14/I14 -> 57.692308 | L14: 26 | M14: =F14/V14*60 -> 1406.5823 | N14: =M14/L14 -> 54.099318 | O14: =L14-I14 -> 0 | P14: =N14-K14 -> -3.5929893 | Q14: =N14/K14 -> 0.93772152 | R14: =Q17 -> 0.93429667 | S14: 0.25 | T14: 0.30486111 | V14: =(T14-S14)*24*60 -> 79 | AA14: =M14-J14 -> -93.417722 | AB14: =M14/J14 -> 0.93772152 | AC14: =AB17 -> 0.93429667
A15: 新豐5線 | B15: 微波主食 | C15: 二配金咖哩濃厚辛辣咖哩飯 | E15: 50.98 | F15: 2677 | G15: =E15*F15 -> 136473.46 | I15: 17 | J15: 2000 | K15: =J15/I15 -> 117.64706 | L15: 17 | M15: =F15/V15*60 -> 1867.6744 | N15: =M15/L15 -> 109.8632 | O15: =L15-I15 -> 0 | P15: =N15-K15 -> -7.7838577 | Q15: =N15/K15 -> 0.93383721 | S15: 0.70833333 | T15: 0.76805556 | U15: =IF(S15=TIME(17,0,0),"",(S15-T14)*24*60) | V15: =(T15-S15)*24*60 -> 86 | AA15: =M15-J15 -> -132.32558 | AB15: =M15/J15 -> 0.93383721
A16: 新豐5線 | B16: 微波主食 | C16: 二配金咖哩果香甘口咖哩飯 | E16: 50.92 | F16: 2983 | G16: =E16*F16 -> 151894.36 | I16: 16 | J16: 2000 | K16: =J16/I16 -> 125 | L16: 16 | M16: =F16/V16*60 -> 1864.375 | N16: =M16/L16 -> 116.52344 | O16: =L16-I16 -> 0 | P16: =N16-K16 -> -8.4765625 | Q16: =N16/K16 -> 0.9321875 | S16: 0.77152778 | T16: 0.83819444 | U16: =IF(S16=TIME(17,0,0),"",(S16-T15)*24*60) -> 5 | V16: =(T16-S16)*24*60 -> 96 | AA16: =M16-J16 -> -135.625 | AB16: =M16/J16 -> 0.9321875
A17: 新豐5線 | B17: 平均 | I17: 19.666667 | J17: 1833.3333 | K17: =J17/I17 -> 93.220339 | L17: 19.666667 | M17: =AVERAGE(M14:M16) -> 1712.8772 | N17: =M17/L17 -> 87.095452 | O17: =L17-I17 -> 0 | P17: =N17-K17 -> -6.1248865 | Q17: =N17/K17 -> 0.93429667 | AA17: =M17-J17 -> -120.4561 | AB17: =M17/J17 -> 0.93429667
A18: 新豐7線 | B18: 小吃 | C18: 古早味炒炊粉 | E18: 43.14 | F18: 1442 | G18: =E18*F18 -> 62207.88 | I18: 17 | J18: 2000 | K18: =J18/I18 -> 117.64706 | L18: 17 | M18: =F18/V18*60 -> 1880.8696 | N18: =M18/L18 -> 110.63939 | O18: =L18-I18 -> 0 | P18: =N18-K18 -> -7.0076726 | Q18: =N18/K18 -> 0.94043478 | R18: =Q24 -> 0.94739024 | S18: 0.20833333 | T18: 0.24027778 | V18: =(T18-S18)*24*60 -> 46 | AA18: =M18-J18 -> -119.13043 | AB18: =M18/J18 -> 0.94043478 | AC18: =AB24 -> 0.94739024
A19: 新豐7線 | B19: 微波主食 | C19: 鐵板滑蛋炸豬排丼 | E19: 57.73 | F19: 2709 | G19: =E19*F19 -> 156390.57 | I19: 16 | J19: 2000 | K19: =J19/I19 -> 125 | L19: 16 | M19: =F19/V19*60 -> 1868.2759 | N19: =M19/L19 -> 116.76724 | O19: =L19-I19 -> 0 | P19: =N19-K19 -> -8.2327586 | Q19: =N19/K19 -> 0.93413793 | S19: 0.24375 | T19: 0.30416667 | U19: =IF(S19=TIME(17,0,0),"",(S19-T18)*24*60) -> 5 | V19: =(T19-S19)*24*60 -> 87 | AA19: =M19-J19 -> -131.72414 | AB19: =M19/J19 -> 0.93413793
A20: 新豐7線 | B20: 微波主食 | C20: 極上炙烤親子丼 | E20: 53.68 | F20: 1812 | G20: =E20*F20 -> 97268.16 | I20: 17 | J20: 2000 | K20: =J20/I20 -> 117.64706 | L20: 17 | M20: =F20/V20*60 -> 1874.4828 | N20: =M20/L20 -> 110.26369 | O20: =L20-I20 -> 0 | P20: =N20-K20 -> -7.3833671 | Q20: =N20/K20 -> 0.93724138 | S20: 0.30972222 | T20: 0.35 | U20: =IF(S20=TIME(17,0,0),"",(S20-T19)*24*60) -> 8 | V20: =(T20-S20)*24*60 -> 58 | AA20: =M20-J20 -> -125.51724 | AB20: =M20/J20 -> 0.93724138
A21: 新豐7線 | B21: 微波主食 | C21: 海老鰻魚丼滋丼 | E21: 58.17 | F21: 1756 | G21: =E21*F21 -> 102146.52 | I21: 18 | J21: 2000 | K21: =J21/I21 -> 111.11111 | L21: 18 | M21: =F21/V21*60 -> 1881.4286 | N21: =M21/L21 -> 104.52381 | O21: =L21-I21 -> 0 | P21: =N21-K21 -> -6.5873016 | Q21: =N21/K21 -> 0.94071429 | S21: 0.35416667 | T21: 0.39305556 | U21: =IF(S21=TIME(17,0,0),"",(S21-T20)*24*60) -> 6 | V21: =(T21-S21)*24*60 -> 56 | AA21: =M21-J21 -> -118.57143 | AB21: =M21/J21 -> 0.94071429
A22: 新豐7線 | B22: 微波主食 | C22: 二配美味蟹煲 | E22: 54.09 | F22: 3352 | G22: =E22*F22 -> 181309.68 | I22: 20 | J22: 2000 | K22: =J22/I22 -> 100 | L22: 20 | M22: =F22/V22*60 -> 1879.6262 | N22: =M22/L22 -> 93.981308 | O22: =L22-I22 -> 0 | P22: =N22-K22 -> -6.0186916 | Q22: =N22/K22 -> 0.93981308 | S22: 0.70833333 | T22: 0.78263889 | U22: =IF(S22=TIME(17,0,0),"",(S22-T21)*24*60) | V22: =(T22-S22)*24*60 -> 107 | AA22: =M22-J22 -> -120.37383 | AB22: =M22/J22 -> 0.93981308
A23: 新豐7線 | B23: 微波主食 | C23: 二配極旨黑咖哩漢堡排飯 | E23: 53.27 | F23: 496 | G23: =E23*F23 -> 26421.92 | I23: 15 | J23: 2000 | K23: =J23/I23 -> 133.33333 | L23: 15 | M23: =F23/V23*60 -> 1984 | N23: =M23/L23 -> 132.26667 | O23: =L23-I23 -> 0 | P23: =N23-K23 -> -1.0666667 | Q23: =N23/K23 -> 0.992 | S23: 0.7875 | T23: 0.79791667 | U23: =IF(S23=TIME(17,0,0),"",(S23-T22)*24*60) -> 7 | V23: =(T23-S23)*24*60 -> 15 | AA23: =M23-J23 -> -16 | AB23: =M23/J23 -> 0.992
A24: 新豐7線 | B24: 平均 | I24: 17.166667 | J24: 2000 | K24: =J24/I24 -> 116.50485 | L24: 17.166667 | M24: =AVERAGE(M18:M23) -> 1894.7805 | N24: =M24/L24 -> 110.37556 | O24: =L24-I24 -> 0 | P24: =N24-K24 -> -6.129292 | Q24: =N24/K24 -> 0.94739024 | AA24: =M24-J24 -> -105.21951 | AB24: =M24/J24 -> 0.94739024
A25: 新豐8線 | B25: 三明治 | C25: 經典總匯三明治 | E25: 26.2 | F25: 3944 | G25: =E25*F25 -> 103332.8 | I25: 20 | J25: 2400 | K25: =J25/I25 -> 120 | L25: 20 | M25: =F25/V25*60 -> 2253.7143 | N25: =M25/L25 -> 112.68571 | O25: =L25-I25 -> 0 | P25: =N25-K25 -> -7.3142857 | Q25: =N25/K25 -> 0.93904762 | R25: =Q32 -> 0.9396435 | S25: 0.125 | T25: 0.19791667 | V25: =(T25-S25)*24*60 -> 105 | W25: =T25 -> 0.19791667 | X25: =S26 -> 0.21805556 | AA25: =M25-J25 -> -146.28571 | AB25: =M25/J25 -> 0.93904762 | AC25: =AB32 -> 0.9396435
A26: 新豐8線 | B26: 三明治 | C26: 紐奧良風味烤雞鮮蔬三明治 | E26: 31.29 | F26: 9243 | G26: =E26*F26 -> 289213.47 | I26: 16 | J26: 2400 | K26: =J26/I26 -> 150 | L26: 16 | M26: =F26/V26*60 -> 2236.2097 | N26: =M26/L26 -> 139.7631 | O26: =L26-I26 -> 0 | P26: =N26-K26 -> -10.236895 | Q26: =N26/K26 -> 0.93175403 | S26: 0.21805556 | T26: 0.39027778 | U26: =(S26-T25)*24*60 -> 29 | V26: =(T26-S26)*24*60 -> 248 | AA26: =M26-J26 -> -163.79032 | AB26: =M26/J26 -> 0.93175403
A27: 新豐8線 | B27: 三明治 | C27: 起司芋見肉鬆三明治 | E27: 24.25 | F27: 1800 | G27: =E27*F27 -> 43650 | H27: 2 | I27: 18 | J27: 2400 | K27: =J27/I27 -> 133.33333 | L27: 18 | M27: =F27/V27*60 -> 2250 | N27: =M27/L27 -> 125 | O27: =L27-I27 -> 0 | P27: =N27-K27 -> -8.3333333 | Q27: =N27/K27 -> 0.9375 | S27: 0.39513889 | T27: 0.42847222 | U27: =(S27-T26)*24*60 -> 7 | V27: =(T27-S27)*24*60 -> 48 | AA27: =M27-J27 -> -150 | AB27: =M27/J27 -> 0.9375
A28: 新豐8線 | B28: 三明治 | C28: 日式芥末蛋沙拉三明治 | E28: 25.98 | F28: 2800 | G28: =E28*F28 -> 72744 | H28: 2 | I28: 17 | J28: 2400 | K28: =J28/I28 -> 141.17647 | L28: 17 | M28: =F28/V28*60 -> 2240 | N28: =M28/L28 -> 131.76471 | O28: =L28-I28 -> 0 | P28: =N28-K28 -> -9.4117647 | Q28: =N28/K28 -> 0.93333333 | S28: 0.43333333 | T28: 0.48541667 | U28: =(S28-T27)*24*60 -> 7 | V28: =(T28-S28)*24*60 -> 75 | AA28: =M28-J28 -> -160 | AB28: =M28/J28 -> 0.93333333
A29: 新豐8線 | B29: 三明治 | C29: 藍莓優格三明治(114年) | E29: 22.35 | F29: 1666 | G29: =E29*F29 -> 37235.1 | I29: 16 | J29: 2400 | K29: =J29/I29 -> 150 | L29: 16 | M29: =F29/V29*60 -> 2271.8182 | N29: =M29/L29 -> 141.98864 | O29: =L29-I29 -> 0 | P29: =N29-K29 -> -8.0113636 | Q29: =N29/K29 -> 0.94659091 | S29: 0.48958333 | T29: 0.52013889 | U29: =(S29-T28)*24*60 -> 6 | V29: =(T29-S29)*24*60 -> 44 | W29: =T29 -> 0.52013889 | X29: =S30 -> 0.56180556 | AA29: =M29-J29 -> -128.18182 | AB29: =M29/J29 -> 0.94659091
A30: 新豐8線 | B30: 三明治 | C30: 起司芋見肉鬆三明治 | E30: 24.25 | F30: 2553 | G30: =E30*F30 -> 61910.25 | I30: 18 | J30: 2400 | K30: =J30/I30 -> 133.33333 | L30: 18 | M30: =F30/V30*60 -> 2252.6471 | N30: =M30/L30 -> 125.14706 | O30: =L30-I30 -> 0 | P30: =N30-K30 -> -8.1862745 | Q30: =N30/K30 -> 0.93860294 | S30: 0.56180556 | T30: 0.60902778 | U30: =(S30-T29)*24*60 -> 60 | V30: =(T30-S30)*24*60 -> 68 | AA30: =M30-J30 -> -147.35294 | AB30: =M30/J30 -> 0.93860294
A31: 新豐8線 | B31: 三明治 | C31: 日式芥末蛋沙拉三明治 | E31: 25.98 | F31: 1407 | G31: =E31*F31 -> 36553.86 | I31: 17 | J31: 2400 | K31: =J31/I31 -> 141.17647 | L31: 17 | M31: =F31/V31*60 -> 2281.6216 | N31: =M31/L31 -> 134.21304 | O31: =L31-I31 -> 0 | P31: =N31-K31 -> -6.963434 | Q31: =N31/K31 -> 0.95067568 | S31: 0.6125 | T31: 0.63819444 | U31: =(S31-T30)*24*60 -> 5 | V31: =(T31-S31)*24*60 -> 37 | AA31: =M31-J31 -> -118.37838 | AB31: =M31/J31 -> 0.95067568
A32: 新豐8線 | B32: 平均 | I32: 17.428571 | J32: 2400 | K32: =J32/I32 -> 137.70492 | L32: 17.428571 | M32: =AVERAGE(M25:M31) -> 2255.1444 | N32: =M32/L32 -> 129.39353 | O32: =L32-I32 -> 0 | P32: =N32-K32 -> -8.3113867 | Q32: =N32/K32 -> 0.9396435 | AA32: =M32-J32 -> -144.8556 | AB32: =M32/J32 -> 0.9396435
A33: 新豐9線 | B33: 三明治 | C33: 鮪魚起司溏心蛋三明治 | E33: 26.2 | F33: 6590 | G33: =E33*F33 -> 172658 | I33: 18 | J33: 2400 | K33: =J33/I33 -> 133.33333 | L33: 18 | M33: =F33/V33*60 -> 2246.5909 | N33: =M33/L33 -> 124.81061 | O33: =L33-I33 -> 0 | P33: =N33-K33 -> -8.5227273 | Q33: =N33/K33 -> 0.93607955 | R33: =Q42 -> 0.93882308 | S33: 0.125 | T33: 0.24722222 | V33: =(T33-S33)*24*60 -> 176 | W33: =T33 -> 0.24722222 | X33: =S34 -> 0.26805556 | AA33: =M33-J33 -> -153.40909 | AB33: =M33/J33 -> 0.93607955 | AC33: =AB42 -> 0.93882308
A34: 新豐9線 | B34: 三明治 | C34: 瘋狂起司三明治(113年) | E34: 24.45 | F34: 2081 | G34: =E34*F34 -> 50880.45 | I34: 20 | J34: 2400 | K34: =J34/I34 -> 120 | L34: 20 | M34: =F34/V34*60 -> 2270.1818 | N34: =M34/L34 -> 113.50909 | O34: =L34-I34 -> 0 | P34: =N34-K34 -> -6.4909091 | Q34: =N34/K34 -> 0.94590909 | S34: 0.26805556 | T34: 0.30625 | U34: =(S34-T33)*24*60 -> 30 | V34: =(T34-S34)*24*60 -> 55 | AA34: =M34-J34 -> -129.81818 | AB34: =M34/J34 -> 0.94590909
A35: 新豐9線 | B35: 三明治 | C35: 醬燒烤雞三明治 | E35: 26.39 | F35: 2000 | G35: =E35*F35 -> 52780 | H35: 2 | I35: 19 | J35: 2400 | K35: =J35/I35 -> 126.31579 | L35: 19 | M35: =F35/V35*60 -> 2264.1509 | N35: =M35/L35 -> 119.16584 | O35: =L35-I35 -> 0 | P35: =N35-K35 -> -7.1499503 | Q35: =N35/K35 -> 0.94339623 | S35: 0.30972222 | T35: 0.34652778 | U35: =(S35-T34)*24*60 -> 5 | V35: =(T35-S35)*24*60 -> 53 | AA35: =M35-J35 -> -135.84906 | AB35: =M35/J35 -> 0.94339623
A36: 新豐9線 | B36: 三明治 | C36: 輕乳酪巧克力三明治 | E36: 20.52 | F36: 3227 | G36: =E36*F36 -> 66218.04 | I36: 18 | J36: 2400 | K36: =J36/I36 -> 133.33333 | L36: 18 | M36: =F36/V36*60 -> 2251.3953 | N36: =M36/L36 -> 125.07752 | O36: =L36-I36 -> 0 | P36: =N36-K36 -> -8.255814 | Q36: =N36/K36 -> 0.9380814 | S36: 0.35 | T36: 0.40972222 | U36: =(S36-T35)*24*60 -> 5 | V36: =(T36-S36)*24*60 -> 86 | AA36: =M36-J36 -> -148.60465 | AB36: =M36/J36 -> 0.9380814
A37: 新豐9線 | B37: 三明治 | C37: 好多菜三明治 | E37: 26.2 | F37: 3200 | G37: =E37*F37 -> 83840 | H37: 2 | I37: 19 | J37: 2400 | K37: =J37/I37 -> 126.31579 | L37: 19 | M37: =F37/V37*60 -> 2258.8235 | N37: =M37/L37 -> 118.88545 | O37: =L37-I37 -> 0 | P37: =N37-K37 -> -7.4303406 | Q37: =N37/K37 -> 0.94117647 | S37: 0.41527778 | T37: 0.47430556 | U37: =(S37-T36)*24*60 -> 8 | V37: =(T37-S37)*24*60 -> 85 | AA37: =M37-J37 -> -141.17647 | AB37: =M37/J37 -> 0.94117647
A38: 新豐9線 | B38: 三明治 | C38: 龍蝦風味總匯三明治 | E38: 25.98 | F38: 2200 | G38: =E38*F38 -> 57156 | H38: 2 | I38: 17 | J38: 2400 | K38: =J38/I38 -> 141.17647 | L38: 17 | M38: =F38/V38*60 -> 2237.2881 | N38: =M38/L38 -> 131.60518 | O38: =L38-I38 -> 0 | P38: =N38-K38 -> -9.5712861 | Q38: =N38/K38 -> 0.93220339 | S38: 0.47777778 | T38: 0.51875 | U38: =(S38-T37)*24*60 -> 5 | V38: =(T38-S38)*24*60 -> 59 | W38: =T38 -> 0.51875 | X38: =S39 -> 0.55972222 | AA38: =M38-J38 -> -162.71186 | AB38: =M38/J38 -> 0.93220339
A39: 新豐9線 | B39: 三明治 | C39: 醬燒烤雞三明治 | E39: 26.39 | F39: 4340 | G39: =E39*F39 -> 114532.6 | I39: 19 | J39: 2400 | K39: =J39/I39 -> 126.31579 | L39: 19 | M39: =F39/V39*60 -> 2244.8276 | N39: =M39/L39 -> 118.14882 | O39: =L39-I39 -> 0 | P39: =N39-K39 -> -8.1669691 | Q39: =N39/K39 -> 0.93534483 | S39: 0.55972222 | T39: 0.64027778 | U39: =(S39-T38)*24*60 -> 59 | V39: =(T39-S39)*24*60 -> 116 | AA39: =M39-J39 -> -155.17241 | AB39: =M39/J39 -> 0.93534483
A40: 新豐9線 | B40: 三明治 | C40: 好多菜三明治 | E40: 26.2 | F40: 2104 | G40: =E40*F40 -> 55124.8 | I40: 19 | J40: 2400 | K40: =J40/I40 -> 126.31579 | L40: 19 | M40: =F40/V40*60 -> 2254.2857 | N40: =M40/L40 -> 118.64662 | O40: =L40-I40 -> 0 | P40: =N40-K40 -> -7.6691729 | Q40: =N40/K40 -> 0.93928571 | S40: 0.64444444 | T40: 0.68333333 | U40: =(S40-T39)*24*60 -> 6 | V40: =(T40-S40)*24*60 -> 56 | AA40: =M40-J40 -> -145.71429 | AB40: =M40/J40 -> 0.93928571
A41: 新豐9線 | B41: 三明治 | C41: 龍蝦風味總匯三明治 | E41: 25.98 | F41: 2176 | G41: =E41*F41 -> 56532.48 | I41: 17 | J41: 2400 | K41: =J41/I41 -> 141.17647 | L41: 17 | M41: =F41/V41*60 -> 2251.0345 | N41: =M41/L41 -> 132.41379 | O41: =L41-I41 -> 0 | P41: =N41-K41 -> -8.7626775 | Q41: =N41/K41 -> 0.93793103 | S41: 0.6875 | T41: 0.72777778 | U41: =(S41-T40)*24*60 -> 6 | V41: =(T41-S41)*24*60 -> 58 | AA41: =M41-J41 -> -148.96552 | AB41: =M41/J41 -> 0.93793103
A42: 新豐9線 | B42: 平均 | I42: 18.444444 | J42: 2400 | K42: =J42/I42 -> 130.12048 | L42: 18.444444 | M42: =AVERAGE(M33:M41) -> 2253.1754 | N42: =M42/L42 -> 122.16011 | O42: =L42-I42 -> 0 | P42: =N42-K42 -> -7.9603707 | Q42: =N42/K42 -> 0.93882308 | AA42: =M42-J42 -> -146.82461 | AB42: =M42/J42 -> 0.93882308
A43: 新豐3線 | B43: 調理麵包 | C43: 豬肉起司蛋堡 | E43: 27.17 | F43: 6093 | G43: =E43*F43 -> 165546.81 | I43: 10 | J43: 3000 | K43: =J43/I43 -> 300 | L43: 10 | M43: =F43/V43*60 -> 2812.1538 | N43: =M43/L43 -> 281.21538 | O43: =L43-I43 -> 0 | P43: =N43-K43 -> -18.784615 | Q43: =N43/K43 -> 0.93738462 | R43: =Q50 -> 0.94455874 | S43: 0.125 | T43: 0.21527778 | V43: =(T43-S43)*24*60 -> 130 | AA43: =M43-J43 -> -187.84615 | AB43: =M43/J43 -> 0.93738462 | AC43: =AB50 -> 0.94455874
A44: 新豐3線 | B44: 調理麵包 | C44: 豬肉起司堡 | E44: 21.13 | F44: 4748 | G44: =E44*F44 -> 100325.24 | I44: 10 | J44: 3000 | K44: =J44/I44 -> 300 | L44: 10 | M44: =F44/V44*60 -> 2820.5941 | N44: =M44/L44 -> 282.05941 | O44: =L44-I44 -> 0 | P44: =N44-K44 -> -17.940594 | Q44: =N44/K44 -> 0.94019802 | S44: 0.22083333 | T44: 0.29097222 | U44: =(S44-T43)*24*60 -> 8 | V44: =(T44-S44)*24*60 -> 101 | AA44: =M44-J44 -> -179.40594 | AB44: =M44/J44 -> 0.94019802
A45: 新豐3線 | B45: 調理麵包 | C45: 經典雙牛起司堡(113年) | E45: 35.12 | F45: 4498 | G45: =E45*F45 -> 157969.76 | I45: 10 | J45: 3000 | K45: =J45/I45 -> 300 | L45: 10 | M45: =F45/V45*60 -> 2811.25 | N45: =M45/L45 -> 281.125 | O45: =L45-I45 -> 0 | P45: =N45-K45 -> -18.875 | Q45: =N45/K45 -> 0.93708333 | S45: 0.29513889 | T45: 0.36180556 | U45: =(S45-T44)*24*60 -> 6 | V45: =(T45-S45)*24*60 -> 96 | AA45: =M45-J45 -> -188.75 | AB45: =M45/J45 -> 0.93708333
A46: 新豐3線 | B46: 調理麵包 | C46: 美式起司巨牛堡 | E46: 40.18 | F46: 1806 | G46: =E46*F46 -> 72565.08 | I46: 10 | J46: 3000 | K46: =J46/I46 -> 300 | L46: 10 | M46: =F46/V46*60 -> 2851.5789 | N46: =M46/L46 -> 285.15789 | O46: =L46-I46 -> 0 | P46: =N46-K46 -> -14.842105 | Q46: =N46/K46 -> 0.95052632 | S46: 0.36666667 | T46: 0.39305556 | U46: =(S46-T45)*24*60 -> 7 | V46: =(T46-S46)*24*60 -> 38 | AA46: =M46-J46 -> -148.42105 | AB46: =M46/J46 -> 0.95052632
A47: 新豐3線 | B47: 調理麵包 | C47: 哞哞奶香白醬火腿蛋堡 | E47: 28.5 | F47: 1066 | G47: =E47*F47 -> 30381 | I47: 10 | J47: 3000 | K47: =J47/I47 -> 300 | L47: 10 | M47: =F47/V47*60 -> 2907.2727 | N47: =M47/L47 -> 290.72727 | O47: =L47-I47 -> 0 | P47: =N47-K47 -> -9.2727273 | Q47: =N47/K47 -> 0.96909091 | S47: 0.39652778 | T47: 0.41180556 | U47: =(S47-T46)*24*60 -> 5 | V47: =(T47-S47)*24*60 -> 22 | AA47: =M47-J47 -> -92.727273 | AB47: =M47/J47 -> 0.96909091
A48: 新豐3線 | B48: 調理麵包 | C48: 美式雞腿堡 | E48: 35.87 | F48: 3101 | G48: =E48*F48 -> 111232.87 | I48: 10 | J48: 3000 | K48: =J48/I48 -> 300 | L48: 10 | M48: =F48/V48*60 -> 2819.0909 | N48: =M48/L48 -> 281.90909 | O48: =L48-I48 -> 0 | P48: =N48-K48 -> -18.090909 | Q48: =N48/K48 -> 0.93969697 | S48: 0.41666667 | T48: 0.4625 | U48: =(S48-T47)*24*60 -> 7 | V48: =(T48-S48)*24*60 -> 66 | AA48: =M48-J48 -> -180.90909 | AB48: =M48/J48 -> 0.93969697
A49: 新豐3線 | B49: 調理麵包 | C49: 泰式酸辣炸雞堡 | E49: 36.14 | F49: 2720 | G49: =E49*F49 -> 98300.8 | I49: 10 | J49: 3000 | K49: =J49/I49 -> 300 | L49: 10 | M49: =F49/V49*60 -> 2813.7931 | N49: =M49/L49 -> 281.37931 | O49: =L49-I49 -> 0 | P49: =N49-K49 -> -18.62069 | Q49: =N49/K49 -> 0.93793103 | S49: 0.46666667 | T49: 0.50694444 | U49: =(S49-T48)*24*60 -> 6 | V49: =(T49-S49)*24*60 -> 58 | AA49: =M49-J49 -> -186.2069 | AB49: =M49/J49 -> 0.93793103
A50: 新豐3線 | B50: 平均 | I50: 10 | J50: 3000 | K50: =J50/I50 -> 300 | L50: 10 | M50: =AVERAGE(M43:M49) -> 2833.6762 | N50: =M50/L50 -> 283.36762 | O50: =L50-I50 -> 0 | P50: =N50-K50 -> -16.632377 | Q50: =N50/K50 -> 0.94455874 | AA50: =M50-J50 -> -166.32377 | AB50: =M50/J50 -> 0.94455874
A51: 新豐1線 | B51: 沙拉 | C51: 蔥鹽雞肉麵沙拉(114年) | E51: 46 | F51: 3207 | G51: =E51*F51 -> 147522 | I51: 17 | J51: 2000 | K51: =J51/I51 -> 117.64706 | L51: 17 | M51: =F51/V51*60 -> 1868.1553 | N51: =M51/L51 -> 109.89149 | O51: =L51-I51 -> 0 | P51: =N51-K51 -> -7.7555682 | Q51: =N51/K51 -> 0.93407767 | R51: =Q56 -> 0.93623656 | S51: 0.29166667 | T51: 0.36319444 | V51: =(T51-S51)*24*60 -> 103 | AA51: =M51-J51 -> -131.84466 | AB51: =M51/J51 -> 0.93407767 | AC51: =AB56 -> 0.93623656
A52: 新豐1線 | B52: 沙拉 | C52: 莎莎烤雞麵沙拉 | E52: 46 | F52: 3493 | G52: =E52*F52 -> 160678 | I52: 18 | J52: 2000 | K52: =J52/I52 -> 111.11111 | L52: 18 | M52: =F52/V52*60 -> 1871.25 | N52: =M52/L52 -> 103.95833 | O52: =L52-I52 -> 0 | P52: =N52-K52 -> -7.1527778 | Q52: =N52/K52 -> 0.935625 | S52: 0.36805556 | T52: 0.44583333 | U52: =IF(S52=TIME(17,0,0),"",(S52-T51)*24*60) -> 7 | V52: =(T52-S52)*24*60 -> 112 | AA52: =M52-J52 -> -128.75 | AB52: =M52/J52 -> 0.935625
A53: 新豐1線 | B53: 微波主食 | C53: 二配香辣醬蒜味香腸蛋炒飯 | E53: 55.56 | F53: 2121 | G53: =E53*F53 -> 117842.76 | I53: 17 | J53: 2000 | K53: =J53/I53 -> 117.64706 | L53: 17 | M53: =F53/V53*60 -> 1871.4706 | N53: =M53/L53 -> 110.08651 | O53: =L53-I53 -> 0 | P53: =N53-K53 -> -7.5605536 | Q53: =N53/K53 -> 0.93573529 | S53: 0.70833333 | T53: 0.75555556 | U53: =IF(S53=TIME(17,0,0),"",(S53-T52)*24*60) | V53: =(T53-S53)*24*60 -> 68 | AA53: =M53-J53 -> -128.52941 | AB53: =M53/J53 -> 0.93573529
A54: 新豐1線 | B54: 微波主食 | C54: 二配香拌海鮮醬肉絲蛋炒飯 | E54: 55.32 | F54: 1554 | G54: =E54*F54 -> 85967.28 | I54: 15 | J54: 2000 | K54: =J54/I54 -> 133.33333 | L54: 15 | M54: =F54/V54*60 -> 1864.8 | N54: =M54/L54 -> 124.32 | O54: =L54-I54 -> 0 | P54: =N54-K54 -> -9.0133333 | Q54: =N54/K54 -> 0.9324 | S54: 0.76111111 | T54: 0.79583333 | U54: =IF(S54=TIME(17,0,0),"",(S54-T53)*24*60) -> 8 | V54: =(T54-S54)*24*60 -> 50 | AA54: =M54-J54 -> -135.2 | AB54: =M54/J54 -> 0.9324
A55: 新豐1線 | B55: 微波主食 | C55: 二配粗飽系雞排炒飯 | E55: 57.73 | F55: 1324 | G55: =E55*F55 -> 76434.52 | I55: 16 | J55: 1500 | K55: =J55/I55 -> 93.75 | L55: 16 | M55: =F55/V55*60 -> 1418.5714 | N55: =M55/L55 -> 88.660714 | O55: =L55-I55 -> 0 | P55: =N55-K55 -> -5.0892857 | Q55: =N55/K55 -> 0.94571429 | S55: 0.80138889 | T55: 0.84027778 | U55: =IF(S55=TIME(17,0,0),"",(S55-T54)*24*60) -> 8 | V55: =(T55-S55)*24*60 -> 56 | AA55: =M55-J55 -> -81.428571 | AB55: =M55/J55 -> 0.94571429
A56: 新豐1線 | B56: 平均 | I56: 16.6 | J56: 1900 | K56: =J56/I56 -> 114.45783 | L56: 16.6 | M56: =AVERAGE(M51:M55) -> 1778.8495 | N56: =M56/L56 -> 107.15961 | O56: =L56-I56 -> 0 | P56: =N56-K56 -> -7.2982246 | Q56: =N56/K56 -> 0.93623656 | AA56: =M56-J56 -> -121.15053 | AB56: =M56/J56 -> 0.93623656
A57: 新豐10線 | B57: 便當 | C57: 蠟筆小新餐盒 | E57: 84.51 | F57: 3609 | G57: =E57*F57 -> 304996.59 | I57: 17 | J57: 2400 | K57: =J57/I57 -> 141.17647 | L57: 17 | M57: =F57/V57*60 -> 2232.3711 | N57: =M57/L57 -> 131.31595 | O57: =L57-I57 -> 0 | P57: =N57-K57 -> -9.8605215 | Q57: =N57/K57 -> 0.93015464 | R57: =Q63 -> 0.93993801 | S57: 0.125 | T57: 0.19236111 | V57: =(T57-S57)*24*60 -> 97 | AA57: =M57-J57 -> -167.62887 | AB57: =M57/J57 -> 0.93015464 | AC57: =AB63 -> 0.93993801
A58: 新豐10線 | B58: 調理麵包 | C58: 香雞蛋堡(112年) | E58: 26.78 | F58: 2538 | G58: =E58*F58 -> 67967.64 | I58: 10 | J58: 3000 | K58: =J58/I58 -> 300 | L58: 10 | M58: =F58/V58*60 -> 2820 | N58: =M58/L58 -> 282 | O58: =L58-I58 -> 0 | P58: =N58-K58 -> -18 | Q58: =N58/K58 -> 0.94 | S58: 0.19583333 | T58: 0.23333333 | U58: =(S58-T57)*24*60 -> 5 | V58: =(T58-S58)*24*60 -> 54 | AA58: =M58-J58 -> -180 | AB58: =M58/J58 -> 0.94
A59: 新豐10線 | B59: 調理麵包 | C59: 黃金魚堡 | E59: 35.37 | F59: 1564 | G59: =E59*F59 -> 55318.68 | I59: 10 | J59: 3000 | K59: =J59/I59 -> 300 | L59: 10 | M59: =F59/V59*60 -> 2843.6364 | N59: =M59/L59 -> 284.36364 | O59: =L59-I59 -> 0 | P59: =N59-K59 -> -15.636364 | Q59: =N59/K59 -> 0.94787879 | S59: 0.23680556 | T59: 0.25972222 | U59: =(S59-T58)*24*60 -> 5 | V59: =(T59-S59)*24*60 -> 33 | AA59: =M59-J59 -> -156.36364 | AB59: =M59/J59 -> 0.94787879
A60: 新豐10線 | B60: 沙拉 | C60: 溏心蛋洋芋沙拉 | E60: 26.97 | F60: 3344 | G60: =E60*F60 -> 90187.68 | I60: 8 | J60: 1500 | K60: =J60/I60 -> 187.5 | L60: 8 | M60: =F60/V60*60 -> 1403.0769 | N60: =M60/L60 -> 175.38462 | O60: =L60-I60 -> 0 | P60: =N60-K60 -> -12.115385 | Q60: =N60/K60 -> 0.93538462 | S60: 0.26388889 | T60: 0.36319444 | U60: =(S60-T59)*24*60 -> 6 | V60: =(T60-S60)*24*60 -> 143 | AA60: =M60-J60 -> -96.923077 | AB60: =M60/J60 -> 0.93538462
A61: 新豐10線 | B61: 調理麵包 | C61: 美式熱狗堡 | E61: 35.12 | F61: 1217 | G61: =E61*F61 -> 42741.04 | I61: 13 | J61: 2000 | K61: =J61/I61 -> 153.84615 | L61: 13 | M61: =F61/V61*60 -> 1872.3077 | N61: =M61/L61 -> 144.02367 | O61: =L61-I61 -> 0 | P61: =N61-K61 -> -9.8224852 | Q61: =N61/K61 -> 0.93615385 | S61: 0.36805556 | T61: 0.39513889 | U61: =(S61-T60)*24*60 -> 7 | V61: =(T61-S61)*24*60 -> 39 | AA61: =M61-J61 -> -127.69231 | AB61: =M61/J61 -> 0.93615385
A62: 新豐10線 | B62: 調理麵包 | C62: 超HOT雞腿堡(114年) | E62: 35.87 | F62: 2692 | G62: =E62*F62 -> 96562.04 | I62: 10 | J62: 3000 | K62: =J62/I62 -> 300 | L62: 10 | M62: =F62/V62*60 -> 2833.6842 | N62: =M62/L62 -> 283.36842 | O62: =L62-I62 -> 0 | P62: =N62-K62 -> -16.631579 | Q62: =N62/K62 -> 0.9445614 | S62: 0.39861111 | T62: 0.43819444 | U62: =(S62-T61)*24*60 -> 5 | V62: =(T62-S62)*24*60 -> 57 | AA62: =M62-J62 -> -166.31579 | AB62: =M62/J62 -> 0.9445614
A63: 新豐10線 | B63: 平均 | I63: 11.333333 | J63: 2483.3333 | K63: =J63/I63 -> 219.11765 | L63: 11.333333 | M63: =AVERAGE(M57:M62) -> 2334.1794 | N63: =M63/L63 -> 205.957 | O63: =L63-I63 -> 0 | P63: =N63-K63 -> -13.160642 | Q63: =N63/K63 -> 0.93993801 | AA63: =M63-J63 -> -149.15395 | AB63: =M63/J63 -> 0.93993801
A64: 新豐4線 | B64: 三明治 | C64: 三重火腿三明治 | E64: 32.03 | F64: 834 | G64: =E64*F64 -> 26713.02 | I64: 19 | J64: 2400 | K64: =J64/I64 -> 126.31579 | L64: 19 | M64: =F64/V64*60 -> 2274.5455 | N64: =M64/L64 -> 119.71292 | O64: =L64-I64 -> 0 | P64: =N64-K64 -> -6.6028708 | Q64: =N64/K64 -> 0.94772727 | R64: =Q70 -> 0.93768293 | S64: 0.125 | T64: 0.14027778 | V64: =(T64-S64)*24*60 -> 22 | W64: =T64 -> 0.14027778 | X64: =S65 -> 0.15972222 | AA64: =M64-J64 -> -125.45455 | AB64: =M64/J64 -> 0.94772727 | AC64: =AB70 -> 0.93768293
A65: 新豐4線 | B65: 三明治 | C65: 香鬆起司蛋三明治(114年) | E65: 20.2 | F65: 2816 | G65: =E65*F65 -> 56883.2 | I65: 19 | J65: 2400 | K65: =J65/I65 -> 126.31579 | L65: 19 | M65: =F65/V65*60 -> 2252.8 | N65: =M65/L65 -> 118.56842 | O65: =L65-I65 -> 0 | P65: =N65-K65 -> -7.7473684 | Q65: =N65/K65 -> 0.93866667 | S65: 0.15972222 | T65: 0.21180556 | U65: =(S65-T64)*24*60 -> 28 | V65: =(T65-S65)*24*60 -> 75 | AA65: =M65-J65 -> -147.2 | AB65: =M65/J65 -> 0.93866667
A66: 新豐4線 | B66: 三明治 | C66: 火腿起司蛋三明治 | E66: 19.02 | F66: 7000 | G66: =E66*F66 -> 133140 | H66: 2 | I66: 15 | J66: 2400 | K66: =J66/I66 -> 160 | L66: 15 | M66: =F66/V66*60 -> 2234.0426 | N66: =M66/L66 -> 148.93617 | O66: =L66-I66 -> 0 | P66: =N66-K66 -> -11.06383 | Q66: =N66/K66 -> 0.93085106 | S66: 0.21527778 | T66: 0.34583333 | U66: =(S66-T65)*24*60 -> 5 | V66: =(T66-S66)*24*60 -> 188 | AA66: =M66-J66 -> -165.95745 | AB66: =M66/J66 -> 0.93085106
A67: 新豐4線 | B67: 三明治 | C67: 雞蛋沙拉三明治 | E67: 25 | F67: 4158 | G67: =E67*F67 -> 103950 | I67: 15 | J67: 2400 | K67: =J67/I67 -> 160 | L67: 15 | M67: =F67/V67*60 -> 2247.5676 | N67: =M67/L67 -> 149.83784 | O67: =L67-I67 -> 0 | P67: =N67-K67 -> -10.162162 | Q67: =N67/K67 -> 0.93648649 | S67: 0.34930556 | T67: 0.42638889 | U67: =(S67-T66)*24*60 -> 5 | V67: =(T67-S67)*24*60 -> 111 | AA67: =M67-J67 -> -152.43243 | AB67: =M67/J67 -> 0.93648649
A68: 新豐4線 | B68: 三明治 | C68: 肉鬆火腿三明治 | E68: 20.52 | F68: 4324 | G68: =E68*F68 -> 88728.48 | I68: 18 | J68: 2400 | K68: =J68/I68 -> 133.33333 | L68: 18 | M68: =F68/V68*60 -> 2256 | N68: =M68/L68 -> 125.33333 | O68: =L68-I68 -> 0 | P68: =N68-K68 -> -8 | Q68: =N68/K68 -> 0.94 | S68: 0.43194444 | T68: 0.51180556 | U68: =(S68-T67)*24*60 -> 8 | V68: =(T68-S68)*24*60 -> 115 | W68: =T68 -> 0.51180556 | X68: =S69 -> 0.55347222 | AA68: =M68-J68 -> -144 | AB68: =M68/J68 -> 0.94
A69: 新豐4線 | B69: 三明治 | C69: 火腿起司蛋三明治 | E69: 19.02 | F69: 4177 | G69: =E69*F69 -> 79446.54 | I69: 15 | J69: 2400 | K69: =J69/I69 -> 160 | L69: 15 | M69: =F69/V69*60 -> 2237.6786 | N69: =M69/L69 -> 149.17857 | O69: =L69-I69 -> 0 | P69: =N69-K69 -> -10.821429 | Q69: =N69/K69 -> 0.93236607 | S69: 0.55347222 | T69: 0.63125 | U69: =(S69-T68)*24*60 -> 60 | V69: =(T69-S69)*24*60 -> 112 | AA69: =M69-J69 -> -162.32143 | AB69: =M69/J69 -> 0.93236607
A70: 新豐4線 | B70: 平均 | I70: 16.833333 | J70: 2400 | K70: =J70/I70 -> 142.57426 | L70: 16.833333 | M70: =AVERAGE(M64:M69) -> 2250.439 | N70: =M70/L70 -> 133.68945 | O70: =L70-I70 -> 0 | P70: =N70-K70 -> -8.8848104 | Q70: =N70/K70 -> 0.93768293 | AA70: =M70-J70 -> -149.56098 | AB70: =M70/J70 -> 0.93768293

Sheet 0826
B1: 屏榮 新豐廠組合室生產人時性分析
B3: 日期 | C3: =TEXT('0826 4度C'!A2,"yyyy.mm.ddaaaa") -> 2025.08.26星期二 | E3: 訂單量 | F3: ='0826 4度C'!D1 -> 166644 | H3: 營業額 | I3: ='0826 4度C'!F1 -> 5751890.8
B4: 人時性 | C4: 項目 | E4: ➀ | G4: ➁ | I4: ➂
C5: 組合室 | E5: 全溫層 | G5: 4度C-各編組展開 | I5: ③三明治-各編組展開
C6: 排關平均 | E6: =AVERAGE(D13:M13) -> 145.46807 | F6: =AVERAGE(D27:O27,D13:J13) -> 149.18301 | G6: =AVERAGE(D13:J13) -> 149.18301 | I6: =AVERAGE(K13:M13) -> 136.79989
C7: 實績平均 | E7: =AVERAGE(D14:M14) -> 136.4296 | F7: =AVERAGE(D28:O28,D14:J14) -> 140.07231 | G7: =AVERAGE(D14:J14) -> 140.07231 | I7: =AVERAGE(K14:M14) -> 127.92994
C8: 達成率平均 | E8: =AVERAGE(D15:M15) -> 0.93774811 | F8: =AVERAGE(D15:J15,D29:O29) -> 0.93883727 | G8: =AVERAGE(D15:J15) -> 0.93883727 | I8: =AVERAGE(K15:M15) -> 0.93520674 | K8: ※現行日本鮮食廠以達成率80%為基本(即為現行KPI)
B10: 溫層 | D10: ➁4度C-各編組展開 | K10: ③三明治-各編組展開
B11: 編組 | D11: 1 | E11: 2 | F11: 3 | G11: 4 | H11: 5 | I11: 6 | J11: 7 | K11: 1 | L11: 2 | M11: 3
D12: 新豐6線 | E12: 新豐2線 | F12: 新豐5線 | G12: 新豐7線 | H12: 新豐3線 | I12: 新豐1線 | J12: 新豐10線 | K12: 新豐8線 | L12: 新豐9線 | M12: 新豐4線
B13: 人時性 | C13: 排關 | D13: =SUMIFS('0826 4度C'!$K:$K,'0826 4度C'!$A:$A,"新豐6線",'0826 4度C'!$B:$B,"平均") -> 117.64706 | E13: =SUMIFS('0826 4度C'!$K:$K,'0826 4度C'!$A:$A,"新豐2線",'0826 4度C'!$B:$B,"平均") -> 83.333333 | F13: =SUMIFS('0826 4度C'!$K:$K,'0826 4度C'!$A:$A,"新豐5線",'0826 4度C'!$B:$B,"平均") -> 93.220339 | G13: =SUMIFS('0826 4度C'!$K:$K,'0826 4度C'!$A:$A,"新豐7線",'0826 4度C'!$B:$B,"平均") -> 116.50485 | H13: =SUMIFS('0826 4度C'!$K:$K,'0826 4度C'!$A:$A,"新豐3線",'0826 4度C'!$B:$B,"平均") -> 300 | I13: =SUMIFS('0826 4度C'!$K:$K,'0826 4度C'!$A:$A,"新豐1線",'0826 4度C'!$B:$B,"平均") -> 114.45783 | J13: =SUMIFS('0826 4度C'!$K:$K,'0826 4度C'!$A:$A,"新豐10線",'0826 4度C'!$B:$B,"平均") -> 219.11765 | K13: =SUMIFS('0826 4度C'!$K:$K,'0826 4度C'!$A:$A,"新豐8線",'0826 4度C'!$B:$B,"平均") -> 137.70492 | L13: =SUMIFS('0826 4度C'!$K:$K,'0826 4度C'!$A:$A,"新豐9線",'0826 4度C'!$B:$B,"平均") -> 130.12048 | M13: =SUMIFS('0826 4度C'!$K:$K,'0826 4度C'!$A:$A,"新豐4線",'0826 4度C'!$B:$B,"平均") -> 142.57426
C14: 實績 | D14: =SUMIFS('0826 4度C'!$N:$N,'0826 4度C'!$A:$A,"新豐6線",'0826 4度C'!$B:$B,"平均") -> 110.73795 | E14: =SUMIFS('0826 4度C'!$N:$N,'0826 4度C'!$A:$A,"新豐2線",'0826 4度C'!$B:$B,"平均") -> 77.824929 | F14: =SUMIFS('0826 4度C'!$N:$N,'0826 4度C'!$A:$A,"新豐5線",'0826 4度C'!$B:$B,"平均") -> 87.339093 | G14: =SUMIFS('0826 4度C'!$N:$N,'0826 4度C'!$A:$A,"新豐7線",'0826 4度C'!$B:$B,"平均") -> 110.2494 | H14: =SUMIFS('0826 4度C'!$N:$N,'0826 4度C'!$A:$A,"新豐3線",'0826 4度C'!$B:$B,"平均") -> 281.25143 | I14: =SUMIFS('0826 4度C'!$N:$N,'0826 4度C'!$A:$A,"新豐1線",'0826 4度C'!$B:$B,"平均") -> 107.12429 | J14: =SUMIFS('0826 4度C'!$N:$N,'0826 4度C'!$A:$A,"新豐10線",'0826 4度C'!$B:$B,"平均") -> 205.97908 | K14: =SUMIFS('0826 4度C'!$N:$N,'0826 4度C'!$A:$A,"新豐8線",'0826 4度C'!$B:$B,"平均") -> 128.93296 | L14: =SUMIFS('0826 4度C'!$N:$N,'0826 4度C'!$A:$A,"新豐9線",'0826 4度C'!$B:$B,"平均") -> 121.82944 | M14: =SUMIFS('0826 4度C'!$N:$N,'0826 4度C'!$A:$A,"新豐4線",'0826 4度C'!$B:$B,"平均") -> 133.02742
C15: 達成率 | D15: =D14/D13 -> 0.9412726 | E15: =E14/E13 -> 0.93389915 | F15: =F14/F13 -> 0.93691027 | G15: =G14/G13 -> 0.94630734 | H15: =H14/H13 -> 0.93750476 | I15: =I14/I13 -> 0.93592798 | J15: =J14/J13 -> 0.94003877 | K15: =K14/K13 -> 0.93629888 | ... M15: =M14/M13 -> 0.93303956
B16: 作業 時間 | C16: 開始 | D16: =VLOOKUP("新豐6線",'0826 4度C'!$A:$T,19,0) -> 0.70833333 | E16: =VLOOKUP("新豐2線",'0826 4度C'!$A:$T,19,0) -> 0.125 | F16: =VLOOKUP("新豐5線",'0826 4度C'!$A:$T,19,0) -> 0.25 | G16: =VLOOKUP("新豐7線",'0826 4度C'!$A:$T,19,0) -> 0.20833333 | H16: =VLOOKUP("新豐3線",'0826 4度C'!$A:$T,19,0) -> 0.125 | I16: =VLOOKUP("新豐1線",'0826 4度C'!$A:$T,19,0) -> 0.29166667 | J16: =VLOOKUP("新豐10線",'0826 4度C'!$A:$T,19,0) -> 0.125 | K16: =VLOOKUP("新豐8線",'0826 4度C'!$A:$T,19,0) -> 0.125 | L16: =VLOOKUP("新豐9線",'0826 4度C'!$A:$T,19,0) -> 0.125 | M16: =VLOOKUP("新豐4線",'0826 4度C'!$A:$T,19,0) -> 0.125
C17: 結束 | D17: =LOOKUP(2,1/(('0826 4度C'!$A:$A="新豐6線")*('0826 4度C'!$T:$T<>"")),'0826 4度C'!$T:$T) -> 0.82986111 | E17: =LOOKUP(2,1/(('0826 4度C'!$A:$A="新豐2線")*('0826 4度C'!$T:$T<>"")),'0826 4度C'!$T:$T) -> 0.64722222 | F17: =LOOKUP(2,1/(('0826 4度C'!$A:$A="新豐5線")*('0826 4度C'!$T:$T<>"")),'0826 4度C'!$T:$T) -> 0.84444444 | G17: =LOOKUP(2,1/(('0826 4度C'!$A:$A="新豐7線")*('0826 4度C'!$T:$T<>"")),'0826 4度C'!$T:$T) -> 0.80347222 | H17: =LOOKUP(2,1/(('0826 4度C'!$A:$A="新豐3線")*('0826 4度C'!$T:$T<>"")),'0826 4度C'!$T:$T) -> 0.50694444 | I17: =LOOKUP(2,1/(('0826 4度C'!$A:$A="新豐1線")*('0826 4度C'!$T:$T<>"")),'0826 4度C'!$T:$T) -> 0.85138889 | J17: =LOOKUP(2,1/(('0826 4度C'!$A:$A="新豐10線")*('0826 4度C'!$T:$T<>"")),'0826 4度C'!$T:$T) -> 0.43680556 | K17: =LOOKUP(2,1/(('0826 4度C'!$A:$A="新豐8線")*('0826 4度C'!$T:$T<>"")),'0826 4度C'!$T:$T) -> 0.65 | L17: =LOOKUP(2,1/(('0826 4度C'!$A:$A="新豐9線")*('0826 4度C'!$T:$T<>"")),'0826 4度C'!$T:$T) -> 0.72569444 | M17: =LOOKUP(2,1/(('0826 4度C'!$A:$A="新豐4線")*('0826 4度C'!$T:$T<>"")),'0826 4度C'!$T:$T) -> 0.64236111
B18: 配置人數 | D18: =SUMIFS('0826 4度C'!$I:$I,'0826 4度C'!$A:$A,"新豐6線",'0826 4度C'!$B:$B,"平均") -> 17 | E18: =SUMIFS('0826 4度C'!$I:$I,'0826 4度C'!$A:$A,"新豐2線",'0826 4度C'!$B:$B,"平均") -> 18 | F18: =SUMIFS('0826 4度C'!$I:$I,'0826 4度C'!$A:$A,"新豐5線",'0826 4度C'!$B:$B,"平均") -> 19.666667 | G18: =SUMIFS('0826 4度C'!$I:$I,'0826 4度C'!$A:$A,"新豐7線",'0826 4度C'!$B:$B,"平均") -> 17.166667 | H18: =SUMIFS('0826 4度C'!$I:$I,'0826 4度C'!$A:$A,"新豐3線",'0826 4度C'!$B:$B,"平均") -> 10 | I18: =SUMIFS('0826 4度C'!$I:$I,'0826 4度C'!$A:$A,"新豐1線",'0826 4度C'!$B:$B,"平均") -> 16.6 | J18: =SUMIFS('0826 4度C'!$I:$I,'0826 4度C'!$A:$A,"新豐10線",'0826 4度C'!$B:$B,"平均") -> 11.333333 | K18: =SUMIFS('0826 4度C'!$I:$I,'0826 4度C'!$A:$A,"新豐8線",'0826 4度C'!$B:$B,"平均") -> 17.428571 | L18: =SUMIFS('0826 4度C'!$I:$I,'0826 4度C'!$A:$A,"新豐9線",'0826 4度C'!$B:$B,"平均") -> 18.444444 | M18: =SUMIFS('0826 4度C'!$I:$I,'0826 4度C'!$A:$A,"新豐4線",'0826 4度C'!$B:$B,"平均") -> 16.833333
B19: 主要應用設備 | D19: ET-55 | E19: 熱縮爐 | F19: L型包裝機 | G19: L型包裝機 | H19: 伺服包裝機 | I19: ET-55 | J19: 伺服包裝機 | K19: 三明治包裝機 | L19: 三明治包裝機 | M19: 三明治包裝機
B20: 次要應用設備 | F20: 圓盤機 | G20: ET-55
B21: 備註 | E21: 握沙拉 | F21: 共用L型包裝機 | H21: 調理麵包 | I21: 炒飯+沙拉 | J21: 調理麵包

Sheet 0826 4度C
A1: 新豐廠四度C日報分析 | C1: 總生產量 | D1: =SUM(F5:F70) -> 166644 | E1: 營業額 | F1: =SUM(G5:G70) -> 5751890.8 | G1: 出勤人數 | H1: =L8+L13+L50+L56+L17+L63+L32+L42+L24+L70 -> 162.47302 | I1: 產線配置圖 | L1: 生產實績 | O1: 人時性差異分析 | S1: 日報登錄 | Y1: 分析說明 | AA1: 產能差異分析
A2: 45895 | B2: 星期二 | C2: 人時性 | D2: =AVERAGE(N8,N13,N50,N56,N17,N63,N24,N32,N42,N70) -> 136.4296 | E2: 平均廠價 | F2: =F1/D1 -> 34.516039 | G2: 多次生產數 | H2: =COUNT(H5:H70) -> 7
A3: 線別 | B3: 品類 | C3: 品名 | E3: 廠價 | F3: 生產量 | G3: 營收 | H3: 多次 生產 | I3: 人數 | J3: 產能/時 | K3: 人時性 | L3: 人數 | M3: 產能/時 | N3: 人時性 | O3: 人數 | P3: 人時性 | Q3: 達成率 | R3: 達成率平均 | S3: 生產時間 | U3: 換線、休息/分 | V3: 稼動時間/分 | W3: 休息時間 | Y3: (新豐回填) | AA3: 產能/時 | AB3: 達成率 | AC3: 達成率平均
S4: 開始 | T4: 結束 | W4: 開始 | X4: 結束
A5: 新豐6線 | B5: 微波主食 | C5: 二配煸椒烘蛋飯 | E5: 46.93 | F5: 948 | G5: =E5*F5 -> 44489.64 | I5: 17 | J5: 2000 | K5: =J5/I5 -> 117.64706 | L5: 17 | M5: =F5/V5*60 -> 1896 | N5: =M5/L5 -> 111.52941 | O5: =L5-I5 -> 0 | P5: =N5-K5 -> -6.1176471 | Q5: =N5/K5 -> 0.948 | R5: =Q8 -> 0.9412726 | S5: 0.70833333 | T5: 0.72916667 | V5: =(T5-S5)*24*60 -> 30 | AA5: =M5-J5 -> -104 | AB5: =M5/J5 -> 0.948 | AC5: =AB8 -> 0.9412726
A6: 新豐6線 | B6: 微波主食 | C6: 二配川味麻婆燒豆腐燴飯 | E6: 50.49 | F6: 2148 | G6: =E6*F6 -> 108452.52 | I6: 16 | J6: 2000 | K6: =J6/I6 -> 125 | L6: 16 | M6: =F6/V6*60 -> 1867.8261 | N6: =M6/L6 -> 116.73913 | O6: =L6-I6 -> 0 | P6: =N6-K6 -> -8.2608696 | Q6: =N6/K6 -> 0.93391304 | S6: 0.73333333 | T6: 0.78125 | U6: =(S6-T5)*24*60 -> 6 | V6: =(T6-S6)*24*60 -> 69 | AA6: =M6-J6 -> -132.17391 | AB6: =M6/J6 -> 0.93391304
A7: 新豐6線 | B7: 微波主食 | C7: 二配港式香滑嫩蛋牛肉燴飯 | E7: 50.67 | F7: 1978 | G7: =E7*F7 -> 100225.26 | I7: 18 | J7: 2000 | K7: =J7/I7 -> 111.11111 | L7: 18 | M7: =F7/V7*60 -> 1883.8095 | N7: =M7/L7 -> 104.65608 | O7: =L7-I7 -> 0 | P7: =N7-K7 -> -6.4550265 | Q7: =N7/K7 -> 0.94190476 | S7: 0.78611111 | T7: 0.82986111 | U7: =(S7-T6)*24*60 -> 7 | V7: =(T7-S7)*24*60 -> 63 | AA7: =M7-J7 -> -116.19048 | AB7: =M7/J7 -> 0.94190476
A8: 新豐6線 | B8: 平均 | I8: 17 | J8: 2000 | K8: =J8/I8 -> 117.64706 | L8: 17 | M8: =AVERAGE(M5:M7) -> 1882.5452 | N8: =M8/L8 -> 110.73795 | O8: =L8-I8 -> 0 | P8: =N8-K8 -> -6.9091057 | Q8: =N8/K8 -> 0.9412726 | AA8: =M8-J8 -> -117.4548 | AB8: =M8/J8 -> 0.9412726
A9: 新豐2線 | B9: 沙拉 | C9: 青醬優格雞肉握沙拉(113年) | E9: 39.62 | F9: 4834 | G9: =E9*F9 -> 191523.08 | I9: 19 | J9: 1500 | K9: =J9/I9 -> 78.947368 | L9: 19 | M9: =F9/V9*60 -> 1401.1594 | N9: =M9/L9 -> 73.745233 | O9: =L9-I9 -> 0 | P9: =N9-K9 -> -5.2021358 | Q9: =N9/K9 -> 0.93410628 | R9: =Q13 -> 0.93389915 | S9: 0.125 | T9: 0.26875 | V9: =(T9-S9)*24*60 -> 207 | W9: =T9 -> 0.26875 | X9: =S10 -> 0.28680556 | AA9: =M9-J9 -> -98.84058 | AB9: =M9/J9 -> 0.93410628 | AC9: =AB13 -> 0.93389915
A10: 新豐2線 | B10: 沙拉 | C10: 青檸烤雞握沙拉(113年) | E10: 39.8 | F10: 4000 | G10: =E10*F10 -> 159200 | H10: 2 | I10: 17 | J10: 1500 | K10: =J10/I10 -> 88.235294 | L10: 17 | M10: =F10/V10*60 -> 1403.5088 | N10: =M10/L10 -> 82.55934 | O10: =L10-I10 -> 0 | P10: =N10-K10 -> -5.6759546 | Q10: =N10/K10 -> 0.93567251 | S10: 0.28680556 | T10: 0.40555556 | U10: =(S10-T9)*24*60 -> 26 | V10: =(T10-S10)*24*60 -> 171 | AA10: =M10-J10 -> -96.491228 | AB10: =M10/J10 -> 0.93567251
A11: 新豐2線 | B11: 沙拉 | C11: 地瓜瓜握沙拉 | E11: 39.29 | F11: 3914 | G11: =E11*F11 -> 153781.06 | I11: 19 | J11: 1500 | K11: =J11/I11 -> 78.947368 | L11: 19 | M11: =F11/V11*60 -> 1397.8571 | N11: =M11/L11 -> 73.571429 | O11: =L11-I11 -> 0 | P11: =N11-K11 -> -5.3759398 | Q11: =N11/K11 -> 0.93190476 | S11: 0.40972222 | T11: 0.52638889 | U11: =(S11-T10)*24*60 -> 6 | V11: =(T11-S11)*24*60 -> 168 | W11: =T11 -> 0.52638889 | X11: =S12 -> 0.56736111 | AA11: =M11-J11 -> -102.14286 | AB11: =M11/J11 -> 0.93190476
A12: 新豐2線 | B12: 沙拉 | C12: 青檸烤雞握沙拉(113年) | E12: 39.8 | F12: 2685 | G12: =E12*F12 -> 106863 | I12: 17 | J12: 1500 | K12: =J12/I12 -> 88.235294 | L12: 17 | M12: =F12/V12*60 -> 1400.8696 | N12: =M12/L12 -> 82.404092 | O12: =L12-I12 -> 0 | P12: =N12-K12 -> -5.831202 | Q12: =N12/K12 -> 0.93391304 | S12: 0.56736111 | T12: 0.64722222 | U12: =(S12-T11)*24*60 -> 59 | V12: =(T12-S12)*24*60 -> 115 | AA12: =M12-J12 -> -99.130435 | AB12: =M12/J12 -> 0.93391304
A13: 新豐2線 | B13: 平均 | I13: 18 | J13: 1500 | K13: =J13/I13 -> 83.333333 | L13: 18 | M13: =AVERAGE(M9:M12) -> 1400.8487 | N13: =M13/L13 -> 77.824929 | O13: =L13-I13 -> 0 | P13: =N13-K13 -> -5.5084042 | Q13: =N13/K13 -> 0.93389915 | AA13: =M13-J13 -> -99.151275 | AB13: =M13/J13 -> 0.93389915
A14: 新豐5線 | B14: 小吃 | C14: 剝皮辣椒雞湯 | E14: 41 | F14: 1866 | G14: =E14*F14 -> 76506 | I14: 26 | J14: 1500 | K14: =J14/I14 -> 57.692308 | L14: 26 | M14: =F14/V14*60 -> 1399.5 | N14: =M14/L14 -> 53.826923 | O14: =L14-I14 -> 0 | P14: =N14-K14 -> -3.8653846 | Q14: =N14/K14 -> 0.933 | R14: =Q17 -> 0.93691027 | S14: 0.25 | T14: 0.30555556 | V14: =(T14-S14)*24*60 -> 80 | AA14: =M14-J14 -> -100.5 | AB14: =M14/J14 -> 0.933 | AC14: =AB17 -> 0.93691027
A15: 新豐5線 | B15: 微波主食 | C15: 二配金咖哩濃厚辛辣咖哩飯 | E15: 50.98 | F15: 2847 | G15: =E15*F15 -> 145140.06 | I15: 17 | J15: 2000 | K15: =J15/I15 -> 117.64706 | L15: 17 | M15: =F15/V15*60 -> 1877.1429 | N15: =M15/L15 -> 110.42017 | O15: =L15-I15 -> 0 | P15: =N15-K15 -> -7.2268908 | Q15: =N15/K15 -> 0.93857143 | S15: 0.70833333 | T15: 0.77152778 | U15: =IF(S15=TIME(17,0,0),"",(S15-T14)*24*60) | V15: =(T15-S15)*24*60 -> 91 | AA15: =M15-J15 -> -122.85714 | AB15: =M15/J15 -> 0.93857143
A16: 新豐5線 | B16: 微波主食 | C16: 二配金咖哩果香甘口咖哩飯 | E16: 50.92 | F16: 3096 | G16: =E16*F16 -> 157648.32 | I16: 16 | J16: 2000 | K16: =J16/I16 -> 125 | L16: 16 | M16: =F16/V16*60 -> 1876.3636 | N16: =M16/L16 -> 117.27273 | O16: =L16-I16 -> 0 | P16: =N16-K16 -> -7.7272727 | Q16: =N16/K16 -> 0.93818182 | S16: 0.77569444 | T16: 0.84444444 | U16: =IF(S16=TIME(17,0,0),"",(S16-T15)*24*60) -> 6 | V16: =(T16-S16)*24*60 -> 99 | AA16: =M16-J16 -> -123.63636 | AB16: =M16/J16 -> 0.93818182
A17: 新豐5線 | B17: 平均 | I17: 19.666667 | J17: 1833.3333 | K17: =J17/I17 -> 93.220339 | L17: 19.666667 | M17: =AVERAGE(M14:M16) -> 1717.6688 | N17: =M17/L17 -> 87.339093 | O17: =L17-I17 -> 0 | P17: =N17-K17 -> -5.8812459 | Q17: =N17/K17 -> 0.93691027 | AA17: =M17-J17 -> -115.6645 | AB17: =M17/J17 -> 0.93691027
A18: 新豐7線 | B18: 小吃 | C18: 古早味炒炊粉 | E18: 43.14 | F18: 1451 | G18: =E18*F18 -> 62596.14 | I18: 17 | J18: 2000 | K18: =J18/I18 -> 117.64706 | L18: 17 | M18: =F18/V18*60 -> 1892.6087 | N18: =M18/L18 -> 111.32992 | O18: =L18-I18 -> 0 | P18: =N18-K18 -> -6.3171355 | Q18: =N18/K18 -> 0.94630435 | R18: =Q24 -> 0.94630734 | S18: 0.20833333 | T18: 0.24027778 | V18: =(T18-S18)*24*60 -> 46 | AA18: =M18-J18 -> -107.3913 | AB18: =M18/J18 -> 0.94630435 | AC18: =AB24 -> 0.94630734
A19: 新豐7線 | B19: 微波主食 | C19: 鐵板滑蛋炸豬排丼 | E19: 57.73 | F19: 2846 | G19: =E19*F19 -> 164299.58 | I19: 16 | J19: 2000 | K19: =J19/I19 -> 125 | L19: 16 | M19: =F19/V19*60 -> 1876.4835 | N19: =M19/L19 -> 117.28022 | O19: =L19-I19 -> 0 | P19: =N19-K19 -> -7.7197802 | Q19: =N19/K19 -> 0.93824176 | S19: 0.24444444 | T19: 0.30763889 | U19: =IF(S19=TIME(17,0,0),"",(S19-T18)*24*60) -> 6 | V19: =(T19-S19)*24*60 -> 91 | AA19: =M19-J19 -> -123.51648 | AB19: =M19/J19 -> 0.93824176
A20: 新豐7線 | B20: 微波主食 | C20: 極上炙烤親子丼 | E20: 53.68 | F20: 1880 | G20: =E20*F20 -> 100918.4 | I20: 17 | J20: 2000 | K20: =J20/I20 -> 117.64706 | L20: 17 | M20: =F20/V20*60 -> 1880 | N20: =M20/L20 -> 110.58824 | O20: =L20-I20 -> 0 | P20: =N20-K20 -> -7.0588235 | Q20: =N20/K20 -> 0.94 | S20: 0.3125 | T20: 0.35416667 | U20: =IF(S20=TIME(17,0,0),"",(S20-T19)*24*60) -> 7 | V20: =(T20-S20)*24*60 -> 60 | AA20: =M20-J20 -> -120 | AB20: =M20/J20 -> 0.94
A21: 新豐7線 | B21: 微波主食 | C21: 海老鰻魚丼滋丼 | E21: 58.17 | F21: 1900 | G21: =E21*F21 -> 110523 | I21: 18 | J21: 2000 | K21: =J21/I21 -> 111.11111 | L21: 18 | M21: =F21/V21*60 -> 1868.8525 | N21: =M21/L21 -> 103.82514 | O21: =L21-I21 -> 0 | P21: =N21-K21 -> -7.2859745 | Q21: =N21/K21 -> 0.93442623 | S21: 0.35902778 | T21: 0.40138889 | U21: =IF(S21=TIME(17,0,0),"",(S21-T20)*24*60) -> 7 | V21: =(T21-S21)*24*60 -> 61 | AA21: =M21-J21 -> -131.14754 | AB21: =M21/J21 -> 0.93442623
A22: 新豐7線 | B22: 微波主食 | C22: 二配美味蟹煲 | E22: 54.09 | F22: 3527 | G22: =E22*F22 -> 190775.43 | I22: 20 | J22: 2000 | K22: =J22/I22 -> 100 | L22: 20 | M22: =F22/V22*60 -> 1872.7434 | N22: =M22/L22 -> 93.637168 | O22: =L22-I22 -> 0 | P22: =N22-K22 -> -6.3628319 | Q22: =N22/K22 -> 0.93637168 | S22: 0.70833333 | T22: 0.78680556 | U22: =IF(S22=TIME(17,0,0),"",(S22-T21)*24*60) | V22: =(T22-S22)*24*60 -> 113 | AA22: =M22-J22 -> -127.25664 | AB22: =M22/J22 -> 0.93637168
A23: 新豐7線 | B23: 微波主食 | C23: 二配極旨黑咖哩漢堡排飯 | E23: 53.27 | F23: 524 | G23: =E23*F23 -> 27913.48 | I23: 15 | J23: 2000 | K23: =J23/I23 -> 133.33333 | L23: 15 | M23: =F23/V23*60 -> 1965 | N23: =M23/L23 -> 131 | O23: =L23-I23 -> 0 | P23: =N23-K23 -> -2.3333333 | Q23: =N23/K23 -> 0.9825 | S23: 0.79236111 | T23: 0.80347222 | U23: =IF(S23=TIME(17,0,0),"",(S23-T22)*24*60) -> 8 | V23: =(T23-S23)*24*60 -> 16 | AA23: =M23-J23 -> -35 | AB23: =M23/J23 -> 0.9825
A24: 新豐7線 | B24: 平均 | I24: 17.166667 | J24: 2000 | K24: =J24/I24 -> 116.50485 | L24: 17.166667 | M24: =AVERAGE(M18:M23) -> 1892.6147 | N24: =M24/L24 -> 110.2494 | O24: =L24-I24 -> 0 | P24: =N24-K24 -> -6.255456 | Q24: =N24/K24 -> 0.94630734 | AA24: =M24-J24 -> -107.38533 | AB24: =M24/J24 -> 0.94630734
A25: 新豐8線 | B25: 三明治 | C25: 經典總匯三明治 | E25: 26.2 | F25: 4053 | G25: =E25*F25 -> 106188.6 | I25: 20 | J25: 2400 | K25: =J25/I25 -> 120 | L25: 20 | M25: =F25/V25*60 -> 2251.6667 | N25: =M25/L25 -> 112.58333 | O25: =L25-I25 -> 0 | P25: =N25-K25 -> -7.4166667 | Q25: =N25/K25 -> 0.93819444 | R25: =Q32 -> 0.93629888 | S25: 0.125 | T25: 0.2 | V25: =(T25-S25)*24*60 -> 108 | W25: =T25 -> 0.2 | X25: =S26 -> 0.21875 | AA25: =M25-J25 -> -148.33333 | AB25: =M25/J25 -> 0.93819444 | AC25: =AB32 -> 0.93629888
A26: 新豐8線 | B26: 三明治 | C26: 紐奧良風味烤雞鮮蔬三明治 | E26: 31.29 | F26: 9335 | G26: =E26*F26 -> 292092.15 | I26: 16 | J26: 2400 | K26: =J26/I26 -> 150 | L26: 16 | M26: =F26/V26*60 -> 2240.4 | N26: =M26/L26 -> 140.025 | O26: =L26-I26 -> 0 | P26: =N26-K26 -> -9.975 | Q26: =N26/K26 -> 0.9335 | S26: 0.21875 | T26: 0.39236111 | U26: =(S26-T25)*24*60 -> 27 | V26: =(T26-S26)*24*60 -> 250 | AA26: =M26-J26 -> -159.6 | AB26: =M26/J26 -> 0.9335
A27: 新豐8線 | B27: 三明治 | C27: 起司芋見肉鬆三明治 | E27: 24.25 | F27: 1800 | G27: =E27*F27 -> 43650 | H27: 2 | I27: 18 | J27: 2400 | K27: =J27/I27 -> 133.33333 | L27: 18 | M27: =F27/V27*60 -> 2250 | N27: =M27/L27 -> 125 | O27: =L27-I27 -> 0 | P27: =N27-K27 -> -8.3333333 | Q27: =N27/K27 -> 0.9375 | S27: 0.39722222 | T27: 0.43055556 | U27: =(S27-T26)*24*60 -> 7 | V27: =(T27-S27)*24*60 -> 48 | AA27: =M27-J27 -> -150 | AB27: =M27/J27 -> 0.9375
A28: 新豐8線 | B28: 三明治 | C28: 日式芥末蛋沙拉三明治 | E28: 25.98 | F28: 2800 | G28: =E28*F28 -> 72744 | H28: 2 | I28: 17 | J28: 2400 | K28: =J28/I28 -> 141.17647 | L28: 17 | M28: =F28/V28*60 -> 2240 | N28: =M28/L28 -> 131.76471 | O28: =L28-I28 -> 0 | P28: =N28-K28 -> -9.4117647 | Q28: =N28/K28 -> 0.93333333 | S28: 0.43611111 | T28: 0.48819444 | U28: =(S28-T27)*24*60 -> 8 | V28: =(T28-S28)*24*60 -> 75 | AA28: =M28-J28 -> -160 | AB28: =M28/J28 -> 0.93333333
A29: 新豐8線 | B29: 三明治 | C29: 藍莓優格三明治(114年) | E29: 22.35 | F29: 1723 | G29: =E29*F29 -> 38509.05 | I29: 16 | J29: 2400 | K29: =J29/I29 -> 150 | L29: 16 | M29: =F29/V29*60 -> 2247.3913 | N29: =M29/L29 -> 140.46196 | O29: =L29-I29 -> 0 | P29: =N29-K29 -> -9.5380435 | Q29: =N29/K29 -> 0.93641304 | S29: 0.49305556 | T29: 0.525 | U29: =(S29-T28)*24*60 -> 7 | V29: =(T29-S29)*24*60 -> 46 | W29: =T29 -> 0.525 | X29: =S30 -> 0.56388889 | AA29: =M29-J29 -> -152.6087 | AB29: =M29/J29 -> 0.93641304
A30: 新豐8線 | B30: 三明治 | C30: 起司芋見肉鬆三明治 | E30: 24.25 | F30: 2732 | G30: =E30*F30 -> 66251 | I30: 18 | J30: 2400 | K30: =J30/I30 -> 133.33333 | L30: 18 | M30: =F30/V30*60 -> 2245.4795 | N30: =M30/L30 -> 124.74886 | O30: =L30-I30 -> 0 | P30: =N30-K30 -> -8.5844749 | Q30: =N30/K30 -> 0.93561644 | S30: 0.56388889 | T30: 0.61458333 | U30: =(S30-T29)*24*60 -> 56 | V30: =(T30-S30)*24*60 -> 73 | AA30: =M30-J30 -> -154.52055 | AB30: =M30/J30 -> 0.93561644
A31: 新豐8線 | B31: 三明治 | C31: 日式芥末蛋沙拉三明治 | E31: 25.98 | F31: 1616 | G31: =E31*F31 -> 41983.68 | I31: 17 | J31: 2400 | K31: =J31/I31 -> 141.17647 | L31: 17 | M31: =F31/V31*60 -> 2254.8837 | N31: =M31/L31 -> 132.64022 | O31: =L31-I31 -> 0 | P31: =N31-K31 -> -8.5362517 | Q31: =N31/K31 -> 0.93953488 | S31: 0.62013889 | T31: 0.65 | U31: =(S31-T30)*24*60 -> 8 | V31: =(T31-S31)*24*60 -> 43 | AA31: =M31-J31 -> -145.11628 | AB31: =M31/J31 -> 0.93953488
A32: 新豐8線 | B32: 平均 | I32: 17.428571 | J32: 2400 | K32: =J32/I32 -> 137.70492 | L32: 17.428571 | M32: =AVERAGE(M25:M31) -> 2247.1173 | N32: =M32/L32 -> 128.93296 | O32: =L32-I32 -> 0 | P32: =N32-K32 -> -8.7719578 | Q32: =N32/K32 -> 0.93629888 | AA32: =M32-J32 -> -152.88269 | AB32: =M32/J32 -> 0.93629888
A33: 新豐9線 | B33: 三明治 | C33: 鮪魚起司溏心蛋三明治 | E33: 26.2 | F33: 6795 | G33: =E33*F33 -> 178029 | I33: 18 | J33: 2400 | K33: =J33/I33 -> 133.33333 | L33: 18 | M33: =F33/V33*60 -> 2240.1099 | N33: =M33/L33 -> 124.45055 | O33: =L33-I33 -> 0 | P33: =N33-K33 -> -8.8827839 | Q33: =N33/K33 -> 0.93337912 | R33: =Q42 -> 0.93628179 | S33: 0.125 | T33: 0.25138889 | V33: =(T33-S33)*24*60 -> 182 | W33: =T33 -> 0.25138889 | X33: =S34 -> 0.27152778 | AA33: =M33-J33 -> -159.89011 | AB33: =M33/J33 -> 0.93337912 | AC33: =AB42 -> 0.93628179
A34: 新豐9線 | B34: 三明治 | C34: 瘋狂起司三明治(113年) | E34: 24.45 | F34: 2163 | G34: =E34*F34 -> 52885.35 | I34: 20 | J34: 2400 | K34: =J34/I34 -> 120 | L34: 20 | M34: =F34/V34*60 -> 2237.5862 | N34: =M34/L34 -> 111.87931 | O34: =L34-I34 -> 0 | P34: =N34-K34 -> -8.1206897 | Q34: =N34/K34 -> 0.93232759 | S34: 0.27152778 | T34: 0.31180556 | U34: =(S34-T33)*24*60 -> 29 | V34: =(T34-S34)*24*60 -> 58 | AA34: =M34-J34 -> -162.41379 | AB34: =M34/J34 -> 0.93232759
A35: 新豐9線 | B35: 三明治 | C35: 醬燒烤雞三明治 | E35: 26.39 | F35: 2000 | G35: =E35*F35 -> 52780 | H35: 2 | I35: 19 | J35: 2400 | K35: =J35/I35 -> 126.31579 | L35: 19 | M35: =F35/V35*60 -> 2264.1509 | N35: =M35/L35 -> 119.16584 | O35: =L35-I35 -> 0 | P35: =N35-K35 -> -7.1499503 | Q35: =N35/K35 -> 0.94339623 | S35: 0.31666667 | T35: 0.35347222 | U35: =(S35-T34)*24*60 -> 7 | V35: =(T35-S35)*24*60 -> 53 | AA35: =M35-J35 -> -135.84906 | AB35: =M35/J35 -> 0.94339623
A36: 新豐9線 | B36: 三明治 | C36: 輕乳酪巧克力三明治 | E36: 20.52 | F36: 3284 | G36: =E36*F36 -> 67387.68 | I36: 18 | J36: 2400 | K36: =J36/I36 -> 133.33333 | L36: 18 | M36: =F36/V36*60 -> 2239.0909 | N36: =M36/L36 -> 124.39394 | O36: =L36-I36 -> 0 | P36: =N36-K36 -> -8.9393939 | Q36: =N36/K36 -> 0.93295455 | S36: 0.35694444 | T36: 0.41805556 | U36: =(S36-T35)*24*60 -> 5 | V36: =(T36-S36)*24*60 -> 88 | AA36: =M36-J36 -> -160.90909 | AB36: =M36/J36 -> 0.93295455
A37: 新豐9線 | B37: 三明治 | C37: 好多菜三明治 | E37: 26.2 | F37: 3200 | G37: =E37*F37 -> 83840 | H37: 2 | I37: 19 | J37: 2400 | K37: =J37/I37 -> 126.31579 | L37: 19 | M37: =F37/V37*60 -> 2258.8235 | N37: =M37/L37 -> 118.88545 | O37: =L37-I37 -> 0 | P37: =N37-K37 -> -7.4303406 | Q37: =N37/K37 -> 0.94117647 | S37: 0.42361111 | T37: 0.48263889 | U37: =(S37-T36)*24*60 -> 8 | V37: =(T37-S37)*24*60 -> 85 | AA37: =M37-J37 -> -141.17647 | AB37: =M37/J37 -> 0.94117647
A38: 新豐9線 | B38: 三明治 | C38: 龍蝦風味總匯三明治 | E38: 25.98 | F38: 2200 | G38: =E38*F38 -> 57156 | H38: 2 | I38: 17 | J38: 2400 | K38: =J38/I38 -> 141.17647 | L38: 17 | M38: =F38/V38*60 -> 2237.2881 | N38: =M38/L38 -> 131.60518 | O38: =L38-I38 -> 0 | P38: =N38-K38 -> -9.5712861 | Q38: =N38/K38 -> 0.93220339 | S38: 0.4875 | T38: 0.52847222 | U38: =(S38-T37)*24*60 -> 7 | V38: =(T38-S38)*24*60 -> 59 | W38: =T38 -> 0.52847222 | X38: =S39 -> 0.56944444 | AA38: =M38-J38 -> -162.71186 | AB38: =M38/J38 -> 0.93220339
A39: 新豐9線 | B39: 三明治 | C39: 醬燒烤雞三明治 | E39: 26.39 | F39: 4338 | G39: =E39*F39 -> 114479.82 | I39: 19 | J39: 2400 | K39: =J39/I39 -> 126.31579 | L39: 19 | M39: =F39/V39*60 -> 2243.7931 | N39: =M39/L39 -> 118.09437 | O39: =L39-I39 -> 0 | P39: =N39-K39 -> -8.2214156 | Q39: =N39/K39 -> 0.93491379 | S39: 0.56944444 | T39: 0.65 | U39: =(S39-T38)*24*60 -> 59 | V39: =(T39-S39)*24*60 -> 116 | AA39: =M39-J39 -> -156.2069 | AB39: =M39/J39 -> 0.93491379
A40: 新豐9線 | B40: 三明治 | C40: 好多菜三明治 | E40: 26.2 | F40: 2001 | G40: =E40*F40 -> 52426.2 | I40: 19 | J40: 2400 | K40: =J40/I40 -> 126.31579 | L40: 19 | M40: =F40/V40*60 -> 2265.283 | N40: =M40/L40 -> 119.22542 | O40: =L40-I40 -> 0 | P40: =N40-K40 -> -7.0903674 | Q40: =N40/K40 -> 0.94386792 | S40: 0.65486111 | T40: 0.69166667 | U40: =(S40-T39)*24*60 -> 7 | V40: =(T40-S40)*24*60 -> 53 | AA40: =M40-J40 -> -134.71698 | AB40: =M40/J40 -> 0.94386792
A41: 新豐9線 | B41: 三明治 | C41: 龍蝦風味總匯三明治 | E41: 25.98 | F41: 1529 | G41: =E41*F41 -> 39723.42 | I41: 17 | J41: 2400 | K41: =J41/I41 -> 141.17647 | L41: 17 | M41: =F41/V41*60 -> 2237.561 | N41: =M41/L41 -> 131.62123 | O41: =L41-I41 -> 0 | P41: =N41-K41 -> -9.5552367 | Q41: =N41/K41 -> 0.93231707 | S41: 0.69722222 | T41: 0.72569444 | U41: =(S41-T40)*24*60 -> 8 | V41: =(T41-S41)*24*60 -> 41 | AA41: =M41-J41 -> -162.43902 | AB41: =M41/J41 -> 0.93231707
A42: 新豐9線 | B42: 平均 | I42: 18.444444 | J42: 2400 | K42: =J42/I42 -> 130.12048 | L42: 18.444444 | M42: =AVERAGE(M33:M41) -> 2247.0763 | N42: =M42/L42 -> 121.82944 | O42: =L42-I42 -> 0 | P42: =N42-K42 -> -8.2910439 | Q42: =N42/K42 -> 0.93628179 | AA42: =M42-J42 -> -152.9237 | AB42: =M42/J42 -> 0.93628179
A43: 新豐3線 | B43: 調理麵包 | C43: 豬肉起司蛋堡 | E43: 27.17 | F43: 6201 | G43: =E43*F43 -> 168481.17 | I43: 10 | J43: 3000 | K43: =J43/I43 -> 300 | L43: 10 | M43: =F43/V43*60 -> 2797.4436 | N43: =M43/L43 -> 279.74436 | O43: =L43-I43 -> 0 | P43: =N43-K43 -> -20.255639 | Q43: =N43/K43 -> 0.9324812 | R43: =Q50 -> 0.93750476 | S43: 0.125 | T43: 0.21736111 | V43: =(T43-S43)*24*60 -> 133 | AA43: =M43-J43 -> -202.55639 | AB43: =M43/J43 -> 0.9324812 | AC43: =AB50 -> 0.93750476
A44: 新豐3線 | B44: 調理麵包 | C44: 豬肉起司堡 | E44: 21.13 | F44: 4956 | G44: =E44*F44 -> 104720.28 | I44: 10 | J44: 3000 | K44: =J44/I44 -> 300 | L44: 10 | M44: =F44/V44*60 -> 2805.283 | N44: =M44/L44 -> 280.5283 | O44: =L44-I44 -> 0 | P44: =N44-K44 -> -19.471698 | Q44: =N44/K44 -> 0.93509434 | S44: 0.22291667 | T44: 0.29652778 | U44: =(S44-T43)*24*60 -> 8 | V44: =(T44-S44)*24*60 -> 106 | AA44: =M44-J44 -> -194.71698 | AB44: =M44/J44 -> 0.93509434
A45: 新豐3線 | B45: 調理麵包 | C45: 經典雙牛起司堡(113年) | E45: 35.12 | F45: 4693 | G45: =E45*F45 -> 164818.16 | I45: 10 | J45: 3000 | K45: =J45/I45 -> 300 | L45: 10 | M45: =F45/V45*60 -> 2815.8 | N45: =M45/L45 -> 281.58 | O45: =L45-I45 -> 0 | P45: =N45-K45 -> -18.42 | Q45: =N45/K45 -> 0.9386 | S45: 0.30138889 | T45: 0.37083333 | U45: =(S45-T44)*24*60 -> 7 | V45: =(T45-S45)*24*60 -> 100 | AA45: =M45-J45 -> -184.2 | AB45: =M45/J45 -> 0.9386
A46: 新豐3線 | B46: 調理麵包 | C46: 美式起司巨牛堡 | E46: 40.18 | F46: 1792 | G46: =E46*F46 -> 72002.56 | I46: 10 | J46: 3000 | K46: =J46/I46 -> 300 | L46: 10 | M46: =F46/V46*60 -> 2829.4737 | N46: =M46/L46 -> 282.94737 | O46: =L46-I46 -> 0 | P46: =N46-K46 -> -17.052632 | Q46: =N46/K46 -> 0.94315789 | S46: 0.37638889 | T46: 0.40277778 | U46: =(S46-T45)*24*60 -> 8 | V46: =(T46-S46)*24*60 -> 38 | AA46: =M46-J46 -> -170.52632 | AB46: =M46/J46 -> 0.94315789
A47: 新豐3線 | B47: 調理麵包 | C47: 哞哞奶香白醬火腿蛋堡 | E47: 28.5 | F47: 1081 | G47: =E47*F47 -> 30808.5 | I47: 10 | J47: 3000 | K47: =J47/I47 -> 300 | L47: 10 | M47: =F47/V47*60 -> 2820 | N47: =M47/L47 -> 282 | O47: =L47-I47 -> 0 | P47: =N47-K47 -> -18 | Q47: =N47/K47 -> 0.94 | S47: 0.40763889 | T47: 0.42361111 | U47: =(S47-T46)*24*60 -> 7 | V47: =(T47-S47)*24*60 -> 23 | AA47: =M47-J47 -> -180 | AB47: =M47/J47 -> 0.94
A48: 新豐3線 | B48: 調理麵包 | C48: 美式雞腿堡 | E48: 35.87 | F48: 3154 | G48: =E48*F48 -> 113133.98 | I48: 10 | J48: 3000 | K48: =J48/I48 -> 300 | L48: 10 | M48: =F48/V48*60 -> 2824.4776 | N48: =M48/L48 -> 282.44776 | O48: =L48-I48 -> 0 | P48: =N48-K48 -> -17.552239 | Q48: =N48/K48 -> 0.94149254 | S48: 0.42777778 | T48: 0.47430556 | U48: =(S48-T47)*24*60 -> 6 | V48: =(T48-S48)*24*60 -> 67 | AA48: =M48-J48 -> -175.52239 | AB48: =M48/J48 -> 0.94149254
A49: 新豐3線 | B49: 調理麵包 | C49: 泰式酸辣炸雞堡 | E49: 36.14 | F49: 1910 | G49: =E49*F49 -> 69027.4 | I49: 10 | J49: 3000 | K49: =J49/I49 -> 300 | L49: 10 | M49: =F49/V49*60 -> 2795.122 | N49: =M49/L49 -> 279.5122 | O49: =L49-I49 -> 0 | P49: =N49-K49 -> -20.487805 | Q49: =N49/K49 -> 0.93170732 | S49: 0.47847222 | T49: 0.50694444 | U49: =(S49-T48)*24*60 -> 6 | V49: =(T49-S49)*24*60 -> 41 | AA49: =M49-J49 -> -204.87805 | AB49: =M49/J49 -> 0.93170732
A50: 新豐3線 | B50: 平均 | I50: 10 | J50: 3000 | K50: =J50/I50 -> 300 | L50: 10 | M50: =AVERAGE(M43:M49) -> 2812.5143 | N50: =M50/L50 -> 281.25143 | O50: =L50-I50 -> 0 | P50: =N50-K50 -> -18.748573 | Q50: =N50/K50 -> 0.93750476 | AA50: =M50-J50 -> -187.48573 | AB50: =M50/J50 -> 0.93750476
A51: 新豐1線 | B51: 沙拉 | C51: 蔥鹽雞肉麵沙拉(114年) | E51: 46 | F51: 3158 | G51: =E51*F51 -> 145268 | I51: 17 | J51: 2000 | K51: =J51/I51 -> 117.64706 | L51: 17 | M51: =F51/V51*60 -> 1876.0396 | N51: =M51/L51 -> 110.35527 | O51: =L51-I51 -> 0 | P51: =N51-K51 -> -7.291788 | Q51: =N51/K51 -> 0.9380198 | R51: =Q56 -> 0.93592798 | S51: 0.29166667 | T51: 0.36180556 | V51: =(T51-S51)*24*60 -> 101 | AA51: =M51-J51 -> -123.9604 | AB51: =M51/J51 -> 0.9380198 | AC51: =AB56 -> 0.93592798
A52: 新豐1線 | B52: 沙拉 | C52: 莎莎烤雞麵沙拉 | E52: 46 | F52: 3394 | G52: =E52*F52 -> 156124 | I52: 18 | J52: 2000 | K52: =J52/I52 -> 111.11111 | L52: 18 | M52: =F52/V52*60 -> 1868.2569 | N52: =M52/L52 -> 103.79205 | O52: =L52-I52 -> 0 | P52: =N52-K52 -> -7.3190622 | Q52: =N52/K52 -> 0.93412844 | S52: 0.36597222 | T52: 0.44166667 | U52: =IF(S52=TIME(17,0,0),"",(S52-T51)*24*60) -> 6 | V52: =(T52-S52)*24*60 -> 109 | AA52: =M52-J52 -> -131.74312 | AB52: =M52/J52 -> 0.93412844
