Workbook

Sheet 0731
B1: 屏榮 新豐廠組合室生產人時性分析
B3: 日期 | C3: =TEXT('0731 4度C'!A2,"yyyy.mm.ddaaaa") -> 2025.07.31星期四 | E3: 訂單量 | F3: ='0731 4度C'!D1 -> 152356 | H3: 營業額 | I3: ='0731 4度C'!F1 -> 5197137.5
B4: 人時性 | C4: 項目 | E4: ➀ | G4: ➁ | I4: ➂
C5: 組合室 | E5: 全溫層 | G5: 4度C-各編組展開 | I5: ③三明治-各編組展開
C6: 排關平均 | E6: =AVERAGE(D13:M13) -> 142.20317 | F6: =AVERAGE(D27:O27,D13:J13) -> 145.01729 | G6: =AVERAGE(D13:J13) -> 145.01729 | I6: =AVERAGE(K13:M13) -> 135.63691
C7: 實績平均 | E7: =AVERAGE(D14:M14) -> 130.65572 | F7: =AVERAGE(D28:O28,D14:J14) -> 133.34696 | G7: =AVERAGE(D14:J14) -> 133.34696 | I7: =AVERAGE(K14:M14) -> 124.37617
C8: 達成率平均 | E8: =AVERAGE(D15:M15) -> 0.91882064 | F8: =AVERAGE(D15:J15,D29:O29) -> 0.91962653 | G8: =AVERAGE(D15:J15) -> 0.91962653 | I8: =AVERAGE(K15:M15) -> 0.91694021 | K8: ※現行日本鮮食廠以達成率80%為基本(即為現行KPI)
B10: 溫層 | D10: ➁4度C-各編組展開 | K10: ③三明治-各編組展開
B11: 編組 | D11: 1 | E11: 2 | F11: 3 | G11: 4 | H11: 5 | I11: 6 | J11: 7 | K11: 1 | L11: 2 | M11: 3
D12: 燴飯線 | E12: 沙拉一線 | F12: 沙拉二線 | G12: 沙拉三線 | H12: 自動包裝線 | I12: 涼麵一線 | J12: 三明治四線 | K12: 三明治一線 | L12: 三明治二線 | M12: 自動包裝二線
B13: 人時性 | C13: 排關 | D13: =SUMIFS('0731 4度C'!$K:$K,'0731 4度C'!$A:$A,"燴飯線",'0731 4度C'!$B:$B,"平均") -> 105.88235 | E13: =SUMIFS('0731 4度C'!$K:$K,'0731 4度C'!$A:$A,"沙拉線一線",'0731 4度C'!$B:$B,"平均") -> 81.081081 | F13: =SUMIFS('0731 4度C'!$K:$K,'0731 4度C'!$A:$A,"沙拉線二線",'0731 4度C'!$B:$B,"平均") -> 81.298969 | G13: =SUMIFS('0731 4度C'!$K:$K,'0731 4度C'!$A:$A,"沙拉線三線",'0731 4度C'!$B:$B,"平均") -> 104.19162 | H13: =SUMIFS('0731 4度C'!$K:$K,'0731 4度C'!$A:$A,"自動包裝線",'0731 4度C'!$B:$B,"平均") -> 300 | I13: =SUMIFS('0731 4度C'!$K:$K,'0731 4度C'!$A:$A,"涼麵一線",'0731 4度C'!$B:$B,"平均") -> 89.552239 | J13: =SUMIFS('0731 4度C'!$K:$K,'0731 4度C'!$A:$A,"三明治四線",'0731 4度C'!$B:$B,"平均") -> 253.11475 | K13: =SUMIFS('0731 4度C'!$K:$K,'0731 4度C'!$A:$A,"三明治一線",'0731 4度C'!$B:$B,"平均") -> 138.46154 | L13: =SUMIFS('0731 4度C'!$K:$K,'0731 4度C'!$A:$A,"三明治二線",'0731 4度C'!$B:$B,"平均") -> 127.27273 | M13: =SUMIFS('0731 4度C'!$K:$K,'0731 4度C'!$A:$A,"自動包裝二線",'0731 4度C'!$B:$B,"平均") -> 141.17647
C14: 實績 | D14: =SUMIFS('0731 4度C'!$N:$N,'0731 4度C'!$A:$A,"燴飯線",'0731 4度C'!$B:$B,"平均") -> 98.135169 | E14: =SUMIFS('0731 4度C'!$N:$N,'0731 4度C'!$A:$A,"沙拉線一線",'0731 4度C'!$B:$B,"平均") -> 74.18448 | F14: =SUMIFS('0731 4度C'!$N:$N,'0731 4度C'!$A:$A,"沙拉線二線",'0731 4度C'!$B:$B,"平均") -> 74.786701 | G14: =SUMIFS('0731 4度C'!$N:$N,'0731 4度C'!$A:$A,"沙拉線三線",'0731 4度C'!$B:$B,"平均") -> 96.152448 | H14: =SUMIFS('0731 4度C'!$N:$N,'0731 4度C'!$A:$A,"自動包裝線",'0731 4度C'!$B:$B,"平均") -> 275.42494 | I14: =SUMIFS('0731 4度C'!$N:$N,'0731 4度C'!$A:$A,"涼麵一線",'0731 4度C'!$B:$B,"平均") -> 81.94436 | J14: =SUMIFS('0731 4度C'!$N:$N,'0731 4度C'!$A:$A,"三明治四線",'0731 4度C'!$B:$B,"平均") -> 232.80063 | K14: =SUMIFS('0731 4度C'!$N:$N,'0731 4度C'!$A:$A,"三明治一線",'0731 4度C'!$B:$B,"平均") -> 126.98175 | L14: =SUMIFS('0731 4度C'!$N:$N,'0731 4度C'!$A:$A,"三明治二線",'0731 4度C'!$B:$B,"平均") -> 116.55421 | M14: =SUMIFS('0731 4度C'!$N:$N,'0731 4度C'!$A:$A,"自動包裝二線",'0731 4度C'!$B:$B,"平均") -> 129.59254
C15: 達成率 | D15: =D14/D13 -> 0.92683215 | E15: =E14/E13 -> 0.91494192 | F15: =F14/F13 -> 0.91989729 | G15: =G14/G13 -> 0.92284246 | H15: =H14/H13 -> 0.91808313 | I15: =I14/I13 -> 0.91504535 | J15: =J14/J13 -> 0.91974344 | K15: =K14/K13 -> 0.91709041 | ... M15: =M14/M13 -> 0.91794716
B16: 作業 時間 | C16: 開始 | D16: =VLOOKUP("燴飯線",'0731 4度C'!$A:$T,19,0) -> 0.70833333 | E16: =VLOOKUP("沙拉線一線",'0731 4度C'!$A:$T,19,0) -> 0.12986111 | F16: =VLOOKUP("沙拉線二線",'0731 4度C'!$A:$T,19,0) -> 0.25 | G16: =VLOOKUP("沙拉線三線",'0731 4度C'!$A:$T,19,0) -> 0.16666667 | H16: =VLOOKUP("自動包裝線",'0731 4度C'!$A:$T,19,0) -> 0.20833333 | I16: =VLOOKUP("涼麵一線",'0731 4度C'!$A:$T,19,0) -> 0.29166667 | J16: =VLOOKUP("三明治四線",'0731 4度C'!$A:$T,19,0) -> 0.20833333 | K16: =VLOOKUP("三明治一線",'0731 4度C'!$A:$T,19,0) -> 0.125 | L16: =VLOOKUP("三明治二線",'0731 4度C'!$A:$T,19,0) -> 0.125 | M16: =VLOOKUP("自動包裝二線",'0731 4度C'!$A:$T,19,0) -> 0.125
C17: 結束 | D17: =LOOKUP(2,1/(('0731 4度C'!$A:$A="燴飯線")*('0731 4度C'!$T:$T<>"")),'0731 4度C'!$T:$T) -> 0.82638889 | E17: =LOOKUP(2,1/(('0731 4度C'!$A:$A="沙拉線一線")*('0731 4度C'!$T:$T<>"")),'0731 4度C'!$T:$T) -> 0.61458333 | F17: =LOOKUP(2,1/(('0731 4度C'!$A:$A="沙拉線二線")*('0731 4度C'!$T:$T<>"")),'0731 4度C'!$T:$T) -> 0.87569444 | G17: =LOOKUP(2,1/(('0731 4度C'!$A:$A="沙拉線三線")*('0731 4度C'!$T:$T<>"")),'0731 4度C'!$T:$T) -> 0.91319444 | H17: =LOOKUP(2,1/(('0731 4度C'!$A:$A="自動包裝線")*('0731 4度C'!$T:$T<>"")),'0731 4度C'!$T:$T) -> 0.61458333 | I17: =LOOKUP(2,1/(('0731 4度C'!$A:$A="涼麵一線")*('0731 4度C'!$T:$T<>"")),'0731 4度C'!$T:$T) -> 0.80416667 | J17: =LOOKUP(2,1/(('0731 4度C'!$A:$A="三明治四線")*('0731 4度C'!$T:$T<>"")),'0731 4度C'!$T:$T) -> 0.49305556 | K17: =LOOKUP(2,1/(('0731 4度C'!$A:$A="三明治一線")*('0731 4度C'!$T:$T<>"")),'0731 4度C'!$T:$T) -> 0.61597222 | L17: =LOOKUP(2,1/(('0731 4度C'!$A:$A="三明治二線")*('0731 4度C'!$T:$T<>"")),'0731 4度C'!$T:$T) -> 0.61388889 | M17: =LOOKUP(2,1/(('0731 4度C'!$A:$A="自動包裝二線")*('0731 4度C'!$T:$T<>"")),'0731 4度C'!$T:$T) -> 0.58541667
B18: 配置人數 | D18: =SUMIFS('0731 4度C'!$I:$I,'0731 4度C'!$A:$A,"燴飯線",'0731 4度C'!$B:$B,"平均") -> 17 | E18: =SUMIFS('0731 4度C'!$I:$I,'0731 4度C'!$A:$A,"沙拉線一線",'0731 4度C'!$B:$B,"平均") -> 18.5 | F18: =SUMIFS('0731 4度C'!$I:$I,'0731 4度C'!$A:$A,"沙拉線二線",'0731 4度C'!$B:$B,"平均") -> 19.4 | G18: =SUMIFS('0731 4度C'!$I:$I,'0731 4度C'!$A:$A,"沙拉線三線",'0731 4度C'!$B:$B,"平均") -> 16.7 | H18: =SUMIFS('0731 4度C'!$I:$I,'0731 4度C'!$A:$A,"自動包裝線",'0731 4度C'!$B:$B,"平均") -> 10 | I18: =SUMIFS('0731 4度C'!$I:$I,'0731 4度C'!$A:$A,"涼麵一線",'0731 4度C'!$B:$B,"平均") -> 16.75 | J18: =SUMIFS('0731 4度C'!$I:$I,'0731 4度C'!$A:$A,"三明治四線",'0731 4度C'!$B:$B,"平均") -> 10.166667 | K18: =SUMIFS('0731 4度C'!$I:$I,'0731 4度C'!$A:$A,"三明治一線",'0731 4度C'!$B:$B,"平均") -> 17.333333 | L18: =SUMIFS('0731 4度C'!$I:$I,'0731 4度C'!$A:$A,"三明治二線",'0731 4度C'!$B:$B,"平均") -> 18.857143 | M18: =SUMIFS('0731 4度C'!$I:$I,'0731 4度C'!$A:$A,"自動包裝二線",'0731 4度C'!$B:$B,"平均") -> 17
B19: 主要應用設備 | D19: ET-55 | E19: 熱縮爐 | F19: L型包裝機 | G19: L型包裝機 | H19: 伺服包裝機 | I19: ET-55 | J19: 伺服包裝機 | K19: 三明治包裝機 | L19: 三明治包裝機 | M19: 三明治包裝機
B20: 次要應用設備 | F20: 圓盤機 | G20: ET-55
B21: 備註 | E21: 握沙拉 | F21: 共用L型包裝機 | H21: 調理麵包 | I21: 炒飯+沙拉 | J21: 調理麵包

Sheet 0731 4度C
A1: 新豐廠四度C日報分析 | C1: 總生產量 | D1: =SUM(F5:F73) -> 152356 | E1: 營業額 | F1: =SUM(G5:G73) -> 5197137.5 | G1: 出勤人數 | H1: =L8+L13+L54+L59+L19+L66+L37+L45+L30+L73 -> 161.70714 | I1: 產線配置圖 | L1: 生產實績 | O1: 人時性差異分析 | S1: 日報登錄 | Y1: 分析說明 | AA1: 產能差異分析
A2: 45869 | B2: 星期四 | C2: 人時性 | D2: =AVERAGE(N8,N13,N54,N59,N19,N66,N30,N37,N45,N73) -> 130.65572 | E2: 平均廠價 | F2: =F1/D1 -> 34.111801 | G2: 多次生產數 | H2: =COUNT(H5:H73) -> 8
A3: 線別 | B3: 品類 | C3: 品名 | E3: 廠價 | F3: 生產量 | G3: 營收 | H3: 多次 生產 | I3: 人數 | J3: 產能/時 | K3: 人時性 | L3: 人數 | M3: 產能/時 | N3: 人時性 | O3: 人數 | P3: 人時性 | Q3: 達成率 | R3: 達成率平均 | S3: 生產時間 | U3: 換線、休息/分 | V3: 稼動時間/分 | W3: 休息時間 | Y3: (新豐回填) | AA3: 產能/時 | AB3: 達成率 | AC3: 達成率平均
S4: 開始 | T4: 結束 | W4: 開始 | X4: 結束
A5: 燴飯線 | B5: 微波主食 | C5: 二配煸椒烘蛋飯 | E5: 46.93 | F5: 788 | G5: =E5*F5 -> 36980.84 | I5: 17 | J5: 1800 | K5: =J5/I5 -> 105.88235 | L5: 17 | M5: =F5/V5*60 -> 1688.5714 | N5: =M5/L5 -> 99.327731 | O5: =L5-I5 -> 0 | P5: =N5-K5 -> -6.5546218 | Q5: =N5/K5 -> 0.93809524 | R5: =Q8 -> 0.92683215 | S5: 0.70833333 | T5: 0.72777778 | V5: =(T5-S5)*24*60 -> 28 | AA5: =M5-J5 -> -111.42857 | AB5: =M5/J5 -> 0.93809524 | AC5: =AB8 -> 0.92683215
A6: 燴飯線 | B6: 微波主食 | C6: 二配川味麻婆燒豆腐燴飯 | E6: 50.49 | F6: 1691 | G6: =E6*F6 -> 85378.59 | I6: 16 | J6: 1800 | K6: =J6/I6 -> 112.5 | L6: 16 | M6: =F6/V6*60 -> 1663.2787 | N6: =M6/L6 -> 103.95492 | O6: =L6-I6 -> 0 | P6: =N6-K6 -> -8.545082 | Q6: =N6/K6 -> 0.92404372 | S6: 0.73125 | T6: 0.77361111 | U6: =(S6-T5)*24*60 -> 5 | V6: =(T6-S6)*24*60 -> 61 | AA6: =M6-J6 -> -136.72131 | AB6: =M6/J6 -> 0.92404372
A7: 燴飯線 | B7: 微波主食 | C7: 二配港式香滑嫩蛋牛肉燴飯 | E7: 50.67 | F7: 1901 | G7: =E7*F7 -> 96323.67 | I7: 18 | J7: 1800 | K7: =J7/I7 -> 100 | L7: 18 | M7: =F7/V7*60 -> 1653.0435 | N7: =M7/L7 -> 91.835749 | O7: =L7-I7 -> 0 | P7: =N7-K7 -> -8.1642512 | Q7: =N7/K7 -> 0.91835749 | S7: 0.77847222 | T7: 0.82638889 | U7: =(S7-T6)*24*60 -> 7 | V7: =(T7-S7)*24*60 -> 69 | AA7: =M7-J7 -> -146.95652 | AB7: =M7/J7 -> 0.91835749
A8: 燴飯線 | B8: 平均 | I8: 17 | J8: 1800 | K8: =J8/I8 -> 105.88235 | L8: 17 | M8: =AVERAGE(M5:M7) -> 1668.2979 | N8: =M8/L8 -> 98.135169 | O8: =L8-I8 -> 0 | P8: =N8-K8 -> -7.7471844 | Q8: =N8/K8 -> 0.92683215 | AA8: =M8-J8 -> -131.70213 | AB8: =M8/J8 -> 0.92683215
A9: 沙拉線一線 | B9: 沙拉 | C9: 青醬優格雞肉握沙拉(113年) | E9: 39.62 | F9: 4127 | G9: =E9*F9 -> 163511.74 | I9: 19 | J9: 1500 | K9: =J9/I9 -> 78.947368 | L9: 19 | M9: =F9/V9*60 -> 1375.6667 | N9: =M9/L9 -> 72.403509 | O9: =L9-I9 -> 0 | P9: =N9-K9 -> -6.5438596 | Q9: =N9/K9 -> 0.91711111 | R9: =Q13 -> 0.91494192 | S9: 0.12986111 | T9: 0.25486111 | V9: =(T9-S9)*24*60 -> 180 | AA9: =M9-J9 -> -124.33333 | AB9: =M9/J9 -> 0.91711111 | AC9: =AB13 -> 0.91494192
A10: 沙拉線一線 | B10: 沙拉 | C10: 青檸烤雞握沙拉(113年) | E10: 39.8 | F10: 2600 | G10: =E10*F10 -> 103480 | H10: 2 | I10: 18 | J10: 1500 | K10: =J10/I10 -> 83.333333 | L10: 18 | M10: =F10/V10*60 -> 1368.4211 | N10: =M10/L10 -> 76.023392 | O10: =L10-I10 -> 0 | P10: =N10-K10 -> -7.3099415 | Q10: =N10/K10 -> 0.9122807 | S10: 0.27708333 | T10: 0.35625 | U10: =(S10-T9)*24*60 -> 32 | V10: =(T10-S10)*24*60 -> 114 | AA10: =M10-J10 -> -131.57895 | AB10: =M10/J10 -> 0.9122807
A11: 沙拉線一線 | B11: 沙拉 | C11: 地瓜瓜握沙拉 | E11: 39.29 | F11: 3665 | G11: =E11*F11 -> 143997.85 | I11: 19 | J11: 1500 | K11: =J11/I11 -> 78.947368 | L11: 19 | M11: =F11/V11*60 -> 1374.375 | N11: =M11/L11 -> 72.335526 | O11: =L11-I11 -> 0 | P11: =N11-K11 -> -6.6118421 | Q11: =N11/K11 -> 0.91625 | S11: 0.36597222 | T11: 0.47708333 | U11: =(S11-T10)*24*60 -> 14 | V11: =(T11-S11)*24*60 -> 160 | AA11: =M11-J11 -> -125.625 | AB11: =M11/J11 -> 0.91625
A12: 沙拉線一線 | B12: 沙拉 | C12: 青檸烤雞握沙拉(113年) | E12: 39.8 | F12: 3268 | G12: =E12*F12 -> 130066.4 | I12: 18 | J12: 1500 | K12: =J12/I12 -> 83.333333 | L12: 18 | M12: =F12/V12*60 -> 1371.1888 | N12: =M12/L12 -> 76.177156 | O12: =L12-I12 -> 0 | P12: =N12-K12 -> -7.1561772 | Q12: =N12/K12 -> 0.91412587 | S12: 0.51527778 | T12: 0.61458333 | U12: =(S12-T11)*24*60 -> 55 | V12: =(T12-S12)*24*60 -> 143 | AA12: =M12-J12 -> -128.81119 | AB12: =M12/J12 -> 0.91412587
A13: 沙拉線一線 | B13: 平均 | I13: 18.5 | J13: 1500 | K13: =J13/I13 -> 81.081081 | L13: 18.5 | M13: =AVERAGE(M9:M12) -> 1372.4129 | N13: =M13/L13 -> 74.18448 | O13: =L13-I13 -> 0 | P13: =N13-K13 -> -6.8966009 | Q13: =N13/K13 -> 0.91494192 | AA13: =M13-J13 -> -127.58712 | AB13: =M13/J13 -> 0.91494192
A14: 沙拉線二線 | B14: 小菜、微波 | C14: 剝皮辣椒雞湯 | E14: 41 | F14: 1725 | G14: =E14*F14 -> 70725 | I14: 26 | J14: 1286 | K14: =J14/I14 -> 49.461538 | L14: 26 | M14: =F14/V14*60 -> 1176.1364 | N14: =M14/L14 -> 45.236014 | O14: =L14-I14 -> 0 | P14: =N14-K14 -> -4.2255245 | Q14: =N14/K14 -> 0.91456949 | R14: =Q19 -> 0.91989729 | S14: 0.25 | T14: 0.31111111 | V14: =(T14-S14)*24*60 -> 88 | AA14: =M14-J14 -> -109.86364 | AB14: =M14/J14 -> 0.91456949 | AC14: =AB19 -> 0.91989729
A15: 沙拉線二線 | B15: 沙拉 | C15: 厚蛋時蔬握沙拉 | E15: 39.29 | F15: 3081 | G15: =E15*F15 -> 121052.49 | I15: 18 | J15: 1500 | K15: =J15/I15 -> 83.333333 | L15: 18 | M15: =F15/V15*60 -> 1369.3333 | N15: =M15/L15 -> 76.074074 | O15: =L15-I15 -> 0 | P15: =N15-K15 -> -7.2592593 | Q15: =N15/K15 -> 0.91288889 | S15: 0.31944444 | T15: 0.41319444 | U15: =(S15-T14)*24*60 -> 12 | V15: =(T15-S15)*24*60 -> 135 | AA15: =M15-J15 -> -130.66667 | AB15: =M15/J15 -> 0.91288889
A16: 沙拉線二線 | B16: 微波主食 | C16: 二配金咖哩濃厚辛辣咖哩飯 | E16: 50.98 | F16: 2331 | G16: =E16*F16 -> 118834.38 | I16: 17 | J16: 1800 | K16: =J16/I16 -> 105.88235 | L16: 17 | M16: =F16/V16*60 -> 1645.4118 | N16: =M16/L16 -> 96.788927 | O16: =L16-I16 -> 0 | P16: =N16-K16 -> -9.0934256 | Q16: =N16/K16 -> 0.91411765 | S16: 0.70833333 | T16: 0.76736111 | U16: =(S16-T15)*24*60 -> 425 | V16: =(T16-S16)*24*60 -> 85 | AA16: =M16-J16 -> -154.58824 | AB16: =M16/J16 -> 0.91411765
A17: 沙拉線二線 | B17: 微波主食 | C17: 二配粗飽系雞排炒飯 | E17: 57.73 | F17: 1403 | G17: =E17*F17 -> 80995.19 | I17: 16 | J17: 1500 | K17: =J17/I17 -> 93.75 | L17: 16 | M17: =F17/V17*60 -> 1380 | N17: =M17/L17 -> 86.25 | O17: =L17-I17 -> 0 | P17: =N17-K17 -> -7.5 | Q17: =N17/K17 -> 0.92 | S17: 0.77083333 | T17: 0.81319444 | U17: =(S17-T16)*24*60 -> 5 | V17: =(T17-S17)*24*60 -> 61 | AA17: =M17-J17 -> -120 | AB17: =M17/J17 -> 0.92
A18: 沙拉線二線 | B18: 微波主食 | C18: 二配美味蟹煲 | E18: 54.09 | F18: 982 | G18: =E18*F18 -> 53116.38 | I18: 20 | J18: 1800 | K18: =J18/I18 -> 90 | L18: 20 | M18: =F18/V18*60 -> 1683.4286 | N18: =M18/L18 -> 84.171429 | O18: =L18-I18 -> 0 | P18: =N18-K18 -> -5.8285714 | Q18: =N18/K18 -> 0.9352381 | S18: 0.85138889 | T18: 0.87569444 | U18: =(S18-T17)*24*60 -> 55 | V18: =(T18-S18)*24*60 -> 35 | AA18: =M18-J18 -> -116.57143 | AB18: =M18/J18 -> 0.9352381
A19: 沙拉線二線 | B19: 平均 | I19: 19.4 | J19: 1577.2 | K19: =J19/I19 -> 81.298969 | L19: 19.4 | M19: =AVERAGE(M14:M18) -> 1450.862 | N19: =M19/L19 -> 74.786701 | O19: =L19-I19 -> 0 | P19: =N19-K19 -> -6.5122677 | Q19: =N19/K19 -> 0.91989729 | AA19: =M19-J19 -> -126.33799 | AB19: =M19/J19 -> 0.91989729
A20: 沙拉線三線 | B20: 小吃 | C20: 古早味炒炊粉 | E20: 43.14 | F20: 1210 | G20: =E20*F20 -> 52199.4 | I20: 17 | J20: 1200 | K20: =J20/I20 -> 70.588235 | L20: 17 | M20: =F20/V20*60 -> 1100 | N20: =M20/L20 -> 64.705882 | O20: =L20-I20 -> 0 | P20: =N20-K20 -> -5.8823529 | Q20: =N20/K20 -> 0.91666667 | R20: =Q30 -> 0.92284246 | S20: 0.16666667 | T20: 0.2125 | V20: =(T20-S20)*24*60 -> 66 | AA20: =M20-J20 -> -100 | AB20: =M20/J20 -> 0.91666667 | AC20: =AB30 -> 0.92284246
A21: 沙拉線三線 | B21: 微波主食 | C21: 鐵板滑蛋炸豬排丼 | E21: 57.73 | F21: 2866 | G21: =E21*F21 -> 165454.18 | I21: 16 | J21: 1800 | K21: =J21/I21 -> 112.5 | L21: 16 | M21: =F21/V21*60 -> 1653.4615 | N21: =M21/L21 -> 103.34135 | O21: =L21-I21 -> 0 | P21: =N21-K21 -> -9.1586538 | Q21: =N21/K21 -> 0.91858974 | S21: 0.23194444 | T21: 0.30416667 | U21: =(S21-T20)*24*60 -> 28 | V21: =(T21-S21)*24*60 -> 104 | AA21: =M21-J21 -> -146.53846 | AB21: =M21/J21 -> 0.91858974
A22: 沙拉線三線 | B22: 微波主食 | C22: 極上炙烤親子丼 | E22: 53.68 | F22: 1678 | G22: =E22*F22 -> 90075.04 | I22: 17 | J22: 1800 | K22: =J22/I22 -> 105.88235 | L22: 17 | M22: =F22/V22*60 -> 1650.4918 | N22: =M22/L22 -> 97.087753 | O22: =L22-I22 -> 0 | P22: =N22-K22 -> -8.7945998 | Q22: =N22/K22 -> 0.91693989 | S22: 0.30833333 | T22: 0.35069444 | U22: =(S22-T21)*24*60 -> 6 | V22: =(T22-S22)*24*60 -> 61 | AA22: =M22-J22 -> -149.5082 | AB22: =M22/J22 -> 0.91693989
A23: 沙拉線三線 | B23: 微波主食 | C23: 紅燒纖牛若風味燴飯 | E23: 50.67 | F23: 986 | G23: =E23*F23 -> 49960.62 | I23: 16 | J23: 1800 | K23: =J23/I23 -> 112.5 | L23: 16 | M23: =F23/V23*60 -> 1643.3333 | N23: =M23/L23 -> 102.70833 | O23: =L23-I23 -> 0 | P23: =N23-K23 -> -9.7916667 | Q23: =N23/K23 -> 0.91296296 | S23: 0.35416667 | T23: 0.37916667 | U23: =(S23-T22)*24*60 -> 5 | V23: =(T23-S23)*24*60 -> 36 | AA23: =M23-J23 -> -156.66667 | AB23: =M23/J23 -> 0.91296296
A24: 沙拉線三線 | B24: 微波主食 | C24: 海老鰻魚丼滋丼 | E24: 58.17 | F24: 2849 | G24: =E24*F24 -> 165726.33 | I24: 18 | J24: 1800 | K24: =J24/I24 -> 100 | L24: 18 | M24: =F24/V24*60 -> 1643.6538 | N24: =M24/L24 -> 91.314103 | O24: =L24-I24 -> 0 | P24: =N24-K24 -> -8.6858974 | Q24: =N24/K24 -> 0.91314103 | S24: 0.38263889 | T24: 0.45486111 | U24: =(S24-T23)*24*60 -> 5 | V24: =(T24-S24)*24*60 -> 104 | AA24: =M24-J24 -> -156.34615 | AB24: =M24/J24 -> 0.91314103
A25: 沙拉線三線 | B25: 微波主食 | C25: 二配金咖哩果香甘口咖哩飯 | E25: 50.92 | F25: 1000 | G25: =E25*F25 -> 50920 | H25: 2 | I25: 16 | J25: 1800 | K25: =J25/I25 -> 112.5 | L25: 16 | M25: =F25/V25*60 -> 1666.6667 | N25: =M25/L25 -> 104.16667 | O25: =L25-I25 -> 0 | P25: =N25-K25 -> -8.3333333 | Q25: =N25/K25 -> 0.92592593 | S25: 0.70833333 | T25: 0.73333333 | U25: =(S25-T24)*24*60 -> 365 | V25: =(T25-S25)*24*60 -> 36 | AA25: =M25-J25 -> -133.33333 | AB25: =M25/J25 -> 0.92592593
A26: 沙拉線三線 | B26: 微波主食 | C26: 二配極旨黑咖哩漢堡排飯 | E26: 53.27 | F26: 436 | G26: =E26*F26 -> 23225.72 | I26: 15 | J26: 1800 | K26: =J26/I26 -> 120 | L26: 15 | M26: =F26/V26*60 -> 1744 | N26: =M26/L26 -> 116.26667 | O26: =L26-I26 -> 0 | P26: =N26-K26 -> -3.7333333 | Q26: =N26/K26 -> 0.96888889 | S26: 0.73680556 | T26: 0.74722222 | U26: =(S26-T25)*24*60 -> 5 | V26: =(T26-S26)*24*60 -> 15 | AA26: =M26-J26 -> -56 | AB26: =M26/J26 -> 0.96888889
A27: 沙拉線三線 | B27: 微波主食 | C27: 二配黑胡椒素豬若飯 | E27: 49.91 | F27: 663 | G27: =E27*F27 -> 33090.33 | I27: 16 | J27: 1800 | K27: =J27/I27 -> 112.5 | L27: 16 | M27: =F27/V27*60 -> 1657.5 | N27: =M27/L27 -> 103.59375 | O27: =L27-I27 -> 0 | P27: =N27-K27 -> -8.90625 | Q27: =N27/K27 -> 0.92083333 | S27: 0.75069444 | T27: 0.76736111 | U27: =(S27-T26)*24*60 -> 5 | V27: =(T27-S27)*24*60 -> 24 | AA27: =M27-J27 -> -142.5 | AB27: =M27/J27 -> 0.92083333
A28: 沙拉線三線 | B28: 微波主食 | C28: 二配美味蟹煲 | E28: 54.09 | F28: 2500 | G28: =E28*F28 -> 135225 | H28: 2 | I28: 20 | J28: 1800 | K28: =J28/I28 -> 90 | L28: 20 | M28: =F28/V28*60 -> 1648.3516 | N28: =M28/L28 -> 82.417582 | O28: =L28-I28 -> 0 | P28: =N28-K28 -> -7.5824176 | Q28: =N28/K28 -> 0.91575092 | S28: 0.77083333 | T28: 0.83402778 | U28: =(S28-T27)*24*60 -> 5 | V28: =(T28-S28)*24*60 -> 91 | AA28: =M28-J28 -> -151.64835 | AB28: =M28/J28 -> 0.91575092
A29: 沙拉線三線 | B29: 微波主食 | C29: 二配金咖哩果香甘口咖哩飯 | E29: 50.92 | F29: 1540 | G29: =E29*F29 -> 78416.8 | I29: 16 | J29: 1800 | K29: =J29/I29 -> 112.5 | L29: 16 | M29: =F29/V29*60 -> 1650 | N29: =M29/L29 -> 103.125 | O29: =L29-I29 -> 0 | P29: =N29-K29 -> -9.375 | Q29: =N29/K29 -> 0.91666667 | S29: 0.87430556 | T29: 0.91319444 | U29: =(S29-T28)*24*60 -> 58 | V29: =(T29-S29)*24*60 -> 56 | AA29: =M29-J29 -> -150 | AB29: =M29/J29 -> 0.91666667
A30: 沙拉線三線 | B30: 平均 | I30: 16.7 | J30: 1740 | K30: =J30/I30 -> 104.19162 | L30: 16.7 | M30: =AVERAGE(M20:M29) -> 1605.7459 | N30: =M30/L30 -> 96.152448 | O30: =L30-I30 -> 0 | P30: =N30-K30 -> -8.0391686 | Q30: =N30/K30 -> 0.92284246 | AA30: =M30-J30 -> -134.25412 | AB30: =M30/J30 -> 0.92284246
A31: 三明治一線 | B31: 三明治 | C31: 經典總匯三明治 | E31: 26.2 | F31: 3648 | G31: =E31*F31 -> 95577.6 | I31: 20 | J31: 2400 | K31: =J31/I31 -> 120 | L31: 20 | M31: =F31/V31*60 -> 2188.8 | N31: =M31/L31 -> 109.44 | O31: =L31-I31 -> 0 | P31: =N31-K31 -> -10.56 | Q31: =N31/K31 -> 0.912 | R31: =Q37 -> 0.91709041 | S31: 0.125 | T31: 0.19444444 | V31: =(T31-S31)*24*60 -> 100 | AA31: =M31-J31 -> -211.2 | AB31: =M31/J31 -> 0.912 | AC31: =AB37 -> 0.91709041
A32: 三明治一線 | B32: 三明治 | C32: 肉鬆火腿三明治 | E32: 20.52 | F32: 3960 | G32: =E32*F32 -> 81259.2 | I32: 18 | J32: 2400 | K32: =J32/I32 -> 133.33333 | L32: 18 | M32: =F32/V32*60 -> 2200 | N32: =M32/L32 -> 122.22222 | O32: =L32-I32 -> 0 | P32: =N32-K32 -> -11.111111 | Q32: =N32/K32 -> 0.91666667 | S32: 0.21180556 | T32: 0.28680556 | U32: =(S32-T31)*24*60 -> 25 | V32: =(T32-S32)*24*60 -> 108 | AA32: =M32-J32 -> -200 | AB32: =M32/J32 -> 0.91666667
A33: 三明治一線 | B33: 三明治 | C33: 紐奧良風味烤雞鮮蔬三明治 | E33: 31.29 | F33: 3500 | G33: =E33*F33 -> 109515 | H33: 2 | I33: 16 | J33: 2400 | K33: =J33/I33 -> 150 | L33: 16 | M33: =F33/V33*60 -> 2210.5263 | N33: =M33/L33 -> 138.15789 | O33: =L33-I33 -> 0 | P33: =N33-K33 -> -11.842105 | Q33: =N33/K33 -> 0.92105263 | S33: 0.29027778 | T33: 0.35625 | U33: =(S33-T32)*24*60 -> 5 | V33: =(T33-S33)*24*60 -> 95 | AA33: =M33-J33 -> -189.47368 | AB33: =M33/J33 -> 0.92105263
A34: 三明治一線 | B34: 三明治 | C34: 起司芋見肉鬆三明治 | E34: 24.25 | F34: 4773 | G34: =E34*F34 -> 115745.25 | I34: 18 | J34: 2400 | K34: =J34/I34 -> 133.33333 | L34: 18 | M34: =F34/V34*60 -> 2186.1069 | N34: =M34/L34 -> 121.45038 | O34: =L34-I34 -> 0 | P34: =N34-K34 -> -11.882952 | Q34: =N34/K34 -> 0.91087786 | S34: 0.35972222 | T34: 0.45069444 | U34: =(S34-T33)*24*60 -> 5 | V34: =(T34-S34)*24*60 -> 131 | AA34: =M34-J34 -> -213.89313 | AB34: =M34/J34 -> 0.91087786
A35: 三明治一線 | B35: 三明治 | C35: 藍莓優格三明治(114年) | E35: 22.35 | F35: 2149 | G35: =E35*F35 -> 48030.15 | I35: 16 | J35: 2400 | K35: =J35/I35 -> 150 | L35: 16 | M35: =F35/V35*60 -> 2223.1034 | N35: =M35/L35 -> 138.94397 | O35: =L35-I35 -> 0 | P35: =N35-K35 -> -11.056034 | Q35: =N35/K35 -> 0.9262931 | S35: 0.45486111 | T35: 0.49513889 | U35: =(S35-T34)*24*60 -> 6 | V35: =(T35-S35)*24*60 -> 58 | AA35: =M35-J35 -> -176.89655 | AB35: =M35/J35 -> 0.9262931
A36: 三明治一線 | B36: 三明治 | C36: 紐奧良風味烤雞鮮蔬三明治 | E36: 31.29 | F36: 4212 | G36: =E36*F36 -> 131793.48 | I36: 16 | J36: 2400 | K36: =J36/I36 -> 150 | L36: 16 | M36: =F36/V36*60 -> 2197.5652 | N36: =M36/L36 -> 137.34783 | O36: =L36-I36 -> 0 | P36: =N36-K36 -> -12.652174 | Q36: =N36/K36 -> 0.91565217 | S36: 0.53611111 | T36: 0.61597222 | U36: =(S36-T35)*24*60 -> 59 | V36: =(T36-S36)*24*60 -> 115 | AA36: =M36-J36 -> -202.43478 | AB36: =M36/J36 -> 0.91565217
A37: 三明治一線 | B37: 平均 | I37: 17.333333 | J37: 2400 | K37: =J37/I37 -> 138.46154 | L37: 17.333333 | M37: =AVERAGE(M31:M36) -> 2201.017 | N37: =M37/L37 -> 126.98175 | O37: =L37-I37 -> 0 | P37: =N37-K37 -> -11.47979 | Q37: =N37/K37 -> 0.91709041 | AA37: =M37-J37 -> -198.98302 | AB37: =M37/J37 -> 0.91709041
A38: 三明治二線 | B38: 三明治 | C38: 鮪魚起司溏心蛋三明治 | E38: 26.2 | F38: 2500 | G38: =E38*F38 -> 65500 | H38: 2 | I38: 18 | J38: 2400 | K38: =J38/I38 -> 133.33333 | L38: 18 | M38: =F38/V38*60 -> 2205.8824 | N38: =M38/L38 -> 122.54902 | O38: =L38-I38 -> 0 | P38: =N38-K38 -> -10.784314 | Q38: =N38/K38 -> 0.91911765 | R38: =Q45 -> 0.91578306 | S38: 0.125 | T38: 0.17222222 | V38: =(T38-S38)*24*60 -> 68 | AA38: =M38-J38 -> -194.11765 | AB38: =M38/J38 -> 0.91911765 | AC38: =AB45 -> 0.91578306
A39: 三明治二線 | B39: 三明治 | C39: 瘋狂起司三明治(113年) | E39: 24.45 | F39: 2089 | G39: =E39*F39 -> 51076.05 | I39: 20 | J39: 2400 | K39: =J39/I39 -> 120 | L39: 20 | M39: =F39/V39*60 -> 2198.9474 | N39: =M39/L39 -> 109.94737 | O39: =L39-I39 -> 0 | P39: =N39-K39 -> -10.052632 | Q39: =N39/K39 -> 0.91622807 | S39: 0.19236111 | T39: 0.23194444 | U39: =(S39-T38)*24*60 -> 29 | V39: =(T39-S39)*24*60 -> 57 | AA39: =M39-J39 -> -201.05263 | AB39: =M39/J39 -> 0.91622807
A40: 三明治二線 | B40: 三明治 | C40: 蛋蛋嘉年華三明治 | E40: 26.2 | F40: 2829 | G40: =E40*F40 -> 74119.8 | I40: 20 | J40: 2400 | K40: =J40/I40 -> 120 | L40: 20 | M40: =F40/V40*60 -> 2204.4156 | N40: =M40/L40 -> 110.22078 | O40: =L40-I40 -> 0 | P40: =N40-K40 -> -9.7792208 | Q40: =N40/K40 -> 0.91850649 | S40: 0.23611111 | T40: 0.28958333 | U40: =(S40-T39)*24*60 -> 6 | V40: =(T40-S40)*24*60 -> 77 | AA40: =M40-J40 -> -195.58442 | AB40: =M40/J40 -> 0.91850649
A41: 三明治二線 | B41: 三明治 | C41: 醬燒烤雞三明治 | E41: 26.39 | F41: 4668 | G41: =E41*F41 -> 123188.52 | I41: 19 | J41: 2400 | K41: =J41/I41 -> 126.31579 | L41: 19 | M41: =F41/V41*60 -> 2188.125 | N41: =M41/L41 -> 115.16447 | O41: =L41-I41 -> 0 | P41: =N41-K41 -> -11.151316 | Q41: =N41/K41 -> 0.91171875 | S41: 0.29513889 | T41: 0.38402778 | U41: =(S41-T40)*24*60 -> 8 | V41: =(T41-S41)*24*60 -> 128 | AA41: =M41-J41 -> -211.875 | AB41: =M41/J41 -> 0.91171875
A42: 三明治二線 | B42: 三明治 | C42: 輕乳酪巧克力三明治 | E42: 20.52 | F42: 2900 | G42: =E42*F42 -> 59508 | I42: 18 | J42: 2400 | K42: =J42/I42 -> 133.33333 | L42: 18 | M42: =F42/V42*60 -> 2202.5316 | N42: =M42/L42 -> 122.36287 | O42: =L42-I42 -> 0 | P42: =N42-K42 -> -10.970464 | Q42: =N42/K42 -> 0.91772152 | S42: 0.3875 | T42: 0.44236111 | U42: =(S42-T41)*24*60 -> 5 | V42: =(T42-S42)*24*60 -> 79 | AA42: =M42-J42 -> -197.46835 | AB42: =M42/J42 -> 0.91772152
A43: 三明治二線 | B43: 三明治 | C43: 好多菜三明治 | E43: 26.2 | F43: 3685 | G43: =E43*F43 -> 96547 | I43: 19 | J43: 2400 | K43: =J43/I43 -> 126.31579 | L43: 19 | M43: =F43/V43*60 -> 2189.1089 | N43: =M43/L43 -> 115.21626 | O43: =L43-I43 -> 0 | P43: =N43-K43 -> -11.099531 | Q43: =N43/K43 -> 0.91212871 | S43: 0.44652778 | T43: 0.51666667 | U43: =(S43-T42)*24*60 -> 6 | V43: =(T43-S43)*24*60 -> 101 | AA43: =M43-J43 -> -210.89109 | AB43: =M43/J43 -> 0.91212871
A44: 三明治二線 | B44: 三明治 | C44: 鮪魚起司溏心蛋三明治 | E44: 26.2 | F44: 3038 | G44: =E44*F44 -> 79595.6 | I44: 18 | J44: 2400 | K44: =J44/I44 -> 133.33333 | L44: 18 | M44: =F44/V44*60 -> 2196.1446 | N44: =M44/L44 -> 122.00803 | O44: =L44-I44 -> 0 | P44: =N44-K44 -> -11.325301 | Q44: =N44/K44 -> 0.91506024 | S44: 0.55625 | T44: 0.61388889 | U44: =(S44-T43)*24*60 -> 57 | V44: =(T44-S44)*24*60 -> 83 | AA44: =M44-J44 -> -203.85542 | AB44: =M44/J44 -> 0.91506024
A45: 三明治二線 | B45: 平均 | I45: 18.857143 | J45: 2400 | K45: =J45/I45 -> 127.27273 | L45: 18.857143 | M45: =AVERAGE(M38:M44) -> 2197.8793 | N45: =M45/L45 -> 116.55421 | O45: =L45-I45 -> 0 | P45: =N45-K45 -> -10.718519 | Q45: =N45/K45 -> 0.91578306 | AA45: =M45-J45 -> -202.12065 | AB45: =M45/J45 -> 0.91578306
A46: 自動包裝線 | B46: 調理麵包 | C46: 豬肉起司蛋堡 | E46: 27.17 | F46: 2800 | G46: =E46*F46 -> 76076 | H46: 2 | I46: 10 | J46: 3000 | K46: =J46/I46 -> 300 | L46: 10 | M46: =F46/V46*60 -> 2754.0984 | N46: =M46/L46 -> 275.40984 | O46: =L46-I46 -> 0 | P46: =N46-K46 -> -24.590164 | Q46: =N46/K46 -> 0.91803279 | R46: =Q54 -> 0.91808313 | S46: 0.20833333 | T46: 0.25069444 | V46: =(T46-S46)*24*60 -> 61 | AA46: =M46-J46 -> -245.90164 | AB46: =M46/J46 -> 0.91803279 | AC46: =AB54 -> 0.91808313
A47: 自動包裝線 | B47: 調理麵包 | C47: 豬肉起司堡 | E47: 21.13 | F47: 3000 | G47: =E47*F47 -> 63390 | H47: 2 | I47: 10 | J47: 3000 | K47: =J47/I47 -> 300 | L47: 10 | M47: =F47/V47*60 -> 2769.2308 | N47: =M47/L47 -> 276.92308 | O47: =L47-I47 -> 0 | P47: =N47-K47 -> -23.076923 | Q47: =N47/K47 -> 0.92307692 | S47: 0.25486111 | T47: 0.3 | U47: =(S47-T46)*24*60 -> 6 | V47: =(T47-S47)*24*60 -> 65 | AA47: =M47-J47 -> -230.76923 | AB47: =M47/J47 -> 0.92307692
A48: 自動包裝線 | B48: 調理麵包 | C48: 經典雙牛起司堡(113年) | E48: 35.12 | F48: 4525 | G48: =E48*F48 -> 158918 | I48: 10 | J48: 3000 | K48: =J48/I48 -> 300 | L48: 10 | M48: =F48/V48*60 -> 2742.4242 | N48: =M48/L48 -> 274.24242 | O48: =L48-I48 -> 0 | P48: =N48-K48 -> -25.757576 | Q48: =N48/K48 -> 0.91414141 | S48: 0.30486111 | T48: 0.37361111 | U48: =(S48-T47)*24*60 -> 7 | V48: =(T48-S48)*24*60 -> 99 | AA48: =M48-J48 -> -257.57576 | AB48: =M48/J48 -> 0.91414141
A49: 自動包裝線 | B49: 調理麵包 | C49: 美式起司巨牛堡 | E49: 40.18 | F49: 2281 | G49: =E49*F49 -> 91650.58 | I49: 10 | J49: 3000 | K49: =J49/I49 -> 300 | L49: 10 | M49: =F49/V49*60 -> 2737.2 | N49: =M49/L49 -> 273.72 | O49: =L49-I49 -> 0 | P49: =N49-K49 -> -26.28 | Q49: =N49/K49 -> 0.9124 | S49: 0.37708333 | T49: 0.41180556 | U49: =(S49-T48)*24*60 -> 5 | V49: =(T49-S49)*24*60 -> 50 | AA49: =M49-J49 -> -262.8 | AB49: =M49/J49 -> 0.9124
A50: 自動包裝線 | B50: 調理麵包 | C50: 哞哞奶香白醬火腿蛋堡 | E50: 28.5 | F50: 1392 | G50: =E50*F50 -> 39672 | I50: 10 | J50: 3000 | K50: =J50/I50 -> 300 | L50: 10 | M50: =F50/V50*60 -> 2784 | N50: =M50/L50 -> 278.4 | O50: =L50-I50 -> 0 | P50: =N50-K50 -> -21.6 | Q50: =N50/K50 -> 0.928 | S50: 0.41666667 | T50: 0.4375 | U50: =(S50-T49)*24*60 -> 7 | V50: =(T50-S50)*24*60 -> 30 | AA50: =M50-J50 -> -216 | AB50: =M50/J50 -> 0.928
A51: 自動包裝線 | B51: 調理麵包 | C51: 美式雞腿堡 | E51: 35.87 | F51: 3384 | G51: =E51*F51 -> 121384.08 | I51: 10 | J51: 3000 | K51: =J51/I51 -> 300 | L51: 10 | M51: =F51/V51*60 -> 2743.7838 | N51: =M51/L51 -> 274.37838 | O51: =L51-I51 -> 0 | P51: =N51-K51 -> -25.621622 | Q51: =N51/K51 -> 0.91459459 | S51: 0.44166667 | T51: 0.49305556 | U51: =(S51-T50)*24*60 -> 6 | V51: =(T51-S51)*24*60 -> 74 | AA51: =M51-J51 -> -256.21622 | AB51: =M51/J51 -> 0.91459459
A52: 自動包裝線 | B52: 調理麵包 | C52: 豬肉起司蛋堡 | E52: 27.17 | F52: 3116 | G52: =E52*F52 -> 84661.72 | I52: 10 | J52: 3000 | K52: =J52/I52 -> 300 | L52: 10 | M52: =F52/V52*60 -> 2749.4118 | N52: =M52/L52 -> 274.94118 | O52: =L52-I52 -> 0 | P52: =N52-K52 -> -25.058824 | Q52: =N52/K52 -> 0.91647059 | S52: 0.53472222 | T52: 0.58194444 | U52: =(S52-T51)*24*60 -> 60 | V52: =(T52-S52)*24*60 -> 68 | AA52: =M52-J52 -> -250.58824 | AB52: =M52/J52 -> 0.91647059
A53: 自動包裝線 | B53: 調理麵包 | C53: 豬肉起司堡 | E53: 21.13 | F53: 1790 | G53: =E53*F53 -> 37822.7 | I53: 10 | J53: 3000 | K53: =J53/I53 -> 300 | L53: 10 | M53: =F53/V53*60 -> 2753.8462 | N53: =M53/L53 -> 275.38462 | O53: =L53-I53 -> 0 | P53: =N53-K53 -> -24.615385 | Q53: =N53/K53 -> 0.91794872 | S53: 0.5875 | T53: 0.61458333 | U53: =(S53-T52)*24*60 -> 8 | V53: =(T53-S53)*24*60 -> 39 | AA53: =M53-J53 -> -246.15385 | AB53: =M53/J53 -> 0.91794872
A54: 自動包裝線 | B54: 平均 | I54: 10 | J54: 3000 | K54: =J54/I54 -> 300 | L54: 10 | M54: =AVERAGE(M46:M53) -> 2754.2494 | N54: =M54/L54 -> 275.42494 | O54: =L54-I54 -> 0 | P54: =N54-K54 -> -24.575062 | Q54: =N54/K54 -> 0.91808313 | AA54: =M54-J54 -> -245.75062 | AB54: =M54/J54 -> 0.91808313
A55: 涼麵一線 | B55: 沙拉 | C55: 蔥鹽雞肉麵沙拉(114年) | E55: 46 | F55: 2890 | G55: =E55*F55 -> 132940 | I55: 17 | J55: 1500 | K55: =J55/I55 -> 88.235294 | L55: 17 | M55: =F55/V55*60 -> 1376.1905 | N55: =M55/L55 -> 80.952381 | O55: =L55-I55 -> 0 | P55: =N55-K55 -> -7.2829132 | Q55: =N55/K55 -> 0.91746032 | R55: =Q59 -> 0.91504535 | S55: 0.29166667 | T55: 0.37916667 | V55: =(T55-S55)*24*60 -> 126 | AA55: =M55-J55 -> -123.80952 | AB55: =M55/J55 -> 0.91746032 | AC55: =AB59 -> 0.91504535
A56: 涼麵一線 | B56: 沙拉 | C56: 莎莎烤雞麵沙拉 | E56: 46 | F56: 3349 | G56: =E56*F56 -> 154054 | I56: 18 | J56: 1500 | K56: =J56/I56 -> 83.333333 | L56: 18 | M56: =F56/V56*60 -> 1366.9388 | N56: =M56/L56 -> 75.941043 | O56: =L56-I56 -> 0 | P56: =N56-K56 -> -7.3922902 | Q56: =N56/K56 -> 0.91129252 | S56: 0.38263889 | T56: 0.48472222 | U56: =(S56-T55)*24*60 -> 5 | V56: =(T56-S56)*24*60 -> 147 | AA56: =M56-J56 -> -133.06122 | AB56: =M56/J56 -> 0.91129252
A57: 涼麵一線 | B57: 微波主食 | C57: 二配香辣醬蒜味香腸蛋炒飯 | E57: 55.56 | F57: 1725 | G57: =E57*F57 -> 95841 | I57: 17 | J57: 1500 | K57: =J57/I57 -> 88.235294 | L57: 17 | M57: =F57/V57*60 -> 1380 | N57: =M57/L57 -> 81.176471 | O57: =L57-I57 -> 0 | P57: =N57-K57 -> -7.0588235 | Q57: =N57/K57 -> 0.92 | S57: 0.70833333 | T57: 0.76041667 | U57: =(S57-T56)*24*60 -> 322 | V57: =(T57-S57)*24*60 -> 75 | AA57: =M57-J57 -> -120 | AB57: =M57/J57 -> 0.92
A58: 涼麵一線 | B58: 微波主食 | C58: 二配香拌海鮮醬肉絲蛋炒飯 | E58: 55.32 | F58: 1276 | G58: =E58*F58 -> 70588.32 | I58: 15 | J58: 1500 | K58: =J58/I58 -> 100 | L58: 15 | M58: =F58/V58*60 -> 1367.1429 | N58: =M58/L58 -> 91.142857 | O58: =L58-I58 -> 0 | P58: =N58-K58 -> -8.8571429 | Q58: =N58/K58 -> 0.91142857 | S58: 0.76527778 | T58: 0.80416667 | U58: =(S58-T57)*24*60 -> 7 | V58: =(T58-S58)*24*60 -> 56 | AA58: =M58-J58 -> -132.85714 | AB58: =M58/J58 -> 0.91142857
A59: 涼麵一線 | B59: 平均 | I59: 16.75 | J59: 1500 | K59: =J59/I59 -> 89.552239 | L59: 16.75 | M59: =AVERAGE(M55:M58) -> 1372.568 | N59: =M59/L59 -> 81.94436 | O59: =L59-I59 -> 0 | P59: =N59-K59 -> -7.607879 | Q59: =N59/K59 -> 0.91504535 | AA59: =M59-J59 -> -127.43197 | AB59: =M59/J59 -> 0.91504535
A60: 三明治四線 | B60: 調理麵包 | C60: 香雞蛋堡(112年) | E60: 26.78 | F60: 2518 | G60: =E60*F60 -> 67432.04 | I60: 10 | J60: 3000 | K60: =J60/I60 -> 300 | L60: 10 | M60: =F60/V60*60 -> 2746.9091 | N60: =M60/L60 -> 274.69091 | O60: =L60-I60 -> 0 | P60: =N60-K60 -> -25.309091 | Q60: =N60/K60 -> 0.91563636 | R60: =Q66 -> 0.91974344 | S60: 0.20833333 | T60: 0.24652778 | V60: =(T60-S60)*24*60 -> 55 | AA60: =M60-J60 -> -253.09091 | AB60: =M60/J60 -> 0.91563636 | AC60: =AB66 -> 0.91974344
A61: 三明治四線 | B61: 調理麵包 | C61: 黃金魚堡 | E61: 35.37 | F61: 1559 | G61: =E61*F61 -> 55141.83 | I61: 10 | J61: 3000 | K61: =J61/I61 -> 300 | L61: 10 | M61: =F61/V61*60 -> 2751.1765 | N61: =M61/L61 -> 275.11765 | O61: =L61-I61 -> 0 | P61: =N61-K61 -> -24.882353 | Q61: =N61/K61 -> 0.91705882 | S61: 0.25208333 | T61: 0.27569444 | U61: =(S61-T60)*24*60 -> 8 | V61: =(T61-S61)*24*60 -> 34 | AA61: =M61-J61 -> -248.82353 | AB61: =M61/J61 -> 0.91705882
A62: 三明治四線 | B62: 調理麵包 | C62: 大麥雙蛋白豬肉堡 | E62: 34.35 | F62: 1351 | G62: =E62*F62 -> 46406.85 | I62: 10 | J62: 3000 | K62: =J62/I62 -> 300 | L62: 10 | M62: =F62/V62*60 -> 2795.1724 | N62: =M62/L62 -> 279.51724 | O62: =L62-I62 -> 0 | P62: =N62-K62 -> -20.482759 | Q62: =N62/K62 -> 0.93172414 | S62: 0.28125 | T62: 0.30138889 | U62: =(S62-T61)*24*60 -> 8 | V62: =(T62-S62)*24*60 -> 29 | AA62: =M62-J62 -> -204.82759 | AB62: =M62/J62 -> 0.93172414
A63: 三明治四線 | B63: 沙拉 | C63: 溏心蛋洋芋沙拉 | E63: 26.97 | F63: 3077 | G63: =E63*F63 -> 82986.69 | I63: 8 | J63: 1440 | K63: =J63/I63 -> 180 | L63: 8 | M63: =F63/V63*60 -> 1318.7143 | N63: =M63/L63 -> 164.83929 | O63: =L63-I63 -> 0 | P63: =N63-K63 -> -15.160714 | Q63: =N63/K63 -> 0.91577381 | S63: 0.30625 | T63: 0.40347222 | U63: =(S63-T62)*24*60 -> 7 | V63: =(T63-S63)*24*60 -> 140 | AA63: =M63-J63 -> -121.28571 | AB63: =M63/J63 -> 0.91577381
A64: 三明治四線 | B64: 調理麵包 | C64: 美式熱狗堡 | E64: 35.12 | F64: 1169 | G64: =E64*F64 -> 41055.28 | I64: 13 | J64: 2000 | K64: =J64/I64 -> 153.84615 | L64: 13 | M64: =F64/V64*60 -> 1845.7895 | N64: =M64/L64 -> 141.98381 | O64: =L64-I64 -> 0 | P64: =N64-K64 -> -11.862348 | Q64: =N64/K64 -> 0.92289474 | S64: 0.40833333 | T64: 0.43472222 | U64: =(S64-T63)*24*60 -> 7 | V64: =(T64-S64)*24*60 -> 38 | AA64: =M64-J64 -> -154.21053 | AB64: =M64/J64 -> 0.92289474
A65: 三明治四線 | B65: 調理麵包 | C65: 超HOT雞腿堡(114年) | E65: 35.87 | F65: 3566 | G65: =E65*F65 -> 127912.42 | I65: 10 | J65: 3000 | K65: =J65/I65 -> 300 | L65: 10 | M65: =F65/V65*60 -> 2743.0769 | N65: =M65/L65 -> 274.30769 | O65: =L65-I65 -> 0 | P65: =N65-K65 -> -25.692308 | Q65: =N65/K65 -> 0.91435897 | S65: 0.43888889 | T65: 0.49305556 | U65: =(S65-T64)*24*60 -> 6 | V65: =(T65-S65)*24*60 -> 78 | AA65: =M65-J65 -> -256.92308 | AB65: =M65/J65 -> 0.91435897
A66: 三明治四線 | B66: 平均 | I66: 10.166667 | J66: 2573.3333 | K66: =J66/I66 -> 253.11475 | L66: 10.166667 | M66: =AVERAGE(M60:M65) -> 2366.8064 | N66: =M66/L66 -> 232.80063 | O66: =L66-I66 -> 0 | P66: =N66-K66 -> -20.31412 | Q66: =N66/K66 -> 0.91974344 | AA66: =M66-J66 -> -206.52689 | AB66: =M66/J66 -> 0.91974344
A67: 自動包裝二線 | B67: 三明治 | C67: 三重火腿三明治 | E67: 32.03 | F67: 1178 | G67: =E67*F67 -> 37731.34 | I67: 19 | J67: 2400 | K67: =J67/I67 -> 126.31579 | L67: 19 | M67: =F67/V67*60 -> 2208.75 | N67: =M67/L67 -> 116.25 | O67: =L67-I67 -> 0 | P67: =N67-K67 -> -10.065789 | Q67: =N67/K67 -> 0.9203125 | R67: =Q73 -> 0.91794716 | S67: 0.125 | T67: 0.14722222 | V67: =(T67-S67)*24*60 -> 32 | AA67: =M67-J67 -> -191.25 | AB67: =M67/J67 -> 0.9203125 | AC67: =AB73 -> 0.91794716
A68: 自動包裝二線 | B68: 三明治 | C68: 香鬆起司蛋三明治(114年) | E68: 20.2 | F68: 2363 | G68: =E68*F68 -> 47732.6 | I68: 19 | J68: 2400 | K68: =J68/I68 -> 126.31579 | L68: 19 | M68: =F68/V68*60 -> 2215.3125 | N68: =M68/L68 -> 116.59539 | O68: =L68-I68 -> 0 | P68: =N68-K68 -> -9.7203947 | Q68: =N68/K68 -> 0.92304687 | S68: 0.16736111 | T68: 0.21180556 | U68: =(S68-T67)*24*60 -> 29 | V68: =(T68-S68)*24*60 -> 64 | AA68: =M68-J68 -> -184.6875 | AB68: =M68/J68 -> 0.92304687
A69: 自動包裝二線 | B69: 三明治 | C69: 火腿起司蛋三明治 | E69: 19.02 | F69: 6000 | G69: =E69*F69 -> 114120 | H69: 2 | I69: 15 | J69: 2400 | K69: =J69/I69 -> 160 | L69: 15 | M69: =F69/V69*60 -> 2195.122 | N69: =M69/L69 -> 146.34146 | O69: =L69-I69 -> 0 | P69: =N69-K69 -> -13.658537 | Q69: =N69/K69 -> 0.91463415 | S69: 0.21527778 | T69: 0.32916667 | U69: =(S69-T68)*24*60 -> 5 | V69: =(T69-S69)*24*60 -> 164 | AA69: =M69-J69 -> -204.87805 | AB69: =M69/J69 -> 0.91463415
A70: 自動包裝二線 | B70: 三明治 | C70: 雞蛋沙拉三明治 | E70: 25 | F70: 3747 | G70: =E70*F70 -> 93675 | I70: 15 | J70: 2400 | K70: =J70/I70 -> 160 | L70: 15 | M70: =F70/V70*60 -> 2204.1176 | N70: =M70/L70 -> 146.94118 | O70: =L70-I70 -> 0 | P70: =N70-K70 -> -13.058824 | Q70: =N70/K70 -> 0.91838235 | S70: 0.33472222 | T70: 0.40555556 | U70: =(S70-T69)*24*60 -> 8 | V70: =(T70-S70)*24*60 -> 102 | AA70: =M70-J70 -> -195.88235 | AB70: =M70/J70 -> 0.91838235
A71: 自動包裝二線 | B71: 三明治 | C71: 水果派對三明治 | E71: 28.51 | F71: 4370 | G71: =E71*F71 -> 124588.7 | I71: 19 | J71: 2400 | K71: =J71/I71 -> 126.31579 | L71: 19 | M71: =F71/V71*60 -> 2185 | N71: =M71/L71 -> 115 | O71: =L71-I71 -> 0 | P71: =N71-K71 -> -11.315789 | Q71: =N71/K71 -> 0.91041667 | S71: 0.41041667 | T71: 0.49375 | U71: =(S71-T70)*24*60 -> 7 | V71: =(T71-S71)*24*60 -> 120 | AA71: =M71-J71 -> -215 | AB71: =M71/J71 -> 0.91041667
A72: 自動包裝二線 | B72: 三明治 | C72: 火腿起司蛋三明治 | E72: 19.02 | F72: 2689 | G72: =E72*F72 -> 51144.78 | I72: 15 | J72: 2400 | K72: =J72/I72 -> 160 | L72: 15 | M72: =F72/V72*60 -> 2210.137 | N72: =M72/L72 -> 147.34247 | O72: =L72-I72 -> 0 | P72: =N72-K72 -> -12.657534 | Q72: =N72/K72 -> 0.92089041 | S72: 0.53472222 | T72: 0.58541667 | U72: =(S72-T71)*24*60 -> 59 | V72: =(T72-S72)*24*60 -> 73 | AA72: =M72-J72 -> -189.86301 | AB72: =M72/J72 -> 0.92089041
A73: 自動包裝二線 | B73: 平均 | I73: 17 | J73: 2400 | K73: =J73/I73 -> 141.17647 | L73: 17 | M73: =AVERAGE(M67:M72) -> 2203.0732 | N73: =M73/L73 -> 129.59254 | O73: =L73-I73 -> 0 | P73: =N73-K73 -> -11.583931 | Q73: =N73/K73 -> 0.91794716 | AA73: =M73-J73 -> -196.92682 | AB73: =M73/J73 -> 0.91794716

Sheet 0730
B1: 屏榮 新豐廠組合室生產人時性分析
B3: 日期 | C3: =TEXT('0730 4度C'!A2,"yyyy.mm.ddaaaa") -> 2025.07.30星期三 | E3: 訂單量 | F3: ='0730 4度C'!D1 -> 164943 | H3: 營業額 | I3: ='0730 4度C'!F1 -> 5659460.7
B4: 人時性 | C4: 項目 | E4: ➀ | G4: ➁ | I4: ➂
C5: 組合室 | E5: 全溫層 | G5: 4度C-各編組展開 | I5: ③三明治-各編組展開
C6: 排關平均 | E6: =AVERAGE(D13:M13) -> 142.12751 | F6: =AVERAGE(D27:O27,D13:J13) -> 145.01729 | G6: =AVERAGE(D13:J13) -> 145.01729 | I6: =AVERAGE(K13:M13) -> 135.38471
C7: 實績平均 | E7: =AVERAGE(D14:M14) -> 130.47378 | F7: =AVERAGE(D28:O28,D14:J14) -> 133.19488 | G7: =AVERAGE(D14:J14) -> 133.19488 | I7: =AVERAGE(K14:M14) -> 124.12453
C8: 達成率平均 | E8: =AVERAGE(D15:M15) -> 0.91764768 | F8: =AVERAGE(D15:J15,D29:O29) -> 0.91800081 | G8: =AVERAGE(D15:J15) -> 0.91800081 | I8: =AVERAGE(K15:M15) -> 0.91682373 | K8: ※現行日本鮮食廠以達成率80%為基本(即為現行KPI)
B10: 溫層 | D10: ➁4度C-各編組展開 | K10: ③三明治-各編組展開
B11: 編組 | D11: 1 | E11: 2 | F11: 3 | G11: 4 | H11: 5 | I11: 6 | J11: 7 | K11: 1 | L11: 2 | M11: 3
D12: 燴飯線 | E12: 沙拉一線 | F12: 沙拉二線 | G12: 沙拉三線 | H12: 自動包裝線 | I12: 涼麵一線 | J12: 三明治四線 | K12: 三明治一線 | L12: 三明治二線 | M12: 自動包裝二線
B13: 人時性 | C13: 排關 | D13: =SUMIFS('0730 4度C'!$K:$K,'0730 4度C'!$A:$A,"燴飯線",'0730 4度C'!$B:$B,"平均") -> 105.88235 | E13: =SUMIFS('0730 4度C'!$K:$K,'0730 4度C'!$A:$A,"沙拉線一線",'0730 4度C'!$B:$B,"平均") -> 81.081081 | F13: =SUMIFS('0730 4度C'!$K:$K,'0730 4度C'!$A:$A,"沙拉線二線",'0730 4度C'!$B:$B,"平均") -> 81.298969 | G13: =SUMIFS('0730 4度C'!$K:$K,'0730 4度C'!$A:$A,"沙拉線三線",'0730 4度C'!$B:$B,"平均") -> 104.19162 | H13: =SUMIFS('0730 4度C'!$K:$K,'0730 4度C'!$A:$A,"自動包裝線",'0730 4度C'!$B:$B,"平均") -> 300 | I13: =SUMIFS('0730 4度C'!$K:$K,'0730 4度C'!$A:$A,"涼麵一線",'0730 4度C'!$B:$B,"平均") -> 89.552239 | J13: =SUMIFS('0730 4度C'!$K:$K,'0730 4度C'!$A:$A,"三明治四線",'0730 4度C'!$B:$B,"平均") -> 253.11475 | K13: =SUMIFS('0730 4度C'!$K:$K,'0730 4度C'!$A:$A,"三明治一線",'0730 4度C'!$B:$B,"平均") -> 137.70492 | L13: =SUMIFS('0730 4度C'!$K:$K,'0730 4度C'!$A:$A,"三明治二線",'0730 4度C'!$B:$B,"平均") -> 127.27273 | M13: =SUMIFS('0730 4度C'!$K:$K,'0730 4度C'!$A:$A,"自動包裝二線",'0730 4度C'!$B:$B,"平均") -> 141.17647
C14: 實績 | D14: =SUMIFS('0730 4度C'!$N:$N,'0730 4度C'!$A:$A,"燴飯線",'0730 4度C'!$B:$B,"平均") -> 97.059132 | E14: =SUMIFS('0730 4度C'!$N:$N,'0730 4度C'!$A:$A,"沙拉線一線",'0730 4度C'!$B:$B,"平均") -> 74.194345 | F14: =SUMIFS('0730 4度C'!$N:$N,'0730 4度C'!$A:$A,"沙拉線二線",'0730 4度C'!$B:$B,"平均") -> 74.381192 | G14: =SUMIFS('0730 4度C'!$N:$N,'0730 4度C'!$A:$A,"沙拉線三線",'0730 4度C'!$B:$B,"平均") -> 96.202348 | H14: =SUMIFS('0730 4度C'!$N:$N,'0730 4度C'!$A:$A,"自動包裝線",'0730 4度C'!$B:$B,"平均") -> 275.37409 | I14: =SUMIFS('0730 4度C'!$N:$N,'0730 4度C'!$A:$A,"涼麵一線",'0730 4度C'!$B:$B,"平均") -> 82.183693 | J14: =SUMIFS('0730 4度C'!$N:$N,'0730 4度C'!$A:$A,"三明治四線",'0730 4度C'!$B:$B,"平均") -> 232.96939 | K14: =SUMIFS('0730 4度C'!$N:$N,'0730 4度C'!$A:$A,"三明治一線",'0730 4度C'!$B:$B,"平均") -> 126.13686 | L14: =SUMIFS('0730 4度C'!$N:$N,'0730 4度C'!$A:$A,"三明治二線",'0730 4度C'!$B:$B,"平均") -> 116.69596 | M14: =SUMIFS('0730 4度C'!$N:$N,'0730 4度C'!$A:$A,"自動包裝二線",'0730 4度C'!$B:$B,"平均") -> 129.54078
C15: 達成率 | D15: =D14/D13 -> 0.91666958 | E15: =E14/E13 -> 0.91506359 | F15: =F14/F13 -> 0.91490942 | G15: =G14/G13 -> 0.92332139 | H15: =H14/H13 -> 0.91791363 | I15: =I14/I13 -> 0.9177179 | J15: =J14/J13 -> 0.92041014 | K15: =K14/K13 -> 0.91599386 | ... M15: =M14/M13 -> 0.9175805
B16: 作業 時間 | C16: 開始 | D16: =VLOOKUP("燴飯線",'0730 4度C'!$A:$T,19,0) -> 0.70833333 | E16: =VLOOKUP("沙拉線一線",'0730 4度C'!$A:$T,19,0) -> 0.12916667 | F16: =VLOOKUP("沙拉線二線",'0730 4度C'!$A:$T,19,0) -> 0.25 | G16: =VLOOKUP("沙拉線三線",'0730 4度C'!$A:$T,19,0) -> 0.16666667 | H16: =VLOOKUP("自動包裝線",'0730 4度C'!$A:$T,19,0) -> 0.20833333 | I16: =VLOOKUP("涼麵一線",'0730 4度C'!$A:$T,19,0) -> 0.29166667 | J16: =VLOOKUP("三明治四線",'0730 4度C'!$A:$T,19,0) -> 0.20833333 | K16: =VLOOKUP("三明治一線",'0730 4度C'!$A:$T,19,0) -> 0.125 | L16: =VLOOKUP("三明治二線",'0730 4度C'!$A:$T,19,0) -> 0.083333333 | M16: =VLOOKUP("自動包裝二線",'0730 4度C'!$A:$T,19,0) -> 0.125
C17: 結束 | D17: =LOOKUP(2,1/(('0730 4度C'!$A:$A="燴飯線")*('0730 4度C'!$T:$T<>"")),'0730 4度C'!$T:$T) -> 0.84236111 | E17: =LOOKUP(2,1/(('0730 4度C'!$A:$A="沙拉線一線")*('0730 4度C'!$T:$T<>"")),'0730 4度C'!$T:$T) -> 0.63541667 | F17: =LOOKUP(2,1/(('0730 4度C'!$A:$A="沙拉線二線")*('0730 4度C'!$T:$T<>"")),'0730 4度C'!$T:$T) -> 0.93611111 | G17: =LOOKUP(2,1/(('0730 4度C'!$A:$A="沙拉線三線")*('0730 4度C'!$T:$T<>"")),'0730 4度C'!$T:$T) -> 0.9375 | H17: =LOOKUP(2,1/(('0730 4度C'!$A:$A="自動包裝線")*('0730 4度C'!$T:$T<>"")),'0730 4度C'!$T:$T) -> 0.625 | I17: =LOOKUP(2,1/(('0730 4度C'!$A:$A="涼麵一線")*('0730 4度C'!$T:$T<>"")),'0730 4度C'!$T:$T) -> 0.81736111 | J17: =LOOKUP(2,1/(('0730 4度C'!$A:$A="三明治四線")*('0730 4度C'!$T:$T<>"")),'0730 4度C'!$T:$T) -> 0.49791667 | K17: =LOOKUP(2,1/(('0730 4度C'!$A:$A="三明治一線")*('0730 4度C'!$T:$T<>"")),'0730 4度C'!$T:$T) -> 0.65416667 | L17: =LOOKUP(2,1/(('0730 4度C'!$A:$A="三明治二線")*('0730 4度C'!$T:$T<>"")),'0730 4度C'!$T:$T) -> 0.60902778 | M17: =LOOKUP(2,1/(('0730 4度C'!$A:$A="自動包裝二線")*('0730 4度C'!$T:$T<>"")),'0730 4度C'!$T:$T) -> 0.62083333
B18: 配置人數 | D18: =SUMIFS('0730 4度C'!$I:$I,'0730 4度C'!$A:$A,"燴飯線",'0730 4度C'!$B:$B,"平均") -> 17 | E18: =SUMIFS('0730 4度C'!$I:$I,'0730 4度C'!$A:$A,"沙拉線一線",'0730 4度C'!$B:$B,"平均") -> 18.5 | F18: =SUMIFS('0730 4度C'!$I:$I,'0730 4度C'!$A:$A,"沙拉線二線",'0730 4度C'!$B:$B,"平均") -> 19.4 | G18: =SUMIFS('0730 4度C'!$I:$I,'0730 4度C'!$A:$A,"沙拉線三線",'0730 4度C'!$B:$B,"平均") -> 16.7 | H18: =SUMIFS('0730 4度C'!$I:$I,'0730 4度C'!$A:$A,"自動包裝線",'0730 4度C'!$B:$B,"平均") -> 10 | I18: =SUMIFS('0730 4度C'!$I:$I,'0730 4度C'!$A:$A,"涼麵一線",'0730 4度C'!$B:$B,"平均") -> 16.75 | J18: =SUMIFS('0730 4度C'!$I:$I,'0730 4度C'!$A:$A,"三明治四線",'0730 4度C'!$B:$B,"平均") -> 10.166667 | K18: =SUMIFS('0730 4度C'!$I:$I,'0730 4度C'!$A:$A,"三明治一線",'0730 4度C'!$B:$B,"平均") -> 17.428571 | L18: =SUMIFS('0730 4度C'!$I:$I,'0730 4度C'!$A:$A,"三明治二線",'0730 4度C'!$B:$B,"平均") -> 18.857143 | M18: =SUMIFS('0730 4度C'!$I:$I,'0730 4度C'!$A:$A,"自動包裝二線",'0730 4度C'!$B:$B,"平均") -> 17
B19: 主要應用設備 | D19: ET-55 | E19: 熱縮爐 | F19: L型包裝機 | G19: L型包裝機 | H19: 伺服包裝機 | I19: ET-55 | J19: 伺服包裝機 | K19: 三明治包裝機 | L19: 三明治包裝機 | M19: 三明治包裝機
B20: 次要應用設備 | F20: 圓盤機 | G20: ET-55
B21: 備註 | E21: 握沙拉 | F21: 共用L型包裝機 | H21: 調理麵包 | I21: 炒飯+沙拉 | J21: 調理麵包

Sheet 0730 4度C
A1: 新豐廠四度C日報分析 | C1: 總生產量 | D1: =SUM(F5:F74) -> 164943 | E1: 營業額 | F1: =SUM(G5:G74) -> 5659460.7 | G1: 出勤人數 | H1: =L8+L13+L55+L60+L19+L67+L38+L46+L30+L74 -> 161.80238 | I1: 產線配置圖 | L1: 生產實績 | O1: 人時性差異分析 | S1: 日報登錄 | Y1: 分析說明 | AA1: 產能差異分析
A2: 45868 | B2: 星期三 | C2: 人時性 | D2: =AVERAGE(N8,N13,N55,N60,N19,N67,N30,N38,N46,N74) -> 130.47378 | E2: 平均廠價 | F2: =F1/D1 -> 34.311615 | G2: 多次生產數 | H2: =COUNT(H5:H74) -> 9
A3: 線別 | B3: 品類 | C3: 品名 | E3: 廠價 | F3: 生產量 | G3: 營收 | H3: 多次 生產 | I3: 人數 | J3: 產能/時 | K3: 人時性 | L3: 人數 | M3: 產能/時 | N3: 人時性 | O3: 人數 | P3: 人時性 | Q3: 達成率 | R3: 達成率平均 | S3: 生產時間 | U3: 換線、休息/分 | V3: 稼動時間/分 | W3: 休息時間 | Y3: (新豐回填) | AA3: 產能/時 | AB3: 達成率 | AC3: 達成率平均
S4: 開始 | T4: 結束 | W4: 開始 | X4: 結束
A5: 燴飯線 | B5: 微波主食 | C5: 二配煸椒烘蛋飯 | E5: 46.93 | F5: 907 | G5: =E5*F5 -> 42565.51 | I5: 17 | J5: 1800 | K5: =J5/I5 -> 105.88235 | L5: 17 | M5: =F5/V5*60 -> 1649.0909 | N5: =M5/L5 -> 97.005348 | O5: =L5-I5 -> 0 | P5: =N5-K5 -> -8.8770053 | Q5: =N5/K5 -> 0.91616162 | R5: =Q8 -> 0.91666958 | S5: 0.70833333 | T5: 0.73125 | V5: =(T5-S5)*24*60 -> 33 | AA5: =M5-J5 -> -150.90909 | AB5: =M5/J5 -> 0.91616162 | AC5: =AB8 -> 0.91666958
A6: 燴飯線 | B6: 微波主食 | C6: 二配川味麻婆燒豆腐燴飯 | E6: 50.49 | F6: 1927 | G6: =E6*F6 -> 97294.23 | I6: 16 | J6: 1800 | K6: =J6/I6 -> 112.5 | L6: 16 | M6: =F6/V6*60 -> 1651.7143 | N6: =M6/L6 -> 103.23214 | O6: =L6-I6 -> 0 | P6: =N6-K6 -> -9.2678571 | Q6: =N6/K6 -> 0.91761905 | S6: 0.73541667 | T6: 0.78402778 | U6: =(S6-T5)*24*60 -> 6 | V6: =(T6-S6)*24*60 -> 70 | AA6: =M6-J6 -> -148.28571 | AB6: =M6/J6 -> 0.91761905
A7: 燴飯線 | B7: 微波主食 | C7: 二配港式香滑嫩蛋牛肉燴飯 | E7: 50.67 | F7: 2089 | G7: =E7*F7 -> 105849.63 | I7: 18 | J7: 1800 | K7: =J7/I7 -> 100 | L7: 18 | M7: =F7/V7*60 -> 1649.2105 | N7: =M7/L7 -> 91.622807 | O7: =L7-I7 -> 0 | P7: =N7-K7 -> -8.377193 | Q7: =N7/K7 -> 0.91622807 | S7: 0.78958333 | T7: 0.84236111 | U7: =(S7-T6)*24*60 -> 8 | V7: =(T7-S7)*24*60 -> 76 | AA7: =M7-J7 -> -150.78947 | AB7: =M7/J7 -> 0.91622807
A8: 燴飯線 | B8: 平均 | I8: 17 | J8: 1800 | K8: =J8/I8 -> 105.88235 | L8: 17 | M8: =AVERAGE(M5:M7) -> 1650.0052 | N8: =M8/L8 -> 97.059132 | O8: =L8-I8 -> 0 | P8: =N8-K8 -> -8.8232212 | Q8: =N8/K8 -> 0.91666958 | AA8: =M8-J8 -> -149.99476 | AB8: =M8/J8 -> 0.91666958
A9: 沙拉線一線 | B9: 沙拉 | C9: 青醬優格雞肉握沙拉(113年) | E9: 39.62 | F9: 4421 | G9: =E9*F9 -> 175160.02 | I9: 19 | J9: 1500 | K9: =J9/I9 -> 78.947368 | L9: 19 | M9: =F9/V9*60 -> 1367.3196 | N9: =M9/L9 -> 71.964189 | O9: =L9-I9 -> 0 | P9: =N9-K9 -> -6.9831796 | Q9: =N9/K9 -> 0.91154639 | R9: =Q13 -> 0.91506359 | S9: 0.12916667 | T9: 0.26388889 | V9: =(T9-S9)*24*60 -> 194 | AA9: =M9-J9 -> -132.68041 | AB9: =M9/J9 -> 0.91154639 | AC9: =AB13 -> 0.91506359
A10: 沙拉線一線 | B10: 沙拉 | C10: 青檸烤雞握沙拉(113年) | E10: 39.8 | F10: 2600 | G10: =E10*F10 -> 103480 | H10: 2 | I10: 18 | J10: 1500 | K10: =J10/I10 -> 83.333333 | L10: 18 | M10: =F10/V10*60 -> 1380.531 | N10: =M10/L10 -> 76.696165 | O10: =L10-I10 -> 0 | P10: =N10-K10 -> -6.6371681 | Q10: =N10/K10 -> 0.92035398 | S10: 0.28888889 | T10: 0.36736111 | U10: =(S10-T9)*24*60 -> 36 | V10: =(T10-S10)*24*60 -> 113 | AA10: =M10-J10 -> -119.46903 | AB10: =M10/J10 -> 0.92035398
A11: 沙拉線一線 | B11: 沙拉 | C11: 地瓜瓜握沙拉 | E11: 39.29 | F11: 3771 | G11: =E11*F11 -> 148162.59 | I11: 19 | J11: 1500 | K11: =J11/I11 -> 78.947368 | L11: 19 | M11: =F11/V11*60 -> 1371.2727 | N11: =M11/L11 -> 72.172249 | O11: =L11-I11 -> 0 | P11: =N11-K11 -> -6.7751196 | Q11: =N11/K11 -> 0.91418182 | S11: 0.37569444 | T11: 0.49027778 | U11: =(S11-T10)*24*60 -> 12 | V11: =(T11-S11)*24*60 -> 165 | AA11: =M11-J11 -> -128.72727 | AB11: =M11/J11 -> 0.91418182
A12: 沙拉線一線 | B12: 沙拉 | C12: 青檸烤雞握沙拉(113年) | E12: 39.8 | F12: 3451 | G12: =E12*F12 -> 137349.8 | I12: 18 | J12: 1500 | K12: =J12/I12 -> 83.333333 | L12: 18 | M12: =F12/V12*60 -> 1371.2583 | N12: =M12/L12 -> 76.181015 | O12: =L12-I12 -> 0 | P12: =N12-K12 -> -7.1523179 | Q12: =N12/K12 -> 0.91417219 | S12: 0.53055556 | T12: 0.63541667 | U12: =(S12-T11)*24*60 -> 58 | V12: =(T12-S12)*24*60 -> 151 | AA12: =M12-J12 -> -128.74172 | AB12: =M12/J12 -> 0.91417219
A13: 沙拉線一線 | B13: 平均 | I13: 18.5 | J13: 1500 | K13: =J13/I13 -> 81.081081 | L13: 18.5 | M13: =AVERAGE(M9:M12) -> 1372.5954 | N13: =M13/L13 -> 74.194345 | O13: =L13-I13 -> 0 | P13: =N13-K13 -> -6.8867356 | Q13: =N13/K13 -> 0.91506359 | AA13: =M13-J13 -> -127.40461 | AB13: =M13/J13 -> 0.91506359
A14: 沙拉線二線 | B14: 小菜、微波 | C14: 剝皮辣椒雞湯 | E14: 41 | F14: 1883 | G14: =E14*F14 -> 77203 | I14: 26 | J14: 1286 | K14: =J14/I14 -> 49.461538 | L14: 26 | M14: =F14/V14*60 -> 1176.875 | N14: =M14/L14 -> 45.264423 | O14: =L14-I14 -> 0 | P14: =N14-K14 -> -4.1971154 | Q14: =N14/K14 -> 0.91514386 | R14: =Q19 -> 0.91490942 | S14: 0.25 | T14: 0.31666667 | V14: =(T14-S14)*24*60 -> 96 | AA14: =M14-J14 -> -109.125 | AB14: =M14/J14 -> 0.91514386 | AC14: =AB19 -> 0.91490942
A15: 沙拉線二線 | B15: 沙拉 | C15: 厚蛋時蔬握沙拉 | E15: 39.29 | F15: 3241 | G15: =E15*F15 -> 127338.89 | I15: 18 | J15: 1500 | K15: =J15/I15 -> 83.333333 | L15: 18 | M15: =F15/V15*60 -> 1369.4366 | N15: =M15/L15 -> 76.079812 | O15: =L15-I15 -> 0 | P15: =N15-K15 -> -7.2535211 | Q15: =N15/K15 -> 0.91295775 | S15: 0.32569444 | T15: 0.42430556 | U15: =(S15-T14)*24*60 -> 13 | V15: =(T15-S15)*24*60 -> 142 | AA15: =M15-J15 -> -130.56338 | AB15: =M15/J15 -> 0.91295775
A16: 沙拉線二線 | B16: 微波主食 | C16: 二配金咖哩濃厚辛辣咖哩飯 | E16: 50.98 | F16: 2704 | G16: =E16*F16 -> 137849.92 | I16: 17 | J16: 1800 | K16: =J16/I16 -> 105.88235 | L16: 17 | M16: =F16/V16*60 -> 1655.5102 | N16: =M16/L16 -> 97.382953 | O16: =L16-I16 -> 0 | P16: =N16-K16 -> -8.4993998 | Q16: =N16/K16 -> 0.91972789 | S16: 0.70833333 | T16: 0.77638889 | U16: =(S16-T15)*24*60 -> 409 | V16: =(T16-S16)*24*60 -> 98 | AA16: =M16-J16 -> -144.4898 | AB16: =M16/J16 -> 0.91972789
A17: 沙拉線二線 | B17: 微波主食 | C17: 二配粗飽系雞排炒飯 | E17: 57.73 | F17: 1480 | G17: =E17*F17 -> 85440.4 | I17: 16 | J17: 1500 | K17: =J17/I17 -> 93.75 | L17: 16 | M17: =F17/V17*60 -> 1366.1538 | N17: =M17/L17 -> 85.384615 | O17: =L17-I17 -> 0 | P17: =N17-K17 -> -8.3653846 | Q17: =N17/K17 -> 0.91076923 | S17: 0.78194444 | T17: 0.82708333 | U17: =(S17-T16)*24*60 -> 8 | V17: =(T17-S17)*24*60 -> 65 | AA17: =M17-J17 -> -133.84615 | AB17: =M17/J17 -> 0.91076923
A18: 沙拉線二線 | B18: 微波主食 | C18: 二配美味蟹煲 | E18: 51.62 | F18: 2745 | G18: =E18*F18 -> 141696.9 | I18: 20 | J18: 1800 | K18: =J18/I18 -> 90 | L18: 20 | M18: =F18/V18*60 -> 1647 | N18: =M18/L18 -> 82.35 | O18: =L18-I18 -> 0 | P18: =N18-K18 -> -7.65 | Q18: =N18/K18 -> 0.915 | S18: 0.86666667 | T18: 0.93611111 | U18: =(S18-T17)*24*60 -> 57 | V18: =(T18-S18)*24*60 -> 100 | AA18: =M18-J18 -> -153 | AB18: =M18/J18 -> 0.915
A19: 沙拉線二線 | B19: 平均 | I19: =AVERAGE(I14:I18) -> 19.4 | J19: 1577.2 | K19: =J19/I19 -> 81.298969 | L19: =AVERAGE(L14:L18) -> 19.4 | M19: =AVERAGE(M14:M18) -> 1442.9951 | N19: =M19/L19 -> 74.381192 | O19: =L19-I19 -> 0 | P19: =N19-K19 -> -6.9177766 | Q19: =N19/K19 -> 0.91490942 | AA19: =M19-J19 -> -134.20487 | AB19: =M19/J19 -> 0.91490942
A20: 沙拉線三線 | B20: 小吃 | C20: 古早味炒炊粉 | E20: 43.14 | F20: 1275 | G20: =E20*F20 -> 55003.5 | I20: 17 | J20: 1200 | K20: =J20/I20 -> 70.588235 | L20: 17 | M20: =F20/V20*60 -> 1108.6957 | N20: =M20/L20 -> 65.217391 | O20: =L20-I20 -> 0 | P20: =N20-K20 -> -5.370844 | Q20: =N20/K20 -> 0.92391304 | R20: =Q30 -> 0.92332139 | S20: 0.16666667 | T20: 0.21458333 | V20: =(T20-S20)*24*60 -> 69 | AA20: =M20-J20 -> -91.304348 | AB20: =M20/J20 -> 0.92391304 | AC20: =AB30 -> 0.92332139
A21: 沙拉線三線 | B21: 微波主食 | C21: 鐵板滑蛋炸豬排丼 | E21: 57.73 | F21: 3086 | G21: =E21*F21 -> 178154.78 | I21: 16 | J21: 1800 | K21: =J21/I21 -> 112.5 | L21: 16 | M21: =F21/V21*60 -> 1653.2143 | N21: =M21/L21 -> 103.32589 | O21: =L21-I21 -> 0 | P21: =N21-K21 -> -9.1741071 | Q21: =N21/K21 -> 0.91845238 | S21: 0.23472222 | T21: 0.3125 | U21: =(S21-T20)*24*60 -> 29 | V21: =(T21-S21)*24*60 -> 112 | AA21: =M21-J21 -> -146.78571 | AB21: =M21/J21 -> 0.91845238
A22: 沙拉線三線 | B22: 微波主食 | C22: 極上炙烤親子丼 | E22: 53.68 | F22: 1878 | G22: =E22*F22 -> 100811.04 | I22: 17 | J22: 1800 | K22: =J22/I22 -> 105.88235 | L22: 17 | M22: =F22/V22*60 -> 1657.0588 | N22: =M22/L22 -> 97.474048 | O22: =L22-I22 -> 0 | P22: =N22-K22 -> -8.4083045 | Q22: =N22/K22 -> 0.92058824 | S22: 0.31597222 | T22: 0.36319444 | U22: =(S22-T21)*24*60 -> 5 | V22: =(T22-S22)*24*60 -> 68 | AA22: =M22-J22 -> -142.94118 | AB22: =M22/J22 -> 0.92058824
A23: 沙拉線三線 | B23: 微波主食 | C23: 紅燒纖牛若風味燴飯 | E23: 50.67 | F23: 1018 | G23: =E23*F23 -> 51582.06 | I23: 16 | J23: 1800 | K23: =J23/I23 -> 112.5 | L23: 16 | M23: =F23/V23*60 -> 1650.8108 | N23: =M23/L23 -> 103.17568 | O23: =L23-I23 -> 0 | P23: =N23-K23 -> -9.3243243 | Q23: =N23/K23 -> 0.91711712 | S23: 0.36875 | T23: 0.39444444 | U23: =(S23-T22)*24*60 -> 8 | V23: =(T23-S23)*24*60 -> 37 | AA23: =M23-J23 -> -149.18919 | AB23: =M23/J23 -> 0.91711712
A24: 沙拉線三線 | B24: 微波主食 | C24: 海老鰻魚丼滋丼 | E24: 58.17 | F24: 3088 | G24: =E24*F24 -> 179628.96 | I24: 18 | J24: 1800 | K24: =J24/I24 -> 100 | L24: 18 | M24: =F24/V24*60 -> 1654.2857 | N24: =M24/L24 -> 91.904762 | O24: =L24-I24 -> 0 | P24: =N24-K24 -> -8.0952381 | Q24: =N24/K24 -> 0.91904762 | S24: 0.39861111 | T24: 0.47638889 | U24: =(S24-T23)*24*60 -> 6 | V24: =(T24-S24)*24*60 -> 112 | AA24: =M24-J24 -> -145.71429 | AB24: =M24/J24 -> 0.91904762
A25: 沙拉線三線 | B25: 微波主食 | C25: 二配金咖哩果香甘口咖哩飯 | E25: 50.92 | F25: 1000 | G25: =E25*F25 -> 50920 | H25: 2 | I25: 16 | J25: 1800 | K25: =J25/I25 -> 112.5 | L25: 16 | M25: =F25/V25*60 -> 1666.6667 | N25: =M25/L25 -> 104.16667 | O25: =L25-I25 -> 0 | P25: =N25-K25 -> -8.3333333 | Q25: =N25/K25 -> 0.92592593 | S25: 0.70833333 | T25: 0.73333333 | U25: =(S25-T24)*24*60 -> 334 | V25: =(T25-S25)*24*60 -> 36 | AA25: =M25-J25 -> -133.33333 | AB25: =M25/J25 -> 0.92592593
A26: 沙拉線三線 | B26: 微波主食 | C26: 二配極旨黑咖哩漢堡排飯 | E26: 53.27 | F26: 544 | G26: =E26*F26 -> 28978.88 | I26: 15 | J26: 1800 | K26: =J26/I26 -> 120 | L26: 15 | M26: =F26/V26*60 -> 1717.8947 | N26: =M26/L26 -> 114.52632 | O26: =L26-I26 -> 0 | P26: =N26-K26 -> -5.4736842 | Q26: =N26/K26 -> 0.95438596 | S26: 0.7375 | T26: 0.75069444 | U26: =(S26-T25)*24*60 -> 6 | V26: =(T26-S26)*24*60 -> 19 | AA26: =M26-J26 -> -82.105263 | AB26: =M26/J26 -> 0.95438596
A27: 沙拉線三線 | B27: 微波主食 | C27: 二配黑胡椒素豬若飯 | E27: 49.91 | F27: 1052 | G27: =E27*F27 -> 52505.32 | I27: 16 | J27: 1800 | K27: =J27/I27 -> 112.5 | L27: 16 | M27: =F27/V27*60 -> 1661.0526 | N27: =M27/L27 -> 103.81579 | O27: =L27-I27 -> 0 | P27: =N27-K27 -> -8.6842105 | Q27: =N27/K27 -> 0.92280702 | S27: 0.75416667 | T27: 0.78055556 | U27: =(S27-T26)*24*60 -> 5 | V27: =(T27-S27)*24*60 -> 38 | AA27: =M27-J27 -> -138.94737 | AB27: =M27/J27 -> 0.92280702
A28: 沙拉線三線 | B28: 微波主食 | C28: 二配美味蟹煲 | E28: 51.62 | F28: 2500 | G28: =E28*F28 -> 129050 | H28: 2 | I28: 20 | J28: 1800 | K28: =J28/I28 -> 90 | L28: 20 | M28: =F28/V28*60 -> 1648.3516 | N28: =M28/L28 -> 82.417582 | O28: =L28-I28 -> 0 | P28: =N28-K28 -> -7.5824176 | Q28: =N28/K28 -> 0.91575092 | S28: 0.78611111 | T28: 0.84930556 | U28: =(S28-T27)*24*60 -> 8 | V28: =(T28-S28)*24*60 -> 91 | AA28: =M28-J28 -> -151.64835 | AB28: =M28/J28 -> 0.91575092
A29: 沙拉線三線 | B29: 微波主食 | C29: 二配金咖哩果香甘口咖哩飯 | E29: 50.92 | F29: 1840 | G29: =E29*F29 -> 93692.8 | I29: 16 | J29: 1800 | K29: =J29/I29 -> 112.5 | L29: 16 | M29: =F29/V29*60 -> 1647.7612 | N29: =M29/L29 -> 102.98507 | O29: =L29-I29 -> 0 | P29: =N29-K29 -> -9.5149254 | Q29: =N29/K29 -> 0.91542289 | S29: 0.89097222 | T29: 0.9375 | U29: =(S29-T28)*24*60 -> 60 | V29: =(T29-S29)*24*60 -> 67 | AA29: =M29-J29 -> -152.23881 | AB29: =M29/J29 -> 0.91542289
A30: 沙拉線三線 | B30: 平均 | I30: 16.7 | J30: 1740 | K30: =J30/I30 -> 104.19162 | L30: 16.7 | M30: =AVERAGE(M20:M29) -> 1606.5792 | N30: =M30/L30 -> 96.202348 | O30: =L30-I30 -> 0 | P30: =N30-K30 -> -7.9892685 | Q30: =N30/K30 -> 0.92332139 | AA30: =M30-J30 -> -133.42078 | AB30: =M30/J30 -> 0.92332139
A31: 三明治一線 | B31: 三明治 | C31: 經典總匯三明治 | E31: 26.2 | F31: 3963 | G31: =E31*F31 -> 103830.6 | I31: 20 | J31: 2400 | K31: =J31/I31 -> 120 | L31: 20 | M31: =F31/V31*60 -> 2201.6667 | N31: =M31/L31 -> 110.08333 | O31: =L31-I31 -> 0 | P31: =N31-K31 -> -9.9166667 | Q31: =N31/K31 -> 0.91736111 | R31: =Q38 -> 0.91599386 | S31: 0.125 | T31: 0.2 | V31: =(T31-S31)*24*60 -> 108 | AA31: =M31-J31 -> -198.33333 | AB31: =M31/J31 -> 0.91736111 | AC31: =AB38 -> 0.91599386
A32: 三明治一線 | B32: 三明治 | C32: 肉鬆火腿三明治 | E32: 20.52 | F32: 4214 | G32: =E32*F32 -> 86471.28 | I32: 18 | J32: 2400 | K32: =J32/I32 -> 133.33333 | L32: 18 | M32: =F32/V32*60 -> 2198.6087 | N32: =M32/L32 -> 122.14493 | O32: =L32-I32 -> 0 | P32: =N32-K32 -> -11.188406 | Q32: =N32/K32 -> 0.91608696 | S32: 0.22013889 | T32: 0.3 | U32: =(S32-T31)*24*60 -> 29 | V32: =(T32-S32)*24*60 -> 115 | AA32: =M32-J32 -> -201.3913 | AB32: =M32/J32 -> 0.91608696
A33: 三明治一線 | B33: 三明治 | C33: 紐奧良風味烤雞鮮蔬三明治 | E33: 31.29 | F33: 3500 | G33: =E33*F33 -> 109515 | H33: 2 | I33: 16 | J33: 2400 | K33: =J33/I33 -> 150 | L33: 16 | M33: =F33/V33*60 -> 2187.5 | N33: =M33/L33 -> 136.71875 | O33: =L33-I33 -> 0 | P33: =N33-K33 -> -13.28125 | Q33: =N33/K33 -> 0.91145833 | S33: 0.30416667 | T33: 0.37083333 | U33: =(S33-T32)*24*60 -> 6 | V33: =(T33-S33)*24*60 -> 96 | AA33: =M33-J33 -> -212.5 | AB33: =M33/J33 -> 0.91145833
A34: 三明治一線 | B34: 三明治 | C34: 起司芋見肉鬆三明治 | E34: 24.25 | F34: 3200 | G34: =E34*F34 -> 77600 | H34: 2 | I34: 18 | J34: 2400 | K34: =J34/I34 -> 133.33333 | L34: 18 | M34: =F34/V34*60 -> 2206.8966 | N34: =M34/L34 -> 122.60536 | O34: =L34-I34 -> 0 | P34: =N34-K34 -> -10.727969 | Q34: =N34/K34 -> 0.91954023 | S34: 0.37569444 | T34: 0.43611111 | U34: =(S34-T33)*24*60 -> 7 | V34: =(T34-S34)*24*60 -> 87 | AA34: =M34-J34 -> -193.10345 | AB34: =M34/J34 -> 0.91954023
A35: 三明治一線 | B35: 三明治 | C35: 藍莓優格三明治(114年) | E35: 22.35 | F35: 2256 | G35: =E35*F35 -> 50421.6 | I35: 16 | J35: 2400 | K35: =J35/I35 -> 150 | L35: 16 | M35: =F35/V35*60 -> 2219.0164 | N35: =M35/L35 -> 138.68852 | O35: =L35-I35 -> 0 | P35: =N35-K35 -> -11.311475 | Q35: =N35/K35 -> 0.92459016 | S35: 0.44097222 | T35: 0.48333333 | U35: =(S35-T34)*24*60 -> 7 | V35: =(T35-S35)*24*60 -> 61 | AA35: =M35-J35 -> -180.98361 | AB35: =M35/J35 -> 0.92459016
A36: 三明治一線 | B36: 三明治 | C36: 紐奧良風味烤雞鮮蔬三明治 | E36: 31.29 | F36: 4739 | G36: =E36*F36 -> 148283.31 | I36: 16 | J36: 2400 | K36: =J36/I36 -> 150 | L36: 16 | M36: =F36/V36*60 -> 2187.2308 | N36: =M36/L36 -> 136.70192 | O36: =L36-I36 -> 0 | P36: =N36-K36 -> -13.298077 | Q36: =N36/K36 -> 0.91134615 | S36: 0.52222222 | T36: 0.6125 | U36: =(S36-T35)*24*60 -> 56 | V36: =(T36-S36)*24*60 -> 130 | AA36: =M36-J36 -> -212.76923 | AB36: =M36/J36 -> 0.91134615
A37: 三明治一線 | B37: 三明治 | C37: 起司芋見肉鬆三明治 | E37: 24.25 | F37: 1969 | G37: =E37*F37 -> 47748.25 | I37: 18 | J37: 2400 | K37: =J37/I37 -> 133.33333 | L37: 18 | M37: =F37/V37*60 -> 2187.7778 | N37: =M37/L37 -> 121.54321 | O37: =L37-I37 -> 0 | P37: =N37-K37 -> -11.790123 | Q37: =N37/K37 -> 0.91157407 | S37: 0.61666667 | T37: 0.65416667 | U37: =(S37-T36)*24*60 -> 6 | V37: =(T37-S37)*24*60 -> 54 | AA37: =M37-J37 -> -212.22222 | AB37: =M37/J37 -> 0.91157407
A38: 三明治一線 | B38: 平均 | I38: 17.428571 | J38: 2400 | K38: =J38/I38 -> 137.70492 | L38: 17.428571 | M38: =AVERAGE(M31:M37) -> 2198.3853 | N38: =M38/L38 -> 126.13686 | O38: =L38-I38 -> 0 | P38: =N38-K38 -> -11.568059 | Q38: =N38/K38 -> 0.91599386 | AA38: =M38-J38 -> -201.61474 | AB38: =M38/J38 -> 0.91599386
A39: 三明治二線 | B39: 三明治 | C39: 鮪魚起司溏心蛋三明治 | E39: 26.2 | F39: 2500 | G39: =E39*F39 -> 65500 | H39: 2 | I39: 18 | J39: 2400 | K39: =J39/I39 -> 133.33333 | L39: 18 | M39: =F39/V39*60 -> 2205.8824 | N39: =M39/L39 -> 122.54902 | O39: =L39-I39 -> 0 | P39: =N39-K39 -> -10.784314 | Q39: =N39/K39 -> 0.91911765 | R39: =Q46 -> 0.91689682 | S39: 0.083333333 | T39: 0.13055556 | V39: =(T39-S39)*24*60 -> 68 | AA39: =M39-J39 -> -194.11765 | AB39: =M39/J39 -> 0.91911765 | AC39: =AB46 -> 0.91689682
A40: 三明治二線 | B40: 三明治 | C40: 瘋狂起司三明治(113年) | E40: 24.45 | F40: 2261 | G40: =E40*F40 -> 55281.45 | I40: 20 | J40: 2400 | K40: =J40/I40 -> 120 | L40: 20 | M40: =F40/V40*60 -> 2223.9344 | N40: =M40/L40 -> 111.19672 | O40: =L40-I40 -> 0 | P40: =N40-K40 -> -8.8032787 | Q40: =N40/K40 -> 0.92663934 | S40: 0.15138889 | T40: 0.19375 | U40: =(S40-T39)*24*60 -> 30 | V40: =(T40-S40)*24*60 -> 61 | AA40: =M40-J40 -> -176.06557 | AB40: =M40/J40 -> 0.92663934
A41: 三明治二線 | B41: 三明治 | C41: 蛋蛋嘉年華三明治 | E41: 26.2 | F41: 3111 | G41: =E41*F41 -> 81508.2 | I41: 20 | J41: 2400 | K41: =J41/I41 -> 120 | L41: 20 | M41: =F41/V41*60 -> 2196 | N41: =M41/L41 -> 109.8 | O41: =L41-I41 -> 0 | P41: =N41-K41 -> -10.2 | Q41: =N41/K41 -> 0.915 | S41: 0.19722222 | T41: 0.25625 | U41: =(S41-T40)*24*60 -> 5 | V41: =(T41-S41)*24*60 -> 85 | AA41: =M41-J41 -> -204 | AB41: =M41/J41 -> 0.915
A42: 三明治二線 | B42: 三明治 | C42: 醬燒烤雞三明治 | E42: 26.39 | F42: 5036 | G42: =E42*F42 -> 132900.04 | I42: 19 | J42: 2400 | K42: =J42/I42 -> 126.31579 | L42: 19 | M42: =F42/V42*60 -> 2189.5652 | N42: =M42/L42 -> 115.24027 | O42: =L42-I42 -> 0 | P42: =N42-K42 -> -11.075515 | Q42: =N42/K42 -> 0.91231884 | S42: 0.26180556 | T42: 0.35763889 | U42: =(S42-T41)*24*60 -> 8 | V42: =(T42-S42)*24*60 -> 138 | AA42: =M42-J42 -> -210.43478 | AB42: =M42/J42 -> 0.91231884
A43: 三明治二線 | B43: 三明治 | C43: 輕乳酪巧克力三明治 | E43: 20.52 | F43: 3067 | G43: =E43*F43 -> 62934.84 | I43: 18 | J43: 2400 | K43: =J43/I43 -> 133.33333 | L43: 18 | M43: =F43/V43*60 -> 2190.7143 | N43: =M43/L43 -> 121.70635 | O43: =L43-I43 -> 0 | P43: =N43-K43 -> -11.626984 | Q43: =N43/K43 -> 0.91279762 | S43: 0.3625 | T43: 0.42083333 | U43: =(S43-T42)*24*60 -> 7 | V43: =(T43-S43)*24*60 -> 84 | AA43: =M43-J43 -> -209.28571 | AB43: =M43/J43 -> 0.91279762
A44: 三明治二線 | B44: 三明治 | C44: 好多菜三明治 | E44: 26.2 | F44: 4052 | G44: =E44*F44 -> 106162.4 | I44: 19 | J44: 2400 | K44: =J44/I44 -> 126.31579 | L44: 19 | M44: =F44/V44*60 -> 2190.2703 | N44: =M44/L44 -> 115.27738 | O44: =L44-I44 -> 0 | P44: =N44-K44 -> -11.038407 | Q44: =N44/K44 -> 0.91261261 | S44: 0.425 | T44: 0.50208333 | U44: =(S44-T43)*24*60 -> 6 | V44: =(T44-S44)*24*60 -> 111 | AA44: =M44-J44 -> -209.72973 | AB44: =M44/J44 -> 0.91261261
A45: 三明治二線 | B45: 三明治 | C45: 鮪魚起司溏心蛋三明治 | E45: 26.2 | F45: 3532 | G45: =E45*F45 -> 92538.4 | I45: 18 | J45: 2400 | K45: =J45/I45 -> 133.33333 | L45: 18 | M45: =F45/V45*60 -> 2207.5 | N45: =M45/L45 -> 122.63889 | O45: =L45-I45 -> 0 | P45: =N45-K45 -> -10.694444 | Q45: =N45/K45 -> 0.91979167 | S45: 0.54236111 | T45: 0.60902778 | U45: =(S45-T44)*24*60 -> 58 | V45: =(T45-S45)*24*60 -> 96 | AA45: =M45-J45 -> -192.5 | AB45: =M45/J45 -> 0.91979167
A46: 三明治二線 | B46: 平均 | I46: 18.857143 | J46: 2400 | K46: =J46/I46 -> 127.27273 | L46: 18.857143 | M46: =AVERAGE(M39:M45) -> 2200.5524 | N46: =M46/L46 -> 116.69596 | O46: =L46-I46 -> 0 | P46: =N46-K46 -> -10.576769 | Q46: =N46/K46 -> 0.91689682 | AA46: =M46-J46 -> -199.44764 | AB46: =M46/J46 -> 0.91689682
A47: 自動包裝線 | B47: 調理麵包 | C47: 豬肉起司蛋堡 | E47: 27.17 | F47: 2800 | G47: =E47*F47 -> 76076 | H47: 2 | I47: 10 | J47: 3000 | K47: =J47/I47 -> 300 | L47: 10 | M47: =F47/V47*60 -> 2754.0984 | N47: =M47/L47 -> 275.40984 | O47: =L47-I47 -> 0 | P47: =N47-K47 -> -24.590164 | Q47: =N47/K47 -> 0.91803279 | R47: =Q55 -> 0.91791363 | S47: 0.20833333 | T47: 0.25069444 | V47: =(T47-S47)*24*60 -> 61 | AA47: =M47-J47 -> -245.90164 | AB47: =M47/J47 -> 0.91803279 | AC47: =AB55 -> 0.91791363
A48: 自動包裝線 | B48: 調理麵包 | C48: 豬肉起司堡 | E48: 21.13 | F48: 3000 | G48: =E48*F48 -> 63390 | H48: 2 | I48: 10 | J48: 3000 | K48: =J48/I48 -> 300 | L48: 10 | M48: =F48/V48*60 -> 2769.2308 | N48: =M48/L48 -> 276.92308 | O48: =L48-I48 -> 0 | P48: =N48-K48 -> -23.076923 | Q48: =N48/K48 -> 0.92307692 | S48: 0.25416667 | T48: 0.29930556 | U48: =(S48-T47)*24*60 -> 5 | V48: =(T48-S48)*24*60 -> 65 | AA48: =M48-J48 -> -230.76923 | AB48: =M48/J48 -> 0.92307692
A49: 自動包裝線 | B49: 調理麵包 | C49: 經典雙牛起司堡(113年) | E49: 35.12 | F49: 4690 | G49: =E49*F49 -> 164712.8 | I49: 10 | J49: 3000 | K49: =J49/I49 -> 300 | L49: 10 | M49: =F49/V49*60 -> 2732.0388 | N49: =M49/L49 -> 273.20388 | O49: =L49-I49 -> 0 | P49: =N49-K49 -> -26.796117 | Q49: =N49/K49 -> 0.91067961 | S49: 0.30347222 | T49: 0.375 | U49: =(S49-T48)*24*60 -> 6 | V49: =(T49-S49)*24*60 -> 103 | AA49: =M49-J49 -> -267.96117 | AB49: =M49/J49 -> 0.91067961
A50: 自動包裝線 | B50: 調理麵包 | C50: 美式起司巨牛堡 | E50: 40.18 | F50: 2270 | G50: =E50*F50 -> 91208.6 | I50: 10 | J50: 3000 | K50: =J50/I50 -> 300 | L50: 10 | M50: =F50/V50*60 -> 2779.5918 | N50: =M50/L50 -> 277.95918 | O50: =L50-I50 -> 0 | P50: =N50-K50 -> -22.040816 | Q50: =N50/K50 -> 0.92653061 | S50: 0.37847222 | T50: 0.4125 | U50: =(S50-T49)*24*60 -> 5 | V50: =(T50-S50)*24*60 -> 49 | AA50: =M50-J50 -> -220.40816 | AB50: =M50/J50 -> 0.92653061
A51: 自動包裝線 | B51: 調理麵包 | C51: 哞哞奶香白醬火腿蛋堡 | E51: 28.5 | F51: 1550 | G51: =E51*F51 -> 44175 | I51: 10 | J51: 3000 | K51: =J51/I51 -> 300 | L51: 10 | M51: =F51/V51*60 -> 2735.2941 | N51: =M51/L51 -> 273.52941 | O51: =L51-I51 -> 0 | P51: =N51-K51 -> -26.470588 | Q51: =N51/K51 -> 0.91176471 | S51: 0.41736111 | T51: 0.44097222 | U51: =(S51-T50)*24*60 -> 7 | V51: =(T51-S51)*24*60 -> 34 | AA51: =M51-J51 -> -264.70588 | AB51: =M51/J51 -> 0.91176471
A52: 自動包裝線 | B52: 調理麵包 | C52: 美式雞腿堡 | E52: 35.87 | F52: 3581 | G52: =E52*F52 -> 128450.47 | I52: 10 | J52: 3000 | K52: =J52/I52 -> 300 | L52: 10 | M52: =F52/V52*60 -> 2754.6154 | N52: =M52/L52 -> 275.46154 | O52: =L52-I52 -> 0 | P52: =N52-K52 -> -24.538462 | Q52: =N52/K52 -> 0.91820513 | S52: 0.44583333 | T52: 0.5 | U52: =(S52-T51)*24*60 -> 7 | V52: =(T52-S52)*24*60 -> 78 | AA52: =M52-J52 -> -245.38462 | AB52: =M52/J52 -> 0.91820513
A53: 自動包裝線 | B53: 調理麵包 | C53: 豬肉起司蛋堡 | E53: 27.17 | F53: 3375 | G53: =E53*F53 -> 91698.75 | I53: 10 | J53: 3000 | K53: =J53/I53 -> 300 | L53: 10 | M53: =F53/V53*60 -> 2736.4865 | N53: =M53/L53 -> 273.64865 | O53: =L53-I53 -> 0 | P53: =N53-K53 -> -26.351351 | Q53: =N53/K53 -> 0.91216216 | S53: 0.54097222 | T53: 0.59236111 | U53: =(S53-T52)*24*60 -> 59 | V53: =(T53-S53)*24*60 -> 74 | AA53: =M53-J53 -> -263.51351 | AB53: =M53/J53 -> 0.91216216
A54: 自動包裝線 | B54: 調理麵包 | C54: 豬肉起司堡 | E54: 21.13 | F54: 1938 | G54: =E54*F54 -> 40949.94 | I54: 10 | J54: 3000 | K54: =J54/I54 -> 300 | L54: 10 | M54: =F54/V54*60 -> 2768.5714 | N54: =M54/L54 -> 276.85714 | O54: =L54-I54 -> 0 | P54: =N54-K54 -> -23.142857 | Q54: =N54/K54 -> 0.92285714 | S54: 0.59583333 | T54: 0.625 | U54: =(S54-T53)*24*60 -> 5 | V54: =(T54-S54)*24*60 -> 42 | AA54: =M54-J54 -> -231.42857 | AB54: =M54/J54 -> 0.92285714
A55: 自動包裝線 | B55: 平均 | I55: 10 | J55: 3000 | K55: =J55/I55 -> 300 | L55: 10 | M55: =AVERAGE(M47:M54) -> 2753.7409 | N55: =M55/L55 -> 275.37409 | O55: =L55-I55 -> 0 | P55: =N55-K55 -> -24.62591 | Q55: =N55/K55 -> 0.91791363 | AA55: =M55-J55 -> -246.2591 | AB55: =M55/J55 -> 0.91791363
A56: 涼麵一線 | B56: 沙拉 | C56: 蔥鹽雞肉麵沙拉(114年) | E56: 46 | F56: 3043 | G56: =E56*F56 -> 139978 | I56: 17 | J56: 1500 | K56: =J56/I56 -> 88.235294 | L56: 17 | M56: =F56/V56*60 -> 1372.782 | N56: =M56/L56 -> 80.75188 | O56: =L56-I56 -> 0 | P56: =N56-K56 -> -7.4834144 | Q56: =N56/K56 -> 0.91518797 | R56: =Q60 -> 0.9177179 | S56: 0.29166667 | T56: 0.38402778 | V56: =(T56-S56)*24*60 -> 133 | AA56: =M56-J56 -> -127.21805 | AB56: =M56/J56 -> 0.91518797 | AC56: =AB60 -> 0.9177179
A57: 涼麵一線 | B57: 沙拉 | C57: 莎莎烤雞麵沙拉 | E57: 46 | F57: 3537 | G57: =E57*F57 -> 162702 | I57: 18 | J57: 1500 | K57: =J57/I57 -> 83.333333 | L57: 18 | M57: =F57/V57*60 -> 1378.0519 | N57: =M57/L57 -> 76.558442 | O57: =L57-I57 -> 0 | P57: =N57-K57 -> -6.7748918 | Q57: =N57/K57 -> 0.9187013 | S57: 0.3875 | T57: 0.49444444 | U57: =(S57-T56)*24*60 -> 5 | V57: =(T57-S57)*24*60 -> 154 | AA57: =M57-J57 -> -121.94805 | AB57: =M57/J57 -> 0.9187013
A58: 涼麵一線 | B58: 微波主食 | C58: 二配香辣醬蒜味香腸蛋炒飯 | E58: 55.56 | F58: 2053 | G58: =E58*F58 -> 114064.68 | I58: 17 | J58: 1500 | K58: =J58/I58 -> 88.235294 | L58: 17 | M58: =F58/V58*60 -> 1384.0449 | N58: =M58/L58 -> 81.414408 | O58: =L58-I58 -> 0 | P58: =N58-K58 -> -6.8208857 | Q58: =N58/K58 -> 0.92269663 | S58: 0.70833333 | T58: 0.77013889 | U58: =(S58-T57)*24*60 -> 308 | V58: =(T58-S58)*24*60 -> 89 | AA58: =M58-J58 -> -115.95506 | AB58: =M58/J58 -> 0.92269663
A59: 涼麵一線 | B59: 微波主食 | C59: 二配香拌海鮮醬肉絲蛋炒飯 | E59: 55.32 | F59: 1440 | G59: =E59*F59 -> 79660.8 | I59: 15 | J59: 1500 | K59: =J59/I59 -> 100 | L59: 15 | M59: =F59/V59*60 -> 1371.4286 | N59: =M59/L59 -> 91.428571 | O59: =L59-I59 -> 0 | P59: =N59-K59 -> -8.5714286 | Q59: =N59/K59 -> 0.91428571 | S59: 0.77361111 | T59: 0.81736111 | U59: =(S59-T58)*24*60 -> 5 | V59: =(T59-S59)*24*60 -> 63 | AA59: =M59-J59 -> -128.57143 | AB59: =M59/J59 -> 0.91428571
A60: 涼麵一線 | B60: 平均 | I60: 16.75 | J60: 1500 | K60: =J60/I60 -> 89.552239 | L60: 16.75 | M60: =AVERAGE(M56:M59) -> 1376.5769 | N60: =M60/L60 -> 82.183693 | O60: =L60-I60 -> 0 | P60: =N60-K60 -> -7.368546 | Q60: =N60/K60 -> 0.9177179 | AA60: =M60-J60 -> -123.42315 | AB60: =M60/J60 -> 0.9177179
A61: 三明治四線 | B61: 調理麵包 | C61: 香雞蛋堡(112年) | E61: 26.78 | F61: 2655 | G61: =E61*F61 -> 71100.9 | I61: 10 | J61: 3000 | K61: =J61/I61 -> 300 | L61: 10 | M61: =F61/V61*60 -> 2746.5517 | N61: =M61/L61 -> 274.65517 | O61: =L61-I61 -> 0 | P61: =N61-K61 -> -25.344828 | Q61: =N61/K61 -> 0.91551724 | R61: =Q67 -> 0.92041014 | S61: 0.20833333 | T61: 0.24861111 | V61: =(T61-S61)*24*60 -> 58 | AA61: =M61-J61 -> -253.44828 | AB61: =M61/J61 -> 0.91551724 | AC61: =AB67 -> 0.92041014
A62: 三明治四線 | B62: 調理麵包 | C62: 黃金魚堡 | E62: 35.37 | F62: 1686 | G62: =E62*F62 -> 59633.82 | I62: 10 | J62: 3000 | K62: =J62/I62 -> 300 | L62: 10 | M62: =F62/V62*60 -> 2734.0541 | N62: =M62/L62 -> 273.40541 | O62: =L62-I62 -> 0 | P62: =N62-K62 -> -26.594595 | Q62: =N62/K62 -> 0.91135135 | S62: 0.25416667 | T62: 0.27986111 | U62: =(S62-T61)*24*60 -> 8 | V62: =(T62-S62)*24*60 -> 37 | AA62: =M62-J62 -> -265.94595 | AB62: =M62/J62 -> 0.91135135
A63: 三明治四線 | B63: 調理麵包 | C63: 大麥雙蛋白豬肉堡 | E63: 34.35 | F63: 1456 | G63: =E63*F63 -> 50013.6 | I63: 10 | J63: 3000 | K63: =J63/I63 -> 300 | L63: 10 | M63: =F63/V63*60 -> 2818.0645 | N63: =M63/L63 -> 281.80645 | O63: =L63-I63 -> 0 | P63: =N63-K63 -> -18.193548 | Q63: =N63/K63 -> 0.93935484 | S63: 0.28472222 | T63: 0.30625 | U63: =(S63-T62)*24*60 -> 7 | V63: =(T63-S63)*24*60 -> 31 | AA63: =M63-J63 -> -181.93548 | AB63: =M63/J63 -> 0.93935484
A64: 三明治四線 | B64: 沙拉 | C64: 溏心蛋洋芋沙拉 | E64: 26.97 | F64: 3153 | G64: =E64*F64 -> 85036.41 | I64: 8 | J64: 1440 | K64: =J64/I64 -> 180 | L64: 8 | M64: =F64/V64*60 -> 1313.75 | N64: =M64/L64 -> 164.21875 | O64: =L64-I64 -> 0 | P64: =N64-K64 -> -15.78125 | Q64: =N64/K64 -> 0.91232639 | S64: 0.31111111 | T64: 0.41111111 | U64: =(S64-T63)*24*60 -> 7 | V64: =(T64-S64)*24*60 -> 144 | AA64: =M64-J64 -> -126.25 | AB64: =M64/J64 -> 0.91232639
A65: 三明治四線 | B65: 調理麵包 | C65: 美式熱狗堡 | E65: 35.12 | F65: 1228 | G65: =E65*F65 -> 43127.36 | I65: 13 | J65: 2000 | K65: =J65/I65 -> 153.84615 | L65: 13 | M65: =F65/V65*60 -> 1842 | N65: =M65/L65 -> 141.69231 | O65: =L65-I65 -> 0 | P65: =N65-K65 -> -12.153846 | Q65: =N65/K65 -> 0.921 | S65: 0.41597222 | T65: 0.44375 | U65: =(S65-T64)*24*60 -> 7 | V65: =(T65-S65)*24*60 -> 40 | AA65: =M65-J65 -> -158 | AB65: =M65/J65 -> 0.921
A66: 三明治四線 | B66: 調理麵包 | C66: 超HOT雞腿堡(114年) | E66: 35.87 | F66: 3354 | G66: =E66*F66 -> 120307.98 | I66: 10 | J66: 3000 | K66: =J66/I66 -> 300 | L66: 10 | M66: =F66/V66*60 -> 2756.7123 | N66: =M66/L66 -> 275.67123 | O66: =L66-I66 -> 0 | P66: =N66-K66 -> -24.328767 | Q66: =N66/K66 -> 0.91890411 | S66: 0.44722222 | T66: 0.49791667 | U66: =(S66-T65)*24*60 -> 5 | V66: =(T66-S66)*24*60 -> 73 | AA66: =M66-J66 -> -243.28767 | AB66: =M66/J66 -> 0.91890411
A67: 三明治四線 | B67: 平均 | I67: 10.166667 | J67: 2573.3333 | K67: =J67/I67 -> 253.11475 | L67: 10.166667 | M67: =AVERAGE(M61:M66) -> 2368.5221 | N67: =M67/L67 -> 232.96939 | O67: =L67-I67 -> 0 | P67: =N67-K67 -> -20.145367 | Q67: =N67/K67 -> 0.92041014 | AA67: =M67-J67 -> -204.81123 | AB67: =M67/J67 -> 0.92041014
A68: 自動包裝二線 | B68: 三明治 | C68: 三重火腿三明治 | E68: 32.03 | F68: 1230 | G68: =E68*F68 -> 39396.9 | I68: 19 | J68: 2400 | K68: =J68/I68 -> 126.31579 | L68: 19 | M68: =F68/V68*60 -> 2236.3636 | N68: =M68/L68 -> 117.70335 | O68: =L68-I68 -> 0 | P68: =N68-K68 -> -8.6124402 | Q68: =N68/K68 -> 0.93181818 | R68: =Q74 -> 0.9175805 | S68: 0.125 | T68: 0.14791667 | V68: =(T68-S68)*24*60 -> 33 | AA68: =M68-J68 -> -163.63636 | AB68: =M68/J68 -> 0.93181818 | AC68: =AB74 -> 0.9175805
A69: 自動包裝二線 | B69: 三明治 | C69: 香鬆起司蛋三明治(114年) | E69: 20.2 | F69: 2703 | G69: =E69*F69 -> 54600.6 | I69: 19 | J69: 2400 | K69: =J69/I69 -> 126.31579 | L69: 19 | M69: =F69/V69*60 -> 2191.6216 | N69: =M69/L69 -> 115.34851 | O69: =L69-I69 -> 0 | P69: =N69-K69 -> -10.967283 | Q69: =N69/K69 -> 0.91317568 | S69: 0.16875 | T69: 0.22013889 | U69: =(S69-T68)*24*60 -> 30 | V69: =(T69-S69)*24*60 -> 74 | AA69: =M69-J69 -> -208.37838 | AB69: =M69/J69 -> 0.91317568
A70: 自動包裝二線 | B70: 三明治 | C70: 火腿起司蛋三明治 | E70: 19.02 | F70: 4000 | G70: =E70*F70 -> 76080 | H70: 2 | I70: 15 | J70: 2400 | K70: =J70/I70 -> 160 | L70: 15 | M70: =F70/V70*60 -> 2201.8349 | N70: =M70/L70 -> 146.78899 | O70: =L70-I70 -> 0 | P70: =N70-K70 -> -13.211009 | Q70: =N70/K70 -> 0.91743119 | S70: 0.22569444 | T70: 0.30138889 | U70: =(S70-T69)*24*60 -> 8 | V70: =(T70-S70)*24*60 -> 109 | AA70: =M70-J70 -> -198.16514 | AB70: =M70/J70 -> 0.91743119
A71: 自動包裝二線 | B71: 三明治 | C71: 雞蛋沙拉三明治 | E71: 25 | F71: 4200 | G71: =E71*F71 -> 105000 | I71: 15 | J71: 2400 | K71: =J71/I71 -> 160 | L71: 15 | M71: =F71/V71*60 -> 2191.3043 | N71: =M71/L71 -> 146.08696 | O71: =L71-I71 -> 0 | P71: =N71-K71 -> -13.913043 | Q71: =N71/K71 -> 0.91304348 | S71: 0.30625 | T71: 0.38611111 | U71: =(S71-T70)*24*60 -> 7 | V71: =(T71-S71)*24*60 -> 115 | AA71: =M71-J71 -> -208.69565 | AB71: =M71/J71 -> 0.91304348
A72: 自動包裝二線 | B72: 三明治 | C72: 水果派對三明治 | E72: 28.51 | F72: 4801 | G72: =E72*F72 -> 136876.51 | I72: 19 | J72: 2400 | K72: =J72/I72 -> 126.31579 | L72: 19 | M72: =F72/V72*60 -> 2198.9313 | N72: =M72/L72 -> 115.73323 | O72: =L72-I72 -> 0 | P72: =N72-K72 -> -10.582563 | Q72: =N72/K72 -> 0.91622137 | S72: 0.39027778 | T72: 0.48125 | U72: =(S72-T71)*24*60 -> 6 | V72: =(T72-S72)*24*60 -> 131 | AA72: =M72-J72 -> -201.0687 | AB72: =M72/J72 -> 0.91622137
A73: 自動包裝二線 | B73: 三明治 | C73: 火腿起司蛋三明治 | E73: 19.02 | F73: 5300 | G73: =E73*F73 -> 100806 | I73: 15 | J73: 2400 | K73: =J73/I73 -> 160 | L73: 15 | M73: =F73/V73*60 -> 2193.1034 | N73: =M73/L73 -> 146.2069 | O73: =L73-I73 -> 0 | P73: =N73-K73 -> -13.793103 | Q73: =N73/K73 -> 0.9137931 | S73: 0.52013889 | T73: 0.62083333 | U73: =(S73-T72)*24*60 -> 56 | V73: =(T73-S73)*24*60 -> 145 | AA73: =M73-J73 -> -206.89655 | AB73: =M73/J73 -> 0.9137931
A74: 自動包裝二線 | B74: 平均 | I74: =AVERAGE(I68:I73) -> 17 | J74: 2400 | K74: =J74/I74 -> 141.17647 | L74: =AVERAGE(L68:L73) -> 17 | M74: =AVERAGE(M68:M73) -> 2202.1932 | N74: =M74/L74 -> 129.54078 | O74: =L74-I74 -> 0 | P74: =N74-K74 -> -11.635694 | Q74: =N74/K74 -> 0.9175805 | AA74: =M74-J74 -> -197.8068 | AB74: =M74/J74 -> 0.9175805

Sheet 0729
B1: 屏榮 新豐廠組合室生產人時性分析
B3: 日期 | C3: =TEXT('0729 4度C'!A2,"yyyy.mm.ddaaaa") -> 2025.07.29星期二 | E3: 訂單量 | F3: ='0729 4度C'!D1 -> 169100 | H3: 營業額 | I3: ='0729 4度C'!F1 -> 5815237.7
B4: 人時性 | C4: 項目 | E4: ➀ | G4: ➁ | I4: ➂
C5: 組合室 | E5: 全溫層 | G5: 4度C-各編組展開 | I5: ③三明治-各編組展開
C6: 排關平均 | E6: =AVERAGE(D13:M13) -> 142.11547 | F6: =AVERAGE(D27:O27,D13:J13) -> 145.01729 | G6: =AVERAGE(D13:J13) -> 145.01729 | I6: =AVERAGE(K13:M13) -> 135.34457
C7: 實績平均 | E7: =AVERAGE(D14:M14) -> 130.48172 | F7: =AVERAGE(D28:O28,D14:J14) -> 133.20032 | G7: =AVERAGE(D14:J14) -> 133.20032 | I7: =AVERAGE(K14:M14) -> 124.13834
C8: 達成率平均 | E8: =AVERAGE(D15:M15) -> 0.91723352 | F8: =AVERAGE(D15:J15,D29:O29) -> 0.91724313 | G8: =AVERAGE(D15:J15) -> 0.91724313 | I8: =AVERAGE(K15:M15) -> 0.9172111 | K8: ※現行日本鮮食廠以達成率80%為基本(即為現行KPI)
B10: 溫層 | D10: ➁4度C-各編組展開 | K10: ③三明治-各編組展開
B11: 編組 | D11: 1 | E11: 2 | F11: 3 | G11: 4 | H11: 5 | I11: 6 | J11: 7 | K11: 1 | L11: 2 | M11: 3
D12: 燴飯線 | E12: 沙拉一線 | F12: 沙拉二線 | G12: 沙拉三線 | H12: 自動包裝線 | I12: 涼麵一線 | J12: 三明治四線 | K12: 三明治一線 | L12: 三明治二線 | M12: 自動包裝二線
B13: 人時性 | C13: 排關 | D13: =SUMIFS('0729 4度C'!$K:$K,'0729 4度C'!$A:$A,"燴飯線",'0729 4度C'!$B:$B,"平均") -> 105.88235 | E13: =SUMIFS('0729 4度C'!$K:$K,'0729 4度C'!$A:$A,"沙拉線一線",'0729 4度C'!$B:$B,"平均") -> 81.081081 | F13: =SUMIFS('0729 4度C'!$K:$K,'0729 4度C'!$A:$A,"沙拉線二線",'0729 4度C'!$B:$B,"平均") -> 81.298969 | G13: =SUMIFS('0729 4度C'!$K:$K,'0729 4度C'!$A:$A,"沙拉線三線",'0729 4度C'!$B:$B,"平均") -> 104.19162 | H13: =SUMIFS('0729 4度C'!$K:$K,'0729 4度C'!$A:$A,"自動包裝線",'0729 4度C'!$B:$B,"平均") -> 300 | I13: =SUMIFS('0729 4度C'!$K:$K,'0729 4度C'!$A:$A,"涼麵一線",'0729 4度C'!$B:$B,"平均") -> 89.552239 | J13: =SUMIFS('0729 4度C'!$K:$K,'0729 4度C'!$A:$A,"三明治四線",'0729 4度C'!$B:$B,"平均") -> 253.11475 | K13: =SUMIFS('0729 4度C'!$K:$K,'0729 4度C'!$A:$A,"三明治一線",'0729 4度C'!$B:$B,"平均") -> 137.70492 | L13: =SUMIFS('0729 4度C'!$K:$K,'0729 4度C'!$A:$A,"三明治二線",'0729 4度C'!$B:$B,"平均") -> 127.15232 | M13: =SUMIFS('0729 4度C'!$K:$K,'0729 4度C'!$A:$A,"自動包裝二線",'0729 4度C'!$B:$B,"平均") -> 141.17647
C14: 實績 | D14: =SUMIFS('0729 4度C'!$N:$N,'0729 4度C'!$A:$A,"燴飯線",'0729 4度C'!$B:$B,"平均") -> 96.595212 | E14: =SUMIFS('0729 4度C'!$N:$N,'0729 4度C'!$A:$A,"沙拉線一線",'0729 4度C'!$B:$B,"平均") -> 74.273802 | F14: =SUMIFS('0729 4度C'!$N:$N,'0729 4度C'!$A:$A,"沙拉線二線",'0729 4度C'!$B:$B,"平均") -> 74.323214 | G14: =SUMIFS('0729 4度C'!$N:$N,'0729 4度C'!$A:$A,"沙拉線三線",'0729 4度C'!$B:$B,"平均") -> 95.978781 | H14: =SUMIFS('0729 4度C'!$N:$N,'0729 4度C'!$A:$A,"自動包裝線",'0729 4度C'!$B:$B,"平均") -> 276.14078 | I14: =SUMIFS('0729 4度C'!$N:$N,'0729 4度C'!$A:$A,"涼麵一線",'0729 4度C'!$B:$B,"平均") -> 81.996393 | J14: =SUMIFS('0729 4度C'!$N:$N,'0729 4度C'!$A:$A,"三明治四線",'0729 4度C'!$B:$B,"平均") -> 233.09405 | K14: =SUMIFS('0729 4度C'!$N:$N,'0729 4度C'!$A:$A,"三明治一線",'0729 4度C'!$B:$B,"平均") -> 125.97242 | L14: =SUMIFS('0729 4度C'!$N:$N,'0729 4度C'!$A:$A,"三明治二線",'0729 4度C'!$B:$B,"平均") -> 116.73419 | M14: =SUMIFS('0729 4度C'!$N:$N,'0729 4度C'!$A:$A,"自動包裝二線",'0729 4度C'!$B:$B,"平均") -> 129.7084
C15: 達成率 | D15: =D14/D13 -> 0.91228811 | E15: =E14/E13 -> 0.91604355 | F15: =F14/F13 -> 0.91419627 | G15: =G14/G13 -> 0.92117566 | H15: =H14/H13 -> 0.92046928 | I15: =I14/I13 -> 0.91562639 | J15: =J14/J13 -> 0.92090267 | K15: =K14/K13 -> 0.91479972 | ... M15: =M14/M13 -> 0.9187678
B16: 作業 時間 | C16: 開始 | D16: =VLOOKUP("燴飯線",'0729 4度C'!$A:$T,19,0) -> 0.70833333 | E16: =VLOOKUP("沙拉線一線",'0729 4度C'!$A:$T,19,0) -> 0.13055556 | F16: =VLOOKUP("沙拉線二線",'0729 4度C'!$A:$T,19,0) -> 0.25 | G16: =VLOOKUP("沙拉線三線",'0729 4度C'!$A:$T,19,0) -> 0.16666667 | H16: =VLOOKUP("自動包裝線",'0729 4度C'!$A:$T,19,0) -> 0.20833333 | I16: =VLOOKUP("涼麵一線",'0729 4度C'!$A:$T,19,0) -> 0.29166667 | J16: =VLOOKUP("三明治四線",'0729 4度C'!$A:$T,19,0) -> 0.20833333 | K16: =VLOOKUP("三明治一線",'0729 4度C'!$A:$T,19,0) -> 0.125 | L16: =VLOOKUP("三明治二線",'0729 4度C'!$A:$T,19,0) -> 0.083333333 | M16: =VLOOKUP("自動包裝二線",'0729 4度C'!$A:$T,19,0) -> 0.125
C17: 結束 | D17: =LOOKUP(2,1/(('0729 4度C'!$A:$A="燴飯線")*('0729 4度C'!$T:$T<>"")),'0729 4度C'!$T:$T) -> 0.85555556 | E17: =LOOKUP(2,1/(('0729 4度C'!$A:$A="沙拉線一線")*('0729 4度C'!$T:$T<>"")),'0729 4度C'!$T:$T) -> 0.63819444 | F17: =LOOKUP(2,1/(('0729 4度C'!$A:$A="沙拉線二線")*('0729 4度C'!$T:$T<>"")),'0729 4度C'!$T:$T) -> 0.96041667 | G17: =LOOKUP(2,1/(('0729 4度C'!$A:$A="沙拉線三線")*('0729 4度C'!$T:$T<>"")),'0729 4度C'!$T:$T) -> 0.94791667 | H17: =LOOKUP(2,1/(('0729 4度C'!$A:$A="自動包裝線")*('0729 4度C'!$T:$T<>"")),'0729 4度C'!$T:$T) -> 0.62152778 | I17: =LOOKUP(2,1/(('0729 4度C'!$A:$A="涼麵一線")*('0729 4度C'!$T:$T<>"")),'0729 4度C'!$T:$T) -> 0.82847222 | J17: =LOOKUP(2,1/(('0729 4度C'!$A:$A="三明治四線")*('0729 4度C'!$T:$T<>"")),'0729 4度C'!$T:$T) -> 0.47916667 | K17: =LOOKUP(2,1/(('0729 4度C'!$A:$A="三明治一線")*('0729 4度C'!$T:$T<>"")),'0729 4度C'!$T:$T) -> 0.67916667 | L17: =LOOKUP(2,1/(('0729 4度C'!$A:$A="三明治二線")*('0729 4度C'!$T:$T<>"")),'0729 4度C'!$T:$T) -> 0.63333333 | M17: =LOOKUP(2,1/(('0729 4度C'!$A:$A="自動包裝二線")*('0729 4度C'!$T:$T<>"")),'0729 4度C'!$T:$T) -> 0.64027778
B18: 配置人數 | D18: =SUMIFS('0729 4度C'!$I:$I,'0729 4度C'!$A:$A,"燴飯線",'0729 4度C'!$B:$B,"平均") -> 17 | E18: =SUMIFS('0729 4度C'!$I:$I,'0729 4度C'!$A:$A,"沙拉線一線",'0729 4度C'!$B:$B,"平均") -> 18.5 | F18: =SUMIFS('0729 4度C'!$I:$I,'0729 4度C'!$A:$A,"沙拉線二線",'0729 4度C'!$B:$B,"平均") -> 19.4 | G18: =SUMIFS('0729 4度C'!$I:$I,'0729 4度C'!$A:$A,"沙拉線三線",'0729 4度C'!$B:$B,"平均") -> 16.7 | H18: =SUMIFS('0729 4度C'!$I:$I,'0729 4度C'!$A:$A,"自動包裝線",'0729 4度C'!$B:$B,"平均") -> 10 | I18: =SUMIFS('0729 4度C'!$I:$I,'0729 4度C'!$A:$A,"涼麵一線",'0729 4度C'!$B:$B,"平均") -> 16.75 | J18: =SUMIFS('0729 4度C'!$I:$I,'0729 4度C'!$A:$A,"三明治四線",'0729 4度C'!$B:$B,"平均") -> 10.166667 | K18: =SUMIFS('0729 4度C'!$I:$I,'0729 4度C'!$A:$A,"三明治一線",'0729 4度C'!$B:$B,"平均") -> 17.428571 | L18: =SUMIFS('0729 4度C'!$I:$I,'0729 4度C'!$A:$A,"三明治二線",'0729 4度C'!$B:$B,"平均") -> 18.875 | M18: =SUMIFS('0729 4度C'!$I:$I,'0729 4度C'!$A:$A,"自動包裝二線",'0729 4度C'!$B:$B,"平均") -> 17
B19: 主要應用設備 | D19: ET-55 | E19: 熱縮爐 | F19: L型包裝機 | G19: L型包裝機 | H19: 伺服包裝機 | I19: ET-55 | J19: 伺服包裝機 | K19: 三明治包裝機 | L19: 三明治包裝機 | M19: 三明治包裝機
B20: 次要應用設備 | F20: 圓盤機 | G20: ET-55
B21: 備註 | E21: 握沙拉 | F21: 共用L型包裝機 | H21: 調理麵包 | I21: 炒飯+沙拉 | J21: 調理麵包

Sheet 0729 4度C
A1: 新豐廠四度C日報分析 | C1: 總生產量 | D1: =SUM(F5:F75) -> 169100 | E1: 營業額 | F1: =SUM(G5:G75) -> 5815237.7 | G1: 出勤人數 | H1: =L8+L13+L56+L61+L19+L68+L38+L47+L30+L75 -> 161.82024 | I1: 產線配置圖 | L1: 生產實績 | O1: 人時性差異分析 | S1: 日報登錄 | Y1: 分析說明 | AA1: 產能差異分析
A2: 45867 | B2: 星期二 | C2: 人時性 | D2: =AVERAGE(N8,N13,N56,N61,N19,N68,N30,N38,N47,N75) -> 130.48172 | E2: 平均廠價 | F2: =F1/D1 -> 34.389342 | G2: 多次生產數 | H2: =COUNT(H5:H75) -> 10
A3: 線別 | B3: 品類 | C3: 品名 | E3: 廠價 | F3: 生產量 | G3: 營收 | H3: 多次 生產 | I3: 人數 | J3: 產能/時 | K3: 人時性 | L3: 人數 | M3: 產能/時 | N3: 人時性 | O3: 人數 | P3: 人時性 | Q3: 達成率 | R3: 達成率平均 | S3: 生產時間 | U3: 換線、休息/分 | V3: 稼動時間/分 | W3: 休息時間 | Y3: (新豐回填) | AA3: 產能/時 | AB3: 達成率 | AC3: 達成率平均
S4: 開始 | T4: 結束 | W4: 開始 | X4: 結束
A5: 燴飯線 | B5: 微波主食 | C5: 二配煸椒烘蛋飯 | E5: 46.93 | F5: 1012 | G5: =E5*F5 -> 47493.16 | I5: 17 | J5: 1800 | K5: =J5/I5 -> 105.88235 | L5: 17 | M5: =F5/V5*60 -> 1641.0811 | N5: =M5/L5 -> 96.534181 | O5: =L5-I5 -> 0 | P5: =N5-K5 -> -9.3481717 | Q5: =N5/K5 -> 0.91171171 | R5: =Q8 -> 0.91228811 | S5: 0.70833333 | T5: 0.73402778 | V5: =(T5-S5)*24*60 -> 37 | AA5: =M5-J5 -> -158.91892 | AB5: =M5/J5 -> 0.91171171 | AC5: =AB8 -> 0.91228811
A6: 燴飯線 | B6: 微波主食 | C6: 二配川味麻婆燒豆腐燴飯 | E6: 50.49 | F6: 2137 | G6: =E6*F6 -> 107897.13 | I6: 16 | J6: 1800 | K6: =J6/I6 -> 112.5 | L6: 16 | M6: =F6/V6*60 -> 1643.8462 | N6: =M6/L6 -> 102.74038 | O6: =L6-I6 -> 0 | P6: =N6-K6 -> -9.7596154 | Q6: =N6/K6 -> 0.91324786 | S6: 0.7375 | T6: 0.79166667 | U6: =(S6-T5)*24*60 -> 5 | V6: =(T6-S6)*24*60 -> 78 | AA6: =M6-J6 -> -156.15385 | AB6: =M6/J6 -> 0.91324786
A7: 燴飯線 | B7: 微波主食 | C7: 二配港式香滑嫩蛋牛肉燴飯 | E7: 50.67 | F7: 2298 | G7: =E7*F7 -> 116439.66 | I7: 18 | J7: 1800 | K7: =J7/I7 -> 100 | L7: 18 | M7: =F7/V7*60 -> 1641.4286 | N7: =M7/L7 -> 91.190476 | O7: =L7-I7 -> 0 | P7: =N7-K7 -> -8.8095238 | Q7: =N7/K7 -> 0.91190476 | S7: 0.79722222 | T7: 0.85555556 | U7: =(S7-T6)*24*60 -> 8 | V7: =(T7-S7)*24*60 -> 84 | AA7: =M7-J7 -> -158.57143 | AB7: =M7/J7 -> 0.91190476
A8: 燴飯線 | B8: 平均 | I8: 17 | J8: 1800 | K8: =J8/I8 -> 105.88235 | L8: 17 | M8: =AVERAGE(M5:M7) -> 1642.1186 | N8: =M8/L8 -> 96.595212 | O8: =L8-I8 -> 0 | P8: =N8-K8 -> -9.2871411 | Q8: =N8/K8 -> 0.91228811 | AA8: =M8-J8 -> -157.8814 | AB8: =M8/J8 -> 0.91228811
A9: 沙拉線一線 | B9: 沙拉 | C9: 青醬優格雞肉握沙拉(113年) | E9: 39.62 | F9: 4464 | G9: =E9*F9 -> 176863.68 | I9: 19 | J9: 1500 | K9: =J9/I9 -> 78.947368 | L9: 19 | M9: =F9/V9*60 -> 1373.5385 | N9: =M9/L9 -> 72.291498 | O9: =L9-I9 -> 0 | P9: =N9-K9 -> -6.6558704 | Q9: =N9/K9 -> 0.91569231 | R9: =Q13 -> 0.91604355 | S9: 0.13055556 | T9: 0.26597222 | V9: =(T9-S9)*24*60 -> 195 | AA9: =M9-J9 -> -126.46154 | AB9: =M9/J9 -> 0.91569231 | AC9: =AB13 -> 0.91604355
A10: 沙拉線一線 | B10: 沙拉 | C10: 青檸烤雞握沙拉(113年) | E10: 39.8 | F10: 2600 | G10: =E10*F10 -> 103480 | H10: 2 | I10: 18 | J10: 1500 | K10: =J10/I10 -> 83.333333 | L10: 18 | M10: =F10/V10*60 -> 1380.531 | N10: =M10/L10 -> 76.696165 | O10: =L10-I10 -> 0 | P10: =N10-K10 -> -6.6371681 | Q10: =N10/K10 -> 0.92035398 | S10: 0.28888889 | T10: 0.36736111 | U10: =(S10-T9)*24*60 -> 33 | V10: =(T10-S10)*24*60 -> 113 | AA10: =M10-J10 -> -119.46903 | AB10: =M10/J10 -> 0.92035398
A11: 沙拉線一線 | B11: 沙拉 | C11: 地瓜瓜握沙拉 | E11: 39.29 | F11: 3835 | G11: =E11*F11 -> 150677.15 | I11: 19 | J11: 1500 | K11: =J11/I11 -> 78.947368 | L11: 19 | M11: =F11/V11*60 -> 1369.6429 | N11: =M11/L11 -> 72.086466 | O11: =L11-I11 -> 0 | P11: =N11-K11 -> -6.8609023 | Q11: =N11/K11 -> 0.91309524 | S11: 0.375 | T11: 0.49166667 | U11: =(S11-T10)*24*60 -> 11 | V11: =(T11-S11)*24*60 -> 168 | AA11: =M11-J11 -> -130.35714 | AB11: =M11/J11 -> 0.91309524
A12: 沙拉線一線 | B12: 沙拉 | C12: 青檸烤雞握沙拉(113年) | E12: 39.8 | F12: 3500 | G12: =E12*F12 -> 139300 | I12: 18 | J12: 1500 | K12: =J12/I12 -> 83.333333 | L12: 18 | M12: =F12/V12*60 -> 1372.549 | N12: =M12/L12 -> 76.252723 | O12: =L12-I12 -> 0 | P12: =N12-K12 -> -7.08061 | Q12: =N12/K12 -> 0.91503268 | S12: 0.53194444 | T12: 0.63819444 | U12: =(S12-T11)*24*60 -> 58 | V12: =(T12-S12)*24*60 -> 153 | AA12: =M12-J12 -> -127.45098 | AB12: =M12/J12 -> 0.91503268
A13: 沙拉線一線 | B13: 平均 | I13: 18.5 | J13: 1500 | K13: =J13/I13 -> 81.081081 | L13: 18.5 | M13: =AVERAGE(M9:M12) -> 1374.0653 | N13: =M13/L13 -> 74.273802 | O13: =L13-I13 -> 0 | P13: =N13-K13 -> -6.8072796 | Q13: =N13/K13 -> 0.91604355 | AA13: =M13-J13 -> -125.93467 | AB13: =M13/J13 -> 0.91604355
A14: 沙拉線二線 | B14: 小菜、微波 | C14: 剝皮辣椒雞湯 | E14: 41 | F14: 1841 | G14: =E14*F14 -> 75481 | I14: 26 | J14: 1286 | K14: =J14/I14 -> 49.461538 | L14: 26 | M14: =F14/V14*60 -> 1175.1064 | N14: =M14/L14 -> 45.196399 | O14: =L14-I14 -> 0 | P14: =N14-K14 -> -4.2651391 | Q14: =N14/K14 -> 0.91376857 | R14: =Q19 -> 0.91419627 | S14: 0.25 | T14: 0.31527778 | V14: =(T14-S14)*24*60 -> 94 | AA14: =M14-J14 -> -110.89362 | AB14: =M14/J14 -> 0.91376857 | AC14: =AB19 -> 0.91419627
A15: 沙拉線二線 | B15: 沙拉 | C15: 厚蛋時蔬握沙拉 | E15: 39.29 | F15: 3307 | G15: =E15*F15 -> 129932.03 | I15: 18 | J15: 1500 | K15: =J15/I15 -> 83.333333 | L15: 18 | M15: =F15/V15*60 -> 1368.4138 | N15: =M15/L15 -> 76.022989 | O15: =L15-I15 -> 0 | P15: =N15-K15 -> -7.3103448 | Q15: =N15/K15 -> 0.91227586 | S15: 0.32638889 | T15: 0.42708333 | U15: =(S15-T14)*24*60 -> 16 | V15: =(T15-S15)*24*60 -> 145 | AA15: =M15-J15 -> -131.58621 | AB15: =M15/J15 -> 0.91227586
A16: 沙拉線二線 | B16: 微波主食 | C16: 二配金咖哩濃厚辛辣咖哩飯 | E16: 50.98 | F16: 2868 | G16: =E16*F16 -> 146210.64 | I16: 17 | J16: 1800 | K16: =J16/I16 -> 105.88235 | L16: 17 | M16: =F16/V16*60 -> 1654.6154 | N16: =M16/L16 -> 97.330317 | O16: =L16-I16 -> 0 | P16: =N16-K16 -> -8.5520362 | Q16: =N16/K16 -> 0.91923077 | S16: 0.70833333 | T16: 0.78055556 | U16: =(S16-T15)*24*60 -> 405 | V16: =(T16-S16)*24*60 -> 104 | AA16: =M16-J16 -> -145.38462 | AB16: =M16/J16 -> 0.91923077
A17: 沙拉線二線 | B17: 微波主食 | C17: 二配粗飽系雞排炒飯 | E17: 57.73 | F17: 1685 | G17: =E17*F17 -> 97275.05 | I17: 16 | J17: 1500 | K17: =J17/I17 -> 93.75 | L17: 16 | M17: =F17/V17*60 -> 1366.2162 | N17: =M17/L17 -> 85.388514 | O17: =L17-I17 -> 0 | P17: =N17-K17 -> -8.3614865 | Q17: =N17/K17 -> 0.91081081 | S17: 0.78472222 | T17: 0.83611111 | U17: =(S17-T16)*24*60 -> 6 | V17: =(T17-S17)*24*60 -> 74 | AA17: =M17-J17 -> -133.78378 | AB17: =M17/J17 -> 0.91081081
A18: 沙拉線二線 | B18: 微波主食 | C18: 二配美味蟹煲 | E18: 51.62 | F18: 3290 | G18: =E18*F18 -> 169829.8 | I18: 20 | J18: 1800 | K18: =J18/I18 -> 90 | L18: 20 | M18: =F18/V18*60 -> 1645 | N18: =M18/L18 -> 82.25 | O18: =L18-I18 -> 0 | P18: =N18-K18 -> -7.75 | Q18: =N18/K18 -> 0.91388889 | S18: 0.87708333 | T18: 0.96041667 | U18: =(S18-T17)*24*60 -> 59 | V18: =(T18-S18)*24*60 -> 120 | AA18: =M18-J18 -> -155 | AB18: =M18/J18 -> 0.91388889
A19: 沙拉線二線 | B19: 平均 | I19: =AVERAGE(I14:I18) -> 19.4 | J19: 1577.2 | K19: =J19/I19 -> 81.298969 | L19: =AVERAGE(L14:L18) -> 19.4 | M19: =AVERAGE(M14:M18) -> 1441.8704 | N19: =M19/L19 -> 74.323214 | O19: =L19-I19 -> 0 | P19: =N19-K19 -> -6.9757549 | Q19: =N19/K19 -> 0.91419627 | AA19: =M19-J19 -> -135.32964 | AB19: =M19/J19 -> 0.91419627
A20: 沙拉線三線 | B20: 小吃 | C20: 古早味炒炊粉 | E20: 43.14 | F20: 1143 | G20: =E20*F20 -> 49309.02 | I20: 17 | J20: 1200 | K20: =J20/I20 -> 70.588235 | L20: 17 | M20: =F20/V20*60 -> 1106.129 | N20: =M20/L20 -> 65.066414 | O20: =L20-I20 -> 0 | P20: =N20-K20 -> -5.5218216 | Q20: =N20/K20 -> 0.92177419 | R20: =Q30 -> 0.92117566 | S20: 0.16666667 | T20: 0.20972222 | V20: =(T20-S20)*24*60 -> 62 | AA20: =M20-J20 -> -93.870968 | AB20: =M20/J20 -> 0.92177419 | AC20: =AB30 -> 0.92117566
A21: 沙拉線三線 | B21: 微波主食 | C21: 鐵板滑蛋炸豬排丼 | E21: 57.73 | F21: 3216 | G21: =E21*F21 -> 185659.68 | I21: 16 | J21: 1800 | K21: =J21/I21 -> 112.5 | L21: 16 | M21: =F21/V21*60 -> 1649.2308 | N21: =M21/L21 -> 103.07692 | O21: =L21-I21 -> 0 | P21: =N21-K21 -> -9.4230769 | Q21: =N21/K21 -> 0.91623932 | S21: 0.22777778 | T21: 0.30902778 | U21: =(S21-T20)*24*60 -> 26 | V21: =(T21-S21)*24*60 -> 117 | AA21: =M21-J21 -> -150.76923 | AB21: =M21/J21 -> 0.91623932
A22: 沙拉線三線 | B22: 微波主食 | C22: 極上炙烤親子丼 | E22: 53.68 | F22: 1964 | G22: =E22*F22 -> 105427.52 | I22: 17 | J22: 1800 | K22: =J22/I22 -> 105.88235 | L22: 17 | M22: =F22/V22*60 -> 1659.7183 | N22: =M22/L22 -> 97.630489 | O22: =L22-I22 -> 0 | P22: =N22-K22 -> -8.2518641 | Q22: =N22/K22 -> 0.92206573 | S22: 0.31319444 | T22: 0.3625 | U22: =(S22-T21)*24*60 -> 6 | V22: =(T22-S22)*24*60 -> 71 | AA22: =M22-J22 -> -140.28169 | AB22: =M22/J22 -> 0.92206573
A23: 沙拉線三線 | B23: 微波主食 | C23: 紅燒纖牛若風味燴飯 | E23: 50.67 | F23: 1083 | G23: =E23*F23 -> 54875.61 | I23: 16 | J23: 1800 | K23: =J23/I23 -> 112.5 | L23: 16 | M23: =F23/V23*60 -> 1666.1538 | N23: =M23/L23 -> 104.13462 | O23: =L23-I23 -> 0 | P23: =N23-K23 -> -8.3653846 | Q23: =N23/K23 -> 0.92564103 | S23: 0.36597222 | T23: 0.39305556 | U23: =(S23-T22)*24*60 -> 5 | V23: =(T23-S23)*24*60 -> 39 | AA23: =M23-J23 -> -133.84615 | AB23: =M23/J23 -> 0.92564103
A24: 沙拉線三線 | B24: 微波主食 | C24: 海老鰻魚丼滋丼 | E24: 58.17 | F24: 3122 | G24: =E24*F24 -> 181606.74 | I24: 18 | J24: 1800 | K24: =J24/I24 -> 100 | L24: 18 | M24: =F24/V24*60 -> 1643.1579 | N24: =M24/L24 -> 91.28655 | O24: =L24-I24 -> 0 | P24: =N24-K24 -> -8.7134503 | Q24: =N24/K24 -> 0.9128655 | S24: 0.39722222 | T24: 0.47638889 | U24: =(S24-T23)*24*60 -> 6 | V24: =(T24-S24)*24*60 -> 114 | AA24: =M24-J24 -> -156.84211 | AB24: =M24/J24 -> 0.9128655
A25: 沙拉線三線 | B25: 微波主食 | C25: 二配金咖哩果香甘口咖哩飯 | E25: 50.92 | F25: 1000 | G25: =E25*F25 -> 50920 | H25: 2 | I25: 16 | J25: 1800 | K25: =J25/I25 -> 112.5 | L25: 16 | M25: =F25/V25*60 -> 1666.6667 | N25: =M25/L25 -> 104.16667 | O25: =L25-I25 -> 0 | P25: =N25-K25 -> -8.3333333 | Q25: =N25/K25 -> 0.92592593 | S25: 0.70833333 | T25: 0.73333333 | U25: =(S25-T24)*24*60 -> 334 | V25: =(T25-S25)*24*60 -> 36 | AA25: =M25-J25 -> -133.33333 | AB25: =M25/J25 -> 0.92592593
A26: 沙拉線三線 | B26: 微波主食 | C26: 二配極旨黑咖哩漢堡排飯 | E26: 53.27 | F26: 594 | G26: =E26*F26 -> 31642.38 | I26: 15 | J26: 1800 | K26: =J26/I26 -> 120 | L26: 15 | M26: =F26/V26*60 -> 1697.1429 | N26: =M26/L26 -> 113.14286 | O26: =L26-I26 -> 0 | P26: =N26-K26 -> -6.8571429 | Q26: =N26/K26 -> 0.94285714 | S26: 0.73680556 | T26: 0.75138889 | U26: =(S26-T25)*24*60 -> 5 | V26: =(T26-S26)*24*60 -> 21 | AA26: =M26-J26 -> -102.85714 | AB26: =M26/J26 -> 0.94285714
A27: 沙拉線三線 | B27: 微波主食 | C27: 二配黑胡椒素豬若飯 | E27: 49.91 | F27: 1043 | G27: =E27*F27 -> 52056.13 | I27: 16 | J27: 1800 | K27: =J27/I27 -> 112.5 | L27: 16 | M27: =F27/V27*60 -> 1646.8421 | N27: =M27/L27 -> 102.92763 | O27: =L27-I27 -> 0 | P27: =N27-K27 -> -9.5723684 | Q27: =N27/K27 -> 0.91491228 | S27: 0.75694444 | T27: 0.78333333 | U27: =(S27-T26)*24*60 -> 8 | V27: =(T27-S27)*24*60 -> 38 | AA27: =M27-J27 -> -153.15789 | AB27: =M27/J27 -> 0.91491228
A28: 沙拉線三線 | B28: 微波主食 | C28: 二配美味蟹煲 | E28: 51.62 | F28: 2500 | G28: =E28*F28 -> 129050 | H28: 2 | I28: 20 | J28: 1800 | K28: =J28/I28 -> 90 | L28: 20 | M28: =F28/V28*60 -> 1648.3516 | N28: =M28/L28 -> 82.417582 | O28: =L28-I28 -> 0 | P28: =N28-K28 -> -7.5824176 | Q28: =N28/K28 -> 0.91575092 | S28: 0.78888889 | T28: 0.85208333 | U28: =(S28-T27)*24*60 -> 8 | V28: =(T28-S28)*24*60 -> 91 | AA28: =M28-J28 -> -151.64835 | AB28: =M28/J28 -> 0.91575092
A29: 沙拉線三線 | B29: 微波主食 | C29: 二配金咖哩果香甘口咖哩飯 | E29: 50.92 | F29: 2166 | G29: =E29*F29 -> 110292.72 | I29: 16 | J29: 1800 | K29: =J29/I29 -> 112.5 | L29: 16 | M29: =F29/V29*60 -> 1645.0633 | N29: =M29/L29 -> 102.81646 | O29: =L29-I29 -> 0 | P29: =N29-K29 -> -9.6835443 | Q29: =N29/K29 -> 0.91392405 | S29: 0.89305556 | T29: 0.94791667 | U29: =(S29-T28)*24*60 -> 59 | V29: =(T29-S29)*24*60 -> 79 | AA29: =M29-J29 -> -154.93671 | AB29: =M29/J29 -> 0.91392405
A30: 沙拉線三線 | B30: 平均 | I30: 16.7 | J30: 1740 | K30: =J30/I30 -> 104.19162 | L30: 16.7 | M30: =AVERAGE(M20:M29) -> 1602.8456 | N30: =M30/L30 -> 95.978781 | O30: =L30-I30 -> 0 | P30: =N30-K30 -> -8.2128358 | Q30: =N30/K30 -> 0.92117566 | AA30: =M30-J30 -> -137.15436 | AB30: =M30/J30 -> 0.92117566
A31: 三明治一線 | B31: 三明治 | C31: 經典總匯三明治 | E31: 26.2 | F31: 4217 | G31: =E31*F31 -> 110485.4 | I31: 20 | J31: 2400 | K31: =J31/I31 -> 120 | L31: 20 | M31: =F31/V31*60 -> 2200.1739 | N31: =M31/L31 -> 110.0087 | O31: =L31-I31 -> 0 | P31: =N31-K31 -> -9.9913043 | Q31: =N31/K31 -> 0.91673913 | R31: =Q38 -> 0.91479972 | S31: 0.125 | T31: 0.20486111 | V31: =(T31-S31)*24*60 -> 115 | AA31: =M31-J31 -> -199.82609 | AB31: =M31/J31 -> 0.91673913 | AC31: =AB38 -> 0.91479972
A32: 三明治一線 | B32: 三明治 | C32: 肉鬆火腿三明治 | E32: 20.52 | F32: 4413 | G32: =E32*F32 -> 90554.76 | I32: 18 | J32: 2400 | K32: =J32/I32 -> 133.33333 | L32: 18 | M32: =F32/V32*60 -> 2188.2645 | N32: =M32/L32 -> 121.57025 | O32: =L32-I32 -> 0 | P32: =N32-K32 -> -11.763085 | Q32: =N32/K32 -> 0.91177686 | S32: 0.225 | T32: 0.30902778 | U32: =(S32-T31)*24*60 -> 29 | V32: =(T32-S32)*24*60 -> 121 | AA32: =M32-J32 -> -211.73554 | AB32: =M32/J32 -> 0.91177686
A33: 三明治一線 | B33: 三明治 | C33: 紐奧良風味烤雞鮮蔬三明治 | E33: 31.29 | F33: 3500 | G33: =E33*F33 -> 109515 | H33: 2 | I33: 16 | J33: 2400 | K33: =J33/I33 -> 150 | L33: 16 | M33: =F33/V33*60 -> 2187.5 | N33: =M33/L33 -> 136.71875 | O33: =L33-I33 -> 0 | P33: =N33-K33 -> -13.28125 | Q33: =N33/K33 -> 0.91145833 | S33: 0.31388889 | T33: 0.38055556 | U33: =(S33-T32)*24*60 -> 7 | V33: =(T33-S33)*24*60 -> 96 | AA33: =M33-J33 -> -212.5 | AB33: =M33/J33 -> 0.91145833
A34: 三明治一線 | B34: 三明治 | C34: 起司芋見肉鬆三明治 | E34: 24.25 | F34: 3200 | G34: =E34*F34 -> 77600 | H34: 2 | I34: 18 | J34: 2400 | K34: =J34/I34 -> 133.33333 | L34: 18 | M34: =F34/V34*60 -> 2206.8966 | N34: =M34/L34 -> 122.60536 | O34: =L34-I34 -> 0 | P34: =N34-K34 -> -10.727969 | Q34: =N34/K34 -> 0.91954023 | S34: 0.38541667 | T34: 0.44583333 | U34: =(S34-T33)*24*60 -> 7 | V34: =(T34-S34)*24*60 -> 87 | AA34: =M34-J34 -> -193.10345 | AB34: =M34/J34 -> 0.91954023
A35: 三明治一線 | B35: 三明治 | C35: 藍莓優格三明治(114年) | E35: 22.35 | F35: 2378 | G35: =E35*F35 -> 53148.3 | I35: 16 | J35: 2400 | K35: =J35/I35 -> 150 | L35: 16 | M35: =F35/V35*60 -> 2195.0769 | N35: =M35/L35 -> 137.19231 | O35: =L35-I35 -> 0 | P35: =N35-K35 -> -12.807692 | Q35: =N35/K35 -> 0.91461538 | S35: 0.45 | T35: 0.49513889 | U35: =(S35-T34)*24*60 -> 6 | V35: =(T35-S35)*24*60 -> 65 | AA35: =M35-J35 -> -204.92308 | AB35: =M35/J35 -> 0.91461538
A36: 三明治一線 | B36: 三明治 | C36: 紐奧良風味烤雞鮮蔬三明治 | E36: 31.29 | F36: 5167 | G36: =E36*F36 -> 161675.43 | I36: 16 | J36: 2400 | K36: =J36/I36 -> 150 | L36: 16 | M36: =F36/V36*60 -> 2198.7234 | N36: =M36/L36 -> 137.42021 | O36: =L36-I36 -> 0 | P36: =N36-K36 -> -12.579787 | Q36: =N36/K36 -> 0.91613475 | S36: 0.53611111 | T36: 0.63402778 | U36: =(S36-T35)*24*60 -> 59 | V36: =(T36-S36)*24*60 -> 141 | AA36: =M36-J36 -> -201.2766 | AB36: =M36/J36 -> 0.91613475
A37: 三明治一線 | B37: 三明治 | C37: 起司芋見肉鬆三明治 | E37: 24.25 | F37: 2192 | G37: =E37*F37 -> 53156 | I37: 18 | J37: 2400 | K37: =J37/I37 -> 133.33333 | L37: 18 | M37: =F37/V37*60 -> 2192 | N37: =M37/L37 -> 121.77778 | O37: =L37-I37 -> 0 | P37: =N37-K37 -> -11.555556 | Q37: =N37/K37 -> 0.91333333 | S37: 0.6375 | T37: 0.67916667 | U37: =(S37-T36)*24*60 -> 5 | V37: =(T37-S37)*24*60 -> 60 | AA37: =M37-J37 -> -208 | AB37: =M37/J37 -> 0.91333333
A38: 三明治一線 | B38: 平均 | I38: 17.428571 | J38: 2400 | K38: =J38/I38 -> 137.70492 | L38: 17.428571 | M38: =AVERAGE(M31:M37) -> 2195.5193 | N38: =M38/L38 -> 125.97242 | O38: =L38-I38 -> 0 | P38: =N38-K38 -> -11.732498 | Q38: =N38/K38 -> 0.91479972 | AA38: =M38-J38 -> -204.48068 | AB38: =M38/J38 -> 0.91479972
A39: 三明治二線 | B39: 三明治 | C39: 鮪魚起司溏心蛋三明治 | E39: 26.2 | F39: 2500 | G39: =E39*F39 -> 65500 | H39: 2 | I39: 18 | J39: 2400 | K39: =J39/I39 -> 133.33333 | L39: 18 | M39: =F39/V39*60 -> 2205.8824 | N39: =M39/L39 -> 122.54902 | O39: =L39-I39 -> 0 | P39: =N39-K39 -> -10.784314 | Q39: =N39/K39 -> 0.91911765 | R39: =Q47 -> 0.91806579 | S39: 0.083333333 | T39: 0.13055556 | V39: =(T39-S39)*24*60 -> 68 | AA39: =M39-J39 -> -194.11765 | AB39: =M39/J39 -> 0.91911765 | AC39: =AB47 -> 0.91806579
A40: 三明治二線 | B40: 三明治 | C40: 瘋狂起司三明治(113年) | E40: 24.45 | F40: 2390 | G40: =E40*F40 -> 58435.5 | I40: 20 | J40: 2400 | K40: =J40/I40 -> 120 | L40: 20 | M40: =F40/V40*60 -> 2206.1538 | N40: =M40/L40 -> 110.30769 | O40: =L40-I40 -> 0 | P40: =N40-K40 -> -9.6923077 | Q40: =N40/K40 -> 0.91923077 | S40: 0.15138889 | T40: 0.19652778 | U40: =(S40-T39)*24*60 -> 30 | V40: =(T40-S40)*24*60 -> 65 | AA40: =M40-J40 -> -193.84615 | AB40: =M40/J40 -> 0.91923077
A41: 三明治二線 | B41: 三明治 | C41: 蛋蛋嘉年華三明治 | E41: 26.2 | F41: 3125 | G41: =E41*F41 -> 81875 | I41: 20 | J41: 2400 | K41: =J41/I41 -> 120 | L41: 20 | M41: =F41/V41*60 -> 2205.8824 | N41: =M41/L41 -> 110.29412 | O41: =L41-I41 -> 0 | P41: =N41-K41 -> -9.7058824 | Q41: =N41/K41 -> 0.91911765 | S41: 0.2 | T41: 0.25902778 | U41: =(S41-T40)*24*60 -> 5 | V41: =(T41-S41)*24*60 -> 85 | AA41: =M41-J41 -> -194.11765 | AB41: =M41/J41 -> 0.91911765
A42: 三明治二線 | B42: 三明治 | C42: 醬燒烤雞三明治 | E42: 26.39 | F42: 3200 | G42: =E42*F42 -> 84448 | H42: 2 | I42: 19 | J42: 2400 | K42: =J42/I42 -> 126.31579 | L42: 19 | M42: =F42/V42*60 -> 2206.8966 | N42: =M42/L42 -> 116.15245 | O42: =L42-I42 -> 0 | P42: =N42-K42 -> -10.163339 | Q42: =N42/K42 -> 0.91954023 | S42: 0.26458333 | T42: 0.325 | U42: =(S42-T41)*24*60 -> 8 | V42: =(T42-S42)*24*60 -> 87 | AA42: =M42-J42 -> -193.10345 | AB42: =M42/J42 -> 0.91954023
A43: 三明治二線 | B43: 三明治 | C43: 輕乳酪巧克力三明治 | E43: 20.52 | F43: 3153 | G43: =E43*F43 -> 64699.56 | I43: 18 | J43: 2400 | K43: =J43/I43 -> 133.33333 | L43: 18 | M43: =F43/V43*60 -> 2199.7674 | N43: =M43/L43 -> 122.2093 | O43: =L43-I43 -> 0 | P43: =N43-K43 -> -11.124031 | Q43: =N43/K43 -> 0.91656977 | S43: 0.32847222 | T43: 0.38819444 | U43: =(S43-T42)*24*60 -> 5 | V43: =(T43-S43)*24*60 -> 86 | AA43: =M43-J43 -> -200.23256 | AB43: =M43/J43 -> 0.91656977
A44: 三明治二線 | B44: 三明治 | C44: 好多菜三明治 | E44: 26.2 | F44: 4168 | G44: =E44*F44 -> 109201.6 | I44: 19 | J44: 2400 | K44: =J44/I44 -> 126.31579 | L44: 19 | M44: =F44/V44*60 -> 2193.6842 | N44: =M44/L44 -> 115.45706 | O44: =L44-I44 -> 0 | P44: =N44-K44 -> -10.858726 | Q44: =N44/K44 -> 0.91403509 | S44: 0.39305556 | T44: 0.47222222 | U44: =(S44-T43)*24*60 -> 7 | V44: =(T44-S44)*24*60 -> 114 | AA44: =M44-J44 -> -206.31579 | AB44: =M44/J44 -> 0.91403509
A45: 三明治二線 | B45: 三明治 | C45: 鮪魚起司溏心蛋三明治 | E45: 26.2 | F45: 3966 | G45: =E45*F45 -> 103909.2 | I45: 18 | J45: 2400 | K45: =J45/I45 -> 133.33333 | L45: 18 | M45: =F45/V45*60 -> 2203.3333 | N45: =M45/L45 -> 122.40741 | O45: =L45-I45 -> 0 | P45: =N45-K45 -> -10.925926 | Q45: =N45/K45 -> 0.91805556 | S45: 0.51319444 | T45: 0.58819444 | U45: =(S45-T44)*24*60 -> 59 | V45: =(T45-S45)*24*60 -> 108 | AA45: =M45-J45 -> -196.66667 | AB45: =M45/J45 -> 0.91805556
A46: 三明治二線 | B46: 三明治 | C46: 醬燒烤雞三明治 | E46: 26.39 | F46: 2095 | G46: =E46*F46 -> 55287.05 | I46: 19 | J46: 2400 | K46: =J46/I46 -> 126.31579 | L46: 19 | M46: =F46/V46*60 -> 2205.2632 | N46: =M46/L46 -> 116.06648 | O46: =L46-I46 -> 0 | P46: =N46-K46 -> -10.249307 | Q46: =N46/K46 -> 0.91885965 | S46: 0.59375 | T46: 0.63333333 | U46: =(S46-T45)*24*60 -> 8 | V46: =(T46-S46)*24*60 -> 57 | AA46: =M46-J46 -> -194.73684 | AB46: =M46/J46 -> 0.91885965
A47: 三明治二線 | B47: 平均 | I47: 18.875 | J47: 2400 | K47: =J47/I47 -> 127.15232 | L47: 18.875 | M47: =AVERAGE(M39:M46) -> 2203.3579 | N47: =M47/L47 -> 116.73419 | O47: =L47-I47 -> 0 | P47: =N47-K47 -> -10.418124 | Q47: =N47/K47 -> 0.91806579 | AA47: =M47-J47 -> -196.64209 | AB47: =M47/J47 -> 0.91806579
A48: 自動包裝線 | B48: 調理麵包 | C48: 豬肉起司蛋堡 | E48: 27.17 | F48: 2800 | G48: =E48*F48 -> 76076 | H48: 2 | I48: 10 | J48: 3000 | K48: =J48/I48 -> 300 | L48: 10 | M48: =F48/V48*60 -> 2754.0984 | N48: =M48/L48 -> 275.40984 | O48: =L48-I48 -> 0 | P48: =N48-K48 -> -24.590164 | Q48: =N48/K48 -> 0.91803279 | R48: =Q56 -> 0.92046928 | S48: 0.20833333 | T48: 0.25069444 | V48: =(T48-S48)*24*60 -> 61 | AA48: =M48-J48 -> -245.90164 | AB48: =M48/J48 -> 0.91803279 | AC48: =AB56 -> 0.92046928
A49: 自動包裝線 | B49: 調理麵包 | C49: 豬肉起司堡 | E49: 21.13 | F49: 3000 | G49: =E49*F49 -> 63390 | H49: 2 | I49: 10 | J49: 3000 | K49: =J49/I49 -> 300 | L49: 10 | M49: =F49/V49*60 -> 2769.2308 | N49: =M49/L49 -> 276.92308 | O49: =L49-I49 -> 0 | P49: =N49-K49 -> -23.076923 | Q49: =N49/K49 -> 0.92307692 | S49: 0.25555556 | T49: 0.30069444 | U49: =(S49-T48)*24*60 -> 7 | V49: =(T49-S49)*24*60 -> 65 | AA49: =M49-J49 -> -230.76923 | AB49: =M49/J49 -> 0.92307692
A50: 自動包裝線 | B50: 調理麵包 | C50: 經典雙牛起司堡(113年) | E50: 35.12 | F50: 4676 | G50: =E50*F50 -> 164221.12 | I50: 10 | J50: 3000 | K50: =J50/I50 -> 300 | L50: 10 | M50: =F50/V50*60 -> 2750.5882 | N50: =M50/L50 -> 275.05882 | O50: =L50-I50 -> 0 | P50: =N50-K50 -> -24.941176 | Q50: =N50/K50 -> 0.91686275 | S50: 0.30416667 | T50: 0.375 | U50: =(S50-T49)*24*60 -> 5 | V50: =(T50-S50)*24*60 -> 102 | AA50: =M50-J50 -> -249.41176 | AB50: =M50/J50 -> 0.91686275
A51: 自動包裝線 | B51: 調理麵包 | C51: 美式起司巨牛堡 | E51: 40.18 | F51: 2180 | G51: =E51*F51 -> 87592.4 | I51: 10 | J51: 3000 | K51: =J51/I51 -> 300 | L51: 10 | M51: =F51/V51*60 -> 2782.9787 | N51: =M51/L51 -> 278.29787 | O51: =L51-I51 -> 0 | P51: =N51-K51 -> -21.702128 | Q51: =N51/K51 -> 0.92765957 | S51: 0.37916667 | T51: 0.41180556 | U51: =(S51-T50)*24*60 -> 6 | V51: =(T51-S51)*24*60 -> 47 | AA51: =M51-J51 -> -217.02128 | AB51: =M51/J51 -> 0.92765957
A52: 自動包裝線 | B52: 調理麵包 | C52: 哞哞奶香白醬火腿蛋堡 | E52: 28.5 | F52: 1461 | G52: =E52*F52 -> 41638.5 | I52: 10 | J52: 3000 | K52: =J52/I52 -> 300 | L52: 10 | M52: =F52/V52*60 -> 2739.375 | N52: =M52/L52 -> 273.9375 | O52: =L52-I52 -> 0 | P52: =N52-K52 -> -26.0625 | Q52: =N52/K52 -> 0.913125 | S52: 0.41736111 | T52: 0.43958333 | U52: =(S52-T51)*24*60 -> 8 | V52: =(T52-S52)*24*60 -> 32 | AA52: =M52-J52 -> -260.625 | AB52: =M52/J52 -> 0.913125
A53: 自動包裝線 | B53: 調理麵包 | C53: 美式雞腿堡 | E53: 35.87 | F53: 3459 | G53: =E53*F53 -> 124074.33 | I53: 10 | J53: 3000 | K53: =J53/I53 -> 300 | L53: 10 | M53: =F53/V53*60 -> 2767.2 | N53: =M53/L53 -> 276.72 | O53: =L53-I53 -> 0 | P53: =N53-K53 -> -23.28 | Q53: =N53/K53 -> 0.9224 | S53: 0.44375 | T53: 0.49583333 | U53: =(S53-T52)*24*60 -> 6 | V53: =(T53-S53)*24*60 -> 75 | AA53: =M53-J53 -> -232.8 | AB53: =M53/J53 -> 0.9224
A54: 自動包裝線 | B54: 調理麵包 | C54: 豬肉起司蛋堡 | E54: 27.17 | F54: 3410 | G54: =E54*F54 -> 92649.7 | I54: 10 | J54: 3000 | K54: =J54/I54 -> 300 | L54: 10 | M54: =F54/V54*60 -> 2764.8649 | N54: =M54/L54 -> 276.48649 | O54: =L54-I54 -> 0 | P54: =N54-K54 -> -23.513514 | Q54: =N54/K54 -> 0.92162162 | S54: 0.5375 | T54: 0.58888889 | U54: =(S54-T53)*24*60 -> 60 | V54: =(T54-S54)*24*60 -> 74 | AA54: =M54-J54 -> -235.13514 | AB54: =M54/J54 -> 0.92162162
A55: 自動包裝線 | B55: 調理麵包 | C55: 豬肉起司堡 | E55: 21.13 | F55: 1888 | G55: =E55*F55 -> 39893.44 | I55: 10 | J55: 3000 | K55: =J55/I55 -> 300 | L55: 10 | M55: =F55/V55*60 -> 2762.9268 | N55: =M55/L55 -> 276.29268 | O55: =L55-I55 -> 0 | P55: =N55-K55 -> -23.707317 | Q55: =N55/K55 -> 0.92097561 | S55: 0.59305556 | T55: 0.62152778 | U55: =(S55-T54)*24*60 -> 6 | V55: =(T55-S55)*24*60 -> 41 | AA55: =M55-J55 -> -237.07317 | AB55: =M55/J55 -> 0.92097561
A56: 自動包裝線 | B56: 平均 | I56: 10 | J56: 3000 | K56: =J56/I56 -> 300 | L56: 10 | M56: =AVERAGE(M48:M55) -> 2761.4078 | N56: =M56/L56 -> 276.14078 | O56: =L56-I56 -> 0 | P56: =N56-K56 -> -23.859215 | Q56: =N56/K56 -> 0.92046928 | AA56: =M56-J56 -> -238.59215 | AB56: =M56/J56 -> 0.92046928
A57: 涼麵一線 | B57: 沙拉 | C57: 蔥鹽雞肉麵沙拉(114年) | E57: 46 | F57: 2993 | G57: =E57*F57 -> 137678 | I57: 17 | J57: 1500 | K57: =J57/I57 -> 88.235294 | L57: 17 | M57: =F57/V57*60 -> 1370.8397 | N57: =M57/L57 -> 80.637629 | O57: =L57-I57 -> 0 | P57: =N57-K57 -> -7.597665 | Q57: =N57/K57 -> 0.91389313 | R57: =Q61 -> 0.91562639 | S57: 0.29166667 | T57: 0.38263889 | V57: =(T57-S57)*24*60 -> 131 | AA57: =M57-J57 -> -129.16031 | AB57: =M57/J57 -> 0.91389313 | AC57: =AB61 -> 0.91562639
A58: 涼麵一線 | B58: 沙拉 | C58: 莎莎烤雞麵沙拉 | E58: 46 | F58: 3508 | G58: =E58*F58 -> 161368 | I58: 18 | J58: 1500 | K58: =J58/I58 -> 83.333333 | L58: 18 | M58: =F58/V58*60 -> 1366.7532 | N58: =M58/L58 -> 75.930736 | O58: =L58-I58 -> 0 | P58: =N58-K58 -> -7.4025974 | Q58: =N58/K58 -> 0.91116883 | S58: 0.38819444 | T58: 0.49513889 | U58: =(S58-T57)*24*60 -> 8 | V58: =(T58-S58)*24*60 -> 154 | AA58: =M58-J58 -> -133.24675 | AB58: =M58/J58 -> 0.91116883
A59: 涼麵一線 | B59: 微波主食 | C59: 二配香辣醬蒜味香腸蛋炒飯 | E59: 55.56 | F59: 2183 | G59: =E59*F59 -> 121287.48 | I59: 17 | J59: 1500 | K59: =J59/I59 -> 88.235294 | L59: 17 | M59: =F59/V59*60 -> 1378.7368 | N59: =M59/L59 -> 81.102167 | O59: =L59-I59 -> 0 | P59: =N59-K59 -> -7.1331269 | Q59: =N59/K59 -> 0.91915789 | S59: 0.70833333 | T59: 0.77430556 | U59: =(S59-T58)*24*60 -> 307 | V59: =(T59-S59)*24*60 -> 95 | AA59: =M59-J59 -> -121.26316 | AB59: =M59/J59 -> 0.91915789
A60: 涼麵一線 | B60: 微波主食 | C60: 二配香拌海鮮醬肉絲蛋炒飯 | E60: 55.32 | F60: 1607 | G60: =E60*F60 -> 88899.24 | I60: 15 | J60: 1500 | K60: =J60/I60 -> 100 | L60: 15 | M60: =F60/V60*60 -> 1377.4286 | N60: =M60/L60 -> 91.828571 | O60: =L60-I60 -> 0 | P60: =N60-K60 -> -8.1714286 | Q60: =N60/K60 -> 0.91828571 | S60: 0.77986111 | T60: 0.82847222 | U60: =(S60-T59)*24*60 -> 8 | V60: =(T60-S60)*24*60 -> 70 | AA60: =M60-J60 -> -122.57143 | AB60: =M60/J60 -> 0.91828571
A61: 涼麵一線 | B61: 平均 | I61: 16.75 | J61: 1500 | K61: =J61/I61 -> 89.552239 | L61: 16.75 | M61: =AVERAGE(M57:M60) -> 1373.4396 | N61: =M61/L61 -> 81.996393 | O61: =L61-I61 -> 0 | P61: =N61-K61 -> -7.5558454 | Q61: =N61/K61 -> 0.91562639 | AA61: =M61-J61 -> -126.56041 | AB61: =M61/J61 -> 0.91562639
A62: 三明治四線 | B62: 調理麵包 | C62: 香雞蛋堡(112年) | E62: 26.78 | F62: 2510 | G62: =E62*F62 -> 67217.8 | I62: 10 | J62: 3000 | K62: =J62/I62 -> 300 | L62: 10 | M62: =F62/V62*60 -> 2738.1818 | N62: =M62/L62 -> 273.81818 | O62: =L62-I62 -> 0 | P62: =N62-K62 -> -26.181818 | Q62: =N62/K62 -> 0.91272727 | R62: =Q68 -> 0.92090267 | S62: 0.20833333 | T62: 0.24652778 | V62: =(T62-S62)*24*60 -> 55 | AA62: =M62-J62 -> -261.81818 | AB62: =M62/J62 -> 0.91272727 | AC62: =AB68 -> 0.92090267
A63: 三明治四線 | B63: 調理麵包 | C63: 黃金魚堡 | E63: 35.37 | F63: 1672 | G63: =E63*F63 -> 59138.64 | I63: 10 | J63: 3000 | K63: =J63/I63 -> 300 | L63: 10 | M63: =F63/V63*60 -> 2786.6667 | N63: =M63/L63 -> 278.66667 | O63: =L63-I63 -> 0 | P63: =N63-K63 -> -21.333333 | Q63: =N63/K63 -> 0.92888889 | S63: 0.25 | T63: 0.275 | U63: =(S63-T62)*24*60 -> 5 | V63: =(T63-S63)*24*60 -> 36 | AA63: =M63-J63 -> -213.33333 | AB63: =M63/J63 -> 0.92888889
A64: 三明治四線 | B64: 調理麵包 | C64: 大麥雙蛋白豬肉堡 | E64: 34.35 | F64: 1368 | G64: =E64*F64 -> 46990.8 | I64: 10 | J64: 3000 | K64: =J64/I64 -> 300 | L64: 10 | M64: =F64/V64*60 -> 2736 | N64: =M64/L64 -> 273.6 | O64: =L64-I64 -> 0 | P64: =N64-K64 -> -26.4 | Q64: =N64/K64 -> 0.912 | S64: 0.28055556 | T64: 0.30138889 | U64: =(S64-T63)*24*60 -> 8 | V64: =(T64-S64)*24*60 -> 30 | AA64: =M64-J64 -> -264 | AB64: =M64/J64 -> 0.912
A65: 三明治四線 | B65: 沙拉 | C65: 溏心蛋洋芋沙拉 | E65: 26.97 | F65: 3182 | G65: =E65*F65 -> 85818.54 | I65: 8 | J65: 1440 | K65: =J65/I65 -> 180 | L65: 8 | M65: =F65/V65*60 -> 1316.6897 | N65: =M65/L65 -> 164.58621 | O65: =L65-I65 -> 0 | P65: =N65-K65 -> -15.413793 | Q65: =N65/K65 -> 0.91436782 | S65: 0.30486111 | T65: 0.40555556 | U65: =(S65-T64)*24*60 -> 5 | V65: =(T65-S65)*24*60 -> 145 | AA65: =M65-J65 -> -123.31034 | AB65: =M65/J65 -> 0.91436782
A66: 三明治四線 | B66: 調理麵包 | C66: 美式熱狗堡 | E66: 35.12 | F66: 1152 | G66: =E66*F66 -> 40458.24 | I66: 13 | J66: 2000 | K66: =J66/I66 -> 153.84615 | L66: 13 | M66: =F66/V66*60 -> 1868.1081 | N66: =M66/L66 -> 143.70062 | O66: =L66-I66 -> 0 | P66: =N66-K66 -> -10.14553 | Q66: =N66/K66 -> 0.93405405 | S66: 0.40972222 | T66: 0.43541667 | U66: =(S66-T65)*24*60 -> 6 | V66: =(T66-S66)*24*60 -> 37 | AA66: =M66-J66 -> -131.89189 | AB66: =M66/J66 -> 0.93405405
A67: 三明治四線 | B67: 調理麵包 | C67: 超HOT雞腿堡(114年) | E67: 35.87 | F67: 2542 | G67: =E67*F67 -> 91181.54 | I67: 10 | J67: 3000 | K67: =J67/I67 -> 300 | L67: 10 | M67: =F67/V67*60 -> 2773.0909 | N67: =M67/L67 -> 277.30909 | O67: =L67-I67 -> 0 | P67: =N67-K67 -> -22.690909 | Q67: =N67/K67 -> 0.92436364 | S67: 0.44097222 | T67: 0.47916667 | U67: =(S67-T66)*24*60 -> 8 | V67: =(T67-S67)*24*60 -> 55 | AA67: =M67-J67 -> -226.90909 | AB67: =M67/J67 -> 0.92436364
A68: 三明治四線 | B68: 平均 | I68: 10.166667 | J68: 2573.3333 | K68: =J68/I68 -> 253.11475 | L68: 10.166667 | M68: =AVERAGE(M62:M67) -> 2369.7895 | N68: =M68/L68 -> 233.09405 | O68: =L68-I68 -> 0 | P68: =N68-K68 -> -20.020702 | Q68: =N68/K68 -> 0.92090267 | AA68: =M68-J68 -> -203.54381 | AB68: =M68/J68 -> 0.92090267
A69: 自動包裝二線 | B69: 三明治 | C69: 三重火腿三明治 | E69: 32.03 | F69: 1268 | G69: =E69*F69 -> 40614.04 | I69: 19 | J69: 2400 | K69: =J69/I69 -> 126.31579 | L69: 19 | M69: =F69/V69*60 -> 2237.6471 | N69: =M69/L69 -> 117.7709 | O69: =L69-I69 -> 0 | P69: =N69-K69 -> -8.5448916 | Q69: =N69/K69 -> 0.93235294 | R69: =Q75 -> 0.9187678 | S69: 0.125 | T69: 0.14861111 | V69: =(T69-S69)*24*60 -> 34 | AA69: =M69-J69 -> -162.35294 | AB69: =M69/J69 -> 0.93235294 | AC69: =AB75 -> 0.9187678
A70: 自動包裝二線 | B70: 三明治 | C70: 香鬆起司蛋三明治(114年) | E70: 20.2 | F70: 2637 | G70: =E70*F70 -> 53267.4 | I70: 19 | J70: 2400 | K70: =J70/I70 -> 126.31579 | L70: 19 | M70: =F70/V70*60 -> 2197.5 | N70: =M70/L70 -> 115.65789 | O70: =L70-I70 -> 0 | P70: =N70-K70 -> -10.657895 | Q70: =N70/K70 -> 0.915625 | S70: 0.16736111 | T70: 0.21736111 | U70: =(S70-T69)*24*60 -> 27 | V70: =(T70-S70)*24*60 -> 72 | AA70: =M70-J70 -> -202.5 | AB70: =M70/J70 -> 0.915625
A71: 自動包裝二線 | B71: 三明治 | C71: 火腿起司蛋三明治 | E71: 19.02 | F71: 4000 | G71: =E71*F71 -> 76080 | H71: 2 | I71: 15 | J71: 2400 | K71: =J71/I71 -> 160 | L71: 15 | M71: =F71/V71*60 -> 2201.8349 | N71: =M71/L71 -> 146.78899 | O71: =L71-I71 -> 0 | P71: =N71-K71 -> -13.211009 | Q71: =N71/K71 -> 0.91743119 | S71: 0.22291667 | T71: 0.29861111 | U71: =(S71-T70)*24*60 -> 8 | V71: =(T71-S71)*24*60 -> 109 | AA71: =M71-J71 -> -198.16514 | AB71: =M71/J71 -> 0.91743119
A72: 自動包裝二線 | B72: 三明治 | C72: 雞蛋沙拉三明治 | E72: 25 | F72: 4370 | G72: =E72*F72 -> 109250 | I72: 15 | J72: 2400 | K72: =J72/I72 -> 160 | L72: 15 | M72: =F72/V72*60 -> 2203.3613 | N72: =M72/L72 -> 146.89076 | O72: =L72-I72 -> 0 | P72: =N72-K72 -> -13.109244 | Q72: =N72/K72 -> 0.91806723 | S72: 0.30277778 | T72: 0.38541667 | U72: =(S72-T71)*24*60 -> 6 | V72: =(T72-S72)*24*60 -> 119 | AA72: =M72-J72 -> -196.63866 | AB72: =M72/J72 -> 0.91806723
A73: 自動包裝二線 | B73: 三明治 | C73: 水果派對三明治 | E73: 28.51 | F73: 5046 | G73: =E73*F73 -> 143861.46 | I73: 19 | J73: 2400 | K73: =J73/I73 -> 126.31579 | L73: 19 | M73: =F73/V73*60 -> 2193.913 | N73: =M73/L73 -> 115.46911 | O73: =L73-I73 -> 0 | P73: =N73-K73 -> -10.846682 | Q73: =N73/K73 -> 0.91413043 | S73: 0.39097222 | T73: 0.48680556 | U73: =(S73-T72)*24*60 -> 8 | V73: =(T73-S73)*24*60 -> 138 | AA73: =M73-J73 -> -206.08696 | AB73: =M73/J73 -> 0.91413043
A74: 自動包裝二線 | B74: 三明治 | C74: 火腿起司蛋三明治 | E74: 19.02 | F74: 5856 | G74: =E74*F74 -> 111381.12 | I74: 15 | J74: 2400 | K74: =J74/I74 -> 160 | L74: 15 | M74: =F74/V74*60 -> 2196 | N74: =M74/L74 -> 146.4 | O74: =L74-I74 -> 0 | P74: =N74-K74 -> -13.6 | Q74: =N74/K74 -> 0.915 | S74: 0.52916667 | T74: 0.64027778 | U74: =(S74-T73)*24*60 -> 61 | V74: =(T74-S74)*24*60 -> 160 | AA74: =M74-J74 -> -204 | AB74: =M74/J74 -> 0.915
A75: 自動包裝二線 | B75: 平均 | I75: =AVERAGE(I69:I74) -> 17 | J75: 2400 | K75: =J75/I75 -> 141.17647 | L75: =AVERAGE(L69:L74) -> 17 | M75: =AVERAGE(M69:M74) -> 2205.0427 | N75: =M75/L75 -> 129.7084 | O75: =L75-I75 -> 0 | P75: =N75-K75 -> -11.468075 | Q75: =N75/K75 -> 0.9187678 | AA75: =M75-J75 -> -194.95728 | AB75: =M75/J75 -> 0.9187678

Sheet 0728
B1: 屏榮 新豐廠組合室生產人時性分析
B3: 日期 | C3: =TEXT('0728 4度C'!A2,"yyyy.mm.ddaaaa") -> 2025.07.28星期一 | E3: 訂單量 | F3: ='0728 4度C'!D1 -> 176170 | H3: 營業額 | I3: ='0728 4度C'!F1 -> 6034797.2
B4: 人時性 | C4: 項目 | E4: ➀ | G4: ➁ | I4: ➂
C5: 組合室 | E5: 全溫層 | G5: 4度C-各編組展開 | I5: ③三明治-各編組展開
C6: 排關平均 | E6: =AVERAGE(D13:M13) -> 140.8146 | F6: =AVERAGE(D27:O27,D13:J13) -> 143.3547 | G6: =AVERAGE(D13:J13) -> 143.3547 | I6: =AVERAGE(K13:M13) -> 134.88769
C7: 實績平均 | E7: =AVERAGE(D14:M14) -> 128.42893 | F7: =AVERAGE(D28:O28,D14:J14) -> 130.85348 | G7: =AVERAGE(D14:J14) -> 130.85348 | I7: =AVERAGE(K14:M14) -> 122.77167
C8: 達成率平均 | E8: =AVERAGE(D15:M15) -> 0.91171798 | F8: =AVERAGE(D15:J15,D29:O29) -> 0.91237969 | G8: =AVERAGE(D15:J15) -> 0.91237969 | I8: =AVERAGE(K15:M15) -> 0.91017398 | K8: ※現行日本鮮食廠以達成率80%為基本(即為現行KPI)
B10: 溫層 | D10: ➁4度C-各編組展開 | K10: ③三明治-各編組展開
B11: 編組 | D11: 1 | E11: 2 | F11: 3 | G11: 4 | H11: 5 | I11: 6 | J11: 7 | K11: 1 | L11: 2 | M11: 3
D12: 燴飯線 | E12: 沙拉一線 | F12: 沙拉二線 | G12: 沙拉三線 | H12: 自動包裝線 | I12: 涼麵一線 | J12: 三明治四線 | K12: 三明治一線 | L12: 三明治二線 | M12: 自動包裝二線
B13: 人時性 | C13: 排關 | D13: =SUMIFS('0728 4度C'!$K:$K,'0728 4度C'!$A:$A,"燴飯線",'0728 4度C'!$B:$B,"平均") -> 105.88235 | E13: =SUMIFS('0728 4度C'!$K:$K,'0728 4度C'!$A:$A,"沙拉線一線",'0728 4度C'!$B:$B,"平均") -> 81.081081 | F13: =SUMIFS('0728 4度C'!$K:$K,'0728 4度C'!$A:$A,"沙拉線二線",'0728 4度C'!$B:$B,"平均") -> 82.145833 | G13: =SUMIFS('0728 4度C'!$K:$K,'0728 4度C'!$A:$A,"沙拉線三線",'0728 4度C'!$B:$B,"平均") -> 103.57143 | H13: =SUMIFS('0728 4度C'!$K:$K,'0728 4度C'!$A:$A,"自動包裝線",'0728 4度C'!$B:$B,"平均") -> 300 | I13: =SUMIFS('0728 4度C'!$K:$K,'0728 4度C'!$A:$A,"涼麵一線",'0728 4度C'!$B:$B,"平均") -> 89.552239 | J13: =SUMIFS('0728 4度C'!$K:$K,'0728 4度C'!$A:$A,"三明治四線",'0728 4度C'!$B:$B,"平均") -> 241.25 | K13: =SUMIFS('0728 4度C'!$K:$K,'0728 4度C'!$A:$A,"三明治一線",'0728 4度C'!$B:$B,"平均") -> 137.70492 | L13: =SUMIFS('0728 4度C'!$K:$K,'0728 4度C'!$A:$A,"三明治二線",'0728 4度C'!$B:$B,"平均") -> 127.15232 | M13: =SUMIFS('0728 4度C'!$K:$K,'0728 4度C'!$A:$A,"自動包裝二線",'0728 4度C'!$B:$B,"平均") -> 139.80583
C14: 實績 | D14: =SUMIFS('0728 4度C'!$N:$N,'0728 4度C'!$A:$A,"燴飯線",'0728 4度C'!$B:$B,"平均") -> 96.688451 | E14: =SUMIFS('0728 4度C'!$N:$N,'0728 4度C'!$A:$A,"沙拉線一線",'0728 4度C'!$B:$B,"平均") -> 73.788689 | F14: =SUMIFS('0728 4度C'!$N:$N,'0728 4度C'!$A:$A,"沙拉線二線",'0728 4度C'!$B:$B,"平均") -> 74.785793 | G14: =SUMIFS('0728 4度C'!$N:$N,'0728 4度C'!$A:$A,"沙拉線三線",'0728 4度C'!$B:$B,"平均") -> 94.694058 | H14: =SUMIFS('0728 4度C'!$N:$N,'0728 4度C'!$A:$A,"自動包裝線",'0728 4度C'!$B:$B,"平均") -> 273.55097 | I14: =SUMIFS('0728 4度C'!$N:$N,'0728 4度C'!$A:$A,"涼麵一線",'0728 4度C'!$B:$B,"平均") -> 81.627567 | J14: =SUMIFS('0728 4度C'!$N:$N,'0728 4度C'!$A:$A,"三明治四線",'0728 4度C'!$B:$B,"平均") -> 220.83881 | K14: =SUMIFS('0728 4度C'!$N:$N,'0728 4度C'!$A:$A,"三明治一線",'0728 4度C'!$B:$B,"平均") -> 125.36529 | L14: =SUMIFS('0728 4度C'!$N:$N,'0728 4度C'!$A:$A,"三明治二線",'0728 4度C'!$B:$B,"平均") -> 115.71401 | M14: =SUMIFS('0728 4度C'!$N:$N,'0728 4度C'!$A:$A,"自動包裝二線",'0728 4度C'!$B:$B,"平均") -> 127.2357
C15: 達成率 | D15: =D14/D13 -> 0.9131687 | E15: =E14/E13 -> 0.91006049 | F15: =F14/F13 -> 0.91040276 | G15: =G14/G13 -> 0.91428746 | H15: =H14/H13 -> 0.91183656 | I15: =I14/I13 -> 0.91150783 | J15: =J14/J13 -> 0.91539403 | K15: =K14/K13 -> 0.91039078 | ... M15: =M14/M13 -> 0.91008867
B16: 作業 時間 | C16: 開始 | D16: =VLOOKUP("燴飯線",'0728 4度C'!$A:$T,19,0) -> 0.70833333 | E16: =VLOOKUP("沙拉線一線",'0728 4度C'!$A:$T,19,0) -> 0.12916667 | F16: =VLOOKUP("沙拉線二線",'0728 4度C'!$A:$T,19,0) -> 0.25 | G16: =VLOOKUP("沙拉線三線",'0728 4度C'!$A:$T,19,0) -> 0.16666667 | H16: =VLOOKUP("自動包裝線",'0728 4度C'!$A:$T,19,0) -> 0.20833333 | I16: =VLOOKUP("涼麵一線",'0728 4度C'!$A:$T,19,0) -> 0.29166667 | J16: =VLOOKUP("三明治四線",'0728 4度C'!$A:$T,19,0) -> 0.20833333 | K16: =VLOOKUP("三明治一線",'0728 4度C'!$A:$T,19,0) -> 0.125 | L16: =VLOOKUP("三明治二線",'0728 4度C'!$A:$T,19,0) -> 0.083333333 | M16: =VLOOKUP("自動包裝二線",'0728 4度C'!$A:$T,19,0) -> 0.125
C17: 結束 | D17: =LOOKUP(2,1/(('0728 4度C'!$A:$A="燴飯線")*('0728 4度C'!$T:$T<>"")),'0728 4度C'!$T:$T) -> 0.85625 | E17: =LOOKUP(2,1/(('0728 4度C'!$A:$A="沙拉線一線")*('0728 4度C'!$T:$T<>"")),'0728 4度C'!$T:$T) -> 0.68263889 | F17: =LOOKUP(2,1/(('0728 4度C'!$A:$A="沙拉線二線")*('0728 4度C'!$T:$T<>"")),'0728 4度C'!$T:$T) -> 0.95138889 | G17: =LOOKUP(2,1/(('0728 4度C'!$A:$A="沙拉線三線")*('0728 4度C'!$T:$T<>"")),'0728 4度C'!$T:$T) -> 0.94305556 | H17: =LOOKUP(2,1/(('0728 4度C'!$A:$A="自動包裝線")*('0728 4度C'!$T:$T<>"")),'0728 4度C'!$T:$T) -> 0.63611111 | I17: =LOOKUP(2,1/(('0728 4度C'!$A:$A="涼麵一線")*('0728 4度C'!$T:$T<>"")),'0728 4度C'!$T:$T) -> 0.83194444 | J17: =LOOKUP(2,1/(('0728 4度C'!$A:$A="三明治四線")*('0728 4度C'!$T:$T<>"")),'0728 4度C'!$T:$T) -> 0.50208333 | K17: =LOOKUP(2,1/(('0728 4度C'!$A:$A="三明治一線")*('0728 4度C'!$T:$T<>"")),'0728 4度C'!$T:$T) -> 0.70208333 | L17: =LOOKUP(2,1/(('0728 4度C'!$A:$A="三明治二線")*('0728 4度C'!$T:$T<>"")),'0728 4度C'!$T:$T) -> 0.65 | M17: =LOOKUP(2,1/(('0728 4度C'!$A:$A="自動包裝二線")*('0728 4度C'!$T:$T<>"")),'0728 4度C'!$T:$T) -> 0.6625
B18: 配置人數 | D18: =SUMIFS('0728 4度C'!$I:$I,'0728 4度C'!$A:$A,"燴飯線",'0728 4度C'!$B:$B,"平均") -> 17 | E18: =SUMIFS('0728 4度C'!$I:$I,'0728 4度C'!$A:$A,"沙拉線一線",'0728 4度C'!$B:$B,"平均") -> 18.5 | F18: =SUMIFS('0728 4度C'!$I:$I,'0728 4度C'!$A:$A,"沙拉線二線",'0728 4度C'!$B:$B,"平均") -> 19.2 | G18: =SUMIFS('0728 4度C'!$I:$I,'0728 4度C'!$A:$A,"沙拉線三線",'0728 4度C'!$B:$B,"平均") -> 16.8 | H18: =SUMIFS('0728 4度C'!$I:$I,'0728 4度C'!$A:$A,"自動包裝線",'0728 4度C'!$B:$B,"平均") -> 10 | I18: =SUMIFS('0728 4度C'!$I:$I,'0728 4度C'!$A:$A,"涼麵一線",'0728 4度C'!$B:$B,"平均") -> 16.75 | J18: =SUMIFS('0728 4度C'!$I:$I,'0728 4度C'!$A:$A,"三明治四線",'0728 4度C'!$B:$B,"平均") -> 10.666667 | K18: =SUMIFS('0728 4度C'!$I:$I,'0728 4度C'!$A:$A,"三明治一線",'0728 4度C'!$B:$B,"平均") -> 17.428571 | L18: =SUMIFS('0728 4度C'!$I:$I,'0728 4度C'!$A:$A,"三明治二線",'0728 4度C'!$B:$B,"平均") -> 18.875 | M18: =SUMIFS('0728 4度C'!$I:$I,'0728 4度C'!$A:$A,"自動包裝二線",'0728 4度C'!$B:$B,"平均") -> 17.166667
B19: 主要應用設備 | D19: ET-55 | E19: 熱縮爐 | F19: L型包裝機 | G19: L型包裝機 | H19: 伺服包裝機 | I19: ET-55 | J19: 伺服包裝機 | K19: 三明治包裝機 | L19: 三明治包裝機 | M19: 三明治包裝機
B20: 次要應用設備 | F20: 圓盤機 | G20: ET-55
B21: 備註 | E21: 握沙拉 | F21: 共用L型包裝機 | H21: 調理麵包 | I21: 炒飯+沙拉 | J21: 調理麵包

Sheet 0728 4度C
A1: 新豐廠四度C日報分析 | C1: 總生產量 | D1: =SUM(F5:F75) -> 176170 | E1: 營業額 | F1: =SUM(G5:G75) -> 6034797.2 | G1: 出勤人數 | H1: =L8+L13+L56+L61+L19+L68+L38+L47+L30+L75 -> 162.3869 | I1: 產線配置圖 | L1: 生產實績 | O1: 人時性差異分析 | S1: 日報登錄 | Y1: 分析說明 | AA1: 產能差異分析
A2: 45866 | B2: 星期一 | C2: 人時性 | D2: =AVERAGE(N8,N13,N56,N61,N19,N68,N30,N38,N47,N75) -> 128.42893 | E2: 平均廠價 | F2: =F1/D1 -> 34.255533 | G2: 多次生產數 | H2: =COUNT(H5:H75) -> 10
A3: 線別 | B3: 品類 | C3: 品名 | E3: 廠價 | F3: 生產量 | G3: 營收 | H3: 多次 生產 | I3: 人數 | J3: 產能/時 | K3: 人時性 | L3: 人數 | M3: 產能/時 | N3: 人時性 | O3: 人數 | P3: 人時性 | Q3: 達成率 | R3: 達成率平均 | S3: 生產時間 | U3: 換線、休息/分 | V3: 稼動時間/分 | W3: 休息時間 | Y3: (新豐回填) | AA3: 產能/時 | AB3: 達成率 | AC3: 達成率平均
S4: 開始 | T4: 結束 | W4: 開始 | X4: 結束
A5: 燴飯線 | B5: 微波主食 | C5: 二配煸椒烘蛋飯 | E5: 46.93 | F5: 1019 | G5: =E5*F5 -> 47821.67 | I5: 17 | J5: 1800 | K5: =J5/I5 -> 105.88235 | L5: 17 | M5: =F5/V5*60 -> 1652.4324 | N5: =M5/L5 -> 97.201908 | O5: =L5-I5 -> 0 | P5: =N5-K5 -> -8.6804452 | Q5: =N5/K5 -> 0.91801802 | R5: =Q8 -> 0.9131687 | S5: 0.70833333 | T5: 0.73402778 | V5: =(T5-S5)*24*60 -> 37 | AA5: =M5-J5 -> -147.56757 | AB5: =M5/J5 -> 0.91801802 | AC5: =AB8 -> 0.9131687
A6: 燴飯線 | B6: 微波主食 | C6: 二配川味麻婆燒豆腐燴飯 | E6: 50.49 | F6: 2183 | G6: =E6*F6 -> 110219.67 | I6: 16 | J6: 1800 | K6: =J6/I6 -> 112.5 | L6: 16 | M6: =F6/V6*60 -> 1637.25 | N6: =M6/L6 -> 102.32812 | O6: =L6-I6 -> 0 | P6: =N6-K6 -> -10.171875 | Q6: =N6/K6 -> 0.90958333 | S6: 0.73819444 | T6: 0.79375 | U6: =(S6-T5)*24*60 -> 6 | V6: =(T6-S6)*24*60 -> 80 | AA6: =M6-J6 -> -162.75 | AB6: =M6/J6 -> 0.90958333
A7: 燴飯線 | B7: 微波主食 | C7: 二配港式香滑嫩蛋牛肉燴飯 | E7: 50.67 | F7: 2298 | G7: =E7*F7 -> 116439.66 | I7: 18 | J7: 1800 | K7: =J7/I7 -> 100 | L7: 18 | M7: =F7/V7*60 -> 1641.4286 | N7: =M7/L7 -> 91.190476 | O7: =L7-I7 -> 0 | P7: =N7-K7 -> -8.8095238 | Q7: =N7/K7 -> 0.91190476 | S7: 0.79791667 | T7: 0.85625 | U7: =(S7-T6)*24*60 -> 6 | V7: =(T7-S7)*24*60 -> 84 | AA7: =M7-J7 -> -158.57143 | AB7: =M7/J7 -> 0.91190476
A8: 燴飯線 | B8: 平均 | I8: 17 | J8: 1800 | K8: =J8/I8 -> 105.88235 | L8: 17 | M8: =AVERAGE(M5:M7) -> 1643.7037 | N8: =M8/L8 -> 96.688451 | O8: =L8-I8 -> 0 | P8: =N8-K8 -> -9.1939019 | Q8: =N8/K8 -> 0.9131687 | AA8: =M8-J8 -> -156.29633 | AB8: =M8/J8 -> 0.9131687
A9: 沙拉線一線 | B9: 沙拉 | C9: 青醬優格雞肉握沙拉(113年) | E9: 39.62 | F9: 4740 | G9: =E9*F9 -> 187798.8 | I9: 19 | J9: 1500 | K9: =J9/I9 -> 78.947368 | L9: 19 | M9: =F9/V9*60 -> 1367.3077 | N9: =M9/L9 -> 71.963563 | O9: =L9-I9 -> 0 | P9: =N9-K9 -> -6.9838057 | Q9: =N9/K9 -> 0.91153846 | R9: =Q13 -> 0.91006049 | S9: 0.12916667 | T9: 0.27361111 | V9: =(T9-S9)*24*60 -> 208 | AA9: =M9-J9 -> -132.69231 | AB9: =M9/J9 -> 0.91153846 | AC9: =AB13 -> 0.91006049
A10: 沙拉線一線 | B10: 沙拉 | C10: 青檸烤雞握沙拉(113年) | E10: 39.8 | F10: 2600 | G10: =E10*F10 -> 103480 | H10: 2 | I10: 18 | J10: 1500 | K10: =J10/I10 -> 83.333333 | L10: 18 | M10: =F10/V10*60 -> 1368.4211 | N10: =M10/L10 -> 76.023392 | O10: =L10-I10 -> 0 | P10: =N10-K10 -> -7.3099415 | Q10: =N10/K10 -> 0.9122807 | S10: 0.29930556 | T10: 0.37847222 | U10: =(S10-T9)*24*60 -> 37 | V10: =(T10-S10)*24*60 -> 114 | AA10: =M10-J10 -> -131.57895 | AB10: =M10/J10 -> 0.9122807
A11: 沙拉線一線 | B11: 沙拉 | C11: 地瓜瓜握沙拉 | E11: 39.29 | F11: 4113 | G11: =E11*F11 -> 161599.77 | I11: 19 | J11: 1500 | K11: =J11/I11 -> 78.947368 | L11: 19 | M11: =F11/V11*60 -> 1363.4254 | N11: =M11/L11 -> 71.759232 | O11: =L11-I11 -> 0 | P11: =N11-K11 -> -7.1881361 | Q11: =N11/K11 -> 0.90895028 | S11: 0.38819444 | T11: 0.51388889 | U11: =(S11-T10)*24*60 -> 14 | V11: =(T11-S11)*24*60 -> 181 | AA11: =M11-J11 -> -136.57459 | AB11: =M11/J11 -> 0.90895028
A12: 沙拉線一線 | B12: 沙拉 | C12: 青檸烤雞握沙拉(113年) | E12: 39.8 | F12: 4129 | G12: =E12*F12 -> 164334.2 | I12: 18 | J12: 1500 | K12: =J12/I12 -> 83.333333 | L12: 18 | M12: =F12/V12*60 -> 1361.2088 | N12: =M12/L12 -> 75.622711 | O12: =L12-I12 -> 0 | P12: =N12-K12 -> -7.7106227 | Q12: =N12/K12 -> 0.90747253 | S12: 0.55625 | T12: 0.68263889 | U12: =(S12-T11)*24*60 -> 61 | V12: =(T12-S12)*24*60 -> 182 | AA12: =M12-J12 -> -138.79121 | AB12: =M12/J12 -> 0.90747253
A13: 沙拉線一線 | B13: 平均 | I13: 18.5 | J13: 1500 | K13: =J13/I13 -> 81.081081 | L13: 18.5 | M13: =AVERAGE(M9:M12) -> 1365.0907 | N13: =M13/L13 -> 73.788689 | O13: =L13-I13 -> 0 | P13: =N13-K13 -> -7.2923926 | Q13: =N13/K13 -> 0.91006049 | AA13: =M13-J13 -> -134.90926 | AB13: =M13/J13 -> 0.91006049
A14: 沙拉線二線 | B14: 小菜、微波 | C14: 剝皮辣椒雞湯 | E14: 41 | F14: 1879 | G14: =E14*F14 -> 77039 | I14: 26 | J14: 1286 | K14: =J14/I14 -> 49.461538 | L14: 26 | M14: =F14/V14*60 -> 1174.375 | N14: =M14/L14 -> 45.168269 | O14: =L14-I14 -> 0 | P14: =N14-K14 -> -4.2932692 | Q14: =N14/K14 -> 0.91319984 | R14: =Q19 -> 0.91040276 | S14: 0.25 | T14: 0.31666667 | V14: =(T14-S14)*24*60 -> 96 | AA14: =M14-J14 -> -111.625 | AB14: =M14/J14 -> 0.91319984 | AC14: =AB19 -> 0.91040276
A15: 沙拉線二線 | B15: 沙拉 | C15: 厚蛋時蔬握沙拉 | E15: 39.29 | F15: 3522 | G15: =E15*F15 -> 138379.38 | I15: 17 | J15: 1500 | K15: =J15/I15 -> 88.235294 | L15: 17 | M15: =F15/V15*60 -> 1363.3548 | N15: =M15/L15 -> 80.197343 | O15: =L15-I15 -> 0 | P15: =N15-K15 -> -8.0379507 | Q15: =N15/K15 -> 0.90890323 | S15: 0.325 | T15: 0.43263889 | U15: =(S15-T14)*24*60 -> 12 | V15: =(T15-S15)*24*60 -> 155 | AA15: =M15-J15 -> -136.64516 | AB15: =M15/J15 -> 0.90890323
A16: 沙拉線二線 | B16: 微波主食 | C16: 二配金咖哩濃厚辛辣咖哩飯 | E16: 50.98 | F16: 2921 | G16: =E16*F16 -> 148912.58 | I16: 17 | J16: 1800 | K16: =J16/I16 -> 105.88235 | L16: 17 | M16: =F16/V16*60 -> 1637.9439 | N16: =M16/L16 -> 96.349643 | O16: =L16-I16 -> 0 | P16: =N16-K16 -> -9.5327103 | Q16: =N16/K16 -> 0.90996885 | S16: 0.70833333 | T16: 0.78263889 | U16: =(S16-T15)*24*60 -> 397 | V16: =(T16-S16)*24*60 -> 107 | AA16: =M16-J16 -> -162.05607 | AB16: =M16/J16 -> 0.90996885
A17: 沙拉線二線 | B17: 微波主食 | C17: 二配粗飽系雞排炒飯 | E17: 57.73 | F17: 1768 | G17: =E17*F17 -> 102066.64 | I17: 16 | J17: 1500 | K17: =J17/I17 -> 93.75 | L17: 16 | M17: =F17/V17*60 -> 1360 | N17: =M17/L17 -> 85 | O17: =L17-I17 -> 0 | P17: =N17-K17 -> -8.75 | Q17: =N17/K17 -> 0.90666667 | S17: 0.7875 | T17: 0.84166667 | U17: =(S17-T16)*24*60 -> 7 | V17: =(T17-S17)*24*60 -> 78 | AA17: =M17-J17 -> -140 | AB17: =M17/J17 -> 0.90666667
A18: 沙拉線二線 | B18: 微波主食 | C18: 二配美味蟹煲 | E18: 51.62 | F18: 2767 | G18: =E18*F18 -> 142832.54 | I18: 20 | J18: 1800 | K18: =J18/I18 -> 90 | L18: 20 | M18: =F18/V18*60 -> 1643.7624 | N18: =M18/L18 -> 82.188119 | O18: =L18-I18 -> 0 | P18: =N18-K18 -> -7.8118812 | Q18: =N18/K18 -> 0.91320132 | S18: 0.88125 | T18: 0.95138889 | U18: =(S18-T17)*24*60 -> 57 | V18: =(T18-S18)*24*60 -> 101 | AA18: =M18-J18 -> -156.23762 | AB18: =M18/J18 -> 0.91320132
A19: 沙拉線二線 | B19: 平均 | I19: 19.2 | J19: 1577.2 | K19: =J19/I19 -> 82.145833 | L19: 19.2 | M19: =AVERAGE(M14:M18) -> 1435.8872 | N19: =M19/L19 -> 74.785793 | O19: =L19-I19 -> 0 | P19: =N19-K19 -> -7.3600402 | Q19: =N19/K19 -> 0.91040276 | AA19: =M19-J19 -> -141.31277 | AB19: =M19/J19 -> 0.91040276
A20: 沙拉線三線 | B20: 小吃 | C20: 古早味炒炊粉 | E20: 43.14 | F20: 1182 | G20: =E20*F20 -> 50991.48 | I20: 17 | J20: 1200 | K20: =J20/I20 -> 70.588235 | L20: 17 | M20: =F20/V20*60 -> 1091.0769 | N20: =M20/L20 -> 64.180995 | O20: =L20-I20 -> 0 | P20: =N20-K20 -> -6.4072398 | Q20: =N20/K20 -> 0.90923077 | R20: =Q30 -> 0.91428746 | S20: 0.16666667 | T20: 0.21180556 | V20: =(T20-S20)*24*60 -> 65 | AA20: =M20-J20 -> -108.92308 | AB20: =M20/J20 -> 0.90923077 | AC20: =AB30 -> 0.91428746
A21: 沙拉線三線 | B21: 微波主食 | C21: 鐵板滑蛋炸豬排丼 | E21: 57.73 | F21: 3160 | G21: =E21*F21 -> 182426.8 | I21: 16 | J21: 1800 | K21: =J21/I21 -> 112.5 | L21: 16 | M21: =F21/V21*60 -> 1634.4828 | N21: =M21/L21 -> 102.15517 | O21: =L21-I21 -> 0 | P21: =N21-K21 -> -10.344828 | Q21: =N21/K21 -> 0.90804598 | S21: 0.23055556 | T21: 0.31111111 | U21: =(S21-T20)*24*60 -> 27 | V21: =(T21-S21)*24*60 -> 116 | AA21: =M21-J21 -> -165.51724 | AB21: =M21/J21 -> 0.90804598
A22: 沙拉線三線 | B22: 微波主食 | C22: 極上炙烤親子丼 | E22: 53.68 | F22: 1957 | G22: =E22*F22 -> 105051.76 | I22: 17 | J22: 1800 | K22: =J22/I22 -> 105.88235 | L22: 17 | M22: =F22/V22*60 -> 1630.8333 | N22: =M22/L22 -> 95.931373 | O22: =L22-I22 -> 0 | P22: =N22-K22 -> -9.9509804 | Q22: =N22/K22 -> 0.90601852 | S22: 0.31458333 | T22: 0.36458333 | U22: =(S22-T21)*24*60 -> 5 | V22: =(T22-S22)*24*60 -> 72 | AA22: =M22-J22 -> -169.16667 | AB22: =M22/J22 -> 0.90601852
A23: 沙拉線三線 | B23: 微波主食 | C23: 紅燒纖牛若風味燴飯 | E23: 50.67 | F23: 1116 | G23: =E23*F23 -> 56547.72 | I23: 16 | J23: 1800 | K23: =J23/I23 -> 112.5 | L23: 16 | M23: =F23/V23*60 -> 1633.1707 | N23: =M23/L23 -> 102.07317 | O23: =L23-I23 -> 0 | P23: =N23-K23 -> -10.426829 | Q23: =N23/K23 -> 0.90731707 | S23: 0.36875 | T23: 0.39722222 | U23: =(S23-T22)*24*60 -> 6 | V23: =(T23-S23)*24*60 -> 41 | AA23: =M23-J23 -> -166.82927 | AB23: =M23/J23 -> 0.90731707
A24: 沙拉線三線 | B24: 微波主食 | C24: 海老鰻魚丼滋丼 | E24: 58.17 | F24: 3267 | G24: =E24*F24 -> 190041.39 | I24: 18 | J24: 1800 | K24: =J24/I24 -> 100 | L24: 18 | M24: =F24/V24*60 -> 1633.5 | N24: =M24/L24 -> 90.75 | O24: =L24-I24 -> 0 | P24: =N24-K24 -> -9.25 | Q24: =N24/K24 -> 0.9075 | S24: 0.40208333 | T24: 0.48541667 | U24: =(S24-T23)*24*60 -> 7 | V24: =(T24-S24)*24*60 -> 120 | AA24: =M24-J24 -> -166.5 | AB24: =M24/J24 -> 0.9075
A25: 沙拉線三線 | B25: 微波主食 | C25: 二配金咖哩果香甘口咖哩飯 | E25: 50.92 | F25: 1000 | G25: =E25*F25 -> 50920 | H25: 2 | I25: 16 | J25: 1800 | K25: =J25/I25 -> 112.5 | L25: 16 | M25: =F25/V25*60 -> 1666.6667 | N25: =M25/L25 -> 104.16667 | O25: =L25-I25 -> 0 | P25: =N25-K25 -> -8.3333333 | Q25: =N25/K25 -> 0.92592593 | S25: 0.70833333 | T25: 0.73333333 | U25: =(S25-T24)*24*60 -> 321 | V25: =(T25-S25)*24*60 -> 36 | AA25: =M25-J25 -> -133.33333 | AB25: =M25/J25 -> 0.92592593
A26: 沙拉線三線 | B26: 微波主食 | C26: 二配極旨黑咖哩漢堡排飯 | E26: 53.27 | F26: 582 | G26: =E26*F26 -> 31003.14 | I26: 15 | J26: 1800 | K26: =J26/I26 -> 120 | L26: 15 | M26: =F26/V26*60 -> 1662.8571 | N26: =M26/L26 -> 110.85714 | O26: =L26-I26 -> 0 | P26: =N26-K26 -> -9.1428571 | Q26: =N26/K26 -> 0.92380952 | S26: 0.73819444 | T26: 0.75277778 | U26: =(S26-T25)*24*60 -> 7 | V26: =(T26-S26)*24*60 -> 21 | AA26: =M26-J26 -> -137.14286 | AB26: =M26/J26 -> 0.92380952
A27: 沙拉線三線 | B27: 微波主食 | C27: 二配黑胡椒素豬若飯 | E27: 49.91 | F27: 938 | G27: =E27*F27 -> 46815.58 | I27: 17 | J27: 1800 | K27: =J27/I27 -> 105.88235 | L27: 17 | M27: =F27/V27*60 -> 1655.2941 | N27: =M27/L27 -> 97.370242 | O27: =L27-I27 -> 0 | P27: =N27-K27 -> -8.5121107 | Q27: =N27/K27 -> 0.91960784 | S27: 0.75694444 | T27: 0.78055556 | U27: =(S27-T26)*24*60 -> 6 | V27: =(T27-S27)*24*60 -> 34 | AA27: =M27-J27 -> -144.70588 | AB27: =M27/J27 -> 0.91960784
A28: 沙拉線三線 | B28: 微波主食 | C28: 二配美味蟹煲 | E28: 51.62 | F28: 2500 | G28: =E28*F28 -> 129050 | H28: 2 | I28: 20 | J28: 1800 | K28: =J28/I28 -> 90 | L28: 20 | M28: =F28/V28*60 -> 1648.3516 | N28: =M28/L28 -> 82.417582 | O28: =L28-I28 -> 0 | P28: =N28-K28 -> -7.5824176 | Q28: =N28/K28 -> 0.91575092 | S28: 0.78611111 | T28: 0.84930556 | U28: =(S28-T27)*24*60 -> 8 | V28: =(T28-S28)*24*60 -> 91 | AA28: =M28-J28 -> -151.64835 | AB28: =M28/J28 -> 0.91575092
A29: 沙拉線三線 | B29: 微波主食 | C29: 二配金咖哩果香甘口咖哩飯 | E29: 50.92 | F29: 2093 | G29: =E29*F29 -> 106575.56 | I29: 16 | J29: 1800 | K29: =J29/I29 -> 112.5 | L29: 16 | M29: =F29/V29*60 -> 1652.3684 | N29: =M29/L29 -> 103.27303 | O29: =L29-I29 -> 0 | P29: =N29-K29 -> -9.2269737 | Q29: =N29/K29 -> 0.91798246 | S29: 0.89027778 | T29: 0.94305556 | U29: =(S29-T28)*24*60 -> 59 | V29: =(T29-S29)*24*60 -> 76 | AA29: =M29-J29 -> -147.63158 | AB29: =M29/J29 -> 0.91798246
A30: 沙拉線三線 | B30: 平均 | I30: 16.8 | J30: 1740 | K30: =J30/I30 -> 103.57143 | L30: 16.8 | M30: =AVERAGE(M20:M29) -> 1590.8602 | N30: =M30/L30 -> 94.694058 | O30: =L30-I30 -> 0 | P30: =N30-K30 -> -8.8773706 | Q30: =N30/K30 -> 0.91428746 | AA30: =M30-J30 -> -149.13983 | AB30: =M30/J30 -> 0.91428746
A31: 三明治一線 | B31: 三明治 | C31: 經典總匯三明治 | E31: 26.2 | F31: 4426 | G31: =E31*F31 -> 115961.2 | I31: 20 | J31: 2400 | K31: =J31/I31 -> 120 | L31: 20 | M31: =F31/V31*60 -> 2176.7213 | N31: =M31/L31 -> 108.83607 | O31: =L31-I31 -> 0 | P31: =N31-K31 -> -11.163934 | Q31: =N31/K31 -> 0.90696721 | R31: =Q38 -> 0.91039078 | S31: 0.125 | T31: 0.20972222 | V31: =(T31-S31)*24*60 -> 122 | AA31: =M31-J31 -> -223.27869 | AB31: =M31/J31 -> 0.90696721 | AC31: =AB38 -> 0.91039078
A32: 三明治一線 | B32: 三明治 | C32: 肉鬆火腿三明治 | E32: 20.52 | F32: 4820 | G32: =E32*F32 -> 98906.4 | I32: 18 | J32: 2400 | K32: =J32/I32 -> 133.33333 | L32: 18 | M32: =F32/V32*60 -> 2174.4361 | N32: =M32/L32 -> 120.80201 | O32: =L32-I32 -> 0 | P32: =N32-K32 -> -12.531328 | Q32: =N32/K32 -> 0.90601504 | S32: 0.22916667 | T32: 0.32152778 | U32: =(S32-T31)*24*60 -> 28 | V32: =(T32-S32)*24*60 -> 133 | AA32: =M32-J32 -> -225.56391 | AB32: =M32/J32 -> 0.90601504
A33: 三明治一線 | B33: 三明治 | C33: 紐奧良風味烤雞鮮蔬三明治 | E33: 31.29 | F33: 3500 | G33: =E33*F33 -> 109515 | H33: 2 | I33: 16 | J33: 2400 | K33: =J33/I33 -> 150 | L33: 16 | M33: =F33/V33*60 -> 2187.5 | N33: =M33/L33 -> 136.71875 | O33: =L33-I33 -> 0 | P33: =N33-K33 -> -13.28125 | Q33: =N33/K33 -> 0.91145833 | S33: 0.32569444 | T33: 0.39236111 | U33: =(S33-T32)*24*60 -> 6 | V33: =(T33-S33)*24*60 -> 96 | AA33: =M33-J33 -> -212.5 | AB33: =M33/J33 -> 0.91145833
A34: 三明治一線 | B34: 三明治 | C34: 起司芋見肉鬆三明治 | E34: 24.25 | F34: 3200 | G34: =E34*F34 -> 77600 | H34: 2 | I34: 18 | J34: 2400 | K34: =J34/I34 -> 133.33333 | L34: 18 | M34: =F34/V34*60 -> 2181.8182 | N34: =M34/L34 -> 121.21212 | O34: =L34-I34 -> 0 | P34: =N34-K34 -> -12.121212 | Q34: =N34/K34 -> 0.90909091 | S34: 0.39652778 | T34: 0.45763889 | U34: =(S34-T33)*24*60 -> 6 | V34: =(T34-S34)*24*60 -> 88 | AA34: =M34-J34 -> -218.18182 | AB34: =M34/J34 -> 0.90909091
A35: 三明治一線 | B35: 三明治 | C35: 藍莓優格三明治(114年) | E35: 22.35 | F35: 2585 | G35: =E35*F35 -> 57774.75 | I35: 16 | J35: 2400 | K35: =J35/I35 -> 150 | L35: 16 | M35: =F35/V35*60 -> 2184.507 | N35: =M35/L35 -> 136.53169 | O35: =L35-I35 -> 0 | P35: =N35-K35 -> -13.46831 | Q35: =N35/K35 -> 0.91021127 | S35: 0.4625 | T35: 0.51180556 | U35: =(S35-T34)*24*60 -> 7 | V35: =(T35-S35)*24*60 -> 71 | AA35: =M35-J35 -> -215.49296 | AB35: =M35/J35 -> 0.91021127
A36: 三明治一線 | B36: 三明治 | C36: 紐奧良風味烤雞鮮蔬三明治 | E36: 31.29 | F36: 5215 | G36: =E36*F36 -> 163177.35 | I36: 16 | J36: 2400 | K36: =J36/I36 -> 150 | L36: 16 | M36: =F36/V36*60 -> 2188.1119 | N36: =M36/L36 -> 136.75699 | O36: =L36-I36 -> 0 | P36: =N36-K36 -> -13.243007 | Q36: =N36/K36 -> 0.91171329 | S36: 0.55208333 | T36: 0.65138889 | U36: =(S36-T35)*24*60 -> 58 | V36: =(T36-S36)*24*60 -> 143 | AA36: =M36-J36 -> -211.88811 | AB36: =M36/J36 -> 0.91171329
A37: 三明治一線 | B37: 三明治 | C37: 起司芋見肉鬆三明治 | E37: 24.25 | F37: 2495 | G37: =E37*F37 -> 60503.75 | I37: 18 | J37: 2400 | K37: =J37/I37 -> 133.33333 | L37: 18 | M37: =F37/V37*60 -> 2201.4706 | N37: =M37/L37 -> 122.30392 | O37: =L37-I37 -> 0 | P37: =N37-K37 -> -11.029412 | Q37: =N37/K37 -> 0.91727941 | S37: 0.65486111 | T37: 0.70208333 | U37: =(S37-T36)*24*60 -> 5 | V37: =(T37-S37)*24*60 -> 68 | AA37: =M37-J37 -> -198.52941 | AB37: =M37/J37 -> 0.91727941
A38: 三明治一線 | B38: 平均 | I38: 17.428571 | J38: 2400 | K38: =J38/I38 -> 137.70492 | L38: 17.428571 | M38: =AVERAGE(M31:M37) -> 2184.9379 | N38: =M38/L38 -> 125.36529 | O38: =L38-I38 -> 0 | P38: =N38-K38 -> -12.33963 | Q38: =N38/K38 -> 0.91039078 | AA38: =M38-J38 -> -215.06213 | AB38: =M38/J38 -> 0.91039078
A39: 三明治二線 | B39: 三明治 | C39: 鮪魚起司溏心蛋三明治 | E39: 26.2 | F39: 2500 | G39: =E39*F39 -> 65500 | H39: 2 | I39: 18 | J39: 2400 | K39: =J39/I39 -> 133.33333 | L39: 18 | M39: =F39/V39*60 -> 2205.8824 | N39: =M39/L39 -> 122.54902 | O39: =L39-I39 -> 0 | P39: =N39-K39 -> -10.784314 | Q39: =N39/K39 -> 0.91911765 | R39: =Q47 -> 0.91004248 | S39: 0.083333333 | T39: 0.13055556 | V39: =(T39-S39)*24*60 -> 68 | AA39: =M39-J39 -> -194.11765 | AB39: =M39/J39 -> 0.91911765 | AC39: =AB47 -> 0.91004248
A40: 三明治二線 | B40: 三明治 | C40: 瘋狂起司三明治(113年) | E40: 24.45 | F40: 2465 | G40: =E40*F40 -> 60269.25 | I40: 20 | J40: 2400 | K40: =J40/I40 -> 120 | L40: 20 | M40: =F40/V40*60 -> 2175 | N40: =M40/L40 -> 108.75 | O40: =L40-I40 -> 0 | P40: =N40-K40 -> -11.25 | Q40: =N40/K40 -> 0.90625 | S40: 0.14791667 | T40: 0.19513889 | U40: =(S40-T39)*24*60 -> 25 | V40: =(T40-S40)*24*60 -> 68 | AA40: =M40-J40 -> -225 | AB40: =M40/J40 -> 0.90625
A41: 三明治二線 | B41: 三明治 | C41: 蛋蛋嘉年華三明治 | E41: 26.2 | F41: 3308 | G41: =E41*F41 -> 86669.6 | I41: 20 | J41: 2400 | K41: =J41/I41 -> 120 | L41: 20 | M41: =F41/V41*60 -> 2181.0989 | N41: =M41/L41 -> 109.05495 | O41: =L41-I41 -> 0 | P41: =N41-K41 -> -10.945055 | Q41: =N41/K41 -> 0.90879121 | S41: 0.19930556 | T41: 0.2625 | U41: =(S41-T40)*24*60 -> 6 | V41: =(T41-S41)*24*60 -> 91 | AA41: =M41-J41 -> -218.9011 | AB41: =M41/J41 -> 0.90879121
A42: 三明治二線 | B42: 三明治 | C42: 醬燒烤雞三明治 | E42: 26.39 | F42: 3200 | G42: =E42*F42 -> 84448 | H42: 2 | I42: 19 | J42: 2400 | K42: =J42/I42 -> 126.31579 | L42: 19 | M42: =F42/V42*60 -> 2181.8182 | N42: =M42/L42 -> 114.83254 | O42: =L42-I42 -> 0 | P42: =N42-K42 -> -11.483254 | Q42: =N42/K42 -> 0.90909091 | S42: 0.26597222 | T42: 0.32708333 | U42: =(S42-T41)*24*60 -> 5 | V42: =(T42-S42)*24*60 -> 88 | AA42: =M42-J42 -> -218.18182 | AB42: =M42/J42 -> 0.90909091
A43: 三明治二線 | B43: 三明治 | C43: 輕乳酪巧克力三明治 | E43: 20.52 | F43: 3256 | G43: =E43*F43 -> 66813.12 | I43: 18 | J43: 2400 | K43: =J43/I43 -> 133.33333 | L43: 18 | M43: =F43/V43*60 -> 2195.0562 | N43: =M43/L43 -> 121.94757 | O43: =L43-I43 -> 0 | P43: =N43-K43 -> -11.385768 | Q43: =N43/K43 -> 0.91460674 | S43: 0.33194444 | T43: 0.39375 | U43: =(S43-T42)*24*60 -> 7 | V43: =(T43-S43)*24*60 -> 89 | AA43: =M43-J43 -> -204.94382 | AB43: =M43/J43 -> 0.91460674
A44: 三明治二線 | B44: 三明治 | C44: 好多菜三明治 | E44: 26.2 | F44: 4394 | G44: =E44*F44 -> 115122.8 | I44: 19 | J44: 2400 | K44: =J44/I44 -> 126.31579 | L44: 19 | M44: =F44/V44*60 -> 2178.843 | N44: =M44/L44 -> 114.67595 | O44: =L44-I44 -> 0 | P44: =N44-K44 -> -11.639843 | Q44: =N44/K44 -> 0.90785124 | S44: 0.39722222 | T44: 0.48125 | U44: =(S44-T43)*24*60 -> 5 | V44: =(T44-S44)*24*60 -> 121 | AA44: =M44-J44 -> -221.15702 | AB44: =M44/J44 -> 0.90785124
A45: 三明治二線 | B45: 三明治 | C45: 鮪魚起司溏心蛋三明治 | E45: 26.2 | F45: 4179 | G45: =E45*F45 -> 109489.8 | I45: 18 | J45: 2400 | K45: =J45/I45 -> 133.33333 | L45: 18 | M45: =F45/V45*60 -> 2180.3478 | N45: =M45/L45 -> 121.13043 | O45: =L45-I45 -> 0 | P45: =N45-K45 -> -12.202899 | Q45: =N45/K45 -> 0.90847826 | S45: 0.52083333 | T45: 0.60069444 | U45: =(S45-T44)*24*60 -> 57 | V45: =(T45-S45)*24*60 -> 115 | AA45: =M45-J45 -> -219.65217 | AB45: =M45/J45 -> 0.90847826
A46: 三明治二線 | B46: 三明治 | C46: 醬燒烤雞三明治 | E46: 26.39 | F46: 2356 | G46: =E46*F46 -> 62174.84 | I46: 19 | J46: 2400 | K46: =J46/I46 -> 126.31579 | L46: 19 | M46: =F46/V46*60 -> 2174.7692 | N46: =M46/L46 -> 114.46154 | O46: =L46-I46 -> 0 | P46: =N46-K46 -> -11.854251 | Q46: =N46/K46 -> 0.90615385 | S46: 0.60486111 | T46: 0.65 | U46: =(S46-T45)*24*60 -> 6 | V46: =(T46-S46)*24*60 -> 65 | AA46: =M46-J46 -> -225.23077 | AB46: =M46/J46 -> 0.90615385
A47: 三明治二線 | B47: 平均 | I47: 18.875 | J47: 2400 | K47: =J47/I47 -> 127.15232 | L47: 18.875 | M47: =AVERAGE(M39:M46) -> 2184.102 | N47: =M47/L47 -> 115.71401 | O47: =L47-I47 -> 0 | P47: =N47-K47 -> -11.438307 | Q47: =N47/K47 -> 0.91004248 | AA47: =M47-J47 -> -215.89804 | AB47: =M47/J47 -> 0.91004248
A48: 自動包裝線 | B48: 調理麵包 | C48: 豬肉起司蛋堡 | E48: 27.17 | F48: 2800 | G48: =E48*F48 -> 76076 | H48: 2 | I48: 10 | J48: 3000 | K48: =J48/I48 -> 300 | L48: 10 | M48: =F48/V48*60 -> 2754.0984 | N48: =M48/L48 -> 275.40984 | O48: =L48-I48 -> 0 | P48: =N48-K48 -> -24.590164 | Q48: =N48/K48 -> 0.91803279 | R48: =Q56 -> 0.91183656 | S48: 0.20833333 | T48: 0.25069444 | V48: =(T48-S48)*24*60 -> 61 | AA48: =M48-J48 -> -245.90164 | AB48: =M48/J48 -> 0.91803279 | AC48: =AB56 -> 0.91183656
A49: 自動包裝線 | B49: 調理麵包 | C49: 豬肉起司堡 | E49: 21.13 | F49: 3000 | G49: =E49*F49 -> 63390 | H49: 2 | I49: 10 | J49: 3000 | K49: =J49/I49 -> 300 | L49: 10 | M49: =F49/V49*60 -> 2727.2727 | N49: =M49/L49 -> 272.72727 | O49: =L49-I49 -> 0 | P49: =N49-K49 -> -27.272727 | Q49: =N49/K49 -> 0.90909091 | S49: 0.25555556 | T49: 0.30138889 | U49: =(S49-T48)*24*60 -> 7 | V49: =(T49-S49)*24*60 -> 66 | AA49: =M49-J49 -> -272.72727 | AB49: =M49/J49 -> 0.90909091
A50: 自動包裝線 | B50: 調理麵包 | C50: 經典雙牛起司堡(113年) | E50: 35.12 | F50: 4731 | G50: =E50*F50 -> 166152.72 | I50: 10 | J50: 3000 | K50: =J50/I50 -> 300 | L50: 10 | M50: =F50/V50*60 -> 2729.4231 | N50: =M50/L50 -> 272.94231 | O50: =L50-I50 -> 0 | P50: =N50-K50 -> -27.057692 | Q50: =N50/K50 -> 0.90980769 | S50: 0.30555556 | T50: 0.37777778 | U50: =(S50-T49)*24*60 -> 6 | V50: =(T50-S50)*24*60 -> 104 | AA50: =M50-J50 -> -270.57692 | AB50: =M50/J50 -> 0.90980769
A51: 自動包裝線 | B51: 調理麵包 | C51: 美式起司巨牛堡 | E51: 40.18 | F51: 2456 | G51: =E51*F51 -> 98682.08 | I51: 10 | J51: 3000 | K51: =J51/I51 -> 300 | L51: 10 | M51: =F51/V51*60 -> 2728.8889 | N51: =M51/L51 -> 272.88889 | O51: =L51-I51 -> 0 | P51: =N51-K51 -> -27.111111 | Q51: =N51/K51 -> 0.90962963 | S51: 0.38194444 | T51: 0.41944444 | U51: =(S51-T50)*24*60 -> 6 | V51: =(T51-S51)*24*60 -> 54 | AA51: =M51-J51 -> -271.11111 | AB51: =M51/J51 -> 0.90962963
A52: 自動包裝線 | B52: 調理麵包 | C52: 哞哞奶香白醬火腿蛋堡 | E52: 28.5 | F52: 1544 | G52: =E52*F52 -> 44004 | I52: 10 | J52: 3000 | K52: =J52/I52 -> 300 | L52: 10 | M52: =F52/V52*60 -> 2724.7059 | N52: =M52/L52 -> 272.47059 | O52: =L52-I52 -> 0 | P52: =N52-K52 -> -27.529412 | Q52: =N52/K52 -> 0.90823529 | S52: 0.425 | T52: 0.44861111 | U52: =(S52-T51)*24*60 -> 8 | V52: =(T52-S52)*24*60 -> 34 | AA52: =M52-J52 -> -275.29412 | AB52: =M52/J52 -> 0.90823529
A53: 自動包裝線 | B53: 調理麵包 | C53: 美式雞腿堡 | E53: 35.87 | F53: 3696 | G53: =E53*F53 -> 132575.52 | I53: 10 | J53: 3000 | K53: =J53/I53 -> 300 | L53: 10 | M53: =F53/V53*60 -> 2737.7778 | N53: =M53/L53 -> 273.77778 | O53: =L53-I53 -> 0 | P53: =N53-K53 -> -26.222222 | Q53: =N53/K53 -> 0.91259259 | S53: 0.45347222 | T53: 0.50972222 | U53: =(S53-T52)*24*60 -> 7 | V53: =(T53-S53)*24*60 -> 81 | AA53: =M53-J53 -> -262.22222 | AB53: =M53/J53 -> 0.91259259
A54: 自動包裝線 | B54: 調理麵包 | C54: 豬肉起司蛋堡 | E54: 27.17 | F54: 3388 | G54: =E54*F54 -> 92051.96 | I54: 10 | J54: 3000 | K54: =J54/I54 -> 300 | L54: 10 | M54: =F54/V54*60 -> 2747.027 | N54: =M54/L54 -> 274.7027 | O54: =L54-I54 -> 0 | P54: =N54-K54 -> -25.297297 | Q54: =N54/K54 -> 0.91567568 | S54: 0.54930556 | T54: 0.60069444 | U54: =(S54-T53)*24*60 -> 57 | V54: =(T54-S54)*24*60 -> 74 | AA54: =M54-J54 -> -252.97297 | AB54: =M54/J54 -> 0.91567568
A55: 自動包裝線 | B55: 調理麵包 | C55: 豬肉起司堡 | E55: 21.13 | F55: 1960 | G55: =E55*F55 -> 41414.8 | I55: 10 | J55: 3000 | K55: =J55/I55 -> 300 | L55: 10 | M55: =F55/V55*60 -> 2734.8837 | N55: =M55/L55 -> 273.48837 | O55: =L55-I55 -> 0 | P55: =N55-K55 -> -26.511628 | Q55: =N55/K55 -> 0.91162791 | S55: 0.60625 | T55: 0.63611111 | U55: =(S55-T54)*24*60 -> 8 | V55: =(T55-S55)*24*60 -> 43 | AA55: =M55-J55 -> -265.11628 | AB55: =M55/J55 -> 0.91162791
A56: 自動包裝線 | B56: 平均 | I56: 10 | J56: 3000 | K56: =J56/I56 -> 300 | L56: 10 | M56: =AVERAGE(M48:M55) -> 2735.5097 | N56: =M56/L56 -> 273.55097 | O56: =L56-I56 -> 0 | P56: =N56-K56 -> -26.449032 | Q56: =N56/K56 -> 0.91183656 | AA56: =M56-J56 -> -264.49032 | AB56: =M56/J56 -> 0.91183656
A57: 涼麵一線 | B57: 沙拉 | C57: 蔥鹽雞肉麵沙拉(114年) | E57: 46 | F57: 3217 | G57: =E57*F57 -> 147982 | I57: 17 | J57: 1500 | K57: =J57/I57 -> 88.235294 | L57: 17 | M57: =F57/V57*60 -> 1359.2958 | N57: =M57/L57 -> 79.958575 | O57: =L57-I57 -> 0 | P57: =N57-K57 -> -8.2767191 | Q57: =N57/K57 -> 0.90619718 | R57: =Q61 -> 0.91150783 | S57: 0.29166667 | T57: 0.39027778 | V57: =(T57-S57)*24*60 -> 142 | AA57: =M57-J57 -> -140.70423 | AB57: =M57/J57 -> 0.90619718 | AC57: =AB61 -> 0.91150783
A58: 涼麵一線 | B58: 沙拉 | C58: 莎莎烤雞麵沙拉 | E58: 46 | F58: 3820 | G58: =E58*F58 -> 175720 | I58: 18 | J58: 1500 | K58: =J58/I58 -> 83.333333 | L58: 18 | M58: =F58/V58*60 -> 1364.2857 | N58: =M58/L58 -> 75.793651 | O58: =L58-I58 -> 0 | P58: =N58-K58 -> -7.5396825 | Q58: =N58/K58 -> 0.90952381 | S58: 0.39375 | T58: 0.51041667 | U58: =(S58-T57)*24*60 -> 5 | V58: =(T58-S58)*24*60 -> 168 | AA58: =M58-J58 -> -135.71429 | AB58: =M58/J58 -> 0.90952381
A59: 涼麵一線 | B59: 微波主食 | C59: 二配香辣醬蒜味香腸蛋炒飯 | E59: 55.56 | F59: 2241 | G59: =E59*F59 -> 124509.96 | I59: 17 | J59: 1500 | K59: =J59/I59 -> 88.235294 | L59: 17 | M59: =F59/V59*60 -> 1372.0408 | N59: =M59/L59 -> 80.708283 | O59: =L59-I59 -> 0 | P59: =N59-K59 -> -7.5270108 | Q59: =N59/K59 -> 0.91469388 | S59: 0.70833333 | T59: 0.77638889 | U59: =(S59-T58)*24*60 -> 285 | V59: =(T59-S59)*24*60 -> 98 | AA59: =M59-J59 -> -127.95918 | AB59: =M59/J59 -> 0.91469388
A60: 涼麵一線 | B60: 微波主食 | C60: 二配香拌海鮮醬肉絲蛋炒飯 | E60: 55.32 | F60: 1671 | G60: =E60*F60 -> 92439.72 | I60: 15 | J60: 1500 | K60: =J60/I60 -> 100 | L60: 15 | M60: =F60/V60*60 -> 1373.4247 | N60: =M60/L60 -> 91.561644 | O60: =L60-I60 -> 0 | P60: =N60-K60 -> -8.4383562 | Q60: =N60/K60 -> 0.91561644 | S60: 0.78125 | T60: 0.83194444 | U60: =(S60-T59)*24*60 -> 7 | V60: =(T60-S60)*24*60 -> 73 | AA60: =M60-J60 -> -126.57534 | AB60: =M60/J60 -> 0.91561644
A61: 涼麵一線 | B61: 平均 | I61: 16.75 | J61: 1500 | K61: =J61/I61 -> 89.552239 | L61: 16.75 | M61: =AVERAGE(M57:M60) -> 1367.2617 | N61: =M61/L61 -> 81.627567 | O61: =L61-I61 -> 0 | P61: =N61-K61 -> -7.9246722 | Q61: =N61/K61 -> 0.91150783 | AA61: =M61-J61 -> -132.73826 | AB61: =M61/J61 -> 0.91150783
A62: 三明治四線 | B62: 調理麵包 | C62: 香雞蛋堡(112年) | E62: 26.78 | F62: 2571 | G62: =E62*F62 -> 68851.38 | I62: 10 | J62: 3000 | K62: =J62/I62 -> 300 | L62: 10 | M62: =F62/V62*60 -> 2754.6429 | N62: =M62/L62 -> 275.46429 | O62: =L62-I62 -> 0 | P62: =N62-K62 -> -24.535714 | Q62: =N62/K62 -> 0.91821429 | R62: =Q68 -> 0.91539403 | S62: 0.20833333 | T62: 0.24722222 | V62: =(T62-S62)*24*60 -> 56 | AA62: =M62-J62 -> -245.35714 | AB62: =M62/J62 -> 0.91821429 | AC62: =AB68 -> 0.91539403
A63: 三明治四線 | B63: 調理麵包 | C63: 黃金魚堡 | E63: 35.37 | F63: 1735 | G63: =E63*F63 -> 61366.95 | I63: 10 | J63: 3000 | K63: =J63/I63 -> 300 | L63: 10 | M63: =F63/V63*60 -> 2739.4737 | N63: =M63/L63 -> 273.94737 | O63: =L63-I63 -> 0 | P63: =N63-K63 -> -26.052632 | Q63: =N63/K63 -> 0.91315789 | S63: 0.25277778 | T63: 0.27916667 | U63: =(S63-T62)*24*60 -> 8 | V63: =(T63-S63)*24*60 -> 38 | AA63: =M63-J63 -> -260.52632 | AB63: =M63/J63 -> 0.91315789
A64: 三明治四線 | B64: 調理麵包 | C64: 大麥雙蛋白豬肉堡 | E64: 34.35 | F64: 1475 | G64: =E64*F64 -> 50666.25 | I64: 10 | J64: 3000 | K64: =J64/I64 -> 300 | L64: 10 | M64: =F64/V64*60 -> 2765.625 | N64: =M64/L64 -> 276.5625 | O64: =L64-I64 -> 0 | P64: =N64-K64 -> -23.4375 | Q64: =N64/K64 -> 0.921875 | S64: 0.28333333 | T64: 0.30555556 | U64: =(S64-T63)*24*60 -> 6 | V64: =(T64-S64)*24*60 -> 32 | AA64: =M64-J64 -> -234.375 | AB64: =M64/J64 -> 0.921875
A65: 三明治四線 | B65: 沙拉 | C65: 溏心蛋洋芋沙拉 | E65: 26.97 | F65: 3381 | G65: =E65*F65 -> 91185.57 | I65: 8 | J65: 1440 | K65: =J65/I65 -> 180 | L65: 8 | M65: =F65/V65*60 -> 1308.7742 | N65: =M65/L65 -> 163.59677 | O65: =L65-I65 -> 0 | P65: =N65-K65 -> -16.403226 | Q65: =N65/K65 -> 0.90887097 | S65: 0.31041667 | T65: 0.41805556 | U65: =(S65-T64)*24*60 -> 7 | V65: =(T65-S65)*24*60 -> 155 | AA65: =M65-J65 -> -131.22581 | AB65: =M65/J65 -> 0.90887097
A66: 三明治四線 | B66: 調理麵包 | C66: 美式熱狗堡 | E66: 35.12 | F66: 1284 | G66: =E66*F66 -> 45094.08 | I66: 13 | J66: 2000 | K66: =J66/I66 -> 153.84615 | L66: 13 | M66: =F66/V66*60 -> 1834.2857 | N66: =M66/L66 -> 141.0989 | O66: =L66-I66 -> 0 | P66: =N66-K66 -> -12.747253 | Q66: =N66/K66 -> 0.91714286 | S66: 0.42222222 | T66: 0.45138889 | U66: =(S66-T65)*24*60 -> 6 | V66: =(T66-S66)*24*60 -> 42 | AA66: =M66-J66 -> -165.71429 | AB66: =M66/J66 -> 0.91714286
A67: 三明治四線 | B67: 調理麵包 | C67: 超HOT雞腿堡(114年) | E67: 35.87 | F67: 3095 | G67: =E67*F67 -> 111017.65 | I67: 13 | J67: 3000 | K67: =J67/I67 -> 230.76923 | L67: 13 | M67: =F67/V67*60 -> 2730.8824 | N67: =M67/L67 -> 210.06787 | O67: =L67-I67 -> 0 | P67: =N67-K67 -> -20.701357 | Q67: =N67/K67 -> 0.91029412 | S67: 0.45486111 | T67: 0.50208333 | U67: =(S67-T66)*24*60 -> 5 | V67: =(T67-S67)*24*60 -> 68 | AA67: =M67-J67 -> -269.11765 | AB67: =M67/J67 -> 0.91029412
A68: 三明治四線 | B68: 平均 | I68: 10.666667 | J68: 2573.3333 | K68: =J68/I68 -> 241.25 | L68: 10.666667 | M68: =AVERAGE(M62:M67) -> 2355.614 | N68: =M68/L68 -> 220.83881 | O68: =L68-I68 -> 0 | P68: =N68-K68 -> -20.411191 | Q68: =N68/K68 -> 0.91539403 | AA68: =M68-J68 -> -217.71937 | AB68: =M68/J68 -> 0.91539403
A69: 自動包裝二線 | B69: 三明治 | C69: 三重火腿三明治 | E69: 32.03 | F69: 1434 | G69: =E69*F69 -> 45931.02 | I69: 19 | J69: 2400 | K69: =J69/I69 -> 126.31579 | L69: 19 | M69: =F69/V69*60 -> 2206.1538 | N69: =M69/L69 -> 116.11336 | O69: =L69-I69 -> 0 | P69: =N69-K69 -> -10.202429 | Q69: =N69/K69 -> 0.91923077 | R69: =Q75 -> 0.91008867 | S69: 0.125 | T69: 0.15208333 | V69: =(T69-S69)*24*60 -> 39 | AA69: =M69-J69 -> -193.84615 | AB69: =M69/J69 -> 0.91923077 | AC69: =AB75 -> 0.91008867
A70: 自動包裝二線 | B70: 三明治 | C70: 香鬆起司蛋三明治(114年) | E70: 20.2 | F70: 2904 | G70: =E70*F70 -> 58660.8 | I70: 19 | J70: 2400 | K70: =J70/I70 -> 126.31579 | L70: 19 | M70: =F70/V70*60 -> 2178 | N70: =M70/L70 -> 114.63158 | O70: =L70-I70 -> 0 | P70: =N70-K70 -> -11.684211 | Q70: =N70/K70 -> 0.9075 | S70: 0.16944444 | T70: 0.225 | U70: =(S70-T69)*24*60 -> 25 | V70: =(T70-S70)*24*60 -> 80 | AA70: =M70-J70 -> -222 | AB70: =M70/J70 -> 0.9075
A71: 自動包裝二線 | B71: 三明治 | C71: 火腿起司蛋三明治 | E71: 19.02 | F71: 4000 | G71: =E71*F71 -> 76080 | H71: 2 | I71: 15 | J71: 2400 | K71: =J71/I71 -> 160 | L71: 15 | M71: =F71/V71*60 -> 2181.8182 | N71: =M71/L71 -> 145.45455 | O71: =L71-I71 -> 0 | P71: =N71-K71 -> -14.545455 | Q71: =N71/K71 -> 0.90909091 | S71: 0.22986111 | T71: 0.30625 | U71: =(S71-T70)*24*60 -> 7 | V71: =(T71-S71)*24*60 -> 110 | AA71: =M71-J71 -> -218.18182 | AB71: =M71/J71 -> 0.90909091
A72: 自動包裝二線 | B72: 三明治 | C72: 雞蛋沙拉三明治 | E72: 25 | F72: 4531 | G72: =E72*F72 -> 113275 | I72: 15 | J72: 2400 | K72: =J72/I72 -> 160 | L72: 15 | M72: =F72/V72*60 -> 2174.88 | N72: =M72/L72 -> 144.992 | O72: =L72-I72 -> 0 | P72: =N72-K72 -> -15.008 | Q72: =N72/K72 -> 0.9062 | S72: 0.30972222 | T72: 0.39652778 | U72: =(S72-T71)*24*60 -> 5 | V72: =(T72-S72)*24*60 -> 125 | AA72: =M72-J72 -> -225.12 | AB72: =M72/J72 -> 0.9062
A73: 自動包裝二線 | B73: 三明治 | C73: 水果派對三明治 | E73: 28.51 | F73: 5554 | G73: =E73*F73 -> 158344.54 | I73: 20 | J73: 2400 | K73: =J73/I73 -> 120 | L73: 20 | M73: =F73/V73*60 -> 2178.0392 | N73: =M73/L73 -> 108.90196 | O73: =L73-I73 -> 0 | P73: =N73-K73 -> -11.098039 | Q73: =N73/K73 -> 0.90751634 | S73: 0.4 | T73: 0.50625 | U73: =(S73-T72)*24*60 -> 5 | V73: =(T73-S73)*24*60 -> 153 | AA73: =M73-J73 -> -221.96078 | AB73: =M73/J73 -> 0.90751634
A74: 自動包裝二線 | B74: 三明治 | C74: 火腿起司蛋三明治 | E74: 19.02 | F74: 6049 | G74: =E74*F74 -> 115051.98 | I74: 15 | J74: 2400 | K74: =J74/I74 -> 160 | L74: 15 | M74: =F74/V74*60 -> 2186.3855 | N74: =M74/L74 -> 145.75904 | O74: =L74-I74 -> 0 | P74: =N74-K74 -> -14.240964 | Q74: =N74/K74 -> 0.91099398 | S74: 0.54722222 | T74: 0.6625 | U74: =(S74-T73)*24*60 -> 59 | V74: =(T74-S74)*24*60 -> 166 | AA74: =M74-J74 -> -213.61446 | AB74: =M74/J74 -> 0.91099398
A75: 自動包裝二線 | B75: 平均 | I75: 17.166667 | J75: 2400 | K75: =J75/I75 -> 139.80583 | L75: 17.166667 | M75: =AVERAGE(M69:M74) -> 2184.2128 | N75: =M75/L75 -> 127.2357 | O75: =L75-I75 -> 0 | P75: =N75-K75 -> -12.570128 | Q75: =N75/K75 -> 0.91008867 | AA75: =M75-J75 -> -215.7872 | AB75: =M75/J75 -> 0.91008867

Sheet 0727
B1: 屏榮 新豐廠組合室生產人時性分析
B3: 日期 | C3: =TEXT('0727 4度C'!A2,"yyyy.mm.ddaaaa") -> 2025.07.27星期日 | E3: 訂單量 | F3: ='0727 4度C'!D1 -> 172133 | H3: 營業額 | I3: ='0727 4度C'!F1 -> 5870510.4
B4: 人時性 | C4: 項目 | E4: ➀ | G4: ➁ | I4: ➂
C5: 組合室 | E5: 全溫層 | G5: 4度C-各編組展開 | I5: ③三明治-各編組展開
C6: 排關平均 | E6: =AVERAGE(D13:M13) -> 140.52837 | F6: =AVERAGE(D27:O27,D13:J13) -> 142.9458 | G6: =AVERAGE(D13:J13) -> 142.9458 | I6: =AVERAGE(K13:M13) -> 134.88769
C7: 實績平均 | E7: =AVERAGE(D14:M14) -> 128.31027 | F7: =AVERAGE(D28:O28,D14:J14) -> 130.65101 | G7: =AVERAGE(D14:J14) -> 130.65101 | I7: =AVERAGE(K14:M14) -> 122.84856
C8: 達成率平均 | E8: =AVERAGE(D15:M15) -> 0.91253427 | F8: =AVERAGE(D15:J15,D29:O29) -> 0.91329046 | G8: =AVERAGE(D15:J15) -> 0.91329046 | I8: =AVERAGE(K15:M15) -> 0.91076982 | K8: ※現行日本鮮食廠以達成率80%為基本(即為現行KPI)
B10: 溫層 | D10: ➁4度C-各編組展開 | K10: ③三明治-各編組展開
B11: 編組 | D11: 1 | E11: 2 | F11: 3 | G11: 4 | H11: 5 | I11: 6 | J11: 7 | K11: 1 | L11: 2 | M11: 3
D12: 燴飯線 | E12: 沙拉一線 | F12: 沙拉二線 | G12: 沙拉三線 | H12: 自動包裝線 | I12: 涼麵一線 | J12: 三明治四線 | K12: 三明治一線 | L12: 三明治二線 | M12: 自動包裝二線
B13: 人時性 | C13: 排關 | D13: =SUMIFS('0727 4度C'!$K:$K,'0727 4度C'!$A:$A,"燴飯線",'0727 4度C'!$B:$B,"平均") -> 105.88235 | E13: =SUMIFS('0727 4度C'!$K:$K,'0727 4度C'!$A:$A,"沙拉線一線",'0727 4度C'!$B:$B,"平均") -> 81.081081 | F13: =SUMIFS('0727 4度C'!$K:$K,'0727 4度C'!$A:$A,"沙拉線二線",'0727 4度C'!$B:$B,"平均") -> 80.078947 | G13: =SUMIFS('0727 4度C'!$K:$K,'0727 4度C'!$A:$A,"沙拉線三線",'0727 4度C'!$B:$B,"平均") -> 104.54545 | H13: =SUMIFS('0727 4度C'!$K:$K,'0727 4度C'!$A:$A,"自動包裝線",'0727 4度C'!$B:$B,"平均") -> 300 | I13: =SUMIFS('0727 4度C'!$K:$K,'0727 4度C'!$A:$A,"涼麵一線",'0727 4度C'!$B:$B,"平均") -> 89.552239 | J13: =SUMIFS('0727 4度C'!$K:$K,'0727 4度C'!$A:$A,"三明治四線",'0727 4度C'!$B:$B,"平均") -> 239.48052 | K13: =SUMIFS('0727 4度C'!$K:$K,'0727 4度C'!$A:$A,"三明治一線",'0727 4度C'!$B:$B,"平均") -> 137.70492 | L13: =SUMIFS('0727 4度C'!$K:$K,'0727 4度C'!$A:$A,"三明治二線",'0727 4度C'!$B:$B,"平均") -> 127.15232 | M13: =SUMIFS('0727 4度C'!$K:$K,'0727 4度C'!$A:$A,"自動包裝二線",'0727 4度C'!$B:$B,"平均") -> 139.80583
C14: 實績 | D14: =SUMIFS('0727 4度C'!$N:$N,'0727 4度C'!$A:$A,"燴飯線",'0727 4度C'!$B:$B,"平均") -> 97.0484 | E14: =SUMIFS('0727 4度C'!$N:$N,'0727 4度C'!$A:$A,"沙拉線一線",'0727 4度C'!$B:$B,"平均") -> 73.861226 | F14: =SUMIFS('0727 4度C'!$N:$N,'0727 4度C'!$A:$A,"沙拉線二線",'0727 4度C'!$B:$B,"平均") -> 72.703515 | G14: =SUMIFS('0727 4度C'!$N:$N,'0727 4度C'!$A:$A,"沙拉線三線",'0727 4度C'!$B:$B,"平均") -> 95.899493 | H14: =SUMIFS('0727 4度C'!$N:$N,'0727 4度C'!$A:$A,"自動包裝線",'0727 4度C'!$B:$B,"平均") -> 274.71095 | I14: =SUMIFS('0727 4度C'!$N:$N,'0727 4度C'!$A:$A,"涼麵一線",'0727 4度C'!$B:$B,"平均") -> 81.606127 | J14: =SUMIFS('0727 4度C'!$N:$N,'0727 4度C'!$A:$A,"三明治四線",'0727 4度C'!$B:$B,"平均") -> 218.72734 | K14: =SUMIFS('0727 4度C'!$N:$N,'0727 4度C'!$A:$A,"三明治一線",'0727 4度C'!$B:$B,"平均") -> 125.3732 | L14: =SUMIFS('0727 4度C'!$N:$N,'0727 4度C'!$A:$A,"三明治二線",'0727 4度C'!$B:$B,"平均") -> 115.90593 | M14: =SUMIFS('0727 4度C'!$N:$N,'0727 4度C'!$A:$A,"自動包裝二線",'0727 4度C'!$B:$B,"平均") -> 127.26655
C15: 達成率 | D15: =D14/D13 -> 0.91656822 | E15: =E14/E13 -> 0.91095512 | F15: =F14/F13 -> 0.90789798 | G15: =G14/G13 -> 0.9172995 | H15: =H14/H13 -> 0.91570316 | I15: =I14/I13 -> 0.91126842 | J15: =J14/J13 -> 0.91334084 | K15: =K14/K13 -> 0.91044826 | ... M15: =M14/M13 -> 0.91030938
B16: 作業 時間 | C16: 開始 | D16: =VLOOKUP("燴飯線",'0727 4度C'!$A:$T,19,0) -> 0.70833333 | E16: =VLOOKUP("沙拉線一線",'0727 4度C'!$A:$T,19,0) -> 0.12986111 | F16: =VLOOKUP("沙拉線二線",'0727 4度C'!$A:$T,19,0) -> 0.25 | G16: =VLOOKUP("沙拉線三線",'0727 4度C'!$A:$T,19,0) -> 0.16666667 | H16: =VLOOKUP("自動包裝線",'0727 4度C'!$A:$T,19,0) -> 0.20833333 | I16: =VLOOKUP("涼麵一線",'0727 4度C'!$A:$T,19,0) -> 0.29166667 | J16: =VLOOKUP("三明治四線",'0727 4度C'!$A:$T,19,0) -> 0.20833333 | K16: =VLOOKUP("三明治一線",'0727 4度C'!$A:$T,19,0) -> 0.125 | L16: =VLOOKUP("三明治二線",'0727 4度C'!$A:$T,19,0) -> 0.125 | M16: =VLOOKUP("自動包裝二線",'0727 4度C'!$A:$T,19,0) -> 0.125
C17: 結束 | D17: =LOOKUP(2,1/(('0727 4度C'!$A:$A="燴飯線")*('0727 4度C'!$T:$T<>"")),'0727 4度C'!$T:$T) -> 0.86944444 | E17: =LOOKUP(2,1/(('0727 4度C'!$A:$A="沙拉線一線")*('0727 4度C'!$T:$T<>"")),'0727 4度C'!$T:$T) -> 0.675 | F17: =LOOKUP(2,1/(('0727 4度C'!$A:$A="沙拉線二線")*('0727 4度C'!$T:$T<>"")),'0727 4度C'!$T:$T) -> 0.84444444 | G17: =LOOKUP(2,1/(('0727 4度C'!$A:$A="沙拉線三線")*('0727 4度C'!$T:$T<>"")),'0727 4度C'!$T:$T) -> 0.83958333 | H17: =LOOKUP(2,1/(('0727 4度C'!$A:$A="自動包裝線")*('0727 4度C'!$T:$T<>"")),'0727 4度C'!$T:$T) -> 0.62847222 | I17: =LOOKUP(2,1/(('0727 4度C'!$A:$A="涼麵一線")*('0727 4度C'!$T:$T<>"")),'0727 4度C'!$T:$T) -> 0.83611111 | J17: =LOOKUP(2,1/(('0727 4度C'!$A:$A="三明治四線")*('0727 4度C'!$T:$T<>"")),'0727 4度C'!$T:$T) -> 0.58541667 | K17: =LOOKUP(2,1/(('0727 4度C'!$A:$A="三明治一線")*('0727 4度C'!$T:$T<>"")),'0727 4度C'!$T:$T) -> 0.67916667 | L17: =LOOKUP(2,1/(('0727 4度C'!$A:$A="三明治二線")*('0727 4度C'!$T:$T<>"")),'0727 4度C'!$T:$T) -> 0.67916667 | M17: =LOOKUP(2,1/(('0727 4度C'!$A:$A="自動包裝二線")*('0727 4度C'!$T:$T<>"")),'0727 4度C'!$T:$T) -> 0.65069444
B18: 配置人數 | D18: =SUMIFS('0727 4度C'!$I:$I,'0727 4度C'!$A:$A,"燴飯線",'0727 4度C'!$B:$B,"平均") -> 17 | E18: =SUMIFS('0727 4度C'!$I:$I,'0727 4度C'!$A:$A,"沙拉線一線",'0727 4度C'!$B:$B,"平均") -> 18.5 | F18: =SUMIFS('0727 4度C'!$I:$I,'0727 4度C'!$A:$A,"沙拉線二線",'0727 4度C'!$B:$B,"平均") -> 19 | G18: =SUMIFS('0727 4度C'!$I:$I,'0727 4度C'!$A:$A,"沙拉線三線",'0727 4度C'!$B:$B,"平均") -> 16.5 | H18: =SUMIFS('0727 4度C'!$I:$I,'0727 4度C'!$A:$A,"自動包裝線",'0727 4度C'!$B:$B,"平均") -> 10 | I18: =SUMIFS('0727 4度C'!$I:$I,'0727 4度C'!$A:$A,"涼麵一線",'0727 4度C'!$B:$B,"平均") -> 16.75 | J18: =SUMIFS('0727 4度C'!$I:$I,'0727 4度C'!$A:$A,"三明治四線",'0727 4度C'!$B:$B,"平均") -> 11 | K18: =SUMIFS('0727 4度C'!$I:$I,'0727 4度C'!$A:$A,"三明治一線",'0727 4度C'!$B:$B,"平均") -> 17.428571 | L18: =SUMIFS('0727 4度C'!$I:$I,'0727 4度C'!$A:$A,"三明治二線",'0727 4度C'!$B:$B,"平均") -> 18.875 | M18: =SUMIFS('0727 4度C'!$I:$I,'0727 4度C'!$A:$A,"自動包裝二線",'0727 4度C'!$B:$B,"平均") -> 17.166667
B19: 主要應用設備 | D19: ET-55 | E19: 熱縮爐 | F19: L型包裝機 | G19: L型包裝機 | H19: 伺服包裝機 | I19: ET-55 | J19: 伺服包裝機 | K19: 三明治包裝機 | L19: 三明治包裝機 | M19: 三明治包裝機
B20: 次要應用設備 | F20: 圓盤機 | G20: ET-55
B21: 備註 | E21: 握沙拉 | F21: 共用L型包裝機 | H21: 調理麵包 | I21: 炒飯+沙拉 | J21: 調理麵包

Sheet 0727 4度C
A1: 新豐廠四度C日報分析 | C1: 總生產量 | D1: =SUM(F5:F73) -> 172133 | E1: 營業額 | F1: =SUM(G5:G73) -> 5870510.4 | G1: 出勤人數 | H1: =L8+L13+L53+L58+L18+L66+L35+L44+L27+L73 -> 162.22024 | I1: 產線配置圖 | L1: 生產實績 | O1: 人時性差異分析 | S1: 日報登錄 | Y1: 分析說明 | AA1: 產能差異分析
A2: 45865 | B2: 星期日 | C2: 人時性 | D2: =AVERAGE(N8,N13,N53,N58,N18,N66,N27,N35,N44,N73) -> 128.31027 | E2: 平均廠價 | F2: =F1/D1 -> 34.104503 | G2: 多次生產數 | H2: =COUNT(H5:H73) -> 9
A3: 線別 | B3: 品類 | C3: 品名 | E3: 廠價 | F3: 生產量 | G3: 營收 | H3: 多次 生產 | I3: 人數 | J3: 產能/時 | K3: 人時性 | L3: 人數 | M3: 產能/時 | N3: 人時性 | O3: 人數 | P3: 人時性 | Q3: 達成率 | R3: 達成率平均 | S3: 生產時間 | U3: 換線、休息/分 | V3: 稼動時間/分 | W3: 休息時間 | Y3: (新豐回填) | AA3: 產能/時 | AB3: 達成率 | AC3: 達成率平均
S4: 開始 | T4: 結束 | W4: 開始 | X4: 結束
A5: 燴飯線 | B5: 微波主食 | C5: 二配煸椒烘蛋飯 | E5: 46.93 | F5: 1164 | G5: =E5*F5 -> 54626.52 | I5: 17 | J5: 1800 | K5: =J5/I5 -> 105.88235 | L5: 17 | M5: =F5/V5*60 -> 1662.8571 | N5: =M5/L5 -> 97.815126 | O5: =L5-I5 -> 0 | P5: =N5-K5 -> -8.0672269 | Q5: =N5/K5 -> 0.92380952 | R5: =Q8 -> 0.91656822 | S5: 0.70833333 | T5: 0.7375 | V5: =(T5-S5)*24*60 -> 42 | AA5: =M5-J5 -> -137.14286 | AB5: =M5/J5 -> 0.92380952 | AC5: =AB8 -> 0.91656822
A6: 燴飯線 | B6: 微波主食 | C6: 二配川味麻婆燒豆腐燴飯 | E6: 50.49 | F6: 2325 | G6: =E6*F6 -> 117389.25 | I6: 16 | J6: 1800 | K6: =J6/I6 -> 112.5 | L6: 16 | M6: =F6/V6*60 -> 1641.1765 | N6: =M6/L6 -> 102.57353 | O6: =L6-I6 -> 0 | P6: =N6-K6 -> -9.9264706 | Q6: =N6/K6 -> 0.91176471 | S6: 0.74097222 | T6: 0.8 | U6: =(S6-T5)*24*60 -> 5 | V6: =(T6-S6)*24*60 -> 85 | AA6: =M6-J6 -> -158.82353 | AB6: =M6/J6 -> 0.91176471
A7: 燴飯線 | B7: 微波主食 | C7: 二配港式香滑嫩蛋牛肉燴飯 | E7: 50.67 | F7: 2523 | G7: =E7*F7 -> 127840.41 | I7: 18 | J7: 1800 | K7: =J7/I7 -> 100 | L7: 18 | M7: =F7/V7*60 -> 1645.4348 | N7: =M7/L7 -> 91.413043 | O7: =L7-I7 -> 0 | P7: =N7-K7 -> -8.5869565 | Q7: =N7/K7 -> 0.91413043 | S7: 0.80555556 | T7: 0.86944444 | U7: =(S7-T6)*24*60 -> 8 | V7: =(T7-S7)*24*60 -> 92 | AA7: =M7-J7 -> -154.56522 | AB7: =M7/J7 -> 0.91413043
A8: 燴飯線 | B8: 平均 | I8: 17 | J8: 1800 | K8: =J8/I8 -> 105.88235 | L8: 17 | M8: =AVERAGE(M5:M7) -> 1649.8228 | N8: =M8/L8 -> 97.0484 | O8: =L8-I8 -> 0 | P8: =N8-K8 -> -8.833953 | Q8: =N8/K8 -> 0.91656822 | AA8: =M8-J8 -> -150.1772 | AB8: =M8/J8 -> 0.91656822
A9: 沙拉線一線 | B9: 沙拉 | C9: 青醬優格雞肉握沙拉(113年) | E9: 39.62 | F9: 4711 | G9: =E9*F9 -> 186649.82 | I9: 19 | J9: 1500 | K9: =J9/I9 -> 78.947368 | L9: 19 | M9: =F9/V9*60 -> 1365.5072 | N9: =M9/L9 -> 71.868802 | O9: =L9-I9 -> 0 | P9: =N9-K9 -> -7.078566 | Q9: =N9/K9 -> 0.91033816 | R9: =Q13 -> 0.91095512 | S9: 0.12986111 | T9: 0.27361111 | V9: =(T9-S9)*24*60 -> 207 | AA9: =M9-J9 -> -134.49275 | AB9: =M9/J9 -> 0.91033816 | AC9: =AB13 -> 0.91095512
A10: 沙拉線一線 | B10: 沙拉 | C10: 青檸烤雞握沙拉(113年) | E10: 39.8 | F10: 2600 | G10: =E10*F10 -> 103480 | H10: 2 | I10: 18 | J10: 1500 | K10: =J10/I10 -> 83.333333 | L10: 18 | M10: =F10/V10*60 -> 1368.4211 | N10: =M10/L10 -> 76.023392 | O10: =L10-I10 -> 0 | P10: =N10-K10 -> -7.3099415 | Q10: =N10/K10 -> 0.9122807 | S10: 0.29513889 | T10: 0.37430556 | U10: =(S10-T9)*24*60 -> 31 | V10: =(T10-S10)*24*60 -> 114 | AA10: =M10-J10 -> -131.57895 | AB10: =M10/J10 -> 0.9122807
A11: 沙拉線一線 | B11: 沙拉 | C11: 地瓜瓜握沙拉 | E11: 39.29 | F11: 4189 | G11: =E11*F11 -> 164585.81 | I11: 19 | J11: 1500 | K11: =J11/I11 -> 78.947368 | L11: 19 | M11: =F11/V11*60 -> 1365.9783 | N11: =M11/L11 -> 71.893593 | O11: =L11-I11 -> 0 | P11: =N11-K11 -> -7.0537757 | Q11: =N11/K11 -> 0.91065217 | S11: 0.38263889 | T11: 0.51041667 | U11: =(S11-T10)*24*60 -> 12 | V11: =(T11-S11)*24*60 -> 184 | AA11: =M11-J11 -> -134.02174 | AB11: =M11/J11 -> 0.91065217
A12: 沙拉線一線 | B12: 沙拉 | C12: 青檸烤雞握沙拉(113年) | E12: 39.8 | F12: 4143 | G12: =E12*F12 -> 164891.4 | I12: 18 | J12: 1500 | K12: =J12/I12 -> 83.333333 | L12: 18 | M12: =F12/V12*60 -> 1365.8242 | N12: =M12/L12 -> 75.879121 | O12: =L12-I12 -> 0 | P12: =N12-K12 -> -7.4542125 | Q12: =N12/K12 -> 0.91054945 | S12: 0.54861111 | T12: 0.675 | U12: =(S12-T11)*24*60 -> 55 | V12: =(T12-S12)*24*60 -> 182 | AA12: =M12-J12 -> -134.17582 | AB12: =M12/J12 -> 0.91054945
A13: 沙拉線一線 | B13: 平均 | I13: 18.5 | J13: 1500 | K13: =J13/I13 -> 81.081081 | L13: 18.5 | M13: =AVERAGE(M9:M12) -> 1366.4327 | N13: =M13/L13 -> 73.861226 | O13: =L13-I13 -> 0 | P13: =N13-K13 -> -7.2198549 | Q13: =N13/K13 -> 0.91095512 | AA13: =M13-J13 -> -133.56732 | AB13: =M13/J13 -> 0.91095512
A14: 沙拉線二線 | B14: 小菜、微波 | C14: 剝皮辣椒雞湯 | E14: 41 | F14: 2007 | G14: =E14*F14 -> 82287 | I14: 26 | J14: 1286 | K14: =J14/I14 -> 49.461538 | L14: 26 | M14: =F14/V14*60 -> 1169.1262 | N14: =M14/L14 -> 44.966393 | O14: =L14-I14 -> 0 | P14: =N14-K14 -> -4.4951456 | Q14: =N14/K14 -> 0.90911836 | R14: =Q18 -> 0.90789798 | S14: 0.25 | T14: 0.32152778 | V14: =(T14-S14)*24*60 -> 103 | AA14: =M14-J14 -> -116.87379 | AB14: =M14/J14 -> 0.90911836 | AC14: =AB18 -> 0.90789798
A15: 沙拉線二線 | B15: 沙拉 | C15: 厚蛋時蔬握沙拉 | E15: 39.29 | F15: 3549 | G15: =E15*F15 -> 139440.21 | I15: 17 | J15: 1500 | K15: =J15/I15 -> 88.235294 | L15: 17 | M15: =F15/V15*60 -> 1365 | N15: =M15/L15 -> 80.294118 | O15: =L15-I15 -> 0 | P15: =N15-K15 -> -7.9411765 | Q15: =N15/K15 -> 0.91 | S15: 0.32986111 | T15: 0.43819444 | U15: =(S15-T14)*24*60 -> 12 | V15: =(T15-S15)*24*60 -> 156 | AA15: =M15-J15 -> -135 | AB15: =M15/J15 -> 0.91
A16: 沙拉線二線 | B16: 微波主食 | C16: 二配金咖哩濃厚辛辣咖哩飯 | E16: 50.98 | F16: 2994 | G16: =E16*F16 -> 152634.12 | I16: 17 | J16: 1800 | K16: =J16/I16 -> 105.88235 | L16: 17 | M16: =F16/V16*60 -> 1633.0909 | N16: =M16/L16 -> 96.064171 | O16: =L16-I16 -> 0 | P16: =N16-K16 -> -9.8181818 | Q16: =N16/K16 -> 0.90727273 | S16: 0.70833333 | T16: 0.78472222 | U16: =(S16-T15)*24*60 -> 389 | V16: =(T16-S16)*24*60 -> 110 | AA16: =M16-J16 -> -166.90909 | AB16: =M16/J16 -> 0.90727273
A17: 沙拉線二線 | B17: 微波主食 | C17: 二配粗飽系雞排炒飯 | E17: 57.73 | F17: 1811 | G17: =E17*F17 -> 104549.03 | I17: 16 | J17: 1500 | K17: =J17/I17 -> 93.75 | L17: 16 | M17: =F17/V17*60 -> 1358.25 | N17: =M17/L17 -> 84.890625 | O17: =L17-I17 -> 0 | P17: =N17-K17 -> -8.859375 | Q17: =N17/K17 -> 0.9055 | S17: 0.78888889 | T17: 0.84444444 | U17: =(S17-T16)*24*60 -> 6 | V17: =(T17-S17)*24*60 -> 80 | AA17: =M17-J17 -> -141.75 | AB17: =M17/J17 -> 0.9055
A18: 沙拉線二線 | B18: 平均 | I18: 19 | J18: 1521.5 | K18: =J18/I18 -> 80.078947 | L18: 19 | M18: =AVERAGE(M14:M17) -> 1381.3668 | N18: =M18/L18 -> 72.703515 | O18: =L18-I18 -> 0 | P18: =N18-K18 -> -7.3754326 | Q18: =N18/K18 -> 0.90789798 | AA18: =M18-J18 -> -140.13322 | AB18: =M18/J18 -> 0.90789798
A19: 沙拉線三線 | B19: 小吃 | C19: 古早味炒炊粉 | E19: 43.14 | F19: 1425 | G19: =E19*F19 -> 61474.5 | I19: 17 | J19: 1200 | K19: =J19/I19 -> 70.588235 | L19: 17 | M19: =F19/V19*60 -> 1096.1538 | N19: =M19/L19 -> 64.479638 | O19: =L19-I19 -> 0 | P19: =N19-K19 -> -6.1085973 | Q19: =N19/K19 -> 0.91346154 | R19: =Q27 -> 0.9172995 | S19: 0.16666667 | T19: 0.22083333 | V19: =(T19-S19)*24*60 -> 78 | AA19: =M19-J19 -> -103.84615 | AB19: =M19/J19 -> 0.91346154 | AC19: =AB27 -> 0.9172995
A20: 沙拉線三線 | B20: 微波主食 | C20: 鐵板滑蛋炸豬排丼 | E20: 57.73 | F20: 3190 | G20: =E20*F20 -> 184158.7 | I20: 16 | J20: 1800 | K20: =J20/I20 -> 112.5 | L20: 16 | M20: =F20/V20*60 -> 1635.8974 | N20: =M20/L20 -> 102.24359 | O20: =L20-I20 -> 0 | P20: =N20-K20 -> -10.25641 | Q20: =N20/K20 -> 0.90883191 | S20: 0.24027778 | T20: 0.32152778 | U20: =(S20-T19)*24*60 -> 28 | V20: =(T20-S20)*24*60 -> 117 | AA20: =M20-J20 -> -164.10256 | AB20: =M20/J20 -> 0.90883191
A21: 沙拉線三線 | B21: 微波主食 | C21: 極上炙烤親子丼 | E21: 53.68 | F21: 2096 | G21: =E21*F21 -> 112513.28 | I21: 17 | J21: 1800 | K21: =J21/I21 -> 105.88235 | L21: 17 | M21: =F21/V21*60 -> 1633.2468 | N21: =M21/L21 -> 96.073338 | O21: =L21-I21 -> 0 | P21: =N21-K21 -> -9.8090145 | Q21: =N21/K21 -> 0.90735931 | S21: 0.325 | T21: 0.37847222 | U21: =(S21-T20)*24*60 -> 5 | V21: =(T21-S21)*24*60 -> 77 | AA21: =M21-J21 -> -166.75325 | AB21: =M21/J21 -> 0.90735931
A22: 沙拉線三線 | B22: 微波主食 | C22: 紅燒纖牛若風味燴飯 | E22: 50.67 | F22: 1214 | G22: =E22*F22 -> 61513.38 | I22: 16 | J22: 1800 | K22: =J22/I22 -> 112.5 | L22: 16 | M22: =F22/V22*60 -> 1655.4545 | N22: =M22/L22 -> 103.46591 | O22: =L22-I22 -> 0 | P22: =N22-K22 -> -9.0340909 | Q22: =N22/K22 -> 0.91969697 | S22: 0.38194444 | T22: 0.4125 | U22: =(S22-T21)*24*60 -> 5 | V22: =(T22-S22)*24*60 -> 44 | AA22: =M22-J22 -> -144.54545 | AB22: =M22/J22 -> 0.91969697
A23: 沙拉線三線 | B23: 微波主食 | C23: 海老鰻魚丼滋丼 | E23: 58.17 | F23: 3533 | G23: =E23*F23 -> 205514.61 | I23: 18 | J23: 1800 | K23: =J23/I23 -> 100 | L23: 18 | M23: =F23/V23*60 -> 1643.2558 | N23: =M23/L23 -> 91.29199 | O23: =L23-I23 -> 0 | P23: =N23-K23 -> -8.7080103 | Q23: =N23/K23 -> 0.9129199 | S23: 0.41805556 | T23: 0.50763889 | U23: =(S23-T22)*24*60 -> 8 | V23: =(T23-S23)*24*60 -> 129 | AA23: =M23-J23 -> -156.74419 | AB23: =M23/J23 -> 0.9129199
A24: 沙拉線三線 | B24: 微波主食 | C24: 二配金咖哩果香甘口咖哩飯 | E24: 50.92 | F24: 3146 | G24: =E24*F24 -> 160194.32 | I24: 16 | J24: 1800 | K24: =J24/I24 -> 112.5 | L24: 16 | M24: =F24/V24*60 -> 1641.3913 | N24: =M24/L24 -> 102.58696 | O24: =L24-I24 -> 0 | P24: =N24-K24 -> -9.9130435 | Q24: =N24/K24 -> 0.91188406 | S24: 0.70833333 | T24: 0.78819444 | U24: =(S24-T23)*24*60 -> 289 | V24: =(T24-S24)*24*60 -> 115 | AA24: =M24-J24 -> -158.6087 | AB24: =M24/J24 -> 0.91188406
A25: 沙拉線三線 | B25: 微波主食 | C25: 二配極旨黑咖哩漢堡排飯 | E25: 53.27 | F25: 676 | G25: =E25*F25 -> 36010.52 | I25: 15 | J25: 1800 | K25: =J25/I25 -> 120 | L25: 15 | M25: =F25/V25*60 -> 1690 | N25: =M25/L25 -> 112.66667 | O25: =L25-I25 -> 0 | P25: =N25-K25 -> -7.3333333 | Q25: =N25/K25 -> 0.93888889 | S25: 0.79236111 | T25: 0.80902778 | U25: =(S25-T24)*24*60 -> 6 | V25: =(T25-S25)*24*60 -> 24 | AA25: =M25-J25 -> -110 | AB25: =M25/J25 -> 0.93888889
A26: 沙拉線三線 | B26: 微波主食 | C26: 二配黑胡椒素豬若飯 | E26: 49.91 | F26: 998 | G26: =E26*F26 -> 49810.18 | I26: 17 | J26: 1800 | K26: =J26/I26 -> 105.88235 | L26: 17 | M26: =F26/V26*60 -> 1663.3333 | N26: =M26/L26 -> 97.843137 | O26: =L26-I26 -> 0 | P26: =N26-K26 -> -8.0392157 | Q26: =N26/K26 -> 0.92407407 | S26: 0.81458333 | T26: 0.83958333 | U26: =(S26-T25)*24*60 -> 8 | V26: =(T26-S26)*24*60 -> 36 | AA26: =M26-J26 -> -136.66667 | AB26: =M26/J26 -> 0.92407407
A27: 沙拉線三線 | B27: 平均 | I27: 16.5 | J27: 1725 | K27: =J27/I27 -> 104.54545 | L27: 16.5 | M27: =AVERAGE(M19:M26) -> 1582.3416 | N27: =M27/L27 -> 95.899493 | O27: =L27-I27 -> 0 | P27: =N27-K27 -> -8.6459619 | Q27: =N27/K27 -> 0.9172995 | AA27: =M27-J27 -> -142.65837 | AB27: =M27/J27 -> 0.9172995
A28: 三明治一線 | B28: 三明治 | C28: 經典總匯三明治 | E28: 26.2 | F28: 4200 | G28: =E28*F28 -> 110040 | I28: 20 | J28: 2400 | K28: =J28/I28 -> 120 | L28: 20 | M28: =F28/V28*60 -> 2191.3043 | N28: =M28/L28 -> 109.56522 | O28: =L28-I28 -> 0 | P28: =N28-K28 -> -10.434783 | Q28: =N28/K28 -> 0.91304348 | R28: =Q35 -> 0.91044826 | S28: 0.125 | T28: 0.20486111 | V28: =(T28-S28)*24*60 -> 115 | AA28: =M28-J28 -> -208.69565 | AB28: =M28/J28 -> 0.91304348 | AC28: =AB35 -> 0.91044826
A29: 三明治一線 | B29: 三明治 | C29: 肉鬆火腿三明治 | E29: 20.52 | F29: 4455 | G29: =E29*F29 -> 91416.6 | I29: 18 | J29: 2400 | K29: =J29/I29 -> 133.33333 | L29: 18 | M29: =F29/V29*60 -> 2190.9836 | N29: =M29/L29 -> 121.72131 | O29: =L29-I29 -> 0 | P29: =N29-K29 -> -11.612022 | Q29: =N29/K29 -> 0.91290984 | S29: 0.22291667 | T29: 0.30763889 | U29: =(S29-T28)*24*60 -> 26 | V29: =(T29-S29)*24*60 -> 122 | AA29: =M29-J29 -> -209.01639 | AB29: =M29/J29 -> 0.91290984
A30: 三明治一線 | B30: 三明治 | C30: 紐奧良風味烤雞鮮蔬三明治 | E30: 31.29 | F30: 3500 | G30: =E30*F30 -> 109515 | H30: 2 | I30: 16 | J30: 2400 | K30: =J30/I30 -> 150 | L30: 16 | M30: =F30/V30*60 -> 2187.5 | N30: =M30/L30 -> 136.71875 | O30: =L30-I30 -> 0 | P30: =N30-K30 -> -13.28125 | Q30: =N30/K30 -> 0.91145833 | S30: 0.3125 | T30: 0.37916667 | U30: =(S30-T29)*24*60 -> 7 | V30: =(T30-S30)*24*60 -> 96 | AA30: =M30-J30 -> -212.5 | AB30: =M30/J30 -> 0.91145833
A31: 三明治一線 | B31: 三明治 | C31: 起司芋見肉鬆三明治 | E31: 24.25 | F31: 3200 | G31: =E31*F31 -> 77600 | H31: 2 | I31: 18 | J31: 2400 | K31: =J31/I31 -> 133.33333 | L31: 18 | M31: =F31/V31*60 -> 2181.8182 | N31: =M31/L31 -> 121.21212 | O31: =L31-I31 -> 0 | P31: =N31-K31 -> -12.121212 | Q31: =N31/K31 -> 0.90909091 | S31: 0.38263889 | T31: 0.44375 | U31: =(S31-T30)*24*60 -> 5 | V31: =(T31-S31)*24*60 -> 88 | AA31: =M31-J31 -> -218.18182 | AB31: =M31/J31 -> 0.90909091
A32: 三明治一線 | B32: 三明治 | C32: 藍莓優格三明治(114年) | E32: 22.35 | F32: 2582 | G32: =E32*F32 -> 57707.7 | I32: 16 | J32: 2400 | K32: =J32/I32 -> 150 | L32: 16 | M32: =F32/V32*60 -> 2181.9718 | N32: =M32/L32 -> 136.37324 | O32: =L32-I32 -> 0 | P32: =N32-K32 -> -13.626761 | Q32: =N32/K32 -> 0.90915493 | S32: 0.44930556 | T32: 0.49861111 | U32: =(S32-T31)*24*60 -> 8 | V32: =(T32-S32)*24*60 -> 71 | AA32: =M32-J32 -> -218.02817 | AB32: =M32/J32 -> 0.90915493
A33: 三明治一線 | B33: 三明治 | C33: 紐奧良風味烤雞鮮蔬三明治 | E33: 31.29 | F33: 4759 | G33: =E33*F33 -> 148909.11 | I33: 16 | J33: 2400 | K33: =J33/I33 -> 150 | L33: 16 | M33: =F33/V33*60 -> 2179.6947 | N33: =M33/L33 -> 136.23092 | O33: =L33-I33 -> 0 | P33: =N33-K33 -> -13.769084 | Q33: =N33/K33 -> 0.90820611 | S33: 0.54097222 | T33: 0.63194444 | U33: =(S33-T32)*24*60 -> 61 | V33: =(T33-S33)*24*60 -> 131 | AA33: =M33-J33 -> -220.30534 | AB33: =M33/J33 -> 0.90820611
A34: 三明治一線 | B34: 三明治 | C34: 起司芋見肉鬆三明治 | E34: 24.25 | F34: 2255 | G34: =E34*F34 -> 54683.75 | I34: 18 | J34: 2400 | K34: =J34/I34 -> 133.33333 | L34: 18 | M34: =F34/V34*60 -> 2182.2581 | N34: =M34/L34 -> 121.23656 | O34: =L34-I34 -> 0 | P34: =N34-K34 -> -12.096774 | Q34: =N34/K34 -> 0.90927419 | S34: 0.63611111 | T34: 0.67916667 | U34: =(S34-T33)*24*60 -> 6 | V34: =(T34-S34)*24*60 -> 62 | AA34: =M34-J34 -> -217.74194 | AB34: =M34/J34 -> 0.90927419
A35: 三明治一線 | B35: 平均 | I35: 17.428571 | J35: 2400 | K35: =J35/I35 -> 137.70492 | L35: 17.428571 | M35: =AVERAGE(M28:M34) -> 2185.0758 | N35: =M35/L35 -> 125.3732 | O35: =L35-I35 -> 0 | P35: =N35-K35 -> -12.331716 | Q35: =N35/K35 -> 0.91044826 | AA35: =M35-J35 -> -214.92419 | AB35: =M35/J35 -> 0.91044826
A36: 三明治二線 | B36: 三明治 | C36: 鮪魚起司溏心蛋三明治 | E36: 26.2 | F36: 2500 | G36: =E36*F36 -> 65500 | H36: 2 | I36: 18 | J36: 2400 | K36: =J36/I36 -> 133.33333 | L36: 18 | M36: =F36/V36*60 -> 2205.8824 | N36: =M36/L36 -> 122.54902 | O36: =L36-I36 -> 0 | P36: =N36-K36 -> -10.784314 | Q36: =N36/K36 -> 0.91911765 | R36: =Q44 -> 0.91155183 | S36: 0.125 | T36: 0.17222222 | V36: =(T36-S36)*24*60 -> 68 | AA36: =M36-J36 -> -194.11765 | AB36: =M36/J36 -> 0.91911765 | AC36: =AB44 -> 0.91155183
A37: 三明治二線 | B37: 三明治 | C37: 瘋狂起司三明治(113年) | E37: 24.45 | F37: 2519 | G37: =E37*F37 -> 61589.55 | I37: 20 | J37: 2400 | K37: =J37/I37 -> 120 | L37: 20 | M37: =F37/V37*60 -> 2190.4348 | N37: =M37/L37 -> 109.52174 | O37: =L37-I37 -> 0 | P37: =N37-K37 -> -10.478261 | Q37: =N37/K37 -> 0.91268116 | S37: 0.19236111 | T37: 0.24027778 | U37: =(S37-T36)*24*60 -> 29 | V37: =(T37-S37)*24*60 -> 69 | AA37: =M37-J37 -> -209.56522 | AB37: =M37/J37 -> 0.91268116
A38: 三明治二線 | B38: 三明治 | C38: 蛋蛋嘉年華三明治 | E38: 26.2 | F38: 3162 | G38: =E38*F38 -> 82844.4 | I38: 20 | J38: 2400 | K38: =J38/I38 -> 120 | L38: 20 | M38: =F38/V38*60 -> 2180.6897 | N38: =M38/L38 -> 109.03448 | O38: =L38-I38 -> 0 | P38: =N38-K38 -> -10.965517 | Q38: =N38/K38 -> 0.90862069 | S38: 0.24513889 | T38: 0.30555556 | U38: =(S38-T37)*24*60 -> 7 | V38: =(T38-S38)*24*60 -> 87 | AA38: =M38-J38 -> -219.31034 | AB38: =M38/J38 -> 0.90862069
A39: 三明治二線 | B39: 三明治 | C39: 醬燒烤雞三明治 | E39: 26.39 | F39: 3200 | G39: =E39*F39 -> 84448 | H39: 2 | I39: 19 | J39: 2400 | K39: =J39/I39 -> 126.31579 | L39: 19 | M39: =F39/V39*60 -> 2181.8182 | N39: =M39/L39 -> 114.83254 | O39: =L39-I39 -> 0 | P39: =N39-K39 -> -11.483254 | Q39: =N39/K39 -> 0.90909091 | S39: 0.31041667 | T39: 0.37152778 | U39: =(S39-T38)*24*60 -> 7 | V39: =(T39-S39)*24*60 -> 88 | AA39: =M39-J39 -> -218.18182 | AB39: =M39/J39 -> 0.90909091
A40: 三明治二線 | B40: 三明治 | C40: 輕乳酪巧克力三明治 | E40: 20.52 | F40: 3221 | G40: =E40*F40 -> 66094.92 | I40: 18 | J40: 2400 | K40: =J40/I40 -> 133.33333 | L40: 18 | M40: =F40/V40*60 -> 2196.1364 | N40: =M40/L40 -> 122.00758 | O40: =L40-I40 -> 0 | P40: =N40-K40 -> -11.325758 | Q40: =N40/K40 -> 0.91505682 | S40: 0.37708333 | T40: 0.43819444 | U40: =(S40-T39)*24*60 -> 8 | V40: =(T40-S40)*24*60 -> 88 | AA40: =M40-J40 -> -203.86364 | AB40: =M40/J40 -> 0.91505682
A41: 三明治二線 | B41: 三明治 | C41: 好多菜三明治 | E41: 26.2 | F41: 4272 | G41: =E41*F41 -> 111926.4 | I41: 19 | J41: 2400 | K41: =J41/I41 -> 126.31579 | L41: 19 | M41: =F41/V41*60 -> 2190.7692 | N41: =M41/L41 -> 115.30364 | O41: =L41-I41 -> 0 | P41: =N41-K41 -> -11.012146 | Q41: =N41/K41 -> 0.91282051 | S41: 0.44236111 | T41: 0.52361111 | U41: =(S41-T40)*24*60 -> 6 | V41: =(T41-S41)*24*60 -> 117 | AA41: =M41-J41 -> -209.23077 | AB41: =M41/J41 -> 0.91282051
A42: 三明治二線 | B42: 三明治 | C42: 鮪魚起司溏心蛋三明治 | E42: 26.2 | F42: 3746 | G42: =E42*F42 -> 98145.2 | I42: 18 | J42: 2400 | K42: =J42/I42 -> 133.33333 | L42: 18 | M42: =F42/V42*60 -> 2182.1359 | N42: =M42/L42 -> 121.22977 | O42: =L42-I42 -> 0 | P42: =N42-K42 -> -12.10356 | Q42: =N42/K42 -> 0.9092233 | S42: 0.56319444 | T42: 0.63472222 | U42: =(S42-T41)*24*60 -> 57 | V42: =(T42-S42)*24*60 -> 103 | AA42: =M42-J42 -> -217.86408 | AB42: =M42/J42 -> 0.9092233
A43: 三明治二線 | B43: 三明治 | C43: 醬燒烤雞三明治 | E43: 26.39 | F43: 2029 | G43: =E43*F43 -> 53545.31 | I43: 19 | J43: 2400 | K43: =J43/I43 -> 126.31579 | L43: 19 | M43: =F43/V43*60 -> 2173.9286 | N43: =M43/L43 -> 114.41729 | O43: =L43-I43 -> 0 | P43: =N43-K43 -> -11.898496 | Q43: =N43/K43 -> 0.90580357 | S43: 0.64027778 | T43: 0.67916667 | U43: =(S43-T42)*24*60 -> 8 | V43: =(T43-S43)*24*60 -> 56 | AA43: =M43-J43 -> -226.07143 | AB43: =M43/J43 -> 0.90580357
A44: 三明治二線 | B44: 平均 | I44: 18.875 | J44: 2400 | K44: =J44/I44 -> 127.15232 | L44: 18.875 | M44: =AVERAGE(M36:M43) -> 2187.7244 | N44: =M44/L44 -> 115.90593 | O44: =L44-I44 -> 0 | P44: =N44-K44 -> -11.24639 | Q44: =N44/K44 -> 0.91155183 | AA44: =M44-J44 -> -212.27562 | AB44: =M44/J44 -> 0.91155183
A45: 自動包裝線 | B45: 調理麵包 | C45: 豬肉起司蛋堡 | E45: 27.17 | F45: 2800 | G45: =E45*F45 -> 76076 | H45: 2 | I45: 10 | J45: 3000 | K45: =J45/I45 -> 300 | L45: 10 | M45: =F45/V45*60 -> 2754.0984 | N45: =M45/L45 -> 275.40984 | O45: =L45-I45 -> 0 | P45: =N45-K45 -> -24.590164 | Q45: =N45/K45 -> 0.91803279 | R45: =Q53 -> 0.91570316 | S45: 0.20833333 | T45: 0.25069444 | V45: =(T45-S45)*24*60 -> 61 | AA45: =M45-J45 -> -245.90164 | AB45: =M45/J45 -> 0.91803279 | AC45: =AB53 -> 0.91570316
A46: 自動包裝線 | B46: 調理麵包 | C46: 豬肉起司堡 | E46: 21.13 | F46: 3000 | G46: =E46*F46 -> 63390 | H46: 2 | I46: 10 | J46: 3000 | K46: =J46/I46 -> 300 | L46: 10 | M46: =F46/V46*60 -> 2727.2727 | N46: =M46/L46 -> 272.72727 | O46: =L46-I46 -> 0 | P46: =N46-K46 -> -27.272727 | Q46: =N46/K46 -> 0.90909091 | S46: 0.25555556 | T46: 0.30138889 | U46: =(S46-T45)*24*60 -> 7 | V46: =(T46-S46)*24*60 -> 66 | AA46: =M46-J46 -> -272.72727 | AB46: =M46/J46 -> 0.90909091
A47: 自動包裝線 | B47: 調理麵包 | C47: 經典雙牛起司堡(113年) | E47: 35.12 | F47: 4543 | G47: =E47*F47 -> 159550.16 | I47: 10 | J47: 3000 | K47: =J47/I47 -> 300 | L47: 10 | M47: =F47/V47*60 -> 2725.8 | N47: =M47/L47 -> 272.58 | O47: =L47-I47 -> 0 | P47: =N47-K47 -> -27.42 | Q47: =N47/K47 -> 0.9086 | S47: 0.30694444 | T47: 0.37638889 | U47: =(S47-T46)*24*60 -> 8 | V47: =(T47-S47)*24*60 -> 100 | AA47: =M47-J47 -> -274.2 | AB47: =M47/J47 -> 0.9086
A48: 自動包裝線 | B48: 調理麵包 | C48: 美式起司巨牛堡 | E48: 40.18 | F48: 2481 | G48: =E48*F48 -> 99686.58 | I48: 10 | J48: 3000 | K48: =J48/I48 -> 300 | L48: 10 | M48: =F48/V48*60 -> 2756.6667 | N48: =M48/L48 -> 275.66667 | O48: =L48-I48 -> 0 | P48: =N48-K48 -> -24.333333 | Q48: =N48/K48 -> 0.91888889 | S48: 0.38194444 | T48: 0.41944444 | U48: =(S48-T47)*24*60 -> 8 | V48: =(T48-S48)*24*60 -> 54 | AA48: =M48-J48 -> -243.33333 | AB48: =M48/J48 -> 0.91888889
A49: 自動包裝線 | B49: 調理麵包 | C49: 哞哞奶香白醬火腿蛋堡 | E49: 28.5 | F49: 1750 | G49: =E49*F49 -> 49875 | I49: 10 | J49: 3000 | K49: =J49/I49 -> 300 | L49: 10 | M49: =F49/V49*60 -> 2763.1579 | N49: =M49/L49 -> 276.31579 | O49: =L49-I49 -> 0 | P49: =N49-K49 -> -23.684211 | Q49: =N49/K49 -> 0.92105263 | S49: 0.42361111 | T49: 0.45 | U49: =(S49-T48)*24*60 -> 6 | V49: =(T49-S49)*24*60 -> 38 | AA49: =M49-J49 -> -236.84211 | AB49: =M49/J49 -> 0.92105263
A50: 自動包裝線 | B50: 調理麵包 | C50: 美式雞腿堡 | E50: 35.87 | F50: 3619 | G50: =E50*F50 -> 129813.53 | I50: 10 | J50: 3000 | K50: =J50/I50 -> 300 | L50: 10 | M50: =F50/V50*60 -> 2748.6076 | N50: =M50/L50 -> 274.86076 | O50: =L50-I50 -> 0 | P50: =N50-K50 -> -25.139241 | Q50: =N50/K50 -> 0.91620253 | S50: 0.45347222 | T50: 0.50833333 | U50: =(S50-T49)*24*60 -> 5 | V50: =(T50-S50)*24*60 -> 79 | AA50: =M50-J50 -> -251.39241 | AB50: =M50/J50 -> 0.91620253
A51: 自動包裝線 | B51: 調理麵包 | C51: 豬肉起司蛋堡 | E51: 27.17 | F51: 3139 | G51: =E51*F51 -> 85286.63 | I51: 10 | J51: 3000 | K51: =J51/I51 -> 300 | L51: 10 | M51: =F51/V51*60 -> 2729.5652 | N51: =M51/L51 -> 272.95652 | O51: =L51-I51 -> 0 | P51: =N51-K51 -> -27.043478 | Q51: =N51/K51 -> 0.90985507 | S51: 0.54861111 | T51: 0.59652778 | U51: =(S51-T50)*24*60 -> 58 | V51: =(T51-S51)*24*60 -> 69 | AA51: =M51-J51 -> -270.43478 | AB51: =M51/J51 -> 0.90985507
A52: 自動包裝線 | B52: 調理麵包 | C52: 豬肉起司堡 | E52: 21.13 | F52: 1894 | G52: =E52*F52 -> 40020.22 | I52: 10 | J52: 3000 | K52: =J52/I52 -> 300 | L52: 10 | M52: =F52/V52*60 -> 2771.7073 | N52: =M52/L52 -> 277.17073 | O52: =L52-I52 -> 0 | P52: =N52-K52 -> -22.829268 | Q52: =N52/K52 -> 0.92390244 | S52: 0.6 | T52: 0.62847222 | U52: =(S52-T51)*24*60 -> 5 | V52: =(T52-S52)*24*60 -> 41 | AA52: =M52-J52 -> -228.29268 | AB52: =M52/J52 -> 0.92390244
A53: 自動包裝線 | B53: 平均 | I53: 10 | J53: 3000 | K53: =J53/I53 -> 300 | L53: 10 | M53: =AVERAGE(M45:M52) -> 2747.1095 | N53: =M53/L53 -> 274.71095 | O53: =L53-I53 -> 0 | P53: =N53-K53 -> -25.289053 | Q53: =N53/K53 -> 0.91570316 | AA53: =M53-J53 -> -252.89053 | AB53: =M53/J53 -> 0.91570316
A54: 涼麵一線 | B54: 沙拉 | C54: 蔥鹽雞肉麵沙拉(114年) | E54: 46 | F54: 3324 | G54: =E54*F54 -> 152904 | I54: 17 | J54: 1500 | K54: =J54/I54 -> 88.235294 | L54: 17 | M54: =F54/V54*60 -> 1366.0274 | N54: =M54/L54 -> 80.354553 | O54: =L54-I54 -> 0 | P54: =N54-K54 -> -7.8807413 | Q54: =N54/K54 -> 0.91068493 | R54: =Q58 -> 0.91126842 | S54: 0.29166667 | T54: 0.39305556 | V54: =(T54-S54)*24*60 -> 146 | AA54: =M54-J54 -> -133.9726 | AB54: =M54/J54 -> 0.91068493 | AC54: =AB58 -> 0.91126842
A55: 涼麵一線 | B55: 沙拉 | C55: 莎莎烤雞麵沙拉 | E55: 46 | F55: 3838 | G55: =E55*F55 -> 176548 | I55: 18 | J55: 1500 | K55: =J55/I55 -> 83.333333 | L55: 18 | M55: =F55/V55*60 -> 1362.6036 | N55: =M55/L55 -> 75.700197 | O55: =L55-I55 -> 0 | P55: =N55-K55 -> -7.6331361 | Q55: =N55/K55 -> 0.90840237 | S55: 0.39652778 | T55: 0.51388889 | U55: =(S55-T54)*24*60 -> 5 | V55: =(T55-S55)*24*60 -> 169 | AA55: =M55-J55 -> -137.39645 | AB55: =M55/J55 -> 0.90840237
A56: 涼麵一線 | B56: 微波主食 | C56: 二配香辣醬蒜味香腸蛋炒飯 | E56: 55.56 | F56: 2236 | G56: =E56*F56 -> 124232.16 | I56: 17 | J56: 1500 | K56: =J56/I56 -> 88.235294 | L56: 17 | M56: =F56/V56*60 -> 1368.9796 | N56: =M56/L56 -> 80.528211 | O56: =L56-I56 -> 0 | P56: =N56-K56 -> -7.7070828 | Q56: =N56/K56 -> 0.91265306 | S56: 0.70833333 | T56: 0.77638889 | U56: =(S56-T55)*24*60 -> 280 | V56: =(T56-S56)*24*60 -> 98 | AA56: =M56-J56 -> -131.02041 | AB56: =M56/J56 -> 0.91265306
A57: 涼麵一線 | B57: 微波主食 | C57: 二配香拌海鮮醬肉絲蛋炒飯 | E57: 55.32 | F57: 1781 | G57: =E57*F57 -> 98524.92 | I57: 15 | J57: 1500 | K57: =J57/I57 -> 100 | L57: 15 | M57: =F57/V57*60 -> 1370 | N57: =M57/L57 -> 91.333333 | O57: =L57-I57 -> 0 | P57: =N57-K57 -> -8.6666667 | Q57: =N57/K57 -> 0.91333333 | S57: 0.78194444 | T57: 0.83611111 | U57: =(S57-T56)*24*60 -> 8 | V57: =(T57-S57)*24*60 -> 78 | AA57: =M57-J57 -> -130 | AB57: =M57/J57 -> 0.91333333
A58: 涼麵一線 | B58: 平均 | I58: 16.75 | J58: 1500 | K58: =J58/I58 -> 89.552239 | L58: 16.75 | M58: =AVERAGE(M54:M57) -> 1366.9026 | N58: =M58/L58 -> 81.606127 | O58: =L58-I58 -> 0 | P58: =N58-K58 -> -7.9461114 | Q58: =N58/K58 -> 0.91126842 | AA58: =M58-J58 -> -133.09737 | AB58: =M58/J58 -> 0.91126842
A59: 三明治四線 | B59: 調理麵包 | C59: 香雞蛋堡(112年) | E59: 26.78 | F59: 2637 | G59: =E59*F59 -> 70618.86 | I59: 10 | J59: 3000 | K59: =J59/I59 -> 300 | L59: 10 | M59: =F59/V59*60 -> 2727.931 | N59: =M59/L59 -> 272.7931 | O59: =L59-I59 -> 0 | P59: =N59-K59 -> -27.206897 | Q59: =N59/K59 -> 0.90931034 | R59: =Q66 -> 0.91334084 | S59: 0.20833333 | T59: 0.24861111 | V59: =(T59-S59)*24*60 -> 58 | AA59: =M59-J59 -> -272.06897 | AB59: =M59/J59 -> 0.90931034 | AC59: =AB66 -> 0.91334084
A60: 三明治四線 | B60: 調理麵包 | C60: 黃金魚堡 | E60: 35.37 | F60: 1768 | G60: =E60*F60 -> 62534.16 | I60: 10 | J60: 3000 | K60: =J60/I60 -> 300 | L60: 10 | M60: =F60/V60*60 -> 2720 | N60: =M60/L60 -> 272 | O60: =L60-I60 -> 0 | P60: =N60-K60 -> -28 | Q60: =N60/K60 -> 0.90666667 | S60: 0.25347222 | T60: 0.28055556 | U60: =(S60-T59)*24*60 -> 7 | V60: =(T60-S60)*24*60 -> 39 | AA60: =M60-J60 -> -280 | AB60: =M60/J60 -> 0.90666667
A61: 三明治四線 | B61: 調理麵包 | C61: 大麥雙蛋白豬肉堡 | E61: 34.35 | F61: 1530 | G61: =E61*F61 -> 52555.5 | I61: 10 | J61: 3000 | K61: =J61/I61 -> 300 | L61: 10 | M61: =F61/V61*60 -> 2781.8182 | N61: =M61/L61 -> 278.18182 | O61: =L61-I61 -> 0 | P61: =N61-K61 -> -21.818182 | Q61: =N61/K61 -> 0.92727273 | S61: 0.28611111 | T61: 0.30902778 | U61: =(S61-T60)*24*60 -> 8 | V61: =(T61-S61)*24*60 -> 33 | AA61: =M61-J61 -> -218.18182 | AB61: =M61/J61 -> 0.92727273
A62: 三明治四線 | B62: 沙拉 | C62: 溏心蛋洋芋沙拉 | E62: 26.97 | F62: 3424 | G62: =E62*F62 -> 92345.28 | I62: 8 | J62: 1440 | K62: =J62/I62 -> 180 | L62: 8 | M62: =F62/V62*60 -> 1308.535 | N62: =M62/L62 -> 163.56688 | O62: =L62-I62 -> 0 | P62: =N62-K62 -> -16.433121 | Q62: =N62/K62 -> 0.90870488 | S62: 0.31458333 | T62: 0.42361111 | U62: =(S62-T61)*24*60 -> 8 | V62: =(T62-S62)*24*60 -> 157 | AA62: =M62-J62 -> -131.46497 | AB62: =M62/J62 -> 0.90870488
A63: 三明治四線 | B63: 調理麵包 | C63: 美式熱狗堡 | E63: 35.12 | F63: 1307 | G63: =E63*F63 -> 45901.84 | I63: 13 | J63: 2000 | K63: =J63/I63 -> 153.84615 | L63: 13 | M63: =F63/V63*60 -> 1823.7209 | N63: =M63/L63 -> 140.28623 | O63: =L63-I63 -> 0 | P63: =N63-K63 -> -13.559928 | Q63: =N63/K63 -> 0.91186047 | S63: 0.42708333 | T63: 0.45694444 | U63: =(S63-T62)*24*60 -> 5 | V63: =(T63-S63)*24*60 -> 43 | AA63: =M63-J63 -> -176.27907 | AB63: =M63/J63 -> 0.91186047
A64: 三明治四線 | B64: 調理麵包 | C64: 超HOT雞腿堡(114年) | E64: 35.87 | F64: 2500 | G64: =E64*F64 -> 89675 | H64: 2 | I64: 13 | J64: 3000 | K64: =J64/I64 -> 230.76923 | L64: 13 | M64: =F64/V64*60 -> 2727.2727 | N64: =M64/L64 -> 209.79021 | O64: =L64-I64 -> 0 | P64: =N64-K64 -> -20.979021 | Q64: =N64/K64 -> 0.90909091 | S64: 0.46111111 | T64: 0.49930556 | U64: =(S64-T63)*24*60 -> 6 | V64: =(T64-S64)*24*60 -> 55 | AA64: =M64-J64 -> -272.72727 | AB64: =M64/J64 -> 0.90909091
A65: 三明治四線 | B65: 調理麵包 | C65: 超HOT雞腿堡(114年) | E65: 35.87 | F65: 3028 | G65: =E65*F65 -> 108614.36 | I65: 13 | J65: 3000 | K65: =J65/I65 -> 230.76923 | L65: 13 | M65: =F65/V65*60 -> 2752.7273 | N65: =M65/L65 -> 211.74825 | O65: =L65-I65 -> 0 | P65: =N65-K65 -> -19.020979 | Q65: =N65/K65 -> 0.91757576 | S65: 0.53958333 | T65: 0.58541667 | U65: =(S65-T64)*24*60 -> 58 | V65: =(T65-S65)*24*60 -> 66 | AA65: =M65-J65 -> -247.27273 | AB65: =M65/J65 -> 0.91757576
A66: 三明治四線 | B66: 平均 | I66: 11 | J66: 2634.2857 | K66: =J66/I66 -> 239.48052 | L66: 11 | M66: =AVERAGE(M59:M65) -> 2406.0007 | N66: =M66/L66 -> 218.72734 | O66: =L66-I66 -> 0 | P66: =N66-K66 -> -20.75318 | Q66: =N66/K66 -> 0.91334084 | AA66: =M66-J66 -> -228.28497 | AB66: =M66/J66 -> 0.91334084
A67: 自動包裝二線 | B67: 三明治 | C67: 三重火腿三明治 | E67: 32.03 | F67: 1472 | G67: =E67*F67 -> 47148.16 | I67: 19 | J67: 2400 | K67: =J67/I67 -> 126.31579 | L67: 19 | M67: =F67/V67*60 -> 2208 | N67: =M67/L67 -> 116.21053 | O67: =L67-I67 -> 0 | P67: =N67-K67 -> -10.105263 | Q67: =N67/K67 -> 0.92 | R67: =Q73 -> 0.91030938 | S67: 0.125 | T67: 0.15277778 | V67: =(T67-S67)*24*60 -> 40 | AA67: =M67-J67 -> -192 | AB67: =M67/J67 -> 0.92 | AC67: =AB73 -> 0.91030938
A68: 自動包裝二線 | B68: 三明治 | C68: 香鬆起司蛋三明治(114年) | E68: 20.2 | F68: 2755 | G68: =E68*F68 -> 55651 | I68: 19 | J68: 2400 | K68: =J68/I68 -> 126.31579 | L68: 19 | M68: =F68/V68*60 -> 2175 | N68: =M68/L68 -> 114.47368 | O68: =L68-I68 -> 0 | P68: =N68-K68 -> -11.842105 | Q68: =N68/K68 -> 0.90625 | S68: 0.17152778 | T68: 0.22430556 | U68: =(S68-T67)*24*60 -> 27 | V68: =(T68-S68)*24*60 -> 76 | AA68: =M68-J68 -> -225 | AB68: =M68/J68 -> 0.90625
A69: 自動包裝二線 | B69: 三明治 | C69: 火腿起司蛋三明治 | E69: 19.02 | F69: 4000 | G69: =E69*F69 -> 76080 | H69: 2 | I69: 15 | J69: 2400 | K69: =J69/I69 -> 160 | L69: 15 | M69: =F69/V69*60 -> 2181.8182 | N69: =M69/L69 -> 145.45455 | O69: =L69-I69 -> 0 | P69: =N69-K69 -> -14.545455 | Q69: =N69/K69 -> 0.90909091 | S69: 0.22986111 | T69: 0.30625 | U69: =(S69-T68)*24*60 -> 8 | V69: =(T69-S69)*24*60 -> 110 | AA69: =M69-J69 -> -218.18182 | AB69: =M69/J69 -> 0.90909091
A70: 自動包裝二線 | B70: 三明治 | C70: 雞蛋沙拉三明治 | E70: 25 | F70: 4366 | G70: =E70*F70 -> 109150 | I70: 15 | J70: 2400 | K70: =J70/I70 -> 160 | L70: 15 | M70: =F70/V70*60 -> 2183 | N70: =M70/L70 -> 145.53333 | O70: =L70-I70 -> 0 | P70: =N70-K70 -> -14.466667 | Q70: =N70/K70 -> 0.90958333 | S70: 0.31041667 | T70: 0.39375 | U70: =(S70-T69)*24*60 -> 6 | V70: =(T70-S70)*24*60 -> 120 | AA70: =M70-J70 -> -217 | AB70: =M70/J70 -> 0.90958333
A71: 自動包裝二線 | B71: 三明治 | C71: 水果派對三明治 | E71: 28.51 | F71: 5341 | G71: =E71*F71 -> 152271.91 | I71: 20 | J71: 2400 | K71: =J71/I71 -> 120 | L71: 20 | M71: =F71/V71*60 -> 2180 | N71: =M71/L71 -> 109 | O71: =L71-I71 -> 0 | P71: =N71-K71 -> -11 | Q71: =N71/K71 -> 0.90833333 | S71: 0.39930556 | T71: 0.50138889 | U71: =(S71-T70)*24*60 -> 8 | V71: =(T71-S71)*24*60 -> 147 | AA71: =M71-J71 -> -220 | AB71: =M71/J71 -> 0.90833333
A72: 自動包裝二線 | B72: 三明治 | C72: 火腿起司蛋三明治 | E72: 19.02 | F72: 5706 | G72: =E72*F72 -> 108528.12 | I72: 15 | J72: 2400 | K72: =J72/I72 -> 160 | L72: 15 | M72: =F72/V72*60 -> 2180.6369 | N72: =M72/L72 -> 145.3758 | O72: =L72-I72 -> 0 | P72: =N72-K72 -> -14.624204 | Q72: =N72/K72 -> 0.90859873 | S72: 0.54166667 | T72: 0.65069444 | U72: =(S72-T71)*24*60 -> 58 | V72: =(T72-S72)*24*60 -> 157 | AA72: =M72-J72 -> -219.36306 | AB72: =M72/J72 -> 0.90859873
A73: 自動包裝二線 | B73: 平均 | I73: 17.166667 | J73: 2400 | K73: =J73/I73 -> 139.80583 | L73: 17.166667 | M73: =AVERAGE(M67:M72) -> 2184.7425 | N73: =M73/L73 -> 127.26655 | O73: =L73-I73 -> 0 | P73: =N73-K73 -> -12.539271 | Q73: =N73/K73 -> 0.91030938 | AA73: =M73-J73 -> -215.25748 | AB73: =M73/J73 -> 0.91030938

Sheet 0726
B1: 屏榮 新豐廠組合室生產人時性分析
B3: 日期 | C3: =TEXT('0726 4度C'!A2,"yyyy.mm.ddaaaa") -> 2025.07.26星期六 | E3: 訂單量 | F3: ='0726 4度C'!D1 -> 129063 | H3: 營業額 | I3: ='0726 4度C'!F1 -> 4482337.3
B4: 人時性 | C4: 項目 | E4: ➀ | G4: ➁ | I4: ➂
C5: 組合室 | E5: 全溫層 | G5: 4度C-各編組展開 | I5: ③三明治-各編組展開
C6: 排關平均 | E6: =AVERAGE(D13:M13) -> 140.07092 | F6: =AVERAGE(D27:O27,D13:J13) -> 143.09516 | G6: =AVERAGE(D13:J13) -> 143.09516 | I6: =AVERAGE(K13:M13) -> 133.01435
C7: 實績平均 | E7: =AVERAGE(D14:M14) -> 128.08089 | F7: =AVERAGE(D28:O28,D14:J14) -> 130.97998 | G7: =AVERAGE(D14:J14) -> 130.97998 | I7: =AVERAGE(K14:M14) -> 121.31636
C8: 達成率平均 | E8: =AVERAGE(D15:M15) -> 0.9140557 | F8: =AVERAGE(D15:J15,D29:O29) -> 0.91488518 | G8: =AVERAGE(D15:J15) -> 0.91488518 | I8: =AVERAGE(K15:M15) -> 0.91212023 | K8: ※現行日本鮮食廠以達成率80%為基本(即為現行KPI)
B10: 溫層 | D10: ➁4度C-各編組展開 | K10: ③三明治-各編組展開
B11: 編組 | D11: 1 | E11: 2 | F11: 3 | G11: 4 | H11: 5 | I11: 6 | J11: 7 | K11: 1 | L11: 2 | M11: 3
D12: 燴飯線 | E12: 沙拉一線 | F12: 沙拉二線 | G12: 沙拉三線 | H12: 自動包裝線 | I12: 涼麵一線 | J12: 三明治四線 | K12: 三明治一線 | L12: 三明治二線 | M12: 自動包裝二線
B13: 人時性 | C13: 排關 | D13: =SUMIFS('0726 4度C'!$K:$K,'0726 4度C'!$A:$A,"燴飯線",'0726 4度C'!$B:$B,"平均") -> 105.88235 | E13: =SUMIFS('0726 4度C'!$K:$K,'0726 4度C'!$A:$A,"沙拉線一線",'0726 4度C'!$B:$B,"平均") -> 80.357143 | F13: =SUMIFS('0726 4度C'!$K:$K,'0726 4度C'!$A:$A,"沙拉線二線",'0726 4度C'!$B:$B,"平均") -> 80.078947 | G13: =SUMIFS('0726 4度C'!$K:$K,'0726 4度C'!$A:$A,"沙拉線三線",'0726 4度C'!$B:$B,"平均") -> 104.54545 | H13: =SUMIFS('0726 4度C'!$K:$K,'0726 4度C'!$A:$A,"自動包裝線",'0726 4度C'!$B:$B,"平均") -> 300 | I13: =SUMIFS('0726 4度C'!$K:$K,'0726 4度C'!$A:$A,"涼麵一線",'0726 4度C'!$B:$B,"平均") -> 89.552239 | J13: =SUMIFS('0726 4度C'!$K:$K,'0726 4度C'!$A:$A,"三明治四線",'0726 4度C'!$B:$B,"平均") -> 241.25 | K13: =SUMIFS('0726 4度C'!$K:$K,'0726 4度C'!$A:$A,"三明治一線",'0726 4度C'!$B:$B,"平均") -> 136.36364 | L13: =SUMIFS('0726 4度C'!$K:$K,'0726 4度C'!$A:$A,"三明治二線",'0726 4度C'!$B:$B,"平均") -> 126.31579 | M13: =SUMIFS('0726 4度C'!$K:$K,'0726 4度C'!$A:$A,"自動包裝二線",'0726 4度C'!$B:$B,"平均") -> 136.36364
C14: 實績 | D14: =SUMIFS('0726 4度C'!$N:$N,'0726 4度C'!$A:$A,"燴飯線",'0726 4度C'!$B:$B,"平均") -> 96.869262 | E14: =SUMIFS('0726 4度C'!$N:$N,'0726 4度C'!$A:$A,"沙拉線一線",'0726 4度C'!$B:$B,"平均") -> 73.113388 | F14: =SUMIFS('0726 4度C'!$N:$N,'0726 4度C'!$A:$A,"沙拉線二線",'0726 4度C'!$B:$B,"平均") -> 73.264335 | G14: =SUMIFS('0726 4度C'!$N:$N,'0726 4度C'!$A:$A,"沙拉線三線",'0726 4度C'!$B:$B,"平均") -> 96.213504 | H14: =SUMIFS('0726 4度C'!$N:$N,'0726 4度C'!$A:$A,"自動包裝線",'0726 4度C'!$B:$B,"平均") -> 275.06116 | I14: =SUMIFS('0726 4度C'!$N:$N,'0726 4度C'!$A:$A,"涼麵一線",'0726 4度C'!$B:$B,"平均") -> 81.772676 | J14: =SUMIFS('0726 4度C'!$N:$N,'0726 4度C'!$A:$A,"三明治四線",'0726 4度C'!$B:$B,"平均") -> 220.56553 | K14: =SUMIFS('0726 4度C'!$N:$N,'0726 4度C'!$A:$A,"三明治一線",'0726 4度C'!$B:$B,"平均") -> 124.16027 | L14: =SUMIFS('0726 4度C'!$N:$N,'0726 4度C'!$A:$A,"三明治二線",'0726 4度C'!$B:$B,"平均") -> 115.54431 | M14: =SUMIFS('0726 4度C'!$N:$N,'0726 4度C'!$A:$A,"自動包裝二線",'0726 4度C'!$B:$B,"平均") -> 124.24449
C15: 達成率 | D15: =D14/D13 -> 0.91487636 | E15: =E14/E13 -> 0.9098555 | F15: =F14/F13 -> 0.91490133 | G15: =G14/G13 -> 0.92030309 | H15: =H14/H13 -> 0.91687055 | I15: =I14/I13 -> 0.91312821 | J15: =J14/J13 -> 0.91426125 | K15: =K14/K13 -> 0.91050866 | ... M15: =M14/M13 -> 0.91112626
B16: 作業 時間 | C16: 開始 | D16: =VLOOKUP("燴飯線",'0726 4度C'!$A:$T,19,0) -> 0.70833333 | E16: =VLOOKUP("沙拉線一線",'0726 4度C'!$A:$T,19,0) -> 0.12986111 | F16: =VLOOKUP("沙拉線二線",'0726 4度C'!$A:$T,19,0) -> 0.25 | G16: =VLOOKUP("沙拉線三線",'0726 4度C'!$A:$T,19,0) -> 0.16666667 | H16: =VLOOKUP("自動包裝線",'0726 4度C'!$A:$T,19,0) -> 0.20833333 | I16: =VLOOKUP("涼麵一線",'0726 4度C'!$A:$T,19,0) -> 0.29166667 | J16: =VLOOKUP("三明治四線",'0726 4度C'!$A:$T,19,0) -> 0.20833333 | K16: =VLOOKUP("三明治一線",'0726 4度C'!$A:$T,19,0) -> 0.125 | L16: =VLOOKUP("三明治二線",'0726 4度C'!$A:$T,19,0) -> 0.125 | M16: =VLOOKUP("自動包裝二線",'0726 4度C'!$A:$T,19,0) -> 0.125
C17: 結束 | D17: =LOOKUP(2,1/(('0726 4度C'!$A:$A="燴飯線")*('0726 4度C'!$T:$T<>"")),'0726 4度C'!$T:$T) -> 0.85486111 | E17: =LOOKUP(2,1/(('0726 4度C'!$A:$A="沙拉線一線")*('0726 4度C'!$T:$T<>"")),'0726 4度C'!$T:$T) -> 0.52083333 | F17: =LOOKUP(2,1/(('0726 4度C'!$A:$A="沙拉線二線")*('0726 4度C'!$T:$T<>"")),'0726 4度C'!$T:$T) -> 0.82430556 | G17: =LOOKUP(2,1/(('0726 4度C'!$A:$A="沙拉線三線")*('0726 4度C'!$T:$T<>"")),'0726 4度C'!$T:$T) -> 0.81805556 | H17: =LOOKUP(2,1/(('0726 4度C'!$A:$A="自動包裝線")*('0726 4度C'!$T:$T<>"")),'0726 4度C'!$T:$T) -> 0.50208333 | I17: =LOOKUP(2,1/(('0726 4度C'!$A:$A="涼麵一線")*('0726 4度C'!$T:$T<>"")),'0726 4度C'!$T:$T) -> 0.81805556 | J17: =LOOKUP(2,1/(('0726 4度C'!$A:$A="三明治四線")*('0726 4度C'!$T:$T<>"")),'0726 4度C'!$T:$T) -> 0.47430556 | K17: =LOOKUP(2,1/(('0726 4度C'!$A:$A="三明治一線")*('0726 4度C'!$T:$T<>"")),'0726 4度C'!$T:$T) -> 0.49097222 | L17: =LOOKUP(2,1/(('0726 4度C'!$A:$A="三明治二線")*('0726 4度C'!$T:$T<>"")),'0726 4度C'!$T:$T) -> 0.4875 | M17: =LOOKUP(2,1/(('0726 4度C'!$A:$A="自動包裝二線")*('0726 4度C'!$T:$T<>"")),'0726 4度C'!$T:$T) -> 0.47430556
B18: 配置人數 | D18: =SUMIFS('0726 4度C'!$I:$I,'0726 4度C'!$A:$A,"燴飯線",'0726 4度C'!$B:$B,"平均") -> 17 | E18: =SUMIFS('0726 4度C'!$I:$I,'0726 4度C'!$A:$A,"沙拉線一線",'0726 4度C'!$B:$B,"平均") -> 18.666667 | F18: =SUMIFS('0726 4度C'!$I:$I,'0726 4度C'!$A:$A,"沙拉線二線",'0726 4度C'!$B:$B,"平均") -> 19 | G18: =SUMIFS('0726 4度C'!$I:$I,'0726 4度C'!$A:$A,"沙拉線三線",'0726 4度C'!$B:$B,"平均") -> 16.5 | H18: =SUMIFS('0726 4度C'!$I:$I,'0726 4度C'!$A:$A,"自動包裝線",'0726 4度C'!$B:$B,"平均") -> 10 | I18: =SUMIFS('0726 4度C'!$I:$I,'0726 4度C'!$A:$A,"涼麵一線",'0726 4度C'!$B:$B,"平均") -> 16.75 | J18: =SUMIFS('0726 4度C'!$I:$I,'0726 4度C'!$A:$A,"三明治四線",'0726 4度C'!$B:$B,"平均") -> 10.666667 | K18: =SUMIFS('0726 4度C'!$I:$I,'0726 4度C'!$A:$A,"三明治一線",'0726 4度C'!$B:$B,"平均") -> 17.6 | L18: =SUMIFS('0726 4度C'!$I:$I,'0726 4度C'!$A:$A,"三明治二線",'0726 4度C'!$B:$B,"平均") -> 19 | M18: =SUMIFS('0726 4度C'!$I:$I,'0726 4度C'!$A:$A,"自動包裝二線",'0726 4度C'!$B:$B,"平均") -> 17.6
B19: 主要應用設備 | D19: ET-55 | E19: 熱縮爐 | F19: L型包裝機 | G19: L型包裝機 | H19: 伺服包裝機 | I19: ET-55 | J19: 伺服包裝機 | K19: 三明治包裝機 | L19: 三明治包裝機 | M19: 三明治包裝機
B20: 次要應用設備 | F20: 圓盤機 | G20: ET-55
B21: 備註 | E21: 握沙拉 | F21: 共用L型包裝機 | H21: 調理麵包 | I21: 炒飯+沙拉 | J21: 調理麵包

Sheet 0726 4度C
A1: 新豐廠四度C日報分析 | C1: 總生產量 | D1: =SUM(F5:F64) -> 129063 | E1: 營業額 | F1: =SUM(G5:G64) -> 4482337.3 | G1: 出勤人數 | H1: =L8+L12+L46+L51+L17+L58+L32+L39+L26+L64 -> 162.78333 | I1: 產線配置圖 | L1: 生產實績 | O1: 人時性差異分析 | S1: 日報登錄 | Y1: 分析說明 | AA1: 產能差異分析
A2: 45864 | B2: 星期六 | C2: 人時性 | D2: =AVERAGE(N8,N12,N46,N51,N17,N58,N26,N32,N39,N64) -> 128.08089 | E2: 平均廠價 | F2: =F1/D1 -> 34.72984 | G2: 多次生產數 | H2: =COUNT(H5:H64) -> 0
A3: 線別 | B3: 品類 | C3: 品名 | E3: 廠價 | F3: 生產量 | G3: 營收 | H3: 多次 生產 | I3: 人數 | J3: 產能/時 | K3: 人時性 | L3: 人數 | M3: 產能/時 | N3: 人時性 | O3: 人數 | P3: 人時性 | Q3: 達成率 | R3: 達成率平均 | S3: 生產時間 | U3: 換線、休息/分 | V3: 稼動時間/分 | W3: 休息時間 | Y3: (新豐回填) | AA3: 產能/時 | AB3: 達成率 | AC3: 達成率平均
S4: 開始 | T4: 結束 | W4: 開始 | X4: 結束
A5: 燴飯線 | B5: 微波主食 | C5: 二配煸椒烘蛋飯 | E5: 46.93 | F5: 1076 | G5: =E5*F5 -> 50496.68 | I5: 17 | J5: 1800 | K5: =J5/I5 -> 105.88235 | L5: 17 | M5: =F5/V5*60 -> 1655.3846 | N5: =M5/L5 -> 97.375566 | O5: =L5-I5 -> 0 | P5: =N5-K5 -> -8.5067873 | Q5: =N5/K5 -> 0.91965812 | R5: =Q8 -> 0.91487636 | S5: 0.70833333 | T5: 0.73541667 | V5: =(T5-S5)*24*60 -> 39 | AA5: =M5-J5 -> -144.61538 | AB5: =M5/J5 -> 0.91965812 | AC5: =AB8 -> 0.91487636
A6: 燴飯線 | B6: 微波主食 | C6: 二配川味麻婆燒豆腐燴飯 | E6: 50.49 | F6: 2101 | G6: =E6*F6 -> 106079.49 | I6: 16 | J6: 1800 | K6: =J6/I6 -> 112.5 | L6: 16 | M6: =F6/V6*60 -> 1637.1429 | N6: =M6/L6 -> 102.32143 | O6: =L6-I6 -> 0 | P6: =N6-K6 -> -10.178571 | Q6: =N6/K6 -> 0.90952381 | S6: 0.73888889 | T6: 0.79236111 | U6: =(S6-T5)*24*60 -> 5 | V6: =(T6-S6)*24*60 -> 77 | AA6: =M6-J6 -> -162.85714 | AB6: =M6/J6 -> 0.90952381
A7: 燴飯線 | B7: 微波主食 | C7: 二配港式香滑嫩蛋牛肉燴飯 | E7: 50.67 | F7: 2252 | G7: =E7*F7 -> 114108.84 | I7: 18 | J7: 1800 | K7: =J7/I7 -> 100 | L7: 18 | M7: =F7/V7*60 -> 1647.8049 | N7: =M7/L7 -> 91.544715 | O7: =L7-I7 -> 0 | P7: =N7-K7 -> -8.4552846 | Q7: =N7/K7 -> 0.91544715 | S7: 0.79791667 | T7: 0.85486111 | U7: =(S7-T6)*24*60 -> 8 | V7: =(T7-S7)*24*60 -> 82 | AA7: =M7-J7 -> -152.19512 | AB7: =M7/J7 -> 0.91544715
A8: 燴飯線 | B8: 平均 | I8: 17 | J8: 1800 | K8: =J8/I8 -> 105.88235 | L8: 17 | M8: =AVERAGE(M5:M7) -> 1646.7775 | N8: =M8/L8 -> 96.869262 | O8: =L8-I8 -> 0 | P8: =N8-K8 -> -9.0130912 | Q8: =N8/K8 -> 0.91487636 | AA8: =M8-J8 -> -153.22255 | AB8: =M8/J8 -> 0.91487636
A9: 沙拉線一線 | B9: 沙拉 | C9: 青醬優格雞肉握沙拉(113年) | E9: 39.62 | F9: 3532 | G9: =E9*F9 -> 139937.84 | I9: 19 | J9: 1500 | K9: =J9/I9 -> 78.947368 | L9: 19 | M9: =F9/V9*60 -> 1367.2258 | N9: =M9/L9 -> 71.959253 | O9: =L9-I9 -> 0 | P9: =N9-K9 -> -6.9881154 | Q9: =N9/K9 -> 0.91148387 | R9: =Q12 -> 0.9098555 | S9: 0.12986111 | T9: 0.2375 | V9: =(T9-S9)*24*60 -> 155 | AA9: =M9-J9 -> -132.77419 | AB9: =M9/J9 -> 0.91148387 | AC9: =AB12 -> 0.9098555
A10: 沙拉線一線 | B10: 沙拉 | C10: 青檸烤雞握沙拉(113年) | E10: 39.8 | F10: 4765 | G10: =E10*F10 -> 189647 | I10: 18 | J10: 1500 | K10: =J10/I10 -> 83.333333 | L10: 18 | M10: =F10/V10*60 -> 1361.4286 | N10: =M10/L10 -> 75.634921 | O10: =L10-I10 -> 0 | P10: =N10-K10 -> -7.6984127 | Q10: =N10/K10 -> 0.90761905 | S10: 0.26180556 | T10: 0.40763889 | U10: =(S10-T9)*24*60 -> 35 | V10: =(T10-S10)*24*60 -> 210 | AA10: =M10-J10 -> -138.57143 | AB10: =M10/J10 -> 0.90761905
A11: 沙拉線一線 | B11: 沙拉 | C11: 地瓜瓜握沙拉 | E11: 39.29 | F11: 3437 | G11: =E11*F11 -> 135039.73 | I11: 19 | J11: 1500 | K11: =J11/I11 -> 78.947368 | L11: 19 | M11: =F11/V11*60 -> 1365.6954 | N11: =M11/L11 -> 71.878703 | O11: =L11-I11 -> 0 | P11: =N11-K11 -> -7.068665 | Q11: =N11/K11 -> 0.91046358 | S11: 0.41597222 | T11: 0.52083333 | U11: =(S11-T10)*24*60 -> 12 | V11: =(T11-S11)*24*60 -> 151 | AA11: =M11-J11 -> -134.30464 | AB11: =M11/J11 -> 0.91046358
A12: 沙拉線一線 | B12: 平均 | I12: 18.666667 | J12: 1500 | K12: =J12/I12 -> 80.357143 | L12: 18.666667 | M12: =AVERAGE(M9:M11) -> 1364.7832 | N12: =M12/L12 -> 73.113388 | O12: =L12-I12 -> 0 | P12: =N12-K12 -> -7.2437546 | Q12: =N12/K12 -> 0.9098555 | AA12: =M12-J12 -> -135.21675 | AB12: =M12/J12 -> 0.9098555
A13: 沙拉線二線 | B13: 小菜、微波 | C13: 剝皮辣椒雞湯 | E13: 41 | F13: 1666 | G13: =E13*F13 -> 68306 | I13: 26 | J13: 1286 | K13: =J13/I13 -> 49.461538 | L13: 26 | M13: =F13/V13*60 -> 1176 | N13: =M13/L13 -> 45.230769 | O13: =L13-I13 -> 0 | P13: =N13-K13 -> -4.2307692 | Q13: =N13/K13 -> 0.91446345 | R13: =Q17 -> 0.91490133 | S13: 0.25 | T13: 0.30902778 | V13: =(T13-S13)*24*60 -> 85 | AA13: =M13-J13 -> -110 | AB13: =M13/J13 -> 0.91446345 | AC13: =AB17 -> 0.91490133
A14: 沙拉線二線 | B14: 沙拉 | C14: 厚蛋時蔬握沙拉 | E14: 39.29 | F14: 2755 | G14: =E14*F14 -> 108243.95 | I14: 17 | J14: 1500 | K14: =J14/I14 -> 88.235294 | L14: 17 | M14: =F14/V14*60 -> 1366.1157 | N14: =M14/L14 -> 80.359747 | O14: =L14-I14 -> 0 | P14: =N14-K14 -> -7.8755469 | Q14: =N14/K14 -> 0.9107438 | S14: 0.31944444 | T14: 0.40347222 | U14: =(S14-T13)*24*60 -> 15 | V14: =(T14-S14)*24*60 -> 121 | AA14: =M14-J14 -> -133.8843 | AB14: =M14/J14 -> 0.9107438
A15: 沙拉線二線 | B15: 微波主食 | C15: 二配金咖哩濃厚辛辣咖哩飯 | E15: 50.98 | F15: 2444 | G15: =E15*F15 -> 124595.12 | I15: 17 | J15: 1800 | K15: =J15/I15 -> 105.88235 | L15: 17 | M15: =F15/V15*60 -> 1647.6404 | N15: =M15/L15 -> 96.920026 | O15: =L15-I15 -> 0 | P15: =N15-K15 -> -8.9623265 | Q15: =N15/K15 -> 0.91535581 | S15: 0.70833333 | T15: 0.77013889 | U15: =(S15-T14)*24*60 -> 439 | V15: =(T15-S15)*24*60 -> 89 | AA15: =M15-J15 -> -152.35955 | AB15: =M15/J15 -> 0.91535581
A16: 沙拉線二線 | B16: 微波主食 | C16: 二配粗飽系雞排炒飯 | E16: 57.73 | F16: 1654 | G16: =E16*F16 -> 95485.42 | I16: 16 | J16: 1500 | K16: =J16/I16 -> 93.75 | L16: 16 | M16: =F16/V16*60 -> 1378.3333 | N16: =M16/L16 -> 86.145833 | O16: =L16-I16 -> 0 | P16: =N16-K16 -> -7.6041667 | Q16: =N16/K16 -> 0.91888889 | S16: 0.77430556 | T16: 0.82430556 | U16: =(S16-T15)*24*60 -> 6 | V16: =(T16-S16)*24*60 -> 72 | AA16: =M16-J16 -> -121.66667 | AB16: =M16/J16 -> 0.91888889
A17: 沙拉線二線 | B17: 平均 | I17: 19 | J17: 1521.5 | K17: =J17/I17 -> 80.078947 | L17: 19 | M17: =AVERAGE(M13:M16) -> 1392.0224 | N17: =M17/L17 -> 73.264335 | O17: =L17-I17 -> 0 | P17: =N17-K17 -> -6.814612 | Q17: =N17/K17 -> 0.91490133 | AA17: =M17-J17 -> -129.47763 | AB17: =M17/J17 -> 0.91490133
A18: 沙拉線三線 | B18: 小吃 | C18: 古早味炒炊粉 | E18: 43.14 | F18: 1027 | G18: =E18*F18 -> 44304.78 | I18: 17 | J18: 1200 | K18: =J18/I18 -> 70.588235 | L18: 17 | M18: =F18/V18*60 -> 1100.3571 | N18: =M18/L18 -> 64.726891 | O18: =L18-I18 -> 0 | P18: =N18-K18 -> -5.8613445 | Q18: =N18/K18 -> 0.91696429 | R18: =Q26 -> 0.92030309 | S18: 0.16666667 | T18: 0.20555556 | V18: =(T18-S18)*24*60 -> 56 | AA18: =M18-J18 -> -99.642857 | AB18: =M18/J18 -> 0.91696429 | AC18: =AB26 -> 0.92030309
A19: 沙拉線三線 | B19: 微波主食 | C19: 鐵板滑蛋炸豬排丼 | E19: 57.73 | F19: 2188 | G19: =E19*F19 -> 126313.24 | I19: 16 | J19: 1800 | K19: =J19/I19 -> 112.5 | L19: 16 | M19: =F19/V19*60 -> 1641 | N19: =M19/L19 -> 102.5625 | O19: =L19-I19 -> 0 | P19: =N19-K19 -> -9.9375 | Q19: =N19/K19 -> 0.91166667 | S19: 0.225 | T19: 0.28055556 | U19: =(S19-T18)*24*60 -> 28 | V19: =(T19-S19)*24*60 -> 80 | AA19: =M19-J19 -> -159 | AB19: =M19/J19 -> 0.91166667
A20: 沙拉線三線 | B20: 微波主食 | C20: 極上炙烤親子丼 | E20: 53.68 | F20: 1479 | G20: =E20*F20 -> 79392.72 | I20: 17 | J20: 1800 | K20: =J20/I20 -> 105.88235 | L20: 17 | M20: =F20/V20*60 -> 1643.3333 | N20: =M20/L20 -> 96.666667 | O20: =L20-I20 -> 0 | P20: =N20-K20 -> -9.2156863 | Q20: =N20/K20 -> 0.91296296 | S20: 0.28541667 | T20: 0.32291667 | U20: =(S20-T19)*24*60 -> 7 | V20: =(T20-S20)*24*60 -> 54 | AA20: =M20-J20 -> -156.66667 | AB20: =M20/J20 -> 0.91296296
A21: 沙拉線三線 | B21: 微波主食 | C21: 紅燒纖牛若風味燴飯 | E21: 50.67 | F21: 950 | G21: =E21*F21 -> 48136.5 | I21: 16 | J21: 1800 | K21: =J21/I21 -> 112.5 | L21: 16 | M21: =F21/V21*60 -> 1676.4706 | N21: =M21/L21 -> 104.77941 | O21: =L21-I21 -> 0 | P21: =N21-K21 -> -7.7205882 | Q21: =N21/K21 -> 0.93137255 | S21: 0.32708333 | T21: 0.35069444 | U21: =(S21-T20)*24*60 -> 6 | V21: =(T21-S21)*24*60 -> 34 | AA21: =M21-J21 -> -123.52941 | AB21: =M21/J21 -> 0.93137255
A22: 沙拉線三線 | B22: 微波主食 | C22: 海老鰻魚丼滋丼 | E22: 58.17 | F22: 2980 | G22: =E22*F22 -> 173346.6 | I22: 18 | J22: 1800 | K22: =J22/I22 -> 100 | L22: 18 | M22: =F22/V22*60 -> 1640.367 | N22: =M22/L22 -> 91.131498 | O22: =L22-I22 -> 0 | P22: =N22-K22 -> -8.8685015 | Q22: =N22/K22 -> 0.91131498 | S22: 0.35555556 | T22: 0.43125 | U22: =(S22-T21)*24*60 -> 7 | V22: =(T22-S22)*24*60 -> 109 | AA22: =M22-J22 -> -159.63303 | AB22: =M22/J22 -> 0.91131498
A23: 沙拉線三線 | B23: 微波主食 | C23: 二配金咖哩果香甘口咖哩飯 | E23: 50.92 | F23: 2747 | G23: =E23*F23 -> 139877.24 | I23: 16 | J23: 1800 | K23: =J23/I23 -> 112.5 | L23: 16 | M23: =F23/V23*60 -> 1648.2 | N23: =M23/L23 -> 103.0125 | O23: =L23-I23 -> 0 | P23: =N23-K23 -> -9.4875 | Q23: =N23/K23 -> 0.91566667 | S23: 0.70833333 | T23: 0.77777778 | U23: =(S23-T22)*24*60 -> 399 | V23: =(T23-S23)*24*60 -> 100 | AA23: =M23-J23 -> -151.8 | AB23: =M23/J23 -> 0.91566667
A24: 沙拉線三線 | B24: 微波主食 | C24: 二配極旨黑咖哩漢堡排飯 | E24: 53.27 | F24: 618 | G24: =E24*F24 -> 32920.86 | I24: 15 | J24: 1800 | K24: =J24/I24 -> 120 | L24: 15 | M24: =F24/V24*60 -> 1685.4545 | N24: =M24/L24 -> 112.36364 | O24: =L24-I24 -> 0 | P24: =N24-K24 -> -7.6363636 | Q24: =N24/K24 -> 0.93636364 | S24: 0.78194444 | T24: 0.79722222 | U24: =(S24-T23)*24*60 -> 6 | V24: =(T24-S24)*24*60 -> 22 | AA24: =M24-J24 -> -114.54545 | AB24: =M24/J24 -> 0.93636364
A25: 沙拉線三線 | B25: 微波主食 | C25: 二配黑胡椒素豬若飯 | E25: 49.91 | F25: 666 | G25: =E25*F25 -> 33240.06 | I25: 17 | J25: 1800 | K25: =J25/I25 -> 105.88235 | L25: 17 | M25: =F25/V25*60 -> 1665 | N25: =M25/L25 -> 97.941176 | O25: =L25-I25 -> 0 | P25: =N25-K25 -> -7.9411765 | Q25: =N25/K25 -> 0.925 | S25: 0.80138889 | T25: 0.81805556 | U25: =(S25-T24)*24*60 -> 6 | V25: =(T25-S25)*24*60 -> 24 | AA25: =M25-J25 -> -135 | AB25: =M25/J25 -> 0.925
A26: 沙拉線三線 | B26: 平均 | I26: 16.5 | J26: 1725 | K26: =J26/I26 -> 104.54545 | L26: 16.5 | M26: =AVERAGE(M18:M25) -> 1587.5228 | N26: =M26/L26 -> 96.213504 | O26: =L26-I26 -> 0 | P26: =N26-K26 -> -8.3319501 | Q26: =N26/K26 -> 0.92030309 | AA26: =M26-J26 -> -137.47718 | AB26: =M26/J26 -> 0.92030309
A27: 三明治一線 | B27: 三明治 | C27: 經典總匯三明治 | E27: 26.2 | F27: 2937 | G27: =E27*F27 -> 76949.4 | I27: 20 | J27: 2400 | K27: =J27/I27 -> 120 | L27: 20 | M27: =F27/V27*60 -> 2175.5556 | N27: =M27/L27 -> 108.77778 | O27: =L27-I27 -> 0 | P27: =N27-K27 -> -11.222222 | Q27: =N27/K27 -> 0.90648148 | R27: =Q32 -> 0.91050866 | S27: 0.125 | T27: 0.18125 | V27: =(T27-S27)*24*60 -> 81 | AA27: =M27-J27 -> -224.44444 | AB27: =M27/J27 -> 0.90648148 | AC27: =AB32 -> 0.91050866
A28: 三明治一線 | B28: 三明治 | C28: 肉鬆火腿三明治 | E28: 20.52 | F28: 2937 | G28: =E28*F28 -> 60267.24 | I28: 18 | J28: 2400 | K28: =J28/I28 -> 133.33333 | L28: 18 | M28: =F28/V28*60 -> 2175.5556 | N28: =M28/L28 -> 120.8642 | O28: =L28-I28 -> 0 | P28: =N28-K28 -> -12.469136 | Q28: =N28/K28 -> 0.90648148 | S28: 0.20208333 | T28: 0.25833333 | U28: =(S28-T27)*24*60 -> 30 | V28: =(T28-S28)*24*60 -> 81 | AA28: =M28-J28 -> -224.44444 | AB28: =M28/J28 -> 0.90648148
A29: 三明治一線 | B29: 三明治 | C29: 紐奧良風味烤雞鮮蔬三明治 | E29: 31.29 | F29: 5679 | G29: =E29*F29 -> 177695.91 | I29: 16 | J29: 2400 | K29: =J29/I29 -> 150 | L29: 16 | M29: =F29/V29*60 -> 2184.2308 | N29: =M29/L29 -> 136.51442 | O29: =L29-I29 -> 0 | P29: =N29-K29 -> -13.485577 | Q29: =N29/K29 -> 0.91009615 | S29: 0.26180556 | T29: 0.37013889 | U29: =(S29-T28)*24*60 -> 5 | V29: =(T29-S29)*24*60 -> 156 | AA29: =M29-J29 -> -215.76923 | AB29: =M29/J29 -> 0.91009615
