Workbook

Sheet 1130
B1: 屏榮 新豐廠組合室生產人時性分析
B3: 日期 | C3: =TEXT('1130 4度C'!A2,"yyyy.mm.ddaaaa") -> 2025.11.30星期日 | E3: 訂單量 | F3: ='1130 4度C'!D1 -> 193540 | H3: 營業額 | I3: ='1130 4度C'!F1 -> 6409222.4
B4: 人時性 | C4: 項目 | E4: ➀ | G4: ➁ | I4: ➂
C5: 組合室 | E5: 全溫層 | G5: 4度C-各編組展開 | I5: ③三明治-各編組展開
C6: 排關平均 | E6: =AVERAGE(D13:M13) -> 154.81744 | F6: =AVERAGE(D27:O27,D13:J13) -> 160.95277 | G6: =AVERAGE(D13:J13) -> 160.95277 | I6: =AVERAGE(K13:M13) -> 140.50167
C7: 實績平均 | E7: =AVERAGE(D14:M14) -> 148.24561 | F7: =AVERAGE(D28:O28,D14:J14) -> 154.23953 | G7: =AVERAGE(D14:J14) -> 154.23953 | I7: =AVERAGE(K14:M14) -> 134.25979
C8: 達成率平均 | E8: =AVERAGE(D15:M15) -> 0.95758579 | F8: =AVERAGE(D15:J15,D29:O29) -> 0.95844522 | G8: =AVERAGE(D15:J15) -> 0.95844522 | I8: =AVERAGE(K15:M15) -> 0.95558045 | K8: ※現行日本鮮食廠以達成率80%為基本(即為現行KPI)
B10: 溫層 | D10: ➁4度C-各編組展開 | K10: ③三明治-各編組展開
B11: 編組 | D11: 1 | E11: 2 | F11: 3 | G11: 4 | H11: 5 | I11: 6 | J11: 7 | K11: 1 | L11: 2 | M11: 3
D12: 新豐6線 | E12: 新豐2線 | F12: 新豐5線 | G12: 新豐7線 | H12: 新豐3線 | I12: 新豐1線 | J12: 新豐10線 | K12: 新豐8線 | L12: 新豐9線 | M12: 新豐4線
B13: 人時性 | C13: 排關 | D13: =SUMIFS('1130 4度C'!$K:$K,'1130 4度C'!$A:$A,"新豐6線",'1130 4度C'!$B:$B,"平均") -> 137.93103 | E13: =SUMIFS('1130 4度C'!$K:$K,'1130 4度C'!$A:$A,"新豐2線",'1130 4度C'!$B:$B,"平均") -> 88.235294 | F13: =SUMIFS('1130 4度C'!$K:$K,'1130 4度C'!$A:$A,"新豐5線",'1130 4度C'!$B:$B,"平均") -> 97.826087 | G13: =SUMIFS('1130 4度C'!$K:$K,'1130 4度C'!$A:$A,"新豐7線",'1130 4度C'!$B:$B,"平均") -> 114.81481 | H13: =SUMIFS('1130 4度C'!$K:$K,'1130 4度C'!$A:$A,"新豐3線",'1130 4度C'!$B:$B,"平均") -> 283.95062 | I13: =SUMIFS('1130 4度C'!$K:$K,'1130 4度C'!$A:$A,"新豐1線",'1130 4度C'!$B:$B,"平均") -> 112.2449 | J13: =SUMIFS('1130 4度C'!$K:$K,'1130 4度C'!$A:$A,"新豐10線",'1130 4度C'!$B:$B,"平均") -> 291.66667 | K13: =SUMIFS('1130 4度C'!$K:$K,'1130 4度C'!$A:$A,"新豐8線",'1130 4度C'!$B:$B,"平均") -> 134.26573 | L13: =SUMIFS('1130 4度C'!$K:$K,'1130 4度C'!$A:$A,"新豐9線",'1130 4度C'!$B:$B,"平均") -> 140 | M13: =SUMIFS('1130 4度C'!$K:$K,'1130 4度C'!$A:$A,"新豐4線",'1130 4度C'!$B:$B,"平均") -> 147.23926
C14: 實績 | D14: =SUMIFS('1130 4度C'!$N:$N,'1130 4度C'!$A:$A,"新豐6線",'1130 4度C'!$B:$B,"平均") -> 132.73016 | E14: =SUMIFS('1130 4度C'!$N:$N,'1130 4度C'!$A:$A,"新豐2線",'1130 4度C'!$B:$B,"平均") -> 84.046287 | F14: =SUMIFS('1130 4度C'!$N:$N,'1130 4度C'!$A:$A,"新豐5線",'1130 4度C'!$B:$B,"平均") -> 93.827667 | G14: =SUMIFS('1130 4度C'!$N:$N,'1130 4度C'!$A:$A,"新豐7線",'1130 4度C'!$B:$B,"平均") -> 110.34699 | H14: =SUMIFS('1130 4度C'!$N:$N,'1130 4度C'!$A:$A,"新豐3線",'1130 4度C'!$B:$B,"平均") -> 271.23928 | I14: =SUMIFS('1130 4度C'!$N:$N,'1130 4度C'!$A:$A,"新豐1線",'1130 4度C'!$B:$B,"平均") -> 107.71346 | J14: =SUMIFS('1130 4度C'!$N:$N,'1130 4度C'!$A:$A,"新豐10線",'1130 4度C'!$B:$B,"平均") -> 279.7729 | K14: =SUMIFS('1130 4度C'!$N:$N,'1130 4度C'!$A:$A,"新豐8線",'1130 4度C'!$B:$B,"平均") -> 128.4334 | L14: =SUMIFS('1130 4度C'!$N:$N,'1130 4度C'!$A:$A,"新豐9線",'1130 4度C'!$B:$B,"平均") -> 133.58493 | M14: =SUMIFS('1130 4度C'!$N:$N,'1130 4度C'!$A:$A,"新豐4線",'1130 4度C'!$B:$B,"平均") -> 140.76103
C15: 達成率 | D15: =D14/D13 -> 0.96229366 | E15: =E14/E13 -> 0.95252459 | F15: =F14/F13 -> 0.95912727 | G15: =G14/G13 -> 0.96108667 | H15: =H14/H13 -> 0.95523399 | I15: =I14/I13 -> 0.959629 | J15: =J14/J13 -> 0.95922137 | K15: =K14/K13 -> 0.95656129 | ... M15: =M14/M13 -> 0.95600202
B16: 作業 時間 | C16: 開始 | D16: =VLOOKUP("新豐6線",'1130 4度C'!$A:$T,19,0) -> 0.70833333 | E16: =VLOOKUP("新豐2線",'1130 4度C'!$A:$T,19,0) -> 0.20833333 | F16: =VLOOKUP("新豐5線",'1130 4度C'!$A:$T,19,0) -> 0.125 | G16: =VLOOKUP("新豐7線",'1130 4度C'!$A:$T,19,0) -> 0.20833333 | H16: =VLOOKUP("新豐3線",'1130 4度C'!$A:$T,19,0) -> 0.083333333 | I16: =VLOOKUP("新豐1線",'1130 4度C'!$A:$T,19,0) -> 0.20833333 | J16: =VLOOKUP("新豐10線",'1130 4度C'!$A:$T,19,0) -> 0.20833333 | K16: =VLOOKUP("新豐8線",'1130 4度C'!$A:$T,19,0) -> 0.083333333 | L16: =VLOOKUP("新豐9線",'1130 4度C'!$A:$T,19,0) -> 0.083333333 | M16: =VLOOKUP("新豐4線",'1130 4度C'!$A:$T,19,0) -> 0.083333333
C17: 結束 | D17: =LOOKUP(2,1/(('1130 4度C'!$A:$A="新豐6線")*('1130 4度C'!$T:$T<>"")),'1130 4度C'!$T:$T) -> 0.91458333 | E17: =LOOKUP(2,1/(('1130 4度C'!$A:$A="新豐2線")*('1130 4度C'!$T:$T<>"")),'1130 4度C'!$T:$T) -> 0.42013889 | F17: =LOOKUP(2,1/(('1130 4度C'!$A:$A="新豐5線")*('1130 4度C'!$T:$T<>"")),'1130 4度C'!$T:$T) -> 0.86666667 | G17: =LOOKUP(2,1/(('1130 4度C'!$A:$A="新豐7線")*('1130 4度C'!$T:$T<>"")),'1130 4度C'!$T:$T) -> 0.85902778 | H17: =LOOKUP(2,1/(('1130 4度C'!$A:$A="新豐3線")*('1130 4度C'!$T:$T<>"")),'1130 4度C'!$T:$T) -> 0.60208333 | I17: =LOOKUP(2,1/(('1130 4度C'!$A:$A="新豐1線")*('1130 4度C'!$T:$T<>"")),'1130 4度C'!$T:$T) -> 0.95 | J17: =LOOKUP(2,1/(('1130 4度C'!$A:$A="新豐10線")*('1130 4度C'!$T:$T<>"")),'1130 4度C'!$T:$T) -> 0.44375 | K17: =LOOKUP(2,1/(('1130 4度C'!$A:$A="新豐8線")*('1130 4度C'!$T:$T<>"")),'1130 4度C'!$T:$T) -> 0.76180556 | L17: =LOOKUP(2,1/(('1130 4度C'!$A:$A="新豐9線")*('1130 4度C'!$T:$T<>"")),'1130 4度C'!$T:$T) -> 0.73611111 | M17: =LOOKUP(2,1/(('1130 4度C'!$A:$A="新豐4線")*('1130 4度C'!$T:$T<>"")),'1130 4度C'!$T:$T) -> 0.75
B18: 配置人數 | D18: =SUMIFS('1130 4度C'!$I:$I,'1130 4度C'!$A:$A,"新豐6線",'1130 4度C'!$B:$B,"平均") -> 14.5 | E18: =SUMIFS('1130 4度C'!$I:$I,'1130 4度C'!$A:$A,"新豐2線",'1130 4度C'!$B:$B,"平均") -> 17 | F18: =SUMIFS('1130 4度C'!$I:$I,'1130 4度C'!$A:$A,"新豐5線",'1130 4度C'!$B:$B,"平均") -> 18.4 | G18: =SUMIFS('1130 4度C'!$I:$I,'1130 4度C'!$A:$A,"新豐7線",'1130 4度C'!$B:$B,"平均") -> 16.875 | H18: =SUMIFS('1130 4度C'!$I:$I,'1130 4度C'!$A:$A,"新豐3線",'1130 4度C'!$B:$B,"平均") -> 10.125 | I18: =SUMIFS('1130 4度C'!$I:$I,'1130 4度C'!$A:$A,"新豐1線",'1130 4度C'!$B:$B,"平均") -> 16.333333 | J18: =SUMIFS('1130 4度C'!$I:$I,'1130 4度C'!$A:$A,"新豐10線",'1130 4度C'!$B:$B,"平均") -> 9 | K18: =SUMIFS('1130 4度C'!$I:$I,'1130 4度C'!$A:$A,"新豐8線",'1130 4度C'!$B:$B,"平均") -> 17.875 | L18: =SUMIFS('1130 4度C'!$I:$I,'1130 4度C'!$A:$A,"新豐9線",'1130 4度C'!$B:$B,"平均") -> 17.142857 | M18: =SUMIFS('1130 4度C'!$I:$I,'1130 4度C'!$A:$A,"新豐4線",'1130 4度C'!$B:$B,"平均") -> 16.3
B19: 主要應用設備 | D19: ET-55 | E19: 熱縮爐 | F19: L型包裝機 | G19: L型包裝機 | H19: 伺服包裝機 | I19: ET-55 | J19: 伺服包裝機 | K19: 三明治包裝機 | L19: 三明治包裝機 | M19: 三明治包裝機
B20: 次要應用設備 | F20: 圓盤機 | G20: ET-55
B21: 備註 | E21: 握沙拉 | F21: 共用L型包裝機 | H21: 調理麵包 | I21: 炒飯+沙拉 | J21: 調理麵包

Sheet 1130 4度C
A1: 新豐廠四度C日報分析 | C1: 總生產量 | D1: 193540 | E1: 營業額 | F1: 6409222.4 | G1: 出勤人數 | H1: =L9+L11+L52+L59+L17+L64+L35+L43+L26+L75 -> 153.55119 | I1: 產線配置圖 | L1: 生產實績 | O1: 人時性差異分析 | S1: 日報登錄 | Y1: 分析說明 | AA1: 產能差異分析
A2: 45991 | B2: 星期日 | C2: 人時性 | D2: 148.24561 | E2: 平均廠價 | F2: 33.115751 | G2: 多次生產數 | H2: =COUNT(H5:H75) -> 11
A3: 線別 | B3: 品類 | C3: 品名 | E3: 廠價 | F3: 生產量 | G3: 營收 | H3: 多次 生產 | I3: 人數 | J3: 產能/時 | K3: 人時性 | L3: 人數 | M3: 產能/時 | N3: 人時性 | O3: 人數 | P3: 人時性 | Q3: 達成率 | R3: 達成率平均 | S3: 生產時間 | U3: 換線、休息/分 | V3: 稼動時間/分 | W3: 休息時間 | Y3: (新豐回填) | AA3: 產能/時 | AB3: 達成率 | AC3: 達成率平均
S4: 開始 | T4: 結束 | W4: 開始 | X4: 結束
A5: 新豐6線 | B5: 微波主食 | C5: 二配港式香滑嫩蛋牛肉燴飯 | E5: 50.67 | F5: 1767 | G5: =E5*F5 -> 89533.89 | I5: 17 | J5: 2000 | K5: =J5/I5 -> 117.64706 | L5: 17 | M5: =F5/V5*60 -> 1927.6364 | N5: =M5/L5 -> 113.39037 | O5: =L5-I5 -> 0 | P5: =N5-K5 -> -4.2566845 | Q5: =N5/K5 -> 0.96381818 | R5: =Q9 -> 0.96229366 | S5: 0.70833333 | T5: 0.74652778 | V5: =(T5-S5)*24*60 -> 55 | AA5: =M5-J5 -> -72.363636 | AB5: =M5/J5 -> 0.96381818 | AC5: =AB9 -> 0.96229366
A6: 新豐6線 | B6: 微波主食 | C6: 二配川味麻婆燒豆腐燴飯 | E6: 50.49 | F6: 2183 | G6: =E6*F6 -> 110219.67 | I6: 15 | J6: 2000 | K6: =J6/I6 -> 133.33333 | L6: 15 | M6: =F6/V6*60 -> 1926.1765 | N6: =M6/L6 -> 128.41176 | O6: =L6-I6 -> 0 | P6: =N6-K6 -> -4.9215686 | Q6: =N6/K6 -> 0.96308824 | S6: 0.75 | T6: 0.79722222 | U6: =IF(S6=TIME(17,0,0),"",(S6-T5)*24*60) -> 5 | V6: =(T6-S6)*24*60 -> 68 | AA6: =M6-J6 -> -73.823529 | AB6: =M6/J6 -> 0.96308824
A7: 新豐6線 | B7: 微波主食 | C7: 二配厚香料咖哩雞排飯 | E7: 57.3 | F7: 1500 | G7: =E7*F7 -> 85950 | H7: 2 | I7: 13 | J7: 2000 | K7: =J7/I7 -> 153.84615 | L7: 13 | M7: =F7/V7*60 -> 1914.8936 | N7: =M7/L7 -> 147.29951 | O7: =L7-I7 -> 0 | P7: =N7-K7 -> -6.5466448 | Q7: =N7/K7 -> 0.95744681 | S7: 0.80138889 | T7: 0.83402778 | U7: =IF(S7=TIME(17,0,0),"",(S7-T6)*24*60) -> 6 | V7: =(T7-S7)*24*60 -> 47 | W7: =T7 -> 0.83402778 | X7: =S8 -> 0.87569444 | AA7: =M7-J7 -> -85.106383 | AB7: =M7/J7 -> 0.95744681
A8: 新豐6線 | B8: 微波主食 | C8: 二配厚香料咖哩雞排飯 | E8: 57.3 | F8: 1801 | G8: =E8*F8 -> 103197.3 | I8: 13 | J8: 2000 | K8: =J8/I8 -> 153.84615 | L8: 13 | M8: =F8/V8*60 -> 1929.6429 | N8: =M8/L8 -> 148.43407 | O8: =L8-I8 -> 0 | P8: =N8-K8 -> -5.4120879 | Q8: =N8/K8 -> 0.96482143 | S8: 0.87569444 | T8: 0.91458333 | U8: =IF(S8=TIME(17,0,0),"",(S8-T7)*24*60) -> 60 | V8: =(T8-S8)*24*60 -> 56 | AA8: =M8-J8 -> -70.357143 | AB8: =M8/J8 -> 0.96482143
A9: 新豐6線 | B9: 平均 | I9: 14.5 | J9: 2000 | K9: =J9/I9 -> 137.93103 | L9: 14.5 | M9: =AVERAGE(M5:M8) -> 1924.5873 | N9: =M9/L9 -> 132.73016 | O9: =L9-I9 -> 0 | P9: =N9-K9 -> -5.200874 | Q9: =N9/K9 -> 0.96229366 | AA9: =M9-J9 -> -75.412673 | AB9: =M9/J9 -> 0.96229366
A10: 新豐2線 | B10: 沙拉 | C10: 青檸烤雞握沙拉(113年) | E10: 39.8 | F10: 7263 | G10: =E10*F10 -> 289067.4 | I10: 17 | J10: 1500 | K10: =J10/I10 -> 88.235294 | L10: 17 | M10: =F10/V10*60 -> 1428.7869 | N10: =M10/L10 -> 84.046287 | O10: =L10-I10 -> 0 | P10: =N10-K10 -> -4.1890068 | Q10: =N10/K10 -> 0.95252459 | R10: =Q11 -> 0.95252459 | S10: 0.20833333 | T10: 0.42013889 | V10: =(T10-S10)*24*60 -> 305 | AA10: =M10-J10 -> -71.213115 | AB10: =M10/J10 -> 0.95252459 | AC10: =AB11 -> 0.95252459
A11: 新豐2線 | B11: 平均 | I11: 17 | J11: 1500 | K11: =J11/I11 -> 88.235294 | L11: 17 | M11: =AVERAGE(M10:M10) -> 1428.7869 | N11: =M11/L11 -> 84.046287 | O11: =L11-I11 -> 0 | P11: =N11-K11 -> -4.1890068 | Q11: =N11/K11 -> 0.95252459 | AA11: =M11-J11 -> -71.213115 | AB11: =M11/J11 -> 0.95252459
A12: 新豐5線 | B12: 小吃 | C12: 剝皮辣椒雞湯 | E12: 41 | F12: 2392 | G12: =E12*F12 -> 98072 | I12: 26 | J12: 1500 | K12: =J12/I12 -> 57.692308 | L12: 26 | M12: =F12/V12*60 -> 1435.2 | N12: =M12/L12 -> 55.2 | O12: =L12-I12 -> 0 | P12: =N12-K12 -> -2.4923077 | Q12: =N12/K12 -> 0.9568 | R12: =Q17 -> 0.95912727 | S12: 0.125 | T12: 0.19444444 | V12: =(T12-S12)*24*60 -> 100 | W12: =T12 -> 0.19444444 | X12: =S13 -> 0.21458333 | AA12: =M12-J12 -> -64.8 | AB12: =M12/J12 -> 0.9568 | AC12: =AB17 -> 0.95912727
A13: 新豐5線 | B13: 沙拉 | C13: 青醬優格雞肉握沙拉(113年) | E13: 39.62 | F13: 4473 | G13: =E13*F13 -> 177220.26 | I13: 19 | J13: 1500 | K13: =J13/I13 -> 78.947368 | L13: 19 | M13: =F13/V13*60 -> 1435.1872 | N13: =M13/L13 -> 75.536167 | O13: =L13-I13 -> 0 | P13: =N13-K13 -> -3.4112018 | Q13: =N13/K13 -> 0.95679144 | S13: 0.21458333 | T13: 0.34444444 | U13: =IF(S13=TIME(17,0,0),"",(S13-T12)*24*60) -> 29 | V13: =(T13-S13)*24*60 -> 187 | AA13: =M13-J13 -> -64.812834 | AB13: =M13/J13 -> 0.95679144
A14: 新豐5線 | B14: 微波主食 | C14: 二配金咖哩濃厚辛口咖哩飯 | E14: 50.98 | F14: 2893 | G14: =E14*F14 -> 147485.14 | I14: 16 | J14: 2000 | K14: =J14/I14 -> 125 | L14: 16 | M14: =F14/V14*60 -> 1907.4725 | N14: =M14/L14 -> 119.21703 | O14: =L14-I14 -> 0 | P14: =N14-K14 -> -5.782967 | Q14: =N14/K14 -> 0.95373626 | S14: 0.70833333 | T14: 0.77152778 | U14: =IF(S14=TIME(17,0,0),"",(S14-T13)*24*60) | V14: =(T14-S14)*24*60 -> 91 | AA14: =M14-J14 -> -92.527473 | AB14: =M14/J14 -> 0.95373626
A15: 新豐5線 | B15: 微波主食 | C15: 二配金咖哩果香甘口咖哩飯 | E15: 50.92 | F15: 2868 | G15: =E15*F15 -> 146038.56 | I15: 15 | J15: 2000 | K15: =J15/I15 -> 133.33333 | L15: 15 | M15: =F15/V15*60 -> 1912 | N15: =M15/L15 -> 127.46667 | O15: =L15-I15 -> 0 | P15: =N15-K15 -> -5.8666667 | Q15: =N15/K15 -> 0.956 | S15: 0.77569444 | T15: 0.83819444 | U15: =IF(S15=TIME(17,0,0),"",(S15-T14)*24*60) -> 6 | V15: =(T15-S15)*24*60 -> 90 | AA15: =M15-J15 -> -88 | AB15: =M15/J15 -> 0.956
A16: 新豐5線 | B16: 微波主食 | C16: 二配煸椒烘蛋飯 | E16: 46.93 | F16: 1133 | G16: =E16*F16 -> 53171.69 | I16: 16 | J16: 2000 | K16: =J16/I16 -> 125 | L16: 16 | M16: =F16/V16*60 -> 1942.2857 | N16: =M16/L16 -> 121.39286 | O16: =L16-I16 -> 0 | P16: =N16-K16 -> -3.6071429 | Q16: =N16/K16 -> 0.97114286 | S16: 0.84236111 | T16: 0.86666667 | U16: =IF(S16=TIME(17,0,0),"",(S16-T15)*24*60) -> 6 | V16: =(T16-S16)*24*60 -> 35 | AA16: =M16-J16 -> -57.714286 | AB16: =M16/J16 -> 0.97114286
A17: 新豐5線 | B17: 平均 | I17: 18.4 | J17: 1800 | K17: =J17/I17 -> 97.826087 | L17: 18.4 | M17: =AVERAGE(M12:M16) -> 1726.4291 | N17: =M17/L17 -> 93.827667 | O17: =L17-I17 -> 0 | P17: =N17-K17 -> -3.9984195 | Q17: =N17/K17 -> 0.95912727 | AA17: =M17-J17 -> -73.570918 | AB17: =M17/J17 -> 0.95912727
A18: 新豐7線 | B18: 小吃 | C18: 古早味炒炊粉 | E18: 43.14 | F18: 1198 | G18: =E18*F18 -> 51681.72 | I18: 17 | J18: 2000 | K18: =J18/I18 -> 117.64706 | L18: 17 | M18: =F18/V18*60 -> 1942.7027 | N18: =M18/L18 -> 114.27663 | O18: =L18-I18 -> 0 | P18: =N18-K18 -> -3.3704293 | Q18: =N18/K18 -> 0.97135135 | R18: =Q26 -> 0.96108667 | S18: 0.20833333 | T18: 0.23402778 | V18: =(T18-S18)*24*60 -> 37 | AA18: =M18-J18 -> -57.297297 | AB18: =M18/J18 -> 0.97135135 | AC18: =AB26 -> 0.96108667
A19: 新豐7線 | B19: 熱食義麵 | C19: 麻婆豆腐波浪麵 | E19: 49.9 | F19: 2123 | G19: =E19*F19 -> 105937.7 | I19: 19 | J19: 2000 | K19: =J19/I19 -> 105.26316 | L19: 19 | M19: =F19/V19*60 -> 1901.194 | N19: =M19/L19 -> 100.06284 | O19: =L19-I19 -> 0 | P19: =N19-K19 -> -5.2003142 | Q19: =N19/K19 -> 0.95059701 | S19: 0.23819444 | T19: 0.28472222 | U19: =IF(S19=TIME(17,0,0),"",(S19-T18)*24*60) -> 6 | V19: =(T19-S19)*24*60 -> 67 | AA19: =M19-J19 -> -98.80597 | AB19: =M19/J19 -> 0.95059701
A20: 新豐7線 | B20: 微波主食 | C20: 鐵板滑蛋炸豬排丼 | E20: 57.73 | F20: 2865 | G20: =E20*F20 -> 165396.45 | I20: 14 | J20: 2000 | K20: =J20/I20 -> 142.85714 | L20: 14 | M20: =F20/V20*60 -> 1910 | N20: =M20/L20 -> 136.42857 | O20: =L20-I20 -> 0 | P20: =N20-K20 -> -6.4285714 | Q20: =N20/K20 -> 0.955 | S20: 0.28888889 | T20: 0.35138889 | U20: =IF(S20=TIME(17,0,0),"",(S20-T19)*24*60) -> 6 | V20: =(T20-S20)*24*60 -> 90 | AA20: =M20-J20 -> -90 | AB20: =M20/J20 -> 0.955
A21: 新豐7線 | B21: 微波主食 | C21: 極上炙烤親子丼 | E21: 53.68 | F21: 1777 | G21: =E21*F21 -> 95389.36 | I21: 16 | J21: 2000 | K21: =J21/I21 -> 125 | L21: 16 | M21: =F21/V21*60 -> 1938.5455 | N21: =M21/L21 -> 121.15909 | O21: =L21-I21 -> 0 | P21: =N21-K21 -> -3.8409091 | Q21: =N21/K21 -> 0.96927273 | S21: 0.35486111 | T21: 0.39305556 | U21: =IF(S21=TIME(17,0,0),"",(S21-T20)*24*60) -> 5 | V21: =(T21-S21)*24*60 -> 55 | AA21: =M21-J21 -> -61.454545 | AB21: =M21/J21 -> 0.96927273
A22: 新豐7線 | B22: 微波主食 | C22: 日式野菜烘蛋燴飯 | E22: 49.91 | F22: 1804 | G22: =E22*F22 -> 90037.64 | I22: 19 | J22: 2000 | K22: =J22/I22 -> 105.26316 | L22: 19 | M22: =F22/V22*60 -> 1932.8571 | N22: =M22/L22 -> 101.72932 | O22: =L22-I22 -> 0 | P22: =N22-K22 -> -3.5338346 | Q22: =N22/K22 -> 0.96642857 | S22: 0.39791667 | T22: 0.43680556 | U22: =IF(S22=TIME(17,0,0),"",(S22-T21)*24*60) -> 7 | V22: =(T22-S22)*24*60 -> 56 | AA22: =M22-J22 -> -67.142857 | AB22: =M22/J22 -> 0.96642857
A23: 新豐7線 | B23: 微波主食 | C23: 二配美味蟹煲 | E23: 54.09 | F23: 2044 | G23: =E23*F23 -> 110559.96 | I23: 19 | J23: 2000 | K23: =J23/I23 -> 105.26316 | L23: 19 | M23: =F23/V23*60 -> 1916.25 | N23: =M23/L23 -> 100.85526 | O23: =L23-I23 -> 0 | P23: =N23-K23 -> -4.4078947 | Q23: =N23/K23 -> 0.958125 | S23: 0.70833333 | T23: 0.75277778 | U23: =IF(S23=TIME(17,0,0),"",(S23-T22)*24*60) | V23: =(T23-S23)*24*60 -> 64 | AA23: =M23-J23 -> -83.75 | AB23: =M23/J23 -> 0.958125
A24: 新豐7線 | B24: 微波主食 | C24: 二配粗飽系雞排炒飯(114年) | E24: 57.73 | F24: 1716 | G24: =E24*F24 -> 99064.68 | I24: 16 | J24: 1500 | K24: =J24/I24 -> 93.75 | L24: 16 | M24: =F24/V24*60 -> 1430 | N24: =M24/L24 -> 89.375 | O24: =L24-I24 -> 0 | P24: =N24-K24 -> -4.375 | Q24: =N24/K24 -> 0.95333333 | S24: 0.75833333 | T24: 0.80833333 | U24: =IF(S24=TIME(17,0,0),"",(S24-T23)*24*60) -> 8 | V24: =(T24-S24)*24*60 -> 72 | AA24: =M24-J24 -> -70 | AB24: =M24/J24 -> 0.95333333
A25: 新豐7線 | B25: 微波主食 | C25: 二配泰式綠咖哩雞 | E25: 50.67 | F25: 2182 | G25: =E25*F25 -> 110561.94 | I25: 15 | J25: 2000 | K25: =J25/I25 -> 133.33333 | L25: 15 | M25: =F25/V25*60 -> 1925.2941 | N25: =M25/L25 -> 128.35294 | O25: =L25-I25 -> 0 | P25: =N25-K25 -> -4.9803922 | Q25: =N25/K25 -> 0.96264706 | S25: 0.81180556 | T25: 0.85902778 | U25: =IF(S25=TIME(17,0,0),"",(S25-T24)*24*60) -> 5 | V25: =(T25-S25)*24*60 -> 68 | AA25: =M25-J25 -> -74.705882 | AB25: =M25/J25 -> 0.96264706
A26: 新豐7線 | B26: 平均 | I26: 16.875 | J26: 1937.5 | K26: =J26/I26 -> 114.81481 | L26: 16.875 | M26: =AVERAGE(M18:M25) -> 1862.1054 | N26: =M26/L26 -> 110.34699 | O26: =L26-I26 -> 0 | P26: =N26-K26 -> -4.4678263 | Q26: =N26/K26 -> 0.96108667 | AA26: =M26-J26 -> -75.394569 | AB26: =M26/J26 -> 0.96108667
A27: 新豐8線 | B27: 三明治 | C27: 紐奧良風味烤雞鮮蔬三明治 | E27: 31.29 | F27: 4500 | G27: =E27*F27 -> 140805 | H27: 2 | I27: 18 | J27: 2400 | K27: =J27/I27 -> 133.33333 | L27: 18 | M27: =F27/V27*60 -> 2288.1356 | N27: =M27/L27 -> 127.11864 | O27: =L27-I27 -> 0 | P27: =N27-K27 -> -6.2146893 | Q27: =N27/K27 -> 0.95338983 | R27: =Q35 -> 0.95656129 | S27: 0.083333333 | T27: 0.16527778 | V27: =(T27-S27)*24*60 -> 118 | W27: =T27 -> 0.16527778 | X27: =S28 -> 0.18472222 | AA27: =M27-J27 -> -111.86441 | AB27: =M27/J27 -> 0.95338983 | AC27: =AB35 -> 0.95656129
A28: 新豐8線 | B28: 三明治 | C28: 經典總匯三明治 | E28: 26.2 | F28: 3500 | G28: =E28*F28 -> 91700 | H28: 2 | I28: 20 | J28: 2400 | K28: =J28/I28 -> 120 | L28: 20 | M28: =F28/V28*60 -> 2307.6923 | N28: =M28/L28 -> 115.38462 | O28: =L28-I28 -> 0 | P28: =N28-K28 -> -4.6153846 | Q28: =N28/K28 -> 0.96153846 | S28: 0.18472222 | T28: 0.24791667 | U28: =(S28-T27)*24*60 -> 28 | V28: =(T28-S28)*24*60 -> 91 | AA28: =M28-J28 -> -92.307692 | AB28: =M28/J28 -> 0.96153846
A29: 新豐8線 | B29: 三明治 | C29: 雞蛋沙拉三明治(114年) | E29: 25.99 | F29: 3300 | G29: =E29*F29 -> 85767 | H29: 2 | I29: 14 | J29: 2400 | K29: =J29/I29 -> 171.42857 | L29: 14 | M29: =F29/V29*60 -> 2302.3256 | N29: =M29/L29 -> 164.45183 | O29: =L29-I29 -> 0 | P29: =N29-K29 -> -6.9767442 | Q29: =N29/K29 -> 0.95930233 | S29: 0.25277778 | T29: 0.3125 | U29: =(S29-T28)*24*60 -> 7 | V29: =(T29-S29)*24*60 -> 86 | AA29: =M29-J29 -> -97.674419 | AB29: =M29/J29 -> 0.95930233
A30: 新豐8線 | B30: 三明治 | C30: 肉鬆火腿三明治 | E30: 20.52 | F30: 5399 | G30: =E30*F30 -> 110787.48 | I30: 18 | J30: 2400 | K30: =J30/I30 -> 133.33333 | L30: 18 | M30: =F30/V30*60 -> 2281.2676 | N30: =M30/L30 -> 126.73709 | O30: =L30-I30 -> 0 | P30: =N30-K30 -> -6.5962441 | Q30: =N30/K30 -> 0.95052817 | S30: 0.31597222 | T30: 0.41458333 | U30: =(S30-T29)*24*60 -> 5 | V30: =(T30-S30)*24*60 -> 142 | AA30: =M30-J30 -> -118.73239 | AB30: =M30/J30 -> 0.95052817
A31: 新豐8線 | B31: 三明治 | C31: 好多菜三明治(114年) | E31: 25.98 | F31: 5267 | G31: =E31*F31 -> 136836.66 | I31: 21 | J31: 2400 | K31: =J31/I31 -> 114.28571 | L31: 21 | M31: =F31/V31*60 -> 2290 | N31: =M31/L31 -> 109.04762 | O31: =L31-I31 -> 0 | P31: =N31-K31 -> -5.2380952 | Q31: =N31/K31 -> 0.95416667 | S31: 0.41944444 | T31: 0.51527778 | U31: =(S31-T30)*24*60 -> 7 | V31: =(T31-S31)*24*60 -> 138 | W31: =T31 -> 0.51527778 | X31: =S32 -> 0.55625 | AA31: =M31-J31 -> -110 | AB31: =M31/J31 -> 0.95416667
A32: 新豐8線 | B32: 三明治 | C32: 紐奧良風味烤雞鮮蔬三明治 | E32: 31.29 | F32: 6025 | G32: =E32*F32 -> 188522.25 | I32: 18 | J32: 2400 | K32: =J32/I32 -> 133.33333 | L32: 18 | M32: =F32/V32*60 -> 2287.9747 | N32: =M32/L32 -> 127.1097 | O32: =L32-I32 -> 0 | P32: =N32-K32 -> -6.2236287 | Q32: =N32/K32 -> 0.95332278 | S32: 0.55625 | T32: 0.66597222 | U32: =(S32-T31)*24*60 -> 59 | V32: =(T32-S32)*24*60 -> 158 | AA32: =M32-J32 -> -112.02532 | AB32: =M32/J32 -> 0.95332278
A33: 新豐8線 | B33: 三明治 | C33: 經典總匯三明治 | E33: 26.2 | F33: 2445 | G33: =E33*F33 -> 64059 | I33: 20 | J33: 2400 | K33: =J33/I33 -> 120 | L33: 20 | M33: =F33/V33*60 -> 2292.1875 | N33: =M33/L33 -> 114.60938 | O33: =L33-I33 -> 0 | P33: =N33-K33 -> -5.390625 | Q33: =N33/K33 -> 0.95507813 | S33: 0.67013889 | T33: 0.71458333 | U33: =(S33-T32)*24*60 -> 6 | V33: =(T33-S33)*24*60 -> 64 | AA33: =M33-J33 -> -107.8125 | AB33: =M33/J33 -> 0.95507813
A34: 新豐8線 | B34: 三明治 | C34: 雞蛋沙拉三明治(114年) | E34: 25.99 | F34: 2355 | G34: =E34*F34 -> 61206.45 | I34: 14 | J34: 2400 | K34: =J34/I34 -> 171.42857 | L34: 14 | M34: =F34/V34*60 -> 2316.3934 | N34: =M34/L34 -> 165.45667 | O34: =L34-I34 -> 0 | P34: =N34-K34 -> -5.971897 | Q34: =N34/K34 -> 0.96516393 | S34: 0.71944444 | T34: 0.76180556 | U34: =(S34-T33)*24*60 -> 7 | V34: =(T34-S34)*24*60 -> 61 | AA34: =M34-J34 -> -83.606557 | AB34: =M34/J34 -> 0.96516393
A35: 新豐8線 | B35: 平均 | I35: 17.875 | J35: 2400 | K35: =J35/I35 -> 134.26573 | L35: 17.875 | M35: =AVERAGE(M27:M34) -> 2295.7471 | N35: =M35/L35 -> 128.4334 | O35: =L35-I35 -> 0 | P35: =N35-K35 -> -5.8323307 | Q35: =N35/K35 -> 0.95656129 | AA35: =M35-J35 -> -104.25291 | AB35: =M35/J35 -> 0.95656129
A36: 新豐9線 | B36: 三明治 | C36: 火腿起司蛋三明治 | E36: 19.02 | F36: 4300 | G36: =E36*F36 -> 81786 | H36: 2 | I36: 15 | J36: 2400 | K36: =J36/I36 -> 160 | L36: 15 | M36: =F36/V36*60 -> 2283.1858 | N36: =M36/L36 -> 152.21239 | O36: =L36-I36 -> 0 | P36: =N36-K36 -> -7.7876106 | Q36: =N36/K36 -> 0.95132743 | R36: =Q43 -> 0.95417805 | S36: 0.083333333 | T36: 0.16180556 | V36: =(T36-S36)*24*60 -> 113 | W36: =T36 -> 0.16180556 | X36: =S37 -> 0.18194444 | AA36: =M36-J36 -> -116.81416 | AB36: =M36/J36 -> 0.95132743 | AC36: =AB43 -> 0.95417805
A37: 新豐9線 | B37: 三明治 | C37: 鮪魚起司溏心蛋三明治 | E37: 26.2 | F37: 4400 | G37: =E37*F37 -> 115280 | H37: 2 | I37: 18 | J37: 2400 | K37: =J37/I37 -> 133.33333 | L37: 18 | M37: =F37/V37*60 -> 2295.6522 | N37: =M37/L37 -> 127.53623 | O37: =L37-I37 -> 0 | P37: =N37-K37 -> -5.7971014 | Q37: =N37/K37 -> 0.95652174 | S37: 0.18194444 | T37: 0.26180556 | U37: =(S37-T36)*24*60 -> 29 | V37: =(T37-S37)*24*60 -> 115 | AA37: =M37-J37 -> -104.34783 | AB37: =M37/J37 -> 0.95652174
A38: 新豐9線 | B38: 三明治 | C38: 陽光地瓜總匯三明治 | E38: 26.18 | F38: 3141 | G38: =E38*F38 -> 82231.38 | I38: 19 | J38: 2400 | K38: =J38/I38 -> 126.31579 | L38: 19 | M38: =F38/V38*60 -> 2298.2927 | N38: =M38/L38 -> 120.96277 | O38: =L38-I38 -> 0 | P38: =N38-K38 -> -5.3530167 | Q38: =N38/K38 -> 0.95762195 | S38: 0.26527778 | T38: 0.32222222 | U38: =(S38-T37)*24*60 -> 5 | V38: =(T38-S38)*24*60 -> 82 | AA38: =M38-J38 -> -101.70732 | AB38: =M38/J38 -> 0.95762195
A39: 新豐9線 | B39: 三明治 | C39: 醬燒烤雞三明治 | E39: 26.39 | F39: 4500 | G39: =E39*F39 -> 118755 | H39: 2 | I39: 19 | J39: 2400 | K39: =J39/I39 -> 126.31579 | L39: 19 | M39: =F39/V39*60 -> 2288.1356 | N39: =M39/L39 -> 120.42819 | O39: =L39-I39 -> 0 | P39: =N39-K39 -> -5.8876004 | Q39: =N39/K39 -> 0.95338983 | S39: 0.32569444 | T39: 0.40763889 | U39: =(S39-T38)*24*60 -> 5 | V39: =(T39-S39)*24*60 -> 118 | AA39: =M39-J39 -> -111.86441 | AB39: =M39/J39 -> 0.95338983
A40: 新豐9線 | B40: 三明治 | C40: 切達海鮮雙饗三明治 | E40: 28.51 | F40: 5245 | G40: =E40*F40 -> 149534.95 | I40: 16 | J40: 2400 | K40: =J40/I40 -> 150 | L40: 16 | M40: =F40/V40*60 -> 2280.4348 | N40: =M40/L40 -> 142.52717 | O40: =L40-I40 -> 0 | P40: =N40-K40 -> -7.4728261 | Q40: =N40/K40 -> 0.95018116 | S40: 0.41180556 | T40: 0.50763889 | U40: =(S40-T39)*24*60 -> 6 | V40: =(T40-S40)*24*60 -> 138 | W40: =T40 -> 0.50763889 | X40: =S41 -> 0.54722222 | AA40: =M40-J40 -> -119.56522 | AB40: =M40/J40 -> 0.95018116
A41: 新豐9線 | B41: 三明治 | C41: 火腿起司蛋三明治 | E41: 19.02 | F41: 6869 | G41: =E41*F41 -> 130648.38 | I41: 15 | J41: 2400 | K41: =J41/I41 -> 160 | L41: 15 | M41: =F41/V41*60 -> 2289.6667 | N41: =M41/L41 -> 152.64444 | O41: =L41-I41 -> 0 | P41: =N41-K41 -> -7.3555556 | Q41: =N41/K41 -> 0.95402778 | S41: 0.54722222 | T41: 0.67222222 | U41: =(S41-T40)*24*60 -> 57 | V41: =(T41-S41)*24*60 -> 180 | AA41: =M41-J41 -> -110.33333 | AB41: =M41/J41 -> 0.95402778
A42: 新豐9線 | B42: 三明治 | C42: 鮪魚起司溏心蛋三明治 | E42: 26.2 | F42: 3251 | G42: =E42*F42 -> 85176.2 | I42: 18 | J42: 2400 | K42: =J42/I42 -> 133.33333 | L42: 18 | M42: =F42/V42*60 -> 2294.8235 | N42: =M42/L42 -> 127.4902 | O42: =L42-I42 -> 0 | P42: =N42-K42 -> -5.8431373 | Q42: =N42/K42 -> 0.95617647 | S42: 0.67708333 | T42: 0.73611111 | U42: =(S42-T41)*24*60 -> 7 | V42: =(T42-S42)*24*60 -> 85 | AA42: =M42-J42 -> -105.17647 | AB42: =M42/J42 -> 0.95617647
A43: 新豐9線 | B43: 平均 | I43: 17.142857 | J43: 2400 | K43: =J43/I43 -> 140 | L43: 17.142857 | M43: =AVERAGE(M36:M42) -> 2290.0273 | N43: =M43/L43 -> 133.58493 | O43: =L43-I43 -> 0 | P43: =N43-K43 -> -6.4150728 | Q43: =N43/K43 -> 0.95417805 | AA43: =M43-J43 -> -109.97268 | AB43: =M43/J43 -> 0.95417805
A44: 新豐3線 | B44: 調理麵包 | C44: 豬肉起司堡 | E44: 21.13 | F44: 5790 | G44: =E44*F44 -> 122342.7 | I44: 10 | J44: 3000 | K44: =J44/I44 -> 300 | L44: 10 | M44: =F44/V44*60 -> 2871.0744 | N44: =M44/L44 -> 287.10744 | O44: =L44-I44 -> 0 | P44: =N44-K44 -> -12.892562 | Q44: =N44/K44 -> 0.95702479 | R44: =Q52 -> 0.95523399 | S44: 0.083333333 | T44: 0.16736111 | V44: =(T44-S44)*24*60 -> 121 | W44: =T44 -> 0.16736111 | X44: =S45 -> 0.18472222 | AA44: =M44-J44 -> -128.92562 | AB44: =M44/J44 -> 0.95702479 | AC44: =AB52 -> 0.95523399
A45: 新豐3線 | B45: 調理麵包 | C45: 豬肉起司蛋堡 | E45: 27.17 | F45: 4500 | G45: =E45*F45 -> 122265 | H45: 2 | I45: 10 | J45: 3000 | K45: =J45/I45 -> 300 | L45: 10 | M45: =F45/V45*60 -> 2872.3404 | N45: =M45/L45 -> 287.23404 | O45: =L45-I45 -> 0 | P45: =N45-K45 -> -12.765957 | Q45: =N45/K45 -> 0.95744681 | S45: 0.18472222 | T45: 0.25 | U45: =(S45-T44)*24*60 -> 25 | V45: =(T45-S45)*24*60 -> 94 | AA45: =M45-J45 -> -127.65957 | AB45: =M45/J45 -> 0.95744681
A46: 新豐3線 | B46: 調理麵包 | C46: 經典雙牛起司堡(113年) | E46: 35.12 | F46: 4732 | G46: =E46*F46 -> 166187.84 | I46: 10 | J46: 3000 | K46: =J46/I46 -> 300 | L46: 10 | M46: =F46/V46*60 -> 2867.8788 | N46: =M46/L46 -> 286.78788 | O46: =L46-I46 -> 0 | P46: =N46-K46 -> -13.212121 | Q46: =N46/K46 -> 0.9559596 | S46: 0.25416667 | T46: 0.32291667 | U46: =(S46-T45)*24*60 -> 6 | V46: =(T46-S46)*24*60 -> 99 | AA46: =M46-J46 -> -132.12121 | AB46: =M46/J46 -> 0.9559596
A47: 新豐3線 | B47: 調理麵包 | C47: 美式雞腿堡 | E47: 35.87 | F47: 2977 | G47: =E47*F47 -> 106784.99 | I47: 9 | J47: 3000 | K47: =J47/I47 -> 333.33333 | L47: 9 | M47: =F47/V47*60 -> 2880.9677 | N47: =M47/L47 -> 320.10753 | O47: =L47-I47 -> 0 | P47: =N47-K47 -> -13.225806 | Q47: =N47/K47 -> 0.96032258 | S47: 0.32777778 | T47: 0.37083333 | U47: =(S47-T46)*24*60 -> 7 | V47: =(T47-S47)*24*60 -> 62 | AA47: =M47-J47 -> -119.03226 | AB47: =M47/J47 -> 0.96032258
A48: 新豐3線 | B48: 調理麵包 | C48: 泰式酸辣炸雞堡 | E48: 36.14 | F48: 1235 | G48: =E48*F48 -> 44632.9 | I48: 9 | J48: 3000 | K48: =J48/I48 -> 333.33333 | L48: 9 | M48: =F48/V48*60 -> 2850 | N48: =M48/L48 -> 316.66667 | O48: =L48-I48 -> 0 | P48: =N48-K48 -> -16.666667 | Q48: =N48/K48 -> 0.95 | S48: 0.37638889 | T48: 0.39444444 | U48: =(S48-T47)*24*60 -> 8 | V48: =(T48-S48)*24*60 -> 26 | AA48: =M48-J48 -> -150 | AB48: =M48/J48 -> 0.95
A49: 新豐3線 | B49: 調理麵包 | C49: 厚豆腐蛋白蕈菇豬肉堡 | E49: 34.36 | F49: 2379 | G49: =E49*F49 -> 81742.44 | I49: 10 | J49: 3000 | K49: =J49/I49 -> 300 | L49: 10 | M49: =F49/V49*60 -> 2854.8 | N49: =M49/L49 -> 285.48 | O49: =L49-I49 -> 0 | P49: =N49-K49 -> -14.52 | Q49: =N49/K49 -> 0.9516 | S49: 0.39930556 | T49: 0.43402778 | U49: =(S49-T48)*24*60 -> 7 | V49: =(T49-S49)*24*60 -> 50 | AA49: =M49-J49 -> -145.2 | AB49: =M49/J49 -> 0.9516
A50: 新豐3線 | B50: 調理麵包 | C50: 排骨雞起司炒麵麵包 | E50: 31 | F50: 3681 | G50: =E50*F50 -> 114111 | I50: 13 | J50: 2000 | K50: =J50/I50 -> 153.84615 | L50: 13 | M50: =F50/V50*60 -> 1903.9655 | N50: =M50/L50 -> 146.45889 | O50: =L50-I50 -> 0 | P50: =N50-K50 -> -7.3872679 | Q50: =N50/K50 -> 0.95198276 | S50: 0.43819444 | T50: 0.51875 | U50: =(S50-T49)*24*60 -> 6 | V50: =(T50-S50)*24*60 -> 116 | W50: =T50 -> 0.51875 | X50: =S51 -> 0.55902778 | AA50: =M50-J50 -> -96.034483 | AB50: =M50/J50 -> 0.95198276
A51: 新豐3線 | B51: 調理麵包 | C51: 豬肉起司蛋堡 | E51: 27.17 | F51: 2965 | G51: =E51*F51 -> 80559.05 | I51: 10 | J51: 3000 | K51: =J51/I51 -> 300 | L51: 10 | M51: =F51/V51*60 -> 2869.3548 | N51: =M51/L51 -> 286.93548 | O51: =L51-I51 -> 0 | P51: =N51-K51 -> -13.064516 | Q51: =N51/K51 -> 0.95645161 | S51: 0.55902778 | T51: 0.60208333 | U51: =(S51-T50)*24*60 -> 58 | V51: =(T51-S51)*24*60 -> 62 | AA51: =M51-J51 -> -130.64516 | AB51: =M51/J51 -> 0.95645161
A52: 新豐3線 | B52: 平均 | I52: 10.125 | J52: 2875 | K52: =J52/I52 -> 283.95062 | L52: 10.125 | M52: =AVERAGE(M44:M51) -> 2746.2977 | N52: =M52/L52 -> 271.23928 | O52: =L52-I52 -> 0 | P52: =N52-K52 -> -12.711337 | Q52: =N52/K52 -> 0.95523399 | AA52: =M52-J52 -> -128.70229 | AB52: =M52/J52 -> 0.95523399
A53: 新豐1線 | B53: 沙拉 | C53: 蔥鹽雞肉麵沙拉(114年) | E53: 46 | F53: 2482 | G53: =E53*F53 -> 114172 | I53: 17 | J53: 2000 | K53: =J53/I53 -> 117.64706 | L53: 17 | M53: =F53/V53*60 -> 1909.2308 | N53: =M53/L53 -> 112.30769 | O53: =L53-I53 -> 0 | P53: =N53-K53 -> -5.3393665 | Q53: =N53/K53 -> 0.95461538 | R53: =Q59 -> 0.959629 | S53: 0.20833333 | T53: 0.2625 | V53: =(T53-S53)*24*60 -> 78 | AA53: =M53-J53 -> -90.769231 | AB53: =M53/J53 -> 0.95461538 | AC53: =AB59 -> 0.959629
A54: 新豐1線 | B54: 沙拉 | C54: 莎莎烤雞麵沙拉 | E54: 46 | F54: 2641 | G54: =E54*F54 -> 121486 | I54: 17 | J54: 2000 | K54: =J54/I54 -> 117.64706 | L54: 17 | M54: =F54/V54*60 -> 1909.1566 | N54: =M54/L54 -> 112.30333 | O54: =L54-I54 -> 0 | P54: =N54-K54 -> -5.3437279 | Q54: =N54/K54 -> 0.95457831 | S54: 0.26736111 | T54: 0.325 | U54: =IF(S54=TIME(17,0,0),"",(S54-T53)*24*60) -> 7 | V54: =(T54-S54)*24*60 -> 83 | AA54: =M54-J54 -> -90.843373 | AB54: =M54/J54 -> 0.95457831
A55: 新豐1線 | B55: 微波主食 | C55: 二配香辣醬蒜味香腸蛋炒飯 | E55: 55.56 | F55: 2394 | G55: =E55*F55 -> 133010.64 | I55: 17 | J55: 2000 | K55: =J55/I55 -> 117.64706 | L55: 17 | M55: =F55/V55*60 -> 1915.2 | N55: =M55/L55 -> 112.65882 | O55: =L55-I55 -> 0 | P55: =N55-K55 -> -4.9882353 | Q55: =N55/K55 -> 0.9576 | S55: 0.70833333 | T55: 0.76041667 | U55: =IF(S55=TIME(17,0,0),"",(S55-T54)*24*60) | V55: =(T55-S55)*24*60 -> 75 | AA55: =M55-J55 -> -84.8 | AB55: =M55/J55 -> 0.9576
A56: 新豐1線 | B56: 微波主食 | C56: 二配香拌海鮮醬肉絲蛋炒飯 | E56: 55.32 | F56: 1829 | G56: =E56*F56 -> 101180.28 | I56: 15 | J56: 2000 | K56: =J56/I56 -> 133.33333 | L56: 15 | M56: =F56/V56*60 -> 1925.2632 | N56: =M56/L56 -> 128.35088 | O56: =L56-I56 -> 0 | P56: =N56-K56 -> -4.9824561 | Q56: =N56/K56 -> 0.96263158 | S56: 0.76527778 | T56: 0.80486111 | U56: =IF(S56=TIME(17,0,0),"",(S56-T55)*24*60) -> 7 | V56: =(T56-S56)*24*60 -> 57 | AA56: =M56-J56 -> -74.736842 | AB56: =M56/J56 -> 0.96263158
A57: 新豐1線 | B57: 微波主食 | C57: 二配起司控培根白醬焗烤飯 | E57: 53.68 | F57: 1000 | G57: =E57*F57 -> 53680 | H57: 2 | I57: 16 | J57: 1500 | K57: =J57/I57 -> 93.75 | L57: 16 | M57: =F57/V57*60 -> 1463.4146 | N57: =M57/L57 -> 91.463415 | O57: =L57-I57 -> 0 | P57: =N57-K57 -> -2.2865854 | Q57: =N57/K57 -> 0.97560976 | S57: 0.81041667 | T57: 0.83888889 | U57: =IF(S57=TIME(17,0,0),"",(S57-T56)*24*60) -> 8 | V57: =(T57-S57)*24*60 -> 41 | W57: =T57 -> 0.83888889 | X57: =S58 -> 0.87777778 | AA57: =M57-J57 -> -36.585366 | AB57: =M57/J57 -> 0.97560976
A58: 新豐1線 | B58: 微波主食 | C58: 二配起司控培根白醬焗烤飯 | E58: 53.68 | F58: 2485 | G58: =E58*F58 -> 133394.8 | I58: 16 | J58: 1500 | K58: =J58/I58 -> 93.75 | L58: 16 | M58: =F58/V58*60 -> 1433.6538 | N58: =M58/L58 -> 89.603365 | O58: =L58-I58 -> 0 | P58: =N58-K58 -> -4.1466346 | Q58: =N58/K58 -> 0.95576923 | S58: 0.87777778 | T58: 0.95 | U58: =IF(S58=TIME(17,0,0),"",(S58-T57)*24*60) -> 56 | V58: =(T58-S58)*24*60 -> 104 | AA58: =M58-J58 -> -66.346154 | AB58: =M58/J58 -> 0.95576923
A59: 新豐1線 | B59: 平均 | I59: 16.333333 | J59: 1833.3333 | K59: =J59/I59 -> 112.2449 | L59: 16.333333 | M59: =AVERAGE(M53:M58) -> 1759.3198 | N59: =M59/L59 -> 107.71346 | O59: =L59-I59 -> 0 | P59: =N59-K59 -> -4.5314384 | Q59: =N59/K59 -> 0.959629 | AA59: =M59-J59 -> -74.013494 | AB59: =M59/J59 -> 0.959629
A60: 新豐10線 | B60: 沙拉 | C60: 溏心蛋洋芋沙拉 | E60: 26.97 | F60: 3210 | G60: =E60*F60 -> 86573.7 | I60: 8 | J60: 1500 | K60: =J60/I60 -> 187.5 | L60: 8 | M60: =F60/V60*60 -> 1437.3134 | N60: =M60/L60 -> 179.66418 | O60: =L60-I60 -> 0 | P60: =N60-K60 -> -7.8358209 | Q60: =N60/K60 -> 0.95820896 | R60: =Q64 -> 0.95922137 | S60: 0.20833333 | T60: 0.30138889 | V60: =(T60-S60)*24*60 -> 134 | AA60: =M60-J60 -> -62.686567 | AB60: =M60/J60 -> 0.95820896 | AC60: =AB64 -> 0.95922137
A61: 新豐10線 | B61: 調理麵包 | C61: 香雞蛋堡(112年) | E61: 26.78 | F61: 2783 | G61: =E61*F61 -> 74528.74 | I61: 10 | J61: 3000 | K61: =J61/I61 -> 300 | L61: 10 | M61: =F61/V61*60 -> 2878.9655 | N61: =M61/L61 -> 287.89655 | O61: =L61-I61 -> 0 | P61: =N61-K61 -> -12.103448 | Q61: =N61/K61 -> 0.95965517 | S61: 0.30486111 | T61: 0.34513889 | U61: =(S61-T60)*24*60 -> 5 | V61: =(T61-S61)*24*60 -> 58 | AA61: =M61-J61 -> -121.03448 | AB61: =M61/J61 -> 0.95965517
A62: 新豐10線 | B62: 調理麵包 | C62: 蜂蜜芥末辣雞堡 | E62: 37.88 | F62: 3162 | G62: =E62*F62 -> 119776.56 | I62: 10 | J62: 3000 | K62: =J62/I62 -> 300 | L62: 10 | M62: =F62/V62*60 -> 2874.5455 | N62: =M62/L62 -> 287.45455 | O62: =L62-I62 -> 0 | P62: =N62-K62 -> -12.545455 | Q62: =N62/K62 -> 0.95818182 | S62: 0.35069444 | T62: 0.39652778 | U62: =(S62-T61)*24*60 -> 8 | V62: =(T62-S62)*24*60 -> 66 | AA62: =M62-J62 -> -125.45455 | AB62: =M62/J62 -> 0.95818182
A63: 新豐10線 | B63: 調理麵包 | C63: 經典美式起司巨牛堡 | E63: 40.51 | F63: 2881 | G63: =E63*F63 -> 116709.31 | I63: 8 | J63: 3000 | K63: =J63/I63 -> 375 | L63: 8 | M63: =F63/V63*60 -> 2881 | N63: =M63/L63 -> 360.125 | O63: =L63-I63 -> 0 | P63: =N63-K63 -> -14.875 | Q63: =N63/K63 -> 0.96033333 | S63: 0.40208333 | T63: 0.44375 | U63: =(S63-T62)*24*60 -> 8 | V63: =(T63-S63)*24*60 -> 60 | AA63: =M63-J63 -> -119 | AB63: =M63/J63 -> 0.96033333
A64: 新豐10線 | B64: 平均 | I64: 9 | J64: 2625 | K64: =J64/I64 -> 291.66667 | L64: 9 | M64: =AVERAGE(M60:M63) -> 2517.9561 | N64: =M64/L64 -> 279.7729 | O64: =L64-I64 -> 0 | P64: =N64-K64 -> -11.893767 | Q64: =N64/K64 -> 0.95922137 | AA64: =M64-J64 -> -107.0439 | AB64: =M64/J64 -> 0.95922137
A65: 新豐4線 | B65: 三明治 | C65: 香鬆起司蛋三明治(114年) | E65: 20.2 | F65: 2712 | G65: =E65*F65 -> 54782.4 | I65: 19 | J65: 2400 | K65: =J65/I65 -> 126.31579 | L65: 19 | M65: =F65/V65*60 -> 2291.831 | N65: =M65/L65 -> 120.62268 | O65: =L65-I65 -> 0 | P65: =N65-K65 -> -5.693106 | Q65: =N65/K65 -> 0.95492958 | R65: =Q75 -> 0.95600202 | S65: 0.083333333 | T65: 0.13263889 | V65: =(T65-S65)*24*60 -> 71 | W65: =T65 -> 0.13263889 | X65: =S66 -> 0.15138889 | AA65: =M65-J65 -> -108.16901 | AB65: =M65/J65 -> 0.95492958 | AC65: =AB75 -> 0.95600202
A66: 新豐4線 | B66: 三明治 | C66: 瘋狂起司三明治(113年) | E66: 24.45 | F66: 2943 | G66: =E66*F66 -> 71956.35 | I66: 20 | J66: 2400 | K66: =J66/I66 -> 120 | L66: 20 | M66: =F66/V66*60 -> 2293.2468 | N66: =M66/L66 -> 114.66234 | O66: =L66-I66 -> 0 | P66: =N66-K66 -> -5.3376623 | Q66: =N66/K66 -> 0.95551948 | S66: 0.15138889 | T66: 0.20486111 | U66: =(S66-T65)*24*60 -> 27 | V66: =(T66-S66)*24*60 -> 77 | AA66: =M66-J66 -> -106.75325 | AB66: =M66/J66 -> 0.95551948
A67: 新豐4線 | B67: 三明治 | C67: 藍莓優格三明治(114年) | E67: 22.35 | F67: 2225 | G67: =E67*F67 -> 49728.75 | I67: 16 | J67: 2400 | K67: =J67/I67 -> 150 | L67: 16 | M67: =F67/V67*60 -> 2301.7241 | N67: =M67/L67 -> 143.85776 | O67: =L67-I67 -> 0 | P67: =N67-K67 -> -6.1422414 | Q67: =N67/K67 -> 0.95905172 | S67: 0.20902778 | T67: 0.24930556 | U67: =(S67-T66)*24*60 -> 6 | V67: =(T67-S67)*24*60 -> 58 | AA67: =M67-J67 -> -98.275862 | AB67: =M67/J67 -> 0.95905172
A68: 新豐4線 | B68: 三明治 | C68: 泰奶奶蓋QQ三明治 | E68: 24.25 | F68: 2861 | G68: =E68*F68 -> 69379.25 | I68: 13 | J68: 2400 | K68: =J68/I68 -> 184.61538 | L68: 13 | M68: =F68/V68*60 -> 2288.8 | N68: =M68/L68 -> 176.06154 | O68: =L68-I68 -> 0 | P68: =N68-K68 -> -8.5538462 | Q68: =N68/K68 -> 0.95366667 | S68: 0.25277778 | T68: 0.30486111 | U68: =(S68-T67)*24*60 -> 5 | V68: =(T68-S68)*24*60 -> 75 | AA68: =M68-J68 -> -111.2 | AB68: =M68/J68 -> 0.95366667
A69: 新豐4線 | B69: 三明治 | C69: 輕乳酪巧克力三明治 | E69: 20.52 | F69: 3781 | G69: =E69*F69 -> 77586.12 | I69: 18 | J69: 2400 | K69: =J69/I69 -> 133.33333 | L69: 18 | M69: =F69/V69*60 -> 2291.5152 | N69: =M69/L69 -> 127.3064 | O69: =L69-I69 -> 0 | P69: =N69-K69 -> -6.026936 | Q69: =N69/K69 -> 0.95479798 | S69: 0.30902778 | T69: 0.37777778 | U69: =(S69-T68)*24*60 -> 6 | V69: =(T69-S69)*24*60 -> 99 | AA69: =M69-J69 -> -108.48485 | AB69: =M69/J69 -> 0.95479798
A70: 新豐4線 | B70: 三明治 | C70: 檸檬紅茶三明治 | E70: 22.69 | F70: 3600 | G70: =E70*F70 -> 81684 | H70: 2 | I70: 15 | J70: 2400 | K70: =J70/I70 -> 160 | L70: 15 | M70: =F70/V70*60 -> 2297.8723 | N70: =M70/L70 -> 153.19149 | O70: =L70-I70 -> 0 | P70: =N70-K70 -> -6.8085106 | Q70: =N70/K70 -> 0.95744681 | S70: 0.38194444 | T70: 0.44722222 | U70: =(S70-T69)*24*60 -> 6 | V70: =(T70-S70)*24*60 -> 94 | AA70: =M70-J70 -> -102.12766 | AB70: =M70/J70 -> 0.95744681
A71: 新豐4線 | B71: 三明治 | C71: 經典火腿玉米蛋三明治 | E71: 24.43 | F71: 3500 | G71: =E71*F71 -> 85505 | H71: 2 | I71: 14 | J71: 2400 | K71: =J71/I71 -> 171.42857 | L71: 14 | M71: =F71/V71*60 -> 2307.6923 | N71: =M71/L71 -> 164.83516 | O71: =L71-I71 -> 0 | P71: =N71-K71 -> -6.5934066 | Q71: =N71/K71 -> 0.96153846 | S71: 0.45138889 | T71: 0.51458333 | U71: =(S71-T70)*24*60 -> 6 | V71: =(T71-S71)*24*60 -> 91 | W71: =T71 -> 0.51458333 | X71: =S72 -> 0.55347222 | AA71: =M71-J71 -> -92.307692 | AB71: =M71/J71 -> 0.96153846
A72: 新豐4線 | B72: 三明治 | C72: 經典火腿玉米蛋三明治 | E72: 24.43 | F72: 5203 | G72: =E72*F72 -> 127109.29 | I72: 14 | J72: 2400 | K72: =J72/I72 -> 171.42857 | L72: 14 | M72: =F72/V72*60 -> 2295.4412 | N72: =M72/L72 -> 163.96008 | O72: =L72-I72 -> 0 | P72: =N72-K72 -> -7.4684874 | Q72: =N72/K72 -> 0.95643382 | S72: 0.55347222 | T72: 0.64791667 | U72: =(S72-T71)*24*60 -> 56 | V72: =(T72-S72)*24*60 -> 136 | AA72: =M72-J72 -> -104.55882 | AB72: =M72/J72 -> 0.95643382
A73: 新豐4線 | B73: 三明治 | C73: 檸檬紅茶三明治 | E73: 22.69 | F73: 2211 | G73: =E73*F73 -> 50167.59 | I73: 15 | J73: 2400 | K73: =J73/I73 -> 160 | L73: 15 | M73: =F73/V73*60 -> 2287.2414 | N73: =M73/L73 -> 152.48276 | O73: =L73-I73 -> 0 | P73: =N73-K73 -> -7.5172414 | Q73: =N73/K73 -> 0.95301724 | S73: 0.65277778 | T73: 0.69305556 | U73: =(S73-T72)*24*60 -> 7 | V73: =(T73-S73)*24*60 -> 58 | AA73: =M73-J73 -> -112.75862 | AB73: =M73/J73 -> 0.95301724
A74: 新豐4線 | B74: 三明治 | C74: 醬燒烤雞三明治 | E74: 26.39 | F74: 2899 | G74: =E74*F74 -> 76504.61 | I74: 19 | J74: 2400 | K74: =J74/I74 -> 126.31579 | L74: 19 | M74: =F74/V74*60 -> 2288.6842 | N74: =M74/L74 -> 120.45706 | O74: =L74-I74 -> 0 | P74: =N74-K74 -> -5.8587258 | Q74: =N74/K74 -> 0.95361842 | S74: 0.69722222 | T74: 0.75 | U74: =(S74-T73)*24*60 -> 6 | V74: =(T74-S74)*24*60 -> 76 | AA74: =M74-J74 -> -111.31579 | AB74: =M74/J74 -> 0.95361842
A75: 新豐4線 | B75: 平均 | I75: 16.3 | J75: 2400 | K75: =J75/I75 -> 147.23926 | L75: 16.3 | M75: =AVERAGE(M65:M74) -> 2294.4048 | N75: =M75/L75 -> 140.76103 | O75: =L75-I75 -> 0 | P75: =N75-K75 -> -6.4782304 | Q75: =N75/K75 -> 0.95600202 | AA75: =M75-J75 -> -105.59516 | AB75: =M75/J75 -> 0.95600202

Sheet 1129
B1: 屏榮 新豐廠組合室生產人時性分析
B3: 日期 | C3: =TEXT('1129 4度C'!A2,"yyyy.mm.ddaaaa") -> 2025.11.29星期六 | E3: 訂單量 | F3: ='1129 4度C'!D1 -> 148451 | H3: 營業額 | I3: ='1129 4度C'!F1 -> 5011799.3
B4: 人時性 | C4: 項目 | E4: ➀ | G4: ➁ | I4: ➂
C5: 組合室 | E5: 全溫層 | G5: 4度C-各編組展開 | I5: ③三明治-各編組展開
C6: 排關平均 | E6: =AVERAGE(D13:M13) -> 153.17886 | F6: =AVERAGE(D27:O27,D13:J13) -> 158.951 | G6: =AVERAGE(D13:J13) -> 158.951 | I6: =AVERAGE(K13:M13) -> 139.71052
C7: 實績平均 | E7: =AVERAGE(D14:M14) -> 146.82199 | F7: =AVERAGE(D28:O28,D14:J14) -> 152.41674 | G7: =AVERAGE(D14:J14) -> 152.41674 | I7: =AVERAGE(K14:M14) -> 133.76756
C8: 達成率平均 | E8: =AVERAGE(D15:M15) -> 0.95866219 | F8: =AVERAGE(D15:J15,D29:O29) -> 0.95921772 | G8: =AVERAGE(D15:J15) -> 0.95921772 | I8: =AVERAGE(K15:M15) -> 0.95736596 | K8: ※現行日本鮮食廠以達成率80%為基本(即為現行KPI)
B10: 溫層 | D10: ➁4度C-各編組展開 | K10: ③三明治-各編組展開
B11: 編組 | D11: 1 | E11: 2 | F11: 3 | G11: 4 | H11: 5 | I11: 6 | J11: 7 | K11: 1 | L11: 2 | M11: 3
D12: 新豐6線 | E12: 新豐2線 | F12: 新豐5線 | G12: 新豐7線 | H12: 新豐3線 | I12: 新豐1線 | J12: 新豐10線 | K12: 新豐8線 | L12: 新豐9線 | M12: 新豐4線
B13: 人時性 | C13: 排關 | D13: =SUMIFS('1129 4度C'!$K:$K,'1129 4度C'!$A:$A,"新豐6線",'1129 4度C'!$B:$B,"平均") -> 133.33333 | E13: =SUMIFS('1129 4度C'!$K:$K,'1129 4度C'!$A:$A,"新豐2線",'1129 4度C'!$B:$B,"平均") -> 81.081081 | F13: =SUMIFS('1129 4度C'!$K:$K,'1129 4度C'!$A:$A,"新豐5線",'1129 4度C'!$B:$B,"平均") -> 97.826087 | G13: =SUMIFS('1129 4度C'!$K:$K,'1129 4度C'!$A:$A,"新豐7線",'1129 4度C'!$B:$B,"平均") -> 114.81481 | H13: =SUMIFS('1129 4度C'!$K:$K,'1129 4度C'!$A:$A,"新豐3線",'1129 4度C'!$B:$B,"平均") -> 281.69014 | I13: =SUMIFS('1129 4度C'!$K:$K,'1129 4度C'!$A:$A,"新豐1線",'1129 4度C'!$B:$B,"平均") -> 112.2449 | J13: =SUMIFS('1129 4度C'!$K:$K,'1129 4度C'!$A:$A,"新豐10線",'1129 4度C'!$B:$B,"平均") -> 291.66667 | K13: =SUMIFS('1129 4度C'!$K:$K,'1129 4度C'!$A:$A,"新豐8線",'1129 4度C'!$B:$B,"平均") -> 131.86813 | L13: =SUMIFS('1129 4度C'!$K:$K,'1129 4度C'!$A:$A,"新豐9線",'1129 4度C'!$B:$B,"平均") -> 141.17647 | M13: =SUMIFS('1129 4度C'!$K:$K,'1129 4度C'!$A:$A,"新豐4線",'1129 4度C'!$B:$B,"平均") -> 146.08696
C14: 實績 | D14: =SUMIFS('1129 4度C'!$N:$N,'1129 4度C'!$A:$A,"新豐6線",'1129 4度C'!$B:$B,"平均") -> 127.97414 | E14: =SUMIFS('1129 4度C'!$N:$N,'1129 4度C'!$A:$A,"新豐2線",'1129 4度C'!$B:$B,"平均") -> 77.87338 | F14: =SUMIFS('1129 4度C'!$N:$N,'1129 4度C'!$A:$A,"新豐5線",'1129 4度C'!$B:$B,"平均") -> 93.733428 | G14: =SUMIFS('1129 4度C'!$N:$N,'1129 4度C'!$A:$A,"新豐7線",'1129 4度C'!$B:$B,"平均") -> 110.56693 | H14: =SUMIFS('1129 4度C'!$N:$N,'1129 4度C'!$A:$A,"新豐3線",'1129 4度C'!$B:$B,"平均") -> 270.10424 | I14: =SUMIFS('1129 4度C'!$N:$N,'1129 4度C'!$A:$A,"新豐1線",'1129 4度C'!$B:$B,"平均") -> 107.38664 | J14: =SUMIFS('1129 4度C'!$N:$N,'1129 4度C'!$A:$A,"新豐10線",'1129 4度C'!$B:$B,"平均") -> 279.27843 | K14: =SUMIFS('1129 4度C'!$N:$N,'1129 4度C'!$A:$A,"新豐8線",'1129 4度C'!$B:$B,"平均") -> 125.89148 | L14: =SUMIFS('1129 4度C'!$N:$N,'1129 4度C'!$A:$A,"新豐9線",'1129 4度C'!$B:$B,"平均") -> 135.09506 | M14: =SUMIFS('1129 4度C'!$N:$N,'1129 4度C'!$A:$A,"新豐4線",'1129 4度C'!$B:$B,"平均") -> 140.31615
C15: 達成率 | D15: =D14/D13 -> 0.95980608 | E15: =E14/E13 -> 0.96043836 | F15: =F14/F13 -> 0.95816393 | G15: =G14/G13 -> 0.96300226 | H15: =H14/H13 -> 0.95887005 | I15: =I14/I13 -> 0.95671731 | J15: =J14/J13 -> 0.95752603 | K15: =K14/K13 -> 0.95467706 | ... M15: =M14/M13 -> 0.96049748
B16: 作業 時間 | C16: 開始 | D16: =VLOOKUP("新豐6線",'1129 4度C'!$A:$T,19,0) -> 0.70833333 | E16: =VLOOKUP("新豐2線",'1129 4度C'!$A:$T,19,0) -> 0.20833333 | F16: =VLOOKUP("新豐5線",'1129 4度C'!$A:$T,19,0) -> 0.125 | G16: =VLOOKUP("新豐7線",'1129 4度C'!$A:$T,19,0) -> 0.20833333 | H16: =VLOOKUP("新豐3線",'1129 4度C'!$A:$T,19,0) -> 0.083333333 | I16: =VLOOKUP("新豐1線",'1129 4度C'!$A:$T,19,0) -> 0.20833333 | J16: =VLOOKUP("新豐10線",'1129 4度C'!$A:$T,19,0) -> 0.20833333 | K16: =VLOOKUP("新豐8線",'1129 4度C'!$A:$T,19,0) -> 0.083333333 | L16: =VLOOKUP("新豐9線",'1129 4度C'!$A:$T,19,0) -> 0.083333333 | M16: =VLOOKUP("新豐4線",'1129 4度C'!$A:$T,19,0) -> 0.083333333
C17: 結束 | D17: =LOOKUP(2,1/(('1129 4度C'!$A:$A="新豐6線")*('1129 4度C'!$T:$T<>"")),'1129 4度C'!$T:$T) -> 0.85416667 | E17: =LOOKUP(2,1/(('1129 4度C'!$A:$A="新豐2線")*('1129 4度C'!$T:$T<>"")),'1129 4度C'!$T:$T) -> 0.40069444 | F17: =LOOKUP(2,1/(('1129 4度C'!$A:$A="新豐5線")*('1129 4度C'!$T:$T<>"")),'1129 4度C'!$T:$T) -> 0.84791667 | G17: =LOOKUP(2,1/(('1129 4度C'!$A:$A="新豐7線")*('1129 4度C'!$T:$T<>"")),'1129 4度C'!$T:$T) -> 0.83472222 | H17: =LOOKUP(2,1/(('1129 4度C'!$A:$A="新豐3線")*('1129 4度C'!$T:$T<>"")),'1129 4度C'!$T:$T) -> 0.45625 | I17: =LOOKUP(2,1/(('1129 4度C'!$A:$A="新豐1線")*('1129 4度C'!$T:$T<>"")),'1129 4度C'!$T:$T) -> 0.92638889 | J17: =LOOKUP(2,1/(('1129 4度C'!$A:$A="新豐10線")*('1129 4度C'!$T:$T<>"")),'1129 4度C'!$T:$T) -> 0.40486111 | K17: =LOOKUP(2,1/(('1129 4度C'!$A:$A="新豐8線")*('1129 4度C'!$T:$T<>"")),'1129 4度C'!$T:$T) -> 0.52847222 | L17: =LOOKUP(2,1/(('1129 4度C'!$A:$A="新豐9線")*('1129 4度C'!$T:$T<>"")),'1129 4度C'!$T:$T) -> 0.61388889 | M17: =LOOKUP(2,1/(('1129 4度C'!$A:$A="新豐4線")*('1129 4度C'!$T:$T<>"")),'1129 4度C'!$T:$T) -> 0.52222222
B18: 配置人數 | D18: =SUMIFS('1129 4度C'!$I:$I,'1129 4度C'!$A:$A,"新豐6線",'1129 4度C'!$B:$B,"平均") -> 15 | E18: =SUMIFS('1129 4度C'!$I:$I,'1129 4度C'!$A:$A,"新豐2線",'1129 4度C'!$B:$B,"平均") -> 18.5 | F18: =SUMIFS('1129 4度C'!$I:$I,'1129 4度C'!$A:$A,"新豐5線",'1129 4度C'!$B:$B,"平均") -> 18.4 | G18: =SUMIFS('1129 4度C'!$I:$I,'1129 4度C'!$A:$A,"新豐7線",'1129 4度C'!$B:$B,"平均") -> 16.875 | H18: =SUMIFS('1129 4度C'!$I:$I,'1129 4度C'!$A:$A,"新豐3線",'1129 4度C'!$B:$B,"平均") -> 10.142857 | I18: =SUMIFS('1129 4度C'!$I:$I,'1129 4度C'!$A:$A,"新豐1線",'1129 4度C'!$B:$B,"平均") -> 16.333333 | J18: =SUMIFS('1129 4度C'!$I:$I,'1129 4度C'!$A:$A,"新豐10線",'1129 4度C'!$B:$B,"平均") -> 9 | K18: =SUMIFS('1129 4度C'!$I:$I,'1129 4度C'!$A:$A,"新豐8線",'1129 4度C'!$B:$B,"平均") -> 18.2 | L18: =SUMIFS('1129 4度C'!$I:$I,'1129 4度C'!$A:$A,"新豐9線",'1129 4度C'!$B:$B,"平均") -> 17 | M18: =SUMIFS('1129 4度C'!$I:$I,'1129 4度C'!$A:$A,"新豐4線",'1129 4度C'!$B:$B,"平均") -> 16.428571
B19: 主要應用設備 | D19: ET-55 | E19: 熱縮爐 | F19: L型包裝機 | G19: L型包裝機 | H19: 伺服包裝機 | I19: ET-55 | J19: 伺服包裝機 | K19: 三明治包裝機 | L19: 三明治包裝機 | M19: 三明治包裝機
B20: 次要應用設備 | F20: 圓盤機 | G20: ET-55
B21: 備註 | E21: 握沙拉 | F21: 共用L型包裝機 | H21: 調理麵包 | I21: 炒飯+沙拉 | J21: 調理麵包

Sheet 1129 4度C
A1: 新豐廠四度C日報分析 | C1: 總生產量 | D1: =SUM(F5:F67) -> 148451 | E1: 營業額 | F1: =SUM(G5:G67) -> 5011799.3 | G1: 出勤人數 | H1: =L8+L11+L47+L54+L17+L59+L32+L39+L26+L67 -> 155.87976 | I1: 產線配置圖 | L1: 生產實績 | O1: 人時性差異分析 | S1: 日報登錄 | Y1: 分析說明 | AA1: 產能差異分析
A2: 45990 | B2: 星期六 | C2: 人時性 | D2: =AVERAGE(N8,N11,N47,N54,N17,N59,N26,N32,N39,N67) -> 146.82199 | E2: 平均廠價 | F2: =F1/D1 -> 33.76063 | G2: 多次生產數 | H2: =COUNT(H5:H67) -> 2
A3: 線別 | B3: 品類 | C3: 品名 | E3: 廠價 | F3: 生產量 | G3: 營收 | H3: 多次 生產 | I3: 人數 | J3: 產能/時 | K3: 人時性 | L3: 人數 | M3: 產能/時 | N3: 人時性 | O3: 人數 | P3: 人時性 | Q3: 達成率 | R3: 達成率平均 | S3: 生產時間 | U3: 換線、休息/分 | V3: 稼動時間/分 | W3: 休息時間 | Y3: (新豐回填) | AA3: 產能/時 | AB3: 達成率 | AC3: 達成率平均
S4: 開始 | T4: 結束 | W4: 開始 | X4: 結束
A5: 新豐6線 | B5: 微波主食 | C5: 二配港式香滑嫩蛋牛肉燴飯 | E5: 50.67 | F5: 1550 | G5: =E5*F5 -> 78538.5 | I5: 17 | J5: 2000 | K5: =J5/I5 -> 117.64706 | L5: 17 | M5: =F5/V5*60 -> 1937.5 | N5: =M5/L5 -> 113.97059 | O5: =L5-I5 -> 0 | P5: =N5-K5 -> -3.6764706 | Q5: =N5/K5 -> 0.96875 | R5: =Q8 -> 0.95980608 | S5: 0.70833333 | T5: 0.74166667 | V5: =(T5-S5)*24*60 -> 48 | AA5: =M5-J5 -> -62.5 | AB5: =M5/J5 -> 0.96875 | AC5: =AB8 -> 0.95980608
A6: 新豐6線 | B6: 微波主食 | C6: 二配川味麻婆燒豆腐燴飯 | E6: 50.49 | F6: 1821 | G6: =E6*F6 -> 91942.29 | I6: 15 | J6: 2000 | K6: =J6/I6 -> 133.33333 | L6: 15 | M6: =F6/V6*60 -> 1916.8421 | N6: =M6/L6 -> 127.78947 | O6: =L6-I6 -> 0 | P6: =N6-K6 -> -5.5438596 | Q6: =N6/K6 -> 0.95842105 | S6: 0.74722222 | T6: 0.78680556 | U6: =IF(S6=TIME(17,0,0),"",(S6-T5)*24*60) -> 8 | V6: =(T6-S6)*24*60 -> 57 | AA6: =M6-J6 -> -83.157895 | AB6: =M6/J6 -> 0.95842105
A7: 新豐6線 | B7: 微波主食 | C7: 二配厚香料咖哩雞排飯 | E7: 57.3 | F7: 2825 | G7: =E7*F7 -> 161872.5 | I7: 13 | J7: 2000 | K7: =J7/I7 -> 153.84615 | L7: 13 | M7: =F7/V7*60 -> 1904.4944 | N7: =M7/L7 -> 146.49957 | O7: =L7-I7 -> 0 | P7: =N7-K7 -> -7.346586 | Q7: =N7/K7 -> 0.95224719 | S7: 0.79236111 | T7: 0.85416667 | U7: =IF(S7=TIME(17,0,0),"",(S7-T6)*24*60) -> 8 | V7: =(T7-S7)*24*60 -> 89 | AA7: =M7-J7 -> -95.505618 | AB7: =M7/J7 -> 0.95224719
A8: 新豐6線 | B8: 平均 | I8: 15 | J8: 2000 | K8: =J8/I8 -> 133.33333 | L8: 15 | M8: =AVERAGE(M5:M7) -> 1919.6122 | N8: =M8/L8 -> 127.97414 | O8: =L8-I8 -> 0 | P8: =N8-K8 -> -5.3591892 | Q8: =N8/K8 -> 0.95980608 | AA8: =M8-J8 -> -80.387838 | AB8: =M8/J8 -> 0.95980608
A9: 新豐2線 | B9: 沙拉 | C9: 韓式泡菜豆腐握沙拉 | E9: 39.36 | F9: 1210 | G9: =E9*F9 -> 47625.6 | I9: 20 | J9: 1500 | K9: =J9/I9 -> 75 | L9: 20 | M9: =F9/V9*60 -> 1452 | N9: =M9/L9 -> 72.6 | O9: =L9-I9 -> 0 | P9: =N9-K9 -> -2.4 | Q9: =N9/K9 -> 0.968 | R9: =Q11 -> 0.96043836 | S9: 0.20833333 | T9: 0.24305556 | V9: =(T9-S9)*24*60 -> 50 | AA9: =M9-J9 -> -48 | AB9: =M9/J9 -> 0.968 | AC9: =AB11 -> 0.96043836
A10: 新豐2線 | B10: 沙拉 | C10: 青檸烤雞握沙拉(113年) | E10: 39.8 | F10: 5217 | G10: =E10*F10 -> 207636.6 | I10: 17 | J10: 1500 | K10: =J10/I10 -> 88.235294 | L10: 17 | M10: =F10/V10*60 -> 1429.3151 | N10: =M10/L10 -> 84.077357 | O10: =L10-I10 -> 0 | P10: =N10-K10 -> -4.1579371 | Q10: =N10/K10 -> 0.95287671 | S10: 0.24861111 | T10: 0.40069444 | U10: =IF(S10=TIME(17,0,0),"",(S10-T9)*24*60) -> 8 | V10: =(T10-S10)*24*60 -> 219 | AA10: =M10-J10 -> -70.684932 | AB10: =M10/J10 -> 0.95287671
A11: 新豐2線 | B11: 平均 | I11: 18.5 | J11: 1500 | K11: =J11/I11 -> 81.081081 | L11: 18.5 | M11: =AVERAGE(M9:M10) -> 1440.6575 | N11: =M11/L11 -> 77.87338 | O11: =L11-I11 -> 0 | P11: =N11-K11 -> -3.2077009 | Q11: =N11/K11 -> 0.96043836 | AA11: =M11-J11 -> -59.342466 | AB11: =M11/J11 -> 0.96043836
A12: 新豐5線 | B12: 小吃 | C12: 剝皮辣椒雞湯 | E12: 41 | F12: 2103 | G12: =E12*F12 -> 86223 | I12: 26 | J12: 1500 | K12: =J12/I12 -> 57.692308 | L12: 26 | M12: =F12/V12*60 -> 1433.8636 | N12: =M12/L12 -> 55.148601 | O12: =L12-I12 -> 0 | P12: =N12-K12 -> -2.5437063 | Q12: =N12/K12 -> 0.95590909 | R12: =Q17 -> 0.95816393 | S12: 0.125 | T12: 0.18611111 | V12: =(T12-S12)*24*60 -> 88 | W12: =T12 -> 0.18611111 | X12: =S13 -> 0.20486111 | AA12: =M12-J12 -> -66.136364 | AB12: =M12/J12 -> 0.95590909 | AC12: =AB17 -> 0.95816393
A13: 新豐5線 | B13: 沙拉 | C13: 青醬優格雞肉握沙拉(113年) | E13: 39.62 | F13: 3361 | G13: =E13*F13 -> 133162.82 | I13: 19 | J13: 1500 | K13: =J13/I13 -> 78.947368 | L13: 19 | M13: =F13/V13*60 -> 1430.2128 | N13: =M13/L13 -> 75.274356 | O13: =L13-I13 -> 0 | P13: =N13-K13 -> -3.6730123 | Q13: =N13/K13 -> 0.95347518 | S13: 0.20486111 | T13: 0.30277778 | U13: =IF(S13=TIME(17,0,0),"",(S13-T12)*24*60) -> 27 | V13: =(T13-S13)*24*60 -> 141 | AA13: =M13-J13 -> -69.787234 | AB13: =M13/J13 -> 0.95347518
A14: 新豐5線 | B14: 微波主食 | C14: 二配金咖哩濃厚辛口咖哩飯 | E14: 50.98 | F14: 2594 | G14: =E14*F14 -> 132242.12 | I14: 16 | J14: 2000 | K14: =J14/I14 -> 125 | L14: 16 | M14: =F14/V14*60 -> 1921.4815 | N14: =M14/L14 -> 120.09259 | O14: =L14-I14 -> 0 | P14: =N14-K14 -> -4.9074074 | Q14: =N14/K14 -> 0.96074074 | S14: 0.70833333 | T14: 0.76458333 | U14: =IF(S14=TIME(17,0,0),"",(S14-T13)*24*60) | V14: =(T14-S14)*24*60 -> 81 | AA14: =M14-J14 -> -78.518519 | AB14: =M14/J14 -> 0.96074074
A15: 新豐5線 | B15: 微波主食 | C15: 二配金咖哩果香甘口咖哩飯 | E15: 50.92 | F15: 2618 | G15: =E15*F15 -> 133308.56 | I15: 15 | J15: 2000 | K15: =J15/I15 -> 133.33333 | L15: 15 | M15: =F15/V15*60 -> 1915.6098 | N15: =M15/L15 -> 127.70732 | O15: =L15-I15 -> 0 | P15: =N15-K15 -> -5.6260163 | Q15: =N15/K15 -> 0.95780488 | S15: 0.76944444 | T15: 0.82638889 | U15: =IF(S15=TIME(17,0,0),"",(S15-T14)*24*60) -> 7 | V15: =(T15-S15)*24*60 -> 82 | AA15: =M15-J15 -> -84.390244 | AB15: =M15/J15 -> 0.95780488
A16: 新豐5線 | B16: 微波主食 | C16: 二配煸椒烘蛋飯 | E16: 46.93 | F16: 833 | G16: =E16*F16 -> 39092.69 | I16: 16 | J16: 2000 | K16: =J16/I16 -> 125 | L16: 16 | M16: =F16/V16*60 -> 1922.3077 | N16: =M16/L16 -> 120.14423 | O16: =L16-I16 -> 0 | P16: =N16-K16 -> -4.8557692 | Q16: =N16/K16 -> 0.96115385 | S16: 0.82986111 | T16: 0.84791667 | U16: =IF(S16=TIME(17,0,0),"",(S16-T15)*24*60) -> 5 | V16: =(T16-S16)*24*60 -> 26 | AA16: =M16-J16 -> -77.692308 | AB16: =M16/J16 -> 0.96115385
A17: 新豐5線 | B17: 平均 | I17: 18.4 | J17: 1800 | K17: =J17/I17 -> 97.826087 | L17: 18.4 | M17: =AVERAGE(M12:M16) -> 1724.6951 | N17: =M17/L17 -> 93.733428 | O17: =L17-I17 -> 0 | P17: =N17-K17 -> -4.0926594 | Q17: =N17/K17 -> 0.95816393 | AA17: =M17-J17 -> -75.304934 | AB17: =M17/J17 -> 0.95816393
A18: 新豐7線 | B18: 小吃 | C18: 古早味炒炊粉 | E18: 43.14 | F18: 948 | G18: =E18*F18 -> 40896.72 | I18: 17 | J18: 2000 | K18: =J18/I18 -> 117.64706 | L18: 17 | M18: =F18/V18*60 -> 1961.3793 | N18: =M18/L18 -> 115.37525 | O18: =L18-I18 -> 0 | P18: =N18-K18 -> -2.2718053 | Q18: =N18/K18 -> 0.98068966 | R18: =Q26 -> 0.96300226 | S18: 0.20833333 | T18: 0.22847222 | V18: =(T18-S18)*24*60 -> 29 | AA18: =M18-J18 -> -38.62069 | AB18: =M18/J18 -> 0.98068966 | AC18: =AB26 -> 0.96300226
A19: 新豐7線 | B19: 熱食義麵 | C19: 麻婆豆腐波浪麵 | E19: 49.9 | F19: 1507 | G19: =E19*F19 -> 75199.3 | I19: 19 | J19: 2000 | K19: =J19/I19 -> 105.26316 | L19: 19 | M19: =F19/V19*60 -> 1923.8298 | N19: =M19/L19 -> 101.2542 | O19: =L19-I19 -> 0 | P19: =N19-K19 -> -4.0089586 | Q19: =N19/K19 -> 0.96191489 | S19: 0.23194444 | T19: 0.26458333 | U19: =IF(S19=TIME(17,0,0),"",(S19-T18)*24*60) -> 5 | V19: =(T19-S19)*24*60 -> 47 | AA19: =M19-J19 -> -76.170213 | AB19: =M19/J19 -> 0.96191489
A20: 新豐7線 | B20: 微波主食 | C20: 鐵板滑蛋炸豬排丼 | E20: 57.73 | F20: 2068 | G20: =E20*F20 -> 119385.64 | I20: 14 | J20: 2000 | K20: =J20/I20 -> 142.85714 | L20: 14 | M20: =F20/V20*60 -> 1908.9231 | N20: =M20/L20 -> 136.35165 | O20: =L20-I20 -> 0 | P20: =N20-K20 -> -6.5054945 | Q20: =N20/K20 -> 0.95446154 | S20: 0.26805556 | T20: 0.31319444 | U20: =IF(S20=TIME(17,0,0),"",(S20-T19)*24*60) -> 5 | V20: =(T20-S20)*24*60 -> 65 | AA20: =M20-J20 -> -91.076923 | AB20: =M20/J20 -> 0.95446154
A21: 新豐7線 | B21: 微波主食 | C21: 極上炙烤親子丼 | E21: 53.68 | F21: 1380 | G21: =E21*F21 -> 74078.4 | I21: 16 | J21: 2000 | K21: =J21/I21 -> 125 | L21: 16 | M21: =F21/V21*60 -> 1925.5814 | N21: =M21/L21 -> 120.34884 | O21: =L21-I21 -> 0 | P21: =N21-K21 -> -4.6511628 | Q21: =N21/K21 -> 0.9627907 | S21: 0.31875 | T21: 0.34861111 | U21: =IF(S21=TIME(17,0,0),"",(S21-T20)*24*60) -> 8 | V21: =(T21-S21)*24*60 -> 43 | AA21: =M21-J21 -> -74.418605 | AB21: =M21/J21 -> 0.9627907
A22: 新豐7線 | B22: 微波主食 | C22: 日式野菜烘蛋燴飯 | E22: 49.91 | F22: 1377 | G22: =E22*F22 -> 68726.07 | I22: 19 | J22: 2000 | K22: =J22/I22 -> 105.26316 | L22: 19 | M22: =F22/V22*60 -> 1921.3953 | N22: =M22/L22 -> 101.12607 | O22: =L22-I22 -> 0 | P22: =N22-K22 -> -4.1370869 | Q22: =N22/K22 -> 0.96069767 | S22: 0.35416667 | T22: 0.38402778 | U22: =IF(S22=TIME(17,0,0),"",(S22-T21)*24*60) -> 8 | V22: =(T22-S22)*24*60 -> 43 | AA22: =M22-J22 -> -78.604651 | AB22: =M22/J22 -> 0.96069767
A23: 新豐7線 | B23: 微波主食 | C23: 二配美味蟹煲 | E23: 54.09 | F23: 1833 | G23: =E23*F23 -> 99146.97 | I23: 19 | J23: 2000 | K23: =J23/I23 -> 105.26316 | L23: 19 | M23: =F23/V23*60 -> 1929.4737 | N23: =M23/L23 -> 101.55125 | O23: =L23-I23 -> 0 | P23: =N23-K23 -> -3.7119114 | Q23: =N23/K23 -> 0.96473684 | S23: 0.70833333 | T23: 0.74791667 | U23: =IF(S23=TIME(17,0,0),"",(S23-T22)*24*60) | V23: =(T23-S23)*24*60 -> 57 | AA23: =M23-J23 -> -70.526316 | AB23: =M23/J23 -> 0.96473684
A24: 新豐7線 | B24: 微波主食 | C24: 二配粗飽系雞排炒飯(114年) | E24: 57.73 | F24: 1334 | G24: =E24*F24 -> 77011.82 | I24: 16 | J24: 1500 | K24: =J24/I24 -> 93.75 | L24: 16 | M24: =F24/V24*60 -> 1429.2857 | N24: =M24/L24 -> 89.330357 | O24: =L24-I24 -> 0 | P24: =N24-K24 -> -4.4196429 | Q24: =N24/K24 -> 0.95285714 | S24: 0.75347222 | T24: 0.79236111 | U24: =IF(S24=TIME(17,0,0),"",(S24-T23)*24*60) -> 8 | V24: =(T24-S24)*24*60 -> 56 | AA24: =M24-J24 -> -70.714286 | AB24: =M24/J24 -> 0.95285714
A25: 新豐7線 | B25: 微波主食 | C25: 二配泰式綠咖哩雞 | E25: 50.67 | F25: 1734 | G25: =E25*F25 -> 87861.78 | I25: 15 | J25: 2000 | K25: =J25/I25 -> 133.33333 | L25: 15 | M25: =F25/V25*60 -> 1926.6667 | N25: =M25/L25 -> 128.44444 | O25: =L25-I25 -> 0 | P25: =N25-K25 -> -4.8888889 | Q25: =N25/K25 -> 0.96333333 | S25: 0.79722222 | T25: 0.83472222 | U25: =IF(S25=TIME(17,0,0),"",(S25-T24)*24*60) -> 7 | V25: =(T25-S25)*24*60 -> 54 | AA25: =M25-J25 -> -73.333333 | AB25: =M25/J25 -> 0.96333333
A26: 新豐7線 | B26: 平均 | I26: 16.875 | J26: 1937.5 | K26: =J26/I26 -> 114.81481 | L26: 16.875 | M26: =AVERAGE(M18:M25) -> 1865.8169 | N26: =M26/L26 -> 110.56693 | O26: =L26-I26 -> 0 | P26: =N26-K26 -> -4.247889 | Q26: =N26/K26 -> 0.96300226 | AA26: =M26-J26 -> -71.683127 | AB26: =M26/J26 -> 0.96300226
A27: 新豐8線 | B27: 三明治 | C27: 紐奧良風味烤雞鮮蔬三明治 | E27: 31.29 | F27: 7080 | G27: =E27*F27 -> 221533.2 | I27: 18 | J27: 2400 | K27: =J27/I27 -> 133.33333 | L27: 18 | M27: =F27/V27*60 -> 2296.2162 | N27: =M27/L27 -> 127.56757 | O27: =L27-I27 -> 0 | P27: =N27-K27 -> -5.7657658 | Q27: =N27/K27 -> 0.95675676 | R27: =Q32 -> 0.95467706 | S27: 0.083333333 | T27: 0.21180556 | V27: =(T27-S27)*24*60 -> 185 | W27: =T27 -> 0.21180556 | X27: =S28 -> 0.22986111 | AA27: =M27-J27 -> -103.78378 | AB27: =M27/J27 -> 0.95675676 | AC27: =AB32 -> 0.95467706
A28: 新豐8線 | B28: 三明治 | C28: 經典總匯三明治 | E28: 26.2 | F28: 4151 | G28: =E28*F28 -> 108756.2 | I28: 20 | J28: 2400 | K28: =J28/I28 -> 120 | L28: 20 | M28: =F28/V28*60 -> 2284.9541 | N28: =M28/L28 -> 114.24771 | O28: =L28-I28 -> 0 | P28: =N28-K28 -> -5.7522936 | Q28: =N28/K28 -> 0.95206422 | S28: 0.22986111 | T28: 0.30555556 | U28: =(S28-T27)*24*60 -> 26 | V28: =(T28-S28)*24*60 -> 109 | AA28: =M28-J28 -> -115.04587 | AB28: =M28/J28 -> 0.95206422
A29: 新豐8線 | B29: 三明治 | C29: 雞蛋沙拉三明治(114年) | E29: 25.99 | F29: 4020 | G29: =E29*F29 -> 104479.8 | I29: 14 | J29: 2400 | K29: =J29/I29 -> 171.42857 | L29: 14 | M29: =F29/V29*60 -> 2297.1429 | N29: =M29/L29 -> 164.08163 | O29: =L29-I29 -> 0 | P29: =N29-K29 -> -7.3469388 | Q29: =N29/K29 -> 0.95714286 | S29: 0.30902778 | T29: 0.38194444 | U29: =(S29-T28)*24*60 -> 5 | V29: =(T29-S29)*24*60 -> 105 | AA29: =M29-J29 -> -102.85714 | AB29: =M29/J29 -> 0.95714286
A30: 新豐8線 | B30: 三明治 | C30: 肉鬆火腿三明治 | E30: 20.52 | F30: 3582 | G30: =E30*F30 -> 73502.64 | I30: 18 | J30: 2400 | K30: =J30/I30 -> 133.33333 | L30: 18 | M30: =F30/V30*60 -> 2286.383 | N30: =M30/L30 -> 127.02128 | O30: =L30-I30 -> 0 | P30: =N30-K30 -> -6.3120567 | Q30: =N30/K30 -> 0.95265957 | S30: 0.38541667 | T30: 0.45069444 | U30: =(S30-T29)*24*60 -> 5 | V30: =(T30-S30)*24*60 -> 94 | AA30: =M30-J30 -> -113.61702 | AB30: =M30/J30 -> 0.95265957
A31: 新豐8線 | B31: 三明治 | C31: 好多菜三明治(114年) | E31: 25.98 | F31: 4010 | G31: =E31*F31 -> 104179.8 | I31: 21 | J31: 2400 | K31: =J31/I31 -> 114.28571 | L31: 21 | M31: =F31/V31*60 -> 2291.4286 | N31: =M31/L31 -> 109.11565 | O31: =L31-I31 -> 0 | P31: =N31-K31 -> -5.170068 | Q31: =N31/K31 -> 0.9547619 | S31: 0.45555556 | T31: 0.52847222 | U31: =(S31-T30)*24*60 -> 7 | V31: =(T31-S31)*24*60 -> 105 | AA31: =M31-J31 -> -108.57143 | AB31: =M31/J31 -> 0.9547619
A32: 新豐8線 | B32: 平均 | I32: 18.2 | J32: 2400 | K32: =J32/I32 -> 131.86813 | L32: 18.2 | M32: =AVERAGE(M27:M31) -> 2291.225 | N32: =M32/L32 -> 125.89148 | O32: =L32-I32 -> 0 | P32: =N32-K32 -> -5.9766511 | Q32: =N32/K32 -> 0.95467706 | AA32: =M32-J32 -> -108.77505 | AB32: =M32/J32 -> 0.95467706
A33: 新豐9線 | B33: 三明治 | C33: 火腿起司蛋三明治 | E33: 19.02 | F33: 3500 | G33: =E33*F33 -> 66570 | H33: 2 | I33: 15 | J33: 2400 | K33: =J33/I33 -> 160 | L33: 15 | M33: =F33/V33*60 -> 2307.6923 | N33: =M33/L33 -> 153.84615 | O33: =L33-I33 -> 0 | P33: =N33-K33 -> -6.1538462 | Q33: =N33/K33 -> 0.96153846 | R33: =Q39 -> 0.95692332 | S33: 0.083333333 | T33: 0.14652778 | V33: =(T33-S33)*24*60 -> 91 | W33: =T33 -> 0.14652778 | X33: =S34 -> 0.16666667 | AA33: =M33-J33 -> -92.307692 | AB33: =M33/J33 -> 0.96153846 | AC33: =AB39 -> 0.95692332
A34: 新豐9線 | B34: 三明治 | C34: 鮪魚起司溏心蛋三明治 | E34: 26.2 | F34: 5259 | G34: =E34*F34 -> 137785.8 | I34: 18 | J34: 2400 | K34: =J34/I34 -> 133.33333 | L34: 18 | M34: =F34/V34*60 -> 2286.5217 | N34: =M34/L34 -> 127.02899 | O34: =L34-I34 -> 0 | P34: =N34-K34 -> -6.3043478 | Q34: =N34/K34 -> 0.95271739 | S34: 0.16666667 | T34: 0.2625 | U34: =(S34-T33)*24*60 -> 29 | V34: =(T34-S34)*24*60 -> 138 | AA34: =M34-J34 -> -113.47826 | AB34: =M34/J34 -> 0.95271739
A35: 新豐9線 | B35: 三明治 | C35: 陽光地瓜總匯三明治 | E35: 26.18 | F35: 2229 | G35: =E35*F35 -> 58355.22 | I35: 19 | J35: 2400 | K35: =J35/I35 -> 126.31579 | L35: 19 | M35: =F35/V35*60 -> 2305.8621 | N35: =M35/L35 -> 121.36116 | O35: =L35-I35 -> 0 | P35: =N35-K35 -> -4.9546279 | Q35: =N35/K35 -> 0.96077586 | S35: 0.26805556 | T35: 0.30833333 | U35: =(S35-T34)*24*60 -> 8 | V35: =(T35-S35)*24*60 -> 58 | AA35: =M35-J35 -> -94.137931 | AB35: =M35/J35 -> 0.96077586
A36: 新豐9線 | B36: 三明治 | C36: 醬燒烤雞三明治 | E36: 26.39 | F36: 5148 | G36: =E36*F36 -> 135855.72 | I36: 19 | J36: 2400 | K36: =J36/I36 -> 126.31579 | L36: 19 | M36: =F36/V36*60 -> 2288 | N36: =M36/L36 -> 120.42105 | O36: =L36-I36 -> 0 | P36: =N36-K36 -> -5.8947368 | Q36: =N36/K36 -> 0.95333333 | S36: 0.31180556 | T36: 0.40555556 | U36: =(S36-T35)*24*60 -> 5 | V36: =(T36-S36)*24*60 -> 135 | AA36: =M36-J36 -> -112 | AB36: =M36/J36 -> 0.95333333
A37: 新豐9線 | B37: 三明治 | C37: 切達海鮮雙饗三明治 | E37: 28.51 | F37: 4957 | G37: =E37*F37 -> 141324.07 | I37: 16 | J37: 2400 | K37: =J37/I37 -> 150 | L37: 16 | M37: =F37/V37*60 -> 2287.8462 | N37: =M37/L37 -> 142.99038 | O37: =L37-I37 -> 0 | P37: =N37-K37 -> -7.0096154 | Q37: =N37/K37 -> 0.95326923 | S37: 0.40902778 | T37: 0.49930556 | U37: =(S37-T36)*24*60 -> 5 | V37: =(T37-S37)*24*60 -> 130 | W37: =T37 -> 0.49930556 | X37: =S38 -> 0.54027778 | AA37: =M37-J37 -> -112.15385 | AB37: =M37/J37 -> 0.95326923
A38: 新豐9線 | B38: 三明治 | C38: 火腿起司蛋三明治 | E38: 19.02 | F38: 4070 | G38: =E38*F38 -> 77411.4 | I38: 15 | J38: 2400 | K38: =J38/I38 -> 160 | L38: 15 | M38: =F38/V38*60 -> 2303.7736 | N38: =M38/L38 -> 153.58491 | O38: =L38-I38 -> 0 | P38: =N38-K38 -> -6.4150943 | Q38: =N38/K38 -> 0.95990566 | S38: 0.54027778 | T38: 0.61388889 | U38: =(S38-T37)*24*60 -> 59 | V38: =(T38-S38)*24*60 -> 106 | AA38: =M38-J38 -> -96.226415 | AB38: =M38/J38 -> 0.95990566
A39: 新豐9線 | B39: 平均 | I39: 17 | J39: 2400 | K39: =J39/I39 -> 141.17647 | L39: 17 | M39: =AVERAGE(M33:M38) -> 2296.616 | N39: =M39/L39 -> 135.09506 | O39: =L39-I39 -> 0 | P39: =N39-K39 -> -6.0814132 | Q39: =N39/K39 -> 0.95692332 | AA39: =M39-J39 -> -103.38402 | AB39: =M39/J39 -> 0.95692332
A40: 新豐3線 | B40: 調理麵包 | C40: 豬肉起司堡 | E40: 21.13 | F40: 4250 | G40: =E40*F40 -> 89802.5 | I40: 10 | J40: 3000 | K40: =J40/I40 -> 300 | L40: 10 | M40: =F40/V40*60 -> 2865.1685 | N40: =M40/L40 -> 286.51685 | O40: =L40-I40 -> 0 | P40: =N40-K40 -> -13.483146 | Q40: =N40/K40 -> 0.95505618 | R40: =Q47 -> 0.95887005 | S40: 0.083333333 | T40: 0.14513889 | V40: =(T40-S40)*24*60 -> 89 | W40: =T40 -> 0.14513889 | X40: =S41 -> 0.16458333 | AA40: =M40-J40 -> -134.83146 | AB40: =M40/J40 -> 0.95505618 | AC40: =AB47 -> 0.95887005
A41: 新豐3線 | B41: 調理麵包 | C41: 豬肉起司蛋堡 | E41: 27.17 | F41: 5393 | G41: =E41*F41 -> 146527.81 | I41: 10 | J41: 3000 | K41: =J41/I41 -> 300 | L41: 10 | M41: =F41/V41*60 -> 2863.5398 | N41: =M41/L41 -> 286.35398 | O41: =L41-I41 -> 0 | P41: =N41-K41 -> -13.646018 | Q41: =N41/K41 -> 0.95451327 | S41: 0.16458333 | T41: 0.24305556 | U41: =(S41-T40)*24*60 -> 28 | V41: =(T41-S41)*24*60 -> 113 | AA41: =M41-J41 -> -136.46018 | AB41: =M41/J41 -> 0.95451327
A42: 新豐3線 | B42: 調理麵包 | C42: 經典雙牛起司堡(113年) | E42: 35.12 | F42: 3680 | G42: =E42*F42 -> 129241.6 | I42: 10 | J42: 3000 | K42: =J42/I42 -> 300 | L42: 10 | M42: =F42/V42*60 -> 2867.5325 | N42: =M42/L42 -> 286.75325 | O42: =L42-I42 -> 0 | P42: =N42-K42 -> -13.246753 | Q42: =N42/K42 -> 0.95584416 | S42: 0.24652778 | T42: 0.3 | U42: =(S42-T41)*24*60 -> 5 | V42: =(T42-S42)*24*60 -> 77 | AA42: =M42-J42 -> -132.46753 | AB42: =M42/J42 -> 0.95584416
A43: 新豐3線 | B43: 調理麵包 | C43: 美式雞腿堡 | E43: 35.87 | F43: 2504 | G43: =E43*F43 -> 89818.48 | I43: 9 | J43: 3000 | K43: =J43/I43 -> 333.33333 | L43: 9 | M43: =F43/V43*60 -> 2889.2308 | N43: =M43/L43 -> 321.02564 | O43: =L43-I43 -> 0 | P43: =N43-K43 -> -12.307692 | Q43: =N43/K43 -> 0.96307692 | S43: 0.30347222 | T43: 0.33958333 | U43: =(S43-T42)*24*60 -> 5 | V43: =(T43-S43)*24*60 -> 52 | AA43: =M43-J43 -> -110.76923 | AB43: =M43/J43 -> 0.96307692
A44: 新豐3線 | B44: 調理麵包 | C44: 泰式酸辣炸雞堡 | E44: 36.14 | F44: 1201 | G44: =E44*F44 -> 43404.14 | I44: 9 | J44: 3000 | K44: =J44/I44 -> 333.33333 | L44: 9 | M44: =F44/V44*60 -> 2882.4 | N44: =M44/L44 -> 320.26667 | O44: =L44-I44 -> 0 | P44: =N44-K44 -> -13.066667 | Q44: =N44/K44 -> 0.9608 | S44: 0.34375 | T44: 0.36111111 | U44: =(S44-T43)*24*60 -> 6 | V44: =(T44-S44)*24*60 -> 25 | AA44: =M44-J44 -> -117.6 | AB44: =M44/J44 -> 0.9608
A45: 新豐3線 | B45: 調理麵包 | C45: 厚豆腐蛋白蕈菇豬肉堡 | E45: 34.36 | F45: 1932 | G45: =E45*F45 -> 66383.52 | I45: 10 | J45: 3000 | K45: =J45/I45 -> 300 | L45: 10 | M45: =F45/V45*60 -> 2898 | N45: =M45/L45 -> 289.8 | O45: =L45-I45 -> 0 | P45: =N45-K45 -> -10.2 | Q45: =N45/K45 -> 0.966 | S45: 0.36527778 | T45: 0.39305556 | U45: =(S45-T44)*24*60 -> 6 | V45: =(T45-S45)*24*60 -> 40 | AA45: =M45-J45 -> -102 | AB45: =M45/J45 -> 0.966
A46: 新豐3線 | B46: 調理麵包 | C46: 排骨雞起司炒麵麵包 | E46: 31 | F46: 2708 | G46: =E46*F46 -> 83948 | I46: 13 | J46: 2000 | K46: =J46/I46 -> 153.84615 | L46: 13 | M46: =F46/V46*60 -> 1911.5294 | N46: =M46/L46 -> 147.04072 | O46: =L46-I46 -> 0 | P46: =N46-K46 -> -6.8054299 | Q46: =N46/K46 -> 0.95576471 | S46: 0.39722222 | T46: 0.45625 | U46: =(S46-T45)*24*60 -> 6 | V46: =(T46-S46)*24*60 -> 85 | AA46: =M46-J46 -> -88.470588 | AB46: =M46/J46 -> 0.95576471
A47: 新豐3線 | B47: 平均 | I47: 10.142857 | J47: 2857.1429 | K47: =J47/I47 -> 281.69014 | L47: 10.142857 | M47: =AVERAGE(M40:M46) -> 2739.6287 | N47: =M47/L47 -> 270.10424 | O47: =L47-I47 -> 0 | P47: =N47-K47 -> -11.585901 | Q47: =N47/K47 -> 0.95887005 | AA47: =M47-J47 -> -117.51414 | AB47: =M47/J47 -> 0.95887005
A48: 新豐1線 | B48: 沙拉 | C48: 蔥鹽雞肉麵沙拉(114年) | E48: 46 | F48: 1869 | G48: =E48*F48 -> 85974 | I48: 17 | J48: 2000 | K48: =J48/I48 -> 117.64706 | L48: 17 | M48: =F48/V48*60 -> 1933.4483 | N48: =M48/L48 -> 113.73225 | O48: =L48-I48 -> 0 | P48: =N48-K48 -> -3.9148073 | Q48: =N48/K48 -> 0.96672414 | R48: =Q54 -> 0.95671731 | S48: 0.20833333 | T48: 0.24861111 | V48: =(T48-S48)*24*60 -> 58 | AA48: =M48-J48 -> -66.551724 | AB48: =M48/J48 -> 0.96672414 | AC48: =AB54 -> 0.95671731
A49: 新豐1線 | B49: 沙拉 | C49: 莎莎烤雞麵沙拉 | E49: 46 | F49: 2065 | G49: =E49*F49 -> 94990 | I49: 17 | J49: 2000 | K49: =J49/I49 -> 117.64706 | L49: 17 | M49: =F49/V49*60 -> 1906.1538 | N49: =M49/L49 -> 112.1267 | O49: =L49-I49 -> 0 | P49: =N49-K49 -> -5.520362 | Q49: =N49/K49 -> 0.95307692 | S49: 0.25208333 | T49: 0.29722222 | U49: =IF(S49=TIME(17,0,0),"",(S49-T48)*24*60) -> 5 | V49: =(T49-S49)*24*60 -> 65 | AA49: =M49-J49 -> -93.846154 | AB49: =M49/J49 -> 0.95307692
A50: 新豐1線 | B50: 微波主食 | C50: 二配香辣醬蒜味香腸蛋炒飯 | E50: 55.56 | F50: 2033 | G50: =E50*F50 -> 112953.48 | I50: 17 | J50: 2000 | K50: =J50/I50 -> 117.64706 | L50: 17 | M50: =F50/V50*60 -> 1905.9375 | N50: =M50/L50 -> 112.11397 | O50: =L50-I50 -> 0 | P50: =N50-K50 -> -5.5330882 | Q50: =N50/K50 -> 0.95296875 | S50: 0.70833333 | T50: 0.75277778 | U50: =IF(S50=TIME(17,0,0),"",(S50-T49)*24*60) | V50: =(T50-S50)*24*60 -> 64 | AA50: =M50-J50 -> -94.0625 | AB50: =M50/J50 -> 0.95296875
A51: 新豐1線 | B51: 微波主食 | C51: 二配香拌海鮮醬肉絲蛋炒飯 | E51: 55.32 | F51: 1525 | G51: =E51*F51 -> 84363 | I51: 15 | J51: 2000 | K51: =J51/I51 -> 133.33333 | L51: 15 | M51: =F51/V51*60 -> 1906.25 | N51: =M51/L51 -> 127.08333 | O51: =L51-I51 -> 0 | P51: =N51-K51 -> -6.25 | Q51: =N51/K51 -> 0.953125 | S51: 0.75625 | T51: 0.78958333 | U51: =IF(S51=TIME(17,0,0),"",(S51-T50)*24*60) -> 5 | V51: =(T51-S51)*24*60 -> 48 | AA51: =M51-J51 -> -93.75 | AB51: =M51/J51 -> 0.953125
A52: 新豐1線 | B52: 微波主食 | C52: 二配起司控培根白醬焗烤飯 | E52: 53.68 | F52: 1500 | G52: =E52*F52 -> 80520 | H52: 2 | I52: 16 | J52: 1500 | K52: =J52/I52 -> 93.75 | L52: 16 | M52: =F52/V52*60 -> 1428.5714 | N52: =M52/L52 -> 89.285714 | O52: =L52-I52 -> 0 | P52: =N52-K52 -> -4.4642857 | Q52: =N52/K52 -> 0.95238095 | S52: 0.79444444 | T52: 0.83819444 | U52: =IF(S52=TIME(17,0,0),"",(S52-T51)*24*60) -> 7 | V52: =(T52-S52)*24*60 -> 63 | W52: =T52 -> 0.83819444 | X52: =S53 -> 0.87916667 | AA52: =M52-J52 -> -71.428571 | AB52: =M52/J52 -> 0.95238095
A53: 新豐1線 | B53: 微波主食 | C53: 二配起司控培根白醬焗烤飯 | E53: 53.68 | F53: 1636 | G53: =E53*F53 -> 87820.48 | I53: 16 | J53: 1500 | K53: =J53/I53 -> 93.75 | L53: 16 | M53: =F53/V53*60 -> 1443.5294 | N53: =M53/L53 -> 90.220588 | O53: =L53-I53 -> 0 | P53: =N53-K53 -> -3.5294118 | Q53: =N53/K53 -> 0.96235294 | S53: 0.87916667 | T53: 0.92638889 | U53: =IF(S53=TIME(17,0,0),"",(S53-T52)*24*60) -> 59 | V53: =(T53-S53)*24*60 -> 68 | AA53: =M53-J53 -> -56.470588 | AB53: =M53/J53 -> 0.96235294
A54: 新豐1線 | B54: 平均 | I54: 16.333333 | J54: 1833.3333 | K54: =J54/I54 -> 112.2449 | L54: 16.333333 | M54: =AVERAGE(M48:M53) -> 1753.9817 | N54: =M54/L54 -> 107.38664 | O54: =L54-I54 -> 0 | P54: =N54-K54 -> -4.8582606 | Q54: =N54/K54 -> 0.95671731 | AA54: =M54-J54 -> -79.35159 | AB54: =M54/J54 -> 0.95671731
A55: 新豐10線 | B55: 沙拉 | C55: 溏心蛋洋芋沙拉 | E55: 26.97 | F55: 2640 | G55: =E55*F55 -> 71200.8 | I55: 8 | J55: 1500 | K55: =J55/I55 -> 187.5 | L55: 8 | M55: =F55/V55*60 -> 1427.027 | N55: =M55/L55 -> 178.37838 | O55: =L55-I55 -> 0 | P55: =N55-K55 -> -9.1216216 | Q55: =N55/K55 -> 0.95135135 | R55: =Q59 -> 0.95752603 | S55: 0.20833333 | T55: 0.28541667 | V55: =(T55-S55)*24*60 -> 111 | AA55: =M55-J55 -> -72.972973 | AB55: =M55/J55 -> 0.95135135 | AC55: =AB59 -> 0.95752603
A56: 新豐10線 | B56: 調理麵包 | C56: 香雞蛋堡(112年) | E56: 26.78 | F56: 2347 | G56: =E56*F56 -> 62852.66 | I56: 10 | J56: 3000 | K56: =J56/I56 -> 300 | L56: 10 | M56: =F56/V56*60 -> 2873.8776 | N56: =M56/L56 -> 287.38776 | O56: =L56-I56 -> 0 | P56: =N56-K56 -> -12.612245 | Q56: =N56/K56 -> 0.95795918 | S56: 0.29097222 | T56: 0.325 | U56: =(S56-T55)*24*60 -> 8 | V56: =(T56-S56)*24*60 -> 49 | AA56: =M56-J56 -> -126.12245 | AB56: =M56/J56 -> 0.95795918
A57: 新豐10線 | B57: 調理麵包 | C57: 蜂蜜芥末辣雞堡 | E57: 37.88 | F57: 2540 | G57: =E57*F57 -> 96215.2 | I57: 10 | J57: 3000 | K57: =J57/I57 -> 300 | L57: 10 | M57: =F57/V57*60 -> 2875.4717 | N57: =M57/L57 -> 287.54717 | O57: =L57-I57 -> 0 | P57: =N57-K57 -> -12.45283 | Q57: =N57/K57 -> 0.95849057 | S57: 0.32916667 | T57: 0.36597222 | U57: =(S57-T56)*24*60 -> 6 | V57: =(T57-S57)*24*60 -> 53 | AA57: =M57-J57 -> -124.5283 | AB57: =M57/J57 -> 0.95849057
A58: 新豐10線 | B58: 調理麵包 | C58: 經典美式起司巨牛堡 | E58: 40.51 | F58: 2446 | G58: =E58*F58 -> 99087.46 | I58: 8 | J58: 3000 | K58: =J58/I58 -> 375 | L58: 8 | M58: =F58/V58*60 -> 2877.6471 | N58: =M58/L58 -> 359.70588 | O58: =L58-I58 -> 0 | P58: =N58-K58 -> -15.294118 | Q58: =N58/K58 -> 0.95921569 | S58: 0.36944444 | T58: 0.40486111 | U58: =(S58-T57)*24*60 -> 5 | V58: =(T58-S58)*24*60 -> 51 | AA58: =M58-J58 -> -122.35294 | AB58: =M58/J58 -> 0.95921569
A59: 新豐10線 | B59: 平均 | I59: 9 | J59: 2625 | K59: =J59/I59 -> 291.66667 | L59: 9 | M59: =AVERAGE(M55:M58) -> 2513.5058 | N59: =M59/L59 -> 279.27843 | O59: =L59-I59 -> 0 | P59: =N59-K59 -> -12.388241 | Q59: =N59/K59 -> 0.95752603 | AA59: =M59-J59 -> -111.49417 | AB59: =M59/J59 -> 0.95752603
A60: 新豐4線 | B60: 三明治 | C60: 香鬆起司蛋三明治(114年) | E60: 20.2 | F60: 1768 | G60: =E60*F60 -> 35713.6 | I60: 19 | J60: 2400 | K60: =J60/I60 -> 126.31579 | L60: 19 | M60: =F60/V60*60 -> 2306.087 | N60: =M60/L60 -> 121.373 | O60: =L60-I60 -> 0 | P60: =N60-K60 -> -4.9427918 | Q60: =N60/K60 -> 0.96086957 | R60: =Q67 -> 0.96049748 | S60: 0.083333333 | T60: 0.11527778 | V60: =(T60-S60)*24*60 -> 46 | W60: =T60 -> 0.11527778 | X60: =S61 -> 0.13472222 | AA60: =M60-J60 -> -93.913043 | AB60: =M60/J60 -> 0.96086957 | AC60: =AB67 -> 0.96049748
A61: 新豐4線 | B61: 三明治 | C61: 瘋狂起司三明治(113年) | E61: 24.45 | F61: 1932 | G61: =E61*F61 -> 47237.4 | I61: 20 | J61: 2400 | K61: =J61/I61 -> 120 | L61: 20 | M61: =F61/V61*60 -> 2318.4 | N61: =M61/L61 -> 115.92 | O61: =L61-I61 -> 0 | P61: =N61-K61 -> -4.08 | Q61: =N61/K61 -> 0.966 | S61: 0.13472222 | T61: 0.16944444 | U61: =(S61-T60)*24*60 -> 28 | V61: =(T61-S61)*24*60 -> 50 | AA61: =M61-J61 -> -81.6 | AB61: =M61/J61 -> 0.966
A62: 新豐4線 | B62: 三明治 | C62: 藍莓優格三明治(114年) | E62: 22.35 | F62: 1521 | G62: =E62*F62 -> 33994.35 | I62: 16 | J62: 2400 | K62: =J62/I62 -> 150 | L62: 16 | M62: =F62/V62*60 -> 2340 | N62: =M62/L62 -> 146.25 | O62: =L62-I62 -> 0 | P62: =N62-K62 -> -3.75 | Q62: =N62/K62 -> 0.975 | S62: 0.17430556 | T62: 0.20138889 | U62: =(S62-T61)*24*60 -> 7 | V62: =(T62-S62)*24*60 -> 39 | AA62: =M62-J62 -> -60 | AB62: =M62/J62 -> 0.975
A63: 新豐4線 | B63: 三明治 | C63: 泰奶奶蓋QQ三明治 | E63: 24.25 | F63: 2177 | G63: =E63*F63 -> 52792.25 | I63: 13 | J63: 2400 | K63: =J63/I63 -> 184.61538 | L63: 13 | M63: =F63/V63*60 -> 2291.5789 | N63: =M63/L63 -> 176.2753 | O63: =L63-I63 -> 0 | P63: =N63-K63 -> -8.340081 | Q63: =N63/K63 -> 0.95482456 | S63: 0.20694444 | T63: 0.24652778 | U63: =(S63-T62)*24*60 -> 8 | V63: =(T63-S63)*24*60 -> 57 | AA63: =M63-J63 -> -108.42105 | AB63: =M63/J63 -> 0.95482456
A64: 新豐4線 | B64: 三明治 | C64: 輕乳酪巧克力三明治 | E64: 20.52 | F64: 2695 | G64: =E64*F64 -> 55301.4 | I64: 18 | J64: 2400 | K64: =J64/I64 -> 133.33333 | L64: 18 | M64: =F64/V64*60 -> 2310 | N64: =M64/L64 -> 128.33333 | O64: =L64-I64 -> 0 | P64: =N64-K64 -> -5 | Q64: =N64/K64 -> 0.9625 | S64: 0.25 | T64: 0.29861111 | U64: =(S64-T63)*24*60 -> 5 | V64: =(T64-S64)*24*60 -> 70 | AA64: =M64-J64 -> -90 | AB64: =M64/J64 -> 0.9625
A65: 新豐4線 | B65: 三明治 | C65: 檸檬紅茶三明治 | E65: 22.69 | F65: 5511 | G65: =E65*F65 -> 125044.59 | I65: 15 | J65: 2400 | K65: =J65/I65 -> 160 | L65: 15 | M65: =F65/V65*60 -> 2280.4138 | N65: =M65/L65 -> 152.02759 | O65: =L65-I65 -> 0 | P65: =N65-K65 -> -7.9724138 | Q65: =N65/K65 -> 0.95017241 | S65: 0.30277778 | T65: 0.40347222 | U65: =(S65-T64)*24*60 -> 6 | V65: =(T65-S65)*24*60 -> 145 | AA65: =M65-J65 -> -119.58621 | AB65: =M65/J65 -> 0.95017241
A66: 新豐4線 | B66: 三明治 | C66: 經典火腿玉米蛋三明治 | E66: 24.43 | F66: 6259 | G66: =E66*F66 -> 152907.37 | I66: 14 | J66: 2400 | K66: =J66/I66 -> 171.42857 | L66: 14 | M66: =F66/V66*60 -> 2289.878 | N66: =M66/L66 -> 163.56272 | O66: =L66-I66 -> 0 | P66: =N66-K66 -> -7.8658537 | Q66: =N66/K66 -> 0.95411585 | S66: 0.40833333 | T66: 0.52222222 | U66: =(S66-T65)*24*60 -> 7 | V66: =(T66-S66)*24*60 -> 164 | AA66: =M66-J66 -> -110.12195 | AB66: =M66/J66 -> 0.95411585
A67: 新豐4線 | B67: 平均 | I67: 16.428571 | J67: 2400 | K67: =J67/I67 -> 146.08696 | L67: 16.428571 | M67: =AVERAGE(M60:M66) -> 2305.194 | N67: =M67/L67 -> 140.31615 | O67: =L67-I67 -> 0 | P67: =N67-K67 -> -5.7708022 | Q67: =N67/K67 -> 0.96049748 | AA67: =M67-J67 -> -94.806036 | AB67: =M67/J67 -> 0.96049748

Sheet 1128
B1: 屏榮 新豐廠組合室生產人時性分析
B3: 日期 | C3: =TEXT('1128 4度C'!A2,"yyyy.mm.ddaaaa") -> 2025.11.28星期五 | E3: 訂單量 | F3: ='1128 4度C'!D1 -> 134709 | H3: 營業額 | I3: ='1128 4度C'!F1 -> 4532055.3
B4: 人時性 | C4: 項目 | E4: ➀ | G4: ➁ | I4: ➂
C5: 組合室 | E5: 全溫層 | G5: 4度C-各編組展開 | I5: ③三明治-各編組展開
C6: 排關平均 | E6: =AVERAGE(D13:M13) -> 152.85431 | F6: =AVERAGE(D27:O27,D13:J13) -> 158.951 | G6: =AVERAGE(D13:J13) -> 158.951 | I6: =AVERAGE(K13:M13) -> 138.62871
C7: 實績平均 | E7: =AVERAGE(D14:M14) -> 146.62226 | F7: =AVERAGE(D28:O28,D14:J14) -> 152.60814 | G7: =AVERAGE(D14:J14) -> 152.60814 | I7: =AVERAGE(K14:M14) -> 132.65521
C8: 達成率平均 | E8: =AVERAGE(D15:M15) -> 0.95927867 | F8: =AVERAGE(D15:J15,D29:O29) -> 0.96031998 | G8: =AVERAGE(D15:J15) -> 0.96031998 | I8: =AVERAGE(K15:M15) -> 0.95684893 | K8: ※現行日本鮮食廠以達成率80%為基本(即為現行KPI)
B10: 溫層 | D10: ➁4度C-各編組展開 | K10: ③三明治-各編組展開
B11: 編組 | D11: 1 | E11: 2 | F11: 3 | G11: 4 | H11: 5 | I11: 6 | J11: 7 | K11: 1 | L11: 2 | M11: 3
D12: 新豐6線 | E12: 新豐2線 | F12: 新豐5線 | G12: 新豐7線 | H12: 新豐3線 | I12: 新豐1線 | J12: 新豐10線 | K12: 新豐8線 | L12: 新豐9線 | M12: 新豐4線
B13: 人時性 | C13: 排關 | D13: =SUMIFS('1128 4度C'!$K:$K,'1128 4度C'!$A:$A,"新豐6線",'1128 4度C'!$B:$B,"平均") -> 133.33333 | E13: =SUMIFS('1128 4度C'!$K:$K,'1128 4度C'!$A:$A,"新豐2線",'1128 4度C'!$B:$B,"平均") -> 81.081081 | F13: =SUMIFS('1128 4度C'!$K:$K,'1128 4度C'!$A:$A,"新豐5線",'1128 4度C'!$B:$B,"平均") -> 97.826087 | G13: =SUMIFS('1128 4度C'!$K:$K,'1128 4度C'!$A:$A,"新豐7線",'1128 4度C'!$B:$B,"平均") -> 114.81481 | H13: =SUMIFS('1128 4度C'!$K:$K,'1128 4度C'!$A:$A,"新豐3線",'1128 4度C'!$B:$B,"平均") -> 281.69014 | I13: =SUMIFS('1128 4度C'!$K:$K,'1128 4度C'!$A:$A,"新豐1線",'1128 4度C'!$B:$B,"平均") -> 112.2449 | J13: =SUMIFS('1128 4度C'!$K:$K,'1128 4度C'!$A:$A,"新豐10線",'1128 4度C'!$B:$B,"平均") -> 291.66667 | K13: =SUMIFS('1128 4度C'!$K:$K,'1128 4度C'!$A:$A,"新豐8線",'1128 4度C'!$B:$B,"平均") -> 131.86813 | L13: =SUMIFS('1128 4度C'!$K:$K,'1128 4度C'!$A:$A,"新豐9線",'1128 4度C'!$B:$B,"平均") -> 137.93103 | M13: =SUMIFS('1128 4度C'!$K:$K,'1128 4度C'!$A:$A,"新豐4線",'1128 4度C'!$B:$B,"平均") -> 146.08696
C14: 實績 | D14: =SUMIFS('1128 4度C'!$N:$N,'1128 4度C'!$A:$A,"新豐6線",'1128 4度C'!$B:$B,"平均") -> 128.19353 | E14: =SUMIFS('1128 4度C'!$N:$N,'1128 4度C'!$A:$A,"新豐2線",'1128 4度C'!$B:$B,"平均") -> 77.961923 | F14: =SUMIFS('1128 4度C'!$N:$N,'1128 4度C'!$A:$A,"新豐5線",'1128 4度C'!$B:$B,"平均") -> 93.643034 | G14: =SUMIFS('1128 4度C'!$N:$N,'1128 4度C'!$A:$A,"新豐7線",'1128 4度C'!$B:$B,"平均") -> 110.1065 | H14: =SUMIFS('1128 4度C'!$N:$N,'1128 4度C'!$A:$A,"新豐3線",'1128 4度C'!$B:$B,"平均") -> 270.36501 | I14: =SUMIFS('1128 4度C'!$N:$N,'1128 4度C'!$A:$A,"新豐1線",'1128 4度C'!$B:$B,"平均") -> 108.19944 | J14: =SUMIFS('1128 4度C'!$N:$N,'1128 4度C'!$A:$A,"新豐10線",'1128 4度C'!$B:$B,"平均") -> 279.78755 | K14: =SUMIFS('1128 4度C'!$N:$N,'1128 4度C'!$A:$A,"新豐8線",'1128 4度C'!$B:$B,"平均") -> 125.96726 | L14: =SUMIFS('1128 4度C'!$N:$N,'1128 4度C'!$A:$A,"新豐9線",'1128 4度C'!$B:$B,"平均") -> 131.93294 | M14: =SUMIFS('1128 4度C'!$N:$N,'1128 4度C'!$A:$A,"新豐4線",'1128 4度C'!$B:$B,"平均") -> 140.06543
C15: 達成率 | D15: =D14/D13 -> 0.96145145 | E15: =E14/E13 -> 0.96153038 | F15: =F14/F13 -> 0.9572399 | G15: =G14/G13 -> 0.95899212 | H15: =H14/H13 -> 0.95979577 | I15: =I14/I13 -> 0.96395864 | J15: =J14/J13 -> 0.95927162 | K15: =K14/K13 -> 0.95525175 | ... M15: =M14/M13 -> 0.95878123
B16: 作業 時間 | C16: 開始 | D16: =VLOOKUP("新豐6線",'1128 4度C'!$A:$T,19,0) -> 0.70833333 | E16: =VLOOKUP("新豐2線",'1128 4度C'!$A:$T,19,0) -> 0.20833333 | F16: =VLOOKUP("新豐5線",'1128 4度C'!$A:$T,19,0) -> 0.125 | G16: =VLOOKUP("新豐7線",'1128 4度C'!$A:$T,19,0) -> 0.20833333 | H16: =VLOOKUP("新豐3線",'1128 4度C'!$A:$T,19,0) -> 0.083333333 | I16: =VLOOKUP("新豐1線",'1128 4度C'!$A:$T,19,0) -> 0.20833333 | J16: =VLOOKUP("新豐10線",'1128 4度C'!$A:$T,19,0) -> 0.20833333 | K16: =VLOOKUP("新豐8線",'1128 4度C'!$A:$T,19,0) -> 0.083333333 | L16: =VLOOKUP("新豐9線",'1128 4度C'!$A:$T,19,0) -> 0.083333333 | M16: =VLOOKUP("新豐4線",'1128 4度C'!$A:$T,19,0) -> 0.083333333
C17: 結束 | D17: =LOOKUP(2,1/(('1128 4度C'!$A:$A="新豐6線")*('1128 4度C'!$T:$T<>"")),'1128 4度C'!$T:$T) -> 0.83680556 | E17: =LOOKUP(2,1/(('1128 4度C'!$A:$A="新豐2線")*('1128 4度C'!$T:$T<>"")),'1128 4度C'!$T:$T) -> 0.38263889 | F17: =LOOKUP(2,1/(('1128 4度C'!$A:$A="新豐5線")*('1128 4度C'!$T:$T<>"")),'1128 4度C'!$T:$T) -> 0.82638889 | G17: =LOOKUP(2,1/(('1128 4度C'!$A:$A="新豐7線")*('1128 4度C'!$T:$T<>"")),'1128 4度C'!$T:$T) -> 0.82569444 | H17: =LOOKUP(2,1/(('1128 4度C'!$A:$A="新豐3線")*('1128 4度C'!$T:$T<>"")),'1128 4度C'!$T:$T) -> 0.43680556 | I17: =LOOKUP(2,1/(('1128 4度C'!$A:$A="新豐1線")*('1128 4度C'!$T:$T<>"")),'1128 4度C'!$T:$T) -> 0.90069444 | J17: =LOOKUP(2,1/(('1128 4度C'!$A:$A="新豐10線")*('1128 4度C'!$T:$T<>"")),'1128 4度C'!$T:$T) -> 0.39166667 | K17: =LOOKUP(2,1/(('1128 4度C'!$A:$A="新豐8線")*('1128 4度C'!$T:$T<>"")),'1128 4度C'!$T:$T) -> 0.50763889 | L17: =LOOKUP(2,1/(('1128 4度C'!$A:$A="新豐9線")*('1128 4度C'!$T:$T<>"")),'1128 4度C'!$T:$T) -> 0.51805556 | M17: =LOOKUP(2,1/(('1128 4度C'!$A:$A="新豐4線")*('1128 4度C'!$T:$T<>"")),'1128 4度C'!$T:$T) -> 0.48333333
B18: 配置人數 | D18: =SUMIFS('1128 4度C'!$I:$I,'1128 4度C'!$A:$A,"新豐6線",'1128 4度C'!$B:$B,"平均") -> 15 | E18: =SUMIFS('1128 4度C'!$I:$I,'1128 4度C'!$A:$A,"新豐2線",'1128 4度C'!$B:$B,"平均") -> 18.5 | F18: =SUMIFS('1128 4度C'!$I:$I,'1128 4度C'!$A:$A,"新豐5線",'1128 4度C'!$B:$B,"平均") -> 18.4 | G18: =SUMIFS('1128 4度C'!$I:$I,'1128 4度C'!$A:$A,"新豐7線",'1128 4度C'!$B:$B,"平均") -> 16.875 | H18: =SUMIFS('1128 4度C'!$I:$I,'1128 4度C'!$A:$A,"新豐3線",'1128 4度C'!$B:$B,"平均") -> 10.142857 | I18: =SUMIFS('1128 4度C'!$I:$I,'1128 4度C'!$A:$A,"新豐1線",'1128 4度C'!$B:$B,"平均") -> 16.333333 | J18: =SUMIFS('1128 4度C'!$I:$I,'1128 4度C'!$A:$A,"新豐10線",'1128 4度C'!$B:$B,"平均") -> 9 | K18: =SUMIFS('1128 4度C'!$I:$I,'1128 4度C'!$A:$A,"新豐8線",'1128 4度C'!$B:$B,"平均") -> 18.2 | L18: =SUMIFS('1128 4度C'!$I:$I,'1128 4度C'!$A:$A,"新豐9線",'1128 4度C'!$B:$B,"平均") -> 17.4 | M18: =SUMIFS('1128 4度C'!$I:$I,'1128 4度C'!$A:$A,"新豐4線",'1128 4度C'!$B:$B,"平均") -> 16.428571
B19: 主要應用設備 | D19: ET-55 | E19: 熱縮爐 | F19: L型包裝機 | G19: L型包裝機 | H19: 伺服包裝機 | I19: ET-55 | J19: 伺服包裝機 | K19: 三明治包裝機 | L19: 三明治包裝機 | M19: 三明治包裝機
B20: 次要應用設備 | F20: 圓盤機 | G20: ET-55
B21: 備註 | E21: 握沙拉 | F21: 共用L型包裝機 | H21: 調理麵包 | I21: 炒飯+沙拉 | J21: 調理麵包

Sheet 1128 4度C
A1: 新豐廠四度C日報分析 | C1: 總生產量 | D1: =SUM(F5:F66) -> 134709 | E1: 營業額 | F1: =SUM(G5:G66) -> 4532055.3 | G1: 出勤人數 | H1: =L8+L11+L46+L53+L17+L58+L32+L38+L26+L66 -> 156.27976 | I1: 產線配置圖 | L1: 生產實績 | O1: 人時性差異分析 | S1: 日報登錄 | Y1: 分析說明 | AA1: 產能差異分析
A2: 45989 | B2: 星期五 | C2: 人時性 | D2: =AVERAGE(N8,N11,N46,N53,N17,N58,N26,N32,N38,N66) -> 146.62226 | E2: 平均廠價 | F2: =F1/D1 -> 33.6433 | G2: 多次生產數 | H2: =COUNT(H5:H66) -> 1
A3: 線別 | B3: 品類 | C3: 品名 | E3: 廠價 | F3: 生產量 | G3: 營收 | H3: 多次 生產 | I3: 人數 | J3: 產能/時 | K3: 人時性 | L3: 人數 | M3: 產能/時 | N3: 人時性 | O3: 人數 | P3: 人時性 | Q3: 達成率 | R3: 達成率平均 | S3: 生產時間 | U3: 換線、休息/分 | V3: 稼動時間/分 | W3: 休息時間 | Y3: (新豐回填) | AA3: 產能/時 | AB3: 達成率 | AC3: 達成率平均
S4: 開始 | T4: 結束 | W4: 開始 | X4: 結束
A5: 新豐6線 | B5: 微波主食 | C5: 二配港式香滑嫩蛋牛肉燴飯 | E5: 50.67 | F5: 1337 | G5: =E5*F5 -> 67745.79 | I5: 17 | J5: 2000 | K5: =J5/I5 -> 117.64706 | L5: 17 | M5: =F5/V5*60 -> 1910 | N5: =M5/L5 -> 112.35294 | O5: =L5-I5 -> 0 | P5: =N5-K5 -> -5.2941176 | Q5: =N5/K5 -> 0.955 | R5: =Q8 -> 0.96145145 | S5: 0.70833333 | T5: 0.7375 | V5: =(T5-S5)*24*60 -> 42 | AA5: =M5-J5 -> -90 | AB5: =M5/J5 -> 0.955 | AC5: =AB8 -> 0.96145145
A6: 新豐6線 | B6: 微波主食 | C6: 二配川味麻婆燒豆腐燴飯 | E6: 50.49 | F6: 1739 | G6: =E6*F6 -> 87802.11 | I6: 15 | J6: 2000 | K6: =J6/I6 -> 133.33333 | L6: 15 | M6: =F6/V6*60 -> 1932.2222 | N6: =M6/L6 -> 128.81481 | O6: =L6-I6 -> 0 | P6: =N6-K6 -> -4.5185185 | Q6: =N6/K6 -> 0.96611111 | S6: 0.74305556 | T6: 0.78055556 | U6: =IF(S6=TIME(17,0,0),"",(S6-T5)*24*60) -> 8 | V6: =(T6-S6)*24*60 -> 54 | AA6: =M6-J6 -> -67.777778 | AB6: =M6/J6 -> 0.96611111
A7: 新豐6線 | B7: 微波主食 | C7: 二配厚香料咖哩雞排飯 | E7: 57.3 | F7: 2376 | G7: =E7*F7 -> 136144.8 | I7: 13 | J7: 2000 | K7: =J7/I7 -> 153.84615 | L7: 13 | M7: =F7/V7*60 -> 1926.4865 | N7: =M7/L7 -> 148.19127 | O7: =L7-I7 -> 0 | P7: =N7-K7 -> -5.6548857 | Q7: =N7/K7 -> 0.96324324 | S7: 0.78541667 | T7: 0.83680556 | U7: =IF(S7=TIME(17,0,0),"",(S7-T6)*24*60) -> 7 | V7: =(T7-S7)*24*60 -> 74 | AA7: =M7-J7 -> -73.513514 | AB7: =M7/J7 -> 0.96324324
A8: 新豐6線 | B8: 平均 | I8: 15 | J8: 2000 | K8: =J8/I8 -> 133.33333 | L8: 15 | M8: =AVERAGE(M5:M7) -> 1922.9029 | N8: =M8/L8 -> 128.19353 | O8: =L8-I8 -> 0 | P8: =N8-K8 -> -5.1398065 | Q8: =N8/K8 -> 0.96145145 | AA8: =M8-J8 -> -77.097097 | AB8: =M8/J8 -> 0.96145145
A9: 新豐2線 | B9: 沙拉 | C9: 韓式泡菜豆腐握沙拉 | E9: 39.36 | F9: 1066 | G9: =E9*F9 -> 41957.76 | I9: 20 | J9: 1500 | K9: =J9/I9 -> 75 | L9: 20 | M9: =F9/V9*60 -> 1453.6364 | N9: =M9/L9 -> 72.681818 | O9: =L9-I9 -> 0 | P9: =N9-K9 -> -2.3181818 | Q9: =N9/K9 -> 0.96909091 | R9: =Q11 -> 0.96153038 | S9: 0.20833333 | T9: 0.23888889 | V9: =(T9-S9)*24*60 -> 44 | AA9: =M9-J9 -> -46.363636 | AB9: =M9/J9 -> 0.96909091 | AC9: =AB11 -> 0.96153038
A10: 新豐2線 | B10: 沙拉 | C10: 青檸烤雞握沙拉(113年) | E10: 39.8 | F10: 4746 | G10: =E10*F10 -> 188890.8 | I10: 17 | J10: 1500 | K10: =J10/I10 -> 88.235294 | L10: 17 | M10: =F10/V10*60 -> 1430.9548 | N10: =M10/L10 -> 84.17381 | O10: =L10-I10 -> 0 | P10: =N10-K10 -> -4.0614839 | Q10: =N10/K10 -> 0.95396985 | S10: 0.24444444 | T10: 0.38263889 | U10: =IF(S10=TIME(17,0,0),"",(S10-T9)*24*60) -> 8 | V10: =(T10-S10)*24*60 -> 199 | AA10: =M10-J10 -> -69.045226 | AB10: =M10/J10 -> 0.95396985
A11: 新豐2線 | B11: 平均 | I11: 18.5 | J11: 1500 | K11: =J11/I11 -> 81.081081 | L11: 18.5 | M11: =AVERAGE(M9:M10) -> 1442.2956 | N11: =M11/L11 -> 77.961923 | O11: =L11-I11 -> 0 | P11: =N11-K11 -> -3.1191584 | Q11: =N11/K11 -> 0.96153038 | AA11: =M11-J11 -> -57.704431 | AB11: =M11/J11 -> 0.96153038
A12: 新豐5線 | B12: 小吃 | C12: 剝皮辣椒雞湯 | E12: 41 | F12: 1919 | G12: =E12*F12 -> 78679 | I12: 26 | J12: 1500 | K12: =J12/I12 -> 57.692308 | L12: 26 | M12: =F12/V12*60 -> 1439.25 | N12: =M12/L12 -> 55.355769 | O12: =L12-I12 -> 0 | P12: =N12-K12 -> -2.3365385 | Q12: =N12/K12 -> 0.9595 | R12: =Q17 -> 0.9572399 | S12: 0.125 | T12: 0.18055556 | V12: =(T12-S12)*24*60 -> 80 | W12: =T12 -> 0.18055556 | X12: =S13 -> 0.2 | AA12: =M12-J12 -> -60.75 | AB12: =M12/J12 -> 0.9595 | AC12: =AB17 -> 0.9572399
A13: 新豐5線 | B13: 沙拉 | C13: 青醬優格雞肉握沙拉(113年) | E13: 39.62 | F13: 3146 | G13: =E13*F13 -> 124644.52 | I13: 19 | J13: 1500 | K13: =J13/I13 -> 78.947368 | L13: 19 | M13: =F13/V13*60 -> 1430 | N13: =M13/L13 -> 75.263158 | O13: =L13-I13 -> 0 | P13: =N13-K13 -> -3.6842105 | Q13: =N13/K13 -> 0.95333333 | S13: 0.2 | T13: 0.29166667 | U13: =IF(S13=TIME(17,0,0),"",(S13-T12)*24*60) -> 28 | V13: =(T13-S13)*24*60 -> 132 | AA13: =M13-J13 -> -70 | AB13: =M13/J13 -> 0.95333333
A14: 新豐5線 | B14: 微波主食 | C14: 二配金咖哩濃厚辛口咖哩飯 | E14: 50.98 | F14: 2064 | G14: =E14*F14 -> 105222.72 | I14: 16 | J14: 2000 | K14: =J14/I14 -> 125 | L14: 16 | M14: =F14/V14*60 -> 1905.2308 | N14: =M14/L14 -> 119.07692 | O14: =L14-I14 -> 0 | P14: =N14-K14 -> -5.9230769 | Q14: =N14/K14 -> 0.95261538 | S14: 0.70833333 | T14: 0.75347222 | U14: =IF(S14=TIME(17,0,0),"",(S14-T13)*24*60) | V14: =(T14-S14)*24*60 -> 65 | AA14: =M14-J14 -> -94.769231 | AB14: =M14/J14 -> 0.95261538
A15: 新豐5線 | B15: 微波主食 | C15: 二配金咖哩果香甘口咖哩飯 | E15: 50.92 | F15: 1959 | G15: =E15*F15 -> 99752.28 | I15: 15 | J15: 2000 | K15: =J15/I15 -> 133.33333 | L15: 15 | M15: =F15/V15*60 -> 1926.8852 | N15: =M15/L15 -> 128.45902 | O15: =L15-I15 -> 0 | P15: =N15-K15 -> -4.8743169 | Q15: =N15/K15 -> 0.96344262 | S15: 0.75902778 | T15: 0.80138889 | U15: =IF(S15=TIME(17,0,0),"",(S15-T14)*24*60) -> 8 | V15: =(T15-S15)*24*60 -> 61 | AA15: =M15-J15 -> -73.114754 | AB15: =M15/J15 -> 0.96344262
A16: 新豐5線 | B16: 微波主食 | C16: 二配煸椒烘蛋飯 | E16: 46.93 | F16: 925 | G16: =E16*F16 -> 43410.25 | I16: 16 | J16: 2000 | K16: =J16/I16 -> 125 | L16: 16 | M16: =F16/V16*60 -> 1913.7931 | N16: =M16/L16 -> 119.61207 | O16: =L16-I16 -> 0 | P16: =N16-K16 -> -5.387931 | Q16: =N16/K16 -> 0.95689655 | S16: 0.80625 | T16: 0.82638889 | U16: =IF(S16=TIME(17,0,0),"",(S16-T15)*24*60) -> 7 | V16: =(T16-S16)*24*60 -> 29 | AA16: =M16-J16 -> -86.206897 | AB16: =M16/J16 -> 0.95689655
A17: 新豐5線 | B17: 平均 | I17: 18.4 | J17: 1800 | K17: =J17/I17 -> 97.826087 | L17: 18.4 | M17: =AVERAGE(M12:M16) -> 1723.0318 | N17: =M17/L17 -> 93.643034 | O17: =L17-I17 -> 0 | P17: =N17-K17 -> -4.1830531 | Q17: =N17/K17 -> 0.9572399 | AA17: =M17-J17 -> -76.968176 | AB17: =M17/J17 -> 0.9572399
A18: 新豐7線 | B18: 小吃 | C18: 古早味炒炊粉 | E18: 43.14 | F18: 892 | G18: =E18*F18 -> 38480.88 | I18: 17 | J18: 2000 | K18: =J18/I18 -> 117.64706 | L18: 17 | M18: =F18/V18*60 -> 1911.4286 | N18: =M18/L18 -> 112.43697 | O18: =L18-I18 -> 0 | P18: =N18-K18 -> -5.210084 | Q18: =N18/K18 -> 0.95571429 | R18: =Q26 -> 0.95899212 | S18: 0.20833333 | T18: 0.22777778 | V18: =(T18-S18)*24*60 -> 28 | AA18: =M18-J18 -> -88.571429 | AB18: =M18/J18 -> 0.95571429 | AC18: =AB26 -> 0.95899212
A19: 新豐7線 | B19: 熱食義麵 | C19: 麻婆豆腐波浪麵 | E19: 49.9 | F19: 1469 | G19: =E19*F19 -> 73303.1 | I19: 19 | J19: 2000 | K19: =J19/I19 -> 105.26316 | L19: 19 | M19: =F19/V19*60 -> 1916.087 | N19: =M19/L19 -> 100.84668 | O19: =L19-I19 -> 0 | P19: =N19-K19 -> -4.416476 | Q19: =N19/K19 -> 0.95804348 | S19: 0.23125 | T19: 0.26319444 | U19: =IF(S19=TIME(17,0,0),"",(S19-T18)*24*60) -> 5 | V19: =(T19-S19)*24*60 -> 46 | AA19: =M19-J19 -> -83.913043 | AB19: =M19/J19 -> 0.95804348
A20: 新豐7線 | B20: 微波主食 | C20: 鐵板滑蛋炸豬排丼 | E20: 57.73 | F20: 1943 | G20: =E20*F20 -> 112169.39 | I20: 14 | J20: 2000 | K20: =J20/I20 -> 142.85714 | L20: 14 | M20: =F20/V20*60 -> 1911.1475 | N20: =M20/L20 -> 136.51054 | O20: =L20-I20 -> 0 | P20: =N20-K20 -> -6.3466042 | Q20: =N20/K20 -> 0.95557377 | S20: 0.26805556 | T20: 0.31041667 | U20: =IF(S20=TIME(17,0,0),"",(S20-T19)*24*60) -> 7 | V20: =(T20-S20)*24*60 -> 61 | AA20: =M20-J20 -> -88.852459 | AB20: =M20/J20 -> 0.95557377
A21: 新豐7線 | B21: 微波主食 | C21: 極上炙烤親子丼 | E21: 53.68 | F21: 1223 | G21: =E21*F21 -> 65650.64 | I21: 16 | J21: 2000 | K21: =J21/I21 -> 125 | L21: 16 | M21: =F21/V21*60 -> 1931.0526 | N21: =M21/L21 -> 120.69079 | O21: =L21-I21 -> 0 | P21: =N21-K21 -> -4.3092105 | Q21: =N21/K21 -> 0.96552632 | S21: 0.31458333 | T21: 0.34097222 | U21: =IF(S21=TIME(17,0,0),"",(S21-T20)*24*60) -> 6 | V21: =(T21-S21)*24*60 -> 38 | AA21: =M21-J21 -> -68.947368 | AB21: =M21/J21 -> 0.96552632
A22: 新豐7線 | B22: 微波主食 | C22: 日式野菜烘蛋燴飯 | E22: 49.91 | F22: 1369 | G22: =E22*F22 -> 68326.79 | I22: 19 | J22: 2000 | K22: =J22/I22 -> 105.26316 | L22: 19 | M22: =F22/V22*60 -> 1910.2326 | N22: =M22/L22 -> 100.53856 | O22: =L22-I22 -> 0 | P22: =N22-K22 -> -4.7246022 | Q22: =N22/K22 -> 0.95511628 | S22: 0.34513889 | T22: 0.375 | U22: =IF(S22=TIME(17,0,0),"",(S22-T21)*24*60) -> 6 | V22: =(T22-S22)*24*60 -> 43 | AA22: =M22-J22 -> -89.767442 | AB22: =M22/J22 -> 0.95511628
A23: 新豐7線 | B23: 微波主食 | C23: 二配美味蟹煲 | E23: 54.09 | F23: 1468 | G23: =E23*F23 -> 79404.12 | I23: 19 | J23: 2000 | K23: =J23/I23 -> 105.26316 | L23: 19 | M23: =F23/V23*60 -> 1914.7826 | N23: =M23/L23 -> 100.77803 | O23: =L23-I23 -> 0 | P23: =N23-K23 -> -4.4851259 | Q23: =N23/K23 -> 0.9573913 | S23: 0.70833333 | T23: 0.74027778 | U23: =IF(S23=TIME(17,0,0),"",(S23-T22)*24*60) | V23: =(T23-S23)*24*60 -> 46 | AA23: =M23-J23 -> -85.217391 | AB23: =M23/J23 -> 0.9573913
A24: 新豐7線 | B24: 微波主食 | C24: 二配粗飽系雞排炒飯(114年) | E24: 57.73 | F24: 1452 | G24: =E24*F24 -> 83823.96 | I24: 16 | J24: 1500 | K24: =J24/I24 -> 93.75 | L24: 16 | M24: =F24/V24*60 -> 1452 | N24: =M24/L24 -> 90.75 | O24: =L24-I24 -> 0 | P24: =N24-K24 -> -3 | Q24: =N24/K24 -> 0.968 | S24: 0.74513889 | T24: 0.78680556 | U24: =IF(S24=TIME(17,0,0),"",(S24-T23)*24*60) -> 7 | V24: =(T24-S24)*24*60 -> 60 | AA24: =M24-J24 -> -48 | AB24: =M24/J24 -> 0.968
A25: 新豐7線 | B25: 微波主食 | C25: 二配泰式綠咖哩雞 | E25: 50.67 | F25: 1630 | G25: =E25*F25 -> 82592.1 | I25: 15 | J25: 2000 | K25: =J25/I25 -> 133.33333 | L25: 15 | M25: =F25/V25*60 -> 1917.6471 | N25: =M25/L25 -> 127.84314 | O25: =L25-I25 -> 0 | P25: =N25-K25 -> -5.4901961 | Q25: =N25/K25 -> 0.95882353 | S25: 0.79027778 | T25: 0.82569444 | U25: =IF(S25=TIME(17,0,0),"",(S25-T24)*24*60) -> 5 | V25: =(T25-S25)*24*60 -> 51 | AA25: =M25-J25 -> -82.352941 | AB25: =M25/J25 -> 0.95882353
A26: 新豐7線 | B26: 平均 | I26: 16.875 | J26: 1937.5 | K26: =J26/I26 -> 114.81481 | L26: 16.875 | M26: =AVERAGE(M18:M25) -> 1858.0472 | N26: =M26/L26 -> 110.1065 | O26: =L26-I26 -> 0 | P26: =N26-K26 -> -4.7083117 | Q26: =N26/K26 -> 0.95899212 | AA26: =M26-J26 -> -79.452759 | AB26: =M26/J26 -> 0.95899212
A27: 新豐8線 | B27: 三明治 | C27: 紐奧良風味烤雞鮮蔬三明治 | E27: 31.29 | F27: 6338 | G27: =E27*F27 -> 198316.02 | I27: 18 | J27: 2400 | K27: =J27/I27 -> 133.33333 | L27: 18 | M27: =F27/V27*60 -> 2290.8434 | N27: =M27/L27 -> 127.26908 | O27: =L27-I27 -> 0 | P27: =N27-K27 -> -6.064257 | Q27: =N27/K27 -> 0.95451807 | R27: =Q32 -> 0.95525175 | S27: 0.083333333 | T27: 0.19861111 | V27: =(T27-S27)*24*60 -> 166 | W27: =T27 -> 0.19861111 | X27: =S28 -> 0.21805556 | AA27: =M27-J27 -> -109.15663 | AB27: =M27/J27 -> 0.95451807 | AC27: =AB32 -> 0.95525175
A28: 新豐8線 | B28: 三明治 | C28: 經典總匯三明治 | E28: 26.2 | F28: 3942 | G28: =E28*F28 -> 103280.4 | I28: 20 | J28: 2400 | K28: =J28/I28 -> 120 | L28: 20 | M28: =F28/V28*60 -> 2296.3107 | N28: =M28/L28 -> 114.81553 | O28: =L28-I28 -> 0 | P28: =N28-K28 -> -5.184466 | Q28: =N28/K28 -> 0.95679612 | S28: 0.21805556 | T28: 0.28958333 | U28: =(S28-T27)*24*60 -> 28 | V28: =(T28-S28)*24*60 -> 103 | AA28: =M28-J28 -> -103.68932 | AB28: =M28/J28 -> 0.95679612
A29: 新豐8線 | B29: 三明治 | C29: 雞蛋沙拉三明治(114年) | E29: 25.99 | F29: 3965 | G29: =E29*F29 -> 103050.35 | I29: 14 | J29: 2400 | K29: =J29/I29 -> 171.42857 | L29: 14 | M29: =F29/V29*60 -> 2287.5 | N29: =M29/L29 -> 163.39286 | O29: =L29-I29 -> 0 | P29: =N29-K29 -> -8.0357143 | Q29: =N29/K29 -> 0.953125 | S29: 0.29375 | T29: 0.36597222 | U29: =(S29-T28)*24*60 -> 6 | V29: =(T29-S29)*24*60 -> 104 | AA29: =M29-J29 -> -112.5 | AB29: =M29/J29 -> 0.953125
A30: 新豐8線 | B30: 三明治 | C30: 肉鬆火腿三明治 | E30: 20.52 | F30: 3334 | G30: =E30*F30 -> 68413.68 | I30: 18 | J30: 2400 | K30: =J30/I30 -> 133.33333 | L30: 18 | M30: =F30/V30*60 -> 2299.3103 | N30: =M30/L30 -> 127.73946 | O30: =L30-I30 -> 0 | P30: =N30-K30 -> -5.5938697 | Q30: =N30/K30 -> 0.95804598 | S30: 0.36944444 | T30: 0.42986111 | U30: =(S30-T29)*24*60 -> 5 | V30: =(T30-S30)*24*60 -> 87 | AA30: =M30-J30 -> -100.68966 | AB30: =M30/J30 -> 0.95804598
A31: 新豐8線 | B31: 三明治 | C31: 好多菜三明治(114年) | E31: 25.98 | F31: 4044 | G31: =E31*F31 -> 105063.12 | I31: 21 | J31: 2400 | K31: =J31/I31 -> 114.28571 | L31: 21 | M31: =F31/V31*60 -> 2289.0566 | N31: =M31/L31 -> 109.0027 | O31: =L31-I31 -> 0 | P31: =N31-K31 -> -5.2830189 | Q31: =N31/K31 -> 0.95377358 | S31: 0.43402778 | T31: 0.50763889 | U31: =(S31-T30)*24*60 -> 6 | V31: =(T31-S31)*24*60 -> 106 | AA31: =M31-J31 -> -110.9434 | AB31: =M31/J31 -> 0.95377358
A32: 新豐8線 | B32: 平均 | I32: 18.2 | J32: 2400 | K32: =J32/I32 -> 131.86813 | L32: 18.2 | M32: =AVERAGE(M27:M31) -> 2292.6042 | N32: =M32/L32 -> 125.96726 | O32: =L32-I32 -> 0 | P32: =N32-K32 -> -5.9008681 | Q32: =N32/K32 -> 0.95525175 | AA32: =M32-J32 -> -107.3958 | AB32: =M32/J32 -> 0.95525175
A33: 新豐9線 | B33: 三明治 | C33: 火腿起司蛋三明治 | E33: 19.02 | F33: 6856 | G33: =E33*F33 -> 130401.12 | I33: 15 | J33: 2400 | K33: =J33/I33 -> 160 | L33: 15 | M33: =F33/V33*60 -> 2285.3333 | N33: =M33/L33 -> 152.35556 | O33: =L33-I33 -> 0 | P33: =N33-K33 -> -7.6444444 | Q33: =N33/K33 -> 0.95222222 | R33: =Q38 -> 0.9565138 | S33: 0.083333333 | T33: 0.20833333 | V33: =(T33-S33)*24*60 -> 180 | W33: =T33 -> 0.20833333 | X33: =S34 -> 0.22986111 | AA33: =M33-J33 -> -114.66667 | AB33: =M33/J33 -> 0.95222222 | AC33: =AB38 -> 0.9565138
A34: 新豐9線 | B34: 三明治 | C34: 鮪魚起司溏心蛋三明治 | E34: 26.2 | F34: 4769 | G34: =E34*F34 -> 124947.8 | I34: 18 | J34: 2400 | K34: =J34/I34 -> 133.33333 | L34: 18 | M34: =F34/V34*60 -> 2289.12 | N34: =M34/L34 -> 127.17333 | O34: =L34-I34 -> 0 | P34: =N34-K34 -> -6.16 | Q34: =N34/K34 -> 0.9538 | S34: 0.22986111 | T34: 0.31666667 | U34: =(S34-T33)*24*60 -> 31 | V34: =(T34-S34)*24*60 -> 125 | AA34: =M34-J34 -> -110.88 | AB34: =M34/J34 -> 0.9538
A35: 新豐9線 | B35: 三明治 | C35: 陽光地瓜總匯三明治 | E35: 26.18 | F35: 2316 | G35: =E35*F35 -> 60632.88 | I35: 19 | J35: 2400 | K35: =J35/I35 -> 126.31579 | L35: 19 | M35: =F35/V35*60 -> 2316 | N35: =M35/L35 -> 121.89474 | O35: =L35-I35 -> 0 | P35: =N35-K35 -> -4.4210526 | Q35: =N35/K35 -> 0.965 | S35: 0.32083333 | T35: 0.3625 | U35: =(S35-T34)*24*60 -> 6 | V35: =(T35-S35)*24*60 -> 60 | AA35: =M35-J35 -> -84 | AB35: =M35/J35 -> 0.965
A36: 新豐9線 | B36: 三明治 | C36: 醬燒烤雞三明治 | E36: 26.39 | F36: 4643 | G36: =E36*F36 -> 122528.77 | I36: 19 | J36: 2400 | K36: =J36/I36 -> 126.31579 | L36: 19 | M36: =F36/V36*60 -> 2283.4426 | N36: =M36/L36 -> 120.18119 | O36: =L36-I36 -> 0 | P36: =N36-K36 -> -6.1345988 | Q36: =N36/K36 -> 0.95143443 | S36: 0.36666667 | T36: 0.45138889 | U36: =(S36-T35)*24*60 -> 6 | V36: =(T36-S36)*24*60 -> 122 | AA36: =M36-J36 -> -116.55738 | AB36: =M36/J36 -> 0.95143443
A37: 新豐9線 | B37: 三明治 | C37: 切達海鮮雙饗三明治 | E37: 28.51 | F37: 3418 | G37: =E37*F37 -> 97447.18 | I37: 16 | J37: 2400 | K37: =J37/I37 -> 150 | L37: 16 | M37: =F37/V37*60 -> 2304.2697 | N37: =M37/L37 -> 144.01685 | O37: =L37-I37 -> 0 | P37: =N37-K37 -> -5.9831461 | Q37: =N37/K37 -> 0.96011236 | S37: 0.45625 | T37: 0.51805556 | U37: =(S37-T36)*24*60 -> 7 | V37: =(T37-S37)*24*60 -> 89 | AA37: =M37-J37 -> -95.730337 | AB37: =M37/J37 -> 0.96011236
A38: 新豐9線 | B38: 平均 | I38: 17.4 | J38: 2400 | K38: =J38/I38 -> 137.93103 | L38: 17.4 | M38: =AVERAGE(M33:M37) -> 2295.6331 | N38: =M38/L38 -> 131.93294 | O38: =L38-I38 -> 0 | P38: =N38-K38 -> -5.9980963 | Q38: =N38/K38 -> 0.9565138 | AA38: =M38-J38 -> -104.36688 | AB38: =M38/J38 -> 0.9565138
A39: 新豐3線 | B39: 調理麵包 | C39: 豬肉起司堡 | E39: 21.13 | F39: 3953 | G39: =E39*F39 -> 83526.89 | I39: 10 | J39: 3000 | K39: =J39/I39 -> 300 | L39: 10 | M39: =F39/V39*60 -> 2857.5904 | N39: =M39/L39 -> 285.75904 | O39: =L39-I39 -> 0 | P39: =N39-K39 -> -14.240964 | Q39: =N39/K39 -> 0.95253012 | R39: =Q46 -> 0.95979577 | S39: 0.083333333 | T39: 0.14097222 | V39: =(T39-S39)*24*60 -> 83 | W39: =T39 -> 0.14097222 | X39: =S40 -> 0.16111111 | AA39: =M39-J39 -> -142.40964 | AB39: =M39/J39 -> 0.95253012 | AC39: =AB46 -> 0.95979577
A40: 新豐3線 | B40: 調理麵包 | C40: 豬肉起司蛋堡 | E40: 27.17 | F40: 5122 | G40: =E40*F40 -> 139164.74 | I40: 10 | J40: 3000 | K40: =J40/I40 -> 300 | L40: 10 | M40: =F40/V40*60 -> 2872.1495 | N40: =M40/L40 -> 287.21495 | O40: =L40-I40 -> 0 | P40: =N40-K40 -> -12.785047 | Q40: =N40/K40 -> 0.95738318 | S40: 0.16111111 | T40: 0.23541667 | U40: =(S40-T39)*24*60 -> 29 | V40: =(T40-S40)*24*60 -> 107 | AA40: =M40-J40 -> -127.85047 | AB40: =M40/J40 -> 0.95738318
A41: 新豐3線 | B41: 調理麵包 | C41: 經典雙牛起司堡(113年) | E41: 35.12 | F41: 3308 | G41: =E41*F41 -> 116176.96 | I41: 10 | J41: 3000 | K41: =J41/I41 -> 300 | L41: 10 | M41: =F41/V41*60 -> 2876.5217 | N41: =M41/L41 -> 287.65217 | O41: =L41-I41 -> 0 | P41: =N41-K41 -> -12.347826 | Q41: =N41/K41 -> 0.95884058 | S41: 0.24027778 | T41: 0.28819444 | U41: =(S41-T40)*24*60 -> 7 | V41: =(T41-S41)*24*60 -> 69 | AA41: =M41-J41 -> -123.47826 | AB41: =M41/J41 -> 0.95884058
A42: 新豐3線 | B42: 調理麵包 | C42: 美式雞腿堡 | E42: 35.87 | F42: 2278 | G42: =E42*F42 -> 81711.86 | I42: 9 | J42: 3000 | K42: =J42/I42 -> 333.33333 | L42: 9 | M42: =F42/V42*60 -> 2908.0851 | N42: =M42/L42 -> 323.12057 | O42: =L42-I42 -> 0 | P42: =N42-K42 -> -10.212766 | Q42: =N42/K42 -> 0.9693617 | S42: 0.29166667 | T42: 0.32430556 | U42: =(S42-T41)*24*60 -> 5 | V42: =(T42-S42)*24*60 -> 47 | AA42: =M42-J42 -> -91.914894 | AB42: =M42/J42 -> 0.9693617
A43: 新豐3線 | B43: 調理麵包 | C43: 泰式酸辣炸雞堡 | E43: 36.14 | F43: 953 | G43: =E43*F43 -> 34441.42 | I43: 9 | J43: 3000 | K43: =J43/I43 -> 333.33333 | L43: 9 | M43: =F43/V43*60 -> 2859 | N43: =M43/L43 -> 317.66667 | O43: =L43-I43 -> 0 | P43: =N43-K43 -> -15.666667 | Q43: =N43/K43 -> 0.953 | S43: 0.32777778 | T43: 0.34166667 | U43: =(S43-T42)*24*60 -> 5 | V43: =(T43-S43)*24*60 -> 20 | AA43: =M43-J43 -> -141 | AB43: =M43/J43 -> 0.953
A44: 新豐3線 | B44: 調理麵包 | C44: 厚豆腐蛋白蕈菇豬肉堡 | E44: 34.36 | F44: 1739 | G44: =E44*F44 -> 59752.04 | I44: 10 | J44: 3000 | K44: =J44/I44 -> 300 | L44: 10 | M44: =F44/V44*60 -> 2898.3333 | N44: =M44/L44 -> 289.83333 | O44: =L44-I44 -> 0 | P44: =N44-K44 -> -10.166667 | Q44: =N44/K44 -> 0.96611111 | S44: 0.34722222 | T44: 0.37222222 | U44: =(S44-T43)*24*60 -> 8 | V44: =(T44-S44)*24*60 -> 36 | AA44: =M44-J44 -> -101.66667 | AB44: =M44/J44 -> 0.96611111
A45: 新豐3線 | B45: 調理麵包 | C45: 排骨雞起司炒麵麵包 | E45: 31 | F45: 2726 | G45: =E45*F45 -> 84506 | I45: 13 | J45: 2000 | K45: =J45/I45 -> 153.84615 | L45: 13 | M45: =F45/V45*60 -> 1924.2353 | N45: =M45/L45 -> 148.0181 | O45: =L45-I45 -> 0 | P45: =N45-K45 -> -5.8280543 | Q45: =N45/K45 -> 0.96211765 | S45: 0.37777778 | T45: 0.43680556 | U45: =(S45-T44)*24*60 -> 8 | V45: =(T45-S45)*24*60 -> 85 | AA45: =M45-J45 -> -75.764706 | AB45: =M45/J45 -> 0.96211765
A46: 新豐3線 | B46: 平均 | I46: 10.142857 | J46: 2857.1429 | K46: =J46/I46 -> 281.69014 | L46: 10.142857 | M46: =AVERAGE(M39:M45) -> 2742.2736 | N46: =M46/L46 -> 270.36501 | O46: =L46-I46 -> 0 | P46: =N46-K46 -> -11.325136 | Q46: =N46/K46 -> 0.95979577 | AA46: =M46-J46 -> -114.86923 | AB46: =M46/J46 -> 0.95979577
A47: 新豐1線 | B47: 沙拉 | C47: 蔥鹽雞肉麵沙拉(114年) | E47: 46 | F47: 1714 | G47: =E47*F47 -> 78844 | I47: 17 | J47: 2000 | K47: =J47/I47 -> 117.64706 | L47: 17 | M47: =F47/V47*60 -> 1940.3774 | N47: =M47/L47 -> 114.13984 | O47: =L47-I47 -> 0 | P47: =N47-K47 -> -3.5072142 | Q47: =N47/K47 -> 0.97018868 | R47: =Q53 -> 0.96395864 | S47: 0.20833333 | T47: 0.24513889 | V47: =(T47-S47)*24*60 -> 53 | AA47: =M47-J47 -> -59.622642 | AB47: =M47/J47 -> 0.97018868 | AC47: =AB53 -> 0.96395864
A48: 新豐1線 | B48: 沙拉 | C48: 莎莎烤雞麵沙拉 | E48: 46 | F48: 1899 | G48: =E48*F48 -> 87354 | I48: 17 | J48: 2000 | K48: =J48/I48 -> 117.64706 | L48: 17 | M48: =F48/V48*60 -> 1931.1864 | N48: =M48/L48 -> 113.5992 | O48: =L48-I48 -> 0 | P48: =N48-K48 -> -4.0478564 | Q48: =N48/K48 -> 0.96559322 | S48: 0.24930556 | T48: 0.29027778 | U48: =IF(S48=TIME(17,0,0),"",(S48-T47)*24*60) -> 6 | V48: =(T48-S48)*24*60 -> 59 | AA48: =M48-J48 -> -68.813559 | AB48: =M48/J48 -> 0.96559322
A49: 新豐1線 | B49: 微波主食 | C49: 二配香辣醬蒜味香腸蛋炒飯 | E49: 55.56 | F49: 1751 | G49: =E49*F49 -> 97285.56 | I49: 17 | J49: 2000 | K49: =J49/I49 -> 117.64706 | L49: 17 | M49: =F49/V49*60 -> 1910.1818 | N49: =M49/L49 -> 112.36364 | O49: =L49-I49 -> 0 | P49: =N49-K49 -> -5.2834225 | Q49: =N49/K49 -> 0.95509091 | S49: 0.70833333 | T49: 0.74652778 | U49: =IF(S49=TIME(17,0,0),"",(S49-T48)*24*60) | V49: =(T49-S49)*24*60 -> 55 | AA49: =M49-J49 -> -89.818182 | AB49: =M49/J49 -> 0.95509091
A50: 新豐1線 | B50: 微波主食 | C50: 二配香拌海鮮醬肉絲蛋炒飯 | E50: 55.32 | F50: 1327 | G50: =E50*F50 -> 73409.64 | I50: 15 | J50: 2000 | K50: =J50/I50 -> 133.33333 | L50: 15 | M50: =F50/V50*60 -> 1941.9512 | N50: =M50/L50 -> 129.46341 | O50: =L50-I50 -> 0 | P50: =N50-K50 -> -3.8699187 | Q50: =N50/K50 -> 0.97097561 | S50: 0.75069444 | T50: 0.77916667 | U50: =IF(S50=TIME(17,0,0),"",(S50-T49)*24*60) -> 6 | V50: =(T50-S50)*24*60 -> 41 | AA50: =M50-J50 -> -58.04878 | AB50: =M50/J50 -> 0.97097561
A51: 新豐1線 | B51: 微波主食 | C51: 二配起司控培根白醬焗烤飯 | E51: 53.68 | F51: 1500 | G51: =E51*F51 -> 80520 | H51: 2 | I51: 16 | J51: 1500 | K51: =J51/I51 -> 93.75 | L51: 16 | M51: =F51/V51*60 -> 1451.6129 | N51: =M51/L51 -> 90.725806 | O51: =L51-I51 -> 0 | P51: =N51-K51 -> -3.0241935 | Q51: =N51/K51 -> 0.96774194 | S51: 0.78263889 | T51: 0.82569444 | U51: =IF(S51=TIME(17,0,0),"",(S51-T50)*24*60) -> 5 | V51: =(T51-S51)*24*60 -> 62 | W51: =T51 -> 0.82569444 | X51: =S52 -> 0.86527778 | AA51: =M51-J51 -> -48.387097 | AB51: =M51/J51 -> 0.96774194
A52: 新豐1線 | B52: 微波主食 | C52: 二配起司控培根白醬焗烤飯 | E52: 53.68 | F52: 1214 | G52: =E52*F52 -> 65167.52 | I52: 16 | J52: 1500 | K52: =J52/I52 -> 93.75 | L52: 16 | M52: =F52/V52*60 -> 1428.2353 | N52: =M52/L52 -> 89.264706 | O52: =L52-I52 -> 0 | P52: =N52-K52 -> -4.4852941 | Q52: =N52/K52 -> 0.95215686 | S52: 0.86527778 | T52: 0.90069444 | U52: =IF(S52=TIME(17,0,0),"",(S52-T51)*24*60) -> 57 | V52: =(T52-S52)*24*60 -> 51 | AA52: =M52-J52 -> -71.764706 | AB52: =M52/J52 -> 0.95215686
A53: 新豐1線 | B53: 平均 | I53: 16.333333 | J53: 1833.3333 | K53: =J53/I53 -> 112.2449 | L53: 16.333333 | M53: =AVERAGE(M47:M52) -> 1767.2575 | N53: =M53/L53 -> 108.19944 | O53: =L53-I53 -> 0 | P53: =N53-K53 -> -4.0454588 | Q53: =N53/K53 -> 0.96395864 | AA53: =M53-J53 -> -66.075828 | AB53: =M53/J53 -> 0.96395864
A54: 新豐10線 | B54: 沙拉 | C54: 溏心蛋洋芋沙拉 | E54: 26.97 | F54: 2436 | G54: =E54*F54 -> 65698.92 | I54: 8 | J54: 1500 | K54: =J54/I54 -> 187.5 | L54: 8 | M54: =F54/V54*60 -> 1432.9412 | N54: =M54/L54 -> 179.11765 | O54: =L54-I54 -> 0 | P54: =N54-K54 -> -8.3823529 | Q54: =N54/K54 -> 0.95529412 | R54: =Q58 -> 0.95927162 | S54: 0.20833333 | T54: 0.27916667 | V54: =(T54-S54)*24*60 -> 102 | AA54: =M54-J54 -> -67.058824 | AB54: =M54/J54 -> 0.95529412 | AC54: =AB58 -> 0.95927162
A55: 新豐10線 | B55: 調理麵包 | C55: 香雞蛋堡(112年) | E55: 26.78 | F55: 2016 | G55: =E55*F55 -> 53988.48 | I55: 10 | J55: 3000 | K55: =J55/I55 -> 300 | L55: 10 | M55: =F55/V55*60 -> 2880 | N55: =M55/L55 -> 288 | O55: =L55-I55 -> 0 | P55: =N55-K55 -> -12 | Q55: =N55/K55 -> 0.96 | S55: 0.28472222 | T55: 0.31388889 | U55: =(S55-T54)*24*60 -> 8 | V55: =(T55-S55)*24*60 -> 42 | AA55: =M55-J55 -> -120 | AB55: =M55/J55 -> 0.96
A56: 新豐10線 | B56: 調理麵包 | C56: 蜂蜜芥末辣雞堡 | E56: 37.88 | F56: 2480 | G56: =E56*F56 -> 93942.4 | I56: 10 | J56: 3000 | K56: =J56/I56 -> 300 | L56: 10 | M56: =F56/V56*60 -> 2861.5385 | N56: =M56/L56 -> 286.15385 | O56: =L56-I56 -> 0 | P56: =N56-K56 -> -13.846154 | Q56: =N56/K56 -> 0.95384615 | S56: 0.31875 | T56: 0.35486111 | U56: =(S56-T55)*24*60 -> 7 | V56: =(T56-S56)*24*60 -> 52 | AA56: =M56-J56 -> -138.46154 | AB56: =M56/J56 -> 0.95384615
A57: 新豐10線 | B57: 調理麵包 | C57: 經典美式起司巨牛堡 | E57: 40.51 | F57: 2270 | G57: =E57*F57 -> 91957.7 | I57: 8 | J57: 3000 | K57: =J57/I57 -> 375 | L57: 8 | M57: =F57/V57*60 -> 2897.8723 | N57: =M57/L57 -> 362.23404 | O57: =L57-I57 -> 0 | P57: =N57-K57 -> -12.765957 | Q57: =N57/K57 -> 0.96595745 | S57: 0.35902778 | T57: 0.39166667 | U57: =(S57-T56)*24*60 -> 6 | V57: =(T57-S57)*24*60 -> 47 | AA57: =M57-J57 -> -102.12766 | AB57: =M57/J57 -> 0.96595745
A58: 新豐10線 | B58: 平均 | I58: 9 | J58: 2625 | K58: =J58/I58 -> 291.66667 | L58: 9 | M58: =AVERAGE(M54:M57) -> 2518.088 | N58: =M58/L58 -> 279.78755 | O58: =L58-I58 -> 0 | P58: =N58-K58 -> -11.879112 | Q58: =N58/K58 -> 0.95927162 | AA58: =M58-J58 -> -106.91201 | AB58: =M58/J58 -> 0.95927162
A59: 新豐4線 | B59: 三明治 | C59: 香鬆起司蛋三明治(114年) | E59: 20.2 | F59: 1769 | G59: =E59*F59 -> 35733.8 | I59: 19 | J59: 2400 | K59: =J59/I59 -> 126.31579 | L59: 19 | M59: =F59/V59*60 -> 2307.3913 | N59: =M59/L59 -> 121.44165 | O59: =L59-I59 -> 0 | P59: =N59-K59 -> -4.8741419 | Q59: =N59/K59 -> 0.96141304 | R59: =Q66 -> 0.95878123 | S59: 0.083333333 | T59: 0.11527778 | V59: =(T59-S59)*24*60 -> 46 | W59: =T59 -> 0.11527778 | X59: =S60 -> 0.13402778 | AA59: =M59-J59 -> -92.608696 | AB59: =M59/J59 -> 0.96141304 | AC59: =AB66 -> 0.95878123
A60: 新豐4線 | B60: 三明治 | C60: 瘋狂起司三明治(113年) | E60: 24.45 | F60: 1933 | G60: =E60*F60 -> 47261.85 | I60: 20 | J60: 2400 | K60: =J60/I60 -> 120 | L60: 20 | M60: =F60/V60*60 -> 2319.6 | N60: =M60/L60 -> 115.98 | O60: =L60-I60 -> 0 | P60: =N60-K60 -> -4.02 | Q60: =N60/K60 -> 0.9665 | S60: 0.13402778 | T60: 0.16875 | U60: =(S60-T59)*24*60 -> 27 | V60: =(T60-S60)*24*60 -> 50 | AA60: =M60-J60 -> -80.4 | AB60: =M60/J60 -> 0.9665
A61: 新豐4線 | B61: 三明治 | C61: 藍莓優格三明治(114年) | E61: 22.35 | F61: 1542 | G61: =E61*F61 -> 34463.7 | I61: 16 | J61: 2400 | K61: =J61/I61 -> 150 | L61: 16 | M61: =F61/V61*60 -> 2313 | N61: =M61/L61 -> 144.5625 | O61: =L61-I61 -> 0 | P61: =N61-K61 -> -5.4375 | Q61: =N61/K61 -> 0.96375 | S61: 0.17430556 | T61: 0.20208333 | U61: =(S61-T60)*24*60 -> 8 | V61: =(T61-S61)*24*60 -> 40 | AA61: =M61-J61 -> -87 | AB61: =M61/J61 -> 0.96375
A62: 新豐4線 | B62: 三明治 | C62: 泰奶奶蓋QQ三明治 | E62: 24.25 | F62: 2290 | G62: =E62*F62 -> 55532.5 | I62: 13 | J62: 2400 | K62: =J62/I62 -> 184.61538 | L62: 13 | M62: =F62/V62*60 -> 2290 | N62: =M62/L62 -> 176.15385 | O62: =L62-I62 -> 0 | P62: =N62-K62 -> -8.4615385 | Q62: =N62/K62 -> 0.95416667 | S62: 0.20625 | T62: 0.24791667 | U62: =(S62-T61)*24*60 -> 6 | V62: =(T62-S62)*24*60 -> 60 | AA62: =M62-J62 -> -110 | AB62: =M62/J62 -> 0.95416667
A63: 新豐4線 | B63: 三明治 | C63: 輕乳酪巧克力三明治 | E63: 20.52 | F63: 2680 | G63: =E63*F63 -> 54993.6 | I63: 18 | J63: 2400 | K63: =J63/I63 -> 133.33333 | L63: 18 | M63: =F63/V63*60 -> 2297.1429 | N63: =M63/L63 -> 127.61905 | O63: =L63-I63 -> 0 | P63: =N63-K63 -> -5.7142857 | Q63: =N63/K63 -> 0.95714286 | S63: 0.25138889 | T63: 0.3 | U63: =(S63-T62)*24*60 -> 5 | V63: =(T63-S63)*24*60 -> 70 | AA63: =M63-J63 -> -102.85714 | AB63: =M63/J63 -> 0.95714286
A64: 新豐4線 | B64: 三明治 | C64: 檸檬紅茶三明治 | E64: 22.69 | F64: 3789 | G64: =E64*F64 -> 85972.41 | I64: 15 | J64: 2400 | K64: =J64/I64 -> 160 | L64: 15 | M64: =F64/V64*60 -> 2296.3636 | N64: =M64/L64 -> 153.09091 | O64: =L64-I64 -> 0 | P64: =N64-K64 -> -6.9090909 | Q64: =N64/K64 -> 0.95681818 | S64: 0.30555556 | T64: 0.37430556 | U64: =(S64-T63)*24*60 -> 8 | V64: =(T64-S64)*24*60 -> 99 | AA64: =M64-J64 -> -103.63636 | AB64: =M64/J64 -> 0.95681818
A65: 新豐4線 | B65: 三明治 | C65: 經典火腿玉米蛋三明治 | E65: 24.43 | F65: 5672 | G65: =E65*F65 -> 138566.96 | I65: 14 | J65: 2400 | K65: =J65/I65 -> 171.42857 | L65: 14 | M65: =F65/V65*60 -> 2284.0268 | N65: =M65/L65 -> 163.14477 | O65: =L65-I65 -> 0 | P65: =N65-K65 -> -8.2837967 | Q65: =N65/K65 -> 0.95167785 | S65: 0.37986111 | T65: 0.48333333 | U65: =(S65-T64)*24*60 -> 8 | V65: =(T65-S65)*24*60 -> 149 | AA65: =M65-J65 -> -115.97315 | AB65: =M65/J65 -> 0.95167785
A66: 新豐4線 | B66: 平均 | I66: 16.428571 | J66: 2400 | K66: =J66/I66 -> 146.08696 | L66: 16.428571 | M66: =AVERAGE(M59:M65) -> 2301.0749 | N66: =M66/L66 -> 140.06543 | O66: =L66-I66 -> 0 | P66: =N66-K66 -> -6.0215248 | Q66: =N66/K66 -> 0.95878123 | AA66: =M66-J66 -> -98.925051 | AB66: =M66/J66 -> 0.95878123

Sheet 1127
B1: 屏榮 新豐廠組合室生產人時性分析
B3: 日期 | C3: =TEXT('1127 4度C'!A2,"yyyy.mm.ddaaaa") -> 2025.11.27星期四 | E3: 訂單量 | F3: ='1127 4度C'!D1 -> 169315 | H3: 營業額 | I3: ='1127 4度C'!F1 -> 5501388.8
B4: 人時性 | C4: 項目 | E4: ➀ | G4: ➁ | I4: ➂
C5: 組合室 | E5: 全溫層 | G5: 4度C-各編組展開 | I5: ③三明治-各編組展開
C6: 排關平均 | E6: =AVERAGE(D13:M13) -> 153.0803 | F6: =AVERAGE(D27:O27,D13:J13) -> 158.951 | G6: =AVERAGE(D13:J13) -> 158.951 | I6: =AVERAGE(K13:M13) -> 139.382
C7: 實績平均 | E7: =AVERAGE(D14:M14) -> 146.65995 | F7: =AVERAGE(D28:O28,D14:J14) -> 152.32357 | G7: =AVERAGE(D14:J14) -> 152.32357 | I7: =AVERAGE(K14:M14) -> 133.44482
C8: 達成率平均 | E8: =AVERAGE(D15:M15) -> 0.9582137 | F8: =AVERAGE(D15:J15,D29:O29) -> 0.95856649 | G8: =AVERAGE(D15:J15) -> 0.95856649 | I8: =AVERAGE(K15:M15) -> 0.95739052 | K8: ※現行日本鮮食廠以達成率80%為基本(即為現行KPI)
B10: 溫層 | D10: ➁4度C-各編組展開 | K10: ③三明治-各編組展開
B11: 編組 | D11: 1 | E11: 2 | F11: 3 | G11: 4 | H11: 5 | I11: 6 | J11: 7 | K11: 1 | L11: 2 | M11: 3
D12: 新豐6線 | E12: 新豐2線 | F12: 新豐5線 | G12: 新豐7線 | H12: 新豐3線 | I12: 新豐1線 | J12: 新豐10線 | K12: 新豐8線 | L12: 新豐9線 | M12: 新豐4線
B13: 人時性 | C13: 排關 | D13: =SUMIFS('1127 4度C'!$K:$K,'1127 4度C'!$A:$A,"新豐6線",'1127 4度C'!$B:$B,"平均") -> 133.33333 | E13: =SUMIFS('1127 4度C'!$K:$K,'1127 4度C'!$A:$A,"新豐2線",'1127 4度C'!$B:$B,"平均") -> 81.081081 | F13: =SUMIFS('1127 4度C'!$K:$K,'1127 4度C'!$A:$A,"新豐5線",'1127 4度C'!$B:$B,"平均") -> 97.826087 | G13: =SUMIFS('1127 4度C'!$K:$K,'1127 4度C'!$A:$A,"新豐7線",'1127 4度C'!$B:$B,"平均") -> 114.81481 | H13: =SUMIFS('1127 4度C'!$K:$K,'1127 4度C'!$A:$A,"新豐3線",'1127 4度C'!$B:$B,"平均") -> 281.69014 | I13: =SUMIFS('1127 4度C'!$K:$K,'1127 4度C'!$A:$A,"新豐1線",'1127 4度C'!$B:$B,"平均") -> 112.2449 | J13: =SUMIFS('1127 4度C'!$K:$K,'1127 4度C'!$A:$A,"新豐10線",'1127 4度C'!$B:$B,"平均") -> 291.66667 | K13: =SUMIFS('1127 4度C'!$K:$K,'1127 4度C'!$A:$A,"新豐8線",'1127 4度C'!$B:$B,"平均") -> 128 | L13: =SUMIFS('1127 4度C'!$K:$K,'1127 4度C'!$A:$A,"新豐9線",'1127 4度C'!$B:$B,"平均") -> 140.14599 | M13: =SUMIFS('1127 4度C'!$K:$K,'1127 4度C'!$A:$A,"新豐4線",'1127 4度C'!$B:$B,"平均") -> 150
C14: 實績 | D14: =SUMIFS('1127 4度C'!$N:$N,'1127 4度C'!$A:$A,"新豐6線",'1127 4度C'!$B:$B,"平均") -> 127.81665 | E14: =SUMIFS('1127 4度C'!$N:$N,'1127 4度C'!$A:$A,"新豐2線",'1127 4度C'!$B:$B,"平均") -> 77.406497 | F14: =SUMIFS('1127 4度C'!$N:$N,'1127 4度C'!$A:$A,"新豐5線",'1127 4度C'!$B:$B,"平均") -> 94.017544 | G14: =SUMIFS('1127 4度C'!$N:$N,'1127 4度C'!$A:$A,"新豐7線",'1127 4度C'!$B:$B,"平均") -> 110.25648 | H14: =SUMIFS('1127 4度C'!$N:$N,'1127 4度C'!$A:$A,"新豐3線",'1127 4度C'!$B:$B,"平均") -> 269.95193 | I14: =SUMIFS('1127 4度C'!$N:$N,'1127 4度C'!$A:$A,"新豐1線",'1127 4度C'!$B:$B,"平均") -> 107.78876 | J14: =SUMIFS('1127 4度C'!$N:$N,'1127 4度C'!$A:$A,"新豐10線",'1127 4度C'!$B:$B,"平均") -> 279.02715 | K14: =SUMIFS('1127 4度C'!$N:$N,'1127 4度C'!$A:$A,"新豐8線",'1127 4度C'!$B:$B,"平均") -> 122.57438 | L14: =SUMIFS('1127 4度C'!$N:$N,'1127 4度C'!$A:$A,"新豐9線",'1127 4度C'!$B:$B,"平均") -> 134.02754 | M14: =SUMIFS('1127 4度C'!$N:$N,'1127 4度C'!$A:$A,"新豐4線",'1127 4度C'!$B:$B,"平均") -> 143.73253
C15: 達成率 | D15: =D14/D13 -> 0.95862489 | E15: =E14/E13 -> 0.95468013 | F15: =F14/F13 -> 0.96106823 | G15: =G14/G13 -> 0.96029838 | H15: =H14/H13 -> 0.95832935 | I15: =I14/I13 -> 0.9602999 | J15: =J14/J13 -> 0.95666453 | K15: =K14/K13 -> 0.95761235 | ... M15: =M14/M13 -> 0.95821685
B16: 作業 時間 | C16: 開始 | D16: =VLOOKUP("新豐6線",'1127 4度C'!$A:$T,19,0) -> 0.70833333 | E16: =VLOOKUP("新豐2線",'1127 4度C'!$A:$T,19,0) -> 0.20833333 | F16: =VLOOKUP("新豐5線",'1127 4度C'!$A:$T,19,0) -> 0.125 | G16: =VLOOKUP("新豐7線",'1127 4度C'!$A:$T,19,0) -> 0.20833333 | H16: =VLOOKUP("新豐3線",'1127 4度C'!$A:$T,19,0) -> 0.083333333 | I16: =VLOOKUP("新豐1線",'1127 4度C'!$A:$T,19,0) -> 0.20833333 | J16: =VLOOKUP("新豐10線",'1127 4度C'!$A:$T,19,0) -> 0.20833333 | K16: =VLOOKUP("新豐8線",'1127 4度C'!$A:$T,19,0) -> 0.083333333 | L16: =VLOOKUP("新豐9線",'1127 4度C'!$A:$T,19,0) -> 0.083333333 | M16: =VLOOKUP("新豐4線",'1127 4度C'!$A:$T,19,0) -> 0.083333333
C17: 結束 | D17: =LOOKUP(2,1/(('1127 4度C'!$A:$A="新豐6線")*('1127 4度C'!$T:$T<>"")),'1127 4度C'!$T:$T) -> 0.83958333 | E17: =LOOKUP(2,1/(('1127 4度C'!$A:$A="新豐2線")*('1127 4度C'!$T:$T<>"")),'1127 4度C'!$T:$T) -> 0.40277778 | F17: =LOOKUP(2,1/(('1127 4度C'!$A:$A="新豐5線")*('1127 4度C'!$T:$T<>"")),'1127 4度C'!$T:$T) -> 0.82847222 | G17: =LOOKUP(2,1/(('1127 4度C'!$A:$A="新豐7線")*('1127 4度C'!$T:$T<>"")),'1127 4度C'!$T:$T) -> 0.82708333 | H17: =LOOKUP(2,1/(('1127 4度C'!$A:$A="新豐3線")*('1127 4度C'!$T:$T<>"")),'1127 4度C'!$T:$T) -> 0.51597222 | I17: =LOOKUP(2,1/(('1127 4度C'!$A:$A="新豐1線")*('1127 4度C'!$T:$T<>"")),'1127 4度C'!$T:$T) -> 0.90138889 | J17: =LOOKUP(2,1/(('1127 4度C'!$A:$A="新豐10線")*('1127 4度C'!$T:$T<>"")),'1127 4度C'!$T:$T) -> 0.42083333 | K17: =LOOKUP(2,1/(('1127 4度C'!$A:$A="新豐8線")*('1127 4度C'!$T:$T<>"")),'1127 4度C'!$T:$T) -> 0.68402778 | L17: =LOOKUP(2,1/(('1127 4度C'!$A:$A="新豐9線")*('1127 4度C'!$T:$T<>"")),'1127 4度C'!$T:$T) -> 0.73194444 | M17: =LOOKUP(2,1/(('1127 4度C'!$A:$A="新豐4線")*('1127 4度C'!$T:$T<>"")),'1127 4度C'!$T:$T) -> 0.67222222
B18: 配置人數 | D18: =SUMIFS('1127 4度C'!$I:$I,'1127 4度C'!$A:$A,"新豐6線",'1127 4度C'!$B:$B,"平均") -> 15 | E18: =SUMIFS('1127 4度C'!$I:$I,'1127 4度C'!$A:$A,"新豐2線",'1127 4度C'!$B:$B,"平均") -> 18.5 | F18: =SUMIFS('1127 4度C'!$I:$I,'1127 4度C'!$A:$A,"新豐5線",'1127 4度C'!$B:$B,"平均") -> 18.4 | G18: =SUMIFS('1127 4度C'!$I:$I,'1127 4度C'!$A:$A,"新豐7線",'1127 4度C'!$B:$B,"平均") -> 16.875 | H18: =SUMIFS('1127 4度C'!$I:$I,'1127 4度C'!$A:$A,"新豐3線",'1127 4度C'!$B:$B,"平均") -> 10.142857 | I18: =SUMIFS('1127 4度C'!$I:$I,'1127 4度C'!$A:$A,"新豐1線",'1127 4度C'!$B:$B,"平均") -> 16.333333 | J18: =SUMIFS('1127 4度C'!$I:$I,'1127 4度C'!$A:$A,"新豐10線",'1127 4度C'!$B:$B,"平均") -> 9 | K18: =SUMIFS('1127 4度C'!$I:$I,'1127 4度C'!$A:$A,"新豐8線",'1127 4度C'!$B:$B,"平均") -> 18.75 | L18: =SUMIFS('1127 4度C'!$I:$I,'1127 4度C'!$A:$A,"新豐9線",'1127 4度C'!$B:$B,"平均") -> 17.125 | M18: =SUMIFS('1127 4度C'!$I:$I,'1127 4度C'!$A:$A,"新豐4線",'1127 4度C'!$B:$B,"平均") -> 16
B19: 主要應用設備 | D19: ET-55 | E19: 熱縮爐 | F19: L型包裝機 | G19: L型包裝機 | H19: 伺服包裝機 | I19: ET-55 | J19: 伺服包裝機 | K19: 三明治包裝機 | L19: 三明治包裝機 | M19: 三明治包裝機
B20: 次要應用設備 | F20: 圓盤機 | G20: ET-55
B21: 備註 | E21: 握沙拉 | F21: 共用L型包裝機 | H21: 調理麵包 | I21: 炒飯+沙拉 | J21: 調理麵包

Sheet 1127 4度C
A1: 新豐廠四度C日報分析 | C1: 總生產量 | D1: =SUM(F5:F74) -> 169315 | E1: 營業額 | F1: =SUM(G5:G74) -> 5501388.8 | G1: 出勤人數 | H1: =L8+L11+L52+L59+L17+L64+L35+L44+L26+L74 -> 156.12619 | I1: 產線配置圖 | L1: 生產實績 | O1: 人時性差異分析 | S1: 日報登錄 | Y1: 分析說明 | AA1: 產能差異分析
A2: 45988 | B2: 星期四 | C2: 人時性 | D2: =AVERAGE(N8,N11,N52,N59,N17,N64,N26,N35,N44,N74) -> 146.65995 | E2: 平均廠價 | F2: =F1/D1 -> 32.492034 | G2: 多次生產數 | H2: =COUNT(H5:H74) -> 9
A3: 線別 | B3: 品類 | C3: 品名 | E3: 廠價 | F3: 生產量 | G3: 營收 | H3: 多次 生產 | I3: 人數 | J3: 產能/時 | K3: 人時性 | L3: 人數 | M3: 產能/時 | N3: 人時性 | O3: 人數 | P3: 人時性 | Q3: 達成率 | R3: 達成率平均 | S3: 生產時間 | U3: 換線、休息/分 | V3: 稼動時間/分 | W3: 休息時間 | Y3: (新豐回填) | AA3: 產能/時 | AB3: 達成率 | AC3: 達成率平均
S4: 開始 | T4: 結束 | W4: 開始 | X4: 結束
A5: 新豐6線 | B5: 微波主食 | C5: 二配港式香滑嫩蛋牛肉燴飯 | E5: 50.67 | F5: 1276 | G5: =E5*F5 -> 64654.92 | I5: 17 | J5: 2000 | K5: =J5/I5 -> 117.64706 | L5: 17 | M5: =F5/V5*60 -> 1914 | N5: =M5/L5 -> 112.58824 | O5: =L5-I5 -> 0 | P5: =N5-K5 -> -5.0588235 | Q5: =N5/K5 -> 0.957 | R5: =Q8 -> 0.95862489 | S5: 0.70833333 | T5: 0.73611111 | V5: =(T5-S5)*24*60 -> 40 | AA5: =M5-J5 -> -86 | AB5: =M5/J5 -> 0.957 | AC5: =AB8 -> 0.95862489
A6: 新豐6線 | B6: 微波主食 | C6: 二配川味麻婆燒豆腐燴飯 | E6: 50.49 | F6: 1706 | G6: =E6*F6 -> 86135.94 | I6: 15 | J6: 2000 | K6: =J6/I6 -> 133.33333 | L6: 15 | M6: =F6/V6*60 -> 1931.3208 | N6: =M6/L6 -> 128.75472 | O6: =L6-I6 -> 0 | P6: =N6-K6 -> -4.5786164 | Q6: =N6/K6 -> 0.96566038 | S6: 0.73958333 | T6: 0.77638889 | U6: =IF(S6=TIME(17,0,0),"",(S6-T5)*24*60) -> 5 | V6: =(T6-S6)*24*60 -> 53 | AA6: =M6-J6 -> -68.679245 | AB6: =M6/J6 -> 0.96566038
A7: 新豐6線 | B7: 微波主食 | C7: 二配厚香料咖哩雞排飯 | E7: 57.3 | F7: 2669 | G7: =E7*F7 -> 152933.7 | I7: 13 | J7: 2000 | K7: =J7/I7 -> 153.84615 | L7: 13 | M7: =F7/V7*60 -> 1906.4286 | N7: =M7/L7 -> 146.64835 | O7: =L7-I7 -> 0 | P7: =N7-K7 -> -7.1978022 | Q7: =N7/K7 -> 0.95321429 | S7: 0.78125 | T7: 0.83958333 | U7: =IF(S7=TIME(17,0,0),"",(S7-T6)*24*60) -> 7 | V7: =(T7-S7)*24*60 -> 84 | AA7: =M7-J7 -> -93.571429 | AB7: =M7/J7 -> 0.95321429
A8: 新豐6線 | B8: 平均 | I8: 15 | J8: 2000 | K8: =J8/I8 -> 133.33333 | L8: 15 | M8: =AVERAGE(M5:M7) -> 1917.2498 | N8: =M8/L8 -> 127.81665 | O8: =L8-I8 -> 0 | P8: =N8-K8 -> -5.5166816 | Q8: =N8/K8 -> 0.95862489 | AA8: =M8-J8 -> -82.750225 | AB8: =M8/J8 -> 0.95862489
A9: 新豐2線 | B9: 沙拉 | C9: 韓式泡菜豆腐握沙拉 | E9: 39.36 | F9: 1289 | G9: =E9*F9 -> 50735.04 | I9: 20 | J9: 1500 | K9: =J9/I9 -> 75 | L9: 20 | M9: =F9/V9*60 -> 1432.2222 | N9: =M9/L9 -> 71.611111 | O9: =L9-I9 -> 0 | P9: =N9-K9 -> -3.3888889 | Q9: =N9/K9 -> 0.95481481 | R9: =Q11 -> 0.95468013 | S9: 0.20833333 | T9: 0.24583333 | V9: =(T9-S9)*24*60 -> 54 | AA9: =M9-J9 -> -67.777778 | AB9: =M9/J9 -> 0.95481481 | AC9: =AB11 -> 0.95468013
A10: 新豐2線 | B10: 沙拉 | C10: 青檸烤雞握沙拉(113年) | E10: 39.8 | F10: 5250 | G10: =E10*F10 -> 208950 | I10: 17 | J10: 1500 | K10: =J10/I10 -> 88.235294 | L10: 17 | M10: =F10/V10*60 -> 1431.8182 | N10: =M10/L10 -> 84.224599 | O10: =L10-I10 -> 0 | P10: =N10-K10 -> -4.0106952 | Q10: =N10/K10 -> 0.95454545 | S10: 0.25 | T10: 0.40277778 | U10: =IF(S10=TIME(17,0,0),"",(S10-T9)*24*60) -> 6 | V10: =(T10-S10)*24*60 -> 220 | AA10: =M10-J10 -> -68.181818 | AB10: =M10/J10 -> 0.95454545
A11: 新豐2線 | B11: 平均 | I11: 18.5 | J11: 1500 | K11: =J11/I11 -> 81.081081 | L11: 18.5 | M11: =AVERAGE(M9:M10) -> 1432.0202 | N11: =M11/L11 -> 77.406497 | O11: =L11-I11 -> 0 | P11: =N11-K11 -> -3.6745837 | Q11: =N11/K11 -> 0.95468013 | AA11: =M11-J11 -> -67.979798 | AB11: =M11/J11 -> 0.95468013
A12: 新豐5線 | B12: 小吃 | C12: 剝皮辣椒雞湯 | E12: 41 | F12: 2418 | G12: =E12*F12 -> 99138 | I12: 26 | J12: 1500 | K12: =J12/I12 -> 57.692308 | L12: 26 | M12: =F12/V12*60 -> 1436.4356 | N12: =M12/L12 -> 55.247525 | O12: =L12-I12 -> 0 | P12: =N12-K12 -> -2.4447829 | Q12: =N12/K12 -> 0.95762376 | R12: =Q17 -> 0.96106823 | S12: 0.125 | T12: 0.19513889 | V12: =(T12-S12)*24*60 -> 101 | W12: =T12 -> 0.19513889 | X12: =S13 -> 0.21527778 | AA12: =M12-J12 -> -63.564356 | AB12: =M12/J12 -> 0.95762376 | AC12: =AB17 -> 0.96106823
A13: 新豐5線 | B13: 沙拉 | C13: 青醬優格雞肉握沙拉(113年) | E13: 39.62 | F13: 3496 | G13: =E13*F13 -> 138511.52 | I13: 19 | J13: 1500 | K13: =J13/I13 -> 78.947368 | L13: 19 | M13: =F13/V13*60 -> 1436.7123 | N13: =M13/L13 -> 75.616438 | O13: =L13-I13 -> 0 | P13: =N13-K13 -> -3.3309301 | Q13: =N13/K13 -> 0.95780822 | S13: 0.21527778 | T13: 0.31666667 | U13: =IF(S13=TIME(17,0,0),"",(S13-T12)*24*60) -> 29 | V13: =(T13-S13)*24*60 -> 146 | AA13: =M13-J13 -> -63.287671 | AB13: =M13/J13 -> 0.95780822
A14: 新豐5線 | B14: 微波主食 | C14: 二配金咖哩濃厚辛口咖哩飯 | E14: 50.98 | F14: 2157 | G14: =E14*F14 -> 109963.86 | I14: 16 | J14: 2000 | K14: =J14/I14 -> 125 | L14: 16 | M14: =F14/V14*60 -> 1903.2353 | N14: =M14/L14 -> 118.95221 | O14: =L14-I14 -> 0 | P14: =N14-K14 -> -6.0477941 | Q14: =N14/K14 -> 0.95161765 | S14: 0.70833333 | T14: 0.75555556 | U14: =IF(S14=TIME(17,0,0),"",(S14-T13)*24*60) | V14: =(T14-S14)*24*60 -> 68 | AA14: =M14-J14 -> -96.764706 | AB14: =M14/J14 -> 0.95161765
A15: 新豐5線 | B15: 微波主食 | C15: 二配金咖哩果香甘口咖哩飯 | E15: 50.92 | F15: 2090 | G15: =E15*F15 -> 106422.8 | I15: 15 | J15: 2000 | K15: =J15/I15 -> 133.33333 | L15: 15 | M15: =F15/V15*60 -> 1929.2308 | N15: =M15/L15 -> 128.61538 | O15: =L15-I15 -> 0 | P15: =N15-K15 -> -4.7179487 | Q15: =N15/K15 -> 0.96461538 | S15: 0.76041667 | T15: 0.80555556 | U15: =IF(S15=TIME(17,0,0),"",(S15-T14)*24*60) -> 7 | V15: =(T15-S15)*24*60 -> 65 | AA15: =M15-J15 -> -70.769231 | AB15: =M15/J15 -> 0.96461538
A16: 新豐5線 | B16: 微波主食 | C16: 二配煸椒烘蛋飯 | E16: 46.93 | F16: 810 | G16: =E16*F16 -> 38013.3 | I16: 16 | J16: 2000 | K16: =J16/I16 -> 125 | L16: 16 | M16: =F16/V16*60 -> 1944 | N16: =M16/L16 -> 121.5 | O16: =L16-I16 -> 0 | P16: =N16-K16 -> -3.5 | Q16: =N16/K16 -> 0.972 | S16: 0.81111111 | T16: 0.82847222 | U16: =IF(S16=TIME(17,0,0),"",(S16-T15)*24*60) -> 8 | V16: =(T16-S16)*24*60 -> 25 | AA16: =M16-J16 -> -56 | AB16: =M16/J16 -> 0.972
A17: 新豐5線 | B17: 平均 | I17: 18.4 | J17: 1800 | K17: =J17/I17 -> 97.826087 | L17: 18.4 | M17: =AVERAGE(M12:M16) -> 1729.9228 | N17: =M17/L17 -> 94.017544 | O17: =L17-I17 -> 0 | P17: =N17-K17 -> -3.8085431 | Q17: =N17/K17 -> 0.96106823 | AA17: =M17-J17 -> -70.077193 | AB17: =M17/J17 -> 0.96106823
A18: 新豐7線 | B18: 小吃 | C18: 古早味炒炊粉 | E18: 43.14 | F18: 1175 | G18: =E18*F18 -> 50689.5 | I18: 17 | J18: 2000 | K18: =J18/I18 -> 117.64706 | L18: 17 | M18: =F18/V18*60 -> 1905.4054 | N18: =M18/L18 -> 112.08267 | O18: =L18-I18 -> 0 | P18: =N18-K18 -> -5.5643879 | Q18: =N18/K18 -> 0.9527027 | R18: =Q26 -> 0.96029838 | S18: 0.20833333 | T18: 0.23402778 | V18: =(T18-S18)*24*60 -> 37 | AA18: =M18-J18 -> -94.594595 | AB18: =M18/J18 -> 0.9527027 | AC18: =AB26 -> 0.96029838
A19: 新豐7線 | B19: 熱食義麵 | C19: 麻婆豆腐波浪麵 | E19: 49.9 | F19: 1787 | G19: =E19*F19 -> 89171.3 | I19: 19 | J19: 2000 | K19: =J19/I19 -> 105.26316 | L19: 19 | M19: =F19/V19*60 -> 1914.6429 | N19: =M19/L19 -> 100.77068 | O19: =L19-I19 -> 0 | P19: =N19-K19 -> -4.4924812 | Q19: =N19/K19 -> 0.95732143 | S19: 0.23888889 | T19: 0.27777778 | U19: =IF(S19=TIME(17,0,0),"",(S19-T18)*24*60) -> 7 | V19: =(T19-S19)*24*60 -> 56 | AA19: =M19-J19 -> -85.357143 | AB19: =M19/J19 -> 0.95732143
A20: 新豐7線 | B20: 微波主食 | C20: 鐵板滑蛋炸豬排丼 | E20: 57.73 | F20: 2182 | G20: =E20*F20 -> 125966.86 | I20: 14 | J20: 2000 | K20: =J20/I20 -> 142.85714 | L20: 14 | M20: =F20/V20*60 -> 1925.2941 | N20: =M20/L20 -> 137.52101 | O20: =L20-I20 -> 0 | P20: =N20-K20 -> -5.3361345 | Q20: =N20/K20 -> 0.96264706 | S20: 0.28125 | T20: 0.32847222 | U20: =IF(S20=TIME(17,0,0),"",(S20-T19)*24*60) -> 5 | V20: =(T20-S20)*24*60 -> 68 | AA20: =M20-J20 -> -74.705882 | AB20: =M20/J20 -> 0.96264706
A21: 新豐7線 | B21: 微波主食 | C21: 極上炙烤親子丼 | E21: 53.68 | F21: 1517 | G21: =E21*F21 -> 81432.56 | I21: 16 | J21: 2000 | K21: =J21/I21 -> 125 | L21: 16 | M21: =F21/V21*60 -> 1936.5957 | N21: =M21/L21 -> 121.03723 | O21: =L21-I21 -> 0 | P21: =N21-K21 -> -3.962766 | Q21: =N21/K21 -> 0.96829787 | S21: 0.33333333 | T21: 0.36597222 | U21: =IF(S21=TIME(17,0,0),"",(S21-T20)*24*60) -> 7 | V21: =(T21-S21)*24*60 -> 47 | AA21: =M21-J21 -> -63.404255 | AB21: =M21/J21 -> 0.96829787
A22: 新豐7線 | B22: 微波主食 | C22: 日式野菜烘蛋燴飯 | E22: 49.91 | F22: 1636 | G22: =E22*F22 -> 81652.76 | I22: 19 | J22: 2000 | K22: =J22/I22 -> 105.26316 | L22: 19 | M22: =F22/V22*60 -> 1924.7059 | N22: =M22/L22 -> 101.30031 | O22: =L22-I22 -> 0 | P22: =N22-K22 -> -3.9628483 | Q22: =N22/K22 -> 0.96235294 | S22: 0.37083333 | T22: 0.40625 | U22: =IF(S22=TIME(17,0,0),"",(S22-T21)*24*60) -> 7 | V22: =(T22-S22)*24*60 -> 51 | AA22: =M22-J22 -> -75.294118 | AB22: =M22/J22 -> 0.96235294
A23: 新豐7線 | B23: 微波主食 | C23: 二配美味蟹煲 | E23: 54.09 | F23: 1410 | G23: =E23*F23 -> 76266.9 | I23: 19 | J23: 2000 | K23: =J23/I23 -> 105.26316 | L23: 19 | M23: =F23/V23*60 -> 1922.7273 | N23: =M23/L23 -> 101.19617 | O23: =L23-I23 -> 0 | P23: =N23-K23 -> -4.0669856 | Q23: =N23/K23 -> 0.96136364 | S23: 0.70833333 | T23: 0.73888889 | U23: =IF(S23=TIME(17,0,0),"",(S23-T22)*24*60) | V23: =(T23-S23)*24*60 -> 44 | AA23: =M23-J23 -> -77.272727 | AB23: =M23/J23 -> 0.96136364
A24: 新豐7線 | B24: 微波主食 | C24: 二配粗飽系雞排炒飯(114年) | E24: 57.73 | F24: 1378 | G24: =E24*F24 -> 79551.94 | I24: 16 | J24: 1500 | K24: =J24/I24 -> 93.75 | L24: 16 | M24: =F24/V24*60 -> 1450.5263 | N24: =M24/L24 -> 90.657895 | O24: =L24-I24 -> 0 | P24: =N24-K24 -> -3.0921053 | Q24: =N24/K24 -> 0.96701754 | S24: 0.74375 | T24: 0.78333333 | U24: =IF(S24=TIME(17,0,0),"",(S24-T23)*24*60) -> 7 | V24: =(T24-S24)*24*60 -> 57 | AA24: =M24-J24 -> -49.473684 | AB24: =M24/J24 -> 0.96701754
A25: 新豐7線 | B25: 微波主食 | C25: 二配泰式綠咖哩雞 | E25: 50.67 | F25: 1746 | G25: =E25*F25 -> 88469.82 | I25: 15 | J25: 2000 | K25: =J25/I25 -> 133.33333 | L25: 15 | M25: =F25/V25*60 -> 1904.7273 | N25: =M25/L25 -> 126.98182 | O25: =L25-I25 -> 0 | P25: =N25-K25 -> -6.3515152 | Q25: =N25/K25 -> 0.95236364 | S25: 0.78888889 | T25: 0.82708333 | U25: =IF(S25=TIME(17,0,0),"",(S25-T24)*24*60) -> 8 | V25: =(T25-S25)*24*60 -> 55 | AA25: =M25-J25 -> -95.272727 | AB25: =M25/J25 -> 0.95236364
A26: 新豐7線 | B26: 平均 | I26: 16.875 | J26: 1937.5 | K26: =J26/I26 -> 114.81481 | L26: 16.875 | M26: =AVERAGE(M18:M25) -> 1860.5781 | N26: =M26/L26 -> 110.25648 | O26: =L26-I26 -> 0 | P26: =N26-K26 -> -4.5583343 | Q26: =N26/K26 -> 0.96029838 | AA26: =M26-J26 -> -76.921891 | AB26: =M26/J26 -> 0.96029838
A27: 新豐8線 | B27: 三明治 | C27: 紐奧良風味烤雞鮮蔬三明治 | E27: 31.29 | F27: 5000 | G27: =E27*F27 -> 156450 | H27: 2 | I27: 18 | J27: 2400 | K27: =J27/I27 -> 133.33333 | L27: 18 | M27: =F27/V27*60 -> 2290.0763 | N27: =M27/L27 -> 127.22646 | O27: =L27-I27 -> 0 | P27: =N27-K27 -> -6.1068702 | Q27: =N27/K27 -> 0.95419847 | R27: =Q35 -> 0.95761235 | S27: 0.083333333 | T27: 0.17430556 | V27: =(T27-S27)*24*60 -> 131 | W27: =T27 -> 0.17430556 | X27: =S28 -> 0.19513889 | AA27: =M27-J27 -> -109.92366 | AB27: =M27/J27 -> 0.95419847 | AC27: =AB35 -> 0.95761235
A28: 新豐8線 | B28: 三明治 | C28: 經典總匯三明治 | E28: 26.2 | F28: 3000 | G28: =E28*F28 -> 78600 | H28: 2 | I28: 20 | J28: 2400 | K28: =J28/I28 -> 120 | L28: 20 | M28: =F28/V28*60 -> 2307.6923 | N28: =M28/L28 -> 115.38462 | O28: =L28-I28 -> 0 | P28: =N28-K28 -> -4.6153846 | Q28: =N28/K28 -> 0.96153846 | S28: 0.19513889 | T28: 0.24930556 | U28: =(S28-T27)*24*60 -> 30 | V28: =(T28-S28)*24*60 -> 78 | AA28: =M28-J28 -> -92.307692 | AB28: =M28/J28 -> 0.96153846
A29: 新豐8線 | B29: 三明治 | C29: 雞蛋沙拉三明治(114年) | E29: 25.99 | F29: 4922 | G29: =E29*F29 -> 127922.78 | I29: 14 | J29: 2400 | K29: =J29/I29 -> 171.42857 | L29: 14 | M29: =F29/V29*60 -> 2289.3023 | N29: =M29/L29 -> 163.52159 | O29: =L29-I29 -> 0 | P29: =N29-K29 -> -7.9069767 | Q29: =N29/K29 -> 0.95387597 | S29: 0.25416667 | T29: 0.34375 | U29: =(S29-T28)*24*60 -> 7 | V29: =(T29-S29)*24*60 -> 129 | AA29: =M29-J29 -> -110.69767 | AB29: =M29/J29 -> 0.95387597
A30: 新豐8線 | B30: 三明治 | C30: 肉鬆火腿三明治 | E30: 20.52 | F30: 4900 | G30: =E30*F30 -> 100548 | I30: 18 | J30: 2400 | K30: =J30/I30 -> 133.33333 | L30: 18 | M30: =F30/V30*60 -> 2296.875 | N30: =M30/L30 -> 127.60417 | O30: =L30-I30 -> 0 | P30: =N30-K30 -> -5.7291667 | Q30: =N30/K30 -> 0.95703125 | S30: 0.34861111 | T30: 0.4375 | U30: =(S30-T29)*24*60 -> 7 | V30: =(T30-S30)*24*60 -> 128 | AA30: =M30-J30 -> -103.125 | AB30: =M30/J30 -> 0.95703125
A31: 新豐8線 | B31: 三明治 | C31: 好多菜三明治(114年) | E31: 25.98 | F31: 3000 | G31: =E31*F31 -> 77940 | H31: 2 | I31: 21 | J31: 2400 | K31: =J31/I31 -> 114.28571 | L31: 21 | M31: =F31/V31*60 -> 2307.6923 | N31: =M31/L31 -> 109.89011 | O31: =L31-I31 -> 0 | P31: =N31-K31 -> -4.3956044 | Q31: =N31/K31 -> 0.96153846 | S31: 0.44236111 | T31: 0.49652778 | U31: =(S31-T30)*24*60 -> 7 | V31: =(T31-S31)*24*60 -> 78 | W31: =T31 -> 0.49652778 | X31: =S32 -> 0.5375 | AA31: =M31-J31 -> -92.307692 | AB31: =M31/J31 -> 0.96153846
A32: 新豐8線 | B32: 三明治 | C32: 紐奧良風味烤雞鮮蔬三明治 | E32: 31.29 | F32: 3270 | G32: =E32*F32 -> 102318.3 | I32: 18 | J32: 2400 | K32: =J32/I32 -> 133.33333 | L32: 18 | M32: =F32/V32*60 -> 2308.2353 | N32: =M32/L32 -> 128.23529 | O32: =L32-I32 -> 0 | P32: =N32-K32 -> -5.0980392 | Q32: =N32/K32 -> 0.96176471 | S32: 0.5375 | T32: 0.59652778 | U32: =(S32-T31)*24*60 -> 59 | V32: =(T32-S32)*24*60 -> 85 | AA32: =M32-J32 -> -91.764706 | AB32: =M32/J32 -> 0.96176471
A33: 新豐8線 | B33: 三明治 | C33: 經典總匯三明治 | E33: 26.2 | F33: 2209 | G33: =E33*F33 -> 57875.8 | I33: 20 | J33: 2400 | K33: =J33/I33 -> 120 | L33: 20 | M33: =F33/V33*60 -> 2285.1724 | N33: =M33/L33 -> 114.25862 | O33: =L33-I33 -> 0 | P33: =N33-K33 -> -5.7413793 | Q33: =N33/K33 -> 0.95215517 | S33: 0.60069444 | T33: 0.64097222 | U33: =(S33-T32)*24*60 -> 6 | V33: =(T33-S33)*24*60 -> 58 | AA33: =M33-J33 -> -114.82759 | AB33: =M33/J33 -> 0.95215517
A34: 新豐8線 | B34: 三明治 | C34: 好多菜三明治(114年) | E34: 25.98 | F34: 2071 | G34: =E34*F34 -> 53804.58 | I34: 21 | J34: 2400 | K34: =J34/I34 -> 114.28571 | L34: 21 | M34: =F34/V34*60 -> 2301.1111 | N34: =M34/L34 -> 109.57672 | O34: =L34-I34 -> 0 | P34: =N34-K34 -> -4.7089947 | Q34: =N34/K34 -> 0.9587963 | S34: 0.64652778 | T34: 0.68402778 | U34: =(S34-T33)*24*60 -> 8 | V34: =(T34-S34)*24*60 -> 54 | AA34: =M34-J34 -> -98.888889 | AB34: =M34/J34 -> 0.9587963
A35: 新豐8線 | B35: 平均 | I35: 18.75 | J35: 2400 | K35: =J35/I35 -> 128 | L35: 18.75 | M35: =AVERAGE(M27:M34) -> 2298.2696 | N35: =M35/L35 -> 122.57438 | O35: =L35-I35 -> 0 | P35: =N35-K35 -> -5.4256194 | Q35: =N35/K35 -> 0.95761235 | AA35: =M35-J35 -> -101.73036 | AB35: =M35/J35 -> 0.95761235
A36: 新豐9線 | B36: 三明治 | C36: 火腿起司蛋三明治 | E36: 19.02 | F36: 5000 | G36: =E36*F36 -> 95100 | H36: 2 | I36: 15 | J36: 2400 | K36: =J36/I36 -> 160 | L36: 15 | M36: =F36/V36*60 -> 2290.0763 | N36: =M36/L36 -> 152.67176 | O36: =L36-I36 -> 0 | P36: =N36-K36 -> -7.3282443 | Q36: =N36/K36 -> 0.95419847 | R36: =Q44 -> 0.95634235 | S36: 0.083333333 | T36: 0.17430556 | V36: =(T36-S36)*24*60 -> 131 | W36: =T36 -> 0.17430556 | X36: =S37 -> 0.19375 | AA36: =M36-J36 -> -109.92366 | AB36: =M36/J36 -> 0.95419847 | AC36: =AB44 -> 0.95634235
A37: 新豐9線 | B37: 三明治 | C37: 鮪魚起司溏心蛋三明治 | E37: 26.2 | F37: 6298 | G37: =E37*F37 -> 165007.6 | I37: 18 | J37: 2400 | K37: =J37/I37 -> 133.33333 | L37: 18 | M37: =F37/V37*60 -> 2290.1818 | N37: =M37/L37 -> 127.23232 | O37: =L37-I37 -> 0 | P37: =N37-K37 -> -6.1010101 | Q37: =N37/K37 -> 0.95424242 | S37: 0.19375 | T37: 0.30833333 | U37: =(S37-T36)*24*60 -> 28 | V37: =(T37-S37)*24*60 -> 165 | AA37: =M37-J37 -> -109.81818 | AB37: =M37/J37 -> 0.95424242
A38: 新豐9線 | B38: 三明治 | C38: 陽光地瓜總匯三明治 | E38: 26.18 | F38: 2876 | G38: =E38*F38 -> 75293.68 | I38: 19 | J38: 2400 | K38: =J38/I38 -> 126.31579 | L38: 19 | M38: =F38/V38*60 -> 2300.8 | N38: =M38/L38 -> 121.09474 | O38: =L38-I38 -> 0 | P38: =N38-K38 -> -5.2210526 | Q38: =N38/K38 -> 0.95866667 | S38: 0.31388889 | T38: 0.36597222 | U38: =(S38-T37)*24*60 -> 8 | V38: =(T38-S38)*24*60 -> 75 | AA38: =M38-J38 -> -99.2 | AB38: =M38/J38 -> 0.95866667
A39: 新豐9線 | B39: 三明治 | C39: 醬燒烤雞三明治 | E39: 26.39 | F39: 3500 | G39: =E39*F39 -> 92365 | H39: 2 | I39: 19 | J39: 2400 | K39: =J39/I39 -> 126.31579 | L39: 19 | M39: =F39/V39*60 -> 2282.6087 | N39: =M39/L39 -> 120.1373 | O39: =L39-I39 -> 0 | P39: =N39-K39 -> -6.1784897 | Q39: =N39/K39 -> 0.95108696 | S39: 0.37013889 | T39: 0.43402778 | U39: =(S39-T38)*24*60 -> 6 | V39: =(T39-S39)*24*60 -> 92 | AA39: =M39-J39 -> -117.3913 | AB39: =M39/J39 -> 0.95108696
A40: 新豐9線 | B40: 三明治 | C40: 切達海鮮雙饗三明治 | E40: 27.24 | F40: 4100 | G40: =E40*F40 -> 111684 | H40: 2 | I40: 16 | J40: 2400 | K40: =J40/I40 -> 150 | L40: 16 | M40: =F40/V40*60 -> 2299.0654 | N40: =M40/L40 -> 143.69159 | O40: =L40-I40 -> 0 | P40: =N40-K40 -> -6.3084112 | Q40: =N40/K40 -> 0.95794393 | S40: 0.43958333 | T40: 0.51388889 | U40: =(S40-T39)*24*60 -> 8 | V40: =(T40-S40)*24*60 -> 107 | W40: =T40 -> 0.51388889 | X40: =S41 -> 0.55277778 | AA40: =M40-J40 -> -100.93458 | AB40: =M40/J40 -> 0.95794393
A41: 新豐9線 | B41: 三明治 | C41: 切達海鮮雙饗三明治 | E41: 27.24 | F41: 3035 | G41: =E41*F41 -> 82673.4 | I41: 16 | J41: 2400 | K41: =J41/I41 -> 150 | L41: 16 | M41: =F41/V41*60 -> 2305.0633 | N41: =M41/L41 -> 144.06646 | O41: =L41-I41 -> 0 | P41: =N41-K41 -> -5.9335443 | Q41: =N41/K41 -> 0.96044304 | S41: 0.55277778 | T41: 0.60763889 | U41: =(S41-T40)*24*60 -> 56 | V41: =(T41-S41)*24*60 -> 79 | AA41: =M41-J41 -> -94.936709 | AB41: =M41/J41 -> 0.96044304
A42: 新豐9線 | B42: 三明治 | C42: 醬燒烤雞三明治 | E42: 26.39 | F42: 2413 | G42: =E42*F42 -> 63679.07 | I42: 19 | J42: 2400 | K42: =J42/I42 -> 126.31579 | L42: 19 | M42: =F42/V42*60 -> 2298.0952 | N42: =M42/L42 -> 120.95238 | O42: =L42-I42 -> 0 | P42: =N42-K42 -> -5.3634085 | Q42: =N42/K42 -> 0.95753968 | S42: 0.61180556 | T42: 0.65555556 | U42: =(S42-T41)*24*60 -> 6 | V42: =(T42-S42)*24*60 -> 63 | AA42: =M42-J42 -> -101.90476 | AB42: =M42/J42 -> 0.95753968
A43: 新豐9線 | B43: 三明治 | C43: 火腿起司蛋三明治 | E43: 19.02 | F43: 3903 | G43: =E43*F43 -> 74235.06 | I43: 15 | J43: 2400 | K43: =J43/I43 -> 160 | L43: 15 | M43: =F43/V43*60 -> 2295.8824 | N43: =M43/L43 -> 153.05882 | O43: =L43-I43 -> 0 | P43: =N43-K43 -> -6.9411765 | Q43: =N43/K43 -> 0.95661765 | S43: 0.66111111 | T43: 0.73194444 | U43: =(S43-T42)*24*60 -> 8 | V43: =(T43-S43)*24*60 -> 102 | AA43: =M43-J43 -> -104.11765 | AB43: =M43/J43 -> 0.95661765
A44: 新豐9線 | B44: 平均 | I44: 17.125 | J44: 2400 | K44: =J44/I44 -> 140.14599 | L44: 17.125 | M44: =AVERAGE(M36:M43) -> 2295.2216 | N44: =M44/L44 -> 134.02754 | O44: =L44-I44 -> 0 | P44: =N44-K44 -> -6.1184441 | Q44: =N44/K44 -> 0.95634235 | AA44: =M44-J44 -> -104.77836 | AB44: =M44/J44 -> 0.95634235
A45: 新豐3線 | B45: 調理麵包 | C45: 豬肉起司堡 | E45: 21.13 | F45: 5079 | G45: =E45*F45 -> 107319.27 | I45: 10 | J45: 3000 | K45: =J45/I45 -> 300 | L45: 10 | M45: =F45/V45*60 -> 2874.9057 | N45: =M45/L45 -> 287.49057 | O45: =L45-I45 -> 0 | P45: =N45-K45 -> -12.509434 | Q45: =N45/K45 -> 0.95830189 | R45: =Q52 -> 0.95832935 | S45: 0.083333333 | T45: 0.15694444 | V45: =(T45-S45)*24*60 -> 106 | W45: =T45 -> 0.15694444 | X45: =S46 -> 0.17708333 | AA45: =M45-J45 -> -125.09434 | AB45: =M45/J45 -> 0.95830189 | AC45: =AB52 -> 0.95832935
A46: 新豐3線 | B46: 調理麵包 | C46: 豬肉起司蛋堡 | E46: 27.17 | F46: 6258 | G46: =E46*F46 -> 170029.86 | I46: 10 | J46: 3000 | K46: =J46/I46 -> 300 | L46: 10 | M46: =F46/V46*60 -> 2866.2595 | N46: =M46/L46 -> 286.62595 | O46: =L46-I46 -> 0 | P46: =N46-K46 -> -13.374046 | Q46: =N46/K46 -> 0.95541985 | S46: 0.17708333 | T46: 0.26805556 | U46: =(S46-T45)*24*60 -> 29 | V46: =(T46-S46)*24*60 -> 131 | AA46: =M46-J46 -> -133.74046 | AB46: =M46/J46 -> 0.95541985
A47: 新豐3線 | B47: 調理麵包 | C47: 經典雙牛起司堡(113年) | E47: 35.12 | F47: 4166 | G47: =E47*F47 -> 146309.92 | I47: 10 | J47: 3000 | K47: =J47/I47 -> 300 | L47: 10 | M47: =F47/V47*60 -> 2873.1034 | N47: =M47/L47 -> 287.31034 | O47: =L47-I47 -> 0 | P47: =N47-K47 -> -12.689655 | Q47: =N47/K47 -> 0.95770115 | S47: 0.27222222 | T47: 0.33263889 | U47: =(S47-T46)*24*60 -> 6 | V47: =(T47-S47)*24*60 -> 87 | AA47: =M47-J47 -> -126.89655 | AB47: =M47/J47 -> 0.95770115
A48: 新豐3線 | B48: 調理麵包 | C48: 美式雞腿堡 | E48: 35.87 | F48: 2868 | G48: =E48*F48 -> 102875.16 | I48: 9 | J48: 3000 | K48: =J48/I48 -> 333.33333 | L48: 9 | M48: =F48/V48*60 -> 2868 | N48: =M48/L48 -> 318.66667 | O48: =L48-I48 -> 0 | P48: =N48-K48 -> -14.666667 | Q48: =N48/K48 -> 0.956 | S48: 0.33819444 | T48: 0.37986111 | U48: =(S48-T47)*24*60 -> 8 | V48: =(T48-S48)*24*60 -> 60 | AA48: =M48-J48 -> -132 | AB48: =M48/J48 -> 0.956
A49: 新豐3線 | B49: 調理麵包 | C49: 泰式酸辣炸雞堡 | E49: 36.14 | F49: 1204 | G49: =E49*F49 -> 43512.56 | I49: 9 | J49: 3000 | K49: =J49/I49 -> 333.33333 | L49: 9 | M49: =F49/V49*60 -> 2889.6 | N49: =M49/L49 -> 321.06667 | O49: =L49-I49 -> 0 | P49: =N49-K49 -> -12.266667 | Q49: =N49/K49 -> 0.9632 | S49: 0.38472222 | T49: 0.40208333 | U49: =(S49-T48)*24*60 -> 7 | V49: =(T49-S49)*24*60 -> 25 | AA49: =M49-J49 -> -110.4 | AB49: =M49/J49 -> 0.9632
A50: 新豐3線 | B50: 調理麵包 | C50: 厚豆腐蛋白蕈菇豬肉堡 | E50: 34.36 | F50: 2262 | G50: =E50*F50 -> 77722.32 | I50: 10 | J50: 3000 | K50: =J50/I50 -> 300 | L50: 10 | M50: =F50/V50*60 -> 2887.6596 | N50: =M50/L50 -> 288.76596 | O50: =L50-I50 -> 0 | P50: =N50-K50 -> -11.234043 | Q50: =N50/K50 -> 0.96255319 | S50: 0.40694444 | T50: 0.43958333 | U50: =(S50-T49)*24*60 -> 7 | V50: =(T50-S50)*24*60 -> 47 | AA50: =M50-J50 -> -112.34043 | AB50: =M50/J50 -> 0.96255319
A51: 新豐3線 | B51: 調理麵包 | C51: 排骨雞起司炒麵麵包 | E51: 31 | F51: 3242 | G51: =E51*F51 -> 100502 | I51: 13 | J51: 2000 | K51: =J51/I51 -> 153.84615 | L51: 13 | M51: =F51/V51*60 -> 1907.0588 | N51: =M51/L51 -> 146.69683 | O51: =L51-I51 -> 0 | P51: =N51-K51 -> -7.1493213 | Q51: =N51/K51 -> 0.95352941 | S51: 0.44513889 | T51: 0.51597222 | U51: =(S51-T50)*24*60 -> 8 | V51: =(T51-S51)*24*60 -> 102 | AA51: =M51-J51 -> -92.941176 | AB51: =M51/J51 -> 0.95352941
A52: 新豐3線 | B52: 平均 | I52: 10.142857 | J52: 2857.1429 | K52: =J52/I52 -> 281.69014 | L52: 10.142857 | M52: =AVERAGE(M45:M51) -> 2738.0839 | N52: =M52/L52 -> 269.95193 | O52: =L52-I52 -> 0 | P52: =N52-K52 -> -11.738211 | Q52: =N52/K52 -> 0.95832935 | AA52: =M52-J52 -> -119.05899 | AB52: =M52/J52 -> 0.95832935
A53: 新豐1線 | B53: 沙拉 | C53: 蔥鹽雞肉麵沙拉(114年) | E53: 46 | F53: 2102 | G53: =E53*F53 -> 96692 | I53: 17 | J53: 2000 | K53: =J53/I53 -> 117.64706 | L53: 17 | M53: =F53/V53*60 -> 1910.9091 | N53: =M53/L53 -> 112.40642 | O53: =L53-I53 -> 0 | P53: =N53-K53 -> -5.2406417 | Q53: =N53/K53 -> 0.95545455 | R53: =Q59 -> 0.9602999 | S53: 0.20833333 | T53: 0.25416667 | V53: =(T53-S53)*24*60 -> 66 | AA53: =M53-J53 -> -89.090909 | AB53: =M53/J53 -> 0.95545455 | AC53: =AB59 -> 0.9602999
A54: 新豐1線 | B54: 沙拉 | C54: 莎莎烤雞麵沙拉 | E54: 46 | F54: 2270 | G54: =E54*F54 -> 104420 | I54: 17 | J54: 2000 | K54: =J54/I54 -> 117.64706 | L54: 17 | M54: =F54/V54*60 -> 1918.3099 | N54: =M54/L54 -> 112.84176 | O54: =L54-I54 -> 0 | P54: =N54-K54 -> -4.8053024 | Q54: =N54/K54 -> 0.95915493 | S54: 0.25833333 | T54: 0.30763889 | U54: =IF(S54=TIME(17,0,0),"",(S54-T53)*24*60) -> 6 | V54: =(T54-S54)*24*60 -> 71 | AA54: =M54-J54 -> -81.690141 | AB54: =M54/J54 -> 0.95915493
A55: 新豐1線 | B55: 微波主食 | C55: 二配香辣醬蒜味香腸蛋炒飯 | E55: 55.56 | F55: 1799 | G55: =E55*F55 -> 99952.44 | I55: 17 | J55: 2000 | K55: =J55/I55 -> 117.64706 | L55: 17 | M55: =F55/V55*60 -> 1927.5 | N55: =M55/L55 -> 113.38235 | O55: =L55-I55 -> 0 | P55: =N55-K55 -> -4.2647059 | Q55: =N55/K55 -> 0.96375 | S55: 0.70833333 | T55: 0.74722222 | U55: =IF(S55=TIME(17,0,0),"",(S55-T54)*24*60) | V55: =(T55-S55)*24*60 -> 56 | AA55: =M55-J55 -> -72.5 | AB55: =M55/J55 -> 0.96375
A56: 新豐1線 | B56: 微波主食 | C56: 二配香拌海鮮醬肉絲蛋炒飯 | E56: 55.32 | F56: 1231 | G56: =E56*F56 -> 68098.92 | I56: 15 | J56: 2000 | K56: =J56/I56 -> 133.33333 | L56: 15 | M56: =F56/V56*60 -> 1943.6842 | N56: =M56/L56 -> 129.57895 | O56: =L56-I56 -> 0 | P56: =N56-K56 -> -3.754386 | Q56: =N56/K56 -> 0.97184211 | S56: 0.75069444 | T56: 0.77708333 | U56: =IF(S56=TIME(17,0,0),"",(S56-T55)*24*60) -> 5 | V56: =(T56-S56)*24*60 -> 38 | AA56: =M56-J56 -> -56.315789 | AB56: =M56/J56 -> 0.97184211
A57: 新豐1線 | B57: 微波主食 | C57: 二配起司控培根白醬焗烤飯 | E57: 53.68 | F57: 1000 | G57: =E57*F57 -> 53680 | H57: 2 | I57: 16 | J57: 1500 | K57: =J57/I57 -> 93.75 | L57: 16 | M57: =F57/V57*60 -> 1428.5714 | N57: =M57/L57 -> 89.285714 | O57: =L57-I57 -> 0 | P57: =N57-K57 -> -4.4642857 | Q57: =N57/K57 -> 0.95238095 | S57: 0.78125 | T57: 0.81041667 | U57: =IF(S57=TIME(17,0,0),"",(S57-T56)*24*60) -> 6 | V57: =(T57-S57)*24*60 -> 42 | W57: =T57 -> 0.81041667 | X57: =S58 -> 0.85 | AA57: =M57-J57 -> -71.428571 | AB57: =M57/J57 -> 0.95238095
A58: 新豐1線 | B58: 微波主食 | C58: 二配起司控培根白醬焗烤飯 | E58: 53.68 | F58: 1769 | G58: =E58*F58 -> 94959.92 | I58: 16 | J58: 1500 | K58: =J58/I58 -> 93.75 | L58: 16 | M58: =F58/V58*60 -> 1434.3243 | N58: =M58/L58 -> 89.64527 | O58: =L58-I58 -> 0 | P58: =N58-K58 -> -4.1047297 | Q58: =N58/K58 -> 0.95621622 | S58: 0.85 | T58: 0.90138889 | U58: =IF(S58=TIME(17,0,0),"",(S58-T57)*24*60) -> 57 | V58: =(T58-S58)*24*60 -> 74 | AA58: =M58-J58 -> -65.675676 | AB58: =M58/J58 -> 0.95621622
A59: 新豐1線 | B59: 平均 | I59: 16.333333 | J59: 1833.3333 | K59: =J59/I59 -> 112.2449 | L59: 16.333333 | M59: =AVERAGE(M53:M58) -> 1760.5498 | N59: =M59/L59 -> 107.78876 | O59: =L59-I59 -> 0 | P59: =N59-K59 -> -4.4561335 | Q59: =N59/K59 -> 0.9602999 | AA59: =M59-J59 -> -72.783514 | AB59: =M59/J59 -> 0.9602999
A60: 新豐10線 | B60: 沙拉 | C60: 溏心蛋洋芋沙拉 | E60: 26.97 | F60: 2665 | G60: =E60*F60 -> 71875.05 | I60: 8 | J60: 1500 | K60: =J60/I60 -> 187.5 | L60: 8 | M60: =F60/V60*60 -> 1427.6786 | N60: =M60/L60 -> 178.45982 | O60: =L60-I60 -> 0 | P60: =N60-K60 -> -9.0401786 | Q60: =N60/K60 -> 0.95178571 | R60: =Q64 -> 0.95666453 | S60: 0.20833333 | T60: 0.28611111 | V60: =(T60-S60)*24*60 -> 112 | AA60: =M60-J60 -> -72.321429 | AB60: =M60/J60 -> 0.95178571 | AC60: =AB64 -> 0.95666453
A61: 新豐10線 | B61: 調理麵包 | C61: 香雞蛋堡(112年) | E61: 26.78 | F61: 2620 | G61: =E61*F61 -> 70163.6 | I61: 10 | J61: 3000 | K61: =J61/I61 -> 300 | L61: 10 | M61: =F61/V61*60 -> 2858.1818 | N61: =M61/L61 -> 285.81818 | O61: =L61-I61 -> 0 | P61: =N61-K61 -> -14.181818 | Q61: =N61/K61 -> 0.95272727 | S61: 0.29166667 | T61: 0.32986111 | U61: =(S61-T60)*24*60 -> 8 | V61: =(T61-S61)*24*60 -> 55 | AA61: =M61-J61 -> -141.81818 | AB61: =M61/J61 -> 0.95272727
A62: 新豐10線 | B62: 調理麵包 | C62: 蜂蜜芥末辣雞堡 | E62: 37.88 | F62: 2974 | G62: =E62*F62 -> 112655.12 | I62: 10 | J62: 3000 | K62: =J62/I62 -> 300 | L62: 10 | M62: =F62/V62*60 -> 2878.0645 | N62: =M62/L62 -> 287.80645 | O62: =L62-I62 -> 0 | P62: =N62-K62 -> -12.193548 | Q62: =N62/K62 -> 0.95935484 | S62: 0.33472222 | T62: 0.37777778 | U62: =(S62-T61)*24*60 -> 7 | V62: =(T62-S62)*24*60 -> 62 | AA62: =M62-J62 -> -121.93548 | AB62: =M62/J62 -> 0.95935484
A63: 新豐10線 | B63: 調理麵包 | C63: 經典美式起司巨牛堡 | E63: 40.51 | F63: 2737 | G63: =E63*F63 -> 110875.87 | I63: 8 | J63: 3000 | K63: =J63/I63 -> 375 | L63: 8 | M63: =F63/V63*60 -> 2881.0526 | N63: =M63/L63 -> 360.13158 | O63: =L63-I63 -> 0 | P63: =N63-K63 -> -14.868421 | Q63: =N63/K63 -> 0.96035088 | S63: 0.38125 | T63: 0.42083333 | U63: =(S63-T62)*24*60 -> 5 | V63: =(T63-S63)*24*60 -> 57 | AA63: =M63-J63 -> -118.94737 | AB63: =M63/J63 -> 0.96035088
A64: 新豐10線 | B64: 平均 | I64: 9 | J64: 2625 | K64: =J64/I64 -> 291.66667 | L64: 9 | M64: =AVERAGE(M60:M63) -> 2511.2444 | N64: =M64/L64 -> 279.02715 | O64: =L64-I64 -> 0 | P64: =N64-K64 -> -12.639513 | Q64: =N64/K64 -> 0.95666453 | AA64: =M64-J64 -> -113.75562 | AB64: =M64/J64 -> 0.95666453
A65: 新豐4線 | B65: 三明治 | C65: 香鬆起司蛋三明治(114年) | E65: 20.2 | F65: 2465 | G65: =E65*F65 -> 49793 | I65: 19 | J65: 2400 | K65: =J65/I65 -> 126.31579 | L65: 19 | M65: =F65/V65*60 -> 2310.9375 | N65: =M65/L65 -> 121.62829 | O65: =L65-I65 -> 0 | P65: =N65-K65 -> -4.6875 | Q65: =N65/K65 -> 0.96289063 | R65: =Q74 -> 0.95821685 | S65: 0.083333333 | T65: 0.12777778 | V65: =(T65-S65)*24*60 -> 64 | W65: =T65 -> 0.12777778 | X65: =S66 -> 0.14930556 | AA65: =M65-J65 -> -89.0625 | AB65: =M65/J65 -> 0.96289063 | AC65: =AB74 -> 0.95821685
A66: 新豐4線 | B66: 三明治 | C66: 瘋狂起司三明治(113年) | E66: 24.45 | F66: 2473 | G66: =E66*F66 -> 60464.85 | I66: 20 | J66: 2400 | K66: =J66/I66 -> 120 | L66: 20 | M66: =F66/V66*60 -> 2318.4375 | N66: =M66/L66 -> 115.92187 | O66: =L66-I66 -> 0 | P66: =N66-K66 -> -4.078125 | Q66: =N66/K66 -> 0.96601562 | S66: 0.14930556 | T66: 0.19375 | U66: =(S66-T65)*24*60 -> 31 | V66: =(T66-S66)*24*60 -> 64 | AA66: =M66-J66 -> -81.5625 | AB66: =M66/J66 -> 0.96601562
A67: 新豐4線 | B67: 三明治 | C67: 藍莓優格三明治(114年) | E67: 22.35 | F67: 2076 | G67: =E67*F67 -> 46398.6 | I67: 16 | J67: 2400 | K67: =J67/I67 -> 150 | L67: 16 | M67: =F67/V67*60 -> 2306.6667 | N67: =M67/L67 -> 144.16667 | O67: =L67-I67 -> 0 | P67: =N67-K67 -> -5.8333333 | Q67: =N67/K67 -> 0.96111111 | S67: 0.19791667 | T67: 0.23541667 | U67: =(S67-T66)*24*60 -> 6 | V67: =(T67-S67)*24*60 -> 54 | AA67: =M67-J67 -> -93.333333 | AB67: =M67/J67 -> 0.96111111
A68: 新豐4線 | B68: 三明治 | C68: 泰奶奶蓋QQ三明治 | E68: 24.25 | F68: 2748 | G68: =E68*F68 -> 66639 | I68: 13 | J68: 2400 | K68: =J68/I68 -> 184.61538 | L68: 13 | M68: =F68/V68*60 -> 2290 | N68: =M68/L68 -> 176.15385 | O68: =L68-I68 -> 0 | P68: =N68-K68 -> -8.4615385 | Q68: =N68/K68 -> 0.95416667 | S68: 0.24097222 | T68: 0.29097222 | U68: =(S68-T67)*24*60 -> 8 | V68: =(T68-S68)*24*60 -> 72 | AA68: =M68-J68 -> -110 | AB68: =M68/J68 -> 0.95416667
A69: 新豐4線 | B69: 三明治 | C69: 輕乳酪巧克力三明治 | E69: 20.52 | F69: 3423 | G69: =E69*F69 -> 70239.96 | I69: 18 | J69: 2400 | K69: =J69/I69 -> 133.33333 | L69: 18 | M69: =F69/V69*60 -> 2307.6404 | N69: =M69/L69 -> 128.20225 | O69: =L69-I69 -> 0 | P69: =N69-K69 -> -5.1310861 | Q69: =N69/K69 -> 0.96151685 | S69: 0.29513889 | T69: 0.35694444 | U69: =(S69-T68)*24*60 -> 6 | V69: =(T69-S69)*24*60 -> 89 | AA69: =M69-J69 -> -92.359551 | AB69: =M69/J69 -> 0.96151685
A70: 新豐4線 | B70: 三明治 | C70: 檸檬紅茶三明治 | E70: 21.68 | F70: 4200 | G70: =E70*F70 -> 91056 | H70: 2 | I70: 15 | J70: 2400 | K70: =J70/I70 -> 160 | L70: 15 | M70: =F70/V70*60 -> 2290.9091 | N70: =M70/L70 -> 152.72727 | O70: =L70-I70 -> 0 | P70: =N70-K70 -> -7.2727273 | Q70: =N70/K70 -> 0.95454545 | S70: 0.36111111 | T70: 0.4375 | U70: =(S70-T69)*24*60 -> 6 | V70: =(T70-S70)*24*60 -> 110 | AA70: =M70-J70 -> -109.09091 | AB70: =M70/J70 -> 0.95454545
A71: 新豐4線 | B71: 三明治 | C71: 經典火腿玉米蛋三明治 | E71: 24.43 | F71: 4200 | G71: =E71*F71 -> 102606 | H71: 2 | I71: 14 | J71: 2400 | K71: =J71/I71 -> 171.42857 | L71: 14 | M71: =F71/V71*60 -> 2290.9091 | N71: =M71/L71 -> 163.63636 | O71: =L71-I71 -> 0 | P71: =N71-K71 -> -7.7922078 | Q71: =N71/K71 -> 0.95454545 | S71: 0.44166667 | T71: 0.51805556 | U71: =(S71-T70)*24*60 -> 6 | V71: =(T71-S71)*24*60 -> 110 | W71: =T71 -> 0.51805556 | X71: =S72 -> 0.55902778 | AA71: =M71-J71 -> -109.09091 | AB71: =M71/J71 -> 0.95454545
A72: 新豐4線 | B72: 三明治 | C72: 經典火腿玉米蛋三明治 | E72: 24.43 | F72: 3061 | G72: =E72*F72 -> 74780.23 | I72: 14 | J72: 2400 | K72: =J72/I72 -> 171.42857 | L72: 14 | M72: =F72/V72*60 -> 2295.75 | N72: =M72/L72 -> 163.98214 | O72: =L72-I72 -> 0 | P72: =N72-K72 -> -7.4464286 | Q72: =N72/K72 -> 0.9565625 | S72: 0.55902778 | T72: 0.61458333 | U72: =(S72-T71)*24*60 -> 59 | V72: =(T72-S72)*24*60 -> 80 | AA72: =M72-J72 -> -104.25 | AB72: =M72/J72 -> 0.9565625
A73: 新豐4線 | B73: 三明治 | C73: 檸檬紅茶三明治 | E73: 21.68 | F73: 2934 | G73: =E73*F73 -> 63609.12 | I73: 15 | J73: 2400 | K73: =J73/I73 -> 160 | L73: 15 | M73: =F73/V73*60 -> 2286.2338 | N73: =M73/L73 -> 152.41558 | O73: =L73-I73 -> 0 | P73: =N73-K73 -> -7.5844156 | Q73: =N73/K73 -> 0.9525974 | S73: 0.61875 | T73: 0.67222222 | U73: =(S73-T72)*24*60 -> 6 | V73: =(T73-S73)*24*60 -> 77 | AA73: =M73-J73 -> -113.76623 | AB73: =M73/J73 -> 0.9525974
A74: 新豐4線 | B74: 平均 | I74: 16 | J74: 2400 | K74: =J74/I74 -> 150 | L74: 16 | M74: =AVERAGE(M65:M73) -> 2299.7205 | N74: =M74/L74 -> 143.73253 | O74: =L74-I74 -> 0 | P74: =N74-K74 -> -6.2674718 | Q74: =N74/K74 -> 0.95821685 | AA74: =M74-J74 -> -100.27955 | AB74: =M74/J74 -> 0.95821685

Sheet 1126
B1: 屏榮 新豐廠組合室生產人時性分析
B3: 日期 | C3: =TEXT('1126 4度C'!A2,"yyyy.mm.ddaaaa") -> 2025.11.26星期三 | E3: 訂單量 | F3: ='1126 4度C'!D1 -> 191926 | H3: 營業額 | I3: ='1126 4度C'!F1 -> 6301287.3
B4: 人時性 | C4: 項目 | E4: ➀ | G4: ➁ | I4: ➂
C5: 組合室 | E5: 全溫層 | G5: 4度C-各編組展開 | I5: ③三明治-各編組展開
C6: 排關平均 | E6: =AVERAGE(D13:M13) -> 155.43231 | F6: =AVERAGE(D27:O27,D13:J13) -> 161.01273 | G6: =AVERAGE(D13:J13) -> 161.01273 | I6: =AVERAGE(K13:M13) -> 142.41131
C7: 實績平均 | E7: =AVERAGE(D14:M14) -> 148.82799 | F7: =AVERAGE(D28:O28,D14:J14) -> 154.20596 | G7: =AVERAGE(D14:J14) -> 154.20596 | I7: =AVERAGE(K14:M14) -> 136.2794
C8: 達成率平均 | E8: =AVERAGE(D15:M15) -> 0.95730385 | F8: =AVERAGE(D15:J15,D29:O29) -> 0.95747107 | G8: =AVERAGE(D15:J15) -> 0.95747107 | I8: =AVERAGE(K15:M15) -> 0.95691367 | K8: ※現行日本鮮食廠以達成率80%為基本(即為現行KPI)
B10: 溫層 | D10: ➁4度C-各編組展開 | K10: ③三明治-各編組展開
B11: 編組 | D11: 1 | E11: 2 | F11: 3 | G11: 4 | H11: 5 | I11: 6 | J11: 7 | K11: 1 | L11: 2 | M11: 3
D12: 新豐6線 | E12: 新豐2線 | F12: 新豐5線 | G12: 新豐7線 | H12: 新豐3線 | I12: 新豐1線 | J12: 新豐10線 | K12: 新豐8線 | L12: 新豐9線 | M12: 新豐4線
B13: 人時性 | C13: 排關 | D13: =SUMIFS('1126 4度C'!$K:$K,'1126 4度C'!$A:$A,"新豐6線",'1126 4度C'!$B:$B,"平均") -> 137.93103 | E13: =SUMIFS('1126 4度C'!$K:$K,'1126 4度C'!$A:$A,"新豐2線",'1126 4度C'!$B:$B,"平均") -> 81.081081 | F13: =SUMIFS('1126 4度C'!$K:$K,'1126 4度C'!$A:$A,"新豐5線",'1126 4度C'!$B:$B,"平均") -> 103.63636 | G13: =SUMIFS('1126 4度C'!$K:$K,'1126 4度C'!$A:$A,"新豐7線",'1126 4度C'!$B:$B,"平均") -> 114.81481 | H13: =SUMIFS('1126 4度C'!$K:$K,'1126 4度C'!$A:$A,"新豐3線",'1126 4度C'!$B:$B,"平均") -> 285.71429 | I13: =SUMIFS('1126 4度C'!$K:$K,'1126 4度C'!$A:$A,"新豐1線",'1126 4度C'!$B:$B,"平均") -> 112.2449 | J13: =SUMIFS('1126 4度C'!$K:$K,'1126 4度C'!$A:$A,"新豐10線",'1126 4度C'!$B:$B,"平均") -> 291.66667 | K13: =SUMIFS('1126 4度C'!$K:$K,'1126 4度C'!$A:$A,"新豐8線",'1126 4度C'!$B:$B,"平均") -> 134.26573 | L13: =SUMIFS('1126 4度C'!$K:$K,'1126 4度C'!$A:$A,"新豐9線",'1126 4度C'!$B:$B,"平均") -> 138.1295 | M13: =SUMIFS('1126 4度C'!$K:$K,'1126 4度C'!$A:$A,"新豐4線",'1126 4度C'!$B:$B,"平均") -> 154.83871
C14: 實績 | D14: =SUMIFS('1126 4度C'!$N:$N,'1126 4度C'!$A:$A,"新豐6線",'1126 4度C'!$B:$B,"平均") -> 132.28418 | E14: =SUMIFS('1126 4度C'!$N:$N,'1126 4度C'!$A:$A,"新豐2線",'1126 4度C'!$B:$B,"平均") -> 77.541824 | F14: =SUMIFS('1126 4度C'!$N:$N,'1126 4度C'!$A:$A,"新豐5線",'1126 4度C'!$B:$B,"平均") -> 99.055162 | G14: =SUMIFS('1126 4度C'!$N:$N,'1126 4度C'!$A:$A,"新豐7線",'1126 4度C'!$B:$B,"平均") -> 109.91161 | H14: =SUMIFS('1126 4度C'!$N:$N,'1126 4度C'!$A:$A,"新豐3線",'1126 4度C'!$B:$B,"平均") -> 273.79834 | I14: =SUMIFS('1126 4度C'!$N:$N,'1126 4度C'!$A:$A,"新豐1線",'1126 4度C'!$B:$B,"平均") -> 107.50055 | J14: =SUMIFS('1126 4度C'!$N:$N,'1126 4度C'!$A:$A,"新豐10線",'1126 4度C'!$B:$B,"平均") -> 279.35006 | K14: =SUMIFS('1126 4度C'!$N:$N,'1126 4度C'!$A:$A,"新豐8線",'1126 4度C'!$B:$B,"平均") -> 128.46247 | L14: =SUMIFS('1126 4度C'!$N:$N,'1126 4度C'!$A:$A,"新豐9線",'1126 4度C'!$B:$B,"平均") -> 132.10029 | M14: =SUMIFS('1126 4度C'!$N:$N,'1126 4度C'!$A:$A,"新豐4線",'1126 4度C'!$B:$B,"平均") -> 148.27544
C15: 達成率 | D15: =D14/D13 -> 0.95906031 | E15: =E14/E13 -> 0.95634917 | F15: =F14/F13 -> 0.95579542 | G15: =G14/G13 -> 0.95729465 | H15: =H14/H13 -> 0.9582942 | I15: =I14/I13 -> 0.95773214 | J15: =J14/J13 -> 0.95777163 | K15: =K14/K13 -> 0.95677779 | ... M15: =M14/M13 -> 0.95761219
B16: 作業 時間 | C16: 開始 | D16: =VLOOKUP("新豐6線",'1126 4度C'!$A:$T,19,0) -> 0.70833333 | E16: =VLOOKUP("新豐2線",'1126 4度C'!$A:$T,19,0) -> 0.20833333 | F16: =VLOOKUP("新豐5線",'1126 4度C'!$A:$T,19,0) -> 0.125 | G16: =VLOOKUP("新豐7線",'1126 4度C'!$A:$T,19,0) -> 0.20833333 | H16: =VLOOKUP("新豐3線",'1126 4度C'!$A:$T,19,0) -> 0.083333333 | I16: =VLOOKUP("新豐1線",'1126 4度C'!$A:$T,19,0) -> 0.20833333 | J16: =VLOOKUP("新豐10線",'1126 4度C'!$A:$T,19,0) -> 0.20833333 | K16: =VLOOKUP("新豐8線",'1126 4度C'!$A:$T,19,0) -> 0.083333333 | L16: =VLOOKUP("新豐9線",'1126 4度C'!$A:$T,19,0) -> 0.083333333 | M16: =VLOOKUP("新豐4線",'1126 4度C'!$A:$T,19,0) -> 0.083333333
C17: 結束 | D17: =LOOKUP(2,1/(('1126 4度C'!$A:$A="新豐6線")*('1126 4度C'!$T:$T<>"")),'1126 4度C'!$T:$T) -> 0.91736111 | E17: =LOOKUP(2,1/(('1126 4度C'!$A:$A="新豐2線")*('1126 4度C'!$T:$T<>"")),'1126 4度C'!$T:$T) -> 0.44583333 | F17: =LOOKUP(2,1/(('1126 4度C'!$A:$A="新豐5線")*('1126 4度C'!$T:$T<>"")),'1126 4度C'!$T:$T) -> 0.85625 | G17: =LOOKUP(2,1/(('1126 4度C'!$A:$A="新豐7線")*('1126 4度C'!$T:$T<>"")),'1126 4度C'!$T:$T) -> 0.85069444 | H17: =LOOKUP(2,1/(('1126 4度C'!$A:$A="新豐3線")*('1126 4度C'!$T:$T<>"")),'1126 4度C'!$T:$T) -> 0.60416667 | I17: =LOOKUP(2,1/(('1126 4度C'!$A:$A="新豐1線")*('1126 4度C'!$T:$T<>"")),'1126 4度C'!$T:$T) -> 0.93611111 | J17: =LOOKUP(2,1/(('1126 4度C'!$A:$A="新豐10線")*('1126 4度C'!$T:$T<>"")),'1126 4度C'!$T:$T) -> 0.43958333 | K17: =LOOKUP(2,1/(('1126 4度C'!$A:$A="新豐8線")*('1126 4度C'!$T:$T<>"")),'1126 4度C'!$T:$T) -> 0.73402778 | L17: =LOOKUP(2,1/(('1126 4度C'!$A:$A="新豐9線")*('1126 4度C'!$T:$T<>"")),'1126 4度C'!$T:$T) -> 0.72708333 | M17: =LOOKUP(2,1/(('1126 4度C'!$A:$A="新豐4線")*('1126 4度C'!$T:$T<>"")),'1126 4度C'!$T:$T) -> 0.66805556
B18: 配置人數 | D18: =SUMIFS('1126 4度C'!$I:$I,'1126 4度C'!$A:$A,"新豐6線",'1126 4度C'!$B:$B,"平均") -> 14.5 | E18: =SUMIFS('1126 4度C'!$I:$I,'1126 4度C'!$A:$A,"新豐2線",'1126 4度C'!$B:$B,"平均") -> 18.5 | F18: =SUMIFS('1126 4度C'!$I:$I,'1126 4度C'!$A:$A,"新豐5線",'1126 4度C'!$B:$B,"平均") -> 18.333333 | G18: =SUMIFS('1126 4度C'!$I:$I,'1126 4度C'!$A:$A,"新豐7線",'1126 4度C'!$B:$B,"平均") -> 16.875 | H18: =SUMIFS('1126 4度C'!$I:$I,'1126 4度C'!$A:$A,"新豐3線",'1126 4度C'!$B:$B,"平均") -> 10.111111 | I18: =SUMIFS('1126 4度C'!$I:$I,'1126 4度C'!$A:$A,"新豐1線",'1126 4度C'!$B:$B,"平均") -> 16.333333 | J18: =SUMIFS('1126 4度C'!$I:$I,'1126 4度C'!$A:$A,"新豐10線",'1126 4度C'!$B:$B,"平均") -> 9 | K18: =SUMIFS('1126 4度C'!$I:$I,'1126 4度C'!$A:$A,"新豐8線",'1126 4度C'!$B:$B,"平均") -> 17.875 | L18: =SUMIFS('1126 4度C'!$I:$I,'1126 4度C'!$A:$A,"新豐9線",'1126 4度C'!$B:$B,"平均") -> 17.375 | M18: =SUMIFS('1126 4度C'!$I:$I,'1126 4度C'!$A:$A,"新豐4線",'1126 4度C'!$B:$B,"平均") -> 15.5
B19: 主要應用設備 | D19: ET-55 | E19: 熱縮爐 | F19: L型包裝機 | G19: L型包裝機 | H19: 伺服包裝機 | I19: ET-55 | J19: 伺服包裝機 | K19: 三明治包裝機 | L19: 三明治包裝機 | M19: 三明治包裝機
B20: 次要應用設備 | F20: 圓盤機 | G20: ET-55
B21: 備註 | E21: 握沙拉 | F21: 共用L型包裝機 | H21: 調理麵包 | I21: 炒飯+沙拉 | J21: 調理麵包

Sheet 1126 4度C
A1: 新豐廠四度C日報分析 | C1: 總生產量 | D1: =SUM(F5:F77) -> 191926 | E1: 營業額 | F1: =SUM(G5:G77) -> 6301287.3 | G1: 出勤人數 | H1: =L9+L12+L56+L63+L19+L68+L37+L46+L28+L77 -> 154.40278 | I1: 產線配置圖 | L1: 生產實績 | O1: 人時性差異分析 | S1: 日報登錄 | Y1: 分析說明 | AA1: 產能差異分析
A2: 45987 | B2: 星期三 | C2: 人時性 | D2: =AVERAGE(N9,N12,N56,N63,N19,N68,N28,N37,N46,N77) -> 148.82799 | E2: 平均廠價 | F2: =F1/D1 -> 32.831859 | G2: 多次生產數 | H2: =COUNT(H5:H77) -> 12
A3: 線別 | B3: 品類 | C3: 品名 | E3: 廠價 | F3: 生產量 | G3: 營收 | H3: 多次 生產 | I3: 人數 | J3: 產能/時 | K3: 人時性 | L3: 人數 | M3: 產能/時 | N3: 人時性 | O3: 人數 | P3: 人時性 | Q3: 達成率 | R3: 達成率平均 | S3: 生產時間 | U3: 換線、休息/分 | V3: 稼動時間/分 | W3: 休息時間 | Y3: (新豐回填) | AA3: 產能/時 | AB3: 達成率 | AC3: 達成率平均
S4: 開始 | T4: 結束 | W4: 開始 | X4: 結束
A5: 新豐6線 | B5: 微波主食 | C5: 二配港式香滑嫩蛋牛肉燴飯 | E5: 50.67 | F5: 1541 | G5: =E5*F5 -> 78082.47 | I5: 17 | J5: 2000 | K5: =J5/I5 -> 117.64706 | L5: 17 | M5: =F5/V5*60 -> 1926.25 | N5: =M5/L5 -> 113.30882 | O5: =L5-I5 -> 0 | P5: =N5-K5 -> -4.3382353 | Q5: =N5/K5 -> 0.963125 | R5: =Q9 -> 0.95906031 | S5: 0.70833333 | T5: 0.74166667 | V5: =(T5-S5)*24*60 -> 48 | AA5: =M5-J5 -> -73.75 | AB5: =M5/J5 -> 0.963125 | AC5: =AB9 -> 0.95906031
A6: 新豐6線 | B6: 微波主食 | C6: 二配川味麻婆燒豆腐燴飯 | E6: 50.49 | F6: 2032 | G6: =E6*F6 -> 102595.68 | I6: 15 | J6: 2000 | K6: =J6/I6 -> 133.33333 | L6: 15 | M6: =F6/V6*60 -> 1905 | N6: =M6/L6 -> 127 | O6: =L6-I6 -> 0 | P6: =N6-K6 -> -6.3333333 | Q6: =N6/K6 -> 0.9525 | S6: 0.74722222 | T6: 0.79166667 | U6: =IF(S6=TIME(17,0,0),"",(S6-T5)*24*60) -> 8 | V6: =(T6-S6)*24*60 -> 64 | AA6: =M6-J6 -> -95 | AB6: =M6/J6 -> 0.9525
A7: 新豐6線 | B7: 微波主食 | C7: 二配厚香料咖哩雞排飯 | E7: 57.3 | F7: 2000 | G7: =E7*F7 -> 114600 | H7: 2 | I7: 13 | J7: 2000 | K7: =J7/I7 -> 153.84615 | L7: 13 | M7: =F7/V7*60 -> 1904.7619 | N7: =M7/L7 -> 146.52015 | O7: =L7-I7 -> 0 | P7: =N7-K7 -> -7.3260073 | Q7: =N7/K7 -> 0.95238095 | S7: 0.79652778 | T7: 0.84027778 | U7: =IF(S7=TIME(17,0,0),"",(S7-T6)*24*60) -> 7 | V7: =(T7-S7)*24*60 -> 63 | W7: =T7 -> 0.84027778 | X7: =S8 -> 0.88194444 | AA7: =M7-J7 -> -95.238095 | AB7: =M7/J7 -> 0.95238095
A8: 新豐6線 | B8: 微波主食 | C8: 二配厚香料咖哩雞排飯 | E8: 57.3 | F8: 1646 | G8: =E8*F8 -> 94315.8 | I8: 13 | J8: 2000 | K8: =J8/I8 -> 153.84615 | L8: 13 | M8: =F8/V8*60 -> 1936.4706 | N8: =M8/L8 -> 148.95928 | O8: =L8-I8 -> 0 | P8: =N8-K8 -> -4.8868778 | Q8: =N8/K8 -> 0.96823529 | S8: 0.88194444 | T8: 0.91736111 | U8: =IF(S8=TIME(17,0,0),"",(S8-T7)*24*60) -> 60 | V8: =(T8-S8)*24*60 -> 51 | AA8: =M8-J8 -> -63.529412 | AB8: =M8/J8 -> 0.96823529
A9: 新豐6線 | B9: 平均 | I9: 14.5 | J9: 2000 | K9: =J9/I9 -> 137.93103 | L9: 14.5 | M9: =AVERAGE(M5:M8) -> 1918.1206 | N9: =M9/L9 -> 132.28418 | O9: =L9-I9 -> 0 | P9: =N9-K9 -> -5.6468536 | Q9: =N9/K9 -> 0.95906031 | AA9: =M9-J9 -> -81.879377 | AB9: =M9/J9 -> 0.95906031
A10: 新豐2線 | B10: 沙拉 | C10: 韓式泡菜豆腐握沙拉 | E10: 39.36 | F10: 1466 | G10: =E10*F10 -> 57701.76 | I10: 20 | J10: 1500 | K10: =J10/I10 -> 75 | L10: 20 | M10: =F10/V10*60 -> 1441.9672 | N10: =M10/L10 -> 72.098361 | O10: =L10-I10 -> 0 | P10: =N10-K10 -> -2.9016393 | Q10: =N10/K10 -> 0.96131148 | R10: =Q12 -> 0.95634917 | S10: 0.20833333 | T10: 0.25069444 | V10: =(T10-S10)*24*60 -> 61 | AA10: =M10-J10 -> -58.032787 | AB10: =M10/J10 -> 0.96131148 | AC10: =AB12 -> 0.95634917
A11: 新豐2線 | B11: 沙拉 | C11: 青檸烤雞握沙拉(113年) | E11: 39.8 | F11: 6517 | G11: =E11*F11 -> 259376.6 | I11: 17 | J11: 1500 | K11: =J11/I11 -> 88.235294 | L11: 17 | M11: =F11/V11*60 -> 1427.0803 | N11: =M11/L11 -> 83.9459 | O11: =L11-I11 -> 0 | P11: =N11-K11 -> -4.2893946 | Q11: =N11/K11 -> 0.95138686 | S11: 0.25555556 | T11: 0.44583333 | U11: =IF(S11=TIME(17,0,0),"",(S11-T10)*24*60) -> 7 | V11: =(T11-S11)*24*60 -> 274 | AA11: =M11-J11 -> -72.919708 | AB11: =M11/J11 -> 0.95138686
A12: 新豐2線 | B12: 平均 | I12: 18.5 | J12: 1500 | K12: =J12/I12 -> 81.081081 | L12: 18.5 | M12: =AVERAGE(M10:M11) -> 1434.5238 | N12: =M12/L12 -> 77.541824 | O12: =L12-I12 -> 0 | P12: =N12-K12 -> -3.5392566 | Q12: =N12/K12 -> 0.95634917 | AA12: =M12-J12 -> -65.476247 | AB12: =M12/J12 -> 0.95634917
A13: 新豐5線 | B13: 小吃 | C13: 剝皮辣椒雞湯 | E13: 41 | F13: 2313 | G13: =E13*F13 -> 94833 | I13: 26 | J13: 1500 | K13: =J13/I13 -> 57.692308 | L13: 26 | M13: =F13/V13*60 -> 1430.7216 | N13: =M13/L13 -> 55.027756 | O13: =L13-I13 -> 0 | P13: =N13-K13 -> -2.6645519 | Q13: =N13/K13 -> 0.95381443 | R13: =Q19 -> 0.95579542 | S13: 0.125 | T13: 0.19236111 | V13: =(T13-S13)*24*60 -> 97 | W13: =T13 -> 0.19236111 | X13: =S14 -> 0.21180556 | AA13: =M13-J13 -> -69.278351 | AB13: =M13/J13 -> 0.95381443 | AC13: =AB19 -> 0.95579542
A14: 新豐5線 | B14: 沙拉 | C14: 青醬優格雞肉握沙拉(113年) | E14: 39.62 | F14: 4114 | G14: =E14*F14 -> 162996.68 | I14: 19 | J14: 1500 | K14: =J14/I14 -> 78.947368 | L14: 19 | M14: =F14/V14*60 -> 1435.1163 | N14: =M14/L14 -> 75.532436 | O14: =L14-I14 -> 0 | P14: =N14-K14 -> -3.4149327 | Q14: =N14/K14 -> 0.95674419 | S14: 0.21180556 | T14: 0.33125 | U14: =IF(S14=TIME(17,0,0),"",(S14-T13)*24*60) -> 28 | V14: =(T14-S14)*24*60 -> 172 | AA14: =M14-J14 -> -64.883721 | AB14: =M14/J14 -> 0.95674419
A15: 新豐5線 | B15: 三明治 | C15: 鮪魚起司溏心蛋三明治 | E15: 26.2 | F15: 7087 | G15: =E15*F15 -> 185679.4 | I15: 18 | J15: 2400 | K15: =J15/I15 -> 133.33333 | L15: 18 | M15: =F15/V15*60 -> 2286.129 | N15: =M15/L15 -> 127.00717 | O15: =L15-I15 -> 0 | P15: =N15-K15 -> -6.3261649 | Q15: =N15/K15 -> 0.95255376 | S15: 0.33472222 | T15: 0.46388889 | U15: =IF(S15=TIME(17,0,0),"",(S15-T14)*24*60) -> 5 | V15: =(T15-S15)*24*60 -> 186 | AA15: =M15-J15 -> -113.87097 | AB15: =M15/J15 -> 0.95255376
A16: 新豐5線 | B16: 微波主食 | C16: 二配金咖哩濃厚辛口咖哩飯 | E16: 50.98 | F16: 2725 | G16: =E16*F16 -> 138920.5 | I16: 16 | J16: 2000 | K16: =J16/I16 -> 125 | L16: 16 | M16: =F16/V16*60 -> 1923.5294 | N16: =M16/L16 -> 120.22059 | O16: =L16-I16 -> 0 | P16: =N16-K16 -> -4.7794118 | Q16: =N16/K16 -> 0.96176471 | S16: 0.70833333 | T16: 0.76736111 | U16: =IF(S16=TIME(17,0,0),"",(S16-T15)*24*60) | V16: =(T16-S16)*24*60 -> 85 | AA16: =M16-J16 -> -76.470588 | AB16: =M16/J16 -> 0.96176471
A17: 新豐5線 | B17: 微波主食 | C17: 二配金咖哩果香甘口咖哩飯 | E17: 50.92 | F17: 2672 | G17: =E17*F17 -> 136058.24 | I17: 15 | J17: 2000 | K17: =J17/I17 -> 133.33333 | L17: 15 | M17: =F17/V17*60 -> 1908.5714 | N17: =M17/L17 -> 127.2381 | O17: =L17-I17 -> 0 | P17: =N17-K17 -> -6.0952381 | Q17: =N17/K17 -> 0.95428571 | S17: 0.77152778 | T17: 0.82986111 | U17: =IF(S17=TIME(17,0,0),"",(S17-T16)*24*60) -> 6 | V17: =(T17-S17)*24*60 -> 84 | AA17: =M17-J17 -> -91.428571 | AB17: =M17/J17 -> 0.95428571
A18: 新豐5線 | B18: 微波主食 | C18: 二配煸椒烘蛋飯 | E18: 46.93 | F18: 956 | G18: =E18*F18 -> 44865.08 | I18: 16 | J18: 2000 | K18: =J18/I18 -> 125 | L18: 16 | M18: =F18/V18*60 -> 1912 | N18: =M18/L18 -> 119.5 | O18: =L18-I18 -> 0 | P18: =N18-K18 -> -5.5 | Q18: =N18/K18 -> 0.956 | S18: 0.83541667 | T18: 0.85625 | U18: =IF(S18=TIME(17,0,0),"",(S18-T17)*24*60) -> 8 | V18: =(T18-S18)*24*60 -> 30 | AA18: =M18-J18 -> -88 | AB18: =M18/J18 -> 0.956
A19: 新豐5線 | B19: 平均 | I19: 18.333333 | J19: 1900 | K19: =J19/I19 -> 103.63636 | L19: 18.333333 | M19: =AVERAGE(M13:M18) -> 1816.0113 | N19: =M19/L19 -> 99.055162 | O19: =L19-I19 -> 0 | P19: =N19-K19 -> -4.5812018 | Q19: =N19/K19 -> 0.95579542 | AA19: =M19-J19 -> -83.9887 | AB19: =M19/J19 -> 0.95579542
A20: 新豐7線 | B20: 小吃 | C20: 古早味炒炊粉 | E20: 43.14 | F20: 1238 | G20: =E20*F20 -> 53407.32 | I20: 17 | J20: 2000 | K20: =J20/I20 -> 117.64706 | L20: 17 | M20: =F20/V20*60 -> 1904.6154 | N20: =M20/L20 -> 112.0362 | O20: =L20-I20 -> 0 | P20: =N20-K20 -> -5.6108597 | Q20: =N20/K20 -> 0.95230769 | R20: =Q28 -> 0.95729465 | S20: 0.20833333 | T20: 0.23541667 | V20: =(T20-S20)*24*60 -> 39 | AA20: =M20-J20 -> -95.384615 | AB20: =M20/J20 -> 0.95230769 | AC20: =AB28 -> 0.95729465
A21: 新豐7線 | B21: 熱食義麵 | C21: 麻婆豆腐波浪麵 | E21: 49.9 | F21: 2147 | G21: =E21*F21 -> 107135.3 | I21: 19 | J21: 2000 | K21: =J21/I21 -> 105.26316 | L21: 19 | M21: =F21/V21*60 -> 1922.6866 | N21: =M21/L21 -> 101.19403 | O21: =L21-I21 -> 0 | P21: =N21-K21 -> -4.069128 | Q21: =N21/K21 -> 0.96134328 | S21: 0.23958333 | T21: 0.28611111 | U21: =IF(S21=TIME(17,0,0),"",(S21-T20)*24*60) -> 6 | V21: =(T21-S21)*24*60 -> 67 | AA21: =M21-J21 -> -77.313433 | AB21: =M21/J21 -> 0.96134328
A22: 新豐7線 | B22: 微波主食 | C22: 鐵板滑蛋炸豬排丼 | E22: 57.73 | F22: 2517 | G22: =E22*F22 -> 145306.41 | I22: 14 | J22: 2000 | K22: =J22/I22 -> 142.85714 | L22: 14 | M22: =F22/V22*60 -> 1911.6456 | N22: =M22/L22 -> 136.54611 | O22: =L22-I22 -> 0 | P22: =N22-K22 -> -6.3110307 | Q22: =N22/K22 -> 0.95582278 | S22: 0.29097222 | T22: 0.34583333 | U22: =IF(S22=TIME(17,0,0),"",(S22-T21)*24*60) -> 7 | V22: =(T22-S22)*24*60 -> 79 | AA22: =M22-J22 -> -88.35443 | AB22: =M22/J22 -> 0.95582278
A23: 新豐7線 | B23: 微波主食 | C23: 極上炙烤親子丼 | E23: 53.68 | F23: 1591 | G23: =E23*F23 -> 85404.88 | I23: 16 | J23: 2000 | K23: =J23/I23 -> 125 | L23: 16 | M23: =F23/V23*60 -> 1909.2 | N23: =M23/L23 -> 119.325 | O23: =L23-I23 -> 0 | P23: =N23-K23 -> -5.675 | Q23: =N23/K23 -> 0.9546 | S23: 0.35138889 | T23: 0.38611111 | U23: =IF(S23=TIME(17,0,0),"",(S23-T22)*24*60) -> 8 | V23: =(T23-S23)*24*60 -> 50 | AA23: =M23-J23 -> -90.8 | AB23: =M23/J23 -> 0.9546
A24: 新豐7線 | B24: 微波主食 | C24: 日式野菜烘蛋燴飯 | E24: 49.91 | F24: 1997 | G24: =E24*F24 -> 99670.27 | I24: 19 | J24: 2000 | K24: =J24/I24 -> 105.26316 | L24: 19 | M24: =F24/V24*60 -> 1932.5806 | N24: =M24/L24 -> 101.71477 | O24: =L24-I24 -> 0 | P24: =N24-K24 -> -3.5483871 | Q24: =N24/K24 -> 0.96629032 | S24: 0.39027778 | T24: 0.43333333 | U24: =IF(S24=TIME(17,0,0),"",(S24-T23)*24*60) -> 6 | V24: =(T24-S24)*24*60 -> 62 | AA24: =M24-J24 -> -67.419355 | AB24: =M24/J24 -> 0.96629032
A25: 新豐7線 | B25: 微波主食 | C25: 二配美味蟹煲 | E25: 54.09 | F25: 1716 | G25: =E25*F25 -> 92818.44 | I25: 19 | J25: 2000 | K25: =J25/I25 -> 105.26316 | L25: 19 | M25: =F25/V25*60 -> 1906.6667 | N25: =M25/L25 -> 100.35088 | O25: =L25-I25 -> 0 | P25: =N25-K25 -> -4.9122807 | Q25: =N25/K25 -> 0.95333333 | S25: 0.70833333 | T25: 0.74583333 | U25: =IF(S25=TIME(17,0,0),"",(S25-T24)*24*60) | V25: =(T25-S25)*24*60 -> 54 | AA25: =M25-J25 -> -93.333333 | AB25: =M25/J25 -> 0.95333333
A26: 新豐7線 | B26: 微波主食 | C26: 二配粗飽系雞排炒飯(114年) | E26: 57.73 | F26: 1636 | G26: =E26*F26 -> 94446.28 | I26: 16 | J26: 1500 | K26: =J26/I26 -> 93.75 | L26: 16 | M26: =F26/V26*60 -> 1443.5294 | N26: =M26/L26 -> 90.220588 | O26: =L26-I26 -> 0 | P26: =N26-K26 -> -3.5294118 | Q26: =N26/K26 -> 0.96235294 | S26: 0.75069444 | T26: 0.79791667 | U26: =IF(S26=TIME(17,0,0),"",(S26-T25)*24*60) -> 7 | V26: =(T26-S26)*24*60 -> 68 | AA26: =M26-J26 -> -56.470588 | AB26: =M26/J26 -> 0.96235294
A27: 新豐7線 | B27: 微波主食 | C27: 二配泰式綠咖哩雞 | E27: 50.67 | F27: 2225 | G27: =E27*F27 -> 112740.75 | I27: 15 | J27: 2000 | K27: =J27/I27 -> 133.33333 | L27: 15 | M27: =F27/V27*60 -> 1907.1429 | N27: =M27/L27 -> 127.14286 | O27: =L27-I27 -> 0 | P27: =N27-K27 -> -6.1904762 | Q27: =N27/K27 -> 0.95357143 | S27: 0.80208333 | T27: 0.85069444 | U27: =IF(S27=TIME(17,0,0),"",(S27-T26)*24*60) -> 6 | V27: =(T27-S27)*24*60 -> 70 | AA27: =M27-J27 -> -92.857143 | AB27: =M27/J27 -> 0.95357143
A28: 新豐7線 | B28: 平均 | I28: 16.875 | J28: 1937.5 | K28: =J28/I28 -> 114.81481 | L28: 16.875 | M28: =AVERAGE(M20:M27) -> 1854.7584 | N28: =M28/L28 -> 109.91161 | O28: =L28-I28 -> 0 | P28: =N28-K28 -> -4.9032067 | Q28: =N28/K28 -> 0.95729465 | AA28: =M28-J28 -> -82.741612 | AB28: =M28/J28 -> 0.95729465
A29: 新豐8線 | B29: 三明治 | C29: 紐奧良風味烤雞鮮蔬三明治 | E29: 31.29 | F29: 5400 | G29: =E29*F29 -> 168966 | H29: 2 | I29: 18 | J29: 2400 | K29: =J29/I29 -> 133.33333 | L29: 18 | M29: =F29/V29*60 -> 2281.6901 | N29: =M29/L29 -> 126.76056 | O29: =L29-I29 -> 0 | P29: =N29-K29 -> -6.57277 | Q29: =N29/K29 -> 0.95070423 | R29: =Q37 -> 0.95677779 | S29: 0.083333333 | T29: 0.18194444 | V29: =(T29-S29)*24*60 -> 142 | W29: =T29 -> 0.18194444 | X29: =S30 -> 0.20138889 | AA29: =M29-J29 -> -118.30986 | AB29: =M29/J29 -> 0.95070423 | AC29: =AB37 -> 0.95677779
A30: 新豐8線 | B30: 三明治 | C30: 經典總匯三明治 | E30: 26.2 | F30: 3300 | G30: =E30*F30 -> 86460 | H30: 2 | I30: 20 | J30: 2400 | K30: =J30/I30 -> 120 | L30: 20 | M30: =F30/V30*60 -> 2302.3256 | N30: =M30/L30 -> 115.11628 | O30: =L30-I30 -> 0 | P30: =N30-K30 -> -4.8837209 | Q30: =N30/K30 -> 0.95930233 | S30: 0.20138889 | T30: 0.26111111 | U30: =(S30-T29)*24*60 -> 28 | V30: =(T30-S30)*24*60 -> 86 | AA30: =M30-J30 -> -97.674419 | AB30: =M30/J30 -> 0.95930233
A31: 新豐8線 | B31: 三明治 | C31: 雞蛋沙拉三明治(114年) | E31: 25.99 | F31: 3100 | G31: =E31*F31 -> 80569 | H31: 2 | I31: 14 | J31: 2400 | K31: =J31/I31 -> 171.42857 | L31: 14 | M31: =F31/V31*60 -> 2296.2963 | N31: =M31/L31 -> 164.02116 | O31: =L31-I31 -> 0 | P31: =N31-K31 -> -7.4074074 | Q31: =N31/K31 -> 0.95679012 | S31: 0.26527778 | T31: 0.32152778 | U31: =(S31-T30)*24*60 -> 6 | V31: =(T31-S31)*24*60 -> 81 | AA31: =M31-J31 -> -103.7037 | AB31: =M31/J31 -> 0.95679012
A32: 新豐8線 | B32: 三明治 | C32: 肉鬆火腿三明治 | E32: 20.52 | F32: 5242 | G32: =E32*F32 -> 107565.84 | I32: 18 | J32: 2400 | K32: =J32/I32 -> 133.33333 | L32: 18 | M32: =F32/V32*60 -> 2295.7664 | N32: =M32/L32 -> 127.54258 | O32: =L32-I32 -> 0 | P32: =N32-K32 -> -5.7907543 | Q32: =N32/K32 -> 0.95656934 | S32: 0.32569444 | T32: 0.42083333 | U32: =(S32-T31)*24*60 -> 6 | V32: =(T32-S32)*24*60 -> 137 | AA32: =M32-J32 -> -104.23358 | AB32: =M32/J32 -> 0.95656934
A33: 新豐8線 | B33: 三明治 | C33: 好多菜三明治(114年) | E33: 25.98 | F33: 5331 | G33: =E33*F33 -> 138499.38 | I33: 21 | J33: 2400 | K33: =J33/I33 -> 114.28571 | L33: 21 | M33: =F33/V33*60 -> 2284.7143 | N33: =M33/L33 -> 108.79592 | O33: =L33-I33 -> 0 | P33: =N33-K33 -> -5.4897959 | Q33: =N33/K33 -> 0.95196429 | S33: 0.42430556 | T33: 0.52152778 | U33: =(S33-T32)*24*60 -> 5 | V33: =(T33-S33)*24*60 -> 140 | W33: =T33 -> 0.52152778 | X33: =S34 -> 0.5625 | AA33: =M33-J33 -> -115.28571 | AB33: =M33/J33 -> 0.95196429
A34: 新豐8線 | B34: 三明治 | C34: 紐奧良風味烤雞鮮蔬三明治 | E34: 31.29 | F34: 4330 | G34: =E34*F34 -> 135485.7 | I34: 18 | J34: 2400 | K34: =J34/I34 -> 133.33333 | L34: 18 | M34: =F34/V34*60 -> 2299.115 | N34: =M34/L34 -> 127.72861 | O34: =L34-I34 -> 0 | P34: =N34-K34 -> -5.6047198 | Q34: =N34/K34 -> 0.9579646 | S34: 0.5625 | T34: 0.64097222 | U34: =(S34-T33)*24*60 -> 59 | V34: =(T34-S34)*24*60 -> 113 | AA34: =M34-J34 -> -100.88496 | AB34: =M34/J34 -> 0.9579646
A35: 新豐8線 | B35: 三明治 | C35: 經典總匯三明治 | E35: 26.2 | F35: 2380 | G35: =E35*F35 -> 62356 | I35: 20 | J35: 2400 | K35: =J35/I35 -> 120 | L35: 20 | M35: =F35/V35*60 -> 2303.2258 | N35: =M35/L35 -> 115.16129 | O35: =L35-I35 -> 0 | P35: =N35-K35 -> -4.8387097 | Q35: =N35/K35 -> 0.95967742 | S35: 0.64513889 | T35: 0.68819444 | U35: =(S35-T34)*24*60 -> 6 | V35: =(T35-S35)*24*60 -> 62 | AA35: =M35-J35 -> -96.774194 | AB35: =M35/J35 -> 0.95967742
A36: 新豐8線 | B36: 三明治 | C36: 雞蛋沙拉三明治(114年) | E36: 25.99 | F36: 2307 | G36: =E36*F36 -> 59958.93 | I36: 14 | J36: 2400 | K36: =J36/I36 -> 171.42857 | L36: 14 | M36: =F36/V36*60 -> 2307 | N36: =M36/L36 -> 164.78571 | O36: =L36-I36 -> 0 | P36: =N36-K36 -> -6.6428571 | Q36: =N36/K36 -> 0.96125 | S36: 0.69236111 | T36: 0.73402778 | U36: =(S36-T35)*24*60 -> 6 | V36: =(T36-S36)*24*60 -> 60 | AA36: =M36-J36 -> -93 | AB36: =M36/J36 -> 0.96125
A37: 新豐8線 | B37: 平均 | I37: 17.875 | J37: 2400 | K37: =J37/I37 -> 134.26573 | L37: 17.875 | M37: =AVERAGE(M29:M36) -> 2296.2667 | N37: =M37/L37 -> 128.46247 | O37: =L37-I37 -> 0 | P37: =N37-K37 -> -5.8032617 | Q37: =N37/K37 -> 0.95677779 | AA37: =M37-J37 -> -103.7333 | AB37: =M37/J37 -> 0.95677779
A38: 新豐9線 | B38: 三明治 | C38: 火腿起司蛋三明治 | E38: 19.02 | F38: 6000 | G38: =E38*F38 -> 114120 | H38: 2 | I38: 15 | J38: 2400 | K38: =J38/I38 -> 160 | L38: 15 | M38: =F38/V38*60 -> 2292.9936 | N38: =M38/L38 -> 152.86624 | O38: =L38-I38 -> 0 | P38: =N38-K38 -> -7.133758 | Q38: =N38/K38 -> 0.95541401 | R38: =Q46 -> 0.95635105 | S38: 0.083333333 | T38: 0.19236111 | V38: =(T38-S38)*24*60 -> 157 | W38: =T38 -> 0.19236111 | X38: =S39 -> 0.21180556 | AA38: =M38-J38 -> -107.00637 | AB38: =M38/J38 -> 0.95541401 | AC38: =AB46 -> 0.95635105
A39: 新豐9線 | B39: 三明治 | C39: 瘋狂起司三明治(113年) | E39: 24.45 | F39: 2652 | G39: =E39*F39 -> 64841.4 | I39: 20 | J39: 2400 | K39: =J39/I39 -> 120 | L39: 20 | M39: =F39/V39*60 -> 2306.087 | N39: =M39/L39 -> 115.30435 | O39: =L39-I39 -> 0 | P39: =N39-K39 -> -4.6956522 | Q39: =N39/K39 -> 0.96086957 | S39: 0.21180556 | T39: 0.25972222 | U39: =(S39-T38)*24*60 -> 28 | V39: =(T39-S39)*24*60 -> 69 | AA39: =M39-J39 -> -93.913043 | AB39: =M39/J39 -> 0.96086957
A40: 新豐9線 | B40: 三明治 | C40: 陽光地瓜總匯三明治 | E40: 26.18 | F40: 3124 | G40: =E40*F40 -> 81786.32 | I40: 19 | J40: 2400 | K40: =J40/I40 -> 126.31579 | L40: 19 | M40: =F40/V40*60 -> 2285.8537 | N40: =M40/L40 -> 120.30809 | O40: =L40-I40 -> 0 | P40: =N40-K40 -> -6.0077022 | Q40: =N40/K40 -> 0.95243902 | S40: 0.26527778 | T40: 0.32222222 | U40: =(S40-T39)*24*60 -> 8 | V40: =(T40-S40)*24*60 -> 82 | AA40: =M40-J40 -> -114.14634 | AB40: =M40/J40 -> 0.95243902
A41: 新豐9線 | B41: 三明治 | C41: 醬燒烤雞三明治 | E41: 26.39 | F41: 4100 | G41: =E41*F41 -> 108199 | H41: 2 | I41: 19 | J41: 2400 | K41: =J41/I41 -> 126.31579 | L41: 19 | M41: =F41/V41*60 -> 2299.0654 | N41: =M41/L41 -> 121.00344 | O41: =L41-I41 -> 0 | P41: =N41-K41 -> -5.3123463 | Q41: =N41/K41 -> 0.95794393 | S41: 0.32708333 | T41: 0.40138889 | U41: =(S41-T40)*24*60 -> 7 | V41: =(T41-S41)*24*60 -> 107 | AA41: =M41-J41 -> -100.93458 | AB41: =M41/J41 -> 0.95794393
A42: 新豐9線 | B42: 三明治 | C42: 切達海鮮雙饗三明治 | E42: 27.24 | F42: 4500 | G42: =E42*F42 -> 122580 | H42: 2 | I42: 16 | J42: 2400 | K42: =J42/I42 -> 150 | L42: 16 | M42: =F42/V42*60 -> 2288.1356 | N42: =M42/L42 -> 143.00847 | O42: =L42-I42 -> 0 | P42: =N42-K42 -> -6.9915254 | Q42: =N42/K42 -> 0.95338983 | S42: 0.40694444 | T42: 0.48888889 | U42: =(S42-T41)*24*60 -> 8 | V42: =(T42-S42)*24*60 -> 118 | W42: =T42 -> 0.48888889 | X42: =S43 -> 0.52916667 | AA42: =M42-J42 -> -111.86441 | AB42: =M42/J42 -> 0.95338983
A43: 新豐9線 | B43: 三明治 | C43: 切達海鮮雙饗三明治 | E43: 27.24 | F43: 3219 | G43: =E43*F43 -> 87685.56 | I43: 16 | J43: 2400 | K43: =J43/I43 -> 150 | L43: 16 | M43: =F43/V43*60 -> 2299.2857 | N43: =M43/L43 -> 143.70536 | O43: =L43-I43 -> 0 | P43: =N43-K43 -> -6.2946429 | Q43: =N43/K43 -> 0.95803571 | S43: 0.52916667 | T43: 0.5875 | U43: =(S43-T42)*24*60 -> 58 | V43: =(T43-S43)*24*60 -> 84 | AA43: =M43-J43 -> -100.71429 | AB43: =M43/J43 -> 0.95803571
A44: 新豐9線 | B44: 三明治 | C44: 醬燒烤雞三明治 | E44: 26.39 | F44: 2790 | G44: =E44*F44 -> 73628.1 | I44: 19 | J44: 2400 | K44: =J44/I44 -> 126.31579 | L44: 19 | M44: =F44/V44*60 -> 2293.1507 | N44: =M44/L44 -> 120.69214 | O44: =L44-I44 -> 0 | P44: =N44-K44 -> -5.6236482 | Q44: =N44/K44 -> 0.95547945 | S44: 0.59166667 | T44: 0.64236111 | U44: =(S44-T43)*24*60 -> 6 | V44: =(T44-S44)*24*60 -> 73 | AA44: =M44-J44 -> -106.84932 | AB44: =M44/J44 -> 0.95547945
A45: 新豐9線 | B45: 三明治 | C45: 火腿起司蛋三明治 | E45: 19.02 | F45: 4365 | G45: =E45*F45 -> 83022.3 | I45: 15 | J45: 2400 | K45: =J45/I45 -> 160 | L45: 15 | M45: =F45/V45*60 -> 2297.3684 | N45: =M45/L45 -> 153.15789 | O45: =L45-I45 -> 0 | P45: =N45-K45 -> -6.8421053 | Q45: =N45/K45 -> 0.95723684 | S45: 0.64791667 | T45: 0.72708333 | U45: =(S45-T44)*24*60 -> 8 | V45: =(T45-S45)*24*60 -> 114 | AA45: =M45-J45 -> -102.63158 | AB45: =M45/J45 -> 0.95723684
A46: 新豐9線 | B46: 平均 | I46: 17.375 | J46: 2400 | K46: =J46/I46 -> 138.1295 | L46: 17.375 | M46: =AVERAGE(M38:M45) -> 2295.2425 | N46: =M46/L46 -> 132.10029 | O46: =L46-I46 -> 0 | P46: =N46-K46 -> -6.0292081 | Q46: =N46/K46 -> 0.95635105 | AA46: =M46-J46 -> -104.75749 | AB46: =M46/J46 -> 0.95635105
A47: 新豐3線 | B47: 調理麵包 | C47: 豬肉起司堡 | E47: 21.13 | F47: 3400 | G47: =E47*F47 -> 71842 | H47: 2 | I47: 10 | J47: 3000 | K47: =J47/I47 -> 300 | L47: 10 | M47: =F47/V47*60 -> 2873.2394 | N47: =M47/L47 -> 287.32394 | O47: =L47-I47 -> 0 | P47: =N47-K47 -> -12.676056 | Q47: =N47/K47 -> 0.95774648 | R47: =Q56 -> 0.9582942 | S47: 0.083333333 | T47: 0.13263889 | V47: =(T47-S47)*24*60 -> 71 | W47: =T47 -> 0.13263889 | X47: =S48 -> 0.15416667 | AA47: =M47-J47 -> -126.76056 | AB47: =M47/J47 -> 0.95774648 | AC47: =AB56 -> 0.9582942
A48: 新豐3線 | B48: 調理麵包 | C48: 豬肉起司蛋堡 | E48: 27.17 | F48: 4300 | G48: =E48*F48 -> 116831 | H48: 2 | I48: 10 | J48: 3000 | K48: =J48/I48 -> 300 | L48: 10 | M48: =F48/V48*60 -> 2866.6667 | N48: =M48/L48 -> 286.66667 | O48: =L48-I48 -> 0 | P48: =N48-K48 -> -13.333333 | Q48: =N48/K48 -> 0.95555556 | S48: 0.15416667 | T48: 0.21666667 | U48: =(S48-T47)*24*60 -> 31 | V48: =(T48-S48)*24*60 -> 90 | AA48: =M48-J48 -> -133.33333 | AB48: =M48/J48 -> 0.95555556
A49: 新豐3線 | B49: 調理麵包 | C49: 經典雙牛起司堡(113年) | E49: 35.12 | F49: 4591 | G49: =E49*F49 -> 161235.92 | I49: 10 | J49: 3000 | K49: =J49/I49 -> 300 | L49: 10 | M49: =F49/V49*60 -> 2869.375 | N49: =M49/L49 -> 286.9375 | O49: =L49-I49 -> 0 | P49: =N49-K49 -> -13.0625 | Q49: =N49/K49 -> 0.95645833 | S49: 0.22013889 | T49: 0.28680556 | U49: =(S49-T48)*24*60 -> 5 | V49: =(T49-S49)*24*60 -> 96 | AA49: =M49-J49 -> -130.625 | AB49: =M49/J49 -> 0.95645833
A50: 新豐3線 | B50: 調理麵包 | C50: 美式雞腿堡 | E50: 35.87 | F50: 2912 | G50: =E50*F50 -> 104453.44 | I50: 9 | J50: 3000 | K50: =J50/I50 -> 333.33333 | L50: 9 | M50: =F50/V50*60 -> 2864.2623 | N50: =M50/L50 -> 318.25137 | O50: =L50-I50 -> 0 | P50: =N50-K50 -> -15.081967 | Q50: =N50/K50 -> 0.9547541 | S50: 0.29097222 | T50: 0.33333333 | U50: =(S50-T49)*24*60 -> 6 | V50: =(T50-S50)*24*60 -> 61 | AA50: =M50-J50 -> -135.7377 | AB50: =M50/J50 -> 0.9547541
A51: 新豐3線 | B51: 調理麵包 | C51: 泰式酸辣炸雞堡 | E51: 36.14 | F51: 1224 | G51: =E51*F51 -> 44235.36 | I51: 9 | J51: 3000 | K51: =J51/I51 -> 333.33333 | L51: 9 | M51: =F51/V51*60 -> 2937.6 | N51: =M51/L51 -> 326.4 | O51: =L51-I51 -> 0 | P51: =N51-K51 -> -6.9333333 | Q51: =N51/K51 -> 0.9792 | S51: 0.33888889 | T51: 0.35625 | U51: =(S51-T50)*24*60 -> 8 | V51: =(T51-S51)*24*60 -> 25 | AA51: =M51-J51 -> -62.4 | AB51: =M51/J51 -> 0.9792
A52: 新豐3線 | B52: 調理麵包 | C52: 厚豆腐蛋白蕈菇豬肉堡 | E52: 34.36 | F52: 2350 | G52: =E52*F52 -> 80746 | I52: 10 | J52: 3000 | K52: =J52/I52 -> 300 | L52: 10 | M52: =F52/V52*60 -> 2877.551 | N52: =M52/L52 -> 287.7551 | O52: =L52-I52 -> 0 | P52: =N52-K52 -> -12.244898 | Q52: =N52/K52 -> 0.95918367 | S52: 0.36041667 | T52: 0.39444444 | U52: =(S52-T51)*24*60 -> 6 | V52: =(T52-S52)*24*60 -> 49 | AA52: =M52-J52 -> -122.44898 | AB52: =M52/J52 -> 0.95918367
A53: 新豐3線 | B53: 調理麵包 | C53: 排骨雞起司炒麵麵包 | E53: 31 | F53: 3869 | G53: =E53*F53 -> 119939 | I53: 13 | J53: 2000 | K53: =J53/I53 -> 153.84615 | L53: 13 | M53: =F53/V53*60 -> 1902.7869 | N53: =M53/L53 -> 146.36822 | O53: =L53-I53 -> 0 | P53: =N53-K53 -> -7.4779319 | Q53: =N53/K53 -> 0.95139344 | S53: 0.4 | T53: 0.48472222 | U53: =(S53-T52)*24*60 -> 8 | V53: =(T53-S53)*24*60 -> 122 | W53: =T53 -> 0.48472222 | X53: =S54 -> 0.525 | AA53: =M53-J53 -> -97.213115 | AB53: =M53/J53 -> 0.95139344
A54: 新豐3線 | B54: 調理麵包 | C54: 豬肉起司蛋堡 | E54: 27.17 | F54: 3093 | G54: =E54*F54 -> 84036.81 | I54: 10 | J54: 3000 | K54: =J54/I54 -> 300 | L54: 10 | M54: =F54/V54*60 -> 2855.0769 | N54: =M54/L54 -> 285.50769 | O54: =L54-I54 -> 0 | P54: =N54-K54 -> -14.492308 | Q54: =N54/K54 -> 0.95169231 | S54: 0.525 | T54: 0.57013889 | U54: =(S54-T53)*24*60 -> 58 | V54: =(T54-S54)*24*60 -> 65 | AA54: =M54-J54 -> -144.92308 | AB54: =M54/J54 -> 0.95169231
A55: 新豐3線 | B55: 調理麵包 | C55: 豬肉起司堡 | E55: 21.13 | F55: 2104 | G55: =E55*F55 -> 44457.52 | I55: 10 | J55: 3000 | K55: =J55/I55 -> 300 | L55: 10 | M55: =F55/V55*60 -> 2869.0909 | N55: =M55/L55 -> 286.90909 | O55: =L55-I55 -> 0 | P55: =N55-K55 -> -13.090909 | Q55: =N55/K55 -> 0.95636364 | S55: 0.57361111 | T55: 0.60416667 | U55: =(S55-T54)*24*60 -> 5 | V55: =(T55-S55)*24*60 -> 44 | AA55: =M55-J55 -> -130.90909 | AB55: =M55/J55 -> 0.95636364
A56: 新豐3線 | B56: 平均 | I56: 10.111111 | J56: 2888.8889 | K56: =J56/I56 -> 285.71429 | L56: 10.111111 | M56: =AVERAGE(M47:M55) -> 2768.4055 | N56: =M56/L56 -> 273.79834 | O56: =L56-I56 -> 0 | P56: =N56-K56 -> -11.915944 | Q56: =N56/K56 -> 0.9582942 | AA56: =M56-J56 -> -120.48343 | AB56: =M56/J56 -> 0.9582942
A57: 新豐1線 | B57: 沙拉 | C57: 蔥鹽雞肉麵沙拉(114年) | E57: 46 | F57: 2459 | G57: =E57*F57 -> 113114 | I57: 17 | J57: 2000 | K57: =J57/I57 -> 117.64706 | L57: 17 | M57: =F57/V57*60 -> 1916.1039 | N57: =M57/L57 -> 112.71199 | O57: =L57-I57 -> 0 | P57: =N57-K57 -> -4.9350649 | Q57: =N57/K57 -> 0.95805195 | R57: =Q63 -> 0.95773214 | S57: 0.20833333 | T57: 0.26180556 | V57: =(T57-S57)*24*60 -> 77 | AA57: =M57-J57 -> -83.896104 | AB57: =M57/J57 -> 0.95805195 | AC57: =AB63 -> 0.95773214
A58: 新豐1線 | B58: 沙拉 | C58: 莎莎烤雞麵沙拉 | E58: 46 | F58: 2585 | G58: =E58*F58 -> 118910 | I58: 17 | J58: 2000 | K58: =J58/I58 -> 117.64706 | L58: 17 | M58: =F58/V58*60 -> 1914.8148 | N58: =M58/L58 -> 112.63617 | O58: =L58-I58 -> 0 | P58: =N58-K58 -> -5.0108932 | Q58: =N58/K58 -> 0.95740741 | S58: 0.26736111 | T58: 0.32361111 | U58: =IF(S58=TIME(17,0,0),"",(S58-T57)*24*60) -> 8 | V58: =(T58-S58)*24*60 -> 81 | AA58: =M58-J58 -> -85.185185 | AB58: =M58/J58 -> 0.95740741
A59: 新豐1線 | B59: 微波主食 | C59: 二配香辣醬蒜味香腸蛋炒飯 | E59: 55.56 | F59: 1965 | G59: =E59*F59 -> 109175.4 | I59: 17 | J59: 2000 | K59: =J59/I59 -> 117.64706 | L59: 17 | M59: =F59/V59*60 -> 1932.7869 | N59: =M59/L59 -> 113.69335 | O59: =L59-I59 -> 0 | P59: =N59-K59 -> -3.9537126 | Q59: =N59/K59 -> 0.96639344 | S59: 0.70833333 | T59: 0.75069444 | U59: =IF(S59=TIME(17,0,0),"",(S59-T58)*24*60) | V59: =(T59-S59)*24*60 -> 61 | AA59: =M59-J59 -> -67.213115 | AB59: =M59/J59 -> 0.96639344
A60: 新豐1線 | B60: 微波主食 | C60: 二配香拌海鮮醬肉絲蛋炒飯 | E60: 55.32 | F60: 1593 | G60: =E60*F60 -> 88124.76 | I60: 15 | J60: 2000 | K60: =J60/I60 -> 133.33333 | L60: 15 | M60: =F60/V60*60 -> 1911.6 | N60: =M60/L60 -> 127.44 | O60: =L60-I60 -> 0 | P60: =N60-K60 -> -5.8933333 | Q60: =N60/K60 -> 0.9558 | S60: 0.75416667 | T60: 0.78888889 | U60: =IF(S60=TIME(17,0,0),"",(S60-T59)*24*60) -> 5 | V60: =(T60-S60)*24*60 -> 50 | AA60: =M60-J60 -> -88.4 | AB60: =M60/J60 -> 0.9558
A61: 新豐1線 | B61: 微波主食 | C61: 二配起司控培根白醬焗烤飯 | E61: 53.68 | F61: 1000 | G61: =E61*F61 -> 53680 | H61: 2 | I61: 16 | J61: 1500 | K61: =J61/I61 -> 93.75 | L61: 16 | M61: =F61/V61*60 -> 1428.5714 | N61: =M61/L61 -> 89.285714 | O61: =L61-I61 -> 0 | P61: =N61-K61 -> -4.4642857 | Q61: =N61/K61 -> 0.95238095 | S61: 0.79444444 | T61: 0.82361111 | U61: =IF(S61=TIME(17,0,0),"",(S61-T60)*24*60) -> 8 | V61: =(T61-S61)*24*60 -> 42 | W61: =T61 -> 0.82361111 | X61: =S62 -> 0.86527778 | AA61: =M61-J61 -> -71.428571 | AB61: =M61/J61 -> 0.95238095
A62: 新豐1線 | B62: 微波主食 | C62: 二配起司控培根白醬焗烤飯 | E62: 53.68 | F62: 2433 | G62: =E62*F62 -> 130603.44 | I62: 16 | J62: 1500 | K62: =J62/I62 -> 93.75 | L62: 16 | M62: =F62/V62*60 -> 1431.1765 | N62: =M62/L62 -> 89.448529 | O62: =L62-I62 -> 0 | P62: =N62-K62 -> -4.3014706 | Q62: =N62/K62 -> 0.95411765 | S62: 0.86527778 | T62: 0.93611111 | U62: =IF(S62=TIME(17,0,0),"",(S62-T61)*24*60) -> 60 | V62: =(T62-S62)*24*60 -> 102 | AA62: =M62-J62 -> -68.823529 | AB62: =M62/J62 -> 0.95411765
A63: 新豐1線 | B63: 平均 | I63: 16.333333 | J63: 1833.3333 | K63: =J63/I63 -> 112.2449 | L63: 16.333333 | M63: =AVERAGE(M57:M62) -> 1755.8422 | N63: =M63/L63 -> 107.50055 | O63: =L63-I63 -> 0 | P63: =N63-K63 -> -4.7443521 | Q63: =N63/K63 -> 0.95773214 | AA63: =M63-J63 -> -77.491084 | AB63: =M63/J63 -> 0.95773214
A64: 新豐10線 | B64: 沙拉 | C64: 溏心蛋洋芋沙拉 | E64: 26.97 | F64: 3068 | G64: =E64*F64 -> 82743.96 | I64: 8 | J64: 1500 | K64: =J64/I64 -> 187.5 | L64: 8 | M64: =F64/V64*60 -> 1438.125 | N64: =M64/L64 -> 179.76563 | O64: =L64-I64 -> 0 | P64: =N64-K64 -> -7.734375 | Q64: =N64/K64 -> 0.95875 | R64: =Q68 -> 0.95777163 | S64: 0.20833333 | T64: 0.29722222 | V64: =(T64-S64)*24*60 -> 128 | AA64: =M64-J64 -> -61.875 | AB64: =M64/J64 -> 0.95875 | AC64: =AB68 -> 0.95777163
A65: 新豐10線 | B65: 調理麵包 | C65: 香雞蛋堡(112年) | E65: 26.78 | F65: 2827 | G65: =E65*F65 -> 75707.06 | I65: 10 | J65: 3000 | K65: =J65/I65 -> 300 | L65: 10 | M65: =F65/V65*60 -> 2874.9153 | N65: =M65/L65 -> 287.49153 | O65: =L65-I65 -> 0 | P65: =N65-K65 -> -12.508475 | Q65: =N65/K65 -> 0.95830508 | S65: 0.30069444 | T65: 0.34166667 | U65: =(S65-T64)*24*60 -> 5 | V65: =(T65-S65)*24*60 -> 59 | AA65: =M65-J65 -> -125.08475 | AB65: =M65/J65 -> 0.95830508
A66: 新豐10線 | B66: 調理麵包 | C66: 蜂蜜芥末辣雞堡 | E66: 37.88 | F66: 3151 | G66: =E66*F66 -> 119359.88 | I66: 10 | J66: 3000 | K66: =J66/I66 -> 300 | L66: 10 | M66: =F66/V66*60 -> 2864.5455 | N66: =M66/L66 -> 286.45455 | O66: =L66-I66 -> 0 | P66: =N66-K66 -> -13.545455 | Q66: =N66/K66 -> 0.95484848 | S66: 0.34652778 | T66: 0.39236111 | U66: =(S66-T65)*24*60 -> 7 | V66: =(T66-S66)*24*60 -> 66 | AA66: =M66-J66 -> -135.45455 | AB66: =M66/J66 -> 0.95484848
A67: 新豐10線 | B67: 調理麵包 | C67: 經典美式起司巨牛堡 | E67: 40.51 | F67: 2927 | G67: =E67*F67 -> 118572.77 | I67: 8 | J67: 3000 | K67: =J67/I67 -> 375 | L67: 8 | M67: =F67/V67*60 -> 2879.0164 | N67: =M67/L67 -> 359.87705 | O67: =L67-I67 -> 0 | P67: =N67-K67 -> -15.122951 | Q67: =N67/K67 -> 0.95967213 | S67: 0.39722222 | T67: 0.43958333 | U67: =(S67-T66)*24*60 -> 7 | V67: =(T67-S67)*24*60 -> 61 | AA67: =M67-J67 -> -120.98361 | AB67: =M67/J67 -> 0.95967213
A68: 新豐10線 | B68: 平均 | I68: 9 | J68: 2625 | K68: =J68/I68 -> 291.66667 | L68: 9 | M68: =AVERAGE(M64:M67) -> 2514.1505 | N68: =M68/L68 -> 279.35006 | O68: =L68-I68 -> 0 | P68: =N68-K68 -> -12.316608 | Q68: =N68/K68 -> 0.95777163 | AA68: =M68-J68 -> -110.84947 | AB68: =M68/J68 -> 0.95777163
A69: 新豐4線 | B69: 三明治 | C69: 香鬆起司蛋三明治(114年) | E69: 20.2 | F69: 2775 | G69: =E69*F69 -> 56055 | I69: 19 | J69: 2400 | K69: =J69/I69 -> 126.31579 | L69: 19 | M69: =F69/V69*60 -> 2312.5 | N69: =M69/L69 -> 121.71053 | O69: =L69-I69 -> 0 | P69: =N69-K69 -> -4.6052632 | Q69: =N69/K69 -> 0.96354167 | R69: =Q77 -> 0.95761219 | S69: 0.083333333 | T69: 0.13333333 | V69: =(T69-S69)*24*60 -> 72 | W69: =T69 -> 0.13333333 | X69: =S70 -> 0.15347222 | AA69: =M69-J69 -> -87.5 | AB69: =M69/J69 -> 0.96354167 | AC69: =AB77 -> 0.95761219
A70: 新豐4線 | B70: 三明治 | C70: 藍莓優格三明治(114年) | E70: 22.35 | F70: 2178 | G70: =E70*F70 -> 48678.3 | I70: 16 | J70: 2400 | K70: =J70/I70 -> 150 | L70: 16 | M70: =F70/V70*60 -> 2292.6316 | N70: =M70/L70 -> 143.28947 | O70: =L70-I70 -> 0 | P70: =N70-K70 -> -6.7105263 | Q70: =N70/K70 -> 0.95526316 | S70: 0.15347222 | T70: 0.19305556 | U70: =(S70-T69)*24*60 -> 29 | V70: =(T70-S70)*24*60 -> 57 | AA70: =M70-J70 -> -107.36842 | AB70: =M70/J70 -> 0.95526316
A71: 新豐4線 | B71: 三明治 | C71: 泰奶奶蓋QQ三明治 | E71: 24.25 | F71: 2955 | G71: =E71*F71 -> 71658.75 | I71: 13 | J71: 2400 | K71: =J71/I71 -> 184.61538 | L71: 13 | M71: =F71/V71*60 -> 2302.5974 | N71: =M71/L71 -> 177.12288 | O71: =L71-I71 -> 0 | P71: =N71-K71 -> -7.4925075 | Q71: =N71/K71 -> 0.95941558 | S71: 0.19652778 | T71: 0.25 | U71: =(S71-T70)*24*60 -> 5 | V71: =(T71-S71)*24*60 -> 77 | AA71: =M71-J71 -> -97.402597 | AB71: =M71/J71 -> 0.95941558
A72: 新豐4線 | B72: 三明治 | C72: 輕乳酪巧克力三明治 | E72: 20.52 | F72: 3646 | G72: =E72*F72 -> 74815.92 | I72: 18 | J72: 2400 | K72: =J72/I72 -> 133.33333 | L72: 18 | M72: =F72/V72*60 -> 2302.7368 | N72: =M72/L72 -> 127.92982 | O72: =L72-I72 -> 0 | P72: =N72-K72 -> -5.4035088 | Q72: =N72/K72 -> 0.95947368 | S72: 0.25486111 | T72: 0.32083333 | U72: =(S72-T71)*24*60 -> 7 | V72: =(T72-S72)*24*60 -> 95 | AA72: =M72-J72 -> -97.263158 | AB72: =M72/J72 -> 0.95947368
A73: 新豐4線 | B73: 三明治 | C73: 檸檬紅茶三明治 | E73: 21.68 | F73: 4500 | G73: =E73*F73 -> 97560 | H73: 2 | I73: 15 | J73: 2400 | K73: =J73/I73 -> 160 | L73: 15 | M73: =F73/V73*60 -> 2288.1356 | N73: =M73/L73 -> 152.54237 | O73: =L73-I73 -> 0 | P73: =N73-K73 -> -7.4576271 | Q73: =N73/K73 -> 0.95338983 | S73: 0.32430556 | T73: 0.40625 | U73: =(S73-T72)*24*60 -> 5 | V73: =(T73-S73)*24*60 -> 118 | AA73: =M73-J73 -> -111.86441 | AB73: =M73/J73 -> 0.95338983
A74: 新豐4線 | B74: 三明治 | C74: 經典火腿玉米蛋三明治 | E74: 24.43 | F74: 4200 | G74: =E74*F74 -> 102606 | H74: 2 | I74: 14 | J74: 2400 | K74: =J74/I74 -> 171.42857 | L74: 14 | M74: =F74/V74*60 -> 2290.9091 | N74: =M74/L74 -> 163.63636 | O74: =L74-I74 -> 0 | P74: =N74-K74 -> -7.7922078 | Q74: =N74/K74 -> 0.95454545 | S74: 0.41111111 | T74: 0.4875 | U74: =(S74-T73)*24*60 -> 7 | V74: =(T74-S74)*24*60 -> 110 | W74: =T74 -> 0.4875 | X74: =S75 -> 0.52638889 | AA74: =M74-J74 -> -109.09091 | AB74: =M74/J74 -> 0.95454545
A75: 新豐4線 | B75: 三明治 | C75: 經典火腿玉米蛋三明治 | E75: 24.43 | F75: 4324 | G75: =E75*F75 -> 105635.32 | I75: 14 | J75: 2400 | K75: =J75/I75 -> 171.42857 | L75: 14 | M75: =F75/V75*60 -> 2295.9292 | N75: =M75/L75 -> 163.99494 | O75: =L75-I75 -> 0 | P75: =N75-K75 -> -7.4336283 | Q75: =N75/K75 -> 0.95663717 | S75: 0.52638889 | T75: 0.60486111 | U75: =(S75-T74)*24*60 -> 56 | V75: =(T75-S75)*24*60 -> 113 | AA75: =M75-J75 -> -104.0708 | AB75: =M75/J75 -> 0.95663717
A76: 新豐4線 | B76: 三明治 | C76: 檸檬紅茶三明治 | E76: 21.68 | F76: 3221 | G76: =E76*F76 -> 69831.28 | I76: 15 | J76: 2400 | K76: =J76/I76 -> 160 | L76: 15 | M76: =F76/V76*60 -> 2300.7143 | N76: =M76/L76 -> 153.38095 | O76: =L76-I76 -> 0 | P76: =N76-K76 -> -6.6190476 | Q76: =N76/K76 -> 0.95863095 | S76: 0.60972222 | T76: 0.66805556 | U76: =(S76-T75)*24*60 -> 7 | V76: =(T76-S76)*24*60 -> 84 | AA76: =M76-J76 -> -99.285714 | AB76: =M76/J76 -> 0.95863095
A77: 新豐4線 | B77: 平均 | I77: 15.5 | J77: 2400 | K77: =J77/I77 -> 154.83871 | L77: 15.5 | M77: =AVERAGE(M69:M76) -> 2298.2692 | N77: =M77/L77 -> 148.27544 | O77: =L77-I77 -> 0 | P77: =N77-K77 -> -6.5632742 | Q77: =N77/K77 -> 0.95761219 | AA77: =M77-J77 -> -101.73075 | AB77: =M77/J77 -> 0.95761219

Sheet 1125
B1: 屏榮 新豐廠組合室生產人時性分析
B3: 日期 | C3: =TEXT('1125 4度C'!A2,"yyyy.mm.ddaaaa") -> 2025.11.25星期二 | E3: 訂單量 | F3: ='1125 4度C'!D1 -> 203365 | H3: 營業額 | I3: ='1125 4度C'!F1 -> 6722530.2
B4: 人時性 | C4: 項目 | E4: ➀ | G4: ➁ | I4: ➂
C5: 組合室 | E5: 全溫層 | G5: 4度C-各編組展開 | I5: ③三明治-各編組展開
C6: 排關平均 | E6: =AVERAGE(D13:M13) -> 156.2557 | F6: =AVERAGE(D27:O27,D13:J13) -> 162.18901 | G6: =AVERAGE(D13:J13) -> 162.18901 | I6: =AVERAGE(K13:M13) -> 142.41131
C7: 實績平均 | E7: =AVERAGE(D14:M14) -> 149.72174 | F7: =AVERAGE(D28:O28,D14:J14) -> 155.51473 | G7: =AVERAGE(D14:J14) -> 155.51473 | I7: =AVERAGE(K14:M14) -> 136.20477
C8: 達成率平均 | E8: =AVERAGE(D15:M15) -> 0.95825701 | F8: =AVERAGE(D15:J15,D29:O29) -> 0.95905016 | G8: =AVERAGE(D15:J15) -> 0.95905016 | I8: =AVERAGE(K15:M15) -> 0.95640633 | K8: ※現行日本鮮食廠以達成率80%為基本(即為現行KPI)
B10: 溫層 | D10: ➁4度C-各編組展開 | K10: ③三明治-各編組展開
B11: 編組 | D11: 1 | E11: 2 | F11: 3 | G11: 4 | H11: 5 | I11: 6 | J11: 7 | K11: 1 | L11: 2 | M11: 3
D12: 新豐6線 | E12: 新豐2線 | F12: 新豐5線 | G12: 新豐7線 | H12: 新豐3線 | I12: 新豐1線 | J12: 新豐10線 | K12: 新豐8線 | L12: 新豐9線 | M12: 新豐4線
B13: 人時性 | C13: 排關 | D13: =SUMIFS('1125 4度C'!$K:$K,'1125 4度C'!$A:$A,"新豐6線",'1125 4度C'!$B:$B,"平均") -> 137.93103 | E13: =SUMIFS('1125 4度C'!$K:$K,'1125 4度C'!$A:$A,"新豐2線",'1125 4度C'!$B:$B,"平均") -> 81.081081 | F13: =SUMIFS('1125 4度C'!$K:$K,'1125 4度C'!$A:$A,"新豐5線",'1125 4度C'!$B:$B,"平均") -> 109.21986 | G13: =SUMIFS('1125 4度C'!$K:$K,'1125 4度C'!$A:$A,"新豐7線",'1125 4度C'!$B:$B,"平均") -> 116.66667 | H13: =SUMIFS('1125 4度C'!$K:$K,'1125 4度C'!$A:$A,"新豐3線",'1125 4度C'!$B:$B,"平均") -> 285.71429 | I13: =SUMIFS('1125 4度C'!$K:$K,'1125 4度C'!$A:$A,"新豐1線",'1125 4度C'!$B:$B,"平均") -> 113.04348 | J13: =SUMIFS('1125 4度C'!$K:$K,'1125 4度C'!$A:$A,"新豐10線",'1125 4度C'!$B:$B,"平均") -> 291.66667 | K13: =SUMIFS('1125 4度C'!$K:$K,'1125 4度C'!$A:$A,"新豐8線",'1125 4度C'!$B:$B,"平均") -> 134.26573 | L13: =SUMIFS('1125 4度C'!$K:$K,'1125 4度C'!$A:$A,"新豐9線",'1125 4度C'!$B:$B,"平均") -> 138.1295 | M13: =SUMIFS('1125 4度C'!$K:$K,'1125 4度C'!$A:$A,"新豐4線",'1125 4度C'!$B:$B,"平均") -> 154.83871
C14: 實績 | D14: =SUMIFS('1125 4度C'!$N:$N,'1125 4度C'!$A:$A,"新豐6線",'1125 4度C'!$B:$B,"平均") -> 132.80423 | E14: =SUMIFS('1125 4度C'!$N:$N,'1125 4度C'!$A:$A,"新豐2線",'1125 4度C'!$B:$B,"平均") -> 77.531346 | F14: =SUMIFS('1125 4度C'!$N:$N,'1125 4度C'!$A:$A,"新豐5線",'1125 4度C'!$B:$B,"平均") -> 105.17154 | G14: =SUMIFS('1125 4度C'!$N:$N,'1125 4度C'!$A:$A,"新豐7線",'1125 4度C'!$B:$B,"平均") -> 111.73987 | H14: =SUMIFS('1125 4度C'!$N:$N,'1125 4度C'!$A:$A,"新豐3線",'1125 4度C'!$B:$B,"平均") -> 274.59022 | I14: =SUMIFS('1125 4度C'!$N:$N,'1125 4度C'!$A:$A,"新豐1線",'1125 4度C'!$B:$B,"平均") -> 108.25413 | J14: =SUMIFS('1125 4度C'!$N:$N,'1125 4度C'!$A:$A,"新豐10線",'1125 4度C'!$B:$B,"平均") -> 278.51179 | K14: =SUMIFS('1125 4度C'!$N:$N,'1125 4度C'!$A:$A,"新豐8線",'1125 4度C'!$B:$B,"平均") -> 128.35247 | L14: =SUMIFS('1125 4度C'!$N:$N,'1125 4度C'!$A:$A,"新豐9線",'1125 4度C'!$B:$B,"平均") -> 132.14215 | M14: =SUMIFS('1125 4度C'!$N:$N,'1125 4度C'!$A:$A,"新豐4線",'1125 4度C'!$B:$B,"平均") -> 148.11969
C15: 達成率 | D15: =D14/D13 -> 0.96283065 | E15: =E14/E13 -> 0.95621993 | F15: =F14/F13 -> 0.96293421 | G15: =G14/G13 -> 0.95777034 | H15: =H14/H13 -> 0.96106576 | I15: =I14/I13 -> 0.95763265 | J15: =J14/J13 -> 0.95489757 | K15: =K14/K13 -> 0.95595852 | ... M15: =M14/M13 -> 0.95660636
B16: 作業 時間 | C16: 開始 | D16: =VLOOKUP("新豐6線",'1125 4度C'!$A:$T,19,0) -> 0.70833333 | E16: =VLOOKUP("新豐2線",'1125 4度C'!$A:$T,19,0) -> 0.20833333 | F16: =VLOOKUP("新豐5線",'1125 4度C'!$A:$T,19,0) -> 0.125 | G16: =VLOOKUP("新豐7線",'1125 4度C'!$A:$T,19,0) -> 0.20833333 | H16: =VLOOKUP("新豐3線",'1125 4度C'!$A:$T,19,0) -> 0.083333333 | I16: =VLOOKUP("新豐1線",'1125 4度C'!$A:$T,19,0) -> 0.20833333 | J16: =VLOOKUP("新豐10線",'1125 4度C'!$A:$T,19,0) -> 0.20833333 | K16: =VLOOKUP("新豐8線",'1125 4度C'!$A:$T,19,0) -> 0.083333333 | L16: =VLOOKUP("新豐9線",'1125 4度C'!$A:$T,19,0) -> 0.083333333 | M16: =VLOOKUP("新豐4線",'1125 4度C'!$A:$T,19,0) -> 0.083333333
C17: 結束 | D17: =LOOKUP(2,1/(('1125 4度C'!$A:$A="新豐6線")*('1125 4度C'!$T:$T<>"")),'1125 4度C'!$T:$T) -> 0.92291667 | E17: =LOOKUP(2,1/(('1125 4度C'!$A:$A="新豐2線")*('1125 4度C'!$T:$T<>"")),'1125 4度C'!$T:$T) -> 0.45902778 | F17: =LOOKUP(2,1/(('1125 4度C'!$A:$A="新豐5線")*('1125 4度C'!$T:$T<>"")),'1125 4度C'!$T:$T) -> 0.93055556 | G17: =LOOKUP(2,1/(('1125 4度C'!$A:$A="新豐7線")*('1125 4度C'!$T:$T<>"")),'1125 4度C'!$T:$T) -> 0.91319444 | H17: =LOOKUP(2,1/(('1125 4度C'!$A:$A="新豐3線")*('1125 4度C'!$T:$T<>"")),'1125 4度C'!$T:$T) -> 0.60902778 | I17: =LOOKUP(2,1/(('1125 4度C'!$A:$A="新豐1線")*('1125 4度C'!$T:$T<>"")),'1125 4度C'!$T:$T) -> 0.96805556 | J17: =LOOKUP(2,1/(('1125 4度C'!$A:$A="新豐10線")*('1125 4度C'!$T:$T<>"")),'1125 4度C'!$T:$T) -> 0.44722222 | K17: =LOOKUP(2,1/(('1125 4度C'!$A:$A="新豐8線")*('1125 4度C'!$T:$T<>"")),'1125 4度C'!$T:$T) -> 0.73680556 | L17: =LOOKUP(2,1/(('1125 4度C'!$A:$A="新豐9線")*('1125 4度C'!$T:$T<>"")),'1125 4度C'!$T:$T) -> 0.77569444 | M17: =LOOKUP(2,1/(('1125 4度C'!$A:$A="新豐4線")*('1125 4度C'!$T:$T<>"")),'1125 4度C'!$T:$T) -> 0.72013889
B18: 配置人數 | D18: =SUMIFS('1125 4度C'!$I:$I,'1125 4度C'!$A:$A,"新豐6線",'1125 4度C'!$B:$B,"平均") -> 14.5 | E18: =SUMIFS('1125 4度C'!$I:$I,'1125 4度C'!$A:$A,"新豐2線",'1125 4度C'!$B:$B,"平均") -> 18.5 | F18: =SUMIFS('1125 4度C'!$I:$I,'1125 4度C'!$A:$A,"新豐5線",'1125 4度C'!$B:$B,"平均") -> 17.625 | G18: =SUMIFS('1125 4度C'!$I:$I,'1125 4度C'!$A:$A,"新豐7線",'1125 4度C'!$B:$B,"平均") -> 16.666667 | H18: =SUMIFS('1125 4度C'!$I:$I,'1125 4度C'!$A:$A,"新豐3線",'1125 4度C'!$B:$B,"平均") -> 10.111111 | I18: =SUMIFS('1125 4度C'!$I:$I,'1125 4度C'!$A:$A,"新豐1線",'1125 4度C'!$B:$B,"平均") -> 16.428571 | J18: =SUMIFS('1125 4度C'!$I:$I,'1125 4度C'!$A:$A,"新豐10線",'1125 4度C'!$B:$B,"平均") -> 9 | K18: =SUMIFS('1125 4度C'!$I:$I,'1125 4度C'!$A:$A,"新豐8線",'1125 4度C'!$B:$B,"平均") -> 17.875 | L18: =SUMIFS('1125 4度C'!$I:$I,'1125 4度C'!$A:$A,"新豐9線",'1125 4度C'!$B:$B,"平均") -> 17.375 | M18: =SUMIFS('1125 4度C'!$I:$I,'1125 4度C'!$A:$A,"新豐4線",'1125 4度C'!$B:$B,"平均") -> 15.5
B19: 主要應用設備 | D19: ET-55 | E19: 熱縮爐 | F19: L型包裝機 | G19: L型包裝機 | H19: 伺服包裝機 | I19: ET-55 | J19: 伺服包裝機 | K19: 三明治包裝機 | L19: 三明治包裝機 | M19: 三明治包裝機
B20: 次要應用設備 | F20: 圓盤機 | G20: ET-55
B21: 備註 | E21: 握沙拉 | F21: 共用L型包裝機 | H21: 調理麵包 | I21: 炒飯+沙拉 | J21: 調理麵包

Sheet 1125 4度C
A1: 新豐廠四度C日報分析 | C1: 總生產量 | D1: =SUM(F5:F81) -> 203365 | E1: 營業額 | F1: =SUM(G5:G81) -> 6722530.2 | G1: 出勤人數 | H1: =L9+L12+L59+L67+L21+L72+L40+L49+L31+L81 -> 153.58135 | I1: 產線配置圖 | L1: 生產實績 | O1: 人時性差異分析 | S1: 日報登錄 | Y1: 分析說明 | AA1: 產能差異分析
A2: 45986 | B2: 星期二 | C2: 人時性 | D2: =AVERAGE(N9,N12,N59,N67,N21,N72,N31,N40,N49,N81) -> 149.72174 | E2: 平均廠價 | F2: =F1/D1 -> 33.056476 | G2: 多次生產數 | H2: =COUNT(H5:H81) -> 16
A3: 線別 | B3: 品類 | C3: 品名 | E3: 廠價 | F3: 生產量 | G3: 營收 | H3: 多次 生產 | I3: 人數 | J3: 產能/時 | K3: 人時性 | L3: 人數 | M3: 產能/時 | N3: 人時性 | O3: 人數 | P3: 人時性 | Q3: 達成率 | R3: 達成率平均 | S3: 生產時間 | U3: 換線、休息/分 | V3: 稼動時間/分 | W3: 休息時間 | Y3: (新豐回填) | AA3: 產能/時 | AB3: 達成率 | AC3: 達成率平均
S4: 開始 | T4: 結束 | W4: 開始 | X4: 結束
A5: 新豐6線 | B5: 微波主食 | C5: 二配港式香滑嫩蛋牛肉燴飯 | E5: 50.67 | F5: 1821 | G5: =E5*F5 -> 92270.07 | I5: 17 | J5: 2000 | K5: =J5/I5 -> 117.64706 | L5: 17 | M5: =F5/V5*60 -> 1916.8421 | N5: =M5/L5 -> 112.75542 | O5: =L5-I5 -> 0 | P5: =N5-K5 -> -4.8916409 | Q5: =N5/K5 -> 0.95842105 | R5: =Q9 -> 0.96283065 | S5: 0.70833333 | T5: 0.74791667 | V5: =(T5-S5)*24*60 -> 57 | AA5: =M5-J5 -> -83.157895 | AB5: =M5/J5 -> 0.95842105 | AC5: =AB9 -> 0.96283065
A6: 新豐6線 | B6: 微波主食 | C6: 二配川味麻婆燒豆腐燴飯 | E6: 50.49 | F6: 2019 | G6: =E6*F6 -> 101939.31 | I6: 15 | J6: 2000 | K6: =J6/I6 -> 133.33333 | L6: 15 | M6: =F6/V6*60 -> 1922.8571 | N6: =M6/L6 -> 128.19048 | O6: =L6-I6 -> 0 | P6: =N6-K6 -> -5.1428571 | Q6: =N6/K6 -> 0.96142857 | S6: 0.75138889 | T6: 0.79513889 | U6: =IF(S6=TIME(17,0,0),"",(S6-T5)*24*60) -> 5 | V6: =(T6-S6)*24*60 -> 63 | AA6: =M6-J6 -> -77.142857 | AB6: =M6/J6 -> 0.96142857
A7: 新豐6線 | B7: 微波主食 | C7: 二配厚香料咖哩雞排飯 | E7: 57.3 | F7: 1200 | G7: =E7*F7 -> 68760 | H7: 2 | I7: 13 | J7: 2000 | K7: =J7/I7 -> 153.84615 | L7: 13 | M7: =F7/V7*60 -> 1945.9459 | N7: =M7/L7 -> 149.68815 | O7: =L7-I7 -> 0 | P7: =N7-K7 -> -4.1580042 | Q7: =N7/K7 -> 0.97297297 | S7: 0.80069444 | T7: 0.82638889 | U7: =IF(S7=TIME(17,0,0),"",(S7-T6)*24*60) -> 8 | V7: =(T7-S7)*24*60 -> 37 | W7: =T7 -> 0.82638889 | X7: =S8 -> 0.86736111 | AA7: =M7-J7 -> -54.054054 | AB7: =M7/J7 -> 0.97297297
A8: 新豐6線 | B8: 微波主食 | C8: 二配厚香料咖哩雞排飯 | E8: 57.3 | F8: 2556 | G8: =E8*F8 -> 146458.8 | I8: 13 | J8: 2000 | K8: =J8/I8 -> 153.84615 | L8: 13 | M8: =F8/V8*60 -> 1917 | N8: =M8/L8 -> 147.46154 | O8: =L8-I8 -> 0 | P8: =N8-K8 -> -6.3846154 | Q8: =N8/K8 -> 0.9585 | S8: 0.86736111 | T8: 0.92291667 | U8: =IF(S8=TIME(17,0,0),"",(S8-T7)*24*60) -> 59 | V8: =(T8-S8)*24*60 -> 80 | AA8: =M8-J8 -> -83 | AB8: =M8/J8 -> 0.9585
A9: 新豐6線 | B9: 平均 | I9: 14.5 | J9: 2000 | K9: =J9/I9 -> 137.93103 | L9: 14.5 | M9: =AVERAGE(M5:M8) -> 1925.6613 | N9: =M9/L9 -> 132.80423 | O9: =L9-I9 -> 0 | P9: =N9-K9 -> -5.126807 | Q9: =N9/K9 -> 0.96283065 | AA9: =M9-J9 -> -74.338701 | AB9: =M9/J9 -> 0.96283065
A10: 新豐2線 | B10: 沙拉 | C10: 韓式泡菜豆腐握沙拉 | E10: 39.36 | F10: 1560 | G10: =E10*F10 -> 61401.6 | I10: 20 | J10: 1500 | K10: =J10/I10 -> 75 | L10: 20 | M10: =F10/V10*60 -> 1440 | N10: =M10/L10 -> 72 | O10: =L10-I10 -> 0 | P10: =N10-K10 -> -3 | Q10: =N10/K10 -> 0.96 | R10: =Q12 -> 0.95621993 | S10: 0.20833333 | T10: 0.25347222 | V10: =(T10-S10)*24*60 -> 65 | AA10: =M10-J10 -> -60 | AB10: =M10/J10 -> 0.96 | AC10: =AB12 -> 0.95621993
A11: 新豐2線 | B11: 沙拉 | C11: 青檸烤雞握沙拉(113年) | E11: 39.8 | F11: 6929 | G11: =E11*F11 -> 275774.2 | I11: 17 | J11: 1500 | K11: =J11/I11 -> 88.235294 | L11: 17 | M11: =F11/V11*60 -> 1428.6598 | N11: =M11/L11 -> 84.038811 | O11: =L11-I11 -> 0 | P11: =N11-K11 -> -4.1964827 | Q11: =N11/K11 -> 0.95243986 | S11: 0.25694444 | T11: 0.45902778 | U11: =IF(S11=TIME(17,0,0),"",(S11-T10)*24*60) -> 5 | V11: =(T11-S11)*24*60 -> 291 | AA11: =M11-J11 -> -71.340206 | AB11: =M11/J11 -> 0.95243986
A12: 新豐2線 | B12: 平均 | I12: 18.5 | J12: 1500 | K12: =J12/I12 -> 81.081081 | L12: 18.5 | M12: =AVERAGE(M10:M11) -> 1434.3299 | N12: =M12/L12 -> 77.531346 | O12: =L12-I12 -> 0 | P12: =N12-K12 -> -3.5497353 | Q12: =N12/K12 -> 0.95621993 | AA12: =M12-J12 -> -65.670103 | AB12: =M12/J12 -> 0.95621993
A13: 新豐5線 | B13: 小吃 | C13: 剝皮辣椒雞湯 | E13: 41 | F13: 2458 | G13: =E13*F13 -> 100778 | I13: 26 | J13: 1500 | K13: =J13/I13 -> 57.692308 | L13: 26 | M13: =F13/V13*60 -> 1431.8447 | N13: =M13/L13 -> 55.070948 | O13: =L13-I13 -> 0 | P13: =N13-K13 -> -2.6213592 | Q13: =N13/K13 -> 0.95456311 | R13: =Q21 -> 0.96293421 | S13: 0.125 | T13: 0.19652778 | V13: =(T13-S13)*24*60 -> 103 | W13: =T13 -> 0.19652778 | X13: =S14 -> 0.21805556 | AA13: =M13-J13 -> -68.15534 | AB13: =M13/J13 -> 0.95456311 | AC13: =AB21 -> 0.96293421
A14: 新豐5線 | B14: 沙拉 | C14: 青醬優格雞肉握沙拉(113年) | E14: 39.62 | F14: 4424 | G14: =E14*F14 -> 175278.88 | I14: 19 | J14: 1500 | K14: =J14/I14 -> 78.947368 | L14: 19 | M14: =F14/V14*60 -> 1434.8108 | N14: =M14/L14 -> 75.516358 | O14: =L14-I14 -> 0 | P14: =N14-K14 -> -3.43101 | Q14: =N14/K14 -> 0.95654054 | S14: 0.21805556 | T14: 0.34652778 | U14: =IF(S14=TIME(17,0,0),"",(S14-T13)*24*60) -> 31 | V14: =(T14-S14)*24*60 -> 185 | AA14: =M14-J14 -> -65.189189 | AB14: =M14/J14 -> 0.95654054
A15: 新豐5線 | B15: 三明治 | C15: 鮪魚起司溏心蛋三明治 | E15: 26.2 | F15: 7404 | G15: =E15*F15 -> 193984.8 | I15: 18 | J15: 2400 | K15: =J15/I15 -> 133.33333 | L15: 18 | M15: =F15/V15*60 -> 2289.8969 | N15: =M15/L15 -> 127.21649 | O15: =L15-I15 -> 0 | P15: =N15-K15 -> -6.1168385 | Q15: =N15/K15 -> 0.95412371 | S15: 0.35069444 | T15: 0.48541667 | U15: =IF(S15=TIME(17,0,0),"",(S15-T14)*24*60) -> 6 | V15: =(T15-S15)*24*60 -> 194 | AA15: =M15-J15 -> -110.10309 | AB15: =M15/J15 -> 0.95412371
A16: 新豐5線 | B16: 微波主食 | C16: 二配金咖哩濃厚辛口咖哩飯 | E16: 50.98 | F16: 2000 | G16: =E16*F16 -> 101960 | H16: 2 | I16: 16 | J16: 2000 | K16: =J16/I16 -> 125 | L16: 16 | M16: =F16/V16*60 -> 1935.4839 | N16: =M16/L16 -> 120.96774 | O16: =L16-I16 -> 0 | P16: =N16-K16 -> -4.0322581 | Q16: =N16/K16 -> 0.96774194 | S16: 0.70833333 | T16: 0.75138889 | U16: =IF(S16=TIME(17,0,0),"",(S16-T15)*24*60) | V16: =(T16-S16)*24*60 -> 62 | AA16: =M16-J16 -> -64.516129 | AB16: =M16/J16 -> 0.96774194
A17: 新豐5線 | B17: 微波主食 | C17: 二配金咖哩果香甘口咖哩飯 | E17: 50.92 | F17: 1000 | G17: =E17*F17 -> 50920 | H17: 2 | I17: 15 | J17: 2000 | K17: =J17/I17 -> 133.33333 | L17: 15 | M17: =F17/V17*60 -> 1935.4839 | N17: =M17/L17 -> 129.03226 | O17: =L17-I17 -> 0 | P17: =N17-K17 -> -4.3010753 | Q17: =N17/K17 -> 0.96774194 | S17: 0.75625 | T17: 0.77777778 | U17: =IF(S17=TIME(17,0,0),"",(S17-T16)*24*60) -> 7 | V17: =(T17-S17)*24*60 -> 31 | AA17: =M17-J17 -> -64.516129 | AB17: =M17/J17 -> 0.96774194
A18: 新豐5線 | B18: 微波主食 | C18: 二配煸椒烘蛋飯 | E18: 46.93 | F18: 1076 | G18: =E18*F18 -> 50496.68 | I18: 16 | J18: 2000 | K18: =J18/I18 -> 125 | L18: 16 | M18: =F18/V18*60 -> 1956.3636 | N18: =M18/L18 -> 122.27273 | O18: =L18-I18 -> 0 | P18: =N18-K18 -> -2.7272727 | Q18: =N18/K18 -> 0.97818182 | S18: 0.78263889 | T18: 0.80555556 | U18: =IF(S18=TIME(17,0,0),"",(S18-T17)*24*60) -> 7 | V18: =(T18-S18)*24*60 -> 33 | W18: =T18 -> 0.80555556 | X18: =S19 -> 0.84652778 | AA18: =M18-J18 -> -43.636364 | AB18: =M18/J18 -> 0.97818182
A19: 新豐5線 | B19: 微波主食 | C19: 二配金咖哩果香甘口咖哩飯 | E19: 50.92 | F19: 2312 | G19: =E19*F19 -> 117727.04 | I19: 15 | J19: 2000 | K19: =J19/I19 -> 133.33333 | L19: 15 | M19: =F19/V19*60 -> 1926.6667 | N19: =M19/L19 -> 128.44444 | O19: =L19-I19 -> 0 | P19: =N19-K19 -> -4.8888889 | Q19: =N19/K19 -> 0.96333333 | S19: 0.84652778 | T19: 0.89652778 | U19: =IF(S19=TIME(17,0,0),"",(S19-T18)*24*60) -> 59 | V19: =(T19-S19)*24*60 -> 72 | AA19: =M19-J19 -> -73.333333 | AB19: =M19/J19 -> 0.96333333
A20: 新豐5線 | B20: 微波主食 | C20: 二配金咖哩濃厚辛口咖哩飯 | E20: 50.98 | F20: 1407 | G20: =E20*F20 -> 71728.86 | I20: 16 | J20: 2000 | K20: =J20/I20 -> 125 | L20: 16 | M20: =F20/V20*60 -> 1918.6364 | N20: =M20/L20 -> 119.91477 | O20: =L20-I20 -> 0 | P20: =N20-K20 -> -5.0852273 | Q20: =N20/K20 -> 0.95931818 | S20: 0.9 | T20: 0.93055556 | U20: =IF(S20=TIME(17,0,0),"",(S20-T19)*24*60) -> 5 | V20: =(T20-S20)*24*60 -> 44 | AA20: =M20-J20 -> -81.363636 | AB20: =M20/J20 -> 0.95931818
A21: 新豐5線 | B21: 平均 | I21: 17.625 | J21: 1925 | K21: =J21/I21 -> 109.21986 | L21: 17.625 | M21: =AVERAGE(M13:M20) -> 1853.6483 | N21: =M21/L21 -> 105.17154 | O21: =L21-I21 -> 0 | P21: =N21-K21 -> -4.0483207 | Q21: =N21/K21 -> 0.96293421 | AA21: =M21-J21 -> -71.351652 | AB21: =M21/J21 -> 0.96293421
A22: 新豐7線 | B22: 小吃 | C22: 古早味炒炊粉 | E22: 43.14 | F22: 1248 | G22: =E22*F22 -> 53838.72 | I22: 17 | J22: 2000 | K22: =J22/I22 -> 117.64706 | L22: 17 | M22: =F22/V22*60 -> 1920 | N22: =M22/L22 -> 112.94118 | O22: =L22-I22 -> 0 | P22: =N22-K22 -> -4.7058824 | Q22: =N22/K22 -> 0.96 | R22: =Q31 -> 0.95777034 | S22: 0.20833333 | T22: 0.23541667 | V22: =(T22-S22)*24*60 -> 39 | AA22: =M22-J22 -> -80 | AB22: =M22/J22 -> 0.96 | AC22: =AB31 -> 0.95777034
A23: 新豐7線 | B23: 熱食義麵 | C23: 麻婆豆腐波浪麵 | E23: 49.9 | F23: 1996 | G23: =E23*F23 -> 99600.4 | I23: 19 | J23: 2000 | K23: =J23/I23 -> 105.26316 | L23: 19 | M23: =F23/V23*60 -> 1931.6129 | N23: =M23/L23 -> 101.66384 | O23: =L23-I23 -> 0 | P23: =N23-K23 -> -3.5993209 | Q23: =N23/K23 -> 0.96580645 | S23: 0.23888889 | T23: 0.28194444 | U23: =IF(S23=TIME(17,0,0),"",(S23-T22)*24*60) -> 5 | V23: =(T23-S23)*24*60 -> 62 | AA23: =M23-J23 -> -68.387097 | AB23: =M23/J23 -> 0.96580645
A24: 新豐7線 | B24: 微波主食 | C24: 鐵板滑蛋炸豬排丼 | E24: 57.73 | F24: 2729 | G24: =E24*F24 -> 157545.17 | I24: 14 | J24: 2000 | K24: =J24/I24 -> 142.85714 | L24: 14 | M24: =F24/V24*60 -> 1903.9535 | N24: =M24/L24 -> 135.99668 | O24: =L24-I24 -> 0 | P24: =N24-K24 -> -6.8604651 | Q24: =N24/K24 -> 0.95197674 | S24: 0.2875 | T24: 0.34722222 | U24: =IF(S24=TIME(17,0,0),"",(S24-T23)*24*60) -> 8 | V24: =(T24-S24)*24*60 -> 86 | AA24: =M24-J24 -> -96.046512 | AB24: =M24/J24 -> 0.95197674
A25: 新豐7線 | B25: 微波主食 | C25: 極上炙烤親子丼 | E25: 53.68 | F25: 1697 | G25: =E25*F25 -> 91094.96 | I25: 16 | J25: 2000 | K25: =J25/I25 -> 125 | L25: 16 | M25: =F25/V25*60 -> 1921.1321 | N25: =M25/L25 -> 120.07075 | O25: =L25-I25 -> 0 | P25: =N25-K25 -> -4.9292453 | Q25: =N25/K25 -> 0.96056604 | S25: 0.35277778 | T25: 0.38958333 | U25: =IF(S25=TIME(17,0,0),"",(S25-T24)*24*60) -> 8 | V25: =(T25-S25)*24*60 -> 53 | AA25: =M25-J25 -> -78.867925 | AB25: =M25/J25 -> 0.96056604
A26: 新豐7線 | B26: 微波主食 | C26: 日式野菜烘蛋燴飯 | E26: 49.91 | F26: 1618 | G26: =E26*F26 -> 80754.38 | I26: 19 | J26: 2000 | K26: =J26/I26 -> 105.26316 | L26: 19 | M26: =F26/V26*60 -> 1903.5294 | N26: =M26/L26 -> 100.18576 | O26: =L26-I26 -> 0 | P26: =N26-K26 -> -5.0773994 | Q26: =N26/K26 -> 0.95176471 | S26: 0.39444444 | T26: 0.42986111 | U26: =IF(S26=TIME(17,0,0),"",(S26-T25)*24*60) -> 7 | V26: =(T26-S26)*24*60 -> 51 | AA26: =M26-J26 -> -96.470588 | AB26: =M26/J26 -> 0.95176471
A27: 新豐7線 | B27: 微波主食 | C27: 二配美味蟹煲 | E27: 54.09 | F27: 2067 | G27: =E27*F27 -> 111804.03 | I27: 19 | J27: 2000 | K27: =J27/I27 -> 105.26316 | L27: 19 | M27: =F27/V27*60 -> 1908 | N27: =M27/L27 -> 100.42105 | O27: =L27-I27 -> 0 | P27: =N27-K27 -> -4.8421053 | Q27: =N27/K27 -> 0.954 | S27: 0.70833333 | T27: 0.75347222 | U27: =IF(S27=TIME(17,0,0),"",(S27-T26)*24*60) | V27: =(T27-S27)*24*60 -> 65 | AA27: =M27-J27 -> -92 | AB27: =M27/J27 -> 0.954
A28: 新豐7線 | B28: 微波主食 | C28: 二配粗飽系雞排炒飯(114年) | E28: 57.73 | F28: 1879 | G28: =E28*F28 -> 108474.67 | I28: 16 | J28: 1500 | K28: =J28/I28 -> 93.75 | L28: 16 | M28: =F28/V28*60 -> 1445.3846 | N28: =M28/L28 -> 90.336538 | O28: =L28-I28 -> 0 | P28: =N28-K28 -> -3.4134615 | Q28: =N28/K28 -> 0.96358974 | S28: 0.75833333 | T28: 0.8125 | U28: =IF(S28=TIME(17,0,0),"",(S28-T27)*24*60) -> 7 | V28: =(T28-S28)*24*60 -> 78 | AA28: =M28-J28 -> -54.615385 | AB28: =M28/J28 -> 0.96358974
A29: 新豐7線 | B29: 微波主食 | C29: 二配泰式綠咖哩雞 | E29: 50.67 | F29: 800 | G29: =E29*F29 -> 40536 | H29: 2 | I29: 15 | J29: 2000 | K29: =J29/I29 -> 133.33333 | L29: 15 | M29: =F29/V29*60 -> 1920 | N29: =M29/L29 -> 128 | O29: =L29-I29 -> 0 | P29: =N29-K29 -> -5.3333333 | Q29: =N29/K29 -> 0.96 | S29: 0.81597222 | T29: 0.83333333 | U29: =IF(S29=TIME(17,0,0),"",(S29-T28)*24*60) -> 5 | V29: =(T29-S29)*24*60 -> 25 | W29: =T29 -> 0.83333333 | X29: =S30 -> 0.87361111 | AA29: =M29-J29 -> -80 | AB29: =M29/J29 -> 0.96
