Workbook

Sheet 0930
B1: 屏榮 新豐廠組合室生產人時性分析
B3: 日期 | C3: =TEXT('0930 4度C'!A2,"yyyy.mm.ddaaaa") -> 2025.09.30星期二 | E3: 訂單量 | F3: ='0930 4度C'!D1 -> 193383 | H3: 營業額 | I3: ='0930 4度C'!F1 -> 6240376.6
B4: 人時性 | C4: 項目 | E4: ➀ | G4: ➁ | I4: ➂
C5: 組合室 | E5: 全溫層 | G5: 4度C-各編組展開 | I5: ③三明治-各編組展開
C6: 排關平均 | E6: =AVERAGE(D13:M13) -> 150.7212 | F6: =AVERAGE(D27:O27,D13:J13) -> 156.36994 | G6: =AVERAGE(D13:J13) -> 156.36994 | I6: =AVERAGE(K13:M13) -> 137.54079
C7: 實績平均 | E7: =AVERAGE(D14:M14) -> 144.42422 | F7: =AVERAGE(D28:O28,D14:J14) -> 149.8658 | G7: =AVERAGE(D14:J14) -> 149.8658 | I7: =AVERAGE(K14:M14) -> 131.72718
C8: 達成率平均 | E8: =AVERAGE(D15:M15) -> 0.95830574 | F8: =AVERAGE(D15:J15,D29:O29) -> 0.95852973 | G8: =AVERAGE(D15:J15) -> 0.95852973 | I8: =AVERAGE(K15:M15) -> 0.9577831 | K8: ※現行日本鮮食廠以達成率80%為基本(即為現行KPI)
B10: 溫層 | D10: ➁4度C-各編組展開 | K10: ③三明治-各編組展開
B11: 編組 | D11: 1 | E11: 2 | F11: 3 | G11: 4 | H11: 5 | I11: 6 | J11: 7 | K11: 1 | L11: 2 | M11: 3
D12: 新豐6線 | E12: 新豐2線 | F12: 新豐5線 | G12: 新豐7線 | H12: 新豐3線 | I12: 新豐1線 | J12: 新豐10線 | K12: 新豐8線 | L12: 新豐9線 | M12: 新豐4線
B13: 人時性 | C13: 排關 | D13: =SUMIFS('0930 4度C'!$K:$K,'0930 4度C'!$A:$A,"新豐6線",'0930 4度C'!$B:$B,"平均") -> 125 | E13: =SUMIFS('0930 4度C'!$K:$K,'0930 4度C'!$A:$A,"新豐2線",'0930 4度C'!$B:$B,"平均") -> 83.333333 | F13: =SUMIFS('0930 4度C'!$K:$K,'0930 4度C'!$A:$A,"新豐5線",'0930 4度C'!$B:$B,"平均") -> 109.02778 | G13: =SUMIFS('0930 4度C'!$K:$K,'0930 4度C'!$A:$A,"新豐7線",'0930 4度C'!$B:$B,"平均") -> 120.48193 | H13: =SUMIFS('0930 4度C'!$K:$K,'0930 4度C'!$A:$A,"新豐3線",'0930 4度C'!$B:$B,"平均") -> 307.69231 | I13: =SUMIFS('0930 4度C'!$K:$K,'0930 4度C'!$A:$A,"新豐1線",'0930 4度C'!$B:$B,"平均") -> 117.34694 | J13: =SUMIFS('0930 4度C'!$K:$K,'0930 4度C'!$A:$A,"新豐10線",'0930 4度C'!$B:$B,"平均") -> 231.70732 | K13: =SUMIFS('0930 4度C'!$K:$K,'0930 4度C'!$A:$A,"新豐8線",'0930 4度C'!$B:$B,"平均") -> 130.04926 | L13: =SUMIFS('0930 4度C'!$K:$K,'0930 4度C'!$A:$A,"新豐9線",'0930 4度C'!$B:$B,"平均") -> 142.22222 | M13: =SUMIFS('0930 4度C'!$K:$K,'0930 4度C'!$A:$A,"新豐4線",'0930 4度C'!$B:$B,"平均") -> 140.35088
C14: 實績 | D14: =SUMIFS('0930 4度C'!$N:$N,'0930 4度C'!$A:$A,"新豐6線",'0930 4度C'!$B:$B,"平均") -> 120.39444 | E14: =SUMIFS('0930 4度C'!$N:$N,'0930 4度C'!$A:$A,"新豐2線",'0930 4度C'!$B:$B,"平均") -> 79.54728 | F14: =SUMIFS('0930 4度C'!$N:$N,'0930 4度C'!$A:$A,"新豐5線",'0930 4度C'!$B:$B,"平均") -> 104.71344 | G14: =SUMIFS('0930 4度C'!$N:$N,'0930 4度C'!$A:$A,"新豐7線",'0930 4度C'!$B:$B,"平均") -> 115.48148 | H14: =SUMIFS('0930 4度C'!$N:$N,'0930 4度C'!$A:$A,"新豐3線",'0930 4度C'!$B:$B,"平均") -> 294.49182 | I14: =SUMIFS('0930 4度C'!$N:$N,'0930 4度C'!$A:$A,"新豐1線",'0930 4度C'!$B:$B,"平均") -> 112.37001 | J14: =SUMIFS('0930 4度C'!$N:$N,'0930 4度C'!$A:$A,"新豐10線",'0930 4度C'!$B:$B,"平均") -> 222.06215 | K14: =SUMIFS('0930 4度C'!$N:$N,'0930 4度C'!$A:$A,"新豐8線",'0930 4度C'!$B:$B,"平均") -> 124.71978 | L14: =SUMIFS('0930 4度C'!$N:$N,'0930 4度C'!$A:$A,"新豐9線",'0930 4度C'!$B:$B,"平均") -> 135.5768 | M14: =SUMIFS('0930 4度C'!$N:$N,'0930 4度C'!$A:$A,"新豐4線",'0930 4度C'!$B:$B,"平均") -> 134.88497
C15: 達成率 | D15: =D14/D13 -> 0.96315556 | E15: =E14/E13 -> 0.95456736 | F15: =F14/F13 -> 0.96042901 | G15: =G14/G13 -> 0.95849632 | H15: =H14/H13 -> 0.95709842 | I15: =I14/I13 -> 0.95758794 | J15: =J14/J13 -> 0.95837348 | K15: =K14/K13 -> 0.95901949 | ... M15: =M14/M13 -> 0.96105543
B16: 作業 時間 | C16: 開始 | D16: =VLOOKUP("新豐6線",'0930 4度C'!$A:$T,19,0) -> 0.70833333 | E16: =VLOOKUP("新豐2線",'0930 4度C'!$A:$T,19,0) -> 0.20833333 | F16: =VLOOKUP("新豐5線",'0930 4度C'!$A:$T,19,0) -> 0.20833333 | G16: =VLOOKUP("新豐7線",'0930 4度C'!$A:$T,19,0) -> 0.20833333 | H16: =VLOOKUP("新豐3線",'0930 4度C'!$A:$T,19,0) -> 0.20833333 | I16: =VLOOKUP("新豐1線",'0930 4度C'!$A:$T,19,0) -> 0.29166667 | J16: =VLOOKUP("新豐10線",'0930 4度C'!$A:$T,19,0) -> 0.20833333 | K16: =VLOOKUP("新豐8線",'0930 4度C'!$A:$T,19,0) -> 0.125 | L16: =VLOOKUP("新豐9線",'0930 4度C'!$A:$T,19,0) -> 0.125 | M16: =VLOOKUP("新豐4線",'0930 4度C'!$A:$T,19,0) -> 0.125
C17: 結束 | D17: =LOOKUP(2,1/(('0930 4度C'!$A:$A="新豐6線")*('0930 4度C'!$T:$T<>"")),'0930 4度C'!$T:$T) -> 0.8375 | E17: =LOOKUP(2,1/(('0930 4度C'!$A:$A="新豐2線")*('0930 4度C'!$T:$T<>"")),'0930 4度C'!$T:$T) -> 0.62569444 | F17: =LOOKUP(2,1/(('0930 4度C'!$A:$A="新豐5線")*('0930 4度C'!$T:$T<>"")),'0930 4度C'!$T:$T) -> 0.85069444 | G17: =LOOKUP(2,1/(('0930 4度C'!$A:$A="新豐7線")*('0930 4度C'!$T:$T<>"")),'0930 4度C'!$T:$T) -> 0.775 | H17: =LOOKUP(2,1/(('0930 4度C'!$A:$A="新豐3線")*('0930 4度C'!$T:$T<>"")),'0930 4度C'!$T:$T) -> 0.64652778 | I17: =LOOKUP(2,1/(('0930 4度C'!$A:$A="新豐1線")*('0930 4度C'!$T:$T<>"")),'0930 4度C'!$T:$T) -> 0.85625 | J17: =LOOKUP(2,1/(('0930 4度C'!$A:$A="新豐10線")*('0930 4度C'!$T:$T<>"")),'0930 4度C'!$T:$T) -> 0.43125 | K17: =LOOKUP(2,1/(('0930 4度C'!$A:$A="新豐8線")*('0930 4度C'!$T:$T<>"")),'0930 4度C'!$T:$T) -> 0.77847222 | L17: =LOOKUP(2,1/(('0930 4度C'!$A:$A="新豐9線")*('0930 4度C'!$T:$T<>"")),'0930 4度C'!$T:$T) -> 0.77430556 | M17: =LOOKUP(2,1/(('0930 4度C'!$A:$A="新豐4線")*('0930 4度C'!$T:$T<>"")),'0930 4度C'!$T:$T) -> 0.68263889
B18: 配置人數 | D18: =SUMIFS('0930 4度C'!$I:$I,'0930 4度C'!$A:$A,"新豐6線",'0930 4度C'!$B:$B,"平均") -> 16 | E18: =SUMIFS('0930 4度C'!$I:$I,'0930 4度C'!$A:$A,"新豐2線",'0930 4度C'!$B:$B,"平均") -> 18 | F18: =SUMIFS('0930 4度C'!$I:$I,'0930 4度C'!$A:$A,"新豐5線",'0930 4度C'!$B:$B,"平均") -> 18 | G18: =SUMIFS('0930 4度C'!$I:$I,'0930 4度C'!$A:$A,"新豐7線",'0930 4度C'!$B:$B,"平均") -> 16.6 | H18: =SUMIFS('0930 4度C'!$I:$I,'0930 4度C'!$A:$A,"新豐3線",'0930 4度C'!$B:$B,"平均") -> 9.75 | I18: =SUMIFS('0930 4度C'!$I:$I,'0930 4度C'!$A:$A,"新豐1線",'0930 4度C'!$B:$B,"平均") -> 16.333333 | J18: =SUMIFS('0930 4度C'!$I:$I,'0930 4度C'!$A:$A,"新豐10線",'0930 4度C'!$B:$B,"平均") -> 10.25 | K18: =SUMIFS('0930 4度C'!$I:$I,'0930 4度C'!$A:$A,"新豐8線",'0930 4度C'!$B:$B,"平均") -> 18.454545 | L18: =SUMIFS('0930 4度C'!$I:$I,'0930 4度C'!$A:$A,"新豐9線",'0930 4度C'!$B:$B,"平均") -> 16.875 | M18: =SUMIFS('0930 4度C'!$I:$I,'0930 4度C'!$A:$A,"新豐4線",'0930 4度C'!$B:$B,"平均") -> 17.1
B19: 主要應用設備 | D19: ET-55 | E19: 熱縮爐 | F19: L型包裝機 | G19: L型包裝機 | H19: 伺服包裝機 | I19: ET-55 | J19: 伺服包裝機 | K19: 三明治包裝機 | L19: 三明治包裝機 | M19: 三明治包裝機
B20: 次要應用設備 | F20: 圓盤機 | G20: ET-55
B21: 備註 | E21: 握沙拉 | F21: 共用L型包裝機 | H21: 調理麵包 | I21: 炒飯+沙拉 | J21: 調理麵包

Sheet 0930 4度C
A1: 新豐廠四度C日報分析 | C1: 總生產量 | D1: =SUM(F5:F82) -> 193383 | E1: 營業額 | F1: =SUM(G5:G82) -> 6240376.6 | G1: 出勤人數 | H1: =L8+L12+L57+L64+L21+L69+L39+L48+L27+L82 -> 157.36288 | I1: 產線配置圖 | L1: 生產實績 | O1: 人時性差異分析 | S1: 日報登錄 | Y1: 分析說明 | AA1: 產能差異分析
A2: 45930 | B2: 星期二 | C2: 人時性 | D2: =AVERAGE(N8,N12,N57,N64,N21,N69,N27,N39,N48,N82) -> 144.42422 | E2: 平均廠價 | F2: =F1/D1 -> 32.26952 | G2: 多次生產數 | H2: =COUNT(H5:H82) -> 20
A3: 線別 | B3: 品類 | C3: 品名 | E3: 廠價 | F3: 生產量 | G3: 營收 | H3: 多次 生產 | I3: 人數 | J3: 產能/時 | K3: 人時性 | L3: 人數 | M3: 產能/時 | N3: 人時性 | O3: 人數 | P3: 人時性 | Q3: 達成率 | R3: 達成率平均 | S3: 生產時間 | U3: 換線、休息/分 | V3: 稼動時間/分 | W3: 休息時間 | Y3: (新豐回填) | AA3: 產能/時 | AB3: 達成率 | AC3: 達成率平均
S4: 開始 | T4: 結束 | W4: 開始 | X4: 結束
A5: 新豐6線 | B5: 微波主食 | C5: 二配煸椒烘蛋飯 | E5: 46.93 | F5: 1132 | G5: =E5*F5 -> 53124.76 | I5: 16 | J5: 2000 | K5: =J5/I5 -> 125 | L5: 16 | M5: =F5/V5*60 -> 1940.5714 | N5: =M5/L5 -> 121.28571 | O5: =L5-I5 -> 0 | P5: =N5-K5 -> -3.7142857 | Q5: =N5/K5 -> 0.97028571 | R5: =Q8 -> 0.96315556 | S5: 0.70833333 | T5: 0.73263889 | V5: =(T5-S5)*24*60 -> 35 | AA5: =M5-J5 -> -59.428571 | AB5: =M5/J5 -> 0.97028571 | AC5: =AB8 -> 0.96315556
A6: 新豐6線 | B6: 微波主食 | C6: 二配川味麻婆燒豆腐燴飯 | E6: 50.49 | F6: 2392 | G6: =E6*F6 -> 120772.08 | I6: 15 | J6: 2000 | K6: =J6/I6 -> 133.33333 | L6: 15 | M6: =F6/V6*60 -> 1913.6 | N6: =M6/L6 -> 127.57333 | O6: =L6-I6 -> 0 | P6: =N6-K6 -> -5.76 | Q6: =N6/K6 -> 0.9568 | S6: 0.7375 | T6: 0.78958333 | U6: =(S6-T5)*24*60 -> 7 | V6: =(T6-S6)*24*60 -> 75 | AA6: =M6-J6 -> -86.4 | AB6: =M6/J6 -> 0.9568
A7: 新豐6線 | B7: 微波主食 | C7: 二配港式香滑嫩蛋牛肉燴飯 | E7: 50.67 | F7: 2021 | G7: =E7*F7 -> 102404.07 | I7: 17 | J7: 2000 | K7: =J7/I7 -> 117.64706 | L7: 17 | M7: =F7/V7*60 -> 1924.7619 | N7: =M7/L7 -> 113.22129 | O7: =L7-I7 -> 0 | P7: =N7-K7 -> -4.4257703 | Q7: =N7/K7 -> 0.96238095 | S7: 0.79375 | T7: 0.8375 | U7: =(S7-T6)*24*60 -> 6 | V7: =(T7-S7)*24*60 -> 63 | AA7: =M7-J7 -> -75.238095 | AB7: =M7/J7 -> 0.96238095
A8: 新豐6線 | B8: 平均 | I8: 16 | J8: 2000 | K8: =J8/I8 -> 125 | L8: 16 | M8: =AVERAGE(M5:M7) -> 1926.3111 | N8: =M8/L8 -> 120.39444 | O8: =L8-I8 -> 0 | P8: =N8-K8 -> -4.6055556 | Q8: =N8/K8 -> 0.96315556 | AA8: =M8-J8 -> -73.688889 | AB8: =M8/J8 -> 0.96315556
A9: 新豐2線 | B9: 沙拉 | C9: 青檸烤雞握沙拉(113年) | E9: 39.8 | F9: 6000 | G9: =E9*F9 -> 238800 | H9: 2 | I9: 17 | J9: 1500 | K9: =J9/I9 -> 88.235294 | L9: 17 | M9: =F9/V9*60 -> 1428.5714 | N9: =M9/L9 -> 84.033613 | O9: =L9-I9 -> 0 | P9: =N9-K9 -> -4.2016807 | Q9: =N9/K9 -> 0.95238095 | R9: =Q12 -> 0.95456736 | S9: 0.20833333 | T9: 0.38333333 | V9: =(T9-S9)*24*60 -> 252 | AA9: =M9-J9 -> -71.428571 | AB9: =M9/J9 -> 0.95238095 | AC9: =AB12 -> 0.95456736
A10: 新豐2線 | B10: 沙拉 | C10: 韓式泡菜豆腐握沙拉 | E10: 39.36 | F10: 3560 | G10: =E10*F10 -> 140121.6 | I10: 20 | J10: 1500 | K10: =J10/I10 -> 75 | L10: 20 | M10: =F10/V10*60 -> 1433.557 | N10: =M10/L10 -> 71.677852 | O10: =L10-I10 -> 0 | P10: =N10-K10 -> -3.3221477 | Q10: =N10/K10 -> 0.9557047 | S10: 0.38888889 | T10: 0.49236111 | U10: =(S10-T9)*24*60 -> 8 | V10: =(T10-S10)*24*60 -> 149 | W10: =T10 -> 0.49236111 | X10: =S11 -> 0.575 | AA10: =M10-J10 -> -66.442953 | AB10: =M10/J10 -> 0.9557047
A11: 新豐2線 | B11: 沙拉 | C11: 青檸烤雞握沙拉(113年) | E11: 39.8 | F11: 1744 | G11: =E11*F11 -> 69411.2 | I11: 17 | J11: 1500 | K11: =J11/I11 -> 88.235294 | L11: 17 | M11: =F11/V11*60 -> 1433.4247 | N11: =M11/L11 -> 84.319098 | O11: =L11-I11 -> 0 | P11: =N11-K11 -> -3.9161966 | Q11: =N11/K11 -> 0.95561644 | S11: 0.575 | T11: 0.62569444 | U11: =(S11-T10)*24*60 -> 119 | V11: =(T11-S11)*24*60 -> 73 | AA11: =M11-J11 -> -66.575342 | AB11: =M11/J11 -> 0.95561644
A12: 新豐2線 | B12: 平均 | I12: 18 | J12: 1500 | K12: =J12/I12 -> 83.333333 | L12: 18 | M12: =AVERAGE(M9:M11) -> 1431.851 | N12: =M12/L12 -> 79.54728 | O12: =L12-I12 -> 0 | P12: =N12-K12 -> -3.7860531 | Q12: =N12/K12 -> 0.95456736 | AA12: =M12-J12 -> -68.148956 | AB12: =M12/J12 -> 0.95456736
A13: 新豐5線 | B13: 小吃 | C13: 剝皮辣椒雞湯 | E13: 41 | F13: 2111 | G13: =E13*F13 -> 86551 | I13: 26 | J13: 1500 | K13: =J13/I13 -> 57.692308 | L13: 26 | M13: =F13/V13*60 -> 1439.3182 | N13: =M13/L13 -> 55.358392 | O13: =L13-I13 -> 0 | P13: =N13-K13 -> -2.3339161 | Q13: =N13/K13 -> 0.95954545 | R13: =Q21 -> 0.96042901 | S13: 0.20833333 | T13: 0.26944444 | V13: =(T13-S13)*24*60 -> 88 | AA13: =M13-J13 -> -60.681818 | AB13: =M13/J13 -> 0.95954545 | AC13: =AB21 -> 0.96042901
A14: 新豐5線 | B14: 沙拉 | C14: 青醬優格雞肉握沙拉(113年) | E14: 39.62 | F14: 2800 | G14: =E14*F14 -> 110936 | H14: 2 | I14: 19 | J14: 1500 | K14: =J14/I14 -> 78.947368 | L14: 19 | M14: =F14/V14*60 -> 1435.8974 | N14: =M14/L14 -> 75.573549 | O14: =L14-I14 -> 0 | P14: =N14-K14 -> -3.3738192 | Q14: =N14/K14 -> 0.95726496 | S14: 0.27361111 | T14: 0.35486111 | U14: =IF(S14=TIME(17,0,0),"",(S14-T13)*24*60) -> 6 | V14: =(T14-S14)*24*60 -> 117 | AA14: =M14-J14 -> -64.102564 | AB14: =M14/J14 -> 0.95726496
A15: 新豐5線 | B15: 三明治 | C15: 瘋狂起司三明治(113年) | E15: 24.45 | F15: 1400 | G15: =E15*F15 -> 34230 | H15: 2 | I15: 20 | J15: 2400 | K15: =J15/I15 -> 120 | L15: 20 | M15: =F15/V15*60 -> 2333.3333 | N15: =M15/L15 -> 116.66667 | O15: =L15-I15 -> 0 | P15: =N15-K15 -> -3.3333333 | Q15: =N15/K15 -> 0.97222222 | S15: 0.35972222 | T15: 0.38472222 | U15: =IF(S15=TIME(17,0,0),"",(S15-T14)*24*60) -> 7 | V15: =(T15-S15)*24*60 -> 36 | AA15: =M15-J15 -> -66.666667 | AB15: =M15/J15 -> 0.97222222
A16: 新豐5線 | B16: 沙拉 | C16: 青醬優格雞肉握沙拉(113年) | E16: 39.62 | F16: 2326 | G16: =E16*F16 -> 92156.12 | I16: 19 | J16: 1500 | K16: =J16/I16 -> 78.947368 | L16: 19 | M16: =F16/V16*60 -> 1438.7629 | N16: =M16/L16 -> 75.724362 | O16: =L16-I16 -> 0 | P16: =N16-K16 -> -3.223006 | Q16: =N16/K16 -> 0.95917526 | S16: 0.38958333 | T16: 0.45694444 | U16: =IF(S16=TIME(17,0,0),"",(S16-T15)*24*60) -> 7 | V16: =(T16-S16)*24*60 -> 97 | W16: =T16 -> 0.45694444 | X16: =S17 -> 0.53819444 | AA16: =M16-J16 -> -61.237113 | AB16: =M16/J16 -> 0.95917526
A17: 新豐5線 | B17: 三明治 | C17: 泰奶奶蓋QQ三明治 | E17: 24.25 | F17: 2772 | G17: =E17*F17 -> 67221 | I17: 14 | J17: 2400 | K17: =J17/I17 -> 171.42857 | L17: 14 | M17: =F17/V17*60 -> 2310 | N17: =M17/L17 -> 165 | O17: =L17-I17 -> 0 | P17: =N17-K17 -> -6.4285714 | Q17: =N17/K17 -> 0.9625 | S17: 0.53819444 | T17: 0.58819444 | U17: =IF(S17=TIME(17,0,0),"",(S17-T16)*24*60) -> 117 | V17: =(T17-S17)*24*60 -> 72 | AA17: =M17-J17 -> -90 | AB17: =M17/J17 -> 0.9625
A18: 新豐5線 | B18: 三明治 | C18: 雞蛋沙拉三明治 | E18: 25 | F18: 2231 | G18: =E18*F18 -> 55775 | I18: 15 | J18: 2400 | K18: =J18/I18 -> 160 | L18: 15 | M18: =F18/V18*60 -> 2307.931 | N18: =M18/L18 -> 153.86207 | O18: =L18-I18 -> 0 | P18: =N18-K18 -> -6.137931 | Q18: =N18/K18 -> 0.96163793 | S18: 0.59375 | T18: 0.63402778 | U18: =IF(S18=TIME(17,0,0),"",(S18-T17)*24*60) -> 8 | V18: =(T18-S18)*24*60 -> 58 | AA18: =M18-J18 -> -92.068966 | AB18: =M18/J18 -> 0.96163793
A19: 新豐5線 | B19: 微波主食 | C19: 二配金咖哩濃厚辛辣咖哩飯 | E19: 50.98 | F19: 3055 | G19: =E19*F19 -> 155743.9 | I19: 16 | J19: 2000 | K19: =J19/I19 -> 125 | L19: 16 | M19: =F19/V19*60 -> 1909.375 | N19: =M19/L19 -> 119.33594 | O19: =L19-I19 -> 0 | P19: =N19-K19 -> -5.6640625 | Q19: =N19/K19 -> 0.9546875 | S19: 0.70833333 | T19: 0.775 | U19: =IF(S19=TIME(17,0,0),"",(S19-T18)*24*60) | V19: =(T19-S19)*24*60 -> 96 | AA19: =M19-J19 -> -90.625 | AB19: =M19/J19 -> 0.9546875
A20: 新豐5線 | B20: 微波主食 | C20: 二配金咖哩果香甘口咖哩飯 | E20: 50.92 | F20: 3237 | G20: =E20*F20 -> 164828.04 | I20: 15 | J20: 2000 | K20: =J20/I20 -> 133.33333 | L20: 15 | M20: =F20/V20*60 -> 1904.1176 | N20: =M20/L20 -> 126.94118 | O20: =L20-I20 -> 0 | P20: =N20-K20 -> -6.3921569 | Q20: =N20/K20 -> 0.95205882 | S20: 0.77986111 | T20: 0.85069444 | U20: =IF(S20=TIME(17,0,0),"",(S20-T19)*24*60) -> 7 | V20: =(T20-S20)*24*60 -> 102 | AA20: =M20-J20 -> -95.882353 | AB20: =M20/J20 -> 0.95205882
A21: 新豐5線 | B21: 平均 | I21: 18 | J21: 1962.5 | K21: =J21/I21 -> 109.02778 | L21: 18 | M21: =AVERAGE(M13:M20) -> 1884.8419 | N21: =M21/L21 -> 104.71344 | O21: =L21-I21 -> 0 | P21: =N21-K21 -> -4.3143367 | Q21: =N21/K21 -> 0.96042901 | AA21: =M21-J21 -> -77.65806 | AB21: =M21/J21 -> 0.96042901
A22: 新豐7線 | B22: 小吃 | C22: 古早味炒炊粉 | E22: 43.14 | F22: 1399 | G22: =E22*F22 -> 60352.86 | I22: 17 | J22: 2000 | K22: =J22/I22 -> 117.64706 | L22: 17 | M22: =F22/V22*60 -> 1907.7273 | N22: =M22/L22 -> 112.21925 | O22: =L22-I22 -> 0 | P22: =N22-K22 -> -5.4278075 | Q22: =N22/K22 -> 0.95386364 | R22: =Q27 -> 0.95849632 | S22: 0.20833333 | T22: 0.23888889 | V22: =(T22-S22)*24*60 -> 44 | AA22: =M22-J22 -> -92.272727 | AB22: =M22/J22 -> 0.95386364 | AC22: =AB27 -> 0.95849632
A23: 新豐7線 | B23: 微波主食 | C23: 鐵板滑蛋炸豬排丼 | E23: 57.73 | F23: 2997 | G23: =E23*F23 -> 173016.81 | I23: 15 | J23: 2000 | K23: =J23/I23 -> 133.33333 | L23: 15 | M23: =F23/V23*60 -> 1912.9787 | N23: =M23/L23 -> 127.53191 | O23: =L23-I23 -> 0 | P23: =N23-K23 -> -5.8014184 | Q23: =N23/K23 -> 0.95648936 | S23: 0.24444444 | T23: 0.30972222 | U23: =IF(S23=TIME(17,0,0),"",(S23-T22)*24*60) -> 8 | V23: =(T23-S23)*24*60 -> 94 | AA23: =M23-J23 -> -87.021277 | AB23: =M23/J23 -> 0.95648936
A24: 新豐7線 | B24: 微波主食 | C24: 極上炙烤親子丼 | E24: 53.68 | F24: 1963 | G24: =E24*F24 -> 105373.84 | I24: 16 | J24: 2000 | K24: =J24/I24 -> 125 | L24: 16 | M24: =F24/V24*60 -> 1930.8197 | N24: =M24/L24 -> 120.67623 | O24: =L24-I24 -> 0 | P24: =N24-K24 -> -4.3237705 | Q24: =N24/K24 -> 0.96540984 | S24: 0.31388889 | T24: 0.35625 | U24: =IF(S24=TIME(17,0,0),"",(S24-T23)*24*60) -> 6 | V24: =(T24-S24)*24*60 -> 61 | AA24: =M24-J24 -> -69.180328 | AB24: =M24/J24 -> 0.96540984
A25: 新豐7線 | B25: 微波主食 | C25: 白味噌壽喜燒飯 | E25: 53.27 | F25: 2055 | G25: =E25*F25 -> 109469.85 | I25: 16 | J25: 2000 | K25: =J25/I25 -> 125 | L25: 16 | M25: =F25/V25*60 -> 1926.5625 | N25: =M25/L25 -> 120.41016 | O25: =L25-I25 -> 0 | P25: =N25-K25 -> -4.5898438 | Q25: =N25/K25 -> 0.96328125 | S25: 0.36180556 | T25: 0.40625 | U25: =IF(S25=TIME(17,0,0),"",(S25-T24)*24*60) -> 8 | V25: =(T25-S25)*24*60 -> 64 | AA25: =M25-J25 -> -73.4375 | AB25: =M25/J25 -> 0.96328125
A26: 新豐7線 | B26: 微波主食 | C26: 二配美味蟹煲 | E26: 54.09 | F26: 3051 | G26: =E26*F26 -> 165028.59 | I26: 19 | J26: 2000 | K26: =J26/I26 -> 105.26316 | L26: 19 | M26: =F26/V26*60 -> 1906.875 | N26: =M26/L26 -> 100.36184 | O26: =L26-I26 -> 0 | P26: =N26-K26 -> -4.9013158 | Q26: =N26/K26 -> 0.9534375 | S26: 0.70833333 | T26: 0.775 | U26: =IF(S26=TIME(17,0,0),"",(S26-T25)*24*60) | V26: =(T26-S26)*24*60 -> 96 | AA26: =M26-J26 -> -93.125 | AB26: =M26/J26 -> 0.9534375
A27: 新豐7線 | B27: 平均 | I27: 16.6 | J27: 2000 | K27: =J27/I27 -> 120.48193 | L27: 16.6 | M27: =AVERAGE(M22:M26) -> 1916.9926 | N27: =M27/L27 -> 115.48148 | O27: =L27-I27 -> 0 | P27: =N27-K27 -> -5.0004438 | Q27: =N27/K27 -> 0.95849632 | AA27: =M27-J27 -> -83.007366 | AB27: =M27/J27 -> 0.95849632
A28: 新豐8線 | B28: 三明治 | C28: 經典總匯三明治 | E28: 26.2 | F28: 3200 | G28: =E28*F28 -> 83840 | H28: 2 | I28: 20 | J28: 2400 | K28: =J28/I28 -> 120 | L28: 20 | M28: =F28/V28*60 -> 2285.7143 | N28: =M28/L28 -> 114.28571 | O28: =L28-I28 -> 0 | P28: =N28-K28 -> -5.7142857 | Q28: =N28/K28 -> 0.95238095 | R28: =Q39 -> 0.95901949 | S28: 0.125 | T28: 0.18333333 | V28: =(T28-S28)*24*60 -> 84 | W28: =T28 -> 0.18333333 | X28: =S29 -> 0.20486111 | AA28: =M28-J28 -> -114.28571 | AB28: =M28/J28 -> 0.95238095 | AC28: =AB39 -> 0.95901949
A29: 新豐8線 | B29: 三明治 | C29: 紐奧良風味烤雞鮮蔬三明治 | E29: 31.29 | F29: 4400 | G29: =E29*F29 -> 137676 | H29: 2 | I29: 18 | J29: 2400 | K29: =J29/I29 -> 133.33333 | L29: 18 | M29: =F29/V29*60 -> 2295.6522 | N29: =M29/L29 -> 127.53623 | O29: =L29-I29 -> 0 | P29: =N29-K29 -> -5.7971014 | Q29: =N29/K29 -> 0.95652174 | S29: 0.20486111 | T29: 0.28472222 | U29: =(S29-T28)*24*60 -> 31 | V29: =(T29-S29)*24*60 -> 115 | AA29: =M29-J29 -> -104.34783 | AB29: =M29/J29 -> 0.95652174
A30: 新豐8線 | B30: 三明治 | C30: 雞蛋沙拉三明治 | E30: 25 | F30: 2700 | G30: =E30*F30 -> 67500 | H30: 2 | I30: 15 | J30: 2400 | K30: =J30/I30 -> 160 | L30: 15 | M30: =F30/V30*60 -> 2314.2857 | N30: =M30/L30 -> 154.28571 | O30: =L30-I30 -> 0 | P30: =N30-K30 -> -5.7142857 | Q30: =N30/K30 -> 0.96428571 | S30: 0.29027778 | T30: 0.33888889 | U30: =(S30-T29)*24*60 -> 8 | V30: =(T30-S30)*24*60 -> 70 | AA30: =M30-J30 -> -85.714286 | AB30: =M30/J30 -> 0.96428571
A31: 新豐8線 | B31: 三明治 | C31: 陽光地瓜總匯三明治 | E31: 26.18 | F31: 2800 | G31: =E31*F31 -> 73304 | H31: 2 | I31: 19 | J31: 2400 | K31: =J31/I31 -> 126.31579 | L31: 19 | M31: =F31/V31*60 -> 2301.3699 | N31: =M31/L31 -> 121.12473 | O31: =L31-I31 -> 0 | P31: =N31-K31 -> -5.1910598 | Q31: =N31/K31 -> 0.95890411 | S31: 0.34444444 | T31: 0.39513889 | U31: =(S31-T30)*24*60 -> 8 | V31: =(T31-S31)*24*60 -> 73 | AA31: =M31-J31 -> -98.630137 | AB31: =M31/J31 -> 0.95890411
A32: 新豐8線 | B32: 三明治 | C32: 好多菜三明治 | E32: 26.2 | F32: 2900 | G32: =E32*F32 -> 75980 | H32: 2 | I32: 19 | J32: 2400 | K32: =J32/I32 -> 126.31579 | L32: 19 | M32: =F32/V32*60 -> 2289.4737 | N32: =M32/L32 -> 120.49861 | O32: =L32-I32 -> 0 | P32: =N32-K32 -> -5.8171745 | Q32: =N32/K32 -> 0.95394737 | S32: 0.40069444 | T32: 0.45347222 | U32: =(S32-T31)*24*60 -> 8 | V32: =(T32-S32)*24*60 -> 76 | AA32: =M32-J32 -> -110.52632 | AB32: =M32/J32 -> 0.95394737
A33: 新豐8線 | B33: 三明治 | C33: 輕乳酪巧克力三明治 | E33: 20.52 | F33: 2300 | G33: =E33*F33 -> 47196 | H33: 2 | I33: 18 | J33: 2400 | K33: =J33/I33 -> 133.33333 | L33: 18 | M33: =F33/V33*60 -> 2300 | N33: =M33/L33 -> 127.77778 | O33: =L33-I33 -> 0 | P33: =N33-K33 -> -5.5555556 | Q33: =N33/K33 -> 0.95833333 | S33: 0.45763889 | T33: 0.49930556 | U33: =(S33-T32)*24*60 -> 6 | V33: =(T33-S33)*24*60 -> 60 | AA33: =M33-J33 -> -100 | AB33: =M33/J33 -> 0.95833333
A34: 新豐8線 | B34: 三明治 | C34: 紐奧良風味烤雞鮮蔬三明治 | E34: 31.29 | F34: 6311 | G34: =E34*F34 -> 197471.19 | I34: 18 | J34: 2400 | K34: =J34/I34 -> 133.33333 | L34: 18 | M34: =F34/V34*60 -> 2294.9091 | N34: =M34/L34 -> 127.49495 | O34: =L34-I34 -> 0 | P34: =N34-K34 -> -5.8383838 | Q34: =N34/K34 -> 0.95621212 | S34: 0.50347222 | T34: 0.61805556 | U34: =(S34-T33)*24*60 -> 6 | V34: =(T34-S34)*24*60 -> 165 | AA34: =M34-J34 -> -105.09091 | AB34: =M34/J34 -> 0.95621212
A35: 新豐8線 | B35: 三明治 | C35: 陽光地瓜總匯三明治 | E35: 26.18 | F35: 2039 | G35: =E35*F35 -> 53381.02 | I35: 19 | J35: 2400 | K35: =J35/I35 -> 126.31579 | L35: 19 | M35: =F35/V35*60 -> 2308.3019 | N35: =M35/L35 -> 121.48957 | O35: =L35-I35 -> 0 | P35: =N35-K35 -> -4.8262165 | Q35: =N35/K35 -> 0.96179245 | S35: 0.62361111 | T35: 0.66041667 | U35: =(S35-T34)*24*60 -> 8 | V35: =(T35-S35)*24*60 -> 53 | AA35: =M35-J35 -> -91.698113 | AB35: =M35/J35 -> 0.96179245
A36: 新豐8線 | B36: 三明治 | C36: 經典總匯三明治 | E36: 26.2 | F36: 2391 | G36: =E36*F36 -> 62644.2 | I36: 20 | J36: 2400 | K36: =J36/I36 -> 120 | L36: 20 | M36: =F36/V36*60 -> 2313.871 | N36: =M36/L36 -> 115.69355 | O36: =L36-I36 -> 0 | P36: =N36-K36 -> -4.3064516 | Q36: =N36/K36 -> 0.9641129 | S36: 0.66388889 | T36: 0.70694444 | U36: =(S36-T35)*24*60 -> 5 | V36: =(T36-S36)*24*60 -> 62 | AA36: =M36-J36 -> -86.129032 | AB36: =M36/J36 -> 0.9641129
A37: 新豐8線 | B37: 三明治 | C37: 好多菜三明治 | E37: 26.2 | F37: 1899 | G37: =E37*F37 -> 49753.8 | I37: 19 | J37: 2400 | K37: =J37/I37 -> 126.31579 | L37: 19 | M37: =F37/V37*60 -> 2325.3061 | N37: =M37/L37 -> 122.38453 | O37: =L37-I37 -> 0 | P37: =N37-K37 -> -3.9312567 | Q37: =N37/K37 -> 0.96887755 | S37: 0.71180556 | T37: 0.74583333 | U37: =(S37-T36)*24*60 -> 7 | V37: =(T37-S37)*24*60 -> 49 | AA37: =M37-J37 -> -74.693878 | AB37: =M37/J37 -> 0.96887755
A38: 新豐8線 | B38: 三明治 | C38: 輕乳酪巧克力三明治 | E38: 20.52 | F38: 1488 | G38: =E38*F38 -> 30533.76 | I38: 18 | J38: 2400 | K38: =J38/I38 -> 133.33333 | L38: 18 | M38: =F38/V38*60 -> 2289.2308 | N38: =M38/L38 -> 127.17949 | O38: =L38-I38 -> 0 | P38: =N38-K38 -> -6.1538462 | Q38: =N38/K38 -> 0.95384615 | S38: 0.75138889 | T38: 0.77847222 | U38: =(S38-T37)*24*60 -> 8 | V38: =(T38-S38)*24*60 -> 39 | AA38: =M38-J38 -> -110.76923 | AB38: =M38/J38 -> 0.95384615
A39: 新豐8線 | B39: 平均 | I39: 18.454545 | J39: 2400 | K39: =J39/I39 -> 130.04926 | L39: 18.454545 | M39: =AVERAGE(M28:M38) -> 2301.6468 | N39: =M39/L39 -> 124.71978 | O39: =L39-I39 -> 0 | P39: =N39-K39 -> -5.3294849 | Q39: =N39/K39 -> 0.95901949 | AA39: =M39-J39 -> -98.353222 | AB39: =M39/J39 -> 0.95901949
A40: 新豐9線 | B40: 三明治 | C40: 鮪魚起司溏心蛋三明治 | E40: 26.2 | F40: 4500 | G40: =E40*F40 -> 117900 | H40: 2 | I40: 18 | J40: 2400 | K40: =J40/I40 -> 133.33333 | L40: 18 | M40: =F40/V40*60 -> 2288.1356 | N40: =M40/L40 -> 127.11864 | O40: =L40-I40 -> 0 | P40: =N40-K40 -> -6.2146893 | Q40: =N40/K40 -> 0.95338983 | R40: =Q48 -> 0.9532744 | S40: 0.125 | T40: 0.20694444 | V40: =(T40-S40)*24*60 -> 118 | W40: =T40 -> 0.20694444 | X40: =S41 -> 0.22708333 | AA40: =M40-J40 -> -111.86441 | AB40: =M40/J40 -> 0.95338983 | AC40: =AB48 -> 0.9532744
A41: 新豐9線 | B41: 三明治 | C41: 醬燒烤雞三明治 | E41: 26.39 | F41: 4300 | G41: =E41*F41 -> 113477 | H41: 2 | I41: 19 | J41: 2400 | K41: =J41/I41 -> 126.31579 | L41: 19 | M41: =F41/V41*60 -> 2283.1858 | N41: =M41/L41 -> 120.16768 | O41: =L41-I41 -> 0 | P41: =N41-K41 -> -6.1481136 | Q41: =N41/K41 -> 0.95132743 | S41: 0.22708333 | T41: 0.30555556 | U41: =(S41-T40)*24*60 -> 29 | V41: =(T41-S41)*24*60 -> 113 | AA41: =M41-J41 -> -116.81416 | AB41: =M41/J41 -> 0.95132743
A42: 新豐9線 | B42: 三明治 | C42: 經典火腿玉米蛋三明治 | E42: 24.43 | F42: 5250 | G42: =E42*F42 -> 128257.5 | H42: 2 | I42: 15 | J42: 2400 | K42: =J42/I42 -> 160 | L42: 15 | M42: =F42/V42*60 -> 2282.6087 | N42: =M42/L42 -> 152.17391 | O42: =L42-I42 -> 0 | P42: =N42-K42 -> -7.826087 | Q42: =N42/K42 -> 0.95108696 | S42: 0.31111111 | T42: 0.40694444 | U42: =(S42-T41)*24*60 -> 8 | V42: =(T42-S42)*24*60 -> 138 | AA42: =M42-J42 -> -117.3913 | AB42: =M42/J42 -> 0.95108696
A43: 新豐9線 | B43: 三明治 | C43: 泰奶奶蓋QQ三明治 | E43: 24.25 | F43: 4000 | G43: =E43*F43 -> 97000 | H43: 2 | I43: 14 | J43: 2400 | K43: =J43/I43 -> 171.42857 | L43: 14 | M43: =F43/V43*60 -> 2285.7143 | N43: =M43/L43 -> 163.26531 | O43: =L43-I43 -> 0 | P43: =N43-K43 -> -8.1632653 | Q43: =N43/K43 -> 0.95238095 | S43: 0.41041667 | T43: 0.48333333 | U43: =(S43-T42)*24*60 -> 5 | V43: =(T43-S43)*24*60 -> 105 | AA43: =M43-J43 -> -114.28571 | AB43: =M43/J43 -> 0.95238095
A44: 新豐9線 | B44: 三明治 | C44: 龍蝦風味總匯三明治 | E44: 25.98 | F44: 2405 | G44: =E44*F44 -> 62481.9 | I44: 17 | J44: 2400 | K44: =J44/I44 -> 141.17647 | L44: 17 | M44: =F44/V44*60 -> 2290.4762 | N44: =M44/L44 -> 134.73389 | O44: =L44-I44 -> 0 | P44: =N44-K44 -> -6.442577 | Q44: =N44/K44 -> 0.95436508 | S44: 0.4875 | T44: 0.53125 | U44: =(S44-T43)*24*60 -> 6 | V44: =(T44-S44)*24*60 -> 63 | W44: =T44 -> 0.53125 | X44: =S45 -> 0.57361111 | AA44: =M44-J44 -> -109.52381 | AB44: =M44/J44 -> 0.95436508
A45: 新豐9線 | B45: 三明治 | C45: 鮪魚起司溏心蛋三明治 | E45: 26.2 | F45: 3490 | G45: =E45*F45 -> 91438 | I45: 18 | J45: 2400 | K45: =J45/I45 -> 133.33333 | L45: 18 | M45: =F45/V45*60 -> 2301.0989 | N45: =M45/L45 -> 127.83883 | O45: =L45-I45 -> 0 | P45: =N45-K45 -> -5.4945055 | Q45: =N45/K45 -> 0.95879121 | S45: 0.57361111 | T45: 0.63680556 | U45: =(S45-T44)*24*60 -> 61 | V45: =(T45-S45)*24*60 -> 91 | AA45: =M45-J45 -> -98.901099 | AB45: =M45/J45 -> 0.95879121
A46: 新豐9線 | B46: 三明治 | C46: 經典火腿玉米蛋三明治 | E46: 24.43 | F46: 3999 | G46: =E46*F46 -> 97695.57 | I46: 15 | J46: 2400 | K46: =J46/I46 -> 160 | L46: 15 | M46: =F46/V46*60 -> 2285.1429 | N46: =M46/L46 -> 152.34286 | O46: =L46-I46 -> 0 | P46: =N46-K46 -> -7.6571429 | Q46: =N46/K46 -> 0.95214286 | S46: 0.64027778 | T46: 0.71319444 | U46: =(S46-T45)*24*60 -> 5 | V46: =(T46-S46)*24*60 -> 105 | AA46: =M46-J46 -> -114.85714 | AB46: =M46/J46 -> 0.95214286
A47: 新豐9線 | B47: 三明治 | C47: 醬燒烤雞三明治 | E47: 26.39 | F47: 3163 | G47: =E47*F47 -> 83471.57 | I47: 19 | J47: 2400 | K47: =J47/I47 -> 126.31579 | L47: 19 | M47: =F47/V47*60 -> 2286.506 | N47: =M47/L47 -> 120.34242 | O47: =L47-I47 -> 0 | P47: =N47-K47 -> -5.9733672 | Q47: =N47/K47 -> 0.95271084 | S47: 0.71666667 | T47: 0.77430556 | U47: =(S47-T46)*24*60 -> 5 | V47: =(T47-S47)*24*60 -> 83 | AA47: =M47-J47 -> -113.49398 | AB47: =M47/J47 -> 0.95271084
A48: 新豐9線 | B48: 平均 | I48: 16.875 | J48: 2400 | K48: =J48/I48 -> 142.22222 | L48: 16.875 | M48: =AVERAGE(M40:M47) -> 2287.8585 | N48: =M48/L48 -> 135.5768 | O48: =L48-I48 -> 0 | P48: =N48-K48 -> -6.6454193 | Q48: =N48/K48 -> 0.9532744 | AA48: =M48-J48 -> -112.14145 | AB48: =M48/J48 -> 0.9532744
A49: 新豐3線 | B49: 調理麵包 | C49: 豬肉起司堡 | E49: 21.13 | F49: 3200 | G49: =E49*F49 -> 67616 | H49: 2 | I49: 10 | J49: 3000 | K49: =J49/I49 -> 300 | L49: 10 | M49: =F49/V49*60 -> 2865.6716 | N49: =M49/L49 -> 286.56716 | O49: =L49-I49 -> 0 | P49: =N49-K49 -> -13.432836 | Q49: =N49/K49 -> 0.95522388 | R49: =Q57 -> 0.95709842 | S49: 0.20833333 | T49: 0.25486111 | V49: =(T49-S49)*24*60 -> 67 | AA49: =M49-J49 -> -134.32836 | AB49: =M49/J49 -> 0.95522388 | AC49: =AB57 -> 0.95709842
A50: 新豐3線 | B50: 調理麵包 | C50: 豬肉起司蛋堡 | E50: 27.17 | F50: 4200 | G50: =E50*F50 -> 114114 | H50: 2 | I50: 10 | J50: 3000 | K50: =J50/I50 -> 300 | L50: 10 | M50: =F50/V50*60 -> 2863.6364 | N50: =M50/L50 -> 286.36364 | O50: =L50-I50 -> 0 | P50: =N50-K50 -> -13.636364 | Q50: =N50/K50 -> 0.95454545 | S50: 0.26041667 | T50: 0.32152778 | U50: =(S50-T49)*24*60 -> 8 | V50: =(T50-S50)*24*60 -> 88 | AA50: =M50-J50 -> -136.36364 | AB50: =M50/J50 -> 0.95454545
A51: 新豐3線 | B51: 調理麵包 | C51: 經典雙牛起司堡(113年) | E51: 35.12 | F51: 5161 | G51: =E51*F51 -> 181254.32 | I51: 10 | J51: 3000 | K51: =J51/I51 -> 300 | L51: 10 | M51: =F51/V51*60 -> 2867.2222 | N51: =M51/L51 -> 286.72222 | O51: =L51-I51 -> 0 | P51: =N51-K51 -> -13.277778 | Q51: =N51/K51 -> 0.95574074 | S51: 0.32569444 | T51: 0.40069444 | U51: =(S51-T50)*24*60 -> 6 | V51: =(T51-S51)*24*60 -> 108 | AA51: =M51-J51 -> -132.77778 | AB51: =M51/J51 -> 0.95574074
A52: 新豐3線 | B52: 調理麵包 | C52: 美式雞腿堡 | E52: 35.87 | F52: 3199 | G52: =E52*F52 -> 114748.13 | I52: 10 | J52: 3000 | K52: =J52/I52 -> 300 | L52: 10 | M52: =F52/V52*60 -> 2864.7761 | N52: =M52/L52 -> 286.47761 | O52: =L52-I52 -> 0 | P52: =N52-K52 -> -13.522388 | Q52: =N52/K52 -> 0.95492537 | S52: 0.40555556 | T52: 0.45208333 | U52: =(S52-T51)*24*60 -> 7 | V52: =(T52-S52)*24*60 -> 67 | AA52: =M52-J52 -> -135.22388 | AB52: =M52/J52 -> 0.95492537
A53: 新豐3線 | B53: 調理麵包 | C53: 泰式酸辣炸雞堡 | E53: 36.14 | F53: 2215 | G53: =E53*F53 -> 80050.1 | I53: 8 | J53: 3000 | K53: =J53/I53 -> 375 | L53: 8 | M53: =F53/V53*60 -> 2889.1304 | N53: =M53/L53 -> 361.1413 | O53: =L53-I53 -> 0 | P53: =N53-K53 -> -13.858696 | Q53: =N53/K53 -> 0.96304348 | S53: 0.45763889 | T53: 0.48958333 | U53: =(S53-T52)*24*60 -> 8 | V53: =(T53-S53)*24*60 -> 46 | AA53: =M53-J53 -> -110.86957 | AB53: =M53/J53 -> 0.96304348
A54: 新豐3線 | B54: 調理麵包 | C54: 黃金魚堡 | E54: 35.37 | F54: 1818 | G54: =E54*F54 -> 64302.66 | I54: 10 | J54: 3000 | K54: =J54/I54 -> 300 | L54: 10 | M54: =F54/V54*60 -> 2870.5263 | N54: =M54/L54 -> 287.05263 | O54: =L54-I54 -> 0 | P54: =N54-K54 -> -12.947368 | Q54: =N54/K54 -> 0.95684211 | S54: 0.49375 | T54: 0.52013889 | U54: =(S54-T53)*24*60 -> 6 | V54: =(T54-S54)*24*60 -> 38 | W54: =T54 -> 0.52013889 | X54: =S55 -> 0.56111111 | AA54: =M54-J54 -> -129.47368 | AB54: =M54/J54 -> 0.95684211
A55: 新豐3線 | B55: 調理麵包 | C55: 豬肉起司蛋堡 | E55: 27.17 | F55: 3041 | G55: =E55*F55 -> 82623.97 | I55: 10 | J55: 3000 | K55: =J55/I55 -> 300 | L55: 10 | M55: =F55/V55*60 -> 2850.9375 | N55: =M55/L55 -> 285.09375 | O55: =L55-I55 -> 0 | P55: =N55-K55 -> -14.90625 | Q55: =N55/K55 -> 0.9503125 | S55: 0.56111111 | T55: 0.60555556 | U55: =(S55-T54)*24*60 -> 59 | V55: =(T55-S55)*24*60 -> 64 | AA55: =M55-J55 -> -149.0625 | AB55: =M55/J55 -> 0.9503125
A56: 新豐3線 | B56: 調理麵包 | C56: 豬肉起司堡 | E56: 21.13 | F56: 2512 | G56: =E56*F56 -> 53078.56 | I56: 10 | J56: 3000 | K56: =J56/I56 -> 300 | L56: 10 | M56: =F56/V56*60 -> 2898.4615 | N56: =M56/L56 -> 289.84615 | O56: =L56-I56 -> 0 | P56: =N56-K56 -> -10.153846 | Q56: =N56/K56 -> 0.96615385 | S56: 0.61041667 | T56: 0.64652778 | U56: =(S56-T55)*24*60 -> 7 | V56: =(T56-S56)*24*60 -> 52 | AA56: =M56-J56 -> -101.53846 | AB56: =M56/J56 -> 0.96615385
A57: 新豐3線 | B57: 平均 | I57: 9.75 | J57: 3000 | K57: =J57/I57 -> 307.69231 | L57: 9.75 | M57: =AVERAGE(M49:M56) -> 2871.2953 | N57: =M57/L57 -> 294.49182 | O57: =L57-I57 -> 0 | P57: =N57-K57 -> -13.200485 | Q57: =N57/K57 -> 0.95709842 | AA57: =M57-J57 -> -128.70473 | AB57: =M57/J57 -> 0.95709842
A58: 新豐1線 | B58: 沙拉 | C58: 蔥鹽雞肉麵沙拉(114年) | E58: 46 | F58: 3364 | G58: =E58*F58 -> 154744 | I58: 17 | J58: 2000 | K58: =J58/I58 -> 117.64706 | L58: 17 | M58: =F58/V58*60 -> 1904.1509 | N58: =M58/L58 -> 112.00888 | O58: =L58-I58 -> 0 | P58: =N58-K58 -> -5.6381798 | Q58: =N58/K58 -> 0.95207547 | R58: =Q64 -> 0.95758794 | S58: 0.29166667 | T58: 0.36527778 | V58: =(T58-S58)*24*60 -> 106 | AA58: =M58-J58 -> -95.849057 | AB58: =M58/J58 -> 0.95207547 | AC58: =AB64 -> 0.95758794
A59: 新豐1線 | B59: 沙拉 | C59: 莎莎烤雞麵沙拉 | E59: 46 | F59: 3328 | G59: =E59*F59 -> 153088 | I59: 17 | J59: 2000 | K59: =J59/I59 -> 117.64706 | L59: 17 | M59: =F59/V59*60 -> 1920 | N59: =M59/L59 -> 112.94118 | O59: =L59-I59 -> 0 | P59: =N59-K59 -> -4.7058824 | Q59: =N59/K59 -> 0.96 | S59: 0.36875 | T59: 0.44097222 | U59: =IF(S59=TIME(17,0,0),"",(S59-T58)*24*60) -> 5 | V59: =(T59-S59)*24*60 -> 104 | AA59: =M59-J59 -> -80 | AB59: =M59/J59 -> 0.96
A60: 新豐1線 | B60: 微波主食 | C60: 鳳梨腰果炒飯 | E60: 54.09 | F60: 1544 | G60: =E60*F60 -> 83514.96 | I60: 16 | J60: 2000 | K60: =J60/I60 -> 125 | L60: 16 | M60: =F60/V60*60 -> 1930 | N60: =M60/L60 -> 120.625 | O60: =L60-I60 -> 0 | P60: =N60-K60 -> -4.375 | Q60: =N60/K60 -> 0.965 | S60: 0.44583333 | T60: 0.47916667 | U60: =IF(S60=TIME(17,0,0),"",(S60-T59)*24*60) -> 7 | V60: =(T60-S60)*24*60 -> 48 | AA60: =M60-J60 -> -70 | AB60: =M60/J60 -> 0.965
A61: 新豐1線 | B61: 微波主食 | C61: 二配香辣醬蒜味香腸蛋炒飯 | E61: 55.56 | F61: 2519 | G61: =E61*F61 -> 139955.64 | I61: 17 | J61: 2000 | K61: =J61/I61 -> 117.64706 | L61: 17 | M61: =F61/V61*60 -> 1913.1646 | N61: =M61/L61 -> 112.53909 | O61: =L61-I61 -> 0 | P61: =N61-K61 -> -5.1079672 | Q61: =N61/K61 -> 0.95658228 | S61: 0.70833333 | T61: 0.76319444 | U61: =IF(S61=TIME(17,0,0),"",(S61-T60)*24*60) | V61: =(T61-S61)*24*60 -> 79 | AA61: =M61-J61 -> -86.835443 | AB61: =M61/J61 -> 0.95658228
A62: 新豐1線 | B62: 微波主食 | C62: 二配香拌海鮮醬肉絲蛋炒飯 | E62: 55.32 | F62: 1946 | G62: =E62*F62 -> 107652.72 | I62: 15 | J62: 2000 | K62: =J62/I62 -> 133.33333 | L62: 15 | M62: =F62/V62*60 -> 1914.0984 | N62: =M62/L62 -> 127.60656 | O62: =L62-I62 -> 0 | P62: =N62-K62 -> -5.726776 | Q62: =N62/K62 -> 0.95704918 | S62: 0.76736111 | T62: 0.80972222 | U62: =IF(S62=TIME(17,0,0),"",(S62-T61)*24*60) -> 6 | V62: =(T62-S62)*24*60 -> 61 | AA62: =M62-J62 -> -85.901639 | AB62: =M62/J62 -> 0.95704918
A63: 新豐1線 | B63: 微波主食 | C63: 二配粗飽系雞排炒飯 | E63: 57.73 | F63: 1407 | G63: =E63*F63 -> 81226.11 | I63: 16 | J63: 1500 | K63: =J63/I63 -> 93.75 | L63: 16 | M63: =F63/V63*60 -> 1430.8475 | N63: =M63/L63 -> 89.427966 | O63: =L63-I63 -> 0 | P63: =N63-K63 -> -4.3220339 | Q63: =N63/K63 -> 0.95389831 | S63: 0.81527778 | T63: 0.85625 | U63: =IF(S63=TIME(17,0,0),"",(S63-T62)*24*60) -> 8 | V63: =(T63-S63)*24*60 -> 59 | AA63: =M63-J63 -> -69.152542 | AB63: =M63/J63 -> 0.95389831
A64: 新豐1線 | B64: 平均 | I64: 16.333333 | J64: 1916.6667 | K64: =J64/I64 -> 117.34694 | L64: 16.333333 | M64: =AVERAGE(M58:M63) -> 1835.3769 | N64: =M64/L64 -> 112.37001 | O64: =L64-I64 -> 0 | P64: =N64-K64 -> -4.9769253 | Q64: =N64/K64 -> 0.95758794 | AA64: =M64-J64 -> -81.28978 | AB64: =M64/J64 -> 0.95758794
A65: 新豐10線 | B65: 調理麵包 | C65: 香雞蛋堡(112年) | E65: 26.78 | F65: 2978 | G65: =E65*F65 -> 79750.84 | I65: 10 | J65: 3000 | K65: =J65/I65 -> 300 | L65: 10 | M65: =F65/V65*60 -> 2881.9355 | N65: =M65/L65 -> 288.19355 | O65: =L65-I65 -> 0 | P65: =N65-K65 -> -11.806452 | Q65: =N65/K65 -> 0.96064516 | R65: =Q69 -> 0.95837348 | S65: 0.20833333 | T65: 0.25138889 | V65: =(T65-S65)*24*60 -> 62 | AA65: =M65-J65 -> -118.06452 | AB65: =M65/J65 -> 0.96064516 | AC65: =AB69 -> 0.95837348
A66: 新豐10線 | B66: 調理麵包 | C66: 美式熱狗堡 | E66: 35.12 | F66: 1383 | G66: =E66*F66 -> 48570.96 | I66: 13 | J66: 2000 | K66: =J66/I66 -> 153.84615 | L66: 13 | M66: =F66/V66*60 -> 1929.7674 | N66: =M66/L66 -> 148.44365 | O66: =L66-I66 -> 0 | P66: =N66-K66 -> -5.4025045 | Q66: =N66/K66 -> 0.96488372 | S66: 0.25486111 | T66: 0.28472222 | U66: =(S66-T65)*24*60 -> 5 | V66: =(T66-S66)*24*60 -> 43 | AA66: =M66-J66 -> -70.232558 | AB66: =M66/J66 -> 0.96488372
A67: 新豐10線 | B67: 調理麵包 | C67: 超HOT雞腿堡(114年) | E67: 35.87 | F67: 2427 | G67: =E67*F67 -> 87056.49 | I67: 10 | J67: 3000 | K67: =J67/I67 -> 300 | L67: 10 | M67: =F67/V67*60 -> 2855.2941 | N67: =M67/L67 -> 285.52941 | O67: =L67-I67 -> 0 | P67: =N67-K67 -> -14.470588 | Q67: =N67/K67 -> 0.95176471 | S67: 0.28958333 | T67: 0.325 | U67: =(S67-T66)*24*60 -> 7 | V67: =(T67-S67)*24*60 -> 51 | AA67: =M67-J67 -> -144.70588 | AB67: =M67/J67 -> 0.95176471
A68: 新豐10線 | B68: 沙拉 | C68: 溏心蛋洋芋沙拉 | E68: 26.97 | F68: 3522 | G68: =E68*F68 -> 94988.34 | I68: 8 | J68: 1500 | K68: =J68/I68 -> 187.5 | L68: 8 | M68: =F68/V68*60 -> 1437.551 | N68: =M68/L68 -> 179.69388 | O68: =L68-I68 -> 0 | P68: =N68-K68 -> -7.8061224 | Q68: =N68/K68 -> 0.95836735 | S68: 0.32916667 | T68: 0.43125 | U68: =(S68-T67)*24*60 -> 6 | V68: =(T68-S68)*24*60 -> 147 | AA68: =M68-J68 -> -62.44898 | AB68: =M68/J68 -> 0.95836735
A69: 新豐10線 | B69: 平均 | I69: 10.25 | J69: 2375 | K69: =J69/I69 -> 231.70732 | L69: 10.25 | M69: =AVERAGE(M65:M68) -> 2276.137 | N69: =M69/L69 -> 222.06215 | O69: =L69-I69 -> 0 | P69: =N69-K69 -> -9.6451692 | Q69: =N69/K69 -> 0.95837348 | AA69: =M69-J69 -> -98.862984 | AB69: =M69/J69 -> 0.95837348
A70: 新豐4線 | B70: 三明治 | C70: 香鬆起司蛋三明治(114年) | E70: 20.2 | F70: 2970 | G70: =E70*F70 -> 59994 | I70: 19 | J70: 2400 | K70: =J70/I70 -> 126.31579 | L70: 19 | M70: =F70/V70*60 -> 2314.2857 | N70: =M70/L70 -> 121.80451 | O70: =L70-I70 -> 0 | P70: =N70-K70 -> -4.5112782 | Q70: =N70/K70 -> 0.96428571 | R70: =Q82 -> 0.96105543 | S70: 0.125 | T70: 0.17847222 | V70: =(T70-S70)*24*60 -> 77 | W70: =T70 -> 0.17847222 | X70: =S71 -> 0.19861111 | AA70: =M70-J70 -> -85.714286 | AB70: =M70/J70 -> 0.96428571 | AC70: =AB82 -> 0.96105543
A71: 新豐4線 | B71: 三明治 | C71: 火腿起司蛋三明治 | E71: 19.02 | F71: 6400 | G71: =E71*F71 -> 121728 | H71: 2 | I71: 15 | J71: 2400 | K71: =J71/I71 -> 160 | L71: 15 | M71: =F71/V71*60 -> 2285.7143 | N71: =M71/L71 -> 152.38095 | O71: =L71-I71 -> 0 | P71: =N71-K71 -> -7.6190476 | Q71: =N71/K71 -> 0.95238095 | S71: 0.19861111 | T71: 0.31527778 | U71: =(S71-T70)*24*60 -> 29 | V71: =(T71-S71)*24*60 -> 168 | AA71: =M71-J71 -> -114.28571 | AB71: =M71/J71 -> 0.95238095
A72: 新豐4線 | B72: 三明治 | C72: 起司芋見肉鬆三明治 | E72: 24.25 | F72: 1900 | G72: =E72*F72 -> 46075 | H72: 2 | I72: 18 | J72: 2400 | K72: =J72/I72 -> 133.33333 | L72: 18 | M72: =F72/V72*60 -> 2326.5306 | N72: =M72/L72 -> 129.2517 | O72: =L72-I72 -> 0 | P72: =N72-K72 -> -4.0816327 | Q72: =N72/K72 -> 0.96938776 | S72: 0.32083333 | T72: 0.35486111 | U72: =(S72-T71)*24*60 -> 8 | V72: =(T72-S72)*24*60 -> 49 | AA72: =M72-J72 -> -73.469388 | AB72: =M72/J72 -> 0.96938776
A73: 新豐4線 | B73: 三明治 | C73: 肉鬆火腿三明治 | E73: 20.52 | F73: 2950 | G73: =E73*F73 -> 60534 | H73: 2 | I73: 18 | J73: 2400 | K73: =J73/I73 -> 133.33333 | L73: 18 | M73: =F73/V73*60 -> 2298.7013 | N73: =M73/L73 -> 127.70563 | O73: =L73-I73 -> 0 | P73: =N73-K73 -> -5.6277056 | Q73: =N73/K73 -> 0.95779221 | S73: 0.35902778 | T73: 0.4125 | U73: =(S73-T72)*24*60 -> 6 | V73: =(T73-S73)*24*60 -> 77 | AA73: =M73-J73 -> -101.2987 | AB73: =M73/J73 -> 0.95779221
A74: 新豐4線 | B74: 三明治 | C74: 花生芝麻麻糬三明治 | E74: 24.25 | F74: 2900 | G74: =E74*F74 -> 70325 | H74: 2 | I74: 17 | J74: 2400 | K74: =J74/I74 -> 141.17647 | L74: 17 | M74: =F74/V74*60 -> 2289.4737 | N74: =M74/L74 -> 134.67492 | O74: =L74-I74 -> 0 | P74: =N74-K74 -> -6.501548 | Q74: =N74/K74 -> 0.95394737 | S74: 0.41666667 | T74: 0.46944444 | U74: =(S74-T73)*24*60 -> 6 | V74: =(T74-S74)*24*60 -> 76 | AA74: =M74-J74 -> -110.52632 | AB74: =M74/J74 -> 0.95394737
A75: 新豐4線 | B75: 三明治 | C75: 藍莓優格三明治(114年) | E75: 22.35 | F75: 1200 | G75: =E75*F75 -> 26820 | H75: 2 | I75: 16 | J75: 2400 | K75: =J75/I75 -> 150 | L75: 16 | M75: =F75/V75*60 -> 2322.5806 | N75: =M75/L75 -> 145.16129 | O75: =L75-I75 -> 0 | P75: =N75-K75 -> -4.8387097 | Q75: =N75/K75 -> 0.96774194 | S75: 0.47291667 | T75: 0.49444444 | U75: =(S75-T74)*24*60 -> 5 | V75: =(T75-S75)*24*60 -> 31 | AA75: =M75-J75 -> -77.419355 | AB75: =M75/J75 -> 0.96774194
A76: 新豐4線 | B76: 三明治 | C76: 瘋狂起司三明治(113年) | E76: 24.45 | F76: 1177 | G76: =E76*F76 -> 28777.65 | I76: 20 | J76: 2400 | K76: =J76/I76 -> 120 | L76: 20 | M76: =F76/V76*60 -> 2354 | N76: =M76/L76 -> 117.7 | O76: =L76-I76 -> 0 | P76: =N76-K76 -> -2.3 | Q76: =N76/K76 -> 0.98083333 | S76: 0.5 | T76: 0.52083333 | U76: =(S76-T75)*24*60 -> 8 | V76: =(T76-S76)*24*60 -> 30 | AA76: =M76-J76 -> -46 | AB76: =M76/J76 -> 0.98083333
A77: 新豐4線 | B77: 三明治 | C77: 火腿起司蛋三明治 | E77: 19.02 | F77: 5067 | G77: =E77*F77 -> 96374.34 | I77: 15 | J77: 2400 | K77: =J77/I77 -> 160 | L77: 15 | M77: =F77/V77*60 -> 2285.8647 | N77: =M77/L77 -> 152.39098 | O77: =L77-I77 -> 0 | P77: =N77-K77 -> -7.6090226 | Q77: =N77/K77 -> 0.95244361 | S77: 0.525 | T77: 0.61736111 | U77: =(S77-T76)*24*60 -> 6 | V77: =(T77-S77)*24*60 -> 133 | AA77: =M77-J77 -> -114.13534 | AB77: =M77/J77 -> 0.95244361
A78: 新豐4線 | B78: 三明治 | C78: 花生芝麻麻糬三明治 | E78: 24.25 | F78: 2215 | G78: =E78*F78 -> 53713.75 | I78: 17 | J78: 2400 | K78: =J78/I78 -> 141.17647 | L78: 17 | M78: =F78/V78*60 -> 2291.3793 | N78: =M78/L78 -> 134.78702 | O78: =L78-I78 -> 0 | P78: =N78-K78 -> -6.3894523 | Q78: =N78/K78 -> 0.95474138 | S78: 0.62083333 | T78: 0.66111111 | U78: =(S78-T77)*24*60 -> 5 | V78: =(T78-S78)*24*60 -> 58 | AA78: =M78-J78 -> -108.62069 | AB78: =M78/J78 -> 0.95474138
A79: 新豐4線 | B79: 三明治 | C79: 藍莓優格三明治(114年) | E79: 22.35 | F79: 957 | G79: =E79*F79 -> 21388.95 | I79: 16 | J79: 2400 | K79: =J79/I79 -> 150 | L79: 16 | M79: =F79/V79*60 -> 2296.8 | N79: =M79/L79 -> 143.55 | O79: =L79-I79 -> 0 | P79: =N79-K79 -> -6.45 | Q79: =N79/K79 -> 0.957 | S79: 0.66527778 | T79: 0.68263889 | U79: =(S79-T78)*24*60 -> 6 | V79: =(T79-S79)*24*60 -> 25 | AA79: =M79-J79 -> -103.2 | AB79: =M79/J79 -> 0.957
B80: 三明治 | C80: 起司芋見肉鬆三明治 | E80: 24.25 | F80: 1560 | G80: =E80*F80 -> 37830 | I80: 18 | J80: 2400 | K80: =J80/I80 -> 133.33333 | L80: 18 | M80: =F80/V80*60 -> 2340 | N80: =M80/L80 -> 130 | O80: =L80-I80 -> 0 | P80: =N80-K80 -> -3.3333333 | Q80: =N80/K80 -> 0.975 | S80: 0.68819444 | T80: 0.71597222 | U80: =(S80-T79)*24*60 -> 8 | V80: =(T80-S80)*24*60 -> 40 | AA80: =M80-J80 -> -60 | AB80: =M80/J80 -> 0.975
B81: 三明治 | C81: 肉鬆火腿三明治 | E81: 20.52 | F81: 2542 | G81: =E81*F81 -> 52161.84 | I81: 18 | J81: 2400 | K81: =J81/I81 -> 133.33333 | L81: 18 | M81: =F81/V81*60 -> 2310.9091 | N81: =M81/L81 -> 128.38384 | O81: =L81-I81 -> 0 | P81: =N81-K81 -> -4.9494949 | Q81: =N81/K81 -> 0.96287879 | S81: 0.72152778 | T81: 0.76736111 | U81: =(S81-T80)*24*60 -> 8 | V81: =(T81-S81)*24*60 -> 66 | AA81: =M81-J81 -> -89.090909 | AB81: =M81/J81 -> 0.96287879
A82: 新豐4線 | B82: 平均 | I82: 17.1 | J82: 2400 | K82: =J82/I82 -> 140.35088 | L82: 17.1 | M82: =AVERAGE(M70:M79) -> 2306.533 | N82: =M82/L82 -> 134.88497 | O82: =L82-I82 -> 0 | P82: =N82-K82 -> -5.4659052 | Q82: =N82/K82 -> 0.96105543 | AA82: =M82-J82 -> -93.466979 | AB82: =M82/J82 -> 0.96105543

Sheet 0929
B1: 屏榮 新豐廠組合室生產人時性分析
B3: 日期 | C3: =TEXT('0929 4度C'!A2,"yyyy.mm.ddaaaa") -> 2025.09.29星期一 | E3: 訂單量 | F3: ='0929 4度C'!D1 -> 199941 | H3: 營業額 | I3: ='0929 4度C'!F1 -> 6458150
B4: 人時性 | C4: 項目 | E4: ➀ | G4: ➁ | I4: ➂
C5: 組合室 | E5: 全溫層 | G5: 4度C-各編組展開 | I5: ③三明治-各編組展開
C6: 排關平均 | E6: =AVERAGE(D13:M13) -> 150.07566 | F6: =AVERAGE(D27:O27,D13:J13) -> 155.40086 | G6: =AVERAGE(D13:J13) -> 155.40086 | I6: =AVERAGE(K13:M13) -> 137.65018
C7: 實績平均 | E7: =AVERAGE(D14:M14) -> 143.83798 | F7: =AVERAGE(D28:O28,D14:J14) -> 149.03834 | G7: =AVERAGE(D14:J14) -> 149.03834 | I7: =AVERAGE(K14:M14) -> 131.70381
C8: 達成率平均 | E8: =AVERAGE(D15:M15) -> 0.95786887 | F8: =AVERAGE(D15:J15,D29:O29) -> 0.95832756 | G8: =AVERAGE(D15:J15) -> 0.95832756 | I8: =AVERAGE(K15:M15) -> 0.95679859 | K8: ※現行日本鮮食廠以達成率80%為基本(即為現行KPI)
B10: 溫層 | D10: ➁4度C-各編組展開 | K10: ③三明治-各編組展開
B11: 編組 | D11: 1 | E11: 2 | F11: 3 | G11: 4 | H11: 5 | I11: 6 | J11: 7 | K11: 1 | L11: 2 | M11: 3
D12: 新豐6線 | E12: 新豐2線 | F12: 新豐5線 | G12: 新豐7線 | H12: 新豐3線 | I12: 新豐1線 | J12: 新豐10線 | K12: 新豐8線 | L12: 新豐9線 | M12: 新豐4線
B13: 人時性 | C13: 排關 | D13: =SUMIFS('0929 4度C'!$K:$K,'0929 4度C'!$A:$A,"新豐6線",'0929 4度C'!$B:$B,"平均") -> 125 | E13: =SUMIFS('0929 4度C'!$K:$K,'0929 4度C'!$A:$A,"新豐2線",'0929 4度C'!$B:$B,"平均") -> 88.235294 | F13: =SUMIFS('0929 4度C'!$K:$K,'0929 4度C'!$A:$A,"新豐5線",'0929 4度C'!$B:$B,"平均") -> 96.124031 | G13: =SUMIFS('0929 4度C'!$K:$K,'0929 4度C'!$A:$A,"新豐7線",'0929 4度C'!$B:$B,"平均") -> 119.04762 | H13: =SUMIFS('0929 4度C'!$K:$K,'0929 4度C'!$A:$A,"新豐3線",'0929 4度C'!$B:$B,"平均") -> 310.34483 | I13: =SUMIFS('0929 4度C'!$K:$K,'0929 4度C'!$A:$A,"新豐1線",'0929 4度C'!$B:$B,"平均") -> 117.34694 | J13: =SUMIFS('0929 4度C'!$K:$K,'0929 4度C'!$A:$A,"新豐10線",'0929 4度C'!$B:$B,"平均") -> 231.70732 | K13: =SUMIFS('0929 4度C'!$K:$K,'0929 4度C'!$A:$A,"新豐8線",'0929 4度C'!$B:$B,"平均") -> 132 | L13: =SUMIFS('0929 4度C'!$K:$K,'0929 4度C'!$A:$A,"新豐9線",'0929 4度C'!$B:$B,"平均") -> 142.22222 | M13: =SUMIFS('0929 4度C'!$K:$K,'0929 4度C'!$A:$A,"新豐4線",'0929 4度C'!$B:$B,"平均") -> 138.72832
C14: 實績 | D14: =SUMIFS('0929 4度C'!$N:$N,'0929 4度C'!$A:$A,"新豐6線",'0929 4度C'!$B:$B,"平均") -> 119.63386 | E14: =SUMIFS('0929 4度C'!$N:$N,'0929 4度C'!$A:$A,"新豐2線",'0929 4度C'!$B:$B,"平均") -> 84.378774 | F14: =SUMIFS('0929 4度C'!$N:$N,'0929 4度C'!$A:$A,"新豐5線",'0929 4度C'!$B:$B,"平均") -> 91.824089 | G14: =SUMIFS('0929 4度C'!$N:$N,'0929 4度C'!$A:$A,"新豐7線",'0929 4度C'!$B:$B,"平均") -> 113.97594 | H14: =SUMIFS('0929 4度C'!$N:$N,'0929 4度C'!$A:$A,"新豐3線",'0929 4度C'!$B:$B,"平均") -> 297.09047 | I14: =SUMIFS('0929 4度C'!$N:$N,'0929 4度C'!$A:$A,"新豐1線",'0929 4度C'!$B:$B,"平均") -> 112.52904 | J14: =SUMIFS('0929 4度C'!$N:$N,'0929 4度C'!$A:$A,"新豐10線",'0929 4度C'!$B:$B,"平均") -> 223.83623 | K14: =SUMIFS('0929 4度C'!$N:$N,'0929 4度C'!$A:$A,"新豐8線",'0929 4度C'!$B:$B,"平均") -> 126.28014 | L14: =SUMIFS('0929 4度C'!$N:$N,'0929 4度C'!$A:$A,"新豐9線",'0929 4度C'!$B:$B,"平均") -> 136.08022 | M14: =SUMIFS('0929 4度C'!$N:$N,'0929 4度C'!$A:$A,"新豐4線",'0929 4度C'!$B:$B,"平均") -> 132.75107
C15: 達成率 | D15: =D14/D13 -> 0.95707085 | E15: =E14/E13 -> 0.95629278 | F15: =F14/F13 -> 0.95526674 | G15: =G14/G13 -> 0.95739791 | H15: =H14/H13 -> 0.95729151 | I15: =I14/I13 -> 0.95894313 | J15: =J14/J13 -> 0.96603004 | K15: =K14/K13 -> 0.95666775 | ... M15: =M14/M13 -> 0.956914
B16: 作業 時間 | C16: 開始 | D16: =VLOOKUP("新豐6線",'0929 4度C'!$A:$T,19,0) -> 0.70833333 | E16: =VLOOKUP("新豐2線",'0929 4度C'!$A:$T,19,0) -> 0.29166667 | F16: =VLOOKUP("新豐5線",'0929 4度C'!$A:$T,19,0) -> 0.20833333 | G16: =VLOOKUP("新豐7線",'0929 4度C'!$A:$T,19,0) -> 0.20833333 | H16: =VLOOKUP("新豐3線",'0929 4度C'!$A:$T,19,0) -> 0.083333333 | I16: =VLOOKUP("新豐1線",'0929 4度C'!$A:$T,19,0) -> 0.29166667 | J16: =VLOOKUP("新豐10線",'0929 4度C'!$A:$T,19,0) -> 0.20833333 | K16: =VLOOKUP("新豐8線",'0929 4度C'!$A:$T,19,0) -> 0.083333333 | L16: =VLOOKUP("新豐9線",'0929 4度C'!$A:$T,19,0) -> 0.083333333 | M16: =VLOOKUP("新豐4線",'0929 4度C'!$A:$T,19,0) -> 0.083333333
C17: 結束 | D17: =LOOKUP(2,1/(('0929 4度C'!$A:$A="新豐6線")*('0929 4度C'!$T:$T<>"")),'0929 4度C'!$T:$T) -> 0.84097222 | E17: =LOOKUP(2,1/(('0929 4度C'!$A:$A="新豐2線")*('0929 4度C'!$T:$T<>"")),'0929 4度C'!$T:$T) -> 0.60069444 | F17: =LOOKUP(2,1/(('0929 4度C'!$A:$A="新豐5線")*('0929 4度C'!$T:$T<>"")),'0929 4度C'!$T:$T) -> 0.85277778 | G17: =LOOKUP(2,1/(('0929 4度C'!$A:$A="新豐7線")*('0929 4度C'!$T:$T<>"")),'0929 4度C'!$T:$T) -> 0.77638889 | H17: =LOOKUP(2,1/(('0929 4度C'!$A:$A="新豐3線")*('0929 4度C'!$T:$T<>"")),'0929 4度C'!$T:$T) -> 0.50833333 | I17: =LOOKUP(2,1/(('0929 4度C'!$A:$A="新豐1線")*('0929 4度C'!$T:$T<>"")),'0929 4度C'!$T:$T) -> 0.85347222 | J17: =LOOKUP(2,1/(('0929 4度C'!$A:$A="新豐10線")*('0929 4度C'!$T:$T<>"")),'0929 4度C'!$T:$T) -> 0.4375 | K17: =LOOKUP(2,1/(('0929 4度C'!$A:$A="新豐8線")*('0929 4度C'!$T:$T<>"")),'0929 4度C'!$T:$T) -> 0.77986111 | L17: =LOOKUP(2,1/(('0929 4度C'!$A:$A="新豐9線")*('0929 4度C'!$T:$T<>"")),'0929 4度C'!$T:$T) -> 0.74097222 | M17: =LOOKUP(2,1/(('0929 4度C'!$A:$A="新豐4線")*('0929 4度C'!$T:$T<>"")),'0929 4度C'!$T:$T) -> 0.75694444
B18: 配置人數 | D18: =SUMIFS('0929 4度C'!$I:$I,'0929 4度C'!$A:$A,"新豐6線",'0929 4度C'!$B:$B,"平均") -> 16 | E18: =SUMIFS('0929 4度C'!$I:$I,'0929 4度C'!$A:$A,"新豐2線",'0929 4度C'!$B:$B,"平均") -> 17 | F18: =SUMIFS('0929 4度C'!$I:$I,'0929 4度C'!$A:$A,"新豐5線",'0929 4度C'!$B:$B,"平均") -> 18.428571 | G18: =SUMIFS('0929 4度C'!$I:$I,'0929 4度C'!$A:$A,"新豐7線",'0929 4度C'!$B:$B,"平均") -> 16.8 | H18: =SUMIFS('0929 4度C'!$I:$I,'0929 4度C'!$A:$A,"新豐3線",'0929 4度C'!$B:$B,"平均") -> 9.6666667 | I18: =SUMIFS('0929 4度C'!$I:$I,'0929 4度C'!$A:$A,"新豐1線",'0929 4度C'!$B:$B,"平均") -> 16.333333 | J18: =SUMIFS('0929 4度C'!$I:$I,'0929 4度C'!$A:$A,"新豐10線",'0929 4度C'!$B:$B,"平均") -> 10.25 | K18: =SUMIFS('0929 4度C'!$I:$I,'0929 4度C'!$A:$A,"新豐8線",'0929 4度C'!$B:$B,"平均") -> 18.181818 | L18: =SUMIFS('0929 4度C'!$I:$I,'0929 4度C'!$A:$A,"新豐9線",'0929 4度C'!$B:$B,"平均") -> 16.875 | M18: =SUMIFS('0929 4度C'!$I:$I,'0929 4度C'!$A:$A,"新豐4線",'0929 4度C'!$B:$B,"平均") -> 17.3
B19: 主要應用設備 | D19: ET-55 | E19: 熱縮爐 | F19: L型包裝機 | G19: L型包裝機 | H19: 伺服包裝機 | I19: ET-55 | J19: 伺服包裝機 | K19: 三明治包裝機 | L19: 三明治包裝機 | M19: 三明治包裝機
B20: 次要應用設備 | F20: 圓盤機 | G20: ET-55
B21: 備註 | E21: 握沙拉 | F21: 共用L型包裝機 | H21: 調理麵包 | I21: 炒飯+沙拉 | J21: 調理麵包

Sheet 0929 4度C
A1: 新豐廠四度C日報分析 | C1: 總生產量 | D1: =SUM(F5:F76) -> 199941 | E1: 營業額 | F1: =SUM(G5:G76) -> 6458150 | G1: 出勤人數 | H1: =L8+L11+L53+L60+L19+L65+L37+L46+L25+L76 -> 156.83539 | I1: 產線配置圖 | L1: 生產實績 | O1: 人時性差異分析 | S1: 日報登錄 | Y1: 分析說明 | AA1: 產能差異分析
A2: 45929 | B2: 星期一 | C2: 人時性 | D2: =AVERAGE(N8,N11,N53,N60,N19,N65,N25,N37,N46,N76) -> 143.83798 | E2: 平均廠價 | F2: =F1/D1 -> 32.300278 | G2: 多次生產數 | H2: =COUNT(H5:H76) -> 14
A3: 線別 | B3: 品類 | C3: 品名 | E3: 廠價 | F3: 生產量 | G3: 營收 | H3: 多次 生產 | I3: 人數 | J3: 產能/時 | K3: 人時性 | L3: 人數 | M3: 產能/時 | N3: 人時性 | O3: 人數 | P3: 人時性 | Q3: 達成率 | R3: 達成率平均 | S3: 生產時間 | U3: 換線、休息/分 | V3: 稼動時間/分 | W3: 休息時間 | Y3: (新豐回填) | AA3: 產能/時 | AB3: 達成率 | AC3: 達成率平均
S4: 開始 | T4: 結束 | W4: 開始 | X4: 結束
A5: 新豐6線 | B5: 微波主食 | C5: 二配煸椒烘蛋飯 | E5: 46.93 | F5: 1081 | G5: =E5*F5 -> 50731.33 | I5: 16 | J5: 2000 | K5: =J5/I5 -> 125 | L5: 16 | M5: =F5/V5*60 -> 1907.6471 | N5: =M5/L5 -> 119.22794 | O5: =L5-I5 -> 0 | P5: =N5-K5 -> -5.7720588 | Q5: =N5/K5 -> 0.95382353 | R5: =Q8 -> 0.95707085 | S5: 0.70833333 | T5: 0.73194444 | V5: =(T5-S5)*24*60 -> 34 | AA5: =M5-J5 -> -92.352941 | AB5: =M5/J5 -> 0.95382353 | AC5: =AB8 -> 0.95707085
A6: 新豐6線 | B6: 微波主食 | C6: 二配川味麻婆燒豆腐燴飯 | E6: 50.49 | F6: 2455 | G6: =E6*F6 -> 123952.95 | I6: 15 | J6: 2000 | K6: =J6/I6 -> 133.33333 | L6: 15 | M6: =F6/V6*60 -> 1912.987 | N6: =M6/L6 -> 127.53247 | O6: =L6-I6 -> 0 | P6: =N6-K6 -> -5.8008658 | Q6: =N6/K6 -> 0.95649351 | S6: 0.73680556 | T6: 0.79027778 | U6: =(S6-T5)*24*60 -> 7 | V6: =(T6-S6)*24*60 -> 77 | AA6: =M6-J6 -> -87.012987 | AB6: =M6/J6 -> 0.95649351
A7: 新豐6線 | B7: 微波主食 | C7: 二配港式香滑嫩蛋牛肉燴飯 | E7: 50.67 | F7: 2146 | G7: =E7*F7 -> 108737.82 | I7: 17 | J7: 2000 | K7: =J7/I7 -> 117.64706 | L7: 17 | M7: =F7/V7*60 -> 1921.791 | N7: =M7/L7 -> 113.04653 | O7: =L7-I7 -> 0 | P7: =N7-K7 -> -4.6005268 | Q7: =N7/K7 -> 0.96089552 | S7: 0.79444444 | T7: 0.84097222 | U7: =(S7-T6)*24*60 -> 6 | V7: =(T7-S7)*24*60 -> 67 | AA7: =M7-J7 -> -78.208955 | AB7: =M7/J7 -> 0.96089552
A8: 新豐6線 | B8: 平均 | I8: 16 | J8: 2000 | K8: =J8/I8 -> 125 | L8: 16 | M8: =AVERAGE(M5:M7) -> 1914.1417 | N8: =M8/L8 -> 119.63386 | O8: =L8-I8 -> 0 | P8: =N8-K8 -> -5.3661434 | Q8: =N8/K8 -> 0.95707085 | AA8: =M8-J8 -> -85.858294 | AB8: =M8/J8 -> 0.95707085
A9: 新豐2線 | B9: 沙拉 | C9: 青檸烤雞握沙拉(113年) | E9: 39.8 | F9: 6000 | G9: =E9*F9 -> 238800 | H9: 2 | I9: 17 | J9: 1500 | K9: =J9/I9 -> 88.235294 | L9: 17 | M9: =F9/V9*60 -> 1434.2629 | N9: =M9/L9 -> 84.368409 | O9: =L9-I9 -> 0 | P9: =N9-K9 -> -3.8668854 | Q9: =N9/K9 -> 0.9561753 | R9: =Q11 -> 0.95629278 | S9: 0.29166667 | T9: 0.46597222 | V9: =(T9-S9)*24*60 -> 251 | W9: =T9 -> 0.46597222 | X9: =S10 -> 0.54652778 | AA9: =M9-J9 -> -65.737052 | AB9: =M9/J9 -> 0.9561753 | AC9: =AB11 -> 0.95629278
A10: 新豐2線 | B10: 沙拉 | C10: 青檸烤雞握沙拉(113年) | E10: 39.8 | F10: 1865 | G10: =E10*F10 -> 74227 | I10: 17 | J10: 1500 | K10: =J10/I10 -> 88.235294 | L10: 17 | M10: =F10/V10*60 -> 1434.6154 | N10: =M10/L10 -> 84.38914 | O10: =L10-I10 -> 0 | P10: =N10-K10 -> -3.8461538 | Q10: =N10/K10 -> 0.95641026 | S10: 0.54652778 | T10: 0.60069444 | U10: =(S10-T9)*24*60 -> 116 | V10: =(T10-S10)*24*60 -> 78 | AA10: =M10-J10 -> -65.384615 | AB10: =M10/J10 -> 0.95641026
A11: 新豐2線 | B11: 平均 | I11: 17 | J11: 1500 | K11: =J11/I11 -> 88.235294 | L11: 17 | M11: =AVERAGE(M9:M10) -> 1434.4392 | N11: =M11/L11 -> 84.378774 | O11: =L11-I11 -> 0 | P11: =N11-K11 -> -3.8565196 | Q11: =N11/K11 -> 0.95629278 | AA11: =M11-J11 -> -65.560834 | AB11: =M11/J11 -> 0.95629278
A12: 新豐5線 | B12: 小吃 | C12: 剝皮辣椒雞湯 | E12: 41 | F12: 2250 | G12: =E12*F12 -> 92250 | I12: 26 | J12: 1500 | K12: =J12/I12 -> 57.692308 | L12: 26 | M12: =F12/V12*60 -> 1436.1702 | N12: =M12/L12 -> 55.237316 | O12: =L12-I12 -> 0 | P12: =N12-K12 -> -2.4549918 | Q12: =N12/K12 -> 0.95744681 | R12: =Q19 -> 0.95526674 | S12: 0.20833333 | T12: 0.27361111 | V12: =(T12-S12)*24*60 -> 94 | AA12: =M12-J12 -> -63.829787 | AB12: =M12/J12 -> 0.95744681 | AC12: =AB19 -> 0.95526674
A13: 新豐5線 | B13: 沙拉 | C13: 青醬優格雞肉握沙拉(113年) | E13: 39.62 | F13: 2950 | G13: =E13*F13 -> 116879 | H13: 2 | I13: 19 | J13: 1500 | K13: =J13/I13 -> 78.947368 | L13: 19 | M13: =F13/V13*60 -> 1439.0244 | N13: =M13/L13 -> 75.738126 | O13: =L13-I13 -> 0 | P13: =N13-K13 -> -3.2092426 | Q13: =N13/K13 -> 0.95934959 | S13: 0.27708333 | T13: 0.3625 | U13: =IF(S13=TIME(17,0,0),"",(S13-T12)*24*60) -> 5 | V13: =(T13-S13)*24*60 -> 123 | AA13: =M13-J13 -> -60.97561 | AB13: =M13/J13 -> 0.95934959
A14: 新豐5線 | B14: 沙拉 | C14: 韓式泡菜豆腐握沙拉 | E14: 39.36 | F14: 3985 | G14: =E14*F14 -> 156849.6 | I14: 20 | J14: 1500 | K14: =J14/I14 -> 75 | L14: 20 | M14: =F14/V14*60 -> 1431.7365 | N14: =M14/L14 -> 71.586826 | O14: =L14-I14 -> 0 | P14: =N14-K14 -> -3.4131737 | Q14: =N14/K14 -> 0.95449102 | S14: 0.36597222 | T14: 0.48194444 | U14: =IF(S14=TIME(17,0,0),"",(S14-T13)*24*60) -> 5 | V14: =(T14-S14)*24*60 -> 167 | W14: =T14 -> 0.48194444 | X14: =S15 -> 0.5625 | AA14: =M14-J14 -> -68.263473 | AB14: =M14/J14 -> 0.95449102
A15: 新豐5線 | B15: 沙拉 | C15: 青醬優格雞肉握沙拉(113年) | E15: 39.62 | F15: 2403 | G15: =E15*F15 -> 95206.86 | I15: 19 | J15: 1500 | K15: =J15/I15 -> 78.947368 | L15: 19 | M15: =F15/V15*60 -> 1441.8 | N15: =M15/L15 -> 75.884211 | O15: =L15-I15 -> 0 | P15: =N15-K15 -> -3.0631579 | Q15: =N15/K15 -> 0.9612 | S15: 0.5625 | T15: 0.63194444 | U15: =IF(S15=TIME(17,0,0),"",(S15-T14)*24*60) -> 116 | V15: =(T15-S15)*24*60 -> 100 | AA15: =M15-J15 -> -58.2 | AB15: =M15/J15 -> 0.9612
A16: 新豐5線 | B16: 三明治 | C16: 泰奶奶蓋QQ三明治 | E16: 24.25 | F16: 3272 | G16: =E16*F16 -> 79346 | I16: 14 | J16: 2400 | K16: =J16/I16 -> 171.42857 | L16: 14 | M16: =F16/V16*60 -> 2282.7907 | N16: =M16/L16 -> 163.05648 | O16: =L16-I16 -> 0 | P16: =N16-K16 -> -8.372093 | Q16: =N16/K16 -> 0.95116279 | S16: 0.63680556 | T16: 0.69652778 | U16: =IF(S16=TIME(17,0,0),"",(S16-T15)*24*60) -> 7 | V16: =(T16-S16)*24*60 -> 86 | AA16: =M16-J16 -> -117.2093 | AB16: =M16/J16 -> 0.95116279
A17: 新豐5線 | B17: 微波主食 | C17: 二配金咖哩濃厚辛辣咖哩飯 | E17: 50.98 | F17: 3052 | G17: =E17*F17 -> 155590.96 | I17: 16 | J17: 2000 | K17: =J17/I17 -> 125 | L17: 16 | M17: =F17/V17*60 -> 1907.5 | N17: =M17/L17 -> 119.21875 | O17: =L17-I17 -> 0 | P17: =N17-K17 -> -5.78125 | Q17: =N17/K17 -> 0.95375 | S17: 0.70833333 | T17: 0.775 | U17: =IF(S17=TIME(17,0,0),"",(S17-T16)*24*60) | V17: =(T17-S17)*24*60 -> 96 | AA17: =M17-J17 -> -92.5 | AB17: =M17/J17 -> 0.95375
A18: 新豐5線 | B18: 微波主食 | C18: 二配金咖哩果香甘口咖哩飯 | E18: 50.92 | F18: 3336 | G18: =E18*F18 -> 169869.12 | I18: 15 | J18: 2000 | K18: =J18/I18 -> 133.33333 | L18: 15 | M18: =F18/V18*60 -> 1906.2857 | N18: =M18/L18 -> 127.08571 | O18: =L18-I18 -> 0 | P18: =N18-K18 -> -6.247619 | Q18: =N18/K18 -> 0.95314286 | S18: 0.77986111 | T18: 0.85277778 | U18: =IF(S18=TIME(17,0,0),"",(S18-T17)*24*60) -> 7 | V18: =(T18-S18)*24*60 -> 105 | AA18: =M18-J18 -> -93.714286 | AB18: =M18/J18 -> 0.95314286
A19: 新豐5線 | B19: 平均 | I19: 18.428571 | J19: 1771.4286 | K19: =J19/I19 -> 96.124031 | L19: 18.428571 | M19: =AVERAGE(M12:M18) -> 1692.1868 | N19: =M19/L19 -> 91.824089 | O19: =L19-I19 -> 0 | P19: =N19-K19 -> -4.2999415 | Q19: =N19/K19 -> 0.95526674 | AA19: =M19-J19 -> -79.24178 | AB19: =M19/J19 -> 0.95526674
A20: 新豐7線 | B20: 小吃 | C20: 古早味炒炊粉 | E20: 43.14 | F20: 1502 | G20: =E20*F20 -> 64796.28 | I20: 17 | J20: 2000 | K20: =J20/I20 -> 117.64706 | L20: 17 | M20: =F20/V20*60 -> 1917.4468 | N20: =M20/L20 -> 112.79099 | O20: =L20-I20 -> 0 | P20: =N20-K20 -> -4.8560701 | Q20: =N20/K20 -> 0.9587234 | R20: =Q25 -> 0.95739791 | S20: 0.20833333 | T20: 0.24097222 | V20: =(T20-S20)*24*60 -> 47 | AA20: =M20-J20 -> -82.553191 | AB20: =M20/J20 -> 0.9587234 | AC20: =AB25 -> 0.95739791
A21: 新豐7線 | B21: 微波主食 | C21: 鐵板滑蛋炸豬排丼 | E21: 57.73 | F21: 3070 | G21: =E21*F21 -> 177231.1 | I21: 15 | J21: 2000 | K21: =J21/I21 -> 133.33333 | L21: 15 | M21: =F21/V21*60 -> 1918.75 | N21: =M21/L21 -> 127.91667 | O21: =L21-I21 -> 0 | P21: =N21-K21 -> -5.4166667 | Q21: =N21/K21 -> 0.959375 | S21: 0.24652778 | T21: 0.31319444 | U21: =IF(S21=TIME(17,0,0),"",(S21-T20)*24*60) -> 8 | V21: =(T21-S21)*24*60 -> 96 | AA21: =M21-J21 -> -81.25 | AB21: =M21/J21 -> 0.959375
A22: 新豐7線 | B22: 微波主食 | C22: 極上炙烤親子丼 | E22: 53.68 | F22: 2009 | G22: =E22*F22 -> 107843.12 | I22: 16 | J22: 2000 | K22: =J22/I22 -> 125 | L22: 16 | M22: =F22/V22*60 -> 1913.3333 | N22: =M22/L22 -> 119.58333 | O22: =L22-I22 -> 0 | P22: =N22-K22 -> -5.4166667 | Q22: =N22/K22 -> 0.95666667 | S22: 0.31666667 | T22: 0.36041667 | U22: =IF(S22=TIME(17,0,0),"",(S22-T21)*24*60) -> 5 | V22: =(T22-S22)*24*60 -> 63 | AA22: =M22-J22 -> -86.666667 | AB22: =M22/J22 -> 0.95666667
A23: 新豐7線 | B23: 微波主食 | C23: 白味噌壽喜燒飯 | E23: 53.27 | F23: 2229 | G23: =E23*F23 -> 118738.83 | I23: 17 | J23: 2000 | K23: =J23/I23 -> 117.64706 | L23: 17 | M23: =F23/V23*60 -> 1910.5714 | N23: =M23/L23 -> 112.38655 | O23: =L23-I23 -> 0 | P23: =N23-K23 -> -5.2605042 | Q23: =N23/K23 -> 0.95528571 | S23: 0.36388889 | T23: 0.4125 | U23: =IF(S23=TIME(17,0,0),"",(S23-T22)*24*60) -> 5 | V23: =(T23-S23)*24*60 -> 70 | AA23: =M23-J23 -> -89.428571 | AB23: =M23/J23 -> 0.95528571
A24: 新豐7線 | B24: 微波主食 | C24: 二配美味蟹煲 | E24: 54.09 | F24: 3126 | G24: =E24*F24 -> 169085.34 | I24: 19 | J24: 2000 | K24: =J24/I24 -> 105.26316 | L24: 19 | M24: =F24/V24*60 -> 1913.8776 | N24: =M24/L24 -> 100.7304 | O24: =L24-I24 -> 0 | P24: =N24-K24 -> -4.5327605 | Q24: =N24/K24 -> 0.95693878 | S24: 0.70833333 | T24: 0.77638889 | U24: =IF(S24=TIME(17,0,0),"",(S24-T23)*24*60) | V24: =(T24-S24)*24*60 -> 98 | AA24: =M24-J24 -> -86.122449 | AB24: =M24/J24 -> 0.95693878
A25: 新豐7線 | B25: 平均 | I25: 16.8 | J25: 2000 | K25: =J25/I25 -> 119.04762 | L25: 16.8 | M25: =AVERAGE(M20:M24) -> 1914.7958 | N25: =M25/L25 -> 113.97594 | O25: =L25-I25 -> 0 | P25: =N25-K25 -> -5.0716771 | Q25: =N25/K25 -> 0.95739791 | AA25: =M25-J25 -> -85.204176 | AB25: =M25/J25 -> 0.95739791
A26: 新豐8線 | B26: 三明治 | C26: 經典總匯三明治 | E26: 26.2 | F26: 3000 | G26: =E26*F26 -> 78600 | H26: 2 | I26: 20 | J26: 2400 | K26: =J26/I26 -> 120 | L26: 20 | M26: =F26/V26*60 -> 2307.6923 | N26: =M26/L26 -> 115.38462 | O26: =L26-I26 -> 0 | P26: =N26-K26 -> -4.6153846 | Q26: =N26/K26 -> 0.96153846 | R26: =Q37 -> 0.95666775 | S26: 0.083333333 | T26: 0.1375 | V26: =(T26-S26)*24*60 -> 78 | W26: =T26 -> 0.1375 | X26: =S27 -> 0.15486111 | AA26: =M26-J26 -> -92.307692 | AB26: =M26/J26 -> 0.96153846 | AC26: =AB37 -> 0.95666775
A27: 新豐8線 | B27: 三明治 | C27: 紐奧良風味烤雞鮮蔬三明治 | E27: 31.29 | F27: 6100 | G27: =E27*F27 -> 190869 | H27: 2 | I27: 18 | J27: 2400 | K27: =J27/I27 -> 133.33333 | L27: 18 | M27: =F27/V27*60 -> 2287.5 | N27: =M27/L27 -> 127.08333 | O27: =L27-I27 -> 0 | P27: =N27-K27 -> -6.25 | Q27: =N27/K27 -> 0.953125 | S27: 0.15486111 | T27: 0.26597222 | U27: =(S27-T26)*24*60 -> 25 | V27: =(T27-S27)*24*60 -> 160 | AA27: =M27-J27 -> -112.5 | AB27: =M27/J27 -> 0.953125
A28: 新豐8線 | B28: 三明治 | C28: 雞蛋沙拉三明治 | E28: 25 | F28: 2700 | G28: =E28*F28 -> 67500 | H28: 2 | I28: 15 | J28: 2400 | K28: =J28/I28 -> 160 | L28: 15 | M28: =F28/V28*60 -> 2281.6901 | N28: =M28/L28 -> 152.11268 | O28: =L28-I28 -> 0 | P28: =N28-K28 -> -7.8873239 | Q28: =N28/K28 -> 0.95070423 | S28: 0.27152778 | T28: 0.32083333 | U28: =(S28-T27)*24*60 -> 8 | V28: =(T28-S28)*24*60 -> 71 | AA28: =M28-J28 -> -118.30986 | AB28: =M28/J28 -> 0.95070423
A29: 新豐8線 | B29: 三明治 | C29: 陽光地瓜總匯三明治 | E29: 26.18 | F29: 3000 | G29: =E29*F29 -> 78540 | H29: 2 | I29: 19 | J29: 2400 | K29: =J29/I29 -> 126.31579 | L29: 19 | M29: =F29/V29*60 -> 2307.6923 | N29: =M29/L29 -> 121.45749 | O29: =L29-I29 -> 0 | P29: =N29-K29 -> -4.8582996 | Q29: =N29/K29 -> 0.96153846 | S29: 0.32638889 | T29: 0.38055556 | U29: =(S29-T28)*24*60 -> 8 | V29: =(T29-S29)*24*60 -> 78 | AA29: =M29-J29 -> -92.307692 | AB29: =M29/J29 -> 0.96153846
A30: 新豐8線 | B30: 三明治 | C30: 好多菜三明治 | E30: 26.2 | F30: 3000 | G30: =E30*F30 -> 78600 | H30: 2 | I30: 19 | J30: 2400 | K30: =J30/I30 -> 126.31579 | L30: 19 | M30: =F30/V30*60 -> 2307.6923 | N30: =M30/L30 -> 121.45749 | O30: =L30-I30 -> 0 | P30: =N30-K30 -> -4.8582996 | Q30: =N30/K30 -> 0.96153846 | S30: 0.38611111 | T30: 0.44027778 | U30: =(S30-T29)*24*60 -> 8 | V30: =(T30-S30)*24*60 -> 78 | AA30: =M30-J30 -> -92.307692 | AB30: =M30/J30 -> 0.96153846
A31: 新豐8線 | B31: 三明治 | C31: 輕乳酪巧克力三明治 | E31: 20.52 | F31: 3924 | G31: =E31*F31 -> 80520.48 | I31: 18 | J31: 2400 | K31: =J31/I31 -> 133.33333 | L31: 18 | M31: =F31/V31*60 -> 2285.8252 | N31: =M31/L31 -> 126.99029 | O31: =L31-I31 -> 0 | P31: =N31-K31 -> -6.3430421 | Q31: =N31/K31 -> 0.95242718 | S31: 0.44583333 | T31: 0.51736111 | U31: =(S31-T30)*24*60 -> 8 | V31: =(T31-S31)*24*60 -> 103 | AA31: =M31-J31 -> -114.17476 | AB31: =M31/J31 -> 0.95242718
A32: 新豐8線 | B32: 三明治 | C32: 陽光地瓜總匯三明治 | E32: 26.18 | F32: 2181 | G32: =E32*F32 -> 57098.58 | I32: 19 | J32: 2400 | K32: =J32/I32 -> 126.31579 | L32: 19 | M32: =F32/V32*60 -> 2295.7895 | N32: =M32/L32 -> 120.83102 | O32: =L32-I32 -> 0 | P32: =N32-K32 -> -5.4847645 | Q32: =N32/K32 -> 0.95657895 | S32: 0.52222222 | T32: 0.56180556 | U32: =(S32-T31)*24*60 -> 7 | V32: =(T32-S32)*24*60 -> 57 | AA32: =M32-J32 -> -104.21053 | AB32: =M32/J32 -> 0.95657895
A33: 新豐8線 | B33: 三明治 | C33: 紐奧良風味烤雞鮮蔬三明治 | E33: 31.29 | F33: 4625 | G33: =E33*F33 -> 144716.25 | I33: 18 | J33: 2400 | K33: =J33/I33 -> 133.33333 | L33: 18 | M33: =F33/V33*60 -> 2293.3884 | N33: =M33/L33 -> 127.41047 | O33: =L33-I33 -> 0 | P33: =N33-K33 -> -5.922865 | Q33: =N33/K33 -> 0.95557851 | S33: 0.56597222 | T33: 0.65 | U33: =(S33-T32)*24*60 -> 6 | V33: =(T33-S33)*24*60 -> 121 | AA33: =M33-J33 -> -106.61157 | AB33: =M33/J33 -> 0.95557851
A34: 新豐8線 | B34: 三明治 | C34: 經典總匯三明治 | E34: 26.2 | F34: 2337 | G34: =E34*F34 -> 61229.4 | I34: 20 | J34: 2400 | K34: =J34/I34 -> 120 | L34: 20 | M34: =F34/V34*60 -> 2298.6885 | N34: =M34/L34 -> 114.93443 | O34: =L34-I34 -> 0 | P34: =N34-K34 -> -5.0655738 | Q34: =N34/K34 -> 0.95778689 | S34: 0.65347222 | T34: 0.69583333 | U34: =(S34-T33)*24*60 -> 5 | V34: =(T34-S34)*24*60 -> 61 | AA34: =M34-J34 -> -101.31148 | AB34: =M34/J34 -> 0.95778689
A35: 新豐8線 | B35: 三明治 | C35: 好多菜三明治 | E35: 26.2 | F35: 1948 | G35: =E35*F35 -> 51037.6 | I35: 19 | J35: 2400 | K35: =J35/I35 -> 126.31579 | L35: 19 | M35: =F35/V35*60 -> 2291.7647 | N35: =M35/L35 -> 120.6192 | O35: =L35-I35 -> 0 | P35: =N35-K35 -> -5.6965944 | Q35: =N35/K35 -> 0.95490196 | S35: 0.7 | T35: 0.73541667 | U35: =(S35-T34)*24*60 -> 6 | V35: =(T35-S35)*24*60 -> 51 | AA35: =M35-J35 -> -108.23529 | AB35: =M35/J35 -> 0.95490196
A36: 新豐8線 | B36: 三明治 | C36: 雞蛋沙拉三明治 | E36: 25 | F36: 2260 | G36: =E36*F36 -> 56500 | I36: 15 | J36: 2400 | K36: =J36/I36 -> 160 | L36: 15 | M36: =F36/V36*60 -> 2298.3051 | N36: =M36/L36 -> 153.22034 | O36: =L36-I36 -> 0 | P36: =N36-K36 -> -6.779661 | Q36: =N36/K36 -> 0.95762712 | S36: 0.73888889 | T36: 0.77986111 | U36: =(S36-T35)*24*60 -> 5 | V36: =(T36-S36)*24*60 -> 59 | AA36: =M36-J36 -> -101.69492 | AB36: =M36/J36 -> 0.95762712
A37: 新豐8線 | B37: 平均 | I37: 18.181818 | J37: 2400 | K37: =J37/I37 -> 132 | L37: 18.181818 | M37: =AVERAGE(M26:M36) -> 2296.0026 | N37: =M37/L37 -> 126.28014 | O37: =L37-I37 -> 0 | P37: =N37-K37 -> -5.7198574 | Q37: =N37/K37 -> 0.95666775 | AA37: =M37-J37 -> -103.99741 | AB37: =M37/J37 -> 0.95666775
A38: 新豐9線 | B38: 三明治 | C38: 鮪魚起司溏心蛋三明治 | E38: 26.2 | F38: 5000 | G38: =E38*F38 -> 131000 | H38: 2 | I38: 18 | J38: 2400 | K38: =J38/I38 -> 133.33333 | L38: 18 | M38: =F38/V38*60 -> 2290.0763 | N38: =M38/L38 -> 127.22646 | O38: =L38-I38 -> 0 | P38: =N38-K38 -> -6.1068702 | Q38: =N38/K38 -> 0.95419847 | R38: =Q46 -> 0.95681402 | S38: 0.083333333 | T38: 0.17430556 | V38: =(T38-S38)*24*60 -> 131 | W38: =T38 -> 0.17430556 | X38: =S39 -> 0.19166667 | AA38: =M38-J38 -> -109.92366 | AB38: =M38/J38 -> 0.95419847 | AC38: =AB46 -> 0.95681402
A39: 新豐9線 | B39: 三明治 | C39: 醬燒烤雞三明治 | E39: 26.39 | F39: 4200 | G39: =E39*F39 -> 110838 | H39: 2 | I39: 19 | J39: 2400 | K39: =J39/I39 -> 126.31579 | L39: 19 | M39: =F39/V39*60 -> 2290.9091 | N39: =M39/L39 -> 120.57416 | O39: =L39-I39 -> 0 | P39: =N39-K39 -> -5.7416268 | Q39: =N39/K39 -> 0.95454545 | S39: 0.19166667 | T39: 0.26805556 | U39: =(S39-T38)*24*60 -> 25 | V39: =(T39-S39)*24*60 -> 110 | AA39: =M39-J39 -> -109.09091 | AB39: =M39/J39 -> 0.95454545
A40: 新豐9線 | B40: 三明治 | C40: 經典火腿玉米蛋三明治 | E40: 24.43 | F40: 5400 | G40: =E40*F40 -> 131922 | H40: 2 | I40: 15 | J40: 2400 | K40: =J40/I40 -> 160 | L40: 15 | M40: =F40/V40*60 -> 2297.8723 | N40: =M40/L40 -> 153.19149 | O40: =L40-I40 -> 0 | P40: =N40-K40 -> -6.8085106 | Q40: =N40/K40 -> 0.95744681 | S40: 0.27291667 | T40: 0.37083333 | U40: =(S40-T39)*24*60 -> 7 | V40: =(T40-S40)*24*60 -> 141 | AA40: =M40-J40 -> -102.12766 | AB40: =M40/J40 -> 0.95744681
A41: 新豐9線 | B41: 三明治 | C41: 泰奶奶蓋QQ三明治 | E41: 24.25 | F41: 4600 | G41: =E41*F41 -> 111550 | H41: 2 | I41: 14 | J41: 2400 | K41: =J41/I41 -> 171.42857 | L41: 14 | M41: =F41/V41*60 -> 2300 | N41: =M41/L41 -> 164.28571 | O41: =L41-I41 -> 0 | P41: =N41-K41 -> -7.1428571 | Q41: =N41/K41 -> 0.95833333 | S41: 0.375 | T41: 0.45833333 | U41: =(S41-T40)*24*60 -> 6 | V41: =(T41-S41)*24*60 -> 120 | AA41: =M41-J41 -> -100 | AB41: =M41/J41 -> 0.95833333
A42: 新豐9線 | B42: 三明治 | C42: 龍蝦風味總匯三明治 | E42: 25.98 | F42: 2710 | G42: =E42*F42 -> 70405.8 | I42: 17 | J42: 2400 | K42: =J42/I42 -> 141.17647 | L42: 17 | M42: =F42/V42*60 -> 2290.1408 | N42: =M42/L42 -> 134.71417 | O42: =L42-I42 -> 0 | P42: =N42-K42 -> -6.4623032 | Q42: =N42/K42 -> 0.95422535 | S42: 0.4625 | T42: 0.51180556 | U42: =(S42-T41)*24*60 -> 6 | V42: =(T42-S42)*24*60 -> 71 | W42: =T42 -> 0.51180556 | X42: =S43 -> 0.55208333 | AA42: =M42-J42 -> -109.85915 | AB42: =M42/J42 -> 0.95422535
A43: 新豐9線 | B43: 三明治 | C43: 鮪魚起司溏心蛋三明治 | E43: 26.2 | F43: 2852 | G43: =E43*F43 -> 74722.4 | I43: 18 | J43: 2400 | K43: =J43/I43 -> 133.33333 | L43: 18 | M43: =F43/V43*60 -> 2312.4324 | N43: =M43/L43 -> 128.46847 | O43: =L43-I43 -> 0 | P43: =N43-K43 -> -4.8648649 | Q43: =N43/K43 -> 0.96351351 | S43: 0.55208333 | T43: 0.60347222 | U43: =(S43-T42)*24*60 -> 58 | V43: =(T43-S43)*24*60 -> 74 | AA43: =M43-J43 -> -87.567568 | AB43: =M43/J43 -> 0.96351351
A44: 新豐9線 | B44: 三明治 | C44: 經典火腿玉米蛋三明治 | E44: 24.43 | F44: 4037 | G44: =E44*F44 -> 98623.91 | I44: 15 | J44: 2400 | K44: =J44/I44 -> 160 | L44: 15 | M44: =F44/V44*60 -> 2285.0943 | N44: =M44/L44 -> 152.33962 | O44: =L44-I44 -> 0 | P44: =N44-K44 -> -7.6603774 | Q44: =N44/K44 -> 0.95212264 | S44: 0.60833333 | T44: 0.68194444 | U44: =(S44-T43)*24*60 -> 7 | V44: =(T44-S44)*24*60 -> 106 | AA44: =M44-J44 -> -114.90566 | AB44: =M44/J44 -> 0.95212264
A45: 新豐9線 | B45: 三明治 | C45: 醬燒烤雞三明治 | E45: 26.39 | F45: 3034 | G45: =E45*F45 -> 80067.26 | I45: 19 | J45: 2400 | K45: =J45/I45 -> 126.31579 | L45: 19 | M45: =F45/V45*60 -> 2304.3038 | N45: =M45/L45 -> 121.27915 | O45: =L45-I45 -> 0 | P45: =N45-K45 -> -5.0366422 | Q45: =N45/K45 -> 0.96012658 | S45: 0.68611111 | T45: 0.74097222 | U45: =(S45-T44)*24*60 -> 6 | V45: =(T45-S45)*24*60 -> 79 | AA45: =M45-J45 -> -95.696203 | AB45: =M45/J45 -> 0.96012658
A46: 新豐9線 | B46: 平均 | I46: 16.875 | J46: 2400 | K46: =J46/I46 -> 142.22222 | L46: 16.875 | M46: =AVERAGE(M38:M45) -> 2296.3536 | N46: =M46/L46 -> 136.08022 | O46: =L46-I46 -> 0 | P46: =N46-K46 -> -6.1420061 | Q46: =N46/K46 -> 0.95681402 | AA46: =M46-J46 -> -103.64635 | AB46: =M46/J46 -> 0.95681402
A47: 新豐3線 | B47: 調理麵包 | C47: 豬肉起司堡 | E47: 21.13 | F47: 6027 | G47: =E47*F47 -> 127350.51 | I47: 10 | J47: 3000 | K47: =J47/I47 -> 300 | L47: 10 | M47: =F47/V47*60 -> 2870 | N47: =M47/L47 -> 287 | O47: =L47-I47 -> 0 | P47: =N47-K47 -> -13 | Q47: =N47/K47 -> 0.95666667 | R47: =Q53 -> 0.95729151 | S47: 0.083333333 | T47: 0.17083333 | V47: =(T47-S47)*24*60 -> 126 | W47: =T47 -> 0.17083333 | X47: =S48 -> 0.19097222 | AA47: =M47-J47 -> -130 | AB47: =M47/J47 -> 0.95666667 | AC47: =AB53 -> 0.95729151
A48: 新豐3線 | B48: 調理麵包 | C48: 豬肉起司蛋堡 | E48: 27.17 | F48: 7698 | G48: =E48*F48 -> 209154.66 | I48: 10 | J48: 3000 | K48: =J48/I48 -> 300 | L48: 10 | M48: =F48/V48*60 -> 2851.1111 | N48: =M48/L48 -> 285.11111 | O48: =L48-I48 -> 0 | P48: =N48-K48 -> -14.888889 | Q48: =N48/K48 -> 0.95037037 | S48: 0.19097222 | T48: 0.30347222 | U48: =(S48-T47)*24*60 -> 29 | V48: =(T48-S48)*24*60 -> 162 | AA48: =M48-J48 -> -148.88889 | AB48: =M48/J48 -> 0.95037037
A49: 新豐3線 | B49: 調理麵包 | C49: 經典雙牛起司堡(113年) | E49: 35.12 | F49: 5287 | G49: =E49*F49 -> 185679.44 | I49: 10 | J49: 3000 | K49: =J49/I49 -> 300 | L49: 10 | M49: =F49/V49*60 -> 2857.8378 | N49: =M49/L49 -> 285.78378 | O49: =L49-I49 -> 0 | P49: =N49-K49 -> -14.216216 | Q49: =N49/K49 -> 0.95261261 | S49: 0.30763889 | T49: 0.38472222 | U49: =(S49-T48)*24*60 -> 6 | V49: =(T49-S49)*24*60 -> 111 | AA49: =M49-J49 -> -142.16216 | AB49: =M49/J49 -> 0.95261261
A50: 新豐3線 | B50: 調理麵包 | C50: 美式雞腿堡 | E50: 35.87 | F50: 3498 | G50: =E50*F50 -> 125473.26 | I50: 10 | J50: 3000 | K50: =J50/I50 -> 300 | L50: 10 | M50: =F50/V50*60 -> 2875.0685 | N50: =M50/L50 -> 287.50685 | O50: =L50-I50 -> 0 | P50: =N50-K50 -> -12.493151 | Q50: =N50/K50 -> 0.95835616 | S50: 0.39027778 | T50: 0.44097222 | U50: =(S50-T49)*24*60 -> 8 | V50: =(T50-S50)*24*60 -> 73 | AA50: =M50-J50 -> -124.93151 | AB50: =M50/J50 -> 0.95835616
A51: 新豐3線 | B51: 調理麵包 | C51: 泰式酸辣炸雞堡 | E51: 36.14 | F51: 2310 | G51: =E51*F51 -> 83483.4 | I51: 8 | J51: 3000 | K51: =J51/I51 -> 375 | L51: 8 | M51: =F51/V51*60 -> 2887.5 | N51: =M51/L51 -> 360.9375 | O51: =L51-I51 -> 0 | P51: =N51-K51 -> -14.0625 | Q51: =N51/K51 -> 0.9625 | S51: 0.44513889 | T51: 0.47847222 | U51: =(S51-T50)*24*60 -> 6 | V51: =(T51-S51)*24*60 -> 48 | AA51: =M51-J51 -> -112.5 | AB51: =M51/J51 -> 0.9625
A52: 新豐3線 | B52: 調理麵包 | C52: 黃金魚堡 | E52: 35.37 | F52: 1782 | G52: =E52*F52 -> 63029.34 | I52: 10 | J52: 3000 | K52: =J52/I52 -> 300 | L52: 10 | M52: =F52/V52*60 -> 2889.7297 | N52: =M52/L52 -> 288.97297 | O52: =L52-I52 -> 0 | P52: =N52-K52 -> -11.027027 | Q52: =N52/K52 -> 0.96324324 | S52: 0.48263889 | T52: 0.50833333 | U52: =(S52-T51)*24*60 -> 6 | V52: =(T52-S52)*24*60 -> 37 | AA52: =M52-J52 -> -110.27027 | AB52: =M52/J52 -> 0.96324324
A53: 新豐3線 | B53: 平均 | I53: 9.6666667 | J53: 3000 | K53: =J53/I53 -> 310.34483 | L53: 9.6666667 | M53: =AVERAGE(M47:M52) -> 2871.8745 | N53: =M53/L53 -> 297.09047 | O53: =L53-I53 -> 0 | P53: =N53-K53 -> -13.254359 | Q53: =N53/K53 -> 0.95729151 | AA53: =M53-J53 -> -128.12547 | AB53: =M53/J53 -> 0.95729151
A54: 新豐1線 | B54: 沙拉 | C54: 蔥鹽雞肉麵沙拉(114年) | E54: 46 | F54: 3413 | G54: =E54*F54 -> 156998 | I54: 17 | J54: 2000 | K54: =J54/I54 -> 117.64706 | L54: 17 | M54: =F54/V54*60 -> 1913.8318 | N54: =M54/L54 -> 112.57834 | O54: =L54-I54 -> 0 | P54: =N54-K54 -> -5.0687191 | Q54: =N54/K54 -> 0.95691589 | R54: =Q60 -> 0.95894313 | S54: 0.29166667 | T54: 0.36597222 | U54: =(S54-T53)*24*60 -> 420 | V54: =(T54-S54)*24*60 -> 107 | AA54: =M54-J54 -> -86.168224 | AB54: =M54/J54 -> 0.95691589 | AC54: =AB60 -> 0.95894313
A55: 新豐1線 | B55: 沙拉 | C55: 莎莎烤雞麵沙拉 | E55: 46 | F55: 3566 | G55: =E55*F55 -> 164036 | I55: 17 | J55: 2000 | K55: =J55/I55 -> 117.64706 | L55: 17 | M55: =F55/V55*60 -> 1910.3571 | N55: =M55/L55 -> 112.37395 | O55: =L55-I55 -> 0 | P55: =N55-K55 -> -5.2731092 | Q55: =N55/K55 -> 0.95517857 | S55: 0.37013889 | T55: 0.44791667 | U55: =IF(S55=TIME(17,0,0),"",(S55-T54)*24*60) -> 6 | V55: =(T55-S55)*24*60 -> 112 | AA55: =M55-J55 -> -89.642857 | AB55: =M55/J55 -> 0.95517857
A56: 新豐1線 | B56: 微波主食 | C56: 鳳梨腰果炒飯 | E56: 54.09 | F56: 1999 | G56: =E56*F56 -> 108125.91 | I56: 16 | J56: 2000 | K56: =J56/I56 -> 125 | L56: 16 | M56: =F56/V56*60 -> 1934.5161 | N56: =M56/L56 -> 120.90726 | O56: =L56-I56 -> 0 | P56: =N56-K56 -> -4.0927419 | Q56: =N56/K56 -> 0.96725806 | S56: 0.45347222 | T56: 0.49652778 | U56: =IF(S56=TIME(17,0,0),"",(S56-T55)*24*60) -> 8 | V56: =(T56-S56)*24*60 -> 62 | AA56: =M56-J56 -> -65.483871 | AB56: =M56/J56 -> 0.96725806
A57: 新豐1線 | B57: 微波主食 | C57: 二配香辣醬蒜味香腸蛋炒飯 | E57: 55.56 | F57: 2488 | G57: =E57*F57 -> 138233.28 | I57: 17 | J57: 2000 | K57: =J57/I57 -> 117.64706 | L57: 17 | M57: =F57/V57*60 -> 1913.8462 | N57: =M57/L57 -> 112.57919 | O57: =L57-I57 -> 0 | P57: =N57-K57 -> -5.0678733 | Q57: =N57/K57 -> 0.95692308 | S57: 0.70833333 | T57: 0.7625 | U57: =IF(S57=TIME(17,0,0),"",(S57-T56)*24*60) | V57: =(T57-S57)*24*60 -> 78 | AA57: =M57-J57 -> -86.153846 | AB57: =M57/J57 -> 0.95692308
A58: 新豐1線 | B58: 微波主食 | C58: 二配香拌海鮮醬肉絲蛋炒飯 | E58: 55.32 | F58: 1977 | G58: =E58*F58 -> 109367.64 | I58: 15 | J58: 2000 | K58: =J58/I58 -> 133.33333 | L58: 15 | M58: =F58/V58*60 -> 1913.2258 | N58: =M58/L58 -> 127.54839 | O58: =L58-I58 -> 0 | P58: =N58-K58 -> -5.7849462 | Q58: =N58/K58 -> 0.9566129 | S58: 0.76597222 | T58: 0.80902778 | U58: =IF(S58=TIME(17,0,0),"",(S58-T57)*24*60) -> 5 | V58: =(T58-S58)*24*60 -> 62 | AA58: =M58-J58 -> -86.774194 | AB58: =M58/J58 -> 0.9566129
A59: 新豐1線 | B59: 微波主食 | C59: 二配粗飽系雞排炒飯 | E59: 57.73 | F59: 1394 | G59: =E59*F59 -> 80475.62 | I59: 16 | J59: 1500 | K59: =J59/I59 -> 93.75 | L59: 16 | M59: =F59/V59*60 -> 1442.069 | N59: =M59/L59 -> 90.12931 | O59: =L59-I59 -> 0 | P59: =N59-K59 -> -3.6206897 | Q59: =N59/K59 -> 0.96137931 | S59: 0.81319444 | T59: 0.85347222 | U59: =IF(S59=TIME(17,0,0),"",(S59-T58)*24*60) -> 6 | V59: =(T59-S59)*24*60 -> 58 | AA59: =M59-J59 -> -57.931034 | AB59: =M59/J59 -> 0.96137931
A60: 新豐1線 | B60: 平均 | I60: 16.333333 | J60: 1916.6667 | K60: =J60/I60 -> 117.34694 | L60: 16.333333 | M60: =AVERAGE(M54:M59) -> 1837.9743 | N60: =M60/L60 -> 112.52904 | O60: =L60-I60 -> 0 | P60: =N60-K60 -> -4.8178982 | Q60: =N60/K60 -> 0.95894313 | AA60: =M60-J60 -> -78.692338 | AB60: =M60/J60 -> 0.95894313
A61: 新豐10線 | B61: 調理麵包 | C61: 香雞蛋堡(112年) | E61: 26.78 | F61: 3091 | G61: =E61*F61 -> 82776.98 | I61: 10 | J61: 3000 | K61: =J61/I61 -> 300 | L61: 10 | M61: =F61/V61*60 -> 2897.8125 | N61: =M61/L61 -> 289.78125 | O61: =L61-I61 -> 0 | P61: =N61-K61 -> -10.21875 | Q61: =N61/K61 -> 0.9659375 | R61: =Q65 -> 0.96603004 | S61: 0.20833333 | T61: 0.25277778 | V61: =(T61-S61)*24*60 -> 64 | AA61: =M61-J61 -> -102.1875 | AB61: =M61/J61 -> 0.9659375 | AC61: =AB65 -> 0.96603004
A62: 新豐10線 | B62: 調理麵包 | C62: 美式熱狗堡 | E62: 35.12 | F62: 1265 | G62: =E62*F62 -> 44426.8 | I62: 13 | J62: 2000 | K62: =J62/I62 -> 153.84615 | L62: 13 | M62: =F62/V62*60 -> 1946.1538 | N62: =M62/L62 -> 149.70414 | O62: =L62-I62 -> 0 | P62: =N62-K62 -> -4.1420118 | Q62: =N62/K62 -> 0.97307692 | S62: 0.25694444 | T62: 0.28402778 | U62: =(S62-T61)*24*60 -> 6 | V62: =(T62-S62)*24*60 -> 39 | AA62: =M62-J62 -> -53.846154 | AB62: =M62/J62 -> 0.97307692
A63: 新豐10線 | B63: 調理麵包 | C63: 超HOT雞腿堡(114年) | E63: 35.87 | F63: 2612 | G63: =E63*F63 -> 93692.44 | I63: 10 | J63: 3000 | K63: =J63/I63 -> 300 | L63: 10 | M63: =F63/V63*60 -> 2902.2222 | N63: =M63/L63 -> 290.22222 | O63: =L63-I63 -> 0 | P63: =N63-K63 -> -9.7777778 | Q63: =N63/K63 -> 0.96740741 | S63: 0.2875 | T63: 0.325 | U63: =(S63-T62)*24*60 -> 5 | V63: =(T63-S63)*24*60 -> 54 | AA63: =M63-J63 -> -97.777778 | AB63: =M63/J63 -> 0.96740741
A64: 新豐10線 | B64: 沙拉 | C64: 溏心蛋洋芋沙拉 | E64: 26.97 | F64: 3697 | G64: =E64*F64 -> 99708.09 | I64: 8 | J64: 1500 | K64: =J64/I64 -> 187.5 | L64: 8 | M64: =F64/V64*60 -> 1431.0968 | N64: =M64/L64 -> 178.8871 | O64: =L64-I64 -> 0 | P64: =N64-K64 -> -8.6129032 | Q64: =N64/K64 -> 0.95406452 | S64: 0.32986111 | T64: 0.4375 | U64: =(S64-T63)*24*60 -> 7 | V64: =(T64-S64)*24*60 -> 155 | AA64: =M64-J64 -> -68.903226 | AB64: =M64/J64 -> 0.95406452
A65: 新豐10線 | B65: 平均 | I65: 10.25 | J65: 2375 | K65: =J65/I65 -> 231.70732 | L65: 10.25 | M65: =AVERAGE(M61:M64) -> 2294.3213 | N65: =M65/L65 -> 223.83623 | O65: =L65-I65 -> 0 | P65: =N65-K65 -> -7.8710892 | Q65: =N65/K65 -> 0.96603004 | AA65: =M65-J65 -> -80.678664 | AB65: =M65/J65 -> 0.96603004
A66: 新豐4線 | B66: 三明治 | C66: 香鬆起司蛋三明治(114年) | E66: 20.2 | F66: 2890 | G66: =E66*F66 -> 58378 | I66: 19 | J66: 2400 | K66: =J66/I66 -> 126.31579 | L66: 19 | M66: =F66/V66*60 -> 2281.5789 | N66: =M66/L66 -> 120.0831 | O66: =L66-I66 -> 0 | P66: =N66-K66 -> -6.232687 | Q66: =N66/K66 -> 0.95065789 | R66: =Q76 -> 0.956914 | S66: 0.083333333 | T66: 0.13611111 | V66: =(T66-S66)*24*60 -> 76 | W66: =T66 -> 0.13611111 | X66: =S67 -> 0.15416667 | AA66: =M66-J66 -> -118.42105 | AB66: =M66/J66 -> 0.95065789 | AC66: =AB76 -> 0.956914
A67: 新豐4線 | B67: 三明治 | C67: 火腿起司蛋三明治 | E67: 19.02 | F67: 6400 | G67: =E67*F67 -> 121728 | H67: 2 | I67: 15 | J67: 2400 | K67: =J67/I67 -> 160 | L67: 15 | M67: =F67/V67*60 -> 2285.7143 | N67: =M67/L67 -> 152.38095 | O67: =L67-I67 -> 0 | P67: =N67-K67 -> -7.6190476 | Q67: =N67/K67 -> 0.95238095 | S67: 0.15416667 | T67: 0.27083333 | U67: =(S67-T66)*24*60 -> 26 | V67: =(T67-S67)*24*60 -> 168 | AA67: =M67-J67 -> -114.28571 | AB67: =M67/J67 -> 0.95238095
A68: 新豐4線 | B68: 三明治 | C68: 起司芋見肉鬆三明治 | E68: 24.25 | F68: 3712 | G68: =E68*F68 -> 90016 | I68: 18 | J68: 2400 | K68: =J68/I68 -> 133.33333 | L68: 18 | M68: =F68/V68*60 -> 2296.0825 | N68: =M68/L68 -> 127.56014 | O68: =L68-I68 -> 0 | P68: =N68-K68 -> -5.7731959 | Q68: =N68/K68 -> 0.95670103 | S68: 0.275 | T68: 0.34236111 | U68: =(S68-T67)*24*60 -> 6 | V68: =(T68-S68)*24*60 -> 97 | AA68: =M68-J68 -> -103.91753 | AB68: =M68/J68 -> 0.95670103
A69: 新豐4線 | B69: 三明治 | C69: 肉鬆火腿三明治 | E69: 20.52 | F69: 3100 | G69: =E69*F69 -> 63612 | H69: 2 | I69: 18 | J69: 2400 | K69: =J69/I69 -> 133.33333 | L69: 18 | M69: =F69/V69*60 -> 2296.2963 | N69: =M69/L69 -> 127.57202 | O69: =L69-I69 -> 0 | P69: =N69-K69 -> -5.7613169 | Q69: =N69/K69 -> 0.95679012 | S69: 0.34791667 | T69: 0.40416667 | U69: =(S69-T68)*24*60 -> 8 | V69: =(T69-S69)*24*60 -> 81 | AA69: =M69-J69 -> -103.7037 | AB69: =M69/J69 -> 0.95679012
A70: 新豐4線 | B70: 三明治 | C70: 花生芝麻麻糬三明治 | E70: 24.25 | F70: 3100 | G70: =E70*F70 -> 75175 | H70: 2 | I70: 17 | J70: 2400 | K70: =J70/I70 -> 141.17647 | L70: 17 | M70: =F70/V70*60 -> 2296.2963 | N70: =M70/L70 -> 135.07625 | O70: =L70-I70 -> 0 | P70: =N70-K70 -> -6.1002179 | Q70: =N70/K70 -> 0.95679012 | S70: 0.40833333 | T70: 0.46458333 | U70: =(S70-T69)*24*60 -> 6 | V70: =(T70-S70)*24*60 -> 81 | AA70: =M70-J70 -> -103.7037 | AB70: =M70/J70 -> 0.95679012
A71: 新豐4線 | B71: 三明治 | C71: 藍莓優格三明治(114年) | E71: 22.35 | F71: 2208 | G71: =E71*F71 -> 49348.8 | I71: 16 | J71: 2400 | K71: =J71/I71 -> 150 | L71: 16 | M71: =F71/V71*60 -> 2284.1379 | N71: =M71/L71 -> 142.75862 | O71: =L71-I71 -> 0 | P71: =N71-K71 -> -7.2413793 | Q71: =N71/K71 -> 0.95172414 | S71: 0.46875 | T71: 0.50902778 | U71: =(S71-T70)*24*60 -> 6 | V71: =(T71-S71)*24*60 -> 58 | AA71: =M71-J71 -> -115.86207 | AB71: =M71/J71 -> 0.95172414
A72: 新豐4線 | B72: 三明治 | C72: 瘋狂起司三明治(113年) | E72: 24.45 | F72: 2766 | G72: =E72*F72 -> 67628.7 | I72: 20 | J72: 2400 | K72: =J72/I72 -> 120 | L72: 20 | M72: =F72/V72*60 -> 2305 | N72: =M72/L72 -> 115.25 | O72: =L72-I72 -> 0 | P72: =N72-K72 -> -4.75 | Q72: =N72/K72 -> 0.96041667 | S72: 0.5125 | T72: 0.5625 | U72: =(S72-T71)*24*60 -> 5 | V72: =(T72-S72)*24*60 -> 72 | AA72: =M72-J72 -> -95 | AB72: =M72/J72 -> 0.96041667
A73: 新豐4線 | B73: 三明治 | C73: 火腿起司蛋三明治 | E73: 19.02 | F73: 5400 | G73: =E73*F73 -> 102708 | I73: 15 | J73: 2400 | K73: =J73/I73 -> 160 | L73: 15 | M73: =F73/V73*60 -> 2297.8723 | N73: =M73/L73 -> 153.19149 | O73: =L73-I73 -> 0 | P73: =N73-K73 -> -6.8085106 | Q73: =N73/K73 -> 0.95744681 | S73: 0.56597222 | T73: 0.66388889 | U73: =(S73-T72)*24*60 -> 5 | V73: =(T73-S73)*24*60 -> 141 | AA73: =M73-J73 -> -102.12766 | AB73: =M73/J73 -> 0.95744681
A74: 新豐4線 | B74: 三明治 | C74: 花生芝麻麻糬三明治 | E74: 24.25 | F74: 2205 | G74: =E74*F74 -> 53471.25 | I74: 17 | J74: 2400 | K74: =J74/I74 -> 141.17647 | L74: 17 | M74: =F74/V74*60 -> 2321.0526 | N74: =M74/L74 -> 136.53251 | O74: =L74-I74 -> 0 | P74: =N74-K74 -> -4.6439628 | Q74: =N74/K74 -> 0.96710526 | S74: 0.66805556 | T74: 0.70763889 | U74: =(S74-T73)*24*60 -> 6 | V74: =(T74-S74)*24*60 -> 57 | AA74: =M74-J74 -> -78.947368 | AB74: =M74/J74 -> 0.96710526
A75: 新豐4線 | B75: 三明治 | C75: 肉鬆火腿三明治 | E75: 20.52 | F75: 2417 | G75: =E75*F75 -> 49596.84 | I75: 18 | J75: 2400 | K75: =J75/I75 -> 133.33333 | L75: 18 | M75: =F75/V75*60 -> 2301.9048 | N75: =M75/L75 -> 127.8836 | O75: =L75-I75 -> 0 | P75: =N75-K75 -> -5.4497354 | Q75: =N75/K75 -> 0.95912698 | S75: 0.71319444 | T75: 0.75694444 | U75: =(S75-T74)*24*60 -> 8 | V75: =(T75-S75)*24*60 -> 63 | AA75: =M75-J75 -> -98.095238 | AB75: =M75/J75 -> 0.95912698
A76: 新豐4線 | B76: 平均 | I76: 17.3 | J76: 2400 | K76: =J76/I76 -> 138.72832 | L76: 17.3 | M76: =AVERAGE(M66:M75) -> 2296.5936 | N76: =M76/L76 -> 132.75107 | O76: =L76-I76 -> 0 | P76: =N76-K76 -> -5.9772488 | Q76: =N76/K76 -> 0.956914 | AA76: =M76-J76 -> -103.4064 | AB76: =M76/J76 -> 0.956914

Sheet 0928
B1: 屏榮 新豐廠組合室生產人時性分析
B3: 日期 | C3: =TEXT('0928 4度C'!A2,"yyyy.mm.ddaaaa") -> 2025.09.28星期日 | E3: 訂單量 | F3: ='0928 4度C'!D1 -> 145605 | H3: 營業額 | I3: ='0928 4度C'!F1 -> 4811205.6
B4: 人時性 | C4: 項目 | E4: ➀ | G4: ➁ | I4: ➂
C5: 組合室 | E5: 全溫層 | G5: 4度C-各編組展開 | I5: ③三明治-各編組展開
C6: 排關平均 | E6: =AVERAGE(D13:M13) -> 149.55969 | F6: =AVERAGE(D27:O27,D13:J13) -> 154.31767 | G6: =AVERAGE(D13:J13) -> 154.31767 | I6: =AVERAGE(K13:M13) -> 138.45775
C7: 實績平均 | E7: =AVERAGE(D14:M14) -> 143.24769 | F7: =AVERAGE(D28:O28,D14:J14) -> 147.90015 | G7: =AVERAGE(D14:J14) -> 147.90015 | I7: =AVERAGE(K14:M14) -> 132.39194
C8: 達成率平均 | E8: =AVERAGE(D15:M15) -> 0.95761807 | F8: =AVERAGE(D15:J15,D29:O29) -> 0.95820715 | G8: =AVERAGE(D15:J15) -> 0.95820715 | I8: =AVERAGE(K15:M15) -> 0.95624354 | K8: ※現行日本鮮食廠以達成率80%為基本(即為現行KPI)
B10: 溫層 | D10: ➁4度C-各編組展開 | K10: ③三明治-各編組展開
B11: 編組 | D11: 1 | E11: 2 | F11: 3 | G11: 4 | H11: 5 | I11: 6 | J11: 7 | K11: 1 | L11: 2 | M11: 3
D12: 新豐6線 | E12: 新豐2線 | F12: 新豐5線 | G12: 新豐7線 | H12: 新豐3線 | I12: 新豐1線 | J12: 新豐10線 | K12: 新豐8線 | L12: 新豐9線 | M12: 新豐4線
B13: 人時性 | C13: 排關 | D13: =SUMIFS('0928 4度C'!$K:$K,'0928 4度C'!$A:$A,"新豐6線",'0928 4度C'!$B:$B,"平均") -> 125 | E13: =SUMIFS('0928 4度C'!$K:$K,'0928 4度C'!$A:$A,"新豐2線",'0928 4度C'!$B:$B,"平均") -> 88.235294 | F13: =SUMIFS('0928 4度C'!$K:$K,'0928 4度C'!$A:$A,"新豐5線",'0928 4度C'!$B:$B,"平均") -> 88.541667 | G13: =SUMIFS('0928 4度C'!$K:$K,'0928 4度C'!$A:$A,"新豐7線",'0928 4度C'!$B:$B,"平均") -> 119.04762 | H13: =SUMIFS('0928 4度C'!$K:$K,'0928 4度C'!$A:$A,"新豐3線",'0928 4度C'!$B:$B,"平均") -> 310.34483 | I13: =SUMIFS('0928 4度C'!$K:$K,'0928 4度C'!$A:$A,"新豐1線",'0928 4度C'!$B:$B,"平均") -> 117.34694 | J13: =SUMIFS('0928 4度C'!$K:$K,'0928 4度C'!$A:$A,"新豐10線",'0928 4度C'!$B:$B,"平均") -> 231.70732 | K13: =SUMIFS('0928 4度C'!$K:$K,'0928 4度C'!$A:$A,"新豐8線",'0928 4度C'!$B:$B,"平均") -> 133.33333 | L13: =SUMIFS('0928 4度C'!$K:$K,'0928 4度C'!$A:$A,"新豐9線",'0928 4度C'!$B:$B,"平均") -> 145.45455 | M13: =SUMIFS('0928 4度C'!$K:$K,'0928 4度C'!$A:$A,"新豐4線",'0928 4度C'!$B:$B,"平均") -> 136.58537
C14: 實績 | D14: =SUMIFS('0928 4度C'!$N:$N,'0928 4度C'!$A:$A,"新豐6線",'0928 4度C'!$B:$B,"平均") -> 120.08964 | E14: =SUMIFS('0928 4度C'!$N:$N,'0928 4度C'!$A:$A,"新豐2線",'0928 4度C'!$B:$B,"平均") -> 84.324324 | F14: =SUMIFS('0928 4度C'!$N:$N,'0928 4度C'!$A:$A,"新豐5線",'0928 4度C'!$B:$B,"平均") -> 84.775048 | G14: =SUMIFS('0928 4度C'!$N:$N,'0928 4度C'!$A:$A,"新豐7線",'0928 4度C'!$B:$B,"平均") -> 113.85188 | H14: =SUMIFS('0928 4度C'!$N:$N,'0928 4度C'!$A:$A,"新豐3線",'0928 4度C'!$B:$B,"平均") -> 297.12685 | I14: =SUMIFS('0928 4度C'!$N:$N,'0928 4度C'!$A:$A,"新豐1線",'0928 4度C'!$B:$B,"平均") -> 112.57112 | J14: =SUMIFS('0928 4度C'!$N:$N,'0928 4度C'!$A:$A,"新豐10線",'0928 4度C'!$B:$B,"平均") -> 222.56222 | K14: =SUMIFS('0928 4度C'!$N:$N,'0928 4度C'!$A:$A,"新豐8線",'0928 4度C'!$B:$B,"平均") -> 127.72044 | L14: =SUMIFS('0928 4度C'!$N:$N,'0928 4度C'!$A:$A,"新豐9線",'0928 4度C'!$B:$B,"平均") -> 138.81491 | M14: =SUMIFS('0928 4度C'!$N:$N,'0928 4度C'!$A:$A,"新豐4線",'0928 4度C'!$B:$B,"平均") -> 130.64046
C15: 達成率 | D15: =D14/D13 -> 0.96071709 | E15: =E14/E13 -> 0.95567568 | F15: =F14/F13 -> 0.95745937 | G15: =G14/G13 -> 0.95635578 | H15: =H14/H13 -> 0.95740875 | I15: =I14/I13 -> 0.95930174 | J15: =J14/J13 -> 0.96053169 | K15: =K14/K13 -> 0.95790331 | ... M15: =M14/M13 -> 0.95647482
B16: 作業 時間 | C16: 開始 | D16: =VLOOKUP("新豐6線",'0928 4度C'!$A:$T,19,0) -> 0.70833333 | E16: =VLOOKUP("新豐2線",'0928 4度C'!$A:$T,19,0) -> 0.20833333 | F16: =VLOOKUP("新豐5線",'0928 4度C'!$A:$T,19,0) -> 0.20833333 | G16: =VLOOKUP("新豐7線",'0928 4度C'!$A:$T,19,0) -> 0.20833333 | H16: =VLOOKUP("新豐3線",'0928 4度C'!$A:$T,19,0) -> 0.083333333 | I16: =VLOOKUP("新豐1線",'0928 4度C'!$A:$T,19,0) -> 0.29166667 | J16: =VLOOKUP("新豐10線",'0928 4度C'!$A:$T,19,0) -> 0.20833333 | K16: =VLOOKUP("新豐8線",'0928 4度C'!$A:$T,19,0) -> 0.083333333 | L16: =VLOOKUP("新豐9線",'0928 4度C'!$A:$T,19,0) -> 0.083333333 | M16: =VLOOKUP("新豐4線",'0928 4度C'!$A:$T,19,0) -> 0.083333333
C17: 結束 | D17: =LOOKUP(2,1/(('0928 4度C'!$A:$A="新豐6線")*('0928 4度C'!$T:$T<>"")),'0928 4度C'!$T:$T) -> 0.825 | E17: =LOOKUP(2,1/(('0928 4度C'!$A:$A="新豐2線")*('0928 4度C'!$T:$T<>"")),'0928 4度C'!$T:$T) -> 0.3625 | F17: =LOOKUP(2,1/(('0928 4度C'!$A:$A="新豐5線")*('0928 4度C'!$T:$T<>"")),'0928 4度C'!$T:$T) -> 0.83819444 | G17: =LOOKUP(2,1/(('0928 4度C'!$A:$A="新豐7線")*('0928 4度C'!$T:$T<>"")),'0928 4度C'!$T:$T) -> 0.775 | H17: =LOOKUP(2,1/(('0928 4度C'!$A:$A="新豐3線")*('0928 4度C'!$T:$T<>"")),'0928 4度C'!$T:$T) -> 0.425 | I17: =LOOKUP(2,1/(('0928 4度C'!$A:$A="新豐1線")*('0928 4度C'!$T:$T<>"")),'0928 4度C'!$T:$T) -> 0.84027778 | J17: =LOOKUP(2,1/(('0928 4度C'!$A:$A="新豐10線")*('0928 4度C'!$T:$T<>"")),'0928 4度C'!$T:$T) -> 0.39513889 | K17: =LOOKUP(2,1/(('0928 4度C'!$A:$A="新豐8線")*('0928 4度C'!$T:$T<>"")),'0928 4度C'!$T:$T) -> 0.60416667 | L17: =LOOKUP(2,1/(('0928 4度C'!$A:$A="新豐9線")*('0928 4度C'!$T:$T<>"")),'0928 4度C'!$T:$T) -> 0.54513889 | M17: =LOOKUP(2,1/(('0928 4度C'!$A:$A="新豐4線")*('0928 4度C'!$T:$T<>"")),'0928 4度C'!$T:$T) -> 0.53680556
B18: 配置人數 | D18: =SUMIFS('0928 4度C'!$I:$I,'0928 4度C'!$A:$A,"新豐6線",'0928 4度C'!$B:$B,"平均") -> 16 | E18: =SUMIFS('0928 4度C'!$I:$I,'0928 4度C'!$A:$A,"新豐2線",'0928 4度C'!$B:$B,"平均") -> 17 | F18: =SUMIFS('0928 4度C'!$I:$I,'0928 4度C'!$A:$A,"新豐5線",'0928 4度C'!$B:$B,"平均") -> 19.2 | G18: =SUMIFS('0928 4度C'!$I:$I,'0928 4度C'!$A:$A,"新豐7線",'0928 4度C'!$B:$B,"平均") -> 16.8 | H18: =SUMIFS('0928 4度C'!$I:$I,'0928 4度C'!$A:$A,"新豐3線",'0928 4度C'!$B:$B,"平均") -> 9.6666667 | I18: =SUMIFS('0928 4度C'!$I:$I,'0928 4度C'!$A:$A,"新豐1線",'0928 4度C'!$B:$B,"平均") -> 16.333333 | J18: =SUMIFS('0928 4度C'!$I:$I,'0928 4度C'!$A:$A,"新豐10線",'0928 4度C'!$B:$B,"平均") -> 10.25 | K18: =SUMIFS('0928 4度C'!$I:$I,'0928 4度C'!$A:$A,"新豐8線",'0928 4度C'!$B:$B,"平均") -> 18 | L18: =SUMIFS('0928 4度C'!$I:$I,'0928 4度C'!$A:$A,"新豐9線",'0928 4度C'!$B:$B,"平均") -> 16.5 | M18: =SUMIFS('0928 4度C'!$I:$I,'0928 4度C'!$A:$A,"新豐4線",'0928 4度C'!$B:$B,"平均") -> 17.571429
B19: 主要應用設備 | D19: ET-55 | E19: 熱縮爐 | F19: L型包裝機 | G19: L型包裝機 | H19: 伺服包裝機 | I19: ET-55 | J19: 伺服包裝機 | K19: 三明治包裝機 | L19: 三明治包裝機 | M19: 三明治包裝機
B20: 次要應用設備 | F20: 圓盤機 | G20: ET-55
B21: 備註 | E21: 握沙拉 | F21: 共用L型包裝機 | H21: 調理麵包 | I21: 炒飯+沙拉 | J21: 調理麵包

Sheet 0928 4度C
A1: 新豐廠四度C日報分析 | C1: 總生產量 | D1: =SUM(F5:F63) -> 145605 | E1: 營業額 | F1: =SUM(G5:G63) -> 4811205.6 | G1: 出勤人數 | H1: =L8+L10+L43+L50+L16+L55+L31+L36+L22+L63 -> 157.32143 | I1: 產線配置圖 | L1: 生產實績 | O1: 人時性差異分析 | S1: 日報登錄 | Y1: 分析說明 | AA1: 產能差異分析
A2: 45928 | B2: 星期日 | C2: 人時性 | D2: =AVERAGE(N8,N10,N43,N50,N16,N55,N22,N31,N36,N63) -> 143.24769 | E2: 平均廠價 | F2: =F1/D1 -> 33.04286 | G2: 多次生產數 | H2: =COUNT(H5:H62) -> 1
A3: 線別 | B3: 品類 | C3: 品名 | E3: 廠價 | F3: 生產量 | G3: 營收 | H3: 多次 生產 | I3: 人數 | J3: 產能/時 | K3: 人時性 | L3: 人數 | M3: 產能/時 | N3: 人時性 | O3: 人數 | P3: 人時性 | Q3: 達成率 | R3: 達成率平均 | S3: 生產時間 | U3: 換線、休息/分 | V3: 稼動時間/分 | W3: 休息時間 | Y3: (新豐回填) | AA3: 產能/時 | AB3: 達成率 | AC3: 達成率平均
S4: 開始 | T4: 結束 | W4: 開始 | X4: 結束
A5: 新豐6線 | B5: 微波主食 | C5: 二配煸椒烘蛋飯 | E5: 46.93 | F5: 901 | G5: =E5*F5 -> 42283.93 | I5: 16 | J5: 2000 | K5: =J5/I5 -> 125 | L5: 16 | M5: =F5/V5*60 -> 1930.7143 | N5: =M5/L5 -> 120.66964 | O5: =L5-I5 -> 0 | P5: =N5-K5 -> -4.3303571 | Q5: =N5/K5 -> 0.96535714 | R5: =Q8 -> 0.96071709 | S5: 0.70833333 | T5: 0.72777778 | V5: =(T5-S5)*24*60 -> 28 | AA5: =M5-J5 -> -69.285714 | AB5: =M5/J5 -> 0.96535714 | AC5: =AB8 -> 0.96071709
A6: 新豐6線 | B6: 微波主食 | C6: 二配川味麻婆燒豆腐燴飯 | E6: 50.49 | F6: 2171 | G6: =E6*F6 -> 109613.79 | I6: 15 | J6: 2000 | K6: =J6/I6 -> 133.33333 | L6: 15 | M6: =F6/V6*60 -> 1915.5882 | N6: =M6/L6 -> 127.70588 | O6: =L6-I6 -> 0 | P6: =N6-K6 -> -5.627451 | Q6: =N6/K6 -> 0.95779412 | S6: 0.73194444 | T6: 0.77916667 | U6: =(S6-T5)*24*60 -> 6 | V6: =(T6-S6)*24*60 -> 68 | AA6: =M6-J6 -> -84.411765 | AB6: =M6/J6 -> 0.95779412
A7: 新豐6線 | B7: 微波主食 | C7: 二配港式香滑嫩蛋牛肉燴飯 | E7: 50.67 | F7: 1918 | G7: =E7*F7 -> 97185.06 | I7: 17 | J7: 2000 | K7: =J7/I7 -> 117.64706 | L7: 17 | M7: =F7/V7*60 -> 1918 | N7: =M7/L7 -> 112.82353 | O7: =L7-I7 -> 0 | P7: =N7-K7 -> -4.8235294 | Q7: =N7/K7 -> 0.959 | S7: 0.78333333 | T7: 0.825 | U7: =(S7-T6)*24*60 -> 6 | V7: =(T7-S7)*24*60 -> 60 | AA7: =M7-J7 -> -82 | AB7: =M7/J7 -> 0.959
A8: 新豐6線 | B8: 平均 | I8: 16 | J8: 2000 | K8: =J8/I8 -> 125 | L8: 16 | M8: =AVERAGE(M5:M7) -> 1921.4342 | N8: =M8/L8 -> 120.08964 | O8: =L8-I8 -> 0 | P8: =N8-K8 -> -4.9103641 | Q8: =N8/K8 -> 0.96071709 | AA8: =M8-J8 -> -78.565826 | AB8: =M8/J8 -> 0.96071709
A9: 新豐2線 | B9: 沙拉 | C9: 青檸烤雞握沙拉(113年) | E9: 39.8 | F9: 5304 | G9: =E9*F9 -> 211099.2 | I9: 17 | J9: 1500 | K9: =J9/I9 -> 88.235294 | L9: 17 | M9: =F9/V9*60 -> 1433.5135 | N9: =M9/L9 -> 84.324324 | O9: =L9-I9 -> 0 | P9: =N9-K9 -> -3.9109698 | Q9: =N9/K9 -> 0.95567568 | R9: =Q10 -> 0.95567568 | S9: 0.20833333 | T9: 0.3625 | V9: =(T9-S9)*24*60 -> 222 | AA9: =M9-J9 -> -66.486486 | AB9: =M9/J9 -> 0.95567568 | AC9: =AB10 -> 0.95567568
A10: 新豐2線 | B10: 平均 | I10: 17 | J10: 1500 | K10: =J10/I10 -> 88.235294 | L10: 17 | M10: =AVERAGE(M9:M9) -> 1433.5135 | N10: =M10/L10 -> 84.324324 | O10: =L10-I10 -> 0 | P10: =N10-K10 -> -3.9109698 | Q10: =N10/K10 -> 0.95567568 | AA10: =M10-J10 -> -66.486486 | AB10: =M10/J10 -> 0.95567568
A11: 新豐5線 | B11: 小吃 | C11: 剝皮辣椒雞湯 | E11: 41 | F11: 1827 | G11: =E11*F11 -> 74907 | I11: 26 | J11: 1500 | K11: =J11/I11 -> 57.692308 | L11: 26 | M11: =F11/V11*60 -> 1442.3684 | N11: =M11/L11 -> 55.475709 | O11: =L11-I11 -> 0 | P11: =N11-K11 -> -2.2165992 | Q11: =N11/K11 -> 0.96157895 | R11: =Q16 -> 0.95745937 | S11: 0.20833333 | T11: 0.26111111 | V11: =(T11-S11)*24*60 -> 76 | AA11: =M11-J11 -> -57.631579 | AB11: =M11/J11 -> 0.96157895 | AC11: =AB16 -> 0.95745937
A12: 新豐5線 | B12: 沙拉 | C12: 青醬優格雞肉握沙拉(113年) | E12: 39.62 | F12: 3764 | G12: =E12*F12 -> 149129.68 | I12: 19 | J12: 1500 | K12: =J12/I12 -> 78.947368 | L12: 19 | M12: =F12/V12*60 -> 1429.3671 | N12: =M12/L12 -> 75.229847 | O12: =L12-I12 -> 0 | P12: =N12-K12 -> -3.7175217 | Q12: =N12/K12 -> 0.95291139 | S12: 0.26458333 | T12: 0.37430556 | U12: =IF(S12=TIME(17,0,0),"",(S12-T11)*24*60) -> 5 | V12: =(T12-S12)*24*60 -> 158 | AA12: =M12-J12 -> -70.632911 | AB12: =M12/J12 -> 0.95291139
A13: 新豐5線 | B13: 沙拉 | C13: 韓式泡菜豆腐握沙拉 | E13: 39.36 | F13: 2688 | G13: =E13*F13 -> 105799.68 | I13: 20 | J13: 1500 | K13: =J13/I13 -> 75 | L13: 20 | M13: =F13/V13*60 -> 1440 | N13: =M13/L13 -> 72 | O13: =L13-I13 -> 0 | P13: =N13-K13 -> -3 | Q13: =N13/K13 -> 0.96 | S13: 0.37777778 | T13: 0.45555556 | U13: =IF(S13=TIME(17,0,0),"",(S13-T12)*24*60) -> 5 | V13: =(T13-S13)*24*60 -> 112 | AA13: =M13-J13 -> -60 | AB13: =M13/J13 -> 0.96
A14: 新豐5線 | B14: 微波主食 | C14: 二配金咖哩濃厚辛辣咖哩飯 | E14: 50.98 | F14: 2773 | G14: =E14*F14 -> 141367.54 | I14: 16 | J14: 2000 | K14: =J14/I14 -> 125 | L14: 16 | M14: =F14/V14*60 -> 1912.4138 | N14: =M14/L14 -> 119.52586 | O14: =L14-I14 -> 0 | P14: =N14-K14 -> -5.4741379 | Q14: =N14/K14 -> 0.9562069 | S14: 0.70833333 | T14: 0.76875 | U14: =IF(S14=TIME(17,0,0),"",(S14-T13)*24*60) | V14: =(T14-S14)*24*60 -> 87 | AA14: =M14-J14 -> -87.586207 | AB14: =M14/J14 -> 0.9562069
A15: 新豐5線 | B15: 微波主食 | C15: 二配金咖哩果香甘口咖哩飯 | E15: 50.92 | F15: 2999 | G15: =E15*F15 -> 152709.08 | I15: 15 | J15: 2000 | K15: =J15/I15 -> 133.33333 | L15: 15 | M15: =F15/V15*60 -> 1914.2553 | N15: =M15/L15 -> 127.61702 | O15: =L15-I15 -> 0 | P15: =N15-K15 -> -5.7163121 | Q15: =N15/K15 -> 0.95712766 | S15: 0.77291667 | T15: 0.83819444 | U15: =IF(S15=TIME(17,0,0),"",(S15-T14)*24*60) -> 6 | V15: =(T15-S15)*24*60 -> 94 | AA15: =M15-J15 -> -85.744681 | AB15: =M15/J15 -> 0.95712766
A16: 新豐5線 | B16: 平均 | I16: 19.2 | J16: 1700 | K16: =J16/I16 -> 88.541667 | L16: 19.2 | M16: =AVERAGE(M11:M15) -> 1627.6809 | N16: =M16/L16 -> 84.775048 | O16: =L16-I16 -> 0 | P16: =N16-K16 -> -3.7666185 | Q16: =N16/K16 -> 0.95745937 | AA16: =M16-J16 -> -72.319076 | AB16: =M16/J16 -> 0.95745937
A17: 新豐7線 | B17: 小吃 | C17: 古早味炒炊粉 | E17: 43.14 | F17: 1175 | G17: =E17*F17 -> 50689.5 | I17: 17 | J17: 2000 | K17: =J17/I17 -> 117.64706 | L17: 17 | M17: =F17/V17*60 -> 1905.4054 | N17: =M17/L17 -> 112.08267 | O17: =L17-I17 -> 0 | P17: =N17-K17 -> -5.5643879 | Q17: =N17/K17 -> 0.9527027 | R17: =Q22 -> 0.95635578 | S17: 0.20833333 | T17: 0.23402778 | V17: =(T17-S17)*24*60 -> 37 | AA17: =M17-J17 -> -94.594595 | AB17: =M17/J17 -> 0.9527027 | AC17: =AB22 -> 0.95635578
A18: 新豐7線 | B18: 微波主食 | C18: 鐵板滑蛋炸豬排丼 | E18: 57.73 | F18: 2268 | G18: =E18*F18 -> 130931.64 | I18: 15 | J18: 2000 | K18: =J18/I18 -> 133.33333 | L18: 15 | M18: =F18/V18*60 -> 1916.6197 | N18: =M18/L18 -> 127.77465 | O18: =L18-I18 -> 0 | P18: =N18-K18 -> -5.5586854 | Q18: =N18/K18 -> 0.95830986 | S18: 0.2375 | T18: 0.28680556 | U18: =IF(S18=TIME(17,0,0),"",(S18-T17)*24*60) -> 5 | V18: =(T18-S18)*24*60 -> 71 | AA18: =M18-J18 -> -83.380282 | AB18: =M18/J18 -> 0.95830986
A19: 新豐7線 | B19: 微波主食 | C19: 極上炙烤親子丼 | E19: 53.68 | F19: 1653 | G19: =E19*F19 -> 88733.04 | I19: 16 | J19: 2000 | K19: =J19/I19 -> 125 | L19: 16 | M19: =F19/V19*60 -> 1907.3077 | N19: =M19/L19 -> 119.20673 | O19: =L19-I19 -> 0 | P19: =N19-K19 -> -5.7932692 | Q19: =N19/K19 -> 0.95365385 | S19: 0.29236111 | T19: 0.32847222 | U19: =IF(S19=TIME(17,0,0),"",(S19-T18)*24*60) -> 8 | V19: =(T19-S19)*24*60 -> 52 | AA19: =M19-J19 -> -92.692308 | AB19: =M19/J19 -> 0.95365385
A20: 新豐7線 | B20: 微波主食 | C20: 白味噌壽喜燒飯 | E20: 53.27 | F20: 1603 | G20: =E20*F20 -> 85391.81 | I20: 17 | J20: 2000 | K20: =J20/I20 -> 117.64706 | L20: 17 | M20: =F20/V20*60 -> 1923.6 | N20: =M20/L20 -> 113.15294 | O20: =L20-I20 -> 0 | P20: =N20-K20 -> -4.4941176 | Q20: =N20/K20 -> 0.9618 | S20: 0.33402778 | T20: 0.36875 | U20: =IF(S20=TIME(17,0,0),"",(S20-T19)*24*60) -> 8 | V20: =(T20-S20)*24*60 -> 50 | AA20: =M20-J20 -> -76.4 | AB20: =M20/J20 -> 0.9618
A21: 新豐7線 | B21: 微波主食 | C21: 二配美味蟹煲 | E21: 54.09 | F21: 3057 | G21: =E21*F21 -> 165353.13 | I21: 19 | J21: 2000 | K21: =J21/I21 -> 105.26316 | L21: 19 | M21: =F21/V21*60 -> 1910.625 | N21: =M21/L21 -> 100.55921 | O21: =L21-I21 -> 0 | P21: =N21-K21 -> -4.7039474 | Q21: =N21/K21 -> 0.9553125 | S21: 0.70833333 | T21: 0.775 | U21: =IF(S21=TIME(17,0,0),"",(S21-T20)*24*60) | V21: =(T21-S21)*24*60 -> 96 | AA21: =M21-J21 -> -89.375 | AB21: =M21/J21 -> 0.9553125
A22: 新豐7線 | B22: 平均 | I22: 16.8 | J22: 2000 | K22: =J22/I22 -> 119.04762 | L22: 16.8 | M22: =AVERAGE(M17:M21) -> 1912.7116 | N22: =M22/L22 -> 113.85188 | O22: =L22-I22 -> 0 | P22: =N22-K22 -> -5.1957403 | Q22: =N22/K22 -> 0.95635578 | AA22: =M22-J22 -> -87.288437 | AB22: =M22/J22 -> 0.95635578
A23: 新豐8線 | B23: 三明治 | C23: 經典總匯三明治 | E23: 26.2 | F23: 3497 | G23: =E23*F23 -> 91621.4 | I23: 20 | J23: 2400 | K23: =J23/I23 -> 120 | L23: 20 | M23: =F23/V23*60 -> 2305.7143 | N23: =M23/L23 -> 115.28571 | O23: =L23-I23 -> 0 | P23: =N23-K23 -> -4.7142857 | Q23: =N23/K23 -> 0.96071429 | R23: =Q31 -> 0.95790331 | S23: 0.083333333 | T23: 0.14652778 | V23: =(T23-S23)*24*60 -> 91 | W23: =T23 -> 0.14652778 | X23: =S24 -> 0.16666667 | AA23: =M23-J23 -> -94.285714 | AB23: =M23/J23 -> 0.96071429 | AC23: =AB31 -> 0.95790331
A24: 新豐8線 | B24: 三明治 | C24: 紐奧良風味烤雞鮮蔬三明治 | E24: 31.29 | F24: 4200 | G24: =E24*F24 -> 131418 | H24: 2 | I24: 18 | J24: 2400 | K24: =J24/I24 -> 133.33333 | L24: 18 | M24: =F24/V24*60 -> 2290.9091 | N24: =M24/L24 -> 127.27273 | O24: =L24-I24 -> 0 | P24: =N24-K24 -> -6.0606061 | Q24: =N24/K24 -> 0.95454545 | S24: 0.16666667 | T24: 0.24305556 | U24: =(S24-T23)*24*60 -> 29 | V24: =(T24-S24)*24*60 -> 110 | AA24: =M24-J24 -> -109.09091 | AB24: =M24/J24 -> 0.95454545
A25: 新豐8線 | B25: 三明治 | C25: 雞蛋沙拉三明治 | E25: 25 | F25: 3303 | G25: =E25*F25 -> 82575 | I25: 15 | J25: 2400 | K25: =J25/I25 -> 160 | L25: 15 | M25: =F25/V25*60 -> 2304.4186 | N25: =M25/L25 -> 153.62791 | O25: =L25-I25 -> 0 | P25: =N25-K25 -> -6.372093 | Q25: =N25/K25 -> 0.96017442 | S25: 0.24861111 | T25: 0.30833333 | U25: =(S25-T24)*24*60 -> 8 | V25: =(T25-S25)*24*60 -> 86 | AA25: =M25-J25 -> -95.581395 | AB25: =M25/J25 -> 0.96017442
A26: 新豐8線 | B26: 三明治 | C26: 陽光地瓜總匯三明治 | E26: 26.18 | F26: 3128 | G26: =E26*F26 -> 81891.04 | I26: 19 | J26: 2400 | K26: =J26/I26 -> 126.31579 | L26: 19 | M26: =F26/V26*60 -> 2288.7805 | N26: =M26/L26 -> 120.46213 | O26: =L26-I26 -> 0 | P26: =N26-K26 -> -5.8536585 | Q26: =N26/K26 -> 0.95365854 | S26: 0.31388889 | T26: 0.37083333 | U26: =(S26-T25)*24*60 -> 8 | V26: =(T26-S26)*24*60 -> 82 | AA26: =M26-J26 -> -111.21951 | AB26: =M26/J26 -> 0.95365854
A27: 新豐8線 | B27: 三明治 | C27: 好多菜三明治 | E27: 26.2 | F27: 3219 | G27: =E27*F27 -> 84337.8 | I27: 19 | J27: 2400 | K27: =J27/I27 -> 126.31579 | L27: 19 | M27: =F27/V27*60 -> 2299.2857 | N27: =M27/L27 -> 121.01504 | O27: =L27-I27 -> 0 | P27: =N27-K27 -> -5.3007519 | Q27: =N27/K27 -> 0.95803571 | S27: 0.37569444 | T27: 0.43402778 | U27: =(S27-T26)*24*60 -> 7 | V27: =(T27-S27)*24*60 -> 84 | AA27: =M27-J27 -> -100.71429 | AB27: =M27/J27 -> 0.95803571
A28: 新豐8線 | B28: 三明治 | C28: 龍蝦風味總匯三明治 | E28: 25.98 | F28: 1308 | G28: =E28*F28 -> 33981.84 | I28: 17 | J28: 2400 | K28: =J28/I28 -> 141.17647 | L28: 17 | M28: =F28/V28*60 -> 2308.2353 | N28: =M28/L28 -> 135.77855 | O28: =L28-I28 -> 0 | P28: =N28-K28 -> -5.3979239 | Q28: =N28/K28 -> 0.96176471 | S28: 0.43958333 | T28: 0.46319444 | U28: =(S28-T27)*24*60 -> 8 | V28: =(T28-S28)*24*60 -> 34 | AA28: =M28-J28 -> -91.764706 | AB28: =M28/J28 -> 0.96176471
A29: 新豐8線 | B29: 三明治 | C29: 輕乳酪巧克力三明治 | E29: 20.52 | F29: 2496 | G29: =E29*F29 -> 51217.92 | I29: 18 | J29: 2400 | K29: =J29/I29 -> 133.33333 | L29: 18 | M29: =F29/V29*60 -> 2304 | N29: =M29/L29 -> 128 | O29: =L29-I29 -> 0 | P29: =N29-K29 -> -5.3333333 | Q29: =N29/K29 -> 0.96 | S29: 0.46805556 | T29: 0.51319444 | U29: =(S29-T28)*24*60 -> 7 | V29: =(T29-S29)*24*60 -> 65 | W29: =T29 -> 0.51319444 | X29: =S30 -> 0.55208333 | AA29: =M29-J29 -> -96 | AB29: =M29/J29 -> 0.96
A30: 新豐8線 | B30: 三明治 | C30: 紐奧良風味烤雞鮮蔬三明治 | E30: 31.29 | F30: 2863 | G30: =E30*F30 -> 89583.27 | I30: 18 | J30: 2400 | K30: =J30/I30 -> 133.33333 | L30: 18 | M30: =F30/V30*60 -> 2290.4 | N30: =M30/L30 -> 127.24444 | O30: =L30-I30 -> 0 | P30: =N30-K30 -> -6.0888889 | Q30: =N30/K30 -> 0.95433333 | S30: 0.55208333 | T30: 0.60416667 | U30: =(S30-T29)*24*60 -> 56 | V30: =(T30-S30)*24*60 -> 75 | AA30: =M30-J30 -> -109.6 | AB30: =M30/J30 -> 0.95433333
A31: 新豐8線 | B31: 平均 | I31: 18 | J31: 2400 | K31: =J31/I31 -> 133.33333 | L31: 18 | M31: =AVERAGE(M23:M30) -> 2298.9679 | N31: =M31/L31 -> 127.72044 | O31: =L31-I31 -> 0 | P31: =N31-K31 -> -5.6128925 | Q31: =N31/K31 -> 0.95790331 | AA31: =M31-J31 -> -101.03207 | AB31: =M31/J31 -> 0.95790331
A32: 新豐9線 | B32: 三明治 | C32: 鮪魚起司溏心蛋三明治 | E32: 26.2 | F32: 5271 | G32: =E32*F32 -> 138100.2 | I32: 18 | J32: 2400 | K32: =J32/I32 -> 133.33333 | L32: 18 | M32: =F32/V32*60 -> 2291.7391 | N32: =M32/L32 -> 127.31884 | O32: =L32-I32 -> 0 | P32: =N32-K32 -> -6.0144928 | Q32: =N32/K32 -> 0.9548913 | R32: =Q36 -> 0.95435248 | S32: 0.083333333 | T32: 0.17916667 | V32: =(T32-S32)*24*60 -> 138 | W32: =T32 -> 0.17916667 | X32: =S33 -> 0.19861111 | AA32: =M32-J32 -> -108.26087 | AB32: =M32/J32 -> 0.9548913 | AC32: =AB36 -> 0.95435248
A33: 新豐9線 | B33: 三明治 | C33: 醬燒烤雞三明治 | E33: 26.39 | F33: 4774 | G33: =E33*F33 -> 125985.86 | I33: 19 | J33: 2400 | K33: =J33/I33 -> 126.31579 | L33: 19 | M33: =F33/V33*60 -> 2291.52 | N33: =M33/L33 -> 120.60632 | O33: =L33-I33 -> 0 | P33: =N33-K33 -> -5.7094737 | Q33: =N33/K33 -> 0.9548 | S33: 0.19861111 | T33: 0.28541667 | U33: =(S33-T32)*24*60 -> 28 | V33: =(T33-S33)*24*60 -> 125 | AA33: =M33-J33 -> -108.48 | AB33: =M33/J33 -> 0.9548
A34: 新豐9線 | B34: 三明治 | C34: 經典火腿玉米蛋三明治 | E34: 24.43 | F34: 6788 | G34: =E34*F34 -> 165830.84 | I34: 15 | J34: 2400 | K34: =J34/I34 -> 160 | L34: 15 | M34: =F34/V34*60 -> 2288.0899 | N34: =M34/L34 -> 152.53933 | O34: =L34-I34 -> 0 | P34: =N34-K34 -> -7.4606742 | Q34: =N34/K34 -> 0.95337079 | S34: 0.28958333 | T34: 0.41319444 | U34: =(S34-T33)*24*60 -> 6 | V34: =(T34-S34)*24*60 -> 178 | AA34: =M34-J34 -> -111.91011 | AB34: =M34/J34 -> 0.95337079
A35: 新豐9線 | B35: 三明治 | C35: 泰奶奶蓋QQ三明治 | E35: 24.25 | F35: 7024 | G35: =E35*F35 -> 170332 | I35: 14 | J35: 2400 | K35: =J35/I35 -> 171.42857 | L35: 14 | M35: =F35/V35*60 -> 2290.4348 | N35: =M35/L35 -> 163.60248 | O35: =L35-I35 -> 0 | P35: =N35-K35 -> -7.826087 | Q35: =N35/K35 -> 0.95434783 | S35: 0.41736111 | T35: 0.54513889 | U35: =(S35-T34)*24*60 -> 6 | V35: =(T35-S35)*24*60 -> 184 | AA35: =M35-J35 -> -109.56522 | AB35: =M35/J35 -> 0.95434783
A36: 新豐9線 | B36: 平均 | I36: 16.5 | J36: 2400 | K36: =J36/I36 -> 145.45455 | L36: 16.5 | M36: =AVERAGE(M32:M35) -> 2290.446 | N36: =M36/L36 -> 138.81491 | O36: =L36-I36 -> 0 | P36: =N36-K36 -> -6.6396394 | Q36: =N36/K36 -> 0.95435248 | AA36: =M36-J36 -> -109.55405 | AB36: =M36/J36 -> 0.95435248
A37: 新豐3線 | B37: 調理麵包 | C37: 豬肉起司堡 | E37: 21.13 | F37: 4507 | G37: 95232.91 | I37: 10 | J37: 3000 | K37: 300 | L37: 10 | M37: 2876.8085 | N37: 287.68085 | O37: 0 | P37: -12.319149 | Q37: =N37/K37 -> 0.95893617 | R37: =Q43 -> 0.95740875 | S37: 0.083333333 | T37: 0.14861111 | V37: =(T37-S37)*24*60 -> 94 | W37: =T37 -> 0.14861111 | X37: =S38 -> 0.16805556 | AA37: =M37-J37 -> -123.19149 | AB37: =M37/J37 -> 0.95893617 | AC37: =AB43 -> 0.95740875
A38: 新豐3線 | B38: 調理麵包 | C38: 豬肉起司蛋堡 | E38: 27.17 | F38: 5725 | G38: 155548.25 | I38: 10 | J38: 3000 | K38: 300 | L38: 10 | M38: 2862.5 | N38: 286.25 | O38: 0 | P38: -13.75 | Q38: =N38/K38 -> 0.95416667 | S38: 0.16805556 | T38: 0.25138889 | U38: =(S38-T37)*24*60 -> 28 | V38: =(T38-S38)*24*60 -> 120 | AA38: =M38-J38 -> -137.5 | AB38: =M38/J38 -> 0.95416667
A39: 新豐3線 | B39: 調理麵包 | C39: 經典雙牛起司堡(113年) | E39: 35.12 | F39: 4529 | G39: 159058.48 | I39: 10 | J39: 3000 | K39: 300 | L39: 10 | M39: 2860.4211 | N39: 286.04211 | O39: 0 | P39: -13.957895 | Q39: =N39/K39 -> 0.95347368 | S39: 0.25555556 | T39: 0.32152778 | U39: =(S39-T38)*24*60 -> 6 | V39: =(T39-S39)*24*60 -> 95 | AA39: =M39-J39 -> -139.57895 | AB39: =M39/J39 -> 0.95347368
A40: 新豐3線 | B40: 調理麵包 | C40: 美式雞腿堡 | E40: 35.87 | F40: 3141 | G40: 112667.67 | I40: 10 | J40: 3000 | K40: 300 | L40: 10 | M40: 2855.4545 | N40: 285.54545 | O40: 0 | P40: -14.454545 | Q40: =N40/K40 -> 0.95181818 | S40: 0.32569444 | T40: 0.37152778 | U40: =(S40-T39)*24*60 -> 6 | V40: =(T40-S40)*24*60 -> 66 | AA40: =M40-J40 -> -144.54545 | AB40: =M40/J40 -> 0.95181818
A41: 新豐3線 | B41: 調理麵包 | C41: 泰式酸辣炸雞堡 | E41: 36.14 | F41: 1777 | G41: 64220.78 | I41: 8 | J41: 3000 | K41: 375 | L41: 8 | M41: 2881.6216 | N41: 360.2027 | O41: 0 | P41: -14.797297 | Q41: =N41/K41 -> 0.96054054 | S41: 0.375 | T41: 0.40069444 | U41: =(S41-T40)*24*60 -> 5 | V41: =(T41-S41)*24*60 -> 37 | AA41: =M41-J41 -> -118.37838 | AB41: =M41/J41 -> 0.96054054
A42: 新豐3線 | B42: 調理麵包 | C42: 黃金魚堡 | E42: 35.37 | F42: 1400 | G42: 49518 | I42: 10 | J42: 3000 | K42: 300 | L42: 10 | M42: 2896.5517 | N42: 289.65517 | O42: 0 | P42: -10.344828 | Q42: =N42/K42 -> 0.96551724 | S42: 0.40486111 | T42: 0.425 | U42: =(S42-T41)*24*60 -> 6 | V42: =(T42-S42)*24*60 -> 29 | AA42: =M42-J42 -> -103.44828 | AB42: =M42/J42 -> 0.96551724
A43: 新豐3線 | B43: 平均 | I43: =AVERAGE(I37:I42) -> 9.6666667 | J43: 3000 | K43: =J43/I43 -> 310.34483 | L43: =AVERAGE(L37:L42) -> 9.6666667 | M43: =AVERAGE(M37:M42) -> 2872.2262 | N43: =M43/L43 -> 297.12685 | O43: =L43-I43 -> 0 | P43: =N43-K43 -> -13.217975 | Q43: =N43/K43 -> 0.95740875 | AA43: =M43-J43 -> -127.77376 | AB43: =M43/J43 -> 0.95740875
A44: 新豐1線 | B44: 沙拉 | C44: 蔥鹽雞肉麵沙拉(114年) | E44: 46 | F44: 2341 | G44: =E44*F44 -> 107686 | I44: 17 | J44: 2000 | K44: =J44/I44 -> 117.64706 | L44: 17 | M44: =F44/V44*60 -> 1924.1096 | N44: =M44/L44 -> 113.18292 | O44: =L44-I44 -> 0 | P44: =N44-K44 -> -4.4641418 | Q44: =N44/K44 -> 0.96205479 | R44: =Q50 -> 0.95930174 | S44: 0.29166667 | T44: 0.34236111 | V44: =(T44-S44)*24*60 -> 73 | AA44: =M44-J44 -> -75.890411 | AB44: =M44/J44 -> 0.96205479 | AC44: =AB50 -> 0.95930174
A45: 新豐1線 | B45: 沙拉 | C45: 莎莎烤雞麵沙拉 | E45: 46 | F45: 2596 | G45: =E45*F45 -> 119416 | I45: 17 | J45: 2000 | K45: =J45/I45 -> 117.64706 | L45: 17 | M45: =F45/V45*60 -> 1922.963 | N45: =M45/L45 -> 113.11547 | O45: =L45-I45 -> 0 | P45: =N45-K45 -> -4.5315904 | Q45: =N45/K45 -> 0.96148148 | S45: 0.34652778 | T45: 0.40277778 | U45: =IF(S45=TIME(17,0,0),"",(S45-T44)*24*60) -> 6 | V45: =(T45-S45)*24*60 -> 81 | AA45: =M45-J45 -> -77.037037 | AB45: =M45/J45 -> 0.96148148
A46: 新豐1線 | B46: 微波主食 | C46: 鳳梨腰果炒飯 | E46: 54.09 | F46: 957 | G46: =E46*F46 -> 51764.13 | I46: 16 | J46: 2000 | K46: =J46/I46 -> 125 | L46: 16 | M46: =F46/V46*60 -> 1914 | N46: =M46/L46 -> 119.625 | O46: =L46-I46 -> 0 | P46: =N46-K46 -> -5.375 | Q46: =N46/K46 -> 0.957 | S46: 0.40833333 | T46: 0.42916667 | U46: =IF(S46=TIME(17,0,0),"",(S46-T45)*24*60) -> 8 | V46: =(T46-S46)*24*60 -> 30 | AA46: =M46-J46 -> -86 | AB46: =M46/J46 -> 0.957
A47: 新豐1線 | B47: 微波主食 | C47: 二配香辣醬蒜味香腸蛋炒飯 | E47: 55.56 | F47: 2298 | G47: =E47*F47 -> 127676.88 | I47: 17 | J47: 2000 | K47: =J47/I47 -> 117.64706 | L47: 17 | M47: =F47/V47*60 -> 1915 | N47: =M47/L47 -> 112.64706 | O47: =L47-I47 -> 0 | P47: =N47-K47 -> -5 | Q47: =N47/K47 -> 0.9575 | S47: 0.70833333 | T47: 0.75833333 | U47: =IF(S47=TIME(17,0,0),"",(S47-T46)*24*60) | V47: =(T47-S47)*24*60 -> 72 | AA47: =M47-J47 -> -85 | AB47: =M47/J47 -> 0.9575
A48: 新豐1線 | B48: 微波主食 | C48: 二配香拌海鮮醬肉絲蛋炒飯 | E48: 55.32 | F48: 1672 | G48: =E48*F48 -> 92495.04 | I48: 15 | J48: 2000 | K48: =J48/I48 -> 133.33333 | L48: 15 | M48: =F48/V48*60 -> 1929.2308 | N48: =M48/L48 -> 128.61538 | O48: =L48-I48 -> 0 | P48: =N48-K48 -> -4.7179487 | Q48: =N48/K48 -> 0.96461538 | S48: 0.76180556 | T48: 0.79791667 | U48: =IF(S48=TIME(17,0,0),"",(S48-T47)*24*60) -> 5 | V48: =(T48-S48)*24*60 -> 52 | AA48: =M48-J48 -> -70.769231 | AB48: =M48/J48 -> 0.96461538
A49: 新豐1線 | B49: 微波主食 | C49: 二配粗飽系雞排炒飯 | E49: 57.73 | F49: 1284 | G49: =E49*F49 -> 74125.32 | I49: 16 | J49: 1500 | K49: =J49/I49 -> 93.75 | L49: 16 | M49: =F49/V49*60 -> 1426.6667 | N49: =M49/L49 -> 89.166667 | O49: =L49-I49 -> 0 | P49: =N49-K49 -> -4.5833333 | Q49: =N49/K49 -> 0.95111111 | S49: 0.80277778 | T49: 0.84027778 | U49: =IF(S49=TIME(17,0,0),"",(S49-T48)*24*60) -> 7 | V49: =(T49-S49)*24*60 -> 54 | AA49: =M49-J49 -> -73.333333 | AB49: =M49/J49 -> 0.95111111
A50: 新豐1線 | B50: 平均 | I50: 16.333333 | J50: 1916.6667 | K50: =J50/I50 -> 117.34694 | L50: 16.333333 | M50: =AVERAGE(M44:M49) -> 1838.6617 | N50: =M50/L50 -> 112.57112 | O50: =L50-I50 -> 0 | P50: =N50-K50 -> -4.7758164 | Q50: =N50/K50 -> 0.95930174 | AA50: =M50-J50 -> -78.005002 | AB50: =M50/J50 -> 0.95930174
A51: 新豐10線 | B51: 調理麵包 | C51: 香雞蛋堡(112年) | E51: 26.78 | F51: 2661 | G51: =E51*F51 -> 71261.58 | I51: 10 | J51: 3000 | K51: =J51/I51 -> 300 | L51: 10 | M51: =F51/V51*60 -> 2851.0714 | N51: =M51/L51 -> 285.10714 | O51: =L51-I51 -> 0 | P51: =N51-K51 -> -14.892857 | Q51: =N51/K51 -> 0.95035714 | R51: =Q55 -> 0.96053169 | S51: 0.20833333 | T51: 0.24722222 | V51: =(T51-S51)*24*60 -> 56 | AA51: =M51-J51 -> -148.92857 | AB51: =M51/J51 -> 0.95035714 | AC51: =AB55 -> 0.96053169
A52: 新豐10線 | B52: 調理麵包 | C52: 美式熱狗堡 | E52: 35.12 | F52: 1040 | G52: =E52*F52 -> 36524.8 | I52: 13 | J52: 2000 | K52: =J52/I52 -> 153.84615 | L52: 13 | M52: =F52/V52*60 -> 1950 | N52: =M52/L52 -> 150 | O52: =L52-I52 -> 0 | P52: =N52-K52 -> -3.8461538 | Q52: =N52/K52 -> 0.975 | S52: 0.25277778 | T52: 0.275 | U52: =(S52-T51)*24*60 -> 8 | V52: =(T52-S52)*24*60 -> 32 | AA52: =M52-J52 -> -50 | AB52: =M52/J52 -> 0.975
A53: 新豐10線 | B53: 調理麵包 | C53: 超HOT雞腿堡(114年) | E53: 35.87 | F53: 2364 | G53: =E53*F53 -> 84796.68 | I53: 10 | J53: 3000 | K53: =J53/I53 -> 300 | L53: 10 | M53: =F53/V53*60 -> 2894.6939 | N53: =M53/L53 -> 289.46939 | O53: =L53-I53 -> 0 | P53: =N53-K53 -> -10.530612 | Q53: =N53/K53 -> 0.96489796 | S53: 0.27847222 | T53: 0.3125 | U53: =(S53-T52)*24*60 -> 5 | V53: =(T53-S53)*24*60 -> 49 | AA53: =M53-J53 -> -105.30612 | AB53: =M53/J53 -> 0.96489796
A54: 新豐10線 | B54: 沙拉 | C54: 溏心蛋洋芋沙拉 | E54: 26.97 | F54: 2668 | G54: =E54*F54 -> 71955.96 | I54: 8 | J54: 1500 | K54: =J54/I54 -> 187.5 | L54: 8 | M54: =F54/V54*60 -> 1429.2857 | N54: =M54/L54 -> 178.66071 | O54: =L54-I54 -> 0 | P54: =N54-K54 -> -8.8392857 | Q54: =N54/K54 -> 0.95285714 | S54: 0.31736111 | T54: 0.39513889 | U54: =(S54-T53)*24*60 -> 7 | V54: =(T54-S54)*24*60 -> 112 | AA54: =M54-J54 -> -70.714286 | AB54: =M54/J54 -> 0.95285714
A55: 新豐10線 | B55: 平均 | I55: 10.25 | J55: 2375 | K55: =J55/I55 -> 231.70732 | L55: 10.25 | M55: =AVERAGE(M51:M54) -> 2281.2628 | N55: =M55/L55 -> 222.56222 | O55: =L55-I55 -> 0 | P55: =N55-K55 -> -9.1450971 | Q55: =N55/K55 -> 0.96053169 | AA55: =M55-J55 -> -93.737245 | AB55: =M55/J55 -> 0.96053169
A56: 新豐4線 | B56: 三明治 | C56: 香鬆起司蛋三明治(114年) | E56: 20.2 | F56: 1670 | G56: =E56*F56 -> 33734 | I56: 19 | J56: 2400 | K56: =J56/I56 -> 126.31579 | L56: 19 | M56: =F56/V56*60 -> 2330.2326 | N56: =M56/L56 -> 122.64382 | O56: =L56-I56 -> 0 | P56: =N56-K56 -> -3.6719706 | Q56: =N56/K56 -> 0.97093023 | R56: =Q63 -> 0.95647482 | S56: 0.083333333 | T56: 0.11319444 | V56: =(T56-S56)*24*60 -> 43 | W56: =T56 -> 0.11319444 | X56: =S57 -> 0.13263889 | AA56: =M56-J56 -> -69.767442 | AB56: =M56/J56 -> 0.97093023 | AC56: =AB63 -> 0.95647482
A57: 新豐4線 | B57: 三明治 | C57: 火腿起司蛋三明治 | E57: 19.02 | F57: 8294 | G57: =E57*F57 -> 157751.88 | I57: 15 | J57: 2400 | K57: =J57/I57 -> 160 | L57: 15 | M57: =F57/V57*60 -> 2293.2719 | N57: =M57/L57 -> 152.88479 | O57: =L57-I57 -> 0 | P57: =N57-K57 -> -7.1152074 | Q57: =N57/K57 -> 0.95552995 | S57: 0.13263889 | T57: 0.28333333 | U57: =(S57-T56)*24*60 -> 28 | V57: =(T57-S57)*24*60 -> 217 | AA57: =M57-J57 -> -106.72811 | AB57: =M57/J57 -> 0.95552995
A58: 新豐4線 | B58: 三明治 | C58: 起司芋見肉鬆三明治 | E58: 24.25 | F58: 2482 | G58: =E58*F58 -> 60188.5 | I58: 18 | J58: 2400 | K58: =J58/I58 -> 133.33333 | L58: 18 | M58: =F58/V58*60 -> 2291.0769 | N58: =M58/L58 -> 127.28205 | O58: =L58-I58 -> 0 | P58: =N58-K58 -> -6.0512821 | Q58: =N58/K58 -> 0.95461538 | S58: 0.28819444 | T58: 0.33333333 | U58: =(S58-T57)*24*60 -> 7 | V58: =(T58-S58)*24*60 -> 65 | AA58: =M58-J58 -> -108.92308 | AB58: =M58/J58 -> 0.95461538
A59: 新豐4線 | B59: 三明治 | C59: 肉鬆火腿三明治 | E59: 20.52 | F59: 3240 | G59: =E59*F59 -> 66484.8 | I59: 18 | J59: 2400 | K59: =J59/I59 -> 133.33333 | L59: 18 | M59: =F59/V59*60 -> 2287.0588 | N59: =M59/L59 -> 127.05882 | O59: =L59-I59 -> 0 | P59: =N59-K59 -> -6.2745098 | Q59: =N59/K59 -> 0.95294118 | S59: 0.3375 | T59: 0.39652778 | U59: =(S59-T58)*24*60 -> 6 | V59: =(T59-S59)*24*60 -> 85 | AA59: =M59-J59 -> -112.94118 | AB59: =M59/J59 -> 0.95294118
A60: 新豐4線 | B60: 三明治 | C60: 花生芝麻麻糬三明治 | E60: 24.25 | F60: 3824 | G60: =E60*F60 -> 92732 | I60: 17 | J60: 2400 | K60: =J60/I60 -> 141.17647 | L60: 17 | M60: =F60/V60*60 -> 2294.4 | N60: =M60/L60 -> 134.96471 | O60: =L60-I60 -> 0 | P60: =N60-K60 -> -6.2117647 | Q60: =N60/K60 -> 0.956 | S60: 0.40069444 | T60: 0.47013889 | U60: =(S60-T59)*24*60 -> 6 | V60: =(T60-S60)*24*60 -> 100 | AA60: =M60-J60 -> -105.6 | AB60: =M60/J60 -> 0.956
A61: 新豐4線 | B61: 三明治 | C61: 藍莓優格三明治(114年) | E61: 22.35 | F61: 1447 | G61: =E61*F61 -> 32340.45 | I61: 16 | J61: 2400 | K61: =J61/I61 -> 150 | L61: 16 | M61: =F61/V61*60 -> 2284.7368 | N61: =M61/L61 -> 142.79605 | O61: =L61-I61 -> 0 | P61: =N61-K61 -> -7.2039474 | Q61: =N61/K61 -> 0.95197368 | S61: 0.47430556 | T61: 0.50069444 | U61: =(S61-T60)*24*60 -> 6 | V61: =(T61-S61)*24*60 -> 38 | AA61: =M61-J61 -> -115.26316 | AB61: =M61/J61 -> 0.95197368
A62: 新豐4線 | B62: 三明治 | C62: 瘋狂起司三明治(113年) | E62: 24.45 | F62: 1716 | G62: =E62*F62 -> 41956.2 | I62: 20 | J62: 2400 | K62: =J62/I62 -> 120 | L62: 20 | M62: =F62/V62*60 -> 2288 | N62: =M62/L62 -> 114.4 | O62: =L62-I62 -> 0 | P62: =N62-K62 -> -5.6 | Q62: =N62/K62 -> 0.95333333 | S62: 0.50555556 | T62: 0.53680556 | U62: =(S62-T61)*24*60 -> 7 | V62: =(T62-S62)*24*60 -> 45 | AA62: =M62-J62 -> -112 | AB62: =M62/J62 -> 0.95333333
A63: 新豐4線 | B63: 平均 | I63: 17.571429 | J63: 2400 | K63: =J63/I63 -> 136.58537 | L63: 17.571429 | M63: =AVERAGE(M56:M62) -> 2295.5396 | N63: =M63/L63 -> 130.64046 | O63: =L63-I63 -> 0 | P63: =N63-K63 -> -5.9449021 | Q63: =N63/K63 -> 0.95647482 | AA63: =M63-J63 -> -104.46042 | AB63: =M63/J63 -> 0.95647482

Sheet 0927
B1: 屏榮 新豐廠組合室生產人時性分析
B3: 日期 | C3: =TEXT('0927 4度C'!A2,"yyyy.mm.ddaaaa") -> 2025.09.27星期六 | E3: 訂單量 | F3: ='0927 4度C'!D1 -> 133344 | H3: 營業額 | I3: ='0927 4度C'!F1 -> 4423149.8
B4: 人時性 | C4: 項目 | E4: ➀ | G4: ➁ | I4: ➂
C5: 組合室 | E5: 全溫層 | G5: 4度C-各編組展開 | I5: ③三明治-各編組展開
C6: 排關平均 | E6: =AVERAGE(D13:M13) -> 149.55969 | F6: =AVERAGE(D27:O27,D13:J13) -> 154.31767 | G6: =AVERAGE(D13:J13) -> 154.31767 | I6: =AVERAGE(K13:M13) -> 138.45775
C7: 實績平均 | E7: =AVERAGE(D14:M14) -> 143.49691 | F7: =AVERAGE(D28:O28,D14:J14) -> 148.15467 | G7: =AVERAGE(D14:J14) -> 148.15467 | I7: =AVERAGE(K14:M14) -> 132.6288
C8: 達成率平均 | E8: =AVERAGE(D15:M15) -> 0.95893885 | F8: =AVERAGE(D15:J15,D29:O29) -> 0.95934733 | G8: =AVERAGE(D15:J15) -> 0.95934733 | I8: =AVERAGE(K15:M15) -> 0.95798574 | K8: ※現行日本鮮食廠以達成率80%為基本(即為現行KPI)
B10: 溫層 | D10: ➁4度C-各編組展開 | K10: ③三明治-各編組展開
B11: 編組 | D11: 1 | E11: 2 | F11: 3 | G11: 4 | H11: 5 | I11: 6 | J11: 7 | K11: 1 | L11: 2 | M11: 3
D12: 新豐6線 | E12: 新豐2線 | F12: 新豐5線 | G12: 新豐7線 | H12: 新豐3線 | I12: 新豐1線 | J12: 新豐10線 | K12: 新豐8線 | L12: 新豐9線 | M12: 新豐4線
B13: 人時性 | C13: 排關 | D13: =SUMIFS('0927 4度C'!$K:$K,'0927 4度C'!$A:$A,"新豐6線",'0927 4度C'!$B:$B,"平均") -> 125 | E13: =SUMIFS('0927 4度C'!$K:$K,'0927 4度C'!$A:$A,"新豐2線",'0927 4度C'!$B:$B,"平均") -> 88.235294 | F13: =SUMIFS('0927 4度C'!$K:$K,'0927 4度C'!$A:$A,"新豐5線",'0927 4度C'!$B:$B,"平均") -> 88.541667 | G13: =SUMIFS('0927 4度C'!$K:$K,'0927 4度C'!$A:$A,"新豐7線",'0927 4度C'!$B:$B,"平均") -> 119.04762 | H13: =SUMIFS('0927 4度C'!$K:$K,'0927 4度C'!$A:$A,"新豐3線",'0927 4度C'!$B:$B,"平均") -> 310.34483 | I13: =SUMIFS('0927 4度C'!$K:$K,'0927 4度C'!$A:$A,"新豐1線",'0927 4度C'!$B:$B,"平均") -> 117.34694 | J13: =SUMIFS('0927 4度C'!$K:$K,'0927 4度C'!$A:$A,"新豐10線",'0927 4度C'!$B:$B,"平均") -> 231.70732 | K13: =SUMIFS('0927 4度C'!$K:$K,'0927 4度C'!$A:$A,"新豐8線",'0927 4度C'!$B:$B,"平均") -> 133.33333 | L13: =SUMIFS('0927 4度C'!$K:$K,'0927 4度C'!$A:$A,"新豐9線",'0927 4度C'!$B:$B,"平均") -> 145.45455 | M13: =SUMIFS('0927 4度C'!$K:$K,'0927 4度C'!$A:$A,"新豐4線",'0927 4度C'!$B:$B,"平均") -> 136.58537
C14: 實績 | D14: =SUMIFS('0927 4度C'!$N:$N,'0927 4度C'!$A:$A,"新豐6線",'0927 4度C'!$B:$B,"平均") -> 120.12193 | E14: =SUMIFS('0927 4度C'!$N:$N,'0927 4度C'!$A:$A,"新豐2線",'0927 4度C'!$B:$B,"平均") -> 84.321491 | F14: =SUMIFS('0927 4度C'!$N:$N,'0927 4度C'!$A:$A,"新豐5線",'0927 4度C'!$B:$B,"平均") -> 84.803478 | G14: =SUMIFS('0927 4度C'!$N:$N,'0927 4度C'!$A:$A,"新豐7線",'0927 4度C'!$B:$B,"平均") -> 114.0542 | H14: =SUMIFS('0927 4度C'!$N:$N,'0927 4度C'!$A:$A,"新豐3線",'0927 4度C'!$B:$B,"平均") -> 298.88016 | I14: =SUMIFS('0927 4度C'!$N:$N,'0927 4度C'!$A:$A,"新豐1線",'0927 4度C'!$B:$B,"平均") -> 112.8293 | J14: =SUMIFS('0927 4度C'!$N:$N,'0927 4度C'!$A:$A,"新豐10線",'0927 4度C'!$B:$B,"平均") -> 222.07211 | K14: =SUMIFS('0927 4度C'!$N:$N,'0927 4度C'!$A:$A,"新豐8線",'0927 4度C'!$B:$B,"平均") -> 127.76572 | L14: =SUMIFS('0927 4度C'!$N:$N,'0927 4度C'!$A:$A,"新豐9線",'0927 4度C'!$B:$B,"平均") -> 138.77931 | M14: =SUMIFS('0927 4度C'!$N:$N,'0927 4度C'!$A:$A,"新豐4線",'0927 4度C'!$B:$B,"平均") -> 131.34139
C15: 達成率 | D15: =D14/D13 -> 0.96097544 | E15: =E14/E13 -> 0.95564356 | F15: =F14/F13 -> 0.95778045 | G15: =G14/G13 -> 0.95805527 | H15: =H14/H13 -> 0.96305828 | I15: =I14/I13 -> 0.96150184 | J15: =J14/J13 -> 0.95841646 | K15: =K14/K13 -> 0.95824289 | ... M15: =M14/M13 -> 0.96160659
B16: 作業 時間 | C16: 開始 | D16: =VLOOKUP("新豐6線",'0927 4度C'!$A:$T,19,0) -> 0.70833333 | E16: =VLOOKUP("新豐2線",'0927 4度C'!$A:$T,19,0) -> 0.20833333 | F16: =VLOOKUP("新豐5線",'0927 4度C'!$A:$T,19,0) -> 0.20833333 | G16: =VLOOKUP("新豐7線",'0927 4度C'!$A:$T,19,0) -> 0.20833333 | H16: =VLOOKUP("新豐3線",'0927 4度C'!$A:$T,19,0) -> 0.083333333 | I16: =VLOOKUP("新豐1線",'0927 4度C'!$A:$T,19,0) -> 0.29166667 | J16: =VLOOKUP("新豐10線",'0927 4度C'!$A:$T,19,0) -> 0.20833333 | K16: =VLOOKUP("新豐8線",'0927 4度C'!$A:$T,19,0) -> 0.083333333 | L16: =VLOOKUP("新豐9線",'0927 4度C'!$A:$T,19,0) -> 0.083333333 | M16: =VLOOKUP("新豐4線",'0927 4度C'!$A:$T,19,0) -> 0.083333333
C17: 結束 | D17: =LOOKUP(2,1/(('0927 4度C'!$A:$A="新豐6線")*('0927 4度C'!$T:$T<>"")),'0927 4度C'!$T:$T) -> 0.81319444 | E17: =LOOKUP(2,1/(('0927 4度C'!$A:$A="新豐2線")*('0927 4度C'!$T:$T<>"")),'0927 4度C'!$T:$T) -> 0.34861111 | F17: =LOOKUP(2,1/(('0927 4度C'!$A:$A="新豐5線")*('0927 4度C'!$T:$T<>"")),'0927 4度C'!$T:$T) -> 0.82708333 | G17: =LOOKUP(2,1/(('0927 4度C'!$A:$A="新豐7線")*('0927 4度C'!$T:$T<>"")),'0927 4度C'!$T:$T) -> 0.76527778 | H17: =LOOKUP(2,1/(('0927 4度C'!$A:$A="新豐3線")*('0927 4度C'!$T:$T<>"")),'0927 4度C'!$T:$T) -> 0.39791667 | I17: =LOOKUP(2,1/(('0927 4度C'!$A:$A="新豐1線")*('0927 4度C'!$T:$T<>"")),'0927 4度C'!$T:$T) -> 0.82777778 | J17: =LOOKUP(2,1/(('0927 4度C'!$A:$A="新豐10線")*('0927 4度C'!$T:$T<>"")),'0927 4度C'!$T:$T) -> 0.39236111 | K17: =LOOKUP(2,1/(('0927 4度C'!$A:$A="新豐8線")*('0927 4度C'!$T:$T<>"")),'0927 4度C'!$T:$T) -> 0.50138889 | L17: =LOOKUP(2,1/(('0927 4度C'!$A:$A="新豐9線")*('0927 4度C'!$T:$T<>"")),'0927 4度C'!$T:$T) -> 0.53125 | M17: =LOOKUP(2,1/(('0927 4度C'!$A:$A="新豐4線")*('0927 4度C'!$T:$T<>"")),'0927 4度C'!$T:$T) -> 0.48402778
B18: 配置人數 | D18: =SUMIFS('0927 4度C'!$I:$I,'0927 4度C'!$A:$A,"新豐6線",'0927 4度C'!$B:$B,"平均") -> 16 | E18: =SUMIFS('0927 4度C'!$I:$I,'0927 4度C'!$A:$A,"新豐2線",'0927 4度C'!$B:$B,"平均") -> 17 | F18: =SUMIFS('0927 4度C'!$I:$I,'0927 4度C'!$A:$A,"新豐5線",'0927 4度C'!$B:$B,"平均") -> 19.2 | G18: =SUMIFS('0927 4度C'!$I:$I,'0927 4度C'!$A:$A,"新豐7線",'0927 4度C'!$B:$B,"平均") -> 16.8 | H18: =SUMIFS('0927 4度C'!$I:$I,'0927 4度C'!$A:$A,"新豐3線",'0927 4度C'!$B:$B,"平均") -> 9.6666667 | I18: =SUMIFS('0927 4度C'!$I:$I,'0927 4度C'!$A:$A,"新豐1線",'0927 4度C'!$B:$B,"平均") -> 16.333333 | J18: =SUMIFS('0927 4度C'!$I:$I,'0927 4度C'!$A:$A,"新豐10線",'0927 4度C'!$B:$B,"平均") -> 10.25 | K18: =SUMIFS('0927 4度C'!$I:$I,'0927 4度C'!$A:$A,"新豐8線",'0927 4度C'!$B:$B,"平均") -> 18 | L18: =SUMIFS('0927 4度C'!$I:$I,'0927 4度C'!$A:$A,"新豐9線",'0927 4度C'!$B:$B,"平均") -> 16.5 | M18: =SUMIFS('0927 4度C'!$I:$I,'0927 4度C'!$A:$A,"新豐4線",'0927 4度C'!$B:$B,"平均") -> 17.571429
B19: 主要應用設備 | D19: ET-55 | E19: 熱縮爐 | F19: L型包裝機 | G19: L型包裝機 | H19: 伺服包裝機 | I19: ET-55 | J19: 伺服包裝機 | K19: 三明治包裝機 | L19: 三明治包裝機 | M19: 三明治包裝機
B20: 次要應用設備 | F20: 圓盤機 | G20: ET-55
B21: 備註 | E21: 握沙拉 | F21: 共用L型包裝機 | H21: 調理麵包 | I21: 炒飯+沙拉 | J21: 調理麵包

Sheet 0927 4度C
A1: 新豐廠四度C日報分析 | C1: 總生產量 | D1: =SUM(F5:F62) -> 133344 | E1: 營業額 | F1: =SUM(G5:G62) -> 4423149.8 | G1: 出勤人數 | H1: =L8+L10+L42+L49+L16+L54+L30+L35+L22+L62 -> 157.32143 | I1: 產線配置圖 | L1: 生產實績 | O1: 人時性差異分析 | S1: 日報登錄 | Y1: 分析說明 | AA1: 產能差異分析
A2: 45927 | B2: 星期六 | C2: 人時性 | D2: =AVERAGE(N8,N10,N42,N49,N16,N54,N22,N30,N35,N62) -> 143.49691 | E2: 平均廠價 | F2: =F1/D1 -> 33.17097 | G2: 多次生產數 | H2: =COUNT(H5:H62) -> 0
A3: 線別 | B3: 品類 | C3: 品名 | E3: 廠價 | F3: 生產量 | G3: 營收 | H3: 多次 生產 | I3: 人數 | J3: 產能/時 | K3: 人時性 | L3: 人數 | M3: 產能/時 | N3: 人時性 | O3: 人數 | P3: 人時性 | Q3: 達成率 | R3: 達成率平均 | S3: 生產時間 | U3: 換線、休息/分 | V3: 稼動時間/分 | W3: 休息時間 | Y3: (新豐回填) | AA3: 產能/時 | AB3: 達成率 | AC3: 達成率平均
S4: 開始 | T4: 結束 | W4: 開始 | X4: 結束
A5: 新豐6線 | B5: 微波主食 | C5: 二配煸椒烘蛋飯 | E5: 46.93 | F5: 802 | G5: =E5*F5 -> 37637.86 | I5: 16 | J5: 2000 | K5: =J5/I5 -> 125 | L5: 16 | M5: =F5/V5*60 -> 1924.8 | N5: =M5/L5 -> 120.3 | O5: =L5-I5 -> 0 | P5: =N5-K5 -> -4.7 | Q5: =N5/K5 -> 0.9624 | R5: =Q8 -> 0.96097544 | S5: 0.70833333 | T5: 0.72569444 | V5: =(T5-S5)*24*60 -> 25 | AA5: =M5-J5 -> -75.2 | AB5: =M5/J5 -> 0.9624 | AC5: =AB8 -> 0.96097544
A6: 新豐6線 | B6: 微波主食 | C6: 二配川味麻婆燒豆腐燴飯 | E6: 50.49 | F6: 1815 | G6: =E6*F6 -> 91639.35 | I6: 15 | J6: 2000 | K6: =J6/I6 -> 133.33333 | L6: 15 | M6: =F6/V6*60 -> 1910.5263 | N6: =M6/L6 -> 127.36842 | O6: =L6-I6 -> 0 | P6: =N6-K6 -> -5.9649123 | Q6: =N6/K6 -> 0.95526316 | S6: 0.73055556 | T6: 0.77013889 | U6: =(S6-T5)*24*60 -> 7 | V6: =(T6-S6)*24*60 -> 57 | AA6: =M6-J6 -> -89.473684 | AB6: =M6/J6 -> 0.95526316
A7: 新豐6線 | B7: 微波主食 | C7: 二配港式香滑嫩蛋牛肉燴飯 | E7: 50.67 | F7: 1834 | G7: =E7*F7 -> 92928.78 | I7: 17 | J7: 2000 | K7: =J7/I7 -> 117.64706 | L7: 17 | M7: =F7/V7*60 -> 1930.5263 | N7: =M7/L7 -> 113.56037 | O7: =L7-I7 -> 0 | P7: =N7-K7 -> -4.0866873 | Q7: =N7/K7 -> 0.96526316 | S7: 0.77361111 | T7: 0.81319444 | U7: =(S7-T6)*24*60 -> 5 | V7: =(T7-S7)*24*60 -> 57 | AA7: =M7-J7 -> -69.473684 | AB7: =M7/J7 -> 0.96526316
A8: 新豐6線 | B8: 平均 | I8: 16 | J8: 2000 | K8: =J8/I8 -> 125 | L8: 16 | M8: =AVERAGE(M5:M7) -> 1921.9509 | N8: =M8/L8 -> 120.12193 | O8: =L8-I8 -> 0 | P8: =N8-K8 -> -4.8780702 | Q8: =N8/K8 -> 0.96097544 | AA8: =M8-J8 -> -78.049123 | AB8: =M8/J8 -> 0.96097544
A9: 新豐2線 | B9: 沙拉 | C9: 青檸烤雞握沙拉(113年) | E9: 39.8 | F9: 4826 | G9: =E9*F9 -> 192074.8 | I9: 17 | J9: 1500 | K9: =J9/I9 -> 88.235294 | L9: 17 | M9: =F9/V9*60 -> 1433.4653 | N9: =M9/L9 -> 84.321491 | O9: =L9-I9 -> 0 | P9: =N9-K9 -> -3.9138031 | Q9: =N9/K9 -> 0.95564356 | R9: =Q10 -> 0.95564356 | S9: 0.20833333 | T9: 0.34861111 | V9: =(T9-S9)*24*60 -> 202 | AA9: =M9-J9 -> -66.534653 | AB9: =M9/J9 -> 0.95564356 | AC9: =AB10 -> 0.95564356
A10: 新豐2線 | B10: 平均 | I10: 17 | J10: 1500 | K10: =J10/I10 -> 88.235294 | L10: 17 | M10: =AVERAGE(M9:M9) -> 1433.4653 | N10: =M10/L10 -> 84.321491 | O10: =L10-I10 -> 0 | P10: =N10-K10 -> -3.9138031 | Q10: =N10/K10 -> 0.95564356 | AA10: =M10-J10 -> -66.534653 | AB10: =M10/J10 -> 0.95564356
A11: 新豐5線 | B11: 小吃 | C11: 剝皮辣椒雞湯 | E11: 41 | F11: 1801 | G11: =E11*F11 -> 73841 | I11: 26 | J11: 1500 | K11: =J11/I11 -> 57.692308 | L11: 26 | M11: =F11/V11*60 -> 1440.8 | N11: =M11/L11 -> 55.415385 | O11: =L11-I11 -> 0 | P11: =N11-K11 -> -2.2769231 | Q11: =N11/K11 -> 0.96053333 | R11: =Q16 -> 0.95778045 | S11: 0.20833333 | T11: 0.26041667 | V11: =(T11-S11)*24*60 -> 75 | AA11: =M11-J11 -> -59.2 | AB11: =M11/J11 -> 0.96053333 | AC11: =AB16 -> 0.95778045
A12: 新豐5線 | B12: 沙拉 | C12: 青醬優格雞肉握沙拉(113年) | E12: 39.62 | F12: 3563 | G12: =E12*F12 -> 141166.06 | I12: 19 | J12: 1500 | K12: =J12/I12 -> 78.947368 | L12: 19 | M12: =F12/V12*60 -> 1434.7651 | N12: =M12/L12 -> 75.513953 | O12: =L12-I12 -> 0 | P12: =N12-K12 -> -3.4334158 | Q12: =N12/K12 -> 0.95651007 | S12: 0.26388889 | T12: 0.36736111 | U12: =IF(S12=TIME(17,0,0),"",(S12-T11)*24*60) -> 5 | V12: =(T12-S12)*24*60 -> 149 | AA12: =M12-J12 -> -65.234899 | AB12: =M12/J12 -> 0.95651007
A13: 新豐5線 | B13: 沙拉 | C13: 韓式泡菜豆腐握沙拉 | E13: 39.36 | F13: 2685 | G13: =E13*F13 -> 105681.6 | I13: 20 | J13: 1500 | K13: =J13/I13 -> 75 | L13: 20 | M13: =F13/V13*60 -> 1438.3929 | N13: =M13/L13 -> 71.919643 | O13: =L13-I13 -> 0 | P13: =N13-K13 -> -3.0803571 | Q13: =N13/K13 -> 0.95892857 | S13: 0.37291667 | T13: 0.45069444 | U13: =IF(S13=TIME(17,0,0),"",(S13-T12)*24*60) -> 8 | V13: =(T13-S13)*24*60 -> 112 | AA13: =M13-J13 -> -61.607143 | AB13: =M13/J13 -> 0.95892857
A14: 新豐5線 | B14: 微波主食 | C14: 二配金咖哩濃厚辛辣咖哩飯 | E14: 50.98 | F14: 2532 | G14: =E14*F14 -> 129081.36 | I14: 16 | J14: 2000 | K14: =J14/I14 -> 125 | L14: 16 | M14: =F14/V14*60 -> 1923.038 | N14: =M14/L14 -> 120.18987 | O14: =L14-I14 -> 0 | P14: =N14-K14 -> -4.8101266 | Q14: =N14/K14 -> 0.96151899 | S14: 0.70833333 | T14: 0.76319444 | U14: =IF(S14=TIME(17,0,0),"",(S14-T13)*24*60) | V14: =(T14-S14)*24*60 -> 79 | AA14: =M14-J14 -> -76.962025 | AB14: =M14/J14 -> 0.96151899
A15: 新豐5線 | B15: 微波主食 | C15: 二配金咖哩果香甘口咖哩飯 | E15: 50.92 | F15: 2761 | G15: =E15*F15 -> 140590.12 | I15: 15 | J15: 2000 | K15: =J15/I15 -> 133.33333 | L15: 15 | M15: =F15/V15*60 -> 1904.1379 | N15: =M15/L15 -> 126.94253 | O15: =L15-I15 -> 0 | P15: =N15-K15 -> -6.3908046 | Q15: =N15/K15 -> 0.95206897 | S15: 0.76666667 | T15: 0.82708333 | U15: =IF(S15=TIME(17,0,0),"",(S15-T14)*24*60) -> 5 | V15: =(T15-S15)*24*60 -> 87 | AA15: =M15-J15 -> -95.862069 | AB15: =M15/J15 -> 0.95206897
A16: 新豐5線 | B16: 平均 | I16: 19.2 | J16: 1700 | K16: =J16/I16 -> 88.541667 | L16: 19.2 | M16: =AVERAGE(M11:M15) -> 1628.2268 | N16: =M16/L16 -> 84.803478 | O16: =L16-I16 -> 0 | P16: =N16-K16 -> -3.7381889 | Q16: =N16/K16 -> 0.95778045 | AA16: =M16-J16 -> -71.773227 | AB16: =M16/J16 -> 0.95778045
A17: 新豐7線 | B17: 小吃 | C17: 古早味炒炊粉 | E17: 43.14 | F17: 1142 | G17: =E17*F17 -> 49265.88 | I17: 17 | J17: 2000 | K17: =J17/I17 -> 117.64706 | L17: 17 | M17: =F17/V17*60 -> 1903.3333 | N17: =M17/L17 -> 111.96078 | O17: =L17-I17 -> 0 | P17: =N17-K17 -> -5.6862745 | Q17: =N17/K17 -> 0.95166667 | R17: =Q22 -> 0.95805527 | S17: 0.20833333 | T17: 0.23333333 | V17: =(T17-S17)*24*60 -> 36 | AA17: =M17-J17 -> -96.666667 | AB17: =M17/J17 -> 0.95166667 | AC17: =AB22 -> 0.95805527
A18: 新豐7線 | B18: 微波主食 | C18: 鐵板滑蛋炸豬排丼 | E18: 57.73 | F18: 1950 | G18: =E18*F18 -> 112573.5 | I18: 15 | J18: 2000 | K18: =J18/I18 -> 133.33333 | L18: 15 | M18: =F18/V18*60 -> 1918.0328 | N18: =M18/L18 -> 127.86885 | O18: =L18-I18 -> 0 | P18: =N18-K18 -> -5.4644809 | Q18: =N18/K18 -> 0.95901639 | S18: 0.23819444 | T18: 0.28055556 | U18: =IF(S18=TIME(17,0,0),"",(S18-T17)*24*60) -> 7 | V18: =(T18-S18)*24*60 -> 61 | AA18: =M18-J18 -> -81.967213 | AB18: =M18/J18 -> 0.95901639
A19: 新豐7線 | B19: 微波主食 | C19: 極上炙烤親子丼 | E19: 53.68 | F19: 1525 | G19: =E19*F19 -> 81862 | I19: 16 | J19: 2000 | K19: =J19/I19 -> 125 | L19: 16 | M19: =F19/V19*60 -> 1906.25 | N19: =M19/L19 -> 119.14063 | O19: =L19-I19 -> 0 | P19: =N19-K19 -> -5.859375 | Q19: =N19/K19 -> 0.953125 | S19: 0.28541667 | T19: 0.31875 | U19: =IF(S19=TIME(17,0,0),"",(S19-T18)*24*60) -> 7 | V19: =(T19-S19)*24*60 -> 48 | AA19: =M19-J19 -> -93.75 | AB19: =M19/J19 -> 0.953125
A20: 新豐7線 | B20: 微波主食 | C20: 白味噌壽喜燒飯 | E20: 53.27 | F20: 1612 | G20: =E20*F20 -> 85871.24 | I20: 17 | J20: 2000 | K20: =J20/I20 -> 117.64706 | L20: 17 | M20: =F20/V20*60 -> 1934.4 | N20: =M20/L20 -> 113.78824 | O20: =L20-I20 -> 0 | P20: =N20-K20 -> -3.8588235 | Q20: =N20/K20 -> 0.9672 | S20: 0.32222222 | T20: 0.35694444 | U20: =IF(S20=TIME(17,0,0),"",(S20-T19)*24*60) -> 5 | V20: =(T20-S20)*24*60 -> 50 | AA20: =M20-J20 -> -65.6 | AB20: =M20/J20 -> 0.9672
A21: 新豐7線 | B21: 微波主食 | C21: 二配美味蟹煲 | E21: 54.09 | F21: 2622 | G21: =E21*F21 -> 141823.98 | I21: 19 | J21: 2000 | K21: =J21/I21 -> 105.26316 | L21: 19 | M21: =F21/V21*60 -> 1918.5366 | N21: =M21/L21 -> 100.97561 | O21: =L21-I21 -> 0 | P21: =N21-K21 -> -4.2875481 | Q21: =N21/K21 -> 0.95926829 | S21: 0.70833333 | T21: 0.76527778 | U21: =IF(S21=TIME(17,0,0),"",(S21-T20)*24*60) | V21: =(T21-S21)*24*60 -> 82 | AA21: =M21-J21 -> -81.463415 | AB21: =M21/J21 -> 0.95926829
A22: 新豐7線 | B22: 平均 | I22: 16.8 | J22: 2000 | K22: =J22/I22 -> 119.04762 | L22: 16.8 | M22: =AVERAGE(M17:M21) -> 1916.1105 | N22: =M22/L22 -> 114.0542 | O22: =L22-I22 -> 0 | P22: =N22-K22 -> -4.9934202 | Q22: =N22/K22 -> 0.95805527 | AA22: =M22-J22 -> -83.889459 | AB22: =M22/J22 -> 0.95805527
A23: 新豐8線 | B23: 三明治 | C23: 經典總匯三明治 | E23: 26.2 | F23: 3092 | G23: =E23*F23 -> 81010.4 | I23: 20 | J23: 2400 | K23: =J23/I23 -> 120 | L23: 20 | M23: =F23/V23*60 -> 2290.3704 | N23: =M23/L23 -> 114.51852 | O23: =L23-I23 -> 0 | P23: =N23-K23 -> -5.4814815 | Q23: =N23/K23 -> 0.95432099 | R23: =Q30 -> 0.95824289 | S23: 0.083333333 | T23: 0.13958333 | V23: =(T23-S23)*24*60 -> 81 | W23: =T23 -> 0.13958333 | X23: =S24 -> 0.16041667 | AA23: =M23-J23 -> -109.62963 | AB23: =M23/J23 -> 0.95432099 | AC23: =AB30 -> 0.95824289
A24: 新豐8線 | B24: 三明治 | C24: 紐奧良風味烤雞鮮蔬三明治 | E24: 31.29 | F24: 5606 | G24: =E24*F24 -> 175411.74 | I24: 18 | J24: 2400 | K24: =J24/I24 -> 133.33333 | L24: 18 | M24: =F24/V24*60 -> 2288.1633 | N24: =M24/L24 -> 127.12018 | O24: =L24-I24 -> 0 | P24: =N24-K24 -> -6.2131519 | Q24: =N24/K24 -> 0.95340136 | S24: 0.16041667 | T24: 0.2625 | U24: =(S24-T23)*24*60 -> 30 | V24: =(T24-S24)*24*60 -> 147 | AA24: =M24-J24 -> -111.83673 | AB24: =M24/J24 -> 0.95340136
A25: 新豐8線 | B25: 三明治 | C25: 雞蛋沙拉三明治 | E25: 25 | F25: 2684 | G25: =E25*F25 -> 67100 | I25: 15 | J25: 2400 | K25: =J25/I25 -> 160 | L25: 15 | M25: =F25/V25*60 -> 2300.5714 | N25: =M25/L25 -> 153.37143 | O25: =L25-I25 -> 0 | P25: =N25-K25 -> -6.6285714 | Q25: =N25/K25 -> 0.95857143 | S25: 0.26597222 | T25: 0.31458333 | U25: =(S25-T24)*24*60 -> 5 | V25: =(T25-S25)*24*60 -> 70 | AA25: =M25-J25 -> -99.428571 | AB25: =M25/J25 -> 0.95857143
A26: 新豐8線 | B26: 三明治 | C26: 陽光地瓜總匯三明治 | E26: 26.18 | F26: 2824 | G26: =E26*F26 -> 73932.32 | I26: 19 | J26: 2400 | K26: =J26/I26 -> 126.31579 | L26: 19 | M26: =F26/V26*60 -> 2289.7297 | N26: =M26/L26 -> 120.51209 | O26: =L26-I26 -> 0 | P26: =N26-K26 -> -5.8036984 | Q26: =N26/K26 -> 0.95405405 | S26: 0.32013889 | T26: 0.37152778 | U26: =(S26-T25)*24*60 -> 8 | V26: =(T26-S26)*24*60 -> 74 | AA26: =M26-J26 -> -110.27027 | AB26: =M26/J26 -> 0.95405405
A27: 新豐8線 | B27: 三明治 | C27: 好多菜三明治 | E27: 26.2 | F27: 2800 | G27: =E27*F27 -> 73360 | I27: 19 | J27: 2400 | K27: =J27/I27 -> 126.31579 | L27: 19 | M27: =F27/V27*60 -> 2301.3699 | N27: =M27/L27 -> 121.12473 | O27: =L27-I27 -> 0 | P27: =N27-K27 -> -5.1910598 | Q27: =N27/K27 -> 0.95890411 | S27: 0.37638889 | T27: 0.42708333 | U27: =(S27-T26)*24*60 -> 7 | V27: =(T27-S27)*24*60 -> 73 | AA27: =M27-J27 -> -98.630137 | AB27: =M27/J27 -> 0.95890411
A28: 新豐8線 | B28: 三明治 | C28: 龍蝦風味總匯三明治 | E28: 25.98 | F28: 1287 | G28: =E28*F28 -> 33436.26 | I28: 17 | J28: 2400 | K28: =J28/I28 -> 141.17647 | L28: 17 | M28: =F28/V28*60 -> 2340 | N28: =M28/L28 -> 137.64706 | O28: =L28-I28 -> 0 | P28: =N28-K28 -> -3.5294118 | Q28: =N28/K28 -> 0.975 | S28: 0.43263889 | T28: 0.45555556 | U28: =(S28-T27)*24*60 -> 8 | V28: =(T28-S28)*24*60 -> 33 | AA28: =M28-J28 -> -60 | AB28: =M28/J28 -> 0.975
A29: 新豐8線 | B29: 三明治 | C29: 輕乳酪巧克力三明治 | E29: 20.52 | F29: 2212 | G29: =E29*F29 -> 45390.24 | I29: 18 | J29: 2400 | K29: =J29/I29 -> 133.33333 | L29: 18 | M29: =F29/V29*60 -> 2288.2759 | N29: =M29/L29 -> 127.12644 | O29: =L29-I29 -> 0 | P29: =N29-K29 -> -6.2068966 | Q29: =N29/K29 -> 0.95344828 | S29: 0.46111111 | T29: 0.50138889 | U29: =(S29-T28)*24*60 -> 8 | V29: =(T29-S29)*24*60 -> 58 | AA29: =M29-J29 -> -111.72414 | AB29: =M29/J29 -> 0.95344828
A30: 新豐8線 | B30: 平均 | I30: 18 | J30: 2400 | K30: =J30/I30 -> 133.33333 | L30: 18 | M30: =AVERAGE(M23:M29) -> 2299.7829 | N30: =M30/L30 -> 127.76572 | O30: =L30-I30 -> 0 | P30: =N30-K30 -> -5.5676149 | Q30: =N30/K30 -> 0.95824289 | AA30: =M30-J30 -> -100.21707 | AB30: =M30/J30 -> 0.95824289
A31: 新豐9線 | B31: 三明治 | C31: 鮪魚起司溏心蛋三明治 | E31: 26.2 | F31: 4443 | G31: =E31*F31 -> 116406.6 | I31: 18 | J31: 2400 | K31: =J31/I31 -> 133.33333 | L31: 18 | M31: =F31/V31*60 -> 2298.1034 | N31: =M31/L31 -> 127.67241 | O31: =L31-I31 -> 0 | P31: =N31-K31 -> -5.6609195 | Q31: =N31/K31 -> 0.9575431 | R31: =Q35 -> 0.95410774 | S31: 0.083333333 | T31: 0.16388889 | V31: =(T31-S31)*24*60 -> 116 | W31: =T31 -> 0.16388889 | X31: =S32 -> 0.18263889 | AA31: =M31-J31 -> -101.89655 | AB31: =M31/J31 -> 0.9575431 | AC31: =AB35 -> 0.95410774
A32: 新豐9線 | B32: 三明治 | C32: 醬燒烤雞三明治 | E32: 26.39 | F32: 4115 | G32: =E32*F32 -> 108594.85 | I32: 19 | J32: 2400 | K32: =J32/I32 -> 126.31579 | L32: 19 | M32: =F32/V32*60 -> 2286.1111 | N32: =M32/L32 -> 120.32164 | O32: =L32-I32 -> 0 | P32: =N32-K32 -> -5.994152 | Q32: =N32/K32 -> 0.9525463 | S32: 0.18263889 | T32: 0.25763889 | U32: =(S32-T31)*24*60 -> 27 | V32: =(T32-S32)*24*60 -> 108 | AA32: =M32-J32 -> -113.88889 | AB32: =M32/J32 -> 0.9525463
A33: 新豐9線 | B33: 三明治 | C33: 經典火腿玉米蛋三明治 | E33: 24.43 | F33: 6357 | G33: =E33*F33 -> 155301.51 | I33: 15 | J33: 2400 | K33: =J33/I33 -> 160 | L33: 15 | M33: =F33/V33*60 -> 2283.9521 | N33: =M33/L33 -> 152.26347 | O33: =L33-I33 -> 0 | P33: =N33-K33 -> -7.7365269 | Q33: =N33/K33 -> 0.95164671 | S33: 0.2625 | T33: 0.37847222 | U33: =(S33-T32)*24*60 -> 7 | V33: =(T33-S33)*24*60 -> 167 | AA33: =M33-J33 -> -116.0479 | AB33: =M33/J33 -> 0.95164671
A34: 新豐9線 | B34: 三明治 | C34: 泰奶奶蓋QQ三明治 | E34: 24.25 | F34: 8134 | G34: =E34*F34 -> 197249.5 | I34: 14 | J34: 2400 | K34: =J34/I34 -> 171.42857 | L34: 14 | M34: =F34/V34*60 -> 2291.2676 | N34: =M34/L34 -> 163.66197 | O34: =L34-I34 -> 0 | P34: =N34-K34 -> -7.7665996 | Q34: =N34/K34 -> 0.95469484 | S34: 0.38333333 | T34: 0.53125 | U34: =(S34-T33)*24*60 -> 7 | V34: =(T34-S34)*24*60 -> 213 | AA34: =M34-J34 -> -108.73239 | AB34: =M34/J34 -> 0.95469484
A35: 新豐9線 | B35: 平均 | I35: 16.5 | J35: 2400 | K35: =J35/I35 -> 145.45455 | L35: 16.5 | M35: =AVERAGE(M31:M34) -> 2289.8586 | N35: =M35/L35 -> 138.77931 | O35: =L35-I35 -> 0 | P35: =N35-K35 -> -6.6752385 | Q35: =N35/K35 -> 0.95410774 | AA35: =M35-J35 -> -110.14143 | AB35: =M35/J35 -> 0.95410774
A36: 新豐3線 | B36: 調理麵包 | C36: 豬肉起司堡 | E36: 21.13 | F36: 4032 | G36: 85196.16 | I36: 10 | J36: 3000 | K36: 300 | L36: 10 | M36: 2880 | N36: 288 | O36: 0 | P36: -12 | Q36: =N36/K36 -> 0.96 | R36: =Q42 -> 0.96305828 | S36: 0.083333333 | T36: 0.14166667 | V36: =(T36-S36)*24*60 -> 84 | W36: =T36 -> 0.14166667 | X36: =S37 -> 0.16180556 | AA36: =M36-J36 -> -120 | AB36: =M36/J36 -> 0.96 | AC36: =AB42 -> 0.96305828
A37: 新豐3線 | B37: 調理麵包 | C37: 豬肉起司蛋堡 | E37: 27.17 | F37: 5019 | G37: 136366.23 | I37: 10 | J37: 3000 | K37: 300 | L37: 10 | M37: 2868 | N37: 286.8 | O37: 0 | P37: -13.2 | Q37: =N37/K37 -> 0.956 | S37: 0.16180556 | T37: 0.23472222 | U37: =(S37-T36)*24*60 -> 29 | V37: =(T37-S37)*24*60 -> 105 | AA37: =M37-J37 -> -132 | AB37: =M37/J37 -> 0.956
A38: 新豐3線 | B38: 調理麵包 | C38: 經典雙牛起司堡(113年) | E38: 35.12 | F38: 4068 | G38: 142868.16 | I38: 10 | J38: 3000 | K38: 300 | L38: 10 | M38: 2871.5294 | N38: 287.15294 | O38: 0 | P38: -12.847059 | Q38: =N38/K38 -> 0.95717647 | S38: 0.23819444 | T38: 0.29722222 | U38: =(S38-T37)*24*60 -> 5 | V38: =(T38-S38)*24*60 -> 85 | AA38: =M38-J38 -> -128.47059 | AB38: =M38/J38 -> 0.95717647
A39: 新豐3線 | B39: 調理麵包 | C39: 美式雞腿堡 | E39: 35.87 | F39: 2984 | G39: 107036.08 | I39: 10 | J39: 3000 | K39: 300 | L39: 10 | M39: 2887.7419 | N39: 288.77419 | O39: 0 | P39: -11.225806 | Q39: =N39/K39 -> 0.96258065 | S39: 0.30277778 | T39: 0.34583333 | U39: =(S39-T38)*24*60 -> 8 | V39: =(T39-S39)*24*60 -> 62 | AA39: =M39-J39 -> -112.25806 | AB39: =M39/J39 -> 0.96258065
A40: 新豐3線 | B40: 調理麵包 | C40: 泰式酸辣炸雞堡 | E40: 36.14 | F40: 1730 | G40: 62522.2 | I40: 8 | J40: 3000 | K40: 375 | L40: 8 | M40: 2883.3333 | N40: 360.41667 | O40: 0 | P40: -14.583333 | Q40: =N40/K40 -> 0.96111111 | S40: 0.35 | T40: 0.375 | V40: =(T40-S40)*24*60 -> 36 | AA40: =M40-J40 -> -116.66667 | AB40: =M40/J40 -> 0.96111111
A41: 新豐3線 | B41: 調理麵包 | C41: 黃金魚堡 | E41: 35.37 | F41: 1325 | G41: 46865.25 | I41: 10 | J41: 3000 | K41: 300 | L41: 10 | M41: 2944.4444 | N41: 294.44444 | O41: 0 | P41: -5.5555556 | Q41: =N41/K41 -> 0.98148148 | S41: 0.37916667 | T41: 0.39791667 | U41: =(S41-T40)*24*60 -> 6 | V41: =(T41-S41)*24*60 -> 27 | AA41: =M41-J41 -> -55.555556 | AB41: =M41/J41 -> 0.98148148
A42: 新豐3線 | B42: 平均 | I42: 9.6666667 | J42: 3000 | K42: 310.34483 | L42: 9.6666667 | M42: =AVERAGE(M36:M41) -> 2889.1749 | N42: =M42/L42 -> 298.88016 | O42: 0 | P42: =N42-K42 -> -11.46467 | Q42: =N42/K42 -> 0.96305828 | AA42: =M42-J42 -> -110.82515 | AB42: =M42/J42 -> 0.96305828
A43: 新豐1線 | B43: 沙拉 | C43: 蔥鹽雞肉麵沙拉(114年) | E43: 46 | F43: 2337 | G43: =E43*F43 -> 107502 | I43: 17 | J43: 2000 | K43: =J43/I43 -> 117.64706 | L43: 17 | M43: =F43/V43*60 -> 1920.8219 | N43: =M43/L43 -> 112.98952 | O43: =L43-I43 -> 0 | P43: =N43-K43 -> -4.6575342 | Q43: =N43/K43 -> 0.96041096 | R43: =Q49 -> 0.96150184 | S43: 0.29166667 | T43: 0.34236111 | V43: =(T43-S43)*24*60 -> 73 | AA43: =M43-J43 -> -79.178082 | AB43: =M43/J43 -> 0.96041096 | AC43: =AB49 -> 0.96150184
A44: 新豐1線 | B44: 沙拉 | C44: 莎莎烤雞麵沙拉 | E44: 46 | F44: 2603 | G44: =E44*F44 -> 119738 | I44: 17 | J44: 2000 | K44: =J44/I44 -> 117.64706 | L44: 17 | M44: =F44/V44*60 -> 1904.6341 | N44: =M44/L44 -> 112.0373 | O44: =L44-I44 -> 0 | P44: =N44-K44 -> -5.6097561 | Q44: =N44/K44 -> 0.95231707 | S44: 0.34652778 | T44: 0.40347222 | U44: =IF(S44=TIME(17,0,0),"",(S44-T43)*24*60) -> 6 | V44: =(T44-S44)*24*60 -> 82 | AA44: =M44-J44 -> -95.365854 | AB44: =M44/J44 -> 0.95231707
A45: 新豐1線 | B45: 微波主食 | C45: 鳳梨腰果炒飯 | E45: 54.09 | F45: 1085 | G45: =E45*F45 -> 58687.65 | I45: 16 | J45: 2000 | K45: =J45/I45 -> 125 | L45: 16 | M45: =F45/V45*60 -> 1914.7059 | N45: =M45/L45 -> 119.66912 | O45: =L45-I45 -> 0 | P45: =N45-K45 -> -5.3308824 | Q45: =N45/K45 -> 0.95735294 | S45: 0.40833333 | T45: 0.43194444 | U45: =IF(S45=TIME(17,0,0),"",(S45-T44)*24*60) -> 7 | V45: =(T45-S45)*24*60 -> 34 | AA45: =M45-J45 -> -85.294118 | AB45: =M45/J45 -> 0.95735294
A46: 新豐1線 | B46: 微波主食 | C46: 二配香辣醬蒜味香腸蛋炒飯 | E46: 55.56 | F46: 1996 | G46: =E46*F46 -> 110897.76 | I46: 17 | J46: 2000 | K46: =J46/I46 -> 117.64706 | L46: 17 | M46: =F46/V46*60 -> 1931.6129 | N46: =M46/L46 -> 113.62429 | O46: =L46-I46 -> 0 | P46: =N46-K46 -> -4.0227704 | Q46: =N46/K46 -> 0.96580645 | S46: 0.70833333 | T46: 0.75138889 | U46: =IF(S46=TIME(17,0,0),"",(S46-T45)*24*60) | V46: =(T46-S46)*24*60 -> 62 | AA46: =M46-J46 -> -68.387097 | AB46: =M46/J46 -> 0.96580645
A47: 新豐1線 | B47: 微波主食 | C47: 二配香拌海鮮醬肉絲蛋炒飯 | E47: 55.32 | F47: 1482 | G47: =E47*F47 -> 81984.24 | I47: 15 | J47: 2000 | K47: =J47/I47 -> 133.33333 | L47: 15 | M47: =F47/V47*60 -> 1933.0435 | N47: =M47/L47 -> 128.86957 | O47: =L47-I47 -> 0 | P47: =N47-K47 -> -4.4637681 | Q47: =N47/K47 -> 0.96652174 | S47: 0.75555556 | T47: 0.7875 | U47: =IF(S47=TIME(17,0,0),"",(S47-T46)*24*60) -> 6 | V47: =(T47-S47)*24*60 -> 46 | AA47: =M47-J47 -> -66.956522 | AB47: =M47/J47 -> 0.96652174
A48: 新豐1線 | B48: 微波主食 | C48: 二配粗飽系雞排炒飯 | E48: 57.73 | F48: 1283 | G48: =E48*F48 -> 74067.59 | I48: 16 | J48: 1500 | K48: =J48/I48 -> 93.75 | L48: 16 | M48: =F48/V48*60 -> 1452.4528 | N48: =M48/L48 -> 90.778302 | O48: =L48-I48 -> 0 | P48: =N48-K48 -> -2.9716981 | Q48: =N48/K48 -> 0.96830189 | S48: 0.79097222 | T48: 0.82777778 | U48: =IF(S48=TIME(17,0,0),"",(S48-T47)*24*60) -> 5 | V48: =(T48-S48)*24*60 -> 53 | AA48: =M48-J48 -> -47.54717 | AB48: =M48/J48 -> 0.96830189
A49: 新豐1線 | B49: 平均 | I49: 16.333333 | J49: 1916.6667 | K49: =J49/I49 -> 117.34694 | L49: 16.333333 | M49: =AVERAGE(M43:M48) -> 1842.8785 | N49: =M49/L49 -> 112.8293 | O49: =L49-I49 -> 0 | P49: =N49-K49 -> -4.5176412 | Q49: =N49/K49 -> 0.96150184 | AA49: =M49-J49 -> -73.78814 | AB49: =M49/J49 -> 0.96150184
A50: 新豐10線 | B50: 調理麵包 | C50: 香雞蛋堡(112年) | E50: 26.78 | F50: 2549 | G50: =E50*F50 -> 68262.22 | I50: 10 | J50: 3000 | K50: =J50/I50 -> 300 | L50: 10 | M50: =F50/V50*60 -> 2885.6604 | N50: =M50/L50 -> 288.56604 | O50: =L50-I50 -> 0 | P50: =N50-K50 -> -11.433962 | Q50: =N50/K50 -> 0.96188679 | R50: =Q54 -> 0.95841646 | S50: 0.20833333 | T50: 0.24513889 | V50: =(T50-S50)*24*60 -> 53 | AA50: =M50-J50 -> -114.33962 | AB50: =M50/J50 -> 0.96188679 | AC50: =AB54 -> 0.95841646
A51: 新豐10線 | B51: 調理麵包 | C51: 美式熱狗堡 | E51: 35.12 | F51: 1080 | G51: =E51*F51 -> 37929.6 | I51: 13 | J51: 2000 | K51: =J51/I51 -> 153.84615 | L51: 13 | M51: =F51/V51*60 -> 1905.8824 | N51: =M51/L51 -> 146.60633 | O51: =L51-I51 -> 0 | P51: =N51-K51 -> -7.239819 | Q51: =N51/K51 -> 0.95294118 | S51: 0.25 | T51: 0.27361111 | U51: =(S51-T50)*24*60 -> 7 | V51: =(T51-S51)*24*60 -> 34 | AA51: =M51-J51 -> -94.117647 | AB51: =M51/J51 -> 0.95294118
A52: 新豐10線 | B52: 調理麵包 | C52: 超HOT雞腿堡(114年) | E52: 35.87 | F52: 2255 | G52: =E52*F52 -> 80886.85 | I52: 10 | J52: 3000 | K52: =J52/I52 -> 300 | L52: 10 | M52: =F52/V52*60 -> 2878.7234 | N52: =M52/L52 -> 287.87234 | O52: =L52-I52 -> 0 | P52: =N52-K52 -> -12.12766 | Q52: =N52/K52 -> 0.95957447 | S52: 0.27708333 | T52: 0.30972222 | U52: =(S52-T51)*24*60 -> 5 | V52: =(T52-S52)*24*60 -> 47 | AA52: =M52-J52 -> -121.2766 | AB52: =M52/J52 -> 0.95957447
A53: 新豐10線 | B53: 沙拉 | C53: 溏心蛋洋芋沙拉 | E53: 26.97 | F53: 2702 | G53: =E53*F53 -> 72872.94 | I53: 8 | J53: 1500 | K53: =J53/I53 -> 187.5 | L53: 8 | M53: =F53/V53*60 -> 1434.6903 | N53: =M53/L53 -> 179.33628 | O53: =L53-I53 -> 0 | P53: =N53-K53 -> -8.1637168 | Q53: =N53/K53 -> 0.95646018 | S53: 0.31388889 | T53: 0.39236111 | U53: =(S53-T52)*24*60 -> 6 | V53: =(T53-S53)*24*60 -> 113 | AA53: =M53-J53 -> -65.309735 | AB53: =M53/J53 -> 0.95646018
A54: 新豐10線 | B54: 平均 | I54: 10.25 | J54: 2375 | K54: =J54/I54 -> 231.70732 | L54: 10.25 | M54: =AVERAGE(M50:M53) -> 2276.2391 | N54: =M54/L54 -> 222.07211 | O54: =L54-I54 -> 0 | P54: =N54-K54 -> -9.6352098 | Q54: =N54/K54 -> 0.95841646 | AA54: =M54-J54 -> -98.7609 | AB54: =M54/J54 -> 0.95841646
A55: 新豐4線 | B55: 三明治 | C55: 香鬆起司蛋三明治(114年) | E55: 20.2 | F55: 1570 | G55: =E55*F55 -> 31714 | I55: 19 | J55: 2400 | K55: =J55/I55 -> 126.31579 | L55: 19 | M55: =F55/V55*60 -> 2297.561 | N55: =M55/L55 -> 120.92426 | O55: =L55-I55 -> 0 | P55: =N55-K55 -> -5.3915276 | Q55: =N55/K55 -> 0.95731707 | R55: =Q62 -> 0.96160659 | S55: 0.083333333 | T55: 0.11180556 | V55: =(T55-S55)*24*60 -> 41 | W55: =T55 -> 0.11180556 | X55: =S56 -> 0.13194444 | AA55: =M55-J55 -> -102.43902 | AB55: =M55/J55 -> 0.95731707 | AC55: =AB62 -> 0.96160659
A56: 新豐4線 | B56: 三明治 | C56: 火腿起司蛋三明治 | E56: 19.02 | F56: 6583 | G56: =E56*F56 -> 125208.66 | I56: 15 | J56: 2400 | K56: =J56/I56 -> 160 | L56: 15 | M56: =F56/V56*60 -> 2283.1214 | N56: =M56/L56 -> 152.20809 | O56: =L56-I56 -> 0 | P56: =N56-K56 -> -7.7919075 | Q56: =N56/K56 -> 0.95130058 | S56: 0.13194444 | T56: 0.25208333 | U56: =(S56-T55)*24*60 -> 29 | V56: =(T56-S56)*24*60 -> 173 | AA56: =M56-J56 -> -116.87861 | AB56: =M56/J56 -> 0.95130058
A57: 新豐4線 | B57: 三明治 | C57: 起司芋見肉鬆三明治 | E57: 24.25 | F57: 2308 | G57: =E57*F57 -> 55969 | I57: 18 | J57: 2400 | K57: =J57/I57 -> 133.33333 | L57: 18 | M57: =F57/V57*60 -> 2308 | N57: =M57/L57 -> 128.22222 | O57: =L57-I57 -> 0 | P57: =N57-K57 -> -5.1111111 | Q57: =N57/K57 -> 0.96166667 | S57: 0.25625 | T57: 0.29791667 | U57: =(S57-T56)*24*60 -> 6 | V57: =(T57-S57)*24*60 -> 60 | AA57: =M57-J57 -> -92 | AB57: =M57/J57 -> 0.96166667
A58: 新豐4線 | B58: 三明治 | C58: 肉鬆火腿三明治 | E58: 20.52 | F58: 2851 | G58: =E58*F58 -> 58502.52 | I58: 18 | J58: 2400 | K58: =J58/I58 -> 133.33333 | L58: 18 | M58: =F58/V58*60 -> 2311.6216 | N58: =M58/L58 -> 128.42342 | O58: =L58-I58 -> 0 | P58: =N58-K58 -> -4.9099099 | Q58: =N58/K58 -> 0.96317568 | S58: 0.30138889 | T58: 0.35277778 | U58: =(S58-T57)*24*60 -> 5 | V58: =(T58-S58)*24*60 -> 74 | AA58: =M58-J58 -> -88.378378 | AB58: =M58/J58 -> 0.96317568
A59: 新豐4線 | B59: 三明治 | C59: 花生芝麻麻糬三明治 | E59: 24.25 | F59: 3531 | G59: =E59*F59 -> 85626.75 | I59: 17 | J59: 2400 | K59: =J59/I59 -> 141.17647 | L59: 17 | M59: =F59/V59*60 -> 2302.8261 | N59: =M59/L59 -> 135.46036 | O59: =L59-I59 -> 0 | P59: =N59-K59 -> -5.7161125 | Q59: =N59/K59 -> 0.95951087 | S59: 0.35833333 | T59: 0.42222222 | U59: =(S59-T58)*24*60 -> 8 | V59: =(T59-S59)*24*60 -> 92 | AA59: =M59-J59 -> -97.173913 | AB59: =M59/J59 -> 0.95951087
A60: 新豐4線 | B60: 三明治 | C60: 藍莓優格三明治(114年) | E60: 22.35 | F60: 1352 | G60: =E60*F60 -> 30217.2 | I60: 16 | J60: 2400 | K60: =J60/I60 -> 150 | L60: 16 | M60: =F60/V60*60 -> 2317.7143 | N60: =M60/L60 -> 144.85714 | O60: =L60-I60 -> 0 | P60: =N60-K60 -> -5.1428571 | Q60: =N60/K60 -> 0.96571429 | S60: 0.42638889 | T60: 0.45069444 | U60: =(S60-T59)*24*60 -> 6 | V60: =(T60-S60)*24*60 -> 35 | AA60: =M60-J60 -> -82.285714 | AB60: =M60/J60 -> 0.96571429
A61: 新豐4線 | B61: 三明治 | C61: 瘋狂起司三明治(113年) | E61: 24.45 | F61: 1595 | G61: =E61*F61 -> 38997.75 | I61: 20 | J61: 2400 | K61: =J61/I61 -> 120 | L61: 20 | M61: =F61/V61*60 -> 2334.1463 | N61: =M61/L61 -> 116.70732 | O61: =L61-I61 -> 0 | P61: =N61-K61 -> -3.2926829 | Q61: =N61/K61 -> 0.97256098 | S61: 0.45555556 | T61: 0.48402778 | U61: =(S61-T60)*24*60 -> 7 | V61: =(T61-S61)*24*60 -> 41 | AA61: =M61-J61 -> -65.853659 | AB61: =M61/J61 -> 0.97256098
A62: 新豐4線 | B62: 平均 | I62: 17.571429 | J62: 2400 | K62: =J62/I62 -> 136.58537 | L62: 17.571429 | M62: =AVERAGE(M55:M61) -> 2307.8558 | N62: =M62/L62 -> 131.34139 | O62: =L62-I62 -> 0 | P62: =N62-K62 -> -5.2439781 | Q62: =N62/K62 -> 0.96160659 | AA62: =M62-J62 -> -92.144186 | AB62: =M62/J62 -> 0.96160659

Sheet 0926
B1: 屏榮 新豐廠組合室生產人時性分析
B3: 日期 | C3: =TEXT('0926 4度C'!A2,"yyyy.mm.ddaaaa") -> 2025.09.26星期五 | E3: 訂單量 | F3: ='0926 4度C'!D1 -> 133617 | H3: 營業額 | I3: ='0926 4度C'!F1 -> 4389261
B4: 人時性 | C4: 項目 | E4: ➀ | G4: ➁ | I4: ➂
C5: 組合室 | E5: 全溫層 | G5: 4度C-各編組展開 | I5: ③三明治-各編組展開
C6: 排關平均 | E6: =AVERAGE(D13:M13) -> 149.55969 | F6: =AVERAGE(D27:O27,D13:J13) -> 154.31767 | G6: =AVERAGE(D13:J13) -> 154.31767 | I6: =AVERAGE(K13:M13) -> 138.45775
C7: 實績平均 | E7: =AVERAGE(D14:M14) -> 143.56121 | F7: =AVERAGE(D28:O28,D14:J14) -> 148.28516 | G7: =AVERAGE(D14:J14) -> 148.28516 | I7: =AVERAGE(K14:M14) -> 132.53866
C8: 達成率平均 | E8: =AVERAGE(D15:M15) -> 0.95966965 | F8: =AVERAGE(D15:J15,D29:O29) -> 0.96067704 | G8: =AVERAGE(D15:J15) -> 0.96067704 | I8: =AVERAGE(K15:M15) -> 0.95731907 | K8: ※現行日本鮮食廠以達成率80%為基本(即為現行KPI)
B10: 溫層 | D10: ➁4度C-各編組展開 | K10: ③三明治-各編組展開
B11: 編組 | D11: 1 | E11: 2 | F11: 3 | G11: 4 | H11: 5 | I11: 6 | J11: 7 | K11: 1 | L11: 2 | M11: 3
D12: 新豐6線 | E12: 新豐2線 | F12: 新豐5線 | G12: 新豐7線 | H12: 新豐3線 | I12: 新豐1線 | J12: 新豐10線 | K12: 新豐8線 | L12: 新豐9線 | M12: 新豐4線
B13: 人時性 | C13: 排關 | D13: =SUMIFS('0926 4度C'!$K:$K,'0926 4度C'!$A:$A,"新豐6線",'0926 4度C'!$B:$B,"平均") -> 125 | E13: =SUMIFS('0926 4度C'!$K:$K,'0926 4度C'!$A:$A,"新豐2線",'0926 4度C'!$B:$B,"平均") -> 88.235294 | F13: =SUMIFS('0926 4度C'!$K:$K,'0926 4度C'!$A:$A,"新豐5線",'0926 4度C'!$B:$B,"平均") -> 88.541667 | G13: =SUMIFS('0926 4度C'!$K:$K,'0926 4度C'!$A:$A,"新豐7線",'0926 4度C'!$B:$B,"平均") -> 119.04762 | H13: =SUMIFS('0926 4度C'!$K:$K,'0926 4度C'!$A:$A,"新豐3線",'0926 4度C'!$B:$B,"平均") -> 310.34483 | I13: =SUMIFS('0926 4度C'!$K:$K,'0926 4度C'!$A:$A,"新豐1線",'0926 4度C'!$B:$B,"平均") -> 117.34694 | J13: =SUMIFS('0926 4度C'!$K:$K,'0926 4度C'!$A:$A,"新豐10線",'0926 4度C'!$B:$B,"平均") -> 231.70732 | K13: =SUMIFS('0926 4度C'!$K:$K,'0926 4度C'!$A:$A,"新豐8線",'0926 4度C'!$B:$B,"平均") -> 133.33333 | L13: =SUMIFS('0926 4度C'!$K:$K,'0926 4度C'!$A:$A,"新豐9線",'0926 4度C'!$B:$B,"平均") -> 145.45455 | M13: =SUMIFS('0926 4度C'!$K:$K,'0926 4度C'!$A:$A,"新豐4線",'0926 4度C'!$B:$B,"平均") -> 136.58537
C14: 實績 | D14: =SUMIFS('0926 4度C'!$N:$N,'0926 4度C'!$A:$A,"新豐6線",'0926 4度C'!$B:$B,"平均") -> 121.24044 | E14: =SUMIFS('0926 4度C'!$N:$N,'0926 4度C'!$A:$A,"新豐2線",'0926 4度C'!$B:$B,"平均") -> 84.483152 | F14: =SUMIFS('0926 4度C'!$N:$N,'0926 4度C'!$A:$A,"新豐5線",'0926 4度C'!$B:$B,"平均") -> 84.638814 | G14: =SUMIFS('0926 4度C'!$N:$N,'0926 4度C'!$A:$A,"新豐7線",'0926 4度C'!$B:$B,"平均") -> 114.19047 | H14: =SUMIFS('0926 4度C'!$N:$N,'0926 4度C'!$A:$A,"新豐3線",'0926 4度C'!$B:$B,"平均") -> 298.93163 | I14: =SUMIFS('0926 4度C'!$N:$N,'0926 4度C'!$A:$A,"新豐1線",'0926 4度C'!$B:$B,"平均") -> 113.00981 | J14: =SUMIFS('0926 4度C'!$N:$N,'0926 4度C'!$A:$A,"新豐10線",'0926 4度C'!$B:$B,"平均") -> 221.50179 | K14: =SUMIFS('0926 4度C'!$N:$N,'0926 4度C'!$A:$A,"新豐8線",'0926 4度C'!$B:$B,"平均") -> 127.97906 | L14: =SUMIFS('0926 4度C'!$N:$N,'0926 4度C'!$A:$A,"新豐9線",'0926 4度C'!$B:$B,"平均") -> 138.90942 | M14: =SUMIFS('0926 4度C'!$N:$N,'0926 4度C'!$A:$A,"新豐4線",'0926 4度C'!$B:$B,"平均") -> 130.7275
C15: 達成率 | D15: =D14/D13 -> 0.96992351 | E15: =E14/E13 -> 0.95747573 | F15: =F14/F13 -> 0.95592072 | G15: =G14/G13 -> 0.95919995 | H15: =H14/H13 -> 0.96322415 | I15: =I14/I13 -> 0.96304014 | J15: =J14/J13 -> 0.95595511 | K15: =K14/K13 -> 0.95984291 | ... M15: =M14/M13 -> 0.95711206
B16: 作業 時間 | C16: 開始 | D16: =VLOOKUP("新豐6線",'0926 4度C'!$A:$T,19,0) -> 0.70833333 | E16: =VLOOKUP("新豐2線",'0926 4度C'!$A:$T,19,0) -> 0.20833333 | F16: =VLOOKUP("新豐5線",'0926 4度C'!$A:$T,19,0) -> 0.20833333 | G16: =VLOOKUP("新豐7線",'0926 4度C'!$A:$T,19,0) -> 0.20833333 | H16: =VLOOKUP("新豐3線",'0926 4度C'!$A:$T,19,0) -> 0.083333333 | I16: =VLOOKUP("新豐1線",'0926 4度C'!$A:$T,19,0) -> 0.29166667 | J16: =VLOOKUP("新豐10線",'0926 4度C'!$A:$T,19,0) -> 0.20833333 | K16: =VLOOKUP("新豐8線",'0926 4度C'!$A:$T,19,0) -> 0.083333333 | L16: =VLOOKUP("新豐9線",'0926 4度C'!$A:$T,19,0) -> 0.083333333 | M16: =VLOOKUP("新豐4線",'0926 4度C'!$A:$T,19,0) -> 0.083333333
C17: 結束 | D17: =LOOKUP(2,1/(('0926 4度C'!$A:$A="新豐6線")*('0926 4度C'!$T:$T<>"")),'0926 4度C'!$T:$T) -> 0.80416667 | E17: =LOOKUP(2,1/(('0926 4度C'!$A:$A="新豐2線")*('0926 4度C'!$T:$T<>"")),'0926 4度C'!$T:$T) -> 0.35138889 | F17: =LOOKUP(2,1/(('0926 4度C'!$A:$A="新豐5線")*('0926 4度C'!$T:$T<>"")),'0926 4度C'!$T:$T) -> 0.82638889 | G17: =LOOKUP(2,1/(('0926 4度C'!$A:$A="新豐7線")*('0926 4度C'!$T:$T<>"")),'0926 4度C'!$T:$T) -> 0.7625 | H17: =LOOKUP(2,1/(('0926 4度C'!$A:$A="新豐3線")*('0926 4度C'!$T:$T<>"")),'0926 4度C'!$T:$T) -> 0.39722222 | I17: =LOOKUP(2,1/(('0926 4度C'!$A:$A="新豐1線")*('0926 4度C'!$T:$T<>"")),'0926 4度C'!$T:$T) -> 0.82152778 | J17: =LOOKUP(2,1/(('0926 4度C'!$A:$A="新豐10線")*('0926 4度C'!$T:$T<>"")),'0926 4度C'!$T:$T) -> 0.38125 | K17: =LOOKUP(2,1/(('0926 4度C'!$A:$A="新豐8線")*('0926 4度C'!$T:$T<>"")),'0926 4度C'!$T:$T) -> 0.52430556 | L17: =LOOKUP(2,1/(('0926 4度C'!$A:$A="新豐9線")*('0926 4度C'!$T:$T<>"")),'0926 4度C'!$T:$T) -> 0.52569444 | M17: =LOOKUP(2,1/(('0926 4度C'!$A:$A="新豐4線")*('0926 4度C'!$T:$T<>"")),'0926 4度C'!$T:$T) -> 0.50625
B18: 配置人數 | D18: =SUMIFS('0926 4度C'!$I:$I,'0926 4度C'!$A:$A,"新豐6線",'0926 4度C'!$B:$B,"平均") -> 16 | E18: =SUMIFS('0926 4度C'!$I:$I,'0926 4度C'!$A:$A,"新豐2線",'0926 4度C'!$B:$B,"平均") -> 17 | F18: =SUMIFS('0926 4度C'!$I:$I,'0926 4度C'!$A:$A,"新豐5線",'0926 4度C'!$B:$B,"平均") -> 19.2 | G18: =SUMIFS('0926 4度C'!$I:$I,'0926 4度C'!$A:$A,"新豐7線",'0926 4度C'!$B:$B,"平均") -> 16.8 | H18: =SUMIFS('0926 4度C'!$I:$I,'0926 4度C'!$A:$A,"新豐3線",'0926 4度C'!$B:$B,"平均") -> 9.6666667 | I18: =SUMIFS('0926 4度C'!$I:$I,'0926 4度C'!$A:$A,"新豐1線",'0926 4度C'!$B:$B,"平均") -> 16.333333 | J18: =SUMIFS('0926 4度C'!$I:$I,'0926 4度C'!$A:$A,"新豐10線",'0926 4度C'!$B:$B,"平均") -> 10.25 | K18: =SUMIFS('0926 4度C'!$I:$I,'0926 4度C'!$A:$A,"新豐8線",'0926 4度C'!$B:$B,"平均") -> 18 | L18: =SUMIFS('0926 4度C'!$I:$I,'0926 4度C'!$A:$A,"新豐9線",'0926 4度C'!$B:$B,"平均") -> 16.5 | M18: =SUMIFS('0926 4度C'!$I:$I,'0926 4度C'!$A:$A,"新豐4線",'0926 4度C'!$B:$B,"平均") -> 17.571429
B19: 主要應用設備 | D19: ET-55 | E19: 熱縮爐 | F19: L型包裝機 | G19: L型包裝機 | H19: 伺服包裝機 | I19: ET-55 | J19: 伺服包裝機 | K19: 三明治包裝機 | L19: 三明治包裝機 | M19: 三明治包裝機
B20: 次要應用設備 | F20: 圓盤機 | G20: ET-55
B21: 備註 | E21: 握沙拉 | F21: 共用L型包裝機 | H21: 調理麵包 | I21: 炒飯+沙拉 | J21: 調理麵包

Sheet 0926 4度C
A1: 新豐廠四度C日報分析 | C1: 總生產量 | D1: =SUM(F5:F62) -> 133617 | E1: 營業額 | F1: =SUM(G5:G62) -> 4389261 | G1: 出勤人數 | H1: =L8+L10+L42+L49+L16+L54+L30+L35+L22+L62 -> 157.32143 | I1: 產線配置圖 | L1: 生產實績 | O1: 人時性差異分析 | S1: 日報登錄 | Y1: 分析說明 | AA1: 產能差異分析
A2: 45926 | B2: 星期五 | C2: 人時性 | D2: =AVERAGE(N8,N10,N42,N49,N16,N54,N22,N30,N35,N62) -> 143.56121 | E2: 平均廠價 | F2: =F1/D1 -> 32.84957 | G2: 多次生產數 | H2: =COUNT(H5:H62) -> 0
A3: 線別 | B3: 品類 | C3: 品名 | E3: 廠價 | F3: 生產量 | G3: 營收 | H3: 多次 生產 | I3: 人數 | J3: 產能/時 | K3: 人時性 | L3: 人數 | M3: 產能/時 | N3: 人時性 | O3: 人數 | P3: 人時性 | Q3: 達成率 | R3: 達成率平均 | S3: 生產時間 | U3: 換線、休息/分 | V3: 稼動時間/分 | W3: 休息時間 | Y3: (新豐回填) | AA3: 產能/時 | AB3: 達成率 | AC3: 達成率平均
S4: 開始 | T4: 結束 | W4: 開始 | X4: 結束
A5: 新豐6線 | B5: 微波主食 | C5: 二配煸椒烘蛋飯 | E5: 46.93 | F5: 692 | G5: =E5*F5 -> 32475.56 | I5: 16 | J5: 2000 | K5: =J5/I5 -> 125 | L5: 16 | M5: =F5/V5*60 -> 1977.1429 | N5: =M5/L5 -> 123.57143 | O5: =L5-I5 -> 0 | P5: =N5-K5 -> -1.4285714 | Q5: =N5/K5 -> 0.98857143 | R5: =Q8 -> 0.96992351 | S5: 0.70833333 | T5: 0.72291667 | V5: =(T5-S5)*24*60 -> 21 | AA5: =M5-J5 -> -22.857143 | AB5: =M5/J5 -> 0.98857143 | AC5: =AB8 -> 0.96992351
A6: 新豐6線 | B6: 微波主食 | C6: 二配川味麻婆燒豆腐燴飯 | E6: 50.49 | F6: 1636 | G6: =E6*F6 -> 82601.64 | I6: 15 | J6: 2000 | K6: =J6/I6 -> 133.33333 | L6: 15 | M6: =F6/V6*60 -> 1924.7059 | N6: =M6/L6 -> 128.31373 | O6: =L6-I6 -> 0 | P6: =N6-K6 -> -5.0196078 | Q6: =N6/K6 -> 0.96235294 | S6: 0.72708333 | T6: 0.7625 | U6: =(S6-T5)*24*60 -> 6 | V6: =(T6-S6)*24*60 -> 51 | AA6: =M6-J6 -> -75.294118 | AB6: =M6/J6 -> 0.96235294
A7: 新豐6線 | B7: 微波主食 | C7: 二配港式香滑嫩蛋牛肉燴飯 | E7: 50.67 | F7: 1662 | G7: =E7*F7 -> 84213.54 | I7: 17 | J7: 2000 | K7: =J7/I7 -> 117.64706 | L7: 17 | M7: =F7/V7*60 -> 1917.6923 | N7: =M7/L7 -> 112.80543 | O7: =L7-I7 -> 0 | P7: =N7-K7 -> -4.841629 | Q7: =N7/K7 -> 0.95884615 | S7: 0.76805556 | T7: 0.80416667 | U7: =(S7-T6)*24*60 -> 8 | V7: =(T7-S7)*24*60 -> 52 | AA7: =M7-J7 -> -82.307692 | AB7: =M7/J7 -> 0.95884615
A8: 新豐6線 | B8: 平均 | I8: 16 | J8: 2000 | K8: =J8/I8 -> 125 | L8: 16 | M8: =AVERAGE(M5:M7) -> 1939.847 | N8: =M8/L8 -> 121.24044 | O8: =L8-I8 -> 0 | P8: =N8-K8 -> -3.7595615 | Q8: =N8/K8 -> 0.96992351 | AA8: =M8-J8 -> -60.152984 | AB8: =M8/J8 -> 0.96992351
A9: 新豐2線 | B9: 沙拉 | C9: 青檸烤雞握沙拉(113年) | E9: 39.8 | F9: 4931 | G9: =E9*F9 -> 196253.8 | I9: 17 | J9: 1500 | K9: =J9/I9 -> 88.235294 | L9: 17 | M9: =F9/V9*60 -> 1436.2136 | N9: =M9/L9 -> 84.483152 | O9: =L9-I9 -> 0 | P9: =N9-K9 -> -3.7521416 | Q9: =N9/K9 -> 0.95747573 | R9: =Q10 -> 0.95747573 | S9: 0.20833333 | T9: 0.35138889 | V9: =(T9-S9)*24*60 -> 206 | AA9: =M9-J9 -> -63.786408 | AB9: =M9/J9 -> 0.95747573 | AC9: =AB10 -> 0.95747573
A10: 新豐2線 | B10: 平均 | I10: 17 | J10: 1500 | K10: =J10/I10 -> 88.235294 | L10: 17 | M10: =AVERAGE(M9:M9) -> 1436.2136 | N10: =M10/L10 -> 84.483152 | O10: =L10-I10 -> 0 | P10: =N10-K10 -> -3.7521416 | Q10: =N10/K10 -> 0.95747573 | AA10: =M10-J10 -> -63.786408 | AB10: =M10/J10 -> 0.95747573
A11: 新豐5線 | B11: 小吃 | C11: 剝皮辣椒雞湯 | E11: 41 | F11: 1785 | G11: =E11*F11 -> 73185 | I11: 26 | J11: 1500 | K11: =J11/I11 -> 57.692308 | L11: 26 | M11: =F11/V11*60 -> 1428 | N11: =M11/L11 -> 54.923077 | O11: =L11-I11 -> 0 | P11: =N11-K11 -> -2.7692308 | Q11: =N11/K11 -> 0.952 | R11: =Q16 -> 0.95592072 | S11: 0.20833333 | T11: 0.26041667 | V11: =(T11-S11)*24*60 -> 75 | AA11: =M11-J11 -> -72 | AB11: =M11/J11 -> 0.952 | AC11: =AB16 -> 0.95592072
A12: 新豐5線 | B12: 沙拉 | C12: 青醬優格雞肉握沙拉(113年) | E12: 39.62 | F12: 3545 | G12: =E12*F12 -> 140452.9 | I12: 19 | J12: 1500 | K12: =J12/I12 -> 78.947368 | L12: 19 | M12: =F12/V12*60 -> 1427.5168 | N12: =M12/L12 -> 75.132462 | O12: =L12-I12 -> 0 | P12: =N12-K12 -> -3.8149064 | Q12: =N12/K12 -> 0.95167785 | S12: 0.26527778 | T12: 0.36875 | U12: =IF(S12=TIME(17,0,0),"",(S12-T11)*24*60) -> 7 | V12: =(T12-S12)*24*60 -> 149 | AA12: =M12-J12 -> -72.483221 | AB12: =M12/J12 -> 0.95167785
A13: 新豐5線 | B13: 沙拉 | C13: 韓式泡菜豆腐握沙拉 | E13: 39.36 | F13: 2489 | G13: =E13*F13 -> 97967.04 | I13: 20 | J13: 1500 | K13: =J13/I13 -> 75 | L13: 20 | M13: =F13/V13*60 -> 1435.9615 | N13: =M13/L13 -> 71.798077 | O13: =L13-I13 -> 0 | P13: =N13-K13 -> -3.2019231 | Q13: =N13/K13 -> 0.95730769 | S13: 0.37430556 | T13: 0.44652778 | U13: =IF(S13=TIME(17,0,0),"",(S13-T12)*24*60) -> 8 | V13: =(T13-S13)*24*60 -> 104 | AA13: =M13-J13 -> -64.038462 | AB13: =M13/J13 -> 0.95730769
A14: 新豐5線 | B14: 微波主食 | C14: 二配金咖哩濃厚辛辣咖哩飯 | E14: 50.98 | F14: 2457 | G14: =E14*F14 -> 125257.86 | I14: 16 | J14: 2000 | K14: =J14/I14 -> 125 | L14: 16 | M14: =F14/V14*60 -> 1914.5455 | N14: =M14/L14 -> 119.65909 | O14: =L14-I14 -> 0 | P14: =N14-K14 -> -5.3409091 | Q14: =N14/K14 -> 0.95727273 | S14: 0.70833333 | T14: 0.76180556 | U14: =IF(S14=TIME(17,0,0),"",(S14-T13)*24*60) | V14: =(T14-S14)*24*60 -> 77 | AA14: =M14-J14 -> -85.454545 | AB14: =M14/J14 -> 0.95727273
A15: 新豐5線 | B15: 微波主食 | C15: 二配金咖哩果香甘口咖哩飯 | E15: 50.92 | F15: 2751 | G15: =E15*F15 -> 140080.92 | I15: 15 | J15: 2000 | K15: =J15/I15 -> 133.33333 | L15: 15 | M15: =F15/V15*60 -> 1919.3023 | N15: =M15/L15 -> 127.95349 | O15: =L15-I15 -> 0 | P15: =N15-K15 -> -5.379845 | Q15: =N15/K15 -> 0.95965116 | S15: 0.76666667 | T15: 0.82638889 | U15: =IF(S15=TIME(17,0,0),"",(S15-T14)*24*60) -> 7 | V15: =(T15-S15)*24*60 -> 86 | AA15: =M15-J15 -> -80.697674 | AB15: =M15/J15 -> 0.95965116
A16: 新豐5線 | B16: 平均 | I16: 19.2 | J16: 1700 | K16: =J16/I16 -> 88.541667 | L16: 19.2 | M16: =AVERAGE(M11:M15) -> 1625.0652 | N16: =M16/L16 -> 84.638814 | O16: =L16-I16 -> 0 | P16: =N16-K16 -> -3.9028532 | Q16: =N16/K16 -> 0.95592072 | AA16: =M16-J16 -> -74.934781 | AB16: =M16/J16 -> 0.95592072
A17: 新豐7線 | B17: 小吃 | C17: 古早味炒炊粉 | E17: 43.14 | F17: 1101 | G17: =E17*F17 -> 47497.14 | I17: 17 | J17: 2000 | K17: =J17/I17 -> 117.64706 | L17: 17 | M17: =F17/V17*60 -> 1942.9412 | N17: =M17/L17 -> 114.29066 | O17: =L17-I17 -> 0 | P17: =N17-K17 -> -3.3564014 | Q17: =N17/K17 -> 0.97147059 | R17: =Q22 -> 0.95919995 | S17: 0.20833333 | T17: 0.23194444 | V17: =(T17-S17)*24*60 -> 34 | AA17: =M17-J17 -> -57.058824 | AB17: =M17/J17 -> 0.97147059 | AC17: =AB22 -> 0.95919995
A18: 新豐7線 | B18: 微波主食 | C18: 鐵板滑蛋炸豬排丼 | E18: 57.73 | F18: 2015 | G18: =E18*F18 -> 116325.95 | I18: 15 | J18: 2000 | K18: =J18/I18 -> 133.33333 | L18: 15 | M18: =F18/V18*60 -> 1919.0476 | N18: =M18/L18 -> 127.93651 | O18: =L18-I18 -> 0 | P18: =N18-K18 -> -5.3968254 | Q18: =N18/K18 -> 0.95952381 | S18: 0.2375 | T18: 0.28125 | U18: =IF(S18=TIME(17,0,0),"",(S18-T17)*24*60) -> 8 | V18: =(T18-S18)*24*60 -> 63 | AA18: =M18-J18 -> -80.952381 | AB18: =M18/J18 -> 0.95952381
A19: 新豐7線 | B19: 微波主食 | C19: 極上炙烤親子丼 | E19: 53.68 | F19: 1533 | G19: =E19*F19 -> 82291.44 | I19: 16 | J19: 2000 | K19: =J19/I19 -> 125 | L19: 16 | M19: =F19/V19*60 -> 1916.25 | N19: =M19/L19 -> 119.76563 | O19: =L19-I19 -> 0 | P19: =N19-K19 -> -5.234375 | Q19: =N19/K19 -> 0.958125 | S19: 0.28541667 | T19: 0.31875 | U19: =IF(S19=TIME(17,0,0),"",(S19-T18)*24*60) -> 6 | V19: =(T19-S19)*24*60 -> 48 | AA19: =M19-J19 -> -83.75 | AB19: =M19/J19 -> 0.958125
A20: 新豐7線 | B20: 微波主食 | C20: 白味噌壽喜燒飯 | E20: 53.27 | F20: 1721 | G20: =E20*F20 -> 91677.67 | I20: 17 | J20: 2000 | K20: =J20/I20 -> 117.64706 | L20: 17 | M20: =F20/V20*60 -> 1912.2222 | N20: =M20/L20 -> 112.48366 | O20: =L20-I20 -> 0 | P20: =N20-K20 -> -5.1633987 | Q20: =N20/K20 -> 0.95611111 | S20: 0.32222222 | T20: 0.35972222 | U20: =IF(S20=TIME(17,0,0),"",(S20-T19)*24*60) -> 5 | V20: =(T20-S20)*24*60 -> 54 | AA20: =M20-J20 -> -87.777778 | AB20: =M20/J20 -> 0.95611111
A21: 新豐7線 | B21: 微波主食 | C21: 二配美味蟹煲 | E21: 54.09 | F21: 2472 | G21: =E21*F21 -> 133710.48 | I21: 19 | J21: 2000 | K21: =J21/I21 -> 105.26316 | L21: 19 | M21: =F21/V21*60 -> 1901.5385 | N21: =M21/L21 -> 100.08097 | O21: =L21-I21 -> 0 | P21: =N21-K21 -> -5.1821862 | Q21: =N21/K21 -> 0.95076923 | S21: 0.70833333 | T21: 0.7625 | U21: =IF(S21=TIME(17,0,0),"",(S21-T20)*24*60) | V21: =(T21-S21)*24*60 -> 78 | AA21: =M21-J21 -> -98.461538 | AB21: =M21/J21 -> 0.95076923
A22: 新豐7線 | B22: 平均 | I22: 16.8 | J22: 2000 | K22: =J22/I22 -> 119.04762 | L22: 16.8 | M22: =AVERAGE(M17:M21) -> 1918.3999 | N22: =M22/L22 -> 114.19047 | O22: =L22-I22 -> 0 | P22: =N22-K22 -> -4.8571491 | Q22: =N22/K22 -> 0.95919995 | AA22: =M22-J22 -> -81.600104 | AB22: =M22/J22 -> 0.95919995
A23: 新豐8線 | B23: 三明治 | C23: 經典總匯三明治 | E23: 26.2 | F23: 3293 | G23: =E23*F23 -> 86276.6 | I23: 20 | J23: 2400 | K23: =J23/I23 -> 120 | L23: 20 | M23: =F23/V23*60 -> 2297.4419 | N23: =M23/L23 -> 114.87209 | O23: =L23-I23 -> 0 | P23: =N23-K23 -> -5.127907 | Q23: =N23/K23 -> 0.95726744 | R23: =Q30 -> 0.95984291 | S23: 0.083333333 | T23: 0.14305556 | V23: =(T23-S23)*24*60 -> 86 | W23: =T23 -> 0.14305556 | X23: =S24 -> 0.16041667 | AA23: =M23-J23 -> -102.55814 | AB23: =M23/J23 -> 0.95726744 | AC23: =AB30 -> 0.95984291
A24: 新豐8線 | B24: 三明治 | C24: 紐奧良風味烤雞鮮蔬三明治 | E24: 31.29 | F24: 6512 | G24: =E24*F24 -> 203760.48 | I24: 18 | J24: 2400 | K24: =J24/I24 -> 133.33333 | L24: 18 | M24: =F24/V24*60 -> 2284.9123 | N24: =M24/L24 -> 126.93957 | O24: =L24-I24 -> 0 | P24: =N24-K24 -> -6.3937622 | Q24: =N24/K24 -> 0.95204678 | S24: 0.16041667 | T24: 0.27916667 | U24: =(S24-T23)*24*60 -> 25 | V24: =(T24-S24)*24*60 -> 171 | AA24: =M24-J24 -> -115.08772 | AB24: =M24/J24 -> 0.95204678
A25: 新豐8線 | B25: 三明治 | C25: 雞蛋沙拉三明治 | E25: 25 | F25: 2915 | G25: =E25*F25 -> 72875 | I25: 15 | J25: 2400 | K25: =J25/I25 -> 160 | L25: 15 | M25: =F25/V25*60 -> 2301.3158 | N25: =M25/L25 -> 153.42105 | O25: =L25-I25 -> 0 | P25: =N25-K25 -> -6.5789474 | Q25: =N25/K25 -> 0.95888158 | S25: 0.28333333 | T25: 0.33611111 | U25: =(S25-T24)*24*60 -> 6 | V25: =(T25-S25)*24*60 -> 76 | AA25: =M25-J25 -> -98.684211 | AB25: =M25/J25 -> 0.95888158
A26: 新豐8線 | B26: 三明治 | C26: 陽光地瓜總匯三明治 | E26: 26.18 | F26: 2964 | G26: =E26*F26 -> 77597.52 | I26: 19 | J26: 2400 | K26: =J26/I26 -> 126.31579 | L26: 19 | M26: =F26/V26*60 -> 2309.6104 | N26: =M26/L26 -> 121.55844 | O26: =L26-I26 -> 0 | P26: =N26-K26 -> -4.7573479 | Q26: =N26/K26 -> 0.96233766 | S26: 0.33958333 | T26: 0.39305556 | U26: =(S26-T25)*24*60 -> 5 | V26: =(T26-S26)*24*60 -> 77 | AA26: =M26-J26 -> -90.38961 | AB26: =M26/J26 -> 0.96233766
A27: 新豐8線 | B27: 三明治 | C27: 好多菜三明治 | E27: 26.2 | F27: 2865 | G27: =E27*F27 -> 75063 | I27: 19 | J27: 2400 | K27: =J27/I27 -> 126.31579 | L27: 19 | M27: =F27/V27*60 -> 2292 | N27: =M27/L27 -> 120.63158 | O27: =L27-I27 -> 0 | P27: =N27-K27 -> -5.6842105 | Q27: =N27/K27 -> 0.955 | S27: 0.39791667 | T27: 0.45 | U27: =(S27-T26)*24*60 -> 7 | V27: =(T27-S27)*24*60 -> 75 | AA27: =M27-J27 -> -108 | AB27: =M27/J27 -> 0.955
A28: 新豐8線 | B28: 三明治 | C28: 龍蝦風味總匯三明治 | E28: 25.98 | F28: 1252 | G28: =E28*F28 -> 32526.96 | I28: 17 | J28: 2400 | K28: =J28/I28 -> 141.17647 | L28: 17 | M28: =F28/V28*60 -> 2347.5 | N28: =M28/L28 -> 138.08824 | O28: =L28-I28 -> 0 | P28: =N28-K28 -> -3.0882353 | Q28: =N28/K28 -> 0.978125 | S28: 0.45416667 | T28: 0.47638889 | U28: =(S28-T27)*24*60 -> 6 | V28: =(T28-S28)*24*60 -> 32 | AA28: =M28-J28 -> -52.5 | AB28: =M28/J28 -> 0.978125
A29: 新豐8線 | B29: 三明治 | C29: 輕乳酪巧克力三明治 | E29: 20.52 | F29: 2369 | G29: =E29*F29 -> 48611.88 | I29: 18 | J29: 2400 | K29: =J29/I29 -> 133.33333 | L29: 18 | M29: =F29/V29*60 -> 2292.5806 | N29: =M29/L29 -> 127.36559 | O29: =L29-I29 -> 0 | P29: =N29-K29 -> -5.9677419 | Q29: =N29/K29 -> 0.95524194 | S29: 0.48125 | T29: 0.52430556 | U29: =(S29-T28)*24*60 -> 7 | V29: =(T29-S29)*24*60 -> 62 | AA29: =M29-J29 -> -107.41935 | AB29: =M29/J29 -> 0.95524194
A30: 新豐8線 | B30: 平均 | I30: 18 | J30: 2400 | K30: =J30/I30 -> 133.33333 | L30: 18 | M30: =AVERAGE(M23:M29) -> 2303.623 | N30: =M30/L30 -> 127.97906 | O30: =L30-I30 -> 0 | P30: =N30-K30 -> -5.3542781 | Q30: =N30/K30 -> 0.95984291 | AA30: =M30-J30 -> -96.377005 | AB30: =M30/J30 -> 0.95984291
A31: 新豐9線 | B31: 三明治 | C31: 鮪魚起司溏心蛋三明治 | E31: 26.2 | F31: 4647 | G31: =E31*F31 -> 121751.4 | I31: 18 | J31: 2400 | K31: =J31/I31 -> 133.33333 | L31: 18 | M31: =F31/V31*60 -> 2285.4098 | N31: =M31/L31 -> 126.96721 | O31: =L31-I31 -> 0 | P31: =N31-K31 -> -6.3661202 | Q31: =N31/K31 -> 0.9522541 | R31: =Q35 -> 0.95500224 | S31: 0.083333333 | T31: 0.16805556 | V31: =(T31-S31)*24*60 -> 122 | W31: =T31 -> 0.16805556 | X31: =S32 -> 0.18888889 | AA31: =M31-J31 -> -114.59016 | AB31: =M31/J31 -> 0.9522541 | AC31: =AB35 -> 0.95500224
A32: 新豐9線 | B32: 三明治 | C32: 醬燒烤雞三明治 | E32: 26.39 | F32: 4329 | G32: =E32*F32 -> 114242.31 | I32: 19 | J32: 2400 | K32: =J32/I32 -> 126.31579 | L32: 19 | M32: =F32/V32*60 -> 2298.5841 | N32: =M32/L32 -> 120.97811 | O32: =L32-I32 -> 0 | P32: =N32-K32 -> -5.3376805 | Q32: =N32/K32 -> 0.95774336 | S32: 0.18888889 | T32: 0.26736111 | U32: =(S32-T31)*24*60 -> 30 | V32: =(T32-S32)*24*60 -> 113 | AA32: =M32-J32 -> -101.41593 | AB32: =M32/J32 -> 0.95774336
A33: 新豐9線 | B33: 三明治 | C33: 經典火腿玉米蛋三明治 | E33: 24.43 | F33: 6521 | G33: =E33*F33 -> 159308.03 | I33: 15 | J33: 2400 | K33: =J33/I33 -> 160 | L33: 15 | M33: =F33/V33*60 -> 2288.0702 | N33: =M33/L33 -> 152.53801 | O33: =L33-I33 -> 0 | P33: =N33-K33 -> -7.4619883 | Q33: =N33/K33 -> 0.95336257 | S33: 0.27291667 | T33: 0.39166667 | U33: =(S33-T32)*24*60 -> 8 | V33: =(T33-S33)*24*60 -> 171 | AA33: =M33-J33 -> -111.92982 | AB33: =M33/J33 -> 0.95336257
A34: 新豐9線 | B34: 三明治 | C34: 泰奶奶蓋QQ三明治 | E34: 24.25 | F34: 7194 | G34: =E34*F34 -> 174454.5 | I34: 14 | J34: 2400 | K34: =J34/I34 -> 171.42857 | L34: 14 | M34: =F34/V34*60 -> 2295.9574 | N34: =M34/L34 -> 163.99696 | O34: =L34-I34 -> 0 | P34: =N34-K34 -> -7.4316109 | Q34: =N34/K34 -> 0.95664894 | S34: 0.39513889 | T34: 0.52569444 | U34: =(S34-T33)*24*60 -> 5 | V34: =(T34-S34)*24*60 -> 188 | AA34: =M34-J34 -> -104.04255 | AB34: =M34/J34 -> 0.95664894
A35: 新豐9線 | B35: 平均 | I35: 16.5 | J35: 2400 | K35: =J35/I35 -> 145.45455 | L35: 16.5 | M35: =AVERAGE(M31:M34) -> 2292.0054 | N35: =M35/L35 -> 138.90942 | O35: =L35-I35 -> 0 | P35: =N35-K35 -> -6.5451283 | Q35: =N35/K35 -> 0.95500224 | AA35: =M35-J35 -> -107.99462 | AB35: =M35/J35 -> 0.95500224
A36: 新豐3線 | B36: 調理麵包 | C36: 豬肉起司堡 | E36: 21.13 | F36: 4113 | G36: 86907.69 | I36: 10 | J36: 3000 | K36: 300 | L36: 10 | M36: 2869.5349 | N36: 286.95349 | O36: 0 | P36: -13.046512 | Q36: 0.95651163 | R36: =Q42 -> 0.96322415 | S36: 0.083333333 | T36: 0.14305556 | V36: 86 | W36: =T36 -> 0.14305556 | X36: =S37 -> 0.16111111 | AA36: =M36-J36 -> -130.46512 | AB36: =M36/J36 -> 0.95651163 | AC36: =AB42 -> 0.96322415
A37: 新豐3線 | B37: 調理麵包 | C37: 豬肉起司蛋堡 | E37: 27.17 | F37: 5221 | G37: 141854.57 | I37: 10 | J37: 3000 | K37: 300 | L37: 10 | M37: 2873.945 | N37: 287.3945 | O37: 0 | P37: -12.605505 | Q37: 0.95798165 | S37: 0.16111111 | T37: 0.23680556 | U37: 26 | V37: 109 | AA37: =M37-J37 -> -126.05505 | AB37: =M37/J37 -> 0.95798165
A38: 新豐3線 | B38: 調理麵包 | C38: 經典雙牛起司堡(113年) | E38: 35.12 | F38: 3982 | G38: 139847.84 | I38: 10 | J38: 3000 | K38: 300 | L38: 10 | M38: 2878.5542 | N38: 287.85542 | O38: 0 | P38: -12.144578 | Q38: 0.95951807 | S38: 0.24166667 | T38: 0.29930556 | U38: 7 | V38: 83 | AA38: =M38-J38 -> -121.44578 | AB38: =M38/J38 -> 0.95951807
A39: 新豐3線 | B39: 調理麵包 | C39: 美式雞腿堡 | E39: 35.87 | F39: 2838 | G39: 101799.06 | I39: 10 | J39: 3000 | K39: 300 | L39: 10 | M39: 2886.1017 | N39: 288.61017 | O39: 0 | P39: -11.389831 | Q39: 0.9620339 | S39: 0.30416667 | T39: 0.34513889 | U39: 7 | V39: 59 | AA39: =M39-J39 -> -113.89831 | AB39: =M39/J39 -> 0.9620339
A40: 新豐3線 | B40: 調理麵包 | C40: 泰式酸辣炸雞堡 | E40: 36.14 | F40: 1598 | G40: 57751.72 | I40: 8 | J40: 3000 | K40: 375 | L40: 8 | M40: 2905.4545 | N40: 363.18182 | O40: 0 | P40: -11.818182 | Q40: 0.96848485 | S40: 0.35069444 | T40: 0.37361111 | U40: 8 | V40: 33 | AA40: =M40-J40 -> -94.545455 | AB40: =M40/J40 -> 0.96848485
A41: 新豐3線 | B41: 調理麵包 | C41: 黃金魚堡 | E41: 35.37 | F41: 1316 | G41: 46546.92 | I41: 10 | J41: 3000 | K41: 300 | L41: 10 | M41: 2924.4444 | N41: 292.44444 | O41: 0 | P41: -7.5555556 | Q41: 0.97481481 | S41: 0.37847222 | T41: 0.39722222 | U41: 7 | V41: 27 | AA41: =M41-J41 -> -75.555556 | AB41: =M41/J41 -> 0.97481481
A42: 新豐3線 | B42: 平均 | I42: 9.6666667 | J42: 3000 | K42: 310.34483 | L42: 9.6666667 | M42: 2889.6725 | N42: 298.93163 | O42: 0 | P42: -11.413194 | Q42: 0.96322415 | AA42: =M42-J42 -> -110.32754 | AB42: =M42/J42 -> 0.96322415
A43: 新豐1線 | B43: 沙拉 | C43: 蔥鹽雞肉麵沙拉(114年) | E43: 46 | F43: 2281 | G43: =E43*F43 -> 104926 | I43: 17 | J43: 2000 | K43: =J43/I43 -> 117.64706 | L43: 17 | M43: =F43/V43*60 -> 1927.6056 | N43: =M43/L43 -> 113.38857 | O43: =L43-I43 -> 0 | P43: =N43-K43 -> -4.2584921 | Q43: =N43/K43 -> 0.96380282 | R43: =Q49 -> 0.96304014 | S43: 0.29166667 | T43: 0.34097222 | V43: =(T43-S43)*24*60 -> 71 | AA43: =M43-J43 -> -72.394366 | AB43: =M43/J43 -> 0.96380282 | AC43: =AB49 -> 0.96304014
A44: 新豐1線 | B44: 沙拉 | C44: 莎莎烤雞麵沙拉 | E44: 46 | F44: 2463 | G44: =E44*F44 -> 113298 | I44: 17 | J44: 2000 | K44: =J44/I44 -> 117.64706 | L44: 17 | M44: =F44/V44*60 -> 1919.2208 | N44: =M44/L44 -> 112.89534 | O44: =L44-I44 -> 0 | P44: =N44-K44 -> -4.7517189 | Q44: =N44/K44 -> 0.95961039 | S44: 0.34513889 | T44: 0.39861111 | U44: =IF(S44=TIME(17,0,0),"",(S44-T43)*24*60) -> 6 | V44: =(T44-S44)*24*60 -> 77 | AA44: =M44-J44 -> -80.779221 | AB44: =M44/J44 -> 0.95961039
A45: 新豐1線 | B45: 微波主食 | C45: 鳳梨腰果炒飯 | E45: 54.09 | F45: 871 | G45: =E45*F45 -> 47112.39 | I45: 16 | J45: 2000 | K45: =J45/I45 -> 125 | L45: 16 | M45: =F45/V45*60 -> 1935.5556 | N45: =M45/L45 -> 120.97222 | O45: =L45-I45 -> 0 | P45: =N45-K45 -> -4.0277778 | Q45: =N45/K45 -> 0.96777778 | S45: 0.40347222 | T45: 0.42222222 | U45: =IF(S45=TIME(17,0,0),"",(S45-T44)*24*60) -> 7 | V45: =(T45-S45)*24*60 -> 27 | AA45: =M45-J45 -> -64.444444 | AB45: =M45/J45 -> 0.96777778
A46: 新豐1線 | B46: 微波主食 | C46: 二配香辣醬蒜味香腸蛋炒飯 | E46: 55.56 | F46: 1875 | G46: =E46*F46 -> 104175 | I46: 17 | J46: 2000 | K46: =J46/I46 -> 117.64706 | L46: 17 | M46: =F46/V46*60 -> 1906.7797 | N46: =M46/L46 -> 112.16351 | O46: =L46-I46 -> 0 | P46: =N46-K46 -> -5.4835494 | Q46: =N46/K46 -> 0.95338983 | S46: 0.70833333 | T46: 0.74930556 | U46: =IF(S46=TIME(17,0,0),"",(S46-T45)*24*60) | V46: =(T46-S46)*24*60 -> 59 | AA46: =M46-J46 -> -93.220339 | AB46: =M46/J46 -> 0.95338983
A47: 新豐1線 | B47: 微波主食 | C47: 二配香拌海鮮醬肉絲蛋炒飯 | E47: 55.32 | F47: 1294 | G47: =E47*F47 -> 71584.08 | I47: 15 | J47: 2000 | K47: =J47/I47 -> 133.33333 | L47: 15 | M47: =F47/V47*60 -> 1941 | N47: =M47/L47 -> 129.4 | O47: =L47-I47 -> 0 | P47: =N47-K47 -> -3.9333333 | Q47: =N47/K47 -> 0.9705 | S47: 0.75486111 | T47: 0.78263889 | U47: =IF(S47=TIME(17,0,0),"",(S47-T46)*24*60) -> 8 | V47: =(T47-S47)*24*60 -> 40 | AA47: =M47-J47 -> -59 | AB47: =M47/J47 -> 0.9705
A48: 新豐1線 | B48: 微波主食 | C48: 二配粗飽系雞排炒飯 | E48: 57.73 | F48: 1204 | G48: =E48*F48 -> 69506.92 | I48: 16 | J48: 1500 | K48: =J48/I48 -> 93.75 | L48: 16 | M48: =F48/V48*60 -> 1444.8 | N48: =M48/L48 -> 90.3 | O48: =L48-I48 -> 0 | P48: =N48-K48 -> -3.45 | Q48: =N48/K48 -> 0.9632 | S48: 0.78680556 | T48: 0.82152778 | U48: =IF(S48=TIME(17,0,0),"",(S48-T47)*24*60) -> 6 | V48: =(T48-S48)*24*60 -> 50 | AA48: =M48-J48 -> -55.2 | AB48: =M48/J48 -> 0.9632
A49: 新豐1線 | B49: 平均 | I49: 16.333333 | J49: 1916.6667 | K49: =J49/I49 -> 117.34694 | L49: 16.333333 | M49: =AVERAGE(M43:M48) -> 1845.8269 | N49: =M49/L49 -> 113.00981 | O49: =L49-I49 -> 0 | P49: =N49-K49 -> -4.3371262 | Q49: =N49/K49 -> 0.96304014 | AA49: =M49-J49 -> -70.839728 | AB49: =M49/J49 -> 0.96304014
A50: 新豐10線 | B50: 調理麵包 | C50: 香雞蛋堡(112年) | E50: 26.78 | F50: 2377 | G50: =E50*F50 -> 63656.06 | I50: 10 | J50: 3000 | K50: =J50/I50 -> 300 | L50: 10 | M50: =F50/V50*60 -> 2852.4 | N50: =M50/L50 -> 285.24 | O50: =L50-I50 -> 0 | P50: =N50-K50 -> -14.76 | Q50: =N50/K50 -> 0.9508 | R50: =Q54 -> 0.95595511 | S50: 0.20833333 | T50: 0.24305556 | V50: =(T50-S50)*24*60 -> 50 | AA50: =M50-J50 -> -147.6 | AB50: =M50/J50 -> 0.9508 | AC50: =AB54 -> 0.95595511
A51: 新豐10線 | B51: 調理麵包 | C51: 美式熱狗堡 | E51: 35.12 | F51: 993 | G51: =E51*F51 -> 34874.16 | I51: 13 | J51: 2000 | K51: =J51/I51 -> 153.84615 | L51: 13 | M51: =F51/V51*60 -> 1921.9355 | N51: =M51/L51 -> 147.84119 | O51: =L51-I51 -> 0 | P51: =N51-K51 -> -6.0049628 | Q51: =N51/K51 -> 0.96096774 | S51: 0.24722222 | T51: 0.26875 | U51: =(S51-T50)*24*60 -> 6 | V51: =(T51-S51)*24*60 -> 31 | AA51: =M51-J51 -> -78.064516 | AB51: =M51/J51 -> 0.96096774
A52: 新豐10線 | B52: 調理麵包 | C52: 超HOT雞腿堡(114年) | E52: 35.87 | F52: 2153 | G52: =E52*F52 -> 77228.11 | I52: 10 | J52: 3000 | K52: =J52/I52 -> 300 | L52: 10 | M52: =F52/V52*60 -> 2870.6667 | N52: =M52/L52 -> 287.06667 | O52: =L52-I52 -> 0 | P52: =N52-K52 -> -12.933333 | Q52: =N52/K52 -> 0.95688889 | S52: 0.27222222 | T52: 0.30347222 | U52: =(S52-T51)*24*60 -> 5 | V52: =(T52-S52)*24*60 -> 45 | AA52: =M52-J52 -> -129.33333 | AB52: =M52/J52 -> 0.95688889
A53: 新豐10線 | B53: 沙拉 | C53: 溏心蛋洋芋沙拉 | E53: 26.97 | F53: 2514 | G53: =E53*F53 -> 67802.58 | I53: 8 | J53: 1500 | K53: =J53/I53 -> 187.5 | L53: 8 | M53: =F53/V53*60 -> 1436.5714 | N53: =M53/L53 -> 179.57143 | O53: =L53-I53 -> 0 | P53: =N53-K53 -> -7.9285714 | Q53: =N53/K53 -> 0.95771429 | S53: 0.30833333 | T53: 0.38125 | U53: =(S53-T52)*24*60 -> 7 | V53: =(T53-S53)*24*60 -> 105 | AA53: =M53-J53 -> -63.428571 | AB53: =M53/J53 -> 0.95771429
A54: 新豐10線 | B54: 平均 | I54: 10.25 | J54: 2375 | K54: =J54/I54 -> 231.70732 | L54: 10.25 | M54: =AVERAGE(M50:M53) -> 2270.3934 | N54: =M54/L54 -> 221.50179 | O54: =L54-I54 -> 0 | P54: =N54-K54 -> -10.205522 | Q54: =N54/K54 -> 0.95595511 | AA54: =M54-J54 -> -104.60661 | AB54: =M54/J54 -> 0.95595511
A55: 新豐4線 | B55: 三明治 | C55: 香鬆起司蛋三明治(114年) | E55: 20.2 | F55: 1646 | G55: =E55*F55 -> 33249.2 | I55: 19 | J55: 2400 | K55: =J55/I55 -> 126.31579 | L55: 19 | M55: =F55/V55*60 -> 2296.7442 | N55: =M55/L55 -> 120.88127 | O55: =L55-I55 -> 0 | P55: =N55-K55 -> -5.4345165 | Q55: =N55/K55 -> 0.95697674 | R55: =Q62 -> 0.95711206 | S55: 0.083333333 | T55: 0.11319444 | V55: =(T55-S55)*24*60 -> 43 | W55: =T55 -> 0.11319444 | X55: =S56 -> 0.13333333 | AA55: =M55-J55 -> -103.25581 | AB55: =M55/J55 -> 0.95697674 | AC55: =AB62 -> 0.95711206
A56: 新豐4線 | B56: 三明治 | C56: 火腿起司蛋三明治 | E56: 19.02 | F56: 6818 | G56: =E56*F56 -> 129678.36 | I56: 15 | J56: 2400 | K56: =J56/I56 -> 160 | L56: 15 | M56: =F56/V56*60 -> 2285.3631 | N56: =M56/L56 -> 152.35754 | O56: =L56-I56 -> 0 | P56: =N56-K56 -> -7.6424581 | Q56: =N56/K56 -> 0.95223464 | S56: 0.13333333 | T56: 0.25763889 | U56: =(S56-T55)*24*60 -> 29 | V56: =(T56-S56)*24*60 -> 179 | AA56: =M56-J56 -> -114.63687 | AB56: =M56/J56 -> 0.95223464
A57: 新豐4線 | B57: 三明治 | C57: 起司芋見肉鬆三明治 | E57: 24.25 | F57: 2415 | G57: =E57*F57 -> 58563.75 | I57: 18 | J57: 2400 | K57: =J57/I57 -> 133.33333 | L57: 18 | M57: =F57/V57*60 -> 2300 | N57: =M57/L57 -> 127.77778 | O57: =L57-I57 -> 0 | P57: =N57-K57 -> -5.5555556 | Q57: =N57/K57 -> 0.95833333 | S57: 0.26319444 | T57: 0.30694444 | U57: =(S57-T56)*24*60 -> 8 | V57: =(T57-S57)*24*60 -> 63 | AA57: =M57-J57 -> -100 | AB57: =M57/J57 -> 0.95833333
A58: 新豐4線 | B58: 三明治 | C58: 肉鬆火腿三明治 | E58: 20.52 | F58: 3090 | G58: =E58*F58 -> 63406.8 | I58: 18 | J58: 2400 | K58: =J58/I58 -> 133.33333 | L58: 18 | M58: =F58/V58*60 -> 2288.8889 | N58: =M58/L58 -> 127.16049 | O58: =L58-I58 -> 0 | P58: =N58-K58 -> -6.1728395 | Q58: =N58/K58 -> 0.9537037 | S58: 0.31041667 | T58: 0.36666667 | U58: =(S58-T57)*24*60 -> 5 | V58: =(T58-S58)*24*60 -> 81 | AA58: =M58-J58 -> -111.11111 | AB58: =M58/J58 -> 0.9537037
A59: 新豐4線 | B59: 三明治 | C59: 花生芝麻麻糬三明治 | E59: 24.25 | F59: 3833 | G59: =E59*F59 -> 92950.25 | I59: 17 | J59: 2400 | K59: =J59/I59 -> 141.17647 | L59: 17 | M59: =F59/V59*60 -> 2299.8 | N59: =M59/L59 -> 135.28235 | O59: =L59-I59 -> 0 | P59: =N59-K59 -> -5.8941176 | Q59: =N59/K59 -> 0.95825 | S59: 0.37222222 | T59: 0.44166667 | U59: =(S59-T58)*24*60 -> 8 | V59: =(T59-S59)*24*60 -> 100 | AA59: =M59-J59 -> -100.2 | AB59: =M59/J59 -> 0.95825
A60: 新豐4線 | B60: 三明治 | C60: 藍莓優格三明治(114年) | E60: 22.35 | F60: 1430 | G60: =E60*F60 -> 31960.5 | I60: 16 | J60: 2400 | K60: =J60/I60 -> 150 | L60: 16 | M60: =F60/V60*60 -> 2318.9189 | N60: =M60/L60 -> 144.93243 | O60: =L60-I60 -> 0 | P60: =N60-K60 -> -5.0675676 | Q60: =N60/K60 -> 0.96621622 | S60: 0.44722222 | T60: 0.47291667 | U60: =(S60-T59)*24*60 -> 8 | V60: =(T60-S60)*24*60 -> 37 | AA60: =M60-J60 -> -81.081081 | AB60: =M60/J60 -> 0.96621622
A61: 新豐4線 | B61: 三明治 | C61: 瘋狂起司三明治(113年) | E61: 24.45 | F61: 1641 | G61: =E61*F61 -> 40122.45 | I61: 20 | J61: 2400 | K61: =J61/I61 -> 120 | L61: 20 | M61: =F61/V61*60 -> 2289.7674 | N61: =M61/L61 -> 114.48837 | O61: =L61-I61 -> 0 | P61: =N61-K61 -> -5.5116279 | Q61: =N61/K61 -> 0.95406977 | S61: 0.47638889 | T61: 0.50625 | U61: =(S61-T60)*24*60 -> 5 | V61: =(T61-S61)*24*60 -> 43 | AA61: =M61-J61 -> -110.23256 | AB61: =M61/J61 -> 0.95406977
A62: 新豐4線 | B62: 平均 | I62: 17.571429 | J62: 2400 | K62: =J62/I62 -> 136.58537 | L62: 17.571429 | M62: =AVERAGE(M55:M61) -> 2297.0689 | N62: =M62/L62 -> 130.7275 | O62: =L62-I62 -> 0 | P62: =N62-K62 -> -5.8578653 | Q62: =N62/K62 -> 0.95711206 | AA62: =M62-J62 -> -102.93106 | AB62: =M62/J62 -> 0.95711206

Sheet 0925
B1: 屏榮 新豐廠組合室生產人時性分析
B3: 日期 | C3: =TEXT('0925 4度C'!A2,"yyyy.mm.ddaaaa") -> 2025.09.25星期四 | E3: 訂單量 | F3: ='0925 4度C'!D1 -> 172323 | H3: 營業額 | I3: ='0925 4度C'!F1 -> 5547161.2
B4: 人時性 | C4: 項目 | E4: ➀ | G4: ➁ | I4: ➂
C5: 組合室 | E5: 全溫層 | G5: 4度C-各編組展開 | I5: ③三明治-各編組展開
C6: 排關平均 | E6: =AVERAGE(D13:M13) -> 149.46277 | F6: =AVERAGE(D27:O27,D13:J13) -> 154.31767 | G6: =AVERAGE(D13:J13) -> 154.31767 | I6: =AVERAGE(K13:M13) -> 138.13467
C7: 實績平均 | E7: =AVERAGE(D14:M14) -> 143.12525 | F7: =AVERAGE(D28:O28,D14:J14) -> 147.82348 | G7: =AVERAGE(D14:J14) -> 147.82348 | I7: =AVERAGE(K14:M14) -> 132.16272
C8: 達成率平均 | E8: =AVERAGE(D15:M15) -> 0.95742563 | F8: =AVERAGE(D15:J15,D29:O29) -> 0.95770728 | G8: =AVERAGE(D15:J15) -> 0.95770728 | I8: =AVERAGE(K15:M15) -> 0.95676843 | K8: ※現行日本鮮食廠以達成率80%為基本(即為現行KPI)
B10: 溫層 | D10: ➁4度C-各編組展開 | K10: ③三明治-各編組展開
B11: 編組 | D11: 1 | E11: 2 | F11: 3 | G11: 4 | H11: 5 | I11: 6 | J11: 7 | K11: 1 | L11: 2 | M11: 3
D12: 新豐6線 | E12: 新豐2線 | F12: 新豐5線 | G12: 新豐7線 | H12: 新豐3線 | I12: 新豐1線 | J12: 新豐10線 | K12: 新豐8線 | L12: 新豐9線 | M12: 新豐4線
B13: 人時性 | C13: 排關 | D13: =SUMIFS('0925 4度C'!$K:$K,'0925 4度C'!$A:$A,"新豐6線",'0925 4度C'!$B:$B,"平均") -> 125 | E13: =SUMIFS('0925 4度C'!$K:$K,'0925 4度C'!$A:$A,"新豐2線",'0925 4度C'!$B:$B,"平均") -> 88.235294 | F13: =SUMIFS('0925 4度C'!$K:$K,'0925 4度C'!$A:$A,"新豐5線",'0925 4度C'!$B:$B,"平均") -> 88.541667 | G13: =SUMIFS('0925 4度C'!$K:$K,'0925 4度C'!$A:$A,"新豐7線",'0925 4度C'!$B:$B,"平均") -> 119.04762 | H13: =SUMIFS('0925 4度C'!$K:$K,'0925 4度C'!$A:$A,"新豐3線",'0925 4度C'!$B:$B,"平均") -> 310.34483 | I13: =SUMIFS('0925 4度C'!$K:$K,'0925 4度C'!$A:$A,"新豐1線",'0925 4度C'!$B:$B,"平均") -> 117.34694 | J13: =SUMIFS('0925 4度C'!$K:$K,'0925 4度C'!$A:$A,"新豐10線",'0925 4度C'!$B:$B,"平均") -> 231.70732 | K13: =SUMIFS('0925 4度C'!$K:$K,'0925 4度C'!$A:$A,"新豐8線",'0925 4度C'!$B:$B,"平均") -> 129.72973 | L13: =SUMIFS('0925 4度C'!$K:$K,'0925 4度C'!$A:$A,"新豐9線",'0925 4度C'!$B:$B,"平均") -> 145.94595 | M13: =SUMIFS('0925 4度C'!$K:$K,'0925 4度C'!$A:$A,"新豐4線",'0925 4度C'!$B:$B,"平均") -> 138.72832
C14: 實績 | D14: =SUMIFS('0925 4度C'!$N:$N,'0925 4度C'!$A:$A,"新豐6線",'0925 4度C'!$B:$B,"平均") -> 120.27866 | E14: =SUMIFS('0925 4度C'!$N:$N,'0925 4度C'!$A:$A,"新豐2線",'0925 4度C'!$B:$B,"平均") -> 84.322538 | F14: =SUMIFS('0925 4度C'!$N:$N,'0925 4度C'!$A:$A,"新豐5線",'0925 4度C'!$B:$B,"平均") -> 84.738098 | G14: =SUMIFS('0925 4度C'!$N:$N,'0925 4度C'!$A:$A,"新豐7線",'0925 4度C'!$B:$B,"平均") -> 113.55946 | H14: =SUMIFS('0925 4度C'!$N:$N,'0925 4度C'!$A:$A,"新豐3線",'0925 4度C'!$B:$B,"平均") -> 296.81464 | I14: =SUMIFS('0925 4度C'!$N:$N,'0925 4度C'!$A:$A,"新豐1線",'0925 4度C'!$B:$B,"平均") -> 112.39142 | J14: =SUMIFS('0925 4度C'!$N:$N,'0925 4度C'!$A:$A,"新豐10線",'0925 4度C'!$B:$B,"平均") -> 222.65955 | K14: =SUMIFS('0925 4度C'!$N:$N,'0925 4度C'!$A:$A,"新豐8線",'0925 4度C'!$B:$B,"平均") -> 124.05018 | L14: =SUMIFS('0925 4度C'!$N:$N,'0925 4度C'!$A:$A,"新豐9線",'0925 4度C'!$B:$B,"平均") -> 139.52643 | M14: =SUMIFS('0925 4度C'!$N:$N,'0925 4度C'!$A:$A,"新豐4線",'0925 4度C'!$B:$B,"平均") -> 132.91155
C15: 達成率 | D15: =D14/D13 -> 0.96222928 | E15: =E14/E13 -> 0.95565543 | F15: =F14/F13 -> 0.95704205 | G15: =G14/G13 -> 0.95389944 | H15: =H14/H13 -> 0.95640273 | I15: =I14/I13 -> 0.95777033 | J15: =J14/J13 -> 0.96095173 | K15: =K14/K13 -> 0.95622012 | ... M15: =M14/M13 -> 0.95807072
B16: 作業 時間 | C16: 開始 | D16: =VLOOKUP("新豐6線",'0925 4度C'!$A:$T,19,0) -> 0.70833333 | E16: =VLOOKUP("新豐2線",'0925 4度C'!$A:$T,19,0) -> 0.20833333 | F16: =VLOOKUP("新豐5線",'0925 4度C'!$A:$T,19,0) -> 0.20833333 | G16: =VLOOKUP("新豐7線",'0925 4度C'!$A:$T,19,0) -> 0.20833333 | H16: =VLOOKUP("新豐3線",'0925 4度C'!$A:$T,19,0) -> 0.083333333 | I16: =VLOOKUP("新豐1線",'0925 4度C'!$A:$T,19,0) -> 0.29166667 | J16: =VLOOKUP("新豐10線",'0925 4度C'!$A:$T,19,0) -> 0.20833333 | K16: =VLOOKUP("新豐8線",'0925 4度C'!$A:$T,19,0) -> 0.083333333 | L16: =VLOOKUP("新豐9線",'0925 4度C'!$A:$T,19,0) -> 0.083333333 | M16: =VLOOKUP("新豐4線",'0925 4度C'!$A:$T,19,0) -> 0.083333333
C17: 結束 | D17: =LOOKUP(2,1/(('0925 4度C'!$A:$A="新豐6線")*('0925 4度C'!$T:$T<>"")),'0925 4度C'!$T:$T) -> 0.8125 | E17: =LOOKUP(2,1/(('0925 4度C'!$A:$A="新豐2線")*('0925 4度C'!$T:$T<>"")),'0925 4度C'!$T:$T) -> 0.39375 | F17: =LOOKUP(2,1/(('0925 4度C'!$A:$A="新豐5線")*('0925 4度C'!$T:$T<>"")),'0925 4度C'!$T:$T) -> 0.83888889 | G17: =LOOKUP(2,1/(('0925 4度C'!$A:$A="新豐7線")*('0925 4度C'!$T:$T<>"")),'0925 4度C'!$T:$T) -> 0.76527778 | H17: =LOOKUP(2,1/(('0925 4度C'!$A:$A="新豐3線")*('0925 4度C'!$T:$T<>"")),'0925 4度C'!$T:$T) -> 0.45208333 | I17: =LOOKUP(2,1/(('0925 4度C'!$A:$A="新豐1線")*('0925 4度C'!$T:$T<>"")),'0925 4度C'!$T:$T) -> 0.82847222 | J17: =LOOKUP(2,1/(('0925 4度C'!$A:$A="新豐10線")*('0925 4度C'!$T:$T<>"")),'0925 4度C'!$T:$T) -> 0.41111111 | K17: =LOOKUP(2,1/(('0925 4度C'!$A:$A="新豐8線")*('0925 4度C'!$T:$T<>"")),'0925 4度C'!$T:$T) -> 0.70416667 | L17: =LOOKUP(2,1/(('0925 4度C'!$A:$A="新豐9線")*('0925 4度C'!$T:$T<>"")),'0925 4度C'!$T:$T) -> 0.74236111 | M17: =LOOKUP(2,1/(('0925 4度C'!$A:$A="新豐4線")*('0925 4度C'!$T:$T<>"")),'0925 4度C'!$T:$T) -> 0.70763889
B18: 配置人數 | D18: =SUMIFS('0925 4度C'!$I:$I,'0925 4度C'!$A:$A,"新豐6線",'0925 4度C'!$B:$B,"平均") -> 16 | E18: =SUMIFS('0925 4度C'!$I:$I,'0925 4度C'!$A:$A,"新豐2線",'0925 4度C'!$B:$B,"平均") -> 17 | F18: =SUMIFS('0925 4度C'!$I:$I,'0925 4度C'!$A:$A,"新豐5線",'0925 4度C'!$B:$B,"平均") -> 19.2 | G18: =SUMIFS('0925 4度C'!$I:$I,'0925 4度C'!$A:$A,"新豐7線",'0925 4度C'!$B:$B,"平均") -> 16.8 | H18: =SUMIFS('0925 4度C'!$I:$I,'0925 4度C'!$A:$A,"新豐3線",'0925 4度C'!$B:$B,"平均") -> 9.6666667 | I18: =SUMIFS('0925 4度C'!$I:$I,'0925 4度C'!$A:$A,"新豐1線",'0925 4度C'!$B:$B,"平均") -> 16.333333 | J18: =SUMIFS('0925 4度C'!$I:$I,'0925 4度C'!$A:$A,"新豐10線",'0925 4度C'!$B:$B,"平均") -> 10.25 | K18: =SUMIFS('0925 4度C'!$I:$I,'0925 4度C'!$A:$A,"新豐8線",'0925 4度C'!$B:$B,"平均") -> 18.5 | L18: =SUMIFS('0925 4度C'!$I:$I,'0925 4度C'!$A:$A,"新豐9線",'0925 4度C'!$B:$B,"平均") -> 16.444444 | M18: =SUMIFS('0925 4度C'!$I:$I,'0925 4度C'!$A:$A,"新豐4線",'0925 4度C'!$B:$B,"平均") -> 17.3
B19: 主要應用設備 | D19: ET-55 | E19: 熱縮爐 | F19: L型包裝機 | G19: L型包裝機 | H19: 伺服包裝機 | I19: ET-55 | J19: 伺服包裝機 | K19: 三明治包裝機 | L19: 三明治包裝機 | M19: 三明治包裝機
B20: 次要應用設備 | F20: 圓盤機 | G20: ET-55
B21: 備註 | E21: 握沙拉 | F21: 共用L型包裝機 | H21: 調理麵包 | I21: 炒飯+沙拉 | J21: 調理麵包

Sheet 0925 4度C
A1: 新豐廠四度C日報分析 | C1: 總生產量 | D1: =SUM(F5:F71) -> 172323 | E1: 營業額 | F1: =SUM(G5:G71) -> 5547161.2 | G1: 出勤人數 | H1: 157.49444 | I1: 產線配置圖 | L1: 生產實績 | O1: 人時性差異分析 | S1: 日報登錄 | Y1: 分析說明 | AA1: 產能差異分析
A2: 45925 | B2: 星期四 | C2: 人時性 | D2: =AVERAGE(N8,N10,N48,N55,N16,N60,N22,N31,N41,N71) -> 143.12525 | E2: 平均廠價 | F2: =F1/D1 -> 32.190486 | G2: 多次生產數 | H2: 9
A3: 線別 | B3: 品類 | C3: 品名 | E3: 廠價 | F3: 生產量 | G3: 營收 | H3: 多次 生產 | I3: 人數 | J3: 產能/時 | K3: 人時性 | L3: 人數 | M3: 產能/時 | N3: 人時性 | O3: 人數 | P3: 人時性 | Q3: 達成率 | R3: 達成率平均 | S3: 生產時間 | U3: 換線、休息/分 | V3: 稼動時間/分 | W3: 休息時間 | Y3: (新豐回填) | AA3: 產能/時 | AB3: 達成率 | AC3: 達成率平均
S4: 開始 | T4: 結束 | W4: 開始 | X4: 結束
A5: 新豐6線 | B5: 微波主食 | C5: 二配煸椒烘蛋飯 | E5: 46.93 | F5: 798 | G5: =E5*F5 -> 37450.14 | I5: 16 | J5: 2000 | K5: =J5/I5 -> 125 | L5: 16 | M5: =F5/V5*60 -> 1915.2 | N5: =M5/L5 -> 119.7 | O5: =L5-I5 -> 0 | P5: =N5-K5 -> -5.3 | Q5: =N5/K5 -> 0.9576 | R5: =Q8 -> 0.96222928 | S5: 0.70833333 | T5: 0.72569444 | V5: =(T5-S5)*24*60 -> 25 | AA5: =M5-J5 -> -84.8 | AB5: =M5/J5 -> 0.9576 | AC5: =AB8 -> 0.96222928
A6: 新豐6線 | B6: 微波主食 | C6: 二配川味麻婆燒豆腐燴飯 | E6: 50.49 | F6: 1893 | G6: =E6*F6 -> 95577.57 | I6: 15 | J6: 2000 | K6: =J6/I6 -> 133.33333 | L6: 15 | M6: =F6/V6*60 -> 1925.0847 | N6: =M6/L6 -> 128.33898 | O6: =L6-I6 -> 0 | P6: =N6-K6 -> -4.9943503 | Q6: =N6/K6 -> 0.96254237 | S6: 0.72916667 | T6: 0.77013889 | U6: =(S6-T5)*24*60 -> 5 | V6: =(T6-S6)*24*60 -> 59 | AA6: =M6-J6 -> -74.915254 | AB6: =M6/J6 -> 0.96254237
A7: 新豐6線 | B7: 微波主食 | C7: 二配港式香滑嫩蛋牛肉燴飯 | E7: 50.67 | F7: 1772 | G7: =E7*F7 -> 89787.24 | I7: 17 | J7: 2000 | K7: =J7/I7 -> 117.64706 | L7: 17 | M7: =F7/V7*60 -> 1933.0909 | N7: =M7/L7 -> 113.71123 | O7: =L7-I7 -> 0 | P7: =N7-K7 -> -3.9358289 | Q7: =N7/K7 -> 0.96654545 | S7: 0.77430556 | T7: 0.8125 | U7: =(S7-T6)*24*60 -> 6 | V7: =(T7-S7)*24*60 -> 55 | AA7: =M7-J7 -> -66.909091 | AB7: =M7/J7 -> 0.96654545
A8: 新豐6線 | B8: 平均 | I8: 16 | J8: 2000 | K8: =J8/I8 -> 125 | L8: 16 | M8: =AVERAGE(M5:M7) -> 1924.4586 | N8: =M8/L8 -> 120.27866 | O8: =L8-I8 -> 0 | P8: =N8-K8 -> -4.7213405 | Q8: =N8/K8 -> 0.96222928 | AA8: =M8-J8 -> -75.541448 | AB8: =M8/J8 -> 0.96222928
A9: 新豐2線 | B9: 沙拉 | C9: 青檸烤雞握沙拉(113年) | E9: 39.8 | F9: 6379 | G9: =E9*F9 -> 253884.2 | I9: 17 | J9: 1500 | K9: =J9/I9 -> 88.235294 | L9: 17 | M9: =F9/V9*60 -> 1433.4831 | N9: =M9/L9 -> 84.322538 | O9: =L9-I9 -> 0 | P9: =N9-K9 -> -3.9127561 | Q9: =N9/K9 -> 0.95565543 | R9: =Q10 -> 0.95565543 | S9: 0.20833333 | T9: 0.39375 | V9: =(T9-S9)*24*60 -> 267 | AA9: =M9-J9 -> -66.516854 | AB9: =M9/J9 -> 0.95565543 | AC9: =AB10 -> 0.95565543
A10: 新豐2線 | B10: 平均 | I10: 17 | J10: 1500 | K10: =J10/I10 -> 88.235294 | L10: 17 | M10: =AVERAGE(M9:M9) -> 1433.4831 | N10: =M10/L10 -> 84.322538 | O10: =L10-I10 -> 0 | P10: =N10-K10 -> -3.9127561 | Q10: =N10/K10 -> 0.95565543 | AA10: =M10-J10 -> -66.516854 | AB10: =M10/J10 -> 0.95565543
A11: 新豐5線 | B11: 小吃 | C11: 剝皮辣椒雞湯 | E11: 41 | F11: 1995 | G11: =E11*F11 -> 81795 | I11: 26 | J11: 1500 | K11: =J11/I11 -> 57.692308 | L11: 26 | M11: =F11/V11*60 -> 1442.1687 | N11: =M11/L11 -> 55.468026 | O11: =L11-I11 -> 0 | P11: =N11-K11 -> -2.2242817 | Q11: =N11/K11 -> 0.96144578 | R11: =Q16 -> 0.95704205 | S11: 0.20833333 | T11: 0.26597222 | V11: =(T11-S11)*24*60 -> 83 | AA11: =M11-J11 -> -57.831325 | AB11: =M11/J11 -> 0.96144578 | AC11: =AB16 -> 0.95704205
A12: 新豐5線 | B12: 沙拉 | C12: 青醬優格雞肉握沙拉(113年) | E12: 39.62 | F12: 4523 | G12: =E12*F12 -> 179201.26 | I12: 19 | J12: 1500 | K12: =J12/I12 -> 78.947368 | L12: 19 | M12: =F12/V12*60 -> 1428.3158 | N12: =M12/L12 -> 75.174515 | O12: =L12-I12 -> 0 | P12: =N12-K12 -> -3.7728532 | Q12: =N12/K12 -> 0.95221053 | S12: 0.26944444 | T12: 0.40138889 | U12: =IF(S12=TIME(17,0,0),"",(S12-T11)*24*60) -> 5 | V12: =(T12-S12)*24*60 -> 190 | AA12: =M12-J12 -> -71.684211 | AB12: =M12/J12 -> 0.95221053
A13: 新豐5線 | B13: 沙拉 | C13: 韓式泡菜豆腐握沙拉 | E13: 39.36 | F13: 3427 | G13: =E13*F13 -> 134886.72 | I13: 20 | J13: 1500 | K13: =J13/I13 -> 75 | L13: 20 | M13: =F13/V13*60 -> 1437.9021 | N13: =M13/L13 -> 71.895105 | O13: =L13-I13 -> 0 | P13: =N13-K13 -> -3.1048951 | Q13: =N13/K13 -> 0.9586014 | S13: 0.40486111 | T13: 0.50416667 | U13: =IF(S13=TIME(17,0,0),"",(S13-T12)*24*60) -> 5 | V13: =(T13-S13)*24*60 -> 143 | AA13: =M13-J13 -> -62.097902 | AB13: =M13/J13 -> 0.9586014
A14: 新豐5線 | B14: 微波主食 | C14: 二配金咖哩濃厚辛辣咖哩飯 | E14: 50.98 | F14: 2753 | G14: =E14*F14 -> 140347.94 | I14: 16 | J14: 2000 | K14: =J14/I14 -> 125 | L14: 16 | M14: =F14/V14*60 -> 1920.6977 | N14: =M14/L14 -> 120.0436 | O14: =L14-I14 -> 0 | P14: =N14-K14 -> -4.9563953 | Q14: =N14/K14 -> 0.96034884 | S14: 0.70833333 | T14: 0.76805556 | U14: =IF(S14=TIME(17,0,0),"",(S14-T13)*24*60) | V14: =(T14-S14)*24*60 -> 86 | AA14: =M14-J14 -> -79.302326 | AB14: =M14/J14 -> 0.96034884
A15: 新豐5線 | B15: 微波主食 | C15: 二配金咖哩果香甘口咖哩飯 | E15: 50.92 | F15: 3081 | G15: =E15*F15 -> 156884.52 | I15: 15 | J15: 2000 | K15: =J15/I15 -> 133.33333 | L15: 15 | M15: =F15/V15*60 -> 1905.7732 | N15: =M15/L15 -> 127.05155 | O15: =L15-I15 -> 0 | P15: =N15-K15 -> -6.2817869 | Q15: =N15/K15 -> 0.9528866 | S15: 0.77152778 | T15: 0.83888889 | U15: =IF(S15=TIME(17,0,0),"",(S15-T14)*24*60) -> 5 | V15: =(T15-S15)*24*60 -> 97 | AA15: =M15-J15 -> -94.226804 | AB15: =M15/J15 -> 0.9528866
A16: 新豐5線 | B16: 平均 | I16: 19.2 | J16: 1700 | K16: =J16/I16 -> 88.541667 | L16: 19.2 | M16: =AVERAGE(M11:M15) -> 1626.9715 | N16: =M16/L16 -> 84.738098 | O16: =L16-I16 -> 0 | P16: =N16-K16 -> -3.8035684 | Q16: =N16/K16 -> 0.95704205 | AA16: =M16-J16 -> -73.028514 | AB16: =M16/J16 -> 0.95704205
A17: 新豐7線 | B17: 小吃 | C17: 古早味炒炊粉 | E17: 43.14 | F17: 1270 | G17: =E17*F17 -> 54787.8 | I17: 17 | J17: 2000 | K17: =J17/I17 -> 117.64706 | L17: 17 | M17: =F17/V17*60 -> 1905 | N17: =M17/L17 -> 112.05882 | O17: =L17-I17 -> 0 | P17: =N17-K17 -> -5.5882353 | Q17: =N17/K17 -> 0.9525 | R17: =Q22 -> 0.95389944 | S17: 0.20833333 | T17: 0.23611111 | V17: =(T17-S17)*24*60 -> 40 | AA17: =M17-J17 -> -95 | AB17: =M17/J17 -> 0.9525 | AC17: =AB22 -> 0.95389944
A18: 新豐7線 | B18: 微波主食 | C18: 鐵板滑蛋炸豬排丼 | E18: 57.73 | F18: 2674 | G18: =E18*F18 -> 154370.02 | I18: 15 | J18: 2000 | K18: =J18/I18 -> 133.33333 | L18: 15 | M18: =F18/V18*60 -> 1910 | N18: =M18/L18 -> 127.33333 | O18: =L18-I18 -> 0 | P18: =N18-K18 -> -6 | Q18: =N18/K18 -> 0.955 | S18: 0.23958333 | T18: 0.29791667 | U18: =IF(S18=TIME(17,0,0),"",(S18-T17)*24*60) -> 5 | V18: =(T18-S18)*24*60 -> 84 | AA18: =M18-J18 -> -90 | AB18: =M18/J18 -> 0.955
A19: 新豐7線 | B19: 微波主食 | C19: 極上炙烤親子丼 | E19: 53.68 | F19: 1812 | G19: =E19*F19 -> 97268.16 | I19: 16 | J19: 2000 | K19: =J19/I19 -> 125 | L19: 16 | M19: =F19/V19*60 -> 1907.3684 | N19: =M19/L19 -> 119.21053 | O19: =L19-I19 -> 0 | P19: =N19-K19 -> -5.7894737 | Q19: =N19/K19 -> 0.95368421 | S19: 0.30208333 | T19: 0.34166667 | U19: =IF(S19=TIME(17,0,0),"",(S19-T18)*24*60) -> 6 | V19: =(T19-S19)*24*60 -> 57 | AA19: =M19-J19 -> -92.631579 | AB19: =M19/J19 -> 0.95368421
A20: 新豐7線 | B20: 微波主食 | C20: 白味噌壽喜燒飯 | E20: 53.27 | F20: 2290 | G20: =E20*F20 -> 121988.3 | I20: 17 | J20: 2000 | K20: =J20/I20 -> 117.64706 | L20: 17 | M20: =F20/V20*60 -> 1908.3333 | N20: =M20/L20 -> 112.2549 | O20: =L20-I20 -> 0 | P20: =N20-K20 -> -5.3921569 | Q20: =N20/K20 -> 0.95416667 | S20: 0.34513889 | T20: 0.39513889 | U20: =IF(S20=TIME(17,0,0),"",(S20-T19)*24*60) -> 5 | V20: =(T20-S20)*24*60 -> 72 | AA20: =M20-J20 -> -91.666667 | AB20: =M20/J20 -> 0.95416667
A21: 新豐7線 | B21: 微波主食 | C21: 二配美味蟹煲 | E21: 54.09 | F21: 2608 | G21: =E21*F21 -> 141066.72 | I21: 19 | J21: 2000 | K21: =J21/I21 -> 105.26316 | L21: 19 | M21: =F21/V21*60 -> 1908.2927 | N21: =M21/L21 -> 100.43646 | O21: =L21-I21 -> 0 | P21: =N21-K21 -> -4.8267009 | Q21: =N21/K21 -> 0.95414634 | S21: 0.70833333 | T21: 0.76527778 | U21: =IF(S21=TIME(17,0,0),"",(S21-T20)*24*60) | V21: =(T21-S21)*24*60 -> 82 | AA21: =M21-J21 -> -91.707317 | AB21: =M21/J21 -> 0.95414634
A22: 新豐7線 | B22: 平均 | I22: 16.8 | J22: 2000 | K22: =J22/I22 -> 119.04762 | L22: 16.8 | M22: =AVERAGE(M17:M21) -> 1907.7989 | N22: =M22/L22 -> 113.55946 | O22: =L22-I22 -> 0 | P22: =N22-K22 -> -5.4881615 | Q22: =N22/K22 -> 0.95389944 | AA22: =M22-J22 -> -92.201113 | AB22: =M22/J22 -> 0.95389944
A23: 新豐8線 | B23: 三明治 | C23: 經典總匯三明治 | E23: 26.2 | F23: 2600 | G23: =E23*F23 -> 68120 | H23: 2 | I23: 20 | J23: 2400 | K23: =J23/I23 -> 120 | L23: 20 | M23: =F23/V23*60 -> 2294.1176 | N23: =M23/L23 -> 114.70588 | O23: =L23-I23 -> 0 | P23: =N23-K23 -> -5.2941176 | Q23: =N23/K23 -> 0.95588235 | R23: =Q31 -> 0.95622012 | S23: 0.083333333 | T23: 0.13055556 | V23: =(T23-S23)*24*60 -> 68 | W23: =T23 -> 0.13055556 | X23: =S24 -> 0.15069444 | AA23: =M23-J23 -> -105.88235 | AB23: =M23/J23 -> 0.95588235 | AC23: =AB31 -> 0.95622012
A24: 新豐8線 | B24: 三明治 | C24: 紐奧良風味烤雞鮮蔬三明治 | E24: 31.29 | F24: 5500 | G24: =E24*F24 -> 172095 | H24: 2 | I24: 18 | J24: 2400 | K24: =J24/I24 -> 133.33333 | L24: 18 | M24: =F24/V24*60 -> 2291.6667 | N24: =M24/L24 -> 127.31481 | O24: =L24-I24 -> 0 | P24: =N24-K24 -> -6.0185185 | Q24: =N24/K24 -> 0.95486111 | S24: 0.15069444 | T24: 0.25069444 | U24: =(S24-T23)*24*60 -> 29 | V24: =(T24-S24)*24*60 -> 144 | AA24: =M24-J24 -> -108.33333 | AB24: =M24/J24 -> 0.95486111
A25: 新豐8線 | B25: 三明治 | C25: 雞蛋沙拉三明治 | E25: 25 | F25: 4189 | G25: =E25*F25 -> 104725 | I25: 15 | J25: 2400 | K25: =J25/I25 -> 160 | L25: 15 | M25: =F25/V25*60 -> 2284.9091 | N25: =M25/L25 -> 152.32727 | O25: =L25-I25 -> 0 | P25: =N25-K25 -> -7.6727273 | Q25: =N25/K25 -> 0.95204545 | S25: 0.25625 | T25: 0.33263889 | U25: =(S25-T24)*24*60 -> 8 | V25: =(T25-S25)*24*60 -> 110 | AA25: =M25-J25 -> -115.09091 | AB25: =M25/J25 -> 0.95204545
A26: 新豐8線 | B26: 三明治 | C26: 陽光地瓜總匯三明治 | E26: 26.18 | F26: 4397 | G26: =E26*F26 -> 115113.46 | I26: 19 | J26: 2400 | K26: =J26/I26 -> 126.31579 | L26: 19 | M26: =F26/V26*60 -> 2294.087 | N26: =M26/L26 -> 120.74142 | O26: =L26-I26 -> 0 | P26: =N26-K26 -> -5.5743707 | Q26: =N26/K26 -> 0.95586957 | S26: 0.33819444 | T26: 0.41805556 | U26: =(S26-T25)*24*60 -> 8 | V26: =(T26-S26)*24*60 -> 115 | AA26: =M26-J26 -> -105.91304 | AB26: =M26/J26 -> 0.95586957
A27: 新豐8線 | B27: 三明治 | C27: 好多菜三明治 | E27: 26.2 | F27: 4295 | G27: =E27*F27 -> 112529 | I27: 19 | J27: 2400 | K27: =J27/I27 -> 126.31579 | L27: 19 | M27: =F27/V27*60 -> 2300.8929 | N27: =M27/L27 -> 121.09962 | O27: =L27-I27 -> 0 | P27: =N27-K27 -> -5.2161654 | Q27: =N27/K27 -> 0.95870536 | S27: 0.42361111 | T27: 0.50138889 | U27: =(S27-T26)*24*60 -> 8 | V27: =(T27-S27)*24*60 -> 112 | W27: =T27 -> 0.50138889 | X27: =S28 -> 0.54236111 | AA27: =M27-J27 -> -99.107143 | AB27: =M27/J27 -> 0.95870536
A28: 新豐8線 | B28: 三明治 | C28: 紐奧良風味烤雞鮮蔬三明治 | E28: 31.29 | F28: 4019 | G28: =E28*F28 -> 125754.51 | I28: 18 | J28: 2400 | K28: =J28/I28 -> 133.33333 | L28: 18 | M28: =F28/V28*60 -> 2296.5714 | N28: =M28/L28 -> 127.5873 | O28: =L28-I28 -> 0 | P28: =N28-K28 -> -5.7460317 | Q28: =N28/K28 -> 0.95690476 | S28: 0.54236111 | T28: 0.61527778 | U28: =(S28-T27)*24*60 -> 59 | V28: =(T28-S28)*24*60 -> 105 | AA28: =M28-J28 -> -103.42857 | AB28: =M28/J28 -> 0.95690476
A29: 新豐8線 | B29: 三明治 | C29: 經典總匯三明治 | E29: 26.2 | F29: 2022 | G29: =E29*F29 -> 52976.4 | I29: 20 | J29: 2400 | K29: =J29/I29 -> 120 | L29: 20 | M29: =F29/V29*60 -> 2289.0566 | N29: =M29/L29 -> 114.45283 | O29: =L29-I29 -> 0 | P29: =N29-K29 -> -5.5471698 | Q29: =N29/K29 -> 0.95377358 | S29: 0.61875 | T29: 0.65555556 | U29: =(S29-T28)*24*60 -> 5 | V29: =(T29-S29)*24*60 -> 53 | AA29: =M29-J29 -> -110.9434 | AB29: =M29/J29 -> 0.95377358
A30: 新豐8線 | B30: 三明治 | C30: 醬燒烤雞三明治 | E30: 26.39 | F30: 2462 | G30: =E30*F30 -> 64972.18 | I30: 19 | J30: 2400 | K30: =J30/I30 -> 126.31579 | L30: 19 | M30: =F30/V30*60 -> 2308.125 | N30: =M30/L30 -> 121.48026 | O30: =L30-I30 -> 0 | P30: =N30-K30 -> -4.8355263 | Q30: =N30/K30 -> 0.96171875 | S30: 0.65972222 | T30: 0.70416667 | U30: =(S30-T29)*24*60 -> 6 | V30: =(T30-S30)*24*60 -> 64 | AA30: =M30-J30 -> -91.875 | AB30: =M30/J30 -> 0.96171875
A31: 新豐8線 | B31: 平均 | I31: 18.5 | J31: 2400 | K31: =J31/I31 -> 129.72973 | L31: 18.5 | M31: =AVERAGE(M23:M30) -> 2294.9283 | N31: =M31/L31 -> 124.05018 | O31: =L31-I31 -> 0 | P31: =N31-K31 -> -5.6795524 | Q31: =N31/K31 -> 0.95622012 | AA31: =M31-J31 -> -105.07172 | AB31: =M31/J31 -> 0.95622012
A32: 新豐9線 | B32: 三明治 | C32: 鮪魚起司溏心蛋三明治 | E32: 26.2 | F32: 3800 | G32: =E32*F32 -> 99560 | H32: 2 | I32: 18 | J32: 2400 | K32: =J32/I32 -> 133.33333 | L32: 18 | M32: =F32/V32*60 -> 2280 | N32: =M32/L32 -> 126.66667 | O32: =L32-I32 -> 0 | P32: =N32-K32 -> -6.6666667 | Q32: =N32/K32 -> 0.95 | R32: =Q41 -> 0.95601445 | S32: 0.083333333 | T32: 0.15277778 | V32: =(T32-S32)*24*60 -> 100 | W32: =T32 -> 0.15277778 | X32: =S33 -> 0.17083333 | AA32: =M32-J32 -> -120 | AB32: =M32/J32 -> 0.95 | AC32: =AB41 -> 0.95601445
A33: 新豐9線 | B33: 三明治 | C33: 醬燒烤雞三明治 | E33: 26.39 | F33: 3500 | G33: =E33*F33 -> 92365 | H33: 2 | I33: 19 | J33: 2400 | K33: =J33/I33 -> 126.31579 | L33: 19 | M33: =F33/V33*60 -> 2307.6923 | N33: =M33/L33 -> 121.45749 | O33: =L33-I33 -> 0 | P33: =N33-K33 -> -4.8582996 | Q33: =N33/K33 -> 0.96153846 | S33: 0.17083333 | T33: 0.23402778 | U33: =(S33-T32)*24*60 -> 26 | V33: =(T33-S33)*24*60 -> 91 | AA33: =M33-J33 -> -92.307692 | AB33: =M33/J33 -> 0.96153846
A34: 新豐9線 | B34: 三明治 | C34: 輕乳酪巧克力三明治 | E34: 20.52 | F34: 3324 | G34: =E34*F34 -> 68208.48 | I34: 18 | J34: 2400 | K34: =J34/I34 -> 133.33333 | L34: 18 | M34: =F34/V34*60 -> 2292.4138 | N34: =M34/L34 -> 127.35632 | O34: =L34-I34 -> 0 | P34: =N34-K34 -> -5.9770115 | Q34: =N34/K34 -> 0.95517241 | S34: 0.23958333 | T34: 0.3 | U34: =(S34-T33)*24*60 -> 8 | V34: =(T34-S34)*24*60 -> 87 | AA34: =M34-J34 -> -107.58621 | AB34: =M34/J34 -> 0.95517241
A35: 新豐9線 | B35: 三明治 | C35: 經典火腿玉米蛋三明治 | E35: 24.43 | F35: 4800 | G35: =E35*F35 -> 117264 | H35: 2 | I35: 15 | J35: 2400 | K35: =J35/I35 -> 160 | L35: 15 | M35: =F35/V35*60 -> 2285.7143 | N35: =M35/L35 -> 152.38095 | O35: =L35-I35 -> 0 | P35: =N35-K35 -> -7.6190476 | Q35: =N35/K35 -> 0.95238095 | S35: 0.30347222 | T35: 0.39097222 | U35: =(S35-T34)*24*60 -> 5 | V35: =(T35-S35)*24*60 -> 126 | AA35: =M35-J35 -> -114.28571 | AB35: =M35/J35 -> 0.95238095
A36: 新豐9線 | B36: 三明治 | C36: 泰奶奶蓋QQ三明治 | E36: 23.16 | F36: 4300 | G36: =E36*F36 -> 99588 | H36: 2 | I36: 14 | J36: 2400 | K36: =J36/I36 -> 171.42857 | L36: 14 | M36: =F36/V36*60 -> 2303.5714 | N36: =M36/L36 -> 164.54082 | O36: =L36-I36 -> 0 | P36: =N36-K36 -> -6.8877551 | Q36: =N36/K36 -> 0.95982143 | S36: 0.39444444 | T36: 0.47222222 | U36: =(S36-T35)*24*60 -> 5 | V36: =(T36-S36)*24*60 -> 112 | AA36: =M36-J36 -> -96.428571 | AB36: =M36/J36 -> 0.95982143
A37: 新豐9線 | B37: 三明治 | C37: 龍蝦風味總匯三明治 | E37: 25.98 | F37: 2367 | G37: =E37*F37 -> 61494.66 | I37: 17 | J37: 2400 | K37: =J37/I37 -> 141.17647 | L37: 17 | M37: =F37/V37*60 -> 2290.6452 | N37: =M37/L37 -> 134.74383 | O37: =L37-I37 -> 0 | P37: =N37-K37 -> -6.4326376 | Q37: =N37/K37 -> 0.95443548 | S37: 0.47708333 | T37: 0.52013889 | U37: =(S37-T36)*24*60 -> 7 | V37: =(T37-S37)*24*60 -> 62 | W37: =T37 -> 0.52013889 | X37: =S38 -> 0.56111111 | AA37: =M37-J37 -> -109.35484 | AB37: =M37/J37 -> 0.95443548
A38: 新豐9線 | B38: 三明治 | C38: 泰奶奶蓋QQ三明治 | E38: 23.16 | F38: 3155 | G38: =E38*F38 -> 73069.8 | I38: 14 | J38: 2400 | K38: =J38/I38 -> 171.42857 | L38: 14 | M38: =F38/V38*60 -> 2308.5366 | N38: =M38/L38 -> 164.89547 | O38: =L38-I38 -> 0 | P38: =N38-K38 -> -6.533101 | Q38: =N38/K38 -> 0.96189024 | S38: 0.56111111 | T38: 0.61805556 | U38: =(S38-T37)*24*60 -> 59 | V38: =(T38-S38)*24*60 -> 82 | AA38: =M38-J38 -> -91.463415 | AB38: =M38/J38 -> 0.96189024
A39: 新豐9線 | B39: 三明治 | C39: 經典火腿玉米蛋三明治 | E39: 24.43 | F39: 3475 | G39: =E39*F39 -> 84894.25 | I39: 15 | J39: 2400 | K39: =J39/I39 -> 160 | L39: 15 | M39: =F39/V39*60 -> 2291.2088 | N39: =M39/L39 -> 152.74725 | O39: =L39-I39 -> 0 | P39: =N39-K39 -> -7.2527473 | Q39: =N39/K39 -> 0.95467033 | S39: 0.62222222 | T39: 0.68541667 | U39: =(S39-T38)*24*60 -> 6 | V39: =(T39-S39)*24*60 -> 91 | AA39: =M39-J39 -> -108.79121 | AB39: =M39/J39 -> 0.95467033
A40: 新豐9線 | B40: 三明治 | C40: 鮪魚起司溏心蛋三明治 | E40: 26.2 | F40: 2939 | G40: =E40*F40 -> 77001.8 | I40: 18 | J40: 2400 | K40: =J40/I40 -> 133.33333 | L40: 18 | M40: =F40/V40*60 -> 2290.1299 | N40: =M40/L40 -> 127.22944 | O40: =L40-I40 -> 0 | P40: =N40-K40 -> -6.1038961 | Q40: =N40/K40 -> 0.95422078 | S40: 0.68888889 | T40: 0.74236111 | U40: =(S40-T39)*24*60 -> 5 | V40: =(T40-S40)*24*60 -> 77 | AA40: =M40-J40 -> -109.87013 | AB40: =M40/J40 -> 0.95422078
A41: 新豐9線 | B41: 平均 | I41: 16.444444 | J41: 2400 | K41: =J41/I41 -> 145.94595 | L41: 16.444444 | M41: =AVERAGE(M32:M40) -> 2294.4347 | N41: =M41/L41 -> 139.52643 | O41: =L41-I41 -> 0 | P41: =N41-K41 -> -6.419512 | Q41: =N41/K41 -> 0.95601445 | AA41: =M41-J41 -> -105.56531 | AB41: =M41/J41 -> 0.95601445
A42: 新豐3線 | B42: 調理麵包 | C42: 豬肉起司堡 | E42: 21.13 | F42: 5097 | G42: =E42*F42 -> 107699.61 | I42: 10 | J42: 3000 | K42: =J42/I42 -> 300 | L42: 10 | M42: =F42/V42*60 -> 2858.1308 | N42: =M42/L42 -> 285.81308 | O42: =L42-I42 -> 0 | P42: =N42-K42 -> -14.186916 | Q42: =N42/K42 -> 0.95271028 | R42: =Q48 -> 0.95640273 | S42: 0.083333333 | T42: 0.15763889 | V42: =(T42-S42)*24*60 -> 107 | W42: =T42 -> 0.15763889 | X42: =S43 -> 0.17708333 | AA42: =M42-J42 -> -141.86916 | AB42: =M42/J42 -> 0.95271028 | AC42: =AB48 -> 0.95640273
A43: 新豐3線 | B43: 調理麵包 | C43: 豬肉起司蛋堡 | E43: 27.17 | F43: 6502 | G43: =E43*F43 -> 176659.34 | I43: 10 | J43: 3000 | K43: =J43/I43 -> 300 | L43: 10 | M43: =F43/V43*60 -> 2868.5294 | N43: =M43/L43 -> 286.85294 | O43: =L43-I43 -> 0 | P43: =N43-K43 -> -13.147059 | Q43: =N43/K43 -> 0.95617647 | S43: 0.17708333 | T43: 0.27152778 | U43: =(S43-T42)*24*60 -> 28 | V43: =(T43-S43)*24*60 -> 136 | AA43: =M43-J43 -> -131.47059 | AB43: =M43/J43 -> 0.95617647
A44: 新豐3線 | B44: 調理麵包 | C44: 經典雙牛起司堡(113年) | E44: 35.12 | F44: 4538 | G44: =E44*F44 -> 159374.56 | I44: 10 | J44: 3000 | K44: =J44/I44 -> 300 | L44: 10 | M44: =F44/V44*60 -> 2866.1053 | N44: =M44/L44 -> 286.61053 | O44: =L44-I44 -> 0 | P44: =N44-K44 -> -13.389474 | Q44: =N44/K44 -> 0.95536842 | S44: 0.275 | T44: 0.34097222 | U44: =(S44-T43)*24*60 -> 5 | V44: =(T44-S44)*24*60 -> 95 | AA44: =M44-J44 -> -133.89474 | AB44: =M44/J44 -> 0.95536842
A45: 新豐3線 | B45: 調理麵包 | C45: 美式雞腿堡 | E45: 35.87 | F45: 3092 | G45: =E45*F45 -> 110910.04 | I45: 10 | J45: 3000 | K45: =J45/I45 -> 300 | L45: 10 | M45: =F45/V45*60 -> 2854.1538 | N45: =M45/L45 -> 285.41538 | O45: =L45-I45 -> 0 | P45: =N45-K45 -> -14.584615 | Q45: =N45/K45 -> 0.95138462 | S45: 0.34444444 | T45: 0.38958333 | U45: =(S45-T44)*24*60 -> 5 | V45: =(T45-S45)*24*60 -> 65 | AA45: =M45-J45 -> -145.84615 | AB45: =M45/J45 -> 0.95138462
A46: 新豐3線 | B46: 調理麵包 | C46: 泰式酸辣炸雞堡 | E46: 36.14 | F46: 2083 | G46: =E46*F46 -> 75279.62 | I46: 8 | J46: 3000 | K46: =J46/I46 -> 375 | L46: 8 | M46: =F46/V46*60 -> 2906.5116 | N46: =M46/L46 -> 363.31395 | O46: =L46-I46 -> 0 | P46: =N46-K46 -> -11.686047 | Q46: =N46/K46 -> 0.96883721 | S46: 0.39375 | T46: 0.42361111 | U46: =(S46-T45)*24*60 -> 6 | V46: =(T46-S46)*24*60 -> 43 | AA46: =M46-J46 -> -93.488372 | AB46: =M46/J46 -> 0.96883721
A47: 新豐3線 | B47: 調理麵包 | C47: 黃金魚堡 | E47: 35.37 | F47: 1574 | G47: =E47*F47 -> 55672.38 | I47: 10 | J47: 3000 | K47: =J47/I47 -> 300 | L47: 10 | M47: =F47/V47*60 -> 2861.8182 | N47: =M47/L47 -> 286.18182 | O47: =L47-I47 -> 0 | P47: =N47-K47 -> -13.818182 | Q47: =N47/K47 -> 0.95393939 | S47: 0.42916667 | T47: 0.45208333 | U47: =(S47-T46)*24*60 -> 8 | V47: =(T47-S47)*24*60 -> 33 | AA47: =M47-J47 -> -138.18182 | AB47: =M47/J47 -> 0.95393939
A48: 新豐3線 | B48: 平均 | I48: 9.6666667 | J48: 3000 | K48: =J48/I48 -> 310.34483 | L48: 9.6666667 | M48: =AVERAGE(M42:M47) -> 2869.2082 | N48: =M48/L48 -> 296.81464 | O48: =L48-I48 -> 0 | P48: =N48-K48 -> -13.530187 | Q48: =N48/K48 -> 0.95640273 | AA48: =M48-J48 -> -130.7918 | AB48: =M48/J48 -> 0.95640273
A49: 新豐1線 | B49: 沙拉 | C49: 蔥鹽雞肉麵沙拉(114年) | E49: 46 | F49: 2976 | G49: =E49*F49 -> 136896 | I49: 17 | J49: 2000 | K49: =J49/I49 -> 117.64706 | L49: 17 | M49: =F49/V49*60 -> 1920 | N49: =M49/L49 -> 112.94118 | O49: =L49-I49 -> 0 | P49: =N49-K49 -> -4.7058824 | Q49: =N49/K49 -> 0.96 | R49: =Q55 -> 0.95777033 | S49: 0.29166667 | T49: 0.35625 | V49: =(T49-S49)*24*60 -> 93 | AA49: =M49-J49 -> -80 | AB49: =M49/J49 -> 0.96 | AC49: =AB55 -> 0.95777033
A50: 新豐1線 | B50: 沙拉 | C50: 莎莎烤雞麵沙拉 | E50: 46 | F50: 3076 | G50: =E50*F50 -> 141496 | I50: 17 | J50: 2000 | K50: =J50/I50 -> 117.64706 | L50: 17 | M50: =F50/V50*60 -> 1902.6804 | N50: =M50/L50 -> 111.92238 | O50: =L50-I50 -> 0 | P50: =N50-K50 -> -5.7246816 | Q50: =N50/K50 -> 0.95134021 | S50: 0.36180556 | T50: 0.42916667 | U50: =IF(S50=TIME(17,0,0),"",(S50-T49)*24*60) -> 8 | V50: =(T50-S50)*24*60 -> 97 | AA50: =M50-J50 -> -97.319588 | AB50: =M50/J50 -> 0.95134021
A51: 新豐1線 | B51: 微波主食 | C51: 鳳梨腰果炒飯 | E51: 54.09 | F51: 1403 | G51: =E51*F51 -> 75888.27 | I51: 16 | J51: 2000 | K51: =J51/I51 -> 125 | L51: 16 | M51: =F51/V51*60 -> 1913.1818 | N51: =M51/L51 -> 119.57386 | O51: =L51-I51 -> 0 | P51: =N51-K51 -> -5.4261364 | Q51: =N51/K51 -> 0.95659091 | S51: 0.43402778 | T51: 0.46458333 | U51: =IF(S51=TIME(17,0,0),"",(S51-T50)*24*60) -> 7 | V51: =(T51-S51)*24*60 -> 44 | AA51: =M51-J51 -> -86.818182 | AB51: =M51/J51 -> 0.95659091
A52: 新豐1線 | B52: 微波主食 | C52: 二配香辣醬蒜味香腸蛋炒飯 | E52: 55.56 | F52: 2029 | G52: =E52*F52 -> 112731.24 | I52: 17 | J52: 2000 | K52: =J52/I52 -> 117.64706 | L52: 17 | M52: =F52/V52*60 -> 1902.1875 | N52: =M52/L52 -> 111.89338 | O52: =L52-I52 -> 0 | P52: =N52-K52 -> -5.7536765 | Q52: =N52/K52 -> 0.95109375 | S52: 0.70833333 | T52: 0.75277778 | U52: =IF(S52=TIME(17,0,0),"",(S52-T51)*24*60) | V52: =(T52-S52)*24*60 -> 64 | AA52: =M52-J52 -> -97.8125 | AB52: =M52/J52 -> 0.95109375
