Workbook

Sheet 1231
B1: 屏榮 新豐廠組合室生產人時性分析
B3: 日期 | C3: =TEXT('1231 4度C'!A2,"yyyy.mm.ddaaaa") -> 2025.12.31星期三 | E3: 訂單量 | F3: ='1231 4度C'!D1 -> 128248 | H3: 營業額 | I3: ='1231 4度C'!F1 -> 4527463.8
B4: 人時性 | C4: 項目 | E4: ➀ | G4: ➁ | I4: ➂
C5: 組合室 | E5: 全溫層 | G5: 4度C-各編組展開 | I5: ③三明治-各編組展開
C6: 排關平均 | E6: =AVERAGE(D13:M13) -> 147.54091 | F6: =AVERAGE(D27:O27,D13:J13) -> 151.35637 | G6: =AVERAGE(D13:J13) -> 151.35637 | I6: =AVERAGE(K13:M13) -> 138.63817
C7: 實績平均 | E7: =AVERAGE(D14:M14) -> 140.96861 | F7: =AVERAGE(D28:O28,D14:J14) -> 144.57472 | G7: =AVERAGE(D14:J14) -> 144.57472 | I7: =AVERAGE(K14:M14) -> 132.55435
C8: 達成率平均 | E8: =AVERAGE(D15:M15) -> 0.95275972 | F8: =AVERAGE(D15:J15,D29:O29) -> 0.95132001 | G8: =AVERAGE(D15:J15) -> 0.95132001 | I8: =AVERAGE(K15:M15) -> 0.95611905 | K8: ※現行日本鮮食廠以達成率80%為基本(即為現行KPI)
B10: 溫層 | D10: ➁4度C-各編組展開 | K10: ③三明治-各編組展開
B11: 編組 | D11: 1 | E11: 2 | F11: 3 | G11: 4 | H11: 5 | I11: 6 | J11: 7 | K11: 1 | L11: 2 | M11: 3
D12: 新豐6線 | E12: 新豐2線 | F12: 新豐5線 | G12: 新豐7線 | H12: 新豐3線 | I12: 新豐1線 | J12: 新豐10線 | K12: 新豐8線 | L12: 新豐9線 | M12: 新豐4線
B13: 人時性 | C13: 排關 | D13: =SUMIFS('1231 4度C'!$K:$K,'1231 4度C'!$A:$A,"新豐6線",'1231 4度C'!$B:$B,"平均") -> 115.38462 | E13: =SUMIFS('1231 4度C'!$K:$K,'1231 4度C'!$A:$A,"新豐2線",'1231 4度C'!$B:$B,"平均") -> 83.333333 | F13: =SUMIFS('1231 4度C'!$K:$K,'1231 4度C'!$A:$A,"新豐5線",'1231 4度C'!$B:$B,"平均") -> 108.20896 | G13: =SUMIFS('1231 4度C'!$K:$K,'1231 4度C'!$A:$A,"新豐7線",'1231 4度C'!$B:$B,"平均") -> 118.05556 | H13: =SUMIFS('1231 4度C'!$K:$K,'1231 4度C'!$A:$A,"新豐3線",'1231 4度C'!$B:$B,"平均") -> 235.29412 | I13: =SUMIFS('1231 4度C'!$K:$K,'1231 4度C'!$A:$A,"新豐1線",'1231 4度C'!$B:$B,"平均") -> 104.57516 | J13: =SUMIFS('1231 4度C'!$K:$K,'1231 4度C'!$A:$A,"新豐10線",'1231 4度C'!$B:$B,"平均") -> 294.64286 | K13: =SUMIFS('1231 4度C'!$K:$K,'1231 4度C'!$A:$A,"新豐8線",'1231 4度C'!$B:$B,"平均") -> 131.86813 | L13: =SUMIFS('1231 4度C'!$K:$K,'1231 4度C'!$A:$A,"新豐9線",'1231 4度C'!$B:$B,"平均") -> 137.70492 | M13: =SUMIFS('1231 4度C'!$K:$K,'1231 4度C'!$A:$A,"新豐4線",'1231 4度C'!$B:$B,"平均") -> 146.34146
C14: 實績 | D14: =SUMIFS('1231 4度C'!$N:$N,'1231 4度C'!$A:$A,"新豐6線",'1231 4度C'!$B:$B,"平均") -> 111.25531 | E14: =SUMIFS('1231 4度C'!$N:$N,'1231 4度C'!$A:$A,"新豐2線",'1231 4度C'!$B:$B,"平均") -> 79.764497 | F14: =SUMIFS('1231 4度C'!$N:$N,'1231 4度C'!$A:$A,"新豐5線",'1231 4度C'!$B:$B,"平均") -> 104.26674 | G14: =SUMIFS('1231 4度C'!$N:$N,'1231 4度C'!$A:$A,"新豐7線",'1231 4度C'!$B:$B,"平均") -> 113.30181 | H14: =SUMIFS('1231 4度C'!$N:$N,'1231 4度C'!$A:$A,"新豐3線",'1231 4度C'!$B:$B,"平均") -> 225.53905 | I14: =SUMIFS('1231 4度C'!$N:$N,'1231 4度C'!$A:$A,"新豐1線",'1231 4度C'!$B:$B,"平均") -> 92.964319 | J14: =SUMIFS('1231 4度C'!$N:$N,'1231 4度C'!$A:$A,"新豐10線",'1231 4度C'!$B:$B,"平均") -> 284.93132 | K14: =SUMIFS('1231 4度C'!$N:$N,'1231 4度C'!$A:$A,"新豐8線",'1231 4度C'!$B:$B,"平均") -> 126.23667 | L14: =SUMIFS('1231 4度C'!$N:$N,'1231 4度C'!$A:$A,"新豐9線",'1231 4度C'!$B:$B,"平均") -> 131.40273 | M14: =SUMIFS('1231 4度C'!$N:$N,'1231 4度C'!$A:$A,"新豐4線",'1231 4度C'!$B:$B,"平均") -> 140.02365
C15: 達成率 | D15: =D14/D13 -> 0.96421271 | E15: =E14/E13 -> 0.95717396 | F15: =F14/F13 -> 0.9635685 | G15: =G14/G13 -> 0.959733 | H15: =H14/H13 -> 0.95854096 | I15: =I14/I13 -> 0.8889713 | J15: =J14/J13 -> 0.96703964 | K15: =K14/K13 -> 0.95729478 | ... M15: =M14/M13 -> 0.95682829
B16: 作業 時間 | C16: 開始 | D16: =VLOOKUP("新豐6線",'1231 4度C'!$A:$T,19,0) -> 0.70833333 | E16: =VLOOKUP("新豐2線",'1231 4度C'!$A:$T,19,0) -> 0.16666667 | F16: =VLOOKUP("新豐5線",'1231 4度C'!$A:$T,19,0) -> 0.20833333 | G16: =VLOOKUP("新豐7線",'1231 4度C'!$A:$T,19,0) -> 0.20833333 | H16: =VLOOKUP("新豐3線",'1231 4度C'!$A:$T,19,0) -> 0.083333333 | I16: =VLOOKUP("新豐1線",'1231 4度C'!$A:$T,19,0) -> 0.20833333 | J16: =VLOOKUP("新豐10線",'1231 4度C'!$A:$T,19,0) -> 0.20833333 | K16: =VLOOKUP("新豐8線",'1231 4度C'!$A:$T,19,0) -> 0.083333333 | L16: =VLOOKUP("新豐9線",'1231 4度C'!$A:$T,19,0) -> 0.083333333 | M16: =VLOOKUP("新豐4線",'1231 4度C'!$A:$T,19,0) -> 0.083333333
C17: 結束 | D17: =LOOKUP(2,1/(('1231 4度C'!$A:$A="新豐6線")*('1231 4度C'!$T:$T<>"")),'1231 4度C'!$T:$T) -> 0.80763889 | E17: =LOOKUP(2,1/(('1231 4度C'!$A:$A="新豐2線")*('1231 4度C'!$T:$T<>"")),'1231 4度C'!$T:$T) -> 0.37569444 | F17: =LOOKUP(2,1/(('1231 4度C'!$A:$A="新豐5線")*('1231 4度C'!$T:$T<>"")),'1231 4度C'!$T:$T) -> 0.89722222 | G17: =LOOKUP(2,1/(('1231 4度C'!$A:$A="新豐7線")*('1231 4度C'!$T:$T<>"")),'1231 4度C'!$T:$T) -> 0.91805556 | H17: =LOOKUP(2,1/(('1231 4度C'!$A:$A="新豐3線")*('1231 4度C'!$T:$T<>"")),'1231 4度C'!$T:$T) -> 0.41527778 | I17: =LOOKUP(2,1/(('1231 4度C'!$A:$A="新豐1線")*('1231 4度C'!$T:$T<>"")),'1231 4度C'!$T:$T) -> 0.90902778 | J17: =LOOKUP(2,1/(('1231 4度C'!$A:$A="新豐10線")*('1231 4度C'!$T:$T<>"")),'1231 4度C'!$T:$T) -> 0.42777778 | K17: =LOOKUP(2,1/(('1231 4度C'!$A:$A="新豐8線")*('1231 4度C'!$T:$T<>"")),'1231 4度C'!$T:$T) -> 0.44583333 | L17: =LOOKUP(2,1/(('1231 4度C'!$A:$A="新豐9線")*('1231 4度C'!$T:$T<>"")),'1231 4度C'!$T:$T) -> 0.39791667 | M17: =LOOKUP(2,1/(('1231 4度C'!$A:$A="新豐4線")*('1231 4度C'!$T:$T<>"")),'1231 4度C'!$T:$T) -> 0.44513889
B18: 配置人數 | D18: =SUMIFS('1231 4度C'!$I:$I,'1231 4度C'!$A:$A,"新豐6線",'1231 4度C'!$B:$B,"平均") -> 17.333333 | E18: =SUMIFS('1231 4度C'!$I:$I,'1231 4度C'!$A:$A,"新豐2線",'1231 4度C'!$B:$B,"平均") -> 18 | F18: =SUMIFS('1231 4度C'!$I:$I,'1231 4度C'!$A:$A,"新豐5線",'1231 4度C'!$B:$B,"平均") -> 16.75 | G18: =SUMIFS('1231 4度C'!$I:$I,'1231 4度C'!$A:$A,"新豐7線",'1231 4度C'!$B:$B,"平均") -> 16 | H18: =SUMIFS('1231 4度C'!$I:$I,'1231 4度C'!$A:$A,"新豐3線",'1231 4度C'!$B:$B,"平均") -> 11.333333 | I18: =SUMIFS('1231 4度C'!$I:$I,'1231 4度C'!$A:$A,"新豐1線",'1231 4度C'!$B:$B,"平均") -> 19.125 | J18: =SUMIFS('1231 4度C'!$I:$I,'1231 4度C'!$A:$A,"新豐10線",'1231 4度C'!$B:$B,"平均") -> 9.3333333 | K18: =SUMIFS('1231 4度C'!$I:$I,'1231 4度C'!$A:$A,"新豐8線",'1231 4度C'!$B:$B,"平均") -> 18.2 | L18: =SUMIFS('1231 4度C'!$I:$I,'1231 4度C'!$A:$A,"新豐9線",'1231 4度C'!$B:$B,"平均") -> 17.428571 | M18: =SUMIFS('1231 4度C'!$I:$I,'1231 4度C'!$A:$A,"新豐4線",'1231 4度C'!$B:$B,"平均") -> 16.4
B19: 主要應用設備 | D19: ET-55 | E19: 熱縮爐 | F19: L型包裝機 | G19: L型包裝機 | H19: 伺服包裝機 | I19: ET-55 | J19: 伺服包裝機 | K19: 三明治包裝機 | L19: 三明治包裝機 | M19: 三明治包裝機
B20: 次要應用設備 | F20: 圓盤機 | G20: ET-55
B21: 備註 | E21: 握沙拉 | F21: 共用L型包裝機 | H21: 調理麵包 | I21: 炒飯+沙拉 | J21: 調理麵包

Sheet 1231 4度C
A1: 新豐廠四度C日報分析 | C1: 總生產量 | D1: =SUM(F5:F73) -> 128248 | E1: 營業額 | F1: =SUM(G5:G73) -> 4527463.8 | G1: 出勤人數 | H1: =L8+L11+L51+L60+L20+L67+L36+L44+L30+L73 -> 159.90357 | I1: 產線配置圖 | L1: 生產實績 | O1: 人時性差異分析 | S1: 日報登錄 | Y1: 分析說明 | AA1: 產能差異分析
A2: 46022 | B2: 星期三 | C2: 人時性 | D2: =AVERAGE(N8,N11,N51,N60,N20,N67,N30,N36,N44,N73) -> 140.96861 | E2: 平均廠價 | F2: =F1/D1 -> 35.302412 | G2: 多次生產數 | H2: =COUNT(H5:H73) -> 3
A3: 線別 | B3: 品類 | C3: 品名 | E3: 廠價 | F3: 生產量 | G3: 營收 | H3: 多次 生產 | I3: 人數 | J3: 產能/時 | K3: 人時性 | L3: 人數 | M3: 產能/時 | N3: 人時性 | O3: 人數 | P3: 人時性 | Q3: 達成率 | R3: 達成率平均 | S3: 生產時間 | U3: 換線、休息/分 | V3: 稼動時間/分 | W3: 休息時間 | Y3: (新豐回填) | AA3: 產能/時 | AB3: 達成率 | AC3: 達成率平均
S4: 開始 | T4: 結束 | W4: 開始 | X4: 結束
A5: 新豐6線 | B5: 微波主食 | C5: 二配港式香滑嫩蛋牛肉燴飯 | E5: 50.67 | F5: 1317 | G5: =E5*F5 -> 66732.39 | I5: 17 | J5: 2000 | K5: =J5/I5 -> 117.64706 | L5: 17 | M5: =F5/V5*60 -> 1927.3171 | N5: =M5/L5 -> 113.37159 | O5: =L5-I5 -> 0 | P5: =N5-K5 -> -4.2754663 | Q5: =N5/K5 -> 0.96365854 | R5: =Q8 -> 0.96421271 | S5: 0.70833333 | T5: 0.73680556 | V5: =(T5-S5)*24*60 -> 41 | AA5: =M5-J5 -> -72.682927 | AB5: =M5/J5 -> 0.96365854 | AC5: =AB8 -> 0.96421271
A6: 新豐6線 | B6: 微波主食 | C6: 二配美味蟹煲 | E6: 54.09 | F6: 1360 | G6: =E6*F6 -> 73562.4 | I6: 19 | J6: 2000 | K6: =J6/I6 -> 105.26316 | L6: 19 | M6: =F6/V6*60 -> 1942.8571 | N6: =M6/L6 -> 102.25564 | O6: =L6-I6 -> 0 | P6: =N6-K6 -> -3.0075188 | Q6: =N6/K6 -> 0.97142857 | S6: 0.74097222 | T6: 0.77013889 | U6: =IF(S6=TIME(17,0,0),"",(S6-T5)*24*60) -> 6 | V6: =(T6-S6)*24*60 -> 42 | AA6: =M6-J6 -> -57.142857 | AB6: =M6/J6 -> 0.97142857
A7: 新豐6線 | B7: 微波主食 | C7: 二配麻油雞燴飯 | E7: 50.29 | F7: 1564 | G7: =E7*F7 -> 78653.56 | I7: 16 | J7: 2000 | K7: =J7/I7 -> 125 | L7: 16 | M7: =F7/V7*60 -> 1915.102 | N7: =M7/L7 -> 119.69388 | O7: =L7-I7 -> 0 | P7: =N7-K7 -> -5.3061224 | Q7: =N7/K7 -> 0.95755102 | S7: 0.77361111 | T7: 0.80763889 | U7: =IF(S7=TIME(17,0,0),"",(S7-T6)*24*60) -> 5 | V7: =(T7-S7)*24*60 -> 49 | AA7: =M7-J7 -> -84.897959 | AB7: =M7/J7 -> 0.95755102
A8: 新豐6線 | B8: 平均 | I8: 17.333333 | J8: 2000 | K8: =J8/I8 -> 115.38462 | L8: 17.333333 | M8: =AVERAGE(M5:M7) -> 1928.4254 | N8: =M8/L8 -> 111.25531 | O8: =L8-I8 -> 0 | P8: =N8-K8 -> -4.1293028 | Q8: =N8/K8 -> 0.96421271 | AA8: =M8-J8 -> -71.574581 | AB8: =M8/J8 -> 0.96421271
A9: 新豐2線 | B9: 沙拉 | C9: 青醬優格雞肉握沙拉(113年) | E9: 39.62 | F9: 2636 | G9: =E9*F9 -> 104438.32 | I9: 19 | J9: 1500 | K9: =J9/I9 -> 78.947368 | L9: 19 | M9: =F9/V9*60 -> 1437.8182 | N9: =M9/L9 -> 75.674641 | O9: =L9-I9 -> 0 | P9: =N9-K9 -> -3.2727273 | Q9: =N9/K9 -> 0.95854545 | R9: =Q11 -> 0.95717396 | S9: 0.16666667 | T9: 0.24305556 | V9: =(T9-S9)*24*60 -> 110 | W9: =T9 -> 0.24305556 | X9: =S10 -> 0.26319444 | AA9: =M9-J9 -> -62.181818 | AB9: =M9/J9 -> 0.95854545 | AC9: =AB11 -> 0.95717396
A10: 新豐2線 | B10: 沙拉 | C10: 青檸烤雞握沙拉(113年) | E10: 39.8 | F10: 3871 | G10: =E10*F10 -> 154065.8 | I10: 17 | J10: 1500 | K10: =J10/I10 -> 88.235294 | L10: 17 | M10: =F10/V10*60 -> 1433.7037 | N10: =M10/L10 -> 84.335512 | O10: =L10-I10 -> 0 | P10: =N10-K10 -> -3.8997821 | Q10: =N10/K10 -> 0.95580247 | S10: 0.26319444 | T10: 0.37569444 | U10: =IF(S10=TIME(17,0,0),"",(S10-T9)*24*60) -> 29 | V10: =(T10-S10)*24*60 -> 162 | AA10: =M10-J10 -> -66.296296 | AB10: =M10/J10 -> 0.95580247
A11: 新豐2線 | B11: 平均 | I11: 18 | J11: 1500 | K11: =J11/I11 -> 83.333333 | L11: 18 | M11: =AVERAGE(M9:M10) -> 1435.7609 | N11: =M11/L11 -> 79.764497 | O11: =L11-I11 -> 0 | P11: =N11-K11 -> -3.5688365 | Q11: =N11/K11 -> 0.95717396 | AA11: =M11-J11 -> -64.239057 | AB11: =M11/J11 -> 0.95717396
A12: 新豐5線 | B12: 小吃 | C12: 剝皮辣椒雞湯 | E12: 41 | F12: 2035 | G12: =E12*F12 -> 83435 | I12: 26 | J12: 1500 | K12: =J12/I12 -> 57.692308 | L12: 26 | M12: =F12/V12*60 -> 1436.4706 | N12: =M12/L12 -> 55.248869 | O12: =L12-I12 -> 0 | P12: =N12-K12 -> -2.4434389 | Q12: =N12/K12 -> 0.95764706 | R12: =Q20 -> 0.9635685 | S12: 0.20833333 | T12: 0.26736111 | V12: =(T12-S12)*24*60 -> 85 | AA12: =M12-J12 -> -63.529412 | AB12: =M12/J12 -> 0.95764706 | AC12: =AB20 -> 0.9635685
A13: 新豐5線 | B13: 季節調理麵 | C13: 柚子雞白湯拉麵 | E13: 72.4 | F13: 807 | G13: =E13*F13 -> 58426.8 | I13: 18 | J13: 1500 | K13: =J13/I13 -> 83.333333 | L13: 18 | M13: =F13/V13*60 -> 1467.2727 | N13: =M13/L13 -> 81.515152 | O13: =L13-I13 -> 0 | P13: =N13-K13 -> -1.8181818 | Q13: =N13/K13 -> 0.97818182 | S13: 0.27222222 | T13: 0.29513889 | U13: =IF(S13=TIME(17,0,0),"",(S13-T12)*24*60) -> 7 | V13: =(T13-S13)*24*60 -> 33 | AA13: =M13-J13 -> -32.727273 | AB13: =M13/J13 -> 0.97818182
A14: 新豐5線 | B14: 熱食義麵 | C14: 焗烤起司肉醬筆尖麵 | E14: 50.67 | F14: 1392 | G14: =E14*F14 -> 70532.64 | I14: 16 | J14: 1500 | K14: =J14/I14 -> 93.75 | L14: 16 | M14: =F14/V14*60 -> 1440 | N14: =M14/L14 -> 90 | O14: =L14-I14 -> 0 | P14: =N14-K14 -> -3.75 | Q14: =N14/K14 -> 0.96 | S14: 0.30069444 | T14: 0.34097222 | U14: =IF(S14=TIME(17,0,0),"",(S14-T13)*24*60) -> 8 | V14: =(T14-S14)*24*60 -> 58 | AA14: =M14-J14 -> -60 | AB14: =M14/J14 -> 0.96
A15: 新豐5線 | B15: 微波主食 | C15: 二配金咖哩濃厚辛口咖哩飯 | E15: 50.98 | F15: 800 | G15: =E15*F15 -> 40784 | H15: 2 | I15: 16 | J15: 2000 | K15: =J15/I15 -> 125 | L15: 16 | M15: =F15/V15*60 -> 1920 | N15: =M15/L15 -> 120 | O15: =L15-I15 -> 0 | P15: =N15-K15 -> -5 | Q15: =N15/K15 -> 0.96 | S15: 0.70833333 | T15: 0.72569444 | U15: =IF(S15=TIME(17,0,0),"",(S15-T14)*24*60) | V15: =(T15-S15)*24*60 -> 25 | AA15: =M15-J15 -> -80 | AB15: =M15/J15 -> 0.96
A16: 新豐5線 | B16: 微波主食 | C16: 二配金咖哩果香甘口咖哩飯 | E16: 50.92 | F16: 800 | G16: =E16*F16 -> 40736 | H16: 2 | I16: 15 | J16: 2000 | K16: =J16/I16 -> 133.33333 | L16: 15 | M16: =F16/V16*60 -> 1920 | N16: =M16/L16 -> 128 | O16: =L16-I16 -> 0 | P16: =N16-K16 -> -5.3333333 | Q16: =N16/K16 -> 0.96 | S16: 0.72916667 | T16: 0.74652778 | U16: =IF(S16=TIME(17,0,0),"",(S16-T15)*24*60) -> 5 | V16: =(T16-S16)*24*60 -> 25 | AA16: =M16-J16 -> -80 | AB16: =M16/J16 -> 0.96
A17: 新豐5線 | B17: 微波主食 | C17: 二配泰式綠咖哩雞 | E17: 50.67 | F17: 1550 | G17: =E17*F17 -> 78538.5 | I17: 15 | J17: 2000 | K17: =J17/I17 -> 133.33333 | L17: 15 | M17: =F17/V17*60 -> 1937.5 | N17: =M17/L17 -> 129.16667 | O17: =L17-I17 -> 0 | P17: =N17-K17 -> -4.1666667 | Q17: =N17/K17 -> 0.96875 | S17: 0.75 | T17: 0.78333333 | U17: =IF(S17=TIME(17,0,0),"",(S17-T16)*24*60) -> 5 | V17: =(T17-S17)*24*60 -> 48 | AA17: =M17-J17 -> -62.5 | AB17: =M17/J17 -> 0.96875
A18: 新豐5線 | B18: 微波主食 | C18: 二配厚香料咖哩雞排飯 | E18: 57.3 | F18: 1914 | G18: =E18*F18 -> 109672.2 | I18: 13 | J18: 2000 | K18: =J18/I18 -> 153.84615 | L18: 13 | M18: =F18/V18*60 -> 1914 | N18: =M18/L18 -> 147.23077 | O18: =L18-I18 -> 0 | P18: =N18-K18 -> -6.6153846 | Q18: =N18/K18 -> 0.957 | S18: 0.78888889 | T18: 0.83055556 | U18: =IF(S18=TIME(17,0,0),"",(S18-T17)*24*60) -> 8 | V18: =(T18-S18)*24*60 -> 60 | W18: =T18 -> 0.83055556 | X18: =S19 -> 0.86944444 | AA18: =M18-J18 -> -86 | AB18: =M18/J18 -> 0.957
A19: 新豐5線 | B19: 微波主食 | C19: 二配金咖哩果香甘口咖哩飯 | E19: 50.92 | F19: 1291 | G19: =E19*F19 -> 65737.72 | I19: 15 | J19: 2000 | K19: =J19/I19 -> 133.33333 | L19: 15 | M19: =F19/V19*60 -> 1936.5 | N19: =M19/L19 -> 129.1 | O19: =L19-I19 -> 0 | P19: =N19-K19 -> -4.2333333 | Q19: =N19/K19 -> 0.96825 | S19: 0.86944444 | T19: 0.89722222 | U19: =IF(S19=TIME(17,0,0),"",(S19-T18)*24*60) -> 56 | V19: =(T19-S19)*24*60 -> 40 | AA19: =M19-J19 -> -63.5 | AB19: =M19/J19 -> 0.96825
A20: 新豐5線 | B20: 平均 | I20: 16.75 | J20: 1812.5 | K20: =J20/I20 -> 108.20896 | L20: 16.75 | M20: =AVERAGE(M12:M19) -> 1746.4679 | N20: =M20/L20 -> 104.26674 | O20: =L20-I20 -> 0 | P20: =N20-K20 -> -3.9422141 | Q20: =N20/K20 -> 0.9635685 | AA20: =M20-J20 -> -66.032086 | AB20: =M20/J20 -> 0.9635685
A21: 新豐7線 | B21: 小吃 | C21: 古早味炒炊粉 | E21: 43.14 | F21: 868 | G21: =E21*F21 -> 37445.52 | I21: 17 | J21: 2000 | K21: =J21/I21 -> 117.64706 | L21: 17 | M21: =F21/V21*60 -> 1928.8889 | N21: =M21/L21 -> 113.46405 | O21: =L21-I21 -> 0 | P21: =N21-K21 -> -4.1830065 | Q21: =N21/K21 -> 0.96444444 | R21: =Q30 -> 0.959733 | S21: 0.20833333 | T21: 0.22708333 | V21: =(T21-S21)*24*60 -> 27 | AA21: =M21-J21 -> -71.111111 | AB21: =M21/J21 -> 0.96444444 | AC21: =AB30 -> 0.959733
A22: 新豐7線 | B22: 熱食義麵 | C22: 麻婆豆腐波浪麵 | E22: 49.9 | F22: 867 | G22: =E22*F22 -> 43263.3 | I22: 17 | J22: 2000 | K22: =J22/I22 -> 117.64706 | L22: 17 | M22: =F22/V22*60 -> 1926.6667 | N22: =M22/L22 -> 113.33333 | O22: =L22-I22 -> 0 | P22: =N22-K22 -> -4.3137255 | Q22: =N22/K22 -> 0.96333333 | S22: 0.23263889 | T22: 0.25138889 | U22: =IF(S22=TIME(17,0,0),"",(S22-T21)*24*60) -> 8 | V22: =(T22-S22)*24*60 -> 27 | AA22: =M22-J22 -> -73.333333 | AB22: =M22/J22 -> 0.96333333
A23: 新豐7線 | B23: 微波主食 | C23: 鐵板滑蛋炸豬排丼 | E23: 57.73 | F23: 2270 | G23: =E23*F23 -> 131047.1 | I23: 14 | J23: 2000 | K23: =J23/I23 -> 142.85714 | L23: 14 | M23: =F23/V23*60 -> 1918.3099 | N23: =M23/L23 -> 137.02213 | O23: =L23-I23 -> 0 | P23: =N23-K23 -> -5.8350101 | Q23: =N23/K23 -> 0.95915493 | S23: 0.25625 | T23: 0.30555556 | U23: =IF(S23=TIME(17,0,0),"",(S23-T22)*24*60) -> 7 | V23: =(T23-S23)*24*60 -> 71 | AA23: =M23-J23 -> -81.690141 | AB23: =M23/J23 -> 0.95915493
A24: 新豐7線 | B24: 微波主食 | C24: 極上炙烤親子丼 | E24: 53.68 | F24: 1331 | G24: =E24*F24 -> 71448.08 | I24: 16 | J24: 2000 | K24: =J24/I24 -> 125 | L24: 16 | M24: =F24/V24*60 -> 1901.4286 | N24: =M24/L24 -> 118.83929 | O24: =L24-I24 -> 0 | P24: =N24-K24 -> -6.1607143 | Q24: =N24/K24 -> 0.95071429 | S24: 0.31111111 | T24: 0.34027778 | U24: =IF(S24=TIME(17,0,0),"",(S24-T23)*24*60) -> 8 | V24: =(T24-S24)*24*60 -> 42 | AA24: =M24-J24 -> -98.571429 | AB24: =M24/J24 -> 0.95071429
A25: 新豐7線 | B25: 微波主食 | C25: 日式野菜烘蛋燴飯 | E25: 49.91 | F25: 825 | G25: =E25*F25 -> 41175.75 | I25: 17 | J25: 2000 | K25: =J25/I25 -> 117.64706 | L25: 17 | M25: =F25/V25*60 -> 1903.8462 | N25: =M25/L25 -> 111.99095 | O25: =L25-I25 -> 0 | P25: =N25-K25 -> -5.6561086 | Q25: =N25/K25 -> 0.95192308 | S25: 0.34583333 | T25: 0.36388889 | U25: =IF(S25=TIME(17,0,0),"",(S25-T24)*24*60) -> 8 | V25: =(T25-S25)*24*60 -> 26 | AA25: =M25-J25 -> -96.153846 | AB25: =M25/J25 -> 0.95192308
A26: 新豐7線 | B26: 微波主食 | C26: 二配川味麻婆燒豆腐燴飯 | E26: 50.49 | F26: 1892 | G26: =E26*F26 -> 95527.08 | I26: 15 | J26: 2000 | K26: =J26/I26 -> 133.33333 | L26: 15 | M26: =F26/V26*60 -> 1924.0678 | N26: =M26/L26 -> 128.27119 | O26: =L26-I26 -> 0 | P26: =N26-K26 -> -5.0621469 | Q26: =N26/K26 -> 0.9620339 | S26: 0.70833333 | T26: 0.74930556 | U26: =IF(S26=TIME(17,0,0),"",(S26-T25)*24*60) | V26: =(T26-S26)*24*60 -> 59 | AA26: =M26-J26 -> -75.932203 | AB26: =M26/J26 -> 0.9620339
A27: 新豐7線 | B27: 微波主食 | C27: 二配粗飽系雞排炒飯(114年) | E27: 57.73 | F27: 1207 | G27: =E27*F27 -> 69680.11 | I27: 16 | J27: 1500 | K27: =J27/I27 -> 93.75 | L27: 16 | M27: =F27/V27*60 -> 1448.4 | N27: =M27/L27 -> 90.525 | O27: =L27-I27 -> 0 | P27: =N27-K27 -> -3.225 | Q27: =N27/K27 -> 0.9656 | S27: 0.75416667 | T27: 0.78888889 | U27: =IF(S27=TIME(17,0,0),"",(S27-T26)*24*60) -> 7 | V27: =(T27-S27)*24*60 -> 50 | AA27: =M27-J27 -> -51.6 | AB27: =M27/J27 -> 0.9656
A28: 新豐7線 | B28: 微波主食 | C28: 二配起司控培根白醬焗烤飯 | E28: 53.68 | F28: 1903 | G28: =E28*F28 -> 102153.04 | I28: 16 | J28: 1500 | K28: =J28/I28 -> 93.75 | L28: 16 | M28: =F28/V28*60 -> 1445.3165 | N28: =M28/L28 -> 90.332278 | O28: =L28-I28 -> 0 | P28: =N28-K28 -> -3.4177215 | Q28: =N28/K28 -> 0.9635443 | S28: 0.79444444 | T28: 0.84930556 | U28: =IF(S28=TIME(17,0,0),"",(S28-T27)*24*60) -> 8 | V28: =(T28-S28)*24*60 -> 79 | W28: =T28 -> 0.84930556 | X28: =S29 -> 0.88958333 | AA28: =M28-J28 -> -54.683544 | AB28: =M28/J28 -> 0.9635443
A29: 新豐7線 | B29: 微波主食 | C29: 二配金咖哩濃厚辛口咖哩飯 | E29: 50.98 | F29: 1311 | G29: =E29*F29 -> 66834.78 | I29: 16 | J29: 2000 | K29: =J29/I29 -> 125 | L29: 16 | M29: =F29/V29*60 -> 1918.5366 | N29: =M29/L29 -> 119.90854 | O29: =L29-I29 -> 0 | P29: =N29-K29 -> -5.0914634 | Q29: =N29/K29 -> 0.95926829 | S29: 0.88958333 | T29: 0.91805556 | U29: =IF(S29=TIME(17,0,0),"",(S29-T28)*24*60) -> 58 | V29: =(T29-S29)*24*60 -> 41 | AA29: =M29-J29 -> -81.463415 | AB29: =M29/J29 -> 0.95926829
A30: 新豐7線 | B30: 平均 | I30: 16 | J30: 1888.8889 | K30: =J30/I30 -> 118.05556 | L30: 16 | M30: =AVERAGE(M21:M29) -> 1812.829 | N30: =M30/L30 -> 113.30181 | O30: =L30-I30 -> 0 | P30: =N30-K30 -> -4.7537432 | Q30: =N30/K30 -> 0.959733 | AA30: =M30-J30 -> -76.059891 | AB30: =M30/J30 -> 0.959733
A31: 新豐8線 | B31: 三明治 | C31: 紐奧良風味烤雞鮮蔬三明治 | E31: 31.29 | F31: 5837 | G31: =E31*F31 -> 182639.73 | I31: 18 | J31: 2400 | K31: =J31/I31 -> 133.33333 | L31: 18 | M31: =F31/V31*60 -> 2289.0196 | N31: =M31/L31 -> 127.16776 | O31: =L31-I31 -> 0 | P31: =N31-K31 -> -6.1655773 | Q31: =N31/K31 -> 0.95375817 | R31: =Q36 -> 0.95729478 | S31: 0.083333333 | T31: 0.18958333 | V31: =(T31-S31)*24*60 -> 153 | W31: =T31 -> 0.18958333 | X31: =S32 -> 0.20833333 | AA31: =M31-J31 -> -110.98039 | AB31: =M31/J31 -> 0.95375817 | AC31: =AB36 -> 0.95729478
A32: 新豐8線 | B32: 三明治 | C32: 經典總匯三明治 | E32: 26.2 | F32: 3504 | G32: =E32*F32 -> 91804.8 | I32: 20 | J32: 2400 | K32: =J32/I32 -> 120 | L32: 20 | M32: =F32/V32*60 -> 2285.2174 | N32: =M32/L32 -> 114.26087 | O32: =L32-I32 -> 0 | P32: =N32-K32 -> -5.7391304 | Q32: =N32/K32 -> 0.95217391 | S32: 0.20833333 | T32: 0.27222222 | U32: =(S32-T31)*24*60 -> 27 | V32: =(T32-S32)*24*60 -> 92 | AA32: =M32-J32 -> -114.78261 | AB32: =M32/J32 -> 0.95217391
A33: 新豐8線 | B33: 三明治 | C33: 雞蛋沙拉三明治(114年) | E33: 25.99 | F33: 3143 | G33: =E33*F33 -> 81686.57 | I33: 14 | J33: 2400 | K33: =J33/I33 -> 171.42857 | L33: 14 | M33: =F33/V33*60 -> 2299.7561 | N33: =M33/L33 -> 164.26829 | O33: =L33-I33 -> 0 | P33: =N33-K33 -> -7.1602787 | Q33: =N33/K33 -> 0.95823171 | S33: 0.27777778 | T33: 0.33472222 | U33: =(S33-T32)*24*60 -> 8 | V33: =(T33-S33)*24*60 -> 82 | AA33: =M33-J33 -> -100.2439 | AB33: =M33/J33 -> 0.95823171
A34: 新豐8線 | B34: 三明治 | C34: 肉鬆火腿三明治 | E34: 20.52 | F34: 3033 | G34: =E34*F34 -> 62237.16 | I34: 18 | J34: 2400 | K34: =J34/I34 -> 133.33333 | L34: 18 | M34: =F34/V34*60 -> 2303.5443 | N34: =M34/L34 -> 127.97468 | O34: =L34-I34 -> 0 | P34: =N34-K34 -> -5.3586498 | Q34: =N34/K34 -> 0.95981013 | S34: 0.33819444 | T34: 0.39305556 | U34: =(S34-T33)*24*60 -> 5 | V34: =(T34-S34)*24*60 -> 79 | AA34: =M34-J34 -> -96.455696 | AB34: =M34/J34 -> 0.95981013
A35: 新豐8線 | B35: 三明治 | C35: 好多菜三明治(114年) | E35: 25.98 | F35: 2618 | G35: =E35*F35 -> 68015.64 | I35: 21 | J35: 2400 | K35: =J35/I35 -> 114.28571 | L35: 21 | M35: =F35/V35*60 -> 2310 | N35: =M35/L35 -> 110 | O35: =L35-I35 -> 0 | P35: =N35-K35 -> -4.2857143 | Q35: =N35/K35 -> 0.9625 | S35: 0.39861111 | T35: 0.44583333 | U35: =(S35-T34)*24*60 -> 8 | V35: =(T35-S35)*24*60 -> 68 | AA35: =M35-J35 -> -90 | AB35: =M35/J35 -> 0.9625
A36: 新豐8線 | B36: 平均 | I36: 18.2 | J36: 2400 | K36: =J36/I36 -> 131.86813 | L36: 18.2 | M36: =AVERAGE(M31:M35) -> 2297.5075 | N36: =M36/L36 -> 126.23667 | O36: =L36-I36 -> 0 | P36: =N36-K36 -> -5.6314571 | Q36: =N36/K36 -> 0.95729478 | AA36: =M36-J36 -> -102.49252 | AB36: =M36/J36 -> 0.95729478
A37: 新豐9線 | B37: 三明治 | C37: 檸檬紅茶三明治 | E37: 22.69 | F37: 653 | G37: =E37*F37 -> 14816.57 | I37: 15 | J37: 2400 | K37: =J37/I37 -> 160 | L37: 15 | M37: =F37/V37*60 -> 2304.7059 | N37: =M37/L37 -> 153.64706 | O37: =L37-I37 -> 0 | P37: =N37-K37 -> -6.3529412 | Q37: =N37/K37 -> 0.96029412 | R37: =Q44 -> 0.95423408 | S37: 0.083333333 | T37: 0.095138889 | V37: =(T37-S37)*24*60 -> 17 | W37: =T37 -> 0.095138889 | X37: =S38 -> 0.11527778 | AA37: =M37-J37 -> -95.294118 | AB37: =M37/J37 -> 0.96029412 | AC37: =AB44 -> 0.95423408
A38: 新豐9線 | B38: 三明治 | C38: 鮪魚起司溏心蛋三明治 | E38: 26.2 | F38: 4224 | G38: =E38*F38 -> 110668.8 | I38: 18 | J38: 2400 | K38: =J38/I38 -> 133.33333 | L38: 18 | M38: =F38/V38*60 -> 2283.2432 | N38: =M38/L38 -> 126.84685 | O38: =L38-I38 -> 0 | P38: =N38-K38 -> -6.4864865 | Q38: =N38/K38 -> 0.95135135 | S38: 0.11527778 | T38: 0.19236111 | U38: =(S38-T37)*24*60 -> 29 | V38: =(T38-S38)*24*60 -> 111 | AA38: =M38-J38 -> -116.75676 | AB38: =M38/J38 -> 0.95135135
A39: 新豐9線 | B39: 三明治 | C39: 陽光地瓜總匯三明治 | E39: 26.18 | F39: 1748 | G39: =E39*F39 -> 45762.64 | I39: 19 | J39: 2400 | K39: =J39/I39 -> 126.31579 | L39: 19 | M39: =F39/V39*60 -> 2330.6667 | N39: =M39/L39 -> 122.66667 | O39: =L39-I39 -> 0 | P39: =N39-K39 -> -3.6491228 | Q39: =N39/K39 -> 0.97111111 | S39: 0.19722222 | T39: 0.22847222 | U39: =(S39-T38)*24*60 -> 7 | V39: =(T39-S39)*24*60 -> 45 | AA39: =M39-J39 -> -69.333333 | AB39: =M39/J39 -> 0.97111111
A40: 新豐9線 | B40: 三明治 | C40: 醬燒烤雞三明治 | E40: 26.39 | F40: 4164 | G40: =E40*F40 -> 109887.96 | I40: 19 | J40: 2400 | K40: =J40/I40 -> 126.31579 | L40: 19 | M40: =F40/V40*60 -> 2292.1101 | N40: =M40/L40 -> 120.63737 | O40: =L40-I40 -> 0 | P40: =N40-K40 -> -5.6784162 | Q40: =N40/K40 -> 0.95504587 | S40: 0.23333333 | T40: 0.30902778 | U40: =(S40-T39)*24*60 -> 7 | V40: =(T40-S40)*24*60 -> 109 | AA40: =M40-J40 -> -107.88991 | AB40: =M40/J40 -> 0.95504587
A41: 新豐9線 | B41: 三明治 | C41: 覆盆莓榛果可可三明治 | E41: 22.69 | F41: 2057 | G41: =E41*F41 -> 46673.33 | I41: 15 | J41: 2400 | K41: =J41/I41 -> 160 | L41: 15 | M41: =F41/V41*60 -> 2285.5556 | N41: =M41/L41 -> 152.37037 | O41: =L41-I41 -> 0 | P41: =N41-K41 -> -7.6296296 | Q41: =N41/K41 -> 0.95231481 | S41: 0.31319444 | T41: 0.35069444 | U41: =(S41-T40)*24*60 -> 6 | V41: =(T41-S41)*24*60 -> 54 | AA41: =M41-J41 -> -114.44444 | AB41: =M41/J41 -> 0.95231481
A42: 新豐9線 | B42: 三明治 | C42: 瘋狂起司三明治(113年) | E42: 24.45 | F42: 1818 | G42: =E42*F42 -> 44450.1 | I42: 20 | J42: 2400 | K42: =J42/I42 -> 120 | L42: 20 | M42: =F42/V42*60 -> 2320.8511 | N42: =M42/L42 -> 116.04255 | O42: =L42-I42 -> 0 | P42: =N42-K42 -> -3.9574468 | Q42: =N42/K42 -> 0.96702128 | S42: 0.35486111 | T42: 0.3875 | U42: =(S42-T41)*24*60 -> 6 | V42: =(T42-S42)*24*60 -> 47 | AA42: =M42-J42 -> -79.148936 | AB42: =M42/J42 -> 0.96702128
A43: 新豐9線 | B43: 三明治 | C43: 切達海鮮雙饗三明治 | E43: 28.51 | F43: 369 | G43: =E43*F43 -> 10520.19 | I43: 16 | J43: 2400 | K43: =J43/I43 -> 150 | L43: 16 | M43: =F43/V43*60 -> 2214 | N43: =M43/L43 -> 138.375 | O43: =L43-I43 -> 0 | P43: =N43-K43 -> -11.625 | Q43: =N43/K43 -> 0.9225 | S43: 0.39097222 | T43: 0.39791667 | U43: =(S43-T42)*24*60 -> 5 | V43: =(T43-S43)*24*60 -> 10 | AA43: =M43-J43 -> -186 | AB43: =M43/J43 -> 0.9225
A44: 新豐9線 | B44: 平均 | I44: 17.428571 | J44: 2400 | K44: =J44/I44 -> 137.70492 | L44: 17.428571 | M44: =AVERAGE(M37:M43) -> 2290.1618 | N44: =M44/L44 -> 131.40273 | O44: =L44-I44 -> 0 | P44: =N44-K44 -> -6.3021926 | Q44: =N44/K44 -> 0.95423408 | AA44: =M44-J44 -> -109.83821 | AB44: =M44/J44 -> 0.95423408
A45: 新豐3線 | B45: 調理麵包 | C45: 豬肉起司堡 | E45: 21.13 | F45: 4314 | G45: =E45*F45 -> 91154.82 | I45: 10 | J45: 3000 | K45: =J45/I45 -> 300 | L45: 10 | M45: =F45/V45*60 -> 2876 | N45: =M45/L45 -> 287.6 | O45: =L45-I45 -> 0 | P45: =N45-K45 -> -12.4 | Q45: =N45/K45 -> 0.95866667 | R45: =Q51 -> 0.95854096 | S45: 0.083333333 | T45: 0.14583333 | V45: =(T45-S45)*24*60 -> 90 | W45: =T45 -> 0.14583333 | X45: =S46 -> 0.16527778 | AA45: =M45-J45 -> -124 | AB45: =M45/J45 -> 0.95866667 | AC45: =AB51 -> 0.95854096
A46: 新豐3線 | B46: 調理麵包 | C46: 豬肉起司蛋堡 | E46: 27.17 | F46: 5258 | G46: =E46*F46 -> 142859.86 | I46: 10 | J46: 3000 | K46: =J46/I46 -> 300 | L46: 10 | M46: =F46/V46*60 -> 2868 | N46: =M46/L46 -> 286.8 | O46: =L46-I46 -> 0 | P46: =N46-K46 -> -13.2 | Q46: =N46/K46 -> 0.956 | S46: 0.16527778 | T46: 0.24166667 | U46: =(S46-T45)*24*60 -> 28 | V46: =(T46-S46)*24*60 -> 110 | AA46: =M46-J46 -> -132 | AB46: =M46/J46 -> 0.956
A47: 新豐3線 | B47: 調理麵包 | C47: 經典雙牛起司堡(113年) | E47: 35.12 | F47: 3614 | G47: =E47*F47 -> 126923.68 | I47: 10 | J47: 3000 | K47: =J47/I47 -> 300 | L47: 10 | M47: =F47/V47*60 -> 2853.1579 | N47: =M47/L47 -> 285.31579 | O47: =L47-I47 -> 0 | P47: =N47-K47 -> -14.684211 | Q47: =N47/K47 -> 0.95105263 | S47: 0.24583333 | T47: 0.29861111 | U47: =(S47-T46)*24*60 -> 6 | V47: =(T47-S47)*24*60 -> 76 | AA47: =M47-J47 -> -146.84211 | AB47: =M47/J47 -> 0.95105263
A48: 新豐3線 | B48: 調理麵包 | C48: 排骨雞起司炒麵麵包 | E48: 31 | F48: 1288 | G48: =E48*F48 -> 39928 | I48: 13 | J48: 2000 | K48: =J48/I48 -> 153.84615 | L48: 13 | M48: =F48/V48*60 -> 1932 | N48: =M48/L48 -> 148.61538 | O48: =L48-I48 -> 0 | P48: =N48-K48 -> -5.2307692 | Q48: =N48/K48 -> 0.966 | S48: 0.30347222 | T48: 0.33125 | U48: =(S48-T47)*24*60 -> 7 | V48: =(T48-S48)*24*60 -> 40 | AA48: =M48-J48 -> -68 | AB48: =M48/J48 -> 0.966
A49: 新豐3線 | B49: 調理麵包 | C49: 滿滿起司燻腸洋芋堡 | E49: 37.88 | F49: 1628 | G49: =E49*F49 -> 61668.64 | I49: 14 | J49: 2000 | K49: =J49/I49 -> 142.85714 | L49: 14 | M49: =F49/V49*60 -> 1915.2941 | N49: =M49/L49 -> 136.80672 | O49: =L49-I49 -> 0 | P49: =N49-K49 -> -6.0504202 | Q49: =N49/K49 -> 0.95764706 | S49: 0.33541667 | T49: 0.37083333 | U49: =(S49-T48)*24*60 -> 6 | V49: =(T49-S49)*24*60 -> 51 | AA49: =M49-J49 -> -84.705882 | AB49: =M49/J49 -> 0.95764706
A50: 新豐3線 | B50: 調理麵包 | C50: 花生培根歐姆蛋堡 | E50: 32.02 | F50: 2844 | G50: =E50*F50 -> 91064.88 | I50: 11 | J50: 3000 | K50: =J50/I50 -> 272.72727 | L50: 11 | M50: =F50/V50*60 -> 2892.2034 | N50: =M50/L50 -> 262.92758 | O50: =L50-I50 -> 0 | P50: =N50-K50 -> -9.7996918 | Q50: =N50/K50 -> 0.9640678 | S50: 0.37430556 | T50: 0.41527778 | U50: =(S50-T49)*24*60 -> 5 | V50: =(T50-S50)*24*60 -> 59 | AA50: =M50-J50 -> -107.79661 | AB50: =M50/J50 -> 0.9640678
A51: 新豐3線 | B51: 平均 | I51: 11.333333 | J51: 2666.6667 | K51: =J51/I51 -> 235.29412 | L51: 11.333333 | M51: =AVERAGE(M45:M50) -> 2556.1092 | N51: =M51/L51 -> 225.53905 | O51: =L51-I51 -> 0 | P51: =N51-K51 -> -9.7550676 | Q51: =N51/K51 -> 0.95854096 | AA51: =M51-J51 -> -110.55743 | AB51: =M51/J51 -> 0.95854096
A52: 新豐1線 | B52: 沙拉 | C52: 蔥鹽雞肉麵沙拉(114年) | E52: 46 | F52: 1351 | G52: =E52*F52 -> 62146 | I52: 17 | J52: 2000 | K52: =J52/I52 -> 117.64706 | L52: 17 | M52: =F52/V52*60 -> 1930 | N52: =M52/L52 -> 113.52941 | O52: =L52-I52 -> 0 | P52: =N52-K52 -> -4.1176471 | Q52: =N52/K52 -> 0.965 | R52: =Q60 -> 0.8889713 | S52: 0.20833333 | T52: 0.2375 | V52: =(T52-S52)*24*60 -> 42 | AA52: =M52-J52 -> -70 | AB52: =M52/J52 -> 0.965 | AC52: =AB60 -> 0.8889713
A53: 新豐1線 | B53: 沙拉 | C53: 莎莎烤雞麵沙拉 | E53: 46 | F53: 1461 | G53: =E53*F53 -> 67206 | I53: 17 | J53: 2000 | K53: =J53/I53 -> 117.64706 | L53: 17 | M53: =F53/V53*60 -> 1905.6522 | N53: =M53/L53 -> 112.09719 | O53: =L53-I53 -> 0 | P53: =N53-K53 -> -5.5498721 | Q53: =N53/K53 -> 0.95282609 | S53: 0.24166667 | T53: 0.27361111 | U53: =IF(S53=TIME(17,0,0),"",(S53-T52)*24*60) -> 6 | V53: =(T53-S53)*24*60 -> 46 | AA53: =M53-J53 -> -94.347826 | AB53: =M53/J53 -> 0.95282609
A54: 新豐1線 | B54: 微波主食 | C54: 蒜蒜燒豚飯 | E54: 51.86 | F54: 1115 | G54: =E54*F54 -> 57823.9 | I54: 25 | J54: 2000 | K54: =J54/I54 -> 80 | L54: 25 | M54: =F54/V54*60 -> 1262.2642 | N54: =M54/L54 -> 50.490566 | O54: =L54-I54 -> 0 | P54: =N54-K54 -> -29.509434 | Q54: =N54/K54 -> 0.63113208 | S54: 0.27777778 | T54: 0.31458333 | U54: =IF(S54=TIME(17,0,0),"",(S54-T53)*24*60) -> 6 | V54: =(T54-S54)*24*60 -> 53 | AA54: =M54-J54 -> -737.73585 | AB54: =M54/J54 -> 0.63113208
A55: 新豐1線 | B55: 微波主食 | C55: 壹號醬雞豚雙拼 | E55: 56.43 | F55: 1933 | G55: =E55*F55 -> 109079.19 | I55: 22 | J55: 2000 | K55: =J55/I55 -> 90.909091 | L55: 22 | M55: =F55/V55*60 -> 1431.8519 | N55: =M55/L55 -> 65.084175 | O55: =L55-I55 -> 0 | P55: =N55-K55 -> -25.824916 | Q55: =N55/K55 -> 0.71592593 | S55: 0.31805556 | T55: 0.37430556 | U55: =IF(S55=TIME(17,0,0),"",(S55-T54)*24*60) -> 5 | V55: =(T55-S55)*24*60 -> 81 | AA55: =M55-J55 -> -568.14815 | AB55: =M55/J55 -> 0.71592593
A56: 新豐1線 | B56: 微波主食 | C56: 二配香辣醬蒜味香腸蛋炒飯 | E56: 55.56 | F56: 1740 | G56: =E56*F56 -> 96674.4 | I56: 17 | J56: 2000 | K56: =J56/I56 -> 117.64706 | L56: 17 | M56: =F56/V56*60 -> 1933.3333 | N56: =M56/L56 -> 113.72549 | O56: =L56-I56 -> 0 | P56: =N56-K56 -> -3.9215686 | Q56: =N56/K56 -> 0.96666667 | S56: 0.70833333 | T56: 0.74583333 | U56: =IF(S56=TIME(17,0,0),"",(S56-T55)*24*60) | V56: =(T56-S56)*24*60 -> 54 | AA56: =M56-J56 -> -66.666667 | AB56: =M56/J56 -> 0.96666667
A57: 新豐1線 | B57: 微波主食 | C57: 二配香拌海鮮醬肉絲蛋炒飯 | E57: 55.32 | F57: 1308 | G57: =E57*F57 -> 72358.56 | I57: 15 | J57: 2000 | K57: =J57/I57 -> 133.33333 | L57: 15 | M57: =F57/V57*60 -> 1914.1463 | N57: =M57/L57 -> 127.60976 | O57: =L57-I57 -> 0 | P57: =N57-K57 -> -5.7235772 | Q57: =N57/K57 -> 0.95707317 | S57: 0.75069444 | T57: 0.77916667 | U57: =IF(S57=TIME(17,0,0),"",(S57-T56)*24*60) -> 7 | V57: =(T57-S57)*24*60 -> 41 | AA57: =M57-J57 -> -85.853659 | AB57: =M57/J57 -> 0.95707317
A58: 新豐1線 | B58: 微波主食 | C58: 二配鮭魚蛋炒飯 | E58: 51.83 | F58: 1700 | G58: =E58*F58 -> 88111 | H58: 2 | I58: 20 | J58: 2000 | K58: =J58/I58 -> 100 | L58: 20 | M58: =F58/V58*60 -> 1924.5283 | N58: =M58/L58 -> 96.226415 | O58: =L58-I58 -> 0 | P58: =N58-K58 -> -3.7735849 | Q58: =N58/K58 -> 0.96226415 | S58: 0.78402778 | T58: 0.82083333 | U58: =IF(S58=TIME(17,0,0),"",(S58-T57)*24*60) -> 7 | V58: =(T58-S58)*24*60 -> 53 | W58: =T58 -> 0.82083333 | X58: =S59 -> 0.86180556 | AA58: =M58-J58 -> -75.471698 | AB58: =M58/J58 -> 0.96226415
A59: 新豐1線 | B59: 微波主食 | C59: 二配鮭魚蛋炒飯 | E59: 51.83 | F59: 2178 | G59: =E59*F59 -> 112885.74 | I59: 20 | J59: 2000 | K59: =J59/I59 -> 100 | L59: 20 | M59: =F59/V59*60 -> 1921.7647 | N59: =M59/L59 -> 96.088235 | O59: =L59-I59 -> 0 | P59: =N59-K59 -> -3.9117647 | Q59: =N59/K59 -> 0.96088235 | S59: 0.86180556 | T59: 0.90902778 | U59: =IF(S59=TIME(17,0,0),"",(S59-T58)*24*60) -> 59 | V59: =(T59-S59)*24*60 -> 68 | AA59: =M59-J59 -> -78.235294 | AB59: =M59/J59 -> 0.96088235
A60: 新豐1線 | B60: 平均 | I60: 19.125 | J60: 2000 | K60: =J60/I60 -> 104.57516 | L60: 19.125 | M60: =AVERAGE(M52:M59) -> 1777.9426 | N60: =M60/L60 -> 92.964319 | O60: =L60-I60 -> 0 | P60: =N60-K60 -> -11.610844 | Q60: =N60/K60 -> 0.8889713 | AA60: =M60-J60 -> -222.05739 | AB60: =M60/J60 -> 0.8889713
A61: 新豐10線 | B61: 沙拉 | C61: 溏心蛋洋芋沙拉 | E61: 26.97 | F61: 2093 | G61: =E61*F61 -> 56448.21 | I61: 8 | J61: 1500 | K61: =J61/I61 -> 187.5 | L61: 8 | M61: =F61/V61*60 -> 1443.4483 | N61: =M61/L61 -> 180.43103 | O61: =L61-I61 -> 0 | P61: =N61-K61 -> -7.0689655 | Q61: =N61/K61 -> 0.96229885 | R61: =Q67 -> 0.96703964 | S61: 0.20833333 | T61: 0.26875 | V61: =(T61-S61)*24*60 -> 87 | AA61: =M61-J61 -> -56.551724 | AB61: =M61/J61 -> 0.96229885 | AC61: =AB67 -> 0.96703964
A62: 新豐10線 | B62: 調理麵包 | C62: 香雞蛋堡(112年) | E62: 26.78 | F62: 2083 | G62: =E62*F62 -> 55782.74 | I62: 10 | J62: 3000 | K62: =J62/I62 -> 300 | L62: 10 | M62: =F62/V62*60 -> 2906.5116 | N62: =M62/L62 -> 290.65116 | O62: =L62-I62 -> 0 | P62: =N62-K62 -> -9.3488372 | Q62: =N62/K62 -> 0.96883721 | S62: 0.27430556 | T62: 0.30416667 | U62: =(S62-T61)*24*60 -> 8 | V62: =(T62-S62)*24*60 -> 43 | AA62: =M62-J62 -> -93.488372 | AB62: =M62/J62 -> 0.96883721
A63: 新豐10線 | B63: 調理麵包 | C63: 蜂蜜芥末辣雞堡 | E63: 37.88 | F63: 2383 | G63: =E63*F63 -> 90268.04 | I63: 10 | J63: 3000 | K63: =J63/I63 -> 300 | L63: 10 | M63: =F63/V63*60 -> 2859.6 | N63: =M63/L63 -> 285.96 | O63: =L63-I63 -> 0 | P63: =N63-K63 -> -14.04 | Q63: =N63/K63 -> 0.9532 | S63: 0.30972222 | T63: 0.34444444 | U63: =(S63-T62)*24*60 -> 8 | V63: =(T63-S63)*24*60 -> 50 | AA63: =M63-J63 -> -140.4 | AB63: =M63/J63 -> 0.9532
A64: 新豐10線 | B64: 調理麵包 | C64: 美式雞腿堡 | E64: 35.87 | F64: 2380 | G64: =E64*F64 -> 85370.6 | I64: 9 | J64: 3000 | K64: =J64/I64 -> 333.33333 | L64: 9 | M64: =F64/V64*60 -> 2856 | N64: =M64/L64 -> 317.33333 | O64: =L64-I64 -> 0 | P64: =N64-K64 -> -16 | Q64: =N64/K64 -> 0.952 | S64: 0.34930556 | T64: 0.38402778 | U64: =(S64-T63)*24*60 -> 7 | V64: =(T64-S64)*24*60 -> 50 | AA64: =M64-J64 -> -144 | AB64: =M64/J64 -> 0.952
A65: 新豐10線 | B65: 調理麵包 | C65: 厚豆腐蛋白蕈菇豬肉堡 | E65: 34.36 | F65: 1500 | G65: =E65*F65 -> 51540 | I65: 10 | J65: 3000 | K65: =J65/I65 -> 300 | L65: 10 | M65: =F65/V65*60 -> 2903.2258 | N65: =M65/L65 -> 290.32258 | O65: =L65-I65 -> 0 | P65: =N65-K65 -> -9.6774194 | Q65: =N65/K65 -> 0.96774194 | S65: 0.38888889 | T65: 0.41041667 | U65: =(S65-T64)*24*60 -> 7 | V65: =(T65-S65)*24*60 -> 31 | AA65: =M65-J65 -> -96.774194 | AB65: =M65/J65 -> 0.96774194
A66: 新豐10線 | B66: 調理麵包 | C66: 泰式酸辣炸雞堡 | E66: 36.14 | F66: 946 | G66: =E66*F66 -> 34188.44 | I66: 9 | J66: 3000 | K66: =J66/I66 -> 333.33333 | L66: 9 | M66: =F66/V66*60 -> 2987.3684 | N66: =M66/L66 -> 331.92982 | O66: =L66-I66 -> 0 | P66: =N66-K66 -> -1.4035088 | Q66: =N66/K66 -> 0.99578947 | S66: 0.41458333 | T66: 0.42777778 | U66: =(S66-T65)*24*60 -> 6 | V66: =(T66-S66)*24*60 -> 19 | AA66: =M66-J66 -> -12.631579 | AB66: =M66/J66 -> 0.99578947
A67: 新豐10線 | B67: 平均 | I67: 9.3333333 | J67: 2750 | K67: =J67/I67 -> 294.64286 | L67: 9.3333333 | M67: =AVERAGE(M61:M66) -> 2659.359 | N67: =M67/L67 -> 284.93132 | O67: =L67-I67 -> 0 | P67: =N67-K67 -> -9.7115334 | Q67: =N67/K67 -> 0.96703964 | AA67: =M67-J67 -> -90.640978 | AB67: =M67/J67 -> 0.96703964
A68: 新豐4線 | B68: 三明治 | C68: 香鬆起司蛋三明治(114年) | E68: 20.2 | F68: 1421 | G68: =E68*F68 -> 28704.2 | I68: 19 | J68: 2400 | K68: =J68/I68 -> 126.31579 | L68: 19 | M68: =F68/V68*60 -> 2304.3243 | N68: =M68/L68 -> 121.28023 | O68: =L68-I68 -> 0 | P68: =N68-K68 -> -5.0355619 | Q68: =N68/K68 -> 0.96013514 | R68: =Q73 -> 0.95682829 | S68: 0.083333333 | T68: 0.10902778 | V68: =(T68-S68)*24*60 -> 37 | W68: =T68 -> 0.10902778 | X68: =S69 -> 0.12708333 | AA68: =M68-J68 -> -95.675676 | AB68: =M68/J68 -> 0.96013514 | AC68: =AB73 -> 0.95682829
A69: 新豐4線 | B69: 三明治 | C69: 輕乳酪巧克力三明治 | E69: 20.52 | F69: 2352 | G69: =E69*F69 -> 48263.04 | I69: 18 | J69: 2400 | K69: =J69/I69 -> 133.33333 | L69: 18 | M69: =F69/V69*60 -> 2313.4426 | N69: =M69/L69 -> 128.52459 | O69: =L69-I69 -> 0 | P69: =N69-K69 -> -4.8087432 | Q69: =N69/K69 -> 0.96393443 | S69: 0.12708333 | T69: 0.16944444 | U69: =(S69-T68)*24*60 -> 26 | V69: =(T69-S69)*24*60 -> 61 | AA69: =M69-J69 -> -86.557377 | AB69: =M69/J69 -> 0.96393443
A70: 新豐4線 | B70: 三明治 | C70: 經典火腿玉米蛋三明治 | E70: 24.43 | F70: 4878 | G70: =E70*F70 -> 119169.54 | I70: 14 | J70: 2400 | K70: =J70/I70 -> 171.42857 | L70: 14 | M70: =F70/V70*60 -> 2286.5625 | N70: =M70/L70 -> 163.32589 | O70: =L70-I70 -> 0 | P70: =N70-K70 -> -8.1026786 | Q70: =N70/K70 -> 0.95273437 | S70: 0.17291667 | T70: 0.26180556 | U70: =(S70-T69)*24*60 -> 5 | V70: =(T70-S70)*24*60 -> 128 | AA70: =M70-J70 -> -113.4375 | AB70: =M70/J70 -> 0.95273437
A71: 新豐4線 | B71: 三明治 | C71: 藍莓優格三明治 | E71: 20.21 | F71: 3430 | G71: =E71*F71 -> 69320.3 | I71: 16 | J71: 2400 | K71: =J71/I71 -> 150 | L71: 16 | M71: =F71/V71*60 -> 2286.6667 | N71: =M71/L71 -> 142.91667 | O71: =L71-I71 -> 0 | P71: =N71-K71 -> -7.0833333 | Q71: =N71/K71 -> 0.95277778 | S71: 0.26736111 | T71: 0.32986111 | U71: =(S71-T70)*24*60 -> 8 | V71: =(T71-S71)*24*60 -> 90 | AA71: =M71-J71 -> -113.33333 | AB71: =M71/J71 -> 0.95277778
A72: 新豐4線 | B72: 三明治 | C72: 火腿起司蛋三明治 | E72: 19.02 | F72: 6071 | G72: =E72*F72 -> 115470.42 | I72: 15 | J72: 2400 | K72: =J72/I72 -> 160 | L72: 15 | M72: =F72/V72*60 -> 2290.9434 | N72: =M72/L72 -> 152.72956 | O72: =L72-I72 -> 0 | P72: =N72-K72 -> -7.2704403 | Q72: =N72/K72 -> 0.95455975 | S72: 0.33472222 | T72: 0.44513889 | U72: =(S72-T71)*24*60 -> 7 | V72: =(T72-S72)*24*60 -> 159 | AA72: =M72-J72 -> -109.0566 | AB72: =M72/J72 -> 0.95455975
A73: 新豐4線 | B73: 平均 | I73: 16.4 | J73: 2400 | K73: =J73/I73 -> 146.34146 | L73: 16.4 | M73: =AVERAGE(M68:M72) -> 2296.3879 | N73: =M73/L73 -> 140.02365 | O73: =L73-I73 -> 0 | P73: =N73-K73 -> -6.3178109 | Q73: =N73/K73 -> 0.95682829 | AA73: =M73-J73 -> -103.6121 | AB73: =M73/J73 -> 0.95682829

Sheet 1230
B1: 屏榮 新豐廠組合室生產人時性分析
B3: 日期 | C3: =TEXT('1230 4度C'!A2,"yyyy.mm.ddaaaa") -> 2025.12.30星期二 | E3: 訂單量 | F3: ='1230 4度C'!D1 -> 160703 | H3: 營業額 | I3: ='1230 4度C'!F1 -> 5536615.5
B4: 人時性 | C4: 項目 | E4: ➀ | G4: ➁ | I4: ➂
C5: 組合室 | E5: 全溫層 | G5: 4度C-各編組展開 | I5: ③三明治-各編組展開
C6: 排關平均 | E6: =AVERAGE(D13:M13) -> 147.77632 | F6: =AVERAGE(D27:O27,D13:J13) -> 151.35637 | G6: =AVERAGE(D13:J13) -> 151.35637 | I6: =AVERAGE(K13:M13) -> 139.42287
C7: 實績平均 | E7: =AVERAGE(D14:M14) -> 140.93349 | F7: =AVERAGE(D28:O28,D14:J14) -> 144.08813 | G7: =AVERAGE(D14:J14) -> 144.08813 | I7: =AVERAGE(K14:M14) -> 133.57268
C8: 達成率平均 | E8: =AVERAGE(D15:M15) -> 0.95138806 | F8: =AVERAGE(D15:J15,D29:O29) -> 0.94854216 | G8: =AVERAGE(D15:J15) -> 0.94854216 | I8: =AVERAGE(K15:M15) -> 0.95802849 | K8: ※現行日本鮮食廠以達成率80%為基本(即為現行KPI)
B10: 溫層 | D10: ➁4度C-各編組展開 | K10: ③三明治-各編組展開
B11: 編組 | D11: 1 | E11: 2 | F11: 3 | G11: 4 | H11: 5 | I11: 6 | J11: 7 | K11: 1 | L11: 2 | M11: 3
D12: 新豐6線 | E12: 新豐2線 | F12: 新豐5線 | G12: 新豐7線 | H12: 新豐3線 | I12: 新豐1線 | J12: 新豐10線 | K12: 新豐8線 | L12: 新豐9線 | M12: 新豐4線
B13: 人時性 | C13: 排關 | D13: =SUMIFS('1230 4度C'!$K:$K,'1230 4度C'!$A:$A,"新豐6線",'1230 4度C'!$B:$B,"平均") -> 115.38462 | E13: =SUMIFS('1230 4度C'!$K:$K,'1230 4度C'!$A:$A,"新豐2線",'1230 4度C'!$B:$B,"平均") -> 83.333333 | F13: =SUMIFS('1230 4度C'!$K:$K,'1230 4度C'!$A:$A,"新豐5線",'1230 4度C'!$B:$B,"平均") -> 108.20896 | G13: =SUMIFS('1230 4度C'!$K:$K,'1230 4度C'!$A:$A,"新豐7線",'1230 4度C'!$B:$B,"平均") -> 118.05556 | H13: =SUMIFS('1230 4度C'!$K:$K,'1230 4度C'!$A:$A,"新豐3線",'1230 4度C'!$B:$B,"平均") -> 235.29412 | I13: =SUMIFS('1230 4度C'!$K:$K,'1230 4度C'!$A:$A,"新豐1線",'1230 4度C'!$B:$B,"平均") -> 104.57516 | J13: =SUMIFS('1230 4度C'!$K:$K,'1230 4度C'!$A:$A,"新豐10線",'1230 4度C'!$B:$B,"平均") -> 294.64286 | K13: =SUMIFS('1230 4度C'!$K:$K,'1230 4度C'!$A:$A,"新豐8線",'1230 4度C'!$B:$B,"平均") -> 132.11009 | L13: =SUMIFS('1230 4度C'!$K:$K,'1230 4度C'!$A:$A,"新豐9線",'1230 4度C'!$B:$B,"平均") -> 137.70492 | M13: =SUMIFS('1230 4度C'!$K:$K,'1230 4度C'!$A:$A,"新豐4線",'1230 4度C'!$B:$B,"平均") -> 148.45361
C14: 實績 | D14: =SUMIFS('1230 4度C'!$N:$N,'1230 4度C'!$A:$A,"新豐6線",'1230 4度C'!$B:$B,"平均") -> 110.30483 | E14: =SUMIFS('1230 4度C'!$N:$N,'1230 4度C'!$A:$A,"新豐2線",'1230 4度C'!$B:$B,"平均") -> 79.607143 | F14: =SUMIFS('1230 4度C'!$N:$N,'1230 4度C'!$A:$A,"新豐5線",'1230 4度C'!$B:$B,"平均") -> 103.79169 | G14: =SUMIFS('1230 4度C'!$N:$N,'1230 4度C'!$A:$A,"新豐7線",'1230 4度C'!$B:$B,"平均") -> 113.38966 | H14: =SUMIFS('1230 4度C'!$N:$N,'1230 4度C'!$A:$A,"新豐3線",'1230 4度C'!$B:$B,"平均") -> 225.26943 | I14: =SUMIFS('1230 4度C'!$N:$N,'1230 4度C'!$A:$A,"新豐1線",'1230 4度C'!$B:$B,"平均") -> 93.133536 | J14: =SUMIFS('1230 4度C'!$N:$N,'1230 4度C'!$A:$A,"新豐10線",'1230 4度C'!$B:$B,"平均") -> 283.12058 | K14: =SUMIFS('1230 4度C'!$N:$N,'1230 4度C'!$A:$A,"新豐8線",'1230 4度C'!$B:$B,"平均") -> 126.17337 | L14: =SUMIFS('1230 4度C'!$N:$N,'1230 4度C'!$A:$A,"新豐9線",'1230 4度C'!$B:$B,"平均") -> 132.48501 | M14: =SUMIFS('1230 4度C'!$N:$N,'1230 4度C'!$A:$A,"新豐4線",'1230 4度C'!$B:$B,"平均") -> 142.05966
C15: 達成率 | D15: =D14/D13 -> 0.95597522 | E15: =E14/E13 -> 0.95528571 | F15: =F14/F13 -> 0.95917842 | G15: =G14/G13 -> 0.96047714 | H15: =H14/H13 -> 0.95739506 | I15: =I14/I13 -> 0.89058943 | J15: =J14/J13 -> 0.9608941 | K15: =K14/K13 -> 0.95506229 | ... M15: =M14/M13 -> 0.95692966
B16: 作業 時間 | C16: 開始 | D16: =VLOOKUP("新豐6線",'1230 4度C'!$A:$T,19,0) -> 0.70833333 | E16: =VLOOKUP("新豐2線",'1230 4度C'!$A:$T,19,0) -> 0.16666667 | F16: =VLOOKUP("新豐5線",'1230 4度C'!$A:$T,19,0) -> 0.20833333 | G16: =VLOOKUP("新豐7線",'1230 4度C'!$A:$T,19,0) -> 0.20833333 | H16: =VLOOKUP("新豐3線",'1230 4度C'!$A:$T,19,0) -> 0.083333333 | I16: =VLOOKUP("新豐1線",'1230 4度C'!$A:$T,19,0) -> 0.20833333 | J16: =VLOOKUP("新豐10線",'1230 4度C'!$A:$T,19,0) -> 0.20833333 | K16: =VLOOKUP("新豐8線",'1230 4度C'!$A:$T,19,0) -> 0.083333333 | L16: =VLOOKUP("新豐9線",'1230 4度C'!$A:$T,19,0) -> 0.083333333 | M16: =VLOOKUP("新豐4線",'1230 4度C'!$A:$T,19,0) -> 0.083333333
C17: 結束 | D17: =LOOKUP(2,1/(('1230 4度C'!$A:$A="新豐6線")*('1230 4度C'!$T:$T<>"")),'1230 4度C'!$T:$T) -> 0.82638889 | E17: =LOOKUP(2,1/(('1230 4度C'!$A:$A="新豐2線")*('1230 4度C'!$T:$T<>"")),'1230 4度C'!$T:$T) -> 0.43472222 | F17: =LOOKUP(2,1/(('1230 4度C'!$A:$A="新豐5線")*('1230 4度C'!$T:$T<>"")),'1230 4度C'!$T:$T) -> 0.90763889 | G17: =LOOKUP(2,1/(('1230 4度C'!$A:$A="新豐7線")*('1230 4度C'!$T:$T<>"")),'1230 4度C'!$T:$T) -> 0.93125 | H17: =LOOKUP(2,1/(('1230 4度C'!$A:$A="新豐3線")*('1230 4度C'!$T:$T<>"")),'1230 4度C'!$T:$T) -> 0.47847222 | I17: =LOOKUP(2,1/(('1230 4度C'!$A:$A="新豐1線")*('1230 4度C'!$T:$T<>"")),'1230 4度C'!$T:$T) -> 0.93333333 | J17: =LOOKUP(2,1/(('1230 4度C'!$A:$A="新豐10線")*('1230 4度C'!$T:$T<>"")),'1230 4度C'!$T:$T) -> 0.45763889 | K17: =LOOKUP(2,1/(('1230 4度C'!$A:$A="新豐8線")*('1230 4度C'!$T:$T<>"")),'1230 4度C'!$T:$T) -> 0.61388889 | L17: =LOOKUP(2,1/(('1230 4度C'!$A:$A="新豐9線")*('1230 4度C'!$T:$T<>"")),'1230 4度C'!$T:$T) -> 0.51597222 | M17: =LOOKUP(2,1/(('1230 4度C'!$A:$A="新豐4線")*('1230 4度C'!$T:$T<>"")),'1230 4度C'!$T:$T) -> 0.59513889
B18: 配置人數 | D18: =SUMIFS('1230 4度C'!$I:$I,'1230 4度C'!$A:$A,"新豐6線",'1230 4度C'!$B:$B,"平均") -> 17.333333 | E18: =SUMIFS('1230 4度C'!$I:$I,'1230 4度C'!$A:$A,"新豐2線",'1230 4度C'!$B:$B,"平均") -> 18 | F18: =SUMIFS('1230 4度C'!$I:$I,'1230 4度C'!$A:$A,"新豐5線",'1230 4度C'!$B:$B,"平均") -> 16.75 | G18: =SUMIFS('1230 4度C'!$I:$I,'1230 4度C'!$A:$A,"新豐7線",'1230 4度C'!$B:$B,"平均") -> 16 | H18: =SUMIFS('1230 4度C'!$I:$I,'1230 4度C'!$A:$A,"新豐3線",'1230 4度C'!$B:$B,"平均") -> 11.333333 | I18: =SUMIFS('1230 4度C'!$I:$I,'1230 4度C'!$A:$A,"新豐1線",'1230 4度C'!$B:$B,"平均") -> 19.125 | J18: =SUMIFS('1230 4度C'!$I:$I,'1230 4度C'!$A:$A,"新豐10線",'1230 4度C'!$B:$B,"平均") -> 9.3333333 | K18: =SUMIFS('1230 4度C'!$I:$I,'1230 4度C'!$A:$A,"新豐8線",'1230 4度C'!$B:$B,"平均") -> 18.166667 | L18: =SUMIFS('1230 4度C'!$I:$I,'1230 4度C'!$A:$A,"新豐9線",'1230 4度C'!$B:$B,"平均") -> 17.428571 | M18: =SUMIFS('1230 4度C'!$I:$I,'1230 4度C'!$A:$A,"新豐4線",'1230 4度C'!$B:$B,"平均") -> 16.166667
B19: 主要應用設備 | D19: ET-55 | E19: 熱縮爐 | F19: L型包裝機 | G19: L型包裝機 | H19: 伺服包裝機 | I19: ET-55 | J19: 伺服包裝機 | K19: 三明治包裝機 | L19: 三明治包裝機 | M19: 三明治包裝機
B20: 次要應用設備 | F20: 圓盤機 | G20: ET-55
B21: 備註 | E21: 握沙拉 | F21: 共用L型包裝機 | H21: 調理麵包 | I21: 炒飯+沙拉 | J21: 調理麵包

Sheet 1230 4度C
A1: 新豐廠四度C日報分析 | C1: 總生產量 | D1: =SUM(F5:F75) -> 160703 | E1: 營業額 | F1: =SUM(G5:G75) -> 5536615.5 | G1: 出勤人數 | H1: =L8+L11+L52+L61+L20+L68+L37+L45+L30+L75 -> 159.6369 | I1: 產線配置圖 | L1: 生產實績 | O1: 人時性差異分析 | S1: 日報登錄 | Y1: 分析說明 | AA1: 產能差異分析
A2: 46021 | B2: 星期二 | C2: 人時性 | D2: =AVERAGE(N8,N11,N52,N61,N20,N68,N30,N37,N45,N75) -> 140.93349 | E2: 平均廠價 | F2: =F1/D1 -> 34.452472 | G2: 多次生產數 | H2: =COUNT(H5:H75) -> 5
A3: 線別 | B3: 品類 | C3: 品名 | E3: 廠價 | F3: 生產量 | G3: 營收 | H3: 多次 生產 | I3: 人數 | J3: 產能/時 | K3: 人時性 | L3: 人數 | M3: 產能/時 | N3: 人時性 | O3: 人數 | P3: 人時性 | Q3: 達成率 | R3: 達成率平均 | S3: 生產時間 | U3: 換線、休息/分 | V3: 稼動時間/分 | W3: 休息時間 | Y3: (新豐回填) | AA3: 產能/時 | AB3: 達成率 | AC3: 達成率平均
S4: 開始 | T4: 結束 | W4: 開始 | X4: 結束
A5: 新豐6線 | B5: 微波主食 | C5: 二配港式香滑嫩蛋牛肉燴飯 | E5: 50.67 | F5: 1427 | G5: =E5*F5 -> 72306.09 | I5: 17 | J5: 2000 | K5: =J5/I5 -> 117.64706 | L5: 17 | M5: =F5/V5*60 -> 1902.6667 | N5: =M5/L5 -> 111.92157 | O5: =L5-I5 -> 0 | P5: =N5-K5 -> -5.7254902 | Q5: =N5/K5 -> 0.95133333 | R5: =Q8 -> 0.95597522 | S5: 0.70833333 | T5: 0.73958333 | V5: =(T5-S5)*24*60 -> 45 | AA5: =M5-J5 -> -97.333333 | AB5: =M5/J5 -> 0.95133333 | AC5: =AB8 -> 0.95597522
A6: 新豐6線 | B6: 微波主食 | C6: 二配美味蟹煲 | E6: 54.09 | F6: 1507 | G6: =E6*F6 -> 81513.63 | I6: 19 | J6: 2000 | K6: =J6/I6 -> 105.26316 | L6: 19 | M6: =F6/V6*60 -> 1923.8298 | N6: =M6/L6 -> 101.2542 | O6: =L6-I6 -> 0 | P6: =N6-K6 -> -4.0089586 | Q6: =N6/K6 -> 0.96191489 | S6: 0.74513889 | T6: 0.77777778 | U6: =IF(S6=TIME(17,0,0),"",(S6-T5)*24*60) -> 8 | V6: =(T6-S6)*24*60 -> 47 | AA6: =M6-J6 -> -76.170213 | AB6: =M6/J6 -> 0.96191489
A7: 新豐6線 | B7: 微波主食 | C7: 二配麻油雞燴飯 | E7: 50.29 | F7: 1973 | G7: =E7*F7 -> 99222.17 | I7: 16 | J7: 2000 | K7: =J7/I7 -> 125 | L7: 16 | M7: =F7/V7*60 -> 1909.3548 | N7: =M7/L7 -> 119.33468 | O7: =L7-I7 -> 0 | P7: =N7-K7 -> -5.6653226 | Q7: =N7/K7 -> 0.95467742 | S7: 0.78333333 | T7: 0.82638889 | U7: =IF(S7=TIME(17,0,0),"",(S7-T6)*24*60) -> 8 | V7: =(T7-S7)*24*60 -> 62 | AA7: =M7-J7 -> -90.645161 | AB7: =M7/J7 -> 0.95467742
A8: 新豐6線 | B8: 平均 | I8: 17.333333 | J8: 2000 | K8: =J8/I8 -> 115.38462 | L8: 17.333333 | M8: =AVERAGE(M5:M7) -> 1911.9504 | N8: =M8/L8 -> 110.30483 | O8: =L8-I8 -> 0 | P8: =N8-K8 -> -5.0797828 | Q8: =N8/K8 -> 0.95597522 | AA8: =M8-J8 -> -88.049569 | AB8: =M8/J8 -> 0.95597522
A9: 新豐2線 | B9: 沙拉 | C9: 青醬優格雞肉握沙拉(113年) | E9: 39.62 | F9: 3347 | G9: =E9*F9 -> 132608.14 | I9: 19 | J9: 1500 | K9: =J9/I9 -> 78.947368 | L9: 19 | M9: =F9/V9*60 -> 1434.4286 | N9: =M9/L9 -> 75.496241 | O9: =L9-I9 -> 0 | P9: =N9-K9 -> -3.4511278 | Q9: =N9/K9 -> 0.95628571 | R9: =Q11 -> 0.95528571 | S9: 0.16666667 | T9: 0.26388889 | V9: =(T9-S9)*24*60 -> 140 | W9: =T9 -> 0.26388889 | X9: =S10 -> 0.28402778 | AA9: =M9-J9 -> -65.571429 | AB9: =M9/J9 -> 0.95628571 | AC9: =AB11 -> 0.95528571
A10: 新豐2線 | B10: 沙拉 | C10: 青檸烤雞握沙拉(113年) | E10: 39.8 | F10: 5177 | G10: =E10*F10 -> 206044.6 | I10: 17 | J10: 1500 | K10: =J10/I10 -> 88.235294 | L10: 17 | M10: =F10/V10*60 -> 1431.4286 | N10: =M10/L10 -> 84.201681 | O10: =L10-I10 -> 0 | P10: =N10-K10 -> -4.0336134 | Q10: =N10/K10 -> 0.95428571 | S10: 0.28402778 | T10: 0.43472222 | U10: =IF(S10=TIME(17,0,0),"",(S10-T9)*24*60) -> 29 | V10: =(T10-S10)*24*60 -> 217 | AA10: =M10-J10 -> -68.571429 | AB10: =M10/J10 -> 0.95428571
A11: 新豐2線 | B11: 平均 | I11: 18 | J11: 1500 | K11: =J11/I11 -> 83.333333 | L11: 18 | M11: =AVERAGE(M9:M10) -> 1432.9286 | N11: =M11/L11 -> 79.607143 | O11: =L11-I11 -> 0 | P11: =N11-K11 -> -3.7261905 | Q11: =N11/K11 -> 0.95528571 | AA11: =M11-J11 -> -67.071429 | AB11: =M11/J11 -> 0.95528571
A12: 新豐5線 | B12: 小吃 | C12: 剝皮辣椒雞湯 | E12: 41 | F12: 2261 | G12: =E12*F12 -> 92701 | I12: 26 | J12: 1500 | K12: =J12/I12 -> 57.692308 | L12: 26 | M12: =F12/V12*60 -> 1443.1915 | N12: =M12/L12 -> 55.507365 | O12: =L12-I12 -> 0 | P12: =N12-K12 -> -2.1849427 | Q12: =N12/K12 -> 0.96212766 | R12: =Q20 -> 0.95917842 | S12: 0.20833333 | T12: 0.27361111 | V12: =(T12-S12)*24*60 -> 94 | AA12: =M12-J12 -> -56.808511 | AB12: =M12/J12 -> 0.96212766 | AC12: =AB20 -> 0.95917842
A13: 新豐5線 | B13: 季節調理麵 | C13: 柚子雞白湯拉麵 | E13: 72.4 | F13: 1049 | G13: =E13*F13 -> 75947.6 | I13: 18 | J13: 1500 | K13: =J13/I13 -> 83.333333 | L13: 18 | M13: =F13/V13*60 -> 1430.4545 | N13: =M13/L13 -> 79.469697 | O13: =L13-I13 -> 0 | P13: =N13-K13 -> -3.8636364 | Q13: =N13/K13 -> 0.95363636 | S13: 0.27708333 | T13: 0.30763889 | U13: =IF(S13=TIME(17,0,0),"",(S13-T12)*24*60) -> 5 | V13: =(T13-S13)*24*60 -> 44 | AA13: =M13-J13 -> -69.545455 | AB13: =M13/J13 -> 0.95363636
A14: 新豐5線 | B14: 熱食義麵 | C14: 焗烤起司肉醬筆尖麵 | E14: 50.67 | F14: 1495 | G14: =E14*F14 -> 75751.65 | I14: 16 | J14: 1500 | K14: =J14/I14 -> 93.75 | L14: 16 | M14: =F14/V14*60 -> 1446.7742 | N14: =M14/L14 -> 90.423387 | O14: =L14-I14 -> 0 | P14: =N14-K14 -> -3.3266129 | Q14: =N14/K14 -> 0.96451613 | S14: 0.31319444 | T14: 0.35625 | U14: =IF(S14=TIME(17,0,0),"",(S14-T13)*24*60) -> 8 | V14: =(T14-S14)*24*60 -> 62 | AA14: =M14-J14 -> -53.225806 | AB14: =M14/J14 -> 0.96451613
A15: 新豐5線 | B15: 微波主食 | C15: 二配金咖哩濃厚辛口咖哩飯 | E15: 50.98 | F15: 800 | G15: =E15*F15 -> 40784 | H15: 2 | I15: 16 | J15: 2000 | K15: =J15/I15 -> 125 | L15: 16 | M15: =F15/V15*60 -> 1920 | N15: =M15/L15 -> 120 | O15: =L15-I15 -> 0 | P15: =N15-K15 -> -5 | Q15: =N15/K15 -> 0.96 | S15: 0.70833333 | T15: 0.72569444 | U15: =IF(S15=TIME(17,0,0),"",(S15-T14)*24*60) | V15: =(T15-S15)*24*60 -> 25 | AA15: =M15-J15 -> -80 | AB15: =M15/J15 -> 0.96
A16: 新豐5線 | B16: 微波主食 | C16: 二配金咖哩果香甘口咖哩飯 | E16: 50.92 | F16: 800 | G16: =E16*F16 -> 40736 | H16: 2 | I16: 15 | J16: 2000 | K16: =J16/I16 -> 133.33333 | L16: 15 | M16: =F16/V16*60 -> 1920 | N16: =M16/L16 -> 128 | O16: =L16-I16 -> 0 | P16: =N16-K16 -> -5.3333333 | Q16: =N16/K16 -> 0.96 | S16: 0.72986111 | T16: 0.74722222 | U16: =IF(S16=TIME(17,0,0),"",(S16-T15)*24*60) -> 6 | V16: =(T16-S16)*24*60 -> 25 | AA16: =M16-J16 -> -80 | AB16: =M16/J16 -> 0.96
A17: 新豐5線 | B17: 微波主食 | C17: 二配泰式綠咖哩雞 | E17: 50.67 | F17: 1516 | G17: =E17*F17 -> 76815.72 | I17: 15 | J17: 2000 | K17: =J17/I17 -> 133.33333 | L17: 15 | M17: =F17/V17*60 -> 1935.3191 | N17: =M17/L17 -> 129.02128 | O17: =L17-I17 -> 0 | P17: =N17-K17 -> -4.3120567 | Q17: =N17/K17 -> 0.96765957 | S17: 0.75208333 | T17: 0.78472222 | U17: =IF(S17=TIME(17,0,0),"",(S17-T16)*24*60) -> 7 | V17: =(T17-S17)*24*60 -> 47 | AA17: =M17-J17 -> -64.680851 | AB17: =M17/J17 -> 0.96765957
A18: 新豐5線 | B18: 微波主食 | C18: 二配厚香料咖哩雞排飯 | E18: 57.3 | F18: 1940 | G18: =E18*F18 -> 111162 | I18: 13 | J18: 2000 | K18: =J18/I18 -> 153.84615 | L18: 13 | M18: =F18/V18*60 -> 1908.1967 | N18: =M18/L18 -> 146.78436 | O18: =L18-I18 -> 0 | P18: =N18-K18 -> -7.0617907 | Q18: =N18/K18 -> 0.95409836 | S18: 0.78888889 | T18: 0.83125 | U18: =IF(S18=TIME(17,0,0),"",(S18-T17)*24*60) -> 6 | V18: =(T18-S18)*24*60 -> 61 | W18: =T18 -> 0.83125 | X18: =S19 -> 0.87083333 | AA18: =M18-J18 -> -91.803279 | AB18: =M18/J18 -> 0.95409836
A19: 新豐5線 | B19: 微波主食 | C19: 二配金咖哩果香甘口咖哩飯 | E19: 50.92 | F19: 1682 | G19: =E19*F19 -> 85647.44 | I19: 15 | J19: 2000 | K19: =J19/I19 -> 133.33333 | L19: 15 | M19: =F19/V19*60 -> 1904.1509 | N19: =M19/L19 -> 126.9434 | O19: =L19-I19 -> 0 | P19: =N19-K19 -> -6.3899371 | Q19: =N19/K19 -> 0.95207547 | S19: 0.87083333 | T19: 0.90763889 | U19: =IF(S19=TIME(17,0,0),"",(S19-T18)*24*60) -> 57 | V19: =(T19-S19)*24*60 -> 53 | AA19: =M19-J19 -> -95.849057 | AB19: =M19/J19 -> 0.95207547
A20: 新豐5線 | B20: 平均 | I20: 16.75 | J20: 1812.5 | K20: =J20/I20 -> 108.20896 | L20: 16.75 | M20: =AVERAGE(M12:M19) -> 1738.5109 | N20: =M20/L20 -> 103.79169 | O20: =L20-I20 -> 0 | P20: =N20-K20 -> -4.4172609 | Q20: =N20/K20 -> 0.95917842 | AA20: =M20-J20 -> -73.98912 | AB20: =M20/J20 -> 0.95917842
A21: 新豐7線 | B21: 小吃 | C21: 古早味炒炊粉 | E21: 43.14 | F21: 1056 | G21: =E21*F21 -> 45555.84 | I21: 17 | J21: 2000 | K21: =J21/I21 -> 117.64706 | L21: 17 | M21: =F21/V21*60 -> 1920 | N21: =M21/L21 -> 112.94118 | O21: =L21-I21 -> 0 | P21: =N21-K21 -> -4.7058824 | Q21: =N21/K21 -> 0.96 | R21: =Q30 -> 0.96047714 | S21: 0.20833333 | T21: 0.23125 | V21: =(T21-S21)*24*60 -> 33 | AA21: =M21-J21 -> -80 | AB21: =M21/J21 -> 0.96 | AC21: =AB30 -> 0.96047714
A22: 新豐7線 | B22: 熱食義麵 | C22: 麻婆豆腐波浪麵 | E22: 49.9 | F22: 1151 | G22: =E22*F22 -> 57434.9 | I22: 17 | J22: 2000 | K22: =J22/I22 -> 117.64706 | L22: 17 | M22: =F22/V22*60 -> 1918.3333 | N22: =M22/L22 -> 112.84314 | O22: =L22-I22 -> 0 | P22: =N22-K22 -> -4.8039216 | Q22: =N22/K22 -> 0.95916667 | S22: 0.23472222 | T22: 0.25972222 | U22: =IF(S22=TIME(17,0,0),"",(S22-T21)*24*60) -> 5 | V22: =(T22-S22)*24*60 -> 36 | AA22: =M22-J22 -> -81.666667 | AB22: =M22/J22 -> 0.95916667
A23: 新豐7線 | B23: 微波主食 | C23: 鐵板滑蛋炸豬排丼 | E23: 57.73 | F23: 2629 | G23: =E23*F23 -> 151772.17 | I23: 14 | J23: 2000 | K23: =J23/I23 -> 142.85714 | L23: 14 | M23: =F23/V23*60 -> 1923.6585 | N23: =M23/L23 -> 137.40418 | O23: =L23-I23 -> 0 | P23: =N23-K23 -> -5.4529617 | Q23: =N23/K23 -> 0.96182927 | S23: 0.26319444 | T23: 0.32013889 | U23: =IF(S23=TIME(17,0,0),"",(S23-T22)*24*60) -> 5 | V23: =(T23-S23)*24*60 -> 82 | AA23: =M23-J23 -> -76.341463 | AB23: =M23/J23 -> 0.96182927
A24: 新豐7線 | B24: 微波主食 | C24: 極上炙烤親子丼 | E24: 53.68 | F24: 1537 | G24: =E24*F24 -> 82506.16 | I24: 16 | J24: 2000 | K24: =J24/I24 -> 125 | L24: 16 | M24: =F24/V24*60 -> 1921.25 | N24: =M24/L24 -> 120.07813 | O24: =L24-I24 -> 0 | P24: =N24-K24 -> -4.921875 | Q24: =N24/K24 -> 0.960625 | S24: 0.32430556 | T24: 0.35763889 | U24: =IF(S24=TIME(17,0,0),"",(S24-T23)*24*60) -> 6 | V24: =(T24-S24)*24*60 -> 48 | AA24: =M24-J24 -> -78.75 | AB24: =M24/J24 -> 0.960625
A25: 新豐7線 | B25: 微波主食 | C25: 日式野菜烘蛋燴飯 | E25: 49.91 | F25: 903 | G25: =E25*F25 -> 45068.73 | I25: 17 | J25: 2000 | K25: =J25/I25 -> 117.64706 | L25: 17 | M25: =F25/V25*60 -> 1935 | N25: =M25/L25 -> 113.82353 | O25: =L25-I25 -> 0 | P25: =N25-K25 -> -3.8235294 | Q25: =N25/K25 -> 0.9675 | S25: 0.3625 | T25: 0.38194444 | U25: =IF(S25=TIME(17,0,0),"",(S25-T24)*24*60) -> 7 | V25: =(T25-S25)*24*60 -> 28 | AA25: =M25-J25 -> -65 | AB25: =M25/J25 -> 0.9675
A26: 新豐7線 | B26: 微波主食 | C26: 二配川味麻婆燒豆腐燴飯 | E26: 50.49 | F26: 2042 | G26: =E26*F26 -> 103100.58 | I26: 15 | J26: 2000 | K26: =J26/I26 -> 133.33333 | L26: 15 | M26: =F26/V26*60 -> 1914.375 | N26: =M26/L26 -> 127.625 | O26: =L26-I26 -> 0 | P26: =N26-K26 -> -5.7083333 | Q26: =N26/K26 -> 0.9571875 | S26: 0.70833333 | T26: 0.75277778 | U26: =IF(S26=TIME(17,0,0),"",(S26-T25)*24*60) | V26: =(T26-S26)*24*60 -> 64 | AA26: =M26-J26 -> -85.625 | AB26: =M26/J26 -> 0.9571875
A27: 新豐7線 | B27: 微波主食 | C27: 二配粗飽系雞排炒飯(114年) | E27: 57.73 | F27: 1200 | G27: =E27*F27 -> 69276 | I27: 16 | J27: 1500 | K27: =J27/I27 -> 93.75 | L27: 16 | M27: =F27/V27*60 -> 1440 | N27: =M27/L27 -> 90 | O27: =L27-I27 -> 0 | P27: =N27-K27 -> -3.75 | Q27: =N27/K27 -> 0.96 | S27: 0.75625 | T27: 0.79097222 | U27: =IF(S27=TIME(17,0,0),"",(S27-T26)*24*60) -> 5 | V27: =(T27-S27)*24*60 -> 50 | AA27: =M27-J27 -> -60 | AB27: =M27/J27 -> 0.96
A28: 新豐7線 | B28: 微波主食 | C28: 二配起司控培根白醬焗烤飯 | E28: 53.68 | F28: 2000 | G28: =E28*F28 -> 107360 | I28: 16 | J28: 1500 | K28: =J28/I28 -> 93.75 | L28: 16 | M28: =F28/V28*60 -> 1428.5714 | N28: =M28/L28 -> 89.285714 | O28: =L28-I28 -> 0 | P28: =N28-K28 -> -4.4642857 | Q28: =N28/K28 -> 0.95238095 | S28: 0.79583333 | T28: 0.85416667 | U28: =IF(S28=TIME(17,0,0),"",(S28-T27)*24*60) -> 7 | V28: =(T28-S28)*24*60 -> 84 | W28: =T28 -> 0.85416667 | X28: =S29 -> 0.89513889 | AA28: =M28-J28 -> -71.428571 | AB28: =M28/J28 -> 0.95238095
A29: 新豐7線 | B29: 微波主食 | C29: 二配金咖哩濃厚辛口咖哩飯 | E29: 50.98 | F29: 1670 | G29: =E29*F29 -> 85136.6 | I29: 16 | J29: 2000 | K29: =J29/I29 -> 125 | L29: 16 | M29: =F29/V29*60 -> 1926.9231 | N29: =M29/L29 -> 120.43269 | O29: =L29-I29 -> 0 | P29: =N29-K29 -> -4.5673077 | Q29: =N29/K29 -> 0.96346154 | S29: 0.89513889 | T29: 0.93125 | U29: =IF(S29=TIME(17,0,0),"",(S29-T28)*24*60) -> 59 | V29: =(T29-S29)*24*60 -> 52 | AA29: =M29-J29 -> -73.076923 | AB29: =M29/J29 -> 0.96346154
A30: 新豐7線 | B30: 平均 | I30: 16 | J30: 1888.8889 | K30: =J30/I30 -> 118.05556 | L30: 16 | M30: =AVERAGE(M21:M29) -> 1814.2346 | N30: =M30/L30 -> 113.38966 | O30: =L30-I30 -> 0 | P30: =N30-K30 -> -4.6658932 | Q30: =N30/K30 -> 0.96047714 | AA30: =M30-J30 -> -74.654292 | AB30: =M30/J30 -> 0.96047714
A31: 新豐8線 | B31: 三明治 | C31: 紐奧良風味烤雞鮮蔬三明治 | E31: 31.29 | F31: 4900 | G31: =E31*F31 -> 153321 | H31: 2 | I31: 18 | J31: 2400 | K31: =J31/I31 -> 133.33333 | L31: 18 | M31: =F31/V31*60 -> 2296.875 | N31: =M31/L31 -> 127.60417 | O31: =L31-I31 -> 0 | P31: =N31-K31 -> -5.7291667 | Q31: =N31/K31 -> 0.95703125 | R31: =Q37 -> 0.95506229 | S31: 0.083333333 | T31: 0.17222222 | V31: =(T31-S31)*24*60 -> 128 | W31: =T31 -> 0.17222222 | X31: =S32 -> 0.18958333 | AA31: =M31-J31 -> -103.125 | AB31: =M31/J31 -> 0.95703125 | AC31: =AB37 -> 0.95506229
A32: 新豐8線 | B32: 三明治 | C32: 經典總匯三明治 | E32: 26.2 | F32: 4703 | G32: =E32*F32 -> 123218.6 | I32: 20 | J32: 2400 | K32: =J32/I32 -> 120 | L32: 20 | M32: =F32/V32*60 -> 2294.1463 | N32: =M32/L32 -> 114.70732 | O32: =L32-I32 -> 0 | P32: =N32-K32 -> -5.2926829 | Q32: =N32/K32 -> 0.95589431 | S32: 0.18958333 | T32: 0.275 | U32: =(S32-T31)*24*60 -> 25 | V32: =(T32-S32)*24*60 -> 123 | AA32: =M32-J32 -> -105.85366 | AB32: =M32/J32 -> 0.95589431
A33: 新豐8線 | B33: 三明治 | C33: 雞蛋沙拉三明治(114年) | E33: 25.99 | F33: 4265 | G33: =E33*F33 -> 110847.35 | I33: 14 | J33: 2400 | K33: =J33/I33 -> 171.42857 | L33: 14 | M33: =F33/V33*60 -> 2284.8214 | N33: =M33/L33 -> 163.20153 | O33: =L33-I33 -> 0 | P33: =N33-K33 -> -8.2270408 | Q33: =N33/K33 -> 0.95200893 | S33: 0.28055556 | T33: 0.35833333 | U33: =(S33-T32)*24*60 -> 8 | V33: =(T33-S33)*24*60 -> 112 | AA33: =M33-J33 -> -115.17857 | AB33: =M33/J33 -> 0.95200893
A34: 新豐8線 | B34: 三明治 | C34: 肉鬆火腿三明治 | E34: 20.52 | F34: 4156 | G34: =E34*F34 -> 85281.12 | I34: 18 | J34: 2400 | K34: =J34/I34 -> 133.33333 | L34: 18 | M34: =F34/V34*60 -> 2287.7064 | N34: =M34/L34 -> 127.0948 | O34: =L34-I34 -> 0 | P34: =N34-K34 -> -6.2385321 | Q34: =N34/K34 -> 0.95321101 | S34: 0.36388889 | T34: 0.43958333 | U34: =(S34-T33)*24*60 -> 8 | V34: =(T34-S34)*24*60 -> 109 | AA34: =M34-J34 -> -112.29358 | AB34: =M34/J34 -> 0.95321101
A35: 新豐8線 | B35: 三明治 | C35: 好多菜三明治(114年) | E35: 25.98 | F35: 3535 | G35: =E35*F35 -> 91839.3 | I35: 21 | J35: 2400 | K35: =J35/I35 -> 114.28571 | L35: 21 | M35: =F35/V35*60 -> 2305.4348 | N35: =M35/L35 -> 109.78261 | O35: =L35-I35 -> 0 | P35: =N35-K35 -> -4.5031056 | Q35: =N35/K35 -> 0.96059783 | S35: 0.44375 | T35: 0.50763889 | U35: =(S35-T34)*24*60 -> 6 | V35: =(T35-S35)*24*60 -> 92 | W35: =T35 -> 0.50763889 | X35: =S36 -> 0.55 | AA35: =M35-J35 -> -94.565217 | AB35: =M35/J35 -> 0.96059783
A36: 新豐8線 | B36: 三明治 | C36: 紐奧良風味烤雞鮮蔬三明治 | E36: 31.29 | F36: 3502 | G36: =E36*F36 -> 109577.58 | I36: 18 | J36: 2400 | K36: =J36/I36 -> 133.33333 | L36: 18 | M36: =F36/V36*60 -> 2283.913 | N36: =M36/L36 -> 126.88406 | O36: =L36-I36 -> 0 | P36: =N36-K36 -> -6.4492754 | Q36: =N36/K36 -> 0.95163043 | S36: 0.55 | T36: 0.61388889 | U36: =(S36-T35)*24*60 -> 61 | V36: =(T36-S36)*24*60 -> 92 | AA36: =M36-J36 -> -116.08696 | AB36: =M36/J36 -> 0.95163043
A37: 新豐8線 | B37: 平均 | I37: 18.166667 | J37: 2400 | K37: =J37/I37 -> 132.11009 | L37: 18.166667 | M37: =AVERAGE(M31:M36) -> 2292.1495 | N37: =M37/L37 -> 126.17337 | O37: =L37-I37 -> 0 | P37: =N37-K37 -> -5.9367246 | Q37: =N37/K37 -> 0.95506229 | AA37: =M37-J37 -> -107.8505 | AB37: =M37/J37 -> 0.95506229
A38: 新豐9線 | B38: 三明治 | C38: 檸檬紅茶三明治 | E38: 22.69 | F38: 1135 | G38: =E38*F38 -> 25753.15 | I38: 15 | J38: 2400 | K38: =J38/I38 -> 160 | L38: 15 | M38: =F38/V38*60 -> 2348.2759 | N38: =M38/L38 -> 156.55172 | O38: =L38-I38 -> 0 | P38: =N38-K38 -> -3.4482759 | Q38: =N38/K38 -> 0.97844828 | R38: =Q45 -> 0.96209351 | S38: 0.083333333 | T38: 0.10347222 | V38: =(T38-S38)*24*60 -> 29 | W38: =T38 -> 0.10347222 | X38: =S39 -> 0.12361111 | AA38: =M38-J38 -> -51.724138 | AB38: =M38/J38 -> 0.97844828 | AC38: =AB45 -> 0.96209351
A39: 新豐9線 | B39: 三明治 | C39: 鮪魚起司溏心蛋三明治 | E39: 26.2 | F39: 5978 | G39: =E39*F39 -> 156623.6 | I39: 18 | J39: 2400 | K39: =J39/I39 -> 133.33333 | L39: 18 | M39: =F39/V39*60 -> 2284.586 | N39: =M39/L39 -> 126.92144 | O39: =L39-I39 -> 0 | P39: =N39-K39 -> -6.4118896 | Q39: =N39/K39 -> 0.95191083 | S39: 0.12361111 | T39: 0.23263889 | U39: =(S39-T38)*24*60 -> 29 | V39: =(T39-S39)*24*60 -> 157 | AA39: =M39-J39 -> -115.41401 | AB39: =M39/J39 -> 0.95191083
A40: 新豐9線 | B40: 三明治 | C40: 陽光地瓜總匯三明治 | E40: 26.18 | F40: 2249 | G40: =E40*F40 -> 58878.82 | I40: 19 | J40: 2400 | K40: =J40/I40 -> 126.31579 | L40: 19 | M40: =F40/V40*60 -> 2287.1186 | N40: =M40/L40 -> 120.37467 | O40: =L40-I40 -> 0 | P40: =N40-K40 -> -5.941124 | Q40: =N40/K40 -> 0.9529661 | S40: 0.23819444 | T40: 0.27916667 | U40: =(S40-T39)*24*60 -> 8 | V40: =(T40-S40)*24*60 -> 59 | AA40: =M40-J40 -> -112.88136 | AB40: =M40/J40 -> 0.9529661
A41: 新豐9線 | B41: 三明治 | C41: 醬燒烤雞三明治 | E41: 26.39 | F41: 5776 | G41: =E41*F41 -> 152428.64 | I41: 19 | J41: 2400 | K41: =J41/I41 -> 126.31579 | L41: 19 | M41: =F41/V41*60 -> 2295.0993 | N41: =M41/L41 -> 120.7947 | O41: =L41-I41 -> 0 | P41: =N41-K41 -> -5.5210875 | Q41: =N41/K41 -> 0.95629139 | S41: 0.28263889 | T41: 0.3875 | U41: =(S41-T40)*24*60 -> 5 | V41: =(T41-S41)*24*60 -> 151 | AA41: =M41-J41 -> -104.90066 | AB41: =M41/J41 -> 0.95629139
A42: 新豐9線 | B42: 三明治 | C42: 覆盆莓榛果可可三明治 | E42: 22.69 | F42: 3324 | G42: =E42*F42 -> 75421.56 | I42: 15 | J42: 2400 | K42: =J42/I42 -> 160 | L42: 15 | M42: =F42/V42*60 -> 2292.4138 | N42: =M42/L42 -> 152.82759 | O42: =L42-I42 -> 0 | P42: =N42-K42 -> -7.1724138 | Q42: =N42/K42 -> 0.95517241 | S42: 0.39166667 | T42: 0.45208333 | U42: =(S42-T41)*24*60 -> 6 | V42: =(T42-S42)*24*60 -> 87 | AA42: =M42-J42 -> -107.58621 | AB42: =M42/J42 -> 0.95517241
A43: 新豐9線 | B43: 三明治 | C43: 瘋狂起司三明治(113年) | E43: 24.45 | F43: 2397 | G43: =E43*F43 -> 58606.65 | I43: 20 | J43: 2400 | K43: =J43/I43 -> 120 | L43: 20 | M43: =F43/V43*60 -> 2319.6774 | N43: =M43/L43 -> 115.98387 | O43: =L43-I43 -> 0 | P43: =N43-K43 -> -4.016129 | Q43: =N43/K43 -> 0.96653226 | S43: 0.45694444 | T43: 0.5 | U43: =(S43-T42)*24*60 -> 7 | V43: =(T43-S43)*24*60 -> 62 | AA43: =M43-J43 -> -80.322581 | AB43: =M43/J43 -> 0.96653226
A44: 新豐9線 | B44: 三明治 | C44: 切達海鮮雙饗三明治 | E44: 28.51 | F44: 584 | G44: =E44*F44 -> 16649.84 | I44: 16 | J44: 2400 | K44: =J44/I44 -> 150 | L44: 16 | M44: =F44/V44*60 -> 2336 | N44: =M44/L44 -> 146 | O44: =L44-I44 -> 0 | P44: =N44-K44 -> -4 | Q44: =N44/K44 -> 0.97333333 | S44: 0.50555556 | T44: 0.51597222 | U44: =(S44-T43)*24*60 -> 8 | V44: =(T44-S44)*24*60 -> 15 | AA44: =M44-J44 -> -64 | AB44: =M44/J44 -> 0.97333333
A45: 新豐9線 | B45: 平均 | I45: 17.428571 | J45: 2400 | K45: =J45/I45 -> 137.70492 | L45: 17.428571 | M45: =AVERAGE(M38:M44) -> 2309.0244 | N45: =M45/L45 -> 132.48501 | O45: =L45-I45 -> 0 | P45: =N45-K45 -> -5.2199095 | Q45: =N45/K45 -> 0.96209351 | AA45: =M45-J45 -> -90.975565 | AB45: =M45/J45 -> 0.96209351
A46: 新豐3線 | B46: 調理麵包 | C46: 豬肉起司堡 | E46: 21.13 | F46: 5180 | G46: =E46*F46 -> 109453.4 | I46: 10 | J46: 3000 | K46: =J46/I46 -> 300 | L46: 10 | M46: =F46/V46*60 -> 2877.7778 | N46: =M46/L46 -> 287.77778 | O46: =L46-I46 -> 0 | P46: =N46-K46 -> -12.222222 | Q46: =N46/K46 -> 0.95925926 | R46: =Q52 -> 0.95739506 | S46: 0.083333333 | T46: 0.15833333 | V46: =(T46-S46)*24*60 -> 108 | W46: =T46 -> 0.15833333 | X46: =S47 -> 0.17777778 | AA46: =M46-J46 -> -122.22222 | AB46: =M46/J46 -> 0.95925926 | AC46: =AB52 -> 0.95739506
A47: 新豐3線 | B47: 調理麵包 | C47: 豬肉起司蛋堡 | E47: 27.17 | F47: 6546 | G47: =E47*F47 -> 177854.82 | I47: 10 | J47: 3000 | K47: =J47/I47 -> 300 | L47: 10 | M47: =F47/V47*60 -> 2866.8613 | N47: =M47/L47 -> 286.68613 | O47: =L47-I47 -> 0 | P47: =N47-K47 -> -13.313869 | Q47: =N47/K47 -> 0.95562044 | S47: 0.17777778 | T47: 0.27291667 | U47: =(S47-T46)*24*60 -> 28 | V47: =(T47-S47)*24*60 -> 137 | AA47: =M47-J47 -> -133.13869 | AB47: =M47/J47 -> 0.95562044
A48: 新豐3線 | B48: 調理麵包 | C48: 經典雙牛起司堡(113年) | E48: 35.12 | F48: 4518 | G48: =E48*F48 -> 158672.16 | I48: 10 | J48: 3000 | K48: =J48/I48 -> 300 | L48: 10 | M48: =F48/V48*60 -> 2883.8298 | N48: =M48/L48 -> 288.38298 | O48: =L48-I48 -> 0 | P48: =N48-K48 -> -11.617021 | Q48: =N48/K48 -> 0.9612766 | S48: 0.27708333 | T48: 0.34236111 | U48: =(S48-T47)*24*60 -> 6 | V48: =(T48-S48)*24*60 -> 94 | AA48: =M48-J48 -> -116.17021 | AB48: =M48/J48 -> 0.9612766
A49: 新豐3線 | B49: 調理麵包 | C49: 排骨雞起司炒麵麵包 | E49: 31 | F49: 2008 | G49: =E49*F49 -> 62248 | I49: 13 | J49: 2000 | K49: =J49/I49 -> 153.84615 | L49: 13 | M49: =F49/V49*60 -> 1912.381 | N49: =M49/L49 -> 147.10623 | O49: =L49-I49 -> 0 | P49: =N49-K49 -> -6.7399267 | Q49: =N49/K49 -> 0.95619048 | S49: 0.34722222 | T49: 0.39097222 | U49: =(S49-T48)*24*60 -> 7 | V49: =(T49-S49)*24*60 -> 63 | AA49: =M49-J49 -> -87.619048 | AB49: =M49/J49 -> 0.95619048
A50: 新豐3線 | B50: 調理麵包 | C50: 滿滿起司燻腸洋芋堡 | E50: 37.88 | F50: 2276 | G50: =E50*F50 -> 86214.88 | I50: 14 | J50: 2000 | K50: =J50/I50 -> 142.85714 | L50: 14 | M50: =F50/V50*60 -> 1923.3803 | N50: =M50/L50 -> 137.38431 | O50: =L50-I50 -> 0 | P50: =N50-K50 -> -5.472837 | Q50: =N50/K50 -> 0.96169014 | S50: 0.39513889 | T50: 0.44444444 | U50: =(S50-T49)*24*60 -> 6 | V50: =(T50-S50)*24*60 -> 71 | AA50: =M50-J50 -> -76.619718 | AB50: =M50/J50 -> 0.96169014
A51: 新豐3線 | B51: 調理麵包 | C51: 花生培根歐姆蛋堡 | E51: 32.02 | F51: 2093 | G51: =E51*F51 -> 67017.86 | I51: 11 | J51: 3000 | K51: =J51/I51 -> 272.72727 | L51: 11 | M51: =F51/V51*60 -> 2854.0909 | N51: =M51/L51 -> 259.46281 | O51: =L51-I51 -> 0 | P51: =N51-K51 -> -13.264463 | Q51: =N51/K51 -> 0.95136364 | S51: 0.44791667 | T51: 0.47847222 | U51: =(S51-T50)*24*60 -> 5 | V51: =(T51-S51)*24*60 -> 44 | AA51: =M51-J51 -> -145.90909 | AB51: =M51/J51 -> 0.95136364
A52: 新豐3線 | B52: 平均 | I52: 11.333333 | J52: 2666.6667 | K52: =J52/I52 -> 235.29412 | L52: 11.333333 | M52: =AVERAGE(M46:M51) -> 2553.0535 | N52: =M52/L52 -> 225.26943 | O52: =L52-I52 -> 0 | P52: =N52-K52 -> -10.024691 | Q52: =N52/K52 -> 0.95739506 | AA52: =M52-J52 -> -113.61316 | AB52: =M52/J52 -> 0.95739506
A53: 新豐1線 | B53: 沙拉 | C53: 蔥鹽雞肉麵沙拉(114年) | E53: 46 | F53: 1647 | G53: =E53*F53 -> 75762 | I53: 17 | J53: 2000 | K53: =J53/I53 -> 117.64706 | L53: 17 | M53: =F53/V53*60 -> 1937.6471 | N53: =M53/L53 -> 113.97924 | O53: =L53-I53 -> 0 | P53: =N53-K53 -> -3.6678201 | Q53: =N53/K53 -> 0.96882353 | R53: =Q61 -> 0.89058943 | S53: 0.20833333 | T53: 0.24375 | V53: =(T53-S53)*24*60 -> 51 | AA53: =M53-J53 -> -62.352941 | AB53: =M53/J53 -> 0.96882353 | AC53: =AB61 -> 0.89058943
A54: 新豐1線 | B54: 沙拉 | C54: 莎莎烤雞麵沙拉 | E54: 46 | F54: 1792 | G54: =E54*F54 -> 82432 | I54: 17 | J54: 2000 | K54: =J54/I54 -> 117.64706 | L54: 17 | M54: =F54/V54*60 -> 1920 | N54: =M54/L54 -> 112.94118 | O54: =L54-I54 -> 0 | P54: =N54-K54 -> -4.7058824 | Q54: =N54/K54 -> 0.96 | S54: 0.24791667 | T54: 0.28680556 | U54: =IF(S54=TIME(17,0,0),"",(S54-T53)*24*60) -> 6 | V54: =(T54-S54)*24*60 -> 56 | AA54: =M54-J54 -> -80 | AB54: =M54/J54 -> 0.96
A55: 新豐1線 | B55: 微波主食 | C55: 蒜蒜燒豚飯 | E55: 51.86 | F55: 1270 | G55: =E55*F55 -> 65862.2 | I55: 25 | J55: 2000 | K55: =J55/I55 -> 80 | L55: 25 | M55: =F55/V55*60 -> 1291.5254 | N55: =M55/L55 -> 51.661017 | O55: =L55-I55 -> 0 | P55: =N55-K55 -> -28.338983 | Q55: =N55/K55 -> 0.64576271 | S55: 0.29027778 | T55: 0.33125 | U55: =IF(S55=TIME(17,0,0),"",(S55-T54)*24*60) -> 5 | V55: =(T55-S55)*24*60 -> 59 | AA55: =M55-J55 -> -708.47458 | AB55: =M55/J55 -> 0.64576271
A56: 新豐1線 | B56: 微波主食 | C56: 壹號醬雞豚雙拼 | E56: 56.43 | F56: 2208 | G56: =E56*F56 -> 124597.44 | I56: 22 | J56: 2000 | K56: =J56/I56 -> 90.909091 | L56: 22 | M56: =F56/V56*60 -> 1440 | N56: =M56/L56 -> 65.454545 | O56: =L56-I56 -> 0 | P56: =N56-K56 -> -25.454545 | Q56: =N56/K56 -> 0.72 | S56: 0.33611111 | T56: 0.4 | U56: =IF(S56=TIME(17,0,0),"",(S56-T55)*24*60) -> 7 | V56: =(T56-S56)*24*60 -> 92 | AA56: =M56-J56 -> -560 | AB56: =M56/J56 -> 0.72
A57: 新豐1線 | B57: 微波主食 | C57: 二配香辣醬蒜味香腸蛋炒飯 | E57: 55.56 | F57: 2040 | G57: =E57*F57 -> 113342.4 | I57: 17 | J57: 2000 | K57: =J57/I57 -> 117.64706 | L57: 17 | M57: =F57/V57*60 -> 1912.5 | N57: =M57/L57 -> 112.5 | O57: =L57-I57 -> 0 | P57: =N57-K57 -> -5.1470588 | Q57: =N57/K57 -> 0.95625 | S57: 0.70833333 | T57: 0.75277778 | U57: =IF(S57=TIME(17,0,0),"",(S57-T56)*24*60) | V57: =(T57-S57)*24*60 -> 64 | AA57: =M57-J57 -> -87.5 | AB57: =M57/J57 -> 0.95625
A58: 新豐1線 | B58: 微波主食 | C58: 二配香拌海鮮醬肉絲蛋炒飯 | E58: 55.32 | F58: 1493 | G58: =E58*F58 -> 82592.76 | I58: 15 | J58: 2000 | K58: =J58/I58 -> 133.33333 | L58: 15 | M58: =F58/V58*60 -> 1905.9574 | N58: =M58/L58 -> 127.06383 | O58: =L58-I58 -> 0 | P58: =N58-K58 -> -6.2695035 | Q58: =N58/K58 -> 0.95297872 | S58: 0.75694444 | T58: 0.78958333 | U58: =IF(S58=TIME(17,0,0),"",(S58-T57)*24*60) -> 6 | V58: =(T58-S58)*24*60 -> 47 | AA58: =M58-J58 -> -94.042553 | AB58: =M58/J58 -> 0.95297872
A59: 新豐1線 | B59: 微波主食 | C59: 二配鮭魚蛋炒飯 | E59: 51.83 | F59: 1700 | G59: =E59*F59 -> 88111 | H59: 2 | I59: 20 | J59: 2000 | K59: =J59/I59 -> 100 | L59: 20 | M59: =F59/V59*60 -> 1924.5283 | N59: =M59/L59 -> 96.226415 | O59: =L59-I59 -> 0 | P59: =N59-K59 -> -3.7735849 | Q59: =N59/K59 -> 0.96226415 | S59: 0.79513889 | T59: 0.83194444 | U59: =IF(S59=TIME(17,0,0),"",(S59-T58)*24*60) -> 8 | V59: =(T59-S59)*24*60 -> 53 | W59: =T59 -> 0.83194444 | X59: =S60 -> 0.87222222 | AA59: =M59-J59 -> -75.471698 | AB59: =M59/J59 -> 0.96226415
A60: 新豐1線 | B60: 微波主食 | C60: 二配鮭魚蛋炒飯 | E60: 51.83 | F60: 2812 | G60: =E60*F60 -> 145745.96 | I60: 20 | J60: 2000 | K60: =J60/I60 -> 100 | L60: 20 | M60: =F60/V60*60 -> 1917.2727 | N60: =M60/L60 -> 95.863636 | O60: =L60-I60 -> 0 | P60: =N60-K60 -> -4.1363636 | Q60: =N60/K60 -> 0.95863636 | S60: 0.87222222 | T60: 0.93333333 | U60: =IF(S60=TIME(17,0,0),"",(S60-T59)*24*60) -> 58 | V60: =(T60-S60)*24*60 -> 88 | AA60: =M60-J60 -> -82.727273 | AB60: =M60/J60 -> 0.95863636
A61: 新豐1線 | B61: 平均 | I61: 19.125 | J61: 2000 | K61: =J61/I61 -> 104.57516 | L61: 19.125 | M61: =AVERAGE(M53:M60) -> 1781.1789 | N61: =M61/L61 -> 93.133536 | O61: =L61-I61 -> 0 | P61: =N61-K61 -> -11.441628 | Q61: =N61/K61 -> 0.89058943 | AA61: =M61-J61 -> -218.82113 | AB61: =M61/J61 -> 0.89058943
A62: 新豐10線 | B62: 沙拉 | C62: 溏心蛋洋芋沙拉 | E62: 26.97 | F62: 2453 | G62: =E62*F62 -> 66157.41 | I62: 8 | J62: 1500 | K62: =J62/I62 -> 187.5 | L62: 8 | M62: =F62/V62*60 -> 1428.932 | N62: =M62/L62 -> 178.6165 | O62: =L62-I62 -> 0 | P62: =N62-K62 -> -8.8834951 | Q62: =N62/K62 -> 0.95262136 | R62: =Q68 -> 0.9608941 | S62: 0.20833333 | T62: 0.27986111 | V62: =(T62-S62)*24*60 -> 103 | AA62: =M62-J62 -> -71.067961 | AB62: =M62/J62 -> 0.95262136 | AC62: =AB68 -> 0.9608941
A63: 新豐10線 | B63: 調理麵包 | C63: 香雞蛋堡(112年) | E63: 26.78 | F63: 2507 | G63: =E63*F63 -> 67137.46 | I63: 10 | J63: 3000 | K63: =J63/I63 -> 300 | L63: 10 | M63: =F63/V63*60 -> 2892.6923 | N63: =M63/L63 -> 289.26923 | O63: =L63-I63 -> 0 | P63: =N63-K63 -> -10.730769 | Q63: =N63/K63 -> 0.96423077 | S63: 0.28333333 | T63: 0.31944444 | U63: =(S63-T62)*24*60 -> 5 | V63: =(T63-S63)*24*60 -> 52 | AA63: =M63-J63 -> -107.30769 | AB63: =M63/J63 -> 0.96423077
A64: 新豐10線 | B64: 調理麵包 | C64: 蜂蜜芥末辣雞堡 | E64: 37.88 | F64: 2516 | G64: =E64*F64 -> 95306.08 | I64: 10 | J64: 3000 | K64: =J64/I64 -> 300 | L64: 10 | M64: =F64/V64*60 -> 2903.0769 | N64: =M64/L64 -> 290.30769 | O64: =L64-I64 -> 0 | P64: =N64-K64 -> -9.6923077 | Q64: =N64/K64 -> 0.96769231 | S64: 0.325 | T64: 0.36111111 | U64: =(S64-T63)*24*60 -> 8 | V64: =(T64-S64)*24*60 -> 52 | AA64: =M64-J64 -> -96.923077 | AB64: =M64/J64 -> 0.96769231
A65: 新豐10線 | B65: 調理麵包 | C65: 美式雞腿堡 | E65: 35.87 | F65: 2978 | G65: =E65*F65 -> 106820.86 | I65: 9 | J65: 3000 | K65: =J65/I65 -> 333.33333 | L65: 9 | M65: =F65/V65*60 -> 2881.9355 | N65: =M65/L65 -> 320.21505 | O65: =L65-I65 -> 0 | P65: =N65-K65 -> -13.11828 | Q65: =N65/K65 -> 0.96064516 | S65: 0.36527778 | T65: 0.40833333 | U65: =(S65-T64)*24*60 -> 6 | V65: =(T65-S65)*24*60 -> 62 | AA65: =M65-J65 -> -118.06452 | AB65: =M65/J65 -> 0.96064516
A66: 新豐10線 | B66: 調理麵包 | C66: 厚豆腐蛋白蕈菇豬肉堡 | E66: 34.36 | F66: 1724 | G66: =E66*F66 -> 59236.64 | I66: 10 | J66: 3000 | K66: =J66/I66 -> 300 | L66: 10 | M66: =F66/V66*60 -> 2873.3333 | N66: =M66/L66 -> 287.33333 | O66: =L66-I66 -> 0 | P66: =N66-K66 -> -12.666667 | Q66: =N66/K66 -> 0.95777778 | S66: 0.41180556 | T66: 0.43680556 | U66: =(S66-T65)*24*60 -> 5 | V66: =(T66-S66)*24*60 -> 36 | AA66: =M66-J66 -> -126.66667 | AB66: =M66/J66 -> 0.95777778
A67: 新豐10線 | B67: 調理麵包 | C67: 泰式酸辣炸雞堡 | E67: 36.14 | F67: 1102 | G67: =E67*F67 -> 39826.28 | I67: 9 | J67: 3000 | K67: =J67/I67 -> 333.33333 | L67: 9 | M67: =F67/V67*60 -> 2874.7826 | N67: =M67/L67 -> 319.42029 | O67: =L67-I67 -> 0 | P67: =N67-K67 -> -13.913043 | Q67: =N67/K67 -> 0.95826087 | S67: 0.44166667 | T67: 0.45763889 | U67: =(S67-T66)*24*60 -> 7 | V67: =(T67-S67)*24*60 -> 23 | AA67: =M67-J67 -> -125.21739 | AB67: =M67/J67 -> 0.95826087
A68: 新豐10線 | B68: 平均 | I68: 9.3333333 | J68: 2750 | K68: =J68/I68 -> 294.64286 | L68: 9.3333333 | M68: =AVERAGE(M62:M67) -> 2642.4588 | N68: =M68/L68 -> 283.12058 | O68: =L68-I68 -> 0 | P68: =N68-K68 -> -11.522273 | Q68: =N68/K68 -> 0.9608941 | AA68: =M68-J68 -> -107.54122 | AB68: =M68/J68 -> 0.9608941
A69: 新豐4線 | B69: 三明治 | C69: 香鬆起司蛋三明治(114年) | E69: 20.2 | F69: 1995 | G69: =E69*F69 -> 40299 | I69: 19 | J69: 2400 | K69: =J69/I69 -> 126.31579 | L69: 19 | M69: =F69/V69*60 -> 2301.9231 | N69: =M69/L69 -> 121.15385 | O69: =L69-I69 -> 0 | P69: =N69-K69 -> -5.1619433 | Q69: =N69/K69 -> 0.95913462 | R69: =Q75 -> 0.95692966 | S69: 0.083333333 | T69: 0.11944444 | V69: =(T69-S69)*24*60 -> 52 | W69: =T69 -> 0.11944444 | X69: =S70 -> 0.1375 | AA69: =M69-J69 -> -98.076923 | AB69: =M69/J69 -> 0.95913462 | AC69: =AB75 -> 0.95692966
A70: 新豐4線 | B70: 三明治 | C70: 輕乳酪巧克力三明治 | E70: 20.52 | F70: 2957 | G70: =E70*F70 -> 60677.64 | I70: 18 | J70: 2400 | K70: =J70/I70 -> 133.33333 | L70: 18 | M70: =F70/V70*60 -> 2304.1558 | N70: =M70/L70 -> 128.00866 | O70: =L70-I70 -> 0 | P70: =N70-K70 -> -5.3246753 | Q70: =N70/K70 -> 0.96006494 | S70: 0.1375 | T70: 0.19097222 | U70: =(S70-T69)*24*60 -> 26 | V70: =(T70-S70)*24*60 -> 77 | AA70: =M70-J70 -> -95.844156 | AB70: =M70/J70 -> 0.96006494
A71: 新豐4線 | B71: 三明治 | C71: 經典火腿玉米蛋三明治 | E71: 24.43 | F71: 6300 | G71: =E71*F71 -> 153909 | I71: 14 | J71: 2400 | K71: =J71/I71 -> 171.42857 | L71: 14 | M71: =F71/V71*60 -> 2290.9091 | N71: =M71/L71 -> 163.63636 | O71: =L71-I71 -> 0 | P71: =N71-K71 -> -7.7922078 | Q71: =N71/K71 -> 0.95454545 | S71: 0.19583333 | T71: 0.31041667 | U71: =(S71-T70)*24*60 -> 7 | V71: =(T71-S71)*24*60 -> 165 | AA71: =M71-J71 -> -109.09091 | AB71: =M71/J71 -> 0.95454545
A72: 新豐4線 | B72: 三明治 | C72: 藍莓優格三明治 | E72: 20.21 | F72: 3919 | G72: =E72*F72 -> 79202.99 | I72: 16 | J72: 2400 | K72: =J72/I72 -> 150 | L72: 16 | M72: =F72/V72*60 -> 2305.2941 | N72: =M72/L72 -> 144.08088 | O72: =L72-I72 -> 0 | P72: =N72-K72 -> -5.9191176 | Q72: =N72/K72 -> 0.96053922 | S72: 0.31527778 | T72: 0.38611111 | U72: =(S72-T71)*24*60 -> 7 | V72: =(T72-S72)*24*60 -> 102 | AA72: =M72-J72 -> -94.705882 | AB72: =M72/J72 -> 0.96053922
A73: 新豐4線 | B73: 三明治 | C73: 火腿起司蛋三明治 | E73: 19.02 | F73: 5000 | G73: =E73*F73 -> 95100 | H73: 2 | I73: 15 | J73: 2400 | K73: =J73/I73 -> 160 | L73: 15 | M73: =F73/V73*60 -> 2290.0763 | N73: =M73/L73 -> 152.67176 | O73: =L73-I73 -> 0 | P73: =N73-K73 -> -7.3282443 | Q73: =N73/K73 -> 0.95419847 | S73: 0.39027778 | T73: 0.48125 | U73: =(S73-T72)*24*60 -> 6 | V73: =(T73-S73)*24*60 -> 131 | W73: =T73 -> 0.48125 | X73: =S74 -> 0.52222222 | AA73: =M73-J73 -> -109.92366 | AB73: =M73/J73 -> 0.95419847
A74: 新豐4線 | B74: 三明治 | C74: 火腿起司蛋三明治 | E74: 19.02 | F74: 4003 | G74: =E74*F74 -> 76137.06 | I74: 15 | J74: 2400 | K74: =J74/I74 -> 160 | L74: 15 | M74: =F74/V74*60 -> 2287.4286 | N74: =M74/L74 -> 152.49524 | O74: =L74-I74 -> 0 | P74: =N74-K74 -> -7.5047619 | Q74: =N74/K74 -> 0.95309524 | S74: 0.52222222 | T74: 0.59513889 | U74: =(S74-T73)*24*60 -> 59 | V74: =(T74-S74)*24*60 -> 105 | AA74: =M74-J74 -> -112.57143 | AB74: =M74/J74 -> 0.95309524
A75: 新豐4線 | B75: 平均 | I75: 16.166667 | J75: 2400 | K75: =J75/I75 -> 148.45361 | L75: 16.166667 | M75: =AVERAGE(M69:M74) -> 2296.6312 | N75: =M75/L75 -> 142.05966 | O75: =L75-I75 -> 0 | P75: =N75-K75 -> -6.3939481 | Q75: =N75/K75 -> 0.95692966 | AA75: =M75-J75 -> -103.36883 | AB75: =M75/J75 -> 0.95692966

Sheet 1229
B1: 屏榮 新豐廠組合室生產人時性分析
B3: 日期 | C3: =TEXT('1229 4度C'!A2,"yyyy.mm.ddaaaa") -> 2025.12.29星期一 | E3: 訂單量 | F3: ='1229 4度C'!D1 -> 176087 | H3: 營業額 | I3: ='1229 4度C'!F1 -> 6065182
B4: 人時性 | C4: 項目 | E4: ➀ | G4: ➁ | I4: ➂
C5: 組合室 | E5: 全溫層 | G5: 4度C-各編組展開 | I5: ③三明治-各編組展開
C6: 排關平均 | E6: =AVERAGE(D13:M13) -> 147.36424 | F6: =AVERAGE(D27:O27,D13:J13) -> 151.1162 | G6: =AVERAGE(D13:J13) -> 151.1162 | I6: =AVERAGE(K13:M13) -> 138.60967
C7: 實績平均 | E7: =AVERAGE(D14:M14) -> 140.46116 | F7: =AVERAGE(D28:O28,D14:J14) -> 143.80833 | G7: =AVERAGE(D14:J14) -> 143.80833 | I7: =AVERAGE(K14:M14) -> 132.6511
C8: 達成率平均 | E8: =AVERAGE(D15:M15) -> 0.95154561 | F8: =AVERAGE(D15:J15,D29:O29) -> 0.94918505 | G8: =AVERAGE(D15:J15) -> 0.94918505 | I8: =AVERAGE(K15:M15) -> 0.95705359 | K8: ※現行日本鮮食廠以達成率80%為基本(即為現行KPI)
B10: 溫層 | D10: ➁4度C-各編組展開 | K10: ③三明治-各編組展開
B11: 編組 | D11: 1 | E11: 2 | F11: 3 | G11: 4 | H11: 5 | I11: 6 | J11: 7 | K11: 1 | L11: 2 | M11: 3
D12: 新豐6線 | E12: 新豐2線 | F12: 新豐5線 | G12: 新豐7線 | H12: 新豐3線 | I12: 新豐1線 | J12: 新豐10線 | K12: 新豐8線 | L12: 新豐9線 | M12: 新豐4線
B13: 人時性 | C13: 排關 | D13: =SUMIFS('1229 4度C'!$K:$K,'1229 4度C'!$A:$A,"新豐6線",'1229 4度C'!$B:$B,"平均") -> 115.38462 | E13: =SUMIFS('1229 4度C'!$K:$K,'1229 4度C'!$A:$A,"新豐2線",'1229 4度C'!$B:$B,"平均") -> 83.333333 | F13: =SUMIFS('1229 4度C'!$K:$K,'1229 4度C'!$A:$A,"新豐5線",'1229 4度C'!$B:$B,"平均") -> 110 | G13: =SUMIFS('1229 4度C'!$K:$K,'1229 4度C'!$A:$A,"新豐7線",'1229 4度C'!$B:$B,"平均") -> 114.58333 | H13: =SUMIFS('1229 4度C'!$K:$K,'1229 4度C'!$A:$A,"新豐3線",'1229 4度C'!$B:$B,"平均") -> 235.29412 | I13: =SUMIFS('1229 4度C'!$K:$K,'1229 4度C'!$A:$A,"新豐1線",'1229 4度C'!$B:$B,"平均") -> 104.57516 | J13: =SUMIFS('1229 4度C'!$K:$K,'1229 4度C'!$A:$A,"新豐10線",'1229 4度C'!$B:$B,"平均") -> 294.64286 | K13: =SUMIFS('1229 4度C'!$K:$K,'1229 4度C'!$A:$A,"新豐8線",'1229 4度C'!$B:$B,"平均") -> 130.23256 | L13: =SUMIFS('1229 4度C'!$K:$K,'1229 4度C'!$A:$A,"新豐9線",'1229 4度C'!$B:$B,"平均") -> 137.14286 | M13: =SUMIFS('1229 4度C'!$K:$K,'1229 4度C'!$A:$A,"新豐4線",'1229 4度C'!$B:$B,"平均") -> 148.45361
C14: 實績 | D14: =SUMIFS('1229 4度C'!$N:$N,'1229 4度C'!$A:$A,"新豐6線",'1229 4度C'!$B:$B,"平均") -> 110.69286 | E14: =SUMIFS('1229 4度C'!$N:$N,'1229 4度C'!$A:$A,"新豐2線",'1229 4度C'!$B:$B,"平均") -> 79.525057 | F14: =SUMIFS('1229 4度C'!$N:$N,'1229 4度C'!$A:$A,"新豐5線",'1229 4度C'!$B:$B,"平均") -> 105.78237 | G14: =SUMIFS('1229 4度C'!$N:$N,'1229 4度C'!$A:$A,"新豐7線",'1229 4度C'!$B:$B,"平均") -> 110.25185 | H14: =SUMIFS('1229 4度C'!$N:$N,'1229 4度C'!$A:$A,"新豐3線",'1229 4度C'!$B:$B,"平均") -> 224.70764 | I14: =SUMIFS('1229 4度C'!$N:$N,'1229 4度C'!$A:$A,"新豐1線",'1229 4度C'!$B:$B,"平均") -> 93.489424 | J14: =SUMIFS('1229 4度C'!$N:$N,'1229 4度C'!$A:$A,"新豐10線",'1229 4度C'!$B:$B,"平均") -> 282.2091 | K14: =SUMIFS('1229 4度C'!$N:$N,'1229 4度C'!$A:$A,"新豐8線",'1229 4度C'!$B:$B,"平均") -> 124.51899 | L14: =SUMIFS('1229 4度C'!$N:$N,'1229 4度C'!$A:$A,"新豐9線",'1229 4度C'!$B:$B,"平均") -> 131.66824 | M14: =SUMIFS('1229 4度C'!$N:$N,'1229 4度C'!$A:$A,"新豐4線",'1229 4度C'!$B:$B,"平均") -> 141.76606
C15: 達成率 | D15: =D14/D13 -> 0.9593381 | E15: =E14/E13 -> 0.95430068 | F15: =F14/F13 -> 0.96165792 | G15: =G14/G13 -> 0.96219796 | H15: =H14/H13 -> 0.95500749 | I15: =I14/I13 -> 0.89399262 | J15: =J14/J13 -> 0.95780059 | K15: =K14/K13 -> 0.95612793 | ... M15: =M14/M13 -> 0.95495195
B16: 作業 時間 | C16: 開始 | D16: =VLOOKUP("新豐6線",'1229 4度C'!$A:$T,19,0) -> 0.70833333 | E16: =VLOOKUP("新豐2線",'1229 4度C'!$A:$T,19,0) -> 0.16666667 | F16: =VLOOKUP("新豐5線",'1229 4度C'!$A:$T,19,0) -> 0.20833333 | G16: =VLOOKUP("新豐7線",'1229 4度C'!$A:$T,19,0) -> 0.20833333 | H16: =VLOOKUP("新豐3線",'1229 4度C'!$A:$T,19,0) -> 0.083333333 | I16: =VLOOKUP("新豐1線",'1229 4度C'!$A:$T,19,0) -> 0.20833333 | J16: =VLOOKUP("新豐10線",'1229 4度C'!$A:$T,19,0) -> 0.20833333 | K16: =VLOOKUP("新豐8線",'1229 4度C'!$A:$T,19,0) -> 0.083333333 | L16: =VLOOKUP("新豐9線",'1229 4度C'!$A:$T,19,0) -> 0.083333333 | M16: =VLOOKUP("新豐4線",'1229 4度C'!$A:$T,19,0) -> 0.083333333
C17: 結束 | D17: =LOOKUP(2,1/(('1229 4度C'!$A:$A="新豐6線")*('1229 4度C'!$T:$T<>"")),'1229 4度C'!$T:$T) -> 0.82777778 | E17: =LOOKUP(2,1/(('1229 4度C'!$A:$A="新豐2線")*('1229 4度C'!$T:$T<>"")),'1229 4度C'!$T:$T) -> 0.46388889 | F17: =LOOKUP(2,1/(('1229 4度C'!$A:$A="新豐5線")*('1229 4度C'!$T:$T<>"")),'1229 4度C'!$T:$T) -> 0.96180556 | G17: =LOOKUP(2,1/(('1229 4度C'!$A:$A="新豐7線")*('1229 4度C'!$T:$T<>"")),'1229 4度C'!$T:$T) -> 0.90902778 | H17: =LOOKUP(2,1/(('1229 4度C'!$A:$A="新豐3線")*('1229 4度C'!$T:$T<>"")),'1229 4度C'!$T:$T) -> 0.50763889 | I17: =LOOKUP(2,1/(('1229 4度C'!$A:$A="新豐1線")*('1229 4度C'!$T:$T<>"")),'1229 4度C'!$T:$T) -> 0.94930556 | J17: =LOOKUP(2,1/(('1229 4度C'!$A:$A="新豐10線")*('1229 4度C'!$T:$T<>"")),'1229 4度C'!$T:$T) -> 0.48541667 | K17: =LOOKUP(2,1/(('1229 4度C'!$A:$A="新豐8線")*('1229 4度C'!$T:$T<>"")),'1229 4度C'!$T:$T) -> 0.65972222 | L17: =LOOKUP(2,1/(('1229 4度C'!$A:$A="新豐9線")*('1229 4度C'!$T:$T<>"")),'1229 4度C'!$T:$T) -> 0.58472222 | M17: =LOOKUP(2,1/(('1229 4度C'!$A:$A="新豐4線")*('1229 4度C'!$T:$T<>"")),'1229 4度C'!$T:$T) -> 0.65416667
B18: 配置人數 | D18: =SUMIFS('1229 4度C'!$I:$I,'1229 4度C'!$A:$A,"新豐6線",'1229 4度C'!$B:$B,"平均") -> 17.333333 | E18: =SUMIFS('1229 4度C'!$I:$I,'1229 4度C'!$A:$A,"新豐2線",'1229 4度C'!$B:$B,"平均") -> 18 | F18: =SUMIFS('1229 4度C'!$I:$I,'1229 4度C'!$A:$A,"新豐5線",'1229 4度C'!$B:$B,"平均") -> 16.666667 | G18: =SUMIFS('1229 4度C'!$I:$I,'1229 4度C'!$A:$A,"新豐7線",'1229 4度C'!$B:$B,"平均") -> 16 | H18: =SUMIFS('1229 4度C'!$I:$I,'1229 4度C'!$A:$A,"新豐3線",'1229 4度C'!$B:$B,"平均") -> 11.333333 | I18: =SUMIFS('1229 4度C'!$I:$I,'1229 4度C'!$A:$A,"新豐1線",'1229 4度C'!$B:$B,"平均") -> 19.125 | J18: =SUMIFS('1229 4度C'!$I:$I,'1229 4度C'!$A:$A,"新豐10線",'1229 4度C'!$B:$B,"平均") -> 9.3333333 | K18: =SUMIFS('1229 4度C'!$I:$I,'1229 4度C'!$A:$A,"新豐8線",'1229 4度C'!$B:$B,"平均") -> 18.428571 | L18: =SUMIFS('1229 4度C'!$I:$I,'1229 4度C'!$A:$A,"新豐9線",'1229 4度C'!$B:$B,"平均") -> 17.5 | M18: =SUMIFS('1229 4度C'!$I:$I,'1229 4度C'!$A:$A,"新豐4線",'1229 4度C'!$B:$B,"平均") -> 16.166667
B19: 主要應用設備 | D19: ET-55 | E19: 熱縮爐 | F19: L型包裝機 | G19: L型包裝機 | H19: 伺服包裝機 | I19: ET-55 | J19: 伺服包裝機 | K19: 三明治包裝機 | L19: 三明治包裝機 | M19: 三明治包裝機
B20: 次要應用設備 | F20: 圓盤機 | G20: ET-55
B21: 備註 | E21: 握沙拉 | F21: 共用L型包裝機 | H21: 調理麵包 | I21: 炒飯+沙拉 | J21: 調理麵包

Sheet 1229 4度C
A1: 新豐廠四度C日報分析 | C1: 總生產量 | D1: 176087 | E1: 營業額 | F1: 6065182 | G1: 出勤人數 | H1: =L8+L11+L55+L64+L21+L71+L39+L48+L31+L78 -> 159.8869 | I1: 產線配置圖 | L1: 生產實績 | O1: 人時性差異分析 | S1: 日報登錄 | Y1: 分析說明 | AA1: 產能差異分析
A2: 46020 | B2: 星期一 | C2: 人時性 | D2: 140.46116 | E2: 平均廠價 | F2: 34.444235 | G2: 多次生產數 | H2: =COUNT(H5:H78) -> 8
A3: 線別 | B3: 品類 | C3: 品名 | E3: 廠價 | F3: 生產量 | G3: 營收 | H3: 多次 生產 | I3: 人數 | J3: 產能/時 | K3: 人時性 | L3: 人數 | M3: 產能/時 | N3: 人時性 | O3: 人數 | P3: 人時性 | Q3: 達成率 | R3: 達成率平均 | S3: 生產時間 | U3: 換線、休息/分 | V3: 稼動時間/分 | W3: 休息時間 | Y3: (新豐回填) | AA3: 產能/時 | AB3: 達成率 | AC3: 達成率平均
S4: 開始 | T4: 結束 | W4: 開始 | X4: 結束
A5: 新豐6線 | B5: 微波主食 | C5: 二配港式香滑嫩蛋牛肉燴飯 | E5: 50.67 | F5: 1507 | G5: =E5*F5 -> 76359.69 | I5: 17 | J5: 2000 | K5: =J5/I5 -> 117.64706 | L5: 17 | M5: =F5/V5*60 -> 1923.8298 | N5: =M5/L5 -> 113.16646 | O5: =L5-I5 -> 0 | P5: =N5-K5 -> -4.4806008 | Q5: =N5/K5 -> 0.96191489 | R5: =Q8 -> 0.9593381 | S5: 0.70833333 | T5: 0.74097222 | V5: =(T5-S5)*24*60 -> 47 | AA5: =M5-J5 -> -76.170213 | AB5: =M5/J5 -> 0.96191489 | AC5: =AB8 -> 0.9593381
A6: 新豐6線 | B6: 微波主食 | C6: 二配美味蟹煲 | E6: 54.09 | F6: 1564 | G6: =E6*F6 -> 84596.76 | I6: 19 | J6: 2000 | K6: =J6/I6 -> 105.26316 | L6: 19 | M6: =F6/V6*60 -> 1915.102 | N6: =M6/L6 -> 100.79484 | O6: =L6-I6 -> 0 | P6: =N6-K6 -> -4.4683136 | Q6: =N6/K6 -> 0.95755102 | S6: 0.74652778 | T6: 0.78055556 | U6: =IF(S6=TIME(17,0,0),"",(S6-T5)*24*60) -> 8 | V6: =(T6-S6)*24*60 -> 49 | AA6: =M6-J6 -> -84.897959 | AB6: =M6/J6 -> 0.95755102
A7: 新豐6線 | B7: 微波主食 | C7: 二配麻油雞燴飯 | E7: 50.29 | F7: 1981 | G7: =E7*F7 -> 99624.49 | I7: 16 | J7: 2000 | K7: =J7/I7 -> 125 | L7: 16 | M7: =F7/V7*60 -> 1917.0968 | N7: =M7/L7 -> 119.81855 | O7: =L7-I7 -> 0 | P7: =N7-K7 -> -5.1814516 | Q7: =N7/K7 -> 0.95854839 | S7: 0.78472222 | T7: 0.82777778 | U7: =IF(S7=TIME(17,0,0),"",(S7-T6)*24*60) -> 6 | V7: =(T7-S7)*24*60 -> 62 | AA7: =M7-J7 -> -82.903226 | AB7: =M7/J7 -> 0.95854839
A8: 新豐6線 | B8: 平均 | I8: 17.333333 | J8: 2000 | K8: =J8/I8 -> 115.38462 | L8: 17.333333 | M8: =AVERAGE(M5:M7) -> 1918.6762 | N8: =M8/L8 -> 110.69286 | O8: =L8-I8 -> 0 | P8: =N8-K8 -> -4.6917576 | Q8: =N8/K8 -> 0.9593381 | AA8: =M8-J8 -> -81.323799 | AB8: =M8/J8 -> 0.9593381
A9: 新豐2線 | B9: 沙拉 | C9: 青醬優格雞肉握沙拉(113年) | E9: 39.62 | F9: 3780 | G9: =E9*F9 -> 149763.6 | I9: 19 | J9: 1500 | K9: =J9/I9 -> 78.947368 | L9: 19 | M9: =F9/V9*60 -> 1435.443 | N9: =M9/L9 -> 75.549634 | O9: =L9-I9 -> 0 | P9: =N9-K9 -> -3.3977348 | Q9: =N9/K9 -> 0.95696203 | R9: =Q11 -> 0.95430068 | S9: 0.16666667 | T9: 0.27638889 | V9: =(T9-S9)*24*60 -> 158 | W9: =T9 -> 0.27638889 | X9: =S10 -> 0.29444444 | AA9: =M9-J9 -> -64.556962 | AB9: =M9/J9 -> 0.95696203 | AC9: =AB11 -> 0.95430068
A10: 新豐2線 | B10: 沙拉 | C10: 青檸烤雞握沙拉(113年) | E10: 39.8 | F10: 5805 | G10: =E10*F10 -> 231039 | I10: 17 | J10: 1500 | K10: =J10/I10 -> 88.235294 | L10: 17 | M10: =F10/V10*60 -> 1427.459 | N10: =M10/L10 -> 83.968177 | O10: =L10-I10 -> 0 | P10: =N10-K10 -> -4.2671167 | Q10: =N10/K10 -> 0.95163934 | S10: 0.29444444 | T10: 0.46388889 | U10: =IF(S10=TIME(17,0,0),"",(S10-T9)*24*60) -> 26 | V10: =(T10-S10)*24*60 -> 244 | AA10: =M10-J10 -> -72.540984 | AB10: =M10/J10 -> 0.95163934
A11: 新豐2線 | B11: 平均 | I11: 18 | J11: 1500 | K11: =J11/I11 -> 83.333333 | L11: 18 | M11: =AVERAGE(M9:M10) -> 1431.451 | N11: =M11/L11 -> 79.525057 | O11: =L11-I11 -> 0 | P11: =N11-K11 -> -3.8082763 | Q11: =N11/K11 -> 0.95430068 | AA11: =M11-J11 -> -68.548973 | AB11: =M11/J11 -> 0.95430068
A12: 新豐5線 | B12: 小吃 | C12: 剝皮辣椒雞湯 | E12: 41 | F12: 2411 | G12: =E12*F12 -> 98851 | I12: 26 | J12: 1500 | K12: =J12/I12 -> 57.692308 | L12: 26 | M12: =F12/V12*60 -> 1432.2772 | N12: =M12/L12 -> 55.087586 | O12: =L12-I12 -> 0 | P12: =N12-K12 -> -2.604722 | Q12: =N12/K12 -> 0.95485149 | R12: =Q21 -> 0.96165792 | S12: 0.20833333 | T12: 0.27847222 | V12: =(T12-S12)*24*60 -> 101 | AA12: =M12-J12 -> -67.722772 | AB12: =M12/J12 -> 0.95485149 | AC12: =AB21 -> 0.96165792
A13: 新豐5線 | B13: 季節調理麵 | C13: 柚子雞白湯拉麵 | E13: 72.4 | F13: 1160 | G13: =E13*F13 -> 83984 | I13: 18 | J13: 1500 | K13: =J13/I13 -> 83.333333 | L13: 18 | M13: =F13/V13*60 -> 1450 | N13: =M13/L13 -> 80.555556 | O13: =L13-I13 -> 0 | P13: =N13-K13 -> -2.7777778 | Q13: =N13/K13 -> 0.96666667 | S13: 0.28194444 | T13: 0.31527778 | U13: =IF(S13=TIME(17,0,0),"",(S13-T12)*24*60) -> 5 | V13: =(T13-S13)*24*60 -> 48 | AA13: =M13-J13 -> -50 | AB13: =M13/J13 -> 0.96666667
A14: 新豐5線 | B14: 熱食義麵 | C14: 焗烤起司肉醬筆尖麵 | E14: 50.67 | F14: 1622 | G14: =E14*F14 -> 82186.74 | I14: 16 | J14: 1500 | K14: =J14/I14 -> 93.75 | L14: 16 | M14: =F14/V14*60 -> 1431.1765 | N14: =M14/L14 -> 89.448529 | O14: =L14-I14 -> 0 | P14: =N14-K14 -> -4.3014706 | Q14: =N14/K14 -> 0.95411765 | S14: 0.32083333 | T14: 0.36805556 | U14: =IF(S14=TIME(17,0,0),"",(S14-T13)*24*60) -> 8 | V14: =(T14-S14)*24*60 -> 68 | AA14: =M14-J14 -> -68.823529 | AB14: =M14/J14 -> 0.95411765
A15: 新豐5線 | B15: 微波主食 | C15: 二配金咖哩濃厚辛口咖哩飯 | E15: 50.98 | F15: 800 | G15: =E15*F15 -> 40784 | H15: 2 | I15: 16 | J15: 2000 | K15: =J15/I15 -> 125 | L15: 16 | M15: =F15/V15*60 -> 1920 | N15: =M15/L15 -> 120 | O15: =L15-I15 -> 0 | P15: =N15-K15 -> -5 | Q15: =N15/K15 -> 0.96 | S15: 0.70833333 | T15: 0.72569444 | U15: =IF(S15=TIME(17,0,0),"",(S15-T14)*24*60) | V15: =(T15-S15)*24*60 -> 25 | AA15: =M15-J15 -> -80 | AB15: =M15/J15 -> 0.96
A16: 新豐5線 | B16: 微波主食 | C16: 二配金咖哩果香甘口咖哩飯 | E16: 50.92 | F16: 800 | G16: =E16*F16 -> 40736 | H16: 2 | I16: 15 | J16: 2000 | K16: =J16/I16 -> 133.33333 | L16: 15 | M16: =F16/V16*60 -> 1920 | N16: =M16/L16 -> 128 | O16: =L16-I16 -> 0 | P16: =N16-K16 -> -5.3333333 | Q16: =N16/K16 -> 0.96 | S16: 0.72916667 | T16: 0.74652778 | U16: =IF(S16=TIME(17,0,0),"",(S16-T15)*24*60) -> 5 | V16: =(T16-S16)*24*60 -> 25 | AA16: =M16-J16 -> -80 | AB16: =M16/J16 -> 0.96
A17: 新豐5線 | B17: 微波主食 | C17: 二配泰式綠咖哩雞 | E17: 50.67 | F17: 1681 | G17: =E17*F17 -> 85176.27 | I17: 15 | J17: 2000 | K17: =J17/I17 -> 133.33333 | L17: 15 | M17: =F17/V17*60 -> 1939.6154 | N17: =M17/L17 -> 129.30769 | O17: =L17-I17 -> 0 | P17: =N17-K17 -> -4.025641 | Q17: =N17/K17 -> 0.96980769 | S17: 0.75 | T17: 0.78611111 | U17: =IF(S17=TIME(17,0,0),"",(S17-T16)*24*60) -> 5 | V17: =(T17-S17)*24*60 -> 52 | AA17: =M17-J17 -> -60.384615 | AB17: =M17/J17 -> 0.96980769
A18: 新豐5線 | B18: 微波主食 | C18: 二配厚香料咖哩雞排飯 | E18: 57.3 | F18: 2212 | G18: =E18*F18 -> 126747.6 | I18: 13 | J18: 2000 | K18: =J18/I18 -> 153.84615 | L18: 13 | M18: =F18/V18*60 -> 1923.4783 | N18: =M18/L18 -> 147.95987 | O18: =L18-I18 -> 0 | P18: =N18-K18 -> -5.8862876 | Q18: =N18/K18 -> 0.96173913 | S18: 0.79027778 | T18: 0.83819444 | U18: =IF(S18=TIME(17,0,0),"",(S18-T17)*24*60) -> 6 | V18: =(T18-S18)*24*60 -> 69 | W18: =T18 -> 0.83819444 | X18: =S19 -> 0.87916667 | AA18: =M18-J18 -> -76.521739 | AB18: =M18/J18 -> 0.96173913
A19: 新豐5線 | B19: 微波主食 | C19: 二配金咖哩濃厚辛口咖哩飯 | E19: 50.98 | F19: 1819 | G19: =E19*F19 -> 92732.62 | I19: 16 | J19: 2000 | K19: =J19/I19 -> 125 | L19: 16 | M19: =F19/V19*60 -> 1914.7368 | N19: =M19/L19 -> 119.67105 | O19: =L19-I19 -> 0 | P19: =N19-K19 -> -5.3289474 | Q19: =N19/K19 -> 0.95736842 | S19: 0.87916667 | T19: 0.91875 | U19: =IF(S19=TIME(17,0,0),"",(S19-T18)*24*60) -> 59 | V19: =(T19-S19)*24*60 -> 57 | AA19: =M19-J19 -> -85.263158 | AB19: =M19/J19 -> 0.95736842
A20: 新豐5線 | B20: 微波主食 | C20: 二配金咖哩果香甘口咖哩飯 | E20: 50.92 | F20: 1807 | G20: =E20*F20 -> 92012.44 | I20: 15 | J20: 2000 | K20: =J20/I20 -> 133.33333 | L20: 15 | M20: =F20/V20*60 -> 1936.0714 | N20: =M20/L20 -> 129.07143 | O20: =L20-I20 -> 0 | P20: =N20-K20 -> -4.2619048 | Q20: =N20/K20 -> 0.96803571 | S20: 0.92291667 | T20: 0.96180556 | U20: =IF(S20=TIME(17,0,0),"",(S20-T19)*24*60) -> 6 | V20: =(T20-S20)*24*60 -> 56 | AA20: =M20-J20 -> -63.928571 | AB20: =M20/J20 -> 0.96803571
A21: 新豐5線 | B21: 平均 | I21: 16.666667 | J21: 1833.3333 | K21: =J21/I21 -> 110 | L21: 16.666667 | M21: =AVERAGE(M12:M20) -> 1763.0395 | N21: =M21/L21 -> 105.78237 | O21: =L21-I21 -> 0 | P21: =N21-K21 -> -4.2176292 | Q21: =N21/K21 -> 0.96165792 | AA21: =M21-J21 -> -70.293821 | AB21: =M21/J21 -> 0.96165792
A22: 新豐7線 | B22: 小吃 | C22: 古早味炒炊粉 | E22: 43.14 | F22: 1171 | G22: =E22*F22 -> 50516.94 | I22: 17 | J22: 2000 | K22: =J22/I22 -> 117.64706 | L22: 17 | M22: =F22/V22*60 -> 1951.6667 | N22: =M22/L22 -> 114.80392 | O22: =L22-I22 -> 0 | P22: =N22-K22 -> -2.8431373 | Q22: =N22/K22 -> 0.97583333 | R22: =Q31 -> 0.96219796 | S22: 0.20833333 | T22: 0.23333333 | V22: =(T22-S22)*24*60 -> 36 | AA22: =M22-J22 -> -48.333333 | AB22: =M22/J22 -> 0.97583333 | AC22: =AB31 -> 0.96219796
A23: 新豐7線 | B23: 熱食義麵 | C23: 麻婆豆腐波浪麵 | E23: 49.9 | F23: 1290 | G23: =E23*F23 -> 64371 | I23: 17 | J23: 2000 | K23: =J23/I23 -> 117.64706 | L23: 17 | M23: =F23/V23*60 -> 1935 | N23: =M23/L23 -> 113.82353 | O23: =L23-I23 -> 0 | P23: =N23-K23 -> -3.8235294 | Q23: =N23/K23 -> 0.9675 | S23: 0.23680556 | T23: 0.26458333 | U23: =IF(S23=TIME(17,0,0),"",(S23-T22)*24*60) -> 5 | V23: =(T23-S23)*24*60 -> 40 | AA23: =M23-J23 -> -65 | AB23: =M23/J23 -> 0.9675
A24: 新豐7線 | B24: 微波主食 | C24: 鐵板滑蛋炸豬排丼 | E24: 57.73 | F24: 2830 | G24: =E24*F24 -> 163375.9 | I24: 14 | J24: 2000 | K24: =J24/I24 -> 142.85714 | L24: 14 | M24: =F24/V24*60 -> 1907.8652 | N24: =M24/L24 -> 136.27608 | O24: =L24-I24 -> 0 | P24: =N24-K24 -> -6.5810594 | Q24: =N24/K24 -> 0.95393258 | S24: 0.26805556 | T24: 0.32986111 | U24: =IF(S24=TIME(17,0,0),"",(S24-T23)*24*60) -> 5 | V24: =(T24-S24)*24*60 -> 89 | AA24: =M24-J24 -> -92.134831 | AB24: =M24/J24 -> 0.95393258
A25: 新豐7線 | B25: 微波主食 | C25: 極上炙烤親子丼 | E25: 53.68 | F25: 1717 | G25: =E25*F25 -> 92168.56 | I25: 16 | J25: 2000 | K25: =J25/I25 -> 125 | L25: 16 | M25: =F25/V25*60 -> 1907.7778 | N25: =M25/L25 -> 119.23611 | O25: =L25-I25 -> 0 | P25: =N25-K25 -> -5.7638889 | Q25: =N25/K25 -> 0.95388889 | S25: 0.33472222 | T25: 0.37222222 | U25: =IF(S25=TIME(17,0,0),"",(S25-T24)*24*60) -> 7 | V25: =(T25-S25)*24*60 -> 54 | AA25: =M25-J25 -> -92.222222 | AB25: =M25/J25 -> 0.95388889
A26: 新豐7線 | B26: 微波主食 | C26: 日式野菜烘蛋燴飯 | E26: 49.91 | F26: 1057 | G26: =E26*F26 -> 52754.87 | I26: 17 | J26: 2000 | K26: =J26/I26 -> 117.64706 | L26: 17 | M26: =F26/V26*60 -> 1921.8182 | N26: =M26/L26 -> 113.04813 | O26: =L26-I26 -> 0 | P26: =N26-K26 -> -4.5989305 | Q26: =N26/K26 -> 0.96090909 | S26: 0.37777778 | T26: 0.40069444 | U26: =IF(S26=TIME(17,0,0),"",(S26-T25)*24*60) -> 8 | V26: =(T26-S26)*24*60 -> 33 | AA26: =M26-J26 -> -78.181818 | AB26: =M26/J26 -> 0.96090909
A27: 新豐7線 | B27: 微波主食 | C27: 二配川味麻婆燒豆腐燴飯 | E27: 50.49 | F27: 2027 | G27: =E27*F27 -> 102343.23 | I27: 15 | J27: 2000 | K27: =J27/I27 -> 133.33333 | L27: 15 | M27: =F27/V27*60 -> 1930.4762 | N27: =M27/L27 -> 128.69841 | O27: =L27-I27 -> 0 | P27: =N27-K27 -> -4.6349206 | Q27: =N27/K27 -> 0.9652381 | S27: 0.70833333 | T27: 0.75208333 | U27: =IF(S27=TIME(17,0,0),"",(S27-T26)*24*60) | V27: =(T27-S27)*24*60 -> 63 | AA27: =M27-J27 -> -69.52381 | AB27: =M27/J27 -> 0.9652381
A28: 新豐7線 | B28: 微波主食 | C28: 二配粗飽系雞排炒飯(114年) | E28: 57.73 | F28: 1325 | G28: =E28*F28 -> 76492.25 | I28: 16 | J28: 1500 | K28: =J28/I28 -> 93.75 | L28: 16 | M28: =F28/V28*60 -> 1445.4545 | N28: =M28/L28 -> 90.340909 | O28: =L28-I28 -> 0 | P28: =N28-K28 -> -3.4090909 | Q28: =N28/K28 -> 0.96363636 | S28: 0.75694444 | T28: 0.79513889 | U28: =IF(S28=TIME(17,0,0),"",(S28-T27)*24*60) -> 7 | V28: =(T28-S28)*24*60 -> 55 | AA28: =M28-J28 -> -54.545455 | AB28: =M28/J28 -> 0.96363636
A29: 新豐7線 | B29: 微波主食 | C29: 二配起司控培根白醬焗烤飯 | E29: 53.68 | F29: 1000 | G29: =E29*F29 -> 53680 | H29: 2 | I29: 16 | J29: 1500 | K29: =J29/I29 -> 93.75 | L29: 16 | M29: =F29/V29*60 -> 1428.5714 | N29: =M29/L29 -> 89.285714 | O29: =L29-I29 -> 0 | P29: =N29-K29 -> -4.4642857 | Q29: =N29/K29 -> 0.95238095 | S29: 0.79930556 | T29: 0.82847222 | U29: =IF(S29=TIME(17,0,0),"",(S29-T28)*24*60) -> 6 | V29: =(T29-S29)*24*60 -> 42 | W29: =T29 -> 0.82847222 | X29: =S30 -> 0.87083333 | AA29: =M29-J29 -> -71.428571 | AB29: =M29/J29 -> 0.95238095
A30: 新豐7線 | B30: 微波主食 | C30: 二配起司控培根白醬焗烤飯 | E30: 53.68 | F30: 1327 | G30: =E30*F30 -> 71233.36 | I30: 16 | J30: 1500 | K30: =J30/I30 -> 93.75 | L30: 16 | M30: =F30/V30*60 -> 1447.6364 | N30: =M30/L30 -> 90.477273 | O30: =L30-I30 -> 0 | P30: =N30-K30 -> -3.2727273 | Q30: =N30/K30 -> 0.96509091 | S30: 0.87083333 | T30: 0.90902778 | U30: =IF(S30=TIME(17,0,0),"",(S30-T29)*24*60) -> 61 | V30: =(T30-S30)*24*60 -> 55 | AA30: =M30-J30 -> -52.363636 | AB30: =M30/J30 -> 0.96509091
A31: 新豐7線 | B31: 平均 | I31: 16 | J31: 1833.3333 | K31: =J31/I31 -> 114.58333 | L31: 16 | M31: =AVERAGE(M22:M30) -> 1764.0296 | N31: =M31/L31 -> 110.25185 | O31: =L31-I31 -> 0 | P31: =N31-K31 -> -4.3314839 | Q31: =N31/K31 -> 0.96219796 | AA31: =M31-J31 -> -69.303742 | AB31: =M31/J31 -> 0.96219796
A32: 新豐8線 | B32: 三明治 | C32: 紐奧良風味烤雞鮮蔬三明治 | E32: 31.29 | F32: 4100 | G32: =E32*F32 -> 128289 | H32: 2 | I32: 18 | J32: 2400 | K32: =J32/I32 -> 133.33333 | L32: 18 | M32: =F32/V32*60 -> 2299.0654 | N32: =M32/L32 -> 127.72586 | O32: =L32-I32 -> 0 | P32: =N32-K32 -> -5.6074766 | Q32: =N32/K32 -> 0.95794393 | R32: =Q39 -> 0.95612793 | S32: 0.083333333 | T32: 0.15763889 | V32: =(T32-S32)*24*60 -> 107 | W32: =T32 -> 0.15763889 | X32: =S33 -> 0.17916667 | AA32: =M32-J32 -> -100.93458 | AB32: =M32/J32 -> 0.95794393 | AC32: =AB39 -> 0.95612793
A33: 新豐8線 | B33: 三明治 | C33: 經典總匯三明治 | E33: 26.2 | F33: 3100 | G33: =E33*F33 -> 81220 | H33: 2 | I33: 20 | J33: 2400 | K33: =J33/I33 -> 120 | L33: 20 | M33: =F33/V33*60 -> 2296.2963 | N33: =M33/L33 -> 114.81481 | O33: =L33-I33 -> 0 | P33: =N33-K33 -> -5.1851852 | Q33: =N33/K33 -> 0.95679012 | S33: 0.17916667 | T33: 0.23541667 | U33: =(S33-T32)*24*60 -> 31 | V33: =(T33-S33)*24*60 -> 81 | AA33: =M33-J33 -> -103.7037 | AB33: =M33/J33 -> 0.95679012
A34: 新豐8線 | B34: 三明治 | C34: 雞蛋沙拉三明治(114年) | E34: 25.99 | F34: 4644 | G34: =E34*F34 -> 120697.56 | I34: 14 | J34: 2400 | K34: =J34/I34 -> 171.42857 | L34: 14 | M34: =F34/V34*60 -> 2302.8099 | N34: =M34/L34 -> 164.48642 | O34: =L34-I34 -> 0 | P34: =N34-K34 -> -6.9421488 | Q34: =N34/K34 -> 0.95950413 | S34: 0.24097222 | T34: 0.325 | U34: =(S34-T33)*24*60 -> 8 | V34: =(T34-S34)*24*60 -> 121 | AA34: =M34-J34 -> -97.190083 | AB34: =M34/J34 -> 0.95950413
A35: 新豐8線 | B35: 三明治 | C35: 肉鬆火腿三明治 | E35: 20.52 | F35: 4454 | G35: =E35*F35 -> 91396.08 | I35: 18 | J35: 2400 | K35: =J35/I35 -> 133.33333 | L35: 18 | M35: =F35/V35*60 -> 2284.1026 | N35: =M35/L35 -> 126.89459 | O35: =L35-I35 -> 0 | P35: =N35-K35 -> -6.4387464 | Q35: =N35/K35 -> 0.9517094 | S35: 0.32916667 | T35: 0.41041667 | U35: =(S35-T34)*24*60 -> 6 | V35: =(T35-S35)*24*60 -> 117 | AA35: =M35-J35 -> -115.89744 | AB35: =M35/J35 -> 0.9517094
A36: 新豐8線 | B36: 三明治 | C36: 好多菜三明治(114年) | E36: 25.98 | F36: 3957 | G36: =E36*F36 -> 102802.86 | I36: 21 | J36: 2400 | K36: =J36/I36 -> 114.28571 | L36: 21 | M36: =F36/V36*60 -> 2305.0485 | N36: =M36/L36 -> 109.76422 | O36: =L36-I36 -> 0 | P36: =N36-K36 -> -4.5214979 | Q36: =N36/K36 -> 0.96043689 | S36: 0.41597222 | T36: 0.4875 | U36: =(S36-T35)*24*60 -> 8 | V36: =(T36-S36)*24*60 -> 103 | W36: =T36 -> 0.4875 | X36: =S37 -> 0.52847222 | AA36: =M36-J36 -> -94.951456 | AB36: =M36/J36 -> 0.96043689
A37: 新豐8線 | B37: 三明治 | C37: 紐奧良風味烤雞鮮蔬三明治 | E37: 31.29 | F37: 4989 | G37: =E37*F37 -> 156105.81 | I37: 18 | J37: 2400 | K37: =J37/I37 -> 133.33333 | L37: 18 | M37: =F37/V37*60 -> 2285.0382 | N37: =M37/L37 -> 126.94656 | O37: =L37-I37 -> 0 | P37: =N37-K37 -> -6.3867684 | Q37: =N37/K37 -> 0.95209924 | S37: 0.52847222 | T37: 0.61944444 | U37: =(S37-T36)*24*60 -> 59 | V37: =(T37-S37)*24*60 -> 131 | AA37: =M37-J37 -> -114.96183 | AB37: =M37/J37 -> 0.95209924
A38: 新豐8線 | B38: 三明治 | C38: 經典總匯三明治 | E38: 26.2 | F38: 1947 | G38: =E38*F38 -> 51011.4 | I38: 20 | J38: 2400 | K38: =J38/I38 -> 120 | L38: 20 | M38: =F38/V38*60 -> 2290.5882 | N38: =M38/L38 -> 114.52941 | O38: =L38-I38 -> 0 | P38: =N38-K38 -> -5.4705882 | Q38: =N38/K38 -> 0.95441176 | S38: 0.62430556 | T38: 0.65972222 | U38: =(S38-T37)*24*60 -> 7 | V38: =(T38-S38)*24*60 -> 51 | AA38: =M38-J38 -> -109.41176 | AB38: =M38/J38 -> 0.95441176
A39: 新豐8線 | B39: 平均 | I39: 18.428571 | J39: 2400 | K39: =J39/I39 -> 130.23256 | L39: 18.428571 | M39: =AVERAGE(M32:M38) -> 2294.707 | N39: =M39/L39 -> 124.51899 | O39: =L39-I39 -> 0 | P39: =N39-K39 -> -5.7135725 | Q39: =N39/K39 -> 0.95612793 | AA39: =M39-J39 -> -105.29298 | AB39: =M39/J39 -> 0.95612793
A40: 新豐9線 | B40: 三明治 | C40: 檸檬紅茶三明治 | E40: 22.69 | F40: 1285 | G40: =E40*F40 -> 29156.65 | I40: 15 | J40: 2400 | K40: =J40/I40 -> 160 | L40: 15 | M40: =F40/V40*60 -> 2336.3636 | N40: =M40/L40 -> 155.75758 | O40: =L40-I40 -> 0 | P40: =N40-K40 -> -4.2424242 | Q40: =N40/K40 -> 0.97348485 | R40: =Q48 -> 0.96008091 | S40: 0.083333333 | T40: 0.10625 | V40: =(T40-S40)*24*60 -> 33 | W40: =T40 -> 0.10625 | X40: =S41 -> 0.12638889 | AA40: =M40-J40 -> -63.636364 | AB40: =M40/J40 -> 0.97348485 | AC40: =AB48 -> 0.96008091
A41: 新豐9線 | B41: 三明治 | C41: 鮪魚起司溏心蛋三明治 | E41: 26.2 | F41: 2700 | G41: =E41*F41 -> 70740 | H41: 2 | I41: 18 | J41: 2400 | K41: =J41/I41 -> 133.33333 | L41: 18 | M41: =F41/V41*60 -> 2314.2857 | N41: =M41/L41 -> 128.57143 | O41: =L41-I41 -> 0 | P41: =N41-K41 -> -4.7619048 | Q41: =N41/K41 -> 0.96428571 | S41: 0.12638889 | T41: 0.175 | U41: =(S41-T40)*24*60 -> 29 | V41: =(T41-S41)*24*60 -> 70 | AA41: =M41-J41 -> -85.714286 | AB41: =M41/J41 -> 0.96428571
A42: 新豐9線 | B42: 三明治 | C42: 陽光地瓜總匯三明治 | E42: 26.18 | F42: 2516 | G42: =E42*F42 -> 65868.88 | I42: 19 | J42: 2400 | K42: =J42/I42 -> 126.31579 | L42: 19 | M42: =F42/V42*60 -> 2287.2727 | N42: =M42/L42 -> 120.38278 | O42: =L42-I42 -> 0 | P42: =N42-K42 -> -5.9330144 | Q42: =N42/K42 -> 0.9530303 | S42: 0.17986111 | T42: 0.22569444 | U42: =(S42-T41)*24*60 -> 7 | V42: =(T42-S42)*24*60 -> 66 | AA42: =M42-J42 -> -112.72727 | AB42: =M42/J42 -> 0.9530303
A43: 新豐9線 | B43: 三明治 | C43: 醬燒烤雞三明治 | E43: 26.39 | F43: 6223 | G43: =E43*F43 -> 164224.97 | I43: 19 | J43: 2400 | K43: =J43/I43 -> 126.31579 | L43: 19 | M43: =F43/V43*60 -> 2290.6748 | N43: =M43/L43 -> 120.56183 | O43: =L43-I43 -> 0 | P43: =N43-K43 -> -5.7539554 | Q43: =N43/K43 -> 0.95444785 | S43: 0.22916667 | T43: 0.34236111 | U43: =(S43-T42)*24*60 -> 5 | V43: =(T43-S43)*24*60 -> 163 | AA43: =M43-J43 -> -109.32515 | AB43: =M43/J43 -> 0.95444785
A44: 新豐9線 | B44: 三明治 | C44: 覆盆莓榛果可可三明治 | E44: 22.69 | F44: 3430 | G44: =E44*F44 -> 77826.7 | I44: 15 | J44: 2400 | K44: =J44/I44 -> 160 | L44: 15 | M44: =F44/V44*60 -> 2286.6667 | N44: =M44/L44 -> 152.44444 | O44: =L44-I44 -> 0 | P44: =N44-K44 -> -7.5555556 | Q44: =N44/K44 -> 0.95277778 | S44: 0.34791667 | T44: 0.41041667 | U44: =(S44-T43)*24*60 -> 8 | V44: =(T44-S44)*24*60 -> 90 | AA44: =M44-J44 -> -113.33333 | AB44: =M44/J44 -> 0.95277778
A45: 新豐9線 | B45: 三明治 | C45: 瘋狂起司三明治(113年) | E45: 24.45 | F45: 2580 | G45: =E45*F45 -> 63081 | I45: 20 | J45: 2400 | K45: =J45/I45 -> 120 | L45: 20 | M45: =F45/V45*60 -> 2310.4478 | N45: =M45/L45 -> 115.52239 | O45: =L45-I45 -> 0 | P45: =N45-K45 -> -4.4776119 | Q45: =N45/K45 -> 0.96268657 | S45: 0.41597222 | T45: 0.4625 | U45: =(S45-T44)*24*60 -> 8 | V45: =(T45-S45)*24*60 -> 67 | AA45: =M45-J45 -> -89.552239 | AB45: =M45/J45 -> 0.96268657
A46: 新豐9線 | B46: 三明治 | C46: 切達海鮮雙饗三明治 | E46: 28.51 | F46: 769 | G46: =E46*F46 -> 21924.19 | I46: 16 | J46: 2400 | K46: =J46/I46 -> 150 | L46: 16 | M46: =F46/V46*60 -> 2307 | N46: =M46/L46 -> 144.1875 | O46: =L46-I46 -> 0 | P46: =N46-K46 -> -5.8125 | Q46: =N46/K46 -> 0.96125 | S46: 0.46597222 | T46: 0.47986111 | U46: =(S46-T45)*24*60 -> 5 | V46: =(T46-S46)*24*60 -> 20 | W46: =T46 -> 0.47986111 | X46: =S47 -> 0.51875 | AA46: =M46-J46 -> -93 | AB46: =M46/J46 -> 0.96125
A47: 新豐9線 | B47: 三明治 | C47: 鮪魚起司溏心蛋三明治 | E47: 26.2 | F47: 3643 | G47: =E47*F47 -> 95446.6 | I47: 18 | J47: 2400 | K47: =J47/I47 -> 133.33333 | L47: 18 | M47: =F47/V47*60 -> 2300.8421 | N47: =M47/L47 -> 127.82456 | O47: =L47-I47 -> 0 | P47: =N47-K47 -> -5.5087719 | Q47: =N47/K47 -> 0.95868421 | S47: 0.51875 | T47: 0.58472222 | U47: =(S47-T46)*24*60 -> 56 | V47: =(T47-S47)*24*60 -> 95 | AA47: =M47-J47 -> -99.157895 | AB47: =M47/J47 -> 0.95868421
A48: 新豐9線 | B48: 平均 | I48: 17.5 | J48: 2400 | K48: =J48/I48 -> 137.14286 | L48: 17.5 | M48: =AVERAGE(M40:M47) -> 2304.1942 | N48: =M48/L48 -> 131.66824 | O48: =L48-I48 -> 0 | P48: =N48-K48 -> -5.4746182 | Q48: =N48/K48 -> 0.96008091 | AA48: =M48-J48 -> -95.805818 | AB48: =M48/J48 -> 0.96008091
A49: 新豐3線 | B49: 調理麵包 | C49: 豬肉起司堡 | E49: 21.13 | F49: 5368 | G49: =E49*F49 -> 113425.84 | I49: 10 | J49: 3000 | K49: =J49/I49 -> 300 | L49: 10 | M49: =F49/V49*60 -> 2875.7143 | N49: =M49/L49 -> 287.57143 | O49: =L49-I49 -> 0 | P49: =N49-K49 -> -12.428571 | Q49: =N49/K49 -> 0.95857143 | R49: =Q55 -> 0.95500749 | S49: 0.083333333 | T49: 0.16111111 | V49: =(T49-S49)*24*60 -> 112 | W49: =T49 -> 0.16111111 | X49: =S50 -> 0.17986111 | AA49: =M49-J49 -> -124.28571 | AB49: =M49/J49 -> 0.95857143 | AC49: =AB55 -> 0.95500749
A50: 新豐3線 | B50: 調理麵包 | C50: 豬肉起司蛋堡 | E50: 27.17 | F50: 7043 | G50: =E50*F50 -> 191358.31 | I50: 10 | J50: 3000 | K50: =J50/I50 -> 300 | L50: 10 | M50: =F50/V50*60 -> 2855.2703 | N50: =M50/L50 -> 285.52703 | O50: =L50-I50 -> 0 | P50: =N50-K50 -> -14.472973 | Q50: =N50/K50 -> 0.95175676 | S50: 0.17986111 | T50: 0.28263889 | U50: =(S50-T49)*24*60 -> 27 | V50: =(T50-S50)*24*60 -> 148 | AA50: =M50-J50 -> -144.72973 | AB50: =M50/J50 -> 0.95175676
A51: 新豐3線 | B51: 調理麵包 | C51: 經典雙牛起司堡(113年) | E51: 35.12 | F51: 4669 | G51: =E51*F51 -> 163975.28 | I51: 10 | J51: 3000 | K51: =J51/I51 -> 300 | L51: 10 | M51: =F51/V51*60 -> 2858.5714 | N51: =M51/L51 -> 285.85714 | O51: =L51-I51 -> 0 | P51: =N51-K51 -> -14.142857 | Q51: =N51/K51 -> 0.95285714 | S51: 0.2875 | T51: 0.35555556 | U51: =(S51-T50)*24*60 -> 7 | V51: =(T51-S51)*24*60 -> 98 | AA51: =M51-J51 -> -141.42857 | AB51: =M51/J51 -> 0.95285714
A52: 新豐3線 | B52: 調理麵包 | C52: 排骨雞起司炒麵麵包 | E52: 31 | F52: 1858 | G52: =E52*F52 -> 57598 | I52: 13 | J52: 2000 | K52: =J52/I52 -> 153.84615 | L52: 13 | M52: =F52/V52*60 -> 1922.069 | N52: =M52/L52 -> 147.85146 | O52: =L52-I52 -> 0 | P52: =N52-K52 -> -5.994695 | Q52: =N52/K52 -> 0.96103448 | S52: 0.35972222 | T52: 0.4 | U52: =(S52-T51)*24*60 -> 6 | V52: =(T52-S52)*24*60 -> 58 | AA52: =M52-J52 -> -77.931034 | AB52: =M52/J52 -> 0.96103448
A53: 新豐3線 | B53: 調理麵包 | C53: 滿滿起司燻腸洋芋堡 | E53: 37.88 | F53: 2803 | G53: =E53*F53 -> 106177.64 | I53: 14 | J53: 2000 | K53: =J53/I53 -> 142.85714 | L53: 14 | M53: =F53/V53*60 -> 1911.1364 | N53: =M53/L53 -> 136.50974 | O53: =L53-I53 -> 0 | P53: =N53-K53 -> -6.3474026 | Q53: =N53/K53 -> 0.95556818 | S53: 0.40486111 | T53: 0.46597222 | U53: =(S53-T52)*24*60 -> 7 | V53: =(T53-S53)*24*60 -> 88 | AA53: =M53-J53 -> -88.863636 | AB53: =M53/J53 -> 0.95556818
A54: 新豐3線 | B54: 調理麵包 | C54: 花生培根歐姆蛋堡 | E54: 32.02 | F54: 2524 | G54: =E54*F54 -> 80818.48 | I54: 11 | J54: 3000 | K54: =J54/I54 -> 272.72727 | L54: 11 | M54: =F54/V54*60 -> 2857.3585 | N54: =M54/L54 -> 259.75986 | O54: =L54-I54 -> 0 | P54: =N54-K54 -> -12.96741 | Q54: =N54/K54 -> 0.95245283 | S54: 0.47083333 | T54: 0.50763889 | U54: =(S54-T53)*24*60 -> 7 | V54: =(T54-S54)*24*60 -> 53 | AA54: =M54-J54 -> -142.64151 | AB54: =M54/J54 -> 0.95245283
A55: 新豐3線 | B55: 平均 | I55: 11.333333 | J55: 2666.6667 | K55: =J55/I55 -> 235.29412 | L55: 11.333333 | M55: =AVERAGE(M49:M54) -> 2546.6866 | N55: =M55/L55 -> 224.70764 | O55: =L55-I55 -> 0 | P55: =N55-K55 -> -10.586473 | Q55: =N55/K55 -> 0.95500749 | AA55: =M55-J55 -> -119.98003 | AB55: =M55/J55 -> 0.95500749
A56: 新豐1線 | B56: 沙拉 | C56: 蔥鹽雞肉麵沙拉(114年) | E56: 46 | F56: 1990 | G56: =E56*F56 -> 91540 | I56: 17 | J56: 2000 | K56: =J56/I56 -> 117.64706 | L56: 17 | M56: =F56/V56*60 -> 1925.8065 | N56: =M56/L56 -> 113.28273 | O56: =L56-I56 -> 0 | P56: =N56-K56 -> -4.3643264 | Q56: =N56/K56 -> 0.96290323 | R56: =Q64 -> 0.89399262 | S56: 0.20833333 | T56: 0.25138889 | V56: =(T56-S56)*24*60 -> 62 | AA56: =M56-J56 -> -74.193548 | AB56: =M56/J56 -> 0.96290323 | AC56: =AB64 -> 0.89399262
A57: 新豐1線 | B57: 沙拉 | C57: 莎莎烤雞麵沙拉 | E57: 46 | F57: 2114 | G57: =E57*F57 -> 97244 | I57: 17 | J57: 2000 | K57: =J57/I57 -> 117.64706 | L57: 17 | M57: =F57/V57*60 -> 1921.8182 | N57: =M57/L57 -> 113.04813 | O57: =L57-I57 -> 0 | P57: =N57-K57 -> -4.5989305 | Q57: =N57/K57 -> 0.96090909 | S57: 0.25694444 | T57: 0.30277778 | U57: =IF(S57=TIME(17,0,0),"",(S57-T56)*24*60) -> 8 | V57: =(T57-S57)*24*60 -> 66 | AA57: =M57-J57 -> -78.181818 | AB57: =M57/J57 -> 0.96090909
A58: 新豐1線 | B58: 微波主食 | C58: 蒜蒜燒豚飯 | E58: 51.86 | F58: 1347 | G58: =E58*F58 -> 69855.42 | I58: 25 | J58: 2000 | K58: =J58/I58 -> 80 | L58: 25 | M58: =F58/V58*60 -> 1262.8125 | N58: =M58/L58 -> 50.5125 | O58: =L58-I58 -> 0 | P58: =N58-K58 -> -29.4875 | Q58: =N58/K58 -> 0.63140625 | S58: 0.30694444 | T58: 0.35138889 | U58: =IF(S58=TIME(17,0,0),"",(S58-T57)*24*60) -> 6 | V58: =(T58-S58)*24*60 -> 64 | AA58: =M58-J58 -> -737.1875 | AB58: =M58/J58 -> 0.63140625
A59: 新豐1線 | B59: 微波主食 | C59: 壹號醬雞豚雙拼 | E59: 56.43 | F59: 2341 | G59: =E59*F59 -> 132102.63 | I59: 22 | J59: 2000 | K59: =J59/I59 -> 90.909091 | L59: 22 | M59: =F59/V59*60 -> 1494.2553 | N59: =M59/L59 -> 67.920696 | O59: =L59-I59 -> 0 | P59: =N59-K59 -> -22.988395 | Q59: =N59/K59 -> 0.74712766 | S59: 0.35694444 | T59: 0.42222222 | U59: =IF(S59=TIME(17,0,0),"",(S59-T58)*24*60) -> 8 | V59: =(T59-S59)*24*60 -> 94 | AA59: =M59-J59 -> -505.74468 | AB59: =M59/J59 -> 0.74712766
A60: 新豐1線 | B60: 微波主食 | C60: 二配香辣醬蒜味香腸蛋炒飯 | E60: 55.56 | F60: 2125 | G60: =E60*F60 -> 118065 | I60: 17 | J60: 2000 | K60: =J60/I60 -> 117.64706 | L60: 17 | M60: =F60/V60*60 -> 1931.8182 | N60: =M60/L60 -> 113.63636 | O60: =L60-I60 -> 0 | P60: =N60-K60 -> -4.0106952 | Q60: =N60/K60 -> 0.96590909 | S60: 0.70833333 | T60: 0.75416667 | U60: =IF(S60=TIME(17,0,0),"",(S60-T59)*24*60) | V60: =(T60-S60)*24*60 -> 66 | AA60: =M60-J60 -> -68.181818 | AB60: =M60/J60 -> 0.96590909
A61: 新豐1線 | B61: 微波主食 | C61: 二配香拌海鮮醬肉絲蛋炒飯 | E61: 55.32 | F61: 1537 | G61: =E61*F61 -> 85026.84 | I61: 15 | J61: 2000 | K61: =J61/I61 -> 133.33333 | L61: 15 | M61: =F61/V61*60 -> 1921.25 | N61: =M61/L61 -> 128.08333 | O61: =L61-I61 -> 0 | P61: =N61-K61 -> -5.25 | Q61: =N61/K61 -> 0.960625 | S61: 0.75763889 | T61: 0.79097222 | U61: =IF(S61=TIME(17,0,0),"",(S61-T60)*24*60) -> 5 | V61: =(T61-S61)*24*60 -> 48 | AA61: =M61-J61 -> -78.75 | AB61: =M61/J61 -> 0.960625
A62: 新豐1線 | B62: 微波主食 | C62: 二配鮭魚蛋炒飯 | E62: 51.83 | F62: 1700 | G62: =E62*F62 -> 88111 | H62: 2 | I62: 20 | J62: 2000 | K62: =J62/I62 -> 100 | L62: 20 | M62: =F62/V62*60 -> 1924.5283 | N62: =M62/L62 -> 96.226415 | O62: =L62-I62 -> 0 | P62: =N62-K62 -> -3.7735849 | Q62: =N62/K62 -> 0.96226415 | S62: 0.79513889 | T62: 0.83194444 | U62: =IF(S62=TIME(17,0,0),"",(S62-T61)*24*60) -> 6 | V62: =(T62-S62)*24*60 -> 53 | W62: =T62 -> 0.83194444 | X62: =S63 -> 0.87083333 | AA62: =M62-J62 -> -75.471698 | AB62: =M62/J62 -> 0.96226415
A63: 新豐1線 | B63: 微波主食 | C63: 二配鮭魚蛋炒飯 | E63: 51.83 | F63: 3619 | G63: =E63*F63 -> 187572.77 | I63: 20 | J63: 2000 | K63: =J63/I63 -> 100 | L63: 20 | M63: =F63/V63*60 -> 1921.5929 | N63: =M63/L63 -> 96.079646 | O63: =L63-I63 -> 0 | P63: =N63-K63 -> -3.920354 | Q63: =N63/K63 -> 0.96079646 | S63: 0.87083333 | T63: 0.94930556 | U63: =IF(S63=TIME(17,0,0),"",(S63-T62)*24*60) -> 56 | V63: =(T63-S63)*24*60 -> 113 | AA63: =M63-J63 -> -78.40708 | AB63: =M63/J63 -> 0.96079646
A64: 新豐1線 | B64: 平均 | I64: 19.125 | J64: 2000 | K64: =J64/I64 -> 104.57516 | L64: 19.125 | M64: =AVERAGE(M56:M63) -> 1787.9852 | N64: =M64/L64 -> 93.489424 | O64: =L64-I64 -> 0 | P64: =N64-K64 -> -11.085739 | Q64: =N64/K64 -> 0.89399262 | AA64: =M64-J64 -> -212.01477 | AB64: =M64/J64 -> 0.89399262
A65: 新豐10線 | B65: 沙拉 | C65: 溏心蛋洋芋沙拉 | E65: 26.97 | F65: 2834 | G65: =E65*F65 -> 76432.98 | I65: 8 | J65: 1500 | K65: =J65/I65 -> 187.5 | L65: 8 | M65: =F65/V65*60 -> 1441.0169 | N65: =M65/L65 -> 180.12712 | O65: =L65-I65 -> 0 | P65: =N65-K65 -> -7.3728814 | Q65: =N65/K65 -> 0.96067797 | R65: =Q71 -> 0.95780059 | S65: 0.20833333 | T65: 0.29027778 | V65: =(T65-S65)*24*60 -> 118 | AA65: =M65-J65 -> -58.983051 | AB65: =M65/J65 -> 0.96067797 | AC65: =AB71 -> 0.95780059
A66: 新豐10線 | B66: 調理麵包 | C66: 香雞蛋堡(112年) | E66: 26.78 | F66: 2726 | G66: =E66*F66 -> 73002.28 | I66: 10 | J66: 3000 | K66: =J66/I66 -> 300 | L66: 10 | M66: =F66/V66*60 -> 2869.4737 | N66: =M66/L66 -> 286.94737 | O66: =L66-I66 -> 0 | P66: =N66-K66 -> -13.052632 | Q66: =N66/K66 -> 0.95649123 | S66: 0.29513889 | T66: 0.33472222 | U66: =(S66-T65)*24*60 -> 7 | V66: =(T66-S66)*24*60 -> 57 | AA66: =M66-J66 -> -130.52632 | AB66: =M66/J66 -> 0.95649123
A67: 新豐10線 | B67: 調理麵包 | C67: 蜂蜜芥末辣雞堡 | E67: 37.88 | F67: 2724 | G67: =E67*F67 -> 103185.12 | I67: 10 | J67: 3000 | K67: =J67/I67 -> 300 | L67: 10 | M67: =F67/V67*60 -> 2867.3684 | N67: =M67/L67 -> 286.73684 | O67: =L67-I67 -> 0 | P67: =N67-K67 -> -13.263158 | Q67: =N67/K67 -> 0.95578947 | S67: 0.33958333 | T67: 0.37916667 | U67: =(S67-T66)*24*60 -> 7 | V67: =(T67-S67)*24*60 -> 57 | AA67: =M67-J67 -> -132.63158 | AB67: =M67/J67 -> 0.95578947
A68: 新豐10線 | B68: 調理麵包 | C68: 美式雞腿堡 | E68: 35.87 | F68: 3227 | G68: =E68*F68 -> 115752.49 | I68: 9 | J68: 3000 | K68: =J68/I68 -> 333.33333 | L68: 9 | M68: =F68/V68*60 -> 2889.8507 | N68: =M68/L68 -> 321.09453 | O68: =L68-I68 -> 0 | P68: =N68-K68 -> -12.238806 | Q68: =N68/K68 -> 0.96328358 | S68: 0.38402778 | T68: 0.43055556 | U68: =(S68-T67)*24*60 -> 7 | V68: =(T68-S68)*24*60 -> 67 | AA68: =M68-J68 -> -110.14925 | AB68: =M68/J68 -> 0.96328358
A69: 新豐10線 | B69: 調理麵包 | C69: 厚豆腐蛋白蕈菇豬肉堡 | E69: 34.36 | F69: 1968 | G69: =E69*F69 -> 67620.48 | I69: 10 | J69: 3000 | K69: =J69/I69 -> 300 | L69: 10 | M69: =F69/V69*60 -> 2880 | N69: =M69/L69 -> 288 | O69: =L69-I69 -> 0 | P69: =N69-K69 -> -12 | Q69: =N69/K69 -> 0.96 | S69: 0.43402778 | T69: 0.4625 | U69: =(S69-T68)*24*60 -> 5 | V69: =(T69-S69)*24*60 -> 41 | AA69: =M69-J69 -> -120 | AB69: =M69/J69 -> 0.96
A70: 新豐10線 | B70: 調理麵包 | C70: 泰式酸辣炸雞堡 | E70: 36.14 | F70: 1190 | G70: =E70*F70 -> 43006.6 | I70: 9 | J70: 3000 | K70: =J70/I70 -> 333.33333 | L70: 9 | M70: =F70/V70*60 -> 2856 | N70: =M70/L70 -> 317.33333 | O70: =L70-I70 -> 0 | P70: =N70-K70 -> -16 | Q70: =N70/K70 -> 0.952 | S70: 0.46805556 | T70: 0.48541667 | U70: =(S70-T69)*24*60 -> 8 | V70: =(T70-S70)*24*60 -> 25 | AA70: =M70-J70 -> -144 | AB70: =M70/J70 -> 0.952
A71: 新豐10線 | B71: 平均 | I71: 9.3333333 | J71: 2750 | K71: =J71/I71 -> 294.64286 | L71: 9.3333333 | M71: =AVERAGE(M65:M70) -> 2633.9516 | N71: =M71/L71 -> 282.2091 | O71: =L71-I71 -> 0 | P71: =N71-K71 -> -12.433754 | Q71: =N71/K71 -> 0.95780059 | AA71: =M71-J71 -> -116.04837 | AB71: =M71/J71 -> 0.95780059
A72: 新豐4線 | B72: 三明治 | C72: 香鬆起司蛋三明治(114年) | E72: 20.2 | F72: 2251 | G72: =E72*F72 -> 45470.2 | I72: 19 | J72: 2400 | K72: =J72/I72 -> 126.31579 | L72: 19 | M72: =F72/V72*60 -> 2289.1525 | N72: =M72/L72 -> 120.48171 | O72: =L72-I72 -> 0 | P72: =N72-K72 -> -5.8340767 | Q72: =N72/K72 -> 0.95381356 | R72: =Q78 -> 0.95495195 | S72: 0.083333333 | T72: 0.12430556 | V72: =(T72-S72)*24*60 -> 59 | W72: =T72 -> 0.12430556 | X72: =S73 -> 0.14583333 | AA72: =M72-J72 -> -110.84746 | AB72: =M72/J72 -> 0.95381356 | AC72: =AB78 -> 0.95495195
A73: 新豐4線 | B73: 三明治 | C73: 輕乳酪巧克力三明治 | E73: 20.52 | F73: 3253 | G73: =E73*F73 -> 66751.56 | I73: 18 | J73: 2400 | K73: =J73/I73 -> 133.33333 | L73: 18 | M73: =F73/V73*60 -> 2296.2353 | N73: =M73/L73 -> 127.56863 | O73: =L73-I73 -> 0 | P73: =N73-K73 -> -5.7647059 | Q73: =N73/K73 -> 0.95676471 | S73: 0.14583333 | T73: 0.20486111 | U73: =(S73-T72)*24*60 -> 31 | V73: =(T73-S73)*24*60 -> 85 | AA73: =M73-J73 -> -103.76471 | AB73: =M73/J73 -> 0.95676471
A74: 新豐4線 | B74: 三明治 | C74: 經典火腿玉米蛋三明治 | E74: 24.43 | F74: 6979 | G74: =E74*F74 -> 170496.97 | I74: 14 | J74: 2400 | K74: =J74/I74 -> 171.42857 | L74: 14 | M74: =F74/V74*60 -> 2288.1967 | N74: =M74/L74 -> 163.44262 | O74: =L74-I74 -> 0 | P74: =N74-K74 -> -7.9859485 | Q74: =N74/K74 -> 0.9534153 | S74: 0.20902778 | T74: 0.33611111 | U74: =(S74-T73)*24*60 -> 6 | V74: =(T74-S74)*24*60 -> 183 | AA74: =M74-J74 -> -111.80328 | AB74: =M74/J74 -> 0.9534153
A75: 新豐4線 | B75: 三明治 | C75: 藍莓優格三明治 | E75: 20.21 | F75: 5462 | G75: =E75*F75 -> 110387.02 | I75: 16 | J75: 2400 | K75: =J75/I75 -> 150 | L75: 16 | M75: =F75/V75*60 -> 2291.7483 | N75: =M75/L75 -> 143.23427 | O75: =L75-I75 -> 0 | P75: =N75-K75 -> -6.7657343 | Q75: =N75/K75 -> 0.9548951 | S75: 0.34166667 | T75: 0.44097222 | U75: =(S75-T74)*24*60 -> 8 | V75: =(T75-S75)*24*60 -> 143 | AA75: =M75-J75 -> -108.25175 | AB75: =M75/J75 -> 0.9548951
A76: 新豐4線 | B76: 三明治 | C76: 火腿起司蛋三明治 | E76: 19.02 | F76: 3700 | G76: =E76*F76 -> 70374 | H76: 2 | I76: 15 | J76: 2400 | K76: =J76/I76 -> 160 | L76: 15 | M76: =F76/V76*60 -> 2288.6598 | N76: =M76/L76 -> 152.57732 | O76: =L76-I76 -> 0 | P76: =N76-K76 -> -7.4226804 | Q76: =N76/K76 -> 0.95360825 | S76: 0.44513889 | T76: 0.5125 | U76: =(S76-T75)*24*60 -> 6 | V76: =(T76-S76)*24*60 -> 97 | W76: =T76 -> 0.5125 | X76: =S77 -> 0.55069444 | AA76: =M76-J76 -> -111.34021 | AB76: =M76/J76 -> 0.95360825
A77: 新豐4線 | B77: 三明治 | C77: 火腿起司蛋三明治 | E77: 19.02 | F77: 5705 | G77: =E77*F77 -> 108509.1 | I77: 15 | J77: 2400 | K77: =J77/I77 -> 160 | L77: 15 | M77: =F77/V77*60 -> 2297.3154 | N77: =M77/L77 -> 153.15436 | O77: =L77-I77 -> 0 | P77: =N77-K77 -> -6.8456376 | Q77: =N77/K77 -> 0.95721477 | S77: 0.55069444 | T77: 0.65416667 | U77: =(S77-T76)*24*60 -> 55 | V77: =(T77-S77)*24*60 -> 149 | AA77: =M77-J77 -> -102.68456 | AB77: =M77/J77 -> 0.95721477
A78: 新豐4線 | B78: 平均 | I78: 16.166667 | J78: 2400 | K78: =J78/I78 -> 148.45361 | L78: 16.166667 | M78: =AVERAGE(M72:M77) -> 2291.8847 | N78: =M78/L78 -> 141.76606 | O78: =L78-I78 -> 0 | P78: =N78-K78 -> -6.687546 | Q78: =N78/K78 -> 0.95495195 | AA78: =M78-J78 -> -108.11533 | AB78: =M78/J78 -> 0.95495195

Sheet 1228
B1: 屏榮 新豐廠組合室生產人時性分析
B3: 日期 | C3: =TEXT('1228 4度C'!A2,"yyyy.mm.ddaaaa") -> 2025.12.28星期日 | E3: 訂單量 | F3: ='1228 4度C'!D1 -> 185601 | H3: 營業額 | I3: ='1228 4度C'!F1 -> 6280461
B4: 人時性 | C4: 項目 | E4: ➀ | G4: ➁ | I4: ➂
C5: 組合室 | E5: 全溫層 | G5: 4度C-各編組展開 | I5: ③三明治-各編組展開
C6: 排關平均 | E6: =AVERAGE(D13:M13) -> 148.58833 | F6: =AVERAGE(D27:O27,D13:J13) -> 152.86489 | G6: =AVERAGE(D13:J13) -> 152.86489 | I6: =AVERAGE(K13:M13) -> 138.60967
C7: 實績平均 | E7: =AVERAGE(D14:M14) -> 141.6079 | F7: =AVERAGE(D28:O28,D14:J14) -> 145.38183 | G7: =AVERAGE(D14:J14) -> 145.38183 | I7: =AVERAGE(K14:M14) -> 132.80206
C8: 達成率平均 | E8: =AVERAGE(D15:M15) -> 0.95050131 | F8: =AVERAGE(D15:J15,D29:O29) -> 0.94723324 | G8: =AVERAGE(D15:J15) -> 0.94723324 | I8: =AVERAGE(K15:M15) -> 0.9581268 | K8: ※現行日本鮮食廠以達成率80%為基本(即為現行KPI)
B10: 溫層 | D10: ➁4度C-各編組展開 | K10: ③三明治-各編組展開
B11: 編組 | D11: 1 | E11: 2 | F11: 3 | G11: 4 | H11: 5 | I11: 6 | J11: 7 | K11: 1 | L11: 2 | M11: 3
D12: 新豐6線 | E12: 新豐2線 | F12: 新豐5線 | G12: 新豐7線 | H12: 新豐3線 | I12: 新豐1線 | J12: 新豐10線 | K12: 新豐8線 | L12: 新豐9線 | M12: 新豐4線
B13: 人時性 | C13: 排關 | D13: =SUMIFS('1228 4度C'!$K:$K,'1228 4度C'!$A:$A,"新豐6線",'1228 4度C'!$B:$B,"平均") -> 115.38462 | E13: =SUMIFS('1228 4度C'!$K:$K,'1228 4度C'!$A:$A,"新豐2線",'1228 4度C'!$B:$B,"平均") -> 83.333333 | F13: =SUMIFS('1228 4度C'!$K:$K,'1228 4度C'!$A:$A,"新豐5線",'1228 4度C'!$B:$B,"平均") -> 103.30579 | G13: =SUMIFS('1228 4度C'!$K:$K,'1228 4度C'!$A:$A,"新豐7線",'1228 4度C'!$B:$B,"平均") -> 114.58333 | H13: =SUMIFS('1228 4度C'!$K:$K,'1228 4度C'!$A:$A,"新豐3線",'1228 4度C'!$B:$B,"平均") -> 255.10204 | I13: =SUMIFS('1228 4度C'!$K:$K,'1228 4度C'!$A:$A,"新豐1線",'1228 4度C'!$B:$B,"平均") -> 111.11111 | J13: =SUMIFS('1228 4度C'!$K:$K,'1228 4度C'!$A:$A,"新豐10線",'1228 4度C'!$B:$B,"平均") -> 287.23404 | K13: =SUMIFS('1228 4度C'!$K:$K,'1228 4度C'!$A:$A,"新豐8線",'1228 4度C'!$B:$B,"平均") -> 130.23256 | L13: =SUMIFS('1228 4度C'!$K:$K,'1228 4度C'!$A:$A,"新豐9線",'1228 4度C'!$B:$B,"平均") -> 137.14286 | M13: =SUMIFS('1228 4度C'!$K:$K,'1228 4度C'!$A:$A,"新豐4線",'1228 4度C'!$B:$B,"平均") -> 148.45361
C14: 實績 | D14: =SUMIFS('1228 4度C'!$N:$N,'1228 4度C'!$A:$A,"新豐6線",'1228 4度C'!$B:$B,"平均") -> 110.48228 | E14: =SUMIFS('1228 4度C'!$N:$N,'1228 4度C'!$A:$A,"新豐2線",'1228 4度C'!$B:$B,"平均") -> 79.383151 | F14: =SUMIFS('1228 4度C'!$N:$N,'1228 4度C'!$A:$A,"新豐5線",'1228 4度C'!$B:$B,"平均") -> 99.241984 | G14: =SUMIFS('1228 4度C'!$N:$N,'1228 4度C'!$A:$A,"新豐7線",'1228 4度C'!$B:$B,"平均") -> 109.94038 | H14: =SUMIFS('1228 4度C'!$N:$N,'1228 4度C'!$A:$A,"新豐3線",'1228 4度C'!$B:$B,"平均") -> 245.06897 | I14: =SUMIFS('1228 4度C'!$N:$N,'1228 4度C'!$A:$A,"新豐1線",'1228 4度C'!$B:$B,"平均") -> 97.703914 | J14: =SUMIFS('1228 4度C'!$N:$N,'1228 4度C'!$A:$A,"新豐10線",'1228 4度C'!$B:$B,"平均") -> 275.85214 | K14: =SUMIFS('1228 4度C'!$N:$N,'1228 4度C'!$A:$A,"新豐8線",'1228 4度C'!$B:$B,"平均") -> 124.36496 | L14: =SUMIFS('1228 4度C'!$N:$N,'1228 4度C'!$A:$A,"新豐9線",'1228 4度C'!$B:$B,"平均") -> 132.23346 | M14: =SUMIFS('1228 4度C'!$N:$N,'1228 4度C'!$A:$A,"新豐4線",'1228 4度C'!$B:$B,"平均") -> 141.80776
C15: 達成率 | D15: =D14/D13 -> 0.95751306 | E15: =E14/E13 -> 0.95259781 | F15: =F14/F13 -> 0.96066241 | G15: =G14/G13 -> 0.95947969 | H15: =H14/H13 -> 0.96067035 | I15: =I14/I13 -> 0.87933523 | J15: =J14/J13 -> 0.96037412 | K15: =K14/K13 -> 0.95494522 | ... M15: =M14/M13 -> 0.95523284
B16: 作業 時間 | C16: 開始 | D16: =VLOOKUP("新豐6線",'1228 4度C'!$A:$T,19,0) -> 0.70833333 | E16: =VLOOKUP("新豐2線",'1228 4度C'!$A:$T,19,0) -> 0.16666667 | F16: =VLOOKUP("新豐5線",'1228 4度C'!$A:$T,19,0) -> 0.20833333 | G16: =VLOOKUP("新豐7線",'1228 4度C'!$A:$T,19,0) -> 0.20833333 | H16: =VLOOKUP("新豐3線",'1228 4度C'!$A:$T,19,0) -> 0.083333333 | I16: =VLOOKUP("新豐1線",'1228 4度C'!$A:$T,19,0) -> 0.20833333 | J16: =VLOOKUP("新豐10線",'1228 4度C'!$A:$T,19,0) -> 0.20833333 | K16: =VLOOKUP("新豐8線",'1228 4度C'!$A:$T,19,0) -> 0.083333333 | L16: =VLOOKUP("新豐9線",'1228 4度C'!$A:$T,19,0) -> 0.083333333 | M16: =VLOOKUP("新豐4線",'1228 4度C'!$A:$T,19,0) -> 0.083333333
C17: 結束 | D17: =LOOKUP(2,1/(('1228 4度C'!$A:$A="新豐6線")*('1228 4度C'!$T:$T<>"")),'1228 4度C'!$T:$T) -> 0.83472222 | E17: =LOOKUP(2,1/(('1228 4度C'!$A:$A="新豐2線")*('1228 4度C'!$T:$T<>"")),'1228 4度C'!$T:$T) -> 0.48819444 | F17: =LOOKUP(2,1/(('1228 4度C'!$A:$A="新豐5線")*('1228 4度C'!$T:$T<>"")),'1228 4度C'!$T:$T) -> 0.91666667 | G17: =LOOKUP(2,1/(('1228 4度C'!$A:$A="新豐7線")*('1228 4度C'!$T:$T<>"")),'1228 4度C'!$T:$T) -> 0.91944444 | H17: =LOOKUP(2,1/(('1228 4度C'!$A:$A="新豐3線")*('1228 4度C'!$T:$T<>"")),'1228 4度C'!$T:$T) -> 0.6375 | I17: =LOOKUP(2,1/(('1228 4度C'!$A:$A="新豐1線")*('1228 4度C'!$T:$T<>"")),'1228 4度C'!$T:$T) -> 0.86180556 | J17: =LOOKUP(2,1/(('1228 4度C'!$A:$A="新豐10線")*('1228 4度C'!$T:$T<>"")),'1228 4度C'!$T:$T) -> 0.46111111 | K17: =LOOKUP(2,1/(('1228 4度C'!$A:$A="新豐8線")*('1228 4度C'!$T:$T<>"")),'1228 4度C'!$T:$T) -> 0.70347222 | L17: =LOOKUP(2,1/(('1228 4度C'!$A:$A="新豐9線")*('1228 4度C'!$T:$T<>"")),'1228 4度C'!$T:$T) -> 0.63819444 | M17: =LOOKUP(2,1/(('1228 4度C'!$A:$A="新豐4線")*('1228 4度C'!$T:$T<>"")),'1228 4度C'!$T:$T) -> 0.67847222
B18: 配置人數 | D18: =SUMIFS('1228 4度C'!$I:$I,'1228 4度C'!$A:$A,"新豐6線",'1228 4度C'!$B:$B,"平均") -> 17.333333 | E18: =SUMIFS('1228 4度C'!$I:$I,'1228 4度C'!$A:$A,"新豐2線",'1228 4度C'!$B:$B,"平均") -> 18 | F18: =SUMIFS('1228 4度C'!$I:$I,'1228 4度C'!$A:$A,"新豐5線",'1228 4度C'!$B:$B,"平均") -> 17.285714 | G18: =SUMIFS('1228 4度C'!$I:$I,'1228 4度C'!$A:$A,"新豐7線",'1228 4度C'!$B:$B,"平均") -> 16 | H18: =SUMIFS('1228 4度C'!$I:$I,'1228 4度C'!$A:$A,"新豐3線",'1228 4度C'!$B:$B,"平均") -> 10.888889 | I18: =SUMIFS('1228 4度C'!$I:$I,'1228 4度C'!$A:$A,"新豐1線",'1228 4度C'!$B:$B,"平均") -> 18 | J18: =SUMIFS('1228 4度C'!$I:$I,'1228 4度C'!$A:$A,"新豐10線",'1228 4度C'!$B:$B,"平均") -> 9.4 | K18: =SUMIFS('1228 4度C'!$I:$I,'1228 4度C'!$A:$A,"新豐8線",'1228 4度C'!$B:$B,"平均") -> 18.428571 | L18: =SUMIFS('1228 4度C'!$I:$I,'1228 4度C'!$A:$A,"新豐9線",'1228 4度C'!$B:$B,"平均") -> 17.5 | M18: =SUMIFS('1228 4度C'!$I:$I,'1228 4度C'!$A:$A,"新豐4線",'1228 4度C'!$B:$B,"平均") -> 16.166667
B19: 主要應用設備 | D19: ET-55 | E19: 熱縮爐 | F19: L型包裝機 | G19: L型包裝機 | H19: 伺服包裝機 | I19: ET-55 | J19: 伺服包裝機 | K19: 三明治包裝機 | L19: 三明治包裝機 | M19: 三明治包裝機
B20: 次要應用設備 | F20: 圓盤機 | G20: ET-55
B21: 備註 | E21: 握沙拉 | F21: 共用L型包裝機 | H21: 調理麵包 | I21: 炒飯+沙拉 | J21: 調理麵包

Sheet 1228 4度C
A1: 新豐廠四度C日報分析 | C1: 總生產量 | D1: 185601 | E1: 營業額 | F1: 6280461 | G1: 出勤人數 | H1: =L8+L11+L56+L64+L19+L70+L37+L46+L29+L77 -> 159.00317 | I1: 產線配置圖 | L1: 生產實績 | O1: 人時性差異分析 | S1: 日報登錄 | Y1: 分析說明 | AA1: 產能差異分析
A2: 46019 | B2: 星期日 | C2: 人時性 | D2: 141.6079 | E2: 平均廠價 | F2: 33.838509 | G2: 多次生產數 | H2: =COUNT(H5:H77) -> 8
A3: 線別 | B3: 品類 | C3: 品名 | E3: 廠價 | F3: 生產量 | G3: 營收 | H3: 多次 生產 | I3: 人數 | J3: 產能/時 | K3: 人時性 | L3: 人數 | M3: 產能/時 | N3: 人時性 | O3: 人數 | P3: 人時性 | Q3: 達成率 | R3: 達成率平均 | S3: 生產時間 | U3: 換線、休息/分 | V3: 稼動時間/分 | W3: 休息時間 | Y3: (新豐回填) | AA3: 產能/時 | AB3: 達成率 | AC3: 達成率平均
S4: 開始 | T4: 結束 | W4: 開始 | X4: 結束
A5: 新豐6線 | B5: 微波主食 | C5: 二配港式香滑嫩蛋牛肉燴飯 | E5: 50.67 | F5: 1653 | G5: =E5*F5 -> 83757.51 | I5: 17 | J5: 2000 | K5: =J5/I5 -> 117.64706 | L5: 17 | M5: =F5/V5*60 -> 1907.3077 | N5: =M5/L5 -> 112.19457 | O5: =L5-I5 -> 0 | P5: =N5-K5 -> -5.4524887 | Q5: =N5/K5 -> 0.95365385 | R5: =Q8 -> 0.95751306 | S5: 0.70833333 | T5: 0.74444444 | V5: =(T5-S5)*24*60 -> 52 | AA5: =M5-J5 -> -92.692308 | AB5: =M5/J5 -> 0.95365385 | AC5: =AB8 -> 0.95751306
A6: 新豐6線 | B6: 微波主食 | C6: 二配美味蟹煲 | E6: 54.09 | F6: 1703 | G6: =E6*F6 -> 92115.27 | I6: 19 | J6: 2000 | K6: =J6/I6 -> 105.26316 | L6: 19 | M6: =F6/V6*60 -> 1927.9245 | N6: =M6/L6 -> 101.46971 | O6: =L6-I6 -> 0 | P6: =N6-K6 -> -3.7934459 | Q6: =N6/K6 -> 0.96396226 | S6: 0.74861111 | T6: 0.78541667 | U6: =IF(S6=TIME(17,0,0),"",(S6-T5)*24*60) -> 6 | V6: =(T6-S6)*24*60 -> 53 | AA6: =M6-J6 -> -72.075472 | AB6: =M6/J6 -> 0.96396226
A7: 新豐6線 | B7: 微波主食 | C7: 二配麻油雞燴飯 | E7: 50.29 | F7: 2069 | G7: =E7*F7 -> 104050.01 | I7: 16 | J7: 2000 | K7: =J7/I7 -> 125 | L7: 16 | M7: =F7/V7*60 -> 1909.8462 | N7: =M7/L7 -> 119.36538 | O7: =L7-I7 -> 0 | P7: =N7-K7 -> -5.6346154 | Q7: =N7/K7 -> 0.95492308 | S7: 0.78958333 | T7: 0.83472222 | U7: =IF(S7=TIME(17,0,0),"",(S7-T6)*24*60) -> 6 | V7: =(T7-S7)*24*60 -> 65 | AA7: =M7-J7 -> -90.153846 | AB7: =M7/J7 -> 0.95492308
A8: 新豐6線 | B8: 平均 | I8: 17.333333 | J8: 2000 | K8: =J8/I8 -> 115.38462 | L8: 17.333333 | M8: =AVERAGE(M5:M7) -> 1915.0261 | N8: =M8/L8 -> 110.48228 | O8: =L8-I8 -> 0 | P8: =N8-K8 -> -4.902339 | Q8: =N8/K8 -> 0.95751306 | AA8: =M8-J8 -> -84.973875 | AB8: =M8/J8 -> 0.95751306
A9: 新豐2線 | B9: 沙拉 | C9: 青醬優格雞肉握沙拉(113年) | E9: 39.62 | F9: 3958 | G9: =E9*F9 -> 156815.96 | I9: 19 | J9: 1500 | K9: =J9/I9 -> 78.947368 | L9: 19 | M9: =F9/V9*60 -> 1430.6024 | N9: =M9/L9 -> 75.294864 | O9: =L9-I9 -> 0 | P9: =N9-K9 -> -3.6525048 | Q9: =N9/K9 -> 0.95373494 | R9: =Q11 -> 0.95259781 | S9: 0.16666667 | T9: 0.28194444 | V9: =(T9-S9)*24*60 -> 166 | W9: =T9 -> 0.28194444 | X9: =S10 -> 0.30277778 | AA9: =M9-J9 -> -69.39759 | AB9: =M9/J9 -> 0.95373494 | AC9: =AB11 -> 0.95259781
A10: 新豐2線 | B10: 沙拉 | C10: 青檸烤雞握沙拉(113年) | E10: 39.8 | F10: 6351 | G10: =E10*F10 -> 252769.8 | I10: 17 | J10: 1500 | K10: =J10/I10 -> 88.235294 | L10: 17 | M10: =F10/V10*60 -> 1427.191 | N10: =M10/L10 -> 83.952412 | O10: =L10-I10 -> 0 | P10: =N10-K10 -> -4.2828817 | Q10: =N10/K10 -> 0.95146067 | S10: 0.30277778 | T10: 0.48819444 | U10: =IF(S10=TIME(17,0,0),"",(S10-T9)*24*60) -> 30 | V10: =(T10-S10)*24*60 -> 267 | AA10: =M10-J10 -> -72.808989 | AB10: =M10/J10 -> 0.95146067
A11: 新豐2線 | B11: 平均 | I11: 18 | J11: 1500 | K11: =J11/I11 -> 83.333333 | L11: 18 | M11: =AVERAGE(M9:M10) -> 1428.8967 | N11: =M11/L11 -> 79.383151 | O11: =L11-I11 -> 0 | P11: =N11-K11 -> -3.9501828 | Q11: =N11/K11 -> 0.95259781 | AA11: =M11-J11 -> -71.10329 | AB11: =M11/J11 -> 0.95259781
A12: 新豐5線 | B12: 小吃 | C12: 剝皮辣椒雞湯 | E12: 41 | F12: 2326 | G12: =E12*F12 -> 95366 | I12: 26 | J12: 1500 | K12: =J12/I12 -> 57.692308 | L12: 26 | M12: =F12/V12*60 -> 1438.7629 | N12: =M12/L12 -> 55.337034 | O12: =L12-I12 -> 0 | P12: =N12-K12 -> -2.3552736 | Q12: =N12/K12 -> 0.95917526 | R12: =Q19 -> 0.96066241 | S12: 0.20833333 | T12: 0.27569444 | V12: =(T12-S12)*24*60 -> 97 | AA12: =M12-J12 -> -61.237113 | AB12: =M12/J12 -> 0.95917526 | AC12: =AB19 -> 0.96066241
A13: 新豐5線 | B13: 季節調理麵 | C13: 柚子雞白湯拉麵 | E13: 72.4 | F13: 1268 | G13: =E13*F13 -> 91803.2 | I13: 18 | J13: 1500 | K13: =J13/I13 -> 83.333333 | L13: 18 | M13: =F13/V13*60 -> 1435.4717 | N13: =M13/L13 -> 79.748428 | O13: =L13-I13 -> 0 | P13: =N13-K13 -> -3.5849057 | Q13: =N13/K13 -> 0.95698113 | S13: 0.27916667 | T13: 0.31597222 | U13: =IF(S13=TIME(17,0,0),"",(S13-T12)*24*60) -> 5 | V13: =(T13-S13)*24*60 -> 53 | AA13: =M13-J13 -> -64.528302 | AB13: =M13/J13 -> 0.95698113
A14: 新豐5線 | B14: 熱食義麵 | C14: 焗烤起司肉醬筆尖麵 | E14: 50.67 | F14: 2454 | G14: =E14*F14 -> 124344.18 | I14: 16 | J14: 1500 | K14: =J14/I14 -> 93.75 | L14: 16 | M14: =F14/V14*60 -> 1429.5146 | N14: =M14/L14 -> 89.34466 | O14: =L14-I14 -> 0 | P14: =N14-K14 -> -4.4053398 | Q14: =N14/K14 -> 0.95300971 | S14: 0.31944444 | T14: 0.39097222 | U14: =IF(S14=TIME(17,0,0),"",(S14-T13)*24*60) -> 5 | V14: =(T14-S14)*24*60 -> 103 | AA14: =M14-J14 -> -70.485437 | AB14: =M14/J14 -> 0.95300971
A15: 新豐5線 | B15: 微波主食 | C15: 二配金咖哩濃厚辛口咖哩飯 | E15: 50.98 | F15: 2750 | G15: =E15*F15 -> 140195 | I15: 16 | J15: 2000 | K15: =J15/I15 -> 125 | L15: 16 | M15: =F15/V15*60 -> 1918.6047 | N15: =M15/L15 -> 119.91279 | O15: =L15-I15 -> 0 | P15: =N15-K15 -> -5.0872093 | Q15: =N15/K15 -> 0.95930233 | S15: 0.70833333 | T15: 0.76805556 | U15: =IF(S15=TIME(17,0,0),"",(S15-T14)*24*60) | V15: =(T15-S15)*24*60 -> 86 | AA15: =M15-J15 -> -81.395349 | AB15: =M15/J15 -> 0.95930233
A16: 新豐5線 | B16: 微波主食 | C16: 二配金咖哩果香甘口咖哩飯 | E16: 50.92 | F16: 1000 | G16: =E16*F16 -> 50920 | H16: 2 | I16: 15 | J16: 2000 | K16: =J16/I16 -> 133.33333 | L16: 15 | M16: =F16/V16*60 -> 1935.4839 | N16: =M16/L16 -> 129.03226 | O16: =L16-I16 -> 0 | P16: =N16-K16 -> -4.3010753 | Q16: =N16/K16 -> 0.96774194 | S16: 0.77222222 | T16: 0.79375 | U16: =IF(S16=TIME(17,0,0),"",(S16-T15)*24*60) -> 6 | V16: =(T16-S16)*24*60 -> 31 | AA16: =M16-J16 -> -64.516129 | AB16: =M16/J16 -> 0.96774194
A17: 新豐5線 | B17: 微波主食 | C17: 二配泰式綠咖哩雞 | E17: 50.67 | F17: 1865 | G17: =E17*F17 -> 94499.55 | I17: 15 | J17: 2000 | K17: =J17/I17 -> 133.33333 | L17: 15 | M17: =F17/V17*60 -> 1929.3103 | N17: =M17/L17 -> 128.62069 | O17: =L17-I17 -> 0 | P17: =N17-K17 -> -4.7126437 | Q17: =N17/K17 -> 0.96465517 | S17: 0.79861111 | T17: 0.83888889 | U17: =IF(S17=TIME(17,0,0),"",(S17-T16)*24*60) -> 7 | V17: =(T17-S17)*24*60 -> 58 | W17: =T17 -> 0.83888889 | X17: =S18 -> 0.87986111 | AA17: =M17-J17 -> -70.689655 | AB17: =M17/J17 -> 0.96465517
A18: 新豐5線 | B18: 微波主食 | C18: 二配金咖哩果香甘口咖哩飯 | E18: 50.92 | F18: 1697 | G18: =E18*F18 -> 86411.24 | I18: 15 | J18: 2000 | K18: =J18/I18 -> 133.33333 | L18: 15 | M18: =F18/V18*60 -> 1921.1321 | N18: =M18/L18 -> 128.07547 | O18: =L18-I18 -> 0 | P18: =N18-K18 -> -5.2578616 | Q18: =N18/K18 -> 0.96056604 | S18: 0.87986111 | T18: 0.91666667 | U18: =IF(S18=TIME(17,0,0),"",(S18-T17)*24*60) -> 59 | V18: =(T18-S18)*24*60 -> 53 | AA18: =M18-J18 -> -78.867925 | AB18: =M18/J18 -> 0.96056604
A19: 新豐5線 | B19: 平均 | I19: 17.285714 | J19: 1785.7143 | K19: =J19/I19 -> 103.30579 | L19: 17.285714 | M19: =AVERAGE(M12:M18) -> 1715.4686 | N19: =M19/L19 -> 99.241984 | O19: =L19-I19 -> 0 | P19: =N19-K19 -> -4.0638009 | Q19: =N19/K19 -> 0.96066241 | AA19: =M19-J19 -> -70.245701 | AB19: =M19/J19 -> 0.96066241
A20: 新豐7線 | B20: 小吃 | C20: 古早味炒炊粉 | E20: 43.14 | F20: 1041 | G20: =E20*F20 -> 44908.74 | I20: 17 | J20: 2000 | K20: =J20/I20 -> 117.64706 | L20: 17 | M20: =F20/V20*60 -> 1951.875 | N20: =M20/L20 -> 114.81618 | O20: =L20-I20 -> 0 | P20: =N20-K20 -> -2.8308824 | Q20: =N20/K20 -> 0.9759375 | R20: =Q29 -> 0.95947969 | S20: 0.20833333 | T20: 0.23055556 | V20: =(T20-S20)*24*60 -> 32 | AA20: =M20-J20 -> -48.125 | AB20: =M20/J20 -> 0.9759375 | AC20: =AB29 -> 0.95947969
A21: 新豐7線 | B21: 熱食義麵 | C21: 麻婆豆腐波浪麵 | E21: 49.9 | F21: 1289 | G21: =E21*F21 -> 64321.1 | I21: 17 | J21: 2000 | K21: =J21/I21 -> 117.64706 | L21: 17 | M21: =F21/V21*60 -> 1933.5 | N21: =M21/L21 -> 113.73529 | O21: =L21-I21 -> 0 | P21: =N21-K21 -> -3.9117647 | Q21: =N21/K21 -> 0.96675 | S21: 0.23402778 | T21: 0.26180556 | U21: =IF(S21=TIME(17,0,0),"",(S21-T20)*24*60) -> 5 | V21: =(T21-S21)*24*60 -> 40 | AA21: =M21-J21 -> -66.5 | AB21: =M21/J21 -> 0.96675
A22: 新豐7線 | B22: 微波主食 | C22: 鐵板滑蛋炸豬排丼 | E22: 57.73 | F22: 2956 | G22: =E22*F22 -> 170649.88 | I22: 14 | J22: 2000 | K22: =J22/I22 -> 142.85714 | L22: 14 | M22: =F22/V22*60 -> 1907.0968 | N22: =M22/L22 -> 136.2212 | O22: =L22-I22 -> 0 | P22: =N22-K22 -> -6.6359447 | Q22: =N22/K22 -> 0.95354839 | S22: 0.26527778 | T22: 0.32986111 | U22: =IF(S22=TIME(17,0,0),"",(S22-T21)*24*60) -> 5 | V22: =(T22-S22)*24*60 -> 93 | AA22: =M22-J22 -> -92.903226 | AB22: =M22/J22 -> 0.95354839
A23: 新豐7線 | B23: 微波主食 | C23: 極上炙烤親子丼 | E23: 53.68 | F23: 1777 | G23: =E23*F23 -> 95389.36 | I23: 16 | J23: 2000 | K23: =J23/I23 -> 125 | L23: 16 | M23: =F23/V23*60 -> 1903.9286 | N23: =M23/L23 -> 118.99554 | O23: =L23-I23 -> 0 | P23: =N23-K23 -> -6.0044643 | Q23: =N23/K23 -> 0.95196429 | S23: 0.33541667 | T23: 0.37430556 | U23: =IF(S23=TIME(17,0,0),"",(S23-T22)*24*60) -> 8 | V23: =(T23-S23)*24*60 -> 56 | AA23: =M23-J23 -> -96.071429 | AB23: =M23/J23 -> 0.95196429
A24: 新豐7線 | B24: 微波主食 | C24: 日式野菜烘蛋燴飯 | E24: 49.91 | F24: 1078 | G24: =E24*F24 -> 53802.98 | I24: 17 | J24: 2000 | K24: =J24/I24 -> 117.64706 | L24: 17 | M24: =F24/V24*60 -> 1902.3529 | N24: =M24/L24 -> 111.90311 | O24: =L24-I24 -> 0 | P24: =N24-K24 -> -5.7439446 | Q24: =N24/K24 -> 0.95117647 | S24: 0.37916667 | T24: 0.40277778 | U24: =IF(S24=TIME(17,0,0),"",(S24-T23)*24*60) -> 7 | V24: =(T24-S24)*24*60 -> 34 | AA24: =M24-J24 -> -97.647059 | AB24: =M24/J24 -> 0.95117647
A25: 新豐7線 | B25: 微波主食 | C25: 二配川味麻婆燒豆腐燴飯 | E25: 50.49 | F25: 2246 | G25: =E25*F25 -> 113400.54 | I25: 15 | J25: 2000 | K25: =J25/I25 -> 133.33333 | L25: 15 | M25: =F25/V25*60 -> 1925.1429 | N25: =M25/L25 -> 128.34286 | O25: =L25-I25 -> 0 | P25: =N25-K25 -> -4.9904762 | Q25: =N25/K25 -> 0.96257143 | S25: 0.70833333 | T25: 0.75694444 | U25: =IF(S25=TIME(17,0,0),"",(S25-T24)*24*60) | V25: =(T25-S25)*24*60 -> 70 | AA25: =M25-J25 -> -74.857143 | AB25: =M25/J25 -> 0.96257143
A26: 新豐7線 | B26: 微波主食 | C26: 二配粗飽系雞排炒飯(114年) | E26: 57.73 | F26: 1367 | G26: =E26*F26 -> 78916.91 | I26: 16 | J26: 1500 | K26: =J26/I26 -> 93.75 | L26: 16 | M26: =F26/V26*60 -> 1438.9474 | N26: =M26/L26 -> 89.934211 | O26: =L26-I26 -> 0 | P26: =N26-K26 -> -3.8157895 | Q26: =N26/K26 -> 0.95929825 | S26: 0.76041667 | T26: 0.8 | U26: =IF(S26=TIME(17,0,0),"",(S26-T25)*24*60) -> 5 | V26: =(T26-S26)*24*60 -> 57 | AA26: =M26-J26 -> -61.052632 | AB26: =M26/J26 -> 0.95929825
A27: 新豐7線 | B27: 微波主食 | C27: 二配起司控培根白醬焗烤飯 | E27: 53.68 | F27: 1000 | G27: =E27*F27 -> 53680 | H27: 2 | I27: 16 | J27: 1500 | K27: =J27/I27 -> 93.75 | L27: 16 | M27: =F27/V27*60 -> 1428.5714 | N27: =M27/L27 -> 89.285714 | O27: =L27-I27 -> 0 | P27: =N27-K27 -> -4.4642857 | Q27: =N27/K27 -> 0.95238095 | S27: 0.80486111 | T27: 0.83402778 | U27: =IF(S27=TIME(17,0,0),"",(S27-T26)*24*60) -> 7 | V27: =(T27-S27)*24*60 -> 42 | W27: =T27 -> 0.83402778 | X27: =S28 -> 0.87569444 | AA27: =M27-J27 -> -71.428571 | AB27: =M27/J27 -> 0.95238095
A28: 新豐7線 | B28: 微波主食 | C28: 二配起司控培根白醬焗烤飯 | E28: 53.68 | F28: 1512 | G28: =E28*F28 -> 81164.16 | I28: 16 | J28: 1500 | K28: =J28/I28 -> 93.75 | L28: 16 | M28: =F28/V28*60 -> 1440 | N28: =M28/L28 -> 90 | O28: =L28-I28 -> 0 | P28: =N28-K28 -> -3.75 | Q28: =N28/K28 -> 0.96 | S28: 0.87569444 | T28: 0.91944444 | U28: =IF(S28=TIME(17,0,0),"",(S28-T27)*24*60) -> 60 | V28: =(T28-S28)*24*60 -> 63 | AA28: =M28-J28 -> -60 | AB28: =M28/J28 -> 0.96
A29: 新豐7線 | B29: 平均 | I29: 16 | J29: 1833.3333 | K29: =J29/I29 -> 114.58333 | L29: 16 | M29: =AVERAGE(M20:M28) -> 1759.0461 | N29: =M29/L29 -> 109.94038 | O29: =L29-I29 -> 0 | P29: =N29-K29 -> -4.6429518 | Q29: =N29/K29 -> 0.95947969 | AA29: =M29-J29 -> -74.287229 | AB29: =M29/J29 -> 0.95947969
A30: 新豐8線 | B30: 三明治 | C30: 紐奧良風味烤雞鮮蔬三明治 | E30: 31.29 | F30: 4100 | G30: =E30*F30 -> 128289 | H30: 2 | I30: 18 | J30: 2400 | K30: =J30/I30 -> 133.33333 | L30: 18 | M30: =F30/V30*60 -> 2299.0654 | N30: =M30/L30 -> 127.72586 | O30: =L30-I30 -> 0 | P30: =N30-K30 -> -5.6074766 | Q30: =N30/K30 -> 0.95794393 | R30: =Q37 -> 0.95494522 | S30: 0.083333333 | T30: 0.15763889 | V30: =(T30-S30)*24*60 -> 107 | W30: =T30 -> 0.15763889 | X30: =S31 -> 0.17638889 | AA30: =M30-J30 -> -100.93458 | AB30: =M30/J30 -> 0.95794393 | AC30: =AB37 -> 0.95494522
A31: 新豐8線 | B31: 三明治 | C31: 經典總匯三明治 | E31: 26.2 | F31: 3100 | G31: =E31*F31 -> 81220 | H31: 2 | I31: 20 | J31: 2400 | K31: =J31/I31 -> 120 | L31: 20 | M31: =F31/V31*60 -> 2296.2963 | N31: =M31/L31 -> 114.81481 | O31: =L31-I31 -> 0 | P31: =N31-K31 -> -5.1851852 | Q31: =N31/K31 -> 0.95679012 | S31: 0.17638889 | T31: 0.23263889 | U31: =(S31-T30)*24*60 -> 27 | V31: =(T31-S31)*24*60 -> 81 | AA31: =M31-J31 -> -103.7037 | AB31: =M31/J31 -> 0.95679012
A32: 新豐8線 | B32: 三明治 | C32: 雞蛋沙拉三明治(114年) | E32: 25.99 | F32: 5118 | G32: =E32*F32 -> 133016.82 | I32: 14 | J32: 2400 | K32: =J32/I32 -> 171.42857 | L32: 14 | M32: =F32/V32*60 -> 2291.6418 | N32: =M32/L32 -> 163.6887 | O32: =L32-I32 -> 0 | P32: =N32-K32 -> -7.7398721 | Q32: =N32/K32 -> 0.95485075 | S32: 0.23819444 | T32: 0.33125 | U32: =(S32-T31)*24*60 -> 8 | V32: =(T32-S32)*24*60 -> 134 | AA32: =M32-J32 -> -108.35821 | AB32: =M32/J32 -> 0.95485075
A33: 新豐8線 | B33: 三明治 | C33: 肉鬆火腿三明治 | E33: 20.52 | F33: 4949 | G33: =E33*F33 -> 101553.48 | I33: 18 | J33: 2400 | K33: =J33/I33 -> 133.33333 | L33: 18 | M33: =F33/V33*60 -> 2284.1538 | N33: =M33/L33 -> 126.89744 | O33: =L33-I33 -> 0 | P33: =N33-K33 -> -6.4358974 | Q33: =N33/K33 -> 0.95173077 | S33: 0.33680556 | T33: 0.42708333 | U33: =(S33-T32)*24*60 -> 8 | V33: =(T33-S33)*24*60 -> 130 | AA33: =M33-J33 -> -115.84615 | AB33: =M33/J33 -> 0.95173077
A34: 新豐8線 | B34: 三明治 | C34: 好多菜三明治(114年) | E34: 25.98 | F34: 4276 | G34: =E34*F34 -> 111090.48 | I34: 21 | J34: 2400 | K34: =J34/I34 -> 114.28571 | L34: 21 | M34: =F34/V34*60 -> 2290.7143 | N34: =M34/L34 -> 109.08163 | O34: =L34-I34 -> 0 | P34: =N34-K34 -> -5.2040816 | Q34: =N34/K34 -> 0.95446429 | S34: 0.43194444 | T34: 0.50972222 | U34: =(S34-T33)*24*60 -> 7 | V34: =(T34-S34)*24*60 -> 112 | W34: =T34 -> 0.50972222 | X34: =S35 -> 0.54930556 | AA34: =M34-J34 -> -109.28571 | AB34: =M34/J34 -> 0.95446429
A35: 新豐8線 | B35: 三明治 | C35: 紐奧良風味烤雞鮮蔬三明治 | E35: 31.29 | F35: 5836 | G35: =E35*F35 -> 182608.44 | I35: 18 | J35: 2400 | K35: =J35/I35 -> 133.33333 | L35: 18 | M35: =F35/V35*60 -> 2288.6275 | N35: =M35/L35 -> 127.14597 | O35: =L35-I35 -> 0 | P35: =N35-K35 -> -6.1873638 | Q35: =N35/K35 -> 0.95359477 | S35: 0.54930556 | T35: 0.65555556 | U35: =(S35-T34)*24*60 -> 57 | V35: =(T35-S35)*24*60 -> 153 | AA35: =M35-J35 -> -111.37255 | AB35: =M35/J35 -> 0.95359477
A36: 新豐8線 | B36: 三明治 | C36: 經典總匯三明治 | E36: 26.2 | F36: 2369 | G36: =E36*F36 -> 62067.8 | I36: 20 | J36: 2400 | K36: =J36/I36 -> 120 | L36: 20 | M36: =F36/V36*60 -> 2292.5806 | N36: =M36/L36 -> 114.62903 | O36: =L36-I36 -> 0 | P36: =N36-K36 -> -5.3709677 | Q36: =N36/K36 -> 0.95524194 | S36: 0.66041667 | T36: 0.70347222 | U36: =(S36-T35)*24*60 -> 7 | V36: =(T36-S36)*24*60 -> 62 | AA36: =M36-J36 -> -107.41935 | AB36: =M36/J36 -> 0.95524194
A37: 新豐8線 | B37: 平均 | I37: 18.428571 | J37: 2400 | K37: =J37/I37 -> 130.23256 | L37: 18.428571 | M37: =AVERAGE(M30:M36) -> 2291.8685 | N37: =M37/L37 -> 124.36496 | O37: =L37-I37 -> 0 | P37: =N37-K37 -> -5.8675989 | Q37: =N37/K37 -> 0.95494522 | AA37: =M37-J37 -> -108.13147 | AB37: =M37/J37 -> 0.95494522
A38: 新豐9線 | B38: 三明治 | C38: 檸檬紅茶三明治 | E38: 22.69 | F38: 1368 | G38: =E38*F38 -> 31039.92 | I38: 15 | J38: 2400 | K38: =J38/I38 -> 160 | L38: 15 | M38: =F38/V38*60 -> 2345.1429 | N38: =M38/L38 -> 156.34286 | O38: =L38-I38 -> 0 | P38: =N38-K38 -> -3.6571429 | Q38: =N38/K38 -> 0.97714286 | R38: =Q46 -> 0.96420235 | S38: 0.083333333 | T38: 0.10763889 | V38: =(T38-S38)*24*60 -> 35 | W38: =T38 -> 0.10763889 | X38: =S39 -> 0.12847222 | AA38: =M38-J38 -> -54.857143 | AB38: =M38/J38 -> 0.97714286 | AC38: =AB46 -> 0.96420235
A39: 新豐9線 | B39: 三明治 | C39: 鮪魚起司溏心蛋三明治 | E39: 26.2 | F39: 2700 | G39: =E39*F39 -> 70740 | H39: 2 | I39: 18 | J39: 2400 | K39: =J39/I39 -> 133.33333 | L39: 18 | M39: =F39/V39*60 -> 2314.2857 | N39: =M39/L39 -> 128.57143 | O39: =L39-I39 -> 0 | P39: =N39-K39 -> -4.7619048 | Q39: =N39/K39 -> 0.96428571 | S39: 0.12847222 | T39: 0.17708333 | U39: =(S39-T38)*24*60 -> 30 | V39: =(T39-S39)*24*60 -> 70 | AA39: =M39-J39 -> -85.714286 | AB39: =M39/J39 -> 0.96428571
A40: 新豐9線 | B40: 三明治 | C40: 陽光地瓜總匯三明治 | E40: 26.18 | F40: 2727 | G40: =E40*F40 -> 71392.86 | I40: 19 | J40: 2400 | K40: =J40/I40 -> 126.31579 | L40: 19 | M40: =F40/V40*60 -> 2304.507 | N40: =M40/L40 -> 121.28984 | O40: =L40-I40 -> 0 | P40: =N40-K40 -> -5.0259451 | Q40: =N40/K40 -> 0.96021127 | S40: 0.18125 | T40: 0.23055556 | U40: =(S40-T39)*24*60 -> 6 | V40: =(T40-S40)*24*60 -> 71 | AA40: =M40-J40 -> -95.492958 | AB40: =M40/J40 -> 0.96021127
A41: 新豐9線 | B41: 三明治 | C41: 醬燒烤雞三明治 | E41: 26.39 | F41: 7154 | G41: =E41*F41 -> 188794.06 | I41: 19 | J41: 2400 | K41: =J41/I41 -> 126.31579 | L41: 19 | M41: =F41/V41*60 -> 2283.1915 | N41: =M41/L41 -> 120.16797 | O41: =L41-I41 -> 0 | P41: =N41-K41 -> -6.1478163 | Q41: =N41/K41 -> 0.95132979 | S41: 0.23472222 | T41: 0.36527778 | U41: =(S41-T40)*24*60 -> 6 | V41: =(T41-S41)*24*60 -> 188 | AA41: =M41-J41 -> -116.80851 | AB41: =M41/J41 -> 0.95132979
A42: 新豐9線 | B42: 三明治 | C42: 覆盆莓榛果可可三明治 | E42: 22.69 | F42: 3766 | G42: =E42*F42 -> 85450.54 | I42: 15 | J42: 2400 | K42: =J42/I42 -> 160 | L42: 15 | M42: =F42/V42*60 -> 2282.4242 | N42: =M42/L42 -> 152.16162 | O42: =L42-I42 -> 0 | P42: =N42-K42 -> -7.8383838 | Q42: =N42/K42 -> 0.9510101 | S42: 0.37013889 | T42: 0.43888889 | U42: =(S42-T41)*24*60 -> 7 | V42: =(T42-S42)*24*60 -> 99 | AA42: =M42-J42 -> -117.57576 | AB42: =M42/J42 -> 0.9510101
A43: 新豐9線 | B43: 三明治 | C43: 瘋狂起司三明治(113年) | E43: 24.45 | F43: 2802 | G43: =E43*F43 -> 68508.9 | I43: 20 | J43: 2400 | K43: =J43/I43 -> 120 | L43: 20 | M43: =F43/V43*60 -> 2303.0137 | N43: =M43/L43 -> 115.15068 | O43: =L43-I43 -> 0 | P43: =N43-K43 -> -4.8493151 | Q43: =N43/K43 -> 0.95958904 | S43: 0.44305556 | T43: 0.49375 | U43: =(S43-T42)*24*60 -> 6 | V43: =(T43-S43)*24*60 -> 73 | AA43: =M43-J43 -> -96.986301 | AB43: =M43/J43 -> 0.95958904
A44: 新豐9線 | B44: 三明治 | C44: 切達海鮮雙饗三明治 | E44: 28.51 | F44: 793 | G44: =E44*F44 -> 22608.43 | I44: 16 | J44: 2400 | K44: =J44/I44 -> 150 | L44: 16 | M44: =F44/V44*60 -> 2379 | N44: =M44/L44 -> 148.6875 | O44: =L44-I44 -> 0 | P44: =N44-K44 -> -1.3125 | Q44: =N44/K44 -> 0.99125 | S44: 0.49722222 | T44: 0.51111111 | U44: =(S44-T43)*24*60 -> 5 | V44: =(T44-S44)*24*60 -> 20 | W44: =T44 -> 0.51111111 | X44: =S45 -> 0.55138889 | AA44: =M44-J44 -> -21 | AB44: =M44/J44 -> 0.99125
A45: 新豐9線 | B45: 三明治 | C45: 鮪魚起司溏心蛋三明治 | E45: 26.2 | F45: 4794 | G45: =E45*F45 -> 125602.8 | I45: 18 | J45: 2400 | K45: =J45/I45 -> 133.33333 | L45: 18 | M45: =F45/V45*60 -> 2301.12 | N45: =M45/L45 -> 127.84 | O45: =L45-I45 -> 0 | P45: =N45-K45 -> -5.4933333 | Q45: =N45/K45 -> 0.9588 | S45: 0.55138889 | T45: 0.63819444 | U45: =(S45-T44)*24*60 -> 58 | V45: =(T45-S45)*24*60 -> 125 | AA45: =M45-J45 -> -98.88 | AB45: =M45/J45 -> 0.9588
A46: 新豐9線 | B46: 平均 | I46: 17.5 | J46: 2400 | K46: =J46/I46 -> 137.14286 | L46: 17.5 | M46: =AVERAGE(M38:M45) -> 2314.0856 | N46: =M46/L46 -> 132.23346 | O46: =L46-I46 -> 0 | P46: =N46-K46 -> -4.9093925 | Q46: =N46/K46 -> 0.96420235 | AA46: =M46-J46 -> -85.914369 | AB46: =M46/J46 -> 0.96420235
A47: 新豐3線 | B47: 調理麵包 | C47: 豬肉起司堡 | E47: 21.13 | F47: 5942 | G47: =E47*F47 -> 125554.46 | I47: 10 | J47: 3000 | K47: =J47/I47 -> 300 | L47: 10 | M47: =F47/V47*60 -> 2852.16 | N47: =M47/L47 -> 285.216 | O47: =L47-I47 -> 0 | P47: =N47-K47 -> -14.784 | Q47: =N47/K47 -> 0.95072 | R47: =Q56 -> 0.96067035 | S47: 0.083333333 | T47: 0.17013889 | V47: =(T47-S47)*24*60 -> 125 | W47: =T47 -> 0.17013889 | X47: =S48 -> 0.18888889 | AA47: =M47-J47 -> -147.84 | AB47: =M47/J47 -> 0.95072 | AC47: =AB56 -> 0.96067035
A48: 新豐3線 | B48: 調理麵包 | C48: 豬肉起司蛋堡 | E48: 27.17 | F48: 3200 | G48: =E48*F48 -> 86944 | H48: 2 | I48: 10 | J48: 3000 | K48: =J48/I48 -> 300 | L48: 10 | M48: =F48/V48*60 -> 2865.6716 | N48: =M48/L48 -> 286.56716 | O48: =L48-I48 -> 0 | P48: =N48-K48 -> -13.432836 | Q48: =N48/K48 -> 0.95522388 | S48: 0.18888889 | T48: 0.23541667 | U48: =(S48-T47)*24*60 -> 27 | V48: =(T48-S48)*24*60 -> 67 | AA48: =M48-J48 -> -134.32836 | AB48: =M48/J48 -> 0.95522388
A49: 新豐3線 | B49: 調理麵包 | C49: 泰式酸辣炸雞堡 | E49: 36.14 | F49: 1091 | G49: =E49*F49 -> 39428.74 | I49: 9 | J49: 3000 | K49: =J49/I49 -> 333.33333 | L49: 9 | M49: =F49/V49*60 -> 2975.4545 | N49: =M49/L49 -> 330.60606 | O49: =L49-I49 -> 0 | P49: =N49-K49 -> -2.7272727 | Q49: =N49/K49 -> 0.99181818 | S49: 0.24097222 | T49: 0.25625 | U49: =(S49-T48)*24*60 -> 8 | V49: =(T49-S49)*24*60 -> 22 | AA49: =M49-J49 -> -24.545455 | AB49: =M49/J49 -> 0.99181818
A50: 新豐3線 | B50: 調理麵包 | C50: 經典雙牛起司堡(113年) | E50: 35.12 | F50: 4881 | G50: =E50*F50 -> 171420.72 | I50: 10 | J50: 3000 | K50: =J50/I50 -> 300 | L50: 10 | M50: =F50/V50*60 -> 2871.1765 | N50: =M50/L50 -> 287.11765 | O50: =L50-I50 -> 0 | P50: =N50-K50 -> -12.882353 | Q50: =N50/K50 -> 0.95705882 | S50: 0.26180556 | T50: 0.33263889 | U50: =(S50-T49)*24*60 -> 8 | V50: =(T50-S50)*24*60 -> 102 | AA50: =M50-J50 -> -128.82353 | AB50: =M50/J50 -> 0.95705882
A51: 新豐3線 | B51: 調理麵包 | C51: 排骨雞起司炒麵麵包 | E51: 31 | F51: 1653 | G51: =E51*F51 -> 51243 | I51: 13 | J51: 2000 | K51: =J51/I51 -> 153.84615 | L51: 13 | M51: =F51/V51*60 -> 1907.3077 | N51: =M51/L51 -> 146.71598 | O51: =L51-I51 -> 0 | P51: =N51-K51 -> -7.1301775 | Q51: =N51/K51 -> 0.95365385 | S51: 0.33819444 | T51: 0.37430556 | U51: =(S51-T50)*24*60 -> 8 | V51: =(T51-S51)*24*60 -> 52 | AA51: =M51-J51 -> -92.692308 | AB51: =M51/J51 -> 0.95365385
A52: 新豐3線 | B52: 調理麵包 | C52: 滿滿起司燻腸洋芋堡 | E52: 37.88 | F52: 3054 | G52: =E52*F52 -> 115685.52 | I52: 14 | J52: 2000 | K52: =J52/I52 -> 142.85714 | L52: 14 | M52: =F52/V52*60 -> 1908.75 | N52: =M52/L52 -> 136.33929 | O52: =L52-I52 -> 0 | P52: =N52-K52 -> -6.5178571 | Q52: =N52/K52 -> 0.954375 | S52: 0.37777778 | T52: 0.44444444 | U52: =(S52-T51)*24*60 -> 5 | V52: =(T52-S52)*24*60 -> 96 | AA52: =M52-J52 -> -91.25 | AB52: =M52/J52 -> 0.954375
A53: 新豐3線 | B53: 調理麵包 | C53: 花生培根歐姆蛋堡 | E53: 32.02 | F53: 3300 | G53: =E53*F53 -> 105666 | H53: 2 | I53: 11 | J53: 3000 | K53: =J53/I53 -> 272.72727 | L53: 11 | M53: =F53/V53*60 -> 2869.5652 | N53: =M53/L53 -> 260.86957 | O53: =L53-I53 -> 0 | P53: =N53-K53 -> -11.857708 | Q53: =N53/K53 -> 0.95652174 | S53: 0.44861111 | T53: 0.49652778 | U53: =(S53-T52)*24*60 -> 6 | V53: =(T53-S53)*24*60 -> 69 | W53: =T53 -> 0.49652778 | X53: =S54 -> 0.53819444 | AA53: =M53-J53 -> -130.43478 | AB53: =M53/J53 -> 0.95652174
A54: 新豐3線 | B54: 調理麵包 | C54: 豬肉起司蛋堡 | E54: 27.17 | F54: 4484 | G54: =E54*F54 -> 121830.28 | I54: 10 | J54: 3000 | K54: =J54/I54 -> 300 | L54: 10 | M54: =F54/V54*60 -> 2862.1277 | N54: =M54/L54 -> 286.21277 | O54: =L54-I54 -> 0 | P54: =N54-K54 -> -13.787234 | Q54: =N54/K54 -> 0.95404255 | S54: 0.53819444 | T54: 0.60347222 | U54: =(S54-T53)*24*60 -> 60 | V54: =(T54-S54)*24*60 -> 94 | AA54: =M54-J54 -> -137.87234 | AB54: =M54/J54 -> 0.95404255
A55: 新豐3線 | B55: 調理麵包 | C55: 花生培根歐姆蛋堡 | E55: 32.02 | F55: 2130 | G55: =E55*F55 -> 68202.6 | I55: 11 | J55: 3000 | K55: =J55/I55 -> 272.72727 | L55: 11 | M55: =F55/V55*60 -> 2904.5455 | N55: =M55/L55 -> 264.04959 | O55: =L55-I55 -> 0 | P55: =N55-K55 -> -8.677686 | Q55: =N55/K55 -> 0.96818182 | S55: 0.60694444 | T55: 0.6375 | U55: =(S55-T54)*24*60 -> 5 | V55: =(T55-S55)*24*60 -> 44 | AA55: =M55-J55 -> -95.454545 | AB55: =M55/J55 -> 0.96818182
A56: 新豐3線 | B56: 平均 | I56: 10.888889 | J56: 2777.7778 | K56: =J56/I56 -> 255.10204 | L56: 10.888889 | M56: =AVERAGE(M47:M55) -> 2668.5287 | N56: =M56/L56 -> 245.06897 | O56: =L56-I56 -> 0 | P56: =N56-K56 -> -10.033075 | Q56: =N56/K56 -> 0.96067035 | AA56: =M56-J56 -> -109.24904 | AB56: =M56/J56 -> 0.96067035
A57: 新豐1線 | B57: 沙拉 | C57: 蔥鹽雞肉麵沙拉(114年) | E57: 46 | F57: 1989 | G57: =E57*F57 -> 91494 | I57: 17 | J57: 2000 | K57: =J57/I57 -> 117.64706 | L57: 17 | M57: =F57/V57*60 -> 1924.8387 | N57: =M57/L57 -> 113.22581 | O57: =L57-I57 -> 0 | P57: =N57-K57 -> -4.4212524 | Q57: =N57/K57 -> 0.96241935 | R57: =Q64 -> 0.87933523 | S57: 0.20833333 | T57: 0.25138889 | V57: =(T57-S57)*24*60 -> 62 | AA57: =M57-J57 -> -75.16129 | AB57: =M57/J57 -> 0.96241935 | AC57: =AB64 -> 0.87933523
A58: 新豐1線 | B58: 沙拉 | C58: 莎莎烤雞麵沙拉 | E58: 46 | F58: 2144 | G58: =E58*F58 -> 98624 | I58: 17 | J58: 2000 | K58: =J58/I58 -> 117.64706 | L58: 17 | M58: =F58/V58*60 -> 1920 | N58: =M58/L58 -> 112.94118 | O58: =L58-I58 -> 0 | P58: =N58-K58 -> -4.7058824 | Q58: =N58/K58 -> 0.96 | S58: 0.25555556 | T58: 0.30208333 | U58: =IF(S58=TIME(17,0,0),"",(S58-T57)*24*60) -> 6 | V58: =(T58-S58)*24*60 -> 67 | AA58: =M58-J58 -> -80 | AB58: =M58/J58 -> 0.96
A59: 新豐1線 | B59: 微波主食 | C59: 蒜蒜燒豚飯 | E59: 51.86 | F59: 1306 | G59: =E59*F59 -> 67729.16 | I59: 25 | J59: 2000 | K59: =J59/I59 -> 80 | L59: 25 | M59: =F59/V59*60 -> 1284.5902 | N59: =M59/L59 -> 51.383607 | O59: =L59-I59 -> 0 | P59: =N59-K59 -> -28.616393 | Q59: =N59/K59 -> 0.64229508 | S59: 0.30625 | T59: 0.34861111 | U59: =IF(S59=TIME(17,0,0),"",(S59-T58)*24*60) -> 6 | V59: =(T59-S59)*24*60 -> 61 | AA59: =M59-J59 -> -715.40984 | AB59: =M59/J59 -> 0.64229508
A60: 新豐1線 | B60: 微波主食 | C60: 壹號醬雞豚雙拼 | E60: 56.43 | F60: 2544 | G60: =E60*F60 -> 143557.92 | I60: 22 | J60: 2000 | K60: =J60/I60 -> 90.909091 | L60: 22 | M60: =F60/V60*60 -> 1426.5421 | N60: =M60/L60 -> 64.842821 | O60: =L60-I60 -> 0 | P60: =N60-K60 -> -26.06627 | Q60: =N60/K60 -> 0.71327103 | S60: 0.35208333 | T60: 0.42638889 | U60: =IF(S60=TIME(17,0,0),"",(S60-T59)*24*60) -> 5 | V60: =(T60-S60)*24*60 -> 107 | AA60: =M60-J60 -> -573.45794 | AB60: =M60/J60 -> 0.71327103
A61: 新豐1線 | B61: 微波主食 | C61: 二配香辣醬蒜味香腸蛋炒飯 | E61: 55.56 | F61: 2307 | G61: =E61*F61 -> 128176.92 | I61: 17 | J61: 2000 | K61: =J61/I61 -> 117.64706 | L61: 17 | M61: =F61/V61*60 -> 1922.5 | N61: =M61/L61 -> 113.08824 | O61: =L61-I61 -> 0 | P61: =N61-K61 -> -4.5588235 | Q61: =N61/K61 -> 0.96125 | S61: 0.70833333 | T61: 0.75833333 | U61: =IF(S61=TIME(17,0,0),"",(S61-T60)*24*60) | V61: =(T61-S61)*24*60 -> 72 | AA61: =M61-J61 -> -77.5 | AB61: =M61/J61 -> 0.96125
A62: 新豐1線 | B62: 微波主食 | C62: 二配香拌海鮮醬肉絲蛋炒飯 | E62: 55.32 | F62: 1721 | G62: =E62*F62 -> 95205.72 | I62: 15 | J62: 2000 | K62: =J62/I62 -> 133.33333 | L62: 15 | M62: =F62/V62*60 -> 1912.2222 | N62: =M62/L62 -> 127.48148 | O62: =L62-I62 -> 0 | P62: =N62-K62 -> -5.8518519 | Q62: =N62/K62 -> 0.95611111 | S62: 0.76388889 | T62: 0.80138889 | U62: =IF(S62=TIME(17,0,0),"",(S62-T61)*24*60) -> 8 | V62: =(T62-S62)*24*60 -> 54 | AA62: =M62-J62 -> -87.777778 | AB62: =M62/J62 -> 0.95611111
A63: 新豐1線 | B63: 微波主食 | C63: 二配厚香料咖哩雞排飯 | E63: 57.3 | F63: 2528 | G63: =E63*F63 -> 144854.4 | I63: 13 | J63: 2000 | K63: =J63/I63 -> 153.84615 | L63: 13 | M63: =F63/V63*60 -> 1920 | N63: =M63/L63 -> 147.69231 | O63: =L63-I63 -> 0 | P63: =N63-K63 -> -6.1538462 | Q63: =N63/K63 -> 0.96 | S63: 0.80694444 | T63: 0.86180556 | U63: =IF(S63=TIME(17,0,0),"",(S63-T62)*24*60) -> 8 | V63: =(T63-S63)*24*60 -> 79 | AA63: =M63-J63 -> -80 | AB63: =M63/J63 -> 0.96
A64: 新豐1線 | B64: 平均 | I64: 18 | J64: 2000 | K64: =J64/I64 -> 111.11111 | L64: 18 | M64: =AVERAGE(M57:M63) -> 1758.6705 | N64: =M64/L64 -> 97.703914 | O64: =L64-I64 -> 0 | P64: =N64-K64 -> -13.407197 | Q64: =N64/K64 -> 0.87933523 | AA64: =M64-J64 -> -241.32955 | AB64: =M64/J64 -> 0.87933523
A65: 新豐10線 | B65: 沙拉 | C65: 溏心蛋洋芋沙拉 | E65: 26.97 | F65: 2790 | G65: =E65*F65 -> 75246.3 | I65: 8 | J65: 1500 | K65: =J65/I65 -> 187.5 | L65: 8 | M65: =F65/V65*60 -> 1430.7692 | N65: =M65/L65 -> 178.84615 | O65: =L65-I65 -> 0 | P65: =N65-K65 -> -8.6538462 | Q65: =N65/K65 -> 0.95384615 | R65: =Q70 -> 0.96037412 | S65: 0.20833333 | T65: 0.28958333 | V65: =(T65-S65)*24*60 -> 117 | AA65: =M65-J65 -> -69.230769 | AB65: =M65/J65 -> 0.95384615 | AC65: =AB70 -> 0.96037412
A66: 新豐10線 | B66: 調理麵包 | C66: 香雞蛋堡(112年) | E66: 26.78 | F66: 2802 | G66: =E66*F66 -> 75037.56 | I66: 10 | J66: 3000 | K66: =J66/I66 -> 300 | L66: 10 | M66: =F66/V66*60 -> 2898.6207 | N66: =M66/L66 -> 289.86207 | O66: =L66-I66 -> 0 | P66: =N66-K66 -> -10.137931 | Q66: =N66/K66 -> 0.9662069 | S66: 0.29513889 | T66: 0.33541667 | U66: =(S66-T65)*24*60 -> 8 | V66: =(T66-S66)*24*60 -> 58 | AA66: =M66-J66 -> -101.37931 | AB66: =M66/J66 -> 0.9662069
A67: 新豐10線 | B67: 調理麵包 | C67: 蜂蜜芥末辣雞堡 | E67: 37.88 | F67: 2664 | G67: =E67*F67 -> 100912.32 | I67: 10 | J67: 3000 | K67: =J67/I67 -> 300 | L67: 10 | M67: =F67/V67*60 -> 2854.2857 | N67: =M67/L67 -> 285.42857 | O67: =L67-I67 -> 0 | P67: =N67-K67 -> -14.571429 | Q67: =N67/K67 -> 0.95142857 | S67: 0.34097222 | T67: 0.37986111 | U67: =(S67-T66)*24*60 -> 8 | V67: =(T67-S67)*24*60 -> 56 | AA67: =M67-J67 -> -145.71429 | AB67: =M67/J67 -> 0.95142857
A68: 新豐10線 | B68: 調理麵包 | C68: 美式雞腿堡 | E68: 35.87 | F68: 3066 | G68: =E68*F68 -> 109977.42 | I68: 9 | J68: 3000 | K68: =J68/I68 -> 333.33333 | L68: 9 | M68: =F68/V68*60 -> 2874.375 | N68: =M68/L68 -> 319.375 | O68: =L68-I68 -> 0 | P68: =N68-K68 -> -13.958333 | Q68: =N68/K68 -> 0.958125 | S68: 0.38402778 | T68: 0.42847222 | U68: =(S68-T67)*24*60 -> 6 | V68: =(T68-S68)*24*60 -> 64 | AA68: =M68-J68 -> -125.625 | AB68: =M68/J68 -> 0.958125
A69: 新豐10線 | B69: 調理麵包 | C69: 厚豆腐蛋白蕈菇豬肉堡 | E69: 34.36 | F69: 1938 | G69: =E69*F69 -> 66589.68 | I69: 10 | J69: 3000 | K69: =J69/I69 -> 300 | L69: 10 | M69: =F69/V69*60 -> 2907 | N69: =M69/L69 -> 290.7 | O69: =L69-I69 -> 0 | P69: =N69-K69 -> -9.3 | Q69: =N69/K69 -> 0.969 | S69: 0.43333333 | T69: 0.46111111 | U69: =(S69-T68)*24*60 -> 7 | V69: =(T69-S69)*24*60 -> 40 | AA69: =M69-J69 -> -93 | AB69: =M69/J69 -> 0.969
A70: 新豐10線 | B70: 平均 | I70: 9.4 | J70: 2700 | K70: =J70/I70 -> 287.23404 | L70: 9.4 | M70: =AVERAGE(M65:M69) -> 2593.0101 | N70: =M70/L70 -> 275.85214 | O70: =L70-I70 -> 0 | P70: =N70-K70 -> -11.381901 | Q70: =N70/K70 -> 0.96037412 | AA70: =M70-J70 -> -106.98987 | AB70: =M70/J70 -> 0.96037412
A71: 新豐4線 | B71: 三明治 | C71: 香鬆起司蛋三明治(114年) | E71: 20.2 | F71: 2636 | G71: =E71*F71 -> 53247.2 | I71: 19 | J71: 2400 | K71: =J71/I71 -> 126.31579 | L71: 19 | M71: =F71/V71*60 -> 2292.1739 | N71: =M71/L71 -> 120.64073 | O71: =L71-I71 -> 0 | P71: =N71-K71 -> -5.6750572 | Q71: =N71/K71 -> 0.95507246 | R71: =Q77 -> 0.95523284 | S71: 0.083333333 | T71: 0.13125 | V71: =(T71-S71)*24*60 -> 69 | W71: =T71 -> 0.13125 | X71: =S72 -> 0.15 | AA71: =M71-J71 -> -107.82609 | AB71: =M71/J71 -> 0.95507246 | AC71: =AB77 -> 0.95523284
A72: 新豐4線 | B72: 三明治 | C72: 輕乳酪巧克力三明治 | E72: 20.52 | F72: 3663 | G72: =E72*F72 -> 75164.76 | I72: 18 | J72: 2400 | K72: =J72/I72 -> 133.33333 | L72: 18 | M72: =F72/V72*60 -> 2289.375 | N72: =M72/L72 -> 127.1875 | O72: =L72-I72 -> 0 | P72: =N72-K72 -> -6.1458333 | Q72: =N72/K72 -> 0.95390625 | S72: 0.15 | T72: 0.21666667 | U72: =(S72-T71)*24*60 -> 27 | V72: =(T72-S72)*24*60 -> 96 | AA72: =M72-J72 -> -110.625 | AB72: =M72/J72 -> 0.95390625
A73: 新豐4線 | B73: 三明治 | C73: 經典火腿玉米蛋三明治 | E73: 24.43 | F73: 7568 | G73: =E73*F73 -> 184886.24 | I73: 14 | J73: 2400 | K73: =J73/I73 -> 171.42857 | L73: 14 | M73: =F73/V73*60 -> 2293.3333 | N73: =M73/L73 -> 163.80952 | O73: =L73-I73 -> 0 | P73: =N73-K73 -> -7.6190476 | Q73: =N73/K73 -> 0.95555556 | S73: 0.22013889 | T73: 0.35763889 | U73: =(S73-T72)*24*60 -> 5 | V73: =(T73-S73)*24*60 -> 198 | AA73: =M73-J73 -> -106.66667 | AB73: =M73/J73 -> 0.95555556
A74: 新豐4線 | B74: 三明治 | C74: 藍莓優格三明治 | E74: 20.21 | F74: 4576 | G74: =E74*F74 -> 92480.96 | I74: 16 | J74: 2400 | K74: =J74/I74 -> 150 | L74: 16 | M74: =F74/V74*60 -> 2288 | N74: =M74/L74 -> 143 | O74: =L74-I74 -> 0 | P74: =N74-K74 -> -7 | Q74: =N74/K74 -> 0.95333333 | S74: 0.36180556 | T74: 0.44513889 | U74: =(S74-T73)*24*60 -> 6 | V74: =(T74-S74)*24*60 -> 120 | AA74: =M74-J74 -> -112 | AB74: =M74/J74 -> 0.95333333
A75: 新豐4線 | B75: 三明治 | C75: 火腿起司蛋三明治 | E75: 19.02 | F75: 3900 | G75: =E75*F75 -> 74178 | H75: 2 | I75: 15 | J75: 2400 | K75: =J75/I75 -> 160 | L75: 15 | M75: =F75/V75*60 -> 2294.1176 | N75: =M75/L75 -> 152.94118 | O75: =L75-I75 -> 0 | P75: =N75-K75 -> -7.0588235 | Q75: =N75/K75 -> 0.95588235 | S75: 0.44930556 | T75: 0.52013889 | U75: =(S75-T74)*24*60 -> 6 | V75: =(T75-S75)*24*60 -> 102 | W75: =T75 -> 0.52013889 | X75: =S76 -> 0.56041667 | AA75: =M75-J75 -> -105.88235 | AB75: =M75/J75 -> 0.95588235
A76: 新豐4線 | B76: 三明治 | C76: 火腿起司蛋三明治 | E76: 19.02 | F76: 6512 | G76: =E76*F76 -> 123858.24 | I76: 15 | J76: 2400 | K76: =J76/I76 -> 160 | L76: 15 | M76: =F76/V76*60 -> 2298.3529 | N76: =M76/L76 -> 153.22353 | O76: =L76-I76 -> 0 | P76: =N76-K76 -> -6.7764706 | Q76: =N76/K76 -> 0.95764706 | S76: 0.56041667 | T76: 0.67847222 | U76: =(S76-T75)*24*60 -> 58 | V76: =(T76-S76)*24*60 -> 170 | AA76: =M76-J76 -> -101.64706 | AB76: =M76/J76 -> 0.95764706
A77: 新豐4線 | B77: 平均 | I77: 16.166667 | J77: 2400 | K77: =J77/I77 -> 148.45361 | L77: 16.166667 | M77: =AVERAGE(M71:M76) -> 2292.5588 | N77: =M77/L77 -> 141.80776 | O77: =L77-I77 -> 0 | P77: =N77-K77 -> -6.6458471 | Q77: =N77/K77 -> 0.95523284 | AA77: =M77-J77 -> -107.44119 | AB77: =M77/J77 -> 0.95523284

Sheet 1227
B1: 屏榮 新豐廠組合室生產人時性分析
B3: 日期 | C3: =TEXT('1227 4度C'!A2,"yyyy.mm.ddaaaa") -> 2025.12.27星期六 | E3: 訂單量 | F3: ='1227 4度C'!D1 -> 140026 | H3: 營業額 | I3: ='1227 4度C'!F1 -> 4812040.3
B4: 人時性 | C4: 項目 | E4: ➀ | G4: ➁ | I4: ➂
C5: 組合室 | E5: 全溫層 | G5: 4度C-各編組展開 | I5: ③三明治-各編組展開
C6: 排關平均 | E6: =AVERAGE(D13:M13) -> 147.5975 | F6: =AVERAGE(D27:O27,D13:J13) -> 151.43721 | G6: =AVERAGE(D13:J13) -> 151.43721 | I6: =AVERAGE(K13:M13) -> 138.63817
C7: 實績平均 | E7: =AVERAGE(D14:M14) -> 140.7493 | F7: =AVERAGE(D28:O28,D14:J14) -> 144.16065 | G7: =AVERAGE(D14:J14) -> 144.16065 | I7: =AVERAGE(K14:M14) -> 132.78949
C8: 達成率平均 | E8: =AVERAGE(D15:M15) -> 0.95166919 | F8: =AVERAGE(D15:J15,D29:O29) -> 0.94903414 | G8: =AVERAGE(D15:J15) -> 0.94903414 | I8: =AVERAGE(K15:M15) -> 0.95781764 | K8: ※現行日本鮮食廠以達成率80%為基本(即為現行KPI)
B10: 溫層 | D10: ➁4度C-各編組展開 | K10: ③三明治-各編組展開
B11: 編組 | D11: 1 | E11: 2 | F11: 3 | G11: 4 | H11: 5 | I11: 6 | J11: 7 | K11: 1 | L11: 2 | M11: 3
D12: 新豐6線 | E12: 新豐2線 | F12: 新豐5線 | G12: 新豐7線 | H12: 新豐3線 | I12: 新豐1線 | J12: 新豐10線 | K12: 新豐8線 | L12: 新豐9線 | M12: 新豐4線
B13: 人時性 | C13: 排關 | D13: =SUMIFS('1227 4度C'!$K:$K,'1227 4度C'!$A:$A,"新豐6線",'1227 4度C'!$B:$B,"平均") -> 115.38462 | E13: =SUMIFS('1227 4度C'!$K:$K,'1227 4度C'!$A:$A,"新豐2線",'1227 4度C'!$B:$B,"平均") -> 83.333333 | F13: =SUMIFS('1227 4度C'!$K:$K,'1227 4度C'!$A:$A,"新豐5線",'1227 4度C'!$B:$B,"平均") -> 99.056604 | G13: =SUMIFS('1227 4度C'!$K:$K,'1227 4度C'!$A:$A,"新豐7線",'1227 4度C'!$B:$B,"平均") -> 117.1875 | H13: =SUMIFS('1227 4度C'!$K:$K,'1227 4度C'!$A:$A,"新豐3線",'1227 4度C'!$B:$B,"平均") -> 246.75325 | I13: =SUMIFS('1227 4度C'!$K:$K,'1227 4度C'!$A:$A,"新豐1線",'1227 4度C'!$B:$B,"平均") -> 111.11111 | J13: =SUMIFS('1227 4度C'!$K:$K,'1227 4度C'!$A:$A,"新豐10線",'1227 4度C'!$B:$B,"平均") -> 287.23404 | K13: =SUMIFS('1227 4度C'!$K:$K,'1227 4度C'!$A:$A,"新豐8線",'1227 4度C'!$B:$B,"平均") -> 131.86813 | L13: =SUMIFS('1227 4度C'!$K:$K,'1227 4度C'!$A:$A,"新豐9線",'1227 4度C'!$B:$B,"平均") -> 137.70492 | M13: =SUMIFS('1227 4度C'!$K:$K,'1227 4度C'!$A:$A,"新豐4線",'1227 4度C'!$B:$B,"平均") -> 146.34146
C14: 實績 | D14: =SUMIFS('1227 4度C'!$N:$N,'1227 4度C'!$A:$A,"新豐6線",'1227 4度C'!$B:$B,"平均") -> 111.54796 | E14: =SUMIFS('1227 4度C'!$N:$N,'1227 4度C'!$A:$A,"新豐2線",'1227 4度C'!$B:$B,"平均") -> 79.566667 | F14: =SUMIFS('1227 4度C'!$N:$N,'1227 4度C'!$A:$A,"新豐5線",'1227 4度C'!$B:$B,"平均") -> 95.038368 | G14: =SUMIFS('1227 4度C'!$N:$N,'1227 4度C'!$A:$A,"新豐7線",'1227 4度C'!$B:$B,"平均") -> 112.88216 | H14: =SUMIFS('1227 4度C'!$N:$N,'1227 4度C'!$A:$A,"新豐3線",'1227 4度C'!$B:$B,"平均") -> 236.30886 | I14: =SUMIFS('1227 4度C'!$N:$N,'1227 4度C'!$A:$A,"新豐1線",'1227 4度C'!$B:$B,"平均") -> 97.854385 | J14: =SUMIFS('1227 4度C'!$N:$N,'1227 4度C'!$A:$A,"新豐10線",'1227 4度C'!$B:$B,"平均") -> 275.92615 | K14: =SUMIFS('1227 4度C'!$N:$N,'1227 4度C'!$A:$A,"新豐8線",'1227 4度C'!$B:$B,"平均") -> 126.04142 | L14: =SUMIFS('1227 4度C'!$N:$N,'1227 4度C'!$A:$A,"新豐9線",'1227 4度C'!$B:$B,"平均") -> 132.38701 | M14: =SUMIFS('1227 4度C'!$N:$N,'1227 4度C'!$A:$A,"新豐4線",'1227 4度C'!$B:$B,"平均") -> 139.94005
C15: 達成率 | D15: =D14/D13 -> 0.96674896 | E15: =E14/E13 -> 0.9548 | F15: =F14/F13 -> 0.95943495 | G15: =G14/G13 -> 0.96326107 | H15: =H14/H13 -> 0.95767275 | I15: =I14/I13 -> 0.88068946 | J15: =J14/J13 -> 0.96063177 | K15: =K14/K13 -> 0.95581408 | ... M15: =M14/M13 -> 0.95625702
B16: 作業 時間 | C16: 開始 | D16: =VLOOKUP("新豐6線",'1227 4度C'!$A:$T,19,0) -> 0.70833333 | E16: =VLOOKUP("新豐2線",'1227 4度C'!$A:$T,19,0) -> 0.16666667 | F16: =VLOOKUP("新豐5線",'1227 4度C'!$A:$T,19,0) -> 0.20833333 | G16: =VLOOKUP("新豐7線",'1227 4度C'!$A:$T,19,0) -> 0.20833333 | H16: =VLOOKUP("新豐3線",'1227 4度C'!$A:$T,19,0) -> 0.083333333 | I16: =VLOOKUP("新豐1線",'1227 4度C'!$A:$T,19,0) -> 0.20833333 | J16: =VLOOKUP("新豐10線",'1227 4度C'!$A:$T,19,0) -> 0.20833333 | K16: =VLOOKUP("新豐8線",'1227 4度C'!$A:$T,19,0) -> 0.083333333 | L16: =VLOOKUP("新豐9線",'1227 4度C'!$A:$T,19,0) -> 0.083333333 | M16: =VLOOKUP("新豐4線",'1227 4度C'!$A:$T,19,0) -> 0.083333333
C17: 結束 | D17: =LOOKUP(2,1/(('1227 4度C'!$A:$A="新豐6線")*('1227 4度C'!$T:$T<>"")),'1227 4度C'!$T:$T) -> 0.80555556 | E17: =LOOKUP(2,1/(('1227 4度C'!$A:$A="新豐2線")*('1227 4度C'!$T:$T<>"")),'1227 4度C'!$T:$T) -> 0.41041667 | F17: =LOOKUP(2,1/(('1227 4度C'!$A:$A="新豐5線")*('1227 4度C'!$T:$T<>"")),'1227 4度C'!$T:$T) -> 0.85763889 | G17: =LOOKUP(2,1/(('1227 4度C'!$A:$A="新豐7線")*('1227 4度C'!$T:$T<>"")),'1227 4度C'!$T:$T) -> 0.85694444 | H17: =LOOKUP(2,1/(('1227 4度C'!$A:$A="新豐3線")*('1227 4度C'!$T:$T<>"")),'1227 4度C'!$T:$T) -> 0.47291667 | I17: =LOOKUP(2,1/(('1227 4度C'!$A:$A="新豐1線")*('1227 4度C'!$T:$T<>"")),'1227 4度C'!$T:$T) -> 0.83611111 | J17: =LOOKUP(2,1/(('1227 4度C'!$A:$A="新豐10線")*('1227 4度C'!$T:$T<>"")),'1227 4度C'!$T:$T) -> 0.42222222 | K17: =LOOKUP(2,1/(('1227 4度C'!$A:$A="新豐8線")*('1227 4度C'!$T:$T<>"")),'1227 4度C'!$T:$T) -> 0.50486111 | L17: =LOOKUP(2,1/(('1227 4度C'!$A:$A="新豐9線")*('1227 4度C'!$T:$T<>"")),'1227 4度C'!$T:$T) -> 0.44930556 | M17: =LOOKUP(2,1/(('1227 4度C'!$A:$A="新豐4線")*('1227 4度C'!$T:$T<>"")),'1227 4度C'!$T:$T) -> 0.50625
B18: 配置人數 | D18: =SUMIFS('1227 4度C'!$I:$I,'1227 4度C'!$A:$A,"新豐6線",'1227 4度C'!$B:$B,"平均") -> 17.333333 | E18: =SUMIFS('1227 4度C'!$I:$I,'1227 4度C'!$A:$A,"新豐2線",'1227 4度C'!$B:$B,"平均") -> 18 | F18: =SUMIFS('1227 4度C'!$I:$I,'1227 4度C'!$A:$A,"新豐5線",'1227 4度C'!$B:$B,"平均") -> 17.666667 | G18: =SUMIFS('1227 4度C'!$I:$I,'1227 4度C'!$A:$A,"新豐7線",'1227 4度C'!$B:$B,"平均") -> 16 | H18: =SUMIFS('1227 4度C'!$I:$I,'1227 4度C'!$A:$A,"新豐3線",'1227 4度C'!$B:$B,"平均") -> 11 | I18: =SUMIFS('1227 4度C'!$I:$I,'1227 4度C'!$A:$A,"新豐1線",'1227 4度C'!$B:$B,"平均") -> 18 | J18: =SUMIFS('1227 4度C'!$I:$I,'1227 4度C'!$A:$A,"新豐10線",'1227 4度C'!$B:$B,"平均") -> 9.4 | K18: =SUMIFS('1227 4度C'!$I:$I,'1227 4度C'!$A:$A,"新豐8線",'1227 4度C'!$B:$B,"平均") -> 18.2 | L18: =SUMIFS('1227 4度C'!$I:$I,'1227 4度C'!$A:$A,"新豐9線",'1227 4度C'!$B:$B,"平均") -> 17.428571 | M18: =SUMIFS('1227 4度C'!$I:$I,'1227 4度C'!$A:$A,"新豐4線",'1227 4度C'!$B:$B,"平均") -> 16.4
B19: 主要應用設備 | D19: ET-55 | E19: 熱縮爐 | F19: L型包裝機 | G19: L型包裝機 | H19: 伺服包裝機 | I19: ET-55 | J19: 伺服包裝機 | K19: 三明治包裝機 | L19: 三明治包裝機 | M19: 三明治包裝機
B20: 次要應用設備 | F20: 圓盤機 | G20: ET-55
B21: 備註 | E21: 握沙拉 | F21: 共用L型包裝機 | H21: 調理麵包 | I21: 炒飯+沙拉 | J21: 調理麵包

Sheet 1227 4度C
A1: 新豐廠四度C日報分析 | C1: 總生產量 | D1: 140026 | E1: 營業額 | F1: 4812040.3 | G1: 出勤人數 | H1: =L8+L11+L49+L57+L18+L63+L33+L41+L27+L69 -> 159.42857 | I1: 產線配置圖 | L1: 生產實績 | O1: 人時性差異分析 | S1: 日報登錄 | Y1: 分析說明 | AA1: 產能差異分析
A2: 46018 | B2: 星期六 | C2: 人時性 | D2: 140.7493 | E2: 平均廠價 | F2: 34.365334 | G2: 多次生產數 | H2: =COUNT(H5:H69) -> 0
A3: 線別 | B3: 品類 | C3: 品名 | E3: 廠價 | F3: 生產量 | G3: 營收 | H3: 多次 生產 | I3: 人數 | J3: 產能/時 | K3: 人時性 | L3: 人數 | M3: 產能/時 | N3: 人時性 | O3: 人數 | P3: 人時性 | Q3: 達成率 | R3: 達成率平均 | S3: 生產時間 | U3: 換線、休息/分 | V3: 稼動時間/分 | W3: 休息時間 | Y3: (新豐回填) | AA3: 產能/時 | AB3: 達成率 | AC3: 達成率平均
S4: 開始 | T4: 結束 | W4: 開始 | X4: 結束
A5: 新豐6線 | B5: 微波主食 | C5: 二配港式香滑嫩蛋牛肉燴飯 | E5: 50.67 | F5: 1293 | G5: =E5*F5 -> 65516.31 | I5: 17 | J5: 2000 | K5: =J5/I5 -> 117.64706 | L5: 17 | M5: =F5/V5*60 -> 1939.5 | N5: =M5/L5 -> 114.08824 | O5: =L5-I5 -> 0 | P5: =N5-K5 -> -3.5588235 | Q5: =N5/K5 -> 0.96975 | R5: =Q8 -> 0.96674896 | S5: 0.70833333 | T5: 0.73611111 | V5: =(T5-S5)*24*60 -> 40 | AA5: =M5-J5 -> -60.5 | AB5: =M5/J5 -> 0.96975 | AC5: =AB8 -> 0.96674896
A6: 新豐6線 | B6: 微波主食 | C6: 二配美味蟹煲 | E6: 54.09 | F6: 1345 | G6: =E6*F6 -> 72751.05 | I6: 19 | J6: 2000 | K6: =J6/I6 -> 105.26316 | L6: 19 | M6: =F6/V6*60 -> 1921.4286 | N6: =M6/L6 -> 101.12782 | O6: =L6-I6 -> 0 | P6: =N6-K6 -> -4.1353383 | Q6: =N6/K6 -> 0.96071429 | S6: 0.73958333 | T6: 0.76875 | U6: =IF(S6=TIME(17,0,0),"",(S6-T5)*24*60) -> 5 | V6: =(T6-S6)*24*60 -> 42 | AA6: =M6-J6 -> -78.571429 | AB6: =M6/J6 -> 0.96071429
A7: 新豐6線 | B7: 微波主食 | C7: 二配麻油雞燴飯 | E7: 50.29 | F7: 1487 | G7: =E7*F7 -> 74781.23 | I7: 16 | J7: 2000 | K7: =J7/I7 -> 125 | L7: 16 | M7: =F7/V7*60 -> 1939.5652 | N7: =M7/L7 -> 121.22283 | O7: =L7-I7 -> 0 | P7: =N7-K7 -> -3.7771739 | Q7: =N7/K7 -> 0.96978261 | S7: 0.77361111 | T7: 0.80555556 | U7: =IF(S7=TIME(17,0,0),"",(S7-T6)*24*60) -> 7 | V7: =(T7-S7)*24*60 -> 46 | AA7: =M7-J7 -> -60.434783 | AB7: =M7/J7 -> 0.96978261
A8: 新豐6線 | B8: 平均 | I8: 17.333333 | J8: 2000 | K8: =J8/I8 -> 115.38462 | L8: 17.333333 | M8: =AVERAGE(M5:M7) -> 1933.4979 | N8: =M8/L8 -> 111.54796 | O8: =L8-I8 -> 0 | P8: =N8-K8 -> -3.8366579 | Q8: =N8/K8 -> 0.96674896 | AA8: =M8-J8 -> -66.50207 | AB8: =M8/J8 -> 0.96674896
A9: 新豐2線 | B9: 沙拉 | C9: 青醬優格雞肉握沙拉(113年) | E9: 39.62 | F9: 2990 | G9: =E9*F9 -> 118463.8 | I9: 19 | J9: 1500 | K9: =J9/I9 -> 78.947368 | L9: 19 | M9: =F9/V9*60 -> 1435.2 | N9: =M9/L9 -> 75.536842 | O9: =L9-I9 -> 0 | P9: =N9-K9 -> -3.4105263 | Q9: =N9/K9 -> 0.9568 | R9: =Q11 -> 0.9548 | S9: 0.16666667 | T9: 0.25347222 | V9: =(T9-S9)*24*60 -> 125 | W9: =T9 -> 0.25347222 | X9: =S10 -> 0.27152778 | AA9: =M9-J9 -> -64.8 | AB9: =M9/J9 -> 0.9568 | AC9: =AB11 -> 0.9548
A10: 新豐2線 | B10: 沙拉 | C10: 青檸烤雞握沙拉(113年) | E10: 39.8 | F10: 4764 | G10: =E10*F10 -> 189607.2 | I10: 17 | J10: 1500 | K10: =J10/I10 -> 88.235294 | L10: 17 | M10: =F10/V10*60 -> 1429.2 | N10: =M10/L10 -> 84.070588 | O10: =L10-I10 -> 0 | P10: =N10-K10 -> -4.1647059 | Q10: =N10/K10 -> 0.9528 | S10: 0.27152778 | T10: 0.41041667 | U10: =IF(S10=TIME(17,0,0),"",(S10-T9)*24*60) -> 26 | V10: =(T10-S10)*24*60 -> 200 | AA10: =M10-J10 -> -70.8 | AB10: =M10/J10 -> 0.9528
A11: 新豐2線 | B11: 平均 | I11: 18 | J11: 1500 | K11: =J11/I11 -> 83.333333 | L11: 18 | M11: =AVERAGE(M9:M10) -> 1432.2 | N11: =M11/L11 -> 79.566667 | O11: =L11-I11 -> 0 | P11: =N11-K11 -> -3.7666667 | Q11: =N11/K11 -> 0.9548 | AA11: =M11-J11 -> -67.8 | AB11: =M11/J11 -> 0.9548
A12: 新豐5線 | B12: 小吃 | C12: 剝皮辣椒雞湯 | E12: 41 | F12: 2343 | G12: =E12*F12 -> 96063 | I12: 26 | J12: 1500 | K12: =J12/I12 -> 57.692308 | L12: 26 | M12: =F12/V12*60 -> 1434.4898 | N12: =M12/L12 -> 55.172684 | O12: =L12-I12 -> 0 | P12: =N12-K12 -> -2.5196232 | Q12: =N12/K12 -> 0.95632653 | R12: =Q18 -> 0.95943495 | S12: 0.20833333 | T12: 0.27638889 | V12: =(T12-S12)*24*60 -> 98 | AA12: =M12-J12 -> -65.510204 | AB12: =M12/J12 -> 0.95632653 | AC12: =AB18 -> 0.95943495
A13: 新豐5線 | B13: 季節調理麵 | C13: 柚子雞白湯拉麵 | E13: 72.4 | F13: 947 | G13: =E13*F13 -> 68562.8 | I13: 18 | J13: 1500 | K13: =J13/I13 -> 83.333333 | L13: 18 | M13: =F13/V13*60 -> 1456.9231 | N13: =M13/L13 -> 80.940171 | O13: =L13-I13 -> 0 | P13: =N13-K13 -> -2.3931624 | Q13: =N13/K13 -> 0.97128205 | S13: 0.28125 | T13: 0.30833333 | U13: =IF(S13=TIME(17,0,0),"",(S13-T12)*24*60) -> 7 | V13: =(T13-S13)*24*60 -> 39 | AA13: =M13-J13 -> -43.076923 | AB13: =M13/J13 -> 0.97128205
A14: 新豐5線 | B14: 熱食義麵 | C14: 焗烤起司肉醬筆尖麵 | E14: 50.67 | F14: 1407 | G14: =E14*F14 -> 71292.69 | I14: 16 | J14: 1500 | K14: =J14/I14 -> 93.75 | L14: 16 | M14: =F14/V14*60 -> 1430.8475 | N14: =M14/L14 -> 89.427966 | O14: =L14-I14 -> 0 | P14: =N14-K14 -> -4.3220339 | Q14: =N14/K14 -> 0.95389831 | S14: 0.31180556 | T14: 0.35277778 | U14: =IF(S14=TIME(17,0,0),"",(S14-T13)*24*60) -> 5 | V14: =(T14-S14)*24*60 -> 59 | AA14: =M14-J14 -> -69.152542 | AB14: =M14/J14 -> 0.95389831
A15: 新豐5線 | B15: 微波主食 | C15: 二配金咖哩濃厚辛口咖哩飯 | E15: 50.98 | F15: 2390 | G15: =E15*F15 -> 121842.2 | I15: 16 | J15: 2000 | K15: =J15/I15 -> 125 | L15: 16 | M15: =F15/V15*60 -> 1912 | N15: =M15/L15 -> 119.5 | O15: =L15-I15 -> 0 | P15: =N15-K15 -> -5.5 | Q15: =N15/K15 -> 0.956 | S15: 0.70833333 | T15: 0.76041667 | U15: =IF(S15=TIME(17,0,0),"",(S15-T14)*24*60) | V15: =(T15-S15)*24*60 -> 75 | AA15: =M15-J15 -> -88 | AB15: =M15/J15 -> 0.956
A16: 新豐5線 | B16: 微波主食 | C16: 二配金咖哩果香甘口咖哩飯 | E16: 50.92 | F16: 2424 | G16: =E16*F16 -> 123430.08 | I16: 15 | J16: 2000 | K16: =J16/I16 -> 133.33333 | L16: 15 | M16: =F16/V16*60 -> 1913.6842 | N16: =M16/L16 -> 127.57895 | O16: =L16-I16 -> 0 | P16: =N16-K16 -> -5.754386 | Q16: =N16/K16 -> 0.95684211 | S16: 0.76597222 | T16: 0.81875 | U16: =IF(S16=TIME(17,0,0),"",(S16-T15)*24*60) -> 8 | V16: =(T16-S16)*24*60 -> 76 | AA16: =M16-J16 -> -86.315789 | AB16: =M16/J16 -> 0.95684211
A17: 新豐5線 | B17: 微波主食 | C17: 二配泰式綠咖哩雞 | E17: 50.67 | F17: 1573 | G17: =E17*F17 -> 79703.91 | I17: 15 | J17: 2000 | K17: =J17/I17 -> 133.33333 | L17: 15 | M17: =F17/V17*60 -> 1926.1224 | N17: =M17/L17 -> 128.40816 | O17: =L17-I17 -> 0 | P17: =N17-K17 -> -4.9251701 | Q17: =N17/K17 -> 0.96306122 | S17: 0.82361111 | T17: 0.85763889 | U17: =IF(S17=TIME(17,0,0),"",(S17-T16)*24*60) -> 7 | V17: =(T17-S17)*24*60 -> 49 | AA17: =M17-J17 -> -73.877551 | AB17: =M17/J17 -> 0.96306122
A18: 新豐5線 | B18: 平均 | I18: 17.666667 | J18: 1750 | K18: =J18/I18 -> 99.056604 | L18: 17.666667 | M18: =AVERAGE(M12:M17) -> 1679.0112 | N18: =M18/L18 -> 95.038368 | O18: =L18-I18 -> 0 | P18: =N18-K18 -> -4.0182359 | Q18: =N18/K18 -> 0.95943495 | AA18: =M18-J18 -> -70.988835 | AB18: =M18/J18 -> 0.95943495
A19: 新豐7線 | B19: 小吃 | C19: 古早味炒炊粉 | E19: 43.14 | F19: 936 | G19: =E19*F19 -> 40379.04 | I19: 17 | J19: 2000 | K19: =J19/I19 -> 117.64706 | L19: 17 | M19: =F19/V19*60 -> 1936.5517 | N19: =M19/L19 -> 113.91481 | O19: =L19-I19 -> 0 | P19: =N19-K19 -> -3.7322515 | Q19: =N19/K19 -> 0.96827586 | R19: =Q27 -> 0.96326107 | S19: 0.20833333 | T19: 0.22847222 | V19: =(T19-S19)*24*60 -> 29 | AA19: =M19-J19 -> -63.448276 | AB19: =M19/J19 -> 0.96827586 | AC19: =AB27 -> 0.96326107
A20: 新豐7線 | B20: 熱食義麵 | C20: 麻婆豆腐波浪麵 | E20: 49.9 | F20: 963 | G20: =E20*F20 -> 48053.7 | I20: 17 | J20: 2000 | K20: =J20/I20 -> 117.64706 | L20: 17 | M20: =F20/V20*60 -> 1926 | N20: =M20/L20 -> 113.29412 | O20: =L20-I20 -> 0 | P20: =N20-K20 -> -4.3529412 | Q20: =N20/K20 -> 0.963 | S20: 0.23333333 | T20: 0.25416667 | U20: =IF(S20=TIME(17,0,0),"",(S20-T19)*24*60) -> 7 | V20: =(T20-S20)*24*60 -> 30 | AA20: =M20-J20 -> -74 | AB20: =M20/J20 -> 0.963
A21: 新豐7線 | B21: 微波主食 | C21: 鐵板滑蛋炸豬排丼 | E21: 57.73 | F21: 2234 | G21: =E21*F21 -> 128968.82 | I21: 14 | J21: 2000 | K21: =J21/I21 -> 142.85714 | L21: 14 | M21: =F21/V21*60 -> 1914.8571 | N21: =M21/L21 -> 136.77551 | O21: =L21-I21 -> 0 | P21: =N21-K21 -> -6.0816327 | Q21: =N21/K21 -> 0.95742857 | S21: 0.25902778 | T21: 0.30763889 | U21: =IF(S21=TIME(17,0,0),"",(S21-T20)*24*60) -> 7 | V21: =(T21-S21)*24*60 -> 70 | AA21: =M21-J21 -> -85.142857 | AB21: =M21/J21 -> 0.95742857
A22: 新豐7線 | B22: 微波主食 | C22: 極上炙烤親子丼 | E22: 53.68 | F22: 1310 | G22: =E22*F22 -> 70320.8 | I22: 16 | J22: 2000 | K22: =J22/I22 -> 125 | L22: 16 | M22: =F22/V22*60 -> 1917.0732 | N22: =M22/L22 -> 119.81707 | O22: =L22-I22 -> 0 | P22: =N22-K22 -> -5.1829268 | Q22: =N22/K22 -> 0.95853659 | S22: 0.31319444 | T22: 0.34166667 | U22: =IF(S22=TIME(17,0,0),"",(S22-T21)*24*60) -> 8 | V22: =(T22-S22)*24*60 -> 41 | AA22: =M22-J22 -> -82.926829 | AB22: =M22/J22 -> 0.95853659
A23: 新豐7線 | B23: 微波主食 | C23: 日式野菜烘蛋燴飯 | E23: 49.91 | F23: 821 | G23: =E23*F23 -> 40976.11 | I23: 17 | J23: 2000 | K23: =J23/I23 -> 117.64706 | L23: 17 | M23: =F23/V23*60 -> 1970.4 | N23: =M23/L23 -> 115.90588 | O23: =L23-I23 -> 0 | P23: =N23-K23 -> -1.7411765 | Q23: =N23/K23 -> 0.9852 | S23: 0.34513889 | T23: 0.3625 | U23: =IF(S23=TIME(17,0,0),"",(S23-T22)*24*60) -> 5 | V23: =(T23-S23)*24*60 -> 25 | AA23: =M23-J23 -> -29.6 | AB23: =M23/J23 -> 0.9852
A24: 新豐7線 | B24: 微波主食 | C24: 二配川味麻婆燒豆腐燴飯 | E24: 50.49 | F24: 1876 | G24: =E24*F24 -> 94719.24 | I24: 15 | J24: 2000 | K24: =J24/I24 -> 133.33333 | L24: 15 | M24: =F24/V24*60 -> 1907.7966 | N24: =M24/L24 -> 127.18644 | O24: =L24-I24 -> 0 | P24: =N24-K24 -> -6.1468927 | Q24: =N24/K24 -> 0.95389831 | S24: 0.70833333 | T24: 0.74930556 | U24: =IF(S24=TIME(17,0,0),"",(S24-T23)*24*60) | V24: =(T24-S24)*24*60 -> 59 | AA24: =M24-J24 -> -92.20339 | AB24: =M24/J24 -> 0.95389831
A25: 新豐7線 | B25: 微波主食 | C25: 二配粗飽系雞排炒飯(114年) | E25: 57.73 | F25: 1130 | G25: =E25*F25 -> 65234.9 | I25: 16 | J25: 1500 | K25: =J25/I25 -> 93.75 | L25: 16 | M25: =F25/V25*60 -> 1442.5532 | N25: =M25/L25 -> 90.159574 | O25: =L25-I25 -> 0 | P25: =N25-K25 -> -3.5904255 | Q25: =N25/K25 -> 0.96170213 | S25: 0.75486111 | T25: 0.7875 | U25: =IF(S25=TIME(17,0,0),"",(S25-T24)*24*60) -> 8 | V25: =(T25-S25)*24*60 -> 47 | AA25: =M25-J25 -> -57.446809 | AB25: =M25/J25 -> 0.96170213
A26: 新豐7線 | B26: 微波主食 | C26: 二配起司控培根白醬焗烤飯 | E26: 53.68 | F26: 2270 | G26: =E26*F26 -> 121853.6 | I26: 16 | J26: 1500 | K26: =J26/I26 -> 93.75 | L26: 16 | M26: =F26/V26*60 -> 1433.6842 | N26: =M26/L26 -> 89.605263 | O26: =L26-I26 -> 0 | P26: =N26-K26 -> -4.1447368 | Q26: =N26/K26 -> 0.95578947 | S26: 0.79097222 | T26: 0.85694444 | U26: =IF(S26=TIME(17,0,0),"",(S26-T25)*24*60) -> 5 | V26: =(T26-S26)*24*60 -> 95 | AA26: =M26-J26 -> -66.315789 | AB26: =M26/J26 -> 0.95578947
A27: 新豐7線 | B27: 平均 | I27: 16 | J27: 1875 | K27: =J27/I27 -> 117.1875 | L27: 16 | M27: =AVERAGE(M19:M26) -> 1806.1145 | N27: =M27/L27 -> 112.88216 | O27: =L27-I27 -> 0 | P27: =N27-K27 -> -4.3053434 | Q27: =N27/K27 -> 0.96326107 | AA27: =M27-J27 -> -68.885494 | AB27: =M27/J27 -> 0.96326107
A28: 新豐8線 | B28: 三明治 | C28: 紐奧良風味烤雞鮮蔬三明治 | E28: 31.29 | F28: 7311 | G28: =E28*F28 -> 228761.19 | I28: 18 | J28: 2400 | K28: =J28/I28 -> 133.33333 | L28: 18 | M28: =F28/V28*60 -> 2284.6875 | N28: =M28/L28 -> 126.92708 | O28: =L28-I28 -> 0 | P28: =N28-K28 -> -6.40625 | Q28: =N28/K28 -> 0.95195312 | R28: =Q33 -> 0.95581408 | S28: 0.083333333 | T28: 0.21666667 | V28: =(T28-S28)*24*60 -> 192 | W28: =T28 -> 0.21666667 | X28: =S29 -> 0.23541667 | AA28: =M28-J28 -> -115.3125 | AB28: =M28/J28 -> 0.95195312 | AC28: =AB33 -> 0.95581408
A29: 新豐8線 | B29: 三明治 | C29: 經典總匯三明治 | E29: 26.2 | F29: 3976 | G29: =E29*F29 -> 104171.2 | I29: 20 | J29: 2400 | K29: =J29/I29 -> 120 | L29: 20 | M29: =F29/V29*60 -> 2293.8462 | N29: =M29/L29 -> 114.69231 | O29: =L29-I29 -> 0 | P29: =N29-K29 -> -5.3076923 | Q29: =N29/K29 -> 0.95576923 | S29: 0.23541667 | T29: 0.30763889 | U29: =(S29-T28)*24*60 -> 27 | V29: =(T29-S29)*24*60 -> 104 | AA29: =M29-J29 -> -106.15385 | AB29: =M29/J29 -> 0.95576923
A30: 新豐8線 | B30: 三明治 | C30: 雞蛋沙拉三明治(114年) | E30: 25.99 | F30: 3674 | G30: =E30*F30 -> 95487.26 | I30: 14 | J30: 2400 | K30: =J30/I30 -> 171.42857 | L30: 14 | M30: =F30/V30*60 -> 2296.25 | N30: =M30/L30 -> 164.01786 | O30: =L30-I30 -> 0 | P30: =N30-K30 -> -7.4107143 | Q30: =N30/K30 -> 0.95677083 | S30: 0.3125 | T30: 0.37916667 | U30: =(S30-T29)*24*60 -> 7 | V30: =(T30-S30)*24*60 -> 96 | AA30: =M30-J30 -> -103.75 | AB30: =M30/J30 -> 0.95677083
A31: 新豐8線 | B31: 三明治 | C31: 肉鬆火腿三明治 | E31: 20.52 | F31: 3270 | G31: =E31*F31 -> 67100.4 | I31: 18 | J31: 2400 | K31: =J31/I31 -> 133.33333 | L31: 18 | M31: =F31/V31*60 -> 2308.2353 | N31: =M31/L31 -> 128.23529 | O31: =L31-I31 -> 0 | P31: =N31-K31 -> -5.0980392 | Q31: =N31/K31 -> 0.96176471 | S31: 0.38472222 | T31: 0.44375 | U31: =(S31-T30)*24*60 -> 8 | V31: =(T31-S31)*24*60 -> 85 | AA31: =M31-J31 -> -91.764706 | AB31: =M31/J31 -> 0.96176471
A32: 新豐8線 | B32: 三明治 | C32: 好多菜三明治(114年) | E32: 25.98 | F32: 3049 | G32: =E32*F32 -> 79213.02 | I32: 21 | J32: 2400 | K32: =J32/I32 -> 114.28571 | L32: 21 | M32: =F32/V32*60 -> 2286.75 | N32: =M32/L32 -> 108.89286 | O32: =L32-I32 -> 0 | P32: =N32-K32 -> -5.3928571 | Q32: =N32/K32 -> 0.9528125 | S32: 0.44930556 | T32: 0.50486111 | U32: =(S32-T31)*24*60 -> 8 | V32: =(T32-S32)*24*60 -> 80 | AA32: =M32-J32 -> -113.25 | AB32: =M32/J32 -> 0.9528125
A33: 新豐8線 | B33: 平均 | I33: 18.2 | J33: 2400 | K33: =J33/I33 -> 131.86813 | L33: 18.2 | M33: =AVERAGE(M28:M32) -> 2293.9538 | N33: =M33/L33 -> 126.04142 | O33: =L33-I33 -> 0 | P33: =N33-K33 -> -5.8267149 | Q33: =N33/K33 -> 0.95581408 | AA33: =M33-J33 -> -106.04621 | AB33: =M33/J33 -> 0.95581408
A34: 新豐9線 | B34: 三明治 | C34: 檸檬紅茶三明治 | E34: 22.69 | F34: 909 | G34: =E34*F34 -> 20625.21 | I34: 15 | J34: 2400 | K34: =J34/I34 -> 160 | L34: 15 | M34: =F34/V34*60 -> 2371.3043 | N34: =M34/L34 -> 158.08696 | O34: =L34-I34 -> 0 | P34: =N34-K34 -> -1.9130435 | Q34: =N34/K34 -> 0.98804348 | R34: =Q41 -> 0.96138183 | S34: 0.083333333 | T34: 0.099305556 | V34: =(T34-S34)*24*60 -> 23 | W34: =T34 -> 0.099305556 | X34: =S35 -> 0.11736111 | AA34: =M34-J34 -> -28.695652 | AB34: =M34/J34 -> 0.98804348 | AC34: =AB41 -> 0.96138183
A35: 新豐9線 | B35: 三明治 | C35: 鮪魚起司溏心蛋三明治 | E35: 26.2 | F35: 5060 | G35: =E35*F35 -> 132572 | I35: 18 | J35: 2400 | K35: =J35/I35 -> 133.33333 | L35: 18 | M35: =F35/V35*60 -> 2300 | N35: =M35/L35 -> 127.77778 | O35: =L35-I35 -> 0 | P35: =N35-K35 -> -5.5555556 | Q35: =N35/K35 -> 0.95833333 | S35: 0.11736111 | T35: 0.20902778 | U35: =(S35-T34)*24*60 -> 26 | V35: =(T35-S35)*24*60 -> 132 | AA35: =M35-J35 -> -100 | AB35: =M35/J35 -> 0.95833333
A36: 新豐9線 | B36: 三明治 | C36: 陽光地瓜總匯三明治 | E36: 26.18 | F36: 1847 | G36: =E36*F36 -> 48354.46 | I36: 19 | J36: 2400 | K36: =J36/I36 -> 126.31579 | L36: 19 | M36: =F36/V36*60 -> 2308.75 | N36: =M36/L36 -> 121.51316 | O36: =L36-I36 -> 0 | P36: =N36-K36 -> -4.8026316 | Q36: =N36/K36 -> 0.96197917 | S36: 0.21388889 | T36: 0.24722222 | U36: =(S36-T35)*24*60 -> 7 | V36: =(T36-S36)*24*60 -> 48 | AA36: =M36-J36 -> -91.25 | AB36: =M36/J36 -> 0.96197917
A37: 新豐9線 | B37: 三明治 | C37: 醬燒烤雞三明治 | E37: 26.39 | F37: 5078 | G37: =E37*F37 -> 134008.42 | I37: 19 | J37: 2400 | K37: =J37/I37 -> 126.31579 | L37: 19 | M37: =F37/V37*60 -> 2290.8271 | N37: =M37/L37 -> 120.56985 | O37: =L37-I37 -> 0 | P37: =N37-K37 -> -5.7459438 | Q37: =N37/K37 -> 0.95451128 | S37: 0.25069444 | T37: 0.34305556 | U37: =(S37-T36)*24*60 -> 5 | V37: =(T37-S37)*24*60 -> 133 | AA37: =M37-J37 -> -109.17293 | AB37: =M37/J37 -> 0.95451128
A38: 新豐9線 | B38: 三明治 | C38: 覆盆莓榛果可可三明治 | E38: 22.69 | F38: 2770 | G38: =E38*F38 -> 62851.3 | I38: 15 | J38: 2400 | K38: =J38/I38 -> 160 | L38: 15 | M38: =F38/V38*60 -> 2308.3333 | N38: =M38/L38 -> 153.88889 | O38: =L38-I38 -> 0 | P38: =N38-K38 -> -6.1111111 | Q38: =N38/K38 -> 0.96180556 | S38: 0.34791667 | T38: 0.39791667 | U38: =(S38-T37)*24*60 -> 7 | V38: =(T38-S38)*24*60 -> 72 | AA38: =M38-J38 -> -91.666667 | AB38: =M38/J38 -> 0.96180556
A39: 新豐9線 | B39: 三明治 | C39: 瘋狂起司三明治(113年) | E39: 24.45 | F39: 1910 | G39: =E39*F39 -> 46699.5 | I39: 20 | J39: 2400 | K39: =J39/I39 -> 120 | L39: 20 | M39: =F39/V39*60 -> 2292 | N39: =M39/L39 -> 114.6 | O39: =L39-I39 -> 0 | P39: =N39-K39 -> -5.4 | Q39: =N39/K39 -> 0.955 | S39: 0.40208333 | T39: 0.43680556 | U39: =(S39-T38)*24*60 -> 6 | V39: =(T39-S39)*24*60 -> 50 | AA39: =M39-J39 -> -108 | AB39: =M39/J39 -> 0.955
A40: 新豐9線 | B40: 三明治 | C40: 切達海鮮雙饗三明治 | E40: 28.51 | F40: 456 | G40: =E40*F40 -> 13000.56 | I40: 16 | J40: 2400 | K40: =J40/I40 -> 150 | L40: 16 | M40: =F40/V40*60 -> 2280 | N40: =M40/L40 -> 142.5 | O40: =L40-I40 -> 0 | P40: =N40-K40 -> -7.5 | Q40: =N40/K40 -> 0.95 | S40: 0.44097222 | T40: 0.44930556 | U40: =(S40-T39)*24*60 -> 6 | V40: =(T40-S40)*24*60 -> 12 | AA40: =M40-J40 -> -120 | AB40: =M40/J40 -> 0.95
A41: 新豐9線 | B41: 平均 | I41: 17.428571 | J41: 2400 | K41: =J41/I41 -> 137.70492 | L41: 17.428571 | M41: =AVERAGE(M34:M40) -> 2307.3164 | N41: =M41/L41 -> 132.38701 | O41: =L41-I41 -> 0 | P41: =N41-K41 -> -5.3179119 | Q41: =N41/K41 -> 0.96138183 | AA41: =M41-J41 -> -92.683607 | AB41: =M41/J41 -> 0.96138183
A42: 新豐3線 | B42: 調理麵包 | C42: 豬肉起司堡 | E42: 21.13 | F42: 4428 | G42: =E42*F42 -> 93563.64 | I42: 10 | J42: 3000 | K42: =J42/I42 -> 300 | L42: 10 | M42: =F42/V42*60 -> 2856.7742 | N42: =M42/L42 -> 285.67742 | O42: =L42-I42 -> 0 | P42: =N42-K42 -> -14.322581 | Q42: =N42/K42 -> 0.95225806 | R42: =Q49 -> 0.95767275 | S42: 0.083333333 | T42: 0.14791667 | V42: =(T42-S42)*24*60 -> 93 | W42: =T42 -> 0.14791667 | X42: =S43 -> 0.16736111 | AA42: =M42-J42 -> -143.22581 | AB42: =M42/J42 -> 0.95225806 | AC42: =AB49 -> 0.95767275
A43: 新豐3線 | B43: 調理麵包 | C43: 豬肉起司蛋堡 | E43: 27.17 | F43: 5561 | G43: =E43*F43 -> 151092.37 | I43: 10 | J43: 3000 | K43: =J43/I43 -> 300 | L43: 10 | M43: =F43/V43*60 -> 2876.3793 | N43: =M43/L43 -> 287.63793 | O43: =L43-I43 -> 0 | P43: =N43-K43 -> -12.362069 | Q43: =N43/K43 -> 0.9587931 | S43: 0.16736111 | T43: 0.24791667 | U43: =(S43-T42)*24*60 -> 28 | V43: =(T43-S43)*24*60 -> 116 | AA43: =M43-J43 -> -123.62069 | AB43: =M43/J43 -> 0.9587931
A44: 新豐3線 | B44: 調理麵包 | C44: 泰式酸辣炸雞堡 | E44: 36.14 | F44: 1112 | G44: =E44*F44 -> 40187.68 | I44: 9 | J44: 3000 | K44: =J44/I44 -> 333.33333 | L44: 9 | M44: =F44/V44*60 -> 2900.8696 | N44: =M44/L44 -> 322.31884 | O44: =L44-I44 -> 0 | P44: =N44-K44 -> -11.014493 | Q44: =N44/K44 -> 0.96695652 | S44: 0.25208333 | T44: 0.26805556 | U44: =(S44-T43)*24*60 -> 6 | V44: =(T44-S44)*24*60 -> 23 | AA44: =M44-J44 -> -99.130435 | AB44: =M44/J44 -> 0.96695652
A45: 新豐3線 | B45: 調理麵包 | C45: 經典雙牛起司堡(113年) | E45: 35.12 | F45: 4005 | G45: =E45*F45 -> 140655.6 | I45: 10 | J45: 3000 | K45: =J45/I45 -> 300 | L45: 10 | M45: =F45/V45*60 -> 2860.7143 | N45: =M45/L45 -> 286.07143 | O45: =L45-I45 -> 0 | P45: =N45-K45 -> -13.928571 | Q45: =N45/K45 -> 0.95357143 | S45: 0.27291667 | T45: 0.33125 | U45: =(S45-T44)*24*60 -> 7 | V45: =(T45-S45)*24*60 -> 84 | AA45: =M45-J45 -> -139.28571 | AB45: =M45/J45 -> 0.95357143
A46: 新豐3線 | B46: 調理麵包 | C46: 排骨雞起司炒麵麵包 | E46: 31 | F46: 1502 | G46: =E46*F46 -> 46562 | I46: 13 | J46: 2000 | K46: =J46/I46 -> 153.84615 | L46: 13 | M46: =F46/V46*60 -> 1917.4468 | N46: =M46/L46 -> 147.49591 | O46: =L46-I46 -> 0 | P46: =N46-K46 -> -6.3502455 | Q46: =N46/K46 -> 0.9587234 | S46: 0.33611111 | T46: 0.36875 | U46: =(S46-T45)*24*60 -> 7 | V46: =(T46-S46)*24*60 -> 47 | AA46: =M46-J46 -> -82.553191 | AB46: =M46/J46 -> 0.9587234
A47: 新豐3線 | B47: 調理麵包 | C47: 滿滿起司燻腸洋芋堡 | E47: 37.88 | F47: 2448 | G47: =E47*F47 -> 92730.24 | I47: 14 | J47: 2000 | K47: =J47/I47 -> 142.85714 | L47: 14 | M47: =F47/V47*60 -> 1907.5325 | N47: =M47/L47 -> 136.25232 | O47: =L47-I47 -> 0 | P47: =N47-K47 -> -6.6048237 | Q47: =N47/K47 -> 0.95376623 | S47: 0.37291667 | T47: 0.42638889 | U47: =(S47-T46)*24*60 -> 6 | V47: =(T47-S47)*24*60 -> 77 | AA47: =M47-J47 -> -92.467532 | AB47: =M47/J47 -> 0.95376623
A48: 新豐3線 | B48: 調理麵包 | C48: 花生培根歐姆蛋堡 | E48: 32.02 | F48: 2924 | G48: =E48*F48 -> 93626.48 | I48: 11 | J48: 3000 | K48: =J48/I48 -> 272.72727 | L48: 11 | M48: =F48/V48*60 -> 2876.0656 | N48: =M48/L48 -> 261.46051 | O48: =L48-I48 -> 0 | P48: =N48-K48 -> -11.266766 | Q48: =N48/K48 -> 0.95868852 | S48: 0.43055556 | T48: 0.47291667 | U48: =(S48-T47)*24*60 -> 6 | V48: =(T48-S48)*24*60 -> 61 | AA48: =M48-J48 -> -123.93443 | AB48: =M48/J48 -> 0.95868852
A49: 新豐3線 | B49: 平均 | I49: 11 | J49: 2714.2857 | K49: =J49/I49 -> 246.75325 | L49: 11 | M49: =AVERAGE(M42:M48) -> 2599.3975 | N49: =M49/L49 -> 236.30886 | O49: =L49-I49 -> 0 | P49: =N49-K49 -> -10.444387 | Q49: =N49/K49 -> 0.95767275 | AA49: =M49-J49 -> -114.88826 | AB49: =M49/J49 -> 0.95767275
A50: 新豐1線 | B50: 沙拉 | C50: 蔥鹽雞肉麵沙拉(114年) | E50: 46 | F50: 1522 | G50: =E50*F50 -> 70012 | I50: 17 | J50: 2000 | K50: =J50/I50 -> 117.64706 | L50: 17 | M50: =F50/V50*60 -> 1942.9787 | N50: =M50/L50 -> 114.29287 | O50: =L50-I50 -> 0 | P50: =N50-K50 -> -3.3541927 | Q50: =N50/K50 -> 0.97148936 | R50: =Q57 -> 0.88068946 | S50: 0.20833333 | T50: 0.24097222 | V50: =(T50-S50)*24*60 -> 47 | AA50: =M50-J50 -> -57.021277 | AB50: =M50/J50 -> 0.97148936 | AC50: =AB57 -> 0.88068946
A51: 新豐1線 | B51: 沙拉 | C51: 莎莎烤雞麵沙拉 | E51: 46 | F51: 1703 | G51: =E51*F51 -> 78338 | I51: 17 | J51: 2000 | K51: =J51/I51 -> 117.64706 | L51: 17 | M51: =F51/V51*60 -> 1927.9245 | N51: =M51/L51 -> 113.40733 | O51: =L51-I51 -> 0 | P51: =N51-K51 -> -4.2397336 | Q51: =N51/K51 -> 0.96396226 | S51: 0.24513889 | T51: 0.28194444 | U51: =IF(S51=TIME(17,0,0),"",(S51-T50)*24*60) -> 6 | V51: =(T51-S51)*24*60 -> 53 | AA51: =M51-J51 -> -72.075472 | AB51: =M51/J51 -> 0.96396226
A52: 新豐1線 | B52: 微波主食 | C52: 蒜蒜燒豚飯 | E52: 51.86 | F52: 1096 | G52: =E52*F52 -> 56838.56 | I52: 25 | J52: 2000 | K52: =J52/I52 -> 80 | L52: 25 | M52: =F52/V52*60 -> 1217.7778 | N52: =M52/L52 -> 48.711111 | O52: =L52-I52 -> 0 | P52: =N52-K52 -> -31.288889 | Q52: =N52/K52 -> 0.60888889 | S52: 0.2875 | T52: 0.325 | U52: =IF(S52=TIME(17,0,0),"",(S52-T51)*24*60) -> 8 | V52: =(T52-S52)*24*60 -> 54 | AA52: =M52-J52 -> -782.22222 | AB52: =M52/J52 -> 0.60888889
A53: 新豐1線 | B53: 微波主食 | C53: 壹號醬雞豚雙拼 | E53: 56.43 | F53: 1828 | G53: =E53*F53 -> 103154.04 | I53: 22 | J53: 2000 | K53: =J53/I53 -> 90.909091 | L53: 22 | M53: =F53/V53*60 -> 1462.4 | N53: =M53/L53 -> 66.472727 | O53: =L53-I53 -> 0 | P53: =N53-K53 -> -24.436364 | Q53: =N53/K53 -> 0.7312 | S53: 0.32916667 | T53: 0.38125 | U53: =IF(S53=TIME(17,0,0),"",(S53-T52)*24*60) -> 6 | V53: =(T53-S53)*24*60 -> 75 | AA53: =M53-J53 -> -537.6 | AB53: =M53/J53 -> 0.7312
A54: 新豐1線 | B54: 微波主食 | C54: 二配香辣醬蒜味香腸蛋炒飯 | E54: 55.56 | F54: 1916 | G54: =E54*F54 -> 106452.96 | I54: 17 | J54: 2000 | K54: =J54/I54 -> 117.64706 | L54: 17 | M54: =F54/V54*60 -> 1916 | N54: =M54/L54 -> 112.70588 | O54: =L54-I54 -> 0 | P54: =N54-K54 -> -4.9411765 | Q54: =N54/K54 -> 0.958 | S54: 0.70833333 | T54: 0.75 | U54: =IF(S54=TIME(17,0,0),"",(S54-T53)*24*60) | V54: =(T54-S54)*24*60 -> 60 | AA54: =M54-J54 -> -84 | AB54: =M54/J54 -> 0.958
A55: 新豐1線 | B55: 微波主食 | C55: 二配香拌海鮮醬肉絲蛋炒飯 | E55: 55.32 | F55: 1361 | G55: =E55*F55 -> 75290.52 | I55: 15 | J55: 2000 | K55: =J55/I55 -> 133.33333 | L55: 15 | M55: =F55/V55*60 -> 1944.2857 | N55: =M55/L55 -> 129.61905 | O55: =L55-I55 -> 0 | P55: =N55-K55 -> -3.7142857 | Q55: =N55/K55 -> 0.97214286 | S55: 0.75486111 | T55: 0.78402778 | U55: =IF(S55=TIME(17,0,0),"",(S55-T54)*24*60) -> 7 | V55: =(T55-S55)*24*60 -> 42 | AA55: =M55-J55 -> -55.714286 | AB55: =M55/J55 -> 0.97214286
A56: 新豐1線 | B56: 微波主食 | C56: 二配厚香料咖哩雞排飯 | E56: 57.3 | F56: 2238 | G56: =E56*F56 -> 128237.4 | I56: 13 | J56: 2000 | K56: =J56/I56 -> 153.84615 | L56: 13 | M56: =F56/V56*60 -> 1918.2857 | N56: =M56/L56 -> 147.56044 | O56: =L56-I56 -> 0 | P56: =N56-K56 -> -6.2857143 | Q56: =N56/K56 -> 0.95914286 | S56: 0.7875 | T56: 0.83611111 | U56: =IF(S56=TIME(17,0,0),"",(S56-T55)*24*60) -> 5 | V56: =(T56-S56)*24*60 -> 70 | AA56: =M56-J56 -> -81.714286 | AB56: =M56/J56 -> 0.95914286
A57: 新豐1線 | B57: 平均 | I57: 18 | J57: 2000 | K57: =J57/I57 -> 111.11111 | L57: 18 | M57: =AVERAGE(M50:M56) -> 1761.3789 | N57: =M57/L57 -> 97.854385 | O57: =L57-I57 -> 0 | P57: =N57-K57 -> -13.256727 | Q57: =N57/K57 -> 0.88068946 | AA57: =M57-J57 -> -238.62108 | AB57: =M57/J57 -> 0.88068946
A58: 新豐10線 | B58: 沙拉 | C58: 溏心蛋洋芋沙拉 | E58: 26.97 | F58: 2384 | G58: =E58*F58 -> 64296.48 | I58: 8 | J58: 1500 | K58: =J58/I58 -> 187.5 | L58: 8 | M58: =F58/V58*60 -> 1430.4 | N58: =M58/L58 -> 178.8 | O58: =L58-I58 -> 0 | P58: =N58-K58 -> -8.7 | Q58: =N58/K58 -> 0.9536 | R58: =Q63 -> 0.96063177 | S58: 0.20833333 | T58: 0.27777778 | V58: =(T58-S58)*24*60 -> 100 | AA58: =M58-J58 -> -69.6 | AB58: =M58/J58 -> 0.9536 | AC58: =AB63 -> 0.96063177
A59: 新豐10線 | B59: 調理麵包 | C59: 香雞蛋堡(112年) | E59: 26.78 | F59: 2263 | G59: =E59*F59 -> 60603.14 | I59: 10 | J59: 3000 | K59: =J59/I59 -> 300 | L59: 10 | M59: =F59/V59*60 -> 2888.9362 | N59: =M59/L59 -> 288.89362 | O59: =L59-I59 -> 0 | P59: =N59-K59 -> -11.106383 | Q59: =N59/K59 -> 0.96297872 | S59: 0.28333333 | T59: 0.31597222 | U59: =(S59-T58)*24*60 -> 8 | V59: =(T59-S59)*24*60 -> 47 | AA59: =M59-J59 -> -111.06383 | AB59: =M59/J59 -> 0.96297872
A60: 新豐10線 | B60: 調理麵包 | C60: 蜂蜜芥末辣雞堡 | E60: 37.88 | F60: 2265 | G60: =E60*F60 -> 85798.2 | I60: 10 | J60: 3000 | K60: =J60/I60 -> 300 | L60: 10 | M60: =F60/V60*60 -> 2891.4894 | N60: =M60/L60 -> 289.14894 | O60: =L60-I60 -> 0 | P60: =N60-K60 -> -10.851064 | Q60: =N60/K60 -> 0.96382979 | S60: 0.31944444 | T60: 0.35208333 | U60: =(S60-T59)*24*60 -> 5 | V60: =(T60-S60)*24*60 -> 47 | AA60: =M60-J60 -> -108.51064 | AB60: =M60/J60 -> 0.96382979
A61: 新豐10線 | B61: 調理麵包 | C61: 美式雞腿堡 | E61: 35.87 | F61: 2758 | G61: =E61*F61 -> 98929.46 | I61: 9 | J61: 3000 | K61: =J61/I61 -> 333.33333 | L61: 9 | M61: =F61/V61*60 -> 2903.1579 | N61: =M61/L61 -> 322.5731 | O61: =L61-I61 -> 0 | P61: =N61-K61 -> -10.760234 | Q61: =N61/K61 -> 0.9677193 | S61: 0.35625 | T61: 0.39583333 | U61: =(S61-T60)*24*60 -> 6 | V61: =(T61-S61)*24*60 -> 57 | AA61: =M61-J61 -> -96.842105 | AB61: =M61/J61 -> 0.9677193
A62: 新豐10線 | B62: 調理麵包 | C62: 厚豆腐蛋白蕈菇豬肉堡 | E62: 34.36 | F62: 1570 | G62: =E62*F62 -> 53945.2 | I62: 10 | J62: 3000 | K62: =J62/I62 -> 300 | L62: 10 | M62: =F62/V62*60 -> 2854.5455 | N62: =M62/L62 -> 285.45455 | O62: =L62-I62 -> 0 | P62: =N62-K62 -> -14.545455 | Q62: =N62/K62 -> 0.95151515 | S62: 0.39930556 | T62: 0.42222222 | U62: =(S62-T61)*24*60 -> 5 | V62: =(T62-S62)*24*60 -> 33 | AA62: =M62-J62 -> -145.45455 | AB62: =M62/J62 -> 0.95151515
A63: 新豐10線 | B63: 平均 | I63: 9.4 | J63: 2700 | K63: =J63/I63 -> 287.23404 | L63: 9.4 | M63: =AVERAGE(M58:M62) -> 2593.7058 | N63: =M63/L63 -> 275.92615 | O63: =L63-I63 -> 0 | P63: =N63-K63 -> -11.307896 | Q63: =N63/K63 -> 0.96063177 | AA63: =M63-J63 -> -106.29422 | AB63: =M63/J63 -> 0.96063177
A64: 新豐4線 | B64: 三明治 | C64: 香鬆起司蛋三明治(114年) | E64: 20.2 | F64: 1592 | G64: =E64*F64 -> 32158.4 | I64: 19 | J64: 2400 | K64: =J64/I64 -> 126.31579 | L64: 19 | M64: =F64/V64*60 -> 2329.7561 | N64: =M64/L64 -> 122.61874 | O64: =L64-I64 -> 0 | P64: =N64-K64 -> -3.6970475 | Q64: =N64/K64 -> 0.97073171 | R64: =Q69 -> 0.95625702 | S64: 0.083333333 | T64: 0.11180556 | V64: =(T64-S64)*24*60 -> 41 | W64: =T64 -> 0.11180556 | X64: =S65 -> 0.13194444 | AA64: =M64-J64 -> -70.243902 | AB64: =M64/J64 -> 0.97073171 | AC64: =AB69 -> 0.95625702
A65: 新豐4線 | B65: 三明治 | C65: 輕乳酪巧克力三明治 | E65: 20.52 | F65: 2625 | G65: =E65*F65 -> 53865 | I65: 18 | J65: 2400 | K65: =J65/I65 -> 133.33333 | L65: 18 | M65: =F65/V65*60 -> 2282.6087 | N65: =M65/L65 -> 126.81159 | O65: =L65-I65 -> 0 | P65: =N65-K65 -> -6.5217391 | Q65: =N65/K65 -> 0.95108696 | S65: 0.13194444 | T65: 0.17986111 | U65: =(S65-T64)*24*60 -> 29 | V65: =(T65-S65)*24*60 -> 69 | AA65: =M65-J65 -> -117.3913 | AB65: =M65/J65 -> 0.95108696
A66: 新豐4線 | B66: 三明治 | C66: 經典火腿玉米蛋三明治 | E66: 24.43 | F66: 5605 | G66: =E66*F66 -> 136930.15 | I66: 14 | J66: 2400 | K66: =J66/I66 -> 171.42857 | L66: 14 | M66: =F66/V66*60 -> 2287.7551 | N66: =M66/L66 -> 163.41108 | O66: =L66-I66 -> 0 | P66: =N66-K66 -> -8.0174927 | Q66: =N66/K66 -> 0.95323129 | S66: 0.18402778 | T66: 0.28611111 | U66: =(S66-T65)*24*60 -> 6 | V66: =(T66-S66)*24*60 -> 147 | AA66: =M66-J66 -> -112.2449 | AB66: =M66/J66 -> 0.95323129
A67: 新豐4線 | B67: 三明治 | C67: 藍莓優格三明治 | E67: 20.21 | F67: 3819 | G67: =E67*F67 -> 77181.99 | I67: 16 | J67: 2400 | K67: =J67/I67 -> 150 | L67: 16 | M67: =F67/V67*60 -> 2291.4 | N67: =M67/L67 -> 143.2125 | O67: =L67-I67 -> 0 | P67: =N67-K67 -> -6.7875 | Q67: =N67/K67 -> 0.95475 | S67: 0.29097222 | T67: 0.36041667 | U67: =(S67-T66)*24*60 -> 7 | V67: =(T67-S67)*24*60 -> 100 | AA67: =M67-J67 -> -108.6 | AB67: =M67/J67 -> 0.95475
A68: 新豐4線 | B68: 三明治 | C68: 火腿起司蛋三明治 | E68: 19.02 | F68: 7688 | G68: =E68*F68 -> 146225.76 | I68: 15 | J68: 2400 | K68: =J68/I68 -> 160 | L68: 15 | M68: =F68/V68*60 -> 2283.5644 | N68: =M68/L68 -> 152.23762 | O68: =L68-I68 -> 0 | P68: =N68-K68 -> -7.7623762 | Q68: =N68/K68 -> 0.95148515 | S68: 0.36597222 | T68: 0.50625 | U68: =(S68-T67)*24*60 -> 8 | V68: =(T68-S68)*24*60 -> 202 | AA68: =M68-J68 -> -116.43564 | AB68: =M68/J68 -> 0.95148515
A69: 新豐4線 | B69: 平均 | I69: 16.4 | J69: 2400 | K69: =J69/I69 -> 146.34146 | L69: 16.4 | M69: =AVERAGE(M64:M68) -> 2295.0169 | N69: =M69/L69 -> 139.94005 | O69: =L69-I69 -> 0 | P69: =N69-K69 -> -6.4014116 | Q69: =N69/K69 -> 0.95625702 | AA69: =M69-J69 -> -104.98315 | AB69: =M69/J69 -> 0.95625702

Sheet 1226
B1: 屏榮 新豐廠組合室生產人時性分析
B3: 日期 | C3: =TEXT('1226 4度C'!A2,"yyyy.mm.ddaaaa") -> 2025.12.26星期五 | E3: 訂單量 | F3: ='1226 4度C'!D1 -> 130043 | H3: 營業額 | I3: ='1226 4度C'!F1 -> 4432903.2
B4: 人時性 | C4: 項目 | E4: ➀ | G4: ➁ | I4: ➂
C5: 組合室 | E5: 全溫層 | G5: 4度C-各編組展開 | I5: ③三明治-各編組展開
C6: 排關平均 | E6: =AVERAGE(D13:M13) -> 148.95964 | F6: =AVERAGE(D27:O27,D13:J13) -> 153.26092 | G6: =AVERAGE(D13:J13) -> 153.26092 | I6: =AVERAGE(K13:M13) -> 138.92332
C7: 實績平均 | E7: =AVERAGE(D14:M14) -> 142.29329 | F7: =AVERAGE(D28:O28,D14:J14) -> 146.37411 | G7: =AVERAGE(D14:J14) -> 146.37411 | I7: =AVERAGE(K14:M14) -> 132.77137
C8: 達成率平均 | E8: =AVERAGE(D15:M15) -> 0.95213077 | F8: =AVERAGE(D15:J15,D29:O29) -> 0.95059564 | G8: =AVERAGE(D15:J15) -> 0.95059564 | I8: =AVERAGE(K15:M15) -> 0.95571273 | K8: ※現行日本鮮食廠以達成率80%為基本(即為現行KPI)
B10: 溫層 | D10: ➁4度C-各編組展開 | K10: ③三明治-各編組展開
B11: 編組 | D11: 1 | E11: 2 | F11: 3 | G11: 4 | H11: 5 | I11: 6 | J11: 7 | K11: 1 | L11: 2 | M11: 3
D12: 新豐6線 | E12: 新豐2線 | F12: 新豐5線 | G12: 新豐7線 | H12: 新豐3線 | I12: 新豐1線 | J12: 新豐10線 | K12: 新豐8線 | L12: 新豐9線 | M12: 新豐4線
B13: 人時性 | C13: 排關 | D13: =SUMIFS('1226 4度C'!$K:$K,'1226 4度C'!$A:$A,"新豐6線",'1226 4度C'!$B:$B,"平均") -> 115.38462 | E13: =SUMIFS('1226 4度C'!$K:$K,'1226 4度C'!$A:$A,"新豐2線",'1226 4度C'!$B:$B,"平均") -> 83.333333 | F13: =SUMIFS('1226 4度C'!$K:$K,'1226 4度C'!$A:$A,"新豐5線",'1226 4度C'!$B:$B,"平均") -> 99.056604 | G13: =SUMIFS('1226 4度C'!$K:$K,'1226 4度C'!$A:$A,"新豐7線",'1226 4度C'!$B:$B,"平均") -> 117.1875 | H13: =SUMIFS('1226 4度C'!$K:$K,'1226 4度C'!$A:$A,"新豐3線",'1226 4度C'!$B:$B,"平均") -> 246.75325 | I13: =SUMIFS('1226 4度C'!$K:$K,'1226 4度C'!$A:$A,"新豐1線",'1226 4度C'!$B:$B,"平均") -> 111.11111 | J13: =SUMIFS('1226 4度C'!$K:$K,'1226 4度C'!$A:$A,"新豐10線",'1226 4度C'!$B:$B,"平均") -> 300 | K13: =SUMIFS('1226 4度C'!$K:$K,'1226 4度C'!$A:$A,"新豐8線",'1226 4度C'!$B:$B,"平均") -> 134.57944 | L13: =SUMIFS('1226 4度C'!$K:$K,'1226 4度C'!$A:$A,"新豐9線",'1226 4度C'!$B:$B,"平均") -> 135.84906 | M13: =SUMIFS('1226 4度C'!$K:$K,'1226 4度C'!$A:$A,"新豐4線",'1226 4度C'!$B:$B,"平均") -> 146.34146
C14: 實績 | D14: =SUMIFS('1226 4度C'!$N:$N,'1226 4度C'!$A:$A,"新豐6線",'1226 4度C'!$B:$B,"平均") -> 111.4497 | E14: =SUMIFS('1226 4度C'!$N:$N,'1226 4度C'!$A:$A,"新豐2線",'1226 4度C'!$B:$B,"平均") -> 79.592395 | F14: =SUMIFS('1226 4度C'!$N:$N,'1226 4度C'!$A:$A,"新豐5線",'1226 4度C'!$B:$B,"平均") -> 95.346593 | G14: =SUMIFS('1226 4度C'!$N:$N,'1226 4度C'!$A:$A,"新豐7線",'1226 4度C'!$B:$B,"平均") -> 112.45925 | H14: =SUMIFS('1226 4度C'!$N:$N,'1226 4度C'!$A:$A,"新豐3線",'1226 4度C'!$B:$B,"平均") -> 237.63852 | I14: =SUMIFS('1226 4度C'!$N:$N,'1226 4度C'!$A:$A,"新豐1線",'1226 4度C'!$B:$B,"平均") -> 97.787412 | J14: =SUMIFS('1226 4度C'!$N:$N,'1226 4度C'!$A:$A,"新豐10線",'1226 4度C'!$B:$B,"平均") -> 290.34491 | K14: =SUMIFS('1226 4度C'!$N:$N,'1226 4度C'!$A:$A,"新豐8線",'1226 4度C'!$B:$B,"平均") -> 128.37036 | L14: =SUMIFS('1226 4度C'!$N:$N,'1226 4度C'!$A:$A,"新豐9線",'1226 4度C'!$B:$B,"平均") -> 130.09159 | M14: =SUMIFS('1226 4度C'!$N:$N,'1226 4度C'!$A:$A,"新豐4線",'1226 4度C'!$B:$B,"平均") -> 139.85216
C15: 達成率 | D15: =D14/D13 -> 0.96589744 | E15: =E14/E13 -> 0.95510874 | F15: =F14/F13 -> 0.96254656 | G15: =G14/G13 -> 0.95965228 | H15: =H14/H13 -> 0.96306137 | I15: =I14/I13 -> 0.88008671 | J15: =J14/J13 -> 0.96781636 | K15: =K14/K13 -> 0.95386312 | ... M15: =M14/M13 -> 0.95565643
B16: 作業 時間 | C16: 開始 | D16: =VLOOKUP("新豐6線",'1226 4度C'!$A:$T,19,0) -> 0.70833333 | E16: =VLOOKUP("新豐2線",'1226 4度C'!$A:$T,19,0) -> 0.16666667 | F16: =VLOOKUP("新豐5線",'1226 4度C'!$A:$T,19,0) -> 0.20833333 | G16: =VLOOKUP("新豐7線",'1226 4度C'!$A:$T,19,0) -> 0.20833333 | H16: =VLOOKUP("新豐3線",'1226 4度C'!$A:$T,19,0) -> 0.083333333 | I16: =VLOOKUP("新豐1線",'1226 4度C'!$A:$T,19,0) -> 0.20833333 | J16: =VLOOKUP("新豐10線",'1226 4度C'!$A:$T,19,0) -> 0.20833333 | K16: =VLOOKUP("新豐8線",'1226 4度C'!$A:$T,19,0) -> 0.083333333 | L16: =VLOOKUP("新豐9線",'1226 4度C'!$A:$T,19,0) -> 0.083333333 | M16: =VLOOKUP("新豐4線",'1226 4度C'!$A:$T,19,0) -> 0.083333333
C17: 結束 | D17: =LOOKUP(2,1/(('1226 4度C'!$A:$A="新豐6線")*('1226 4度C'!$T:$T<>"")),'1226 4度C'!$T:$T) -> 0.80208333 | E17: =LOOKUP(2,1/(('1226 4度C'!$A:$A="新豐2線")*('1226 4度C'!$T:$T<>"")),'1226 4度C'!$T:$T) -> 0.38819444 | F17: =LOOKUP(2,1/(('1226 4度C'!$A:$A="新豐5線")*('1226 4度C'!$T:$T<>"")),'1226 4度C'!$T:$T) -> 0.83888889 | G17: =LOOKUP(2,1/(('1226 4度C'!$A:$A="新豐7線")*('1226 4度C'!$T:$T<>"")),'1226 4度C'!$T:$T) -> 0.84444444 | H17: =LOOKUP(2,1/(('1226 4度C'!$A:$A="新豐3線")*('1226 4度C'!$T:$T<>"")),'1226 4度C'!$T:$T) -> 0.43958333 | I17: =LOOKUP(2,1/(('1226 4度C'!$A:$A="新豐1線")*('1226 4度C'!$T:$T<>"")),'1226 4度C'!$T:$T) -> 0.82430556 | J17: =LOOKUP(2,1/(('1226 4度C'!$A:$A="新豐10線")*('1226 4度C'!$T:$T<>"")),'1226 4度C'!$T:$T) -> 0.41736111 | K17: =LOOKUP(2,1/(('1226 4度C'!$A:$A="新豐8線")*('1226 4度C'!$T:$T<>"")),'1226 4度C'!$T:$T) -> 0.49444444 | L17: =LOOKUP(2,1/(('1226 4度C'!$A:$A="新豐9線")*('1226 4度C'!$T:$T<>"")),'1226 4度C'!$T:$T) -> 0.42916667 | M17: =LOOKUP(2,1/(('1226 4度C'!$A:$A="新豐4線")*('1226 4度C'!$T:$T<>"")),'1226 4度C'!$T:$T) -> 0.49861111
B18: 配置人數 | D18: =SUMIFS('1226 4度C'!$I:$I,'1226 4度C'!$A:$A,"新豐6線",'1226 4度C'!$B:$B,"平均") -> 17.333333 | E18: =SUMIFS('1226 4度C'!$I:$I,'1226 4度C'!$A:$A,"新豐2線",'1226 4度C'!$B:$B,"平均") -> 18 | F18: =SUMIFS('1226 4度C'!$I:$I,'1226 4度C'!$A:$A,"新豐5線",'1226 4度C'!$B:$B,"平均") -> 17.666667 | G18: =SUMIFS('1226 4度C'!$I:$I,'1226 4度C'!$A:$A,"新豐7線",'1226 4度C'!$B:$B,"平均") -> 16 | H18: =SUMIFS('1226 4度C'!$I:$I,'1226 4度C'!$A:$A,"新豐3線",'1226 4度C'!$B:$B,"平均") -> 11 | I18: =SUMIFS('1226 4度C'!$I:$I,'1226 4度C'!$A:$A,"新豐1線",'1226 4度C'!$B:$B,"平均") -> 18 | J18: =SUMIFS('1226 4度C'!$I:$I,'1226 4度C'!$A:$A,"新豐10線",'1226 4度C'!$B:$B,"平均") -> 9.1666667 | K18: =SUMIFS('1226 4度C'!$I:$I,'1226 4度C'!$A:$A,"新豐8線",'1226 4度C'!$B:$B,"平均") -> 17.833333 | L18: =SUMIFS('1226 4度C'!$I:$I,'1226 4度C'!$A:$A,"新豐9線",'1226 4度C'!$B:$B,"平均") -> 17.666667 | M18: =SUMIFS('1226 4度C'!$I:$I,'1226 4度C'!$A:$A,"新豐4線",'1226 4度C'!$B:$B,"平均") -> 16.4
B19: 主要應用設備 | D19: ET-55 | E19: 熱縮爐 | F19: L型包裝機 | G19: L型包裝機 | H19: 伺服包裝機 | I19: ET-55 | J19: 伺服包裝機 | K19: 三明治包裝機 | L19: 三明治包裝機 | M19: 三明治包裝機
B20: 次要應用設備 | F20: 圓盤機 | G20: ET-55
B21: 備註 | E21: 握沙拉 | F21: 共用L型包裝機 | H21: 調理麵包 | I21: 炒飯+沙拉 | J21: 調理麵包

Sheet 1226 4度C
A1: 新豐廠四度C日報分析 | C1: 總生產量 | D1: =SUM(F5:F70) -> 130043 | E1: 營業額 | F1: =SUM(G5:G70) -> 4432903.2 | G1: 出勤人數 | H1: =L8+L11+L49+L57+L18+L64+L34+L41+L27+L70 -> 159.06667 | I1: 產線配置圖 | L1: 生產實績 | O1: 人時性差異分析 | S1: 日報登錄 | Y1: 分析說明 | AA1: 產能差異分析
A2: 46017 | B2: 星期五 | C2: 人時性 | D2: =AVERAGE(N8,N11,N49,N57,N18,N64,N27,N34,N41,N70) -> 142.29329 | E2: 平均廠價 | F2: =F1/D1 -> 34.08798 | G2: 多次生產數 | H2: =COUNT(H5:H70) -> 0
A3: 線別 | B3: 品類 | C3: 品名 | E3: 廠價 | F3: 生產量 | G3: 營收 | H3: 多次 生產 | I3: 人數 | J3: 產能/時 | K3: 人時性 | L3: 人數 | M3: 產能/時 | N3: 人時性 | O3: 人數 | P3: 人時性 | Q3: 達成率 | R3: 達成率平均 | S3: 生產時間 | U3: 換線、休息/分 | V3: 稼動時間/分 | W3: 休息時間 | Y3: (新豐回填) | AA3: 產能/時 | AB3: 達成率 | AC3: 達成率平均
S4: 開始 | T4: 結束 | W4: 開始 | X4: 結束
A5: 新豐6線 | B5: 微波主食 | C5: 二配港式香滑嫩蛋牛肉燴飯 | E5: 50.67 | F5: 1253 | G5: =E5*F5 -> 63489.51 | I5: 17 | J5: 2000 | K5: =J5/I5 -> 117.64706 | L5: 17 | M5: =F5/V5*60 -> 1927.6923 | N5: =M5/L5 -> 113.39367 | O5: =L5-I5 -> 0 | P5: =N5-K5 -> -4.2533937 | Q5: =N5/K5 -> 0.96384615 | R5: =Q8 -> 0.96589744 | S5: 0.70833333 | T5: 0.73541667 | V5: =(T5-S5)*24*60 -> 39 | AA5: =M5-J5 -> -72.307692 | AB5: =M5/J5 -> 0.96384615 | AC5: =AB8 -> 0.96589744
A6: 新豐6線 | B6: 微波主食 | C6: 二配美味蟹煲 | E6: 54.09 | F6: 1312 | G6: =E6*F6 -> 70966.08 | I6: 19 | J6: 2000 | K6: =J6/I6 -> 105.26316 | L6: 19 | M6: =F6/V6*60 -> 1920 | N6: =M6/L6 -> 101.05263 | O6: =L6-I6 -> 0 | P6: =N6-K6 -> -4.2105263 | Q6: =N6/K6 -> 0.96 | S6: 0.74097222 | T6: 0.76944444 | U6: =IF(S6=TIME(17,0,0),"",(S6-T5)*24*60) -> 8 | V6: =(T6-S6)*24*60 -> 41 | AA6: =M6-J6 -> -80 | AB6: =M6/J6 -> 0.96
A7: 新豐6線 | B7: 微波主食 | C7: 二配麻油雞燴飯 | E7: 50.29 | F7: 1266 | G7: =E7*F7 -> 63667.14 | I7: 16 | J7: 2000 | K7: =J7/I7 -> 125 | L7: 16 | M7: =F7/V7*60 -> 1947.6923 | N7: =M7/L7 -> 121.73077 | O7: =L7-I7 -> 0 | P7: =N7-K7 -> -3.2692308 | Q7: =N7/K7 -> 0.97384615 | S7: 0.775 | T7: 0.80208333 | U7: =IF(S7=TIME(17,0,0),"",(S7-T6)*24*60) -> 8 | V7: =(T7-S7)*24*60 -> 39 | AA7: =M7-J7 -> -52.307692 | AB7: =M7/J7 -> 0.97384615
A8: 新豐6線 | B8: 平均 | I8: 17.333333 | J8: 2000 | K8: =J8/I8 -> 115.38462 | L8: 17.333333 | M8: =AVERAGE(M5:M7) -> 1931.7949 | N8: =M8/L8 -> 111.4497 | O8: =L8-I8 -> 0 | P8: =N8-K8 -> -3.9349112 | Q8: =N8/K8 -> 0.96589744 | AA8: =M8-J8 -> -68.205128 | AB8: =M8/J8 -> 0.96589744
A9: 新豐2線 | B9: 沙拉 | C9: 青醬優格雞肉握沙拉(113年) | E9: 39.62 | F9: 2675 | G9: =E9*F9 -> 105983.5 | I9: 19 | J9: 1500 | K9: =J9/I9 -> 78.947368 | L9: 19 | M9: =F9/V9*60 -> 1433.0357 | N9: =M9/L9 -> 75.422932 | O9: =L9-I9 -> 0 | P9: =N9-K9 -> -3.5244361 | Q9: =N9/K9 -> 0.95535714 | R9: =Q11 -> 0.95510874 | S9: 0.16666667 | T9: 0.24444444 | V9: =(T9-S9)*24*60 -> 112 | W9: =T9 -> 0.24444444 | X9: =S10 -> 0.26388889 | AA9: =M9-J9 -> -66.964286 | AB9: =M9/J9 -> 0.95535714 | AC9: =AB11 -> 0.95510874
A10: 新豐2線 | B10: 沙拉 | C10: 青檸烤雞握沙拉(113年) | E10: 39.8 | F10: 4273 | G10: =E10*F10 -> 170065.4 | I10: 17 | J10: 1500 | K10: =J10/I10 -> 88.235294 | L10: 17 | M10: =F10/V10*60 -> 1432.2905 | N10: =M10/L10 -> 84.252383 | O10: =L10-I10 -> 0 | P10: =N10-K10 -> -3.9829116 | Q10: =N10/K10 -> 0.95486034 | S10: 0.26388889 | T10: 0.38819444 | U10: =IF(S10=TIME(17,0,0),"",(S10-T9)*24*60) -> 28 | V10: =(T10-S10)*24*60 -> 179 | AA10: =M10-J10 -> -67.709497 | AB10: =M10/J10 -> 0.95486034
A11: 新豐2線 | B11: 平均 | I11: 18 | J11: 1500 | K11: =J11/I11 -> 83.333333 | L11: 18 | M11: =AVERAGE(M9:M10) -> 1432.6631 | N11: =M11/L11 -> 79.592395 | O11: =L11-I11 -> 0 | P11: =N11-K11 -> -3.7409384 | Q11: =N11/K11 -> 0.95510874 | AA11: =M11-J11 -> -67.336891 | AB11: =M11/J11 -> 0.95510874
A12: 新豐5線 | B12: 小吃 | C12: 剝皮辣椒雞湯 | E12: 41 | F12: 1769 | G12: =E12*F12 -> 72529 | I12: 26 | J12: 1500 | K12: =J12/I12 -> 57.692308 | L12: 26 | M12: =F12/V12*60 -> 1434.3243 | N12: =M12/L12 -> 55.16632 | O12: =L12-I12 -> 0 | P12: =N12-K12 -> -2.5259875 | Q12: =N12/K12 -> 0.95621622 | R12: =Q18 -> 0.96254656 | S12: 0.20833333 | T12: 0.25972222 | V12: =(T12-S12)*24*60 -> 74 | AA12: =M12-J12 -> -65.675676 | AB12: =M12/J12 -> 0.95621622 | AC12: =AB18 -> 0.96254656
A13: 新豐5線 | B13: 季節調理麵 | C13: 柚子雞白湯拉麵 | E13: 72.4 | F13: 849 | G13: =E13*F13 -> 61467.6 | I13: 18 | J13: 1500 | K13: =J13/I13 -> 83.333333 | L13: 18 | M13: =F13/V13*60 -> 1455.4286 | N13: =M13/L13 -> 80.857143 | O13: =L13-I13 -> 0 | P13: =N13-K13 -> -2.4761905 | Q13: =N13/K13 -> 0.97028571 | S13: 0.26319444 | T13: 0.2875 | U13: =IF(S13=TIME(17,0,0),"",(S13-T12)*24*60) -> 5 | V13: =(T13-S13)*24*60 -> 35 | AA13: =M13-J13 -> -44.571429 | AB13: =M13/J13 -> 0.97028571
A14: 新豐5線 | B14: 熱食義麵 | C14: 焗烤起司肉醬筆尖麵 | E14: 50.67 | F14: 1096 | G14: =E14*F14 -> 55534.32 | I14: 16 | J14: 1500 | K14: =J14/I14 -> 93.75 | L14: 16 | M14: =F14/V14*60 -> 1429.5652 | N14: =M14/L14 -> 89.347826 | O14: =L14-I14 -> 0 | P14: =N14-K14 -> -4.4021739 | Q14: =N14/K14 -> 0.95304348 | S14: 0.29236111 | T14: 0.32430556 | U14: =IF(S14=TIME(17,0,0),"",(S14-T13)*24*60) -> 7 | V14: =(T14-S14)*24*60 -> 46 | AA14: =M14-J14 -> -70.434783 | AB14: =M14/J14 -> 0.95304348
A15: 新豐5線 | B15: 微波主食 | C15: 二配金咖哩濃厚辛口咖哩飯 | E15: 50.98 | F15: 2080 | G15: =E15*F15 -> 106038.4 | I15: 16 | J15: 2000 | K15: =J15/I15 -> 125 | L15: 16 | M15: =F15/V15*60 -> 1920 | N15: =M15/L15 -> 120 | O15: =L15-I15 -> 0 | P15: =N15-K15 -> -5 | Q15: =N15/K15 -> 0.96 | S15: 0.70833333 | T15: 0.75347222 | U15: =IF(S15=TIME(17,0,0),"",(S15-T14)*24*60) | V15: =(T15-S15)*24*60 -> 65 | AA15: =M15-J15 -> -80 | AB15: =M15/J15 -> 0.96
A16: 新豐5線 | B16: 微波主食 | C16: 二配金咖哩果香甘口咖哩飯 | E16: 50.92 | F16: 2113 | G16: =E16*F16 -> 107593.96 | I16: 15 | J16: 2000 | K16: =J16/I16 -> 133.33333 | L16: 15 | M16: =F16/V16*60 -> 1920.9091 | N16: =M16/L16 -> 128.06061 | O16: =L16-I16 -> 0 | P16: =N16-K16 -> -5.2727273 | Q16: =N16/K16 -> 0.96045455 | S16: 0.75833333 | T16: 0.80416667 | U16: =IF(S16=TIME(17,0,0),"",(S16-T15)*24*60) -> 7 | V16: =(T16-S16)*24*60 -> 66 | AA16: =M16-J16 -> -79.090909 | AB16: =M16/J16 -> 0.96045455
