Workbook

Sheet 1005
B1: 屏榮 新豐廠組合室生產人時性分析
B3: 日期 | C3: =TEXT('1005 4度C'!A2,"yyyy.mm.ddaaaa") -> 2026.10.05星期一 | E3: 訂單量 | F3: ='1005 4度C'!D1 -> 188817 | H3: 營業額 | I3: ='1005 4度C'!F1 -> 6372151.5
B4: 人時性 | C4: 項目 | E4: ➀ | G4: ➁ | I4: ➂ | K4: 異常停線 | M4: 短暫停線
C5: 組合室 | E5: 全溫層 | G5: 4度C-各編組展開 | I5: ③三明治-各編組展開 | K5: 合計次數 | L5: 時間 | M5: 合計次數 | N5: 設備次數
C6: 排關平均 | E6: =AVERAGE(D13:M13) -> 151.02341 | F6: =AVERAGE(D31:O31,D13:J13) -> 155.81982 | G6: =AVERAGE(D13:J13) -> 155.81982 | I6: =AVERAGE(K13:M13) -> 139.83176 | K6: ='1005 4度C'!Y2 -> 0 | L6: ='1005 4度C'!Z2 -> 0 | M6: ='1005 4度C'!AC2 -> 62 | N6: ='1005 4度C'!AD2 -> 0
C7: 實績平均 | E7: =AVERAGE(D14:M14) -> 144.78124 | F7: =AVERAGE(D32:O32,D14:J14) -> 149.47834 | G7: =AVERAGE(D14:J14) -> 149.47834 | I7: =AVERAGE(K14:M14) -> 133.82132
C8: 達成率平均 | E8: =AVERAGE(D15:M15) -> 0.95816976 | F8: =AVERAGE(D15:J15,D33:O33) -> 0.95873505 | G8: =AVERAGE(D15:J15) -> 0.95873505 | I8: =AVERAGE(K15:M15) -> 0.95685074
K9: ※現行日本鮮食廠以達成率80%為基本(即為現行KPI)
B10: 溫層 | D10: ➁4度C-各編組展開 | K10: ③三明治-各編組展開
B11: 編組 | D11: 1 | E11: 2 | F11: 3 | G11: 4 | H11: 5 | I11: 6 | J11: 7 | K11: 1 | L11: 2 | M11: 3
D12: 新豐6線 | E12: 新豐2線 | F12: 新豐5線 | G12: 新豐7線 | H12: 新豐3線 | I12: 新豐1線 | J12: 新豐10線 | K12: 新豐8線 | L12: 新豐9線 | M12: 新豐4線
B13: 人時性 | C13: 排關 | D13: =SUMIFS('1005 4度C'!$K:$K,'1005 4度C'!$A:$A,"新豐6線",'1005 4度C'!$B:$B,"平均") -> 133.33333 | E13: =SUMIFS('1005 4度C'!$K:$K,'1005 4度C'!$A:$A,"新豐2線",'1005 4度C'!$B:$B,"平均") -> 83.333333 | F13: =SUMIFS('1005 4度C'!$K:$K,'1005 4度C'!$A:$A,"新豐5線",'1005 4度C'!$B:$B,"平均") -> 102.94118 | G13: =SUMIFS('1005 4度C'!$K:$K,'1005 4度C'!$A:$A,"新豐7線",'1005 4度C'!$B:$B,"平均") -> 125 | H13: =SUMIFS('1005 4度C'!$K:$K,'1005 4度C'!$A:$A,"新豐3線",'1005 4度C'!$B:$B,"平均") -> 242.42424 | I13: =SUMIFS('1005 4度C'!$K:$K,'1005 4度C'!$A:$A,"新豐1線",'1005 4度C'!$B:$B,"平均") -> 109.58904 | J13: =SUMIFS('1005 4度C'!$K:$K,'1005 4度C'!$A:$A,"新豐10線",'1005 4度C'!$B:$B,"平均") -> 294.11765 | K13: =SUMIFS('1005 4度C'!$K:$K,'1005 4度C'!$A:$A,"新豐8線",'1005 4度C'!$B:$B,"平均") -> 135.84906 | L13: =SUMIFS('1005 4度C'!$K:$K,'1005 4度C'!$A:$A,"新豐9線",'1005 4度C'!$B:$B,"平均") -> 124.8227 | M13: =SUMIFS('1005 4度C'!$K:$K,'1005 4度C'!$A:$A,"新豐4線",'1005 4度C'!$B:$B,"平均") -> 158.82353
C14: 實績 | D14: =SUMIFS('1005 4度C'!$N:$N,'1005 4度C'!$A:$A,"新豐6線",'1005 4度C'!$B:$B,"平均") -> 128.1203 | E14: =SUMIFS('1005 4度C'!$N:$N,'1005 4度C'!$A:$A,"新豐2線",'1005 4度C'!$B:$B,"平均") -> 79.455595 | F14: =SUMIFS('1005 4度C'!$N:$N,'1005 4度C'!$A:$A,"新豐5線",'1005 4度C'!$B:$B,"平均") -> 98.822809 | G14: =SUMIFS('1005 4度C'!$N:$N,'1005 4度C'!$A:$A,"新豐7線",'1005 4度C'!$B:$B,"平均") -> 119.8445 | H14: =SUMIFS('1005 4度C'!$N:$N,'1005 4度C'!$A:$A,"新豐3線",'1005 4度C'!$B:$B,"平均") -> 231.01639 | I14: =SUMIFS('1005 4度C'!$N:$N,'1005 4度C'!$A:$A,"新豐1線",'1005 4度C'!$B:$B,"平均") -> 105.1847 | J14: =SUMIFS('1005 4度C'!$N:$N,'1005 4度C'!$A:$A,"新豐10線",'1005 4度C'!$B:$B,"平均") -> 283.9041 | K14: =SUMIFS('1005 4度C'!$N:$N,'1005 4度C'!$A:$A,"新豐8線",'1005 4度C'!$B:$B,"平均") -> 130.10174 | L14: =SUMIFS('1005 4度C'!$N:$N,'1005 4度C'!$A:$A,"新豐9線",'1005 4度C'!$B:$B,"平均") -> 119.11013 | M14: =SUMIFS('1005 4度C'!$N:$N,'1005 4度C'!$A:$A,"新豐4線",'1005 4度C'!$B:$B,"平均") -> 152.25209
C15: 達成率 | D15: =D14/D13 -> 0.96090228 | E15: =E14/E13 -> 0.95346715 | F15: =F14/F13 -> 0.959993 | G15: =G14/G13 -> 0.95875602 | H15: =H14/H13 -> 0.95294261 | I15: =I14/I13 -> 0.95981037 | J15: =J14/J13 -> 0.96527392 | K15: =K14/K13 -> 0.95769335 | ... M15: =M14/M13 -> 0.9586243
B16: 作業 時間 | C16: 開始 | D16: =VLOOKUP("新豐6線",'1005 4度C'!$A:$T,19,0) -> 0.70833333 | E16: =VLOOKUP("新豐2線",'1005 4度C'!$A:$T,19,0) -> 0.083333333 | F16: =VLOOKUP("新豐5線",'1005 4度C'!$A:$T,19,0) -> 0.25 | G16: =VLOOKUP("新豐7線",'1005 4度C'!$A:$T,19,0) -> 0.29166667 | H16: =VLOOKUP("新豐3線",'1005 4度C'!$A:$T,19,0) -> 0.20833333 | I16: =VLOOKUP("新豐1線",'1005 4度C'!$A:$T,19,0) -> 0.20833333 | J16: =VLOOKUP("新豐10線",'1005 4度C'!$A:$T,19,0) -> 0.20833333 | K16: =VLOOKUP("新豐8線",'1005 4度C'!$A:$T,19,0) -> 0.083333333 | L16: =VLOOKUP("新豐9線",'1005 4度C'!$A:$T,19,0) -> 0.083333333 | M16: =VLOOKUP("新豐4線",'1005 4度C'!$A:$T,19,0) -> 0.083333333
C17: 結束 | D17: =LOOKUP(2,1/(('1005 4度C'!$A:$A="新豐6線")*('1005 4度C'!$T:$T<>"")),'1005 4度C'!$T:$T) -> 0.91041667 | E17: =LOOKUP(2,1/(('1005 4度C'!$A:$A="新豐2線")*('1005 4度C'!$T:$T<>"")),'1005 4度C'!$T:$T) -> 0.46666667 | F17: =LOOKUP(2,1/(('1005 4度C'!$A:$A="新豐5線")*('1005 4度C'!$T:$T<>"")),'1005 4度C'!$T:$T) -> 0.84513889 | G17: =LOOKUP(2,1/(('1005 4度C'!$A:$A="新豐7線")*('1005 4度C'!$T:$T<>"")),'1005 4度C'!$T:$T) -> 0.91666667 | H17: =LOOKUP(2,1/(('1005 4度C'!$A:$A="新豐3線")*('1005 4度C'!$T:$T<>"")),'1005 4度C'!$T:$T) -> 0.4875 | I17: =LOOKUP(2,1/(('1005 4度C'!$A:$A="新豐1線")*('1005 4度C'!$T:$T<>"")),'1005 4度C'!$T:$T) -> 0.84861111 | J17: =LOOKUP(2,1/(('1005 4度C'!$A:$A="新豐10線")*('1005 4度C'!$T:$T<>"")),'1005 4度C'!$T:$T) -> 0.46736111 | K17: =LOOKUP(2,1/(('1005 4度C'!$A:$A="新豐8線")*('1005 4度C'!$T:$T<>"")),'1005 4度C'!$T:$T) -> 0.75694444 | L17: =LOOKUP(2,1/(('1005 4度C'!$A:$A="新豐9線")*('1005 4度C'!$T:$T<>"")),'1005 4度C'!$T:$T) -> 0.77847222 | M17: =LOOKUP(2,1/(('1005 4度C'!$A:$A="新豐4線")*('1005 4度C'!$T:$T<>"")),'1005 4度C'!$T:$T) -> 0.74583333
B18: 產線異常 (5分鐘以上) | C18: 次數 | D18: =SUMIFS('1005 4度C'!$Y:$Y,'1005 4度C'!$A:$A,"新豐6線",'1005 4度C'!$B:$B,"平均") -> 0 | E18: =SUMIFS('1005 4度C'!$Y:$Y,'1005 4度C'!$A:$A,"新豐2線",'1005 4度C'!$B:$B,"平均") -> 0 | F18: =SUMIFS('1005 4度C'!$Y:$Y,'1005 4度C'!$A:$A,"新豐5線",'1005 4度C'!$B:$B,"平均") -> 0 | G18: =SUMIFS('1005 4度C'!$Y:$Y,'1005 4度C'!$A:$A,"新豐7線",'1005 4度C'!$B:$B,"平均") -> 0 | H18: =SUMIFS('1005 4度C'!$Y:$Y,'1005 4度C'!$A:$A,"新豐3線",'1005 4度C'!$B:$B,"平均") -> 0 | I18: =SUMIFS('1005 4度C'!$Y:$Y,'1005 4度C'!$A:$A,"新豐1線",'1005 4度C'!$B:$B,"平均") -> 0 | J18: =SUMIFS('1005 4度C'!$Y:$Y,'1005 4度C'!$A:$A,"新豐10線",'1005 4度C'!$B:$B,"平均") -> 0 | K18: =SUMIFS('1005 4度C'!$Y:$Y,'1005 4度C'!$A:$A,"新豐8線",'1005 4度C'!$B:$B,"平均") -> 0 | L18: =SUMIFS('1005 4度C'!$Y:$Y,'1005 4度C'!$A:$A,"新豐9線",'1005 4度C'!$B:$B,"平均") -> 0 | M18: =SUMIFS('1005 4度C'!$Y:$Y,'1005 4度C'!$A:$A,"新豐4線",'1005 4度C'!$B:$B,"平均") -> 0
C19: 時間/分 | D19: =SUMIFS('1005 4度C'!$Z:$Z,'1005 4度C'!$A:$A,"新豐6線",'1005 4度C'!$B:$B,"平均") -> 0 | E19: =SUMIFS('1005 4度C'!$Z:$Z,'1005 4度C'!$A:$A,"新豐2線",'1005 4度C'!$B:$B,"平均") -> 0 | F19: =SUMIFS('1005 4度C'!$Z:$Z,'1005 4度C'!$A:$A,"新豐5線",'1005 4度C'!$B:$B,"平均") -> 0 | G19: =SUMIFS('1005 4度C'!$Z:$Z,'1005 4度C'!$A:$A,"新豐7線",'1005 4度C'!$B:$B,"平均") -> 0 | H19: =SUMIFS('1005 4度C'!$Z:$Z,'1005 4度C'!$A:$A,"新豐3線",'1005 4度C'!$B:$B,"平均") -> 0 | I19: =SUMIFS('1005 4度C'!$Z:$Z,'1005 4度C'!$A:$A,"新豐1線",'1005 4度C'!$B:$B,"平均") -> 0 | J19: =SUMIFS('1005 4度C'!$Z:$Z,'1005 4度C'!$A:$A,"新豐10線",'1005 4度C'!$B:$B,"平均") -> 0 | K19: =SUMIFS('1005 4度C'!$Z:$Z,'1005 4度C'!$A:$A,"新豐8線",'1005 4度C'!$B:$B,"平均") -> 0 | L19: =SUMIFS('1005 4度C'!$Z:$Z,'1005 4度C'!$A:$A,"新豐9線",'1005 4度C'!$B:$B,"平均") -> 0 | M19: =SUMIFS('1005 4度C'!$Z:$Z,'1005 4度C'!$A:$A,"新豐4線",'1005 4度C'!$B:$B,"平均") -> 0
B20: 短暫停線 (5分鐘以下) | C20: 次數 | D20: =SUMIFS('1005 4度C'!$AC:$AC,'1005 4度C'!$A:$A,"新豐6線",'1005 4度C'!$B:$B,"平均") -> 4 | E20: =SUMIFS('1005 4度C'!$AC:$AC,'1005 4度C'!$A:$A,"新豐2線",'1005 4度C'!$B:$B,"平均") -> 2 | F20: =SUMIFS('1005 4度C'!$AC:$AC,'1005 4度C'!$A:$A,"新豐5線",'1005 4度C'!$B:$B,"平均") -> 6 | G20: =SUMIFS('1005 4度C'!$AC:$AC,'1005 4度C'!$A:$A,"新豐7線",'1005 4度C'!$B:$B,"平均") -> 8 | H20: =SUMIFS('1005 4度C'!$AC:$AC,'1005 4度C'!$A:$A,"新豐3線",'1005 4度C'!$B:$B,"平均") -> 3 | I20: =SUMIFS('1005 4度C'!$AC:$AC,'1005 4度C'!$A:$A,"新豐1線",'1005 4度C'!$B:$B,"平均") -> 8 | J20: =SUMIFS('1005 4度C'!$AC:$AC,'1005 4度C'!$A:$A,"新豐10線",'1005 4度C'!$B:$B,"平均") -> 5 | K20: =SUMIFS('1005 4度C'!$AC:$AC,'1005 4度C'!$A:$A,"新豐8線",'1005 4度C'!$B:$B,"平均") -> 9 | L20: =SUMIFS('1005 4度C'!$AC:$AC,'1005 4度C'!$A:$A,"新豐9線",'1005 4度C'!$B:$B,"平均") -> 8 | M20: =SUMIFS('1005 4度C'!$AC:$AC,'1005 4度C'!$A:$A,"新豐4線",'1005 4度C'!$B:$B,"平均") -> 9
C21: 設備次數 | D21: =SUMIFS('1005 4度C'!$AD:$AD,'1005 4度C'!$A:$A,"新豐6線",'1005 4度C'!$B:$B,"平均") -> 0 | E21: =SUMIFS('1005 4度C'!$AD:$AD,'1005 4度C'!$A:$A,"新豐2線",'1005 4度C'!$B:$B,"平均") -> 0 | F21: =SUMIFS('1005 4度C'!$AD:$AD,'1005 4度C'!$A:$A,"新豐5線",'1005 4度C'!$B:$B,"平均") -> 0 | G21: =SUMIFS('1005 4度C'!$AD:$AD,'1005 4度C'!$A:$A,"新豐7線",'1005 4度C'!$B:$B,"平均") -> 0 | H21: =SUMIFS('1005 4度C'!$AD:$AD,'1005 4度C'!$A:$A,"新豐3線",'1005 4度C'!$B:$B,"平均") -> 0 | I21: =SUMIFS('1005 4度C'!$AD:$AD,'1005 4度C'!$A:$A,"新豐1線",'1005 4度C'!$B:$B,"平均") -> 0 | J21: =SUMIFS('1005 4度C'!$AD:$AD,'1005 4度C'!$A:$A,"新豐10線",'1005 4度C'!$B:$B,"平均") -> 0 | K21: =SUMIFS('1005 4度C'!$AD:$AD,'1005 4度C'!$A:$A,"新豐8線",'1005 4度C'!$B:$B,"平均") -> 0 | L21: =SUMIFS('1005 4度C'!$AD:$AD,'1005 4度C'!$A:$A,"新豐9線",'1005 4度C'!$B:$B,"平均") -> 0 | M21: =SUMIFS('1005 4度C'!$AD:$AD,'1005 4度C'!$A:$A,"新豐4線",'1005 4度C'!$B:$B,"平均") -> 0
B22: 配置人數 | D22: =SUMIFS('1005 4度C'!$I:$I,'1005 4度C'!$A:$A,"新豐6線",'1005 4度C'!$B:$B,"平均") -> 15 | E22: =SUMIFS('1005 4度C'!$I:$I,'1005 4度C'!$A:$A,"新豐2線",'1005 4度C'!$B:$B,"平均") -> 18 | F22: =SUMIFS('1005 4度C'!$I:$I,'1005 4度C'!$A:$A,"新豐5線",'1005 4度C'!$B:$B,"平均") -> 17 | G22: =SUMIFS('1005 4度C'!$I:$I,'1005 4度C'!$A:$A,"新豐7線",'1005 4度C'!$B:$B,"平均") -> 16 | H22: =SUMIFS('1005 4度C'!$I:$I,'1005 4度C'!$A:$A,"新豐3線",'1005 4度C'!$B:$B,"平均") -> 11 | I22: =SUMIFS('1005 4度C'!$I:$I,'1005 4度C'!$A:$A,"新豐1線",'1005 4度C'!$B:$B,"平均") -> 18.25 | J22: =SUMIFS('1005 4度C'!$I:$I,'1005 4度C'!$A:$A,"新豐10線",'1005 4度C'!$B:$B,"平均") -> 10.2 | K22: =SUMIFS('1005 4度C'!$I:$I,'1005 4度C'!$A:$A,"新豐8線",'1005 4度C'!$B:$B,"平均") -> 17.666667 | L22: =SUMIFS('1005 4度C'!$I:$I,'1005 4度C'!$A:$A,"新豐9線",'1005 4度C'!$B:$B,"平均") -> 17.625 | M22: =SUMIFS('1005 4度C'!$I:$I,'1005 4度C'!$A:$A,"新豐4線",'1005 4度C'!$B:$B,"平均") -> 15.111111
B23: 主要應用設備 | D23: ET-55 | E23: 熱縮爐 | F23: L型包裝機 | G23: L型包裝機 | H23: 伺服包裝機 | I23: ET-55 | J23: 伺服包裝機 | K23: 三明治包裝機 | L23: 三明治包裝機 | M23: 三明治包裝機
B24: 次要應用設備 | F24: 圓盤機 | G24: ET-55
B25: 備註 | E25: 握沙拉 | F25: 共用L型包裝機 | H25: 調理麵包 | I25: 炒飯+沙拉 | J25: 調理麵包

Sheet 1005 4度C
A1: 新豐廠四度C日報分析 | C1: 總生產量 | D1: =SUM(F5:F76) -> 188817 | E1: 營業額 | F1: =SUM(G5:G76) -> 6372151.5 | G1: 出勤人數 | H1: =L9+L12+L51+L60+L19+L66+L38+L47+L28+L76 -> 155.85278 | I1: 產線配置圖 | L1: 生產實績 | O1: 人時性差異分析 | S1: 日報登錄 | Y1: 合計 次數 | Z1: 合計 時間/分 | AA1: 產線異常 分析說明(5分鐘以上) | AC1: 合計 次數 | AD1: 合計 設備次數 | AE1: 產能差異分析
A2: 46300 | B2: 星期一 | C2: 人時性 | D2: =AVERAGE(N9,N12,N51,N60,N19,N66,N28,N38,N47,N76) -> 144.78124 | E2: 平均廠價 | F2: =F1/D1 -> 33.747764 | G2: 多次生產數 | H2: =COUNT(H5:H76) -> 11 | Y2: =SUM(Y9+Y12+Y19+Y28+Y38+Y47+Y51+Y60+Y66+Y76) -> 0 | Z2: =SUM(Z9+Z12+Z19+Z28+Z38+Z47+Z51+Z60+Z66+Z76) -> 0 | AC2: 62 | AD2: =SUM(AD9+AD12+AD19+AD28+AD38+AD47+AD51+AD60+AD66+AD76) -> 0
A3: 線別 | B3: 品類 | C3: 品名 | E3: 廠價 | F3: 生產量 | G3: 營收 | H3: 多次 生產 | I3: 人數 | J3: 產能/時 | K3: 人時性 | L3: 人數 | M3: 產能/時 | N3: 人時性 | O3: 人數 | P3: 人時性 | Q3: 達成率 | R3: 達成率平均 | S3: 生產時間 | U3: 換線、休息/分 | V3: 稼動時間/分 | W3: 休息時間 | Y3: 產線異常統計 (5分鐘以上) | AA3: (新豐回填) | AC3: 短暫停線統計 (5分鐘以下) | AE3: 產能/時 | AF3: 達成率 | AG3: 達成率平均
S4: 開始 | T4: 結束 | W4: 開始 | X4: 結束 | Y4: 次數 | Z4: 時間/分 | AC4: 總次數 | AD4: 設備因素(次數)
A5: 新豐6線 | B5: 微波主食 | C5: 二配金咖哩果香甘口咖哩飯 | E5: 50.92 | F5: 2723 | G5: =E5*F5 -> 138655.16 | I5: 15 | J5: 2000 | K5: =J5/I5 -> 133.33333 | L5: 15 | M5: =F5/V5*60 -> 1922.1176 | N5: =M5/L5 -> 128.14118 | O5: =L5-I5 -> 0 | P5: =N5-K5 -> -5.1921569 | Q5: =N5/K5 -> 0.96105882 | R5: =Q9 -> 0.96090228 | S5: 0.70833333 | T5: 0.76736111 | V5: =(T5-S5)*24*60 -> 85 | AC5: 4 | AE5: =M5-J5 -> -77.882353 | AF5: =M5/J5 -> 0.96105882 | AG5: =AF9 -> 0.96090228
A6: 新豐6線 | B6: 微波主食 | C6: 二配金咖哩濃厚辛口咖哩飯 | E6: 50.98 | F6: 1000 | G6: =E6*F6 -> 50980 | H6: 2 | I6: 16 | J6: 2000 | K6: =J6/I6 -> 125 | L6: 16 | M6: =F6/V6*60 -> 1935.4839 | N6: =M6/L6 -> 120.96774 | O6: =L6-I6 -> 0 | P6: =N6-K6 -> -4.0322581 | Q6: =N6/K6 -> 0.96774194 | S6: 0.77152778 | T6: 0.79305556 | U6: =IF(S6=TIME(17,0,0),"",(S6-T5)*24*60) -> 6 | V6: =(T6-S6)*24*60 -> 31 | AE6: =M6-J6 -> -64.516129 | AF6: =M6/J6 -> 0.96774194
A7: 新豐6線 | B7: 微波主食 | C7: 二配厚香料優格咖哩雞排飯 | E7: 56.43 | F7: 1301 | G7: =E7*F7 -> 73415.43 | I7: 13 | J7: 2000 | K7: =J7/I7 -> 153.84615 | L7: 13 | M7: =F7/V7*60 -> 1903.9024 | N7: =M7/L7 -> 146.45403 | O7: =L7-I7 -> 0 | P7: =N7-K7 -> -7.3921201 | Q7: =N7/K7 -> 0.95195122 | S7: 0.79791667 | T7: 0.82638889 | U7: =IF(S7=TIME(17,0,0),"",(S7-T6)*24*60) -> 7 | V7: =(T7-S7)*24*60 -> 41 | W7: =T7 -> 0.82638889 | X7: =S8 -> 0.86666667 | AE7: =M7-J7 -> -96.097561 | AF7: =M7/J7 -> 0.95195122
A8: 新豐6線 | B8: 微波主食 | C8: 二配金咖哩濃厚辛口咖哩飯 | E8: 50.98 | F8: 2022 | G8: =E8*F8 -> 103081.56 | I8: 16 | J8: 2000 | K8: =J8/I8 -> 125 | L8: 16 | M8: =F8/V8*60 -> 1925.7143 | N8: =M8/L8 -> 120.35714 | O8: =L8-I8 -> 0 | P8: =N8-K8 -> -4.6428571 | Q8: =N8/K8 -> 0.96285714 | S8: 0.86666667 | T8: 0.91041667 | U8: =IF(S8=TIME(17,0,0),"",(S8-T7)*24*60) -> 58 | V8: =(T8-S8)*24*60 -> 63 | AE8: =M8-J8 -> -74.285714 | AF8: =M8/J8 -> 0.96285714
A9: 新豐6線 | B9: 平均 | I9: 15 | J9: 2000 | K9: =J9/I9 -> 133.33333 | L9: 15 | M9: =AVERAGE(M5:M8) -> 1921.8046 | N9: =M9/L9 -> 128.1203 | O9: =L9-I9 -> 0 | P9: =N9-K9 -> -5.2130293 | Q9: =N9/K9 -> 0.96090228 | Y9: =SUM(Y5:Y8) -> 0 | Z9: =SUM(Z5:Z8) -> 0 | AC9: 4 | AD9: =SUM(AD5:AD8) -> 0 | AE9: =M9-J9 -> -78.195439 | AF9: =M9/J9 -> 0.96090228
A10: 新豐2線 | B10: 沙拉 | C10: 青醬優格雞肉握沙拉(113年) | E10: 39.62 | F10: 4909 | G10: =E10*F10 -> 194494.58 | I10: 19 | J10: 1500 | K10: =J10/I10 -> 78.947368 | L10: 19 | M10: =F10/V10*60 -> 1429.8058 | N10: =M10/L10 -> 75.252938 | O10: =L10-I10 -> 0 | P10: =N10-K10 -> -3.6944303 | Q10: =N10/K10 -> 0.95320388 | R10: =Q12 -> 0.95346715 | S10: 0.083333333 | T10: 0.22638889 | V10: =(T10-S10)*24*60 -> 206 | W10: =T10 -> 0.22638889 | X10: =S11 -> 0.24513889 | AC10: 2 | AE10: =M10-J10 -> -70.194175 | AF10: =M10/J10 -> 0.95320388 | AG10: =AF12 -> 0.95346715
A11: 新豐2線 | B11: 沙拉 | C11: 青檸烤雞握沙拉(113年) | E11: 39.8 | F11: 7606 | G11: =E11*F11 -> 302718.8 | I11: 17 | J11: 1500 | K11: =J11/I11 -> 88.235294 | L11: 17 | M11: =F11/V11*60 -> 1430.5956 | N11: =M11/L11 -> 84.152683 | O11: =L11-I11 -> 0 | P11: =N11-K11 -> -4.0826111 | Q11: =N11/K11 -> 0.95373041 | S11: 0.24513889 | T11: 0.46666667 | U11: =IF(S11=TIME(17,0,0),"",(S11-T10)*24*60) -> 27 | V11: =(T11-S11)*24*60 -> 319 | AE11: =M11-J11 -> -69.404389 | AF11: =M11/J11 -> 0.95373041
A12: 新豐2線 | B12: 平均 | I12: 18 | J12: 1500 | K12: =J12/I12 -> 83.333333 | L12: 18 | M12: =AVERAGE(M10:M11) -> 1430.2007 | N12: =M12/L12 -> 79.455595 | O12: =L12-I12 -> 0 | P12: =N12-K12 -> -3.8777379 | Q12: =N12/K12 -> 0.95346715 | Y12: =SUM(Y10:Y11) -> 0 | Z12: =SUM(Z10:Z11) -> 0 | AC12: 2 | AD12: =SUM(AD10:AD11) -> 0 | AE12: =M12-J12 -> -69.799282 | AF12: =M12/J12 -> 0.95346715
A13: 新豐5線 | B13: 季節調理麵 | C13: 台式麻醬涼麵(115年) | E13: 31.11 | F13: 2097 | G13: =E13*F13 -> 65237.67 | I13: 14 | J13: 2000 | K13: =J13/I13 -> 142.85714 | L13: 14 | M13: =F13/V13*60 -> 1906.3636 | N13: =M13/L13 -> 136.16883 | O13: =L13-I13 -> 0 | P13: =N13-K13 -> -6.6883117 | Q13: =N13/K13 -> 0.95318182 | R13: =Q19 -> 0.959993 | S13: 0.25 | T13: 0.29583333 | V13: =(T13-S13)*24*60 -> 66 | AC13: 6 | AE13: =M13-J13 -> -93.636364 | AF13: =M13/J13 -> 0.95318182 | AG13: =AF19 -> 0.959993
A14: 新豐5線 | B14: 小吃 | C14: 剝皮辣椒雞湯 | E14: 41 | F14: 2033 | G14: =E14*F14 -> 83353 | I14: 26 | J14: 1500 | K14: =J14/I14 -> 57.692308 | L14: 26 | M14: =F14/V14*60 -> 1435.0588 | N14: =M14/L14 -> 55.19457 | O14: =L14-I14 -> 0 | P14: =N14-K14 -> -2.4977376 | Q14: =N14/K14 -> 0.95670588 | S14: 0.3 | T14: 0.35902778 | U14: =IF(S14=TIME(17,0,0),"",(S14-T13)*24*60) -> 6 | V14: =(T14-S14)*24*60 -> 85 | AE14: =M14-J14 -> -64.941176 | AF14: =M14/J14 -> 0.95670588
A15: 新豐5線 | B15: 沙拉 | C15: 厚蛋時蔬握沙拉 | E15: 39.46 | F15: 2394 | G15: =E15*F15 -> 94467.24 | I15: 15 | J15: 1500 | K15: =J15/I15 -> 100 | L15: 15 | M15: =F15/V15*60 -> 1436.4 | N15: =M15/L15 -> 95.76 | O15: =L15-I15 -> 0 | P15: =N15-K15 -> -4.24 | Q15: =N15/K15 -> 0.9576 | S15: 0.36458333 | T15: 0.43402778 | U15: =IF(S15=TIME(17,0,0),"",(S15-T14)*24*60) -> 8 | V15: =(T15-S15)*24*60 -> 100 | AE15: =M15-J15 -> -63.6 | AF15: =M15/J15 -> 0.9576
A16: 新豐5線 | B16: 微波主食 | C16: 二配玉米濃湯焗烤飯 | E16: 54.5 | F16: 730 | G16: =E16*F16 -> 39785 | I16: 19 | J16: 1500 | K16: =J16/I16 -> 78.947368 | L16: 19 | M16: =F16/V16*60 -> 1460 | N16: =M16/L16 -> 76.842105 | O16: =L16-I16 -> 0 | P16: =N16-K16 -> -2.1052632 | Q16: =N16/K16 -> 0.97333333 | S16: 0.70833333 | T16: 0.72916667 | U16: =IF(S16=TIME(17,0,0),"",(S16-T15)*24*60) | V16: =(T16-S16)*24*60 -> 30 | AE16: =M16-J16 -> -40 | AF16: =M16/J16 -> 0.97333333
A17: 新豐5線 | B17: 微波主食 | C17: 二配泰式綠咖哩雞 | E17: 50.67 | F17: 1700 | G17: =E17*F17 -> 86139 | I17: 15 | J17: 2000 | K17: =J17/I17 -> 133.33333 | L17: 15 | M17: =F17/V17*60 -> 1924.5283 | N17: =M17/L17 -> 128.30189 | O17: =L17-I17 -> 0 | P17: =N17-K17 -> -5.0314465 | Q17: =N17/K17 -> 0.96226415 | S17: 0.73472222 | T17: 0.77152778 | U17: =IF(S17=TIME(17,0,0),"",(S17-T16)*24*60) -> 8 | V17: =(T17-S17)*24*60 -> 53 | AE17: =M17-J17 -> -75.471698 | AF17: =M17/J17 -> 0.96226415
A18: 新豐5線 | B18: 微波主食 | C18: 二配打拋風味豬肉飯 | E18: 51.06 | F18: 3164 | G18: =E18*F18 -> 161553.84 | I18: 13 | J18: 2000 | K18: =J18/I18 -> 153.84615 | L18: 13 | M18: =F18/V18*60 -> 1917.5758 | N18: =M18/L18 -> 147.50583 | O18: =L18-I18 -> 0 | P18: =N18-K18 -> -6.3403263 | Q18: =N18/K18 -> 0.95878788 | S18: 0.77638889 | T18: 0.84513889 | U18: =IF(S18=TIME(17,0,0),"",(S18-T17)*24*60) -> 7 | V18: =(T18-S18)*24*60 -> 99 | AE18: =M18-J18 -> -82.424242 | AF18: =M18/J18 -> 0.95878788
A19: 新豐5線 | B19: 平均 | I19: 17 | J19: 1750 | K19: =J19/I19 -> 102.94118 | L19: 17 | M19: =AVERAGE(M13:M18) -> 1679.9878 | N19: =M19/L19 -> 98.822809 | O19: =L19-I19 -> 0 | P19: =N19-K19 -> -4.1183675 | Q19: =N19/K19 -> 0.959993 | Y19: =SUM(Y13:Y18) -> 0 | Z19: =SUM(Z13:Z18) -> 0 | AC19: 6 | AD19: =SUM(AD13:AD18) -> 0 | AE19: =M19-J19 -> -70.012247 | AF19: =M19/J19 -> 0.959993
A20: 新豐7線 | B20: 微波主食 | C20: 韓式泡菜豬肉豆腐丼飯 | E20: 50.67 | F20: 1815 | G20: =E20*F20 -> 91966.05 | I20: 17 | J20: 2000 | K20: =J20/I20 -> 117.64706 | L20: 17 | M20: =F20/V20*60 -> 1910.5263 | N20: =M20/L20 -> 112.3839 | O20: =L20-I20 -> 0 | P20: =N20-K20 -> -5.2631579 | Q20: =N20/K20 -> 0.95526316 | R20: =Q28 -> 0.95875602 | S20: 0.29166667 | T20: 0.33125 | V20: =(T20-S20)*24*60 -> 57 | AC20: 8 | AE20: =M20-J20 -> -89.473684 | AF20: =M20/J20 -> 0.95526316 | AG20: =AF28 -> 0.95875602
A21: 新豐7線 | B21: 微波主食 | C21: 鐵板滑蛋炸豬排丼 | E21: 57.73 | F21: 2967 | G21: =E21*F21 -> 171284.91 | I21: 14 | J21: 2000 | K21: =J21/I21 -> 142.85714 | L21: 14 | M21: =F21/V21*60 -> 1914.1935 | N21: =M21/L21 -> 136.72811 | O21: =L21-I21 -> 0 | P21: =N21-K21 -> -6.1290323 | Q21: =N21/K21 -> 0.95709677 | S21: 0.33541667 | T21: 0.4 | U21: =IF(S21=TIME(17,0,0),"",(S21-T20)*24*60) -> 6 | V21: =(T21-S21)*24*60 -> 93 | AE21: =M21-J21 -> -85.806452 | AF21: =M21/J21 -> 0.95709677
A22: 新豐7線 | B22: 微波主食 | C22: 日式炙烤親子丼 | E22: 53.27 | F22: 1690 | G22: =E22*F22 -> 90026.3 | I22: 16 | J22: 2000 | K22: =J22/I22 -> 125 | L22: 16 | M22: =F22/V22*60 -> 1913.2075 | N22: =M22/L22 -> 119.57547 | O22: =L22-I22 -> 0 | P22: =N22-K22 -> -5.4245283 | Q22: =N22/K22 -> 0.95660377 | S22: 0.40347222 | T22: 0.44027778 | U22: =IF(S22=TIME(17,0,0),"",(S22-T21)*24*60) -> 5 | V22: =(T22-S22)*24*60 -> 53 | AE22: =M22-J22 -> -86.792453 | AF22: =M22/J22 -> 0.95660377
A23: 新豐7線 | B23: 微波主食 | C23: 熊本麥味噌炸豬排丼飯 | E23: 57.3 | F23: 2088 | G23: =E23*F23 -> 119642.4 | I23: 16 | J23: 2000 | K23: =J23/I23 -> 125 | L23: 16 | M23: =F23/V23*60 -> 1927.3846 | N23: =M23/L23 -> 120.46154 | O23: =L23-I23 -> 0 | P23: =N23-K23 -> -4.5384615 | Q23: =N23/K23 -> 0.96369231 | S23: 0.44444444 | T23: 0.48958333 | U23: =IF(S23=TIME(17,0,0),"",(S23-T22)*24*60) -> 6 | V23: =(T23-S23)*24*60 -> 65 | AE23: =M23-J23 -> -72.615385 | AF23: =M23/J23 -> 0.96369231
A24: 新豐7線 | B24: 微波主食 | C24: 二配川味麻婆燒豆腐燴飯 | E24: 50.49 | F24: 2349 | G24: =E24*F24 -> 118601.01 | I24: 15 | J24: 2000 | K24: =J24/I24 -> 133.33333 | L24: 15 | M24: =F24/V24*60 -> 1904.5946 | N24: =M24/L24 -> 126.97297 | O24: =L24-I24 -> 0 | P24: =N24-K24 -> -6.3603604 | Q24: =N24/K24 -> 0.9522973 | S24: 0.70833333 | T24: 0.75972222 | U24: =IF(S24=TIME(17,0,0),"",(S24-T23)*24*60) | V24: =(T24-S24)*24*60 -> 74 | AE24: =M24-J24 -> -95.405405 | AF24: =M24/J24 -> 0.9522973
A25: 新豐7線 | B25: 微波主食 | C25: 二配港式滑蛋牛肉燴飯 | E25: 50.67 | F25: 1000 | G25: =E25*F25 -> 50670 | H25: 2 | I25: 16 | J25: 2000 | K25: =J25/I25 -> 125 | L25: 16 | M25: =F25/V25*60 -> 1935.4839 | N25: =M25/L25 -> 120.96774 | O25: =L25-I25 -> 0 | P25: =N25-K25 -> -4.0322581 | Q25: =N25/K25 -> 0.96774194 | S25: 0.76319444 | T25: 0.78472222 | U25: =IF(S25=TIME(17,0,0),"",(S25-T24)*24*60) -> 5 | V25: =(T25-S25)*24*60 -> 31 | AE25: =M25-J25 -> -64.516129 | AF25: =M25/J25 -> 0.96774194
A26: 新豐7線 | B26: 微波主食 | C26: 二配美味蟹煲 | E26: 54.09 | F26: 2170 | G26: =E26*F26 -> 117375.3 | I26: 18 | J26: 2000 | K26: =J26/I26 -> 111.11111 | L26: 18 | M26: =F26/V26*60 -> 1914.7059 | N26: =M26/L26 -> 106.37255 | O26: =L26-I26 -> 0 | P26: =N26-K26 -> -4.7385621 | Q26: =N26/K26 -> 0.95735294 | S26: 0.79027778 | T26: 0.8375 | U26: =IF(S26=TIME(17,0,0),"",(S26-T25)*24*60) -> 8 | V26: =(T26-S26)*24*60 -> 68 | W26: =T26 -> 0.8375 | X26: =S27 -> 0.87569444 | AE26: =M26-J26 -> -85.294118 | AF26: =M26/J26 -> 0.95735294
A27: 新豐7線 | B27: 微波主食 | C27: 二配港式滑蛋牛肉燴飯 | E27: 50.67 | F27: 1888 | G27: =E27*F27 -> 95664.96 | I27: 16 | J27: 2000 | K27: =J27/I27 -> 125 | L27: 16 | M27: =F27/V27*60 -> 1920 | N27: =M27/L27 -> 120 | O27: =L27-I27 -> 0 | P27: =N27-K27 -> -5 | Q27: =N27/K27 -> 0.96 | S27: 0.87569444 | T27: 0.91666667 | U27: =IF(S27=TIME(17,0,0),"",(S27-T26)*24*60) -> 55 | V27: =(T27-S27)*24*60 -> 59 | AE27: =M27-J27 -> -80 | AF27: =M27/J27 -> 0.96
A28: 新豐7線 | B28: 平均 | I28: 16 | J28: 2000 | K28: =J28/I28 -> 125 | L28: 16 | M28: =AVERAGE(M20:M27) -> 1917.512 | N28: =M28/L28 -> 119.8445 | O28: =L28-I28 -> 0 | P28: =N28-K28 -> -5.1554971 | Q28: =N28/K28 -> 0.95875602 | Y28: =SUM(Y20:Y27) -> 0 | Z28: =SUM(Z20:Z27) -> 0 | AC28: 8 | AD28: =SUM(AD20:AD27) -> 0 | AE28: =M28-J28 -> -82.487953 | AF28: =M28/J28 -> 0.95875602
A29: 新豐8線 | B29: 三明治 | C29: 紐奧良風味烤雞鮮蔬三明治 | E29: 31.29 | F29: 6200 | G29: =E29*F29 -> 193998 | H29: 2 | I29: 18 | J29: 2400 | K29: =J29/I29 -> 133.33333 | L29: 18 | M29: =F29/V29*60 -> 2296.2963 | N29: =M29/L29 -> 127.57202 | O29: =L29-I29 -> 0 | P29: =N29-K29 -> -5.7613169 | Q29: =N29/K29 -> 0.95679012 | R29: =Q38 -> 0.95769335 | S29: 0.083333333 | T29: 0.19583333 | V29: =(T29-S29)*24*60 -> 162 | W29: =T29 -> 0.19583333 | X29: =S30 -> 0.21597222 | AC29: 9 | AE29: =M29-J29 -> -103.7037 | AF29: =M29/J29 -> 0.95679012 | AG29: =AF38 -> 0.95769335
A30: 新豐8線 | B30: 三明治 | C30: 醬燒烤雞三明治(115年) | E30: 26.37 | F30: 4400 | G30: =E30*F30 -> 116028 | H30: 2 | I30: 18 | J30: 2400 | K30: =J30/I30 -> 133.33333 | L30: 18 | M30: =F30/V30*60 -> 2295.6522 | N30: =M30/L30 -> 127.53623 | O30: =L30-I30 -> 0 | P30: =N30-K30 -> -5.7971014 | Q30: =N30/K30 -> 0.95652174 | S30: 0.21597222 | T30: 0.29583333 | U30: =(S30-T29)*24*60 -> 29 | V30: =(T30-S30)*24*60 -> 115 | AE30: =M30-J30 -> -104.34783 | AF30: =M30/J30 -> 0.95652174
A31: 新豐8線 | B31: 三明治 | C31: 水果聖代三明治 | E31: 28.29 | F31: 2528 | G31: =E31*F31 -> 71517.12 | I31: 19 | J31: 2400 | K31: =J31/I31 -> 126.31579 | L31: 19 | M31: =F31/V31*60 -> 2298.1818 | N31: =M31/L31 -> 120.95694 | O31: =L31-I31 -> 0 | P31: =N31-K31 -> -5.3588517 | Q31: =N31/K31 -> 0.95757576 | S31: 0.30138889 | T31: 0.34722222 | U31: =(S31-T30)*24*60 -> 8 | V31: =(T31-S31)*24*60 -> 66 | AE31: =M31-J31 -> -101.81818 | AF31: =M31/J31 -> 0.95757576
A32: 新豐8線 | B32: 三明治 | C32: 好多菜三明治 | E32: 25.98 | F32: 4057 | G32: =E32*F32 -> 105400.86 | I32: 19 | J32: 2400 | K32: =J32/I32 -> 126.31579 | L32: 19 | M32: =F32/V32*60 -> 2296.4151 | N32: =M32/L32 -> 120.86395 | O32: =L32-I32 -> 0 | P32: =N32-K32 -> -5.4518371 | Q32: =N32/K32 -> 0.95683962 | S32: 0.35208333 | T32: 0.42569444 | U32: =(S32-T31)*24*60 -> 7 | V32: =(T32-S32)*24*60 -> 106 | AE32: =M32-J32 -> -103.58491 | AF32: =M32/J32 -> 0.95683962
A33: 新豐8線 | B33: 三明治 | C33: 茄汁厚起司三明治 | E33: 25.99 | F33: 1527 | G33: =E33*F33 -> 39686.73 | I33: 18 | J33: 2400 | K33: =J33/I33 -> 133.33333 | L33: 18 | M33: =F33/V33*60 -> 2290.5 | N33: =M33/L33 -> 127.25 | O33: =L33-I33 -> 0 | P33: =N33-K33 -> -6.0833333 | Q33: =N33/K33 -> 0.954375 | S33: 0.43055556 | T33: 0.45833333 | U33: =(S33-T32)*24*60 -> 7 | V33: =(T33-S33)*24*60 -> 40 | AE33: =M33-J33 -> -109.5 | AF33: =M33/J33 -> 0.954375
A34: 新豐8線 | B34: 三明治 | C34: 起司芋見肉鬆三明治 | E34: 25.98 | F34: 1733 | G34: =E34*F34 -> 45023.34 | I34: 17 | J34: 2400 | K34: =J34/I34 -> 141.17647 | L34: 17 | M34: =F34/V34*60 -> 2310.6667 | N34: =M34/L34 -> 135.92157 | O34: =L34-I34 -> 0 | P34: =N34-K34 -> -5.254902 | Q34: =N34/K34 -> 0.96277778 | S34: 0.46319444 | T34: 0.49444444 | U34: =(S34-T33)*24*60 -> 7 | V34: =(T34-S34)*24*60 -> 45 | W34: =T34 -> 0.49444444 | X34: =S35 -> 0.53541667 | AE34: =M34-J34 -> -89.333333 | AF34: =M34/J34 -> 0.96277778
A35: 新豐8線 | B35: 三明治 | C35: 經典火腿玉米蛋三明治 | E35: 24.43 | F35: 3936 | G35: =E35*F35 -> 96156.48 | I35: 14 | J35: 2400 | K35: =J35/I35 -> 171.42857 | L35: 14 | M35: =F35/V35*60 -> 2292.8155 | N35: =M35/L35 -> 163.77254 | O35: =L35-I35 -> 0 | P35: =N35-K35 -> -7.6560333 | Q35: =N35/K35 -> 0.95533981 | S35: 0.53541667 | T35: 0.60694444 | U35: =(S35-T34)*24*60 -> 59 | V35: =(T35-S35)*24*60 -> 103 | AE35: =M35-J35 -> -107.18447 | AF35: =M35/J35 -> 0.95533981
A36: 新豐8線 | B36: 三明治 | C36: 醬燒烤雞三明治(115年) | E36: 26.37 | F36: 3146 | G36: =E36*F36 -> 82960.02 | I36: 18 | J36: 2400 | K36: =J36/I36 -> 133.33333 | L36: 18 | M36: =F36/V36*60 -> 2301.9512 | N36: =M36/L36 -> 127.88618 | O36: =L36-I36 -> 0 | P36: =N36-K36 -> -5.4471545 | Q36: =N36/K36 -> 0.95914634 | S36: 0.6125 | T36: 0.66944444 | U36: =(S36-T35)*24*60 -> 8 | V36: =(T36-S36)*24*60 -> 82 | AE36: =M36-J36 -> -98.04878 | AF36: =M36/J36 -> 0.95914634
A37: 新豐8線 | B37: 三明治 | C37: 紐奧良風味烤雞鮮蔬三明治 | E37: 31.29 | F37: 4569 | G37: =E37*F37 -> 142964.01 | I37: 18 | J37: 2400 | K37: =J37/I37 -> 133.33333 | L37: 18 | M37: =F37/V37*60 -> 2303.6975 | N37: =M37/L37 -> 127.98319 | O37: =L37-I37 -> 0 | P37: =N37-K37 -> -5.3501401 | Q37: =N37/K37 -> 0.95987395 | S37: 0.67430556 | T37: 0.75694444 | U37: =(S37-T36)*24*60 -> 7 | V37: =(T37-S37)*24*60 -> 119 | AE37: =M37-J37 -> -96.302521 | AF37: =M37/J37 -> 0.95987395
A38: 新豐8線 | B38: 平均 | I38: 17.666667 | J38: 2400 | K38: =J38/I38 -> 135.84906 | L38: 17.666667 | M38: =AVERAGE(M29:M37) -> 2298.464 | N38: =M38/L38 -> 130.10174 | O38: =L38-I38 -> 0 | P38: =N38-K38 -> -5.747319 | Q38: =N38/K38 -> 0.95769335 | Y38: =SUM(Y29:Y37) -> 0 | Z38: =SUM(Z29:Z37) -> 0 | AC38: 9 | AD38: =SUM(AD29:AD37) -> 0 | AE38: =M38-J38 -> -101.53597 | AF38: =M38/J38 -> 0.95769335
A39: 新豐9線 | B39: 三明治 | C39: 經典總匯三明治(115年) | E39: 26.18 | F39: 4000 | G39: =E39*F39 -> 104720 | H39: 2 | I39: 20 | J39: 2400 | K39: =J39/I39 -> 120 | L39: 20 | M39: =F39/V39*60 -> 2285.7143 | N39: =M39/L39 -> 114.28571 | O39: =L39-I39 -> 0 | P39: =N39-K39 -> -5.7142857 | Q39: =N39/K39 -> 0.95238095 | R39: =Q47 -> 0.95423459 | S39: 0.083333333 | T39: 0.15625 | V39: =(T39-S39)*24*60 -> 105 | W39: =T39 -> 0.15625 | X39: =S40 -> 0.17708333 | AC39: 8 | AE39: =M39-J39 -> -114.28571 | AF39: =M39/J39 -> 0.95238095 | AG39: =AF47 -> 0.95423459
A40: 新豐9線 | B40: 三明治 | C40: 鮪魚起司溏心蛋三明治(115年) | E40: 26.18 | F40: 5300 | G40: =E40*F40 -> 138754 | H40: 2 | I40: 18 | J40: 2400 | K40: =J40/I40 -> 133.33333 | L40: 18 | M40: =F40/V40*60 -> 2287.7698 | N40: =M40/L40 -> 127.09832 | O40: =L40-I40 -> 0 | P40: =N40-K40 -> -6.235012 | Q40: =N40/K40 -> 0.95323741 | S40: 0.17708333 | T40: 0.27361111 | U40: =(S40-T39)*24*60 -> 30 | V40: =(T40-S40)*24*60 -> 139 | AE40: =M40-J40 -> -112.23022 | AF40: =M40/J40 -> 0.95323741
A41: 新豐9線 | B41: 三明治 | C41: 好多蛋三明治 | E41: 34.1 | F41: 4000 | G41: =E41*F41 -> 136400 | H41: 2 | I41: 17 | J41: 1600 | K41: =J41/I41 -> 94.117647 | L41: 17 | M41: =F41/V41*60 -> 1528.6624 | N41: =M41/L41 -> 89.921319 | O41: =L41-I41 -> 0 | P41: =N41-K41 -> -4.1963282 | Q41: =N41/K41 -> 0.95541401 | S41: 0.27708333 | T41: 0.38611111 | U41: =(S41-T40)*24*60 -> 5 | V41: =(T41-S41)*24*60 -> 157 | AE41: =M41-J41 -> -71.33758 | AF41: =M41/J41 -> 0.95541401
A42: 新豐9線 | B42: 三明治 | C42: 雞蛋沙拉三明治(114年) | E42: 25.99 | F42: 4214 | G42: =E42*F42 -> 109521.86 | I42: 14 | J42: 2400 | K42: =J42/I42 -> 171.42857 | L42: 14 | M42: =F42/V42*60 -> 2298.5455 | N42: =M42/L42 -> 164.18182 | O42: =L42-I42 -> 0 | P42: =N42-K42 -> -7.2467532 | Q42: =N42/K42 -> 0.95772727 | S42: 0.38958333 | T42: 0.46597222 | U42: =(S42-T41)*24*60 -> 5 | V42: =(T42-S42)*24*60 -> 110 | AE42: =M42-J42 -> -101.45455 | AF42: =M42/J42 -> 0.95772727
A43: 新豐9線 | B43: 三明治 | C43: 巧克力肉鬆三明治 | E43: 23.89 | F43: 2442 | G43: =E43*F43 -> 58339.38 | I43: 17 | J43: 2400 | K43: =J43/I43 -> 141.17647 | L43: 17 | M43: =F43/V43*60 -> 2289.375 | N43: =M43/L43 -> 134.66912 | O43: =L43-I43 -> 0 | P43: =N43-K43 -> -6.5073529 | Q43: =N43/K43 -> 0.95390625 | S43: 0.46944444 | T43: 0.51388889 | U43: =(S43-T42)*24*60 -> 5 | V43: =(T43-S43)*24*60 -> 64 | W43: =T43 -> 0.51388889 | X43: =S44 -> 0.55277778 | AE43: =M43-J43 -> -110.625 | AF43: =M43/J43 -> 0.95390625
A44: 新豐9線 | B44: 三明治 | C44: 好多蛋三明治 | E44: 34.1 | F44: 3121 | G44: =E44*F44 -> 106426.1 | I44: 17 | J44: 1600 | K44: =J44/I44 -> 94.117647 | L44: 17 | M44: =F44/V44*60 -> 1522.439 | N44: =M44/L44 -> 89.555237 | O44: =L44-I44 -> 0 | P44: =N44-K44 -> -4.5624103 | Q44: =N44/K44 -> 0.95152439 | S44: 0.55277778 | T44: 0.63819444 | U44: =(S44-T43)*24*60 -> 56 | V44: =(T44-S44)*24*60 -> 123 | AE44: =M44-J44 -> -77.560976 | AF44: =M44/J44 -> 0.95152439
A45: 新豐9線 | B45: 三明治 | C45: 鮪魚起司溏心蛋三明治(115年) | E45: 26.18 | F45: 4197 | G45: =E45*F45 -> 109877.46 | I45: 18 | J45: 2400 | K45: =J45/I45 -> 133.33333 | L45: 18 | M45: =F45/V45*60 -> 2289.2727 | N45: =M45/L45 -> 127.18182 | O45: =L45-I45 -> 0 | P45: =N45-K45 -> -6.1515152 | Q45: =N45/K45 -> 0.95386364 | S45: 0.64236111 | T45: 0.71875 | U45: =(S45-T44)*24*60 -> 6 | V45: =(T45-S45)*24*60 -> 110 | AE45: =M45-J45 -> -110.72727 | AF45: =M45/J45 -> 0.95386364
A46: 新豐9線 | B46: 三明治 | C46: 經典總匯三明治(115年) | E46: 26.18 | F46: 3057 | G46: =E46*F46 -> 80032.26 | I46: 20 | J46: 2400 | K46: =J46/I46 -> 120 | L46: 20 | M46: =F46/V46*60 -> 2292.75 | N46: =M46/L46 -> 114.6375 | O46: =L46-I46 -> 0 | P46: =N46-K46 -> -5.3625 | Q46: =N46/K46 -> 0.9553125 | S46: 0.72291667 | T46: 0.77847222 | U46: =(S46-T45)*24*60 -> 6 | V46: =(T46-S46)*24*60 -> 80 | AE46: =M46-J46 -> -107.25 | AF46: =M46/J46 -> 0.9553125
A47: 新豐9線 | B47: 平均 | I47: 17.625 | J47: 2200 | K47: =J47/I47 -> 124.8227 | L47: 17.625 | M47: =AVERAGE(M39:M46) -> 2099.3161 | N47: =M47/L47 -> 119.11013 | O47: =L47-I47 -> 0 | P47: =N47-K47 -> -5.7125624 | Q47: =N47/K47 -> 0.95423459 | Y47: =SUM(Y39:Y46) -> 0 | Z47: =SUM(Z39:Z46) -> 0 | AC47: 8 | AD47: =SUM(AD39:AD46) -> 0 | AE47: =M47-J47 -> -100.68391 | AF47: =M47/J47 -> 0.95423459
A48: 新豐3線 | B48: 調理麵包 | C48: 豬肉起司堡 | E48: 21.13 | F48: 6619 | G48: =E48*F48 -> 139859.47 | I48: 10 | J48: 3000 | K48: =J48/I48 -> 300 | L48: 10 | M48: =F48/V48*60 -> 2857.1223 | N48: =M48/L48 -> 285.71223 | O48: =L48-I48 -> 0 | P48: =N48-K48 -> -14.28777 | Q48: =N48/K48 -> 0.9523741 | R48: =Q51 -> 0.95294261 | S48: 0.20833333 | T48: 0.30486111 | V48: =(T48-S48)*24*60 -> 139 | AC48: 3 | AE48: =M48-J48 -> -142.8777 | AF48: =M48/J48 -> 0.9523741 | AG48: =AF51 -> 0.95294261
A49: 新豐3線 | B49: 調理麵包 | C49: 豬肉起司蛋堡 | E49: 27.17 | F49: 7843 | G49: =E49*F49 -> 213094.31 | I49: 10 | J49: 3000 | K49: =J49/I49 -> 300 | L49: 10 | M49: =F49/V49*60 -> 2852 | N49: =M49/L49 -> 285.2 | O49: =L49-I49 -> 0 | P49: =N49-K49 -> -14.8 | Q49: =N49/K49 -> 0.95066667 | S49: 0.30833333 | T49: 0.42291667 | U49: =(S49-T48)*24*60 -> 5 | V49: =(T49-S49)*24*60 -> 165 | AE49: =M49-J49 -> -148 | AF49: =M49/J49 -> 0.95066667
A50: 新豐3線 | B50: 調理麵包 | C50: 墨西哥辣醬熱狗堡 | E50: 37.88 | F50: 2744 | G50: =E50*F50 -> 103942.72 | I50: 13 | J50: 2000 | K50: =J50/I50 -> 153.84615 | L50: 13 | M50: =F50/V50*60 -> 1914.4186 | N50: =M50/L50 -> 147.26297 | O50: =L50-I50 -> 0 | P50: =N50-K50 -> -6.5831843 | Q50: =N50/K50 -> 0.9572093 | S50: 0.42777778 | T50: 0.4875 | U50: =(S50-T49)*24*60 -> 7 | V50: =(T50-S50)*24*60 -> 86 | AE50: =M50-J50 -> -85.581395 | AF50: =M50/J50 -> 0.9572093
A51: 新豐3線 | B51: 平均 | I51: 11 | J51: 2666.6667 | K51: =J51/I51 -> 242.42424 | L51: 11 | M51: =AVERAGE(M48:M50) -> 2541.1803 | N51: =M51/L51 -> 231.01639 | O51: =L51-I51 -> 0 | P51: =N51-K51 -> -11.407851 | Q51: =N51/K51 -> 0.95294261 | Y51: =SUM(Y48:Y50) -> 0 | Z51: =SUM(Z48:Z50) -> 0 | AC51: 3 | AD51: =SUM(AD48:AD50) -> 0 | AE51: =M51-J51 -> -125.48636 | AF51: =M51/J51 -> 0.95294261
A52: 新豐1線 | B52: 沙拉 | C52: 蔥鹽雞肉麵沙拉(114年) | E52: 46 | F52: 1376 | G52: =E52*F52 -> 63296 | I52: 16 | J52: 2000 | K52: =J52/I52 -> 125 | L52: 16 | M52: =F52/V52*60 -> 1920 | N52: =M52/L52 -> 120 | O52: =L52-I52 -> 0 | P52: =N52-K52 -> -5 | Q52: =N52/K52 -> 0.96 | R52: =Q60 -> 0.95981037 | S52: 0.20833333 | T52: 0.23819444 | V52: =(T52-S52)*24*60 -> 43 | AC52: 8 | AE52: =M52-J52 -> -80 | AF52: =M52/J52 -> 0.96 | AG52: =AF60 -> 0.95981037
A53: 新豐1線 | B53: 沙拉 | C53: 莎莎烤雞麵沙拉(115年) | E53: 46 | F53: 1493 | G53: =E53*F53 -> 68678 | I53: 17 | J53: 2000 | K53: =J53/I53 -> 117.64706 | L53: 17 | M53: =F53/V53*60 -> 1905.9574 | N53: =M53/L53 -> 112.11514 | O53: =L53-I53 -> 0 | P53: =N53-K53 -> -5.5319149 | Q53: =N53/K53 -> 0.95297872 | S53: 0.24375 | T53: 0.27638889 | U53: =IF(S53=TIME(17,0,0),"",(S53-T52)*24*60) -> 8 | V53: =(T53-S53)*24*60 -> 47 | AE53: =M53-J53 -> -94.042553 | AF53: =M53/J53 -> 0.95297872
A54: 新豐1線 | B54: 微波主食 | C54: 炙烤醬香燒豚飯 | E54: 51.44 | F54: 1622 | G54: =E54*F54 -> 83435.68 | I54: 25 | J54: 2000 | K54: =J54/I54 -> 80 | L54: 25 | M54: =F54/V54*60 -> 1908.2353 | N54: =M54/L54 -> 76.329412 | O54: =L54-I54 -> 0 | P54: =N54-K54 -> -3.6705882 | Q54: =N54/K54 -> 0.95411765 | S54: 0.28055556 | T54: 0.31597222 | U54: =IF(S54=TIME(17,0,0),"",(S54-T53)*24*60) -> 6 | V54: =(T54-S54)*24*60 -> 51 | AE54: =M54-J54 -> -91.764706 | AF54: =M54/J54 -> 0.95411765
A55: 新豐1線 | B55: 微波主食 | C55: 金沙醬牛豚雙饗飯 | E55: 56.43 | F55: 948 | G55: =E55*F55 -> 53495.64 | I55: 23 | J55: 2000 | K55: =J55/I55 -> 86.956522 | L55: 23 | M55: =F55/V55*60 -> 1961.3793 | N55: =M55/L55 -> 85.277361 | O55: =L55-I55 -> 0 | P55: =N55-K55 -> -1.6791604 | Q55: =N55/K55 -> 0.98068966 | S55: 0.32152778 | T55: 0.34166667 | U55: =IF(S55=TIME(17,0,0),"",(S55-T54)*24*60) -> 8 | V55: =(T55-S55)*24*60 -> 29 | AE55: =M55-J55 -> -38.62069 | AF55: =M55/J55 -> 0.98068966
A56: 新豐1線 | B56: 微波主食 | C56: 壹號醬泡菜鹽蔥雞豚雙拼 | E56: 56.43 | F56: 1746 | G56: =E56*F56 -> 98526.78 | I56: 21 | J56: 2000 | K56: =J56/I56 -> 95.238095 | L56: 21 | M56: =F56/V56*60 -> 1904.7273 | N56: =M56/L56 -> 90.701299 | O56: =L56-I56 -> 0 | P56: =N56-K56 -> -4.5367965 | Q56: =N56/K56 -> 0.95236364 | S56: 0.34722222 | T56: 0.38541667 | U56: =IF(S56=TIME(17,0,0),"",(S56-T55)*24*60) -> 8 | V56: =(T56-S56)*24*60 -> 55 | AE56: =M56-J56 -> -95.272727 | AF56: =M56/J56 -> 0.95236364
A57: 新豐1線 | B57: 微波主食 | C57: 二配香辣醬蒜味香腸蛋炒飯 | E57: 55.56 | F57: 2865 | G57: =E57*F57 -> 159179.4 | I57: 17 | J57: 2000 | K57: =J57/I57 -> 117.64706 | L57: 17 | M57: =F57/V57*60 -> 1910 | N57: =M57/L57 -> 112.35294 | O57: =L57-I57 -> 0 | P57: =N57-K57 -> -5.2941176 | Q57: =N57/K57 -> 0.955 | S57: 0.70833333 | T57: 0.77083333 | U57: =IF(S57=TIME(17,0,0),"",(S57-T56)*24*60) | V57: =(T57-S57)*24*60 -> 90 | AE57: =M57-J57 -> -90 | AF57: =M57/J57 -> 0.955
A58: 新豐1線 | B58: 微波主食 | C58: 二配排骨蛋炒飯 | E58: 58.17 | F58: 2002 | G58: =E58*F58 -> 116456.34 | I58: 13 | J58: 2000 | K58: =J58/I58 -> 153.84615 | L58: 13 | M58: =F58/V58*60 -> 1906.6667 | N58: =M58/L58 -> 146.66667 | O58: =L58-I58 -> 0 | P58: =N58-K58 -> -7.1794872 | Q58: =N58/K58 -> 0.95333333 | S58: 0.77430556 | T58: 0.81805556 | U58: =IF(S58=TIME(17,0,0),"",(S58-T57)*24*60) -> 5 | V58: =(T58-S58)*24*60 -> 63 | AE58: =M58-J58 -> -93.333333 | AF58: =M58/J58 -> 0.95333333
A59: 新豐1線 | B59: 微波主食 | C59: 二配叉燒蛋炒飯 | E59: 54.09 | F59: 1261 | G59: =E59*F59 -> 68207.49 | I59: 14 | J59: 2000 | K59: =J59/I59 -> 142.85714 | L59: 14 | M59: =F59/V59*60 -> 1940 | N59: =M59/L59 -> 138.57143 | O59: =L59-I59 -> 0 | P59: =N59-K59 -> -4.2857143 | Q59: =N59/K59 -> 0.97 | S59: 0.82152778 | T59: 0.84861111 | U59: =IF(S59=TIME(17,0,0),"",(S59-T58)*24*60) -> 5 | V59: =(T59-S59)*24*60 -> 39 | AE59: =M59-J59 -> -60 | AF59: =M59/J59 -> 0.97
A60: 新豐1線 | B60: 平均 | I60: 18.25 | J60: 2000 | K60: =J60/I60 -> 109.58904 | L60: 18.25 | M60: =AVERAGE(M52:M59) -> 1919.6207 | N60: =M60/L60 -> 105.1847 | O60: =L60-I60 -> 0 | P60: =N60-K60 -> -4.4043425 | Q60: =N60/K60 -> 0.95981037 | Y60: =SUM(Y52:Y59) -> 0 | Z60: =SUM(Z52:Z59) -> 0 | AC60: 8 | AD60: =SUM(AD52:AD59) -> 0 | AE60: =M60-J60 -> -80.379251 | AF60: =M60/J60 -> 0.95981037
A61: 新豐10線 | B61: 調理麵包 | C61: 經典雙牛起司堡(113年) | E61: 35.12 | F61: 6141 | G61: =E61*F61 -> 215671.92 | I61: 10 | J61: 3000 | K61: =J61/I61 -> 300 | L61: 10 | M61: =F61/V61*60 -> 2856.2791 | N61: =M61/L61 -> 285.62791 | O61: =L61-I61 -> 0 | P61: =N61-K61 -> -14.372093 | Q61: =N61/K61 -> 0.95209302 | R61: =Q66 -> 0.96527392 | S61: 0.20833333 | T61: 0.29791667 | V61: =(T61-S61)*24*60 -> 129 | AC61: 5 | AE61: =M61-J61 -> -143.72093 | AF61: =M61/J61 -> 0.95209302 | AG61: =AF66 -> 0.96527392
A62: 新豐10線 | B62: 調理麵包 | C62: 香雞蛋堡(112年) | E62: 26.78 | F62: 3227 | G62: =E62*F62 -> 86419.06 | I62: 10 | J62: 3000 | K62: =J62/I62 -> 300 | L62: 10 | M62: =F62/V62*60 -> 2889.8507 | N62: =M62/L62 -> 288.98507 | O62: =L62-I62 -> 0 | P62: =N62-K62 -> -11.014925 | Q62: =N62/K62 -> 0.96328358 | S62: 0.30208333 | T62: 0.34861111 | U62: =(S62-T61)*24*60 -> 6 | V62: =(T62-S62)*24*60 -> 67 | AE62: =M62-J62 -> -110.14925 | AF62: =M62/J62 -> 0.96328358
A63: 新豐10線 | B63: 調理麵包 | C63: 超HOT雞腿堡 | E63: 35.87 | F63: 3416 | G63: =E63*F63 -> 122531.92 | I63: 10 | J63: 3000 | K63: =J63/I63 -> 300 | L63: 10 | M63: =F63/V63*60 -> 2886.7606 | N63: =M63/L63 -> 288.67606 | O63: =L63-I63 -> 0 | P63: =N63-K63 -> -11.323944 | Q63: =N63/K63 -> 0.96225352 | S63: 0.35416667 | T63: 0.40347222 | U63: =(S63-T62)*24*60 -> 8 | V63: =(T63-S63)*24*60 -> 71 | AE63: =M63-J63 -> -113.23944 | AF63: =M63/J63 -> 0.96225352
A64: 新豐10線 | B64: 調理麵包 | C64: 美式雞腿堡 | E64: 35.87 | F64: 1376 | G64: =E64*F64 -> 49357.12 | I64: 9 | J64: 3000 | K64: =J64/I64 -> 333.33333 | L64: 9 | M64: =F64/V64*60 -> 2948.5714 | N64: =M64/L64 -> 327.61905 | O64: =L64-I64 -> 0 | P64: =N64-K64 -> -5.7142857 | Q64: =N64/K64 -> 0.98285714 | S64: 0.40902778 | T64: 0.42847222 | U64: =(S64-T63)*24*60 -> 8 | V64: =(T64-S64)*24*60 -> 28 | AE64: =M64-J64 -> -51.428571 | AF64: =M64/J64 -> 0.98285714
A65: 新豐10線 | B65: 調理麵包 | C65: 益活雞力能量堡 | E65: 33.77 | F65: 2463 | G65: =E65*F65 -> 83175.51 | I65: 12 | J65: 3000 | K65: =J65/I65 -> 250 | L65: 12 | M65: =F65/V65*60 -> 2897.6471 | N65: =M65/L65 -> 241.47059 | O65: =L65-I65 -> 0 | P65: =N65-K65 -> -8.5294118 | Q65: =N65/K65 -> 0.96588235 | S65: 0.43194444 | T65: 0.46736111 | U65: =(S65-T64)*24*60 -> 5 | V65: =(T65-S65)*24*60 -> 51 | AE65: =M65-J65 -> -102.35294 | AF65: =M65/J65 -> 0.96588235
A66: 新豐10線 | B66: 平均 | I66: 10.2 | J66: 3000 | K66: =J66/I66 -> 294.11765 | L66: 10.2 | M66: =AVERAGE(M61:M65) -> 2895.8218 | N66: =M66/L66 -> 283.9041 | O66: =L66-I66 -> 0 | P66: =N66-K66 -> -10.213552 | Q66: =N66/K66 -> 0.96527392 | Y66: =SUM(Y61:Y65) -> 0 | Z66: =SUM(Z61:Z65) -> 0 | AC66: 5 | AD66: =SUM(AD61:AD65) -> 0 | AE66: =M66-J66 -> -104.17823 | AF66: =M66/J66 -> 0.96527392
A67: 新豐4線 | B67: 三明治 | C67: 火腿起司蛋三明治 | E67: 19.02 | F67: 6700 | G67: =E67*F67 -> 127434 | H67: 2 | I67: 14 | J67: 2400 | K67: =J67/I67 -> 171.42857 | L67: 14 | M67: =F67/V67*60 -> 2284.0909 | N67: =M67/L67 -> 163.14935 | O67: =L67-I67 -> 0 | P67: =N67-K67 -> -8.2792208 | Q67: =N67/K67 -> 0.95170455 | R67: =Q76 -> 0.9586243 | S67: 0.083333333 | T67: 0.20555556 | V67: =(T67-S67)*24*60 -> 176 | W67: =T67 -> 0.20555556 | X67: =S68 -> 0.22708333 | AC67: 9 | AE67: =M67-J67 -> -115.90909 | AF67: =M67/J67 -> 0.95170455 | AG67: =AF76 -> 0.9586243
A68: 新豐4線 | B68: 三明治 | C68: 肉鬆火腿三明治(115年) | E68: 20.36 | F68: 2800 | G68: =E68*F68 -> 57008 | H68: 2 | I68: 17 | J68: 2400 | K68: =J68/I68 -> 141.17647 | L68: 17 | M68: =F68/V68*60 -> 2301.3699 | N68: =M68/L68 -> 135.3747 | O68: =L68-I68 -> 0 | P68: =N68-K68 -> -5.8017728 | Q68: =N68/K68 -> 0.95890411 | S68: 0.22708333 | T68: 0.27777778 | U68: =(S68-T67)*24*60 -> 31 | V68: =(T68-S68)*24*60 -> 73 | AE68: =M68-J68 -> -98.630137 | AF68: =M68/J68 -> 0.95890411
A69: 新豐4線 | B69: 三明治 | C69: 經典火腿玉米蛋三明治 | E69: 24.43 | F69: 4800 | G69: =E69*F69 -> 117264 | H69: 2 | I69: 14 | J69: 2400 | K69: =J69/I69 -> 171.42857 | L69: 14 | M69: =F69/V69*60 -> 2285.7143 | N69: =M69/L69 -> 163.26531 | O69: =L69-I69 -> 0 | P69: =N69-K69 -> -8.1632653 | Q69: =N69/K69 -> 0.95238095 | S69: 0.28263889 | T69: 0.37013889 | U69: =(S69-T68)*24*60 -> 7 | V69: =(T69-S69)*24*60 -> 126 | AE69: =M69-J69 -> -114.28571 | AF69: =M69/J69 -> 0.95238095
A70: 新豐4線 | B70: 三明治 | C70: 紅豆黑糖麻糬三明治 | E70: 23.8 | F70: 2045 | G70: =E70*F70 -> 48671 | I70: 16 | J70: 2400 | K70: =J70/I70 -> 150 | L70: 16 | M70: =F70/V70*60 -> 2315.0943 | N70: =M70/L70 -> 144.6934 | O70: =L70-I70 -> 0 | P70: =N70-K70 -> -5.3066038 | Q70: =N70/K70 -> 0.96462264 | S70: 0.37569444 | T70: 0.4125 | U70: =(S70-T69)*24*60 -> 8 | V70: =(T70-S70)*24*60 -> 53 | AE70: =M70-J70 -> -84.90566 | AF70: =M70/J70 -> 0.96462264
A71: 新豐4線 | B71: 三明治 | C71: 金黃玉米蛋三明治 | E71: 24.25 | F71: 1475 | G71: =E71*F71 -> 35768.75 | I71: 16 | J71: 2400 | K71: =J71/I71 -> 150 | L71: 16 | M71: =F71/V71*60 -> 2328.9474 | N71: =M71/L71 -> 145.55921 | O71: =L71-I71 -> 0 | P71: =N71-K71 -> -4.4407895 | Q71: =N71/K71 -> 0.97039474 | S71: 0.41597222 | T71: 0.44236111 | U71: =(S71-T70)*24*60 -> 5 | V71: =(T71-S71)*24*60 -> 38 | AE71: =M71-J71 -> -71.052632 | AF71: =M71/J71 -> 0.97039474
A72: 新豐4線 | B72: 三明治 | C72: 輕乳酪巧克力三明治 | E72: 20.51 | F72: 2600 | G72: =E72*F72 -> 53326 | H72: 2 | I72: 14 | J72: 2400 | K72: =J72/I72 -> 171.42857 | L72: 14 | M72: =F72/V72*60 -> 2294.1176 | N72: =M72/L72 -> 163.86555 | O72: =L72-I72 -> 0 | P72: =N72-K72 -> -7.5630252 | Q72: =N72/K72 -> 0.95588235 | S72: 0.44652778 | T72: 0.49375 | U72: =(S72-T71)*24*60 -> 6 | V72: =(T72-S72)*24*60 -> 68 | W72: =T72 -> 0.49375 | X72: =S73 -> 0.53402778 | AE72: =M72-J72 -> -105.88235 | AF72: =M72/J72 -> 0.95588235
A73: 新豐4線 | B73: 三明治 | C73: 輕乳酪巧克力三明治 | E73: 20.51 | F73: 3375 | G73: =E73*F73 -> 69221.25 | I73: 14 | J73: 2400 | K73: =J73/I73 -> 171.42857 | L73: 14 | M73: =F73/V73*60 -> 2301.1364 | N73: =M73/L73 -> 164.36688 | O73: =L73-I73 -> 0 | P73: =N73-K73 -> -7.0616883 | Q73: =N73/K73 -> 0.95880682 | S73: 0.53402778 | T73: 0.59513889 | U73: =(S73-T72)*24*60 -> 58 | V73: =(T73-S73)*24*60 -> 88 | AE73: =M73-J73 -> -98.863636 | AF73: =M73/J73 -> 0.95880682
A74: 新豐4線 | B74: 三明治 | C74: 肉鬆火腿三明治(115年) | E74: 20.36 | F74: 2033 | G74: =E74*F74 -> 41391.88 | I74: 17 | J74: 2400 | K74: =J74/I74 -> 141.17647 | L74: 17 | M74: =F74/V74*60 -> 2301.5094 | N74: =M74/L74 -> 135.38291 | O74: =L74-I74 -> 0 | P74: =N74-K74 -> -5.7935627 | Q74: =N74/K74 -> 0.95896226 | S74: 0.60069444 | T74: 0.6375 | U74: =(S74-T73)*24*60 -> 8 | V74: =(T74-S74)*24*60 -> 53 | AE74: =M74-J74 -> -98.490566 | AF74: =M74/J74 -> 0.95896226
A75: 新豐4線 | B75: 三明治 | C75: 火腿起司蛋三明治 | E75: 19.02 | F75: 5774 | G75: =E75*F75 -> 109821.48 | I75: 14 | J75: 2400 | K75: =J75/I75 -> 171.42857 | L75: 14 | M75: =F75/V75*60 -> 2294.3046 | N75: =M75/L75 -> 163.8789 | O75: =L75-I75 -> 0 | P75: =N75-K75 -> -7.5496689 | Q75: =N75/K75 -> 0.95596026 | S75: 0.64097222 | T75: 0.74583333 | U75: =(S75-T74)*24*60 -> 5 | V75: =(T75-S75)*24*60 -> 151 | AE75: =M75-J75 -> -105.69536 | AF75: =M75/J75 -> 0.95596026
A76: 新豐4線 | B76: 平均 | I76: 15.111111 | J76: 2400 | K76: =J76/I76 -> 158.82353 | L76: 15.111111 | M76: =AVERAGE(M67:M75) -> 2300.6983 | N76: =M76/L76 -> 152.25209 | O76: =L76-I76 -> 0 | P76: =N76-K76 -> -6.571435 | Q76: =N76/K76 -> 0.9586243 | Y76: =SUM(Y67:Y75) -> 0 | Z76: =SUM(Z67:Z75) -> 0 | AC76: 9 | AD76: =SUM(AD67:AD75) -> 0 | AE76: =M76-J76 -> -99.301684 | AF76: =M76/J76 -> 0.9586243

Sheet 1004
B1: 屏榮 新豐廠組合室生產人時性分析
B3: 日期 | C3: =TEXT('1004 4度C'!A2,"yyyy.mm.ddaaaa") -> 2026.10.04星期日 | E3: 訂單量 | F3: ='1004 4度C'!D1 -> 198735 | H3: 營業額 | I3: ='1004 4度C'!F1 -> 6690404.5
B4: 人時性 | C4: 項目 | E4: ➀ | G4: ➁ | I4: ➂ | K4: 異常停線 | M4: 短暫停線
C5: 組合室 | E5: 全溫層 | G5: 4度C-各編組展開 | I5: ③三明治-各編組展開 | K5: 合計次數 | L5: 時間 | M5: 合計次數 | N5: 設備次數
C6: 排關平均 | E6: =AVERAGE(D13:M13) -> 151.18064 | F6: =AVERAGE(D31:O31,D13:J13) -> 156.04444 | G6: =AVERAGE(D13:J13) -> 156.04444 | I6: =AVERAGE(K13:M13) -> 139.83176 | K6: ='1004 4度C'!Y2 -> 0 | L6: ='1004 4度C'!Z2 -> 0 | M6: ='1004 4度C'!AC2 -> 64 | N6: ='1004 4度C'!AD2 -> 0
C7: 實績平均 | E7: =AVERAGE(D14:M14) -> 145.01448 | F7: =AVERAGE(D32:O32,D14:J14) -> 149.86526 | G7: =AVERAGE(D14:J14) -> 149.86526 | I7: =AVERAGE(K14:M14) -> 133.69599
C8: 達成率平均 | E8: =AVERAGE(D15:M15) -> 0.95900352 | F8: =AVERAGE(D15:J15,D33:O33) -> 0.96022262 | G8: =AVERAGE(D15:J15) -> 0.96022262 | I8: =AVERAGE(K15:M15) -> 0.95615895
K9: ※現行日本鮮食廠以達成率80%為基本(即為現行KPI)
B10: 溫層 | D10: ➁4度C-各編組展開 | K10: ③三明治-各編組展開
B11: 編組 | D11: 1 | E11: 2 | F11: 3 | G11: 4 | H11: 5 | I11: 6 | J11: 7 | K11: 1 | L11: 2 | M11: 3
D12: 新豐6線 | E12: 新豐2線 | F12: 新豐5線 | G12: 新豐7線 | H12: 新豐3線 | I12: 新豐1線 | J12: 新豐10線 | K12: 新豐8線 | L12: 新豐9線 | M12: 新豐4線
B13: 人時性 | C13: 排關 | D13: =SUMIFS('1004 4度C'!$K:$K,'1004 4度C'!$A:$A,"新豐6線",'1004 4度C'!$B:$B,"平均") -> 133.33333 | E13: =SUMIFS('1004 4度C'!$K:$K,'1004 4度C'!$A:$A,"新豐2線",'1004 4度C'!$B:$B,"平均") -> 84.90566 | F13: =SUMIFS('1004 4度C'!$K:$K,'1004 4度C'!$A:$A,"新豐5線",'1004 4度C'!$B:$B,"平均") -> 102.94118 | G13: =SUMIFS('1004 4度C'!$K:$K,'1004 4度C'!$A:$A,"新豐7線",'1004 4度C'!$B:$B,"平均") -> 125 | H13: =SUMIFS('1004 4度C'!$K:$K,'1004 4度C'!$A:$A,"新豐3線",'1004 4度C'!$B:$B,"平均") -> 242.42424 | I13: =SUMIFS('1004 4度C'!$K:$K,'1004 4度C'!$A:$A,"新豐1線",'1004 4度C'!$B:$B,"平均") -> 109.58904 | J13: =SUMIFS('1004 4度C'!$K:$K,'1004 4度C'!$A:$A,"新豐10線",'1004 4度C'!$B:$B,"平均") -> 294.11765 | K13: =SUMIFS('1004 4度C'!$K:$K,'1004 4度C'!$A:$A,"新豐8線",'1004 4度C'!$B:$B,"平均") -> 135.84906 | L13: =SUMIFS('1004 4度C'!$K:$K,'1004 4度C'!$A:$A,"新豐9線",'1004 4度C'!$B:$B,"平均") -> 124.8227 | M13: =SUMIFS('1004 4度C'!$K:$K,'1004 4度C'!$A:$A,"新豐4線",'1004 4度C'!$B:$B,"平均") -> 158.82353
C14: 實績 | D14: =SUMIFS('1004 4度C'!$N:$N,'1004 4度C'!$A:$A,"新豐6線",'1004 4度C'!$B:$B,"平均") -> 128.58981 | E14: =SUMIFS('1004 4度C'!$N:$N,'1004 4度C'!$A:$A,"新豐2線",'1004 4度C'!$B:$B,"平均") -> 80.961737 | F14: =SUMIFS('1004 4度C'!$N:$N,'1004 4度C'!$A:$A,"新豐5線",'1004 4度C'!$B:$B,"平均") -> 98.582174 | G14: =SUMIFS('1004 4度C'!$N:$N,'1004 4度C'!$A:$A,"新豐7線",'1004 4度C'!$B:$B,"平均") -> 120.3928 | H14: =SUMIFS('1004 4度C'!$N:$N,'1004 4度C'!$A:$A,"新豐3線",'1004 4度C'!$B:$B,"平均") -> 231.43028 | I14: =SUMIFS('1004 4度C'!$N:$N,'1004 4度C'!$A:$A,"新豐1線",'1004 4度C'!$B:$B,"平均") -> 105.71139 | J14: =SUMIFS('1004 4度C'!$N:$N,'1004 4度C'!$A:$A,"新豐10線",'1004 4度C'!$B:$B,"平均") -> 283.38861 | K14: =SUMIFS('1004 4度C'!$N:$N,'1004 4度C'!$A:$A,"新豐8線",'1004 4度C'!$B:$B,"平均") -> 130.10702 | L14: =SUMIFS('1004 4度C'!$N:$N,'1004 4度C'!$A:$A,"新豐9線",'1004 4度C'!$B:$B,"平均") -> 119.27705 | M14: =SUMIFS('1004 4度C'!$N:$N,'1004 4度C'!$A:$A,"新豐4線",'1004 4度C'!$B:$B,"平均") -> 151.7039
C15: 達成率 | D15: =D14/D13 -> 0.96442358 | E15: =E14/E13 -> 0.95354934 | F15: =F14/F13 -> 0.9576554 | G15: =G14/G13 -> 0.9631424 | H15: =H14/H13 -> 0.95464992 | I15: =I14/I13 -> 0.96461641 | J15: =J14/J13 -> 0.96352129 | K15: =K14/K13 -> 0.95773225 | ... M15: =M14/M13 -> 0.95517273
B16: 作業 時間 | C16: 開始 | D16: =VLOOKUP("新豐6線",'1004 4度C'!$A:$T,19,0) -> 0.70833333 | E16: =VLOOKUP("新豐2線",'1004 4度C'!$A:$T,19,0) -> 0.16666667 | F16: =VLOOKUP("新豐5線",'1004 4度C'!$A:$T,19,0) -> 0.25 | G16: =VLOOKUP("新豐7線",'1004 4度C'!$A:$T,19,0) -> 0.29166667 | H16: =VLOOKUP("新豐3線",'1004 4度C'!$A:$T,19,0) -> 0.20833333 | I16: =VLOOKUP("新豐1線",'1004 4度C'!$A:$T,19,0) -> 0.20833333 | J16: =VLOOKUP("新豐10線",'1004 4度C'!$A:$T,19,0) -> 0.20833333 | K16: =VLOOKUP("新豐8線",'1004 4度C'!$A:$T,19,0) -> 0.083333333 | L16: =VLOOKUP("新豐9線",'1004 4度C'!$A:$T,19,0) -> 0.083333333 | M16: =VLOOKUP("新豐4線",'1004 4度C'!$A:$T,19,0) -> 0.083333333
C17: 結束 | D17: =LOOKUP(2,1/(('1004 4度C'!$A:$A="新豐6線")*('1004 4度C'!$T:$T<>"")),'1004 4度C'!$T:$T) -> 0.91458333 | E17: =LOOKUP(2,1/(('1004 4度C'!$A:$A="新豐2線")*('1004 4度C'!$T:$T<>"")),'1004 4度C'!$T:$T) -> 0.64861111 | F17: =LOOKUP(2,1/(('1004 4度C'!$A:$A="新豐5線")*('1004 4度C'!$T:$T<>"")),'1004 4度C'!$T:$T) -> 0.85694444 | G17: =LOOKUP(2,1/(('1004 4度C'!$A:$A="新豐7線")*('1004 4度C'!$T:$T<>"")),'1004 4度C'!$T:$T) -> 0.91388889 | H17: =LOOKUP(2,1/(('1004 4度C'!$A:$A="新豐3線")*('1004 4度C'!$T:$T<>"")),'1004 4度C'!$T:$T) -> 0.49583333 | I17: =LOOKUP(2,1/(('1004 4度C'!$A:$A="新豐1線")*('1004 4度C'!$T:$T<>"")),'1004 4度C'!$T:$T) -> 0.86180556 | J17: =LOOKUP(2,1/(('1004 4度C'!$A:$A="新豐10線")*('1004 4度C'!$T:$T<>"")),'1004 4度C'!$T:$T) -> 0.45972222 | K17: =LOOKUP(2,1/(('1004 4度C'!$A:$A="新豐8線")*('1004 4度C'!$T:$T<>"")),'1004 4度C'!$T:$T) -> 0.78402778 | L17: =LOOKUP(2,1/(('1004 4度C'!$A:$A="新豐9線")*('1004 4度C'!$T:$T<>"")),'1004 4度C'!$T:$T) -> 0.77916667 | M17: =LOOKUP(2,1/(('1004 4度C'!$A:$A="新豐4線")*('1004 4度C'!$T:$T<>"")),'1004 4度C'!$T:$T) -> 0.79027778
B18: 產線異常 (5分鐘以上) | C18: 次數 | D18: =SUMIFS('1004 4度C'!$Y:$Y,'1004 4度C'!$A:$A,"新豐6線",'1004 4度C'!$B:$B,"平均") -> 0 | E18: =SUMIFS('1004 4度C'!$Y:$Y,'1004 4度C'!$A:$A,"新豐2線",'1004 4度C'!$B:$B,"平均") -> 0 | F18: =SUMIFS('1004 4度C'!$Y:$Y,'1004 4度C'!$A:$A,"新豐5線",'1004 4度C'!$B:$B,"平均") -> 0 | G18: =SUMIFS('1004 4度C'!$Y:$Y,'1004 4度C'!$A:$A,"新豐7線",'1004 4度C'!$B:$B,"平均") -> 0 | H18: =SUMIFS('1004 4度C'!$Y:$Y,'1004 4度C'!$A:$A,"新豐3線",'1004 4度C'!$B:$B,"平均") -> 0 | I18: =SUMIFS('1004 4度C'!$Y:$Y,'1004 4度C'!$A:$A,"新豐1線",'1004 4度C'!$B:$B,"平均") -> 0 | J18: =SUMIFS('1004 4度C'!$Y:$Y,'1004 4度C'!$A:$A,"新豐10線",'1004 4度C'!$B:$B,"平均") -> 0 | K18: =SUMIFS('1004 4度C'!$Y:$Y,'1004 4度C'!$A:$A,"新豐8線",'1004 4度C'!$B:$B,"平均") -> 0 | L18: =SUMIFS('1004 4度C'!$Y:$Y,'1004 4度C'!$A:$A,"新豐9線",'1004 4度C'!$B:$B,"平均") -> 0 | M18: =SUMIFS('1004 4度C'!$Y:$Y,'1004 4度C'!$A:$A,"新豐4線",'1004 4度C'!$B:$B,"平均") -> 0
C19: 時間/分 | D19: =SUMIFS('1004 4度C'!$Z:$Z,'1004 4度C'!$A:$A,"新豐6線",'1004 4度C'!$B:$B,"平均") -> 0 | E19: =SUMIFS('1004 4度C'!$Z:$Z,'1004 4度C'!$A:$A,"新豐2線",'1004 4度C'!$B:$B,"平均") -> 0 | F19: =SUMIFS('1004 4度C'!$Z:$Z,'1004 4度C'!$A:$A,"新豐5線",'1004 4度C'!$B:$B,"平均") -> 0 | G19: =SUMIFS('1004 4度C'!$Z:$Z,'1004 4度C'!$A:$A,"新豐7線",'1004 4度C'!$B:$B,"平均") -> 0 | H19: =SUMIFS('1004 4度C'!$Z:$Z,'1004 4度C'!$A:$A,"新豐3線",'1004 4度C'!$B:$B,"平均") -> 0 | I19: =SUMIFS('1004 4度C'!$Z:$Z,'1004 4度C'!$A:$A,"新豐1線",'1004 4度C'!$B:$B,"平均") -> 0 | J19: =SUMIFS('1004 4度C'!$Z:$Z,'1004 4度C'!$A:$A,"新豐10線",'1004 4度C'!$B:$B,"平均") -> 0 | K19: =SUMIFS('1004 4度C'!$Z:$Z,'1004 4度C'!$A:$A,"新豐8線",'1004 4度C'!$B:$B,"平均") -> 0 | L19: =SUMIFS('1004 4度C'!$Z:$Z,'1004 4度C'!$A:$A,"新豐9線",'1004 4度C'!$B:$B,"平均") -> 0 | M19: =SUMIFS('1004 4度C'!$Z:$Z,'1004 4度C'!$A:$A,"新豐4線",'1004 4度C'!$B:$B,"平均") -> 0
B20: 短暫停線 (5分鐘以下) | C20: 次數 | D20: =SUMIFS('1004 4度C'!$AC:$AC,'1004 4度C'!$A:$A,"新豐6線",'1004 4度C'!$B:$B,"平均") -> 4 | E20: =SUMIFS('1004 4度C'!$AC:$AC,'1004 4度C'!$A:$A,"新豐2線",'1004 4度C'!$B:$B,"平均") -> 3 | F20: =SUMIFS('1004 4度C'!$AC:$AC,'1004 4度C'!$A:$A,"新豐5線",'1004 4度C'!$B:$B,"平均") -> 6 | G20: =SUMIFS('1004 4度C'!$AC:$AC,'1004 4度C'!$A:$A,"新豐7線",'1004 4度C'!$B:$B,"平均") -> 9 | H20: =SUMIFS('1004 4度C'!$AC:$AC,'1004 4度C'!$A:$A,"新豐3線",'1004 4度C'!$B:$B,"平均") -> 3 | I20: =SUMIFS('1004 4度C'!$AC:$AC,'1004 4度C'!$A:$A,"新豐1線",'1004 4度C'!$B:$B,"平均") -> 8 | J20: =SUMIFS('1004 4度C'!$AC:$AC,'1004 4度C'!$A:$A,"新豐10線",'1004 4度C'!$B:$B,"平均") -> 5 | K20: =SUMIFS('1004 4度C'!$AC:$AC,'1004 4度C'!$A:$A,"新豐8線",'1004 4度C'!$B:$B,"平均") -> 9 | L20: =SUMIFS('1004 4度C'!$AC:$AC,'1004 4度C'!$A:$A,"新豐9線",'1004 4度C'!$B:$B,"平均") -> 8 | M20: =SUMIFS('1004 4度C'!$AC:$AC,'1004 4度C'!$A:$A,"新豐4線",'1004 4度C'!$B:$B,"平均") -> 9
C21: 設備次數 | D21: =SUMIFS('1004 4度C'!$AD:$AD,'1004 4度C'!$A:$A,"新豐6線",'1004 4度C'!$B:$B,"平均") -> 0 | E21: =SUMIFS('1004 4度C'!$AD:$AD,'1004 4度C'!$A:$A,"新豐2線",'1004 4度C'!$B:$B,"平均") -> 0 | F21: =SUMIFS('1004 4度C'!$AD:$AD,'1004 4度C'!$A:$A,"新豐5線",'1004 4度C'!$B:$B,"平均") -> 0 | G21: =SUMIFS('1004 4度C'!$AD:$AD,'1004 4度C'!$A:$A,"新豐7線",'1004 4度C'!$B:$B,"平均") -> 0 | H21: =SUMIFS('1004 4度C'!$AD:$AD,'1004 4度C'!$A:$A,"新豐3線",'1004 4度C'!$B:$B,"平均") -> 0 | I21: =SUMIFS('1004 4度C'!$AD:$AD,'1004 4度C'!$A:$A,"新豐1線",'1004 4度C'!$B:$B,"平均") -> 0 | J21: =SUMIFS('1004 4度C'!$AD:$AD,'1004 4度C'!$A:$A,"新豐10線",'1004 4度C'!$B:$B,"平均") -> 0 | K21: =SUMIFS('1004 4度C'!$AD:$AD,'1004 4度C'!$A:$A,"新豐8線",'1004 4度C'!$B:$B,"平均") -> 0 | L21: =SUMIFS('1004 4度C'!$AD:$AD,'1004 4度C'!$A:$A,"新豐9線",'1004 4度C'!$B:$B,"平均") -> 0 | M21: =SUMIFS('1004 4度C'!$AD:$AD,'1004 4度C'!$A:$A,"新豐4線",'1004 4度C'!$B:$B,"平均") -> 0
B22: 配置人數 | D22: =SUMIFS('1004 4度C'!$I:$I,'1004 4度C'!$A:$A,"新豐6線",'1004 4度C'!$B:$B,"平均") -> 15 | E22: =SUMIFS('1004 4度C'!$I:$I,'1004 4度C'!$A:$A,"新豐2線",'1004 4度C'!$B:$B,"平均") -> 17.666667 | F22: =SUMIFS('1004 4度C'!$I:$I,'1004 4度C'!$A:$A,"新豐5線",'1004 4度C'!$B:$B,"平均") -> 17 | G22: =SUMIFS('1004 4度C'!$I:$I,'1004 4度C'!$A:$A,"新豐7線",'1004 4度C'!$B:$B,"平均") -> 16 | H22: =SUMIFS('1004 4度C'!$I:$I,'1004 4度C'!$A:$A,"新豐3線",'1004 4度C'!$B:$B,"平均") -> 11 | I22: =SUMIFS('1004 4度C'!$I:$I,'1004 4度C'!$A:$A,"新豐1線",'1004 4度C'!$B:$B,"平均") -> 18.25 | J22: =SUMIFS('1004 4度C'!$I:$I,'1004 4度C'!$A:$A,"新豐10線",'1004 4度C'!$B:$B,"平均") -> 10.2 | K22: =SUMIFS('1004 4度C'!$I:$I,'1004 4度C'!$A:$A,"新豐8線",'1004 4度C'!$B:$B,"平均") -> 17.666667 | L22: =SUMIFS('1004 4度C'!$I:$I,'1004 4度C'!$A:$A,"新豐9線",'1004 4度C'!$B:$B,"平均") -> 17.625 | M22: =SUMIFS('1004 4度C'!$I:$I,'1004 4度C'!$A:$A,"新豐4線",'1004 4度C'!$B:$B,"平均") -> 15.111111
B23: 主要應用設備 | D23: ET-55 | E23: 熱縮爐 | F23: L型包裝機 | G23: L型包裝機 | H23: 伺服包裝機 | I23: ET-55 | J23: 伺服包裝機 | K23: 三明治包裝機 | L23: 三明治包裝機 | M23: 三明治包裝機
B24: 次要應用設備 | F24: 圓盤機 | G24: ET-55
B25: 備註 | E25: 握沙拉 | F25: 共用L型包裝機 | H25: 調理麵包 | I25: 炒飯+沙拉 | J25: 調理麵包

Sheet 1004 4度C
A1: 新豐廠四度C日報分析 | C1: 總生產量 | D1: =SUM(F5:F78) -> 198735 | E1: 營業額 | F1: =SUM(G5:G78) -> 6690404.5 | G1: 出勤人數 | H1: =L9+L13+L53+L62+L20+L68+L40+L49+L30+L78 -> 155.51944 | I1: 產線配置圖 | L1: 生產實績 | O1: 人時性差異分析 | S1: 日報登錄 | Y1: 合計 次數 | Z1: 合計 時間/分 | AA1: 產線異常 分析說明(5分鐘以上) | AC1: 合計 次數 | AD1: 合計 設備次數 | AE1: 產能差異分析
A2: 46299 | B2: 星期日 | C2: 人時性 | D2: =AVERAGE(N9,N13,N53,N62,N20,N68,N30,N40,N49,N78) -> 145.01448 | E2: 平均廠價 | F2: =F1/D1 -> 33.664953 | G2: 多次生產數 | H2: =COUNT(H5:H78) -> 13 | Y2: =SUM(Y9+Y13+Y20+Y30+Y40+Y49+Y53+Y62+Y68+Y78) -> 0 | Z2: =SUM(Z9+Z13+Z20+Z30+Z40+Z49+Z53+Z62+Z68+Z78) -> 0 | AC2: =SUM(AC9+AC13+AC20+AC30+AC40+AC49+AC53+AC62+AC68+AC78) -> 64 | AD2: =SUM(AD9+AD13+AD20+AD30+AD40+AD49+AD53+AD62+AD68+AD78) -> 0
A3: 線別 | B3: 品類 | C3: 品名 | E3: 廠價 | F3: 生產量 | G3: 營收 | H3: 多次 生產 | I3: 人數 | J3: 產能/時 | K3: 人時性 | L3: 人數 | M3: 產能/時 | N3: 人時性 | O3: 人數 | P3: 人時性 | Q3: 達成率 | R3: 達成率平均 | S3: 生產時間 | U3: 換線、休息/分 | V3: 稼動時間/分 | W3: 休息時間 | Y3: 產線異常統計 (5分鐘以上) | AA3: (新豐回填) | AC3: 短暫停線統計 (5分鐘以下) | AE3: 產能/時 | AF3: 達成率 | AG3: 達成率平均
S4: 開始 | T4: 結束 | W4: 開始 | X4: 結束 | Y4: 次數 | Z4: 時間/分 | AC4: 總次數 | AD4: 設備因素(次數)
A5: 新豐6線 | B5: 微波主食 | C5: 二配金咖哩果香甘口咖哩飯 | E5: 50.92 | F5: 2694 | G5: =E5*F5 -> 137178.48 | I5: 15 | J5: 2000 | K5: =J5/I5 -> 133.33333 | L5: 15 | M5: =F5/V5*60 -> 1924.2857 | N5: =M5/L5 -> 128.28571 | O5: =L5-I5 -> 0 | P5: =N5-K5 -> -5.047619 | Q5: =N5/K5 -> 0.96214286 | R5: =Q9 -> 0.96442358 | S5: 0.70833333 | T5: 0.76666667 | V5: =(T5-S5)*24*60 -> 84 | AC5: 4 | AE5: =M5-J5 -> -75.714286 | AF5: =M5/J5 -> 0.96214286 | AG5: =AF9 -> 0.96442358
A6: 新豐6線 | B6: 微波主食 | C6: 二配金咖哩濃厚辛口咖哩飯 | E6: 50.98 | F6: 1000 | G6: =E6*F6 -> 50980 | H6: 2 | I6: 16 | J6: 2000 | K6: =J6/I6 -> 125 | L6: 16 | M6: =F6/V6*60 -> 1935.4839 | N6: =M6/L6 -> 120.96774 | O6: =L6-I6 -> 0 | P6: =N6-K6 -> -4.0322581 | Q6: =N6/K6 -> 0.96774194 | S6: 0.77222222 | T6: 0.79375 | U6: =IF(S6=TIME(17,0,0),"",(S6-T5)*24*60) -> 8 | V6: =(T6-S6)*24*60 -> 31 | AE6: =M6-J6 -> -64.516129 | AF6: =M6/J6 -> 0.96774194
A7: 新豐6線 | B7: 微波主食 | C7: 二配厚香料優格咖哩雞排飯 | E7: 56.43 | F7: 1446 | G7: =E7*F7 -> 81597.78 | I7: 13 | J7: 2000 | K7: =J7/I7 -> 153.84615 | L7: 13 | M7: =F7/V7*60 -> 1928 | N7: =M7/L7 -> 148.30769 | O7: =L7-I7 -> 0 | P7: =N7-K7 -> -5.5384615 | Q7: =N7/K7 -> 0.964 | S7: 0.79930556 | T7: 0.83055556 | U7: =IF(S7=TIME(17,0,0),"",(S7-T6)*24*60) -> 8 | V7: =(T7-S7)*24*60 -> 45 | W7: =T7 -> 0.83055556 | X7: =S8 -> 0.87083333 | AE7: =M7-J7 -> -72 | AF7: =M7/J7 -> 0.964
A8: 新豐6線 | B8: 微波主食 | C8: 二配金咖哩濃厚辛口咖哩飯 | E8: 50.98 | F8: 2024 | G8: =E8*F8 -> 103183.52 | I8: 16 | J8: 2000 | K8: =J8/I8 -> 125 | L8: 16 | M8: =F8/V8*60 -> 1927.619 | N8: =M8/L8 -> 120.47619 | O8: =L8-I8 -> 0 | P8: =N8-K8 -> -4.5238095 | Q8: =N8/K8 -> 0.96380952 | S8: 0.87083333 | T8: 0.91458333 | U8: =IF(S8=TIME(17,0,0),"",(S8-T7)*24*60) -> 58 | V8: =(T8-S8)*24*60 -> 63 | AE8: =M8-J8 -> -72.380952 | AF8: =M8/J8 -> 0.96380952
A9: 新豐6線 | B9: 平均 | I9: 15 | J9: 2000 | K9: =J9/I9 -> 133.33333 | L9: 15 | M9: =AVERAGE(M5:M8) -> 1928.8472 | N9: =M9/L9 -> 128.58981 | O9: =L9-I9 -> 0 | P9: =N9-K9 -> -4.7435228 | Q9: =N9/K9 -> 0.96442358 | Y9: =SUM(Y5:Y8) -> 0 | Z9: =SUM(Z5:Z8) -> 0 | AC9: 4 | AD9: =SUM(AD5:AD8) -> 0 | AE9: =M9-J9 -> -71.152842 | AF9: =M9/J9 -> 0.96442358
A10: 新豐2線 | B10: 沙拉 | C10: 青醬優格雞肉握沙拉(113年) | E10: 39.62 | F10: 5035 | G10: =E10*F10 -> 199486.7 | I10: 19 | J10: 1500 | K10: =J10/I10 -> 78.947368 | L10: 19 | M10: =F10/V10*60 -> 1431.7536 | N10: =M10/L10 -> 75.35545 | O10: =L10-I10 -> 0 | P10: =N10-K10 -> -3.5919182 | Q10: =N10/K10 -> 0.95450237 | R10: =Q13 -> 0.95354934 | S10: 0.16666667 | T10: 0.31319444 | V10: =(T10-S10)*24*60 -> 211 | W10: =T10 -> 0.31319444 | X10: =S11 -> 0.33333333 | AC10: 3 | AE10: =M10-J10 -> -68.246445 | AF10: =M10/J10 -> 0.95450237 | AG10: =AF13 -> 0.95354934
A11: 新豐2線 | B11: 沙拉 | C11: 青檸烤雞握沙拉(113年) | E11: 39.8 | F11: 4600 | G11: =E11*F11 -> 183080 | H11: 2 | I11: 17 | J11: 1500 | K11: =J11/I11 -> 88.235294 | L11: 17 | M11: =F11/V11*60 -> 1430.0518 | N11: =M11/L11 -> 84.120695 | O11: =L11-I11 -> 0 | P11: =N11-K11 -> -4.1145992 | Q11: =N11/K11 -> 0.95336788 | S11: 0.33333333 | T11: 0.46736111 | U11: =IF(S11=TIME(17,0,0),"",(S11-T10)*24*60) -> 29 | V11: =(T11-S11)*24*60 -> 193 | W11: =T11 -> 0.46736111 | X11: =S12 -> 0.54861111 | AE11: =M11-J11 -> -69.948187 | AF11: =M11/J11 -> 0.95336788
A12: 新豐2線 | B12: 沙拉 | C12: 青檸烤雞握沙拉(113年) | E12: 39.8 | F12: 3430 | G12: =E12*F12 -> 136514 | I12: 17 | J12: 1500 | K12: =J12/I12 -> 88.235294 | L12: 17 | M12: =F12/V12*60 -> 1429.1667 | N12: =M12/L12 -> 84.068627 | O12: =L12-I12 -> 0 | P12: =N12-K12 -> -4.1666667 | Q12: =N12/K12 -> 0.95277778 | S12: 0.54861111 | T12: 0.64861111 | U12: =IF(S12=TIME(17,0,0),"",(S12-T11)*24*60) -> 117 | V12: =(T12-S12)*24*60 -> 144 | AE12: =M12-J12 -> -70.833333 | AF12: =M12/J12 -> 0.95277778
A13: 新豐2線 | B13: 平均 | I13: 17.666667 | J13: 1500 | K13: =J13/I13 -> 84.90566 | L13: 17.666667 | M13: =AVERAGE(M10:M12) -> 1430.324 | N13: =M13/L13 -> 80.961737 | O13: =L13-I13 -> 0 | P13: =N13-K13 -> -3.9439239 | Q13: =N13/K13 -> 0.95354934 | Y13: =SUM(Y10:Y12) -> 0 | Z13: =SUM(Z10:Z12) -> 0 | AC13: 3 | AD13: =SUM(AD10:AD12) -> 0 | AE13: =M13-J13 -> -69.675988 | AF13: =M13/J13 -> 0.95354934
A14: 新豐5線 | B14: 季節調理麵 | C14: 台式麻醬涼麵(115年) | E14: 31.11 | F14: 2096 | G14: =E14*F14 -> 65206.56 | I14: 14 | J14: 2000 | K14: =J14/I14 -> 142.85714 | L14: 14 | M14: =F14/V14*60 -> 1905.4545 | N14: =M14/L14 -> 136.1039 | O14: =L14-I14 -> 0 | P14: =N14-K14 -> -6.7532468 | Q14: =N14/K14 -> 0.95272727 | R14: =Q20 -> 0.9576554 | S14: 0.25 | T14: 0.29583333 | V14: =(T14-S14)*24*60 -> 66 | AC14: 6 | AE14: =M14-J14 -> -94.545455 | AF14: =M14/J14 -> 0.95272727 | AG14: =AF20 -> 0.9576554
A15: 新豐5線 | B15: 小吃 | C15: 剝皮辣椒雞湯 | E15: 41 | F15: 1747 | G15: =E15*F15 -> 71627 | I15: 26 | J15: 1500 | K15: =J15/I15 -> 57.692308 | L15: 26 | M15: =F15/V15*60 -> 1435.8904 | N15: =M15/L15 -> 55.226554 | O15: =L15-I15 -> 0 | P15: =N15-K15 -> -2.4657534 | Q15: =N15/K15 -> 0.95726027 | S15: 0.30138889 | T15: 0.35208333 | U15: =IF(S15=TIME(17,0,0),"",(S15-T14)*24*60) -> 8 | V15: =(T15-S15)*24*60 -> 73 | AE15: =M15-J15 -> -64.109589 | AF15: =M15/J15 -> 0.95726027
A16: 新豐5線 | B16: 沙拉 | C16: 厚蛋時蔬握沙拉 | E16: 39.46 | F16: 2370 | G16: =E16*F16 -> 93520.2 | I16: 15 | J16: 1500 | K16: =J16/I16 -> 100 | L16: 15 | M16: =F16/V16*60 -> 1436.3636 | N16: =M16/L16 -> 95.757576 | O16: =L16-I16 -> 0 | P16: =N16-K16 -> -4.2424242 | Q16: =N16/K16 -> 0.95757576 | S16: 0.35625 | T16: 0.425 | U16: =IF(S16=TIME(17,0,0),"",(S16-T15)*24*60) -> 6 | V16: =(T16-S16)*24*60 -> 99 | AE16: =M16-J16 -> -63.636364 | AF16: =M16/J16 -> 0.95757576
A17: 新豐5線 | B17: 微波主食 | C17: 二配玉米濃湯焗烤飯 | E17: 54.5 | F17: 872 | G17: =E17*F17 -> 47524 | I17: 19 | J17: 1500 | K17: =J17/I17 -> 78.947368 | L17: 19 | M17: =F17/V17*60 -> 1453.3333 | N17: =M17/L17 -> 76.491228 | O17: =L17-I17 -> 0 | P17: =N17-K17 -> -2.4561404 | Q17: =N17/K17 -> 0.96888889 | S17: 0.70833333 | T17: 0.73333333 | U17: =IF(S17=TIME(17,0,0),"",(S17-T16)*24*60) | V17: =(T17-S17)*24*60 -> 36 | AE17: =M17-J17 -> -46.666667 | AF17: =M17/J17 -> 0.96888889
A18: 新豐5線 | B18: 微波主食 | C18: 二配泰式綠咖哩雞 | E18: 50.67 | F18: 2269 | G18: =E18*F18 -> 114970.23 | I18: 15 | J18: 2000 | K18: =J18/I18 -> 133.33333 | L18: 15 | M18: =F18/V18*60 -> 1917.4648 | N18: =M18/L18 -> 127.83099 | O18: =L18-I18 -> 0 | P18: =N18-K18 -> -5.5023474 | Q18: =N18/K18 -> 0.95873239 | S18: 0.73680556 | T18: 0.78611111 | U18: =IF(S18=TIME(17,0,0),"",(S18-T17)*24*60) -> 5 | V18: =(T18-S18)*24*60 -> 71 | AE18: =M18-J18 -> -82.535211 | AF18: =M18/J18 -> 0.95873239
A19: 新豐5線 | B19: 微波主食 | C19: 二配打拋風味豬肉飯 | E19: 51.06 | F19: 3051 | G19: =E19*F19 -> 155784.06 | I19: 13 | J19: 2000 | K19: =J19/I19 -> 153.84615 | L19: 13 | M19: =F19/V19*60 -> 1906.875 | N19: =M19/L19 -> 146.68269 | O19: =L19-I19 -> 0 | P19: =N19-K19 -> -7.1634615 | Q19: =N19/K19 -> 0.9534375 | S19: 0.79027778 | T19: 0.85694444 | U19: =IF(S19=TIME(17,0,0),"",(S19-T18)*24*60) -> 6 | V19: =(T19-S19)*24*60 -> 96 | AE19: =M19-J19 -> -93.125 | AF19: =M19/J19 -> 0.9534375
A20: 新豐5線 | B20: 平均 | I20: 17 | J20: 1750 | K20: =J20/I20 -> 102.94118 | L20: 17 | M20: =AVERAGE(M14:M19) -> 1675.897 | N20: =M20/L20 -> 98.582174 | O20: =L20-I20 -> 0 | P20: =N20-K20 -> -4.3590028 | Q20: =N20/K20 -> 0.9576554 | Y20: =SUM(Y14:Y19) -> 0 | Z20: =SUM(Z14:Z19) -> 0 | AC20: 6 | AD20: =SUM(AD14:AD19) -> 0 | AE20: =M20-J20 -> -74.103048 | AF20: =M20/J20 -> 0.9576554
A21: 新豐7線 | B21: 微波主食 | C21: 韓式泡菜豬肉豆腐丼飯 | E21: 50.67 | F21: 1788 | G21: =E21*F21 -> 90597.96 | I21: 17 | J21: 2000 | K21: =J21/I21 -> 117.64706 | L21: 17 | M21: =F21/V21*60 -> 1915.7143 | N21: =M21/L21 -> 112.68908 | O21: =L21-I21 -> 0 | P21: =N21-K21 -> -4.9579832 | Q21: =N21/K21 -> 0.95785714 | R21: =Q30 -> 0.9631424 | S21: 0.29166667 | T21: 0.33055556 | V21: =(T21-S21)*24*60 -> 56 | AC21: 9 | AE21: =M21-J21 -> -84.285714 | AF21: =M21/J21 -> 0.95785714 | AG21: =AF30 -> 0.9631424
A22: 新豐7線 | B22: 微波主食 | C22: 鐵板滑蛋炸豬排丼 | E22: 57.73 | F22: 2987 | G22: =E22*F22 -> 172439.51 | I22: 14 | J22: 2000 | K22: =J22/I22 -> 142.85714 | L22: 14 | M22: =F22/V22*60 -> 1906.5957 | N22: =M22/L22 -> 136.18541 | O22: =L22-I22 -> 0 | P22: =N22-K22 -> -6.6717325 | Q22: =N22/K22 -> 0.95329787 | S22: 0.33611111 | T22: 0.40138889 | U22: =IF(S22=TIME(17,0,0),"",(S22-T21)*24*60) -> 8 | V22: =(T22-S22)*24*60 -> 94 | AE22: =M22-J22 -> -93.404255 | AF22: =M22/J22 -> 0.95329787
A23: 新豐7線 | B23: 微波主食 | C23: 日式炙烤親子丼 | E23: 53.27 | F23: 1584 | G23: =E23*F23 -> 84379.68 | I23: 16 | J23: 2000 | K23: =J23/I23 -> 125 | L23: 16 | M23: =F23/V23*60 -> 1939.5918 | N23: =M23/L23 -> 121.22449 | O23: =L23-I23 -> 0 | P23: =N23-K23 -> -3.7755102 | Q23: =N23/K23 -> 0.96979592 | S23: 0.40555556 | T23: 0.43958333 | U23: =IF(S23=TIME(17,0,0),"",(S23-T22)*24*60) -> 6 | V23: =(T23-S23)*24*60 -> 49 | AE23: =M23-J23 -> -60.408163 | AF23: =M23/J23 -> 0.96979592
A24: 新豐7線 | B24: 微波主食 | C24: 熊本麥味噌炸豬排丼飯 | E24: 57.3 | F24: 1100 | G24: =E24*F24 -> 63030 | H24: 2 | I24: 16 | J24: 2000 | K24: =J24/I24 -> 125 | L24: 16 | M24: =F24/V24*60 -> 1941.1765 | N24: =M24/L24 -> 121.32353 | O24: =L24-I24 -> 0 | P24: =N24-K24 -> -3.6764706 | Q24: =N24/K24 -> 0.97058824 | S24: 0.44513889 | T24: 0.46875 | U24: =IF(S24=TIME(17,0,0),"",(S24-T23)*24*60) -> 8 | V24: =(T24-S24)*24*60 -> 34 | W24: =T24 -> 0.46875 | X24: =S25 -> 0.55277778 | AE24: =M24-J24 -> -58.823529 | AF24: =M24/J24 -> 0.97058824
A25: 新豐7線 | B25: 微波主食 | C25: 熊本麥味噌炸豬排丼飯 | E25: 57.3 | F25: 2658 | G25: =E25*F25 -> 152303.4 | I25: 16 | J25: 2000 | K25: =J25/I25 -> 125 | L25: 16 | M25: =F25/V25*60 -> 1921.4458 | N25: =M25/L25 -> 120.09036 | O25: =L25-I25 -> 0 | P25: =N25-K25 -> -4.9096386 | Q25: =N25/K25 -> 0.96072289 | S25: 0.55277778 | T25: 0.61041667 | U25: =IF(S25=TIME(17,0,0),"",(S25-T24)*24*60) -> 121 | V25: =(T25-S25)*24*60 -> 83 | AE25: =M25-J25 -> -78.554217 | AF25: =M25/J25 -> 0.96072289
A26: 新豐7線 | B26: 微波主食 | C26: 二配川味麻婆燒豆腐燴飯 | E26: 50.49 | F26: 2487 | G26: =E26*F26 -> 125568.63 | I26: 15 | J26: 2000 | K26: =J26/I26 -> 133.33333 | L26: 15 | M26: =F26/V26*60 -> 1913.0769 | N26: =M26/L26 -> 127.53846 | O26: =L26-I26 -> 0 | P26: =N26-K26 -> -5.7948718 | Q26: =N26/K26 -> 0.95653846 | S26: 0.70833333 | T26: 0.7625 | U26: =IF(S26=TIME(17,0,0),"",(S26-T25)*24*60) | V26: =(T26-S26)*24*60 -> 78 | AE26: =M26-J26 -> -86.923077 | AF26: =M26/J26 -> 0.95653846
A27: 新豐7線 | B27: 微波主食 | C27: 二配美味蟹煲 | E27: 54.09 | F27: 2214 | G27: =E27*F27 -> 119755.26 | I27: 18 | J27: 2000 | K27: =J27/I27 -> 111.11111 | L27: 18 | M27: =F27/V27*60 -> 1925.2174 | N27: =M27/L27 -> 106.95652 | O27: =L27-I27 -> 0 | P27: =N27-K27 -> -4.1545894 | Q27: =N27/K27 -> 0.9626087 | S27: 0.76666667 | T27: 0.81458333 | U27: =IF(S27=TIME(17,0,0),"",(S27-T26)*24*60) -> 6 | V27: =(T27-S27)*24*60 -> 69 | AE27: =M27-J27 -> -74.782609 | AF27: =M27/J27 -> 0.9626087
A28: 新豐7線 | B28: 微波主食 | C28: 二配港式滑蛋牛肉燴飯 | E28: 50.67 | F28: 1000 | G28: =E28*F28 -> 50670 | H28: 2 | I28: 16 | J28: 2000 | K28: =J28/I28 -> 125 | L28: 16 | M28: =F28/V28*60 -> 1935.4839 | N28: =M28/L28 -> 120.96774 | O28: =L28-I28 -> 0 | P28: =N28-K28 -> -4.0322581 | Q28: =N28/K28 -> 0.96774194 | S28: 0.81944444 | T28: 0.84097222 | U28: =IF(S28=TIME(17,0,0),"",(S28-T27)*24*60) -> 7 | V28: =(T28-S28)*24*60 -> 31 | AE28: =M28-J28 -> -64.516129 | AF28: =M28/J28 -> 0.96774194
A29: 新豐7線 | B29: 微波主食 | C29: 二配港式滑蛋牛肉燴飯 | E29: 50.67 | F29: 1486 | G29: =E29*F29 -> 75295.62 | I29: 16 | J29: 2000 | K29: =J29/I29 -> 125 | L29: 16 | M29: =F29/V29*60 -> 1938.2609 | N29: =M29/L29 -> 121.1413 | O29: =L29-I29 -> 0 | P29: =N29-K29 -> -3.8586957 | Q29: =N29/K29 -> 0.96913043 | S29: 0.88194444 | T29: 0.91388889 | U29: =IF(S29=TIME(17,0,0),"",(S29-T28)*24*60) -> 59 | V29: =(T29-S29)*24*60 -> 46 | AE29: =M29-J29 -> -61.73913 | AF29: =M29/J29 -> 0.96913043
A30: 新豐7線 | B30: 平均 | I30: 16 | J30: 2000 | K30: =J30/I30 -> 125 | L30: 16 | M30: =AVERAGE(M21:M29) -> 1926.2848 | N30: =M30/L30 -> 120.3928 | O30: =L30-I30 -> 0 | P30: =N30-K30 -> -4.6072002 | Q30: =N30/K30 -> 0.9631424 | Y30: =SUM(Y21:Y29) -> 0 | Z30: =SUM(Z21:Z29) -> 0 | AC30: 9 | AD30: =SUM(AD21:AD29) -> 0 | AE30: =M30-J30 -> -73.715203 | AF30: =M30/J30 -> 0.9631424
A31: 新豐8線 | B31: 三明治 | C31: 紐奧良風味烤雞鮮蔬三明治 | E31: 31.29 | F31: 6500 | G31: =E31*F31 -> 203385 | H31: 2 | I31: 18 | J31: 2400 | K31: =J31/I31 -> 133.33333 | L31: 18 | M31: =F31/V31*60 -> 2294.1176 | N31: =M31/L31 -> 127.45098 | O31: =L31-I31 -> 0 | P31: =N31-K31 -> -5.8823529 | Q31: =N31/K31 -> 0.95588235 | R31: =Q40 -> 0.95773225 | S31: 0.083333333 | T31: 0.20138889 | V31: =(T31-S31)*24*60 -> 170 | W31: =T31 -> 0.20138889 | X31: =S32 -> 0.22291667 | AC31: 9 | AE31: =M31-J31 -> -105.88235 | AF31: =M31/J31 -> 0.95588235 | AG31: =AF40 -> 0.95773225
A32: 新豐8線 | B32: 三明治 | C32: 醬燒烤雞三明治(115年) | E32: 26.37 | F32: 4700 | G32: =E32*F32 -> 123939 | H32: 2 | I32: 18 | J32: 2400 | K32: =J32/I32 -> 133.33333 | L32: 18 | M32: =F32/V32*60 -> 2292.6829 | N32: =M32/L32 -> 127.37127 | O32: =L32-I32 -> 0 | P32: =N32-K32 -> -5.9620596 | Q32: =N32/K32 -> 0.95528455 | S32: 0.22291667 | T32: 0.30833333 | U32: =(S32-T31)*24*60 -> 31 | V32: =(T32-S32)*24*60 -> 123 | AE32: =M32-J32 -> -107.31707 | AF32: =M32/J32 -> 0.95528455
A33: 新豐8線 | B33: 三明治 | C33: 水果聖代三明治 | E33: 28.29 | F33: 2592 | G33: =E33*F33 -> 73327.68 | I33: 19 | J33: 2400 | K33: =J33/I33 -> 126.31579 | L33: 19 | M33: =F33/V33*60 -> 2287.0588 | N33: =M33/L33 -> 120.37152 | O33: =L33-I33 -> 0 | P33: =N33-K33 -> -5.9442724 | Q33: =N33/K33 -> 0.95294118 | S33: 0.31180556 | T33: 0.35902778 | U33: =(S33-T32)*24*60 -> 5 | V33: =(T33-S33)*24*60 -> 68 | AE33: =M33-J33 -> -112.94118 | AF33: =M33/J33 -> 0.95294118
A34: 新豐8線 | B34: 三明治 | C34: 好多菜三明治 | E34: 25.98 | F34: 4429 | G34: =E34*F34 -> 115065.42 | I34: 19 | J34: 2400 | K34: =J34/I34 -> 126.31579 | L34: 19 | M34: =F34/V34*60 -> 2290.8621 | N34: =M34/L34 -> 120.57169 | O34: =L34-I34 -> 0 | P34: =N34-K34 -> -5.7441016 | Q34: =N34/K34 -> 0.95452586 | S34: 0.36388889 | T34: 0.44444444 | U34: =(S34-T33)*24*60 -> 7 | V34: =(T34-S34)*24*60 -> 116 | AE34: =M34-J34 -> -109.13793 | AF34: =M34/J34 -> 0.95452586
A35: 新豐8線 | B35: 三明治 | C35: 茄汁厚起司三明治 | E35: 25.99 | F35: 1783 | G35: =E35*F35 -> 46340.17 | I35: 18 | J35: 2400 | K35: =J35/I35 -> 133.33333 | L35: 18 | M35: =F35/V35*60 -> 2325.6522 | N35: =M35/L35 -> 129.2029 | O35: =L35-I35 -> 0 | P35: =N35-K35 -> -4.1304348 | Q35: =N35/K35 -> 0.96902174 | S35: 0.44861111 | T35: 0.48055556 | U35: =(S35-T34)*24*60 -> 6 | V35: =(T35-S35)*24*60 -> 46 | AE35: =M35-J35 -> -74.347826 | AF35: =M35/J35 -> 0.96902174
A36: 新豐8線 | B36: 三明治 | C36: 起司芋見肉鬆三明治 | E36: 25.98 | F36: 1921 | G36: =E36*F36 -> 49907.58 | I36: 17 | J36: 2400 | K36: =J36/I36 -> 141.17647 | L36: 17 | M36: =F36/V36*60 -> 2305.2 | N36: =M36/L36 -> 135.6 | O36: =L36-I36 -> 0 | P36: =N36-K36 -> -5.5764706 | Q36: =N36/K36 -> 0.9605 | S36: 0.48611111 | T36: 0.52083333 | U36: =(S36-T35)*24*60 -> 8 | V36: =(T36-S36)*24*60 -> 50 | AE36: =M36-J36 -> -94.8 | AF36: =M36/J36 -> 0.9605
A37: 新豐8線 | B37: 三明治 | C37: 經典火腿玉米蛋三明治 | E37: 24.43 | F37: 5678 | G37: =E37*F37 -> 138713.54 | I37: 14 | J37: 2400 | K37: =J37/I37 -> 171.42857 | L37: 14 | M37: =F37/V37*60 -> 2286.443 | N37: =M37/L37 -> 163.31735 | O37: =L37-I37 -> 0 | P37: =N37-K37 -> -8.1112176 | Q37: =N37/K37 -> 0.95268456 | S37: 0.52638889 | T37: 0.62986111 | U37: =(S37-T36)*24*60 -> 8 | V37: =(T37-S37)*24*60 -> 149 | AE37: =M37-J37 -> -113.55705 | AF37: =M37/J37 -> 0.95268456
A38: 新豐8線 | B38: 三明治 | C38: 醬燒烤雞三明治(115年) | E38: 26.37 | F38: 3229 | G38: =E38*F38 -> 85148.73 | I38: 18 | J38: 2400 | K38: =J38/I38 -> 133.33333 | L38: 18 | M38: =F38/V38*60 -> 2306.4286 | N38: =M38/L38 -> 128.13492 | O38: =L38-I38 -> 0 | P38: =N38-K38 -> -5.1984127 | Q38: =N38/K38 -> 0.9610119 | S38: 0.63333333 | T38: 0.69166667 | U38: =(S38-T37)*24*60 -> 5 | V38: =(T38-S38)*24*60 -> 84 | AE38: =M38-J38 -> -93.571429 | AF38: =M38/J38 -> 0.9610119
A39: 新豐8線 | B39: 三明治 | C39: 紐奧良風味烤雞鮮蔬三明治 | E39: 31.29 | F39: 4827 | G39: =E39*F39 -> 151036.83 | I39: 18 | J39: 2400 | K39: =J39/I39 -> 133.33333 | L39: 18 | M39: =F39/V39*60 -> 2298.5714 | N39: =M39/L39 -> 127.69841 | O39: =L39-I39 -> 0 | P39: =N39-K39 -> -5.6349206 | Q39: =N39/K39 -> 0.9577381 | S39: 0.69652778 | T39: 0.78402778 | U39: =(S39-T38)*24*60 -> 7 | V39: =(T39-S39)*24*60 -> 126 | AE39: =M39-J39 -> -101.42857 | AF39: =M39/J39 -> 0.9577381
A40: 新豐8線 | B40: 平均 | I40: 17.666667 | J40: 2400 | K40: =J40/I40 -> 135.84906 | L40: 17.666667 | M40: =AVERAGE(M31:M39) -> 2298.5574 | N40: =M40/L40 -> 130.10702 | O40: =L40-I40 -> 0 | P40: =N40-K40 -> -5.742034 | Q40: =N40/K40 -> 0.95773225 | Y40: =SUM(Y31:Y39) -> 0 | Z40: =SUM(Z31:Z39) -> 0 | AC40: 9 | AD40: =SUM(AD31:AD39) -> 0 | AE40: =M40-J40 -> -101.4426 | AF40: =M40/J40 -> 0.95773225
A41: 新豐9線 | B41: 三明治 | C41: 經典總匯三明治(115年) | E41: 26.18 | F41: 4300 | G41: =E41*F41 -> 112574 | H41: 2 | I41: 20 | J41: 2400 | K41: =J41/I41 -> 120 | L41: 20 | M41: =F41/V41*60 -> 2283.1858 | N41: =M41/L41 -> 114.15929 | O41: =L41-I41 -> 0 | P41: =N41-K41 -> -5.840708 | Q41: =N41/K41 -> 0.95132743 | R41: =Q49 -> 0.95557186 | S41: 0.083333333 | T41: 0.16180556 | V41: =(T41-S41)*24*60 -> 113 | W41: =T41 -> 0.16180556 | X41: =S42 -> 0.18263889 | AC41: 8 | AE41: =M41-J41 -> -116.81416 | AF41: =M41/J41 -> 0.95132743 | AG41: =AF49 -> 0.95557186
A42: 新豐9線 | B42: 三明治 | C42: 鮪魚起司溏心蛋三明治(115年) | E42: 26.18 | F42: 5600 | G42: =E42*F42 -> 146608 | H42: 2 | I42: 18 | J42: 2400 | K42: =J42/I42 -> 133.33333 | L42: 18 | M42: =F42/V42*60 -> 2285.7143 | N42: =M42/L42 -> 126.98413 | O42: =L42-I42 -> 0 | P42: =N42-K42 -> -6.3492063 | Q42: =N42/K42 -> 0.95238095 | S42: 0.18263889 | T42: 0.28472222 | U42: =(S42-T41)*24*60 -> 30 | V42: =(T42-S42)*24*60 -> 147 | AE42: =M42-J42 -> -114.28571 | AF42: =M42/J42 -> 0.95238095
A43: 新豐9線 | B43: 三明治 | C43: 好多蛋三明治 | E43: 34.1 | F43: 2800 | G43: =E43*F43 -> 95480 | H43: 2 | I43: 17 | J43: 1600 | K43: =J43/I43 -> 94.117647 | L43: 17 | M43: =F43/V43*60 -> 1527.2727 | N43: =M43/L43 -> 89.839572 | O43: =L43-I43 -> 0 | P43: =N43-K43 -> -4.2780749 | Q43: =N43/K43 -> 0.95454545 | S43: 0.28958333 | T43: 0.36597222 | U43: =(S43-T42)*24*60 -> 7 | V43: =(T43-S43)*24*60 -> 110 | AE43: =M43-J43 -> -72.727273 | AF43: =M43/J43 -> 0.95454545
A44: 新豐9線 | B44: 三明治 | C44: 雞蛋沙拉三明治(114年) | E44: 25.99 | F44: 4569 | G44: =E44*F44 -> 118748.31 | I44: 14 | J44: 2400 | K44: =J44/I44 -> 171.42857 | L44: 14 | M44: =F44/V44*60 -> 2284.5 | N44: =M44/L44 -> 163.17857 | O44: =L44-I44 -> 0 | P44: =N44-K44 -> -8.25 | Q44: =N44/K44 -> 0.951875 | S44: 0.37013889 | T44: 0.45347222 | U44: =(S44-T43)*24*60 -> 6 | V44: =(T44-S44)*24*60 -> 120 | AE44: =M44-J44 -> -115.5 | AF44: =M44/J44 -> 0.951875
A45: 新豐9線 | B45: 三明治 | C45: 巧克力肉鬆三明治 | E45: 23.89 | F45: 2700 | G45: =E45*F45 -> 64503 | I45: 17 | J45: 2400 | K45: =J45/I45 -> 141.17647 | L45: 17 | M45: =F45/V45*60 -> 2314.2857 | N45: =M45/L45 -> 136.13445 | O45: =L45-I45 -> 0 | P45: =N45-K45 -> -5.0420168 | Q45: =N45/K45 -> 0.96428571 | S45: 0.45694444 | T45: 0.50555556 | U45: =(S45-T44)*24*60 -> 5 | V45: =(T45-S45)*24*60 -> 70 | AE45: =M45-J45 -> -85.714286 | AF45: =M45/J45 -> 0.96428571
A46: 新豐9線 | B46: 三明治 | C46: 好多蛋三明治 | E46: 34.1 | F46: 4587 | G46: =E46*F46 -> 156416.7 | I46: 17 | J46: 1600 | K46: =J46/I46 -> 94.117647 | L46: 17 | M46: =F46/V46*60 -> 1529 | N46: =M46/L46 -> 89.941176 | O46: =L46-I46 -> 0 | P46: =N46-K46 -> -4.1764706 | Q46: =N46/K46 -> 0.955625 | S46: 0.50972222 | T46: 0.63472222 | U46: =(S46-T45)*24*60 -> 6 | V46: =(T46-S46)*24*60 -> 180 | AE46: =M46-J46 -> -71 | AF46: =M46/J46 -> 0.955625
A47: 新豐9線 | B47: 三明治 | C47: 鮪魚起司溏心蛋三明治(115年) | E47: 26.18 | F47: 4249 | G47: =E47*F47 -> 111238.82 | I47: 18 | J47: 2400 | K47: =J47/I47 -> 133.33333 | L47: 18 | M47: =F47/V47*60 -> 2296.7568 | N47: =M47/L47 -> 127.5976 | O47: =L47-I47 -> 0 | P47: =N47-K47 -> -5.7357357 | Q47: =N47/K47 -> 0.95698198 | S47: 0.63958333 | T47: 0.71666667 | U47: =(S47-T46)*24*60 -> 7 | V47: =(T47-S47)*24*60 -> 111 | AE47: =M47-J47 -> -103.24324 | AF47: =M47/J47 -> 0.95698198
A48: 新豐9線 | B48: 三明治 | C48: 經典總匯三明治(115年) | E48: 26.18 | F48: 3178 | G48: =E48*F48 -> 83200.04 | I48: 20 | J48: 2400 | K48: =J48/I48 -> 120 | L48: 20 | M48: =F48/V48*60 -> 2297.3494 | N48: =M48/L48 -> 114.86747 | O48: =L48-I48 -> 0 | P48: =N48-K48 -> -5.1325301 | Q48: =N48/K48 -> 0.95722892 | S48: 0.72152778 | T48: 0.77916667 | U48: =(S48-T47)*24*60 -> 7 | V48: =(T48-S48)*24*60 -> 83 | AE48: =M48-J48 -> -102.6506 | AF48: =M48/J48 -> 0.95722892
A49: 新豐9線 | B49: 平均 | I49: 17.625 | J49: 2200 | K49: =J49/I49 -> 124.8227 | L49: 17.625 | M49: =AVERAGE(M41:M48) -> 2102.2581 | N49: =M49/L49 -> 119.27705 | O49: =L49-I49 -> 0 | P49: =N49-K49 -> -5.5456403 | Q49: =N49/K49 -> 0.95557186 | Y49: =SUM(Y41:Y48) -> 0 | Z49: =SUM(Z41:Z48) -> 0 | AC49: 8 | AD49: =SUM(AD41:AD48) -> 0 | AE49: =M49-J49 -> -97.74191 | AF49: =M49/J49 -> 0.95557186
A50: 新豐3線 | B50: 調理麵包 | C50: 豬肉起司堡 | E50: 21.13 | F50: 6634 | G50: =E50*F50 -> 140176.42 | I50: 10 | J50: 3000 | K50: =J50/I50 -> 300 | L50: 10 | M50: =F50/V50*60 -> 2863.5971 | N50: =M50/L50 -> 286.35971 | O50: =L50-I50 -> 0 | P50: =N50-K50 -> -13.640288 | Q50: =N50/K50 -> 0.95453237 | R50: =Q53 -> 0.95464992 | S50: 0.20833333 | T50: 0.30486111 | V50: =(T50-S50)*24*60 -> 139 | AC50: 3 | AE50: =M50-J50 -> -136.40288 | AF50: =M50/J50 -> 0.95453237 | AG50: =AF53 -> 0.95464992
A51: 新豐3線 | B51: 調理麵包 | C51: 豬肉起司蛋堡 | E51: 27.17 | F51: 7856 | G51: =E51*F51 -> 213447.52 | I51: 10 | J51: 3000 | K51: =J51/I51 -> 300 | L51: 10 | M51: =F51/V51*60 -> 2856.7273 | N51: =M51/L51 -> 285.67273 | O51: =L51-I51 -> 0 | P51: =N51-K51 -> -14.327273 | Q51: =N51/K51 -> 0.95224242 | S51: 0.31041667 | T51: 0.425 | U51: =(S51-T50)*24*60 -> 8 | V51: =(T51-S51)*24*60 -> 165 | AE51: =M51-J51 -> -143.27273 | AF51: =M51/J51 -> 0.95224242
A52: 新豐3線 | B52: 調理麵包 | C52: 墨西哥辣醬熱狗堡 | E52: 37.88 | F52: 3067 | G52: =E52*F52 -> 116177.96 | I52: 13 | J52: 2000 | K52: =J52/I52 -> 153.84615 | L52: 13 | M52: =F52/V52*60 -> 1916.875 | N52: =M52/L52 -> 147.45192 | O52: =L52-I52 -> 0 | P52: =N52-K52 -> -6.3942308 | Q52: =N52/K52 -> 0.9584375 | S52: 0.42916667 | T52: 0.49583333 | U52: =(S52-T51)*24*60 -> 6 | V52: =(T52-S52)*24*60 -> 96 | AE52: =M52-J52 -> -83.125 | AF52: =M52/J52 -> 0.9584375
A53: 新豐3線 | B53: 平均 | I53: 11 | J53: 2666.6667 | K53: =J53/I53 -> 242.42424 | L53: 11 | M53: =AVERAGE(M50:M52) -> 2545.7331 | N53: =M53/L53 -> 231.43028 | O53: =L53-I53 -> 0 | P53: =N53-K53 -> -10.993958 | Q53: =N53/K53 -> 0.95464992 | Y53: =SUM(Y50:Y52) -> 0 | Z53: =SUM(Z50:Z52) -> 0 | AC53: 3 | AD53: =SUM(AD50:AD52) -> 0 | AE53: =M53-J53 -> -120.93353 | AF53: =M53/J53 -> 0.95464992
A54: 新豐1線 | B54: 沙拉 | C54: 蔥鹽雞肉麵沙拉(114年) | E54: 46 | F54: 1416 | G54: =E54*F54 -> 65136 | I54: 16 | J54: 2000 | K54: =J54/I54 -> 125 | L54: 16 | M54: =F54/V54*60 -> 1930.9091 | N54: =M54/L54 -> 120.68182 | O54: =L54-I54 -> 0 | P54: =N54-K54 -> -4.3181818 | Q54: =N54/K54 -> 0.96545455 | R54: =Q62 -> 0.96461641 | S54: 0.20833333 | T54: 0.23888889 | V54: =(T54-S54)*24*60 -> 44 | AC54: 8 | AE54: =M54-J54 -> -69.090909 | AF54: =M54/J54 -> 0.96545455 | AG54: =AF62 -> 0.96461641
A55: 新豐1線 | B55: 沙拉 | C55: 莎莎烤雞麵沙拉(115年) | E55: 46 | F55: 1423 | G55: =E55*F55 -> 65458 | I55: 17 | J55: 2000 | K55: =J55/I55 -> 117.64706 | L55: 17 | M55: =F55/V55*60 -> 1940.4545 | N55: =M55/L55 -> 114.14439 | O55: =L55-I55 -> 0 | P55: =N55-K55 -> -3.5026738 | Q55: =N55/K55 -> 0.97022727 | S55: 0.24444444 | T55: 0.275 | U55: =IF(S55=TIME(17,0,0),"",(S55-T54)*24*60) -> 8 | V55: =(T55-S55)*24*60 -> 44 | AE55: =M55-J55 -> -59.545455 | AF55: =M55/J55 -> 0.97022727
A56: 新豐1線 | B56: 微波主食 | C56: 炙烤醬香燒豚飯 | E56: 51.44 | F56: 1568 | G56: =E56*F56 -> 80657.92 | I56: 25 | J56: 2000 | K56: =J56/I56 -> 80 | L56: 25 | M56: =F56/V56*60 -> 1920 | N56: =M56/L56 -> 76.8 | O56: =L56-I56 -> 0 | P56: =N56-K56 -> -3.2 | Q56: =N56/K56 -> 0.96 | S56: 0.27847222 | T56: 0.3125 | U56: =IF(S56=TIME(17,0,0),"",(S56-T55)*24*60) -> 5 | V56: =(T56-S56)*24*60 -> 49 | AE56: =M56-J56 -> -80 | AF56: =M56/J56 -> 0.96
A57: 新豐1線 | B57: 微波主食 | C57: 金沙醬牛豚雙饗飯 | E57: 56.43 | F57: 758 | G57: =E57*F57 -> 42773.94 | I57: 23 | J57: 2000 | K57: =J57/I57 -> 86.956522 | L57: 23 | M57: =F57/V57*60 -> 1977.3913 | N57: =M57/L57 -> 85.973535 | O57: =L57-I57 -> 0 | P57: =N57-K57 -> -0.98298677 | Q57: =N57/K57 -> 0.98869565 | S57: 0.31666667 | T57: 0.33263889 | U57: =IF(S57=TIME(17,0,0),"",(S57-T56)*24*60) -> 6 | V57: =(T57-S57)*24*60 -> 23 | AE57: =M57-J57 -> -22.608696 | AF57: =M57/J57 -> 0.98869565
A58: 新豐1線 | B58: 微波主食 | C58: 壹號醬泡菜鹽蔥雞豚雙拼 | E58: 56.43 | F58: 1881 | G58: =E58*F58 -> 106144.83 | I58: 21 | J58: 2000 | K58: =J58/I58 -> 95.238095 | L58: 21 | M58: =F58/V58*60 -> 1912.8814 | N58: =M58/L58 -> 91.089588 | O58: =L58-I58 -> 0 | P58: =N58-K58 -> -4.1485069 | Q58: =N58/K58 -> 0.95644068 | S58: 0.3375 | T58: 0.37847222 | U58: =IF(S58=TIME(17,0,0),"",(S58-T57)*24*60) -> 7 | V58: =(T58-S58)*24*60 -> 59 | AE58: =M58-J58 -> -87.118644 | AF58: =M58/J58 -> 0.95644068
A59: 新豐1線 | B59: 微波主食 | C59: 二配香辣醬蒜味香腸蛋炒飯 | E59: 55.56 | F59: 2946 | G59: =E59*F59 -> 163679.76 | I59: 17 | J59: 2000 | K59: =J59/I59 -> 117.64706 | L59: 17 | M59: =F59/V59*60 -> 1900.6452 | N59: =M59/L59 -> 111.80266 | O59: =L59-I59 -> 0 | P59: =N59-K59 -> -5.8444023 | Q59: =N59/K59 -> 0.95032258 | S59: 0.70833333 | T59: 0.77291667 | U59: =IF(S59=TIME(17,0,0),"",(S59-T58)*24*60) | V59: =(T59-S59)*24*60 -> 93 | AE59: =M59-J59 -> -99.354839 | AF59: =M59/J59 -> 0.95032258
A60: 新豐1線 | B60: 微波主食 | C60: 二配排骨蛋炒飯 | E60: 58.17 | F60: 2119 | G60: =E60*F60 -> 123262.23 | I60: 13 | J60: 2000 | K60: =J60/I60 -> 153.84615 | L60: 13 | M60: =F60/V60*60 -> 1926.3636 | N60: =M60/L60 -> 148.18182 | O60: =L60-I60 -> 0 | P60: =N60-K60 -> -5.6643357 | Q60: =N60/K60 -> 0.96318182 | S60: 0.77847222 | T60: 0.82430556 | U60: =IF(S60=TIME(17,0,0),"",(S60-T59)*24*60) -> 8 | V60: =(T60-S60)*24*60 -> 66 | AE60: =M60-J60 -> -73.636364 | AF60: =M60/J60 -> 0.96318182
A61: 新豐1線 | B61: 微波主食 | C61: 二配叉燒蛋炒飯 | E61: 54.09 | F61: 1476 | G61: =E61*F61 -> 79836.84 | I61: 14 | J61: 2000 | K61: =J61/I61 -> 142.85714 | L61: 14 | M61: =F61/V61*60 -> 1925.2174 | N61: =M61/L61 -> 137.51553 | O61: =L61-I61 -> 0 | P61: =N61-K61 -> -5.3416149 | Q61: =N61/K61 -> 0.9626087 | S61: 0.82986111 | T61: 0.86180556 | U61: =IF(S61=TIME(17,0,0),"",(S61-T60)*24*60) -> 8 | V61: =(T61-S61)*24*60 -> 46 | AE61: =M61-J61 -> -74.782609 | AF61: =M61/J61 -> 0.9626087
A62: 新豐1線 | B62: 平均 | I62: 18.25 | J62: 2000 | K62: =J62/I62 -> 109.58904 | L62: 18.25 | M62: =AVERAGE(M54:M61) -> 1929.2328 | N62: =M62/L62 -> 105.71139 | O62: =L62-I62 -> 0 | P62: =N62-K62 -> -3.8776542 | Q62: =N62/K62 -> 0.96461641 | Y62: =SUM(Y54:Y61) -> 0 | Z62: =SUM(Z54:Z61) -> 0 | AC62: 8 | AD62: =SUM(AD54:AD61) -> 0 | AE62: =M62-J62 -> -70.767189 | AF62: =M62/J62 -> 0.96461641
A63: 新豐10線 | B63: 調理麵包 | C63: 經典雙牛起司堡(113年) | E63: 35.12 | F63: 5964 | G63: =E63*F63 -> 209455.68 | I63: 10 | J63: 3000 | K63: =J63/I63 -> 300 | L63: 10 | M63: =F63/V63*60 -> 2862.72 | N63: =M63/L63 -> 286.272 | O63: =L63-I63 -> 0 | P63: =N63-K63 -> -13.728 | Q63: =N63/K63 -> 0.95424 | R63: =Q68 -> 0.96352129 | S63: 0.20833333 | T63: 0.29513889 | V63: =(T63-S63)*24*60 -> 125 | AC63: 5 | AE63: =M63-J63 -> -137.28 | AF63: =M63/J63 -> 0.95424 | AG63: =AF68 -> 0.96352129
A64: 新豐10線 | B64: 調理麵包 | C64: 香雞蛋堡(112年) | E64: 26.78 | F64: 2770 | G64: =E64*F64 -> 74180.6 | I64: 10 | J64: 3000 | K64: =J64/I64 -> 300 | L64: 10 | M64: =F64/V64*60 -> 2865.5172 | N64: =M64/L64 -> 286.55172 | O64: =L64-I64 -> 0 | P64: =N64-K64 -> -13.448276 | Q64: =N64/K64 -> 0.95517241 | S64: 0.3 | T64: 0.34027778 | U64: =(S64-T63)*24*60 -> 7 | V64: =(T64-S64)*24*60 -> 58 | AE64: =M64-J64 -> -134.48276 | AF64: =M64/J64 -> 0.95517241
A65: 新豐10線 | B65: 調理麵包 | C65: 超HOT雞腿堡 | E65: 35.87 | F65: 3220 | G65: =E65*F65 -> 115501.4 | I65: 10 | J65: 3000 | K65: =J65/I65 -> 300 | L65: 10 | M65: =F65/V65*60 -> 2883.5821 | N65: =M65/L65 -> 288.35821 | O65: =L65-I65 -> 0 | P65: =N65-K65 -> -11.641791 | Q65: =N65/K65 -> 0.96119403 | S65: 0.34583333 | T65: 0.39236111 | U65: =(S65-T64)*24*60 -> 8 | V65: =(T65-S65)*24*60 -> 67 | AE65: =M65-J65 -> -116.41791 | AF65: =M65/J65 -> 0.96119403
A66: 新豐10線 | B66: 調理麵包 | C66: 美式雞腿堡 | E66: 35.87 | F66: 1178 | G66: =E66*F66 -> 42254.86 | I66: 9 | J66: 3000 | K66: =J66/I66 -> 333.33333 | L66: 9 | M66: =F66/V66*60 -> 2945 | N66: =M66/L66 -> 327.22222 | O66: =L66-I66 -> 0 | P66: =N66-K66 -> -6.1111111 | Q66: =N66/K66 -> 0.98166667 | S66: 0.39791667 | T66: 0.41458333 | U66: =(S66-T65)*24*60 -> 8 | V66: =(T66-S66)*24*60 -> 24 | AE66: =M66-J66 -> -55 | AF66: =M66/J66 -> 0.98166667
A67: 新豐10線 | B67: 調理麵包 | C67: 益活雞力能量堡 | E67: 33.77 | F67: 2896 | G67: =E67*F67 -> 97797.92 | I67: 12 | J67: 3000 | K67: =J67/I67 -> 250 | L67: 12 | M67: =F67/V67*60 -> 2896 | N67: =M67/L67 -> 241.33333 | O67: =L67-I67 -> 0 | P67: =N67-K67 -> -8.6666667 | Q67: =N67/K67 -> 0.96533333 | S67: 0.41805556 | T67: 0.45972222 | U67: =(S67-T66)*24*60 -> 5 | V67: =(T67-S67)*24*60 -> 60 | AE67: =M67-J67 -> -104 | AF67: =M67/J67 -> 0.96533333
A68: 新豐10線 | B68: 平均 | I68: 10.2 | J68: 3000 | K68: =J68/I68 -> 294.11765 | L68: 10.2 | M68: =AVERAGE(M63:M67) -> 2890.5639 | N68: =M68/L68 -> 283.38861 | O68: =L68-I68 -> 0 | P68: =N68-K68 -> -10.729033 | Q68: =N68/K68 -> 0.96352129 | Y68: =SUM(Y63:Y67) -> 0 | Z68: =SUM(Z63:Z67) -> 0 | AC68: 5 | AD68: =SUM(AD63:AD67) -> 0 | AE68: =M68-J68 -> -109.43613 | AF68: =M68/J68 -> 0.96352129
A69: 新豐4線 | B69: 三明治 | C69: 火腿起司蛋三明治 | E69: 19.02 | F69: 7100 | G69: =E69*F69 -> 135042 | H69: 2 | I69: 14 | J69: 2400 | K69: =J69/I69 -> 171.42857 | L69: 14 | M69: =F69/V69*60 -> 2290.3226 | N69: =M69/L69 -> 163.59447 | O69: =L69-I69 -> 0 | P69: =N69-K69 -> -7.8341014 | Q69: =N69/K69 -> 0.95430108 | R69: =Q78 -> 0.95517273 | S69: 0.083333333 | T69: 0.2125 | V69: =(T69-S69)*24*60 -> 186 | W69: =T69 -> 0.2125 | X69: =S70 -> 0.23194444 | AC69: 9 | AE69: =M69-J69 -> -109.67742 | AF69: =M69/J69 -> 0.95430108 | AG69: =AF78 -> 0.95517273
A70: 新豐4線 | B70: 三明治 | C70: 肉鬆火腿三明治(115年) | E70: 20.36 | F70: 2900 | G70: =E70*F70 -> 59044 | H70: 2 | I70: 17 | J70: 2400 | K70: =J70/I70 -> 141.17647 | L70: 17 | M70: =F70/V70*60 -> 2289.4737 | N70: =M70/L70 -> 134.67492 | O70: =L70-I70 -> 0 | P70: =N70-K70 -> -6.501548 | Q70: =N70/K70 -> 0.95394737 | S70: 0.23194444 | T70: 0.28472222 | U70: =(S70-T69)*24*60 -> 28 | V70: =(T70-S70)*24*60 -> 76 | AE70: =M70-J70 -> -110.52632 | AF70: =M70/J70 -> 0.95394737
A71: 新豐4線 | B71: 三明治 | C71: 經典火腿玉米蛋三明治 | E71: 24.43 | F71: 3500 | G71: =E71*F71 -> 85505 | H71: 2 | I71: 14 | J71: 2400 | K71: =J71/I71 -> 171.42857 | L71: 14 | M71: =F71/V71*60 -> 2282.6087 | N71: =M71/L71 -> 163.04348 | O71: =L71-I71 -> 0 | P71: =N71-K71 -> -8.3850932 | Q71: =N71/K71 -> 0.95108696 | S71: 0.28888889 | T71: 0.35277778 | U71: =(S71-T70)*24*60 -> 6 | V71: =(T71-S71)*24*60 -> 92 | AE71: =M71-J71 -> -117.3913 | AF71: =M71/J71 -> 0.95108696
A72: 新豐4線 | B72: 三明治 | C72: 紅豆黑糖麻糬三明治 | E72: 23.8 | F72: 2231 | G72: =E72*F72 -> 53097.8 | I72: 16 | J72: 2400 | K72: =J72/I72 -> 150 | L72: 16 | M72: =F72/V72*60 -> 2307.931 | N72: =M72/L72 -> 144.24569 | O72: =L72-I72 -> 0 | P72: =N72-K72 -> -5.7543103 | Q72: =N72/K72 -> 0.96163793 | S72: 0.35763889 | T72: 0.39791667 | U72: =(S72-T71)*24*60 -> 7 | V72: =(T72-S72)*24*60 -> 58 | AE72: =M72-J72 -> -92.068966 | AF72: =M72/J72 -> 0.96163793
A73: 新豐4線 | B73: 三明治 | C73: 金黃玉米蛋三明治 | E73: 24.25 | F73: 1711 | G73: =E73*F73 -> 41491.75 | I73: 16 | J73: 2400 | K73: =J73/I73 -> 150 | L73: 16 | M73: =F73/V73*60 -> 2281.3333 | N73: =M73/L73 -> 142.58333 | O73: =L73-I73 -> 0 | P73: =N73-K73 -> -7.4166667 | Q73: =N73/K73 -> 0.95055556 | S73: 0.40347222 | T73: 0.43472222 | U73: =(S73-T72)*24*60 -> 8 | V73: =(T73-S73)*24*60 -> 45 | AE73: =M73-J73 -> -118.66667 | AF73: =M73/J73 -> 0.95055556
A74: 新豐4線 | B74: 三明治 | C74: 輕乳酪巧克力三明治 | E74: 20.51 | F74: 3500 | G74: =E74*F74 -> 71785 | H74: 2 | I74: 14 | J74: 2400 | K74: =J74/I74 -> 171.42857 | L74: 14 | M74: =F74/V74*60 -> 2282.6087 | N74: =M74/L74 -> 163.04348 | O74: =L74-I74 -> 0 | P74: =N74-K74 -> -8.3850932 | Q74: =N74/K74 -> 0.95108696 | S74: 0.43888889 | T74: 0.50277778 | U74: =(S74-T73)*24*60 -> 6 | V74: =(T74-S74)*24*60 -> 92 | W74: =T74 -> 0.50277778 | X74: =S75 -> 0.54305556 | AE74: =M74-J74 -> -117.3913 | AF74: =M74/J74 -> 0.95108696
A75: 新豐4線 | B75: 三明治 | C75: 輕乳酪巧克力三明治 | E75: 20.51 | F75: 4753 | G75: =E75*F75 -> 97484.03 | I75: 14 | J75: 2400 | K75: =J75/I75 -> 171.42857 | L75: 14 | M75: =F75/V75*60 -> 2299.8387 | N75: =M75/L75 -> 164.27419 | O75: =L75-I75 -> 0 | P75: =N75-K75 -> -7.1543779 | Q75: =N75/K75 -> 0.95826613 | S75: 0.54305556 | T75: 0.62916667 | U75: =(S75-T74)*24*60 -> 58 | V75: =(T75-S75)*24*60 -> 124 | AE75: =M75-J75 -> -100.16129 | AF75: =M75/J75 -> 0.95826613
A76: 新豐4線 | B76: 三明治 | C76: 肉鬆火腿三明治(115年) | E76: 20.36 | F76: 2276 | G76: =E76*F76 -> 46339.36 | I76: 17 | J76: 2400 | K76: =J76/I76 -> 141.17647 | L76: 17 | M76: =F76/V76*60 -> 2314.5763 | N76: =M76/L76 -> 136.15155 | O76: =L76-I76 -> 0 | P76: =N76-K76 -> -5.0249252 | Q76: =N76/K76 -> 0.96440678 | S76: 0.63472222 | T76: 0.67569444 | U76: =(S76-T75)*24*60 -> 8 | V76: =(T76-S76)*24*60 -> 59 | AE76: =M76-J76 -> -85.423729 | AF76: =M76/J76 -> 0.96440678
A77: 新豐4線 | B77: 三明治 | C77: 火腿起司蛋三明治 | E77: 19.02 | F77: 6012 | G77: =E77*F77 -> 114348.24 | I77: 14 | J77: 2400 | K77: =J77/I77 -> 171.42857 | L77: 14 | M77: =F77/V77*60 -> 2283.038 | N77: =M77/L77 -> 163.07414 | O77: =L77-I77 -> 0 | P77: =N77-K77 -> -8.3544304 | Q77: =N77/K77 -> 0.95126582 | S77: 0.68055556 | T77: 0.79027778 | U77: =(S77-T76)*24*60 -> 7 | V77: =(T77-S77)*24*60 -> 158 | AE77: =M77-J77 -> -116.96203 | AF77: =M77/J77 -> 0.95126582
A78: 新豐4線 | B78: 平均 | I78: 15.111111 | J78: 2400 | K78: =J78/I78 -> 158.82353 | L78: 15.111111 | M78: =AVERAGE(M69:M77) -> 2292.4146 | N78: =M78/L78 -> 151.7039 | O78: =L78-I78 -> 0 | P78: =N78-K78 -> -7.1196252 | Q78: =N78/K78 -> 0.95517273 | Y78: =SUM(Y69:Y77) -> 0 | Z78: =SUM(Z69:Z77) -> 0 | AC78: 9 | AD78: =SUM(AD69:AD77) -> 0 | AE78: =M78-J78 -> -107.58545 | AF78: =M78/J78 -> 0.95517273

Sheet 1003
B1: 屏榮 新豐廠組合室生產人時性分析
B3: 日期 | C3: =TEXT('1003 4度C'!A2,"yyyy.mm.ddaaaa") -> 2026.10.03星期六 | E3: 訂單量 | F3: ='1003 4度C'!D1 -> 143879 | H3: 營業額 | I3: ='1003 4度C'!F1 -> 4856868.4
B4: 人時性 | C4: 項目 | E4: ➀ | G4: ➁ | I4: ➂ | K4: 異常停線 | M4: 短暫停線
C5: 組合室 | E5: 全溫層 | G5: 4度C-各編組展開 | I5: ③三明治-各編組展開 | K5: 合計次數 | L5: 時間 | M5: 合計次數 | N5: 設備次數
C6: 排關平均 | E6: =AVERAGE(D13:M13) -> 151.08626 | F6: =AVERAGE(D31:O31,D13:J13) -> 155.69986 | G6: =AVERAGE(D13:J13) -> 155.69986 | I6: =AVERAGE(K13:M13) -> 140.32119 | K6: ='1003 4度C'!Y2 -> 0 | L6: ='1003 4度C'!Z2 -> 0 | M6: ='1003 4度C'!AC2 -> 54 | N6: ='1003 4度C'!AD2 -> 0
C7: 實績平均 | E7: =AVERAGE(D14:M14) -> 145.00115 | F7: =AVERAGE(D32:O32,D14:J14) -> 149.51933 | G7: =AVERAGE(D14:J14) -> 149.51933 | I7: =AVERAGE(K14:M14) -> 134.45874
C8: 達成率平均 | E8: =AVERAGE(D15:M15) -> 0.95961218 | F8: =AVERAGE(D15:J15,D33:O33) -> 0.96024165 | G8: =AVERAGE(D15:J15) -> 0.96024165 | I8: =AVERAGE(K15:M15) -> 0.95814341
K9: ※現行日本鮮食廠以達成率80%為基本(即為現行KPI)
B10: 溫層 | D10: ➁4度C-各編組展開 | K10: ③三明治-各編組展開
B11: 編組 | D11: 1 | E11: 2 | F11: 3 | G11: 4 | H11: 5 | I11: 6 | J11: 7 | K11: 1 | L11: 2 | M11: 3
D12: 新豐6線 | E12: 新豐2線 | F12: 新豐5線 | G12: 新豐7線 | H12: 新豐3線 | I12: 新豐1線 | J12: 新豐10線 | K12: 新豐8線 | L12: 新豐9線 | M12: 新豐4線
B13: 人時性 | C13: 排關 | D13: =SUMIFS('1003 4度C'!$K:$K,'1003 4度C'!$A:$A,"新豐6線",'1003 4度C'!$B:$B,"平均") -> 130.43478 | E13: =SUMIFS('1003 4度C'!$K:$K,'1003 4度C'!$A:$A,"新豐2線",'1003 4度C'!$B:$B,"平均") -> 83.333333 | F13: =SUMIFS('1003 4度C'!$K:$K,'1003 4度C'!$A:$A,"新豐5線",'1003 4度C'!$B:$B,"平均") -> 105 | G13: =SUMIFS('1003 4度C'!$K:$K,'1003 4度C'!$A:$A,"新豐7線",'1003 4度C'!$B:$B,"平均") -> 125 | H13: =SUMIFS('1003 4度C'!$K:$K,'1003 4度C'!$A:$A,"新豐3線",'1003 4度C'!$B:$B,"平均") -> 242.42424 | I13: =SUMIFS('1003 4度C'!$K:$K,'1003 4度C'!$A:$A,"新豐1線",'1003 4度C'!$B:$B,"平均") -> 109.58904 | J13: =SUMIFS('1003 4度C'!$K:$K,'1003 4度C'!$A:$A,"新豐10線",'1003 4度C'!$B:$B,"平均") -> 294.11765 | K13: =SUMIFS('1003 4度C'!$K:$K,'1003 4度C'!$A:$A,"新豐8線",'1003 4度C'!$B:$B,"平均") -> 138.84298 | L13: =SUMIFS('1003 4度C'!$K:$K,'1003 4度C'!$A:$A,"新豐9線",'1003 4度C'!$B:$B,"平均") -> 130.76923 | M13: =SUMIFS('1003 4度C'!$K:$K,'1003 4度C'!$A:$A,"新豐4線",'1003 4度C'!$B:$B,"平均") -> 151.35135
C14: 實績 | D14: =SUMIFS('1003 4度C'!$N:$N,'1003 4度C'!$A:$A,"新豐6線",'1003 4度C'!$B:$B,"平均") -> 124.91531 | E14: =SUMIFS('1003 4度C'!$N:$N,'1003 4度C'!$A:$A,"新豐2線",'1003 4度C'!$B:$B,"平均") -> 79.419138 | F14: =SUMIFS('1003 4度C'!$N:$N,'1003 4度C'!$A:$A,"新豐5線",'1003 4度C'!$B:$B,"平均") -> 101.38425 | G14: =SUMIFS('1003 4度C'!$N:$N,'1003 4度C'!$A:$A,"新豐7線",'1003 4度C'!$B:$B,"平均") -> 120.14584 | H14: =SUMIFS('1003 4度C'!$N:$N,'1003 4度C'!$A:$A,"新豐3線",'1003 4度C'!$B:$B,"平均") -> 231.59501 | I14: =SUMIFS('1003 4度C'!$N:$N,'1003 4度C'!$A:$A,"新豐1線",'1003 4度C'!$B:$B,"平均") -> 105.8026 | J14: =SUMIFS('1003 4度C'!$N:$N,'1003 4度C'!$A:$A,"新豐10線",'1003 4度C'!$B:$B,"平均") -> 283.37316 | K14: =SUMIFS('1003 4度C'!$N:$N,'1003 4度C'!$A:$A,"新豐8線",'1003 4度C'!$B:$B,"平均") -> 133.37622 | L14: =SUMIFS('1003 4度C'!$N:$N,'1003 4度C'!$A:$A,"新豐9線",'1003 4度C'!$B:$B,"平均") -> 124.89014 | M14: =SUMIFS('1003 4度C'!$N:$N,'1003 4度C'!$A:$A,"新豐4線",'1003 4度C'!$B:$B,"平均") -> 145.10986
C15: 達成率 | D15: =D14/D13 -> 0.95768407 | E15: =E14/E13 -> 0.95302965 | F15: =F14/F13 -> 0.96556428 | G15: =G14/G13 -> 0.96116669 | H15: =H14/H13 -> 0.9553294 | I15: =I14/I13 -> 0.96544873 | J15: =J14/J13 -> 0.96346875 | K15: =K14/K13 -> 0.96062636 | ... M15: =M14/M13 -> 0.95876158
B16: 作業 時間 | C16: 開始 | D16: =VLOOKUP("新豐6線",'1003 4度C'!$A:$T,19,0) -> 0.70833333 | E16: =VLOOKUP("新豐2線",'1003 4度C'!$A:$T,19,0) -> 0.083333333 | F16: =VLOOKUP("新豐5線",'1003 4度C'!$A:$T,19,0) -> 0.25 | G16: =VLOOKUP("新豐7線",'1003 4度C'!$A:$T,19,0) -> 0.25 | H16: =VLOOKUP("新豐3線",'1003 4度C'!$A:$T,19,0) -> 0.20833333 | I16: =VLOOKUP("新豐1線",'1003 4度C'!$A:$T,19,0) -> 0.20833333 | J16: =VLOOKUP("新豐10線",'1003 4度C'!$A:$T,19,0) -> 0.20833333 | K16: =VLOOKUP("新豐8線",'1003 4度C'!$A:$T,19,0) -> 0.083333333 | L16: =VLOOKUP("新豐9線",'1003 4度C'!$A:$T,19,0) -> 0.083333333 | M16: =VLOOKUP("新豐4線",'1003 4度C'!$A:$T,19,0) -> 0.083333333
C17: 結束 | D17: =LOOKUP(2,1/(('1003 4度C'!$A:$A="新豐6線")*('1003 4度C'!$T:$T<>"")),'1003 4度C'!$T:$T) -> 0.84861111 | E17: =LOOKUP(2,1/(('1003 4度C'!$A:$A="新豐2線")*('1003 4度C'!$T:$T<>"")),'1003 4度C'!$T:$T) -> 0.39375 | F17: =LOOKUP(2,1/(('1003 4度C'!$A:$A="新豐5線")*('1003 4度C'!$T:$T<>"")),'1003 4度C'!$T:$T) -> 0.81666667 | G17: =LOOKUP(2,1/(('1003 4度C'!$A:$A="新豐7線")*('1003 4度C'!$T:$T<>"")),'1003 4度C'!$T:$T) -> 0.82152778 | H17: =LOOKUP(2,1/(('1003 4度C'!$A:$A="新豐3線")*('1003 4度C'!$T:$T<>"")),'1003 4度C'!$T:$T) -> 0.42430556 | I17: =LOOKUP(2,1/(('1003 4度C'!$A:$A="新豐1線")*('1003 4度C'!$T:$T<>"")),'1003 4度C'!$T:$T) -> 0.83333333 | J17: =LOOKUP(2,1/(('1003 4度C'!$A:$A="新豐10線")*('1003 4度C'!$T:$T<>"")),'1003 4度C'!$T:$T) -> 0.40138889 | K17: =LOOKUP(2,1/(('1003 4度C'!$A:$A="新豐8線")*('1003 4度C'!$T:$T<>"")),'1003 4度C'!$T:$T) -> 0.61458333 | L17: =LOOKUP(2,1/(('1003 4度C'!$A:$A="新豐9線")*('1003 4度C'!$T:$T<>"")),'1003 4度C'!$T:$T) -> 0.61041667 | M17: =LOOKUP(2,1/(('1003 4度C'!$A:$A="新豐4線")*('1003 4度C'!$T:$T<>"")),'1003 4度C'!$T:$T) -> 0.59722222
B18: 產線異常 (5分鐘以上) | C18: 次數 | D18: =SUMIFS('1003 4度C'!$Y:$Y,'1003 4度C'!$A:$A,"新豐6線",'1003 4度C'!$B:$B,"平均") -> 0 | E18: =SUMIFS('1003 4度C'!$Y:$Y,'1003 4度C'!$A:$A,"新豐2線",'1003 4度C'!$B:$B,"平均") -> 0 | F18: =SUMIFS('1003 4度C'!$Y:$Y,'1003 4度C'!$A:$A,"新豐5線",'1003 4度C'!$B:$B,"平均") -> 0 | G18: =SUMIFS('1003 4度C'!$Y:$Y,'1003 4度C'!$A:$A,"新豐7線",'1003 4度C'!$B:$B,"平均") -> 0 | H18: =SUMIFS('1003 4度C'!$Y:$Y,'1003 4度C'!$A:$A,"新豐3線",'1003 4度C'!$B:$B,"平均") -> 0 | I18: =SUMIFS('1003 4度C'!$Y:$Y,'1003 4度C'!$A:$A,"新豐1線",'1003 4度C'!$B:$B,"平均") -> 0 | J18: =SUMIFS('1003 4度C'!$Y:$Y,'1003 4度C'!$A:$A,"新豐10線",'1003 4度C'!$B:$B,"平均") -> 0 | K18: =SUMIFS('1003 4度C'!$Y:$Y,'1003 4度C'!$A:$A,"新豐8線",'1003 4度C'!$B:$B,"平均") -> 0 | L18: =SUMIFS('1003 4度C'!$Y:$Y,'1003 4度C'!$A:$A,"新豐9線",'1003 4度C'!$B:$B,"平均") -> 0 | M18: =SUMIFS('1003 4度C'!$Y:$Y,'1003 4度C'!$A:$A,"新豐4線",'1003 4度C'!$B:$B,"平均") -> 0
C19: 時間/分 | D19: =SUMIFS('1003 4度C'!$Z:$Z,'1003 4度C'!$A:$A,"新豐6線",'1003 4度C'!$B:$B,"平均") -> 0 | E19: =SUMIFS('1003 4度C'!$Z:$Z,'1003 4度C'!$A:$A,"新豐2線",'1003 4度C'!$B:$B,"平均") -> 0 | F19: =SUMIFS('1003 4度C'!$Z:$Z,'1003 4度C'!$A:$A,"新豐5線",'1003 4度C'!$B:$B,"平均") -> 0 | G19: =SUMIFS('1003 4度C'!$Z:$Z,'1003 4度C'!$A:$A,"新豐7線",'1003 4度C'!$B:$B,"平均") -> 0 | H19: =SUMIFS('1003 4度C'!$Z:$Z,'1003 4度C'!$A:$A,"新豐3線",'1003 4度C'!$B:$B,"平均") -> 0 | I19: =SUMIFS('1003 4度C'!$Z:$Z,'1003 4度C'!$A:$A,"新豐1線",'1003 4度C'!$B:$B,"平均") -> 0 | J19: =SUMIFS('1003 4度C'!$Z:$Z,'1003 4度C'!$A:$A,"新豐10線",'1003 4度C'!$B:$B,"平均") -> 0 | K19: =SUMIFS('1003 4度C'!$Z:$Z,'1003 4度C'!$A:$A,"新豐8線",'1003 4度C'!$B:$B,"平均") -> 0 | L19: =SUMIFS('1003 4度C'!$Z:$Z,'1003 4度C'!$A:$A,"新豐9線",'1003 4度C'!$B:$B,"平均") -> 0 | M19: =SUMIFS('1003 4度C'!$Z:$Z,'1003 4度C'!$A:$A,"新豐4線",'1003 4度C'!$B:$B,"平均") -> 0
B20: 短暫停線 (5分鐘以下) | C20: 次數 | D20: =SUMIFS('1003 4度C'!$AC:$AC,'1003 4度C'!$A:$A,"新豐6線",'1003 4度C'!$B:$B,"平均") -> 3 | E20: =SUMIFS('1003 4度C'!$AC:$AC,'1003 4度C'!$A:$A,"新豐2線",'1003 4度C'!$B:$B,"平均") -> 2 | F20: =SUMIFS('1003 4度C'!$AC:$AC,'1003 4度C'!$A:$A,"新豐5線",'1003 4度C'!$B:$B,"平均") -> 6 | G20: =SUMIFS('1003 4度C'!$AC:$AC,'1003 4度C'!$A:$A,"新豐7線",'1003 4度C'!$B:$B,"平均") -> 7 | H20: =SUMIFS('1003 4度C'!$AC:$AC,'1003 4度C'!$A:$A,"新豐3線",'1003 4度C'!$B:$B,"平均") -> 3 | I20: =SUMIFS('1003 4度C'!$AC:$AC,'1003 4度C'!$A:$A,"新豐1線",'1003 4度C'!$B:$B,"平均") -> 8 | J20: =SUMIFS('1003 4度C'!$AC:$AC,'1003 4度C'!$A:$A,"新豐10線",'1003 4度C'!$B:$B,"平均") -> 5 | K20: =SUMIFS('1003 4度C'!$AC:$AC,'1003 4度C'!$A:$A,"新豐8線",'1003 4度C'!$B:$B,"平均") -> 7 | L20: =SUMIFS('1003 4度C'!$AC:$AC,'1003 4度C'!$A:$A,"新豐9線",'1003 4度C'!$B:$B,"平均") -> 6 | M20: =SUMIFS('1003 4度C'!$AC:$AC,'1003 4度C'!$A:$A,"新豐4線",'1003 4度C'!$B:$B,"平均") -> 7
C21: 設備次數 | D21: =SUMIFS('1003 4度C'!$AD:$AD,'1003 4度C'!$A:$A,"新豐6線",'1003 4度C'!$B:$B,"平均") -> 0 | E21: =SUMIFS('1003 4度C'!$AD:$AD,'1003 4度C'!$A:$A,"新豐2線",'1003 4度C'!$B:$B,"平均") -> 0 | F21: =SUMIFS('1003 4度C'!$AD:$AD,'1003 4度C'!$A:$A,"新豐5線",'1003 4度C'!$B:$B,"平均") -> 0 | G21: =SUMIFS('1003 4度C'!$AD:$AD,'1003 4度C'!$A:$A,"新豐7線",'1003 4度C'!$B:$B,"平均") -> 0 | H21: =SUMIFS('1003 4度C'!$AD:$AD,'1003 4度C'!$A:$A,"新豐3線",'1003 4度C'!$B:$B,"平均") -> 0 | I21: =SUMIFS('1003 4度C'!$AD:$AD,'1003 4度C'!$A:$A,"新豐1線",'1003 4度C'!$B:$B,"平均") -> 0 | J21: =SUMIFS('1003 4度C'!$AD:$AD,'1003 4度C'!$A:$A,"新豐10線",'1003 4度C'!$B:$B,"平均") -> 0 | K21: =SUMIFS('1003 4度C'!$AD:$AD,'1003 4度C'!$A:$A,"新豐8線",'1003 4度C'!$B:$B,"平均") -> 0 | L21: =SUMIFS('1003 4度C'!$AD:$AD,'1003 4度C'!$A:$A,"新豐9線",'1003 4度C'!$B:$B,"平均") -> 0 | M21: =SUMIFS('1003 4度C'!$AD:$AD,'1003 4度C'!$A:$A,"新豐4線",'1003 4度C'!$B:$B,"平均") -> 0
B22: 配置人數 | D22: =SUMIFS('1003 4度C'!$I:$I,'1003 4度C'!$A:$A,"新豐6線",'1003 4度C'!$B:$B,"平均") -> 15.333333 | E22: =SUMIFS('1003 4度C'!$I:$I,'1003 4度C'!$A:$A,"新豐2線",'1003 4度C'!$B:$B,"平均") -> 18 | F22: =SUMIFS('1003 4度C'!$I:$I,'1003 4度C'!$A:$A,"新豐5線",'1003 4度C'!$B:$B,"平均") -> 16.666667 | G22: =SUMIFS('1003 4度C'!$I:$I,'1003 4度C'!$A:$A,"新豐7線",'1003 4度C'!$B:$B,"平均") -> 16 | H22: =SUMIFS('1003 4度C'!$I:$I,'1003 4度C'!$A:$A,"新豐3線",'1003 4度C'!$B:$B,"平均") -> 11 | I22: =SUMIFS('1003 4度C'!$I:$I,'1003 4度C'!$A:$A,"新豐1線",'1003 4度C'!$B:$B,"平均") -> 18.25 | J22: =SUMIFS('1003 4度C'!$I:$I,'1003 4度C'!$A:$A,"新豐10線",'1003 4度C'!$B:$B,"平均") -> 10.2 | K22: =SUMIFS('1003 4度C'!$I:$I,'1003 4度C'!$A:$A,"新豐8線",'1003 4度C'!$B:$B,"平均") -> 17.285714 | L22: =SUMIFS('1003 4度C'!$I:$I,'1003 4度C'!$A:$A,"新豐9線",'1003 4度C'!$B:$B,"平均") -> 17.333333 | M22: =SUMIFS('1003 4度C'!$I:$I,'1003 4度C'!$A:$A,"新豐4線",'1003 4度C'!$B:$B,"平均") -> 15.857143
B23: 主要應用設備 | D23: ET-55 | E23: 熱縮爐 | F23: L型包裝機 | G23: L型包裝機 | H23: 伺服包裝機 | I23: ET-55 | J23: 伺服包裝機 | K23: 三明治包裝機 | L23: 三明治包裝機 | M23: 三明治包裝機
B24: 次要應用設備 | F24: 圓盤機 | G24: ET-55
B25: 備註 | E25: 握沙拉 | F25: 共用L型包裝機 | H25: 調理麵包 | I25: 炒飯+沙拉 | J25: 調理麵包

Sheet 1003 4度C
A1: 新豐廠四度C日報分析 | C1: 總生產量 | D1: =SUM(F5:F68) -> 143879 | E1: 營業額 | F1: =SUM(G5:G68) -> 4856868.4 | G1: 出勤人數 | H1: =L8+L11+L45+L54+L18+L60+L34+L41+L26+L68 -> 155.92619 | I1: 產線配置圖 | L1: 生產實績 | O1: 人時性差異分析 | S1: 日報登錄 | Y1: 合計 次數 | Z1: 合計 時間/分 | AA1: 產線異常 分析說明(5分鐘以上) | AC1: 合計 次數 | AD1: 合計 設備次數 | AE1: 產能差異分析
A2: 46298 | B2: 星期六 | C2: 人時性 | D2: =AVERAGE(N8,N11,N45,N54,N18,N60,N26,N34,N41,N68) -> 145.00115 | E2: 平均廠價 | F2: =F1/D1 -> 33.756618 | G2: 多次生產數 | H2: =COUNT(H5:H68) -> 3 | Y2: =SUM(Y8+Y11+Y18+Y26+Y34+Y41+Y45+Y54+Y60+Y68) -> 0 | Z2: =SUM(Z8+Z11+Z18+Z26+Z34+Z41+Z45+Z54+Z60+Z68) -> 0 | AC2: =SUM(AC8+AC11+AC18+AC26+AC34+AC41+AC45+AC54+AC60+AC68) -> 54 | AD2: =SUM(AD8+AD11+AD18+AD26+AD34+AD41+AD45+AD54+AD60+AD68) -> 0
A3: 線別 | B3: 品類 | C3: 品名 | E3: 廠價 | F3: 生產量 | G3: 營收 | H3: 多次 生產 | I3: 人數 | J3: 產能/時 | K3: 人時性 | L3: 人數 | M3: 產能/時 | N3: 人時性 | O3: 人數 | P3: 人時性 | Q3: 達成率 | R3: 達成率平均 | S3: 生產時間 | U3: 換線、休息/分 | V3: 稼動時間/分 | W3: 休息時間 | Y3: 產線異常統計 (5分鐘以上) | AA3: (新豐回填) | AC3: 短暫停線統計 (5分鐘以下) | AE3: 產能/時 | AF3: 達成率 | AG3: 達成率平均
S4: 開始 | T4: 結束 | W4: 開始 | X4: 結束 | Y4: 次數 | Z4: 時間/分 | AC4: 總次數 | AD4: 設備因素(次數)
A5: 新豐6線 | B5: 微波主食 | C5: 二配金咖哩果香甘口咖哩飯 | E5: 50.92 | F5: 2192 | G5: =E5*F5 -> 111616.64 | I5: 15 | J5: 2000 | K5: =J5/I5 -> 133.33333 | L5: 15 | M5: =F5/V5*60 -> 1906.087 | N5: =M5/L5 -> 127.07246 | O5: =L5-I5 -> 0 | P5: =N5-K5 -> -6.2608696 | Q5: =N5/K5 -> 0.95304348 | R5: =Q8 -> 0.95768407 | S5: 0.70833333 | T5: 0.75625 | V5: =(T5-S5)*24*60 -> 69 | AC5: 3 | AE5: =M5-J5 -> -93.913043 | AF5: =M5/J5 -> 0.95304348 | AG5: =AF8 -> 0.95768407
A6: 新豐6線 | B6: 微波主食 | C6: 二配金咖哩濃厚辛口咖哩飯 | E6: 50.98 | F6: 2547 | G6: =E6*F6 -> 129846.06 | I6: 16 | J6: 2000 | K6: =J6/I6 -> 125 | L6: 16 | M6: =F6/V6*60 -> 1910.25 | N6: =M6/L6 -> 119.39062 | O6: =L6-I6 -> 0 | P6: =N6-K6 -> -5.609375 | Q6: =N6/K6 -> 0.955125 | S6: 0.75972222 | T6: 0.81527778 | U6: =IF(S6=TIME(17,0,0),"",(S6-T5)*24*60) -> 5 | V6: =(T6-S6)*24*60 -> 80 | AE6: =M6-J6 -> -89.75 | AF6: =M6/J6 -> 0.955125
A7: 新豐6線 | B7: 微波主食 | C7: 二配泰式綠咖哩雞 | E7: 50.67 | F7: 1383 | G7: =E7*F7 -> 70076.61 | I7: 15 | J7: 2000 | K7: =J7/I7 -> 133.33333 | L7: 15 | M7: =F7/V7*60 -> 1929.7674 | N7: =M7/L7 -> 128.65116 | O7: =L7-I7 -> 0 | P7: =N7-K7 -> -4.6821705 | Q7: =N7/K7 -> 0.96488372 | S7: 0.81875 | T7: 0.84861111 | U7: =IF(S7=TIME(17,0,0),"",(S7-T6)*24*60) -> 5 | V7: =(T7-S7)*24*60 -> 43 | AE7: =M7-J7 -> -70.232558 | AF7: =M7/J7 -> 0.96488372
A8: 新豐6線 | B8: 平均 | I8: 15.333333 | J8: 2000 | K8: =J8/I8 -> 130.43478 | L8: 15.333333 | M8: =AVERAGE(M5:M7) -> 1915.3681 | N8: =M8/L8 -> 124.91531 | O8: =L8-I8 -> 0 | P8: =N8-K8 -> -5.5194696 | Q8: =N8/K8 -> 0.95768407 | Y8: =SUM(Y5:Y7) -> 0 | Z8: =SUM(Z5:Z7) -> 0 | AC8: 3 | AD8: =SUM(AD5:AD7) -> 0 | AE8: =M8-J8 -> -84.631867 | AF8: =M8/J8 -> 0.95768407
A9: 新豐2線 | B9: 沙拉 | C9: 青醬優格雞肉握沙拉(113年) | E9: 39.62 | F9: 3911 | G9: =E9*F9 -> 154953.82 | I9: 19 | J9: 1500 | K9: =J9/I9 -> 78.947368 | L9: 19 | M9: =F9/V9*60 -> 1430.8537 | N9: =M9/L9 -> 75.308087 | O9: =L9-I9 -> 0 | P9: =N9-K9 -> -3.6392811 | Q9: =N9/K9 -> 0.95390244 | R9: =Q11 -> 0.95302965 | S9: 0.083333333 | T9: 0.19722222 | V9: =(T9-S9)*24*60 -> 164 | W9: =T9 -> 0.19722222 | X9: =S10 -> 0.21666667 | AC9: 2 | AE9: =M9-J9 -> -69.146341 | AF9: =M9/J9 -> 0.95390244 | AG9: =AF11 -> 0.95302965
A10: 新豐2線 | B10: 沙拉 | C10: 青檸烤雞握沙拉(113年) | E10: 39.8 | F10: 6070 | G10: =E10*F10 -> 241586 | I10: 17 | J10: 1500 | K10: =J10/I10 -> 88.235294 | L10: 17 | M10: =F10/V10*60 -> 1428.2353 | N10: =M10/L10 -> 84.013841 | O10: =L10-I10 -> 0 | P10: =N10-K10 -> -4.2214533 | Q10: =N10/K10 -> 0.95215686 | S10: 0.21666667 | T10: 0.39375 | U10: =IF(S10=TIME(17,0,0),"",(S10-T9)*24*60) -> 28 | V10: =(T10-S10)*24*60 -> 255 | AE10: =M10-J10 -> -71.764706 | AF10: =M10/J10 -> 0.95215686
A11: 新豐2線 | B11: 平均 | I11: 18 | J11: 1500 | K11: =J11/I11 -> 83.333333 | L11: 18 | M11: =AVERAGE(M9:M10) -> 1429.5445 | N11: =M11/L11 -> 79.419138 | O11: =L11-I11 -> 0 | P11: =N11-K11 -> -3.9141958 | Q11: =N11/K11 -> 0.95302965 | Y11: =SUM(Y9:Y10) -> 0 | Z11: =SUM(Z9:Z10) -> 0 | AC11: 2 | AD11: =SUM(AD9:AD10) -> 0 | AE11: =M11-J11 -> -70.455524 | AF11: =M11/J11 -> 0.95302965
A12: 新豐5線 | B12: 季節調理麵 | C12: 台式麻醬涼麵(115年) | E12: 31.11 | F12: 1982 | G12: =E12*F12 -> 61660.02 | I12: 14 | J12: 2000 | K12: =J12/I12 -> 142.85714 | L12: 14 | M12: =F12/V12*60 -> 1918.0645 | N12: =M12/L12 -> 137.00461 | O12: =L12-I12 -> 0 | P12: =N12-K12 -> -5.8525346 | Q12: =N12/K12 -> 0.95903226 | R12: =Q18 -> 0.96556428 | S12: 0.25 | T12: 0.29305556 | V12: =(T12-S12)*24*60 -> 62 | AC12: 6 | AE12: =M12-J12 -> -81.935484 | AF12: =M12/J12 -> 0.95903226 | AG12: =AF18 -> 0.96556428
A13: 新豐5線 | B13: 小吃 | C13: 剝皮辣椒雞湯 | E13: 41 | F13: 1204 | G13: =E13*F13 -> 49364 | I13: 26 | J13: 1500 | K13: =J13/I13 -> 57.692308 | L13: 26 | M13: =F13/V13*60 -> 1444.8 | N13: =M13/L13 -> 55.569231 | O13: =L13-I13 -> 0 | P13: =N13-K13 -> -2.1230769 | Q13: =N13/K13 -> 0.9632 | S13: 0.29791667 | T13: 0.33263889 | U13: =IF(S13=TIME(17,0,0),"",(S13-T12)*24*60) -> 7 | V13: =(T13-S13)*24*60 -> 50 | AE13: =M13-J13 -> -55.2 | AF13: =M13/J13 -> 0.9632
A14: 新豐5線 | B14: 沙拉 | C14: 厚蛋時蔬握沙拉 | E14: 39.46 | F14: 1728 | G14: =E14*F14 -> 68186.88 | I14: 15 | J14: 1500 | K14: =J14/I14 -> 100 | L14: 15 | M14: =F14/V14*60 -> 1440 | N14: =M14/L14 -> 96 | O14: =L14-I14 -> 0 | P14: =N14-K14 -> -4 | Q14: =N14/K14 -> 0.96 | S14: 0.33680556 | T14: 0.38680556 | U14: =IF(S14=TIME(17,0,0),"",(S14-T13)*24*60) -> 6 | V14: =(T14-S14)*24*60 -> 72 | AE14: =M14-J14 -> -60 | AF14: =M14/J14 -> 0.96
A15: 新豐5線 | B15: 微波主食 | C15: 二配打拋風味豬肉飯 | E15: 51.06 | F15: 2772 | G15: =E15*F15 -> 141538.32 | I15: 13 | J15: 2000 | K15: =J15/I15 -> 153.84615 | L15: 13 | M15: =F15/V15*60 -> 1911.7241 | N15: =M15/L15 -> 147.0557 | O15: =L15-I15 -> 0 | P15: =N15-K15 -> -6.7904509 | Q15: =N15/K15 -> 0.95586207 | S15: 0.70833333 | T15: 0.76875 | U15: =IF(S15=TIME(17,0,0),"",(S15-T14)*24*60) | V15: =(T15-S15)*24*60 -> 87 | AE15: =M15-J15 -> -88.275862 | AF15: =M15/J15 -> 0.95586207
A16: 新豐5線 | B16: 微波主食 | C16: 二配厚香料優格咖哩雞排飯 | E16: 56.43 | F16: 1102 | G16: =E16*F16 -> 62185.86 | I16: 13 | J16: 2000 | K16: =J16/I16 -> 153.84615 | L16: 13 | M16: =F16/V16*60 -> 1944.7059 | N16: =M16/L16 -> 149.59276 | O16: =L16-I16 -> 0 | P16: =N16-K16 -> -4.2533937 | Q16: =N16/K16 -> 0.97235294 | S16: 0.77361111 | T16: 0.79722222 | U16: =IF(S16=TIME(17,0,0),"",(S16-T15)*24*60) -> 7 | V16: =(T16-S16)*24*60 -> 34 | AE16: =M16-J16 -> -55.294118 | AF16: =M16/J16 -> 0.97235294
A17: 新豐5線 | B17: 微波主食 | C17: 二配玉米濃湯焗烤飯 | E17: 54.5 | F17: 567 | G17: =E17*F17 -> 30901.5 | I17: 19 | J17: 1500 | K17: =J17/I17 -> 78.947368 | L17: 19 | M17: =F17/V17*60 -> 1479.1304 | N17: =M17/L17 -> 77.84897 | O17: =L17-I17 -> 0 | P17: =N17-K17 -> -1.0983982 | Q17: =N17/K17 -> 0.98608696 | S17: 0.80069444 | T17: 0.81666667 | U17: =IF(S17=TIME(17,0,0),"",(S17-T16)*24*60) -> 5 | V17: =(T17-S17)*24*60 -> 23 | AE17: =M17-J17 -> -20.869565 | AF17: =M17/J17 -> 0.98608696
A18: 新豐5線 | B18: 平均 | I18: 16.666667 | J18: 1750 | K18: =J18/I18 -> 105 | L18: 16.666667 | M18: =AVERAGE(M12:M17) -> 1689.7375 | N18: =M18/L18 -> 101.38425 | O18: =L18-I18 -> 0 | P18: =N18-K18 -> -3.6157503 | Q18: =N18/K18 -> 0.96556428 | Y18: =SUM(Y12:Y17) -> 0 | Z18: =SUM(Z12:Z17) -> 0 | AC18: 6 | AD18: =SUM(AD12:AD17) -> 0 | AE18: =M18-J18 -> -60.262505 | AF18: =M18/J18 -> 0.96556428
A19: 新豐7線 | B19: 微波主食 | C19: 韓式泡菜豬肉豆腐丼飯 | E19: 50.67 | F19: 1174 | G19: =E19*F19 -> 59486.58 | I19: 17 | J19: 2000 | K19: =J19/I19 -> 117.64706 | L19: 17 | M19: =F19/V19*60 -> 1903.7838 | N19: =M19/L19 -> 111.98728 | O19: =L19-I19 -> 0 | P19: =N19-K19 -> -5.6597774 | Q19: =N19/K19 -> 0.95189189 | R19: =Q26 -> 0.96116669 | S19: 0.25 | T19: 0.27569444 | V19: =(T19-S19)*24*60 -> 37 | AC19: 7 | AE19: =M19-J19 -> -96.216216 | AF19: =M19/J19 -> 0.95189189 | AG19: =AF26 -> 0.96116669
A20: 新豐7線 | B20: 微波主食 | C20: 鐵板滑蛋炸豬排丼 | E20: 57.73 | F20: 2084 | G20: =E20*F20 -> 120309.32 | I20: 14 | J20: 2000 | K20: =J20/I20 -> 142.85714 | L20: 14 | M20: =F20/V20*60 -> 1923.6923 | N20: =M20/L20 -> 137.40659 | O20: =L20-I20 -> 0 | P20: =N20-K20 -> -5.4505495 | Q20: =N20/K20 -> 0.96184615 | S20: 0.27986111 | T20: 0.325 | U20: =IF(S20=TIME(17,0,0),"",(S20-T19)*24*60) -> 6 | V20: =(T20-S20)*24*60 -> 65 | AE20: =M20-J20 -> -76.307692 | AF20: =M20/J20 -> 0.96184615
A21: 新豐7線 | B21: 微波主食 | C21: 日式炙烤親子丼 | E21: 53.27 | F21: 1006 | G21: =E21*F21 -> 53589.62 | I21: 16 | J21: 2000 | K21: =J21/I21 -> 125 | L21: 16 | M21: =F21/V21*60 -> 1947.0968 | N21: =M21/L21 -> 121.69355 | O21: =L21-I21 -> 0 | P21: =N21-K21 -> -3.3064516 | Q21: =N21/K21 -> 0.97354839 | S21: 0.32916667 | T21: 0.35069444 | U21: =IF(S21=TIME(17,0,0),"",(S21-T20)*24*60) -> 6 | V21: =(T21-S21)*24*60 -> 31 | AE21: =M21-J21 -> -52.903226 | AF21: =M21/J21 -> 0.97354839
A22: 新豐7線 | B22: 微波主食 | C22: 熊本麥味噌炸豬排丼飯 | E22: 57.3 | F22: 2407 | G22: =E22*F22 -> 137921.1 | I22: 16 | J22: 2000 | K22: =J22/I22 -> 125 | L22: 16 | M22: =F22/V22*60 -> 1900.2632 | N22: =M22/L22 -> 118.76645 | O22: =L22-I22 -> 0 | P22: =N22-K22 -> -6.2335526 | Q22: =N22/K22 -> 0.95013158 | S22: 0.35625 | T22: 0.40902778 | U22: =IF(S22=TIME(17,0,0),"",(S22-T21)*24*60) -> 8 | V22: =(T22-S22)*24*60 -> 76 | AE22: =M22-J22 -> -99.736842 | AF22: =M22/J22 -> 0.95013158
A23: 新豐7線 | B23: 微波主食 | C23: 二配川味麻婆燒豆腐燴飯 | E23: 50.49 | F23: 1917 | G23: =E23*F23 -> 96789.33 | I23: 15 | J23: 2000 | K23: =J23/I23 -> 133.33333 | L23: 15 | M23: =F23/V23*60 -> 1917 | N23: =M23/L23 -> 127.8 | O23: =L23-I23 -> 0 | P23: =N23-K23 -> -5.5333333 | Q23: =N23/K23 -> 0.9585 | S23: 0.70833333 | T23: 0.75 | U23: =IF(S23=TIME(17,0,0),"",(S23-T22)*24*60) | V23: =(T23-S23)*24*60 -> 60 | AE23: =M23-J23 -> -83 | AF23: =M23/J23 -> 0.9585
A24: 新豐7線 | B24: 微波主食 | C24: 二配美味蟹煲 | E24: 54.09 | F24: 1830 | G24: =E24*F24 -> 98984.7 | I24: 18 | J24: 2000 | K24: =J24/I24 -> 111.11111 | L24: 18 | M24: =F24/V24*60 -> 1926.3158 | N24: =M24/L24 -> 107.01754 | O24: =L24-I24 -> 0 | P24: =N24-K24 -> -4.0935673 | Q24: =N24/K24 -> 0.96315789 | S24: 0.75347222 | T24: 0.79305556 | U24: =IF(S24=TIME(17,0,0),"",(S24-T23)*24*60) -> 5 | V24: =(T24-S24)*24*60 -> 57 | AE24: =M24-J24 -> -73.684211 | AF24: =M24/J24 -> 0.96315789
A25: 新豐7線 | B25: 微波主食 | C25: 二配港式滑蛋牛肉燴飯 | E25: 50.67 | F25: 1066 | G25: =E25*F25 -> 54014.22 | I25: 16 | J25: 2000 | K25: =J25/I25 -> 125 | L25: 16 | M25: =F25/V25*60 -> 1938.1818 | N25: =M25/L25 -> 121.13636 | O25: =L25-I25 -> 0 | P25: =N25-K25 -> -3.8636364 | Q25: =N25/K25 -> 0.96909091 | S25: 0.79861111 | T25: 0.82152778 | U25: =IF(S25=TIME(17,0,0),"",(S25-T24)*24*60) -> 8 | V25: =(T25-S25)*24*60 -> 33 | AE25: =M25-J25 -> -61.818182 | AF25: =M25/J25 -> 0.96909091
A26: 新豐7線 | B26: 平均 | I26: 16 | J26: 2000 | K26: =J26/I26 -> 125 | L26: 16 | M26: =AVERAGE(M19:M25) -> 1922.3334 | N26: =M26/L26 -> 120.14584 | O26: =L26-I26 -> 0 | P26: =N26-K26 -> -4.854164 | Q26: =N26/K26 -> 0.96116669 | Y26: =SUM(Y19:Y25) -> 0 | Z26: =SUM(Z19:Z25) -> 0 | AC26: 7 | AD26: =SUM(AD19:AD25) -> 0 | AE26: =M26-J26 -> -77.666624 | AF26: =M26/J26 -> 0.96116669
A27: 新豐8線 | B27: 三明治 | C27: 紐奧良風味烤雞鮮蔬三明治 | E27: 31.29 | F27: 4700 | G27: =E27*F27 -> 147063 | H27: 2 | I27: 18 | J27: 2400 | K27: =J27/I27 -> 133.33333 | L27: 18 | M27: =F27/V27*60 -> 2292.6829 | N27: =M27/L27 -> 127.37127 | O27: =L27-I27 -> 0 | P27: =N27-K27 -> -5.9620596 | Q27: =N27/K27 -> 0.95528455 | R27: =Q34 -> 0.96062636 | S27: 0.083333333 | T27: 0.16875 | V27: =(T27-S27)*24*60 -> 123 | W27: =T27 -> 0.16875 | X27: =S28 -> 0.18611111 | AC27: 7 | AE27: =M27-J27 -> -107.31707 | AF27: =M27/J27 -> 0.95528455 | AG27: =AF34 -> 0.96062636
A28: 新豐8線 | B28: 三明治 | C28: 醬燒烤雞三明治(115年) | E28: 26.37 | F28: 5359 | G28: =E28*F28 -> 141316.83 | I28: 18 | J28: 2400 | K28: =J28/I28 -> 133.33333 | L28: 18 | M28: =F28/V28*60 -> 2296.7143 | N28: =M28/L28 -> 127.59524 | O28: =L28-I28 -> 0 | P28: =N28-K28 -> -5.7380952 | Q28: =N28/K28 -> 0.95696429 | S28: 0.18611111 | T28: 0.28333333 | U28: =(S28-T27)*24*60 -> 25 | V28: =(T28-S28)*24*60 -> 140 | AE28: =M28-J28 -> -103.28571 | AF28: =M28/J28 -> 0.95696429
A29: 新豐8線 | B29: 三明治 | C29: 經典火腿玉米蛋三明治 | E29: 24.43 | F29: 6716 | G29: =E29*F29 -> 164071.88 | I29: 14 | J29: 2400 | K29: =J29/I29 -> 171.42857 | L29: 14 | M29: =F29/V29*60 -> 2289.5455 | N29: =M29/L29 -> 163.53896 | O29: =L29-I29 -> 0 | P29: =N29-K29 -> -7.8896104 | Q29: =N29/K29 -> 0.95397727 | S29: 0.2875 | T29: 0.40972222 | U29: =(S29-T28)*24*60 -> 6 | V29: =(T29-S29)*24*60 -> 176 | AE29: =M29-J29 -> -110.45455 | AF29: =M29/J29 -> 0.95397727
A30: 新豐8線 | B30: 三明治 | C30: 好多菜三明治 | E30: 25.98 | F30: 3195 | G30: =E30*F30 -> 83006.1 | I30: 19 | J30: 2400 | K30: =J30/I30 -> 126.31579 | L30: 19 | M30: =F30/V30*60 -> 2309.6386 | N30: =M30/L30 -> 121.55992 | O30: =L30-I30 -> 0 | P30: =N30-K30 -> -4.7558656 | Q30: =N30/K30 -> 0.9623494 | S30: 0.41319444 | T30: 0.47083333 | U30: =(S30-T29)*24*60 -> 5 | V30: =(T30-S30)*24*60 -> 83 | AE30: =M30-J30 -> -90.361446 | AF30: =M30/J30 -> 0.9623494
A31: 新豐8線 | B31: 三明治 | C31: 茄汁厚起司三明治 | E31: 25.99 | F31: 954 | G31: =E31*F31 -> 24794.46 | I31: 18 | J31: 2400 | K31: =J31/I31 -> 133.33333 | L31: 18 | M31: =F31/V31*60 -> 2289.6 | N31: =M31/L31 -> 127.2 | O31: =L31-I31 -> 0 | P31: =N31-K31 -> -6.1333333 | Q31: =N31/K31 -> 0.954 | S31: 0.47569444 | T31: 0.49305556 | U31: =(S31-T30)*24*60 -> 7 | V31: =(T31-S31)*24*60 -> 25 | AE31: =M31-J31 -> -110.4 | AF31: =M31/J31 -> 0.954
A32: 新豐8線 | B32: 三明治 | C32: 金黃玉米蛋三明治 | E32: 24.25 | F32: 989 | G32: =E32*F32 -> 23983.25 | I32: 16 | J32: 2400 | K32: =J32/I32 -> 150 | L32: 16 | M32: =F32/V32*60 -> 2373.6 | N32: =M32/L32 -> 148.35 | O32: =L32-I32 -> 0 | P32: =N32-K32 -> -1.65 | Q32: =N32/K32 -> 0.989 | S32: 0.49652778 | T32: 0.51388889 | U32: =(S32-T31)*24*60 -> 5 | V32: =(T32-S32)*24*60 -> 25 | W32: =T32 -> 0.51388889 | X32: =S33 -> 0.55277778 | AE32: =M32-J32 -> -26.4 | AF32: =M32/J32 -> 0.989
A33: 新豐8線 | B33: 三明治 | C33: 紐奧良風味烤雞鮮蔬三明治 | E33: 31.29 | F33: 3392 | G33: =E33*F33 -> 106135.68 | I33: 18 | J33: 2400 | K33: =J33/I33 -> 133.33333 | L33: 18 | M33: =F33/V33*60 -> 2286.7416 | N33: =M33/L33 -> 127.0412 | O33: =L33-I33 -> 0 | P33: =N33-K33 -> -6.2921348 | Q33: =N33/K33 -> 0.95280899 | S33: 0.55277778 | T33: 0.61458333 | U33: =(S33-T32)*24*60 -> 56 | V33: =(T33-S33)*24*60 -> 89 | AE33: =M33-J33 -> -113.25843 | AF33: =M33/J33 -> 0.95280899
A34: 新豐8線 | B34: 平均 | I34: 17.285714 | J34: 2400 | K34: =J34/I34 -> 138.84298 | L34: 17.285714 | M34: =AVERAGE(M27:M33) -> 2305.5033 | N34: =M34/L34 -> 133.37622 | O34: =L34-I34 -> 0 | P34: =N34-K34 -> -5.4667538 | Q34: =N34/K34 -> 0.96062636 | Y34: =SUM(Y27:Y33) -> 0 | Z34: =SUM(Z27:Z33) -> 0 | AC34: 7 | AD34: =SUM(AD27:AD33) -> 0 | AE34: =M34-J34 -> -94.496744 | AF34: =M34/J34 -> 0.96062636
A35: 新豐9線 | B35: 三明治 | C35: 經典總匯三明治(115年) | E35: 26.18 | F35: 5137 | G35: =E35*F35 -> 134486.66 | I35: 20 | J35: 2400 | K35: =J35/I35 -> 120 | L35: 20 | M35: =F35/V35*60 -> 2300.1493 | N35: =M35/L35 -> 115.00746 | O35: =L35-I35 -> 0 | P35: =N35-K35 -> -4.9925373 | Q35: =N35/K35 -> 0.95839552 | R35: =Q41 -> 0.95504229 | S35: 0.083333333 | T35: 0.17638889 | V35: =(T35-S35)*24*60 -> 134 | W35: =T35 -> 0.17638889 | X35: =S36 -> 0.19375 | AC35: 6 | AE35: =M35-J35 -> -99.850746 | AF35: =M35/J35 -> 0.95839552 | AG35: =AF41 -> 0.95504229
A36: 新豐9線 | B36: 三明治 | C36: 鮪魚起司溏心蛋三明治(115年) | E36: 26.18 | F36: 4000 | G36: =E36*F36 -> 104720 | H36: 2 | I36: 18 | J36: 2400 | K36: =J36/I36 -> 133.33333 | L36: 18 | M36: =F36/V36*60 -> 2285.7143 | N36: =M36/L36 -> 126.98413 | O36: =L36-I36 -> 0 | P36: =N36-K36 -> -6.3492063 | Q36: =N36/K36 -> 0.95238095 | S36: 0.19375 | T36: 0.26666667 | U36: =(S36-T35)*24*60 -> 25 | V36: =(T36-S36)*24*60 -> 105 | AE36: =M36-J36 -> -114.28571 | AF36: =M36/J36 -> 0.95238095
A37: 新豐9線 | B37: 三明治 | C37: 好多蛋三明治 | E37: 34.1 | F37: 5277 | G37: =E37*F37 -> 179945.7 | I37: 17 | J37: 1600 | K37: =J37/I37 -> 94.117647 | L37: 17 | M37: =F37/V37*60 -> 1522.2115 | N37: =M37/L37 -> 89.541855 | O37: =L37-I37 -> 0 | P37: =N37-K37 -> -4.5757919 | Q37: =N37/K37 -> 0.95138221 | S37: 0.27013889 | T37: 0.41458333 | U37: =(S37-T36)*24*60 -> 5 | V37: =(T37-S37)*24*60 -> 208 | AE37: =M37-J37 -> -77.788462 | AF37: =M37/J37 -> 0.95138221
A38: 新豐9線 | B38: 三明治 | C38: 雞蛋沙拉三明治(114年) | E38: 25.99 | F38: 3044 | G38: =E38*F38 -> 79113.56 | I38: 14 | J38: 2400 | K38: =J38/I38 -> 171.42857 | L38: 14 | M38: =F38/V38*60 -> 2283 | N38: =M38/L38 -> 163.07143 | O38: =L38-I38 -> 0 | P38: =N38-K38 -> -8.3571429 | Q38: =N38/K38 -> 0.95125 | S38: 0.42013889 | T38: 0.47569444 | U38: =(S38-T37)*24*60 -> 8 | V38: =(T38-S38)*24*60 -> 80 | AE38: =M38-J38 -> -117 | AF38: =M38/J38 -> 0.95125
A39: 新豐9線 | B39: 三明治 | C39: 巧克力肉鬆三明治 | E39: 23.89 | F39: 1845 | G39: =E39*F39 -> 44077.05 | I39: 17 | J39: 2400 | K39: =J39/I39 -> 141.17647 | L39: 17 | M39: =F39/V39*60 -> 2306.25 | N39: =M39/L39 -> 135.66176 | O39: =L39-I39 -> 0 | P39: =N39-K39 -> -5.5147059 | Q39: =N39/K39 -> 0.9609375 | S39: 0.48125 | T39: 0.51458333 | U39: =(S39-T38)*24*60 -> 8 | V39: =(T39-S39)*24*60 -> 48 | W39: =T39 -> 0.51458333 | X39: =S40 -> 0.55486111 | AE39: =M39-J39 -> -93.75 | AF39: =M39/J39 -> 0.9609375
A40: 新豐9線 | B40: 三明治 | C40: 鮪魚起司溏心蛋三明治(115年) | E40: 26.18 | F40: 3055 | G40: =E40*F40 -> 79979.9 | I40: 18 | J40: 2400 | K40: =J40/I40 -> 133.33333 | L40: 18 | M40: =F40/V40*60 -> 2291.25 | N40: =M40/L40 -> 127.29167 | O40: =L40-I40 -> 0 | P40: =N40-K40 -> -6.0416667 | Q40: =N40/K40 -> 0.9546875 | S40: 0.55486111 | T40: 0.61041667 | U40: =(S40-T39)*24*60 -> 58 | V40: =(T40-S40)*24*60 -> 80 | AE40: =M40-J40 -> -108.75 | AF40: =M40/J40 -> 0.9546875
A41: 新豐9線 | B41: 平均 | I41: 17.333333 | J41: 2266.6667 | K41: =J41/I41 -> 130.76923 | L41: 17.333333 | M41: =AVERAGE(M35:M40) -> 2164.7625 | N41: =M41/L41 -> 124.89014 | O41: =L41-I41 -> 0 | P41: =N41-K41 -> -5.8790858 | Q41: =N41/K41 -> 0.95504229 | Y41: =SUM(Y35:Y40) -> 0 | Z41: =SUM(Z35:Z40) -> 0 | AC41: 6 | AD41: =SUM(AD35:AD40) -> 0 | AE41: =M41-J41 -> -101.90415 | AF41: =M41/J41 -> 0.95504229
A42: 新豐3線 | B42: 調理麵包 | C42: 豬肉起司堡 | E42: 21.13 | F42: 4894 | G42: =E42*F42 -> 103410.22 | I42: 10 | J42: 3000 | K42: =J42/I42 -> 300 | L42: 10 | M42: =F42/V42*60 -> 2878.8235 | N42: =M42/L42 -> 287.88235 | O42: =L42-I42 -> 0 | P42: =N42-K42 -> -12.117647 | Q42: =N42/K42 -> 0.95960784 | R42: =Q45 -> 0.9553294 | S42: 0.20833333 | T42: 0.27916667 | V42: =(T42-S42)*24*60 -> 102 | AC42: 3 | AE42: =M42-J42 -> -121.17647 | AF42: =M42/J42 -> 0.95960784 | AG42: =AF45 -> 0.9553294
A43: 新豐3線 | B43: 調理麵包 | C43: 豬肉起司蛋堡 | E43: 27.17 | F43: 5711 | G43: =E43*F43 -> 155167.87 | I43: 10 | J43: 3000 | K43: =J43/I43 -> 300 | L43: 10 | M43: =F43/V43*60 -> 2855.5 | N43: =M43/L43 -> 285.55 | O43: =L43-I43 -> 0 | P43: =N43-K43 -> -14.45 | Q43: =N43/K43 -> 0.95183333 | S43: 0.28333333 | T43: 0.36666667 | U43: =(S43-T42)*24*60 -> 6 | V43: =(T43-S43)*24*60 -> 120 | AE43: =M43-J43 -> -144.5 | AF43: =M43/J43 -> 0.95183333
A44: 新豐3線 | B44: 調理麵包 | C44: 墨西哥辣醬熱狗堡 | E44: 37.88 | F44: 2449 | G44: =E44*F44 -> 92768.12 | I44: 13 | J44: 2000 | K44: =J44/I44 -> 153.84615 | L44: 13 | M44: =F44/V44*60 -> 1908.3117 | N44: =M44/L44 -> 146.79321 | O44: =L44-I44 -> 0 | P44: =N44-K44 -> -7.0529471 | Q44: =N44/K44 -> 0.95415584 | S44: 0.37083333 | T44: 0.42430556 | U44: =(S44-T43)*24*60 -> 6 | V44: =(T44-S44)*24*60 -> 77 | AE44: =M44-J44 -> -91.688312 | AF44: =M44/J44 -> 0.95415584
A45: 新豐3線 | B45: 平均 | I45: 11 | J45: 2666.6667 | K45: =J45/I45 -> 242.42424 | L45: 11 | M45: =AVERAGE(M42:M44) -> 2547.5451 | N45: =M45/L45 -> 231.59501 | O45: =L45-I45 -> 0 | P45: =N45-K45 -> -10.829236 | Q45: =N45/K45 -> 0.9553294 | Y45: =SUM(Y42:Y44) -> 0 | Z45: =SUM(Z42:Z44) -> 0 | AC45: 3 | AD45: =SUM(AD42:AD44) -> 0 | AE45: =M45-J45 -> -119.12159 | AF45: =M45/J45 -> 0.9553294
A46: 新豐1線 | B46: 沙拉 | C46: 蔥鹽雞肉麵沙拉(114年) | E46: 46 | F46: 798 | G46: =E46*F46 -> 36708 | I46: 16 | J46: 2000 | K46: =J46/I46 -> 125 | L46: 16 | M46: =F46/V46*60 -> 1915.2 | N46: =M46/L46 -> 119.7 | O46: =L46-I46 -> 0 | P46: =N46-K46 -> -5.3 | Q46: =N46/K46 -> 0.9576 | R46: =Q54 -> 0.96544873 | S46: 0.20833333 | T46: 0.22569444 | V46: =(T46-S46)*24*60 -> 25 | AC46: 8 | AE46: =M46-J46 -> -84.8 | AF46: =M46/J46 -> 0.9576 | AG46: =AF54 -> 0.96544873
A47: 新豐1線 | B47: 沙拉 | C47: 莎莎烤雞麵沙拉(115年) | E47: 46 | F47: 907 | G47: =E47*F47 -> 41722 | I47: 17 | J47: 2000 | K47: =J47/I47 -> 117.64706 | L47: 17 | M47: =F47/V47*60 -> 1943.5714 | N47: =M47/L47 -> 114.32773 | O47: =L47-I47 -> 0 | P47: =N47-K47 -> -3.3193277 | Q47: =N47/K47 -> 0.97178571 | S47: 0.23125 | T47: 0.25069444 | U47: =IF(S47=TIME(17,0,0),"",(S47-T46)*24*60) -> 8 | V47: =(T47-S47)*24*60 -> 28 | AE47: =M47-J47 -> -56.428571 | AF47: =M47/J47 -> 0.97178571
A48: 新豐1線 | B48: 微波主食 | C48: 炙烤醬香燒豚飯 | E48: 51.44 | F48: 1041 | G48: =E48*F48 -> 53549.04 | I48: 25 | J48: 2000 | K48: =J48/I48 -> 80 | L48: 25 | M48: =F48/V48*60 -> 1951.875 | N48: =M48/L48 -> 78.075 | O48: =L48-I48 -> 0 | P48: =N48-K48 -> -1.925 | Q48: =N48/K48 -> 0.9759375 | S48: 0.25416667 | T48: 0.27638889 | U48: =IF(S48=TIME(17,0,0),"",(S48-T47)*24*60) -> 5 | V48: =(T48-S48)*24*60 -> 32 | AE48: =M48-J48 -> -48.125 | AF48: =M48/J48 -> 0.9759375
A49: 新豐1線 | B49: 微波主食 | C49: 金沙醬牛豚雙饗飯 | E49: 56.43 | F49: 454 | G49: =E49*F49 -> 25619.22 | I49: 23 | J49: 2000 | K49: =J49/I49 -> 86.956522 | L49: 23 | M49: =F49/V49*60 -> 1945.7143 | N49: =M49/L49 -> 84.596273 | O49: =L49-I49 -> 0 | P49: =N49-K49 -> -2.3602484 | Q49: =N49/K49 -> 0.97285714 | S49: 0.27986111 | T49: 0.28958333 | U49: =IF(S49=TIME(17,0,0),"",(S49-T48)*24*60) -> 5 | V49: =(T49-S49)*24*60 -> 14 | AE49: =M49-J49 -> -54.285714 | AF49: =M49/J49 -> 0.97285714
A50: 新豐1線 | B50: 微波主食 | C50: 壹號醬泡菜鹽蔥雞豚雙拼 | E50: 56.43 | F50: 1424 | G50: =E50*F50 -> 80356.32 | I50: 21 | J50: 2000 | K50: =J50/I50 -> 95.238095 | L50: 21 | M50: =F50/V50*60 -> 1941.8182 | N50: =M50/L50 -> 92.467532 | O50: =L50-I50 -> 0 | P50: =N50-K50 -> -2.7705628 | Q50: =N50/K50 -> 0.97090909 | S50: 0.29444444 | T50: 0.325 | U50: =IF(S50=TIME(17,0,0),"",(S50-T49)*24*60) -> 7 | V50: =(T50-S50)*24*60 -> 44 | AE50: =M50-J50 -> -58.181818 | AF50: =M50/J50 -> 0.97090909
A51: 新豐1線 | B51: 微波主食 | C51: 二配香辣醬蒜味香腸蛋炒飯 | E51: 55.56 | F51: 2514 | G51: =E51*F51 -> 139677.84 | I51: 17 | J51: 2000 | K51: =J51/I51 -> 117.64706 | L51: 17 | M51: =F51/V51*60 -> 1909.3671 | N51: =M51/L51 -> 112.31571 | O51: =L51-I51 -> 0 | P51: =N51-K51 -> -5.3313477 | Q51: =N51/K51 -> 0.95468354 | S51: 0.70833333 | T51: 0.76319444 | U51: =IF(S51=TIME(17,0,0),"",(S51-T50)*24*60) | V51: =(T51-S51)*24*60 -> 79 | AE51: =M51-J51 -> -90.632911 | AF51: =M51/J51 -> 0.95468354
A52: 新豐1線 | B52: 微波主食 | C52: 二配排骨蛋炒飯 | E52: 58.17 | F52: 1691 | G52: =E52*F52 -> 98365.47 | I52: 13 | J52: 2000 | K52: =J52/I52 -> 153.84615 | L52: 13 | M52: =F52/V52*60 -> 1914.3396 | N52: =M52/L52 -> 147.25689 | O52: =L52-I52 -> 0 | P52: =N52-K52 -> -6.5892598 | Q52: =N52/K52 -> 0.95716981 | S52: 0.76736111 | T52: 0.80416667 | U52: =IF(S52=TIME(17,0,0),"",(S52-T51)*24*60) -> 6 | V52: =(T52-S52)*24*60 -> 53 | AE52: =M52-J52 -> -85.660377 | AF52: =M52/J52 -> 0.95716981
A53: 新豐1線 | B53: 微波主食 | C53: 二配叉燒蛋炒飯 | E53: 54.09 | F53: 1091 | G53: =E53*F53 -> 59012.19 | I53: 14 | J53: 2000 | K53: =J53/I53 -> 142.85714 | L53: 14 | M53: =F53/V53*60 -> 1925.2941 | N53: =M53/L53 -> 137.52101 | O53: =L53-I53 -> 0 | P53: =N53-K53 -> -5.3361345 | Q53: =N53/K53 -> 0.96264706 | S53: 0.80972222 | T53: 0.83333333 | U53: =IF(S53=TIME(17,0,0),"",(S53-T52)*24*60) -> 8 | V53: =(T53-S53)*24*60 -> 34 | AE53: =M53-J53 -> -74.705882 | AF53: =M53/J53 -> 0.96264706
A54: 新豐1線 | B54: 平均 | I54: 18.25 | J54: 2000 | K54: =J54/I54 -> 109.58904 | L54: 18.25 | M54: =AVERAGE(M46:M53) -> 1930.8975 | N54: =M54/L54 -> 105.8026 | O54: =L54-I54 -> 0 | P54: =N54-K54 -> -3.7864402 | Q54: =N54/K54 -> 0.96544873 | Y54: =SUM(Y46:Y53) -> 0 | Z54: =SUM(Z46:Z53) -> 0 | AC54: 8 | AD54: =SUM(AD46:AD53) -> 0 | AE54: =M54-J54 -> -69.102534 | AF54: =M54/J54 -> 0.96544873
A55: 新豐10線 | B55: 調理麵包 | C55: 經典雙牛起司堡(113年) | E55: 35.12 | F55: 4562 | G55: =E55*F55 -> 160217.44 | I55: 10 | J55: 3000 | K55: =J55/I55 -> 300 | L55: 10 | M55: =F55/V55*60 -> 2851.25 | N55: =M55/L55 -> 285.125 | O55: =L55-I55 -> 0 | P55: =N55-K55 -> -14.875 | Q55: =N55/K55 -> 0.95041667 | R55: =Q60 -> 0.96346875 | S55: 0.20833333 | T55: 0.275 | V55: =(T55-S55)*24*60 -> 96 | AC55: 5 | AE55: =M55-J55 -> -148.75 | AF55: =M55/J55 -> 0.95041667 | AG55: =AF60 -> 0.96346875
A56: 新豐10線 | B56: 調理麵包 | C56: 香雞蛋堡(112年) | E56: 26.78 | F56: 2098 | G56: =E56*F56 -> 56184.44 | I56: 10 | J56: 3000 | K56: =J56/I56 -> 300 | L56: 10 | M56: =F56/V56*60 -> 2860.9091 | N56: =M56/L56 -> 286.09091 | O56: =L56-I56 -> 0 | P56: =N56-K56 -> -13.909091 | Q56: =N56/K56 -> 0.95363636 | S56: 0.27847222 | T56: 0.30902778 | U56: =(S56-T55)*24*60 -> 5 | V56: =(T56-S56)*24*60 -> 44 | AE56: =M56-J56 -> -139.09091 | AF56: =M56/J56 -> 0.95363636
A57: 新豐10線 | B57: 調理麵包 | C57: 超HOT雞腿堡 | E57: 35.87 | F57: 2207 | G57: =E57*F57 -> 79165.09 | I57: 10 | J57: 3000 | K57: =J57/I57 -> 300 | L57: 10 | M57: =F57/V57*60 -> 2878.6957 | N57: =M57/L57 -> 287.86957 | O57: =L57-I57 -> 0 | P57: =N57-K57 -> -12.130435 | Q57: =N57/K57 -> 0.95956522 | S57: 0.31388889 | T57: 0.34583333 | U57: =(S57-T56)*24*60 -> 7 | V57: =(T57-S57)*24*60 -> 46 | AE57: =M57-J57 -> -121.30435 | AF57: =M57/J57 -> 0.95956522
A58: 新豐10線 | B58: 調理麵包 | C58: 美式雞腿堡 | E58: 35.87 | F58: 844 | G58: =E58*F58 -> 30274.28 | I58: 9 | J58: 3000 | K58: =J58/I58 -> 333.33333 | L58: 9 | M58: =F58/V58*60 -> 2978.8235 | N58: =M58/L58 -> 330.98039 | O58: =L58-I58 -> 0 | P58: =N58-K58 -> -2.3529412 | Q58: =N58/K58 -> 0.99294118 | S58: 0.35 | T58: 0.36180556 | U58: =(S58-T57)*24*60 -> 6 | V58: =(T58-S58)*24*60 -> 17 | AE58: =M58-J58 -> -21.176471 | AF58: =M58/J58 -> 0.99294118
A59: 新豐10線 | B59: 調理麵包 | C59: 益活雞力能量堡 | E59: 33.77 | F59: 2450 | G59: =E59*F59 -> 82736.5 | I59: 12 | J59: 3000 | K59: =J59/I59 -> 250 | L59: 12 | M59: =F59/V59*60 -> 2882.3529 | N59: =M59/L59 -> 240.19608 | O59: =L59-I59 -> 0 | P59: =N59-K59 -> -9.8039216 | Q59: =N59/K59 -> 0.96078431 | S59: 0.36597222 | T59: 0.40138889 | U59: =(S59-T58)*24*60 -> 6 | V59: =(T59-S59)*24*60 -> 51 | AE59: =M59-J59 -> -117.64706 | AF59: =M59/J59 -> 0.96078431
A60: 新豐10線 | B60: 平均 | I60: 10.2 | J60: 3000 | K60: =J60/I60 -> 294.11765 | L60: 10.2 | M60: =AVERAGE(M55:M59) -> 2890.4062 | N60: =M60/L60 -> 283.37316 | O60: =L60-I60 -> 0 | P60: =N60-K60 -> -10.744486 | Q60: =N60/K60 -> 0.96346875 | Y60: =SUM(Y55:Y59) -> 0 | Z60: =SUM(Z55:Z59) -> 0 | AC60: 5 | AD60: =SUM(AD55:AD59) -> 0 | AE60: =M60-J60 -> -109.59376 | AF60: =M60/J60 -> 0.96346875
A61: 新豐4線 | B61: 三明治 | C61: 火腿起司蛋三明治 | E61: 19.02 | F61: 5100 | G61: =E61*F61 -> 97002 | H61: 2 | I61: 14 | J61: 2400 | K61: =J61/I61 -> 171.42857 | L61: 14 | M61: =F61/V61*60 -> 2300.7519 | N61: =M61/L61 -> 164.33942 | O61: =L61-I61 -> 0 | P61: =N61-K61 -> -7.0891515 | Q61: =N61/K61 -> 0.95864662 | R61: =Q68 -> 0.95876158 | S61: 0.083333333 | T61: 0.17569444 | V61: =(T61-S61)*24*60 -> 133 | W61: =T61 -> 0.17569444 | X61: =S62 -> 0.19652778 | AC61: 7 | AE61: =M61-J61 -> -99.24812 | AF61: =M61/J61 -> 0.95864662 | AG61: =AF68 -> 0.95876158
A62: 新豐4線 | B62: 三明治 | C62: 肉鬆火腿三明治(115年) | E62: 20.36 | F62: 3331 | G62: =E62*F62 -> 67819.16 | I62: 17 | J62: 2400 | K62: =J62/I62 -> 141.17647 | L62: 17 | M62: =F62/V62*60 -> 2297.2414 | N62: =M62/L62 -> 135.13185 | O62: =L62-I62 -> 0 | P62: =N62-K62 -> -6.0446247 | Q62: =N62/K62 -> 0.95718391 | S62: 0.19652778 | T62: 0.25694444 | U62: =(S62-T61)*24*60 -> 30 | V62: =(T62-S62)*24*60 -> 87 | AE62: =M62-J62 -> -102.75862 | AF62: =M62/J62 -> 0.95718391
A63: 新豐4線 | B63: 三明治 | C63: 紅豆黑糖麻糬三明治 | E63: 23.8 | F63: 1537 | G63: =E63*F63 -> 36580.6 | I63: 16 | J63: 2400 | K63: =J63/I63 -> 150 | L63: 16 | M63: =F63/V63*60 -> 2305.5 | N63: =M63/L63 -> 144.09375 | O63: =L63-I63 -> 0 | P63: =N63-K63 -> -5.90625 | Q63: =N63/K63 -> 0.960625 | S63: 0.26180556 | T63: 0.28958333 | U63: =(S63-T62)*24*60 -> 7 | V63: =(T63-S63)*24*60 -> 40 | AE63: =M63-J63 -> -94.5 | AF63: =M63/J63 -> 0.960625
A64: 新豐4線 | B64: 三明治 | C64: 水果聖代三明治 | E64: 28.29 | F64: 1814 | G64: =E64*F64 -> 51318.06 | I64: 19 | J64: 2400 | K64: =J64/I64 -> 126.31579 | L64: 19 | M64: =F64/V64*60 -> 2315.7447 | N64: =M64/L64 -> 121.8813 | O64: =L64-I64 -> 0 | P64: =N64-K64 -> -4.4344905 | Q64: =N64/K64 -> 0.96489362 | S64: 0.29305556 | T64: 0.32569444 | U64: =(S64-T63)*24*60 -> 5 | V64: =(T64-S64)*24*60 -> 47 | AE64: =M64-J64 -> -84.255319 | AF64: =M64/J64 -> 0.96489362
A65: 新豐4線 | B65: 三明治 | C65: 起司芋見肉鬆三明治 | E65: 25.98 | F65: 1157 | G65: =E65*F65 -> 30058.86 | I65: 17 | J65: 2400 | K65: =J65/I65 -> 141.17647 | L65: 17 | M65: =F65/V65*60 -> 2314 | N65: =M65/L65 -> 136.11765 | O65: =L65-I65 -> 0 | P65: =N65-K65 -> -5.0588235 | Q65: =N65/K65 -> 0.96416667 | S65: 0.33055556 | T65: 0.35138889 | U65: =(S65-T64)*24*60 -> 7 | V65: =(T65-S65)*24*60 -> 30 | AE65: =M65-J65 -> -86 | AF65: =M65/J65 -> 0.96416667
A66: 新豐4線 | B66: 三明治 | C66: 輕乳酪巧克力三明治 | E66: 20.51 | F66: 6998 | G66: =E66*F66 -> 143528.98 | I66: 14 | J66: 2400 | K66: =J66/I66 -> 171.42857 | L66: 14 | M66: =F66/V66*60 -> 2281.9565 | N66: =M66/L66 -> 162.99689 | O66: =L66-I66 -> 0 | P66: =N66-K66 -> -8.431677 | Q66: =N66/K66 -> 0.95081522 | S66: 0.35486111 | T66: 0.48263889 | U66: =(S66-T65)*24*60 -> 5 | V66: =(T66-S66)*24*60 -> 184 | W66: =T66 -> 0.48263889 | X66: =S67 -> 0.52083333 | AE66: =M66-J66 -> -118.04348 | AF66: =M66/J66 -> 0.95081522
A67: 新豐4線 | B67: 三明治 | C67: 火腿起司蛋三明治 | E67: 19.02 | F67: 4202 | G67: =E67*F67 -> 79922.04 | I67: 14 | J67: 2400 | K67: =J67/I67 -> 171.42857 | L67: 14 | M67: =F67/V67*60 -> 2292 | N67: =M67/L67 -> 163.71429 | O67: =L67-I67 -> 0 | P67: =N67-K67 -> -7.7142857 | Q67: =N67/K67 -> 0.955 | S67: 0.52083333 | T67: 0.59722222 | U67: =(S67-T66)*24*60 -> 55 | V67: =(T67-S67)*24*60 -> 110 | AE67: =M67-J67 -> -108 | AF67: =M67/J67 -> 0.955
A68: 新豐4線 | B68: 平均 | I68: 15.857143 | J68: 2400 | K68: =J68/I68 -> 151.35135 | L68: 15.857143 | M68: =AVERAGE(M61:M67) -> 2301.0278 | N68: =M68/L68 -> 145.10986 | O68: =L68-I68 -> 0 | P68: =N68-K68 -> -6.2414913 | Q68: =N68/K68 -> 0.95876158 | Y68: =SUM(Y61:Y67) -> 0 | Z68: =SUM(Z61:Z67) -> 0 | AC68: 7 | AD68: =SUM(AD61:AD67) -> 0 | AE68: =M68-J68 -> -98.97222 | AF68: =M68/J68 -> 0.95876158

Sheet 1002
B1: 屏榮 新豐廠組合室生產人時性分析
B3: 日期 | C3: =TEXT('1002 4度C'!A2,"yyyy.mm.ddaaaa") -> 2026.10.02星期五 | E3: 訂單量 | F3: ='1002 4度C'!D1 -> 133188 | H3: 營業額 | I3: ='1002 4度C'!F1 -> 4484111.2
B4: 人時性 | C4: 項目 | E4: ➀ | G4: ➁ | I4: ➂ | K4: 異常停線 | M4: 短暫停線
C5: 組合室 | E5: 全溫層 | G5: 4度C-各編組展開 | I5: ③三明治-各編組展開 | K5: 合計次數 | L5: 時間 | M5: 合計次數 | N5: 設備次數
C6: 排關平均 | E6: =AVERAGE(D13:M13) -> 150.79649 | F6: =AVERAGE(D31:O31,D13:J13) -> 155.69986 | G6: =AVERAGE(D13:J13) -> 155.69986 | I6: =AVERAGE(K13:M13) -> 139.35527 | K6: ='1002 4度C'!Y2 -> 0 | L6: ='1002 4度C'!Z2 -> 0 | M6: ='1002 4度C'!AC2 -> 53 | N6: ='1002 4度C'!AD2 -> 0
C7: 實績平均 | E7: =AVERAGE(D14:M14) -> 144.85689 | F7: =AVERAGE(D32:O32,D14:J14) -> 149.67081 | G7: =AVERAGE(D14:J14) -> 149.67081 | I7: =AVERAGE(K14:M14) -> 133.62443
C8: 達成率平均 | E8: =AVERAGE(D15:M15) -> 0.96109391 | F8: =AVERAGE(D15:J15,D33:O33) -> 0.96204229 | G8: =AVERAGE(D15:J15) -> 0.96204229 | I8: =AVERAGE(K15:M15) -> 0.95888103
K9: ※現行日本鮮食廠以達成率80%為基本(即為現行KPI)
B10: 溫層 | D10: ➁4度C-各編組展開 | K10: ③三明治-各編組展開
B11: 編組 | D11: 1 | E11: 2 | F11: 3 | G11: 4 | H11: 5 | I11: 6 | J11: 7 | K11: 1 | L11: 2 | M11: 3
D12: 新豐6線 | E12: 新豐2線 | F12: 新豐5線 | G12: 新豐7線 | H12: 新豐3線 | I12: 新豐1線 | J12: 新豐10線 | K12: 新豐8線 | L12: 新豐9線 | M12: 新豐4線
B13: 人時性 | C13: 排關 | D13: =SUMIFS('1002 4度C'!$K:$K,'1002 4度C'!$A:$A,"新豐6線",'1002 4度C'!$B:$B,"平均") -> 130.43478 | E13: =SUMIFS('1002 4度C'!$K:$K,'1002 4度C'!$A:$A,"新豐2線",'1002 4度C'!$B:$B,"平均") -> 83.333333 | F13: =SUMIFS('1002 4度C'!$K:$K,'1002 4度C'!$A:$A,"新豐5線",'1002 4度C'!$B:$B,"平均") -> 105 | G13: =SUMIFS('1002 4度C'!$K:$K,'1002 4度C'!$A:$A,"新豐7線",'1002 4度C'!$B:$B,"平均") -> 125 | H13: =SUMIFS('1002 4度C'!$K:$K,'1002 4度C'!$A:$A,"新豐3線",'1002 4度C'!$B:$B,"平均") -> 242.42424 | I13: =SUMIFS('1002 4度C'!$K:$K,'1002 4度C'!$A:$A,"新豐1線",'1002 4度C'!$B:$B,"平均") -> 109.58904 | J13: =SUMIFS('1002 4度C'!$K:$K,'1002 4度C'!$A:$A,"新豐10線",'1002 4度C'!$B:$B,"平均") -> 294.11765 | K13: =SUMIFS('1002 4度C'!$K:$K,'1002 4度C'!$A:$A,"新豐8線",'1002 4度C'!$B:$B,"平均") -> 138.84298 | L13: =SUMIFS('1002 4度C'!$K:$K,'1002 4度C'!$A:$A,"新豐9線",'1002 4度C'!$B:$B,"平均") -> 130.76923 | M13: =SUMIFS('1002 4度C'!$K:$K,'1002 4度C'!$A:$A,"新豐4線",'1002 4度C'!$B:$B,"平均") -> 148.45361
C14: 實績 | D14: =SUMIFS('1002 4度C'!$N:$N,'1002 4度C'!$A:$A,"新豐6線",'1002 4度C'!$B:$B,"平均") -> 126.21284 | E14: =SUMIFS('1002 4度C'!$N:$N,'1002 4度C'!$A:$A,"新豐2線",'1002 4度C'!$B:$B,"平均") -> 79.399951 | F14: =SUMIFS('1002 4度C'!$N:$N,'1002 4度C'!$A:$A,"新豐5線",'1002 4度C'!$B:$B,"平均") -> 101.26653 | G14: =SUMIFS('1002 4度C'!$N:$N,'1002 4度C'!$A:$A,"新豐7線",'1002 4度C'!$B:$B,"平均") -> 120.20491 | H14: =SUMIFS('1002 4度C'!$N:$N,'1002 4度C'!$A:$A,"新豐3線",'1002 4度C'!$B:$B,"平均") -> 232.16328 | I14: =SUMIFS('1002 4度C'!$N:$N,'1002 4度C'!$A:$A,"新豐1線",'1002 4度C'!$B:$B,"平均") -> 106.44283 | J14: =SUMIFS('1002 4度C'!$N:$N,'1002 4度C'!$A:$A,"新豐10線",'1002 4度C'!$B:$B,"平均") -> 282.00531 | K14: =SUMIFS('1002 4度C'!$N:$N,'1002 4度C'!$A:$A,"新豐8線",'1002 4度C'!$B:$B,"平均") -> 133.29702 | L14: =SUMIFS('1002 4度C'!$N:$N,'1002 4度C'!$A:$A,"新豐9線",'1002 4度C'!$B:$B,"平均") -> 125.32419 | M14: =SUMIFS('1002 4度C'!$N:$N,'1002 4度C'!$A:$A,"新豐4線",'1002 4度C'!$B:$B,"平均") -> 142.25206
C15: 達成率 | D15: =D14/D13 -> 0.96763181 | E15: =E14/E13 -> 0.95279942 | F15: =F14/F13 -> 0.96444311 | G15: =G14/G13 -> 0.96163927 | H15: =H14/H13 -> 0.95767352 | I15: =I14/I13 -> 0.97129085 | J15: =J14/J13 -> 0.95881805 | K15: =K14/K13 -> 0.96005593 | ... M15: =M14/M13 -> 0.95822568
B16: 作業 時間 | C16: 開始 | D16: =VLOOKUP("新豐6線",'1002 4度C'!$A:$T,19,0) -> 0.70833333 | E16: =VLOOKUP("新豐2線",'1002 4度C'!$A:$T,19,0) -> 0.083333333 | F16: =VLOOKUP("新豐5線",'1002 4度C'!$A:$T,19,0) -> 0.25 | G16: =VLOOKUP("新豐7線",'1002 4度C'!$A:$T,19,0) -> 0.20833333 | H16: =VLOOKUP("新豐3線",'1002 4度C'!$A:$T,19,0) -> 0.20833333 | I16: =VLOOKUP("新豐1線",'1002 4度C'!$A:$T,19,0) -> 0.20833333 | J16: =VLOOKUP("新豐10線",'1002 4度C'!$A:$T,19,0) -> 0.20833333 | K16: =VLOOKUP("新豐8線",'1002 4度C'!$A:$T,19,0) -> 0.083333333 | L16: =VLOOKUP("新豐9線",'1002 4度C'!$A:$T,19,0) -> 0.083333333 | M16: =VLOOKUP("新豐4線",'1002 4度C'!$A:$T,19,0) -> 0.083333333
C17: 結束 | D17: =LOOKUP(2,1/(('1002 4度C'!$A:$A="新豐6線")*('1002 4度C'!$T:$T<>"")),'1002 4度C'!$T:$T) -> 0.82013889 | E17: =LOOKUP(2,1/(('1002 4度C'!$A:$A="新豐2線")*('1002 4度C'!$T:$T<>"")),'1002 4度C'!$T:$T) -> 0.36527778 | F17: =LOOKUP(2,1/(('1002 4度C'!$A:$A="新豐5線")*('1002 4度C'!$T:$T<>"")),'1002 4度C'!$T:$T) -> 0.79861111 | G17: =LOOKUP(2,1/(('1002 4度C'!$A:$A="新豐7線")*('1002 4度C'!$T:$T<>"")),'1002 4度C'!$T:$T) -> 0.82708333 | H17: =LOOKUP(2,1/(('1002 4度C'!$A:$A="新豐3線")*('1002 4度C'!$T:$T<>"")),'1002 4度C'!$T:$T) -> 0.41597222 | I17: =LOOKUP(2,1/(('1002 4度C'!$A:$A="新豐1線")*('1002 4度C'!$T:$T<>"")),'1002 4度C'!$T:$T) -> 0.80972222 | J17: =LOOKUP(2,1/(('1002 4度C'!$A:$A="新豐10線")*('1002 4度C'!$T:$T<>"")),'1002 4度C'!$T:$T) -> 0.40972222 | K17: =LOOKUP(2,1/(('1002 4度C'!$A:$A="新豐8線")*('1002 4度C'!$T:$T<>"")),'1002 4度C'!$T:$T) -> 0.57708333 | L17: =LOOKUP(2,1/(('1002 4度C'!$A:$A="新豐9線")*('1002 4度C'!$T:$T<>"")),'1002 4度C'!$T:$T) -> 0.58194444 | M17: =LOOKUP(2,1/(('1002 4度C'!$A:$A="新豐4線")*('1002 4度C'!$T:$T<>"")),'1002 4度C'!$T:$T) -> 0.52013889
B18: 產線異常 (5分鐘以上) | C18: 次數 | D18: =SUMIFS('1002 4度C'!$Y:$Y,'1002 4度C'!$A:$A,"新豐6線",'1002 4度C'!$B:$B,"平均") -> 0 | E18: =SUMIFS('1002 4度C'!$Y:$Y,'1002 4度C'!$A:$A,"新豐2線",'1002 4度C'!$B:$B,"平均") -> 0 | F18: =SUMIFS('1002 4度C'!$Y:$Y,'1002 4度C'!$A:$A,"新豐5線",'1002 4度C'!$B:$B,"平均") -> 0 | G18: =SUMIFS('1002 4度C'!$Y:$Y,'1002 4度C'!$A:$A,"新豐7線",'1002 4度C'!$B:$B,"平均") -> 0 | H18: =SUMIFS('1002 4度C'!$Y:$Y,'1002 4度C'!$A:$A,"新豐3線",'1002 4度C'!$B:$B,"平均") -> 0 | I18: =SUMIFS('1002 4度C'!$Y:$Y,'1002 4度C'!$A:$A,"新豐1線",'1002 4度C'!$B:$B,"平均") -> 0 | J18: =SUMIFS('1002 4度C'!$Y:$Y,'1002 4度C'!$A:$A,"新豐10線",'1002 4度C'!$B:$B,"平均") -> 0 | K18: =SUMIFS('1002 4度C'!$Y:$Y,'1002 4度C'!$A:$A,"新豐8線",'1002 4度C'!$B:$B,"平均") -> 0 | L18: =SUMIFS('1002 4度C'!$Y:$Y,'1002 4度C'!$A:$A,"新豐9線",'1002 4度C'!$B:$B,"平均") -> 0 | M18: =SUMIFS('1002 4度C'!$Y:$Y,'1002 4度C'!$A:$A,"新豐4線",'1002 4度C'!$B:$B,"平均") -> 0
C19: 時間/分 | D19: =SUMIFS('1002 4度C'!$Z:$Z,'1002 4度C'!$A:$A,"新豐6線",'1002 4度C'!$B:$B,"平均") -> 0 | E19: =SUMIFS('1002 4度C'!$Z:$Z,'1002 4度C'!$A:$A,"新豐2線",'1002 4度C'!$B:$B,"平均") -> 0 | F19: =SUMIFS('1002 4度C'!$Z:$Z,'1002 4度C'!$A:$A,"新豐5線",'1002 4度C'!$B:$B,"平均") -> 0 | G19: =SUMIFS('1002 4度C'!$Z:$Z,'1002 4度C'!$A:$A,"新豐7線",'1002 4度C'!$B:$B,"平均") -> 0 | H19: =SUMIFS('1002 4度C'!$Z:$Z,'1002 4度C'!$A:$A,"新豐3線",'1002 4度C'!$B:$B,"平均") -> 0 | I19: =SUMIFS('1002 4度C'!$Z:$Z,'1002 4度C'!$A:$A,"新豐1線",'1002 4度C'!$B:$B,"平均") -> 0 | J19: =SUMIFS('1002 4度C'!$Z:$Z,'1002 4度C'!$A:$A,"新豐10線",'1002 4度C'!$B:$B,"平均") -> 0 | K19: =SUMIFS('1002 4度C'!$Z:$Z,'1002 4度C'!$A:$A,"新豐8線",'1002 4度C'!$B:$B,"平均") -> 0 | L19: =SUMIFS('1002 4度C'!$Z:$Z,'1002 4度C'!$A:$A,"新豐9線",'1002 4度C'!$B:$B,"平均") -> 0 | M19: =SUMIFS('1002 4度C'!$Z:$Z,'1002 4度C'!$A:$A,"新豐4線",'1002 4度C'!$B:$B,"平均") -> 0
B20: 短暫停線 (5分鐘以下) | C20: 次數 | D20: =SUMIFS('1002 4度C'!$AC:$AC,'1002 4度C'!$A:$A,"新豐6線",'1002 4度C'!$B:$B,"平均") -> 3 | E20: =SUMIFS('1002 4度C'!$AC:$AC,'1002 4度C'!$A:$A,"新豐2線",'1002 4度C'!$B:$B,"平均") -> 2 | F20: =SUMIFS('1002 4度C'!$AC:$AC,'1002 4度C'!$A:$A,"新豐5線",'1002 4度C'!$B:$B,"平均") -> 6 | G20: =SUMIFS('1002 4度C'!$AC:$AC,'1002 4度C'!$A:$A,"新豐7線",'1002 4度C'!$B:$B,"平均") -> 7 | H20: =SUMIFS('1002 4度C'!$AC:$AC,'1002 4度C'!$A:$A,"新豐3線",'1002 4度C'!$B:$B,"平均") -> 3 | I20: =SUMIFS('1002 4度C'!$AC:$AC,'1002 4度C'!$A:$A,"新豐1線",'1002 4度C'!$B:$B,"平均") -> 8 | J20: =SUMIFS('1002 4度C'!$AC:$AC,'1002 4度C'!$A:$A,"新豐10線",'1002 4度C'!$B:$B,"平均") -> 5 | K20: =SUMIFS('1002 4度C'!$AC:$AC,'1002 4度C'!$A:$A,"新豐8線",'1002 4度C'!$B:$B,"平均") -> 7 | L20: =SUMIFS('1002 4度C'!$AC:$AC,'1002 4度C'!$A:$A,"新豐9線",'1002 4度C'!$B:$B,"平均") -> 6 | M20: =SUMIFS('1002 4度C'!$AC:$AC,'1002 4度C'!$A:$A,"新豐4線",'1002 4度C'!$B:$B,"平均") -> 6
C21: 設備次數 | D21: =SUMIFS('1002 4度C'!$AD:$AD,'1002 4度C'!$A:$A,"新豐6線",'1002 4度C'!$B:$B,"平均") -> 0 | E21: =SUMIFS('1002 4度C'!$AD:$AD,'1002 4度C'!$A:$A,"新豐2線",'1002 4度C'!$B:$B,"平均") -> 0 | F21: =SUMIFS('1002 4度C'!$AD:$AD,'1002 4度C'!$A:$A,"新豐5線",'1002 4度C'!$B:$B,"平均") -> 0 | G21: =SUMIFS('1002 4度C'!$AD:$AD,'1002 4度C'!$A:$A,"新豐7線",'1002 4度C'!$B:$B,"平均") -> 0 | H21: =SUMIFS('1002 4度C'!$AD:$AD,'1002 4度C'!$A:$A,"新豐3線",'1002 4度C'!$B:$B,"平均") -> 0 | I21: =SUMIFS('1002 4度C'!$AD:$AD,'1002 4度C'!$A:$A,"新豐1線",'1002 4度C'!$B:$B,"平均") -> 0 | J21: =SUMIFS('1002 4度C'!$AD:$AD,'1002 4度C'!$A:$A,"新豐10線",'1002 4度C'!$B:$B,"平均") -> 0 | K21: =SUMIFS('1002 4度C'!$AD:$AD,'1002 4度C'!$A:$A,"新豐8線",'1002 4度C'!$B:$B,"平均") -> 0 | L21: =SUMIFS('1002 4度C'!$AD:$AD,'1002 4度C'!$A:$A,"新豐9線",'1002 4度C'!$B:$B,"平均") -> 0 | M21: =SUMIFS('1002 4度C'!$AD:$AD,'1002 4度C'!$A:$A,"新豐4線",'1002 4度C'!$B:$B,"平均") -> 0
B22: 配置人數 | D22: =SUMIFS('1002 4度C'!$I:$I,'1002 4度C'!$A:$A,"新豐6線",'1002 4度C'!$B:$B,"平均") -> 15.333333 | E22: =SUMIFS('1002 4度C'!$I:$I,'1002 4度C'!$A:$A,"新豐2線",'1002 4度C'!$B:$B,"平均") -> 18 | F22: =SUMIFS('1002 4度C'!$I:$I,'1002 4度C'!$A:$A,"新豐5線",'1002 4度C'!$B:$B,"平均") -> 16.666667 | G22: =SUMIFS('1002 4度C'!$I:$I,'1002 4度C'!$A:$A,"新豐7線",'1002 4度C'!$B:$B,"平均") -> 16 | H22: =SUMIFS('1002 4度C'!$I:$I,'1002 4度C'!$A:$A,"新豐3線",'1002 4度C'!$B:$B,"平均") -> 11 | I22: =SUMIFS('1002 4度C'!$I:$I,'1002 4度C'!$A:$A,"新豐1線",'1002 4度C'!$B:$B,"平均") -> 18.25 | J22: =SUMIFS('1002 4度C'!$I:$I,'1002 4度C'!$A:$A,"新豐10線",'1002 4度C'!$B:$B,"平均") -> 10.2 | K22: =SUMIFS('1002 4度C'!$I:$I,'1002 4度C'!$A:$A,"新豐8線",'1002 4度C'!$B:$B,"平均") -> 17.285714 | L22: =SUMIFS('1002 4度C'!$I:$I,'1002 4度C'!$A:$A,"新豐9線",'1002 4度C'!$B:$B,"平均") -> 17.333333 | M22: =SUMIFS('1002 4度C'!$I:$I,'1002 4度C'!$A:$A,"新豐4線",'1002 4度C'!$B:$B,"平均") -> 16.166667
B23: 主要應用設備 | D23: ET-55 | E23: 熱縮爐 | F23: L型包裝機 | G23: L型包裝機 | H23: 伺服包裝機 | I23: ET-55 | J23: 伺服包裝機 | K23: 三明治包裝機 | L23: 三明治包裝機 | M23: 三明治包裝機
B24: 次要應用設備 | F24: 圓盤機 | G24: ET-55
B25: 備註 | E25: 握沙拉 | F25: 共用L型包裝機 | H25: 調理麵包 | I25: 炒飯+沙拉 | J25: 調理麵包

Sheet 1002 4度C
A1: 新豐廠四度C日報分析 | C1: 總生產量 | D1: =SUM(F5:F67) -> 133188 | E1: 營業額 | F1: =SUM(G5:G67) -> 4484111.2 | G1: 出勤人數 | H1: =L8+L11+L45+L54+L18+L60+L34+L41+L26+L67 -> 156.23571 | I1: 產線配置圖 | L1: 生產實績 | O1: 人時性差異分析 | S1: 日報登錄 | Y1: 合計 次數 | Z1: 合計 時間/分 | AA1: 產線異常 分析說明(5分鐘以上) | AC1: 合計 次數 | AD1: 合計 設備次數 | AE1: 產能差異分析
A2: 46297 | B2: 星期五 | C2: 人時性 | D2: =AVERAGE(N8,N11,N45,N54,N18,N60,N26,N34,N41,N67) -> 144.85689 | E2: 平均廠價 | F2: =F1/D1 -> 33.667532 | G2: 多次生產數 | H2: =COUNT(H5:H67) -> 2 | Y2: =SUM(Y8+Y11+Y18+Y26+Y34+Y41+Y45+Y54+Y60+Y67) -> 0 | Z2: =SUM(Z8+Z11+Z18+Z26+Z34+Z41+Z45+Z54+Z60+Z67) -> 0 | AC2: 53 | AD2: =SUM(AD8+AD11+AD18+AD26+AD34+AD41+AD45+AD54+AD60+AD67) -> 0
A3: 線別 | B3: 品類 | C3: 品名 | E3: 廠價 | F3: 生產量 | G3: 營收 | H3: 多次 生產 | I3: 人數 | J3: 產能/時 | K3: 人時性 | L3: 人數 | M3: 產能/時 | N3: 人時性 | O3: 人數 | P3: 人時性 | Q3: 達成率 | R3: 達成率平均 | S3: 生產時間 | U3: 換線、休息/分 | V3: 稼動時間/分 | W3: 休息時間 | Y3: 產線異常統計 (5分鐘以上) | AA3: (新豐回填) | AC3: 短暫停線統計 (5分鐘以下) | AE3: 產能/時 | AF3: 達成率 | AG3: 達成率平均
S4: 開始 | T4: 結束 | W4: 開始 | X4: 結束 | Y4: 次數 | Z4: 時間/分 | AC4: 總次數 | AD4: 設備因素(次數)
A5: 新豐6線 | B5: 微波主食 | C5: 二配金咖哩果香甘口咖哩飯 | E5: 50.92 | F5: 1733 | G5: =E5*F5 -> 88244.36 | I5: 15 | J5: 2000 | K5: =J5/I5 -> 133.33333 | L5: 15 | M5: =F5/V5*60 -> 1925.5556 | N5: =M5/L5 -> 128.37037 | O5: =L5-I5 -> 0 | P5: =N5-K5 -> -4.962963 | Q5: =N5/K5 -> 0.96277778 | R5: =Q8 -> 0.96763181 | S5: 0.70833333 | T5: 0.74583333 | V5: =(T5-S5)*24*60 -> 54 | AC5: 3 | AE5: =M5-J5 -> -74.444444 | AF5: =M5/J5 -> 0.96277778 | AG5: =AF8 -> 0.96763181
A6: 新豐6線 | B6: 微波主食 | C6: 二配金咖哩濃厚辛口咖哩飯 | E6: 50.98 | F6: 1932 | G6: =E6*F6 -> 98493.36 | I6: 16 | J6: 2000 | K6: =J6/I6 -> 125 | L6: 16 | M6: =F6/V6*60 -> 1932 | N6: =M6/L6 -> 120.75 | O6: =L6-I6 -> 0 | P6: =N6-K6 -> -4.25 | Q6: =N6/K6 -> 0.966 | S6: 0.75 | T6: 0.79166667 | U6: =IF(S6=TIME(17,0,0),"",(S6-T5)*24*60) -> 6 | V6: =(T6-S6)*24*60 -> 60 | AE6: =M6-J6 -> -68 | AF6: =M6/J6 -> 0.966
A7: 新豐6線 | B7: 微波主食 | C7: 二配泰式綠咖哩雞 | E7: 50.67 | F7: 1104 | G7: =E7*F7 -> 55939.68 | I7: 15 | J7: 2000 | K7: =J7/I7 -> 133.33333 | L7: 15 | M7: =F7/V7*60 -> 1948.2353 | N7: =M7/L7 -> 129.88235 | O7: =L7-I7 -> 0 | P7: =N7-K7 -> -3.4509804 | Q7: =N7/K7 -> 0.97411765 | S7: 0.79652778 | T7: 0.82013889 | U7: =IF(S7=TIME(17,0,0),"",(S7-T6)*24*60) -> 7 | V7: =(T7-S7)*24*60 -> 34 | AE7: =M7-J7 -> -51.764706 | AF7: =M7/J7 -> 0.97411765
A8: 新豐6線 | B8: 平均 | I8: 15.333333 | J8: 2000 | K8: =J8/I8 -> 130.43478 | L8: 15.333333 | M8: =AVERAGE(M5:M7) -> 1935.2636 | N8: =M8/L8 -> 126.21284 | O8: =L8-I8 -> 0 | P8: =N8-K8 -> -4.2219381 | Q8: =N8/K8 -> 0.96763181 | Y8: =SUM(Y5:Y7) -> 0 | Z8: =SUM(Z5:Z7) -> 0 | AC8: 3 | AD8: =SUM(AD5:AD7) -> 0 | AE8: =M8-J8 -> -64.736383 | AF8: =M8/J8 -> 0.96763181
A9: 新豐2線 | B9: 沙拉 | C9: 青醬優格雞肉握沙拉(113年) | E9: 39.62 | F9: 3623 | G9: =E9*F9 -> 143543.26 | I9: 19 | J9: 1500 | K9: =J9/I9 -> 78.947368 | L9: 19 | M9: =F9/V9*60 -> 1430.1316 | N9: =M9/L9 -> 75.270083 | O9: =L9-I9 -> 0 | P9: =N9-K9 -> -3.6772853 | Q9: =N9/K9 -> 0.95342105 | R9: =Q11 -> 0.95279942 | S9: 0.083333333 | T9: 0.18888889 | V9: =(T9-S9)*24*60 -> 152 | W9: =T9 -> 0.18888889 | X9: =S10 -> 0.20902778 | AC9: 2 | AE9: =M9-J9 -> -69.868421 | AF9: =M9/J9 -> 0.95342105 | AG9: =AF11 -> 0.95279942
A10: 新豐2線 | B10: 沙拉 | C10: 青檸烤雞握沙拉(113年) | E10: 39.8 | F10: 5356 | G10: =E10*F10 -> 213168.8 | I10: 17 | J10: 1500 | K10: =J10/I10 -> 88.235294 | L10: 17 | M10: =F10/V10*60 -> 1428.2667 | N10: =M10/L10 -> 84.015686 | O10: =L10-I10 -> 0 | P10: =N10-K10 -> -4.2196078 | Q10: =N10/K10 -> 0.95217778 | S10: 0.20902778 | T10: 0.36527778 | U10: =IF(S10=TIME(17,0,0),"",(S10-T9)*24*60) -> 29 | V10: =(T10-S10)*24*60 -> 225 | AE10: =M10-J10 -> -71.733333 | AF10: =M10/J10 -> 0.95217778
A11: 新豐2線 | B11: 平均 | I11: 18 | J11: 1500 | K11: =J11/I11 -> 83.333333 | L11: 18 | M11: =AVERAGE(M9:M10) -> 1429.1991 | N11: =M11/L11 -> 79.399951 | O11: =L11-I11 -> 0 | P11: =N11-K11 -> -3.9333821 | Q11: =N11/K11 -> 0.95279942 | Y11: =SUM(Y9:Y10) -> 0 | Z11: =SUM(Z9:Z10) -> 0 | AC11: 2 | AD11: =SUM(AD9:AD10) -> 0 | AE11: =M11-J11 -> -70.800877 | AF11: =M11/J11 -> 0.95279942
A12: 新豐5線 | B12: 季節調理麵 | C12: 台式麻醬涼麵(115年) | E12: 31.11 | F12: 2069 | G12: =E12*F12 -> 64366.59 | I12: 14 | J12: 2000 | K12: =J12/I12 -> 142.85714 | L12: 14 | M12: =F12/V12*60 -> 1909.8462 | N12: =M12/L12 -> 136.41758 | O12: =L12-I12 -> 0 | P12: =N12-K12 -> -6.4395604 | Q12: =N12/K12 -> 0.95492308 | R12: =Q18 -> 0.96444311 | S12: 0.25 | T12: 0.29513889 | V12: =(T12-S12)*24*60 -> 65 | AC12: 6 | AE12: =M12-J12 -> -90.153846 | AF12: =M12/J12 -> 0.95492308 | AG12: =AF18 -> 0.96444311
A13: 新豐5線 | B13: 小吃 | C13: 剝皮辣椒雞湯 | E13: 41 | F13: 1242 | G13: =E13*F13 -> 50922 | I13: 26 | J13: 1500 | K13: =J13/I13 -> 57.692308 | L13: 26 | M13: =F13/V13*60 -> 1433.0769 | N13: =M13/L13 -> 55.118343 | O13: =L13-I13 -> 0 | P13: =N13-K13 -> -2.5739645 | Q13: =N13/K13 -> 0.95538462 | S13: 0.30069444 | T13: 0.33680556 | U13: =IF(S13=TIME(17,0,0),"",(S13-T12)*24*60) -> 8 | V13: =(T13-S13)*24*60 -> 52 | AE13: =M13-J13 -> -66.923077 | AF13: =M13/J13 -> 0.95538462
A14: 新豐5線 | B14: 沙拉 | C14: 厚蛋時蔬握沙拉 | E14: 39.46 | F14: 1714 | G14: =E14*F14 -> 67634.44 | I14: 15 | J14: 1500 | K14: =J14/I14 -> 100 | L14: 15 | M14: =F14/V14*60 -> 1448.4507 | N14: =M14/L14 -> 96.56338 | O14: =L14-I14 -> 0 | P14: =N14-K14 -> -3.4366197 | Q14: =N14/K14 -> 0.9656338 | S14: 0.34236111 | T14: 0.39166667 | U14: =IF(S14=TIME(17,0,0),"",(S14-T13)*24*60) -> 8 | V14: =(T14-S14)*24*60 -> 71 | AE14: =M14-J14 -> -51.549296 | AF14: =M14/J14 -> 0.9656338
A15: 新豐5線 | B15: 微波主食 | C15: 二配打拋風味豬肉飯 | E15: 51.06 | F15: 2256 | G15: =E15*F15 -> 115191.36 | I15: 13 | J15: 2000 | K15: =J15/I15 -> 153.84615 | L15: 13 | M15: =F15/V15*60 -> 1906.4789 | N15: =M15/L15 -> 146.65222 | O15: =L15-I15 -> 0 | P15: =N15-K15 -> -7.1939328 | Q15: =N15/K15 -> 0.95323944 | S15: 0.70833333 | T15: 0.75763889 | U15: =IF(S15=TIME(17,0,0),"",(S15-T14)*24*60) | V15: =(T15-S15)*24*60 -> 71 | AE15: =M15-J15 -> -93.521127 | AF15: =M15/J15 -> 0.95323944
A16: 新豐5線 | B16: 微波主食 | C16: 二配厚香料優格咖哩雞排飯 | E16: 56.43 | F16: 812 | G16: =E16*F16 -> 45821.16 | I16: 13 | J16: 2000 | K16: =J16/I16 -> 153.84615 | L16: 13 | M16: =F16/V16*60 -> 1948.8 | N16: =M16/L16 -> 149.90769 | O16: =L16-I16 -> 0 | P16: =N16-K16 -> -3.9384615 | Q16: =N16/K16 -> 0.9744 | S16: 0.7625 | T16: 0.77986111 | U16: =IF(S16=TIME(17,0,0),"",(S16-T15)*24*60) -> 7 | V16: =(T16-S16)*24*60 -> 25 | AE16: =M16-J16 -> -51.2 | AF16: =M16/J16 -> 0.9744
A17: 新豐5線 | B17: 微波主食 | C17: 二配玉米濃湯焗烤飯 | E17: 54.5 | F17: 518 | G17: =E17*F17 -> 28231 | I17: 19 | J17: 1500 | K17: =J17/I17 -> 78.947368 | L17: 19 | M17: =F17/V17*60 -> 1480 | N17: =M17/L17 -> 77.894737 | O17: =L17-I17 -> 0 | P17: =N17-K17 -> -1.0526316 | Q17: =N17/K17 -> 0.98666667 | S17: 0.78402778 | T17: 0.79861111 | U17: =IF(S17=TIME(17,0,0),"",(S17-T16)*24*60) -> 6 | V17: =(T17-S17)*24*60 -> 21 | AE17: =M17-J17 -> -20 | AF17: =M17/J17 -> 0.98666667
A18: 新豐5線 | B18: 平均 | I18: 16.666667 | J18: 1750 | K18: =J18/I18 -> 105 | L18: 16.666667 | M18: =AVERAGE(M12:M17) -> 1687.7754 | N18: =M18/L18 -> 101.26653 | O18: =L18-I18 -> 0 | P18: =N18-K18 -> -3.7334735 | Q18: =N18/K18 -> 0.96444311 | Y18: =SUM(Y12:Y17) -> 0 | Z18: =SUM(Z12:Z17) -> 0 | AC18: 6 | AD18: =SUM(AD12:AD17) -> 0 | AE18: =M18-J18 -> -62.224558 | AF18: =M18/J18 -> 0.96444311
A19: 新豐7線 | B19: 微波主食 | C19: 韓式泡菜豬肉豆腐丼飯 | E19: 50.67 | F19: 1156 | G19: =E19*F19 -> 58574.52 | I19: 17 | J19: 2000 | K19: =J19/I19 -> 117.64706 | L19: 17 | M19: =F19/V19*60 -> 1926.6667 | N19: =M19/L19 -> 113.33333 | O19: =L19-I19 -> 0 | P19: =N19-K19 -> -4.3137255 | Q19: =N19/K19 -> 0.96333333 | R19: =Q26 -> 0.96163927 | S19: 0.20833333 | T19: 0.23333333 | V19: =(T19-S19)*24*60 -> 36 | AC19: 7 | AE19: =M19-J19 -> -73.333333 | AF19: =M19/J19 -> 0.96333333 | AG19: =AF26 -> 0.96163927
A20: 新豐7線 | B20: 微波主食 | C20: 鐵板滑蛋炸豬排丼 | E20: 57.73 | F20: 1837 | G20: =E20*F20 -> 106050.01 | I20: 14 | J20: 2000 | K20: =J20/I20 -> 142.85714 | L20: 14 | M20: =F20/V20*60 -> 1933.6842 | N20: =M20/L20 -> 138.1203 | O20: =L20-I20 -> 0 | P20: =N20-K20 -> -4.7368421 | Q20: =N20/K20 -> 0.96684211 | S20: 0.2375 | T20: 0.27708333 | U20: =IF(S20=TIME(17,0,0),"",(S20-T19)*24*60) -> 6 | V20: =(T20-S20)*24*60 -> 57 | AE20: =M20-J20 -> -66.315789 | AF20: =M20/J20 -> 0.96684211
A21: 新豐7線 | B21: 微波主食 | C21: 日式炙烤親子丼 | E21: 53.27 | F21: 999 | G21: =E21*F21 -> 53216.73 | I21: 16 | J21: 2000 | K21: =J21/I21 -> 125 | L21: 16 | M21: =F21/V21*60 -> 1933.5484 | N21: =M21/L21 -> 120.84677 | O21: =L21-I21 -> 0 | P21: =N21-K21 -> -4.1532258 | Q21: =N21/K21 -> 0.96677419 | S21: 0.28125 | T21: 0.30277778 | U21: =IF(S21=TIME(17,0,0),"",(S21-T20)*24*60) -> 6 | V21: =(T21-S21)*24*60 -> 31 | AE21: =M21-J21 -> -66.451613 | AF21: =M21/J21 -> 0.96677419
A22: 新豐7線 | B22: 微波主食 | C22: 熊本麥味噌炸豬排丼飯 | E22: 57.3 | F22: 2100 | G22: =E22*F22 -> 120330 | I22: 16 | J22: 2000 | K22: =J22/I22 -> 125 | L22: 16 | M22: =F22/V22*60 -> 1909.0909 | N22: =M22/L22 -> 119.31818 | O22: =L22-I22 -> 0 | P22: =N22-K22 -> -5.6818182 | Q22: =N22/K22 -> 0.95454545 | S22: 0.30833333 | T22: 0.35416667 | U22: =IF(S22=TIME(17,0,0),"",(S22-T21)*24*60) -> 8 | V22: =(T22-S22)*24*60 -> 66 | AE22: =M22-J22 -> -90.909091 | AF22: =M22/J22 -> 0.95454545
A23: 新豐7線 | B23: 微波主食 | C23: 二配川味麻婆燒豆腐燴飯 | E23: 50.49 | F23: 1625 | G23: =E23*F23 -> 82046.25 | I23: 15 | J23: 2000 | K23: =J23/I23 -> 133.33333 | L23: 15 | M23: =F23/V23*60 -> 1911.7647 | N23: =M23/L23 -> 127.45098 | O23: =L23-I23 -> 0 | P23: =N23-K23 -> -5.8823529 | Q23: =N23/K23 -> 0.95588235 | S23: 0.70833333 | T23: 0.74375 | U23: =IF(S23=TIME(17,0,0),"",(S23-T22)*24*60) | V23: =(T23-S23)*24*60 -> 51 | AE23: =M23-J23 -> -88.235294 | AF23: =M23/J23 -> 0.95588235
A24: 新豐7線 | B24: 微波主食 | C24: 二配美味蟹煲 | E24: 54.09 | F24: 1373 | G24: =E24*F24 -> 74265.57 | I24: 18 | J24: 2000 | K24: =J24/I24 -> 111.11111 | L24: 18 | M24: =F24/V24*60 -> 1915.814 | N24: =M24/L24 -> 106.43411 | O24: =L24-I24 -> 0 | P24: =N24-K24 -> -4.6770026 | Q24: =N24/K24 -> 0.95790698 | S24: 0.74791667 | T24: 0.77777778 | U24: =IF(S24=TIME(17,0,0),"",(S24-T23)*24*60) -> 6 | V24: =(T24-S24)*24*60 -> 43 | AE24: =M24-J24 -> -84.186047 | AF24: =M24/J24 -> 0.95790698
A25: 新豐7線 | B25: 微波主食 | C25: 二配港式滑蛋牛肉燴飯 | E25: 50.67 | F25: 2029 | G25: =E25*F25 -> 102809.43 | I25: 16 | J25: 2000 | K25: =J25/I25 -> 125 | L25: 16 | M25: =F25/V25*60 -> 1932.381 | N25: =M25/L25 -> 120.77381 | O25: =L25-I25 -> 0 | P25: =N25-K25 -> -4.2261905 | Q25: =N25/K25 -> 0.96619048 | S25: 0.78333333 | T25: 0.82708333 | U25: =IF(S25=TIME(17,0,0),"",(S25-T24)*24*60) -> 8 | V25: =(T25-S25)*24*60 -> 63 | AE25: =M25-J25 -> -67.619048 | AF25: =M25/J25 -> 0.96619048
A26: 新豐7線 | B26: 平均 | I26: 16 | J26: 2000 | K26: =J26/I26 -> 125 | L26: 16 | M26: =AVERAGE(M19:M25) -> 1923.2785 | N26: =M26/L26 -> 120.20491 | O26: =L26-I26 -> 0 | P26: =N26-K26 -> -4.7950912 | Q26: =N26/K26 -> 0.96163927 | Y26: =SUM(Y19:Y25) -> 0 | Z26: =SUM(Z19:Z25) -> 0 | AC26: 7 | AD26: =SUM(AD19:AD25) -> 0 | AE26: =M26-J26 -> -76.721459 | AF26: =M26/J26 -> 0.96163927
A27: 新豐8線 | B27: 三明治 | C27: 紐奧良風味烤雞鮮蔬三明治 | E27: 31.29 | F27: 3700 | G27: =E27*F27 -> 115773 | H27: 2 | I27: 18 | J27: 2400 | K27: =J27/I27 -> 133.33333 | L27: 18 | M27: =F27/V27*60 -> 2288.6598 | N27: =M27/L27 -> 127.14777 | O27: =L27-I27 -> 0 | P27: =N27-K27 -> -6.185567 | Q27: =N27/K27 -> 0.95360825 | R27: =Q34 -> 0.96005593 | S27: 0.083333333 | T27: 0.15069444 | V27: =(T27-S27)*24*60 -> 97 | W27: =T27 -> 0.15069444 | X27: =S28 -> 0.17083333 | AC27: 7 | AE27: =M27-J27 -> -111.34021 | AF27: =M27/J27 -> 0.95360825 | AG27: =AF34 -> 0.96005593
A28: 新豐8線 | B28: 三明治 | C28: 醬燒烤雞三明治(115年) | E28: 26.37 | F28: 4942 | G28: =E28*F28 -> 130320.54 | I28: 18 | J28: 2400 | K28: =J28/I28 -> 133.33333 | L28: 18 | M28: =F28/V28*60 -> 2298.6047 | N28: =M28/L28 -> 127.70026 | O28: =L28-I28 -> 0 | P28: =N28-K28 -> -5.6330749 | Q28: =N28/K28 -> 0.95775194 | S28: 0.17083333 | T28: 0.26041667 | U28: =(S28-T27)*24*60 -> 29 | V28: =(T28-S28)*24*60 -> 129 | AE28: =M28-J28 -> -101.39535 | AF28: =M28/J28 -> 0.95775194
A29: 新豐8線 | B29: 三明治 | C29: 經典火腿玉米蛋三明治 | E29: 24.43 | F29: 5976 | G29: =E29*F29 -> 145993.68 | I29: 14 | J29: 2400 | K29: =J29/I29 -> 171.42857 | L29: 14 | M29: =F29/V29*60 -> 2283.8217 | N29: =M29/L29 -> 163.13012 | O29: =L29-I29 -> 0 | P29: =N29-K29 -> -8.2984531 | Q29: =N29/K29 -> 0.95159236 | S29: 0.26388889 | T29: 0.37291667 | U29: =(S29-T28)*24*60 -> 5 | V29: =(T29-S29)*24*60 -> 157 | AE29: =M29-J29 -> -116.17834 | AF29: =M29/J29 -> 0.95159236
A30: 新豐8線 | B30: 三明治 | C30: 好多菜三明治 | E30: 25.98 | F30: 3128 | G30: =E30*F30 -> 81265.44 | I30: 19 | J30: 2400 | K30: =J30/I30 -> 126.31579 | L30: 19 | M30: =F30/V30*60 -> 2288.7805 | N30: =M30/L30 -> 120.46213 | O30: =L30-I30 -> 0 | P30: =N30-K30 -> -5.8536585 | Q30: =N30/K30 -> 0.95365854 | S30: 0.37708333 | T30: 0.43402778 | U30: =(S30-T29)*24*60 -> 6 | V30: =(T30-S30)*24*60 -> 82 | AE30: =M30-J30 -> -111.21951 | AF30: =M30/J30 -> 0.95365854
A31: 新豐8線 | B31: 三明治 | C31: 茄汁厚起司三明治 | E31: 25.99 | F31: 891 | G31: =E31*F31 -> 23157.09 | I31: 18 | J31: 2400 | K31: =J31/I31 -> 133.33333 | L31: 18 | M31: =F31/V31*60 -> 2324.3478 | N31: =M31/L31 -> 129.13043 | O31: =L31-I31 -> 0 | P31: =N31-K31 -> -4.2028986 | Q31: =N31/K31 -> 0.96847826 | S31: 0.4375 | T31: 0.45347222 | U31: =(S31-T30)*24*60 -> 5 | V31: =(T31-S31)*24*60 -> 23 | AE31: =M31-J31 -> -75.652174 | AF31: =M31/J31 -> 0.96847826
A32: 新豐8線 | B32: 三明治 | C32: 金黃玉米蛋三明治 | E32: 24.25 | F32: 1021 | G32: =E32*F32 -> 24759.25 | I32: 16 | J32: 2400 | K32: =J32/I32 -> 150 | L32: 16 | M32: =F32/V32*60 -> 2356.1538 | N32: =M32/L32 -> 147.25962 | O32: =L32-I32 -> 0 | P32: =N32-K32 -> -2.7403846 | Q32: =N32/K32 -> 0.98173077 | S32: 0.45902778 | T32: 0.47708333 | U32: =(S32-T31)*24*60 -> 8 | V32: =(T32-S32)*24*60 -> 26 | W32: =T32 -> 0.47708333 | X32: =S33 -> 0.51875 | AE32: =M32-J32 -> -43.846154 | AF32: =M32/J32 -> 0.98173077
A33: 新豐8線 | B33: 三明治 | C33: 紐奧良風味烤雞鮮蔬三明治 | E33: 31.29 | F33: 3204 | G33: =E33*F33 -> 100253.16 | I33: 18 | J33: 2400 | K33: =J33/I33 -> 133.33333 | L33: 18 | M33: =F33/V33*60 -> 2288.5714 | N33: =M33/L33 -> 127.14286 | O33: =L33-I33 -> 0 | P33: =N33-K33 -> -6.1904762 | Q33: =N33/K33 -> 0.95357143 | S33: 0.51875 | T33: 0.57708333 | U33: =(S33-T32)*24*60 -> 60 | V33: =(T33-S33)*24*60 -> 84 | AE33: =M33-J33 -> -111.42857 | AF33: =M33/J33 -> 0.95357143
A34: 新豐8線 | B34: 平均 | I34: 17.285714 | J34: 2400 | K34: =J34/I34 -> 138.84298 | L34: 17.285714 | M34: =AVERAGE(M27:M33) -> 2304.1342 | N34: =M34/L34 -> 133.29702 | O34: =L34-I34 -> 0 | P34: =N34-K34 -> -5.545953 | Q34: =N34/K34 -> 0.96005593 | Y34: =SUM(Y27:Y33) -> 0 | Z34: =SUM(Z27:Z33) -> 0 | AC34: 7 | AD34: =SUM(AD27:AD33) -> 0 | AE34: =M34-J34 -> -95.865759 | AF34: =M34/J34 -> 0.96005593
A35: 新豐9線 | B35: 三明治 | C35: 經典總匯三明治(115年) | E35: 26.18 | F35: 4875 | G35: =E35*F35 -> 127627.5 | I35: 20 | J35: 2400 | K35: =J35/I35 -> 120 | L35: 20 | M35: =F35/V35*60 -> 2285.1562 | N35: =M35/L35 -> 114.25781 | O35: =L35-I35 -> 0 | P35: =N35-K35 -> -5.7421875 | Q35: =N35/K35 -> 0.95214844 | R35: =Q41 -> 0.95836148 | S35: 0.083333333 | T35: 0.17222222 | V35: =(T35-S35)*24*60 -> 128 | W35: =T35 -> 0.17222222 | X35: =S36 -> 0.19305556 | AC35: 6 | AE35: =M35-J35 -> -114.84375 | AF35: =M35/J35 -> 0.95214844 | AG35: =AF41 -> 0.95836148
A36: 新豐9線 | B36: 三明治 | C36: 鮪魚起司溏心蛋三明治(115年) | E36: 26.18 | F36: 3500 | G36: =E36*F36 -> 91630 | H36: 2 | I36: 18 | J36: 2400 | K36: =J36/I36 -> 133.33333 | L36: 18 | M36: =F36/V36*60 -> 2282.6087 | N36: =M36/L36 -> 126.81159 | O36: =L36-I36 -> 0 | P36: =N36-K36 -> -6.5217391 | Q36: =N36/K36 -> 0.95108696 | S36: 0.19305556 | T36: 0.25694444 | U36: =(S36-T35)*24*60 -> 30 | V36: =(T36-S36)*24*60 -> 92 | AE36: =M36-J36 -> -117.3913 | AF36: =M36/J36 -> 0.95108696
A37: 新豐9線 | B37: 三明治 | C37: 好多蛋三明治 | E37: 34.1 | F37: 4895 | G37: =E37*F37 -> 166919.5 | I37: 17 | J37: 1600 | K37: =J37/I37 -> 94.117647 | L37: 17 | M37: =F37/V37*60 -> 1529.6875 | N37: =M37/L37 -> 89.981618 | O37: =L37-I37 -> 0 | P37: =N37-K37 -> -4.1360294 | Q37: =N37/K37 -> 0.95605469 | S37: 0.26180556 | T37: 0.39513889 | U37: =(S37-T36)*24*60 -> 7 | V37: =(T37-S37)*24*60 -> 192 | AE37: =M37-J37 -> -70.3125 | AF37: =M37/J37 -> 0.95605469
A38: 新豐9線 | B38: 三明治 | C38: 雞蛋沙拉三明治(114年) | E38: 25.99 | F38: 3000 | G38: =E38*F38 -> 77970 | I38: 14 | J38: 2400 | K38: =J38/I38 -> 171.42857 | L38: 14 | M38: =F38/V38*60 -> 2307.6923 | N38: =M38/L38 -> 164.83516 | O38: =L38-I38 -> 0 | P38: =N38-K38 -> -6.5934066 | Q38: =N38/K38 -> 0.96153846 | S38: 0.39861111 | T38: 0.45277778 | U38: =(S38-T37)*24*60 -> 5 | V38: =(T38-S38)*24*60 -> 78 | AE38: =M38-J38 -> -92.307692 | AF38: =M38/J38 -> 0.96153846
A39: 新豐9線 | B39: 三明治 | C39: 巧克力肉鬆三明治 | E39: 23.89 | F39: 1940 | G39: =E39*F39 -> 46346.6 | I39: 17 | J39: 2400 | K39: =J39/I39 -> 141.17647 | L39: 17 | M39: =F39/V39*60 -> 2328 | N39: =M39/L39 -> 136.94118 | O39: =L39-I39 -> 0 | P39: =N39-K39 -> -4.2352941 | Q39: =N39/K39 -> 0.97 | S39: 0.45833333 | T39: 0.49305556 | U39: =(S39-T38)*24*60 -> 8 | V39: =(T39-S39)*24*60 -> 50 | W39: =T39 -> 0.49305556 | X39: =S40 -> 0.53333333 | AE39: =M39-J39 -> -72 | AF39: =M39/J39 -> 0.97
A40: 新豐9線 | B40: 三明治 | C40: 鮪魚起司溏心蛋三明治(115年) | E40: 26.18 | F40: 2684 | G40: =E40*F40 -> 70267.12 | I40: 18 | J40: 2400 | K40: =J40/I40 -> 133.33333 | L40: 18 | M40: =F40/V40*60 -> 2300.5714 | N40: =M40/L40 -> 127.80952 | O40: =L40-I40 -> 0 | P40: =N40-K40 -> -5.5238095 | Q40: =N40/K40 -> 0.95857143 | S40: 0.53333333 | T40: 0.58194444 | U40: =(S40-T39)*24*60 -> 58 | V40: =(T40-S40)*24*60 -> 70 | AE40: =M40-J40 -> -99.428571 | AF40: =M40/J40 -> 0.95857143
A41: 新豐9線 | B41: 平均 | I41: 17.333333 | J41: 2266.6667 | K41: =J41/I41 -> 130.76923 | L41: 17.333333 | M41: =AVERAGE(M35:M40) -> 2172.286 | N41: =M41/L41 -> 125.32419 | O41: =L41-I41 -> 0 | P41: =N41-K41 -> -5.4450367 | Q41: =N41/K41 -> 0.95836148 | Y41: =SUM(Y35:Y40) -> 0 | Z41: =SUM(Z35:Z40) -> 0 | AC41: 6 | AD41: =SUM(AD35:AD40) -> 0 | AE41: =M41-J41 -> -94.380636 | AF41: =M41/J41 -> 0.95836148
A42: 新豐3線 | B42: 調理麵包 | C42: 豬肉起司堡 | E42: 21.13 | F42: 4555 | G42: =E42*F42 -> 96247.15 | I42: 10 | J42: 3000 | K42: =J42/I42 -> 300 | L42: 10 | M42: =F42/V42*60 -> 2876.8421 | N42: =M42/L42 -> 287.68421 | O42: =L42-I42 -> 0 | P42: =N42-K42 -> -12.315789 | Q42: =N42/K42 -> 0.95894737 | R42: =Q45 -> 0.95767352 | S42: 0.20833333 | T42: 0.27430556 | V42: =(T42-S42)*24*60 -> 95 | AC42: 3 | AE42: =M42-J42 -> -123.15789 | AF42: =M42/J42 -> 0.95894737 | AG42: =AF45 -> 0.95767352
A43: 新豐3線 | B43: 調理麵包 | C43: 豬肉起司蛋堡 | E43: 27.17 | F43: 5125 | G43: =E43*F43 -> 139246.25 | I43: 10 | J43: 3000 | K43: =J43/I43 -> 300 | L43: 10 | M43: =F43/V43*60 -> 2873.8318 | N43: =M43/L43 -> 287.38318 | O43: =L43-I43 -> 0 | P43: =N43-K43 -> -12.616822 | Q43: =N43/K43 -> 0.95794393 | S43: 0.27986111 | T43: 0.35416667 | U43: =(S43-T42)*24*60 -> 8 | V43: =(T43-S43)*24*60 -> 107 | AE43: =M43-J43 -> -126.16822 | AF43: =M43/J43 -> 0.95794393
A44: 新豐3線 | B44: 調理麵包 | C44: 墨西哥辣醬熱狗堡 | E44: 37.88 | F44: 2675 | G44: =E44*F44 -> 101329 | I44: 13 | J44: 2000 | K44: =J44/I44 -> 153.84615 | L44: 13 | M44: =F44/V44*60 -> 1910.7143 | N44: =M44/L44 -> 146.97802 | O44: =L44-I44 -> 0 | P44: =N44-K44 -> -6.8681319 | Q44: =N44/K44 -> 0.95535714 | S44: 0.35763889 | T44: 0.41597222 | U44: =(S44-T43)*24*60 -> 5 | V44: =(T44-S44)*24*60 -> 84 | AE44: =M44-J44 -> -89.285714 | AF44: =M44/J44 -> 0.95535714
A45: 新豐3線 | B45: 平均 | I45: 11 | J45: 2666.6667 | K45: =J45/I45 -> 242.42424 | L45: 11 | M45: =AVERAGE(M42:M44) -> 2553.7961 | N45: =M45/L45 -> 232.16328 | O45: =L45-I45 -> 0 | P45: =N45-K45 -> -10.260965 | Q45: =N45/K45 -> 0.95767352 | Y45: =SUM(Y42:Y44) -> 0 | Z45: =SUM(Z42:Z44) -> 0 | AC45: 3 | AD45: =SUM(AD42:AD44) -> 0 | AE45: =M45-J45 -> -112.87061 | AF45: =M45/J45 -> 0.95767352
A46: 新豐1線 | B46: 沙拉 | C46: 蔥鹽雞肉麵沙拉(114年) | E46: 46 | F46: 878 | G46: =E46*F46 -> 40388 | I46: 16 | J46: 2000 | K46: =J46/I46 -> 125 | L46: 16 | M46: =F46/V46*60 -> 1951.1111 | N46: =M46/L46 -> 121.94444 | O46: =L46-I46 -> 0 | P46: =N46-K46 -> -3.0555556 | Q46: =N46/K46 -> 0.97555556 | R46: =Q54 -> 0.97129085 | S46: 0.20833333 | T46: 0.22708333 | V46: =(T46-S46)*24*60 -> 27 | AC46: 8 | AE46: =M46-J46 -> -48.888889 | AF46: =M46/J46 -> 0.97555556 | AG46: =AF54 -> 0.97129085
A47: 新豐1線 | B47: 沙拉 | C47: 莎莎烤雞麵沙拉(115年) | E47: 46 | F47: 884 | G47: =E47*F47 -> 40664 | I47: 17 | J47: 2000 | K47: =J47/I47 -> 117.64706 | L47: 17 | M47: =F47/V47*60 -> 1964.4444 | N47: =M47/L47 -> 115.55556 | O47: =L47-I47 -> 0 | P47: =N47-K47 -> -2.0915033 | Q47: =N47/K47 -> 0.98222222 | S47: 0.23055556 | T47: 0.24930556 | U47: =IF(S47=TIME(17,0,0),"",(S47-T46)*24*60) -> 5 | V47: =(T47-S47)*24*60 -> 27 | AE47: =M47-J47 -> -35.555556 | AF47: =M47/J47 -> 0.98222222
A48: 新豐1線 | B48: 微波主食 | C48: 炙烤醬香燒豚飯 | E48: 51.44 | F48: 982 | G48: =E48*F48 -> 50514.08 | I48: 25 | J48: 2000 | K48: =J48/I48 -> 80 | L48: 25 | M48: =F48/V48*60 -> 1964 | N48: =M48/L48 -> 78.56 | O48: =L48-I48 -> 0 | P48: =N48-K48 -> -1.44 | Q48: =N48/K48 -> 0.982 | S48: 0.25277778 | T48: 0.27361111 | U48: =IF(S48=TIME(17,0,0),"",(S48-T47)*24*60) -> 5 | V48: =(T48-S48)*24*60 -> 30 | AE48: =M48-J48 -> -36 | AF48: =M48/J48 -> 0.982
A49: 新豐1線 | B49: 微波主食 | C49: 金沙醬牛豚雙饗飯 | E49: 56.43 | F49: 485 | G49: =E49*F49 -> 27368.55 | I49: 23 | J49: 2000 | K49: =J49/I49 -> 86.956522 | L49: 23 | M49: =F49/V49*60 -> 1940 | N49: =M49/L49 -> 84.347826 | O49: =L49-I49 -> 0 | P49: =N49-K49 -> -2.6086957 | Q49: =N49/K49 -> 0.97 | S49: 0.27847222 | T49: 0.28888889 | U49: =IF(S49=TIME(17,0,0),"",(S49-T48)*24*60) -> 7 | V49: =(T49-S49)*24*60 -> 15 | AE49: =M49-J49 -> -60 | AF49: =M49/J49 -> 0.97
A50: 新豐1線 | B50: 微波主食 | C50: 壹號醬泡菜鹽蔥雞豚雙拼 | E50: 56.43 | F50: 1633 | G50: =E50*F50 -> 92150.19 | I50: 21 | J50: 2000 | K50: =J50/I50 -> 95.238095 | L50: 21 | M50: =F50/V50*60 -> 1921.1765 | N50: =M50/L50 -> 91.484594 | O50: =L50-I50 -> 0 | P50: =N50-K50 -> -3.7535014 | Q50: =N50/K50 -> 0.96058824 | S50: 0.29375 | T50: 0.32916667 | U50: =IF(S50=TIME(17,0,0),"",(S50-T49)*24*60) -> 7 | V50: =(T50-S50)*24*60 -> 51 | AE50: =M50-J50 -> -78.823529 | AF50: =M50/J50 -> 0.96058824
A51: 新豐1線 | B51: 微波主食 | C51: 二配香辣醬蒜味香腸蛋炒飯 | E51: 55.56 | F51: 1954 | G51: =E51*F51 -> 108564.24 | I51: 17 | J51: 2000 | K51: =J51/I51 -> 117.64706 | L51: 17 | M51: =F51/V51*60 -> 1921.9672 | N51: =M51/L51 -> 113.05689 | O51: =L51-I51 -> 0 | P51: =N51-K51 -> -4.5901639 | Q51: =N51/K51 -> 0.96098361 | S51: 0.70833333 | T51: 0.75069444 | U51: =IF(S51=TIME(17,0,0),"",(S51-T50)*24*60) | V51: =(T51-S51)*24*60 -> 61 | AE51: =M51-J51 -> -78.032787 | AF51: =M51/J51 -> 0.96098361
A52: 新豐1線 | B52: 微波主食 | C52: 二配排骨蛋炒飯 | E52: 58.17 | F52: 1330 | G52: =E52*F52 -> 77366.1 | I52: 13 | J52: 2000 | K52: =J52/I52 -> 153.84615 | L52: 13 | M52: =F52/V52*60 -> 1946.3415 | N52: =M52/L52 -> 149.71857 | O52: =L52-I52 -> 0 | P52: =N52-K52 -> -4.1275797 | Q52: =N52/K52 -> 0.97317073 | S52: 0.75555556 | T52: 0.78402778 | U52: =IF(S52=TIME(17,0,0),"",(S52-T51)*24*60) -> 7 | V52: =(T52-S52)*24*60 -> 41 | AE52: =M52-J52 -> -53.658537 | AF52: =M52/J52 -> 0.97317073
A53: 新豐1線 | B53: 微波主食 | C53: 二配叉燒蛋炒飯 | E53: 54.09 | F53: 998 | G53: =E53*F53 -> 53981.82 | I53: 14 | J53: 2000 | K53: =J53/I53 -> 142.85714 | L53: 14 | M53: =F53/V53*60 -> 1931.6129 | N53: =M53/L53 -> 137.97235 | O53: =L53-I53 -> 0 | P53: =N53-K53 -> -4.8847926 | Q53: =N53/K53 -> 0.96580645 | S53: 0.78819444 | T53: 0.80972222 | U53: =IF(S53=TIME(17,0,0),"",(S53-T52)*24*60) -> 6 | V53: =(T53-S53)*24*60 -> 31 | AE53: =M53-J53 -> -68.387097 | AF53: =M53/J53 -> 0.96580645
A54: 新豐1線 | B54: 平均 | I54: 18.25 | J54: 2000 | K54: =J54/I54 -> 109.58904 | L54: 18.25 | M54: =AVERAGE(M46:M53) -> 1942.5817 | N54: =M54/L54 -> 106.44283 | O54: =L54-I54 -> 0 | P54: =N54-K54 -> -3.1462082 | Q54: =N54/K54 -> 0.97129085 | Y54: =SUM(Y46:Y53) -> 0 | Z54: =SUM(Z46:Z53) -> 0 | AC54: 8 | AD54: =SUM(AD46:AD53) -> 0 | AE54: =M54-J54 -> -57.418299 | AF54: =M54/J54 -> 0.97129085
A55: 新豐10線 | B55: 調理麵包 | C55: 經典雙牛起司堡(113年) | E55: 35.12 | F55: 4046 | G55: =E55*F55 -> 142095.52 | I55: 10 | J55: 3000 | K55: =J55/I55 -> 300 | L55: 10 | M55: =F55/V55*60 -> 2856 | N55: =M55/L55 -> 285.6 | O55: =L55-I55 -> 0 | P55: =N55-K55 -> -14.4 | Q55: =N55/K55 -> 0.952 | R55: =Q60 -> 0.95881805 | S55: 0.20833333 | T55: 0.26736111 | V55: =(T55-S55)*24*60 -> 85 | AC55: 5 | AE55: =M55-J55 -> -144 | AF55: =M55/J55 -> 0.952 | AG55: =AF60 -> 0.95881805
A56: 新豐10線 | B56: 調理麵包 | C56: 香雞蛋堡(112年) | E56: 26.78 | F56: 2003 | G56: =E56*F56 -> 53640.34 | I56: 10 | J56: 3000 | K56: =J56/I56 -> 300 | L56: 10 | M56: =F56/V56*60 -> 2861.4286 | N56: =M56/L56 -> 286.14286 | O56: =L56-I56 -> 0 | P56: =N56-K56 -> -13.857143 | Q56: =N56/K56 -> 0.95380952 | S56: 0.27222222 | T56: 0.30138889 | U56: =(S56-T55)*24*60 -> 7 | V56: =(T56-S56)*24*60 -> 42 | AE56: =M56-J56 -> -138.57143 | AF56: =M56/J56 -> 0.95380952
A57: 新豐10線 | B57: 調理麵包 | C57: 超HOT雞腿堡 | E57: 35.87 | F57: 2252 | G57: =E57*F57 -> 80779.24 | I57: 10 | J57: 3000 | K57: =J57/I57 -> 300 | L57: 10 | M57: =F57/V57*60 -> 2874.8936 | N57: =M57/L57 -> 287.48936 | O57: =L57-I57 -> 0 | P57: =N57-K57 -> -12.510638 | Q57: =N57/K57 -> 0.95829787 | S57: 0.30625 | T57: 0.33888889 | U57: =(S57-T56)*24*60 -> 7 | V57: =(T57-S57)*24*60 -> 47 | AE57: =M57-J57 -> -125.10638 | AF57: =M57/J57 -> 0.95829787
A58: 新豐10線 | B58: 調理麵包 | C58: 美式雞腿堡 | E58: 35.87 | F58: 783 | G58: =E58*F58 -> 28086.21 | I58: 9 | J58: 3000 | K58: =J58/I58 -> 333.33333 | L58: 9 | M58: =F58/V58*60 -> 2936.25 | N58: =M58/L58 -> 326.25 | O58: =L58-I58 -> 0 | P58: =N58-K58 -> -7.0833333 | Q58: =N58/K58 -> 0.97875 | S58: 0.34375 | T58: 0.35486111 | U58: =(S58-T57)*24*60 -> 7 | V58: =(T58-S58)*24*60 -> 16 | AE58: =M58-J58 -> -63.75 | AF58: =M58/J58 -> 0.97875
A59: 新豐10線 | B59: 調理麵包 | C59: 益活雞力能量堡 | E59: 33.77 | F59: 3472 | G59: =E59*F59 -> 117249.44 | I59: 12 | J59: 3000 | K59: =J59/I59 -> 250 | L59: 12 | M59: =F59/V59*60 -> 2853.6986 | N59: =M59/L59 -> 237.80822 | O59: =L59-I59 -> 0 | P59: =N59-K59 -> -12.191781 | Q59: =N59/K59 -> 0.95123288 | S59: 0.35902778 | T59: 0.40972222 | U59: =(S59-T58)*24*60 -> 6 | V59: =(T59-S59)*24*60 -> 73 | AE59: =M59-J59 -> -146.30137 | AF59: =M59/J59 -> 0.95123288
A60: 新豐10線 | B60: 平均 | I60: 10.2 | J60: 3000 | K60: =J60/I60 -> 294.11765 | L60: 10.2 | M60: =AVERAGE(M55:M59) -> 2876.4542 | N60: =M60/L60 -> 282.00531 | O60: =L60-I60 -> 0 | P60: =N60-K60 -> -12.112337 | Q60: =N60/K60 -> 0.95881805 | Y60: =SUM(Y55:Y59) -> 0 | Z60: =SUM(Z55:Z59) -> 0 | AC60: 5 | AD60: =SUM(AD55:AD59) -> 0 | AE60: =M60-J60 -> -123.54584 | AF60: =M60/J60 -> 0.95881805
A61: 新豐4線 | B61: 三明治 | C61: 火腿起司蛋三明治 | E61: 19.02 | F61: 8049 | G61: =E61*F61 -> 153091.98 | I61: 14 | J61: 2400 | K61: =J61/I61 -> 171.42857 | L61: 14 | M61: =F61/V61*60 -> 2288.8152 | N61: =M61/L61 -> 163.4868 | O61: =L61-I61 -> 0 | P61: =N61-K61 -> -7.9417739 | Q61: =N61/K61 -> 0.95367299 | R61: =Q67 -> 0.95822568 | S61: 0.083333333 | T61: 0.22986111 | V61: =(T61-S61)*24*60 -> 211 | W61: =T61 -> 0.22986111 | X61: =S62 -> 0.25 | AC61: 6 | AE61: =M61-J61 -> -111.18483 | AF61: =M61/J61 -> 0.95367299 | AG61: =AF67 -> 0.95822568
A62: 新豐4線 | B62: 三明治 | C62: 肉鬆火腿三明治(115年) | E62: 20.36 | F62: 3171 | G62: =E62*F62 -> 64561.56 | I62: 17 | J62: 2400 | K62: =J62/I62 -> 141.17647 | L62: 17 | M62: =F62/V62*60 -> 2292.2892 | N62: =M62/L62 -> 134.84054 | O62: =L62-I62 -> 0 | P62: =N62-K62 -> -6.335932 | Q62: =N62/K62 -> 0.95512048 | S62: 0.25 | T62: 0.30763889 | U62: =(S62-T61)*24*60 -> 29 | V62: =(T62-S62)*24*60 -> 83 | AE62: =M62-J62 -> -107.71084 | AF62: =M62/J62 -> 0.95512048
A63: 新豐4線 | B63: 三明治 | C63: 紅豆黑糖麻糬三明治 | E63: 23.8 | F63: 1809 | G63: =E63*F63 -> 43054.2 | I63: 16 | J63: 2400 | K63: =J63/I63 -> 150 | L63: 16 | M63: =F63/V63*60 -> 2309.3617 | N63: =M63/L63 -> 144.33511 | O63: =L63-I63 -> 0 | P63: =N63-K63 -> -5.6648936 | Q63: =N63/K63 -> 0.96223404 | S63: 0.3125 | T63: 0.34513889 | U63: =(S63-T62)*24*60 -> 7 | V63: =(T63-S63)*24*60 -> 47 | AE63: =M63-J63 -> -90.638298 | AF63: =M63/J63 -> 0.96223404
A64: 新豐4線 | B64: 三明治 | C64: 水果聖代三明治 | E64: 28.29 | F64: 1843 | G64: =E64*F64 -> 52138.47 | I64: 19 | J64: 2400 | K64: =J64/I64 -> 126.31579 | L64: 19 | M64: =F64/V64*60 -> 2303.75 | N64: =M64/L64 -> 121.25 | O64: =L64-I64 -> 0 | P64: =N64-K64 -> -5.0657895 | Q64: =N64/K64 -> 0.95989583 | S64: 0.35069444 | T64: 0.38402778 | U64: =(S64-T63)*24*60 -> 8 | V64: =(T64-S64)*24*60 -> 48 | AE64: =M64-J64 -> -96.25 | AF64: =M64/J64 -> 0.95989583
A65: 新豐4線 | B65: 三明治 | C65: 起司芋見肉鬆三明治 | E65: 25.98 | F65: 1159 | G65: =E65*F65 -> 30110.82 | I65: 17 | J65: 2400 | K65: =J65/I65 -> 141.17647 | L65: 17 | M65: =F65/V65*60 -> 2318 | N65: =M65/L65 -> 136.35294 | O65: =L65-I65 -> 0 | P65: =N65-K65 -> -4.8235294 | Q65: =N65/K65 -> 0.96583333 | S65: 0.38888889 | T65: 0.40972222 | U65: =(S65-T64)*24*60 -> 7 | V65: =(T65-S65)*24*60 -> 30 | AE65: =M65-J65 -> -82 | AF65: =M65/J65 -> 0.96583333
A66: 新豐4線 | B66: 三明治 | C66: 輕乳酪巧克力三明治 | E66: 20.51 | F66: 5868 | G66: =E66*F66 -> 120352.68 | I66: 14 | J66: 2400 | K66: =J66/I66 -> 171.42857 | L66: 14 | M66: =F66/V66*60 -> 2286.2338 | N66: =M66/L66 -> 163.30241 | O66: =L66-I66 -> 0 | P66: =N66-K66 -> -8.1261596 | Q66: =N66/K66 -> 0.9525974 | S66: 0.41319444 | T66: 0.52013889 | U66: =(S66-T65)*24*60 -> 5 | V66: =(T66-S66)*24*60 -> 154 | AE66: =M66-J66 -> -113.76623 | AF66: =M66/J66 -> 0.9525974
A67: 新豐4線 | B67: 平均 | I67: 16.166667 | J67: 2400 | K67: =J67/I67 -> 148.45361 | L67: 16.166667 | M67: =AVERAGE(M61:M66) -> 2299.7416 | N67: =M67/L67 -> 142.25206 | O67: =L67-I67 -> 0 | P67: =N67-K67 -> -6.2015485 | Q67: =N67/K67 -> 0.95822568 | Y67: =SUM(Y61:Y66) -> 0 | Z67: =SUM(Z61:Z66) -> 0 | AC67: 6 | AD67: =SUM(AD61:AD66) -> 0 | AE67: =M67-J67 -> -100.25837 | AF67: =M67/J67 -> 0.95822568

Sheet 1001
B1: 屏榮 新豐廠組合室生產人時性分析
B3: 日期 | C3: =TEXT('1001 4度C'!A2,"yyyy.mm.ddaaaa") -> 2026.10.01星期四 | E3: 訂單量 | F3: ='1001 4度C'!D1 -> 162859 | H3: 營業額 | I3: ='1001 4度C'!F1 -> 5449297
B4: 人時性 | C4: 項目 | E4: ➀ | G4: ➁ | I4: ➂ | K4: 異常停線 | M4: 短暫停線
C5: 組合室 | E5: 全溫層 | G5: 4度C-各編組展開 | I5: ③三明治-各編組展開 | K5: 合計次數 | L5: 時間 | M5: 合計次數 | N5: 設備次數
C6: 排關平均 | E6: =AVERAGE(D13:M13) -> 150.90925 | F6: =AVERAGE(D31:O31,D13:J13) -> 155.69986 | G6: =AVERAGE(D13:J13) -> 155.69986 | I6: =AVERAGE(K13:M13) -> 139.73114 | K6: ='1001 4度C'!Y2 -> 0 | L6: ='1001 4度C'!Z2 -> 0 | M6: ='1001 4度C'!AC2 -> 56 | N6: ='1001 4度C'!AD2 -> 0
C7: 實績平均 | E7: =AVERAGE(D14:M14) -> 144.70231 | F7: =AVERAGE(D32:O32,D14:J14) -> 149.31574 | G7: =AVERAGE(D14:J14) -> 149.31574 | I7: =AVERAGE(K14:M14) -> 133.93764
C8: 達成率平均 | E8: =AVERAGE(D15:M15) -> 0.95878585 | F8: =AVERAGE(D15:J15,D33:O33) -> 0.95891529 | G8: =AVERAGE(D15:J15) -> 0.95891529 | I8: =AVERAGE(K15:M15) -> 0.95848382
K9: ※現行日本鮮食廠以達成率80%為基本(即為現行KPI)
B10: 溫層 | D10: ➁4度C-各編組展開 | K10: ③三明治-各編組展開
B11: 編組 | D11: 1 | E11: 2 | F11: 3 | G11: 4 | H11: 5 | I11: 6 | J11: 7 | K11: 1 | L11: 2 | M11: 3
D12: 新豐6線 | E12: 新豐2線 | F12: 新豐5線 | G12: 新豐7線 | H12: 新豐3線 | I12: 新豐1線 | J12: 新豐10線 | K12: 新豐8線 | L12: 新豐9線 | M12: 新豐4線
B13: 人時性 | C13: 排關 | D13: =SUMIFS('1001 4度C'!$K:$K,'1001 4度C'!$A:$A,"新豐6線",'1001 4度C'!$B:$B,"平均") -> 130.43478 | E13: =SUMIFS('1001 4度C'!$K:$K,'1001 4度C'!$A:$A,"新豐2線",'1001 4度C'!$B:$B,"平均") -> 83.333333 | F13: =SUMIFS('1001 4度C'!$K:$K,'1001 4度C'!$A:$A,"新豐5線",'1001 4度C'!$B:$B,"平均") -> 105 | G13: =SUMIFS('1001 4度C'!$K:$K,'1001 4度C'!$A:$A,"新豐7線",'1001 4度C'!$B:$B,"平均") -> 125 | H13: =SUMIFS('1001 4度C'!$K:$K,'1001 4度C'!$A:$A,"新豐3線",'1001 4度C'!$B:$B,"平均") -> 242.42424 | I13: =SUMIFS('1001 4度C'!$K:$K,'1001 4度C'!$A:$A,"新豐1線",'1001 4度C'!$B:$B,"平均") -> 109.58904 | J13: =SUMIFS('1001 4度C'!$K:$K,'1001 4度C'!$A:$A,"新豐10線",'1001 4度C'!$B:$B,"平均") -> 294.11765 | K13: =SUMIFS('1001 4度C'!$K:$K,'1001 4度C'!$A:$A,"新豐8線",'1001 4度C'!$B:$B,"平均") -> 142.22222 | L13: =SUMIFS('1001 4度C'!$K:$K,'1001 4度C'!$A:$A,"新豐9線",'1001 4度C'!$B:$B,"平均") -> 125.61983 | M13: =SUMIFS('1001 4度C'!$K:$K,'1001 4度C'!$A:$A,"新豐4線",'1001 4度C'!$B:$B,"平均") -> 151.35135
C14: 實績 | D14: =SUMIFS('1001 4度C'!$N:$N,'1001 4度C'!$A:$A,"新豐6線",'1001 4度C'!$B:$B,"平均") -> 124.97843 | E14: =SUMIFS('1001 4度C'!$N:$N,'1001 4度C'!$A:$A,"新豐2線",'1001 4度C'!$B:$B,"平均") -> 79.552813 | F14: =SUMIFS('1001 4度C'!$N:$N,'1001 4度C'!$A:$A,"新豐5線",'1001 4度C'!$B:$B,"平均") -> 101.17409 | G14: =SUMIFS('1001 4度C'!$N:$N,'1001 4度C'!$A:$A,"新豐7線",'1001 4度C'!$B:$B,"平均") -> 119.35559 | H14: =SUMIFS('1001 4度C'!$N:$N,'1001 4度C'!$A:$A,"新豐3線",'1001 4度C'!$B:$B,"平均") -> 231.49647 | I14: =SUMIFS('1001 4度C'!$N:$N,'1001 4度C'!$A:$A,"新豐1線",'1001 4度C'!$B:$B,"平均") -> 105.65162 | J14: =SUMIFS('1001 4度C'!$N:$N,'1001 4度C'!$A:$A,"新豐10線",'1001 4度C'!$B:$B,"平均") -> 283.00114 | K14: =SUMIFS('1001 4度C'!$N:$N,'1001 4度C'!$A:$A,"新豐8線",'1001 4度C'!$B:$B,"平均") -> 136.58088 | L14: =SUMIFS('1001 4度C'!$N:$N,'1001 4度C'!$A:$A,"新豐9線",'1001 4度C'!$B:$B,"平均") -> 120.21076 | M14: =SUMIFS('1001 4度C'!$N:$N,'1001 4度C'!$A:$A,"新豐4線",'1001 4度C'!$B:$B,"平均") -> 145.02128
C15: 達成率 | D15: =D14/D13 -> 0.95816799 | E15: =E14/E13 -> 0.95463376 | F15: =F14/F13 -> 0.96356276 | G15: =G14/G13 -> 0.95484471 | H15: =H14/H13 -> 0.95492293 | I15: =I14/I13 -> 0.96407102 | J15: =J14/J13 -> 0.96220389 | K15: =K14/K13 -> 0.96033428 | ... M15: =M14/M13 -> 0.95817629
B16: 作業 時間 | C16: 開始 | D16: =VLOOKUP("新豐6線",'1001 4度C'!$A:$T,19,0) -> 0.70833333 | E16: =VLOOKUP("新豐2線",'1001 4度C'!$A:$T,19,0) -> 0.083333333 | F16: =VLOOKUP("新豐5線",'1001 4度C'!$A:$T,19,0) -> 0.25 | G16: =VLOOKUP("新豐7線",'1001 4度C'!$A:$T,19,0) -> 0.20833333 | H16: =VLOOKUP("新豐3線",'1001 4度C'!$A:$T,19,0) -> 0.20833333 | I16: =VLOOKUP("新豐1線",'1001 4度C'!$A:$T,19,0) -> 0.20833333 | J16: =VLOOKUP("新豐10線",'1001 4度C'!$A:$T,19,0) -> 0.20833333 | K16: =VLOOKUP("新豐8線",'1001 4度C'!$A:$T,19,0) -> 0.083333333 | L16: =VLOOKUP("新豐9線",'1001 4度C'!$A:$T,19,0) -> 0.083333333 | M16: =VLOOKUP("新豐4線",'1001 4度C'!$A:$T,19,0) -> 0.083333333
C17: 結束 | D17: =LOOKUP(2,1/(('1001 4度C'!$A:$A="新豐6線")*('1001 4度C'!$T:$T<>"")),'1001 4度C'!$T:$T) -> 0.83194444 | E17: =LOOKUP(2,1/(('1001 4度C'!$A:$A="新豐2線")*('1001 4度C'!$T:$T<>"")),'1001 4度C'!$T:$T) -> 0.40208333 | F17: =LOOKUP(2,1/(('1001 4度C'!$A:$A="新豐5線")*('1001 4度C'!$T:$T<>"")),'1001 4度C'!$T:$T) -> 0.80625 | G17: =LOOKUP(2,1/(('1001 4度C'!$A:$A="新豐7線")*('1001 4度C'!$T:$T<>"")),'1001 4度C'!$T:$T) -> 0.8375 | H17: =LOOKUP(2,1/(('1001 4度C'!$A:$A="新豐3線")*('1001 4度C'!$T:$T<>"")),'1001 4度C'!$T:$T) -> 0.45486111 | I17: =LOOKUP(2,1/(('1001 4度C'!$A:$A="新豐1線")*('1001 4度C'!$T:$T<>"")),'1001 4度C'!$T:$T) -> 0.81388889 | J17: =LOOKUP(2,1/(('1001 4度C'!$A:$A="新豐10線")*('1001 4度C'!$T:$T<>"")),'1001 4度C'!$T:$T) -> 0.44583333 | K17: =LOOKUP(2,1/(('1001 4度C'!$A:$A="新豐8線")*('1001 4度C'!$T:$T<>"")),'1001 4度C'!$T:$T) -> 0.69305556 | L17: =LOOKUP(2,1/(('1001 4度C'!$A:$A="新豐9線")*('1001 4度C'!$T:$T<>"")),'1001 4度C'!$T:$T) -> 0.69097222 | M17: =LOOKUP(2,1/(('1001 4度C'!$A:$A="新豐4線")*('1001 4度C'!$T:$T<>"")),'1001 4度C'!$T:$T) -> 0.66180556
B18: 產線異常 (5分鐘以上) | C18: 次數 | D18: =SUMIFS('1001 4度C'!$Y:$Y,'1001 4度C'!$A:$A,"新豐6線",'1001 4度C'!$B:$B,"平均") -> 0 | E18: =SUMIFS('1001 4度C'!$Y:$Y,'1001 4度C'!$A:$A,"新豐2線",'1001 4度C'!$B:$B,"平均") -> 0 | F18: =SUMIFS('1001 4度C'!$Y:$Y,'1001 4度C'!$A:$A,"新豐5線",'1001 4度C'!$B:$B,"平均") -> 0 | G18: =SUMIFS('1001 4度C'!$Y:$Y,'1001 4度C'!$A:$A,"新豐7線",'1001 4度C'!$B:$B,"平均") -> 0 | H18: =SUMIFS('1001 4度C'!$Y:$Y,'1001 4度C'!$A:$A,"新豐3線",'1001 4度C'!$B:$B,"平均") -> 0 | I18: =SUMIFS('1001 4度C'!$Y:$Y,'1001 4度C'!$A:$A,"新豐1線",'1001 4度C'!$B:$B,"平均") -> 0 | J18: =SUMIFS('1001 4度C'!$Y:$Y,'1001 4度C'!$A:$A,"新豐10線",'1001 4度C'!$B:$B,"平均") -> 0 | K18: =SUMIFS('1001 4度C'!$Y:$Y,'1001 4度C'!$A:$A,"新豐8線",'1001 4度C'!$B:$B,"平均") -> 0 | L18: =SUMIFS('1001 4度C'!$Y:$Y,'1001 4度C'!$A:$A,"新豐9線",'1001 4度C'!$B:$B,"平均") -> 0 | M18: =SUMIFS('1001 4度C'!$Y:$Y,'1001 4度C'!$A:$A,"新豐4線",'1001 4度C'!$B:$B,"平均") -> 0
C19: 時間/分 | D19: =SUMIFS('1001 4度C'!$Z:$Z,'1001 4度C'!$A:$A,"新豐6線",'1001 4度C'!$B:$B,"平均") -> 0 | E19: =SUMIFS('1001 4度C'!$Z:$Z,'1001 4度C'!$A:$A,"新豐2線",'1001 4度C'!$B:$B,"平均") -> 0 | F19: =SUMIFS('1001 4度C'!$Z:$Z,'1001 4度C'!$A:$A,"新豐5線",'1001 4度C'!$B:$B,"平均") -> 0 | G19: =SUMIFS('1001 4度C'!$Z:$Z,'1001 4度C'!$A:$A,"新豐7線",'1001 4度C'!$B:$B,"平均") -> 0 | H19: =SUMIFS('1001 4度C'!$Z:$Z,'1001 4度C'!$A:$A,"新豐3線",'1001 4度C'!$B:$B,"平均") -> 0 | I19: =SUMIFS('1001 4度C'!$Z:$Z,'1001 4度C'!$A:$A,"新豐1線",'1001 4度C'!$B:$B,"平均") -> 0 | J19: =SUMIFS('1001 4度C'!$Z:$Z,'1001 4度C'!$A:$A,"新豐10線",'1001 4度C'!$B:$B,"平均") -> 0 | K19: =SUMIFS('1001 4度C'!$Z:$Z,'1001 4度C'!$A:$A,"新豐8線",'1001 4度C'!$B:$B,"平均") -> 0 | L19: =SUMIFS('1001 4度C'!$Z:$Z,'1001 4度C'!$A:$A,"新豐9線",'1001 4度C'!$B:$B,"平均") -> 0 | M19: =SUMIFS('1001 4度C'!$Z:$Z,'1001 4度C'!$A:$A,"新豐4線",'1001 4度C'!$B:$B,"平均") -> 0
B20: 短暫停線 (5分鐘以下) | C20: 次數 | D20: =SUMIFS('1001 4度C'!$AC:$AC,'1001 4度C'!$A:$A,"新豐6線",'1001 4度C'!$B:$B,"平均") -> 3 | E20: =SUMIFS('1001 4度C'!$AC:$AC,'1001 4度C'!$A:$A,"新豐2線",'1001 4度C'!$B:$B,"平均") -> 2 | F20: =SUMIFS('1001 4度C'!$AC:$AC,'1001 4度C'!$A:$A,"新豐5線",'1001 4度C'!$B:$B,"平均") -> 6 | G20: =SUMIFS('1001 4度C'!$AC:$AC,'1001 4度C'!$A:$A,"新豐7線",'1001 4度C'!$B:$B,"平均") -> 7 | H20: =SUMIFS('1001 4度C'!$AC:$AC,'1001 4度C'!$A:$A,"新豐3線",'1001 4度C'!$B:$B,"平均") -> 3 | I20: =SUMIFS('1001 4度C'!$AC:$AC,'1001 4度C'!$A:$A,"新豐1線",'1001 4度C'!$B:$B,"平均") -> 8 | J20: =SUMIFS('1001 4度C'!$AC:$AC,'1001 4度C'!$A:$A,"新豐10線",'1001 4度C'!$B:$B,"平均") -> 5 | K20: =SUMIFS('1001 4度C'!$AC:$AC,'1001 4度C'!$A:$A,"新豐8線",'1001 4度C'!$B:$B,"平均") -> 8 | L20: =SUMIFS('1001 4度C'!$AC:$AC,'1001 4度C'!$A:$A,"新豐9線",'1001 4度C'!$B:$B,"平均") -> 7 | M20: =SUMIFS('1001 4度C'!$AC:$AC,'1001 4度C'!$A:$A,"新豐4線",'1001 4度C'!$B:$B,"平均") -> 7
C21: 設備次數 | D21: =SUMIFS('1001 4度C'!$AD:$AD,'1001 4度C'!$A:$A,"新豐6線",'1001 4度C'!$B:$B,"平均") -> 0 | E21: =SUMIFS('1001 4度C'!$AD:$AD,'1001 4度C'!$A:$A,"新豐2線",'1001 4度C'!$B:$B,"平均") -> 0 | F21: =SUMIFS('1001 4度C'!$AD:$AD,'1001 4度C'!$A:$A,"新豐5線",'1001 4度C'!$B:$B,"平均") -> 0 | G21: =SUMIFS('1001 4度C'!$AD:$AD,'1001 4度C'!$A:$A,"新豐7線",'1001 4度C'!$B:$B,"平均") -> 0 | H21: =SUMIFS('1001 4度C'!$AD:$AD,'1001 4度C'!$A:$A,"新豐3線",'1001 4度C'!$B:$B,"平均") -> 0 | I21: =SUMIFS('1001 4度C'!$AD:$AD,'1001 4度C'!$A:$A,"新豐1線",'1001 4度C'!$B:$B,"平均") -> 0 | J21: =SUMIFS('1001 4度C'!$AD:$AD,'1001 4度C'!$A:$A,"新豐10線",'1001 4度C'!$B:$B,"平均") -> 0 | K21: =SUMIFS('1001 4度C'!$AD:$AD,'1001 4度C'!$A:$A,"新豐8線",'1001 4度C'!$B:$B,"平均") -> 0 | L21: =SUMIFS('1001 4度C'!$AD:$AD,'1001 4度C'!$A:$A,"新豐9線",'1001 4度C'!$B:$B,"平均") -> 0 | M21: =SUMIFS('1001 4度C'!$AD:$AD,'1001 4度C'!$A:$A,"新豐4線",'1001 4度C'!$B:$B,"平均") -> 0
B22: 配置人數 | D22: =SUMIFS('1001 4度C'!$I:$I,'1001 4度C'!$A:$A,"新豐6線",'1001 4度C'!$B:$B,"平均") -> 15.333333 | E22: =SUMIFS('1001 4度C'!$I:$I,'1001 4度C'!$A:$A,"新豐2線",'1001 4度C'!$B:$B,"平均") -> 18 | F22: =SUMIFS('1001 4度C'!$I:$I,'1001 4度C'!$A:$A,"新豐5線",'1001 4度C'!$B:$B,"平均") -> 16.666667 | G22: =SUMIFS('1001 4度C'!$I:$I,'1001 4度C'!$A:$A,"新豐7線",'1001 4度C'!$B:$B,"平均") -> 16 | H22: =SUMIFS('1001 4度C'!$I:$I,'1001 4度C'!$A:$A,"新豐3線",'1001 4度C'!$B:$B,"平均") -> 11 | I22: =SUMIFS('1001 4度C'!$I:$I,'1001 4度C'!$A:$A,"新豐1線",'1001 4度C'!$B:$B,"平均") -> 18.25 | J22: =SUMIFS('1001 4度C'!$I:$I,'1001 4度C'!$A:$A,"新豐10線",'1001 4度C'!$B:$B,"平均") -> 10.2 | K22: =SUMIFS('1001 4度C'!$I:$I,'1001 4度C'!$A:$A,"新豐8線",'1001 4度C'!$B:$B,"平均") -> 16.875 | L22: =SUMIFS('1001 4度C'!$I:$I,'1001 4度C'!$A:$A,"新豐9線",'1001 4度C'!$B:$B,"平均") -> 17.285714 | M22: =SUMIFS('1001 4度C'!$I:$I,'1001 4度C'!$A:$A,"新豐4線",'1001 4度C'!$B:$B,"平均") -> 15.857143
B23: 主要應用設備 | D23: ET-55 | E23: 熱縮爐 | F23: L型包裝機 | G23: L型包裝機 | H23: 伺服包裝機 | I23: ET-55 | J23: 伺服包裝機 | K23: 三明治包裝機 | L23: 三明治包裝機 | M23: 三明治包裝機
B24: 次要應用設備 | F24: 圓盤機 | G24: ET-55
B25: 備註 | E25: 握沙拉 | F25: 共用L型包裝機 | H25: 調理麵包 | I25: 炒飯+沙拉 | J25: 調理麵包

Sheet 1001 4度C
A1: 新豐廠四度C日報分析 | C1: 總生產量 | D1: =SUM(F5:F70) -> 162859 | E1: 營業額 | F1: =SUM(G5:G70) -> 5449297 | G1: 出勤人數 | H1: =L8+L11+L47+L56+L18+L62+L35+L43+L26+L70 -> 155.46786 | I1: 產線配置圖 | L1: 生產實績 | O1: 人時性差異分析 | S1: 日報登錄 | Y1: 合計 次數 | Z1: 合計 時間/分 | AA1: 產線異常 分析說明(5分鐘以上) | AC1: 合計 次數 | AD1: 合計 設備次數 | AE1: 產能差異分析
A2: 46296 | B2: 星期四 | C2: 人時性 | D2: =AVERAGE(N8,N11,N47,N56,N18,N62,N26,N35,N43,N70) -> 144.70231 | E2: 平均廠價 | F2: =F1/D1 -> 33.460214 | G2: 多次生產數 | H2: =COUNT(H5:H70) -> 5 | Y2: =SUM(Y8+Y11+Y18+Y26+Y35+Y43+Y47+Y56+Y62+Y70) -> 0 | Z2: =SUM(Z8+Z11+Z18+Z26+Z35+Z43+Z47+Z56+Z62+Z70) -> 0 | AC2: =SUM(AC8+AC11+AC18+AC26+AC35+AC43+AC47+AC56+AC62+AC70) -> 56 | AD2: =SUM(AD8+AD11+AD18+AD26+AD35+AD43+AD47+AD56+AD62+AD70) -> 0
A3: 線別 | B3: 品類 | C3: 品名 | E3: 廠價 | F3: 生產量 | G3: 營收 | H3: 多次 生產 | I3: 人數 | J3: 產能/時 | K3: 人時性 | L3: 人數 | M3: 產能/時 | N3: 人時性 | O3: 人數 | P3: 人時性 | Q3: 達成率 | R3: 達成率平均 | S3: 生產時間 | U3: 換線、休息/分 | V3: 稼動時間/分 | W3: 休息時間 | Y3: 產線異常統計 (5分鐘以上) | AA3: (新豐回填) | AC3: 短暫停線統計 (5分鐘以下) | AE3: 產能/時 | AF3: 達成率 | AG3: 達成率平均
S4: 開始 | T4: 結束 | W4: 開始 | X4: 結束 | Y4: 次數 | Z4: 時間/分 | AC4: 總次數 | AD4: 設備因素(次數)
A5: 新豐6線 | B5: 微波主食 | C5: 二配金咖哩果香甘口咖哩飯 | E5: 50.92 | F5: 1854 | G5: =E5*F5 -> 94405.68 | I5: 15 | J5: 2000 | K5: =J5/I5 -> 133.33333 | L5: 15 | M5: =F5/V5*60 -> 1917.931 | N5: =M5/L5 -> 127.86207 | O5: =L5-I5 -> 0 | P5: =N5-K5 -> -5.4712644 | Q5: =N5/K5 -> 0.95896552 | R5: =Q8 -> 0.95816799 | S5: 0.70833333 | T5: 0.74861111 | V5: =(T5-S5)*24*60 -> 58 | AC5: 3 | AE5: =M5-J5 -> -82.068966 | AF5: =M5/J5 -> 0.95896552 | AG5: =AF8 -> 0.95816799
A6: 新豐6線 | B6: 微波主食 | C6: 二配金咖哩濃厚辛口咖哩飯 | E6: 50.98 | F6: 2067 | G6: =E6*F6 -> 105375.66 | I6: 16 | J6: 2000 | K6: =J6/I6 -> 125 | L6: 16 | M6: =F6/V6*60 -> 1908 | N6: =M6/L6 -> 119.25 | O6: =L6-I6 -> 0 | P6: =N6-K6 -> -5.75 | Q6: =N6/K6 -> 0.954 | S6: 0.75416667 | T6: 0.79930556 | U6: =IF(S6=TIME(17,0,0),"",(S6-T5)*24*60) -> 8 | V6: =(T6-S6)*24*60 -> 65 | AE6: =M6-J6 -> -92 | AF6: =M6/J6 -> 0.954
A7: 新豐6線 | B7: 微波主食 | C7: 二配泰式綠咖哩雞 | E7: 50.67 | F7: 1250 | G7: =E7*F7 -> 63337.5 | I7: 15 | J7: 2000 | K7: =J7/I7 -> 133.33333 | L7: 15 | M7: =F7/V7*60 -> 1923.0769 | N7: =M7/L7 -> 128.20513 | O7: =L7-I7 -> 0 | P7: =N7-K7 -> -5.1282051 | Q7: =N7/K7 -> 0.96153846 | S7: 0.80486111 | T7: 0.83194444 | U7: =IF(S7=TIME(17,0,0),"",(S7-T6)*24*60) -> 8 | V7: =(T7-S7)*24*60 -> 39 | AE7: =M7-J7 -> -76.923077 | AF7: =M7/J7 -> 0.96153846
A8: 新豐6線 | B8: 平均 | I8: 15.333333 | J8: 2000 | K8: =J8/I8 -> 130.43478 | L8: 15.333333 | M8: =AVERAGE(M5:M7) -> 1916.336 | N8: =M8/L8 -> 124.97843 | O8: =L8-I8 -> 0 | P8: =N8-K8 -> -5.4563487 | Q8: =N8/K8 -> 0.95816799 | Y8: =SUM(Y5:Y7) -> 0 | Z8: =SUM(Z5:Z7) -> 0 | AC8: 3 | AD8: =SUM(AD5:AD7) -> 0 | AE8: =M8-J8 -> -83.664014 | AF8: =M8/J8 -> 0.95816799
A9: 新豐2線 | B9: 沙拉 | C9: 青醬優格雞肉握沙拉(113年) | E9: 39.62 | F9: 4065 | G9: =E9*F9 -> 161055.3 | I9: 19 | J9: 1500 | K9: =J9/I9 -> 78.947368 | L9: 19 | M9: =F9/V9*60 -> 1434.7059 | N9: =M9/L9 -> 75.510836 | O9: =L9-I9 -> 0 | P9: =N9-K9 -> -3.4365325 | Q9: =N9/K9 -> 0.95647059 | R9: =Q11 -> 0.95463376 | S9: 0.083333333 | T9: 0.20138889 | V9: =(T9-S9)*24*60 -> 170 | W9: =T9 -> 0.20138889 | X9: =S10 -> 0.22083333 | AC9: 2 | AE9: =M9-J9 -> -65.294118 | AF9: =M9/J9 -> 0.95647059 | AG9: =AF11 -> 0.95463376
A10: 新豐2線 | B10: 沙拉 | C10: 青檸烤雞握沙拉(113年) | E10: 39.8 | F10: 6217 | G10: =E10*F10 -> 247436.6 | I10: 17 | J10: 1500 | K10: =J10/I10 -> 88.235294 | L10: 17 | M10: =F10/V10*60 -> 1429.1954 | N10: =M10/L10 -> 84.070318 | O10: =L10-I10 -> 0 | P10: =N10-K10 -> -4.1649763 | Q10: =N10/K10 -> 0.95279693 | S10: 0.22083333 | T10: 0.40208333 | U10: =IF(S10=TIME(17,0,0),"",(S10-T9)*24*60) -> 28 | V10: =(T10-S10)*24*60 -> 261 | AE10: =M10-J10 -> -70.804598 | AF10: =M10/J10 -> 0.95279693
A11: 新豐2線 | B11: 平均 | I11: 18 | J11: 1500 | K11: =J11/I11 -> 83.333333 | L11: 18 | M11: =AVERAGE(M9:M10) -> 1431.9506 | N11: =M11/L11 -> 79.552813 | O11: =L11-I11 -> 0 | P11: =N11-K11 -> -3.7805199 | Q11: =N11/K11 -> 0.95463376 | Y11: =SUM(Y9:Y10) -> 0 | Z11: =SUM(Z9:Z10) -> 0 | AC11: 2 | AD11: =SUM(AD9:AD10) -> 0 | AE11: =M11-J11 -> -68.049358 | AF11: =M11/J11 -> 0.95463376
A12: 新豐5線 | B12: 季節調理麵 | C12: 台式麻醬涼麵(115年) | E12: 31.11 | F12: 2030 | G12: =E12*F12 -> 63153.3 | I12: 14 | J12: 2000 | K12: =J12/I12 -> 142.85714 | L12: 14 | M12: =F12/V12*60 -> 1933.3333 | N12: =M12/L12 -> 138.09524 | O12: =L12-I12 -> 0 | P12: =N12-K12 -> -4.7619048 | Q12: =N12/K12 -> 0.96666667 | R12: =Q18 -> 0.96356276 | S12: 0.25 | T12: 0.29375 | V12: =(T12-S12)*24*60 -> 63 | AC12: 6 | AE12: =M12-J12 -> -66.666667 | AF12: =M12/J12 -> 0.96666667 | AG12: =AF18 -> 0.96356276
A13: 新豐5線 | B13: 小吃 | C13: 剝皮辣椒雞湯 | E13: 41 | F13: 1583 | G13: =E13*F13 -> 64903 | I13: 26 | J13: 1500 | K13: =J13/I13 -> 57.692308 | L13: 26 | M13: =F13/V13*60 -> 1439.0909 | N13: =M13/L13 -> 55.34965 | O13: =L13-I13 -> 0 | P13: =N13-K13 -> -2.3426573 | Q13: =N13/K13 -> 0.95939394 | S13: 0.29930556 | T13: 0.34513889 | U13: =IF(S13=TIME(17,0,0),"",(S13-T12)*24*60) -> 8 | V13: =(T13-S13)*24*60 -> 66 | AE13: =M13-J13 -> -60.909091 | AF13: =M13/J13 -> 0.95939394
A14: 新豐5線 | B14: 沙拉 | C14: 厚蛋時蔬握沙拉 | E14: 39.46 | F14: 2218 | G14: =E14*F14 -> 87522.28 | I14: 15 | J14: 1500 | K14: =J14/I14 -> 100 | L14: 15 | M14: =F14/V14*60 -> 1430.9677 | N14: =M14/L14 -> 95.397849 | O14: =L14-I14 -> 0 | P14: =N14-K14 -> -4.6021505 | Q14: =N14/K14 -> 0.95397849 | S14: 0.34930556 | T14: 0.41388889 | U14: =IF(S14=TIME(17,0,0),"",(S14-T13)*24*60) -> 6 | V14: =(T14-S14)*24*60 -> 93 | AE14: =M14-J14 -> -69.032258 | AF14: =M14/J14 -> 0.95397849
A15: 新豐5線 | B15: 微波主食 | C15: 二配打拋風味豬肉飯 | E15: 51.06 | F15: 2442 | G15: =E15*F15 -> 124688.52 | I15: 13 | J15: 2000 | K15: =J15/I15 -> 153.84615 | L15: 13 | M15: =F15/V15*60 -> 1902.8571 | N15: =M15/L15 -> 146.37363 | O15: =L15-I15 -> 0 | P15: =N15-K15 -> -7.4725275 | Q15: =N15/K15 -> 0.95142857 | S15: 0.70833333 | T15: 0.76180556 | U15: =IF(S15=TIME(17,0,0),"",(S15-T14)*24*60) | V15: =(T15-S15)*24*60 -> 77 | AE15: =M15-J15 -> -97.142857 | AF15: =M15/J15 -> 0.95142857
A16: 新豐5線 | B16: 微波主食 | C16: 二配厚香料優格咖哩雞排飯 | E16: 56.43 | F16: 929 | G16: =E16*F16 -> 52423.47 | I16: 13 | J16: 2000 | K16: =J16/I16 -> 153.84615 | L16: 13 | M16: =F16/V16*60 -> 1922.069 | N16: =M16/L16 -> 147.85146 | O16: =L16-I16 -> 0 | P16: =N16-K16 -> -5.994695 | Q16: =N16/K16 -> 0.96103448 | S16: 0.76597222 | T16: 0.78611111 | U16: =IF(S16=TIME(17,0,0),"",(S16-T15)*24*60) -> 6 | V16: =(T16-S16)*24*60 -> 29 | AE16: =M16-J16 -> -77.931034 | AF16: =M16/J16 -> 0.96103448
A17: 新豐5線 | B17: 微波主食 | C17: 二配玉米濃湯焗烤飯 | E17: 54.5 | F17: 546 | G17: =E17*F17 -> 29757 | I17: 19 | J17: 1500 | K17: =J17/I17 -> 78.947368 | L17: 19 | M17: =F17/V17*60 -> 1489.0909 | N17: =M17/L17 -> 78.373206 | O17: =L17-I17 -> 0 | P17: =N17-K17 -> -0.57416268 | Q17: =N17/K17 -> 0.99272727 | S17: 0.79097222 | T17: 0.80625 | U17: =IF(S17=TIME(17,0,0),"",(S17-T16)*24*60) -> 7 | V17: =(T17-S17)*24*60 -> 22 | AE17: =M17-J17 -> -10.909091 | AF17: =M17/J17 -> 0.99272727
A18: 新豐5線 | B18: 平均 | I18: 16.666667 | J18: 1750 | K18: =J18/I18 -> 105 | L18: 16.666667 | M18: =AVERAGE(M12:M17) -> 1686.2348 | N18: =M18/L18 -> 101.17409 | O18: =L18-I18 -> 0 | P18: =N18-K18 -> -3.82591 | Q18: =N18/K18 -> 0.96356276 | Y18: =SUM(Y12:Y17) -> 0 | Z18: =SUM(Z12:Z17) -> 0 | AC18: 6 | AD18: =SUM(AD12:AD17) -> 0 | AE18: =M18-J18 -> -63.765166 | AF18: =M18/J18 -> 0.96356276
A19: 新豐7線 | B19: 微波主食 | C19: 韓式泡菜豬肉豆腐丼飯 | E19: 50.67 | F19: 1602 | G19: =E19*F19 -> 81173.34 | I19: 17 | J19: 2000 | K19: =J19/I19 -> 117.64706 | L19: 17 | M19: =F19/V19*60 -> 1922.4 | N19: =M19/L19 -> 113.08235 | O19: =L19-I19 -> 0 | P19: =N19-K19 -> -4.5647059 | Q19: =N19/K19 -> 0.9612 | R19: =Q26 -> 0.95484471 | S19: 0.20833333 | T19: 0.24305556 | V19: =(T19-S19)*24*60 -> 50 | AC19: 7 | AE19: =M19-J19 -> -77.6 | AF19: =M19/J19 -> 0.9612 | AG19: =AF26 -> 0.95484471
A20: 新豐7線 | B20: 微波主食 | C20: 鐵板滑蛋炸豬排丼 | E20: 57.73 | F20: 2255 | G20: =E20*F20 -> 130181.15 | I20: 14 | J20: 2000 | K20: =J20/I20 -> 142.85714 | L20: 14 | M20: =F20/V20*60 -> 1905.6338 | N20: =M20/L20 -> 136.1167 | O20: =L20-I20 -> 0 | P20: =N20-K20 -> -6.7404427 | Q20: =N20/K20 -> 0.9528169 | S20: 0.24861111 | T20: 0.29791667 | U20: =IF(S20=TIME(17,0,0),"",(S20-T19)*24*60) -> 8 | V20: =(T20-S20)*24*60 -> 71 | AE20: =M20-J20 -> -94.366197 | AF20: =M20/J20 -> 0.9528169
A21: 新豐7線 | B21: 微波主食 | C21: 日式炙烤親子丼 | E21: 53.27 | F21: 1425 | G21: =E21*F21 -> 75909.75 | I21: 16 | J21: 2000 | K21: =J21/I21 -> 125 | L21: 16 | M21: =F21/V21*60 -> 1900 | N21: =M21/L21 -> 118.75 | O21: =L21-I21 -> 0 | P21: =N21-K21 -> -6.25 | Q21: =N21/K21 -> 0.95 | S21: 0.30208333 | T21: 0.33333333 | U21: =IF(S21=TIME(17,0,0),"",(S21-T20)*24*60) -> 6 | V21: =(T21-S21)*24*60 -> 45 | AE21: =M21-J21 -> -100 | AF21: =M21/J21 -> 0.95
A22: 新豐7線 | B22: 微波主食 | C22: 熊本麥味噌炸豬排丼飯 | E22: 57.3 | F22: 3048 | G22: =E22*F22 -> 174650.4 | I22: 16 | J22: 2000 | K22: =J22/I22 -> 125 | L22: 16 | M22: =F22/V22*60 -> 1905 | N22: =M22/L22 -> 119.0625 | O22: =L22-I22 -> 0 | P22: =N22-K22 -> -5.9375 | Q22: =N22/K22 -> 0.9525 | S22: 0.33680556 | T22: 0.40347222 | U22: =IF(S22=TIME(17,0,0),"",(S22-T21)*24*60) -> 5 | V22: =(T22-S22)*24*60 -> 96 | AE22: =M22-J22 -> -95 | AF22: =M22/J22 -> 0.9525
A23: 新豐7線 | B23: 微波主食 | C23: 二配川味麻婆燒豆腐燴飯 | E23: 50.49 | F23: 1764 | G23: =E23*F23 -> 89064.36 | I23: 15 | J23: 2000 | K23: =J23/I23 -> 133.33333 | L23: 15 | M23: =F23/V23*60 -> 1924.3636 | N23: =M23/L23 -> 128.29091 | O23: =L23-I23 -> 0 | P23: =N23-K23 -> -5.0424242 | Q23: =N23/K23 -> 0.96218182 | S23: 0.70833333 | T23: 0.74652778 | U23: =IF(S23=TIME(17,0,0),"",(S23-T22)*24*60) | V23: =(T23-S23)*24*60 -> 55 | AE23: =M23-J23 -> -75.636364 | AF23: =M23/J23 -> 0.96218182
A24: 新豐7線 | B24: 微波主食 | C24: 二配美味蟹煲 | E24: 54.09 | F24: 1495 | G24: =E24*F24 -> 80864.55 | I24: 18 | J24: 2000 | K24: =J24/I24 -> 111.11111 | L24: 18 | M24: =F24/V24*60 -> 1908.5106 | N24: =M24/L24 -> 106.02837 | O24: =L24-I24 -> 0 | P24: =N24-K24 -> -5.0827423 | Q24: =N24/K24 -> 0.95425532 | S24: 0.75069444 | T24: 0.78333333 | U24: =IF(S24=TIME(17,0,0),"",(S24-T23)*24*60) -> 6 | V24: =(T24-S24)*24*60 -> 47 | AE24: =M24-J24 -> -91.489362 | AF24: =M24/J24 -> 0.95425532
A25: 新豐7線 | B25: 微波主食 | C25: 二配港式滑蛋牛肉燴飯 | E25: 50.67 | F25: 2314 | G25: =E25*F25 -> 117250.38 | I25: 16 | J25: 2000 | K25: =J25/I25 -> 125 | L25: 16 | M25: =F25/V25*60 -> 1901.9178 | N25: =M25/L25 -> 118.86986 | O25: =L25-I25 -> 0 | P25: =N25-K25 -> -6.130137 | Q25: =N25/K25 -> 0.9509589 | S25: 0.78680556 | T25: 0.8375 | U25: =IF(S25=TIME(17,0,0),"",(S25-T24)*24*60) -> 5 | V25: =(T25-S25)*24*60 -> 73 | AE25: =M25-J25 -> -98.082192 | AF25: =M25/J25 -> 0.9509589
A26: 新豐7線 | B26: 平均 | I26: 16 | J26: 2000 | K26: =J26/I26 -> 125 | L26: 16 | M26: =AVERAGE(M19:M25) -> 1909.6894 | N26: =M26/L26 -> 119.35559 | O26: =L26-I26 -> 0 | P26: =N26-K26 -> -5.6444117 | Q26: =N26/K26 -> 0.95484471 | Y26: =SUM(Y19:Y25) -> 0 | Z26: =SUM(Z19:Z25) -> 0 | AC26: 7 | AD26: =SUM(AD19:AD25) -> 0 | AE26: =M26-J26 -> -90.310588 | AF26: =M26/J26 -> 0.95484471
A27: 新豐8線 | B27: 三明治 | C27: 紐奧良風味烤雞鮮蔬三明治 | E27: 31.29 | F27: 3700 | G27: =E27*F27 -> 115773 | H27: 2 | I27: 18 | J27: 2400 | K27: =J27/I27 -> 133.33333 | L27: 18 | M27: =F27/V27*60 -> 2288.6598 | N27: =M27/L27 -> 127.14777 | O27: =L27-I27 -> 0 | P27: =N27-K27 -> -6.185567 | Q27: =N27/K27 -> 0.95360825 | R27: =Q35 -> 0.96033428 | S27: 0.083333333 | T27: 0.15069444 | V27: =(T27-S27)*24*60 -> 97 | W27: =T27 -> 0.15069444 | X27: =S28 -> 0.16875 | AC27: 8 | AE27: =M27-J27 -> -111.34021 | AF27: =M27/J27 -> 0.95360825 | AG27: =AF35 -> 0.96033428
A28: 新豐8線 | B28: 三明治 | C28: 醬燒烤雞三明治(115年) | E28: 26.37 | F28: 6384 | G28: =E28*F28 -> 168346.08 | I28: 18 | J28: 2400 | K28: =J28/I28 -> 133.33333 | L28: 18 | M28: =F28/V28*60 -> 2293.6527 | N28: =M28/L28 -> 127.42515 | O28: =L28-I28 -> 0 | P28: =N28-K28 -> -5.9081836 | Q28: =N28/K28 -> 0.95568862 | S28: 0.16875 | T28: 0.28472222 | U28: =(S28-T27)*24*60 -> 26 | V28: =(T28-S28)*24*60 -> 167 | AE28: =M28-J28 -> -106.34731 | AF28: =M28/J28 -> 0.95568862
A29: 新豐8線 | B29: 三明治 | C29: 經典火腿玉米蛋三明治 | E29: 24.43 | F29: 4100 | G29: =E29*F29 -> 100163 | H29: 2 | I29: 14 | J29: 2400 | K29: =J29/I29 -> 171.42857 | L29: 14 | M29: =F29/V29*60 -> 2299.0654 | N29: =M29/L29 -> 164.21896 | O29: =L29-I29 -> 0 | P29: =N29-K29 -> -7.2096128 | Q29: =N29/K29 -> 0.95794393 | S29: 0.28888889 | T29: 0.36319444 | U29: =(S29-T28)*24*60 -> 6 | V29: =(T29-S29)*24*60 -> 107 | AE29: =M29-J29 -> -100.93458 | AF29: =M29/J29 -> 0.95794393
A30: 新豐8線 | B30: 三明治 | C30: 好多菜三明治 | E30: 25.98 | F30: 3855 | G30: =E30*F30 -> 100152.9 | I30: 19 | J30: 2400 | K30: =J30/I30 -> 126.31579 | L30: 19 | M30: =F30/V30*60 -> 2290.099 | N30: =M30/L30 -> 120.53153 | O30: =L30-I30 -> 0 | P30: =N30-K30 -> -5.7842626 | Q30: =N30/K30 -> 0.95420792 | S30: 0.36805556 | T30: 0.43819444 | U30: =(S30-T29)*24*60 -> 7 | V30: =(T30-S30)*24*60 -> 101 | AE30: =M30-J30 -> -109.90099 | AF30: =M30/J30 -> 0.95420792
A31: 新豐8線 | B31: 三明治 | C31: 茄汁厚起司三明治 | E31: 25.99 | F31: 1287 | G31: =E31*F31 -> 33449.13 | I31: 18 | J31: 2400 | K31: =J31/I31 -> 133.33333 | L31: 18 | M31: =F31/V31*60 -> 2340 | N31: =M31/L31 -> 130 | O31: =L31-I31 -> 0 | P31: =N31-K31 -> -3.3333333 | Q31: =N31/K31 -> 0.975 | S31: 0.44305556 | T31: 0.46597222 | U31: =(S31-T30)*24*60 -> 7 | V31: =(T31-S31)*24*60 -> 33 | AE31: =M31-J31 -> -60 | AF31: =M31/J31 -> 0.975
A32: 新豐8線 | B32: 三明治 | C32: 金黃玉米蛋三明治 | E32: 24.25 | F32: 1436 | G32: =E32*F32 -> 34823 | I32: 16 | J32: 2400 | K32: =J32/I32 -> 150 | L32: 16 | M32: =F32/V32*60 -> 2328.6486 | N32: =M32/L32 -> 145.54054 | O32: =L32-I32 -> 0 | P32: =N32-K32 -> -4.4594595 | Q32: =N32/K32 -> 0.97027027 | S32: 0.47152778 | T32: 0.49722222 | U32: =(S32-T31)*24*60 -> 8 | V32: =(T32-S32)*24*60 -> 37 | W32: =T32 -> 0.49722222 | X32: =S33 -> 0.5375 | AE32: =M32-J32 -> -71.351351 | AF32: =M32/J32 -> 0.97027027
A33: 新豐8線 | B33: 三明治 | C33: 紐奧良風味烤雞鮮蔬三明治 | E33: 31.29 | F33: 5175 | G33: =E33*F33 -> 161925.75 | I33: 18 | J33: 2400 | K33: =J33/I33 -> 133.33333 | L33: 18 | M33: =F33/V33*60 -> 2300 | N33: =M33/L33 -> 127.77778 | O33: =L33-I33 -> 0 | P33: =N33-K33 -> -5.5555556 | Q33: =N33/K33 -> 0.95833333 | S33: 0.5375 | T33: 0.63125 | U33: =(S33-T32)*24*60 -> 58 | V33: =(T33-S33)*24*60 -> 135 | AE33: =M33-J33 -> -100 | AF33: =M33/J33 -> 0.95833333
A34: 新豐8線 | B34: 三明治 | C34: 經典火腿玉米蛋三明治 | E34: 24.43 | F34: 3141 | G34: =E34*F34 -> 76734.63 | I34: 14 | J34: 2400 | K34: =J34/I34 -> 171.42857 | L34: 14 | M34: =F34/V34*60 -> 2298.2927 | N34: =M34/L34 -> 164.16376 | O34: =L34-I34 -> 0 | P34: =N34-K34 -> -7.2648084 | Q34: =N34/K34 -> 0.95762195 | S34: 0.63611111 | T34: 0.69305556 | U34: =(S34-T33)*24*60 -> 7 | V34: =(T34-S34)*24*60 -> 82 | AE34: =M34-J34 -> -101.70732 | AF34: =M34/J34 -> 0.95762195
A35: 新豐8線 | B35: 平均 | I35: 16.875 | J35: 2400 | K35: =J35/I35 -> 142.22222 | L35: 16.875 | M35: =AVERAGE(M27:M34) -> 2304.8023 | N35: =M35/L35 -> 136.58088 | O35: =L35-I35 -> 0 | P35: =N35-K35 -> -5.6413463 | Q35: =N35/K35 -> 0.96033428 | Y35: =SUM(Y27:Y34) -> 0 | Z35: =SUM(Z27:Z34) -> 0 | AC35: 8 | AD35: =SUM(AD27:AD34) -> 0 | AE35: =M35-J35 -> -95.197719 | AF35: =M35/J35 -> 0.96033428
A36: 新豐9線 | B36: 三明治 | C36: 經典總匯三明治(115年) | E36: 26.18 | F36: 6091 | G36: =E36*F36 -> 159462.38 | I36: 20 | J36: 2400 | K36: =J36/I36 -> 120 | L36: 20 | M36: =F36/V36*60 -> 2284.125 | N36: =M36/L36 -> 114.20625 | O36: =L36-I36 -> 0 | P36: =N36-K36 -> -5.79375 | Q36: =N36/K36 -> 0.95171875 | R36: =Q43 -> 0.9569409 | S36: 0.083333333 | T36: 0.19444444 | V36: =(T36-S36)*24*60 -> 160 | W36: =T36 -> 0.19444444 | X36: =S37 -> 0.21597222 | AC36: 7 | AE36: =M36-J36 -> -115.875 | AF36: =M36/J36 -> 0.95171875 | AG36: =AF43 -> 0.9569409
A37: 新豐9線 | B37: 三明治 | C37: 鮪魚起司溏心蛋三明治(115年) | E37: 26.18 | F37: 3100 | G37: =E37*F37 -> 81158 | H37: 2 | I37: 18 | J37: 2400 | K37: =J37/I37 -> 133.33333 | L37: 18 | M37: =F37/V37*60 -> 2296.2963 | N37: =M37/L37 -> 127.57202 | O37: =L37-I37 -> 0 | P37: =N37-K37 -> -5.7613169 | Q37: =N37/K37 -> 0.95679012 | S37: 0.21597222 | T37: 0.27222222 | U37: =(S37-T36)*24*60 -> 31 | V37: =(T37-S37)*24*60 -> 81 | AE37: =M37-J37 -> -103.7037 | AF37: =M37/J37 -> 0.95679012
A38: 新豐9線 | B38: 三明治 | C38: 好多蛋三明治 | E38: 34.1 | F38: 3400 | G38: =E38*F38 -> 115940 | H38: 2 | I38: 17 | J38: 1600 | K38: =J38/I38 -> 94.117647 | L38: 17 | M38: =F38/V38*60 -> 1533.8346 | N38: =M38/L38 -> 90.225564 | O38: =L38-I38 -> 0 | P38: =N38-K38 -> -3.8920831 | Q38: =N38/K38 -> 0.95864662 | S38: 0.27777778 | T38: 0.37013889 | U38: =(S38-T37)*24*60 -> 8 | V38: =(T38-S38)*24*60 -> 133 | AE38: =M38-J38 -> -66.165414 | AF38: =M38/J38 -> 0.95864662
A39: 新豐9線 | B39: 三明治 | C39: 雞蛋沙拉三明治(114年) | E39: 25.99 | F39: 3787 | G39: =E39*F39 -> 98424.13 | I39: 14 | J39: 2400 | K39: =J39/I39 -> 171.42857 | L39: 14 | M39: =F39/V39*60 -> 2295.1515 | N39: =M39/L39 -> 163.93939 | O39: =L39-I39 -> 0 | P39: =N39-K39 -> -7.4891775 | Q39: =N39/K39 -> 0.95631313 | S39: 0.37430556 | T39: 0.44305556 | U39: =(S39-T38)*24*60 -> 6 | V39: =(T39-S39)*24*60 -> 99 | AE39: =M39-J39 -> -104.84848 | AF39: =M39/J39 -> 0.95631313
A40: 新豐9線 | B40: 三明治 | C40: 巧克力肉鬆三明治 | E40: 23.89 | F40: 2471 | G40: =E40*F40 -> 59032.19 | I40: 17 | J40: 2400 | K40: =J40/I40 -> 141.17647 | L40: 17 | M40: =F40/V40*60 -> 2316.5625 | N40: =M40/L40 -> 136.26838 | O40: =L40-I40 -> 0 | P40: =N40-K40 -> -4.9080882 | Q40: =N40/K40 -> 0.96523437 | S40: 0.44652778 | T40: 0.49097222 | U40: =(S40-T39)*24*60 -> 5 | V40: =(T40-S40)*24*60 -> 64 | W40: =T40 -> 0.49097222 | X40: =S41 -> 0.53263889 | AE40: =M40-J40 -> -83.4375 | AF40: =M40/J40 -> 0.96523437
A41: 新豐9線 | B41: 三明治 | C41: 鮪魚起司溏心蛋三明治(115年) | E41: 26.18 | F41: 4696 | G41: =E41*F41 -> 122941.28 | I41: 18 | J41: 2400 | K41: =J41/I41 -> 133.33333 | L41: 18 | M41: =F41/V41*60 -> 2290.7317 | N41: =M41/L41 -> 127.26287 | O41: =L41-I41 -> 0 | P41: =N41-K41 -> -6.0704607 | Q41: =N41/K41 -> 0.95447154 | S41: 0.53263889 | T41: 0.61805556 | U41: =(S41-T40)*24*60 -> 60 | V41: =(T41-S41)*24*60 -> 123 | AE41: =M41-J41 -> -109.26829 | AF41: =M41/J41 -> 0.95447154
A42: 新豐9線 | B42: 三明治 | C42: 好多蛋三明治 | E42: 34.1 | F42: 2548 | G42: =E42*F42 -> 86886.8 | I42: 17 | J42: 1600 | K42: =J42/I42 -> 94.117647 | L42: 17 | M42: =F42/V42*60 -> 1528.8 | N42: =M42/L42 -> 89.929412 | O42: =L42-I42 -> 0 | P42: =N42-K42 -> -4.1882353 | Q42: =N42/K42 -> 0.9555 | S42: 0.62152778 | T42: 0.69097222 | U42: =(S42-T41)*24*60 -> 5 | V42: =(T42-S42)*24*60 -> 100 | AE42: =M42-J42 -> -71.2 | AF42: =M42/J42 -> 0.9555
A43: 新豐9線 | B43: 平均 | I43: 17.285714 | J43: 2171.4286 | K43: =J43/I43 -> 125.61983 | L43: 17.285714 | M43: =AVERAGE(M36:M42) -> 2077.9288 | N43: =M43/L43 -> 120.21076 | O43: =L43-I43 -> 0 | P43: =N43-K43 -> -5.4090776 | Q43: =N43/K43 -> 0.9569409 | Y43: =SUM(Y36:Y42) -> 0 | Z43: =SUM(Z36:Z42) -> 0 | AC43: 7 | AD43: =SUM(AD36:AD42) -> 0 | AE43: =M43-J43 -> -93.499771 | AF43: =M43/J43 -> 0.9569409
A44: 新豐3線 | B44: 調理麵包 | C44: 豬肉起司堡 | E44: 21.13 | F44: 5431 | G44: =E44*F44 -> 114757.03 | I44: 10 | J44: 3000 | K44: =J44/I44 -> 300 | L44: 10 | M44: =F44/V44*60 -> 2858.4211 | N44: =M44/L44 -> 285.84211 | O44: =L44-I44 -> 0 | P44: =N44-K44 -> -14.157895 | Q44: =N44/K44 -> 0.95280702 | R44: =Q47 -> 0.95492293 | S44: 0.20833333 | T44: 0.2875 | V44: =(T44-S44)*24*60 -> 114 | AC44: 3 | AE44: =M44-J44 -> -141.57895 | AF44: =M44/J44 -> 0.95280702 | AG44: =AF47 -> 0.95492293
A45: 新豐3線 | B45: 調理麵包 | C45: 豬肉起司蛋堡 | E45: 27.17 | F45: 6339 | G45: =E45*F45 -> 172230.63 | I45: 10 | J45: 3000 | K45: =J45/I45 -> 300 | L45: 10 | M45: =F45/V45*60 -> 2859.6992 | N45: =M45/L45 -> 285.96992 | O45: =L45-I45 -> 0 | P45: =N45-K45 -> -14.030075 | Q45: =N45/K45 -> 0.95323308 | S45: 0.29305556 | T45: 0.38541667 | U45: =(S45-T44)*24*60 -> 8 | V45: =(T45-S45)*24*60 -> 133 | AE45: =M45-J45 -> -140.30075 | AF45: =M45/J45 -> 0.95323308
A46: 新豐3線 | B46: 調理麵包 | C46: 墨西哥辣醬熱狗堡 | E46: 37.88 | F46: 3042 | G46: =E46*F46 -> 115230.96 | I46: 13 | J46: 2000 | K46: =J46/I46 -> 153.84615 | L46: 13 | M46: =F46/V46*60 -> 1921.2632 | N46: =M46/L46 -> 147.78947 | O46: =L46-I46 -> 0 | P46: =N46-K46 -> -6.0566802 | Q46: =N46/K46 -> 0.96063158 | S46: 0.38888889 | T46: 0.45486111 | U46: =(S46-T45)*24*60 -> 5 | V46: =(T46-S46)*24*60 -> 95 | AE46: =M46-J46 -> -78.736842 | AF46: =M46/J46 -> 0.96063158
A47: 新豐3線 | B47: 平均 | I47: 11 | J47: 2666.6667 | K47: =J47/I47 -> 242.42424 | L47: 11 | M47: =AVERAGE(M44:M46) -> 2546.4612 | N47: =M47/L47 -> 231.49647 | O47: =L47-I47 -> 0 | P47: =N47-K47 -> -10.927774 | Q47: =N47/K47 -> 0.95492293 | Y47: =SUM(Y44:Y46) -> 0 | Z47: =SUM(Z44:Z46) -> 0 | AC47: 3 | AD47: =SUM(AD44:AD46) -> 0 | AE47: =M47-J47 -> -120.20551 | AF47: =M47/J47 -> 0.95492293
A48: 新豐1線 | B48: 沙拉 | C48: 蔥鹽雞肉麵沙拉(114年) | E48: 46 | F48: 1181 | G48: =E48*F48 -> 54326 | I48: 16 | J48: 2000 | K48: =J48/I48 -> 125 | L48: 16 | M48: =F48/V48*60 -> 1915.1351 | N48: =M48/L48 -> 119.69595 | O48: =L48-I48 -> 0 | P48: =N48-K48 -> -5.3040541 | Q48: =N48/K48 -> 0.95756757 | R48: =Q56 -> 0.96407102 | S48: 0.20833333 | T48: 0.23402778 | V48: =(T48-S48)*24*60 -> 37 | AC48: 8 | AE48: =M48-J48 -> -84.864865 | AF48: =M48/J48 -> 0.95756757 | AG48: =AF56 -> 0.96407102
A49: 新豐1線 | B49: 沙拉 | C49: 莎莎烤雞麵沙拉(115年) | E49: 46 | F49: 1313 | G49: =E49*F49 -> 60398 | I49: 17 | J49: 2000 | K49: =J49/I49 -> 117.64706 | L49: 17 | M49: =F49/V49*60 -> 1921.4634 | N49: =M49/L49 -> 113.02726 | O49: =L49-I49 -> 0 | P49: =N49-K49 -> -4.6197991 | Q49: =N49/K49 -> 0.96073171 | S49: 0.23888889 | T49: 0.26736111 | U49: =IF(S49=TIME(17,0,0),"",(S49-T48)*24*60) -> 7 | V49: =(T49-S49)*24*60 -> 41 | AE49: =M49-J49 -> -78.536585 | AF49: =M49/J49 -> 0.96073171
A50: 新豐1線 | B50: 微波主食 | C50: 炙烤醬香燒豚飯 | E50: 51.44 | F50: 1361 | G50: =E50*F50 -> 70009.84 | I50: 25 | J50: 2000 | K50: =J50/I50 -> 80 | L50: 25 | M50: =F50/V50*60 -> 1944.2857 | N50: =M50/L50 -> 77.771429 | O50: =L50-I50 -> 0 | P50: =N50-K50 -> -2.2285714 | Q50: =N50/K50 -> 0.97214286 | S50: 0.27222222 | T50: 0.30138889 | U50: =IF(S50=TIME(17,0,0),"",(S50-T49)*24*60) -> 7 | V50: =(T50-S50)*24*60 -> 42 | AE50: =M50-J50 -> -55.714286 | AF50: =M50/J50 -> 0.97214286
A51: 新豐1線 | B51: 微波主食 | C51: 金沙醬牛豚雙饗飯 | E51: 56.43 | F51: 800 | G51: =E51*F51 -> 45144 | I51: 23 | J51: 2000 | K51: =J51/I51 -> 86.956522 | L51: 23 | M51: =F51/V51*60 -> 1920 | N51: =M51/L51 -> 83.478261 | O51: =L51-I51 -> 0 | P51: =N51-K51 -> -3.4782609 | Q51: =N51/K51 -> 0.96 | S51: 0.30625 | T51: 0.32361111 | U51: =IF(S51=TIME(17,0,0),"",(S51-T50)*24*60) -> 7 | V51: =(T51-S51)*24*60 -> 25 | AE51: =M51-J51 -> -80 | AF51: =M51/J51 -> 0.96
A52: 新豐1線 | B52: 微波主食 | C52: 壹號醬泡菜鹽蔥雞豚雙拼 | E52: 56.43 | F52: 2027 | G52: =E52*F52 -> 114383.61 | I52: 21 | J52: 2000 | K52: =J52/I52 -> 95.238095 | L52: 21 | M52: =F52/V52*60 -> 1930.4762 | N52: =M52/L52 -> 91.927438 | O52: =L52-I52 -> 0 | P52: =N52-K52 -> -3.3106576 | Q52: =N52/K52 -> 0.9652381 | S52: 0.32777778 | T52: 0.37152778 | U52: =IF(S52=TIME(17,0,0),"",(S52-T51)*24*60) -> 6 | V52: =(T52-S52)*24*60 -> 63 | AE52: =M52-J52 -> -69.52381 | AF52: =M52/J52 -> 0.9652381
A53: 新豐1線 | B53: 微波主食 | C53: 二配香辣醬蒜味香腸蛋炒飯 | E53: 55.56 | F53: 2015 | G53: =E53*F53 -> 111953.4 | I53: 17 | J53: 2000 | K53: =J53/I53 -> 117.64706 | L53: 17 | M53: =F53/V53*60 -> 1919.0476 | N53: =M53/L53 -> 112.88515 | O53: =L53-I53 -> 0 | P53: =N53-K53 -> -4.7619048 | Q53: =N53/K53 -> 0.95952381 | S53: 0.70833333 | T53: 0.75208333 | U53: =IF(S53=TIME(17,0,0),"",(S53-T52)*24*60) | V53: =(T53-S53)*24*60 -> 63 | AE53: =M53-J53 -> -80.952381 | AF53: =M53/J53 -> 0.95952381
