Workbook

Sheet 0531
B1: 屏榮 新豐廠組合室生產人時性分析
B3: 日期 | C3: =TEXT('0531 4度C'!A2,"yyyy.mm.ddaaaa") -> 2026.05.31星期日 | E3: 訂單量 | F3: ='0531 4度C'!D1 -> 207773 | H3: 營業額 | I3: ='0531 4度C'!F1 -> 7052754.7
B4: 人時性 | C4: 項目 | E4: ➀ | G4: ➁ | I4: ➂ | K4: 異常停線 | M4: 短暫停線
C5: 組合室 | E5: 全溫層 | G5: 4度C-各編組展開 | I5: ③三明治-各編組展開 | K5: 合計次數 | L5: 時間 | M5: 合計次數 | N5: 設備次數
C6: 排關平均 | E6: =AVERAGE(D13:M13) -> 153.31265 | F6: =AVERAGE(D31:O31,D13:J13) -> 159.82899 | G6: =AVERAGE(D13:J13) -> 159.82899 | I6: =AVERAGE(K13:M13) -> 138.10787 | K6: ='0531 4度C'!Y2 -> 0 | L6: ='0531 4度C'!Z2 -> 0 | M6: ='0531 4度C'!AC2 -> 62 | N6: ='0531 4度C'!AD2 -> 0
C7: 實績平均 | E7: =AVERAGE(D14:M14) -> 146.7097 | F7: =AVERAGE(D32:O32,D14:J14) -> 152.97717 | G7: =AVERAGE(D14:J14) -> 152.97717 | I7: =AVERAGE(K14:M14) -> 132.08561
C8: 達成率平均 | E8: =AVERAGE(D15:M15) -> 0.95676797 | F8: =AVERAGE(D15:J15,D33:O33) -> 0.9569517 | G8: =AVERAGE(D15:J15) -> 0.9569517 | I8: =AVERAGE(K15:M15) -> 0.95633926
K9: ※現行日本鮮食廠以達成率80%為基本(即為現行KPI)
B10: 溫層 | D10: ➁4度C-各編組展開 | K10: ③三明治-各編組展開
B11: 編組 | D11: 1 | E11: 2 | F11: 3 | G11: 4 | H11: 5 | I11: 6 | J11: 7 | K11: 1 | L11: 2 | M11: 3
D12: 新豐6線 | E12: 新豐2線 | F12: 新豐5線 | G12: 新豐7線 | H12: 新豐3線 | I12: 新豐1線 | J12: 新豐10線 | K12: 新豐8線 | L12: 新豐9線 | M12: 新豐4線
B13: 人時性 | C13: 排關 | D13: =SUMIFS('0531 4度C'!$K:$K,'0531 4度C'!$A:$A,"新豐6線",'0531 4度C'!$B:$B,"平均") -> 129.03226 | E13: =SUMIFS('0531 4度C'!$K:$K,'0531 4度C'!$A:$A,"新豐2線",'0531 4度C'!$B:$B,"平均") -> 85.227273 | F13: =SUMIFS('0531 4度C'!$K:$K,'0531 4度C'!$A:$A,"新豐5線",'0531 4度C'!$B:$B,"平均") -> 95.205479 | G13: =SUMIFS('0531 4度C'!$K:$K,'0531 4度C'!$A:$A,"新豐7線",'0531 4度C'!$B:$B,"平均") -> 125 | H13: =SUMIFS('0531 4度C'!$K:$K,'0531 4度C'!$A:$A,"新豐3線",'0531 4度C'!$B:$B,"平均") -> 255.81395 | I13: =SUMIFS('0531 4度C'!$K:$K,'0531 4度C'!$A:$A,"新豐1線",'0531 4度C'!$B:$B,"平均") -> 109.375 | J13: =SUMIFS('0531 4度C'!$K:$K,'0531 4度C'!$A:$A,"新豐10線",'0531 4度C'!$B:$B,"平均") -> 319.14894 | K13: =SUMIFS('0531 4度C'!$K:$K,'0531 4度C'!$A:$A,"新豐8線",'0531 4度C'!$B:$B,"平均") -> 137.70492 | L13: =SUMIFS('0531 4度C'!$K:$K,'0531 4度C'!$A:$A,"新豐9線",'0531 4度C'!$B:$B,"平均") -> 126.61871 | M13: =SUMIFS('0531 4度C'!$K:$K,'0531 4度C'!$A:$A,"新豐4線",'0531 4度C'!$B:$B,"平均") -> 150
C14: 實績 | D14: =SUMIFS('0531 4度C'!$N:$N,'0531 4度C'!$A:$A,"新豐6線",'0531 4度C'!$B:$B,"平均") -> 123.47451 | E14: =SUMIFS('0531 4度C'!$N:$N,'0531 4度C'!$A:$A,"新豐2線",'0531 4度C'!$B:$B,"平均") -> 81.393917 | F14: =SUMIFS('0531 4度C'!$N:$N,'0531 4度C'!$A:$A,"新豐5線",'0531 4度C'!$B:$B,"平均") -> 91.223383 | G14: =SUMIFS('0531 4度C'!$N:$N,'0531 4度C'!$A:$A,"新豐7線",'0531 4度C'!$B:$B,"平均") -> 119.41473 | H14: =SUMIFS('0531 4度C'!$N:$N,'0531 4度C'!$A:$A,"新豐3線",'0531 4度C'!$B:$B,"平均") -> 244.52157 | I14: =SUMIFS('0531 4度C'!$N:$N,'0531 4度C'!$A:$A,"新豐1線",'0531 4度C'!$B:$B,"平均") -> 104.859 | J14: =SUMIFS('0531 4度C'!$N:$N,'0531 4度C'!$A:$A,"新豐10線",'0531 4度C'!$B:$B,"平均") -> 305.95309 | K14: =SUMIFS('0531 4度C'!$N:$N,'0531 4度C'!$A:$A,"新豐8線",'0531 4度C'!$B:$B,"平均") -> 131.45684 | L14: =SUMIFS('0531 4度C'!$N:$N,'0531 4度C'!$A:$A,"新豐9線",'0531 4度C'!$B:$B,"平均") -> 121.08052 | M14: =SUMIFS('0531 4度C'!$N:$N,'0531 4度C'!$A:$A,"新豐4線",'0531 4度C'!$B:$B,"平均") -> 143.71947
C15: 達成率 | D15: =D14/D13 -> 0.95692748 | E15: =E14/E13 -> 0.95502196 | F15: =F14/F13 -> 0.95817367 | G15: =G14/G13 -> 0.95531783 | H15: =H14/H13 -> 0.95585705 | I15: =I14/I13 -> 0.95871088 | J15: =J14/J13 -> 0.95865302 | K15: =K14/K13 -> 0.95462703 | ... M15: =M14/M13 -> 0.95812981
B16: 作業 時間 | C16: 開始 | D16: =VLOOKUP("新豐6線",'0531 4度C'!$A:$T,19,0) -> 0.70833333 | E16: =VLOOKUP("新豐2線",'0531 4度C'!$A:$T,19,0) -> 0.083333333 | F16: =VLOOKUP("新豐5線",'0531 4度C'!$A:$T,19,0) -> 0.20833333 | G16: =VLOOKUP("新豐7線",'0531 4度C'!$A:$T,19,0) -> 0.20833333 | H16: =VLOOKUP("新豐3線",'0531 4度C'!$A:$T,19,0) -> 0.083333333 | I16: =VLOOKUP("新豐1線",'0531 4度C'!$A:$T,19,0) -> 0.20833333 | J16: =VLOOKUP("新豐10線",'0531 4度C'!$A:$T,19,0) -> 0.20833333 | K16: =VLOOKUP("新豐8線",'0531 4度C'!$A:$T,19,0) -> 0.083333333 | L16: =VLOOKUP("新豐9線",'0531 4度C'!$A:$T,19,0) -> 0.083333333 | M16: =VLOOKUP("新豐4線",'0531 4度C'!$A:$T,19,0) -> 0.083333333
C17: 結束 | D17: =LOOKUP(2,1/(('0531 4度C'!$A:$A="新豐6線")*('0531 4度C'!$T:$T<>"")),'0531 4度C'!$T:$T) -> 0.90138889 | E17: =LOOKUP(2,1/(('0531 4度C'!$A:$A="新豐2線")*('0531 4度C'!$T:$T<>"")),'0531 4度C'!$T:$T) -> 0.7375 | F17: =LOOKUP(2,1/(('0531 4度C'!$A:$A="新豐5線")*('0531 4度C'!$T:$T<>"")),'0531 4度C'!$T:$T) -> 0.83263889 | G17: =LOOKUP(2,1/(('0531 4度C'!$A:$A="新豐7線")*('0531 4度C'!$T:$T<>"")),'0531 4度C'!$T:$T) -> 0.80138889 | H17: =LOOKUP(2,1/(('0531 4度C'!$A:$A="新豐3線")*('0531 4度C'!$T:$T<>"")),'0531 4度C'!$T:$T) -> 0.44375 | I17: =LOOKUP(2,1/(('0531 4度C'!$A:$A="新豐1線")*('0531 4度C'!$T:$T<>"")),'0531 4度C'!$T:$T) -> 0.84722222 | J17: =LOOKUP(2,1/(('0531 4度C'!$A:$A="新豐10線")*('0531 4度C'!$T:$T<>"")),'0531 4度C'!$T:$T) -> 0.41666667 | K17: =LOOKUP(2,1/(('0531 4度C'!$A:$A="新豐8線")*('0531 4度C'!$T:$T<>"")),'0531 4度C'!$T:$T) -> 0.77222222 | L17: =LOOKUP(2,1/(('0531 4度C'!$A:$A="新豐9線")*('0531 4度C'!$T:$T<>"")),'0531 4度C'!$T:$T) -> 0.77361111 | M17: =LOOKUP(2,1/(('0531 4度C'!$A:$A="新豐4線")*('0531 4度C'!$T:$T<>"")),'0531 4度C'!$T:$T) -> 0.75833333
B18: 產線異常 (5分鐘以上) | C18: 次數 | D18: =SUMIFS('0531 4度C'!$Y:$Y,'0531 4度C'!$A:$A,"新豐6線",'0531 4度C'!$B:$B,"平均") -> 0 | E18: =SUMIFS('0531 4度C'!$Y:$Y,'0531 4度C'!$A:$A,"新豐2線",'0531 4度C'!$B:$B,"平均") -> 0 | F18: =SUMIFS('0531 4度C'!$Y:$Y,'0531 4度C'!$A:$A,"新豐5線",'0531 4度C'!$B:$B,"平均") -> 0 | G18: =SUMIFS('0531 4度C'!$Y:$Y,'0531 4度C'!$A:$A,"新豐7線",'0531 4度C'!$B:$B,"平均") -> 0 | H18: =SUMIFS('0531 4度C'!$Y:$Y,'0531 4度C'!$A:$A,"新豐3線",'0531 4度C'!$B:$B,"平均") -> 0 | I18: =SUMIFS('0531 4度C'!$Y:$Y,'0531 4度C'!$A:$A,"新豐1線",'0531 4度C'!$B:$B,"平均") -> 0 | J18: =SUMIFS('0531 4度C'!$Y:$Y,'0531 4度C'!$A:$A,"新豐10線",'0531 4度C'!$B:$B,"平均") -> 0 | K18: =SUMIFS('0531 4度C'!$Y:$Y,'0531 4度C'!$A:$A,"新豐8線",'0531 4度C'!$B:$B,"平均") -> 0 | L18: =SUMIFS('0531 4度C'!$Y:$Y,'0531 4度C'!$A:$A,"新豐9線",'0531 4度C'!$B:$B,"平均") -> 0 | M18: =SUMIFS('0531 4度C'!$Y:$Y,'0531 4度C'!$A:$A,"新豐4線",'0531 4度C'!$B:$B,"平均") -> 0
C19: 時間/分 | D19: =SUMIFS('0531 4度C'!$Z:$Z,'0531 4度C'!$A:$A,"新豐6線",'0531 4度C'!$B:$B,"平均") -> 0 | E19: =SUMIFS('0531 4度C'!$Z:$Z,'0531 4度C'!$A:$A,"新豐2線",'0531 4度C'!$B:$B,"平均") -> 0 | F19: =SUMIFS('0531 4度C'!$Z:$Z,'0531 4度C'!$A:$A,"新豐5線",'0531 4度C'!$B:$B,"平均") -> 0 | G19: =SUMIFS('0531 4度C'!$Z:$Z,'0531 4度C'!$A:$A,"新豐7線",'0531 4度C'!$B:$B,"平均") -> 0 | H19: =SUMIFS('0531 4度C'!$Z:$Z,'0531 4度C'!$A:$A,"新豐3線",'0531 4度C'!$B:$B,"平均") -> 0 | I19: =SUMIFS('0531 4度C'!$Z:$Z,'0531 4度C'!$A:$A,"新豐1線",'0531 4度C'!$B:$B,"平均") -> 0 | J19: =SUMIFS('0531 4度C'!$Z:$Z,'0531 4度C'!$A:$A,"新豐10線",'0531 4度C'!$B:$B,"平均") -> 0 | K19: =SUMIFS('0531 4度C'!$Z:$Z,'0531 4度C'!$A:$A,"新豐8線",'0531 4度C'!$B:$B,"平均") -> 0 | L19: =SUMIFS('0531 4度C'!$Z:$Z,'0531 4度C'!$A:$A,"新豐9線",'0531 4度C'!$B:$B,"平均") -> 0 | M19: =SUMIFS('0531 4度C'!$Z:$Z,'0531 4度C'!$A:$A,"新豐4線",'0531 4度C'!$B:$B,"平均") -> 0
B20: 短暫停線 (5分鐘以下) | C20: 次數 | D20: =SUMIFS('0531 4度C'!$AC:$AC,'0531 4度C'!$A:$A,"新豐6線",'0531 4度C'!$B:$B,"平均") -> 4 | E20: =SUMIFS('0531 4度C'!$AC:$AC,'0531 4度C'!$A:$A,"新豐2線",'0531 4度C'!$B:$B,"平均") -> 5 | F20: =SUMIFS('0531 4度C'!$AC:$AC,'0531 4度C'!$A:$A,"新豐5線",'0531 4度C'!$B:$B,"平均") -> 8 | G20: =SUMIFS('0531 4度C'!$AC:$AC,'0531 4度C'!$A:$A,"新豐7線",'0531 4度C'!$B:$B,"平均") -> 6 | H20: =SUMIFS('0531 4度C'!$AC:$AC,'0531 4度C'!$A:$A,"新豐3線",'0531 4度C'!$B:$B,"平均") -> 4 | I20: =SUMIFS('0531 4度C'!$AC:$AC,'0531 4度C'!$A:$A,"新豐1線",'0531 4度C'!$B:$B,"平均") -> 7 | J20: =SUMIFS('0531 4度C'!$AC:$AC,'0531 4度C'!$A:$A,"新豐10線",'0531 4度C'!$B:$B,"平均") -> 5 | K20: =SUMIFS('0531 4度C'!$AC:$AC,'0531 4度C'!$A:$A,"新豐8線",'0531 4度C'!$B:$B,"平均") -> 7 | L20: =SUMIFS('0531 4度C'!$AC:$AC,'0531 4度C'!$A:$A,"新豐9線",'0531 4度C'!$B:$B,"平均") -> 8 | M20: =SUMIFS('0531 4度C'!$AC:$AC,'0531 4度C'!$A:$A,"新豐4線",'0531 4度C'!$B:$B,"平均") -> 8
C21: 設備次數 | D21: =SUMIFS('0531 4度C'!$AD:$AD,'0531 4度C'!$A:$A,"新豐6線",'0531 4度C'!$B:$B,"平均") -> 0 | E21: =SUMIFS('0531 4度C'!$AD:$AD,'0531 4度C'!$A:$A,"新豐2線",'0531 4度C'!$B:$B,"平均") -> 0 | F21: =SUMIFS('0531 4度C'!$AD:$AD,'0531 4度C'!$A:$A,"新豐5線",'0531 4度C'!$B:$B,"平均") -> 0 | G21: =SUMIFS('0531 4度C'!$AD:$AD,'0531 4度C'!$A:$A,"新豐7線",'0531 4度C'!$B:$B,"平均") -> 0 | H21: =SUMIFS('0531 4度C'!$AD:$AD,'0531 4度C'!$A:$A,"新豐3線",'0531 4度C'!$B:$B,"平均") -> 0 | I21: =SUMIFS('0531 4度C'!$AD:$AD,'0531 4度C'!$A:$A,"新豐1線",'0531 4度C'!$B:$B,"平均") -> 0 | J21: =SUMIFS('0531 4度C'!$AD:$AD,'0531 4度C'!$A:$A,"新豐10線",'0531 4度C'!$B:$B,"平均") -> 0 | K21: =SUMIFS('0531 4度C'!$AD:$AD,'0531 4度C'!$A:$A,"新豐8線",'0531 4度C'!$B:$B,"平均") -> 0 | L21: =SUMIFS('0531 4度C'!$AD:$AD,'0531 4度C'!$A:$A,"新豐9線",'0531 4度C'!$B:$B,"平均") -> 0 | M21: =SUMIFS('0531 4度C'!$AD:$AD,'0531 4度C'!$A:$A,"新豐4線",'0531 4度C'!$B:$B,"平均") -> 0
B22: 配置人數 | D22: =SUMIFS('0531 4度C'!$I:$I,'0531 4度C'!$A:$A,"新豐6線",'0531 4度C'!$B:$B,"平均") -> 15.5 | E22: =SUMIFS('0531 4度C'!$I:$I,'0531 4度C'!$A:$A,"新豐2線",'0531 4度C'!$B:$B,"平均") -> 17.6 | F22: =SUMIFS('0531 4度C'!$I:$I,'0531 4度C'!$A:$A,"新豐5線",'0531 4度C'!$B:$B,"平均") -> 18.25 | G22: =SUMIFS('0531 4度C'!$I:$I,'0531 4度C'!$A:$A,"新豐7線",'0531 4度C'!$B:$B,"平均") -> 15.333333 | H22: =SUMIFS('0531 4度C'!$I:$I,'0531 4度C'!$A:$A,"新豐3線",'0531 4度C'!$B:$B,"平均") -> 10.75 | I22: =SUMIFS('0531 4度C'!$I:$I,'0531 4度C'!$A:$A,"新豐1線",'0531 4度C'!$B:$B,"平均") -> 18.285714 | J22: =SUMIFS('0531 4度C'!$I:$I,'0531 4度C'!$A:$A,"新豐10線",'0531 4度C'!$B:$B,"平均") -> 9.4 | K22: =SUMIFS('0531 4度C'!$I:$I,'0531 4度C'!$A:$A,"新豐8線",'0531 4度C'!$B:$B,"平均") -> 17.428571 | L22: =SUMIFS('0531 4度C'!$I:$I,'0531 4度C'!$A:$A,"新豐9線",'0531 4度C'!$B:$B,"平均") -> 17.375 | M22: =SUMIFS('0531 4度C'!$I:$I,'0531 4度C'!$A:$A,"新豐4線",'0531 4度C'!$B:$B,"平均") -> 16
B23: 主要應用設備 | D23: ET-55 | E23: 熱縮爐 | F23: L型包裝機 | G23: L型包裝機 | H23: 伺服包裝機 | I23: ET-55 | J23: 伺服包裝機 | K23: 三明治包裝機 | L23: 三明治包裝機 | M23: 三明治包裝機
B24: 次要應用設備 | F24: 圓盤機 | G24: ET-55
B25: 備註 | E25: 握沙拉 | F25: 共用L型包裝機 | H25: 調理麵包 | I25: 炒飯+沙拉 | J25: 調理麵包

Sheet 0531 4度C
A1: 新豐廠四度C日報分析 | C1: 總生產量 | D1: =SUM(F5:F76) -> 207773 | E1: 營業額 | F1: =SUM(G5:G76) -> 7052754.7 | G1: 出勤人數 | H1: =L9+L15+L53+L61+L24+L67+L39+L48+L31+L76 -> 155.92262 | I1: 產線配置圖 | L1: 生產實績 | O1: 人時性差異分析 | S1: 日報登錄 | Y1: 合計 次數 | Z1: 合計 時間/分 | AA1: 產線異常 分析說明(5分鐘以上) | AC1: 合計 次數 | AD1: 合計 設備次數 | AE1: 產能差異分析
A2: 46173 | B2: 星期日 | C2: 人時性 | D2: =AVERAGE(N9,N15,N53,N61,N24,N67,N31,N39,N48,N76) -> 146.7097 | E2: 平均廠價 | F2: =F1/D1 -> 33.94452 | G2: 多次生產數 | H2: =COUNT(H5:H76) -> 14 | Y2: =SUM(Y9+Y15+Y24+Y31+Y39+Y48+Y53+Y61+Y67+Y76) -> 0 | Z2: =SUM(Z9+Z15+Z24+Z31+Z39+Z48+Z53+Z61+Z67+Z76) -> 0 | AC2: 62 | AD2: =SUM(AD9+AD15+AD24+AD31+AD39+AD48+AD53+AD61+AD67+AD76) -> 0
A3: 線別 | B3: 品類 | C3: 品名 | E3: 廠價 | F3: 生產量 | G3: 營收 | H3: 多次 生產 | I3: 人數 | J3: 產能/時 | K3: 人時性 | L3: 人數 | M3: 產能/時 | N3: 人時性 | O3: 人數 | P3: 人時性 | Q3: 達成率 | R3: 達成率平均 | S3: 生產時間 | U3: 換線、休息/分 | V3: 稼動時間/分 | W3: 休息時間 | Y3: 產線異常統計 (5分鐘以上) | AA3: (新豐回填) | AC3: 短暫停線統計 (5分鐘以下) | AE3: 產能/時 | AF3: 達成率 | AG3: 達成率平均
S4: 開始 | T4: 結束 | W4: 開始 | X4: 結束 | Y4: 次數 | Z4: 時間/分 | AC4: 總次數 | AD4: 設備因素(次數)
A5: 新豐6線 | B5: 微波主食 | C5: 二配泰式綠咖哩雞 | E5: 50.67 | F5: 1765 | G5: =E5*F5 -> 89432.55 | I5: 15 | J5: 2000 | K5: =J5/I5 -> 133.33333 | L5: 15 | M5: =F5/V5*60 -> 1925.4545 | N5: =M5/L5 -> 128.36364 | O5: =L5-I5 -> 0 | P5: =N5-K5 -> -4.969697 | Q5: =N5/K5 -> 0.96272727 | R5: =Q9 -> 0.95692748 | S5: 0.70833333 | T5: 0.74652778 | V5: =(T5-S5)*24*60 -> 55 | AC5: 4 | AE5: =M5-J5 -> -74.545455 | AF5: =M5/J5 -> 0.96272727 | AG5: =AF9 -> 0.95692748
A6: 新豐6線 | B6: 微波主食 | C6: 二配金咖哩果香甘口咖哩飯 | E6: 50.92 | F6: 2364 | G6: =E6*F6 -> 120374.88 | I6: 15 | J6: 2000 | K6: =J6/I6 -> 133.33333 | L6: 15 | M6: =F6/V6*60 -> 1916.7568 | N6: =M6/L6 -> 127.78378 | O6: =L6-I6 -> 0 | P6: =N6-K6 -> -5.5495495 | Q6: =N6/K6 -> 0.95837838 | S6: 0.75069444 | T6: 0.80208333 | U6: =IF(S6=TIME(17,0,0),"",(S6-T5)*24*60) -> 6 | V6: =(T6-S6)*24*60 -> 74 | AE6: =M6-J6 -> -83.243243 | AF6: =M6/J6 -> 0.95837838
A7: 新豐6線 | B7: 微波主食 | C7: 二配金咖哩濃厚辛口咖哩飯 | E7: 50.98 | F7: 1400 | G7: =E7*F7 -> 71372 | H7: 2 | I7: 16 | J7: 2000 | K7: =J7/I7 -> 125 | L7: 16 | M7: =F7/V7*60 -> 1909.0909 | N7: =M7/L7 -> 119.31818 | O7: =L7-I7 -> 0 | P7: =N7-K7 -> -5.6818182 | Q7: =N7/K7 -> 0.95454545 | S7: 0.80625 | T7: 0.83680556 | U7: =IF(S7=TIME(17,0,0),"",(S7-T6)*24*60) -> 6 | V7: =(T7-S7)*24*60 -> 44 | W7: =T7 -> 0.83680556 | X7: =S8 -> 0.87777778 | AE7: =M7-J7 -> -90.909091 | AF7: =M7/J7 -> 0.95454545
A8: 新豐6線 | B8: 微波主食 | C8: 二配金咖哩濃厚辛口咖哩飯 | E8: 50.98 | F8: 1079 | G8: =E8*F8 -> 55007.42 | I8: 16 | J8: 2000 | K8: =J8/I8 -> 125 | L8: 16 | M8: =F8/V8*60 -> 1904.1176 | N8: =M8/L8 -> 119.00735 | O8: =L8-I8 -> 0 | P8: =N8-K8 -> -5.9926471 | Q8: =N8/K8 -> 0.95205882 | S8: 0.87777778 | T8: 0.90138889 | U8: =IF(S8=TIME(17,0,0),"",(S8-T7)*24*60) -> 59 | V8: =(T8-S8)*24*60 -> 34 | AE8: =M8-J8 -> -95.882353 | AF8: =M8/J8 -> 0.95205882
A9: 新豐6線 | B9: 平均 | I9: 15.5 | J9: 2000 | K9: =J9/I9 -> 129.03226 | L9: 15.5 | M9: =AVERAGE(M5:M8) -> 1913.855 | N9: =M9/L9 -> 123.47451 | O9: =L9-I9 -> 0 | P9: =N9-K9 -> -5.5577442 | Q9: =N9/K9 -> 0.95692748 | Y9: =SUM(Y5:Y8) -> 0 | Z9: =SUM(Z5:Z8) -> 0 | AC9: 4 | AD9: =SUM(AD5:AD8) -> 0 | AE9: =M9-J9 -> -86.145035 | AF9: =M9/J9 -> 0.95692748
A10: 新豐2線 | B10: 沙拉 | C10: 青醬優格雞肉握沙拉(113年) | E10: 39.62 | F10: 3600 | G10: =E10*F10 -> 142632 | H10: 2 | I10: 19 | J10: 1500 | K10: =J10/I10 -> 78.947368 | L10: 19 | M10: =F10/V10*60 -> 1430.4636 | N10: =M10/L10 -> 75.287557 | O10: =L10-I10 -> 0 | P10: =N10-K10 -> -3.6598118 | Q10: =N10/K10 -> 0.95364238 | R10: =Q15 -> 0.95502196 | S10: 0.083333333 | T10: 0.18819444 | V10: =(T10-S10)*24*60 -> 151 | W10: =T10 -> 0.18819444 | X10: =S11 -> 0.20833333 | AC10: 5 | AE10: =M10-J10 -> -69.536424 | AF10: =M10/J10 -> 0.95364238 | AG10: =AF15 -> 0.95502196
A11: 新豐2線 | B11: 沙拉 | C11: 青檸烤雞握沙拉(113年) | E11: 39.8 | F11: 5200 | G11: =E11*F11 -> 206960 | H11: 2 | I11: 17 | J11: 1500 | K11: =J11/I11 -> 88.235294 | L11: 17 | M11: =F11/V11*60 -> 1431.1927 | N11: =M11/L11 -> 84.187804 | O11: =L11-I11 -> 0 | P11: =N11-K11 -> -4.0474906 | Q11: =N11/K11 -> 0.95412844 | S11: 0.20833333 | T11: 0.35972222 | U11: =IF(S11=TIME(17,0,0),"",(S11-T10)*24*60) -> 29 | V11: =(T11-S11)*24*60 -> 218 | AE11: =M11-J11 -> -68.807339 | AF11: =M11/J11 -> 0.95412844
A12: 新豐2線 | B12: 沙拉 | C12: 厚蛋時蔬握沙拉 | E12: 39.46 | F12: 4700 | G12: =E12*F12 -> 185462 | H12: 2 | I12: 16 | J12: 1500 | K12: =J12/I12 -> 93.75 | L12: 16 | M12: =F12/V12*60 -> 1431.4721 | N12: =M12/L12 -> 89.467005 | O12: =L12-I12 -> 0 | P12: =N12-K12 -> -4.2829949 | Q12: =N12/K12 -> 0.95431472 | S12: 0.36527778 | T12: 0.50208333 | U12: =IF(S12=TIME(17,0,0),"",(S12-T11)*24*60) -> 8 | V12: =(T12-S12)*24*60 -> 197 | W12: =T12 -> 0.50208333 | X12: =S13 -> 0.54097222 | AE12: =M12-J12 -> -68.527919 | AF12: =M12/J12 -> 0.95431472
A13: 新豐2線 | B13: 沙拉 | C13: 青檸烤雞握沙拉(113年) | E13: 39.8 | F13: 3902 | G13: =E13*F13 -> 155299.6 | I13: 17 | J13: 1500 | K13: =J13/I13 -> 88.235294 | L13: 17 | M13: =F13/V13*60 -> 1436.319 | N13: =M13/L13 -> 84.489354 | O13: =L13-I13 -> 0 | P13: =N13-K13 -> -3.7459401 | Q13: =N13/K13 -> 0.95754601 | S13: 0.54097222 | T13: 0.65416667 | U13: =IF(S13=TIME(17,0,0),"",(S13-T12)*24*60) -> 56 | V13: =(T13-S13)*24*60 -> 163 | AE13: =M13-J13 -> -63.680982 | AF13: =M13/J13 -> 0.95754601
A14: 新豐2線 | B14: 沙拉 | C14: 青醬優格雞肉握沙拉(113年) | E14: 39.62 | F14: 2747 | G14: =E14*F14 -> 108836.14 | I14: 19 | J14: 1500 | K14: =J14/I14 -> 78.947368 | L14: 19 | M14: =F14/V14*60 -> 1433.2174 | N14: =M14/L14 -> 75.432494 | O14: =L14-I14 -> 0 | P14: =N14-K14 -> -3.5148741 | Q14: =N14/K14 -> 0.95547826 | S14: 0.65763889 | T14: 0.7375 | U14: =IF(S14=TIME(17,0,0),"",(S14-T13)*24*60) -> 5 | V14: =(T14-S14)*24*60 -> 115 | AE14: =M14-J14 -> -66.782609 | AF14: =M14/J14 -> 0.95547826
A15: 新豐2線 | B15: 平均 | I15: 17.6 | J15: 1500 | K15: =J15/I15 -> 85.227273 | L15: 17.6 | M15: =AVERAGE(M10:M14) -> 1432.5329 | N15: =M15/L15 -> 81.393917 | O15: =L15-I15 -> 0 | P15: =N15-K15 -> -3.8333554 | Q15: =N15/K15 -> 0.95502196 | Y15: =SUM(Y10:Y14) -> 0 | Z15: =SUM(Z10:Z14) -> 0 | AC15: 5 | AD15: =SUM(AD10:AD14) -> 0 | AE15: =M15-J15 -> -67.467054 | AF15: =M15/J15 -> 0.95502196
A16: 新豐5線 | B16: 小吃 | C16: 剝皮辣椒雞湯 | E16: 41 | F16: 1892 | G16: =E16*F16 -> 77572 | I16: 26 | J16: 1500 | K16: =J16/I16 -> 57.692308 | L16: 26 | M16: =F16/V16*60 -> 1436.962 | N16: =M16/L16 -> 55.26777 | O16: =L16-I16 -> 0 | P16: =N16-K16 -> -2.4245375 | Q16: =N16/K16 -> 0.95797468 | R16: =Q24 -> 0.95817367 | S16: 0.20833333 | T16: 0.26319444 | V16: =(T16-S16)*24*60 -> 79 | AC16: 8 | AE16: =M16-J16 -> -63.037975 | AF16: =M16/J16 -> 0.95797468 | AG16: =AF24 -> 0.95817367
A17: 新豐5線 | B17: 小吃 | C17: 香菇雞燉湯 | E17: 38.62 | F17: 2205 | G17: =E17*F17 -> 85157.1 | I17: 24 | J17: 1500 | K17: =J17/I17 -> 62.5 | L17: 24 | M17: =F17/V17*60 -> 1438.0435 | N17: =M17/L17 -> 59.918478 | O17: =L17-I17 -> 0 | P17: =N17-K17 -> -2.5815217 | Q17: =N17/K17 -> 0.95869565 | S17: 0.26875 | T17: 0.33263889 | U17: =IF(S17=TIME(17,0,0),"",(S17-T16)*24*60) -> 8 | V17: =(T17-S17)*24*60 -> 92 | AE17: =M17-J17 -> -61.956522 | AF17: =M17/J17 -> 0.95869565
A18: 新豐5線 | B18: 微波主食 | C18: 香菇雞粥 | E18: 37.03 | F18: 3836 | G18: =E18*F18 -> 142047.08 | I18: 13 | J18: 1500 | K18: =J18/I18 -> 115.38462 | L18: 13 | M18: =F18/V18*60 -> 1429.5652 | N18: =M18/L18 -> 109.96656 | O18: =L18-I18 -> 0 | P18: =N18-K18 -> -5.4180602 | Q18: =N18/K18 -> 0.95304348 | S18: 0.3375 | T18: 0.44930556 | U18: =IF(S18=TIME(17,0,0),"",(S18-T17)*24*60) -> 7 | V18: =(T18-S18)*24*60 -> 161 | AE18: =M18-J18 -> -70.434783 | AF18: =M18/J18 -> 0.95304348
A19: 新豐5線 | B19: 沙拉 | C19: 厚蛋時蔬握沙拉 | E19: 39.46 | F19: 2053 | G19: =E19*F19 -> 81011.38 | I19: 16 | J19: 1500 | K19: =J19/I19 -> 93.75 | L19: 16 | M19: =F19/V19*60 -> 1432.3256 | N19: =M19/L19 -> 89.520349 | O19: =L19-I19 -> 0 | P19: =N19-K19 -> -4.2296512 | Q19: =N19/K19 -> 0.95488372 | S19: 0.45277778 | T19: 0.5125 | U19: =IF(S19=TIME(17,0,0),"",(S19-T18)*24*60) -> 5 | V19: =(T19-S19)*24*60 -> 86 | W19: =T19 -> 0.5125 | X19: =S20 -> 0.55277778 | AE19: =M19-J19 -> -67.674419 | AF19: =M19/J19 -> 0.95488372
A20: 新豐5線 | B20: 三明治 | C20: 茄汁厚起司三明治 | E20: 25.99 | F20: 1690 | G20: =E20*F20 -> 43923.1 | I20: 18 | J20: 2400 | K20: =J20/I20 -> 133.33333 | L20: 18 | M20: =F20/V20*60 -> 2304.5455 | N20: =M20/L20 -> 128.0303 | O20: =L20-I20 -> 0 | P20: =N20-K20 -> -5.3030303 | Q20: =N20/K20 -> 0.96022727 | S20: 0.55277778 | T20: 0.58333333 | U20: =IF(S20=TIME(17,0,0),"",(S20-T19)*24*60) -> 58 | V20: =(T20-S20)*24*60 -> 44 | AE20: =M20-J20 -> -95.454545 | AF20: =M20/J20 -> 0.96022727
A21: 新豐5線 | B21: 微波主食 | C21: 二配起司控培根白醬焗烤飯 | E21: 53.68 | F21: 1386 | G21: =E21*F21 -> 74400.48 | I21: 16 | J21: 1500 | K21: =J21/I21 -> 93.75 | L21: 16 | M21: =F21/V21*60 -> 1433.7931 | N21: =M21/L21 -> 89.612069 | O21: =L21-I21 -> 0 | P21: =N21-K21 -> -4.137931 | Q21: =N21/K21 -> 0.95586207 | S21: 0.70833333 | T21: 0.74861111 | U21: =IF(S21=TIME(17,0,0),"",(S21-T20)*24*60) | V21: =(T21-S21)*24*60 -> 58 | AE21: =M21-J21 -> -66.206897 | AF21: =M21/J21 -> 0.95586207
A22: 新豐5線 | B22: 微波主食 | C22: 二配蔥爆牛肉燴飯 | E22: 52.86 | F22: 1679 | G22: =E22*F22 -> 88751.94 | I22: 16 | J22: 2000 | K22: =J22/I22 -> 125 | L22: 16 | M22: =F22/V22*60 -> 1937.3077 | N22: =M22/L22 -> 121.08173 | O22: =L22-I22 -> 0 | P22: =N22-K22 -> -3.9182692 | Q22: =N22/K22 -> 0.96865385 | S22: 0.75277778 | T22: 0.78888889 | U22: =IF(S22=TIME(17,0,0),"",(S22-T21)*24*60) -> 6 | V22: =(T22-S22)*24*60 -> 52 | AE22: =M22-J22 -> -62.692308 | AF22: =M22/J22 -> 0.96865385
A23: 新豐5線 | B23: 微波主食 | C23: 二配港式香滑嫩蛋牛肉燴飯 | E23: 50.67 | F23: 1779 | G23: =E23*F23 -> 90141.93 | I23: 17 | J23: 2000 | K23: =J23/I23 -> 117.64706 | L23: 17 | M23: =F23/V23*60 -> 1906.0714 | N23: =M23/L23 -> 112.12185 | O23: =L23-I23 -> 0 | P23: =N23-K23 -> -5.5252101 | Q23: =N23/K23 -> 0.95303571 | S23: 0.79375 | T23: 0.83263889 | U23: =IF(S23=TIME(17,0,0),"",(S23-T22)*24*60) -> 7 | V23: =(T23-S23)*24*60 -> 56 | AE23: =M23-J23 -> -93.928571 | AF23: =M23/J23 -> 0.95303571
A24: 新豐5線 | B24: 平均 | I24: 18.25 | J24: 1737.5 | K24: =J24/I24 -> 95.205479 | L24: 18.25 | M24: =AVERAGE(M16:M23) -> 1664.8267 | N24: =M24/L24 -> 91.223383 | O24: =L24-I24 -> 0 | P24: =N24-K24 -> -3.982096 | Q24: =N24/K24 -> 0.95817367 | Y24: =SUM(Y16:Y23) -> 0 | Z24: =SUM(Z16:Z23) -> 0 | AC24: 8 | AD24: =SUM(AD16:AD23) -> 0 | AE24: =M24-J24 -> -72.673252 | AF24: =M24/J24 -> 0.95817367
A25: 新豐7線 | B25: 微波主食 | C25: 韓式燒肉拌飯 | E25: 54.09 | F25: 1908 | G25: =E25*F25 -> 103203.72 | I25: 17 | J25: 1500 | K25: =J25/I25 -> 88.235294 | L25: 17 | M25: =F25/V25*60 -> 1431 | N25: =M25/L25 -> 84.176471 | O25: =L25-I25 -> 0 | P25: =N25-K25 -> -4.0588235 | Q25: =N25/K25 -> 0.954 | R25: =Q31 -> 0.95531783 | S25: 0.20833333 | T25: 0.26388889 | V25: =(T25-S25)*24*60 -> 80 | AC25: 6 | AE25: =M25-J25 -> -69 | AF25: =M25/J25 -> 0.954 | AG25: =AF31 -> 0.95531783
A26: 新豐7線 | B26: 微波主食 | C26: 韓式泡菜豬肉豆腐丼飯 | E26: 50.67 | F26: 2379 | G26: =E26*F26 -> 120543.93 | I26: 17 | J26: 2000 | K26: =J26/I26 -> 117.64706 | L26: 17 | M26: =F26/V26*60 -> 1903.2 | N26: =M26/L26 -> 111.95294 | O26: =L26-I26 -> 0 | P26: =N26-K26 -> -5.6941176 | Q26: =N26/K26 -> 0.9516 | S26: 0.26944444 | T26: 0.32152778 | U26: =IF(S26=TIME(17,0,0),"",(S26-T25)*24*60) -> 8 | V26: =(T26-S26)*24*60 -> 75 | AE26: =M26-J26 -> -96.8 | AF26: =M26/J26 -> 0.9516
A27: 新豐7線 | B27: 微波主食 | C27: 鐵板滑蛋炸豬排丼 | E27: 57.73 | F27: 2721 | G27: =E27*F27 -> 157083.33 | I27: 14 | J27: 2000 | K27: =J27/I27 -> 142.85714 | L27: 14 | M27: =F27/V27*60 -> 1920.7059 | N27: =M27/L27 -> 137.19328 | O27: =L27-I27 -> 0 | P27: =N27-K27 -> -5.6638655 | Q27: =N27/K27 -> 0.96035294 | S27: 0.325 | T27: 0.38402778 | U27: =IF(S27=TIME(17,0,0),"",(S27-T26)*24*60) -> 5 | V27: =(T27-S27)*24*60 -> 85 | AE27: =M27-J27 -> -79.294118 | AF27: =M27/J27 -> 0.96035294
A28: 新豐7線 | B28: 微波主食 | C28: 日式炙烤親子丼 | E28: 53.27 | F28: 2334 | G28: =E28*F28 -> 124332.18 | I28: 16 | J28: 2000 | K28: =J28/I28 -> 125 | L28: 16 | M28: =F28/V28*60 -> 1918.3562 | N28: =M28/L28 -> 119.89726 | O28: =L28-I28 -> 0 | P28: =N28-K28 -> -5.1027397 | Q28: =N28/K28 -> 0.95917808 | S28: 0.38888889 | T28: 0.43958333 | U28: =IF(S28=TIME(17,0,0),"",(S28-T27)*24*60) -> 7 | V28: =(T28-S28)*24*60 -> 73 | AE28: =M28-J28 -> -81.643836 | AF28: =M28/J28 -> 0.95917808
A29: 新豐7線 | B29: 微波主食 | C29: 二配川味麻婆燒豆腐燴飯 | E29: 50.49 | F29: 2162 | G29: =E29*F29 -> 109159.38 | I29: 15 | J29: 2000 | K29: =J29/I29 -> 133.33333 | L29: 15 | M29: =F29/V29*60 -> 1907.6471 | N29: =M29/L29 -> 127.17647 | O29: =L29-I29 -> 0 | P29: =N29-K29 -> -6.1568627 | Q29: =N29/K29 -> 0.95382353 | S29: 0.70833333 | T29: 0.75555556 | U29: =IF(S29=TIME(17,0,0),"",(S29-T28)*24*60) | V29: =(T29-S29)*24*60 -> 68 | AE29: =M29-J29 -> -92.352941 | AF29: =M29/J29 -> 0.95382353
A30: 新豐7線 | B30: 微波主食 | C30: 二配厚香料優格咖哩雞排飯 | E30: 56.43 | F30: 1937 | G30: =E30*F30 -> 109304.91 | I30: 13 | J30: 2000 | K30: =J30/I30 -> 153.84615 | L30: 13 | M30: =F30/V30*60 -> 1905.2459 | N30: =M30/L30 -> 146.55738 | O30: =L30-I30 -> 0 | P30: =N30-K30 -> -7.2887768 | Q30: =N30/K30 -> 0.95262295 | S30: 0.75902778 | T30: 0.80138889 | U30: =IF(S30=TIME(17,0,0),"",(S30-T29)*24*60) -> 5 | V30: =(T30-S30)*24*60 -> 61 | AE30: =M30-J30 -> -94.754098 | AF30: =M30/J30 -> 0.95262295
A31: 新豐7線 | B31: 平均 | I31: 15.333333 | J31: 1916.6667 | K31: =J31/I31 -> 125 | L31: 15.333333 | M31: =AVERAGE(M25:M30) -> 1831.0258 | N31: =M31/L31 -> 119.41473 | O31: =L31-I31 -> 0 | P31: =N31-K31 -> -5.5852717 | Q31: =N31/K31 -> 0.95531783 | Y31: =SUM(Y25:Y30) -> 0 | Z31: =SUM(Z25:Z30) -> 0 | AC31: 6 | AD31: =SUM(AD25:AD30) -> 0 | AE31: =M31-J31 -> -85.640832 | AF31: =M31/J31 -> 0.95531783
A32: 新豐8線 | B32: 三明治 | C32: 紐奧良風味烤雞鮮蔬三明治 | E32: 31.29 | F32: 6700 | G32: =E32*F32 -> 209643 | H32: 2 | I32: 18 | J32: 2400 | K32: =J32/I32 -> 133.33333 | L32: 18 | M32: =F32/V32*60 -> 2284.0909 | N32: =M32/L32 -> 126.89394 | O32: =L32-I32 -> 0 | P32: =N32-K32 -> -6.4393939 | Q32: =N32/K32 -> 0.95170455 | R32: =Q39 -> 0.95462703 | S32: 0.083333333 | T32: 0.20555556 | V32: =(T32-S32)*24*60 -> 176 | W32: =T32 -> 0.20555556 | X32: =S33 -> 0.225 | AC32: 7 | AE32: =M32-J32 -> -115.90909 | AF32: =M32/J32 -> 0.95170455 | AG32: =AF39 -> 0.95462703
A33: 新豐8線 | B33: 三明治 | C33: 醬燒烤雞三明治(115年) | E33: 26.37 | F33: 4600 | G33: =E33*F33 -> 121302 | H33: 2 | I33: 18 | J33: 2400 | K33: =J33/I33 -> 133.33333 | L33: 18 | M33: =F33/V33*60 -> 2300 | N33: =M33/L33 -> 127.77778 | O33: =L33-I33 -> 0 | P33: =N33-K33 -> -5.5555556 | Q33: =N33/K33 -> 0.95833333 | S33: 0.225 | T33: 0.30833333 | U33: =(S33-T32)*24*60 -> 28 | V33: =(T33-S33)*24*60 -> 120 | AE33: =M33-J33 -> -100 | AF33: =M33/J33 -> 0.95833333
A34: 新豐8線 | B34: 三明治 | C34: 鮪魚起司溏心蛋三明治(115年) | E34: 26.18 | F34: 5400 | G34: =E34*F34 -> 141372 | H34: 2 | I34: 18 | J34: 2400 | K34: =J34/I34 -> 133.33333 | L34: 18 | M34: =F34/V34*60 -> 2297.8723 | N34: =M34/L34 -> 127.65957 | O34: =L34-I34 -> 0 | P34: =N34-K34 -> -5.6737589 | Q34: =N34/K34 -> 0.95744681 | S34: 0.31388889 | T34: 0.41180556 | U34: =(S34-T33)*24*60 -> 8 | V34: =(T34-S34)*24*60 -> 141 | AE34: =M34-J34 -> -102.12766 | AF34: =M34/J34 -> 0.95744681
A35: 新豐8線 | B35: 三明治 | C35: 雞蛋沙拉三明治(114年) | E35: 25.99 | F35: 4999 | G35: =E35*F35 -> 129924.01 | I35: 14 | J35: 2400 | K35: =J35/I35 -> 171.42857 | L35: 14 | M35: =F35/V35*60 -> 2289.6183 | N35: =M35/L35 -> 163.54417 | O35: =L35-I35 -> 0 | P35: =N35-K35 -> -7.8844057 | Q35: =N35/K35 -> 0.95400763 | S35: 0.41527778 | T35: 0.50625 | U35: =(S35-T34)*24*60 -> 5 | V35: =(T35-S35)*24*60 -> 131 | W35: =T35 -> 0.50625 | X35: =S36 -> 0.54444444 | AE35: =M35-J35 -> -110.38168 | AF35: =M35/J35 -> 0.95400763
A36: 新豐8線 | B36: 三明治 | C36: 紐奧良風味烤雞鮮蔬三明治 | E36: 31.29 | F36: 4841 | G36: =E36*F36 -> 151474.89 | I36: 18 | J36: 2400 | K36: =J36/I36 -> 133.33333 | L36: 18 | M36: =F36/V36*60 -> 2287.0866 | N36: =M36/L36 -> 127.06037 | O36: =L36-I36 -> 0 | P36: =N36-K36 -> -6.2729659 | Q36: =N36/K36 -> 0.95295276 | S36: 0.54444444 | T36: 0.63263889 | U36: =(S36-T35)*24*60 -> 55 | V36: =(T36-S36)*24*60 -> 127 | AE36: =M36-J36 -> -112.91339 | AF36: =M36/J36 -> 0.95295276
A37: 新豐8線 | B37: 三明治 | C37: 鮪魚起司溏心蛋三明治(115年) | E37: 26.18 | F37: 3964 | G37: =E37*F37 -> 103777.52 | I37: 18 | J37: 2400 | K37: =J37/I37 -> 133.33333 | L37: 18 | M37: =F37/V37*60 -> 2286.9231 | N37: =M37/L37 -> 127.05128 | O37: =L37-I37 -> 0 | P37: =N37-K37 -> -6.2820513 | Q37: =N37/K37 -> 0.95288462 | S37: 0.63611111 | T37: 0.70833333 | U37: =(S37-T36)*24*60 -> 5 | V37: =(T37-S37)*24*60 -> 104 | AE37: =M37-J37 -> -113.07692 | AF37: =M37/J37 -> 0.95288462
A38: 新豐8線 | B38: 三明治 | C38: 醬燒烤雞三明治(115年) | E38: 26.37 | F38: 3209 | G38: =E38*F38 -> 84621.33 | I38: 18 | J38: 2400 | K38: =J38/I38 -> 133.33333 | L38: 18 | M38: =F38/V38*60 -> 2292.1429 | N38: =M38/L38 -> 127.34127 | O38: =L38-I38 -> 0 | P38: =N38-K38 -> -5.9920635 | Q38: =N38/K38 -> 0.95505952 | S38: 0.71388889 | T38: 0.77222222 | U38: =(S38-T37)*24*60 -> 8 | V38: =(T38-S38)*24*60 -> 84 | AE38: =M38-J38 -> -107.85714 | AF38: =M38/J38 -> 0.95505952
A39: 新豐8線 | B39: 平均 | I39: 17.428571 | J39: 2400 | K39: =J39/I39 -> 137.70492 | L39: 17.428571 | M39: =AVERAGE(M32:M38) -> 2291.1049 | N39: =M39/L39 -> 131.45684 | O39: =L39-I39 -> 0 | P39: =N39-K39 -> -6.248081 | Q39: =N39/K39 -> 0.95462703 | Y39: =SUM(Y32:Y38) -> 0 | Z39: =SUM(Z32:Z38) -> 0 | AC39: 7 | AD39: =SUM(AD32:AD38) -> 0 | AE39: =M39-J39 -> -108.89513 | AF39: =M39/J39 -> 0.95462703
A40: 新豐9線 | B40: 三明治 | C40: 經典總匯三明治(115年) | E40: 26.18 | F40: 4400 | G40: =E40*F40 -> 115192 | H40: 2 | I40: 20 | J40: 2400 | K40: =J40/I40 -> 120 | L40: 20 | M40: =F40/V40*60 -> 2295.6522 | N40: =M40/L40 -> 114.78261 | O40: =L40-I40 -> 0 | P40: =N40-K40 -> -5.2173913 | Q40: =N40/K40 -> 0.95652174 | R40: =Q48 -> 0.95626094 | S40: 0.083333333 | T40: 0.16319444 | V40: =(T40-S40)*24*60 -> 115 | W40: =T40 -> 0.16319444 | X40: =S41 -> 0.18263889 | AC40: 8 | AE40: =M40-J40 -> -104.34783 | AF40: =M40/J40 -> 0.95652174 | AG40: =AF48 -> 0.95626094
A41: 新豐9線 | B41: 三明治 | C41: 經典火腿玉米蛋三明治 | E41: 24.43 | F41: 4600 | G41: =E41*F41 -> 112378 | H41: 2 | I41: 14 | J41: 2400 | K41: =J41/I41 -> 171.42857 | L41: 14 | M41: =F41/V41*60 -> 2300 | N41: =M41/L41 -> 164.28571 | O41: =L41-I41 -> 0 | P41: =N41-K41 -> -7.1428571 | Q41: =N41/K41 -> 0.95833333 | S41: 0.18263889 | T41: 0.26597222 | U41: =(S41-T40)*24*60 -> 28 | V41: =(T41-S41)*24*60 -> 120 | AE41: =M41-J41 -> -100 | AF41: =M41/J41 -> 0.95833333
A42: 新豐9線 | B42: 三明治 | C42: 好多蛋三明治 | E42: 34.1 | F42: 4400 | G42: =E42*F42 -> 150040 | H42: 2 | I42: 17 | J42: 1600 | K42: =J42/I42 -> 94.117647 | L42: 17 | M42: =F42/V42*60 -> 1526.0116 | N42: =M42/L42 -> 89.765386 | O42: =L42-I42 -> 0 | P42: =N42-K42 -> -4.3522611 | Q42: =N42/K42 -> 0.95375723 | S42: 0.27083333 | T42: 0.39097222 | U42: =(S42-T41)*24*60 -> 7 | V42: =(T42-S42)*24*60 -> 173 | AE42: =M42-J42 -> -73.988439 | AF42: =M42/J42 -> 0.95375723
A43: 新豐9線 | B43: 三明治 | C43: 好多菜三明治(114年) | E43: 25.98 | F43: 3736 | G43: =E43*F43 -> 97061.28 | I43: 19 | J43: 2400 | K43: =J43/I43 -> 126.31579 | L43: 19 | M43: =F43/V43*60 -> 2287.3469 | N43: =M43/L43 -> 120.38668 | O43: =L43-I43 -> 0 | P43: =N43-K43 -> -5.9291085 | Q43: =N43/K43 -> 0.95306122 | S43: 0.39444444 | T43: 0.4625 | U43: =(S43-T42)*24*60 -> 5 | V43: =(T43-S43)*24*60 -> 98 | AE43: =M43-J43 -> -112.65306 | AF43: =M43/J43 -> 0.95306122
A44: 新豐9線 | B44: 三明治 | C44: 茄汁厚起司三明治 | E44: 25.99 | F44: 2200 | G44: =E44*F44 -> 57178 | H44: 2 | I44: 18 | J44: 2400 | K44: =J44/I44 -> 133.33333 | L44: 18 | M44: =F44/V44*60 -> 2315.7895 | N44: =M44/L44 -> 128.65497 | O44: =L44-I44 -> 0 | P44: =N44-K44 -> -4.6783626 | Q44: =N44/K44 -> 0.96491228 | S44: 0.46666667 | T44: 0.50625 | U44: =(S44-T43)*24*60 -> 6 | V44: =(T44-S44)*24*60 -> 57 | W44: =T44 -> 0.50625 | X44: =S45 -> 0.54722222 | AE44: =M44-J44 -> -84.210526 | AF44: =M44/J44 -> 0.96491228
A45: 新豐9線 | B45: 三明治 | C45: 經典總匯三明治(115年) | E45: 26.18 | F45: 3234 | G45: =E45*F45 -> 84666.12 | I45: 20 | J45: 2400 | K45: =J45/I45 -> 120 | L45: 20 | M45: =F45/V45*60 -> 2282.8235 | N45: =M45/L45 -> 114.14118 | O45: =L45-I45 -> 0 | P45: =N45-K45 -> -5.8588235 | Q45: =N45/K45 -> 0.95117647 | S45: 0.54722222 | T45: 0.60625 | U45: =(S45-T44)*24*60 -> 59 | V45: =(T45-S45)*24*60 -> 85 | AE45: =M45-J45 -> -117.17647 | AF45: =M45/J45 -> 0.95117647
A46: 新豐9線 | B46: 三明治 | C46: 經典火腿玉米蛋三明治 | E46: 24.43 | F46: 3591 | G46: =E46*F46 -> 87728.13 | I46: 14 | J46: 2400 | K46: =J46/I46 -> 171.42857 | L46: 14 | M46: =F46/V46*60 -> 2292.1277 | N46: =M46/L46 -> 163.7234 | O46: =L46-I46 -> 0 | P46: =N46-K46 -> -7.7051672 | Q46: =N46/K46 -> 0.95505319 | S46: 0.60972222 | T46: 0.675 | U46: =(S46-T45)*24*60 -> 5 | V46: =(T46-S46)*24*60 -> 94 | AE46: =M46-J46 -> -107.87234 | AF46: =M46/J46 -> 0.95505319
A47: 新豐9線 | B47: 三明治 | C47: 好多蛋三明治 | E47: 34.1 | F47: 3469 | G47: =E47*F47 -> 118292.9 | I47: 17 | J47: 1600 | K47: =J47/I47 -> 94.117647 | L47: 17 | M47: =F47/V47*60 -> 1530.4412 | N47: =M47/L47 -> 90.025952 | O47: =L47-I47 -> 0 | P47: =N47-K47 -> -4.0916955 | Q47: =N47/K47 -> 0.95652574 | S47: 0.67916667 | T47: 0.77361111 | U47: =(S47-T46)*24*60 -> 6 | V47: =(T47-S47)*24*60 -> 136 | AE47: =M47-J47 -> -69.558824 | AF47: =M47/J47 -> 0.95652574
A48: 新豐9線 | B48: 平均 | I48: 17.375 | J48: 2200 | K48: =J48/I48 -> 126.61871 | L48: 17.375 | M48: =AVERAGE(M40:M47) -> 2103.7741 | N48: =M48/L48 -> 121.08052 | O48: =L48-I48 -> 0 | P48: =N48-K48 -> -5.5381834 | Q48: =N48/K48 -> 0.95626094 | Y48: =SUM(Y40:Y47) -> 0 | Z48: =SUM(Z40:Z47) -> 0 | AC48: 8 | AD48: =SUM(AD40:AD47) -> 0 | AE48: =M48-J48 -> -96.225936 | AF48: =M48/J48 -> 0.95626094
A49: 新豐3線 | B49: 調理麵包 | C49: 黑胡椒豬肉鐵板炒麵麵包 | E49: 37.88 | F49: 1293 | G49: =E49*F49 -> 48978.84 | I49: 13 | J49: 2000 | K49: =J49/I49 -> 153.84615 | L49: 13 | M49: =F49/V49*60 -> 1939.5 | N49: =M49/L49 -> 149.19231 | O49: =L49-I49 -> 0 | P49: =N49-K49 -> -4.6538462 | Q49: =N49/K49 -> 0.96975 | R49: =Q53 -> 0.95585705 | S49: 0.083333333 | T49: 0.11111111 | V49: =(T49-S49)*24*60 -> 40 | W49: =T49 -> 0.11111111 | X49: =S50 -> 0.12986111 | AC49: 4 | AE49: =M49-J49 -> -60.5 | AF49: =M49/J49 -> 0.96975 | AG49: =AF53 -> 0.95585705
A50: 新豐3線 | B50: 調理麵包 | C50: 經典雙牛起司堡(113年) | E50: 35.12 | F50: 6423 | G50: =E50*F50 -> 225575.76 | I50: 10 | J50: 3000 | K50: =J50/I50 -> 300 | L50: 10 | M50: =F50/V50*60 -> 2854.6667 | N50: =M50/L50 -> 285.46667 | O50: =L50-I50 -> 0 | P50: =N50-K50 -> -14.533333 | Q50: =N50/K50 -> 0.95155556 | S50: 0.12986111 | T50: 0.22361111 | U50: =(S50-T49)*24*60 -> 27 | V50: =(T50-S50)*24*60 -> 135 | AE50: =M50-J50 -> -145.33333 | AF50: =M50/J50 -> 0.95155556
A51: 新豐3線 | B51: 調理麵包 | C51: 豬肉起司堡 | E51: 21.13 | F51: 6297 | G51: =E51*F51 -> 133055.61 | I51: 10 | J51: 3000 | K51: =J51/I51 -> 300 | L51: 10 | M51: =F51/V51*60 -> 2862.2727 | N51: =M51/L51 -> 286.22727 | O51: =L51-I51 -> 0 | P51: =N51-K51 -> -13.772727 | Q51: =N51/K51 -> 0.95409091 | S51: 0.22916667 | T51: 0.32083333 | U51: =(S51-T50)*24*60 -> 8 | V51: =(T51-S51)*24*60 -> 132 | AE51: =M51-J51 -> -137.72727 | AF51: =M51/J51 -> 0.95409091
A52: 新豐3線 | B52: 調理麵包 | C52: 豬肉起司蛋堡 | E52: 27.17 | F52: 8050 | G52: =E52*F52 -> 218718.5 | I52: 10 | J52: 3000 | K52: =J52/I52 -> 300 | L52: 10 | M52: =F52/V52*60 -> 2857.9882 | N52: =M52/L52 -> 285.79882 | O52: =L52-I52 -> 0 | P52: =N52-K52 -> -14.201183 | Q52: =N52/K52 -> 0.95266272 | S52: 0.32638889 | T52: 0.44375 | U52: =(S52-T51)*24*60 -> 8 | V52: =(T52-S52)*24*60 -> 169 | AE52: =M52-J52 -> -142.01183 | AF52: =M52/J52 -> 0.95266272
A53: 新豐3線 | B53: 平均 | I53: 10.75 | J53: 2750 | K53: =J53/I53 -> 255.81395 | L53: 10.75 | M53: =AVERAGE(M49:M52) -> 2628.6069 | N53: =M53/L53 -> 244.52157 | O53: =L53-I53 -> 0 | P53: =N53-K53 -> -11.292382 | Q53: =N53/K53 -> 0.95585705 | Y53: =SUM(Y49:Y52) -> 0 | Z53: =SUM(Z49:Z52) -> 0 | AC53: 4 | AD53: =SUM(AD49:AD52) -> 0 | AE53: =M53-J53 -> -121.39311 | AF53: =M53/J53 -> 0.95585705
A54: 新豐1線 | B54: 沙拉 | C54: 莎莎烤雞麵沙拉 | E54: 46 | F54: 3025 | G54: =E54*F54 -> 139150 | I54: 16 | J54: 2000 | K54: =J54/I54 -> 125 | L54: 16 | M54: =F54/V54*60 -> 1910.5263 | N54: =M54/L54 -> 119.40789 | O54: =L54-I54 -> 0 | P54: =N54-K54 -> -5.5921053 | Q54: =N54/K54 -> 0.95526316 | R54: =Q61 -> 0.95871088 | S54: 0.20833333 | T54: 0.27430556 | V54: =(T54-S54)*24*60 -> 95 | AC54: 7 | AE54: =M54-J54 -> -89.473684 | AF54: =M54/J54 -> 0.95526316 | AG54: =AF61 -> 0.95871088
A55: 新豐1線 | B55: 沙拉 | C55: 蔥鹽雞肉麵沙拉(114年) | E55: 46 | F55: 4357 | G55: =E55*F55 -> 200422 | I55: 16 | J55: 2000 | K55: =J55/I55 -> 125 | L55: 16 | M55: =F55/V55*60 -> 1908.1752 | N55: =M55/L55 -> 119.26095 | O55: =L55-I55 -> 0 | P55: =N55-K55 -> -5.7390511 | Q55: =N55/K55 -> 0.95408759 | S55: 0.27986111 | T55: 0.375 | U55: =IF(S55=TIME(17,0,0),"",(S55-T54)*24*60) -> 8 | V55: =(T55-S55)*24*60 -> 137 | AE55: =M55-J55 -> -91.824818 | AF55: =M55/J55 -> 0.95408759
A56: 新豐1線 | B56: 微波主食 | C56: 好多蒜燒豚飯 | E56: 51.75 | F56: 999 | G56: =E56*F56 -> 51698.25 | I56: 25 | J56: 2000 | K56: =J56/I56 -> 80 | L56: 25 | M56: =F56/V56*60 -> 1933.5484 | N56: =M56/L56 -> 77.341935 | O56: =L56-I56 -> 0 | P56: =N56-K56 -> -2.6580645 | Q56: =N56/K56 -> 0.96677419 | S56: 0.37847222 | T56: 0.4 | U56: =IF(S56=TIME(17,0,0),"",(S56-T55)*24*60) -> 5 | V56: =(T56-S56)*24*60 -> 31 | AE56: =M56-J56 -> -66.451613 | AF56: =M56/J56 -> 0.96677419
A57: 新豐1線 | B57: 微波主食 | C57: 壹號醬雞豚雙拼 | E57: 56.43 | F57: 1707 | G57: =E57*F57 -> 96326.01 | I57: 22 | J57: 2000 | K57: =J57/I57 -> 90.909091 | L57: 22 | M57: =F57/V57*60 -> 1932.4528 | N57: =M57/L57 -> 87.838765 | O57: =L57-I57 -> 0 | P57: =N57-K57 -> -3.0703259 | Q57: =N57/K57 -> 0.96622642 | S57: 0.40347222 | T57: 0.44027778 | U57: =IF(S57=TIME(17,0,0),"",(S57-T56)*24*60) -> 5 | V57: =(T57-S57)*24*60 -> 53 | AE57: =M57-J57 -> -67.54717 | AF57: =M57/J57 -> 0.96622642
A58: 新豐1線 | B58: 微波主食 | C58: 爆炒雞丁飯 | E58: 59.04 | F58: 3669 | G58: =E58*F58 -> 216617.76 | I58: 19 | J58: 2000 | K58: =J58/I58 -> 105.26316 | L58: 19 | M58: =F58/V58*60 -> 1914.2609 | N58: =M58/L58 -> 100.75057 | O58: =L58-I58 -> 0 | P58: =N58-K58 -> -4.5125858 | Q58: =N58/K58 -> 0.95713043 | S58: 0.44513889 | T58: 0.525 | U58: =IF(S58=TIME(17,0,0),"",(S58-T57)*24*60) -> 7 | V58: =(T58-S58)*24*60 -> 115 | AE58: =M58-J58 -> -85.73913 | AF58: =M58/J58 -> 0.95713043
A59: 新豐1線 | B59: 微波主食 | C59: 二配香辣醬蒜味香腸蛋炒飯 | E59: 55.56 | F59: 2507 | G59: =E59*F59 -> 139288.92 | I59: 17 | J59: 2000 | K59: =J59/I59 -> 117.64706 | L59: 17 | M59: =F59/V59*60 -> 1904.0506 | N59: =M59/L59 -> 112.00298 | O59: =L59-I59 -> 0 | P59: =N59-K59 -> -5.6440804 | Q59: =N59/K59 -> 0.95202532 | S59: 0.70833333 | T59: 0.76319444 | U59: =IF(S59=TIME(17,0,0),"",(S59-T58)*24*60) | V59: =(T59-S59)*24*60 -> 79 | AE59: =M59-J59 -> -95.949367 | AF59: =M59/J59 -> 0.95202532
A60: 新豐1線 | B60: 微波主食 | C60: 二配打拋風味豬肉飯 | E60: 51.06 | F60: 3614 | G60: =E60*F60 -> 184530.84 | I60: 13 | J60: 2000 | K60: =J60/I60 -> 153.84615 | L60: 13 | M60: =F60/V60*60 -> 1918.9381 | N60: =M60/L60 -> 147.61062 | O60: =L60-I60 -> 0 | P60: =N60-K60 -> -6.2355344 | Q60: =N60/K60 -> 0.95946903 | S60: 0.76875 | T60: 0.84722222 | U60: =IF(S60=TIME(17,0,0),"",(S60-T59)*24*60) -> 8 | V60: =(T60-S60)*24*60 -> 113 | AE60: =M60-J60 -> -81.061947 | AF60: =M60/J60 -> 0.95946903
A61: 新豐1線 | B61: 平均 | I61: 18.285714 | J61: 2000 | K61: =J61/I61 -> 109.375 | L61: 18.285714 | M61: =AVERAGE(M54:M60) -> 1917.4218 | N61: =M61/L61 -> 104.859 | O61: =L61-I61 -> 0 | P61: =N61-K61 -> -4.5159979 | Q61: =N61/K61 -> 0.95871088 | Y61: =SUM(Y54:Y60) -> 0 | Z61: =SUM(Z54:Z60) -> 0 | AC61: 7 | AD61: =SUM(AD54:AD60) -> 0 | AE61: =M61-J61 -> -82.578247 | AF61: =M61/J61 -> 0.95871088
A62: 新豐10線 | B62: 調理麵包 | C62: 厚豆腐蛋白蕈菇豬肉堡 | E62: 34.36 | F62: 2605 | G62: =E62*F62 -> 89507.8 | I62: 10 | J62: 3000 | K62: =J62/I62 -> 300 | L62: 10 | M62: =F62/V62*60 -> 2894.4444 | N62: =M62/L62 -> 289.44444 | O62: =L62-I62 -> 0 | P62: =N62-K62 -> -10.555556 | Q62: =N62/K62 -> 0.96481481 | R62: =Q67 -> 0.95865302 | S62: 0.20833333 | T62: 0.24583333 | V62: =(T62-S62)*24*60 -> 54 | AC62: 5 | AE62: =M62-J62 -> -105.55556 | AF62: =M62/J62 -> 0.96481481 | AG62: =AF67 -> 0.95865302
A63: 新豐10線 | B63: 調理麵包 | C63: 茄汁薯餅蛋堡 | E63: 34.36 | F63: 1158 | G63: =E63*F63 -> 39788.88 | I63: 10 | J63: 3000 | K63: =J63/I63 -> 300 | L63: 10 | M63: =F63/V63*60 -> 2895 | N63: =M63/L63 -> 289.5 | O63: =L63-I63 -> 0 | P63: =N63-K63 -> -10.5 | Q63: =N63/K63 -> 0.965 | S63: 0.25138889 | T63: 0.26805556 | U63: =(S63-T62)*24*60 -> 8 | V63: =(T63-S63)*24*60 -> 24 | AE63: =M63-J63 -> -105 | AF63: =M63/J63 -> 0.965
A64: 新豐10線 | B64: 調理麵包 | C64: 香雞蛋堡(112年) | E64: 26.78 | F64: 2808 | G64: =E64*F64 -> 75198.24 | I64: 10 | J64: 3000 | K64: =J64/I64 -> 300 | L64: 10 | M64: =F64/V64*60 -> 2855.5932 | N64: =M64/L64 -> 285.55932 | O64: =L64-I64 -> 0 | P64: =N64-K64 -> -14.440678 | Q64: =N64/K64 -> 0.95186441 | S64: 0.27222222 | T64: 0.31319444 | U64: =(S64-T63)*24*60 -> 6 | V64: =(T64-S64)*24*60 -> 59 | AE64: =M64-J64 -> -144.40678 | AF64: =M64/J64 -> 0.95186441
A65: 新豐10線 | B65: 調理麵包 | C65: 美式雞腿堡 | E65: 35.87 | F65: 4321 | G65: =E65*F65 -> 154994.27 | I65: 9 | J65: 3000 | K65: =J65/I65 -> 333.33333 | L65: 9 | M65: =F65/V65*60 -> 2880.6667 | N65: =M65/L65 -> 320.07407 | O65: =L65-I65 -> 0 | P65: =N65-K65 -> -13.259259 | Q65: =N65/K65 -> 0.96022222 | S65: 0.31805556 | T65: 0.38055556 | U65: =(S65-T64)*24*60 -> 7 | V65: =(T65-S65)*24*60 -> 90 | AE65: =M65-J65 -> -119.33333 | AF65: =M65/J65 -> 0.96022222
A66: 新豐10線 | B66: 調理麵包 | C66: 黃金魚堡(114年) | E66: 34.35 | F66: 2093 | G66: =E66*F66 -> 71894.55 | I66: 8 | J66: 3000 | K66: =J66/I66 -> 375 | L66: 8 | M66: =F66/V66*60 -> 2854.0909 | N66: =M66/L66 -> 356.76136 | O66: =L66-I66 -> 0 | P66: =N66-K66 -> -18.238636 | Q66: =N66/K66 -> 0.95136364 | S66: 0.38611111 | T66: 0.41666667 | U66: =(S66-T65)*24*60 -> 8 | V66: =(T66-S66)*24*60 -> 44 | AE66: =M66-J66 -> -145.90909 | AF66: =M66/J66 -> 0.95136364
A67: 新豐10線 | B67: 平均 | I67: 9.4 | J67: 3000 | K67: =J67/I67 -> 319.14894 | L67: 9.4 | M67: =AVERAGE(M62:M66) -> 2875.959 | N67: =M67/L67 -> 305.95309 | O67: =L67-I67 -> 0 | P67: =N67-K67 -> -13.195846 | Q67: =N67/K67 -> 0.95865302 | Y67: =SUM(Y62:Y66) -> 0 | Z67: =SUM(Z62:Z66) -> 0 | AC67: 5 | AD67: =SUM(AD62:AD66) -> 0 | AE67: =M67-J67 -> -124.04095 | AF67: =M67/J67 -> 0.95865302
A68: 新豐4線 | B68: 三明治 | C68: 香蕉可可三明治 | E68: 22.69 | F68: 4590 | G68: =E68*F68 -> 104147.1 | I68: 15 | J68: 2400 | K68: =J68/I68 -> 160 | L68: 15 | M68: =F68/V68*60 -> 2295 | N68: =M68/L68 -> 153 | O68: =L68-I68 -> 0 | P68: =N68-K68 -> -7 | Q68: =N68/K68 -> 0.95625 | R68: =Q76 -> 0.95812981 | S68: 0.083333333 | T68: 0.16666667 | V68: =(T68-S68)*24*60 -> 120 | W68: =T68 -> 0.16666667 | X68: =S69 -> 0.18611111 | AC68: 8 | AE68: =M68-J68 -> -105 | AF68: =M68/J68 -> 0.95625 | AG68: =AF76 -> 0.95812981
A69: 新豐4線 | B69: 三明治 | C69: 火腿起司蛋三明治 | E69: 19.02 | F69: 6800 | G69: =E69*F69 -> 129336 | H69: 2 | I69: 14 | J69: 2400 | K69: =J69/I69 -> 171.42857 | L69: 14 | M69: =F69/V69*60 -> 2292.1348 | N69: =M69/L69 -> 163.72392 | O69: =L69-I69 -> 0 | P69: =N69-K69 -> -7.7046549 | Q69: =N69/K69 -> 0.95505618 | S69: 0.18611111 | T69: 0.30972222 | U69: =(S69-T68)*24*60 -> 28 | V69: =(T69-S69)*24*60 -> 178 | AE69: =M69-J69 -> -107.86517 | AF69: =M69/J69 -> 0.95505618
A70: 新豐4線 | B70: 三明治 | C70: 肉鬆火腿三明治(115年) | E70: 20.36 | F70: 3300 | G70: =E70*F70 -> 67188 | H70: 2 | I70: 17 | J70: 2400 | K70: =J70/I70 -> 141.17647 | L70: 17 | M70: =F70/V70*60 -> 2302.3256 | N70: =M70/L70 -> 135.43092 | O70: =L70-I70 -> 0 | P70: =N70-K70 -> -5.745554 | Q70: =N70/K70 -> 0.95930233 | S70: 0.31458333 | T70: 0.37430556 | U70: =(S70-T69)*24*60 -> 7 | V70: =(T70-S70)*24*60 -> 86 | AE70: =M70-J70 -> -97.674419 | AF70: =M70/J70 -> 0.95930233
A71: 新豐4線 | B71: 三明治 | C71: 榛果摩卡脆脆三明治 | E71: 20.21 | F71: 3800 | G71: =E71*F71 -> 76798 | H71: 2 | I71: 18 | J71: 2400 | K71: =J71/I71 -> 133.33333 | L71: 18 | M71: =F71/V71*60 -> 2303.0303 | N71: =M71/L71 -> 127.94613 | O71: =L71-I71 -> 0 | P71: =N71-K71 -> -5.3872054 | Q71: =N71/K71 -> 0.95959596 | S71: 0.37777778 | T71: 0.44652778 | U71: =(S71-T70)*24*60 -> 5 | V71: =(T71-S71)*24*60 -> 99 | AE71: =M71-J71 -> -96.969697 | AF71: =M71/J71 -> 0.95959596
A72: 新豐4線 | B72: 三明治 | C72: 藍莓優格三明治 | E72: 20.21 | F72: 3901 | G72: =E72*F72 -> 78839.21 | I72: 15 | J72: 2400 | K72: =J72/I72 -> 160 | L72: 15 | M72: =F72/V72*60 -> 2294.7059 | N72: =M72/L72 -> 152.98039 | O72: =L72-I72 -> 0 | P72: =N72-K72 -> -7.0196078 | Q72: =N72/K72 -> 0.95612745 | S72: 0.45138889 | T72: 0.52222222 | U72: =(S72-T71)*24*60 -> 7 | V72: =(T72-S72)*24*60 -> 102 | W72: =T72 -> 0.52222222 | X72: =S73 -> 0.56180556 | AE72: =M72-J72 -> -105.29412 | AF72: =M72/J72 -> 0.95612745
A73: 新豐4線 | B73: 三明治 | C73: 火腿起司蛋三明治 | E73: 19.02 | F73: 5399 | G73: =E73*F73 -> 102688.98 | I73: 14 | J73: 2400 | K73: =J73/I73 -> 171.42857 | L73: 14 | M73: =F73/V73*60 -> 2297.4468 | N73: =M73/L73 -> 164.10334 | O73: =L73-I73 -> 0 | P73: =N73-K73 -> -7.325228 | Q73: =N73/K73 -> 0.9572695 | S73: 0.56180556 | T73: 0.65972222 | U73: =(S73-T72)*24*60 -> 57 | V73: =(T73-S73)*24*60 -> 141 | AE73: =M73-J73 -> -102.55319 | AF73: =M73/J73 -> 0.9572695
A74: 新豐4線 | B74: 三明治 | C74: 肉鬆火腿三明治(115年) | E74: 20.36 | F74: 2545 | G74: =E74*F74 -> 51816.2 | I74: 17 | J74: 2400 | K74: =J74/I74 -> 141.17647 | L74: 17 | M74: =F74/V74*60 -> 2313.6364 | N74: =M74/L74 -> 136.09626 | O74: =L74-I74 -> 0 | P74: =N74-K74 -> -5.0802139 | Q74: =N74/K74 -> 0.96401515 | S74: 0.66319444 | T74: 0.70902778 | U74: =(S74-T73)*24*60 -> 5 | V74: =(T74-S74)*24*60 -> 66 | AE74: =M74-J74 -> -86.363636 | AF74: =M74/J74 -> 0.96401515
A75: 新豐4線 | B75: 三明治 | C75: 榛果摩卡脆脆三明治 | E75: 20.21 | F75: 2451 | G75: =E75*F75 -> 49534.71 | I75: 18 | J75: 2400 | K75: =J75/I75 -> 133.33333 | L75: 18 | M75: =F75/V75*60 -> 2297.8125 | N75: =M75/L75 -> 127.65625 | O75: =L75-I75 -> 0 | P75: =N75-K75 -> -5.6770833 | Q75: =N75/K75 -> 0.95742188 | S75: 0.71388889 | T75: 0.75833333 | U75: =(S75-T74)*24*60 -> 7 | V75: =(T75-S75)*24*60 -> 64 | AE75: =M75-J75 -> -102.1875 | AF75: =M75/J75 -> 0.95742188
A76: 新豐4線 | B76: 平均 | I76: 16 | J76: 2400 | K76: =J76/I76 -> 150 | L76: 16 | M76: =AVERAGE(M68:M75) -> 2299.5115 | N76: =M76/L76 -> 143.71947 | O76: =L76-I76 -> 0 | P76: =N76-K76 -> -6.2805291 | Q76: =N76/K76 -> 0.95812981 | Y76: =SUM(Y68:Y75) -> 0 | Z76: =SUM(Z68:Z75) -> 0 | AC76: 8 | AD76: =SUM(AD68:AD75) -> 0 | AE76: =M76-J76 -> -100.48847 | AF76: =M76/J76 -> 0.95812981

Sheet 0530
B1: 屏榮 新豐廠組合室生產人時性分析
B3: 日期 | C3: =TEXT('0530 4度C'!A2,"yyyy.mm.ddaaaa") -> 2026.05.30星期六 | E3: 訂單量 | F3: ='0530 4度C'!D1 -> 156221 | H3: 營業額 | I3: ='0530 4度C'!F1 -> 5347544.3
B4: 人時性 | C4: 項目 | E4: ➀ | G4: ➁ | I4: ➂ | K4: 異常停線 | M4: 短暫停線
C5: 組合室 | E5: 全溫層 | G5: 4度C-各編組展開 | I5: ③三明治-各編組展開 | K5: 合計次數 | L5: 時間 | M5: 合計次數 | N5: 設備次數
C6: 排關平均 | E6: =AVERAGE(D13:M13) -> 153.82204 | F6: =AVERAGE(D31:O31,D13:J13) -> 160.4743 | G6: =AVERAGE(D13:J13) -> 160.4743 | I6: =AVERAGE(K13:M13) -> 138.30008 | K6: ='0530 4度C'!Y2 -> 0 | L6: ='0530 4度C'!Z2 -> 0 | M6: ='0530 4度C'!AC2 -> 53 | N6: ='0530 4度C'!AD2 -> 0
C7: 實績平均 | E7: =AVERAGE(D14:M14) -> 147.55318 | F7: =AVERAGE(D32:O32,D14:J14) -> 154.13764 | G7: =AVERAGE(D14:J14) -> 154.13764 | I7: =AVERAGE(K14:M14) -> 132.18945
C8: 達成率平均 | E8: =AVERAGE(D15:M15) -> 0.95844857 | F8: =AVERAGE(D15:J15,D33:O33) -> 0.9595911 | G8: =AVERAGE(D15:J15) -> 0.9595911 | I8: =AVERAGE(K15:M15) -> 0.95578267
K9: ※現行日本鮮食廠以達成率80%為基本(即為現行KPI)
B10: 溫層 | D10: ➁4度C-各編組展開 | K10: ③三明治-各編組展開
B11: 編組 | D11: 1 | E11: 2 | F11: 3 | G11: 4 | H11: 5 | I11: 6 | J11: 7 | K11: 1 | L11: 2 | M11: 3
D12: 新豐6線 | E12: 新豐2線 | F12: 新豐5線 | G12: 新豐7線 | H12: 新豐3線 | I12: 新豐1線 | J12: 新豐10線 | K12: 新豐8線 | L12: 新豐9線 | M12: 新豐4線
B13: 人時性 | C13: 排關 | D13: =SUMIFS('0530 4度C'!$K:$K,'0530 4度C'!$A:$A,"新豐6線",'0530 4度C'!$B:$B,"平均") -> 130.43478 | E13: =SUMIFS('0530 4度C'!$K:$K,'0530 4度C'!$A:$A,"新豐2線",'0530 4度C'!$B:$B,"平均") -> 86.956522 | F13: =SUMIFS('0530 4度C'!$K:$K,'0530 4度C'!$A:$A,"新豐5線",'0530 4度C'!$B:$B,"平均") -> 96.590909 | G13: =SUMIFS('0530 4度C'!$K:$K,'0530 4度C'!$A:$A,"新豐7線",'0530 4度C'!$B:$B,"平均") -> 125 | H13: =SUMIFS('0530 4度C'!$K:$K,'0530 4度C'!$A:$A,"新豐3線",'0530 4度C'!$B:$B,"平均") -> 255.81395 | I13: =SUMIFS('0530 4度C'!$K:$K,'0530 4度C'!$A:$A,"新豐1線",'0530 4度C'!$B:$B,"平均") -> 109.375 | J13: =SUMIFS('0530 4度C'!$K:$K,'0530 4度C'!$A:$A,"新豐10線",'0530 4度C'!$B:$B,"平均") -> 319.14894 | K13: =SUMIFS('0530 4度C'!$K:$K,'0530 4度C'!$A:$A,"新豐8線",'0530 4度C'!$B:$B,"平均") -> 138.46154 | L13: =SUMIFS('0530 4度C'!$K:$K,'0530 4度C'!$A:$A,"新豐9線",'0530 4度C'!$B:$B,"平均") -> 121.6 | M13: =SUMIFS('0530 4度C'!$K:$K,'0530 4度C'!$A:$A,"新豐4線",'0530 4度C'!$B:$B,"平均") -> 154.83871
C14: 實績 | D14: =SUMIFS('0530 4度C'!$N:$N,'0530 4度C'!$A:$A,"新豐6線",'0530 4度C'!$B:$B,"平均") -> 125.23127 | E14: =SUMIFS('0530 4度C'!$N:$N,'0530 4度C'!$A:$A,"新豐2線",'0530 4度C'!$B:$B,"平均") -> 82.92548 | F14: =SUMIFS('0530 4度C'!$N:$N,'0530 4度C'!$A:$A,"新豐5線",'0530 4度C'!$B:$B,"平均") -> 92.985623 | G14: =SUMIFS('0530 4度C'!$N:$N,'0530 4度C'!$A:$A,"新豐7線",'0530 4度C'!$B:$B,"平均") -> 120.02295 | H14: =SUMIFS('0530 4度C'!$N:$N,'0530 4度C'!$A:$A,"新豐3線",'0530 4度C'!$B:$B,"平均") -> 244.18133 | I14: =SUMIFS('0530 4度C'!$N:$N,'0530 4度C'!$A:$A,"新豐1線",'0530 4度C'!$B:$B,"平均") -> 104.83421 | J14: =SUMIFS('0530 4度C'!$N:$N,'0530 4度C'!$A:$A,"新豐10線",'0530 4度C'!$B:$B,"平均") -> 308.78258 | K14: =SUMIFS('0530 4度C'!$N:$N,'0530 4度C'!$A:$A,"新豐8線",'0530 4度C'!$B:$B,"平均") -> 132.5432 | L14: =SUMIFS('0530 4度C'!$N:$N,'0530 4度C'!$A:$A,"新豐9線",'0530 4度C'!$B:$B,"平均") -> 116.08404 | M14: =SUMIFS('0530 4度C'!$N:$N,'0530 4度C'!$A:$A,"新豐4線",'0530 4度C'!$B:$B,"平均") -> 147.94113
C15: 達成率 | D15: =D14/D13 -> 0.96010637 | E15: =E14/E13 -> 0.95364302 | F15: =F14/F13 -> 0.96267468 | G15: =G14/G13 -> 0.96018364 | H15: =H14/H13 -> 0.95452702 | I15: =I14/I13 -> 0.95848423 | J15: =J14/J13 -> 0.96751875 | K15: =K14/K13 -> 0.95725642 | ... M15: =M14/M13 -> 0.95545312
B16: 作業 時間 | C16: 開始 | D16: =VLOOKUP("新豐6線",'0530 4度C'!$A:$T,19,0) -> 0.70833333 | E16: =VLOOKUP("新豐2線",'0530 4度C'!$A:$T,19,0) -> 0.083333333 | F16: =VLOOKUP("新豐5線",'0530 4度C'!$A:$T,19,0) -> 0.20833333 | G16: =VLOOKUP("新豐7線",'0530 4度C'!$A:$T,19,0) -> 0.20833333 | H16: =VLOOKUP("新豐3線",'0530 4度C'!$A:$T,19,0) -> 0.083333333 | I16: =VLOOKUP("新豐1線",'0530 4度C'!$A:$T,19,0) -> 0.20833333 | J16: =VLOOKUP("新豐10線",'0530 4度C'!$A:$T,19,0) -> 0.20833333 | K16: =VLOOKUP("新豐8線",'0530 4度C'!$A:$T,19,0) -> 0.083333333 | L16: =VLOOKUP("新豐9線",'0530 4度C'!$A:$T,19,0) -> 0.083333333 | M16: =VLOOKUP("新豐4線",'0530 4度C'!$A:$T,19,0) -> 0.083333333
C17: 結束 | D17: =LOOKUP(2,1/(('0530 4度C'!$A:$A="新豐6線")*('0530 4度C'!$T:$T<>"")),'0530 4度C'!$T:$T) -> 0.84236111 | E17: =LOOKUP(2,1/(('0530 4度C'!$A:$A="新豐2線")*('0530 4度C'!$T:$T<>"")),'0530 4度C'!$T:$T) -> 0.61458333 | F17: =LOOKUP(2,1/(('0530 4度C'!$A:$A="新豐5線")*('0530 4度C'!$T:$T<>"")),'0530 4度C'!$T:$T) -> 0.81041667 | G17: =LOOKUP(2,1/(('0530 4度C'!$A:$A="新豐7線")*('0530 4度C'!$T:$T<>"")),'0530 4度C'!$T:$T) -> 0.77986111 | H17: =LOOKUP(2,1/(('0530 4度C'!$A:$A="新豐3線")*('0530 4度C'!$T:$T<>"")),'0530 4度C'!$T:$T) -> 0.37152778 | I17: =LOOKUP(2,1/(('0530 4度C'!$A:$A="新豐1線")*('0530 4度C'!$T:$T<>"")),'0530 4度C'!$T:$T) -> 0.83611111 | J17: =LOOKUP(2,1/(('0530 4度C'!$A:$A="新豐10線")*('0530 4度C'!$T:$T<>"")),'0530 4度C'!$T:$T) -> 0.38611111 | K17: =LOOKUP(2,1/(('0530 4度C'!$A:$A="新豐8線")*('0530 4度C'!$T:$T<>"")),'0530 4度C'!$T:$T) -> 0.61041667 | L17: =LOOKUP(2,1/(('0530 4度C'!$A:$A="新豐9線")*('0530 4度C'!$T:$T<>"")),'0530 4度C'!$T:$T) -> 0.63333333 | M17: =LOOKUP(2,1/(('0530 4度C'!$A:$A="新豐4線")*('0530 4度C'!$T:$T<>"")),'0530 4度C'!$T:$T) -> 0.59513889
B18: 產線異常 (5分鐘以上) | C18: 次數 | D18: =SUMIFS('0530 4度C'!$Y:$Y,'0530 4度C'!$A:$A,"新豐6線",'0530 4度C'!$B:$B,"平均") -> 0 | E18: =SUMIFS('0530 4度C'!$Y:$Y,'0530 4度C'!$A:$A,"新豐2線",'0530 4度C'!$B:$B,"平均") -> 0 | F18: =SUMIFS('0530 4度C'!$Y:$Y,'0530 4度C'!$A:$A,"新豐5線",'0530 4度C'!$B:$B,"平均") -> 0 | G18: =SUMIFS('0530 4度C'!$Y:$Y,'0530 4度C'!$A:$A,"新豐7線",'0530 4度C'!$B:$B,"平均") -> 0 | H18: =SUMIFS('0530 4度C'!$Y:$Y,'0530 4度C'!$A:$A,"新豐3線",'0530 4度C'!$B:$B,"平均") -> 0 | I18: =SUMIFS('0530 4度C'!$Y:$Y,'0530 4度C'!$A:$A,"新豐1線",'0530 4度C'!$B:$B,"平均") -> 0 | J18: =SUMIFS('0530 4度C'!$Y:$Y,'0530 4度C'!$A:$A,"新豐10線",'0530 4度C'!$B:$B,"平均") -> 0 | K18: =SUMIFS('0530 4度C'!$Y:$Y,'0530 4度C'!$A:$A,"新豐8線",'0530 4度C'!$B:$B,"平均") -> 0 | L18: =SUMIFS('0530 4度C'!$Y:$Y,'0530 4度C'!$A:$A,"新豐9線",'0530 4度C'!$B:$B,"平均") -> 0 | M18: =SUMIFS('0530 4度C'!$Y:$Y,'0530 4度C'!$A:$A,"新豐4線",'0530 4度C'!$B:$B,"平均") -> 0
C19: 時間/分 | D19: =SUMIFS('0530 4度C'!$Z:$Z,'0530 4度C'!$A:$A,"新豐6線",'0530 4度C'!$B:$B,"平均") -> 0 | E19: =SUMIFS('0530 4度C'!$Z:$Z,'0530 4度C'!$A:$A,"新豐2線",'0530 4度C'!$B:$B,"平均") -> 0 | F19: =SUMIFS('0530 4度C'!$Z:$Z,'0530 4度C'!$A:$A,"新豐5線",'0530 4度C'!$B:$B,"平均") -> 0 | G19: =SUMIFS('0530 4度C'!$Z:$Z,'0530 4度C'!$A:$A,"新豐7線",'0530 4度C'!$B:$B,"平均") -> 0 | H19: =SUMIFS('0530 4度C'!$Z:$Z,'0530 4度C'!$A:$A,"新豐3線",'0530 4度C'!$B:$B,"平均") -> 0 | I19: =SUMIFS('0530 4度C'!$Z:$Z,'0530 4度C'!$A:$A,"新豐1線",'0530 4度C'!$B:$B,"平均") -> 0 | J19: =SUMIFS('0530 4度C'!$Z:$Z,'0530 4度C'!$A:$A,"新豐10線",'0530 4度C'!$B:$B,"平均") -> 0 | K19: =SUMIFS('0530 4度C'!$Z:$Z,'0530 4度C'!$A:$A,"新豐8線",'0530 4度C'!$B:$B,"平均") -> 0 | L19: =SUMIFS('0530 4度C'!$Z:$Z,'0530 4度C'!$A:$A,"新豐9線",'0530 4度C'!$B:$B,"平均") -> 0 | M19: =SUMIFS('0530 4度C'!$Z:$Z,'0530 4度C'!$A:$A,"新豐4線",'0530 4度C'!$B:$B,"平均") -> 0
B20: 短暫停線 (5分鐘以下) | C20: 次數 | D20: =SUMIFS('0530 4度C'!$AC:$AC,'0530 4度C'!$A:$A,"新豐6線",'0530 4度C'!$B:$B,"平均") -> 3 | E20: =SUMIFS('0530 4度C'!$AC:$AC,'0530 4度C'!$A:$A,"新豐2線",'0530 4度C'!$B:$B,"平均") -> 4 | F20: =SUMIFS('0530 4度C'!$AC:$AC,'0530 4度C'!$A:$A,"新豐5線",'0530 4度C'!$B:$B,"平均") -> 5 | G20: =SUMIFS('0530 4度C'!$AC:$AC,'0530 4度C'!$A:$A,"新豐7線",'0530 4度C'!$B:$B,"平均") -> 6 | H20: =SUMIFS('0530 4度C'!$AC:$AC,'0530 4度C'!$A:$A,"新豐3線",'0530 4度C'!$B:$B,"平均") -> 4 | I20: =SUMIFS('0530 4度C'!$AC:$AC,'0530 4度C'!$A:$A,"新豐1線",'0530 4度C'!$B:$B,"平均") -> 7 | J20: =SUMIFS('0530 4度C'!$AC:$AC,'0530 4度C'!$A:$A,"新豐10線",'0530 4度C'!$B:$B,"平均") -> 5 | K20: =SUMIFS('0530 4度C'!$AC:$AC,'0530 4度C'!$A:$A,"新豐8線",'0530 4度C'!$B:$B,"平均") -> 6 | L20: =SUMIFS('0530 4度C'!$AC:$AC,'0530 4度C'!$A:$A,"新豐9線",'0530 4度C'!$B:$B,"平均") -> 7 | M20: =SUMIFS('0530 4度C'!$AC:$AC,'0530 4度C'!$A:$A,"新豐4線",'0530 4度C'!$B:$B,"平均") -> 6
C21: 設備次數 | D21: =SUMIFS('0530 4度C'!$AD:$AD,'0530 4度C'!$A:$A,"新豐6線",'0530 4度C'!$B:$B,"平均") -> 0 | E21: =SUMIFS('0530 4度C'!$AD:$AD,'0530 4度C'!$A:$A,"新豐2線",'0530 4度C'!$B:$B,"平均") -> 0 | F21: =SUMIFS('0530 4度C'!$AD:$AD,'0530 4度C'!$A:$A,"新豐5線",'0530 4度C'!$B:$B,"平均") -> 0 | G21: =SUMIFS('0530 4度C'!$AD:$AD,'0530 4度C'!$A:$A,"新豐7線",'0530 4度C'!$B:$B,"平均") -> 0 | H21: =SUMIFS('0530 4度C'!$AD:$AD,'0530 4度C'!$A:$A,"新豐3線",'0530 4度C'!$B:$B,"平均") -> 0 | I21: =SUMIFS('0530 4度C'!$AD:$AD,'0530 4度C'!$A:$A,"新豐1線",'0530 4度C'!$B:$B,"平均") -> 0 | J21: =SUMIFS('0530 4度C'!$AD:$AD,'0530 4度C'!$A:$A,"新豐10線",'0530 4度C'!$B:$B,"平均") -> 0 | K21: =SUMIFS('0530 4度C'!$AD:$AD,'0530 4度C'!$A:$A,"新豐8線",'0530 4度C'!$B:$B,"平均") -> 0 | L21: =SUMIFS('0530 4度C'!$AD:$AD,'0530 4度C'!$A:$A,"新豐9線",'0530 4度C'!$B:$B,"平均") -> 0 | M21: =SUMIFS('0530 4度C'!$AD:$AD,'0530 4度C'!$A:$A,"新豐4線",'0530 4度C'!$B:$B,"平均") -> 0
B22: 配置人數 | D22: =SUMIFS('0530 4度C'!$I:$I,'0530 4度C'!$A:$A,"新豐6線",'0530 4度C'!$B:$B,"平均") -> 15.333333 | E22: =SUMIFS('0530 4度C'!$I:$I,'0530 4度C'!$A:$A,"新豐2線",'0530 4度C'!$B:$B,"平均") -> 17.25 | F22: =SUMIFS('0530 4度C'!$I:$I,'0530 4度C'!$A:$A,"新豐5線",'0530 4度C'!$B:$B,"平均") -> 17.6 | G22: =SUMIFS('0530 4度C'!$I:$I,'0530 4度C'!$A:$A,"新豐7線",'0530 4度C'!$B:$B,"平均") -> 15.333333 | H22: =SUMIFS('0530 4度C'!$I:$I,'0530 4度C'!$A:$A,"新豐3線",'0530 4度C'!$B:$B,"平均") -> 10.75 | I22: =SUMIFS('0530 4度C'!$I:$I,'0530 4度C'!$A:$A,"新豐1線",'0530 4度C'!$B:$B,"平均") -> 18.285714 | J22: =SUMIFS('0530 4度C'!$I:$I,'0530 4度C'!$A:$A,"新豐10線",'0530 4度C'!$B:$B,"平均") -> 9.4 | K22: =SUMIFS('0530 4度C'!$I:$I,'0530 4度C'!$A:$A,"新豐8線",'0530 4度C'!$B:$B,"平均") -> 17.333333 | L22: =SUMIFS('0530 4度C'!$I:$I,'0530 4度C'!$A:$A,"新豐9線",'0530 4度C'!$B:$B,"平均") -> 17.857143 | M22: =SUMIFS('0530 4度C'!$I:$I,'0530 4度C'!$A:$A,"新豐4線",'0530 4度C'!$B:$B,"平均") -> 15.5
B23: 主要應用設備 | D23: ET-55 | E23: 熱縮爐 | F23: L型包裝機 | G23: L型包裝機 | H23: 伺服包裝機 | I23: ET-55 | J23: 伺服包裝機 | K23: 三明治包裝機 | L23: 三明治包裝機 | M23: 三明治包裝機
B24: 次要應用設備 | F24: 圓盤機 | G24: ET-55
B25: 備註 | E25: 握沙拉 | F25: 共用L型包裝機 | H25: 調理麵包 | I25: 炒飯+沙拉 | J25: 調理麵包

Sheet 0530 4度C
A1: 新豐廠四度C日報分析 | C1: 總生產量 | D1: =SUM(F5:F67) -> 156221 | E1: 營業額 | F1: =SUM(G5:G67) -> 5347544.3 | G1: 出勤人數 | H1: =L8+L13+L46+L54+L19+L60+L33+L41+L26+L67 -> 154.64286 | I1: 產線配置圖 | L1: 生產實績 | O1: 人時性差異分析 | S1: 日報登錄 | Y1: 合計 次數 | Z1: 合計 時間/分 | AA1: 產線異常 分析說明(5分鐘以上) | AC1: 合計 次數 | AD1: 合計 設備次數 | AE1: 產能差異分析
A2: 46172 | B2: 星期六 | C2: 人時性 | D2: =AVERAGE(N8,N13,N46,N54,N19,N60,N26,N33,N41,N67) -> 147.55318 | E2: 平均廠價 | F2: =F1/D1 -> 34.230637 | G2: 多次生產數 | H2: =COUNT(H5:H67) -> 6 | Y2: =SUM(Y8+Y13+Y19+Y26+Y33+Y41+Y46+Y54+Y60+Y67) -> 0 | Z2: =SUM(Z8+Z13+Z19+Z26+Z33+Z41+Z46+Z54+Z60+Z67) -> 0 | AC2: 53 | AD2: =SUM(AD8+AD13+AD19+AD26+AD33+AD41+AD46+AD54+AD60+AD67) -> 0
A3: 線別 | B3: 品類 | C3: 品名 | E3: 廠價 | F3: 生產量 | G3: 營收 | H3: 多次 生產 | I3: 人數 | J3: 產能/時 | K3: 人時性 | L3: 人數 | M3: 產能/時 | N3: 人時性 | O3: 人數 | P3: 人時性 | Q3: 達成率 | R3: 達成率平均 | S3: 生產時間 | U3: 換線、休息/分 | V3: 稼動時間/分 | W3: 休息時間 | Y3: 產線異常統計 (5分鐘以上) | AA3: (新豐回填) | AC3: 短暫停線統計 (5分鐘以下) | AE3: 產能/時 | AF3: 達成率 | AG3: 達成率平均
S4: 開始 | T4: 結束 | W4: 開始 | X4: 結束 | Y4: 次數 | Z4: 時間/分 | AC4: 總次數 | AD4: 設備因素(次數)
A5: 新豐6線 | B5: 微波主食 | C5: 二配泰式綠咖哩雞 | E5: 50.67 | F5: 1489 | G5: =E5*F5 -> 75447.63 | I5: 15 | J5: 2000 | K5: =J5/I5 -> 133.33333 | L5: 15 | M5: =F5/V5*60 -> 1942.1739 | N5: =M5/L5 -> 129.47826 | O5: =L5-I5 -> 0 | P5: =N5-K5 -> -3.8550725 | Q5: =N5/K5 -> 0.97108696 | R5: =Q8 -> 0.96010637 | S5: 0.70833333 | T5: 0.74027778 | V5: =(T5-S5)*24*60 -> 46 | AC5: 3 | AE5: =M5-J5 -> -57.826087 | AF5: =M5/J5 -> 0.97108696 | AG5: =AF8 -> 0.96010637
A6: 新豐6線 | B6: 微波主食 | C6: 二配金咖哩果香甘口咖哩飯 | E6: 50.92 | F6: 2036 | G6: =E6*F6 -> 103673.12 | I6: 15 | J6: 2000 | K6: =J6/I6 -> 133.33333 | L6: 15 | M6: =F6/V6*60 -> 1908.75 | N6: =M6/L6 -> 127.25 | O6: =L6-I6 -> 0 | P6: =N6-K6 -> -6.0833333 | Q6: =N6/K6 -> 0.954375 | S6: 0.74583333 | T6: 0.79027778 | U6: =IF(S6=TIME(17,0,0),"",(S6-T5)*24*60) -> 8 | V6: =(T6-S6)*24*60 -> 64 | AE6: =M6-J6 -> -91.25 | AF6: =M6/J6 -> 0.954375
A7: 新豐6線 | B7: 微波主食 | C7: 二配金咖哩濃厚辛口咖哩飯 | E7: 50.98 | F7: 2228 | G7: =E7*F7 -> 113583.44 | I7: 16 | J7: 2000 | K7: =J7/I7 -> 125 | L7: 16 | M7: =F7/V7*60 -> 1909.7143 | N7: =M7/L7 -> 119.35714 | O7: =L7-I7 -> 0 | P7: =N7-K7 -> -5.6428571 | Q7: =N7/K7 -> 0.95485714 | S7: 0.79375 | T7: 0.84236111 | U7: =IF(S7=TIME(17,0,0),"",(S7-T6)*24*60) -> 5 | V7: =(T7-S7)*24*60 -> 70 | AE7: =M7-J7 -> -90.285714 | AF7: =M7/J7 -> 0.95485714
A8: 新豐6線 | B8: 平均 | I8: 15.333333 | J8: 2000 | K8: =J8/I8 -> 130.43478 | L8: 15.333333 | M8: =AVERAGE(M5:M7) -> 1920.2127 | N8: =M8/L8 -> 125.23127 | O8: =L8-I8 -> 0 | P8: =N8-K8 -> -5.2035174 | Q8: =N8/K8 -> 0.96010637 | Y8: =SUM(Y5:Y7) -> 0 | Z8: =SUM(Z5:Z7) -> 0 | AC8: 3 | AD8: =SUM(AD5:AD7) -> 0 | AE8: =M8-J8 -> -79.787267 | AF8: =M8/J8 -> 0.96010637
A9: 新豐2線 | B9: 沙拉 | C9: 青醬優格雞肉握沙拉(113年) | E9: 39.62 | F9: 4627 | G9: =E9*F9 -> 183321.74 | I9: 19 | J9: 1500 | K9: =J9/I9 -> 78.947368 | L9: 19 | M9: =F9/V9*60 -> 1431.0309 | N9: =M9/L9 -> 75.317417 | O9: =L9-I9 -> 0 | P9: =N9-K9 -> -3.6299512 | Q9: =N9/K9 -> 0.95402062 | R9: =Q13 -> 0.95364302 | S9: 0.083333333 | T9: 0.21805556 | V9: =(T9-S9)*24*60 -> 194 | W9: =T9 -> 0.21805556 | X9: =S10 -> 0.23680556 | AC9: 4 | AE9: =M9-J9 -> -68.969072 | AF9: =M9/J9 -> 0.95402062 | AG9: =AF13 -> 0.95364302
A10: 新豐2線 | B10: 沙拉 | C10: 青檸烤雞握沙拉(113年) | E10: 39.8 | F10: 3600 | G10: =E10*F10 -> 143280 | H10: 2 | I10: 17 | J10: 1500 | K10: =J10/I10 -> 88.235294 | L10: 17 | M10: =F10/V10*60 -> 1430.4636 | N10: =M10/L10 -> 84.144916 | O10: =L10-I10 -> 0 | P10: =N10-K10 -> -4.0903779 | Q10: =N10/K10 -> 0.95364238 | S10: 0.23680556 | T10: 0.34166667 | U10: =IF(S10=TIME(17,0,0),"",(S10-T9)*24*60) -> 27 | V10: =(T10-S10)*24*60 -> 151 | AE10: =M10-J10 -> -69.536424 | AF10: =M10/J10 -> 0.95364238
A11: 新豐2線 | B11: 沙拉 | C11: 厚蛋時蔬握沙拉 | E11: 39.46 | F11: 5117 | G11: =E11*F11 -> 201916.82 | I11: 16 | J11: 1500 | K11: =J11/I11 -> 93.75 | L11: 16 | M11: =F11/V11*60 -> 1428 | N11: =M11/L11 -> 89.25 | O11: =L11-I11 -> 0 | P11: =N11-K11 -> -4.5 | Q11: =N11/K11 -> 0.952 | S11: 0.34652778 | T11: 0.49583333 | U11: =IF(S11=TIME(17,0,0),"",(S11-T10)*24*60) -> 7 | V11: =(T11-S11)*24*60 -> 215 | W11: =T11 -> 0.49583333 | X11: =S12 -> 0.53819444 | AE11: =M11-J11 -> -72 | AF11: =M11/J11 -> 0.952
A12: 新豐2線 | B12: 沙拉 | C12: 青檸烤雞握沙拉(113年) | E12: 39.8 | F12: 2626 | G12: =E12*F12 -> 104514.8 | I12: 17 | J12: 1500 | K12: =J12/I12 -> 88.235294 | L12: 17 | M12: =F12/V12*60 -> 1432.3636 | N12: =M12/L12 -> 84.256684 | O12: =L12-I12 -> 0 | P12: =N12-K12 -> -3.9786096 | Q12: =N12/K12 -> 0.95490909 | S12: 0.53819444 | T12: 0.61458333 | U12: =IF(S12=TIME(17,0,0),"",(S12-T11)*24*60) -> 61 | V12: =(T12-S12)*24*60 -> 110 | AE12: =M12-J12 -> -67.636364 | AF12: =M12/J12 -> 0.95490909
A13: 新豐2線 | B13: 平均 | I13: 17.25 | J13: 1500 | K13: =J13/I13 -> 86.956522 | L13: 17.25 | M13: =AVERAGE(M9:M12) -> 1430.4645 | N13: =M13/L13 -> 82.92548 | O13: =L13-I13 -> 0 | P13: =N13-K13 -> -4.0310414 | Q13: =N13/K13 -> 0.95364302 | Y13: =SUM(Y9:Y12) -> 0 | Z13: =SUM(Z9:Z12) -> 0 | AC13: 4 | AD13: =SUM(AD9:AD12) -> 0 | AE13: =M13-J13 -> -69.535465 | AF13: =M13/J13 -> 0.95364302
A14: 新豐5線 | B14: 小吃 | C14: 剝皮辣椒雞湯 | E14: 41 | F14: 1423 | G14: =E14*F14 -> 58343 | I14: 26 | J14: 1500 | K14: =J14/I14 -> 57.692308 | L14: 26 | M14: =F14/V14*60 -> 1447.1186 | N14: =M14/L14 -> 55.658409 | O14: =L14-I14 -> 0 | P14: =N14-K14 -> -2.0338983 | Q14: =N14/K14 -> 0.96474576 | R14: =Q19 -> 0.96267468 | S14: 0.20833333 | T14: 0.24930556 | V14: =(T14-S14)*24*60 -> 59 | AC14: 5 | AE14: =M14-J14 -> -52.881356 | AF14: =M14/J14 -> 0.96474576 | AG14: =AF19 -> 0.96267468
A15: 新豐5線 | B15: 微波主食 | C15: 香菇雞粥 | E15: 37.03 | F15: 1860 | G15: =E15*F15 -> 68875.8 | I15: 13 | J15: 1500 | K15: =J15/I15 -> 115.38462 | L15: 13 | M15: =F15/V15*60 -> 1430.7692 | N15: =M15/L15 -> 110.05917 | O15: =L15-I15 -> 0 | P15: =N15-K15 -> -5.3254438 | Q15: =N15/K15 -> 0.95384615 | S15: 0.25277778 | T15: 0.30694444 | U15: =IF(S15=TIME(17,0,0),"",(S15-T14)*24*60) -> 5 | V15: =(T15-S15)*24*60 -> 78 | AE15: =M15-J15 -> -69.230769 | AF15: =M15/J15 -> 0.95384615
A16: 新豐5線 | B16: 微波主食 | C16: 二配起司控培根白醬焗烤飯 | E16: 53.68 | F16: 1120 | G16: =E16*F16 -> 60121.6 | I16: 16 | J16: 1500 | K16: =J16/I16 -> 93.75 | L16: 16 | M16: =F16/V16*60 -> 1429.7872 | N16: =M16/L16 -> 89.361702 | O16: =L16-I16 -> 0 | P16: =N16-K16 -> -4.3882979 | Q16: =N16/K16 -> 0.95319149 | S16: 0.70833333 | T16: 0.74097222 | U16: =IF(S16=TIME(17,0,0),"",(S16-T15)*24*60) | V16: =(T16-S16)*24*60 -> 47 | AE16: =M16-J16 -> -70.212766 | AF16: =M16/J16 -> 0.95319149
A17: 新豐5線 | B17: 微波主食 | C17: 二配蔥爆牛肉燴飯 | E17: 52.86 | F17: 1322 | G17: =E17*F17 -> 69880.92 | I17: 16 | J17: 2000 | K17: =J17/I17 -> 125 | L17: 16 | M17: =F17/V17*60 -> 1934.6341 | N17: =M17/L17 -> 120.91463 | O17: =L17-I17 -> 0 | P17: =N17-K17 -> -4.0853659 | Q17: =N17/K17 -> 0.96731707 | S17: 0.74583333 | T17: 0.77430556 | U17: =IF(S17=TIME(17,0,0),"",(S17-T16)*24*60) -> 7 | V17: =(T17-S17)*24*60 -> 41 | AE17: =M17-J17 -> -65.365854 | AF17: =M17/J17 -> 0.96731707
A18: 新豐5線 | B18: 微波主食 | C18: 二配港式香滑嫩蛋牛肉燴飯 | E18: 50.67 | F18: 1520 | G18: =E18*F18 -> 77018.4 | I18: 17 | J18: 2000 | K18: =J18/I18 -> 117.64706 | L18: 17 | M18: =F18/V18*60 -> 1940.4255 | N18: =M18/L18 -> 114.14268 | O18: =L18-I18 -> 0 | P18: =N18-K18 -> -3.5043805 | Q18: =N18/K18 -> 0.97021277 | S18: 0.77777778 | T18: 0.81041667 | U18: =IF(S18=TIME(17,0,0),"",(S18-T17)*24*60) -> 5 | V18: =(T18-S18)*24*60 -> 47 | AE18: =M18-J18 -> -59.574468 | AF18: =M18/J18 -> 0.97021277
A19: 新豐5線 | B19: 平均 | I19: 17.6 | J19: 1700 | K19: =J19/I19 -> 96.590909 | L19: 17.6 | M19: =AVERAGE(M14:M18) -> 1636.547 | N19: =M19/L19 -> 92.985623 | O19: =L19-I19 -> 0 | P19: =N19-K19 -> -3.6052865 | Q19: =N19/K19 -> 0.96267468 | Y19: =SUM(Y14:Y18) -> 0 | Z19: =SUM(Z14:Z18) -> 0 | AC19: 5 | AD19: =SUM(AD14:AD18) -> 0 | AE19: =M19-J19 -> -63.453043 | AF19: =M19/J19 -> 0.96267468
A20: 新豐7線 | B20: 微波主食 | C20: 韓式燒肉拌飯 | E20: 54.09 | F20: 1404 | G20: =E20*F20 -> 75942.36 | I20: 17 | J20: 1500 | K20: =J20/I20 -> 88.235294 | L20: 17 | M20: =F20/V20*60 -> 1427.7966 | N20: =M20/L20 -> 83.988036 | O20: =L20-I20 -> 0 | P20: =N20-K20 -> -4.2472582 | Q20: =N20/K20 -> 0.95186441 | R20: =Q26 -> 0.96018364 | S20: 0.20833333 | T20: 0.24930556 | V20: =(T20-S20)*24*60 -> 59 | AC20: 6 | AE20: =M20-J20 -> -72.20339 | AF20: =M20/J20 -> 0.95186441 | AG20: =AF26 -> 0.96018364
A21: 新豐7線 | B21: 微波主食 | C21: 韓式泡菜豬肉豆腐丼飯 | E21: 50.67 | F21: 1650 | G21: =E21*F21 -> 83605.5 | I21: 17 | J21: 2000 | K21: =J21/I21 -> 117.64706 | L21: 17 | M21: =F21/V21*60 -> 1941.1765 | N21: =M21/L21 -> 114.18685 | O21: =L21-I21 -> 0 | P21: =N21-K21 -> -3.4602076 | Q21: =N21/K21 -> 0.97058824 | S21: 0.25277778 | T21: 0.28819444 | U21: =IF(S21=TIME(17,0,0),"",(S21-T20)*24*60) -> 5 | V21: =(T21-S21)*24*60 -> 51 | AE21: =M21-J21 -> -58.823529 | AF21: =M21/J21 -> 0.97058824
A22: 新豐7線 | B22: 微波主食 | C22: 鐵板滑蛋炸豬排丼 | E22: 57.73 | F22: 2107 | G22: =E22*F22 -> 121637.11 | I22: 14 | J22: 2000 | K22: =J22/I22 -> 142.85714 | L22: 14 | M22: =F22/V22*60 -> 1915.4545 | N22: =M22/L22 -> 136.81818 | O22: =L22-I22 -> 0 | P22: =N22-K22 -> -6.038961 | Q22: =N22/K22 -> 0.95772727 | S22: 0.29305556 | T22: 0.33888889 | U22: =IF(S22=TIME(17,0,0),"",(S22-T21)*24*60) -> 7 | V22: =(T22-S22)*24*60 -> 66 | AE22: =M22-J22 -> -84.545455 | AF22: =M22/J22 -> 0.95772727
A23: 新豐7線 | B23: 微波主食 | C23: 日式炙烤親子丼 | E23: 53.27 | F23: 1908 | G23: =E23*F23 -> 101639.16 | I23: 16 | J23: 2000 | K23: =J23/I23 -> 125 | L23: 16 | M23: =F23/V23*60 -> 1908 | N23: =M23/L23 -> 119.25 | O23: =L23-I23 -> 0 | P23: =N23-K23 -> -5.75 | Q23: =N23/K23 -> 0.954 | S23: 0.34444444 | T23: 0.38611111 | U23: =IF(S23=TIME(17,0,0),"",(S23-T22)*24*60) -> 8 | V23: =(T23-S23)*24*60 -> 60 | AE23: =M23-J23 -> -92 | AF23: =M23/J23 -> 0.954
A24: 新豐7線 | B24: 微波主食 | C24: 二配川味麻婆燒豆腐燴飯 | E24: 50.49 | F24: 1906 | G24: =E24*F24 -> 96233.94 | I24: 15 | J24: 2000 | K24: =J24/I24 -> 133.33333 | L24: 15 | M24: =F24/V24*60 -> 1906 | N24: =M24/L24 -> 127.06667 | O24: =L24-I24 -> 0 | P24: =N24-K24 -> -6.2666667 | Q24: =N24/K24 -> 0.953 | S24: 0.70833333 | T24: 0.75 | U24: =IF(S24=TIME(17,0,0),"",(S24-T23)*24*60) | V24: =(T24-S24)*24*60 -> 60 | AE24: =M24-J24 -> -94 | AF24: =M24/J24 -> 0.953
A25: 新豐7線 | B25: 微波主食 | C25: 二配厚香料優格咖哩雞排飯 | E25: 56.43 | F25: 1231 | G25: =E25*F25 -> 69465.33 | I25: 13 | J25: 2000 | K25: =J25/I25 -> 153.84615 | L25: 13 | M25: =F25/V25*60 -> 1943.6842 | N25: =M25/L25 -> 149.51417 | O25: =L25-I25 -> 0 | P25: =N25-K25 -> -4.3319838 | Q25: =N25/K25 -> 0.97184211 | S25: 0.75347222 | T25: 0.77986111 | U25: =IF(S25=TIME(17,0,0),"",(S25-T24)*24*60) -> 5 | V25: =(T25-S25)*24*60 -> 38 | AE25: =M25-J25 -> -56.315789 | AF25: =M25/J25 -> 0.97184211
A26: 新豐7線 | B26: 平均 | I26: 15.333333 | J26: 1916.6667 | K26: =J26/I26 -> 125 | L26: 15.333333 | M26: =AVERAGE(M20:M25) -> 1840.352 | N26: =M26/L26 -> 120.02295 | O26: =L26-I26 -> 0 | P26: =N26-K26 -> -4.9770453 | Q26: =N26/K26 -> 0.96018364 | Y26: =SUM(Y20:Y25) -> 0 | Z26: =SUM(Z20:Z25) -> 0 | AC26: 6 | AD26: =SUM(AD20:AD25) -> 0 | AE26: =M26-J26 -> -76.314694 | AF26: =M26/J26 -> 0.96018364
A27: 新豐8線 | B27: 三明治 | C27: 紐奧良風味烤雞鮮蔬三明治 | E27: 31.29 | F27: 6000 | G27: =E27*F27 -> 187740 | H27: 2 | I27: 18 | J27: 2400 | K27: =J27/I27 -> 133.33333 | L27: 18 | M27: =F27/V27*60 -> 2292.9936 | N27: =M27/L27 -> 127.38854 | O27: =L27-I27 -> 0 | P27: =N27-K27 -> -5.9447983 | Q27: =N27/K27 -> 0.95541401 | R27: =Q33 -> 0.95725642 | S27: 0.083333333 | T27: 0.19236111 | V27: =(T27-S27)*24*60 -> 157 | W27: =T27 -> 0.19236111 | X27: =S28 -> 0.2125 | AC27: 6 | AE27: =M27-J27 -> -107.00637 | AF27: =M27/J27 -> 0.95541401 | AG27: =AF33 -> 0.95725642
A28: 新豐8線 | B28: 三明治 | C28: 醬燒烤雞三明治(115年) | E28: 26.37 | F28: 5871 | G28: =E28*F28 -> 154818.27 | I28: 18 | J28: 2400 | K28: =J28/I28 -> 133.33333 | L28: 18 | M28: =F28/V28*60 -> 2287.4026 | N28: =M28/L28 -> 127.07792 | O28: =L28-I28 -> 0 | P28: =N28-K28 -> -6.2554113 | Q28: =N28/K28 -> 0.95308442 | S28: 0.2125 | T28: 0.31944444 | U28: =(S28-T27)*24*60 -> 29 | V28: =(T28-S28)*24*60 -> 154 | AE28: =M28-J28 -> -112.5974 | AF28: =M28/J28 -> 0.95308442
A29: 新豐8線 | B29: 三明治 | C29: 鮪魚起司溏心蛋三明治(115年) | E29: 26.18 | F29: 4100 | G29: =E29*F29 -> 107338 | H29: 2 | I29: 18 | J29: 2400 | K29: =J29/I29 -> 133.33333 | L29: 18 | M29: =F29/V29*60 -> 2299.0654 | N29: =M29/L29 -> 127.72586 | O29: =L29-I29 -> 0 | P29: =N29-K29 -> -5.6074766 | Q29: =N29/K29 -> 0.95794393 | S29: 0.325 | T29: 0.39930556 | U29: =(S29-T28)*24*60 -> 8 | V29: =(T29-S29)*24*60 -> 107 | AE29: =M29-J29 -> -100.93458 | AF29: =M29/J29 -> 0.95794393
A30: 新豐8線 | B30: 三明治 | C30: 雞蛋沙拉三明治(114年) | E30: 25.99 | F30: 3516 | G30: =E30*F30 -> 91380.84 | I30: 14 | J30: 2400 | K30: =J30/I30 -> 171.42857 | L30: 14 | M30: =F30/V30*60 -> 2293.0435 | N30: =M30/L30 -> 163.78882 | O30: =L30-I30 -> 0 | P30: =N30-K30 -> -7.6397516 | Q30: =N30/K30 -> 0.95543478 | S30: 0.40347222 | T30: 0.46736111 | U30: =(S30-T29)*24*60 -> 6 | V30: =(T30-S30)*24*60 -> 92 | W30: =T30 -> 0.46736111 | X30: =S31 -> 0.50833333 | AE30: =M30-J30 -> -106.95652 | AF30: =M30/J30 -> 0.95543478
A31: 新豐8線 | B31: 三明治 | C31: 紐奧良風味烤雞鮮蔬三明治 | E31: 31.29 | F31: 2313 | G31: =E31*F31 -> 72373.77 | I31: 18 | J31: 2400 | K31: =J31/I31 -> 133.33333 | L31: 18 | M31: =F31/V31*60 -> 2313 | N31: =M31/L31 -> 128.5 | O31: =L31-I31 -> 0 | P31: =N31-K31 -> -4.8333333 | Q31: =N31/K31 -> 0.96375 | S31: 0.50833333 | T31: 0.55 | U31: =(S31-T30)*24*60 -> 59 | V31: =(T31-S31)*24*60 -> 60 | AE31: =M31-J31 -> -87 | AF31: =M31/J31 -> 0.96375
A32: 新豐8線 | B32: 三明治 | C32: 鮪魚起司溏心蛋三明治(115年) | E32: 26.18 | F32: 3027 | G32: =E32*F32 -> 79246.86 | I32: 18 | J32: 2400 | K32: =J32/I32 -> 133.33333 | L32: 18 | M32: =F32/V32*60 -> 2298.9873 | N32: =M32/L32 -> 127.72152 | O32: =L32-I32 -> 0 | P32: =N32-K32 -> -5.6118143 | Q32: =N32/K32 -> 0.95791139 | S32: 0.55555556 | T32: 0.61041667 | U32: =(S32-T31)*24*60 -> 8 | V32: =(T32-S32)*24*60 -> 79 | AE32: =M32-J32 -> -101.01266 | AF32: =M32/J32 -> 0.95791139
A33: 新豐8線 | B33: 平均 | I33: 17.333333 | J33: 2400 | K33: =J33/I33 -> 138.46154 | L33: 17.333333 | M33: =AVERAGE(M27:M32) -> 2297.4154 | N33: =M33/L33 -> 132.5432 | O33: =L33-I33 -> 0 | P33: =N33-K33 -> -5.9183416 | Q33: =N33/K33 -> 0.95725642 | Y33: =SUM(Y27:Y32) -> 0 | Z33: =SUM(Z27:Z32) -> 0 | AC33: 6 | AD33: =SUM(AD27:AD32) -> 0 | AE33: =M33-J33 -> -102.58459 | AF33: =M33/J33 -> 0.95725642
A34: 新豐9線 | B34: 三明治 | C34: 經典總匯三明治(115年) | E34: 26.18 | F34: 3500 | G34: =E34*F34 -> 91630 | H34: 2 | I34: 20 | J34: 2400 | K34: =J34/I34 -> 120 | L34: 20 | M34: =F34/V34*60 -> 2307.6923 | N34: =M34/L34 -> 115.38462 | O34: =L34-I34 -> 0 | P34: =N34-K34 -> -4.6153846 | Q34: =N34/K34 -> 0.96153846 | R34: =Q41 -> 0.95463847 | S34: 0.083333333 | T34: 0.14652778 | V34: =(T34-S34)*24*60 -> 91 | W34: =T34 -> 0.14652778 | X34: =S35 -> 0.16458333 | AC34: 7 | AE34: =M34-J34 -> -92.307692 | AF34: =M34/J34 -> 0.96153846 | AG34: =AF41 -> 0.95463847
A35: 新豐9線 | B35: 三明治 | C35: 經典火腿玉米蛋三明治 | E35: 24.43 | F35: 5858 | G35: =E35*F35 -> 143110.94 | I35: 14 | J35: 2400 | K35: =J35/I35 -> 171.42857 | L35: 14 | M35: =F35/V35*60 -> 2282.3377 | N35: =M35/L35 -> 163.02412 | O35: =L35-I35 -> 0 | P35: =N35-K35 -> -8.4044527 | Q35: =N35/K35 -> 0.95097403 | S35: 0.16458333 | T35: 0.27152778 | U35: =(S35-T34)*24*60 -> 26 | V35: =(T35-S35)*24*60 -> 154 | AE35: =M35-J35 -> -117.66234 | AF35: =M35/J35 -> 0.95097403
A36: 新豐9線 | B36: 三明治 | C36: 好多蛋三明治 | E36: 34.1 | F36: 3400 | G36: =E36*F36 -> 115940 | H36: 2 | I36: 17 | J36: 1600 | K36: =J36/I36 -> 94.117647 | L36: 17 | M36: =F36/V36*60 -> 1533.8346 | N36: =M36/L36 -> 90.225564 | O36: =L36-I36 -> 0 | P36: =N36-K36 -> -3.8920831 | Q36: =N36/K36 -> 0.95864662 | S36: 0.27708333 | T36: 0.36944444 | U36: =(S36-T35)*24*60 -> 8 | V36: =(T36-S36)*24*60 -> 133 | AE36: =M36-J36 -> -66.165414 | AF36: =M36/J36 -> 0.95864662
A37: 新豐9線 | B37: 三明治 | C37: 好多菜三明治(114年) | E37: 25.98 | F37: 2571 | G37: =E37*F37 -> 66794.58 | I37: 19 | J37: 2400 | K37: =J37/I37 -> 126.31579 | L37: 19 | M37: =F37/V37*60 -> 2302.3881 | N37: =M37/L37 -> 121.17832 | O37: =L37-I37 -> 0 | P37: =N37-K37 -> -5.1374705 | Q37: =N37/K37 -> 0.95932836 | S37: 0.37361111 | T37: 0.42013889 | U37: =(S37-T36)*24*60 -> 6 | V37: =(T37-S37)*24*60 -> 67 | AE37: =M37-J37 -> -97.61194 | AF37: =M37/J37 -> 0.95932836
A38: 新豐9線 | B38: 三明治 | C38: 茄汁厚起司三明治 | E38: 25.99 | F38: 2817 | G38: =E38*F38 -> 73213.83 | I38: 18 | J38: 2400 | K38: =J38/I38 -> 133.33333 | L38: 18 | M38: =F38/V38*60 -> 2284.0541 | N38: =M38/L38 -> 126.89189 | O38: =L38-I38 -> 0 | P38: =N38-K38 -> -6.4414414 | Q38: =N38/K38 -> 0.95168919 | S38: 0.425 | T38: 0.47638889 | U38: =(S38-T37)*24*60 -> 7 | V38: =(T38-S38)*24*60 -> 74 | W38: =T38 -> 0.47638889 | X38: =S39 -> 0.51597222 | AE38: =M38-J38 -> -115.94595 | AF38: =M38/J38 -> 0.95168919
A39: 新豐9線 | B39: 三明治 | C39: 好多蛋三明治 | E39: 34.1 | F39: 2559 | G39: =E39*F39 -> 87261.9 | I39: 17 | J39: 1600 | K39: =J39/I39 -> 94.117647 | L39: 17 | M39: =F39/V39*60 -> 1520.198 | N39: =M39/L39 -> 89.423413 | O39: =L39-I39 -> 0 | P39: =N39-K39 -> -4.6942341 | Q39: =N39/K39 -> 0.95012376 | S39: 0.51597222 | T39: 0.58611111 | U39: =(S39-T38)*24*60 -> 57 | V39: =(T39-S39)*24*60 -> 101 | AE39: =M39-J39 -> -79.80198 | AF39: =M39/J39 -> 0.95012376
A40: 新豐9線 | B40: 三明治 | C40: 經典總匯三明治(115年) | E40: 26.18 | F40: 2356 | G40: =E40*F40 -> 61680.08 | I40: 20 | J40: 2400 | K40: =J40/I40 -> 120 | L40: 20 | M40: =F40/V40*60 -> 2280 | N40: =M40/L40 -> 114 | O40: =L40-I40 -> 0 | P40: =N40-K40 -> -6 | Q40: =N40/K40 -> 0.95 | S40: 0.59027778 | T40: 0.63333333 | U40: =(S40-T39)*24*60 -> 6 | V40: =(T40-S40)*24*60 -> 62 | AE40: =M40-J40 -> -120 | AF40: =M40/J40 -> 0.95
A41: 新豐9線 | B41: 平均 | I41: 17.857143 | J41: 2171.4286 | K41: =J41/I41 -> 121.6 | L41: 17.857143 | M41: =AVERAGE(M34:M40) -> 2072.9292 | N41: =M41/L41 -> 116.08404 | O41: =L41-I41 -> 0 | P41: =N41-K41 -> -5.5159625 | Q41: =N41/K41 -> 0.95463847 | Y41: =SUM(Y34:Y40) -> 0 | Z41: =SUM(Z34:Z40) -> 0 | AC41: 7 | AD41: =SUM(AD34:AD40) -> 0 | AE41: =M41-J41 -> -98.49933 | AF41: =M41/J41 -> 0.95463847
A42: 新豐3線 | B42: 調理麵包 | C42: 黑胡椒豬肉鐵板炒麵麵包 | E42: 37.88 | F42: 1216 | G42: =E42*F42 -> 46062.08 | I42: 13 | J42: 2000 | K42: =J42/I42 -> 153.84615 | L42: 13 | M42: =F42/V42*60 -> 1920 | N42: =M42/L42 -> 147.69231 | O42: =L42-I42 -> 0 | P42: =N42-K42 -> -6.1538462 | Q42: =N42/K42 -> 0.96 | R42: =Q46 -> 0.95452702 | S42: 0.083333333 | T42: 0.10972222 | V42: =(T42-S42)*24*60 -> 38 | W42: =T42 -> 0.10972222 | X42: =S43 -> 0.12986111 | AC42: 4 | AE42: =M42-J42 -> -80 | AF42: =M42/J42 -> 0.96 | AG42: =AF46 -> 0.95452702
A43: 新豐3線 | B43: 調理麵包 | C43: 經典雙牛起司堡(113年) | E43: 35.12 | F43: 5144 | G43: =E43*F43 -> 180657.28 | I43: 10 | J43: 3000 | K43: =J43/I43 -> 300 | L43: 10 | M43: =F43/V43*60 -> 2857.7778 | N43: =M43/L43 -> 285.77778 | O43: =L43-I43 -> 0 | P43: =N43-K43 -> -14.222222 | Q43: =N43/K43 -> 0.95259259 | S43: 0.12986111 | T43: 0.20486111 | U43: =(S43-T42)*24*60 -> 29 | V43: =(T43-S43)*24*60 -> 108 | AE43: =M43-J43 -> -142.22222 | AF43: =M43/J43 -> 0.95259259
A44: 新豐3線 | B44: 調理麵包 | C44: 豬肉起司堡 | E44: 21.13 | F44: 4874 | G44: =E44*F44 -> 102987.62 | I44: 10 | J44: 3000 | K44: =J44/I44 -> 300 | L44: 10 | M44: =F44/V44*60 -> 2867.0588 | N44: =M44/L44 -> 286.70588 | O44: =L44-I44 -> 0 | P44: =N44-K44 -> -13.294118 | Q44: =N44/K44 -> 0.95568627 | S44: 0.20902778 | T44: 0.27986111 | U44: =(S44-T43)*24*60 -> 6 | V44: =(T44-S44)*24*60 -> 102 | AE44: =M44-J44 -> -132.94118 | AF44: =M44/J44 -> 0.95568627
A45: 新豐3線 | B45: 調理麵包 | C45: 豬肉起司蛋堡 | E45: 27.17 | F45: 6043 | G45: =E45*F45 -> 164188.31 | I45: 10 | J45: 3000 | K45: =J45/I45 -> 300 | L45: 10 | M45: =F45/V45*60 -> 2854.9606 | N45: =M45/L45 -> 285.49606 | O45: =L45-I45 -> 0 | P45: =N45-K45 -> -14.503937 | Q45: =N45/K45 -> 0.95165354 | S45: 0.28333333 | T45: 0.37152778 | U45: =(S45-T44)*24*60 -> 5 | V45: =(T45-S45)*24*60 -> 127 | AE45: =M45-J45 -> -145.03937 | AF45: =M45/J45 -> 0.95165354
A46: 新豐3線 | B46: 平均 | I46: 10.75 | J46: 2750 | K46: =J46/I46 -> 255.81395 | L46: 10.75 | M46: =AVERAGE(M42:M45) -> 2624.9493 | N46: =M46/L46 -> 244.18133 | O46: =L46-I46 -> 0 | P46: =N46-K46 -> -11.632623 | Q46: =N46/K46 -> 0.95452702 | Y46: =SUM(Y42:Y45) -> 0 | Z46: =SUM(Z42:Z45) -> 0 | AC46: 4 | AD46: =SUM(AD42:AD45) -> 0 | AE46: =M46-J46 -> -125.05069 | AF46: =M46/J46 -> 0.95452702
A47: 新豐1線 | B47: 沙拉 | C47: 莎莎烤雞麵沙拉 | E47: 46 | F47: 2317 | G47: =E47*F47 -> 106582 | I47: 16 | J47: 2000 | K47: =J47/I47 -> 125 | L47: 16 | M47: =F47/V47*60 -> 1904.3836 | N47: =M47/L47 -> 119.02397 | O47: =L47-I47 -> 0 | P47: =N47-K47 -> -5.9760274 | Q47: =N47/K47 -> 0.95219178 | R47: =Q54 -> 0.95848423 | S47: 0.20833333 | T47: 0.25902778 | V47: =(T47-S47)*24*60 -> 73 | AC47: 7 | AE47: =M47-J47 -> -95.616438 | AF47: =M47/J47 -> 0.95219178 | AG47: =AF54 -> 0.95848423
A48: 新豐1線 | B48: 沙拉 | C48: 蔥鹽雞肉麵沙拉(114年) | E48: 46 | F48: 3122 | G48: =E48*F48 -> 143612 | I48: 16 | J48: 2000 | K48: =J48/I48 -> 125 | L48: 16 | M48: =F48/V48*60 -> 1911.4286 | N48: =M48/L48 -> 119.46429 | O48: =L48-I48 -> 0 | P48: =N48-K48 -> -5.5357143 | Q48: =N48/K48 -> 0.95571429 | S48: 0.26388889 | T48: 0.33194444 | U48: =IF(S48=TIME(17,0,0),"",(S48-T47)*24*60) -> 7 | V48: =(T48-S48)*24*60 -> 98 | AE48: =M48-J48 -> -88.571429 | AF48: =M48/J48 -> 0.95571429
A49: 新豐1線 | B49: 微波主食 | C49: 好多蒜燒豚飯 | E49: 51.75 | F49: 785 | G49: =E49*F49 -> 40623.75 | I49: 25 | J49: 2000 | K49: =J49/I49 -> 80 | L49: 25 | M49: =F49/V49*60 -> 1962.5 | N49: =M49/L49 -> 78.5 | O49: =L49-I49 -> 0 | P49: =N49-K49 -> -1.5 | Q49: =N49/K49 -> 0.98125 | S49: 0.3375 | T49: 0.35416667 | U49: =IF(S49=TIME(17,0,0),"",(S49-T48)*24*60) -> 8 | V49: =(T49-S49)*24*60 -> 24 | AE49: =M49-J49 -> -37.5 | AF49: =M49/J49 -> 0.98125
A50: 新豐1線 | B50: 微波主食 | C50: 壹號醬雞豚雙拼 | E50: 56.43 | F50: 1317 | G50: =E50*F50 -> 74318.31 | I50: 22 | J50: 2000 | K50: =J50/I50 -> 90.909091 | L50: 22 | M50: =F50/V50*60 -> 1927.3171 | N50: =M50/L50 -> 87.605322 | O50: =L50-I50 -> 0 | P50: =N50-K50 -> -3.3037694 | Q50: =N50/K50 -> 0.96365854 | S50: 0.35833333 | T50: 0.38680556 | U50: =IF(S50=TIME(17,0,0),"",(S50-T49)*24*60) -> 6 | V50: =(T50-S50)*24*60 -> 41 | AE50: =M50-J50 -> -72.682927 | AF50: =M50/J50 -> 0.96365854
A51: 新豐1線 | B51: 微波主食 | C51: 爆炒雞丁飯 | E51: 59.04 | F51: 3150 | G51: =E51*F51 -> 185976 | I51: 19 | J51: 2000 | K51: =J51/I51 -> 105.26316 | L51: 19 | M51: =F51/V51*60 -> 1909.0909 | N51: =M51/L51 -> 100.47847 | O51: =L51-I51 -> 0 | P51: =N51-K51 -> -4.784689 | Q51: =N51/K51 -> 0.95454545 | S51: 0.39097222 | T51: 0.45972222 | U51: =IF(S51=TIME(17,0,0),"",(S51-T50)*24*60) -> 6 | V51: =(T51-S51)*24*60 -> 99 | AE51: =M51-J51 -> -90.909091 | AF51: =M51/J51 -> 0.95454545
A52: 新豐1線 | B52: 微波主食 | C52: 二配香辣醬蒜味香腸蛋炒飯 | E52: 55.56 | F52: 2126 | G52: =E52*F52 -> 118120.56 | I52: 17 | J52: 2000 | K52: =J52/I52 -> 117.64706 | L52: 17 | M52: =F52/V52*60 -> 1903.8806 | N52: =M52/L52 -> 111.99298 | O52: =L52-I52 -> 0 | P52: =N52-K52 -> -5.6540825 | Q52: =N52/K52 -> 0.9519403 | S52: 0.70833333 | T52: 0.75486111 | U52: =IF(S52=TIME(17,0,0),"",(S52-T51)*24*60) | V52: =(T52-S52)*24*60 -> 67 | AE52: =M52-J52 -> -96.119403 | AF52: =M52/J52 -> 0.9519403
A53: 新豐1線 | B53: 微波主食 | C53: 二配打拋風味豬肉飯 | E53: 51.06 | F53: 3547 | G53: =E53*F53 -> 181109.82 | I53: 13 | J53: 2000 | K53: =J53/I53 -> 153.84615 | L53: 13 | M53: =F53/V53*60 -> 1900.1786 | N53: =M53/L53 -> 146.16758 | O53: =L53-I53 -> 0 | P53: =N53-K53 -> -7.6785714 | Q53: =N53/K53 -> 0.95008929 | S53: 0.75833333 | T53: 0.83611111 | U53: =IF(S53=TIME(17,0,0),"",(S53-T52)*24*60) -> 5 | V53: =(T53-S53)*24*60 -> 112 | AE53: =M53-J53 -> -99.821429 | AF53: =M53/J53 -> 0.95008929
A54: 新豐1線 | B54: 平均 | I54: 18.285714 | J54: 2000 | K54: =J54/I54 -> 109.375 | L54: 18.285714 | M54: =AVERAGE(M47:M53) -> 1916.9685 | N54: =M54/L54 -> 104.83421 | O54: =L54-I54 -> 0 | P54: =N54-K54 -> -4.5407868 | Q54: =N54/K54 -> 0.95848423 | Y54: =SUM(Y47:Y53) -> 0 | Z54: =SUM(Z47:Z53) -> 0 | AC54: 7 | AD54: =SUM(AD47:AD53) -> 0 | AE54: =M54-J54 -> -83.031531 | AF54: =M54/J54 -> 0.95848423
A55: 新豐10線 | B55: 調理麵包 | C55: 厚豆腐蛋白蕈菇豬肉堡 | E55: 34.36 | F55: 2322 | G55: =E55*F55 -> 79783.92 | I55: 10 | J55: 3000 | K55: =J55/I55 -> 300 | L55: 10 | M55: =F55/V55*60 -> 2902.5 | N55: =M55/L55 -> 290.25 | O55: =L55-I55 -> 0 | P55: =N55-K55 -> -9.75 | Q55: =N55/K55 -> 0.9675 | R55: =Q60 -> 0.96751875 | S55: 0.20833333 | T55: 0.24166667 | V55: =(T55-S55)*24*60 -> 48 | AC55: 5 | AE55: =M55-J55 -> -97.5 | AF55: =M55/J55 -> 0.9675 | AG55: =AF60 -> 0.96751875
A56: 新豐10線 | B56: 調理麵包 | C56: 茄汁薯餅蛋堡 | E56: 34.36 | F56: 1033 | G56: =E56*F56 -> 35493.88 | I56: 10 | J56: 3000 | K56: =J56/I56 -> 300 | L56: 10 | M56: =F56/V56*60 -> 2951.4286 | N56: =M56/L56 -> 295.14286 | O56: =L56-I56 -> 0 | P56: =N56-K56 -> -4.8571429 | Q56: =N56/K56 -> 0.98380952 | S56: 0.24513889 | T56: 0.25972222 | U56: =(S56-T55)*24*60 -> 5 | V56: =(T56-S56)*24*60 -> 21 | AE56: =M56-J56 -> -48.571429 | AF56: =M56/J56 -> 0.98380952
A57: 新豐10線 | B57: 調理麵包 | C57: 香雞蛋堡(112年) | E57: 26.78 | F57: 2394 | G57: =E57*F57 -> 64111.32 | I57: 10 | J57: 3000 | K57: =J57/I57 -> 300 | L57: 10 | M57: =F57/V57*60 -> 2872.8 | N57: =M57/L57 -> 287.28 | O57: =L57-I57 -> 0 | P57: =N57-K57 -> -12.72 | Q57: =N57/K57 -> 0.9576 | S57: 0.26319444 | T57: 0.29791667 | U57: =(S57-T56)*24*60 -> 5 | V57: =(T57-S57)*24*60 -> 50 | AE57: =M57-J57 -> -127.2 | AF57: =M57/J57 -> 0.9576
A58: 新豐10線 | B58: 調理麵包 | C58: 美式雞腿堡 | E58: 35.87 | F58: 3623 | G58: =E58*F58 -> 129957.01 | I58: 9 | J58: 3000 | K58: =J58/I58 -> 333.33333 | L58: 9 | M58: =F58/V58*60 -> 2860.2632 | N58: =M58/L58 -> 317.80702 | O58: =L58-I58 -> 0 | P58: =N58-K58 -> -15.526316 | Q58: =N58/K58 -> 0.95342105 | S58: 0.30138889 | T58: 0.35416667 | U58: =(S58-T57)*24*60 -> 5 | V58: =(T58-S58)*24*60 -> 76 | AE58: =M58-J58 -> -139.73684 | AF58: =M58/J58 -> 0.95342105
A59: 新豐10線 | B59: 調理麵包 | C59: 黃金魚堡(114年) | E59: 34.35 | F59: 1853 | G59: =E59*F59 -> 63650.55 | I59: 8 | J59: 3000 | K59: =J59/I59 -> 375 | L59: 8 | M59: =F59/V59*60 -> 2925.7895 | N59: =M59/L59 -> 365.72368 | O59: =L59-I59 -> 0 | P59: =N59-K59 -> -9.2763158 | Q59: =N59/K59 -> 0.97526316 | S59: 0.35972222 | T59: 0.38611111 | U59: =(S59-T58)*24*60 -> 8 | V59: =(T59-S59)*24*60 -> 38 | AE59: =M59-J59 -> -74.210526 | AF59: =M59/J59 -> 0.97526316
A60: 新豐10線 | B60: 平均 | I60: 9.4 | J60: 3000 | K60: =J60/I60 -> 319.14894 | L60: 9.4 | M60: =AVERAGE(M55:M59) -> 2902.5562 | N60: =M60/L60 -> 308.78258 | O60: =L60-I60 -> 0 | P60: =N60-K60 -> -10.366357 | Q60: =N60/K60 -> 0.96751875 | Y60: =SUM(Y55:Y59) -> 0 | Z60: =SUM(Z55:Z59) -> 0 | AC60: 5 | AD60: =SUM(AD55:AD59) -> 0 | AE60: =M60-J60 -> -97.443759 | AF60: =M60/J60 -> 0.96751875
A61: 新豐4線 | B61: 三明治 | C61: 香蕉可可三明治 | E61: 22.69 | F61: 3238 | G61: =E61*F61 -> 73470.22 | I61: 15 | J61: 2400 | K61: =J61/I61 -> 160 | L61: 15 | M61: =F61/V61*60 -> 2285.6471 | N61: =M61/L61 -> 152.37647 | O61: =L61-I61 -> 0 | P61: =N61-K61 -> -7.6235294 | Q61: =N61/K61 -> 0.95235294 | R61: =Q67 -> 0.95545312 | S61: 0.083333333 | T61: 0.14236111 | V61: =(T61-S61)*24*60 -> 85 | W61: =T61 -> 0.14236111 | X61: =S62 -> 0.15972222 | AC61: 6 | AE61: =M61-J61 -> -114.35294 | AF61: =M61/J61 -> 0.95235294 | AG61: =AF67 -> 0.95545312
A62: 新豐4線 | B62: 三明治 | C62: 火腿起司蛋三明治 | E62: 19.02 | F62: 5000 | G62: =E62*F62 -> 95100 | H62: 2 | I62: 14 | J62: 2400 | K62: =J62/I62 -> 171.42857 | L62: 14 | M62: =F62/V62*60 -> 2290.0763 | N62: =M62/L62 -> 163.57688 | O62: =L62-I62 -> 0 | P62: =N62-K62 -> -7.8516903 | Q62: =N62/K62 -> 0.95419847 | S62: 0.15972222 | T62: 0.25069444 | U62: =(S62-T61)*24*60 -> 25 | V62: =(T62-S62)*24*60 -> 131 | AE62: =M62-J62 -> -109.92366 | AF62: =M62/J62 -> 0.95419847
A63: 新豐4線 | B63: 三明治 | C63: 肉鬆火腿三明治(115年) | E63: 20.36 | F63: 4252 | G63: =E63*F63 -> 86570.72 | I63: 17 | J63: 2400 | K63: =J63/I63 -> 141.17647 | L63: 17 | M63: =F63/V63*60 -> 2298.3784 | N63: =M63/L63 -> 135.19873 | O63: =L63-I63 -> 0 | P63: =N63-K63 -> -5.9777424 | Q63: =N63/K63 -> 0.95765766 | S63: 0.25416667 | T63: 0.33125 | U63: =(S63-T62)*24*60 -> 5 | V63: =(T63-S63)*24*60 -> 111 | AE63: =M63-J63 -> -101.62162 | AF63: =M63/J63 -> 0.95765766
A64: 新豐4線 | B64: 三明治 | C64: 藍莓優格三明治 | E64: 20.21 | F64: 2776 | G64: =E64*F64 -> 56102.96 | I64: 15 | J64: 2400 | K64: =J64/I64 -> 160 | L64: 15 | M64: =F64/V64*60 -> 2313.3333 | N64: =M64/L64 -> 154.22222 | O64: =L64-I64 -> 0 | P64: =N64-K64 -> -5.7777778 | Q64: =N64/K64 -> 0.96388889 | S64: 0.33611111 | T64: 0.38611111 | U64: =(S64-T63)*24*60 -> 7 | V64: =(T64-S64)*24*60 -> 72 | AE64: =M64-J64 -> -86.666667 | AF64: =M64/J64 -> 0.96388889
A65: 新豐4線 | B65: 三明治 | C65: 榛果摩卡脆脆三明治 | E65: 20.21 | F65: 5330 | G65: =E65*F65 -> 107719.3 | I65: 18 | J65: 2400 | K65: =J65/I65 -> 133.33333 | L65: 18 | M65: =F65/V65*60 -> 2284.2857 | N65: =M65/L65 -> 126.90476 | O65: =L65-I65 -> 0 | P65: =N65-K65 -> -6.4285714 | Q65: =N65/K65 -> 0.95178571 | S65: 0.38958333 | T65: 0.48680556 | U65: =(S65-T64)*24*60 -> 5 | V65: =(T65-S65)*24*60 -> 140 | W65: =T65 -> 0.48680556 | X65: =S66 -> 0.52777778 | AE65: =M65-J65 -> -115.71429 | AF65: =M65/J65 -> 0.95178571
A66: 新豐4線 | B66: 三明治 | C66: 火腿起司蛋三明治 | E66: 19.02 | F66: 3697 | G66: =E66*F66 -> 70316.94 | I66: 14 | J66: 2400 | K66: =J66/I66 -> 171.42857 | L66: 14 | M66: =F66/V66*60 -> 2286.8041 | N66: =M66/L66 -> 163.34315 | O66: =L66-I66 -> 0 | P66: =N66-K66 -> -8.0854197 | Q66: =N66/K66 -> 0.95283505 | S66: 0.52777778 | T66: 0.59513889 | U66: =(S66-T65)*24*60 -> 59 | V66: =(T66-S66)*24*60 -> 97 | AE66: =M66-J66 -> -113.19588 | AF66: =M66/J66 -> 0.95283505
A67: 新豐4線 | B67: 平均 | I67: 15.5 | J67: 2400 | K67: =J67/I67 -> 154.83871 | L67: 15.5 | M67: =AVERAGE(M61:M66) -> 2293.0875 | N67: =M67/L67 -> 147.94113 | O67: =L67-I67 -> 0 | P67: =N67-K67 -> -6.8975812 | Q67: =N67/K67 -> 0.95545312 | Y67: =SUM(Y61:Y66) -> 0 | Z67: =SUM(Z61:Z66) -> 0 | AC67: 6 | AD67: =SUM(AD61:AD66) -> 0 | AE67: =M67-J67 -> -106.91251 | AF67: =M67/J67 -> 0.95545312

Sheet 0529
B1: 屏榮 新豐廠組合室生產人時性分析
B3: 日期 | C3: =TEXT('0529 4度C'!A2,"yyyy.mm.ddaaaa") -> 2026.05.29星期五 | E3: 訂單量 | F3: ='0529 4度C'!D1 -> 146475 | H3: 營業額 | I3: ='0529 4度C'!F1 -> 4966653.3
B4: 人時性 | C4: 項目 | E4: ➀ | G4: ➁ | I4: ➂ | K4: 異常停線 | M4: 短暫停線
C5: 組合室 | E5: 全溫層 | G5: 4度C-各編組展開 | I5: ③三明治-各編組展開 | K5: 合計次數 | L5: 時間 | M5: 合計次數 | N5: 設備次數
C6: 排關平均 | E6: =AVERAGE(D13:M13) -> 153.82204 | F6: =AVERAGE(D31:O31,D13:J13) -> 160.4743 | G6: =AVERAGE(D13:J13) -> 160.4743 | I6: =AVERAGE(K13:M13) -> 138.30008 | K6: ='0529 4度C'!Y2 -> 0 | L6: ='0529 4度C'!Z2 -> 0 | M6: ='0529 4度C'!AC2 -> 53 | N6: ='0529 4度C'!AD2 -> 0
C7: 實績平均 | E7: =AVERAGE(D14:M14) -> 147.42325 | F7: =AVERAGE(D32:O32,D14:J14) -> 153.88611 | G7: =AVERAGE(D14:J14) -> 153.88611 | I7: =AVERAGE(K14:M14) -> 132.34325
C8: 達成率平均 | E8: =AVERAGE(D15:M15) -> 0.95779733 | F8: =AVERAGE(D15:J15,D33:O33) -> 0.95807519 | G8: =AVERAGE(D15:J15) -> 0.95807519 | I8: =AVERAGE(K15:M15) -> 0.95714898
K9: ※現行日本鮮食廠以達成率80%為基本(即為現行KPI)
B10: 溫層 | D10: ➁4度C-各編組展開 | K10: ③三明治-各編組展開
B11: 編組 | D11: 1 | E11: 2 | F11: 3 | G11: 4 | H11: 5 | I11: 6 | J11: 7 | K11: 1 | L11: 2 | M11: 3
D12: 新豐6線 | E12: 新豐2線 | F12: 新豐5線 | G12: 新豐7線 | H12: 新豐3線 | I12: 新豐1線 | J12: 新豐10線 | K12: 新豐8線 | L12: 新豐9線 | M12: 新豐4線
B13: 人時性 | C13: 排關 | D13: =SUMIFS('0529 4度C'!$K:$K,'0529 4度C'!$A:$A,"新豐6線",'0529 4度C'!$B:$B,"平均") -> 130.43478 | E13: =SUMIFS('0529 4度C'!$K:$K,'0529 4度C'!$A:$A,"新豐2線",'0529 4度C'!$B:$B,"平均") -> 86.956522 | F13: =SUMIFS('0529 4度C'!$K:$K,'0529 4度C'!$A:$A,"新豐5線",'0529 4度C'!$B:$B,"平均") -> 96.590909 | G13: =SUMIFS('0529 4度C'!$K:$K,'0529 4度C'!$A:$A,"新豐7線",'0529 4度C'!$B:$B,"平均") -> 125 | H13: =SUMIFS('0529 4度C'!$K:$K,'0529 4度C'!$A:$A,"新豐3線",'0529 4度C'!$B:$B,"平均") -> 255.81395 | I13: =SUMIFS('0529 4度C'!$K:$K,'0529 4度C'!$A:$A,"新豐1線",'0529 4度C'!$B:$B,"平均") -> 109.375 | J13: =SUMIFS('0529 4度C'!$K:$K,'0529 4度C'!$A:$A,"新豐10線",'0529 4度C'!$B:$B,"平均") -> 319.14894 | K13: =SUMIFS('0529 4度C'!$K:$K,'0529 4度C'!$A:$A,"新豐8線",'0529 4度C'!$B:$B,"平均") -> 138.46154 | L13: =SUMIFS('0529 4度C'!$K:$K,'0529 4度C'!$A:$A,"新豐9線",'0529 4度C'!$B:$B,"平均") -> 121.6 | M13: =SUMIFS('0529 4度C'!$K:$K,'0529 4度C'!$A:$A,"新豐4線",'0529 4度C'!$B:$B,"平均") -> 154.83871
C14: 實績 | D14: =SUMIFS('0529 4度C'!$N:$N,'0529 4度C'!$A:$A,"新豐6線",'0529 4度C'!$B:$B,"平均") -> 125.08972 | E14: =SUMIFS('0529 4度C'!$N:$N,'0529 4度C'!$A:$A,"新豐2線",'0529 4度C'!$B:$B,"平均") -> 82.981544 | F14: =SUMIFS('0529 4度C'!$N:$N,'0529 4度C'!$A:$A,"新豐5線",'0529 4度C'!$B:$B,"平均") -> 92.36529 | G14: =SUMIFS('0529 4度C'!$N:$N,'0529 4度C'!$A:$A,"新豐7線",'0529 4度C'!$B:$B,"平均") -> 120.0906 | H14: =SUMIFS('0529 4度C'!$N:$N,'0529 4度C'!$A:$A,"新豐3線",'0529 4度C'!$B:$B,"平均") -> 244.0578 | I14: =SUMIFS('0529 4度C'!$N:$N,'0529 4度C'!$A:$A,"新豐1線",'0529 4度C'!$B:$B,"平均") -> 104.72158 | J14: =SUMIFS('0529 4度C'!$N:$N,'0529 4度C'!$A:$A,"新豐10線",'0529 4度C'!$B:$B,"平均") -> 307.89625 | K14: =SUMIFS('0529 4度C'!$N:$N,'0529 4度C'!$A:$A,"新豐8線",'0529 4度C'!$B:$B,"平均") -> 132.43632 | L14: =SUMIFS('0529 4度C'!$N:$N,'0529 4度C'!$A:$A,"新豐9線",'0529 4度C'!$B:$B,"平均") -> 116.76429 | M14: =SUMIFS('0529 4度C'!$N:$N,'0529 4度C'!$A:$A,"新豐4線",'0529 4度C'!$B:$B,"平均") -> 147.82913
C15: 達成率 | D15: =D14/D13 -> 0.95902116 | E15: =E14/E13 -> 0.95428775 | F15: =F14/F13 -> 0.95625242 | G15: =G14/G13 -> 0.96072476 | H15: =H14/H13 -> 0.95404415 | I15: =I14/I13 -> 0.95745448 | J15: =J14/J13 -> 0.9647416 | K15: =K14/K13 -> 0.9564845 | ... M15: =M14/M13 -> 0.95472981
B16: 作業 時間 | C16: 開始 | D16: =VLOOKUP("新豐6線",'0529 4度C'!$A:$T,19,0) -> 0.70833333 | E16: =VLOOKUP("新豐2線",'0529 4度C'!$A:$T,19,0) -> 0.083333333 | F16: =VLOOKUP("新豐5線",'0529 4度C'!$A:$T,19,0) -> 0.20833333 | G16: =VLOOKUP("新豐7線",'0529 4度C'!$A:$T,19,0) -> 0.20833333 | H16: =VLOOKUP("新豐3線",'0529 4度C'!$A:$T,19,0) -> 0.083333333 | I16: =VLOOKUP("新豐1線",'0529 4度C'!$A:$T,19,0) -> 0.20833333 | J16: =VLOOKUP("新豐10線",'0529 4度C'!$A:$T,19,0) -> 0.20833333 | K16: =VLOOKUP("新豐8線",'0529 4度C'!$A:$T,19,0) -> 0.083333333 | L16: =VLOOKUP("新豐9線",'0529 4度C'!$A:$T,19,0) -> 0.083333333 | M16: =VLOOKUP("新豐4線",'0529 4度C'!$A:$T,19,0) -> 0.083333333
C17: 結束 | D17: =LOOKUP(2,1/(('0529 4度C'!$A:$A="新豐6線")*('0529 4度C'!$T:$T<>"")),'0529 4度C'!$T:$T) -> 0.82152778 | E17: =LOOKUP(2,1/(('0529 4度C'!$A:$A="新豐2線")*('0529 4度C'!$T:$T<>"")),'0529 4度C'!$T:$T) -> 0.60972222 | F17: =LOOKUP(2,1/(('0529 4度C'!$A:$A="新豐5線")*('0529 4度C'!$T:$T<>"")),'0529 4度C'!$T:$T) -> 0.80069444 | G17: =LOOKUP(2,1/(('0529 4度C'!$A:$A="新豐7線")*('0529 4度C'!$T:$T<>"")),'0529 4度C'!$T:$T) -> 0.77083333 | H17: =LOOKUP(2,1/(('0529 4度C'!$A:$A="新豐3線")*('0529 4度C'!$T:$T<>"")),'0529 4度C'!$T:$T) -> 0.34722222 | I17: =LOOKUP(2,1/(('0529 4度C'!$A:$A="新豐1線")*('0529 4度C'!$T:$T<>"")),'0529 4度C'!$T:$T) -> 0.81875 | J17: =LOOKUP(2,1/(('0529 4度C'!$A:$A="新豐10線")*('0529 4度C'!$T:$T<>"")),'0529 4度C'!$T:$T) -> 0.36597222 | K17: =LOOKUP(2,1/(('0529 4度C'!$A:$A="新豐8線")*('0529 4度C'!$T:$T<>"")),'0529 4度C'!$T:$T) -> 0.59027778 | L17: =LOOKUP(2,1/(('0529 4度C'!$A:$A="新豐9線")*('0529 4度C'!$T:$T<>"")),'0529 4度C'!$T:$T) -> 0.62430556 | M17: =LOOKUP(2,1/(('0529 4度C'!$A:$A="新豐4線")*('0529 4度C'!$T:$T<>"")),'0529 4度C'!$T:$T) -> 0.58125
B18: 產線異常 (5分鐘以上) | C18: 次數 | D18: =SUMIFS('0529 4度C'!$Y:$Y,'0529 4度C'!$A:$A,"新豐6線",'0529 4度C'!$B:$B,"平均") -> 0 | E18: =SUMIFS('0529 4度C'!$Y:$Y,'0529 4度C'!$A:$A,"新豐2線",'0529 4度C'!$B:$B,"平均") -> 0 | F18: =SUMIFS('0529 4度C'!$Y:$Y,'0529 4度C'!$A:$A,"新豐5線",'0529 4度C'!$B:$B,"平均") -> 0 | G18: =SUMIFS('0529 4度C'!$Y:$Y,'0529 4度C'!$A:$A,"新豐7線",'0529 4度C'!$B:$B,"平均") -> 0 | H18: =SUMIFS('0529 4度C'!$Y:$Y,'0529 4度C'!$A:$A,"新豐3線",'0529 4度C'!$B:$B,"平均") -> 0 | I18: =SUMIFS('0529 4度C'!$Y:$Y,'0529 4度C'!$A:$A,"新豐1線",'0529 4度C'!$B:$B,"平均") -> 0 | J18: =SUMIFS('0529 4度C'!$Y:$Y,'0529 4度C'!$A:$A,"新豐10線",'0529 4度C'!$B:$B,"平均") -> 0 | K18: =SUMIFS('0529 4度C'!$Y:$Y,'0529 4度C'!$A:$A,"新豐8線",'0529 4度C'!$B:$B,"平均") -> 0 | L18: =SUMIFS('0529 4度C'!$Y:$Y,'0529 4度C'!$A:$A,"新豐9線",'0529 4度C'!$B:$B,"平均") -> 0 | M18: =SUMIFS('0529 4度C'!$Y:$Y,'0529 4度C'!$A:$A,"新豐4線",'0529 4度C'!$B:$B,"平均") -> 0
C19: 時間/分 | D19: =SUMIFS('0529 4度C'!$Z:$Z,'0529 4度C'!$A:$A,"新豐6線",'0529 4度C'!$B:$B,"平均") -> 0 | E19: =SUMIFS('0529 4度C'!$Z:$Z,'0529 4度C'!$A:$A,"新豐2線",'0529 4度C'!$B:$B,"平均") -> 0 | F19: =SUMIFS('0529 4度C'!$Z:$Z,'0529 4度C'!$A:$A,"新豐5線",'0529 4度C'!$B:$B,"平均") -> 0 | G19: =SUMIFS('0529 4度C'!$Z:$Z,'0529 4度C'!$A:$A,"新豐7線",'0529 4度C'!$B:$B,"平均") -> 0 | H19: =SUMIFS('0529 4度C'!$Z:$Z,'0529 4度C'!$A:$A,"新豐3線",'0529 4度C'!$B:$B,"平均") -> 0 | I19: =SUMIFS('0529 4度C'!$Z:$Z,'0529 4度C'!$A:$A,"新豐1線",'0529 4度C'!$B:$B,"平均") -> 0 | J19: =SUMIFS('0529 4度C'!$Z:$Z,'0529 4度C'!$A:$A,"新豐10線",'0529 4度C'!$B:$B,"平均") -> 0 | K19: =SUMIFS('0529 4度C'!$Z:$Z,'0529 4度C'!$A:$A,"新豐8線",'0529 4度C'!$B:$B,"平均") -> 0 | L19: =SUMIFS('0529 4度C'!$Z:$Z,'0529 4度C'!$A:$A,"新豐9線",'0529 4度C'!$B:$B,"平均") -> 0 | M19: =SUMIFS('0529 4度C'!$Z:$Z,'0529 4度C'!$A:$A,"新豐4線",'0529 4度C'!$B:$B,"平均") -> 0
B20: 短暫停線 (5分鐘以下) | C20: 次數 | D20: =SUMIFS('0529 4度C'!$AC:$AC,'0529 4度C'!$A:$A,"新豐6線",'0529 4度C'!$B:$B,"平均") -> 3 | E20: =SUMIFS('0529 4度C'!$AC:$AC,'0529 4度C'!$A:$A,"新豐2線",'0529 4度C'!$B:$B,"平均") -> 4 | F20: =SUMIFS('0529 4度C'!$AC:$AC,'0529 4度C'!$A:$A,"新豐5線",'0529 4度C'!$B:$B,"平均") -> 5 | G20: =SUMIFS('0529 4度C'!$AC:$AC,'0529 4度C'!$A:$A,"新豐7線",'0529 4度C'!$B:$B,"平均") -> 6 | H20: =SUMIFS('0529 4度C'!$AC:$AC,'0529 4度C'!$A:$A,"新豐3線",'0529 4度C'!$B:$B,"平均") -> 4 | I20: =SUMIFS('0529 4度C'!$AC:$AC,'0529 4度C'!$A:$A,"新豐1線",'0529 4度C'!$B:$B,"平均") -> 7 | J20: =SUMIFS('0529 4度C'!$AC:$AC,'0529 4度C'!$A:$A,"新豐10線",'0529 4度C'!$B:$B,"平均") -> 5 | K20: =SUMIFS('0529 4度C'!$AC:$AC,'0529 4度C'!$A:$A,"新豐8線",'0529 4度C'!$B:$B,"平均") -> 6 | L20: =SUMIFS('0529 4度C'!$AC:$AC,'0529 4度C'!$A:$A,"新豐9線",'0529 4度C'!$B:$B,"平均") -> 7 | M20: =SUMIFS('0529 4度C'!$AC:$AC,'0529 4度C'!$A:$A,"新豐4線",'0529 4度C'!$B:$B,"平均") -> 6
C21: 設備次數 | D21: =SUMIFS('0529 4度C'!$AD:$AD,'0529 4度C'!$A:$A,"新豐6線",'0529 4度C'!$B:$B,"平均") -> 0 | E21: =SUMIFS('0529 4度C'!$AD:$AD,'0529 4度C'!$A:$A,"新豐2線",'0529 4度C'!$B:$B,"平均") -> 0 | F21: =SUMIFS('0529 4度C'!$AD:$AD,'0529 4度C'!$A:$A,"新豐5線",'0529 4度C'!$B:$B,"平均") -> 0 | G21: =SUMIFS('0529 4度C'!$AD:$AD,'0529 4度C'!$A:$A,"新豐7線",'0529 4度C'!$B:$B,"平均") -> 0 | H21: =SUMIFS('0529 4度C'!$AD:$AD,'0529 4度C'!$A:$A,"新豐3線",'0529 4度C'!$B:$B,"平均") -> 0 | I21: =SUMIFS('0529 4度C'!$AD:$AD,'0529 4度C'!$A:$A,"新豐1線",'0529 4度C'!$B:$B,"平均") -> 0 | J21: =SUMIFS('0529 4度C'!$AD:$AD,'0529 4度C'!$A:$A,"新豐10線",'0529 4度C'!$B:$B,"平均") -> 0 | K21: =SUMIFS('0529 4度C'!$AD:$AD,'0529 4度C'!$A:$A,"新豐8線",'0529 4度C'!$B:$B,"平均") -> 0 | L21: =SUMIFS('0529 4度C'!$AD:$AD,'0529 4度C'!$A:$A,"新豐9線",'0529 4度C'!$B:$B,"平均") -> 0 | M21: =SUMIFS('0529 4度C'!$AD:$AD,'0529 4度C'!$A:$A,"新豐4線",'0529 4度C'!$B:$B,"平均") -> 0
B22: 配置人數 | D22: =SUMIFS('0529 4度C'!$I:$I,'0529 4度C'!$A:$A,"新豐6線",'0529 4度C'!$B:$B,"平均") -> 15.333333 | E22: =SUMIFS('0529 4度C'!$I:$I,'0529 4度C'!$A:$A,"新豐2線",'0529 4度C'!$B:$B,"平均") -> 17.25 | F22: =SUMIFS('0529 4度C'!$I:$I,'0529 4度C'!$A:$A,"新豐5線",'0529 4度C'!$B:$B,"平均") -> 17.6 | G22: =SUMIFS('0529 4度C'!$I:$I,'0529 4度C'!$A:$A,"新豐7線",'0529 4度C'!$B:$B,"平均") -> 15.333333 | H22: =SUMIFS('0529 4度C'!$I:$I,'0529 4度C'!$A:$A,"新豐3線",'0529 4度C'!$B:$B,"平均") -> 10.75 | I22: =SUMIFS('0529 4度C'!$I:$I,'0529 4度C'!$A:$A,"新豐1線",'0529 4度C'!$B:$B,"平均") -> 18.285714 | J22: =SUMIFS('0529 4度C'!$I:$I,'0529 4度C'!$A:$A,"新豐10線",'0529 4度C'!$B:$B,"平均") -> 9.4 | K22: =SUMIFS('0529 4度C'!$I:$I,'0529 4度C'!$A:$A,"新豐8線",'0529 4度C'!$B:$B,"平均") -> 17.333333 | L22: =SUMIFS('0529 4度C'!$I:$I,'0529 4度C'!$A:$A,"新豐9線",'0529 4度C'!$B:$B,"平均") -> 17.857143 | M22: =SUMIFS('0529 4度C'!$I:$I,'0529 4度C'!$A:$A,"新豐4線",'0529 4度C'!$B:$B,"平均") -> 15.5
B23: 主要應用設備 | D23: ET-55 | E23: 熱縮爐 | F23: L型包裝機 | G23: L型包裝機 | H23: 伺服包裝機 | I23: ET-55 | J23: 伺服包裝機 | K23: 三明治包裝機 | L23: 三明治包裝機 | M23: 三明治包裝機
B24: 次要應用設備 | F24: 圓盤機 | G24: ET-55
B25: 備註 | E25: 握沙拉 | F25: 共用L型包裝機 | H25: 調理麵包 | I25: 炒飯+沙拉 | J25: 調理麵包

Sheet 0529 4度C
A1: 新豐廠四度C日報分析 | C1: 總生產量 | D1: =SUM(F5:F67) -> 146475 | E1: 營業額 | F1: =SUM(G5:G67) -> 4966653.3 | G1: 出勤人數 | H1: =L8+L13+L46+L54+L19+L60+L33+L41+L26+L67 -> 154.64286 | I1: 產線配置圖 | L1: 生產實績 | O1: 人時性差異分析 | S1: 日報登錄 | Y1: 合計 次數 | Z1: 合計 時間/分 | AA1: 產線異常 分析說明(5分鐘以上) | AC1: 合計 次數 | AD1: 合計 設備次數 | AE1: 產能差異分析
A2: 46171 | B2: 星期五 | C2: 人時性 | D2: =AVERAGE(N8,N13,N46,N54,N19,N60,N26,N33,N41,N67) -> 147.42325 | E2: 平均廠價 | F2: =F1/D1 -> 33.907857 | G2: 多次生產數 | H2: =COUNT(H5:H67) -> 6 | Y2: =SUM(Y8+Y13+Y19+Y26+Y33+Y41+Y46+Y54+Y60+Y67) -> 0 | Z2: =SUM(Z8+Z13+Z19+Z26+Z33+Z41+Z46+Z54+Z60+Z67) -> 0 | AC2: 53 | AD2: =SUM(AD8+AD13+AD19+AD26+AD33+AD41+AD46+AD54+AD60+AD67) -> 0
A3: 線別 | B3: 品類 | C3: 品名 | E3: 廠價 | F3: 生產量 | G3: 營收 | H3: 多次 生產 | I3: 人數 | J3: 產能/時 | K3: 人時性 | L3: 人數 | M3: 產能/時 | N3: 人時性 | O3: 人數 | P3: 人時性 | Q3: 達成率 | R3: 達成率平均 | S3: 生產時間 | U3: 換線、休息/分 | V3: 稼動時間/分 | W3: 休息時間 | Y3: 產線異常統計 (5分鐘以上) | AA3: (新豐回填) | AC3: 短暫停線統計 (5分鐘以下) | AE3: 產能/時 | AF3: 達成率 | AG3: 達成率平均
S4: 開始 | T4: 結束 | W4: 開始 | X4: 結束 | Y4: 次數 | Z4: 時間/分 | AC4: 總次數 | AD4: 設備因素(次數)
A5: 新豐6線 | B5: 微波主食 | C5: 二配泰式綠咖哩雞 | E5: 50.67 | F5: 1295 | G5: =E5*F5 -> 65617.65 | I5: 15 | J5: 2000 | K5: =J5/I5 -> 133.33333 | L5: 15 | M5: =F5/V5*60 -> 1942.5 | N5: =M5/L5 -> 129.5 | O5: =L5-I5 -> 0 | P5: =N5-K5 -> -3.8333333 | Q5: =N5/K5 -> 0.97125 | R5: =Q8 -> 0.95902116 | S5: 0.70833333 | T5: 0.73611111 | V5: =(T5-S5)*24*60 -> 40 | AC5: 3 | AE5: =M5-J5 -> -57.5 | AF5: =M5/J5 -> 0.97125 | AG5: =AF8 -> 0.95902116
A6: 新豐6線 | B6: 微波主食 | C6: 二配金咖哩果香甘口咖哩飯 | E6: 50.92 | F6: 1779 | G6: =E6*F6 -> 90586.68 | I6: 15 | J6: 2000 | K6: =J6/I6 -> 133.33333 | L6: 15 | M6: =F6/V6*60 -> 1906.0714 | N6: =M6/L6 -> 127.07143 | O6: =L6-I6 -> 0 | P6: =N6-K6 -> -6.2619048 | Q6: =N6/K6 -> 0.95303571 | S6: 0.74166667 | T6: 0.78055556 | U6: =IF(S6=TIME(17,0,0),"",(S6-T5)*24*60) -> 8 | V6: =(T6-S6)*24*60 -> 56 | AE6: =M6-J6 -> -93.928571 | AF6: =M6/J6 -> 0.95303571
A7: 新豐6線 | B7: 微波主食 | C7: 二配金咖哩濃厚辛口咖哩飯 | E7: 50.98 | F7: 1715 | G7: =E7*F7 -> 87430.7 | I7: 16 | J7: 2000 | K7: =J7/I7 -> 125 | L7: 16 | M7: =F7/V7*60 -> 1905.5556 | N7: =M7/L7 -> 119.09722 | O7: =L7-I7 -> 0 | P7: =N7-K7 -> -5.9027778 | Q7: =N7/K7 -> 0.95277778 | S7: 0.78402778 | T7: 0.82152778 | U7: =IF(S7=TIME(17,0,0),"",(S7-T6)*24*60) -> 5 | V7: =(T7-S7)*24*60 -> 54 | AE7: =M7-J7 -> -94.444444 | AF7: =M7/J7 -> 0.95277778
A8: 新豐6線 | B8: 平均 | I8: 15.333333 | J8: 2000 | K8: =J8/I8 -> 130.43478 | L8: 15.333333 | M8: =AVERAGE(M5:M7) -> 1918.0423 | N8: =M8/L8 -> 125.08972 | O8: =L8-I8 -> 0 | P8: =N8-K8 -> -5.3450656 | Q8: =N8/K8 -> 0.95902116 | Y8: =SUM(Y5:Y7) -> 0 | Z8: =SUM(Z5:Z7) -> 0 | AC8: 3 | AD8: =SUM(AD5:AD7) -> 0 | AE8: =M8-J8 -> -81.957672 | AF8: =M8/J8 -> 0.95902116
A9: 新豐2線 | B9: 沙拉 | C9: 青醬優格雞肉握沙拉(113年) | E9: 39.62 | F9: 4634 | G9: =E9*F9 -> 183599.08 | I9: 19 | J9: 1500 | K9: =J9/I9 -> 78.947368 | L9: 19 | M9: =F9/V9*60 -> 1425.8462 | N9: =M9/L9 -> 75.044534 | O9: =L9-I9 -> 0 | P9: =N9-K9 -> -3.902834 | Q9: =N9/K9 -> 0.9505641 | R9: =Q13 -> 0.95428775 | S9: 0.083333333 | T9: 0.21875 | V9: =(T9-S9)*24*60 -> 195 | W9: =T9 -> 0.21875 | X9: =S10 -> 0.23819444 | AC9: 4 | AE9: =M9-J9 -> -74.153846 | AF9: =M9/J9 -> 0.9505641 | AG9: =AF13 -> 0.95428775
A10: 新豐2線 | B10: 沙拉 | C10: 青檸烤雞握沙拉(113年) | E10: 39.8 | F10: 3600 | G10: =E10*F10 -> 143280 | H10: 2 | I10: 17 | J10: 1500 | K10: =J10/I10 -> 88.235294 | L10: 17 | M10: =F10/V10*60 -> 1430.4636 | N10: =M10/L10 -> 84.144916 | O10: =L10-I10 -> 0 | P10: =N10-K10 -> -4.0903779 | Q10: =N10/K10 -> 0.95364238 | S10: 0.23819444 | T10: 0.34305556 | U10: =IF(S10=TIME(17,0,0),"",(S10-T9)*24*60) -> 28 | V10: =(T10-S10)*24*60 -> 151 | AE10: =M10-J10 -> -69.536424 | AF10: =M10/J10 -> 0.95364238
A11: 新豐2線 | B11: 沙拉 | C11: 厚蛋時蔬握沙拉 | E11: 39.46 | F11: 4574 | G11: =E11*F11 -> 180490.04 | I11: 16 | J11: 1500 | K11: =J11/I11 -> 93.75 | L11: 16 | M11: =F11/V11*60 -> 1436.8586 | N11: =M11/L11 -> 89.803665 | O11: =L11-I11 -> 0 | P11: =N11-K11 -> -3.9463351 | Q11: =N11/K11 -> 0.95790576 | S11: 0.34652778 | T11: 0.47916667 | U11: =IF(S11=TIME(17,0,0),"",(S11-T10)*24*60) -> 5 | V11: =(T11-S11)*24*60 -> 191 | W11: =T11 -> 0.47916667 | X11: =S12 -> 0.52013889 | AE11: =M11-J11 -> -63.141361 | AF11: =M11/J11 -> 0.95790576
A12: 新豐2線 | B12: 沙拉 | C12: 青檸烤雞握沙拉(113年) | E12: 39.8 | F12: 3080 | G12: =E12*F12 -> 122584 | I12: 17 | J12: 1500 | K12: =J12/I12 -> 88.235294 | L12: 17 | M12: =F12/V12*60 -> 1432.5581 | N12: =M12/L12 -> 84.268126 | O12: =L12-I12 -> 0 | P12: =N12-K12 -> -3.9671683 | Q12: =N12/K12 -> 0.95503876 | S12: 0.52013889 | T12: 0.60972222 | U12: =IF(S12=TIME(17,0,0),"",(S12-T11)*24*60) -> 59 | V12: =(T12-S12)*24*60 -> 129 | AE12: =M12-J12 -> -67.44186 | AF12: =M12/J12 -> 0.95503876
A13: 新豐2線 | B13: 平均 | I13: 17.25 | J13: 1500 | K13: =J13/I13 -> 86.956522 | L13: 17.25 | M13: =AVERAGE(M9:M12) -> 1431.4316 | N13: =M13/L13 -> 82.981544 | O13: =L13-I13 -> 0 | P13: =N13-K13 -> -3.9749781 | Q13: =N13/K13 -> 0.95428775 | Y13: =SUM(Y9:Y12) -> 0 | Z13: =SUM(Z9:Z12) -> 0 | AC13: 4 | AD13: =SUM(AD9:AD12) -> 0 | AE13: =M13-J13 -> -68.568373 | AF13: =M13/J13 -> 0.95428775
A14: 新豐5線 | B14: 小吃 | C14: 剝皮辣椒雞湯 | E14: 41 | F14: 1289 | G14: =E14*F14 -> 52849 | I14: 26 | J14: 1500 | K14: =J14/I14 -> 57.692308 | L14: 26 | M14: =F14/V14*60 -> 1432.2222 | N14: =M14/L14 -> 55.08547 | O14: =L14-I14 -> 0 | P14: =N14-K14 -> -2.6068376 | Q14: =N14/K14 -> 0.95481481 | R14: =Q19 -> 0.95625242 | S14: 0.20833333 | T14: 0.24583333 | V14: =(T14-S14)*24*60 -> 54 | AC14: 5 | AE14: =M14-J14 -> -67.777778 | AF14: =M14/J14 -> 0.95481481 | AG14: =AF19 -> 0.95625242
A15: 新豐5線 | B15: 微波主食 | C15: 香菇雞粥 | E15: 37.03 | F15: 1658 | G15: =E15*F15 -> 61395.74 | I15: 13 | J15: 1500 | K15: =J15/I15 -> 115.38462 | L15: 13 | M15: =F15/V15*60 -> 1441.7391 | N15: =M15/L15 -> 110.90301 | O15: =L15-I15 -> 0 | P15: =N15-K15 -> -4.4816054 | Q15: =N15/K15 -> 0.96115942 | S15: 0.24930556 | T15: 0.29722222 | U15: =IF(S15=TIME(17,0,0),"",(S15-T14)*24*60) -> 5 | V15: =(T15-S15)*24*60 -> 69 | AE15: =M15-J15 -> -58.26087 | AF15: =M15/J15 -> 0.96115942
A16: 新豐5線 | B16: 微波主食 | C16: 二配起司控培根白醬焗烤飯 | E16: 53.68 | F16: 956 | G16: =E16*F16 -> 51318.08 | I16: 16 | J16: 1500 | K16: =J16/I16 -> 93.75 | L16: 16 | M16: =F16/V16*60 -> 1434 | N16: =M16/L16 -> 89.625 | O16: =L16-I16 -> 0 | P16: =N16-K16 -> -4.125 | Q16: =N16/K16 -> 0.956 | S16: 0.70833333 | T16: 0.73611111 | U16: =IF(S16=TIME(17,0,0),"",(S16-T15)*24*60) | V16: =(T16-S16)*24*60 -> 40 | AE16: =M16-J16 -> -66 | AF16: =M16/J16 -> 0.956
A17: 新豐5線 | B17: 微波主食 | C17: 二配蔥爆牛肉燴飯 | E17: 52.86 | F17: 1271 | G17: =E17*F17 -> 67185.06 | I17: 16 | J17: 2000 | K17: =J17/I17 -> 125 | L17: 16 | M17: =F17/V17*60 -> 1906.5 | N17: =M17/L17 -> 119.15625 | O17: =L17-I17 -> 0 | P17: =N17-K17 -> -5.84375 | Q17: =N17/K17 -> 0.95325 | S17: 0.74166667 | T17: 0.76944444 | U17: =IF(S17=TIME(17,0,0),"",(S17-T16)*24*60) -> 8 | V17: =(T17-S17)*24*60 -> 40 | AE17: =M17-J17 -> -93.5 | AF17: =M17/J17 -> 0.95325
A18: 新豐5線 | B18: 微波主食 | C18: 二配港式香滑嫩蛋牛肉燴飯 | E18: 50.67 | F18: 1212 | G18: =E18*F18 -> 61412.04 | I18: 17 | J18: 2000 | K18: =J18/I18 -> 117.64706 | L18: 17 | M18: =F18/V18*60 -> 1913.6842 | N18: =M18/L18 -> 112.56966 | O18: =L18-I18 -> 0 | P18: =N18-K18 -> -5.0773994 | Q18: =N18/K18 -> 0.95684211 | S18: 0.77430556 | T18: 0.80069444 | U18: =IF(S18=TIME(17,0,0),"",(S18-T17)*24*60) -> 7 | V18: =(T18-S18)*24*60 -> 38 | AE18: =M18-J18 -> -86.315789 | AF18: =M18/J18 -> 0.95684211
A19: 新豐5線 | B19: 平均 | I19: 17.6 | J19: 1700 | K19: =J19/I19 -> 96.590909 | L19: 17.6 | M19: =AVERAGE(M14:M18) -> 1625.6291 | N19: =M19/L19 -> 92.36529 | O19: =L19-I19 -> 0 | P19: =N19-K19 -> -4.2256186 | Q19: =N19/K19 -> 0.95625242 | Y19: =SUM(Y14:Y18) -> 0 | Z19: =SUM(Z14:Z18) -> 0 | AC19: 5 | AD19: =SUM(AD14:AD18) -> 0 | AE19: =M19-J19 -> -74.370887 | AF19: =M19/J19 -> 0.95625242
A20: 新豐7線 | B20: 微波主食 | C20: 韓式燒肉拌飯 | E20: 54.09 | F20: 1333 | G20: =E20*F20 -> 72101.97 | I20: 17 | J20: 1500 | K20: =J20/I20 -> 88.235294 | L20: 17 | M20: =F20/V20*60 -> 1428.2143 | N20: =M20/L20 -> 84.012605 | O20: =L20-I20 -> 0 | P20: =N20-K20 -> -4.2226891 | Q20: =N20/K20 -> 0.95214286 | R20: =Q26 -> 0.96072476 | S20: 0.20833333 | T20: 0.24722222 | V20: =(T20-S20)*24*60 -> 56 | AC20: 6 | AE20: =M20-J20 -> -71.785714 | AF20: =M20/J20 -> 0.95214286 | AG20: =AF26 -> 0.96072476
A21: 新豐7線 | B21: 微波主食 | C21: 韓式泡菜豬肉豆腐丼飯 | E21: 50.67 | F21: 1534 | G21: =E21*F21 -> 77727.78 | I21: 17 | J21: 2000 | K21: =J21/I21 -> 117.64706 | L21: 17 | M21: =F21/V21*60 -> 1917.5 | N21: =M21/L21 -> 112.79412 | O21: =L21-I21 -> 0 | P21: =N21-K21 -> -4.8529412 | Q21: =N21/K21 -> 0.95875 | S21: 0.25208333 | T21: 0.28541667 | U21: =IF(S21=TIME(17,0,0),"",(S21-T20)*24*60) -> 7 | V21: =(T21-S21)*24*60 -> 48 | AE21: =M21-J21 -> -82.5 | AF21: =M21/J21 -> 0.95875
A22: 新豐7線 | B22: 微波主食 | C22: 鐵板滑蛋炸豬排丼 | E22: 57.73 | F22: 1825 | G22: =E22*F22 -> 105357.25 | I22: 14 | J22: 2000 | K22: =J22/I22 -> 142.85714 | L22: 14 | M22: =F22/V22*60 -> 1921.0526 | N22: =M22/L22 -> 137.21805 | O22: =L22-I22 -> 0 | P22: =N22-K22 -> -5.6390977 | Q22: =N22/K22 -> 0.96052632 | S22: 0.29097222 | T22: 0.33055556 | U22: =IF(S22=TIME(17,0,0),"",(S22-T21)*24*60) -> 8 | V22: =(T22-S22)*24*60 -> 57 | AE22: =M22-J22 -> -78.947368 | AF22: =M22/J22 -> 0.96052632
A23: 新豐7線 | B23: 微波主食 | C23: 日式炙烤親子丼 | E23: 53.27 | F23: 1780 | G23: =E23*F23 -> 94820.6 | I23: 16 | J23: 2000 | K23: =J23/I23 -> 125 | L23: 16 | M23: =F23/V23*60 -> 1907.1429 | N23: =M23/L23 -> 119.19643 | O23: =L23-I23 -> 0 | P23: =N23-K23 -> -5.8035714 | Q23: =N23/K23 -> 0.95357143 | S23: 0.33472222 | T23: 0.37361111 | U23: =IF(S23=TIME(17,0,0),"",(S23-T22)*24*60) -> 6 | V23: =(T23-S23)*24*60 -> 56 | AE23: =M23-J23 -> -92.857143 | AF23: =M23/J23 -> 0.95357143
A24: 新豐7線 | B24: 微波主食 | C24: 二配川味麻婆燒豆腐燴飯 | E24: 50.49 | F24: 1599 | G24: =E24*F24 -> 80733.51 | I24: 15 | J24: 2000 | K24: =J24/I24 -> 133.33333 | L24: 15 | M24: =F24/V24*60 -> 1918.8 | N24: =M24/L24 -> 127.92 | O24: =L24-I24 -> 0 | P24: =N24-K24 -> -5.4133333 | Q24: =N24/K24 -> 0.9594 | S24: 0.70833333 | T24: 0.74305556 | U24: =IF(S24=TIME(17,0,0),"",(S24-T23)*24*60) | V24: =(T24-S24)*24*60 -> 50 | AE24: =M24-J24 -> -81.2 | AF24: =M24/J24 -> 0.9594
A25: 新豐7線 | B25: 微波主食 | C25: 二配厚香料優格咖哩雞排飯 | E25: 56.43 | F25: 1043 | G25: =E25*F25 -> 58856.49 | I25: 13 | J25: 2000 | K25: =J25/I25 -> 153.84615 | L25: 13 | M25: =F25/V25*60 -> 1955.625 | N25: =M25/L25 -> 150.43269 | O25: =L25-I25 -> 0 | P25: =N25-K25 -> -3.4134615 | Q25: =N25/K25 -> 0.9778125 | S25: 0.74861111 | T25: 0.77083333 | U25: =IF(S25=TIME(17,0,0),"",(S25-T24)*24*60) -> 8 | V25: =(T25-S25)*24*60 -> 32 | AE25: =M25-J25 -> -44.375 | AF25: =M25/J25 -> 0.9778125
A26: 新豐7線 | B26: 平均 | I26: 15.333333 | J26: 1916.6667 | K26: =J26/I26 -> 125 | L26: 15.333333 | M26: =AVERAGE(M20:M25) -> 1841.3891 | N26: =M26/L26 -> 120.0906 | O26: =L26-I26 -> 0 | P26: =N26-K26 -> -4.9094046 | Q26: =N26/K26 -> 0.96072476 | Y26: =SUM(Y20:Y25) -> 0 | Z26: =SUM(Z20:Z25) -> 0 | AC26: 6 | AD26: =SUM(AD20:AD25) -> 0 | AE26: =M26-J26 -> -75.277538 | AF26: =M26/J26 -> 0.96072476
A27: 新豐8線 | B27: 三明治 | C27: 紐奧良風味烤雞鮮蔬三明治 | E27: 31.29 | F27: 6000 | G27: =E27*F27 -> 187740 | H27: 2 | I27: 18 | J27: 2400 | K27: =J27/I27 -> 133.33333 | L27: 18 | M27: =F27/V27*60 -> 2292.9936 | N27: =M27/L27 -> 127.38854 | O27: =L27-I27 -> 0 | P27: =N27-K27 -> -5.9447983 | Q27: =N27/K27 -> 0.95541401 | R27: =Q33 -> 0.9564845 | S27: 0.083333333 | T27: 0.19236111 | V27: =(T27-S27)*24*60 -> 157 | W27: =T27 -> 0.19236111 | X27: =S28 -> 0.2125 | AC27: 6 | AE27: =M27-J27 -> -107.00637 | AF27: =M27/J27 -> 0.95541401 | AG27: =AF33 -> 0.9564845
A28: 新豐8線 | B28: 三明治 | C28: 醬燒烤雞三明治(115年) | E28: 26.37 | F28: 5775 | G28: =E28*F28 -> 152286.75 | I28: 18 | J28: 2400 | K28: =J28/I28 -> 133.33333 | L28: 18 | M28: =F28/V28*60 -> 2294.702 | N28: =M28/L28 -> 127.48344 | O28: =L28-I28 -> 0 | P28: =N28-K28 -> -5.8498896 | Q28: =N28/K28 -> 0.95612583 | S28: 0.2125 | T28: 0.31736111 | U28: =(S28-T27)*24*60 -> 29 | V28: =(T28-S28)*24*60 -> 151 | AE28: =M28-J28 -> -105.29801 | AF28: =M28/J28 -> 0.95612583
A29: 新豐8線 | B29: 三明治 | C29: 鮪魚起司溏心蛋三明治(115年) | E29: 26.18 | F29: 5000 | G29: =E29*F29 -> 130900 | H29: 2 | I29: 18 | J29: 2400 | K29: =J29/I29 -> 133.33333 | L29: 18 | M29: =F29/V29*60 -> 2290.0763 | N29: =M29/L29 -> 127.22646 | O29: =L29-I29 -> 0 | P29: =N29-K29 -> -6.1068702 | Q29: =N29/K29 -> 0.95419847 | S29: 0.32083333 | T29: 0.41180556 | U29: =(S29-T28)*24*60 -> 5 | V29: =(T29-S29)*24*60 -> 131 | AE29: =M29-J29 -> -109.92366 | AF29: =M29/J29 -> 0.95419847
A30: 新豐8線 | B30: 三明治 | C30: 雞蛋沙拉三明治(114年) | E30: 25.99 | F30: 3564 | G30: =E30*F30 -> 92628.36 | I30: 14 | J30: 2400 | K30: =J30/I30 -> 171.42857 | L30: 14 | M30: =F30/V30*60 -> 2299.3548 | N30: =M30/L30 -> 164.23963 | O30: =L30-I30 -> 0 | P30: =N30-K30 -> -7.1889401 | Q30: =N30/K30 -> 0.95806452 | S30: 0.41527778 | T30: 0.47986111 | U30: =(S30-T29)*24*60 -> 5 | V30: =(T30-S30)*24*60 -> 93 | W30: =T30 -> 0.47986111 | X30: =S31 -> 0.52013889 | AE30: =M30-J30 -> -100.64516 | AF30: =M30/J30 -> 0.95806452
A31: 新豐8線 | B31: 三明治 | C31: 紐奧良風味烤雞鮮蔬三明治 | E31: 31.29 | F31: 1853 | G31: =E31*F31 -> 57980.37 | I31: 18 | J31: 2400 | K31: =J31/I31 -> 133.33333 | L31: 18 | M31: =F31/V31*60 -> 2316.25 | N31: =M31/L31 -> 128.68056 | O31: =L31-I31 -> 0 | P31: =N31-K31 -> -4.6527778 | Q31: =N31/K31 -> 0.96510417 | S31: 0.52013889 | T31: 0.55347222 | U31: =(S31-T30)*24*60 -> 58 | V31: =(T31-S31)*24*60 -> 48 | AE31: =M31-J31 -> -83.75 | AF31: =M31/J31 -> 0.96510417
A32: 新豐8線 | B32: 三明治 | C32: 鮪魚起司溏心蛋三明治(115年) | E32: 26.18 | F32: 1824 | G32: =E32*F32 -> 47752.32 | I32: 18 | J32: 2400 | K32: =J32/I32 -> 133.33333 | L32: 18 | M32: =F32/V32*60 -> 2280 | N32: =M32/L32 -> 126.66667 | O32: =L32-I32 -> 0 | P32: =N32-K32 -> -6.6666667 | Q32: =N32/K32 -> 0.95 | S32: 0.55694444 | T32: 0.59027778 | U32: =(S32-T31)*24*60 -> 5 | V32: =(T32-S32)*24*60 -> 48 | AE32: =M32-J32 -> -120 | AF32: =M32/J32 -> 0.95
A33: 新豐8線 | B33: 平均 | I33: 17.333333 | J33: 2400 | K33: =J33/I33 -> 138.46154 | L33: 17.333333 | M33: =AVERAGE(M27:M32) -> 2295.5628 | N33: =M33/L33 -> 132.43632 | O33: =L33-I33 -> 0 | P33: =N33-K33 -> -6.0252232 | Q33: =N33/K33 -> 0.9564845 | Y33: =SUM(Y27:Y32) -> 0 | Z33: =SUM(Z27:Z32) -> 0 | AC33: 6 | AD33: =SUM(AD27:AD32) -> 0 | AE33: =M33-J33 -> -104.4372 | AF33: =M33/J33 -> 0.9564845
A34: 新豐9線 | B34: 三明治 | C34: 經典總匯三明治(115年) | E34: 26.18 | F34: 3500 | G34: =E34*F34 -> 91630 | H34: 2 | I34: 20 | J34: 2400 | K34: =J34/I34 -> 120 | L34: 20 | M34: =F34/V34*60 -> 2307.6923 | N34: =M34/L34 -> 115.38462 | O34: =L34-I34 -> 0 | P34: =N34-K34 -> -4.6153846 | Q34: =N34/K34 -> 0.96153846 | R34: =Q41 -> 0.96023264 | S34: 0.083333333 | T34: 0.14652778 | V34: =(T34-S34)*24*60 -> 91 | W34: =T34 -> 0.14652778 | X34: =S35 -> 0.16527778 | AC34: 7 | AE34: =M34-J34 -> -92.307692 | AF34: =M34/J34 -> 0.96153846 | AG34: =AF41 -> 0.96023264
A35: 新豐9線 | B35: 三明治 | C35: 經典火腿玉米蛋三明治 | E35: 24.43 | F35: 5744 | G35: =E35*F35 -> 140325.92 | I35: 14 | J35: 2400 | K35: =J35/I35 -> 171.42857 | L35: 14 | M35: =F35/V35*60 -> 2297.6 | N35: =M35/L35 -> 164.11429 | O35: =L35-I35 -> 0 | P35: =N35-K35 -> -7.3142857 | Q35: =N35/K35 -> 0.95733333 | S35: 0.16527778 | T35: 0.26944444 | U35: =(S35-T34)*24*60 -> 27 | V35: =(T35-S35)*24*60 -> 150 | AE35: =M35-J35 -> -102.4 | AF35: =M35/J35 -> 0.95733333
A36: 新豐9線 | B36: 三明治 | C36: 好多蛋三明治 | E36: 34.1 | F36: 4000 | G36: =E36*F36 -> 136400 | H36: 2 | I36: 17 | J36: 1600 | K36: =J36/I36 -> 94.117647 | L36: 17 | M36: =F36/V36*60 -> 1528.6624 | N36: =M36/L36 -> 89.921319 | O36: =L36-I36 -> 0 | P36: =N36-K36 -> -4.1963282 | Q36: =N36/K36 -> 0.95541401 | S36: 0.27291667 | T36: 0.38194444 | U36: =(S36-T35)*24*60 -> 5 | V36: =(T36-S36)*24*60 -> 157 | AE36: =M36-J36 -> -71.33758 | AF36: =M36/J36 -> 0.95541401
A37: 新豐9線 | B37: 三明治 | C37: 好多菜三明治(114年) | E37: 25.98 | F37: 2597 | G37: =E37*F37 -> 67470.06 | I37: 19 | J37: 2400 | K37: =J37/I37 -> 126.31579 | L37: 19 | M37: =F37/V37*60 -> 2291.4706 | N37: =M37/L37 -> 120.60372 | O37: =L37-I37 -> 0 | P37: =N37-K37 -> -5.7120743 | Q37: =N37/K37 -> 0.95477941 | S37: 0.38611111 | T37: 0.43333333 | U37: =(S37-T36)*24*60 -> 6 | V37: =(T37-S37)*24*60 -> 68 | AE37: =M37-J37 -> -108.52941 | AF37: =M37/J37 -> 0.95477941
A38: 新豐9線 | B38: 三明治 | C38: 茄汁厚起司三明治 | E38: 25.99 | F38: 2700 | G38: =E38*F38 -> 70173 | I38: 18 | J38: 2400 | K38: =J38/I38 -> 133.33333 | L38: 18 | M38: =F38/V38*60 -> 2314.2857 | N38: =M38/L38 -> 128.57143 | O38: =L38-I38 -> 0 | P38: =N38-K38 -> -4.7619048 | Q38: =N38/K38 -> 0.96428571 | S38: 0.43888889 | T38: 0.4875 | U38: =(S38-T37)*24*60 -> 8 | V38: =(T38-S38)*24*60 -> 70 | W38: =T38 -> 0.4875 | X38: =S39 -> 0.52777778 | AE38: =M38-J38 -> -85.714286 | AF38: =M38/J38 -> 0.96428571
A39: 新豐9線 | B39: 三明治 | C39: 好多蛋三明治 | E39: 34.1 | F39: 2026 | G39: =E39*F39 -> 69086.6 | I39: 17 | J39: 1600 | K39: =J39/I39 -> 94.117647 | L39: 17 | M39: =F39/V39*60 -> 1538.7342 | N39: =M39/L39 -> 90.513775 | O39: =L39-I39 -> 0 | P39: =N39-K39 -> -3.6038719 | Q39: =N39/K39 -> 0.96170886 | S39: 0.52777778 | T39: 0.58263889 | U39: =(S39-T38)*24*60 -> 58 | V39: =(T39-S39)*24*60 -> 79 | AE39: =M39-J39 -> -61.265823 | AF39: =M39/J39 -> 0.96170886
A40: 新豐9線 | B40: 三明治 | C40: 經典總匯三明治(115年) | E40: 26.18 | F40: 2124 | G40: =E40*F40 -> 55606.32 | I40: 20 | J40: 2400 | K40: =J40/I40 -> 120 | L40: 20 | M40: =F40/V40*60 -> 2317.0909 | N40: =M40/L40 -> 115.85455 | O40: =L40-I40 -> 0 | P40: =N40-K40 -> -4.1454545 | Q40: =N40/K40 -> 0.96545455 | S40: 0.58611111 | T40: 0.62430556 | U40: =(S40-T39)*24*60 -> 5 | V40: =(T40-S40)*24*60 -> 55 | AE40: =M40-J40 -> -82.909091 | AF40: =M40/J40 -> 0.96545455
A41: 新豐9線 | B41: 平均 | I41: 17.857143 | J41: 2171.4286 | K41: =J41/I41 -> 121.6 | L41: 17.857143 | M41: =AVERAGE(M34:M40) -> 2085.0766 | N41: =M41/L41 -> 116.76429 | O41: =L41-I41 -> 0 | P41: =N41-K41 -> -4.8357111 | Q41: =N41/K41 -> 0.96023264 | Y41: =SUM(Y34:Y40) -> 0 | Z41: =SUM(Z34:Z40) -> 0 | AC41: 7 | AD41: =SUM(AD34:AD40) -> 0 | AE41: =M41-J41 -> -86.351983 | AF41: =M41/J41 -> 0.96023264
A42: 新豐3線 | B42: 調理麵包 | C42: 黑胡椒豬肉鐵板炒麵麵包 | E42: 37.88 | F42: 963 | G42: =E42*F42 -> 36478.44 | I42: 13 | J42: 2000 | K42: =J42/I42 -> 153.84615 | L42: 13 | M42: =F42/V42*60 -> 1926 | N42: =M42/L42 -> 148.15385 | O42: =L42-I42 -> 0 | P42: =N42-K42 -> -5.6923077 | Q42: =N42/K42 -> 0.963 | R42: =Q46 -> 0.95404415 | S42: 0.083333333 | T42: 0.10416667 | V42: =(T42-S42)*24*60 -> 30 | W42: =T42 -> 0.10416667 | X42: =S43 -> 0.12222222 | AC42: 4 | AE42: =M42-J42 -> -74 | AF42: =M42/J42 -> 0.963 | AG42: =AF46 -> 0.95404415
A43: 新豐3線 | B43: 調理麵包 | C43: 經典雙牛起司堡(113年) | E43: 35.12 | F43: 4576 | G43: =E43*F43 -> 160709.12 | I43: 10 | J43: 3000 | K43: =J43/I43 -> 300 | L43: 10 | M43: =F43/V43*60 -> 2860 | N43: =M43/L43 -> 286 | O43: =L43-I43 -> 0 | P43: =N43-K43 -> -14 | Q43: =N43/K43 -> 0.95333333 | S43: 0.12222222 | T43: 0.18888889 | U43: =(S43-T42)*24*60 -> 26 | V43: =(T43-S43)*24*60 -> 96 | AE43: =M43-J43 -> -140 | AF43: =M43/J43 -> 0.95333333
A44: 新豐3線 | B44: 調理麵包 | C44: 豬肉起司堡 | E44: 21.13 | F44: 4470 | G44: =E44*F44 -> 94451.1 | I44: 10 | J44: 3000 | K44: =J44/I44 -> 300 | L44: 10 | M44: =F44/V44*60 -> 2853.1915 | N44: =M44/L44 -> 285.31915 | O44: =L44-I44 -> 0 | P44: =N44-K44 -> -14.680851 | Q44: =N44/K44 -> 0.95106383 | S44: 0.19375 | T44: 0.25902778 | U44: =(S44-T43)*24*60 -> 7 | V44: =(T44-S44)*24*60 -> 94 | AE44: =M44-J44 -> -146.80851 | AF44: =M44/J44 -> 0.95106383
A45: 新豐3線 | B45: 調理麵包 | C45: 豬肉起司蛋堡 | E45: 27.17 | F45: 5663 | G45: =E45*F45 -> 153863.71 | I45: 10 | J45: 3000 | K45: =J45/I45 -> 300 | L45: 10 | M45: =F45/V45*60 -> 2855.2941 | N45: =M45/L45 -> 285.52941 | O45: =L45-I45 -> 0 | P45: =N45-K45 -> -14.470588 | Q45: =N45/K45 -> 0.95176471 | S45: 0.26458333 | T45: 0.34722222 | U45: =(S45-T44)*24*60 -> 8 | V45: =(T45-S45)*24*60 -> 119 | AE45: =M45-J45 -> -144.70588 | AF45: =M45/J45 -> 0.95176471
A46: 新豐3線 | B46: 平均 | I46: 10.75 | J46: 2750 | K46: =J46/I46 -> 255.81395 | L46: 10.75 | M46: =AVERAGE(M42:M45) -> 2623.6214 | N46: =M46/L46 -> 244.0578 | O46: =L46-I46 -> 0 | P46: =N46-K46 -> -11.756149 | Q46: =N46/K46 -> 0.95404415 | Y46: =SUM(Y42:Y45) -> 0 | Z46: =SUM(Z42:Z45) -> 0 | AC46: 4 | AD46: =SUM(AD42:AD45) -> 0 | AE46: =M46-J46 -> -126.3786 | AF46: =M46/J46 -> 0.95404415
A47: 新豐1線 | B47: 沙拉 | C47: 莎莎烤雞麵沙拉 | E47: 46 | F47: 2087 | G47: =E47*F47 -> 96002 | I47: 16 | J47: 2000 | K47: =J47/I47 -> 125 | L47: 16 | M47: =F47/V47*60 -> 1926.4615 | N47: =M47/L47 -> 120.40385 | O47: =L47-I47 -> 0 | P47: =N47-K47 -> -4.5961538 | Q47: =N47/K47 -> 0.96323077 | R47: =Q54 -> 0.95745448 | S47: 0.20833333 | T47: 0.25347222 | V47: =(T47-S47)*24*60 -> 65 | AC47: 7 | AE47: =M47-J47 -> -73.538462 | AF47: =M47/J47 -> 0.96323077 | AG47: =AF54 -> 0.95745448
A48: 新豐1線 | B48: 沙拉 | C48: 蔥鹽雞肉麵沙拉(114年) | E48: 46 | F48: 3285 | G48: =E48*F48 -> 151110 | I48: 16 | J48: 2000 | K48: =J48/I48 -> 125 | L48: 16 | M48: =F48/V48*60 -> 1913.5922 | N48: =M48/L48 -> 119.59951 | O48: =L48-I48 -> 0 | P48: =N48-K48 -> -5.4004854 | Q48: =N48/K48 -> 0.95679612 | S48: 0.25694444 | T48: 0.32847222 | U48: =IF(S48=TIME(17,0,0),"",(S48-T47)*24*60) -> 5 | V48: =(T48-S48)*24*60 -> 103 | AE48: =M48-J48 -> -86.407767 | AF48: =M48/J48 -> 0.95679612
A49: 新豐1線 | B49: 微波主食 | C49: 好多蒜燒豚飯 | E49: 51.75 | F49: 601 | G49: =E49*F49 -> 31101.75 | I49: 25 | J49: 2000 | K49: =J49/I49 -> 80 | L49: 25 | M49: =F49/V49*60 -> 1897.8947 | N49: =M49/L49 -> 75.915789 | O49: =L49-I49 -> 0 | P49: =N49-K49 -> -4.0842105 | Q49: =N49/K49 -> 0.94894737 | S49: 0.33333333 | T49: 0.34652778 | U49: =IF(S49=TIME(17,0,0),"",(S49-T48)*24*60) -> 7 | V49: =(T49-S49)*24*60 -> 19 | AE49: =M49-J49 -> -102.10526 | AF49: =M49/J49 -> 0.94894737
A50: 新豐1線 | B50: 微波主食 | C50: 壹號醬雞豚雙拼 | E50: 56.43 | F50: 1160 | G50: =E50*F50 -> 65458.8 | I50: 22 | J50: 2000 | K50: =J50/I50 -> 90.909091 | L50: 22 | M50: =F50/V50*60 -> 1933.3333 | N50: =M50/L50 -> 87.878788 | O50: =L50-I50 -> 0 | P50: =N50-K50 -> -3.030303 | Q50: =N50/K50 -> 0.96666667 | S50: 0.35069444 | T50: 0.37569444 | U50: =IF(S50=TIME(17,0,0),"",(S50-T49)*24*60) -> 6 | V50: =(T50-S50)*24*60 -> 36 | AE50: =M50-J50 -> -66.666667 | AF50: =M50/J50 -> 0.96666667
A51: 新豐1線 | B51: 微波主食 | C51: 爆炒雞丁飯 | E51: 59.04 | F51: 2916 | G51: =E51*F51 -> 172160.64 | I51: 19 | J51: 2000 | K51: =J51/I51 -> 105.26316 | L51: 19 | M51: =F51/V51*60 -> 1922.6374 | N51: =M51/L51 -> 101.19144 | O51: =L51-I51 -> 0 | P51: =N51-K51 -> -4.0717178 | Q51: =N51/K51 -> 0.96131868 | S51: 0.37986111 | T51: 0.44305556 | U51: =IF(S51=TIME(17,0,0),"",(S51-T50)*24*60) -> 6 | V51: =(T51-S51)*24*60 -> 91 | AE51: =M51-J51 -> -77.362637 | AF51: =M51/J51 -> 0.96131868
A52: 新豐1線 | B52: 微波主食 | C52: 二配香辣醬蒜味香腸蛋炒飯 | E52: 55.56 | F52: 1874 | G52: =E52*F52 -> 104119.44 | I52: 17 | J52: 2000 | K52: =J52/I52 -> 117.64706 | L52: 17 | M52: =F52/V52*60 -> 1905.7627 | N52: =M52/L52 -> 112.10369 | O52: =L52-I52 -> 0 | P52: =N52-K52 -> -5.5433699 | Q52: =N52/K52 -> 0.95288136 | S52: 0.70833333 | T52: 0.74930556 | U52: =IF(S52=TIME(17,0,0),"",(S52-T51)*24*60) | V52: =(T52-S52)*24*60 -> 59 | AE52: =M52-J52 -> -94.237288 | AF52: =M52/J52 -> 0.95288136
A53: 新豐1線 | B53: 微波主食 | C53: 二配打拋風味豬肉飯 | E53: 51.06 | F53: 2984 | G53: =E53*F53 -> 152363.04 | I53: 13 | J53: 2000 | K53: =J53/I53 -> 153.84615 | L53: 13 | M53: =F53/V53*60 -> 1904.6809 | N53: =M53/L53 -> 146.51391 | O53: =L53-I53 -> 0 | P53: =N53-K53 -> -7.3322422 | Q53: =N53/K53 -> 0.95234043 | S53: 0.75347222 | T53: 0.81875 | U53: =IF(S53=TIME(17,0,0),"",(S53-T52)*24*60) -> 6 | V53: =(T53-S53)*24*60 -> 94 | AE53: =M53-J53 -> -95.319149 | AF53: =M53/J53 -> 0.95234043
A54: 新豐1線 | B54: 平均 | I54: 18.285714 | J54: 2000 | K54: =J54/I54 -> 109.375 | L54: 18.285714 | M54: =AVERAGE(M47:M53) -> 1914.909 | N54: =M54/L54 -> 104.72158 | O54: =L54-I54 -> 0 | P54: =N54-K54 -> -4.6534159 | Q54: =N54/K54 -> 0.95745448 | Y54: =SUM(Y47:Y53) -> 0 | Z54: =SUM(Z47:Z53) -> 0 | AC54: 7 | AD54: =SUM(AD47:AD53) -> 0 | AE54: =M54-J54 -> -85.091033 | AF54: =M54/J54 -> 0.95745448
A55: 新豐10線 | B55: 調理麵包 | C55: 厚豆腐蛋白蕈菇豬肉堡 | E55: 34.36 | F55: 1898 | G55: =E55*F55 -> 65215.28 | I55: 10 | J55: 3000 | K55: =J55/I55 -> 300 | L55: 10 | M55: =F55/V55*60 -> 2920 | N55: =M55/L55 -> 292 | O55: =L55-I55 -> 0 | P55: =N55-K55 -> -8 | Q55: =N55/K55 -> 0.97333333 | R55: =Q60 -> 0.9647416 | S55: 0.20833333 | T55: 0.23541667 | V55: =(T55-S55)*24*60 -> 39 | AC55: 5 | AE55: =M55-J55 -> -80 | AF55: =M55/J55 -> 0.97333333 | AG55: =AF60 -> 0.9647416
A56: 新豐10線 | B56: 調理麵包 | C56: 茄汁薯餅蛋堡 | E56: 34.36 | F56: 771 | G56: =E56*F56 -> 26491.56 | I56: 10 | J56: 3000 | K56: =J56/I56 -> 300 | L56: 10 | M56: =F56/V56*60 -> 2891.25 | N56: =M56/L56 -> 289.125 | O56: =L56-I56 -> 0 | P56: =N56-K56 -> -10.875 | Q56: =N56/K56 -> 0.96375 | S56: 0.24097222 | T56: 0.25208333 | U56: =(S56-T55)*24*60 -> 8 | V56: =(T56-S56)*24*60 -> 16 | AE56: =M56-J56 -> -108.75 | AF56: =M56/J56 -> 0.96375
A57: 新豐10線 | B57: 調理麵包 | C57: 香雞蛋堡(112年) | E57: 26.78 | F57: 2033 | G57: =E57*F57 -> 54443.74 | I57: 10 | J57: 3000 | K57: =J57/I57 -> 300 | L57: 10 | M57: =F57/V57*60 -> 2904.2857 | N57: =M57/L57 -> 290.42857 | O57: =L57-I57 -> 0 | P57: =N57-K57 -> -9.5714286 | Q57: =N57/K57 -> 0.96809524 | S57: 0.25763889 | T57: 0.28680556 | U57: =(S57-T56)*24*60 -> 8 | V57: =(T57-S57)*24*60 -> 42 | AE57: =M57-J57 -> -95.714286 | AF57: =M57/J57 -> 0.96809524
A58: 新豐10線 | B58: 調理麵包 | C58: 美式雞腿堡 | E58: 35.87 | F58: 3269 | G58: =E58*F58 -> 117259.03 | I58: 9 | J58: 3000 | K58: =J58/I58 -> 333.33333 | L58: 9 | M58: =F58/V58*60 -> 2884.4118 | N58: =M58/L58 -> 320.4902 | O58: =L58-I58 -> 0 | P58: =N58-K58 -> -12.843137 | Q58: =N58/K58 -> 0.96147059 | S58: 0.29166667 | T58: 0.33888889 | U58: =(S58-T57)*24*60 -> 7 | V58: =(T58-S58)*24*60 -> 68 | AE58: =M58-J58 -> -115.58824 | AF58: =M58/J58 -> 0.96147059
A59: 新豐10線 | B59: 調理麵包 | C59: 黃金魚堡(114年) | E59: 34.35 | F59: 1627 | G59: =E59*F59 -> 55887.45 | I59: 8 | J59: 3000 | K59: =J59/I59 -> 375 | L59: 8 | M59: =F59/V59*60 -> 2871.1765 | N59: =M59/L59 -> 358.89706 | O59: =L59-I59 -> 0 | P59: =N59-K59 -> -16.102941 | Q59: =N59/K59 -> 0.95705882 | S59: 0.34236111 | T59: 0.36597222 | U59: =(S59-T58)*24*60 -> 5 | V59: =(T59-S59)*24*60 -> 34 | AE59: =M59-J59 -> -128.82353 | AF59: =M59/J59 -> 0.95705882
A60: 新豐10線 | B60: 平均 | I60: 9.4 | J60: 3000 | K60: =J60/I60 -> 319.14894 | L60: 9.4 | M60: =AVERAGE(M55:M59) -> 2894.2248 | N60: =M60/L60 -> 307.89625 | O60: =L60-I60 -> 0 | P60: =N60-K60 -> -11.252682 | Q60: =N60/K60 -> 0.9647416 | Y60: =SUM(Y55:Y59) -> 0 | Z60: =SUM(Z55:Z59) -> 0 | AC60: 5 | AD60: =SUM(AD55:AD59) -> 0 | AE60: =M60-J60 -> -105.77521 | AF60: =M60/J60 -> 0.9647416
A61: 新豐4線 | B61: 三明治 | C61: 香蕉可可三明治 | E61: 22.69 | F61: 3324 | G61: =E61*F61 -> 75421.56 | I61: 15 | J61: 2400 | K61: =J61/I61 -> 160 | L61: 15 | M61: =F61/V61*60 -> 2292.4138 | N61: =M61/L61 -> 152.82759 | O61: =L61-I61 -> 0 | P61: =N61-K61 -> -7.1724138 | Q61: =N61/K61 -> 0.95517241 | R61: =Q67 -> 0.95472981 | S61: 0.083333333 | T61: 0.14375 | V61: =(T61-S61)*24*60 -> 87 | W61: =T61 -> 0.14375 | X61: =S62 -> 0.1625 | AC61: 6 | AE61: =M61-J61 -> -107.58621 | AF61: =M61/J61 -> 0.95517241 | AG61: =AF67 -> 0.95472981
A62: 新豐4線 | B62: 三明治 | C62: 火腿起司蛋三明治 | E62: 19.02 | F62: 5000 | G62: =E62*F62 -> 95100 | H62: 2 | I62: 14 | J62: 2400 | K62: =J62/I62 -> 171.42857 | L62: 14 | M62: =F62/V62*60 -> 2290.0763 | N62: =M62/L62 -> 163.57688 | O62: =L62-I62 -> 0 | P62: =N62-K62 -> -7.8516903 | Q62: =N62/K62 -> 0.95419847 | S62: 0.1625 | T62: 0.25347222 | U62: =(S62-T61)*24*60 -> 27 | V62: =(T62-S62)*24*60 -> 131 | AE62: =M62-J62 -> -109.92366 | AF62: =M62/J62 -> 0.95419847
A63: 新豐4線 | B63: 三明治 | C63: 肉鬆火腿三明治(115年) | E63: 20.36 | F63: 4226 | G63: =E63*F63 -> 86041.36 | I63: 17 | J63: 2400 | K63: =J63/I63 -> 141.17647 | L63: 17 | M63: =F63/V63*60 -> 2284.3243 | N63: =M63/L63 -> 134.37202 | O63: =L63-I63 -> 0 | P63: =N63-K63 -> -6.8044515 | Q63: =N63/K63 -> 0.9518018 | S63: 0.25763889 | T63: 0.33472222 | U63: =(S63-T62)*24*60 -> 6 | V63: =(T63-S63)*24*60 -> 111 | AE63: =M63-J63 -> -115.67568 | AF63: =M63/J63 -> 0.9518018
A64: 新豐4線 | B64: 三明治 | C64: 藍莓優格三明治 | E64: 20.21 | F64: 2857 | G64: =E64*F64 -> 57739.97 | I64: 15 | J64: 2400 | K64: =J64/I64 -> 160 | L64: 15 | M64: =F64/V64*60 -> 2285.6 | N64: =M64/L64 -> 152.37333 | O64: =L64-I64 -> 0 | P64: =N64-K64 -> -7.6266667 | Q64: =N64/K64 -> 0.95233333 | S64: 0.34027778 | T64: 0.39236111 | U64: =(S64-T63)*24*60 -> 8 | V64: =(T64-S64)*24*60 -> 75 | AE64: =M64-J64 -> -114.4 | AF64: =M64/J64 -> 0.95233333
A65: 新豐4線 | B65: 三明治 | C65: 榛果摩卡脆脆三明治 | E65: 20.21 | F65: 4720 | G65: =E65*F65 -> 95391.2 | I65: 18 | J65: 2400 | K65: =J65/I65 -> 133.33333 | L65: 18 | M65: =F65/V65*60 -> 2302.439 | N65: =M65/L65 -> 127.91328 | O65: =L65-I65 -> 0 | P65: =N65-K65 -> -5.4200542 | Q65: =N65/K65 -> 0.95934959 | S65: 0.39652778 | T65: 0.48194444 | U65: =(S65-T64)*24*60 -> 6 | V65: =(T65-S65)*24*60 -> 123 | W65: =T65 -> 0.48194444 | X65: =S66 -> 0.52152778 | AE65: =M65-J65 -> -97.560976 | AF65: =M65/J65 -> 0.95934959
A66: 新豐4線 | B66: 三明治 | C66: 火腿起司蛋三明治 | E66: 19.02 | F66: 3287 | G66: =E66*F66 -> 62518.74 | I66: 14 | J66: 2400 | K66: =J66/I66 -> 171.42857 | L66: 14 | M66: =F66/V66*60 -> 2293.2558 | N66: =M66/L66 -> 163.80399 | O66: =L66-I66 -> 0 | P66: =N66-K66 -> -7.6245847 | Q66: =N66/K66 -> 0.95552326 | S66: 0.52152778 | T66: 0.58125 | U66: =(S66-T65)*24*60 -> 57 | V66: =(T66-S66)*24*60 -> 86 | AE66: =M66-J66 -> -106.74419 | AF66: =M66/J66 -> 0.95552326
A67: 新豐4線 | B67: 平均 | I67: 15.5 | J67: 2400 | K67: =J67/I67 -> 154.83871 | L67: 15.5 | M67: =AVERAGE(M61:M66) -> 2291.3515 | N67: =M67/L67 -> 147.82913 | O67: =L67-I67 -> 0 | P67: =N67-K67 -> -7.0095775 | Q67: =N67/K67 -> 0.95472981 | Y67: =SUM(Y61:Y66) -> 0 | Z67: =SUM(Z61:Z66) -> 0 | AC67: 6 | AD67: =SUM(AD61:AD66) -> 0 | AE67: =M67-J67 -> -108.64845 | AF67: =M67/J67 -> 0.95472981

Sheet 0528
B1: 屏榮 新豐廠組合室生產人時性分析
B3: 日期 | C3: =TEXT('0528 4度C'!A2,"yyyy.mm.ddaaaa") -> 2026.05.28星期四 | E3: 訂單量 | F3: ='0528 4度C'!D1 -> 167967 | H3: 營業額 | I3: ='0528 4度C'!F1 -> 5656119.6
B4: 人時性 | C4: 項目 | E4: ➀ | G4: ➁ | I4: ➂ | K4: 異常停線 | M4: 短暫停線
C5: 組合室 | E5: 全溫層 | G5: 4度C-各編組展開 | I5: ③三明治-各編組展開 | K5: 合計次數 | L5: 時間 | M5: 合計次數 | N5: 設備次數
C6: 排關平均 | E6: =AVERAGE(D13:M13) -> 154.10305 | F6: =AVERAGE(D31:O31,D13:J13) -> 160.65698 | G6: =AVERAGE(D13:J13) -> 160.65698 | I6: =AVERAGE(K13:M13) -> 138.81053 | K6: ='0528 4度C'!Y2 -> 0 | L6: ='0528 4度C'!Z2 -> 0 | M6: ='0528 4度C'!AC2 -> 56 | N6: ='0528 4度C'!AD2 -> 0
C7: 實績平均 | E7: =AVERAGE(D14:M14) -> 147.51602 | F7: =AVERAGE(D32:O32,D14:J14) -> 153.84429 | G7: =AVERAGE(D14:J14) -> 153.84429 | I7: =AVERAGE(K14:M14) -> 132.75004
C8: 達成率平均 | E8: =AVERAGE(D15:M15) -> 0.95750689 | F8: =AVERAGE(D15:J15,D33:O33) -> 0.95799439 | G8: =AVERAGE(D15:J15) -> 0.95799439 | I8: =AVERAGE(K15:M15) -> 0.9563694
K9: ※現行日本鮮食廠以達成率80%為基本(即為現行KPI)
B10: 溫層 | D10: ➁4度C-各編組展開 | K10: ③三明治-各編組展開
B11: 編組 | D11: 1 | E11: 2 | F11: 3 | G11: 4 | H11: 5 | I11: 6 | J11: 7 | K11: 1 | L11: 2 | M11: 3
D12: 新豐6線 | E12: 新豐2線 | F12: 新豐5線 | G12: 新豐7線 | H12: 新豐3線 | I12: 新豐1線 | J12: 新豐10線 | K12: 新豐8線 | L12: 新豐9線 | M12: 新豐4線
B13: 人時性 | C13: 排關 | D13: =SUMIFS('0528 4度C'!$K:$K,'0528 4度C'!$A:$A,"新豐6線",'0528 4度C'!$B:$B,"平均") -> 130.43478 | E13: =SUMIFS('0528 4度C'!$K:$K,'0528 4度C'!$A:$A,"新豐2線",'0528 4度C'!$B:$B,"平均") -> 88.235294 | F13: =SUMIFS('0528 4度C'!$K:$K,'0528 4度C'!$A:$A,"新豐5線",'0528 4度C'!$B:$B,"平均") -> 96.590909 | G13: =SUMIFS('0528 4度C'!$K:$K,'0528 4度C'!$A:$A,"新豐7線",'0528 4度C'!$B:$B,"平均") -> 125 | H13: =SUMIFS('0528 4度C'!$K:$K,'0528 4度C'!$A:$A,"新豐3線",'0528 4度C'!$B:$B,"平均") -> 255.81395 | I13: =SUMIFS('0528 4度C'!$K:$K,'0528 4度C'!$A:$A,"新豐1線",'0528 4度C'!$B:$B,"平均") -> 109.375 | J13: =SUMIFS('0528 4度C'!$K:$K,'0528 4度C'!$A:$A,"新豐10線",'0528 4度C'!$B:$B,"平均") -> 319.14894 | K13: =SUMIFS('0528 4度C'!$K:$K,'0528 4度C'!$A:$A,"新豐8線",'0528 4度C'!$B:$B,"平均") -> 138.46154 | L13: =SUMIFS('0528 4度C'!$K:$K,'0528 4度C'!$A:$A,"新豐9線",'0528 4度C'!$B:$B,"平均") -> 126.61871 | M13: =SUMIFS('0528 4度C'!$K:$K,'0528 4度C'!$A:$A,"新豐4線",'0528 4度C'!$B:$B,"平均") -> 151.35135
C14: 實績 | D14: =SUMIFS('0528 4度C'!$N:$N,'0528 4度C'!$A:$A,"新豐6線",'0528 4度C'!$B:$B,"平均") -> 125.16996 | E14: =SUMIFS('0528 4度C'!$N:$N,'0528 4度C'!$A:$A,"新豐2線",'0528 4度C'!$B:$B,"平均") -> 84.220843 | F14: =SUMIFS('0528 4度C'!$N:$N,'0528 4度C'!$A:$A,"新豐5線",'0528 4度C'!$B:$B,"平均") -> 92.455933 | G14: =SUMIFS('0528 4度C'!$N:$N,'0528 4度C'!$A:$A,"新豐7線",'0528 4度C'!$B:$B,"平均") -> 119.86455 | H14: =SUMIFS('0528 4度C'!$N:$N,'0528 4度C'!$A:$A,"新豐3線",'0528 4度C'!$B:$B,"平均") -> 243.74119 | I14: =SUMIFS('0528 4度C'!$N:$N,'0528 4度C'!$A:$A,"新豐1線",'0528 4度C'!$B:$B,"平均") -> 105.44496 | J14: =SUMIFS('0528 4度C'!$N:$N,'0528 4度C'!$A:$A,"新豐10線",'0528 4度C'!$B:$B,"平均") -> 306.01262 | K14: =SUMIFS('0528 4度C'!$N:$N,'0528 4度C'!$A:$A,"新豐8線",'0528 4度C'!$B:$B,"平均") -> 132.50332 | L14: =SUMIFS('0528 4度C'!$N:$N,'0528 4度C'!$A:$A,"新豐9線",'0528 4度C'!$B:$B,"平均") -> 121.11783 | M14: =SUMIFS('0528 4度C'!$N:$N,'0528 4度C'!$A:$A,"新豐4線",'0528 4度C'!$B:$B,"平均") -> 144.62896
C15: 達成率 | D15: =D14/D13 -> 0.95963636 | E15: =E14/E13 -> 0.95450288 | F15: =F14/F13 -> 0.95719083 | G15: =G14/G13 -> 0.9589164 | H15: =H14/H13 -> 0.95280648 | I15: =I14/I13 -> 0.96406822 | J15: =J14/J13 -> 0.95883954 | K15: =K14/K13 -> 0.95696842 | ... M15: =M14/M13 -> 0.95558421
B16: 作業 時間 | C16: 開始 | D16: =VLOOKUP("新豐6線",'0528 4度C'!$A:$T,19,0) -> 0.70833333 | E16: =VLOOKUP("新豐2線",'0528 4度C'!$A:$T,19,0) -> 0.083333333 | F16: =VLOOKUP("新豐5線",'0528 4度C'!$A:$T,19,0) -> 0.20833333 | G16: =VLOOKUP("新豐7線",'0528 4度C'!$A:$T,19,0) -> 0.20833333 | H16: =VLOOKUP("新豐3線",'0528 4度C'!$A:$T,19,0) -> 0.083333333 | I16: =VLOOKUP("新豐1線",'0528 4度C'!$A:$T,19,0) -> 0.20833333 | J16: =VLOOKUP("新豐10線",'0528 4度C'!$A:$T,19,0) -> 0.20833333 | K16: =VLOOKUP("新豐8線",'0528 4度C'!$A:$T,19,0) -> 0.083333333 | L16: =VLOOKUP("新豐9線",'0528 4度C'!$A:$T,19,0) -> 0.083333333 | M16: =VLOOKUP("新豐4線",'0528 4度C'!$A:$T,19,0) -> 0.083333333
C17: 結束 | D17: =LOOKUP(2,1/(('0528 4度C'!$A:$A="新豐6線")*('0528 4度C'!$T:$T<>"")),'0528 4度C'!$T:$T) -> 0.81736111 | E17: =LOOKUP(2,1/(('0528 4度C'!$A:$A="新豐2線")*('0528 4度C'!$T:$T<>"")),'0528 4度C'!$T:$T) -> 0.69513889 | F17: =LOOKUP(2,1/(('0528 4度C'!$A:$A="新豐5線")*('0528 4度C'!$T:$T<>"")),'0528 4度C'!$T:$T) -> 0.79583333 | G17: =LOOKUP(2,1/(('0528 4度C'!$A:$A="新豐7線")*('0528 4度C'!$T:$T<>"")),'0528 4度C'!$T:$T) -> 0.78333333 | H17: =LOOKUP(2,1/(('0528 4度C'!$A:$A="新豐3線")*('0528 4度C'!$T:$T<>"")),'0528 4度C'!$T:$T) -> 0.37847222 | I17: =LOOKUP(2,1/(('0528 4度C'!$A:$A="新豐1線")*('0528 4度C'!$T:$T<>"")),'0528 4度C'!$T:$T) -> 0.81597222 | J17: =LOOKUP(2,1/(('0528 4度C'!$A:$A="新豐10線")*('0528 4度C'!$T:$T<>"")),'0528 4度C'!$T:$T) -> 0.39305556 | K17: =LOOKUP(2,1/(('0528 4度C'!$A:$A="新豐8線")*('0528 4度C'!$T:$T<>"")),'0528 4度C'!$T:$T) -> 0.65138889 | L17: =LOOKUP(2,1/(('0528 4度C'!$A:$A="新豐9線")*('0528 4度C'!$T:$T<>"")),'0528 4度C'!$T:$T) -> 0.70625 | M17: =LOOKUP(2,1/(('0528 4度C'!$A:$A="新豐4線")*('0528 4度C'!$T:$T<>"")),'0528 4度C'!$T:$T) -> 0.66527778
B18: 產線異常 (5分鐘以上) | C18: 次數 | D18: =SUMIFS('0528 4度C'!$Y:$Y,'0528 4度C'!$A:$A,"新豐6線",'0528 4度C'!$B:$B,"平均") -> 0 | E18: =SUMIFS('0528 4度C'!$Y:$Y,'0528 4度C'!$A:$A,"新豐2線",'0528 4度C'!$B:$B,"平均") -> 0 | F18: =SUMIFS('0528 4度C'!$Y:$Y,'0528 4度C'!$A:$A,"新豐5線",'0528 4度C'!$B:$B,"平均") -> 0 | G18: =SUMIFS('0528 4度C'!$Y:$Y,'0528 4度C'!$A:$A,"新豐7線",'0528 4度C'!$B:$B,"平均") -> 0 | H18: =SUMIFS('0528 4度C'!$Y:$Y,'0528 4度C'!$A:$A,"新豐3線",'0528 4度C'!$B:$B,"平均") -> 0 | I18: =SUMIFS('0528 4度C'!$Y:$Y,'0528 4度C'!$A:$A,"新豐1線",'0528 4度C'!$B:$B,"平均") -> 0 | J18: =SUMIFS('0528 4度C'!$Y:$Y,'0528 4度C'!$A:$A,"新豐10線",'0528 4度C'!$B:$B,"平均") -> 0 | K18: =SUMIFS('0528 4度C'!$Y:$Y,'0528 4度C'!$A:$A,"新豐8線",'0528 4度C'!$B:$B,"平均") -> 0 | L18: =SUMIFS('0528 4度C'!$Y:$Y,'0528 4度C'!$A:$A,"新豐9線",'0528 4度C'!$B:$B,"平均") -> 0 | M18: =SUMIFS('0528 4度C'!$Y:$Y,'0528 4度C'!$A:$A,"新豐4線",'0528 4度C'!$B:$B,"平均") -> 0
C19: 時間/分 | D19: =SUMIFS('0528 4度C'!$Z:$Z,'0528 4度C'!$A:$A,"新豐6線",'0528 4度C'!$B:$B,"平均") -> 0 | E19: =SUMIFS('0528 4度C'!$Z:$Z,'0528 4度C'!$A:$A,"新豐2線",'0528 4度C'!$B:$B,"平均") -> 0 | F19: =SUMIFS('0528 4度C'!$Z:$Z,'0528 4度C'!$A:$A,"新豐5線",'0528 4度C'!$B:$B,"平均") -> 0 | G19: =SUMIFS('0528 4度C'!$Z:$Z,'0528 4度C'!$A:$A,"新豐7線",'0528 4度C'!$B:$B,"平均") -> 0 | H19: =SUMIFS('0528 4度C'!$Z:$Z,'0528 4度C'!$A:$A,"新豐3線",'0528 4度C'!$B:$B,"平均") -> 0 | I19: =SUMIFS('0528 4度C'!$Z:$Z,'0528 4度C'!$A:$A,"新豐1線",'0528 4度C'!$B:$B,"平均") -> 0 | J19: =SUMIFS('0528 4度C'!$Z:$Z,'0528 4度C'!$A:$A,"新豐10線",'0528 4度C'!$B:$B,"平均") -> 0 | K19: =SUMIFS('0528 4度C'!$Z:$Z,'0528 4度C'!$A:$A,"新豐8線",'0528 4度C'!$B:$B,"平均") -> 0 | L19: =SUMIFS('0528 4度C'!$Z:$Z,'0528 4度C'!$A:$A,"新豐9線",'0528 4度C'!$B:$B,"平均") -> 0 | M19: =SUMIFS('0528 4度C'!$Z:$Z,'0528 4度C'!$A:$A,"新豐4線",'0528 4度C'!$B:$B,"平均") -> 0
B20: 短暫停線 (5分鐘以下) | C20: 次數 | D20: =SUMIFS('0528 4度C'!$AC:$AC,'0528 4度C'!$A:$A,"新豐6線",'0528 4度C'!$B:$B,"平均") -> 3 | E20: =SUMIFS('0528 4度C'!$AC:$AC,'0528 4度C'!$A:$A,"新豐2線",'0528 4度C'!$B:$B,"平均") -> 5 | F20: =SUMIFS('0528 4度C'!$AC:$AC,'0528 4度C'!$A:$A,"新豐5線",'0528 4度C'!$B:$B,"平均") -> 5 | G20: =SUMIFS('0528 4度C'!$AC:$AC,'0528 4度C'!$A:$A,"新豐7線",'0528 4度C'!$B:$B,"平均") -> 6 | H20: =SUMIFS('0528 4度C'!$AC:$AC,'0528 4度C'!$A:$A,"新豐3線",'0528 4度C'!$B:$B,"平均") -> 4 | I20: =SUMIFS('0528 4度C'!$AC:$AC,'0528 4度C'!$A:$A,"新豐1線",'0528 4度C'!$B:$B,"平均") -> 7 | J20: =SUMIFS('0528 4度C'!$AC:$AC,'0528 4度C'!$A:$A,"新豐10線",'0528 4度C'!$B:$B,"平均") -> 5 | K20: =SUMIFS('0528 4度C'!$AC:$AC,'0528 4度C'!$A:$A,"新豐8線",'0528 4度C'!$B:$B,"平均") -> 6 | L20: =SUMIFS('0528 4度C'!$AC:$AC,'0528 4度C'!$A:$A,"新豐9線",'0528 4度C'!$B:$B,"平均") -> 8 | M20: =SUMIFS('0528 4度C'!$AC:$AC,'0528 4度C'!$A:$A,"新豐4線",'0528 4度C'!$B:$B,"平均") -> 7
C21: 設備次數 | D21: =SUMIFS('0528 4度C'!$AD:$AD,'0528 4度C'!$A:$A,"新豐6線",'0528 4度C'!$B:$B,"平均") -> 0 | E21: =SUMIFS('0528 4度C'!$AD:$AD,'0528 4度C'!$A:$A,"新豐2線",'0528 4度C'!$B:$B,"平均") -> 0 | F21: =SUMIFS('0528 4度C'!$AD:$AD,'0528 4度C'!$A:$A,"新豐5線",'0528 4度C'!$B:$B,"平均") -> 0 | G21: =SUMIFS('0528 4度C'!$AD:$AD,'0528 4度C'!$A:$A,"新豐7線",'0528 4度C'!$B:$B,"平均") -> 0 | H21: =SUMIFS('0528 4度C'!$AD:$AD,'0528 4度C'!$A:$A,"新豐3線",'0528 4度C'!$B:$B,"平均") -> 0 | I21: =SUMIFS('0528 4度C'!$AD:$AD,'0528 4度C'!$A:$A,"新豐1線",'0528 4度C'!$B:$B,"平均") -> 0 | J21: =SUMIFS('0528 4度C'!$AD:$AD,'0528 4度C'!$A:$A,"新豐10線",'0528 4度C'!$B:$B,"平均") -> 0 | K21: =SUMIFS('0528 4度C'!$AD:$AD,'0528 4度C'!$A:$A,"新豐8線",'0528 4度C'!$B:$B,"平均") -> 0 | L21: =SUMIFS('0528 4度C'!$AD:$AD,'0528 4度C'!$A:$A,"新豐9線",'0528 4度C'!$B:$B,"平均") -> 0 | M21: =SUMIFS('0528 4度C'!$AD:$AD,'0528 4度C'!$A:$A,"新豐4線",'0528 4度C'!$B:$B,"平均") -> 0
B22: 配置人數 | D22: =SUMIFS('0528 4度C'!$I:$I,'0528 4度C'!$A:$A,"新豐6線",'0528 4度C'!$B:$B,"平均") -> 15.333333 | E22: =SUMIFS('0528 4度C'!$I:$I,'0528 4度C'!$A:$A,"新豐2線",'0528 4度C'!$B:$B,"平均") -> 17 | F22: =SUMIFS('0528 4度C'!$I:$I,'0528 4度C'!$A:$A,"新豐5線",'0528 4度C'!$B:$B,"平均") -> 17.6 | G22: =SUMIFS('0528 4度C'!$I:$I,'0528 4度C'!$A:$A,"新豐7線",'0528 4度C'!$B:$B,"平均") -> 15.333333 | H22: =SUMIFS('0528 4度C'!$I:$I,'0528 4度C'!$A:$A,"新豐3線",'0528 4度C'!$B:$B,"平均") -> 10.75 | I22: =SUMIFS('0528 4度C'!$I:$I,'0528 4度C'!$A:$A,"新豐1線",'0528 4度C'!$B:$B,"平均") -> 18.285714 | J22: =SUMIFS('0528 4度C'!$I:$I,'0528 4度C'!$A:$A,"新豐10線",'0528 4度C'!$B:$B,"平均") -> 9.4 | K22: =SUMIFS('0528 4度C'!$I:$I,'0528 4度C'!$A:$A,"新豐8線",'0528 4度C'!$B:$B,"平均") -> 17.333333 | L22: =SUMIFS('0528 4度C'!$I:$I,'0528 4度C'!$A:$A,"新豐9線",'0528 4度C'!$B:$B,"平均") -> 17.375 | M22: =SUMIFS('0528 4度C'!$I:$I,'0528 4度C'!$A:$A,"新豐4線",'0528 4度C'!$B:$B,"平均") -> 15.857143
B23: 主要應用設備 | D23: ET-55 | E23: 熱縮爐 | F23: L型包裝機 | G23: L型包裝機 | H23: 伺服包裝機 | I23: ET-55 | J23: 伺服包裝機 | K23: 三明治包裝機 | L23: 三明治包裝機 | M23: 三明治包裝機
B24: 次要應用設備 | F24: 圓盤機 | G24: ET-55
B25: 備註 | E25: 握沙拉 | F25: 共用L型包裝機 | H25: 調理麵包 | I25: 炒飯+沙拉 | J25: 調理麵包

Sheet 0528 4度C
A1: 新豐廠四度C日報分析 | C1: 總生產量 | D1: =SUM(F5:F70) -> 167967 | E1: 營業額 | F1: =SUM(G5:G70) -> 5656119.6 | G1: 出勤人數 | H1: =L8+L14+L48+L56+L20+L62+L34+L43+L27+L70 -> 154.26786 | I1: 產線配置圖 | L1: 生產實績 | O1: 人時性差異分析 | S1: 日報登錄 | Y1: 合計 次數 | Z1: 合計 時間/分 | AA1: 產線異常 分析說明(5分鐘以上) | AC1: 合計 次數 | AD1: 合計 設備次數 | AE1: 產能差異分析
A2: 46170 | B2: 星期四 | C2: 人時性 | D2: =AVERAGE(N8,N14,N48,N56,N20,N62,N27,N34,N43,N70) -> 147.51602 | E2: 平均廠價 | F2: =F1/D1 -> 33.673993 | G2: 多次生產數 | H2: =COUNT(H5:H70) -> 9 | Y2: =SUM(Y8+Y14+Y20+Y27+Y34+Y43+Y48+Y56+Y62+Y70) -> 0 | Z2: =SUM(Z8+Z14+Z20+Z27+Z34+Z43+Z48+Z56+Z62+Z70) -> 0 | AC2: =SUM(AC8+AC14+AC20+AC27+AC34+AC43+AC48+AC56+AC62+AC70) -> 56 | AD2: =SUM(AD8+AD14+AD20+AD27+AD34+AD43+AD48+AD56+AD62+AD70) -> 0
A3: 線別 | B3: 品類 | C3: 品名 | E3: 廠價 | F3: 生產量 | G3: 營收 | H3: 多次 生產 | I3: 人數 | J3: 產能/時 | K3: 人時性 | L3: 人數 | M3: 產能/時 | N3: 人時性 | O3: 人數 | P3: 人時性 | Q3: 達成率 | R3: 達成率平均 | S3: 生產時間 | U3: 換線、休息/分 | V3: 稼動時間/分 | W3: 休息時間 | Y3: 產線異常統計 (5分鐘以上) | AA3: (新豐回填) | AC3: 短暫停線統計 (5分鐘以下) | AE3: 產能/時 | AF3: 達成率 | AG3: 達成率平均
S4: 開始 | T4: 結束 | W4: 開始 | X4: 結束 | Y4: 次數 | Z4: 時間/分 | AC4: 總次數 | AD4: 設備因素(次數)
A5: 新豐6線 | B5: 微波主食 | C5: 二配泰式綠咖哩雞 | E5: 50.67 | F5: 1184 | G5: =E5*F5 -> 59993.28 | I5: 15 | J5: 2000 | K5: =J5/I5 -> 133.33333 | L5: 15 | M5: =F5/V5*60 -> 1920 | N5: =M5/L5 -> 128 | O5: =L5-I5 -> 0 | P5: =N5-K5 -> -5.3333333 | Q5: =N5/K5 -> 0.96 | R5: =Q8 -> 0.95963636 | S5: 0.70833333 | T5: 0.73402778 | V5: =(T5-S5)*24*60 -> 37 | AC5: 3 | AE5: =M5-J5 -> -80 | AF5: =M5/J5 -> 0.96 | AG5: =AF8 -> 0.95963636
A6: 新豐6線 | B6: 微波主食 | C6: 二配金咖哩果香甘口咖哩飯 | E6: 50.92 | F6: 1765 | G6: =E6*F6 -> 89873.8 | I6: 15 | J6: 2000 | K6: =J6/I6 -> 133.33333 | L6: 15 | M6: =F6/V6*60 -> 1925.4545 | N6: =M6/L6 -> 128.36364 | O6: =L6-I6 -> 0 | P6: =N6-K6 -> -4.969697 | Q6: =N6/K6 -> 0.96272727 | S6: 0.7375 | T6: 0.77569444 | U6: =IF(S6=TIME(17,0,0),"",(S6-T5)*24*60) -> 5 | V6: =(T6-S6)*24*60 -> 55 | AE6: =M6-J6 -> -74.545455 | AF6: =M6/J6 -> 0.96272727
A7: 新豐6線 | B7: 微波主食 | C7: 二配金咖哩濃厚辛口咖哩飯 | E7: 50.98 | F7: 1753 | G7: =E7*F7 -> 89367.94 | I7: 16 | J7: 2000 | K7: =J7/I7 -> 125 | L7: 16 | M7: =F7/V7*60 -> 1912.3636 | N7: =M7/L7 -> 119.52273 | O7: =L7-I7 -> 0 | P7: =N7-K7 -> -5.4772727 | Q7: =N7/K7 -> 0.95618182 | S7: 0.77916667 | T7: 0.81736111 | U7: =IF(S7=TIME(17,0,0),"",(S7-T6)*24*60) -> 5 | V7: =(T7-S7)*24*60 -> 55 | AE7: =M7-J7 -> -87.636364 | AF7: =M7/J7 -> 0.95618182
A8: 新豐6線 | B8: 平均 | I8: 15.333333 | J8: 2000 | K8: =J8/I8 -> 130.43478 | L8: 15.333333 | M8: =AVERAGE(M5:M7) -> 1919.2727 | N8: =M8/L8 -> 125.16996 | O8: =L8-I8 -> 0 | P8: =N8-K8 -> -5.2648221 | Q8: =N8/K8 -> 0.95963636 | Y8: =SUM(Y5:Y7) -> 0 | Z8: =SUM(Z5:Z7) -> 0 | AC8: 3 | AD8: =SUM(AD5:AD7) -> 0 | AE8: =M8-J8 -> -80.727273 | AF8: =M8/J8 -> 0.95963636
A9: 新豐2線 | B9: 沙拉 | C9: 青醬優格雞肉握沙拉(113年) | E9: 39.62 | F9: 5029 | G9: =E9*F9 -> 199248.98 | I9: 19 | J9: 1500 | K9: =J9/I9 -> 78.947368 | L9: 19 | M9: =F9/V9*60 -> 1430.0474 | N9: =M9/L9 -> 75.265652 | O9: =L9-I9 -> 0 | P9: =N9-K9 -> -3.6817161 | Q9: =N9/K9 -> 0.95336493 | R9: =Q14 -> 0.95450288 | S9: 0.083333333 | T9: 0.22986111 | V9: =(T9-S9)*24*60 -> 211 | W9: =T9 -> 0.22986111 | X9: =S10 -> 0.25 | AC9: 5 | AE9: =M9-J9 -> -69.952607 | AF9: =M9/J9 -> 0.95336493 | AG9: =AF14 -> 0.95450288
A10: 新豐2線 | B10: 沙拉 | C10: 青檸烤雞握沙拉(113年) | E10: 39.8 | F10: 4500 | G10: =E10*F10 -> 179100 | H10: 2 | I10: 17 | J10: 1500 | K10: =J10/I10 -> 88.235294 | L10: 17 | M10: =F10/V10*60 -> 1428.5714 | N10: =M10/L10 -> 84.033613 | O10: =L10-I10 -> 0 | P10: =N10-K10 -> -4.2016807 | Q10: =N10/K10 -> 0.95238095 | S10: 0.25 | T10: 0.38125 | U10: =IF(S10=TIME(17,0,0),"",(S10-T9)*24*60) -> 29 | V10: =(T10-S10)*24*60 -> 189 | AE10: =M10-J10 -> -71.428571 | AF10: =M10/J10 -> 0.95238095
A11: 新豐2線 | B11: 沙拉 | C11: 厚蛋時蔬握沙拉 | E11: 39.46 | F11: 3700 | G11: =E11*F11 -> 146002 | H11: 2 | I11: 16 | J11: 1500 | K11: =J11/I11 -> 93.75 | L11: 16 | M11: =F11/V11*60 -> 1432.2581 | N11: =M11/L11 -> 89.516129 | O11: =L11-I11 -> 0 | P11: =N11-K11 -> -4.233871 | Q11: =N11/K11 -> 0.95483871 | S11: 0.38472222 | T11: 0.49236111 | U11: =IF(S11=TIME(17,0,0),"",(S11-T10)*24*60) -> 5 | V11: =(T11-S11)*24*60 -> 155 | W11: =T11 -> 0.49236111 | X11: =S12 -> 0.53263889 | AE11: =M11-J11 -> -67.741935 | AF11: =M11/J11 -> 0.95483871
A12: 新豐2線 | B12: 沙拉 | C12: 厚蛋時蔬握沙拉 | E12: 39.46 | F12: 2760 | G12: =E12*F12 -> 108909.6 | I12: 16 | J12: 1500 | K12: =J12/I12 -> 93.75 | L12: 16 | M12: =F12/V12*60 -> 1440 | N12: =M12/L12 -> 90 | O12: =L12-I12 -> 0 | P12: =N12-K12 -> -3.75 | Q12: =N12/K12 -> 0.96 | S12: 0.53263889 | T12: 0.6125 | U12: =IF(S12=TIME(17,0,0),"",(S12-T11)*24*60) -> 58 | V12: =(T12-S12)*24*60 -> 115 | AE12: =M12-J12 -> -60 | AF12: =M12/J12 -> 0.96
A13: 新豐2線 | B13: 沙拉 | C13: 青檸烤雞握沙拉(113年) | E13: 39.8 | F13: 2713 | G13: =E13*F13 -> 107977.4 | I13: 17 | J13: 1500 | K13: =J13/I13 -> 88.235294 | L13: 17 | M13: =F13/V13*60 -> 1427.8947 | N13: =M13/L13 -> 83.993808 | O13: =L13-I13 -> 0 | P13: =N13-K13 -> -4.2414861 | Q13: =N13/K13 -> 0.95192982 | S13: 0.61597222 | T13: 0.69513889 | U13: =IF(S13=TIME(17,0,0),"",(S13-T12)*24*60) -> 5 | V13: =(T13-S13)*24*60 -> 114 | AE13: =M13-J13 -> -72.105263 | AF13: =M13/J13 -> 0.95192982
A14: 新豐2線 | B14: 平均 | I14: 17 | J14: 1500 | K14: =J14/I14 -> 88.235294 | L14: 17 | M14: =AVERAGE(M9:M13) -> 1431.7543 | N14: =M14/L14 -> 84.220843 | O14: =L14-I14 -> 0 | P14: =N14-K14 -> -4.0144515 | Q14: =N14/K14 -> 0.95450288 | Y14: =SUM(Y9:Y13) -> 0 | Z14: =SUM(Z9:Z13) -> 0 | AC14: 5 | AD14: =SUM(AD9:AD13) -> 0 | AE14: =M14-J14 -> -68.245675 | AF14: =M14/J14 -> 0.95450288
A15: 新豐5線 | B15: 小吃 | C15: 剝皮辣椒雞湯 | E15: 41 | F15: 1662 | G15: =E15*F15 -> 68142 | I15: 26 | J15: 1500 | K15: =J15/I15 -> 57.692308 | L15: 26 | M15: =F15/V15*60 -> 1445.2174 | N15: =M15/L15 -> 55.585284 | O15: =L15-I15 -> 0 | P15: =N15-K15 -> -2.1070234 | Q15: =N15/K15 -> 0.96347826 | R15: =Q20 -> 0.95719083 | S15: 0.20833333 | T15: 0.25625 | V15: =(T15-S15)*24*60 -> 69 | AC15: 5 | AE15: =M15-J15 -> -54.782609 | AF15: =M15/J15 -> 0.96347826 | AG15: =AF20 -> 0.95719083
A16: 新豐5線 | B16: 微波主食 | C16: 香菇雞粥 | E16: 37.03 | F16: 2263 | G16: =E16*F16 -> 83798.89 | I16: 13 | J16: 1500 | K16: =J16/I16 -> 115.38462 | L16: 13 | M16: =F16/V16*60 -> 1429.2632 | N16: =M16/L16 -> 109.94332 | O16: =L16-I16 -> 0 | P16: =N16-K16 -> -5.4412955 | Q16: =N16/K16 -> 0.95284211 | S16: 0.26111111 | T16: 0.32708333 | U16: =IF(S16=TIME(17,0,0),"",(S16-T15)*24*60) -> 7 | V16: =(T16-S16)*24*60 -> 95 | AE16: =M16-J16 -> -70.736842 | AF16: =M16/J16 -> 0.95284211
A17: 新豐5線 | B17: 微波主食 | C17: 二配起司控培根白醬焗烤飯 | E17: 53.68 | F17: 909 | G17: =E17*F17 -> 48795.12 | I17: 16 | J17: 1500 | K17: =J17/I17 -> 93.75 | L17: 16 | M17: =F17/V17*60 -> 1435.2632 | N17: =M17/L17 -> 89.703947 | O17: =L17-I17 -> 0 | P17: =N17-K17 -> -4.0460526 | Q17: =N17/K17 -> 0.95684211 | S17: 0.70833333 | T17: 0.73472222 | U17: =IF(S17=TIME(17,0,0),"",(S17-T16)*24*60) | V17: =(T17-S17)*24*60 -> 38 | AE17: =M17-J17 -> -64.736842 | AF17: =M17/J17 -> 0.95684211
A18: 新豐5線 | B18: 微波主食 | C18: 二配蔥爆牛肉燴飯 | E18: 52.86 | F18: 1183 | G18: =E18*F18 -> 62533.38 | I18: 16 | J18: 2000 | K18: =J18/I18 -> 125 | L18: 16 | M18: =F18/V18*60 -> 1918.3784 | N18: =M18/L18 -> 119.89865 | O18: =L18-I18 -> 0 | P18: =N18-K18 -> -5.1013514 | Q18: =N18/K18 -> 0.95918919 | S18: 0.74027778 | T18: 0.76597222 | U18: =IF(S18=TIME(17,0,0),"",(S18-T17)*24*60) -> 8 | V18: =(T18-S18)*24*60 -> 37 | AE18: =M18-J18 -> -81.621622 | AF18: =M18/J18 -> 0.95918919
A19: 新豐5線 | B19: 微波主食 | C19: 二配港式香滑嫩蛋牛肉燴飯 | E19: 50.67 | F19: 1113 | G19: =E19*F19 -> 56395.71 | I19: 17 | J19: 2000 | K19: =J19/I19 -> 117.64706 | L19: 17 | M19: =F19/V19*60 -> 1908 | N19: =M19/L19 -> 112.23529 | O19: =L19-I19 -> 0 | P19: =N19-K19 -> -5.4117647 | Q19: =N19/K19 -> 0.954 | S19: 0.77152778 | T19: 0.79583333 | U19: =IF(S19=TIME(17,0,0),"",(S19-T18)*24*60) -> 8 | V19: =(T19-S19)*24*60 -> 35 | AE19: =M19-J19 -> -92 | AF19: =M19/J19 -> 0.954
A20: 新豐5線 | B20: 平均 | I20: 17.6 | J20: 1700 | K20: =J20/I20 -> 96.590909 | L20: 17.6 | M20: =AVERAGE(M15:M19) -> 1627.2244 | N20: =M20/L20 -> 92.455933 | O20: =L20-I20 -> 0 | P20: =N20-K20 -> -4.1349763 | Q20: =N20/K20 -> 0.95719083 | Y20: =SUM(Y15:Y19) -> 0 | Z20: =SUM(Z15:Z19) -> 0 | AC20: 5 | AD20: =SUM(AD15:AD19) -> 0 | AE20: =M20-J20 -> -72.775583 | AF20: =M20/J20 -> 0.95719083
A21: 新豐7線 | B21: 微波主食 | C21: 韓式燒肉拌飯 | E21: 54.09 | F21: 1592 | G21: =E21*F21 -> 86111.28 | I21: 17 | J21: 1500 | K21: =J21/I21 -> 88.235294 | L21: 17 | M21: =F21/V21*60 -> 1447.2727 | N21: =M21/L21 -> 85.13369 | O21: =L21-I21 -> 0 | P21: =N21-K21 -> -3.1016043 | Q21: =N21/K21 -> 0.96484848 | R21: =Q27 -> 0.9589164 | S21: 0.20833333 | T21: 0.25416667 | V21: =(T21-S21)*24*60 -> 66 | AC21: 6 | AE21: =M21-J21 -> -52.727273 | AF21: =M21/J21 -> 0.96484848 | AG21: =AF27 -> 0.9589164
A22: 新豐7線 | B22: 微波主食 | C22: 韓式泡菜豬肉豆腐丼飯 | E22: 50.67 | F22: 1905 | G22: =E22*F22 -> 96526.35 | I22: 17 | J22: 2000 | K22: =J22/I22 -> 117.64706 | L22: 17 | M22: =F22/V22*60 -> 1905 | N22: =M22/L22 -> 112.05882 | O22: =L22-I22 -> 0 | P22: =N22-K22 -> -5.5882353 | Q22: =N22/K22 -> 0.9525 | S22: 0.25833333 | T22: 0.3 | U22: =IF(S22=TIME(17,0,0),"",(S22-T21)*24*60) -> 6 | V22: =(T22-S22)*24*60 -> 60 | AE22: =M22-J22 -> -95 | AF22: =M22/J22 -> 0.9525
A23: 新豐7線 | B23: 微波主食 | C23: 鐵板滑蛋炸豬排丼 | E23: 57.73 | F23: 2039 | G23: =E23*F23 -> 117711.47 | I23: 14 | J23: 2000 | K23: =J23/I23 -> 142.85714 | L23: 14 | M23: =F23/V23*60 -> 1911.5625 | N23: =M23/L23 -> 136.54018 | O23: =L23-I23 -> 0 | P23: =N23-K23 -> -6.3169643 | Q23: =N23/K23 -> 0.95578125 | S23: 0.30347222 | T23: 0.34791667 | U23: =IF(S23=TIME(17,0,0),"",(S23-T22)*24*60) -> 5 | V23: =(T23-S23)*24*60 -> 64 | AE23: =M23-J23 -> -88.4375 | AF23: =M23/J23 -> 0.95578125
A24: 新豐7線 | B24: 微波主食 | C24: 日式炙烤親子丼 | E24: 53.27 | F24: 1980 | G24: =E24*F24 -> 105474.6 | I24: 16 | J24: 2000 | K24: =J24/I24 -> 125 | L24: 16 | M24: =F24/V24*60 -> 1916.129 | N24: =M24/L24 -> 119.75806 | O24: =L24-I24 -> 0 | P24: =N24-K24 -> -5.2419355 | Q24: =N24/K24 -> 0.95806452 | S24: 0.35138889 | T24: 0.39444444 | U24: =IF(S24=TIME(17,0,0),"",(S24-T23)*24*60) -> 5 | V24: =(T24-S24)*24*60 -> 62 | AE24: =M24-J24 -> -83.870968 | AF24: =M24/J24 -> 0.95806452
A25: 新豐7線 | B25: 微波主食 | C25: 二配川味麻婆燒豆腐燴飯 | E25: 50.49 | F25: 1477 | G25: =E25*F25 -> 74573.73 | I25: 15 | J25: 2000 | K25: =J25/I25 -> 133.33333 | L25: 15 | M25: =F25/V25*60 -> 1926.5217 | N25: =M25/L25 -> 128.43478 | O25: =L25-I25 -> 0 | P25: =N25-K25 -> -4.8985507 | Q25: =N25/K25 -> 0.96326087 | S25: 0.70833333 | T25: 0.74027778 | U25: =IF(S25=TIME(17,0,0),"",(S25-T24)*24*60) | V25: =(T25-S25)*24*60 -> 46 | AE25: =M25-J25 -> -73.478261 | AF25: =M25/J25 -> 0.96326087
A26: 新豐7線 | B26: 微波主食 | C26: 二配厚香料優格咖哩雞排飯 | E26: 56.43 | F26: 1825 | G26: =E26*F26 -> 102984.75 | I26: 13 | J26: 2000 | K26: =J26/I26 -> 153.84615 | L26: 13 | M26: =F26/V26*60 -> 1921.0526 | N26: =M26/L26 -> 147.77328 | O26: =L26-I26 -> 0 | P26: =N26-K26 -> -6.0728745 | Q26: =N26/K26 -> 0.96052632 | S26: 0.74375 | T26: 0.78333333 | U26: =IF(S26=TIME(17,0,0),"",(S26-T25)*24*60) -> 5 | V26: =(T26-S26)*24*60 -> 57 | AE26: =M26-J26 -> -78.947368 | AF26: =M26/J26 -> 0.96052632
A27: 新豐7線 | B27: 平均 | I27: 15.333333 | J27: 1916.6667 | K27: =J27/I27 -> 125 | L27: 15.333333 | M27: =AVERAGE(M21:M26) -> 1837.9231 | N27: =M27/L27 -> 119.86455 | O27: =L27-I27 -> 0 | P27: =N27-K27 -> -5.1354497 | Q27: =N27/K27 -> 0.9589164 | Y27: =SUM(Y21:Y26) -> 0 | Z27: =SUM(Z21:Z26) -> 0 | AC27: 6 | AD27: =SUM(AD21:AD26) -> 0 | AE27: =M27-J27 -> -78.743562 | AF27: =M27/J27 -> 0.9589164
A28: 新豐8線 | B28: 三明治 | C28: 紐奧良風味烤雞鮮蔬三明治 | E28: 31.29 | F28: 6000 | G28: =E28*F28 -> 187740 | H28: 2 | I28: 18 | J28: 2400 | K28: =J28/I28 -> 133.33333 | L28: 18 | M28: =F28/V28*60 -> 2292.9936 | N28: =M28/L28 -> 127.38854 | O28: =L28-I28 -> 0 | P28: =N28-K28 -> -5.9447983 | Q28: =N28/K28 -> 0.95541401 | R28: =Q34 -> 0.95696842 | S28: 0.083333333 | T28: 0.19236111 | V28: =(T28-S28)*24*60 -> 157 | W28: =T28 -> 0.19236111 | X28: =S29 -> 0.21111111 | AC28: 6 | AE28: =M28-J28 -> -107.00637 | AF28: =M28/J28 -> 0.95541401 | AG28: =AF34 -> 0.95696842
A29: 新豐8線 | B29: 三明治 | C29: 醬燒烤雞三明治(115年) | E29: 26.37 | F29: 6785 | G29: =E29*F29 -> 178920.45 | I29: 18 | J29: 2400 | K29: =J29/I29 -> 133.33333 | L29: 18 | M29: =F29/V29*60 -> 2287.0787 | N29: =M29/L29 -> 127.05993 | O29: =L29-I29 -> 0 | P29: =N29-K29 -> -6.2734082 | Q29: =N29/K29 -> 0.95294944 | S29: 0.21111111 | T29: 0.33472222 | U29: =(S29-T28)*24*60 -> 27 | V29: =(T29-S29)*24*60 -> 178 | AE29: =M29-J29 -> -112.92135 | AF29: =M29/J29 -> 0.95294944
A30: 新豐8線 | B30: 三明治 | C30: 鮪魚起司溏心蛋三明治(115年) | E30: 26.18 | F30: 4600 | G30: =E30*F30 -> 120428 | H30: 2 | I30: 18 | J30: 2400 | K30: =J30/I30 -> 133.33333 | L30: 18 | M30: =F30/V30*60 -> 2300 | N30: =M30/L30 -> 127.77778 | O30: =L30-I30 -> 0 | P30: =N30-K30 -> -5.5555556 | Q30: =N30/K30 -> 0.95833333 | S30: 0.33819444 | T30: 0.42152778 | U30: =(S30-T29)*24*60 -> 5 | V30: =(T30-S30)*24*60 -> 120 | AE30: =M30-J30 -> -100 | AF30: =M30/J30 -> 0.95833333
A31: 新豐8線 | B31: 三明治 | C31: 雞蛋沙拉三明治(114年) | E31: 25.99 | F31: 4179 | G31: =E31*F31 -> 108612.21 | I31: 14 | J31: 2400 | K31: =J31/I31 -> 171.42857 | L31: 14 | M31: =F31/V31*60 -> 2300.367 | N31: =M31/L31 -> 164.31193 | O31: =L31-I31 -> 0 | P31: =N31-K31 -> -7.1166448 | Q31: =N31/K31 -> 0.95848624 | S31: 0.42569444 | T31: 0.50138889 | U31: =(S31-T30)*24*60 -> 6 | V31: =(T31-S31)*24*60 -> 109 | W31: =T31 -> 0.50138889 | X31: =S32 -> 0.54236111 | AE31: =M31-J31 -> -99.633028 | AF31: =M31/J31 -> 0.95848624
A32: 新豐8線 | B32: 三明治 | C32: 紐奧良風味烤雞鮮蔬三明治 | E32: 31.29 | F32: 2672 | G32: =E32*F32 -> 83606.88 | I32: 18 | J32: 2400 | K32: =J32/I32 -> 133.33333 | L32: 18 | M32: =F32/V32*60 -> 2290.2857 | N32: =M32/L32 -> 127.2381 | O32: =L32-I32 -> 0 | P32: =N32-K32 -> -6.0952381 | Q32: =N32/K32 -> 0.95428571 | S32: 0.54236111 | T32: 0.59097222 | U32: =(S32-T31)*24*60 -> 59 | V32: =(T32-S32)*24*60 -> 70 | AE32: =M32-J32 -> -109.71429 | AF32: =M32/J32 -> 0.95428571
A33: 新豐8線 | B33: 三明治 | C33: 鮪魚起司溏心蛋三明治(115年) | E33: 26.18 | F33: 3041 | G33: =E33*F33 -> 79613.38 | I33: 18 | J33: 2400 | K33: =J33/I33 -> 133.33333 | L33: 18 | M33: =F33/V33*60 -> 2309.6203 | N33: =M33/L33 -> 128.31224 | O33: =L33-I33 -> 0 | P33: =N33-K33 -> -5.021097 | Q33: =N33/K33 -> 0.96234177 | S33: 0.59652778 | T33: 0.65138889 | U33: =(S33-T32)*24*60 -> 8 | V33: =(T33-S33)*24*60 -> 79 | AE33: =M33-J33 -> -90.379747 | AF33: =M33/J33 -> 0.96234177
A34: 新豐8線 | B34: 平均 | I34: 17.333333 | J34: 2400 | K34: =J34/I34 -> 138.46154 | L34: 17.333333 | M34: =AVERAGE(M28:M33) -> 2296.7242 | N34: =M34/L34 -> 132.50332 | O34: =L34-I34 -> 0 | P34: =N34-K34 -> -5.958219 | Q34: =N34/K34 -> 0.95696842 | Y34: =SUM(Y28:Y33) -> 0 | Z34: =SUM(Z28:Z33) -> 0 | AC34: 6 | AD34: =SUM(AD28:AD33) -> 0 | AE34: =M34-J34 -> -103.2758 | AF34: =M34/J34 -> 0.95696842
A35: 新豐9線 | B35: 三明治 | C35: 經典總匯三明治(115年) | E35: 26.18 | F35: 3900 | G35: =E35*F35 -> 102102 | H35: 2 | I35: 20 | J35: 2400 | K35: =J35/I35 -> 120 | L35: 20 | M35: =F35/V35*60 -> 2294.1176 | N35: =M35/L35 -> 114.70588 | O35: =L35-I35 -> 0 | P35: =N35-K35 -> -5.2941176 | Q35: =N35/K35 -> 0.95588235 | R35: =Q43 -> 0.95655558 | S35: 0.083333333 | T35: 0.15416667 | V35: =(T35-S35)*24*60 -> 102 | W35: =T35 -> 0.15416667 | X35: =S36 -> 0.175 | AC35: 8 | AE35: =M35-J35 -> -105.88235 | AF35: =M35/J35 -> 0.95588235 | AG35: =AF43 -> 0.95655558
A36: 新豐9線 | B36: 三明治 | C36: 經典火腿玉米蛋三明治 | E36: 24.43 | F36: 4000 | G36: =E36*F36 -> 97720 | H36: 2 | I36: 14 | J36: 2400 | K36: =J36/I36 -> 171.42857 | L36: 14 | M36: =F36/V36*60 -> 2285.7143 | N36: =M36/L36 -> 163.26531 | O36: =L36-I36 -> 0 | P36: =N36-K36 -> -8.1632653 | Q36: =N36/K36 -> 0.95238095 | S36: 0.175 | T36: 0.24791667 | U36: =(S36-T35)*24*60 -> 30 | V36: =(T36-S36)*24*60 -> 105 | AE36: =M36-J36 -> -114.28571 | AF36: =M36/J36 -> 0.95238095
A37: 新豐9線 | B37: 三明治 | C37: 好多蛋三明治 | E37: 34.1 | F37: 4000 | G37: =E37*F37 -> 136400 | H37: 2 | I37: 17 | J37: 1600 | K37: =J37/I37 -> 94.117647 | L37: 17 | M37: =F37/V37*60 -> 1528.6624 | N37: =M37/L37 -> 89.921319 | O37: =L37-I37 -> 0 | P37: =N37-K37 -> -4.1963282 | Q37: =N37/K37 -> 0.95541401 | S37: 0.25347222 | T37: 0.3625 | U37: =(S37-T36)*24*60 -> 8 | V37: =(T37-S37)*24*60 -> 157 | AE37: =M37-J37 -> -71.33758 | AF37: =M37/J37 -> 0.95541401
A38: 新豐9線 | B38: 三明治 | C38: 好多菜三明治(114年) | E38: 25.98 | F38: 3235 | G38: =E38*F38 -> 84045.3 | I38: 19 | J38: 2400 | K38: =J38/I38 -> 126.31579 | L38: 19 | M38: =F38/V38*60 -> 2283.5294 | N38: =M38/L38 -> 120.18576 | O38: =L38-I38 -> 0 | P38: =N38-K38 -> -6.130031 | Q38: =N38/K38 -> 0.95147059 | S38: 0.36736111 | T38: 0.42638889 | U38: =(S38-T37)*24*60 -> 7 | V38: =(T38-S38)*24*60 -> 85 | AE38: =M38-J38 -> -116.47059 | AF38: =M38/J38 -> 0.95147059
A39: 新豐9線 | B39: 三明治 | C39: 茄汁厚起司三明治 | E39: 25.99 | F39: 3381 | G39: =E39*F39 -> 87872.19 | I39: 18 | J39: 2400 | K39: =J39/I39 -> 133.33333 | L39: 18 | M39: =F39/V39*60 -> 2305.2273 | N39: =M39/L39 -> 128.06818 | O39: =L39-I39 -> 0 | P39: =N39-K39 -> -5.2651515 | Q39: =N39/K39 -> 0.96051136 | S39: 0.43125 | T39: 0.49236111 | U39: =(S39-T38)*24*60 -> 7 | V39: =(T39-S39)*24*60 -> 88 | W39: =T39 -> 0.49236111 | X39: =S40 -> 0.53125 | AE39: =M39-J39 -> -94.772727 | AF39: =M39/J39 -> 0.96051136
A40: 新豐9線 | B40: 三明治 | C40: 好多蛋三明治 | E40: 34.1 | F40: 2763 | G40: =E40*F40 -> 94218.3 | I40: 17 | J40: 1600 | K40: =J40/I40 -> 94.117647 | L40: 17 | M40: =F40/V40*60 -> 1535 | N40: =M40/L40 -> 90.294118 | O40: =L40-I40 -> 0 | P40: =N40-K40 -> -3.8235294 | Q40: =N40/K40 -> 0.959375 | S40: 0.53125 | T40: 0.60625 | U40: =(S40-T39)*24*60 -> 56 | V40: =(T40-S40)*24*60 -> 108 | AE40: =M40-J40 -> -65 | AF40: =M40/J40 -> 0.959375
A41: 新豐9線 | B41: 三明治 | C41: 經典火腿玉米蛋三明治 | E41: 24.43 | F41: 2428 | G41: =E41*F41 -> 59316.04 | I41: 14 | J41: 2400 | K41: =J41/I41 -> 171.42857 | L41: 14 | M41: =F41/V41*60 -> 2312.381 | N41: =M41/L41 -> 165.17007 | O41: =L41-I41 -> 0 | P41: =N41-K41 -> -6.2585034 | Q41: =N41/K41 -> 0.96349206 | S41: 0.61180556 | T41: 0.65555556 | U41: =(S41-T40)*24*60 -> 8 | V41: =(T41-S41)*24*60 -> 63 | AE41: =M41-J41 -> -87.619048 | AF41: =M41/J41 -> 0.96349206
A42: 新豐9線 | B42: 三明治 | C42: 經典總匯三明治(115年) | E42: 26.18 | F42: 2558 | G42: =E42*F42 -> 66968.44 | I42: 20 | J42: 2400 | K42: =J42/I42 -> 120 | L42: 20 | M42: =F42/V42*60 -> 2290.7463 | N42: =M42/L42 -> 114.53731 | O42: =L42-I42 -> 0 | P42: =N42-K42 -> -5.4626866 | Q42: =N42/K42 -> 0.95447761 | S42: 0.65972222 | T42: 0.70625 | U42: =(S42-T41)*24*60 -> 6 | V42: =(T42-S42)*24*60 -> 67 | AE42: =M42-J42 -> -109.25373 | AF42: =M42/J42 -> 0.95447761
A43: 新豐9線 | B43: 平均 | I43: 17.375 | J43: 2200 | K43: =J43/I43 -> 126.61871 | L43: 17.375 | M43: =AVERAGE(M35:M42) -> 2104.4223 | N43: =M43/L43 -> 121.11783 | O43: =L43-I43 -> 0 | P43: =N43-K43 -> -5.5008758 | Q43: =N43/K43 -> 0.95655558 | Y43: =SUM(Y35:Y42) -> 0 | Z43: =SUM(Z35:Z42) -> 0 | AC43: 8 | AD43: =SUM(AD35:AD42) -> 0 | AE43: =M43-J43 -> -95.577718 | AF43: =M43/J43 -> 0.95655558
A44: 新豐3線 | B44: 調理麵包 | C44: 黑胡椒豬肉鐵板炒麵麵包 | E44: 37.88 | F44: 1368 | G44: =E44*F44 -> 51819.84 | I44: 13 | J44: 2000 | K44: =J44/I44 -> 153.84615 | L44: 13 | M44: =F44/V44*60 -> 1908.8372 | N44: =M44/L44 -> 146.83363 | O44: =L44-I44 -> 0 | P44: =N44-K44 -> -7.0125224 | Q44: =N44/K44 -> 0.9544186 | R44: =Q48 -> 0.95280648 | S44: 0.083333333 | T44: 0.11319444 | V44: =(T44-S44)*24*60 -> 43 | W44: =T44 -> 0.11319444 | X44: =S45 -> 0.13194444 | AC44: 4 | AE44: =M44-J44 -> -91.162791 | AF44: =M44/J44 -> 0.9544186 | AG44: =AF48 -> 0.95280648
A45: 新豐3線 | B45: 調理麵包 | C45: 經典雙牛起司堡(113年) | E45: 35.12 | F45: 4953 | G45: =E45*F45 -> 173949.36 | I45: 10 | J45: 3000 | K45: =J45/I45 -> 300 | L45: 10 | M45: =F45/V45*60 -> 2857.5 | N45: =M45/L45 -> 285.75 | O45: =L45-I45 -> 0 | P45: =N45-K45 -> -14.25 | Q45: =N45/K45 -> 0.9525 | S45: 0.13194444 | T45: 0.20416667 | U45: =(S45-T44)*24*60 -> 27 | V45: =(T45-S45)*24*60 -> 104 | AE45: =M45-J45 -> -142.5 | AF45: =M45/J45 -> 0.9525
A46: 新豐3線 | B46: 調理麵包 | C46: 豬肉起司堡 | E46: 21.13 | F46: 5046 | G46: =E46*F46 -> 106621.98 | I46: 10 | J46: 3000 | K46: =J46/I46 -> 300 | L46: 10 | M46: =F46/V46*60 -> 2856.2264 | N46: =M46/L46 -> 285.62264 | O46: =L46-I46 -> 0 | P46: =N46-K46 -> -14.377358 | Q46: =N46/K46 -> 0.95207547 | S46: 0.20902778 | T46: 0.28263889 | U46: =(S46-T45)*24*60 -> 7 | V46: =(T46-S46)*24*60 -> 106 | AE46: =M46-J46 -> -143.77358 | AF46: =M46/J46 -> 0.95207547
A47: 新豐3線 | B47: 調理麵包 | C47: 豬肉起司蛋堡 | E47: 27.17 | F47: 6193 | G47: =E47*F47 -> 168263.81 | I47: 10 | J47: 3000 | K47: =J47/I47 -> 300 | L47: 10 | M47: =F47/V47*60 -> 2858.3077 | N47: =M47/L47 -> 285.83077 | O47: =L47-I47 -> 0 | P47: =N47-K47 -> -14.169231 | Q47: =N47/K47 -> 0.95276923 | S47: 0.28819444 | T47: 0.37847222 | U47: =(S47-T46)*24*60 -> 8 | V47: =(T47-S47)*24*60 -> 130 | AE47: =M47-J47 -> -141.69231 | AF47: =M47/J47 -> 0.95276923
A48: 新豐3線 | B48: 平均 | I48: 10.75 | J48: 2750 | K48: =J48/I48 -> 255.81395 | L48: 10.75 | M48: =AVERAGE(M44:M47) -> 2620.2178 | N48: =M48/L48 -> 243.74119 | O48: =L48-I48 -> 0 | P48: =N48-K48 -> -12.07276 | Q48: =N48/K48 -> 0.95280648 | Y48: =SUM(Y44:Y47) -> 0 | Z48: =SUM(Z44:Z47) -> 0 | AC48: 4 | AD48: =SUM(AD44:AD47) -> 0 | AE48: =M48-J48 -> -129.78217 | AF48: =M48/J48 -> 0.95280648
A49: 新豐1線 | B49: 沙拉 | C49: 莎莎烤雞麵沙拉 | E49: 46 | F49: 2367 | G49: =E49*F49 -> 108882 | I49: 16 | J49: 2000 | K49: =J49/I49 -> 125 | L49: 16 | M49: =F49/V49*60 -> 1919.1892 | N49: =M49/L49 -> 119.94932 | O49: =L49-I49 -> 0 | P49: =N49-K49 -> -5.0506757 | Q49: =N49/K49 -> 0.95959459 | R49: =Q56 -> 0.96406822 | S49: 0.20833333 | T49: 0.25972222 | V49: =(T49-S49)*24*60 -> 74 | AC49: 7 | AE49: =M49-J49 -> -80.810811 | AF49: =M49/J49 -> 0.95959459 | AG49: =AF56 -> 0.96406822
A50: 新豐1線 | B50: 沙拉 | C50: 蔥鹽雞肉麵沙拉(114年) | E50: 46 | F50: 3625 | G50: =E50*F50 -> 166750 | I50: 16 | J50: 2000 | K50: =J50/I50 -> 125 | L50: 16 | M50: =F50/V50*60 -> 1907.8947 | N50: =M50/L50 -> 119.24342 | O50: =L50-I50 -> 0 | P50: =N50-K50 -> -5.7565789 | Q50: =N50/K50 -> 0.95394737 | S50: 0.26458333 | T50: 0.34375 | U50: =IF(S50=TIME(17,0,0),"",(S50-T49)*24*60) -> 7 | V50: =(T50-S50)*24*60 -> 114 | AE50: =M50-J50 -> -92.105263 | AF50: =M50/J50 -> 0.95394737
A51: 新豐1線 | B51: 微波主食 | C51: 好多蒜燒豚飯 | E51: 51.75 | F51: 755 | G51: =E51*F51 -> 39071.25 | I51: 25 | J51: 2000 | K51: =J51/I51 -> 80 | L51: 25 | M51: =F51/V51*60 -> 1969.5652 | N51: =M51/L51 -> 78.782609 | O51: =L51-I51 -> 0 | P51: =N51-K51 -> -1.2173913 | Q51: =N51/K51 -> 0.98478261 | S51: 0.34861111 | T51: 0.36458333 | U51: =IF(S51=TIME(17,0,0),"",(S51-T50)*24*60) -> 7 | V51: =(T51-S51)*24*60 -> 23 | AE51: =M51-J51 -> -30.434783 | AF51: =M51/J51 -> 0.98478261
A52: 新豐1線 | B52: 微波主食 | C52: 壹號醬雞豚雙拼 | E52: 56.43 | F52: 1416 | G52: =E52*F52 -> 79904.88 | I52: 22 | J52: 2000 | K52: =J52/I52 -> 90.909091 | L52: 22 | M52: =F52/V52*60 -> 1930.9091 | N52: =M52/L52 -> 87.768595 | O52: =L52-I52 -> 0 | P52: =N52-K52 -> -3.1404959 | Q52: =N52/K52 -> 0.96545455 | S52: 0.36805556 | T52: 0.39861111 | U52: =IF(S52=TIME(17,0,0),"",(S52-T51)*24*60) -> 5 | V52: =(T52-S52)*24*60 -> 44 | AE52: =M52-J52 -> -69.090909 | AF52: =M52/J52 -> 0.96545455
A53: 新豐1線 | B53: 微波主食 | C53: 爆炒雞丁飯 | E53: 59.04 | F53: 3257 | G53: =E53*F53 -> 192293.28 | I53: 19 | J53: 2000 | K53: =J53/I53 -> 105.26316 | L53: 19 | M53: =F53/V53*60 -> 1915.8824 | N53: =M53/L53 -> 100.83591 | O53: =L53-I53 -> 0 | P53: =N53-K53 -> -4.4272446 | Q53: =N53/K53 -> 0.95794118 | S53: 0.40208333 | T53: 0.47291667 | U53: =IF(S53=TIME(17,0,0),"",(S53-T52)*24*60) -> 5 | V53: =(T53-S53)*24*60 -> 102 | AE53: =M53-J53 -> -84.117647 | AF53: =M53/J53 -> 0.95794118
A54: 新豐1線 | B54: 微波主食 | C54: 二配香辣醬蒜味香腸蛋炒飯 | E54: 55.56 | F54: 1835 | G54: =E54*F54 -> 101952.6 | I54: 17 | J54: 2000 | K54: =J54/I54 -> 117.64706 | L54: 17 | M54: =F54/V54*60 -> 1931.5789 | N54: =M54/L54 -> 113.62229 | O54: =L54-I54 -> 0 | P54: =N54-K54 -> -4.0247678 | Q54: =N54/K54 -> 0.96578947 | S54: 0.70833333 | T54: 0.74791667 | U54: =IF(S54=TIME(17,0,0),"",(S54-T53)*24*60) | V54: =(T54-S54)*24*60 -> 57 | AE54: =M54-J54 -> -68.421053 | AF54: =M54/J54 -> 0.96578947
A55: 新豐1線 | B55: 微波主食 | C55: 二配打拋風味豬肉飯 | E55: 51.06 | F55: 2979 | G55: =E55*F55 -> 152107.74 | I55: 13 | J55: 2000 | K55: =J55/I55 -> 153.84615 | L55: 13 | M55: =F55/V55*60 -> 1921.9355 | N55: =M55/L55 -> 147.84119 | O55: =L55-I55 -> 0 | P55: =N55-K55 -> -6.0049628 | Q55: =N55/K55 -> 0.96096774 | S55: 0.75138889 | T55: 0.81597222 | U55: =IF(S55=TIME(17,0,0),"",(S55-T54)*24*60) -> 5 | V55: =(T55-S55)*24*60 -> 93 | AE55: =M55-J55 -> -78.064516 | AF55: =M55/J55 -> 0.96096774
A56: 新豐1線 | B56: 平均 | I56: 18.285714 | J56: 2000 | K56: =J56/I56 -> 109.375 | L56: 18.285714 | M56: =AVERAGE(M49:M55) -> 1928.1364 | N56: =M56/L56 -> 105.44496 | O56: =L56-I56 -> 0 | P56: =N56-K56 -> -3.9300389 | Q56: =N56/K56 -> 0.96406822 | Y56: =SUM(Y49:Y55) -> 0 | Z56: =SUM(Z49:Z55) -> 0 | AC56: 7 | AD56: =SUM(AD49:AD55) -> 0 | AE56: =M56-J56 -> -71.863569 | AF56: =M56/J56 -> 0.96406822
A57: 新豐10線 | B57: 調理麵包 | C57: 厚豆腐蛋白蕈菇豬肉堡 | E57: 34.36 | F57: 2219 | G57: =E57*F57 -> 76244.84 | I57: 10 | J57: 3000 | K57: =J57/I57 -> 300 | L57: 10 | M57: =F57/V57*60 -> 2894.3478 | N57: =M57/L57 -> 289.43478 | O57: =L57-I57 -> 0 | P57: =N57-K57 -> -10.565217 | Q57: =N57/K57 -> 0.96478261 | R57: =Q62 -> 0.95883954 | S57: 0.20833333 | T57: 0.24027778 | V57: =(T57-S57)*24*60 -> 46 | AC57: 5 | AE57: =M57-J57 -> -105.65217 | AF57: =M57/J57 -> 0.96478261 | AG57: =AF62 -> 0.95883954
A58: 新豐10線 | B58: 調理麵包 | C58: 茄汁薯餅蛋堡 | E58: 34.36 | F58: 1145 | G58: =E58*F58 -> 39342.2 | I58: 10 | J58: 3000 | K58: =J58/I58 -> 300 | L58: 10 | M58: =F58/V58*60 -> 2862.5 | N58: =M58/L58 -> 286.25 | O58: =L58-I58 -> 0 | P58: =N58-K58 -> -13.75 | Q58: =N58/K58 -> 0.95416667 | S58: 0.24513889 | T58: 0.26180556 | U58: =(S58-T57)*24*60 -> 7 | V58: =(T58-S58)*24*60 -> 24 | AE58: =M58-J58 -> -137.5 | AF58: =M58/J58 -> 0.95416667
A59: 新豐10線 | B59: 調理麵包 | C59: 香雞蛋堡(112年) | E59: 26.78 | F59: 2427 | G59: =E59*F59 -> 64995.06 | I59: 10 | J59: 3000 | K59: =J59/I59 -> 300 | L59: 10 | M59: =F59/V59*60 -> 2855.2941 | N59: =M59/L59 -> 285.52941 | O59: =L59-I59 -> 0 | P59: =N59-K59 -> -14.470588 | Q59: =N59/K59 -> 0.95176471 | S59: 0.26597222 | T59: 0.30138889 | U59: =(S59-T58)*24*60 -> 6 | V59: =(T59-S59)*24*60 -> 51 | AE59: =M59-J59 -> -144.70588 | AF59: =M59/J59 -> 0.95176471
A60: 新豐10線 | B60: 調理麵包 | C60: 美式雞腿堡 | E60: 35.87 | F60: 3654 | G60: =E60*F60 -> 131068.98 | I60: 9 | J60: 3000 | K60: =J60/I60 -> 333.33333 | L60: 9 | M60: =F60/V60*60 -> 2884.7368 | N60: =M60/L60 -> 320.52632 | O60: =L60-I60 -> 0 | P60: =N60-K60 -> -12.807018 | Q60: =N60/K60 -> 0.96157895 | S60: 0.30625 | T60: 0.35902778 | U60: =(S60-T59)*24*60 -> 7 | V60: =(T60-S60)*24*60 -> 76 | AE60: =M60-J60 -> -115.26316 | AF60: =M60/J60 -> 0.96157895
A61: 新豐10線 | B61: 調理麵包 | C61: 黃金魚堡(114年) | E61: 34.35 | F61: 2020 | G61: =E61*F61 -> 69387 | I61: 8 | J61: 3000 | K61: =J61/I61 -> 375 | L61: 8 | M61: =F61/V61*60 -> 2885.7143 | N61: =M61/L61 -> 360.71429 | O61: =L61-I61 -> 0 | P61: =N61-K61 -> -14.285714 | Q61: =N61/K61 -> 0.96190476 | S61: 0.36388889 | T61: 0.39305556 | U61: =(S61-T60)*24*60 -> 7 | V61: =(T61-S61)*24*60 -> 42 | AE61: =M61-J61 -> -114.28571 | AF61: =M61/J61 -> 0.96190476
A62: 新豐10線 | B62: 平均 | I62: 9.4 | J62: 3000 | K62: =J62/I62 -> 319.14894 | L62: 9.4 | M62: =AVERAGE(M57:M61) -> 2876.5186 | N62: =M62/L62 -> 306.01262 | O62: =L62-I62 -> 0 | P62: =N62-K62 -> -13.136318 | Q62: =N62/K62 -> 0.95883954 | Y62: =SUM(Y57:Y61) -> 0 | Z62: =SUM(Z57:Z61) -> 0 | AC62: 5 | AD62: =SUM(AD57:AD61) -> 0 | AE62: =M62-J62 -> -123.48139 | AF62: =M62/J62 -> 0.95883954
A63: 新豐4線 | B63: 三明治 | C63: 香蕉可可三明治 | E63: 22.69 | F63: 4013 | G63: =E63*F63 -> 91054.97 | I63: 15 | J63: 2400 | K63: =J63/I63 -> 160 | L63: 15 | M63: =F63/V63*60 -> 2293.1429 | N63: =M63/L63 -> 152.87619 | O63: =L63-I63 -> 0 | P63: =N63-K63 -> -7.1238095 | Q63: =N63/K63 -> 0.95547619 | R63: =Q70 -> 0.95558421 | S63: 0.083333333 | T63: 0.15625 | V63: =(T63-S63)*24*60 -> 105 | W63: =T63 -> 0.15625 | X63: =S64 -> 0.17569444 | AC63: 7 | AE63: =M63-J63 -> -106.85714 | AF63: =M63/J63 -> 0.95547619 | AG63: =AF70 -> 0.95558421
A64: 新豐4線 | B64: 三明治 | C64: 火腿起司蛋三明治 | E64: 19.02 | F64: 5000 | G64: =E64*F64 -> 95100 | H64: 2 | I64: 14 | J64: 2400 | K64: =J64/I64 -> 171.42857 | L64: 14 | M64: =F64/V64*60 -> 2290.0763 | N64: =M64/L64 -> 163.57688 | O64: =L64-I64 -> 0 | P64: =N64-K64 -> -7.8516903 | Q64: =N64/K64 -> 0.95419847 | S64: 0.17569444 | T64: 0.26666667 | U64: =(S64-T63)*24*60 -> 28 | V64: =(T64-S64)*24*60 -> 131 | AE64: =M64-J64 -> -109.92366 | AF64: =M64/J64 -> 0.95419847
A65: 新豐4線 | B65: 三明治 | C65: 肉鬆火腿三明治(115年) | E65: 20.36 | F65: 5074 | G65: =E65*F65 -> 103306.64 | I65: 17 | J65: 2400 | K65: =J65/I65 -> 141.17647 | L65: 17 | M65: =F65/V65*60 -> 2289.0226 | N65: =M65/L65 -> 134.64839 | O65: =L65-I65 -> 0 | P65: =N65-K65 -> -6.5280849 | Q65: =N65/K65 -> 0.9537594 | S65: 0.27013889 | T65: 0.3625 | U65: =(S65-T64)*24*60 -> 5 | V65: =(T65-S65)*24*60 -> 133 | AE65: =M65-J65 -> -110.97744 | AF65: =M65/J65 -> 0.9537594
A66: 新豐4線 | B66: 三明治 | C66: 藍莓優格三明治 | E66: 20.21 | F66: 3328 | G66: =E66*F66 -> 67258.88 | I66: 15 | J66: 2400 | K66: =J66/I66 -> 160 | L66: 15 | M66: =F66/V66*60 -> 2295.1724 | N66: =M66/L66 -> 153.01149 | O66: =L66-I66 -> 0 | P66: =N66-K66 -> -6.9885057 | Q66: =N66/K66 -> 0.95632184 | S66: 0.36666667 | T66: 0.42708333 | U66: =(S66-T65)*24*60 -> 6 | V66: =(T66-S66)*24*60 -> 87 | AE66: =M66-J66 -> -104.82759 | AF66: =M66/J66 -> 0.95632184
A67: 新豐4線 | B67: 三明治 | C67: 榛果摩卡脆脆三明治 | E67: 20.21 | F67: 4000 | G67: =E67*F67 -> 80840 | H67: 2 | I67: 18 | J67: 2400 | K67: =J67/I67 -> 133.33333 | L67: 18 | M67: =F67/V67*60 -> 2285.7143 | N67: =M67/L67 -> 126.98413 | O67: =L67-I67 -> 0 | P67: =N67-K67 -> -6.3492063 | Q67: =N67/K67 -> 0.95238095 | S67: 0.43125 | T67: 0.50416667 | U67: =(S67-T66)*24*60 -> 6 | V67: =(T67-S67)*24*60 -> 105 | W67: =T67 -> 0.50416667 | X67: =S68 -> 0.54583333 | AE67: =M67-J67 -> -114.28571 | AF67: =M67/J67 -> 0.95238095
A68: 新豐4線 | B68: 三明治 | C68: 火腿起司蛋三明治 | E68: 19.02 | F68: 3784 | G68: =E68*F68 -> 71971.68 | I68: 14 | J68: 2400 | K68: =J68/I68 -> 171.42857 | L68: 14 | M68: =F68/V68*60 -> 2293.3333 | N68: =M68/L68 -> 163.80952 | O68: =L68-I68 -> 0 | P68: =N68-K68 -> -7.6190476 | Q68: =N68/K68 -> 0.95555556 | S68: 0.54583333 | T68: 0.61458333 | U68: =(S68-T67)*24*60 -> 60 | V68: =(T68-S68)*24*60 -> 99 | AE68: =M68-J68 -> -106.66667 | AF68: =M68/J68 -> 0.95555556
A69: 新豐4線 | B69: 三明治 | C69: 榛果摩卡脆脆三明治 | E69: 20.21 | F69: 2615 | G69: =E69*F69 -> 52849.15 | I69: 18 | J69: 2400 | K69: =J69/I69 -> 133.33333 | L69: 18 | M69: =F69/V69*60 -> 2307.3529 | N69: =M69/L69 -> 128.18627 | O69: =L69-I69 -> 0 | P69: =N69-K69 -> -5.1470588 | Q69: =N69/K69 -> 0.96139706 | S69: 0.61805556 | T69: 0.66527778 | U69: =(S69-T68)*24*60 -> 5 | V69: =(T69-S69)*24*60 -> 68 | AE69: =M69-J69 -> -92.647059 | AF69: =M69/J69 -> 0.96139706
A70: 新豐4線 | B70: 平均 | I70: 15.857143 | J70: 2400 | K70: =J70/I70 -> 151.35135 | L70: 15.857143 | M70: =AVERAGE(M63:M69) -> 2293.4021 | N70: =M70/L70 -> 144.62896 | O70: =L70-I70 -> 0 | P70: =N70-K70 -> -6.7223899 | Q70: =N70/K70 -> 0.95558421 | Y70: =SUM(Y63:Y69) -> 0 | Z70: =SUM(Z63:Z69) -> 0 | AC70: 7 | AD70: =SUM(AD63:AD69) -> 0 | AE70: =M70-J70 -> -106.5979 | AF70: =M70/J70 -> 0.95558421

Sheet 0527
B1: 屏榮 新豐廠組合室生產人時性分析
B3: 日期 | C3: =TEXT('0527 4度C'!A2,"yyyy.mm.ddaaaa") -> 2026.05.27星期三 | E3: 訂單量 | F3: ='0527 4度C'!D1 -> 181067 | H3: 營業額 | I3: ='0527 4度C'!F1 -> 6180335.5
B4: 人時性 | C4: 項目 | E4: ➀ | G4: ➁ | I4: ➂ | K4: 異常停線 | M4: 短暫停線
C5: 組合室 | E5: 全溫層 | G5: 4度C-各編組展開 | I5: ③三明治-各編組展開 | K5: 合計次數 | L5: 時間 | M5: 合計次數 | N5: 設備次數
C6: 排關平均 | E6: =AVERAGE(D13:M13) -> 153.39523 | F6: =AVERAGE(D31:O31,D13:J13) -> 159.83886 | G6: =AVERAGE(D13:J13) -> 159.83886 | I6: =AVERAGE(K13:M13) -> 138.36008 | K6: ='0527 4度C'!Y2 -> 0 | L6: ='0527 4度C'!Z2 -> 0 | M6: ='0527 4度C'!AC2 -> 56 | N6: ='0527 4度C'!AD2 -> 0
C7: 實績平均 | E7: =AVERAGE(D14:M14) -> 147.09964 | F7: =AVERAGE(D32:O32,D14:J14) -> 153.40676 | G7: =AVERAGE(D14:J14) -> 153.40676 | I7: =AVERAGE(K14:M14) -> 132.38303
C8: 達成率平均 | E8: =AVERAGE(D15:M15) -> 0.95801605 | F8: =AVERAGE(D15:J15,D33:O33) -> 0.95853971 | G8: =AVERAGE(D15:J15) -> 0.95853971 | I8: =AVERAGE(K15:M15) -> 0.95679417
K9: ※現行日本鮮食廠以達成率80%為基本(即為現行KPI)
B10: 溫層 | D10: ➁4度C-各編組展開 | K10: ③三明治-各編組展開
B11: 編組 | D11: 1 | E11: 2 | F11: 3 | G11: 4 | H11: 5 | I11: 6 | J11: 7 | K11: 1 | L11: 2 | M11: 3
D12: 新豐6線 | E12: 新豐2線 | F12: 新豐5線 | G12: 新豐7線 | H12: 新豐3線 | I12: 新豐1線 | J12: 新豐10線 | K12: 新豐8線 | L12: 新豐9線 | M12: 新豐4線
B13: 人時性 | C13: 排關 | D13: =SUMIFS('0527 4度C'!$K:$K,'0527 4度C'!$A:$A,"新豐6線",'0527 4度C'!$B:$B,"平均") -> 130.43478 | E13: =SUMIFS('0527 4度C'!$K:$K,'0527 4度C'!$A:$A,"新豐2線",'0527 4度C'!$B:$B,"平均") -> 86.956522 | F13: =SUMIFS('0527 4度C'!$K:$K,'0527 4度C'!$A:$A,"新豐5線",'0527 4度C'!$B:$B,"平均") -> 93.333333 | G13: =SUMIFS('0527 4度C'!$K:$K,'0527 4度C'!$A:$A,"新豐7線",'0527 4度C'!$B:$B,"平均") -> 123.80952 | H13: =SUMIFS('0527 4度C'!$K:$K,'0527 4度C'!$A:$A,"新豐3線",'0527 4度C'!$B:$B,"平均") -> 255.81395 | I13: =SUMIFS('0527 4度C'!$K:$K,'0527 4度C'!$A:$A,"新豐1線",'0527 4度C'!$B:$B,"平均") -> 109.375 | J13: =SUMIFS('0527 4度C'!$K:$K,'0527 4度C'!$A:$A,"新豐10線",'0527 4度C'!$B:$B,"平均") -> 319.14894 | K13: =SUMIFS('0527 4度C'!$K:$K,'0527 4度C'!$A:$A,"新豐8線",'0527 4度C'!$B:$B,"平均") -> 138.46154 | L13: =SUMIFS('0527 4度C'!$K:$K,'0527 4度C'!$A:$A,"新豐9線",'0527 4度C'!$B:$B,"平均") -> 126.61871 | M13: =SUMIFS('0527 4度C'!$K:$K,'0527 4度C'!$A:$A,"新豐4線",'0527 4度C'!$B:$B,"平均") -> 150
C14: 實績 | D14: =SUMIFS('0527 4度C'!$N:$N,'0527 4度C'!$A:$A,"新豐6線",'0527 4度C'!$B:$B,"平均") -> 124.45768 | E14: =SUMIFS('0527 4度C'!$N:$N,'0527 4度C'!$A:$A,"新豐2線",'0527 4度C'!$B:$B,"平均") -> 83.170984 | F14: =SUMIFS('0527 4度C'!$N:$N,'0527 4度C'!$A:$A,"新豐5線",'0527 4度C'!$B:$B,"平均") -> 89.468583 | G14: =SUMIFS('0527 4度C'!$N:$N,'0527 4度C'!$A:$A,"新豐7線",'0527 4度C'!$B:$B,"平均") -> 118.83156 | H14: =SUMIFS('0527 4度C'!$N:$N,'0527 4度C'!$A:$A,"新豐3線",'0527 4度C'!$B:$B,"平均") -> 245.21091 | I14: =SUMIFS('0527 4度C'!$N:$N,'0527 4度C'!$A:$A,"新豐1線",'0527 4度C'!$B:$B,"平均") -> 104.67529 | J14: =SUMIFS('0527 4度C'!$N:$N,'0527 4度C'!$A:$A,"新豐10線",'0527 4度C'!$B:$B,"平均") -> 308.03229 | K14: =SUMIFS('0527 4度C'!$N:$N,'0527 4度C'!$A:$A,"新豐8線",'0527 4度C'!$B:$B,"平均") -> 132.47713 | L14: =SUMIFS('0527 4度C'!$N:$N,'0527 4度C'!$A:$A,"新豐9線",'0527 4度C'!$B:$B,"平均") -> 121.13421 | M14: =SUMIFS('0527 4度C'!$N:$N,'0527 4度C'!$A:$A,"新豐4線",'0527 4度C'!$B:$B,"平均") -> 143.53774
C15: 達成率 | D15: =D14/D13 -> 0.95417553 | E15: =E14/E13 -> 0.95646631 | F15: =F14/F13 -> 0.95859196 | G15: =G14/G13 -> 0.95979335 | H15: =H14/H13 -> 0.95855176 | I15: =I14/I13 -> 0.95703125 | J15: =J14/J13 -> 0.96516783 | K15: =K14/K13 -> 0.95677925 | ... M15: =M14/M13 -> 0.95691826
B16: 作業 時間 | C16: 開始 | D16: =VLOOKUP("新豐6線",'0527 4度C'!$A:$T,19,0) -> 0.70833333 | E16: =VLOOKUP("新豐2線",'0527 4度C'!$A:$T,19,0) -> 0.083333333 | F16: =VLOOKUP("新豐5線",'0527 4度C'!$A:$T,19,0) -> 0.20833333 | G16: =VLOOKUP("新豐7線",'0527 4度C'!$A:$T,19,0) -> 0.20833333 | H16: =VLOOKUP("新豐3線",'0527 4度C'!$A:$T,19,0) -> 0.083333333 | I16: =VLOOKUP("新豐1線",'0527 4度C'!$A:$T,19,0) -> 0.20833333 | J16: =VLOOKUP("新豐10線",'0527 4度C'!$A:$T,19,0) -> 0.20833333 | K16: =VLOOKUP("新豐8線",'0527 4度C'!$A:$T,19,0) -> 0.083333333 | L16: =VLOOKUP("新豐9線",'0527 4度C'!$A:$T,19,0) -> 0.083333333 | M16: =VLOOKUP("新豐4線",'0527 4度C'!$A:$T,19,0) -> 0.083333333
C17: 結束 | D17: =LOOKUP(2,1/(('0527 4度C'!$A:$A="新豐6線")*('0527 4度C'!$T:$T<>"")),'0527 4度C'!$T:$T) -> 0.84583333 | E17: =LOOKUP(2,1/(('0527 4度C'!$A:$A="新豐2線")*('0527 4度C'!$T:$T<>"")),'0527 4度C'!$T:$T) -> 0.66388889 | F17: =LOOKUP(2,1/(('0527 4度C'!$A:$A="新豐5線")*('0527 4度C'!$T:$T<>"")),'0527 4度C'!$T:$T) -> 0.81805556 | G17: =LOOKUP(2,1/(('0527 4度C'!$A:$A="新豐7線")*('0527 4度C'!$T:$T<>"")),'0527 4度C'!$T:$T) -> 0.84375 | H17: =LOOKUP(2,1/(('0527 4度C'!$A:$A="新豐3線")*('0527 4度C'!$T:$T<>"")),'0527 4度C'!$T:$T) -> 0.41041667 | I17: =LOOKUP(2,1/(('0527 4度C'!$A:$A="新豐1線")*('0527 4度C'!$T:$T<>"")),'0527 4度C'!$T:$T) -> 0.83263889 | J17: =LOOKUP(2,1/(('0527 4度C'!$A:$A="新豐10線")*('0527 4度C'!$T:$T<>"")),'0527 4度C'!$T:$T) -> 0.40208333 | K17: =LOOKUP(2,1/(('0527 4度C'!$A:$A="新豐8線")*('0527 4度C'!$T:$T<>"")),'0527 4度C'!$T:$T) -> 0.68541667 | L17: =LOOKUP(2,1/(('0527 4度C'!$A:$A="新豐9線")*('0527 4度C'!$T:$T<>"")),'0527 4度C'!$T:$T) -> 0.73055556 | M17: =LOOKUP(2,1/(('0527 4度C'!$A:$A="新豐4線")*('0527 4度C'!$T:$T<>"")),'0527 4度C'!$T:$T) -> 0.69027778
B18: 產線異常 (5分鐘以上) | C18: 次數 | D18: =SUMIFS('0527 4度C'!$Y:$Y,'0527 4度C'!$A:$A,"新豐6線",'0527 4度C'!$B:$B,"平均") -> 0 | E18: =SUMIFS('0527 4度C'!$Y:$Y,'0527 4度C'!$A:$A,"新豐2線",'0527 4度C'!$B:$B,"平均") -> 0 | F18: =SUMIFS('0527 4度C'!$Y:$Y,'0527 4度C'!$A:$A,"新豐5線",'0527 4度C'!$B:$B,"平均") -> 0 | G18: =SUMIFS('0527 4度C'!$Y:$Y,'0527 4度C'!$A:$A,"新豐7線",'0527 4度C'!$B:$B,"平均") -> 0 | H18: =SUMIFS('0527 4度C'!$Y:$Y,'0527 4度C'!$A:$A,"新豐3線",'0527 4度C'!$B:$B,"平均") -> 0 | I18: =SUMIFS('0527 4度C'!$Y:$Y,'0527 4度C'!$A:$A,"新豐1線",'0527 4度C'!$B:$B,"平均") -> 0 | J18: =SUMIFS('0527 4度C'!$Y:$Y,'0527 4度C'!$A:$A,"新豐10線",'0527 4度C'!$B:$B,"平均") -> 0 | K18: =SUMIFS('0527 4度C'!$Y:$Y,'0527 4度C'!$A:$A,"新豐8線",'0527 4度C'!$B:$B,"平均") -> 0 | L18: =SUMIFS('0527 4度C'!$Y:$Y,'0527 4度C'!$A:$A,"新豐9線",'0527 4度C'!$B:$B,"平均") -> 0 | M18: =SUMIFS('0527 4度C'!$Y:$Y,'0527 4度C'!$A:$A,"新豐4線",'0527 4度C'!$B:$B,"平均") -> 0
C19: 時間/分 | D19: =SUMIFS('0527 4度C'!$Z:$Z,'0527 4度C'!$A:$A,"新豐6線",'0527 4度C'!$B:$B,"平均") -> 0 | E19: =SUMIFS('0527 4度C'!$Z:$Z,'0527 4度C'!$A:$A,"新豐2線",'0527 4度C'!$B:$B,"平均") -> 0 | F19: =SUMIFS('0527 4度C'!$Z:$Z,'0527 4度C'!$A:$A,"新豐5線",'0527 4度C'!$B:$B,"平均") -> 0 | G19: =SUMIFS('0527 4度C'!$Z:$Z,'0527 4度C'!$A:$A,"新豐7線",'0527 4度C'!$B:$B,"平均") -> 0 | H19: =SUMIFS('0527 4度C'!$Z:$Z,'0527 4度C'!$A:$A,"新豐3線",'0527 4度C'!$B:$B,"平均") -> 0 | I19: =SUMIFS('0527 4度C'!$Z:$Z,'0527 4度C'!$A:$A,"新豐1線",'0527 4度C'!$B:$B,"平均") -> 0 | J19: =SUMIFS('0527 4度C'!$Z:$Z,'0527 4度C'!$A:$A,"新豐10線",'0527 4度C'!$B:$B,"平均") -> 0 | K19: =SUMIFS('0527 4度C'!$Z:$Z,'0527 4度C'!$A:$A,"新豐8線",'0527 4度C'!$B:$B,"平均") -> 0 | L19: =SUMIFS('0527 4度C'!$Z:$Z,'0527 4度C'!$A:$A,"新豐9線",'0527 4度C'!$B:$B,"平均") -> 0 | M19: =SUMIFS('0527 4度C'!$Z:$Z,'0527 4度C'!$A:$A,"新豐4線",'0527 4度C'!$B:$B,"平均") -> 0
B20: 短暫停線 (5分鐘以下) | C20: 次數 | D20: =SUMIFS('0527 4度C'!$AC:$AC,'0527 4度C'!$A:$A,"新豐6線",'0527 4度C'!$B:$B,"平均") -> 3 | E20: =SUMIFS('0527 4度C'!$AC:$AC,'0527 4度C'!$A:$A,"新豐2線",'0527 4度C'!$B:$B,"平均") -> 4 | F20: =SUMIFS('0527 4度C'!$AC:$AC,'0527 4度C'!$A:$A,"新豐5線",'0527 4度C'!$B:$B,"平均") -> 4 | G20: =SUMIFS('0527 4度C'!$AC:$AC,'0527 4度C'!$A:$A,"新豐7線",'0527 4度C'!$B:$B,"平均") -> 7 | H20: =SUMIFS('0527 4度C'!$AC:$AC,'0527 4度C'!$A:$A,"新豐3線",'0527 4度C'!$B:$B,"平均") -> 4 | I20: =SUMIFS('0527 4度C'!$AC:$AC,'0527 4度C'!$A:$A,"新豐1線",'0527 4度C'!$B:$B,"平均") -> 7 | J20: =SUMIFS('0527 4度C'!$AC:$AC,'0527 4度C'!$A:$A,"新豐10線",'0527 4度C'!$B:$B,"平均") -> 5 | K20: =SUMIFS('0527 4度C'!$AC:$AC,'0527 4度C'!$A:$A,"新豐8線",'0527 4度C'!$B:$B,"平均") -> 6 | L20: =SUMIFS('0527 4度C'!$AC:$AC,'0527 4度C'!$A:$A,"新豐9線",'0527 4度C'!$B:$B,"平均") -> 8 | M20: =SUMIFS('0527 4度C'!$AC:$AC,'0527 4度C'!$A:$A,"新豐4線",'0527 4度C'!$B:$B,"平均") -> 8
C21: 設備次數 | D21: =SUMIFS('0527 4度C'!$AD:$AD,'0527 4度C'!$A:$A,"新豐6線",'0527 4度C'!$B:$B,"平均") -> 0 | E21: =SUMIFS('0527 4度C'!$AD:$AD,'0527 4度C'!$A:$A,"新豐2線",'0527 4度C'!$B:$B,"平均") -> 0 | F21: =SUMIFS('0527 4度C'!$AD:$AD,'0527 4度C'!$A:$A,"新豐5線",'0527 4度C'!$B:$B,"平均") -> 0 | G21: =SUMIFS('0527 4度C'!$AD:$AD,'0527 4度C'!$A:$A,"新豐7線",'0527 4度C'!$B:$B,"平均") -> 0 | H21: =SUMIFS('0527 4度C'!$AD:$AD,'0527 4度C'!$A:$A,"新豐3線",'0527 4度C'!$B:$B,"平均") -> 0 | I21: =SUMIFS('0527 4度C'!$AD:$AD,'0527 4度C'!$A:$A,"新豐1線",'0527 4度C'!$B:$B,"平均") -> 0 | J21: =SUMIFS('0527 4度C'!$AD:$AD,'0527 4度C'!$A:$A,"新豐10線",'0527 4度C'!$B:$B,"平均") -> 0 | K21: =SUMIFS('0527 4度C'!$AD:$AD,'0527 4度C'!$A:$A,"新豐8線",'0527 4度C'!$B:$B,"平均") -> 0 | L21: =SUMIFS('0527 4度C'!$AD:$AD,'0527 4度C'!$A:$A,"新豐9線",'0527 4度C'!$B:$B,"平均") -> 0 | M21: =SUMIFS('0527 4度C'!$AD:$AD,'0527 4度C'!$A:$A,"新豐4線",'0527 4度C'!$B:$B,"平均") -> 0
B22: 配置人數 | D22: =SUMIFS('0527 4度C'!$I:$I,'0527 4度C'!$A:$A,"新豐6線",'0527 4度C'!$B:$B,"平均") -> 15.333333 | E22: =SUMIFS('0527 4度C'!$I:$I,'0527 4度C'!$A:$A,"新豐2線",'0527 4度C'!$B:$B,"平均") -> 17.25 | F22: =SUMIFS('0527 4度C'!$I:$I,'0527 4度C'!$A:$A,"新豐5線",'0527 4度C'!$B:$B,"平均") -> 18.75 | G22: =SUMIFS('0527 4度C'!$I:$I,'0527 4度C'!$A:$A,"新豐7線",'0527 4度C'!$B:$B,"平均") -> 15 | H22: =SUMIFS('0527 4度C'!$I:$I,'0527 4度C'!$A:$A,"新豐3線",'0527 4度C'!$B:$B,"平均") -> 10.75 | I22: =SUMIFS('0527 4度C'!$I:$I,'0527 4度C'!$A:$A,"新豐1線",'0527 4度C'!$B:$B,"平均") -> 18.285714 | J22: =SUMIFS('0527 4度C'!$I:$I,'0527 4度C'!$A:$A,"新豐10線",'0527 4度C'!$B:$B,"平均") -> 9.4 | K22: =SUMIFS('0527 4度C'!$I:$I,'0527 4度C'!$A:$A,"新豐8線",'0527 4度C'!$B:$B,"平均") -> 17.333333 | L22: =SUMIFS('0527 4度C'!$I:$I,'0527 4度C'!$A:$A,"新豐9線",'0527 4度C'!$B:$B,"平均") -> 17.375 | M22: =SUMIFS('0527 4度C'!$I:$I,'0527 4度C'!$A:$A,"新豐4線",'0527 4度C'!$B:$B,"平均") -> 16
B23: 主要應用設備 | D23: ET-55 | E23: 熱縮爐 | F23: L型包裝機 | G23: L型包裝機 | H23: 伺服包裝機 | I23: ET-55 | J23: 伺服包裝機 | K23: 三明治包裝機 | L23: 三明治包裝機 | M23: 三明治包裝機
B24: 次要應用設備 | F24: 圓盤機 | G24: ET-55
B25: 備註 | E25: 握沙拉 | F25: 共用L型包裝機 | H25: 調理麵包 | I25: 炒飯+沙拉 | J25: 調理麵包

Sheet 0527 4度C
A1: 新豐廠四度C日報分析 | C1: 總生產量 | D1: =SUM(F5:F70) -> 181067 | E1: 營業額 | F1: =SUM(G5:G70) -> 6180335.5 | G1: 出勤人數 | H1: =L8+L13+L47+L55+L18+L61+L33+L42+L26+L70 -> 155.47738 | I1: 產線配置圖 | L1: 生產實績 | O1: 人時性差異分析 | S1: 日報登錄 | Y1: 合計 次數 | Z1: 合計 時間/分 | AA1: 產線異常 分析說明(5分鐘以上) | AC1: 合計 次數 | AD1: 合計 設備次數 | AE1: 產能差異分析
A2: 46169 | B2: 星期三 | C2: 人時性 | D2: =AVERAGE(N8,N13,N47,N55,N18,N61,N26,N33,N42,N70) -> 147.09964 | E2: 平均廠價 | F2: =F1/D1 -> 34.132865 | G2: 多次生產數 | H2: =COUNT(H5:H70) -> 9 | Y2: =SUM(Y8+Y13+Y18+Y26+Y33+Y42+Y47+Y55+Y61+Y70) -> 0 | Z2: =SUM(Z8+Z13+Z18+Z26+Z33+Z42+Z47+Z55+Z61+Z70) -> 0 | AC2: 56 | AD2: =SUM(AD8+AD13+AD18+AD26+AD33+AD42+AD47+AD55+AD61+AD70) -> 0
A3: 線別 | B3: 品類 | C3: 品名 | E3: 廠價 | F3: 生產量 | G3: 營收 | H3: 多次 生產 | I3: 人數 | J3: 產能/時 | K3: 人時性 | L3: 人數 | M3: 產能/時 | N3: 人時性 | O3: 人數 | P3: 人時性 | Q3: 達成率 | R3: 達成率平均 | S3: 生產時間 | U3: 換線、休息/分 | V3: 稼動時間/分 | W3: 休息時間 | Y3: 產線異常統計 (5分鐘以上) | AA3: (新豐回填) | AC3: 短暫停線統計 (5分鐘以下) | AE3: 產能/時 | AF3: 達成率 | AG3: 達成率平均
S4: 開始 | T4: 結束 | W4: 開始 | X4: 結束 | Y4: 次數 | Z4: 時間/分 | AC4: 總次數 | AD4: 設備因素(次數)
A5: 新豐6線 | B5: 微波主食 | C5: 二配泰式綠咖哩雞 | E5: 50.67 | F5: 1569 | G5: =E5*F5 -> 79501.23 | I5: 15 | J5: 2000 | K5: =J5/I5 -> 133.33333 | L5: 15 | M5: =F5/V5*60 -> 1921.2245 | N5: =M5/L5 -> 128.08163 | O5: =L5-I5 -> 0 | P5: =N5-K5 -> -5.2517007 | Q5: =N5/K5 -> 0.96061224 | R5: =Q8 -> 0.95417553 | S5: 0.70833333 | T5: 0.74236111 | V5: =(T5-S5)*24*60 -> 49 | AC5: 3 | AE5: =M5-J5 -> -78.77551 | AF5: =M5/J5 -> 0.96061224 | AG5: =AF8 -> 0.95417553
A6: 新豐6線 | B6: 微波主食 | C6: 二配金咖哩果香甘口咖哩飯 | E6: 50.92 | F6: 2124 | G6: =E6*F6 -> 108154.08 | I6: 15 | J6: 2000 | K6: =J6/I6 -> 133.33333 | L6: 15 | M6: =F6/V6*60 -> 1902.0896 | N6: =M6/L6 -> 126.80597 | O6: =L6-I6 -> 0 | P6: =N6-K6 -> -6.5273632 | Q6: =N6/K6 -> 0.95104478 | S6: 0.74652778 | T6: 0.79305556 | U6: =IF(S6=TIME(17,0,0),"",(S6-T5)*24*60) -> 6 | V6: =(T6-S6)*24*60 -> 67 | AE6: =M6-J6 -> -97.910448 | AF6: =M6/J6 -> 0.95104478
A7: 新豐6線 | B7: 微波主食 | C7: 二配金咖哩濃厚辛口咖哩飯 | E7: 50.98 | F7: 2187 | G7: =E7*F7 -> 111493.26 | I7: 16 | J7: 2000 | K7: =J7/I7 -> 125 | L7: 16 | M7: =F7/V7*60 -> 1901.7391 | N7: =M7/L7 -> 118.8587 | O7: =L7-I7 -> 0 | P7: =N7-K7 -> -6.1413043 | Q7: =N7/K7 -> 0.95086957 | S7: 0.79791667 | T7: 0.84583333 | U7: =IF(S7=TIME(17,0,0),"",(S7-T6)*24*60) -> 7 | V7: =(T7-S7)*24*60 -> 69 | AE7: =M7-J7 -> -98.26087 | AF7: =M7/J7 -> 0.95086957
A8: 新豐6線 | B8: 平均 | I8: 15.333333 | J8: 2000 | K8: =J8/I8 -> 130.43478 | L8: 15.333333 | M8: =AVERAGE(M5:M7) -> 1908.3511 | N8: =M8/L8 -> 124.45768 | O8: =L8-I8 -> 0 | P8: =N8-K8 -> -5.9771049 | Q8: =N8/K8 -> 0.95417553 | Y8: =SUM(Y5:Y7) -> 0 | Z8: =SUM(Z5:Z7) -> 0 | AC8: 3 | AD8: =SUM(AD5:AD7) -> 0 | AE8: =M8-J8 -> -91.648943 | AF8: =M8/J8 -> 0.95417553
A9: 新豐2線 | B9: 沙拉 | C9: 青醬優格雞肉握沙拉(113年) | E9: 39.62 | F9: 5105 | G9: =E9*F9 -> 202260.1 | I9: 19 | J9: 1500 | K9: =J9/I9 -> 78.947368 | L9: 19 | M9: =F9/V9*60 -> 1431.3084 | N9: =M9/L9 -> 75.332022 | O9: =L9-I9 -> 0 | P9: =N9-K9 -> -3.6153468 | Q9: =N9/K9 -> 0.95420561 | R9: =Q13 -> 0.95646631 | S9: 0.083333333 | T9: 0.23194444 | V9: =(T9-S9)*24*60 -> 214 | W9: =T9 -> 0.23194444 | X9: =S10 -> 0.25069444 | AC9: 4 | AE9: =M9-J9 -> -68.691589 | AF9: =M9/J9 -> 0.95420561 | AG9: =AF13 -> 0.95646631
A10: 新豐2線 | B10: 沙拉 | C10: 青檸烤雞握沙拉(113年) | E10: 39.8 | F10: 3500 | G10: =E10*F10 -> 139300 | H10: 2 | I10: 17 | J10: 1500 | K10: =J10/I10 -> 88.235294 | L10: 17 | M10: =F10/V10*60 -> 1438.3562 | N10: =M10/L10 -> 84.609186 | O10: =L10-I10 -> 0 | P10: =N10-K10 -> -3.626108 | Q10: =N10/K10 -> 0.95890411 | S10: 0.25069444 | T10: 0.35208333 | U10: =IF(S10=TIME(17,0,0),"",(S10-T9)*24*60) -> 27 | V10: =(T10-S10)*24*60 -> 146 | AE10: =M10-J10 -> -61.643836 | AF10: =M10/J10 -> 0.95890411
A11: 新豐2線 | B11: 沙拉 | C11: 厚蛋時蔬握沙拉 | E11: 39.46 | F11: 5187 | G11: =E11*F11 -> 204679.02 | I11: 16 | J11: 1500 | K11: =J11/I11 -> 93.75 | L11: 16 | M11: =F11/V11*60 -> 1434.1935 | N11: =M11/L11 -> 89.637097 | O11: =L11-I11 -> 0 | P11: =N11-K11 -> -4.1129032 | Q11: =N11/K11 -> 0.95612903 | S11: 0.35763889 | T11: 0.50833333 | U11: =IF(S11=TIME(17,0,0),"",(S11-T10)*24*60) -> 8 | V11: =(T11-S11)*24*60 -> 217 | W11: =T11 -> 0.50833333 | X11: =S12 -> 0.54861111 | AE11: =M11-J11 -> -65.806452 | AF11: =M11/J11 -> 0.95612903
A12: 新豐2線 | B12: 沙拉 | C12: 青檸烤雞握沙拉(113年) | E12: 39.8 | F12: 3970 | G12: =E12*F12 -> 158006 | I12: 17 | J12: 1500 | K12: =J12/I12 -> 88.235294 | L12: 17 | M12: =F12/V12*60 -> 1434.9398 | N12: =M12/L12 -> 84.408221 | O12: =L12-I12 -> 0 | P12: =N12-K12 -> -3.827073 | Q12: =N12/K12 -> 0.95662651 | S12: 0.54861111 | T12: 0.66388889 | U12: =IF(S12=TIME(17,0,0),"",(S12-T11)*24*60) -> 58 | V12: =(T12-S12)*24*60 -> 166 | AE12: =M12-J12 -> -65.060241 | AF12: =M12/J12 -> 0.95662651
A13: 新豐2線 | B13: 平均 | I13: 17.25 | J13: 1500 | K13: =J13/I13 -> 86.956522 | L13: 17.25 | M13: =AVERAGE(M9:M12) -> 1434.6995 | N13: =M13/L13 -> 83.170984 | O13: =L13-I13 -> 0 | P13: =N13-K13 -> -3.7855379 | Q13: =N13/K13 -> 0.95646631 | Y13: =SUM(Y9:Y12) -> 0 | Z13: =SUM(Z9:Z12) -> 0 | AC13: 4 | AD13: =SUM(AD9:AD12) -> 0 | AE13: =M13-J13 -> -65.300529 | AF13: =M13/J13 -> 0.95646631
A14: 新豐5線 | B14: 小吃 | C14: 剝皮辣椒雞湯 | E14: 41 | F14: 1811 | G14: =E14*F14 -> 74251 | I14: 26 | J14: 1500 | K14: =J14/I14 -> 57.692308 | L14: 26 | M14: =F14/V14*60 -> 1429.7368 | N14: =M14/L14 -> 54.989879 | O14: =L14-I14 -> 0 | P14: =N14-K14 -> -2.7024291 | Q14: =N14/K14 -> 0.95315789 | R14: =Q18 -> 0.95859196 | S14: 0.20833333 | T14: 0.26111111 | V14: =(T14-S14)*24*60 -> 76 | AC14: 4 | AE14: =M14-J14 -> -70.263158 | AF14: =M14/J14 -> 0.95315789 | AG14: =AF18 -> 0.95859196
A15: 新豐5線 | B15: 微波主食 | C15: 二配起司控培根白醬焗烤飯 | E15: 53.68 | F15: 1149 | G15: =E15*F15 -> 61678.32 | I15: 16 | J15: 1500 | K15: =J15/I15 -> 93.75 | L15: 16 | M15: =F15/V15*60 -> 1436.25 | N15: =M15/L15 -> 89.765625 | O15: =L15-I15 -> 0 | P15: =N15-K15 -> -3.984375 | Q15: =N15/K15 -> 0.9575 | S15: 0.70833333 | T15: 0.74166667 | U15: =IF(S15=TIME(17,0,0),"",(S15-T14)*24*60) | V15: =(T15-S15)*24*60 -> 48 | AE15: =M15-J15 -> -63.75 | AF15: =M15/J15 -> 0.9575
A16: 新豐5線 | B16: 微波主食 | C16: 二配蔥爆牛肉燴飯 | E16: 52.86 | F16: 1631 | G16: =E16*F16 -> 86214.66 | I16: 16 | J16: 2000 | K16: =J16/I16 -> 125 | L16: 16 | M16: =F16/V16*60 -> 1918.8235 | N16: =M16/L16 -> 119.92647 | O16: =L16-I16 -> 0 | P16: =N16-K16 -> -5.0735294 | Q16: =N16/K16 -> 0.95941176 | S16: 0.74583333 | T16: 0.78125 | U16: =IF(S16=TIME(17,0,0),"",(S16-T15)*24*60) -> 6 | V16: =(T16-S16)*24*60 -> 51 | AE16: =M16-J16 -> -81.176471 | AF16: =M16/J16 -> 0.95941176
A17: 新豐5線 | B17: 微波主食 | C17: 二配港式香滑嫩蛋牛肉燴飯 | E17: 50.67 | F17: 1444 | G17: =E17*F17 -> 73167.48 | I17: 17 | J17: 2000 | K17: =J17/I17 -> 117.64706 | L17: 17 | M17: =F17/V17*60 -> 1925.3333 | N17: =M17/L17 -> 113.2549 | O17: =L17-I17 -> 0 | P17: =N17-K17 -> -4.3921569 | Q17: =N17/K17 -> 0.96266667 | S17: 0.78680556 | T17: 0.81805556 | U17: =IF(S17=TIME(17,0,0),"",(S17-T16)*24*60) -> 8 | V17: =(T17-S17)*24*60 -> 45 | AE17: =M17-J17 -> -74.666667 | AF17: =M17/J17 -> 0.96266667
A18: 新豐5線 | B18: 平均 | I18: 18.75 | J18: 1750 | K18: =J18/I18 -> 93.333333 | L18: 18.75 | M18: =AVERAGE(M14:M17) -> 1677.5359 | N18: =M18/L18 -> 89.468583 | O18: =L18-I18 -> 0 | P18: =N18-K18 -> -3.8647506 | Q18: =N18/K18 -> 0.95859196 | Y18: =SUM(Y14:Y17) -> 0 | Z18: =SUM(Z14:Z17) -> 0 | AC18: 4 | AD18: =SUM(AD14:AD17) -> 0 | AE18: =M18-J18 -> -72.464074 | AF18: =M18/J18 -> 0.95859196
A19: 新豐7線 | B19: 微波主食 | C19: 韓式燒肉拌飯 | E19: 54.09 | F19: 1713 | G19: =E19*F19 -> 92656.17 | I19: 17 | J19: 1500 | K19: =J19/I19 -> 88.235294 | L19: 17 | M19: =F19/V19*60 -> 1447.6056 | N19: =M19/L19 -> 85.153273 | O19: =L19-I19 -> 0 | P19: =N19-K19 -> -3.0820215 | Q19: =N19/K19 -> 0.96507042 | R19: =Q26 -> 0.95979335 | S19: 0.20833333 | T19: 0.25763889 | V19: =(T19-S19)*24*60 -> 71 | AC19: 7 | AE19: =M19-J19 -> -52.394366 | AF19: =M19/J19 -> 0.96507042 | AG19: =AF26 -> 0.95979335
A20: 新豐7線 | B20: 微波主食 | C20: 韓式泡菜豬肉豆腐丼飯 | E20: 50.67 | F20: 2022 | G20: =E20*F20 -> 102454.74 | I20: 17 | J20: 2000 | K20: =J20/I20 -> 117.64706 | L20: 17 | M20: =F20/V20*60 -> 1925.7143 | N20: =M20/L20 -> 113.27731 | O20: =L20-I20 -> 0 | P20: =N20-K20 -> -4.3697479 | Q20: =N20/K20 -> 0.96285714 | S20: 0.26319444 | T20: 0.30694444 | U20: =IF(S20=TIME(17,0,0),"",(S20-T19)*24*60) -> 8 | V20: =(T20-S20)*24*60 -> 63 | AE20: =M20-J20 -> -74.285714 | AF20: =M20/J20 -> 0.96285714
A21: 新豐7線 | B21: 微波主食 | C21: 鐵板滑蛋炸豬排丼 | E21: 57.73 | F21: 2249 | G21: =E21*F21 -> 129834.77 | I21: 14 | J21: 2000 | K21: =J21/I21 -> 142.85714 | L21: 14 | M21: =F21/V21*60 -> 1927.7143 | N21: =M21/L21 -> 137.69388 | O21: =L21-I21 -> 0 | P21: =N21-K21 -> -5.1632653 | Q21: =N21/K21 -> 0.96385714 | S21: 0.31111111 | T21: 0.35972222 | U21: =IF(S21=TIME(17,0,0),"",(S21-T20)*24*60) -> 6 | V21: =(T21-S21)*24*60 -> 70 | AE21: =M21-J21 -> -72.285714 | AF21: =M21/J21 -> 0.96385714
A22: 新豐7線 | B22: 微波主食 | C22: 日式炙烤親子丼 | E22: 53.27 | F22: 2043 | G22: =E22*F22 -> 108830.61 | I22: 16 | J22: 2000 | K22: =J22/I22 -> 125 | L22: 16 | M22: =F22/V22*60 -> 1915.3125 | N22: =M22/L22 -> 119.70703 | O22: =L22-I22 -> 0 | P22: =N22-K22 -> -5.2929688 | Q22: =N22/K22 -> 0.95765625 | S22: 0.36458333 | T22: 0.40902778 | U22: =IF(S22=TIME(17,0,0),"",(S22-T21)*24*60) -> 7 | V22: =(T22-S22)*24*60 -> 64 | AE22: =M22-J22 -> -84.6875 | AF22: =M22/J22 -> 0.95765625
A23: 新豐7線 | B23: 微波主食 | C23: 香菇雞粥 | E23: 37.03 | F23: 2275 | G23: =E23*F23 -> 84243.25 | I23: 13 | J23: 1500 | K23: =J23/I23 -> 115.38462 | L23: 13 | M23: =F23/V23*60 -> 1436.8421 | N23: =M23/L23 -> 110.52632 | O23: =L23-I23 -> 0 | P23: =N23-K23 -> -4.8582996 | Q23: =N23/K23 -> 0.95789474 | S23: 0.41388889 | T23: 0.47986111 | U23: =IF(S23=TIME(17,0,0),"",(S23-T22)*24*60) -> 7 | V23: =(T23-S23)*24*60 -> 95 | AE23: =M23-J23 -> -63.157895 | AF23: =M23/J23 -> 0.95789474
A24: 新豐7線 | B24: 微波主食 | C24: 二配川味麻婆燒豆腐燴飯 | E24: 50.49 | F24: 1885 | G24: =E24*F24 -> 95173.65 | I24: 15 | J24: 2000 | K24: =J24/I24 -> 133.33333 | L24: 15 | M24: =F24/V24*60 -> 1916.9492 | N24: =M24/L24 -> 127.79661 | O24: =L24-I24 -> 0 | P24: =N24-K24 -> -5.5367232 | Q24: =N24/K24 -> 0.95847458 | S24: 0.70833333 | T24: 0.74930556 | U24: =IF(S24=TIME(17,0,0),"",(S24-T23)*24*60) | V24: =(T24-S24)*24*60 -> 59 | AE24: =M24-J24 -> -83.050847 | AF24: =M24/J24 -> 0.95847458
A25: 新豐7線 | B25: 微波主食 | C25: 二配厚香料優格咖哩雞排飯 | E25: 56.43 | F25: 4164 | G25: =E25*F25 -> 234974.52 | I25: 13 | J25: 2000 | K25: =J25/I25 -> 153.84615 | L25: 13 | M25: =F25/V25*60 -> 1907.1756 | N25: =M25/L25 -> 146.70581 | O25: =L25-I25 -> 0 | P25: =N25-K25 -> -7.1403406 | Q25: =N25/K25 -> 0.95358779 | S25: 0.75277778 | T25: 0.84375 | U25: =IF(S25=TIME(17,0,0),"",(S25-T24)*24*60) -> 5 | V25: =(T25-S25)*24*60 -> 131 | AE25: =M25-J25 -> -92.824427 | AF25: =M25/J25 -> 0.95358779
A26: 新豐7線 | B26: 平均 | I26: 15 | J26: 1857.1429 | K26: =J26/I26 -> 123.80952 | L26: 15 | M26: =AVERAGE(M19:M25) -> 1782.4734 | N26: =M26/L26 -> 118.83156 | O26: =L26-I26 -> 0 | P26: =N26-K26 -> -4.9779663 | Q26: =N26/K26 -> 0.95979335 | Y26: =SUM(Y19:Y25) -> 0 | Z26: =SUM(Z19:Z25) -> 0 | AC26: 7 | AD26: =SUM(AD19:AD25) -> 0 | AE26: =M26-J26 -> -74.669495 | AF26: =M26/J26 -> 0.95979335
A27: 新豐8線 | B27: 三明治 | C27: 紐奧良風味烤雞鮮蔬三明治 | E27: 31.29 | F27: 6000 | G27: =E27*F27 -> 187740 | H27: 2 | I27: 18 | J27: 2400 | K27: =J27/I27 -> 133.33333 | L27: 18 | M27: =F27/V27*60 -> 2292.9936 | N27: =M27/L27 -> 127.38854 | O27: =L27-I27 -> 0 | P27: =N27-K27 -> -5.9447983 | Q27: =N27/K27 -> 0.95541401 | R27: =Q33 -> 0.95677925 | S27: 0.083333333 | T27: 0.19236111 | V27: =(T27-S27)*24*60 -> 157 | W27: =T27 -> 0.19236111 | X27: =S28 -> 0.21041667 | AC27: 6 | AE27: =M27-J27 -> -107.00637 | AF27: =M27/J27 -> 0.95541401 | AG27: =AF33 -> 0.95677925
A28: 新豐8線 | B28: 三明治 | C28: 醬燒烤雞三明治(115年) | E28: 26.37 | F28: 7009 | G28: =E28*F28 -> 184827.33 | I28: 18 | J28: 2400 | K28: =J28/I28 -> 133.33333 | L28: 18 | M28: =F28/V28*60 -> 2285.5435 | N28: =M28/L28 -> 126.97464 | O28: =L28-I28 -> 0 | P28: =N28-K28 -> -6.3586957 | Q28: =N28/K28 -> 0.95230978 | S28: 0.21041667 | T28: 0.33819444 | U28: =(S28-T27)*24*60 -> 26 | V28: =(T28-S28)*24*60 -> 184 | AE28: =M28-J28 -> -114.45652 | AF28: =M28/J28 -> 0.95230978
A29: 新豐8線 | B29: 三明治 | C29: 鮪魚起司溏心蛋三明治(115年) | E29: 26.18 | F29: 4600 | G29: =E29*F29 -> 120428 | H29: 2 | I29: 18 | J29: 2400 | K29: =J29/I29 -> 133.33333 | L29: 18 | M29: =F29/V29*60 -> 2300 | N29: =M29/L29 -> 127.77778 | O29: =L29-I29 -> 0 | P29: =N29-K29 -> -5.5555556 | Q29: =N29/K29 -> 0.95833333 | S29: 0.34166667 | T29: 0.425 | U29: =(S29-T28)*24*60 -> 5 | V29: =(T29-S29)*24*60 -> 120 | AE29: =M29-J29 -> -100 | AF29: =M29/J29 -> 0.95833333
A30: 新豐8線 | B30: 三明治 | C30: 雞蛋沙拉三明治(114年) | E30: 25.99 | F30: 4417 | G30: =E30*F30 -> 114797.83 | I30: 14 | J30: 2400 | K30: =J30/I30 -> 171.42857 | L30: 14 | M30: =F30/V30*60 -> 2304.5217 | N30: =M30/L30 -> 164.6087 | O30: =L30-I30 -> 0 | P30: =N30-K30 -> -6.8198758 | Q30: =N30/K30 -> 0.96021739 | S30: 0.42916667 | T30: 0.50902778 | U30: =(S30-T29)*24*60 -> 6 | V30: =(T30-S30)*24*60 -> 115 | W30: =T30 -> 0.50902778 | X30: =S31 -> 0.54861111 | AE30: =M30-J30 -> -95.478261 | AF30: =M30/J30 -> 0.96021739
A31: 新豐8線 | B31: 三明治 | C31: 紐奧良風味烤雞鮮蔬三明治 | E31: 31.29 | F31: 3988 | G31: =E31*F31 -> 124784.52 | I31: 18 | J31: 2400 | K31: =J31/I31 -> 133.33333 | L31: 18 | M31: =F31/V31*60 -> 2300.7692 | N31: =M31/L31 -> 127.82051 | O31: =L31-I31 -> 0 | P31: =N31-K31 -> -5.5128205 | Q31: =N31/K31 -> 0.95865385 | S31: 0.54861111 | T31: 0.62083333 | U31: =(S31-T30)*24*60 -> 57 | V31: =(T31-S31)*24*60 -> 104 | AE31: =M31-J31 -> -99.230769 | AF31: =M31/J31 -> 0.95865385
A32: 新豐8線 | B32: 三明治 | C32: 鮪魚起司溏心蛋三明治(115年) | E32: 26.18 | F32: 3326 | G32: =E32*F32 -> 87074.68 | I32: 18 | J32: 2400 | K32: =J32/I32 -> 133.33333 | L32: 18 | M32: =F32/V32*60 -> 2293.7931 | N32: =M32/L32 -> 127.43295 | O32: =L32-I32 -> 0 | P32: =N32-K32 -> -5.9003831 | Q32: =N32/K32 -> 0.95574713 | S32: 0.625 | T32: 0.68541667 | U32: =(S32-T31)*24*60 -> 6 | V32: =(T32-S32)*24*60 -> 87 | AE32: =M32-J32 -> -106.2069 | AF32: =M32/J32 -> 0.95574713
A33: 新豐8線 | B33: 平均 | I33: 17.333333 | J33: 2400 | K33: =J33/I33 -> 138.46154 | L33: 17.333333 | M33: =AVERAGE(M27:M32) -> 2296.2702 | N33: =M33/L33 -> 132.47713 | O33: =L33-I33 -> 0 | P33: =N33-K33 -> -5.9844117 | Q33: =N33/K33 -> 0.95677925 | Y33: =SUM(Y27:Y32) -> 0 | Z33: =SUM(Z27:Z32) -> 0 | AC33: 6 | AD33: =SUM(AD27:AD32) -> 0 | AE33: =M33-J33 -> -103.7298 | AF33: =M33/J33 -> 0.95677925
A34: 新豐9線 | B34: 三明治 | C34: 經典總匯三明治(115年) | E34: 26.18 | F34: 3900 | G34: =E34*F34 -> 102102 | H34: 2 | I34: 20 | J34: 2400 | K34: =J34/I34 -> 120 | L34: 20 | M34: =F34/V34*60 -> 2294.1176 | N34: =M34/L34 -> 114.70588 | O34: =L34-I34 -> 0 | P34: =N34-K34 -> -5.2941176 | Q34: =N34/K34 -> 0.95588235 | R34: =Q42 -> 0.95668499 | S34: 0.083333333 | T34: 0.15416667 | V34: =(T34-S34)*24*60 -> 102 | W34: =T34 -> 0.15416667 | X34: =S35 -> 0.17569444 | AC34: 8 | AE34: =M34-J34 -> -105.88235 | AF34: =M34/J34 -> 0.95588235 | AG34: =AF42 -> 0.95668499
A35: 新豐9線 | B35: 三明治 | C35: 經典火腿玉米蛋三明治 | E35: 24.43 | F35: 4000 | G35: =E35*F35 -> 97720 | H35: 2 | I35: 14 | J35: 2400 | K35: =J35/I35 -> 171.42857 | L35: 14 | M35: =F35/V35*60 -> 2285.7143 | N35: =M35/L35 -> 163.26531 | O35: =L35-I35 -> 0 | P35: =N35-K35 -> -8.1632653 | Q35: =N35/K35 -> 0.95238095 | S35: 0.17569444 | T35: 0.24861111 | U35: =(S35-T34)*24*60 -> 31 | V35: =(T35-S35)*24*60 -> 105 | AE35: =M35-J35 -> -114.28571 | AF35: =M35/J35 -> 0.95238095
A36: 新豐9線 | B36: 三明治 | C36: 好多蛋三明治 | E36: 34.1 | F36: 4000 | G36: =E36*F36 -> 136400 | H36: 2 | I36: 17 | J36: 1600 | K36: =J36/I36 -> 94.117647 | L36: 17 | M36: =F36/V36*60 -> 1528.6624 | N36: =M36/L36 -> 89.921319 | O36: =L36-I36 -> 0 | P36: =N36-K36 -> -4.1963282 | Q36: =N36/K36 -> 0.95541401 | S36: 0.25277778 | T36: 0.36180556 | U36: =(S36-T35)*24*60 -> 6 | V36: =(T36-S36)*24*60 -> 157 | AE36: =M36-J36 -> -71.33758 | AF36: =M36/J36 -> 0.95541401
A37: 新豐9線 | B37: 三明治 | C37: 好多菜三明治(114年) | E37: 25.98 | F37: 3438 | G37: =E37*F37 -> 89319.24 | I37: 19 | J37: 2400 | K37: =J37/I37 -> 126.31579 | L37: 19 | M37: =F37/V37*60 -> 2292 | N37: =M37/L37 -> 120.63158 | O37: =L37-I37 -> 0 | P37: =N37-K37 -> -5.6842105 | Q37: =N37/K37 -> 0.955 | S37: 0.36666667 | T37: 0.42916667 | U37: =(S37-T36)*24*60 -> 7 | V37: =(T37-S37)*24*60 -> 90 | AE37: =M37-J37 -> -108 | AF37: =M37/J37 -> 0.955
A38: 新豐9線 | B38: 三明治 | C38: 茄汁厚起司三明治 | E38: 25.99 | F38: 3193 | G38: =E38*F38 -> 82986.07 | I38: 18 | J38: 2400 | K38: =J38/I38 -> 133.33333 | L38: 18 | M38: =F38/V38*60 -> 2308.1928 | N38: =M38/L38 -> 128.23293 | O38: =L38-I38 -> 0 | P38: =N38-K38 -> -5.1004016 | Q38: =N38/K38 -> 0.96174699 | S38: 0.43472222 | T38: 0.49236111 | U38: =(S38-T37)*24*60 -> 8 | V38: =(T38-S38)*24*60 -> 83 | W38: =T38 -> 0.49236111 | X38: =S39 -> 0.53333333 | AE38: =M38-J38 -> -91.807229 | AF38: =M38/J38 -> 0.96174699
A39: 新豐9線 | B39: 三明治 | C39: 好多蛋三明治 | E39: 34.1 | F39: 2960 | G39: =E39*F39 -> 100936 | I39: 17 | J39: 1600 | K39: =J39/I39 -> 94.117647 | L39: 17 | M39: =F39/V39*60 -> 1531.0345 | N39: =M39/L39 -> 90.060852 | O39: =L39-I39 -> 0 | P39: =N39-K39 -> -4.0567951 | Q39: =N39/K39 -> 0.95689655 | S39: 0.53333333 | T39: 0.61388889 | U39: =(S39-T38)*24*60 -> 59 | V39: =(T39-S39)*24*60 -> 116 | AE39: =M39-J39 -> -68.965517 | AF39: =M39/J39 -> 0.95689655
A40: 新豐9線 | B40: 三明治 | C40: 經典火腿玉米蛋三明治 | E40: 24.43 | F40: 3079 | G40: =E40*F40 -> 75219.97 | I40: 14 | J40: 2400 | K40: =J40/I40 -> 171.42857 | L40: 14 | M40: =F40/V40*60 -> 2309.25 | N40: =M40/L40 -> 164.94643 | O40: =L40-I40 -> 0 | P40: =N40-K40 -> -6.4821429 | Q40: =N40/K40 -> 0.9621875 | S40: 0.61875 | T40: 0.67430556 | U40: =(S40-T39)*24*60 -> 7 | V40: =(T40-S40)*24*60 -> 80 | AE40: =M40-J40 -> -90.75 | AF40: =M40/J40 -> 0.9621875
A41: 新豐9線 | B41: 三明治 | C41: 經典總匯三明治(115年) | E41: 26.18 | F41: 2899 | G41: =E41*F41 -> 75895.82 | I41: 20 | J41: 2400 | K41: =J41/I41 -> 120 | L41: 20 | M41: =F41/V41*60 -> 2288.6842 | N41: =M41/L41 -> 114.43421 | O41: =L41-I41 -> 0 | P41: =N41-K41 -> -5.5657895 | Q41: =N41/K41 -> 0.95361842 | S41: 0.67777778 | T41: 0.73055556 | U41: =(S41-T40)*24*60 -> 5 | V41: =(T41-S41)*24*60 -> 76 | AE41: =M41-J41 -> -111.31579 | AF41: =M41/J41 -> 0.95361842
A42: 新豐9線 | B42: 平均 | I42: 17.375 | J42: 2200 | K42: =J42/I42 -> 126.61871 | L42: 17.375 | M42: =AVERAGE(M34:M41) -> 2104.707 | N42: =M42/L42 -> 121.13421 | O42: =L42-I42 -> 0 | P42: =N42-K42 -> -5.4844905 | Q42: =N42/K42 -> 0.95668499 | Y42: =SUM(Y34:Y41) -> 0 | Z42: =SUM(Z34:Z41) -> 0 | AC42: 8 | AD42: =SUM(AD34:AD41) -> 0 | AE42: =M42-J42 -> -95.293023 | AF42: =M42/J42 -> 0.95668499
A43: 新豐3線 | B43: 調理麵包 | C43: 黑胡椒豬肉鐵板炒麵麵包 | E43: 37.88 | F43: 1709 | G43: =E43*F43 -> 64736.92 | I43: 13 | J43: 2000 | K43: =J43/I43 -> 153.84615 | L43: 13 | M43: =F43/V43*60 -> 1934.717 | N43: =M43/L43 -> 148.82438 | O43: =L43-I43 -> 0 | P43: =N43-K43 -> -5.0217707 | Q43: =N43/K43 -> 0.96735849 | R43: =Q47 -> 0.95855176 | S43: 0.083333333 | T43: 0.12013889 | V43: =(T43-S43)*24*60 -> 53 | W43: =T43 -> 0.12013889 | X43: =S44 -> 0.13958333 | AC43: 4 | AE43: =M43-J43 -> -65.283019 | AF43: =M43/J43 -> 0.96735849 | AG43: =AF47 -> 0.95855176
A44: 新豐3線 | B44: 調理麵包 | C44: 經典雙牛起司堡(113年) | E44: 35.12 | F44: 5651 | G44: =E44*F44 -> 198463.12 | I44: 10 | J44: 3000 | K44: =J44/I44 -> 300 | L44: 10 | M44: =F44/V44*60 -> 2873.3898 | N44: =M44/L44 -> 287.33898 | O44: =L44-I44 -> 0 | P44: =N44-K44 -> -12.661017 | Q44: =N44/K44 -> 0.95779661 | S44: 0.13958333 | T44: 0.22152778 | U44: =(S44-T43)*24*60 -> 28 | V44: =(T44-S44)*24*60 -> 118 | AE44: =M44-J44 -> -126.61017 | AF44: =M44/J44 -> 0.95779661
A45: 新豐3線 | B45: 調理麵包 | C45: 豬肉起司堡 | E45: 21.13 | F45: 5456 | G45: =E45*F45 -> 115285.28 | I45: 10 | J45: 3000 | K45: =J45/I45 -> 300 | L45: 10 | M45: =F45/V45*60 -> 2871.5789 | N45: =M45/L45 -> 287.15789 | O45: =L45-I45 -> 0 | P45: =N45-K45 -> -12.842105 | Q45: =N45/K45 -> 0.95719298 | S45: 0.225 | T45: 0.30416667 | U45: =(S45-T44)*24*60 -> 5 | V45: =(T45-S45)*24*60 -> 114 | AE45: =M45-J45 -> -128.42105 | AF45: =M45/J45 -> 0.95719298
A46: 新豐3線 | B46: 調理麵包 | C46: 豬肉起司蛋堡 | E46: 27.17 | F46: 6970 | G46: =E46*F46 -> 189374.9 | I46: 10 | J46: 3000 | K46: =J46/I46 -> 300 | L46: 10 | M46: =F46/V46*60 -> 2864.3836 | N46: =M46/L46 -> 286.43836 | O46: =L46-I46 -> 0 | P46: =N46-K46 -> -13.561644 | Q46: =N46/K46 -> 0.95479452 | S46: 0.30902778 | T46: 0.41041667 | U46: =(S46-T45)*24*60 -> 7 | V46: =(T46-S46)*24*60 -> 146 | AE46: =M46-J46 -> -135.61644 | AF46: =M46/J46 -> 0.95479452
A47: 新豐3線 | B47: 平均 | I47: 10.75 | J47: 2750 | K47: =J47/I47 -> 255.81395 | L47: 10.75 | M47: =AVERAGE(M43:M46) -> 2636.0173 | N47: =M47/L47 -> 245.21091 | O47: =L47-I47 -> 0 | P47: =N47-K47 -> -10.603039 | Q47: =N47/K47 -> 0.95855176 | Y47: =SUM(Y43:Y46) -> 0 | Z47: =SUM(Z43:Z46) -> 0 | AC47: 4 | AD47: =SUM(AD43:AD46) -> 0 | AE47: =M47-J47 -> -113.98267 | AF47: =M47/J47 -> 0.95855176
A48: 新豐1線 | B48: 沙拉 | C48: 莎莎烤雞麵沙拉 | E48: 46 | F48: 2439 | G48: =E48*F48 -> 112194 | I48: 16 | J48: 2000 | K48: =J48/I48 -> 125 | L48: 16 | M48: =F48/V48*60 -> 1900.5195 | N48: =M48/L48 -> 118.78247 | O48: =L48-I48 -> 0 | P48: =N48-K48 -> -6.2175325 | Q48: =N48/K48 -> 0.95025974 | R48: =Q55 -> 0.95703125 | S48: 0.20833333 | T48: 0.26180556 | V48: =(T48-S48)*24*60 -> 77 | AC48: 7 | AE48: =M48-J48 -> -99.480519 | AF48: =M48/J48 -> 0.95025974 | AG48: =AF55 -> 0.95703125
A49: 新豐1線 | B49: 沙拉 | C49: 蔥鹽雞肉麵沙拉(114年) | E49: 46 | F49: 3522 | G49: =E49*F49 -> 162012 | I49: 16 | J49: 2000 | K49: =J49/I49 -> 125 | L49: 16 | M49: =F49/V49*60 -> 1903.7838 | N49: =M49/L49 -> 118.98649 | O49: =L49-I49 -> 0 | P49: =N49-K49 -> -6.0135135 | Q49: =N49/K49 -> 0.95189189 | S49: 0.26597222 | T49: 0.34305556 | U49: =IF(S49=TIME(17,0,0),"",(S49-T48)*24*60) -> 6 | V49: =(T49-S49)*24*60 -> 111 | AE49: =M49-J49 -> -96.216216 | AF49: =M49/J49 -> 0.95189189
A50: 新豐1線 | B50: 微波主食 | C50: 好多蒜燒豚飯 | E50: 51.75 | F50: 799 | G50: =E50*F50 -> 41348.25 | I50: 25 | J50: 2000 | K50: =J50/I50 -> 80 | L50: 25 | M50: =F50/V50*60 -> 1917.6 | N50: =M50/L50 -> 76.704 | O50: =L50-I50 -> 0 | P50: =N50-K50 -> -3.296 | Q50: =N50/K50 -> 0.9588 | S50: 0.34722222 | T50: 0.36458333 | U50: =IF(S50=TIME(17,0,0),"",(S50-T49)*24*60) -> 6 | V50: =(T50-S50)*24*60 -> 25 | AE50: =M50-J50 -> -82.4 | AF50: =M50/J50 -> 0.9588
A51: 新豐1線 | B51: 微波主食 | C51: 壹號醬雞豚雙拼 | E51: 56.43 | F51: 1457 | G51: =E51*F51 -> 82218.51 | I51: 22 | J51: 2000 | K51: =J51/I51 -> 90.909091 | L51: 22 | M51: =F51/V51*60 -> 1942.6667 | N51: =M51/L51 -> 88.30303 | O51: =L51-I51 -> 0 | P51: =N51-K51 -> -2.6060606 | Q51: =N51/K51 -> 0.97133333 | S51: 0.37013889 | T51: 0.40138889 | U51: =IF(S51=TIME(17,0,0),"",(S51-T50)*24*60) -> 8 | V51: =(T51-S51)*24*60 -> 45 | AE51: =M51-J51 -> -57.333333 | AF51: =M51/J51 -> 0.97133333
A52: 新豐1線 | B52: 微波主食 | C52: 爆炒雞丁飯 | E52: 59.04 | F52: 3506 | G52: =E52*F52 -> 206994.24 | I52: 19 | J52: 2000 | K52: =J52/I52 -> 105.26316 | L52: 19 | M52: =F52/V52*60 -> 1912.3636 | N52: =M52/L52 -> 100.65072 | O52: =L52-I52 -> 0 | P52: =N52-K52 -> -4.6124402 | Q52: =N52/K52 -> 0.95618182 | S52: 0.40694444 | T52: 0.48333333 | U52: =IF(S52=TIME(17,0,0),"",(S52-T51)*24*60) -> 8 | V52: =(T52-S52)*24*60 -> 110 | AE52: =M52-J52 -> -87.636364 | AF52: =M52/J52 -> 0.95618182
A53: 新豐1線 | B53: 微波主食 | C53: 二配香辣醬蒜味香腸蛋炒飯 | E53: 55.56 | F53: 2063 | G53: =E53*F53 -> 114620.28 | I53: 17 | J53: 2000 | K53: =J53/I53 -> 117.64706 | L53: 17 | M53: =F53/V53*60 -> 1904.3077 | N53: =M53/L53 -> 112.0181 | O53: =L53-I53 -> 0 | P53: =N53-K53 -> -5.6289593 | Q53: =N53/K53 -> 0.95215385 | S53: 0.70833333 | T53: 0.75347222 | U53: =IF(S53=TIME(17,0,0),"",(S53-T52)*24*60) | V53: =(T53-S53)*24*60 -> 65 | AE53: =M53-J53 -> -95.692308 | AF53: =M53/J53 -> 0.95215385
A54: 新豐1線 | B54: 微波主食 | C54: 二配打拋風味豬肉飯 | E54: 51.06 | F54: 3419 | G54: =E54*F54 -> 174574.14 | I54: 13 | J54: 2000 | K54: =J54/I54 -> 153.84615 | L54: 13 | M54: =F54/V54*60 -> 1917.1963 | N54: =M54/L54 -> 147.47664 | O54: =L54-I54 -> 0 | P54: =N54-K54 -> -6.3695183 | Q54: =N54/K54 -> 0.95859813 | S54: 0.75833333 | T54: 0.83263889 | U54: =IF(S54=TIME(17,0,0),"",(S54-T53)*24*60) -> 7 | V54: =(T54-S54)*24*60 -> 107 | AE54: =M54-J54 -> -82.803738 | AF54: =M54/J54 -> 0.95859813
A55: 新豐1線 | B55: 平均 | I55: 18.285714 | J55: 2000 | K55: =J55/I55 -> 109.375 | L55: 18.285714 | M55: =AVERAGE(M48:M54) -> 1914.0625 | N55: =M55/L55 -> 104.67529 | O55: =L55-I55 -> 0 | P55: =N55-K55 -> -4.6997069 | Q55: =N55/K55 -> 0.95703125 | Y55: =SUM(Y48:Y54) -> 0 | Z55: =SUM(Z48:Z54) -> 0 | AC55: 7 | AD55: =SUM(AD48:AD54) -> 0 | AE55: =M55-J55 -> -85.937497 | AF55: =M55/J55 -> 0.95703125
A56: 新豐10線 | B56: 調理麵包 | C56: 厚豆腐蛋白蕈菇豬肉堡 | E56: 34.36 | F56: 2308 | G56: =E56*F56 -> 79302.88 | I56: 10 | J56: 3000 | K56: =J56/I56 -> 300 | L56: 10 | M56: =F56/V56*60 -> 2885 | N56: =M56/L56 -> 288.5 | O56: =L56-I56 -> 0 | P56: =N56-K56 -> -11.5 | Q56: =N56/K56 -> 0.96166667 | R56: =Q61 -> 0.96516783 | S56: 0.20833333 | T56: 0.24166667 | V56: =(T56-S56)*24*60 -> 48 | AC56: 5 | AE56: =M56-J56 -> -115 | AF56: =M56/J56 -> 0.96166667 | AG56: =AF61 -> 0.96516783
A57: 新豐10線 | B57: 調理麵包 | C57: 茄汁薯餅蛋堡 | E57: 34.36 | F57: 1185 | G57: =E57*F57 -> 40716.6 | I57: 10 | J57: 3000 | K57: =J57/I57 -> 300 | L57: 10 | M57: =F57/V57*60 -> 2962.5 | N57: =M57/L57 -> 296.25 | O57: =L57-I57 -> 0 | P57: =N57-K57 -> -3.75 | Q57: =N57/K57 -> 0.9875 | S57: 0.24652778 | T57: 0.26319444 | U57: =(S57-T56)*24*60 -> 7 | V57: =(T57-S57)*24*60 -> 24 | AE57: =M57-J57 -> -37.5 | AF57: =M57/J57 -> 0.9875
A58: 新豐10線 | B58: 調理麵包 | C58: 香雞蛋堡(112年) | E58: 26.78 | F58: 2621 | G58: =E58*F58 -> 70190.38 | I58: 10 | J58: 3000 | K58: =J58/I58 -> 300 | L58: 10 | M58: =F58/V58*60 -> 2859.2727 | N58: =M58/L58 -> 285.92727 | O58: =L58-I58 -> 0 | P58: =N58-K58 -> -14.072727 | Q58: =N58/K58 -> 0.95309091 | S58: 0.26666667 | T58: 0.30486111 | U58: =(S58-T57)*24*60 -> 5 | V58: =(T58-S58)*24*60 -> 55 | AE58: =M58-J58 -> -140.72727 | AF58: =M58/J58 -> 0.95309091
A59: 新豐10線 | B59: 調理麵包 | C59: 美式雞腿堡 | E59: 35.87 | F59: 3980 | G59: =E59*F59 -> 142762.6 | I59: 9 | J59: 3000 | K59: =J59/I59 -> 333.33333 | L59: 9 | M59: =F59/V59*60 -> 2877.1084 | N59: =M59/L59 -> 319.67871 | O59: =L59-I59 -> 0 | P59: =N59-K59 -> -13.654618 | Q59: =N59/K59 -> 0.95903614 | S59: 0.30972222 | T59: 0.36736111 | U59: =(S59-T58)*24*60 -> 7 | V59: =(T59-S59)*24*60 -> 83 | AE59: =M59-J59 -> -122.89157 | AF59: =M59/J59 -> 0.95903614
A60: 新豐10線 | B60: 調理麵包 | C60: 黃金魚堡(114年) | E60: 34.35 | F60: 2122 | G60: =E60*F60 -> 72890.7 | I60: 8 | J60: 3000 | K60: =J60/I60 -> 375 | L60: 8 | M60: =F60/V60*60 -> 2893.6364 | N60: =M60/L60 -> 361.70455 | O60: =L60-I60 -> 0 | P60: =N60-K60 -> -13.295455 | Q60: =N60/K60 -> 0.96454545 | S60: 0.37152778 | T60: 0.40208333 | U60: =(S60-T59)*24*60 -> 6 | V60: =(T60-S60)*24*60 -> 44 | AE60: =M60-J60 -> -106.36364 | AF60: =M60/J60 -> 0.96454545
A61: 新豐10線 | B61: 平均 | I61: 9.4 | J61: 3000 | K61: =J61/I61 -> 319.14894 | L61: 9.4 | M61: =AVERAGE(M56:M60) -> 2895.5035 | N61: =M61/L61 -> 308.03229 | O61: =L61-I61 -> 0 | P61: =N61-K61 -> -11.116648 | Q61: =N61/K61 -> 0.96516783 | Y61: =SUM(Y56:Y60) -> 0 | Z61: =SUM(Z56:Z60) -> 0 | AC61: 5 | AD61: =SUM(AD56:AD60) -> 0 | AE61: =M61-J61 -> -104.4965 | AF61: =M61/J61 -> 0.96516783
