Workbook

Sheet 0331
B1: 屏榮 新豐廠組合室生產人時性分析
B3: 日期 | C3: =TEXT('0331 4度C'!A2,"yyyy.mm.ddaaaa") -> 2026.03.31星期二 | E3: 訂單量 | F3: ='0331 4度C'!D1 -> 165261 | H3: 營業額 | I3: ='0331 4度C'!F1 -> 5479936.7
B4: 人時性 | C4: 項目 | E4: ➀ | G4: ➁ | I4: ➂ | K4: 異常停線 | M4: 短暫停線
C5: 組合室 | E5: 全溫層 | G5: 4度C-各編組展開 | I5: ③三明治-各編組展開 | K5: 合計次數 | L5: 時間 | M5: 合計次數 | N5: 設備次數
C6: 排關平均 | E6: =AVERAGE(D13:M13) -> 155.66761 | F6: =AVERAGE(D31:O31,D13:J13) -> 161.87503 | G6: =AVERAGE(D13:J13) -> 161.87503 | I6: =AVERAGE(K13:M13) -> 141.18362 | K6: ='0331 4度C'!Y2 -> 0 | L6: ='0331 4度C'!Z2 -> 0 | M6: ='0331 4度C'!AC2 -> 54 | N6: ='0331 4度C'!AD2 -> 0
C7: 實績平均 | E7: =AVERAGE(D14:M14) -> 148.95757 | F7: =AVERAGE(D32:O32,D14:J14) -> 154.97333 | G7: =AVERAGE(D14:J14) -> 154.97333 | I7: =AVERAGE(K14:M14) -> 134.9208
C8: 達成率平均 | E8: =AVERAGE(D15:M15) -> 0.95623965 | F8: =AVERAGE(D15:J15,D33:O33) -> 0.95649514 | G8: =AVERAGE(D15:J15) -> 0.95649514 | I8: =AVERAGE(K15:M15) -> 0.95564349
K9: ※現行日本鮮食廠以達成率80%為基本(即為現行KPI)
B10: 溫層 | D10: ➁4度C-各編組展開 | K10: ③三明治-各編組展開
B11: 編組 | D11: 1 | E11: 2 | F11: 3 | G11: 4 | H11: 5 | I11: 6 | J11: 7 | K11: 1 | L11: 2 | M11: 3
D12: 新豐6線 | E12: 新豐2線 | F12: 新豐5線 | G12: 新豐7線 | H12: 新豐3線 | I12: 新豐1線 | J12: 新豐10線 | K12: 新豐8線 | L12: 新豐9線 | M12: 新豐4線
B13: 人時性 | C13: 排關 | D13: =SUMIFS('0331 4度C'!$K:$K,'0331 4度C'!$A:$A,"新豐6線",'0331 4度C'!$B:$B,"平均") -> 111.11111 | E13: =SUMIFS('0331 4度C'!$K:$K,'0331 4度C'!$A:$A,"新豐2線",'0331 4度C'!$B:$B,"平均") -> 84.90566 | F13: =SUMIFS('0331 4度C'!$K:$K,'0331 4度C'!$A:$A,"新豐5線",'0331 4度C'!$B:$B,"平均") -> 102.73973 | G13: =SUMIFS('0331 4度C'!$K:$K,'0331 4度C'!$A:$A,"新豐7線",'0331 4度C'!$B:$B,"平均") -> 127.77778 | H13: =SUMIFS('0331 4度C'!$K:$K,'0331 4度C'!$A:$A,"新豐3線",'0331 4度C'!$B:$B,"平均") -> 333.33333 | I13: =SUMIFS('0331 4度C'!$K:$K,'0331 4度C'!$A:$A,"新豐1線",'0331 4度C'!$B:$B,"平均") -> 104.02685 | J13: =SUMIFS('0331 4度C'!$K:$K,'0331 4度C'!$A:$A,"新豐10線",'0331 4度C'!$B:$B,"平均") -> 269.23077 | K13: =SUMIFS('0331 4度C'!$K:$K,'0331 4度C'!$A:$A,"新豐8線",'0331 4度C'!$B:$B,"平均") -> 130.90909 | L13: =SUMIFS('0331 4度C'!$K:$K,'0331 4度C'!$A:$A,"新豐9線",'0331 4度C'!$B:$B,"平均") -> 134.4 | M13: =SUMIFS('0331 4度C'!$K:$K,'0331 4度C'!$A:$A,"新豐4線",'0331 4度C'!$B:$B,"平均") -> 158.24176
C14: 實績 | D14: =SUMIFS('0331 4度C'!$N:$N,'0331 4度C'!$A:$A,"新豐6線",'0331 4度C'!$B:$B,"平均") -> 105.59434 | E14: =SUMIFS('0331 4度C'!$N:$N,'0331 4度C'!$A:$A,"新豐2線",'0331 4度C'!$B:$B,"平均") -> 81.063563 | F14: =SUMIFS('0331 4度C'!$N:$N,'0331 4度C'!$A:$A,"新豐5線",'0331 4度C'!$B:$B,"平均") -> 97.53126 | G14: =SUMIFS('0331 4度C'!$N:$N,'0331 4度C'!$A:$A,"新豐7線",'0331 4度C'!$B:$B,"平均") -> 122.67097 | H14: =SUMIFS('0331 4度C'!$N:$N,'0331 4度C'!$A:$A,"新豐3線",'0331 4度C'!$B:$B,"平均") -> 318.83926 | I14: =SUMIFS('0331 4度C'!$N:$N,'0331 4度C'!$A:$A,"新豐1線",'0331 4度C'!$B:$B,"平均") -> 100.13546 | J14: =SUMIFS('0331 4度C'!$N:$N,'0331 4度C'!$A:$A,"新豐10線",'0331 4度C'!$B:$B,"平均") -> 258.97846 | K14: =SUMIFS('0331 4度C'!$N:$N,'0331 4度C'!$A:$A,"新豐8線",'0331 4度C'!$B:$B,"平均") -> 125.03287 | L14: =SUMIFS('0331 4度C'!$N:$N,'0331 4度C'!$A:$A,"新豐9線",'0331 4度C'!$B:$B,"平均") -> 128.52713 | M14: =SUMIFS('0331 4度C'!$N:$N,'0331 4度C'!$A:$A,"新豐4線",'0331 4度C'!$B:$B,"平均") -> 151.20241
C15: 達成率 | D15: =D14/D13 -> 0.95034909 | E15: =E14/E13 -> 0.95474863 | F15: =F14/F13 -> 0.94930427 | G15: =G14/G13 -> 0.96003371 | H15: =H14/H13 -> 0.95651778 | I15: =I14/I13 -> 0.9625925 | J15: =J14/J13 -> 0.96192001 | K15: =K14/K13 -> 0.95511217 | ... M15: =M14/M13 -> 0.95551523
B16: 作業 時間 | C16: 開始 | D16: =VLOOKUP("新豐6線",'0331 4度C'!$A:$T,19,0) -> 0.70833333 | E16: =VLOOKUP("新豐2線",'0331 4度C'!$A:$T,19,0) -> 0.20833333 | F16: =VLOOKUP("新豐5線",'0331 4度C'!$A:$T,19,0) -> 0.20833333 | G16: =VLOOKUP("新豐7線",'0331 4度C'!$A:$T,19,0) -> 0.20833333 | H16: =VLOOKUP("新豐3線",'0331 4度C'!$A:$T,19,0) -> 0.083333333 | I16: =VLOOKUP("新豐1線",'0331 4度C'!$A:$T,19,0) -> 0.20833333 | J16: =VLOOKUP("新豐10線",'0331 4度C'!$A:$T,19,0) -> 0.20833333 | K16: =VLOOKUP("新豐8線",'0331 4度C'!$A:$T,19,0) -> 0.083333333 | L16: =VLOOKUP("新豐9線",'0331 4度C'!$A:$T,19,0) -> 0.083333333 | M16: =VLOOKUP("新豐4線",'0331 4度C'!$A:$T,19,0) -> 0.083333333
C17: 結束 | D17: =LOOKUP(2,1/(('0331 4度C'!$A:$A="新豐6線")*('0331 4度C'!$T:$T<>"")),'0331 4度C'!$T:$T) -> 0.82569444 | E17: =LOOKUP(2,1/(('0331 4度C'!$A:$A="新豐2線")*('0331 4度C'!$T:$T<>"")),'0331 4度C'!$T:$T) -> 0.66527778 | F17: =LOOKUP(2,1/(('0331 4度C'!$A:$A="新豐5線")*('0331 4度C'!$T:$T<>"")),'0331 4度C'!$T:$T) -> 0.82847222 | G17: =LOOKUP(2,1/(('0331 4度C'!$A:$A="新豐7線")*('0331 4度C'!$T:$T<>"")),'0331 4度C'!$T:$T) -> 0.84375 | H17: =LOOKUP(2,1/(('0331 4度C'!$A:$A="新豐3線")*('0331 4度C'!$T:$T<>"")),'0331 4度C'!$T:$T) -> 0.43958333 | I17: =LOOKUP(2,1/(('0331 4度C'!$A:$A="新豐1線")*('0331 4度C'!$T:$T<>"")),'0331 4度C'!$T:$T) -> 0.90069444 | J17: =LOOKUP(2,1/(('0331 4度C'!$A:$A="新豐10線")*('0331 4度C'!$T:$T<>"")),'0331 4度C'!$T:$T) -> 0.44375 | K17: =LOOKUP(2,1/(('0331 4度C'!$A:$A="新豐8線")*('0331 4度C'!$T:$T<>"")),'0331 4度C'!$T:$T) -> 0.62222222 | L17: =LOOKUP(2,1/(('0331 4度C'!$A:$A="新豐9線")*('0331 4度C'!$T:$T<>"")),'0331 4度C'!$T:$T) -> 0.63819444 | M17: =LOOKUP(2,1/(('0331 4度C'!$A:$A="新豐4線")*('0331 4度C'!$T:$T<>"")),'0331 4度C'!$T:$T) -> 0.62361111
B18: 產線異常 (5分鐘以上) | C18: 次數 | D18: =SUMIFS('0331 4度C'!$Y:$Y,'0331 4度C'!$A:$A,"新豐6線",'0331 4度C'!$B:$B,"平均") -> 0 | E18: =SUMIFS('0331 4度C'!$Y:$Y,'0331 4度C'!$A:$A,"新豐2線",'0331 4度C'!$B:$B,"平均") -> 0 | F18: =SUMIFS('0331 4度C'!$Y:$Y,'0331 4度C'!$A:$A,"新豐5線",'0331 4度C'!$B:$B,"平均") -> 0 | G18: =SUMIFS('0331 4度C'!$Y:$Y,'0331 4度C'!$A:$A,"新豐7線",'0331 4度C'!$B:$B,"平均") -> 0 | H18: =SUMIFS('0331 4度C'!$Y:$Y,'0331 4度C'!$A:$A,"新豐3線",'0331 4度C'!$B:$B,"平均") -> 0 | I18: =SUMIFS('0331 4度C'!$Y:$Y,'0331 4度C'!$A:$A,"新豐1線",'0331 4度C'!$B:$B,"平均") -> 0 | J18: =SUMIFS('0331 4度C'!$Y:$Y,'0331 4度C'!$A:$A,"新豐10線",'0331 4度C'!$B:$B,"平均") -> 0 | K18: =SUMIFS('0331 4度C'!$Y:$Y,'0331 4度C'!$A:$A,"新豐8線",'0331 4度C'!$B:$B,"平均") -> 0 | L18: =SUMIFS('0331 4度C'!$Y:$Y,'0331 4度C'!$A:$A,"新豐9線",'0331 4度C'!$B:$B,"平均") -> 0 | M18: =SUMIFS('0331 4度C'!$Y:$Y,'0331 4度C'!$A:$A,"新豐4線",'0331 4度C'!$B:$B,"平均") -> 0
C19: 時間/分 | D19: =SUMIFS('0331 4度C'!$Z:$Z,'0331 4度C'!$A:$A,"新豐6線",'0331 4度C'!$B:$B,"平均") -> 0 | E19: =SUMIFS('0331 4度C'!$Z:$Z,'0331 4度C'!$A:$A,"新豐2線",'0331 4度C'!$B:$B,"平均") -> 0 | F19: =SUMIFS('0331 4度C'!$Z:$Z,'0331 4度C'!$A:$A,"新豐5線",'0331 4度C'!$B:$B,"平均") -> 0 | G19: =SUMIFS('0331 4度C'!$Z:$Z,'0331 4度C'!$A:$A,"新豐7線",'0331 4度C'!$B:$B,"平均") -> 0 | H19: =SUMIFS('0331 4度C'!$Z:$Z,'0331 4度C'!$A:$A,"新豐3線",'0331 4度C'!$B:$B,"平均") -> 0 | I19: =SUMIFS('0331 4度C'!$Z:$Z,'0331 4度C'!$A:$A,"新豐1線",'0331 4度C'!$B:$B,"平均") -> 0 | J19: =SUMIFS('0331 4度C'!$Z:$Z,'0331 4度C'!$A:$A,"新豐10線",'0331 4度C'!$B:$B,"平均") -> 0 | K19: =SUMIFS('0331 4度C'!$Z:$Z,'0331 4度C'!$A:$A,"新豐8線",'0331 4度C'!$B:$B,"平均") -> 0 | L19: =SUMIFS('0331 4度C'!$Z:$Z,'0331 4度C'!$A:$A,"新豐9線",'0331 4度C'!$B:$B,"平均") -> 0 | M19: =SUMIFS('0331 4度C'!$Z:$Z,'0331 4度C'!$A:$A,"新豐4線",'0331 4度C'!$B:$B,"平均") -> 0
B20: 短暫停線 (5分鐘以下) | C20: 次數 | D20: =SUMIFS('0331 4度C'!$AC:$AC,'0331 4度C'!$A:$A,"新豐6線",'0331 4度C'!$B:$B,"平均") -> 4 | E20: =SUMIFS('0331 4度C'!$AC:$AC,'0331 4度C'!$A:$A,"新豐2線",'0331 4度C'!$B:$B,"平均") -> 3 | F20: =SUMIFS('0331 4度C'!$AC:$AC,'0331 4度C'!$A:$A,"新豐5線",'0331 4度C'!$B:$B,"平均") -> 4 | G20: =SUMIFS('0331 4度C'!$AC:$AC,'0331 4度C'!$A:$A,"新豐7線",'0331 4度C'!$B:$B,"平均") -> 6 | H20: =SUMIFS('0331 4度C'!$AC:$AC,'0331 4度C'!$A:$A,"新豐3線",'0331 4度C'!$B:$B,"平均") -> 5 | I20: =SUMIFS('0331 4度C'!$AC:$AC,'0331 4度C'!$A:$A,"新豐1線",'0331 4度C'!$B:$B,"平均") -> 8 | J20: =SUMIFS('0331 4度C'!$AC:$AC,'0331 4度C'!$A:$A,"新豐10線",'0331 4度C'!$B:$B,"平均") -> 5 | K20: =SUMIFS('0331 4度C'!$AC:$AC,'0331 4度C'!$A:$A,"新豐8線",'0331 4度C'!$B:$B,"平均") -> 6 | L20: =SUMIFS('0331 4度C'!$AC:$AC,'0331 4度C'!$A:$A,"新豐9線",'0331 4度C'!$B:$B,"平均") -> 7 | M20: =SUMIFS('0331 4度C'!$AC:$AC,'0331 4度C'!$A:$A,"新豐4線",'0331 4度C'!$B:$B,"平均") -> 6
C21: 設備次數 | D21: =SUMIFS('0331 4度C'!$AD:$AD,'0331 4度C'!$A:$A,"新豐6線",'0331 4度C'!$B:$B,"平均") -> 0 | E21: =SUMIFS('0331 4度C'!$AD:$AD,'0331 4度C'!$A:$A,"新豐2線",'0331 4度C'!$B:$B,"平均") -> 0 | F21: =SUMIFS('0331 4度C'!$AD:$AD,'0331 4度C'!$A:$A,"新豐5線",'0331 4度C'!$B:$B,"平均") -> 0 | G21: =SUMIFS('0331 4度C'!$AD:$AD,'0331 4度C'!$A:$A,"新豐7線",'0331 4度C'!$B:$B,"平均") -> 0 | H21: =SUMIFS('0331 4度C'!$AD:$AD,'0331 4度C'!$A:$A,"新豐3線",'0331 4度C'!$B:$B,"平均") -> 0 | I21: =SUMIFS('0331 4度C'!$AD:$AD,'0331 4度C'!$A:$A,"新豐1線",'0331 4度C'!$B:$B,"平均") -> 0 | J21: =SUMIFS('0331 4度C'!$AD:$AD,'0331 4度C'!$A:$A,"新豐10線",'0331 4度C'!$B:$B,"平均") -> 0 | K21: =SUMIFS('0331 4度C'!$AD:$AD,'0331 4度C'!$A:$A,"新豐8線",'0331 4度C'!$B:$B,"平均") -> 0 | L21: =SUMIFS('0331 4度C'!$AD:$AD,'0331 4度C'!$A:$A,"新豐9線",'0331 4度C'!$B:$B,"平均") -> 0 | M21: =SUMIFS('0331 4度C'!$AD:$AD,'0331 4度C'!$A:$A,"新豐4線",'0331 4度C'!$B:$B,"平均") -> 0
B22: 配置人數 | D22: =SUMIFS('0331 4度C'!$I:$I,'0331 4度C'!$A:$A,"新豐6線",'0331 4度C'!$B:$B,"平均") -> 18 | E22: =SUMIFS('0331 4度C'!$I:$I,'0331 4度C'!$A:$A,"新豐2線",'0331 4度C'!$B:$B,"平均") -> 17.666667 | F22: =SUMIFS('0331 4度C'!$I:$I,'0331 4度C'!$A:$A,"新豐5線",'0331 4度C'!$B:$B,"平均") -> 18.25 | G22: =SUMIFS('0331 4度C'!$I:$I,'0331 4度C'!$A:$A,"新豐7線",'0331 4度C'!$B:$B,"平均") -> 15 | H22: =SUMIFS('0331 4度C'!$I:$I,'0331 4度C'!$A:$A,"新豐3線",'0331 4度C'!$B:$B,"平均") -> 9 | I22: =SUMIFS('0331 4度C'!$I:$I,'0331 4度C'!$A:$A,"新豐1線",'0331 4度C'!$B:$B,"平均") -> 18.625 | J22: =SUMIFS('0331 4度C'!$I:$I,'0331 4度C'!$A:$A,"新豐10線",'0331 4度C'!$B:$B,"平均") -> 10.4 | K22: =SUMIFS('0331 4度C'!$I:$I,'0331 4度C'!$A:$A,"新豐8線",'0331 4度C'!$B:$B,"平均") -> 18.333333 | L22: =SUMIFS('0331 4度C'!$I:$I,'0331 4度C'!$A:$A,"新豐9線",'0331 4度C'!$B:$B,"平均") -> 17.857143 | M22: =SUMIFS('0331 4度C'!$I:$I,'0331 4度C'!$A:$A,"新豐4線",'0331 4度C'!$B:$B,"平均") -> 15.166667
B23: 主要應用設備 | D23: ET-55 | E23: 熱縮爐 | F23: L型包裝機 | G23: L型包裝機 | H23: 伺服包裝機 | I23: ET-55 | J23: 伺服包裝機 | K23: 三明治包裝機 | L23: 三明治包裝機 | M23: 三明治包裝機
B24: 次要應用設備 | F24: 圓盤機 | G24: ET-55
B25: 備註 | E25: 握沙拉 | F25: 共用L型包裝機 | H25: 調理麵包 | I25: 炒飯+沙拉 | J25: 調理麵包

Sheet 0331 4度C
A1: 新豐廠四度C日報分析 | C1: 總生產量 | D1: =SUM(F5:F68) -> 165261 | E1: 營業額 | F1: =SUM(G5:G68) -> 5479936.7 | G1: 出勤人數 | H1: =L9+L13+L46+L55+L18+L61+L32+L40+L25+L68 -> 158.29881 | I1: 產線配置圖 | L1: 生產實績 | O1: 人時性差異分析 | S1: 日報登錄 | Y1: 合計 次數 | Z1: 合計 時間/分 | AA1: 產線異常 分析說明(5分鐘以上) | AC1: 合計 次數 | AD1: 合計 設備次數 | AE1: 產能差異分析
A2: 46112 | B2: 星期二 | C2: 人時性 | D2: =AVERAGE(N9,N13,N46,N55,N18,N61,N25,N32,N40,N68) -> 148.95757 | E2: 平均廠價 | F2: =F1/D1 -> 33.159286 | G2: 多次生產數 | H2: =COUNT(H5:H68) -> 6 | Y2: =SUM(Y9+Y13+Y18+Y25+Y32+Y40+Y46+Y55+Y61+Y68) -> 0 | Z2: =SUM(Z9+Z13+Z18+Z25+Z32+Z40+Z46+Z55+Z61+Z68) -> 0 | AC2: 54 | AD2: =SUM(AD9+AD13+AD18+AD25+AD32+AD40+AD46+AD55+AD61+AD68) -> 0
A3: 線別 | B3: 品類 | C3: 品名 | E3: 廠價 | F3: 生產量 | G3: 營收 | H3: 多次 生產 | I3: 人數 | J3: 產能/時 | K3: 人時性 | L3: 人數 | M3: 產能/時 | N3: 人時性 | O3: 人數 | P3: 人時性 | Q3: 達成率 | R3: 達成率平均 | S3: 生產時間 | U3: 換線、休息/分 | V3: 稼動時間/分 | W3: 休息時間 | Y3: 產線異常統計 (5分鐘以上) | AA3: (新豐回填) | AC3: 短暫停線統計 (5分鐘以下) | AE3: 產能/時 | AF3: 達成率 | AG3: 達成率平均
S4: 開始 | T4: 結束 | W4: 開始 | X4: 結束 | Y4: 次數 | Z4: 時間/分 | AC4: 總次數 | AD4: 設備因素(次數)
A5: 新豐6線 | B5: 微波主食 | C5: 二配港式香滑嫩蛋牛肉燴飯 | E5: 50.67 | F5: 1531 | G5: =E5*F5 -> 77575.77 | I5: 17 | J5: 2000 | K5: =J5/I5 -> 117.64706 | L5: 17 | M5: =F5/V5*60 -> 1913.75 | N5: =M5/L5 -> 112.57353 | O5: =L5-I5 -> 0 | P5: =N5-K5 -> -5.0735294 | Q5: =N5/K5 -> 0.956875 | R5: =Q9 -> 0.95034909 | S5: 0.70833333 | T5: 0.74166667 | V5: =(T5-S5)*24*60 -> 48 | AC5: 4 | AE5: =M5-J5 -> -86.25 | AF5: =M5/J5 -> 0.956875 | AG5: =AF9 -> 0.95034909
A6: 新豐6線 | B6: 微波主食 | C6: 二配美味蟹煲 | E6: 54.09 | F6: 1239 | G6: =E6*F6 -> 67017.51 | I6: 19 | J6: 2000 | K6: =J6/I6 -> 105.26316 | L6: 19 | M6: =F6/V6*60 -> 1906.1538 | N6: =M6/L6 -> 100.32389 | O6: =L6-I6 -> 0 | P6: =N6-K6 -> -4.9392713 | Q6: =N6/K6 -> 0.95307692 | S6: 0.74583333 | T6: 0.77291667 | U6: =IF(S6=TIME(17,0,0),"",(S6-T5)*24*60) -> 6 | V6: =(T6-S6)*24*60 -> 39 | AE6: =M6-J6 -> -93.846154 | AF6: =M6/J6 -> 0.95307692
A7: 新豐6線 | B7: 微波主食 | C7: 二配濃蕃茄火腿蛋包飯 | E7: 50.67 | F7: 309 | G7: =E7*F7 -> 15657.03 | I7: 21 | J7: 2000 | K7: =J7/I7 -> 95.238095 | L7: 21 | M7: =F7/V7*60 -> 1854 | N7: =M7/L7 -> 88.285714 | O7: =L7-I7 -> 0 | P7: =N7-K7 -> -6.952381 | Q7: =N7/K7 -> 0.927 | S7: 0.77847222 | T7: 0.78541667 | U7: =IF(S7=TIME(17,0,0),"",(S7-T6)*24*60) -> 8 | V7: =(T7-S7)*24*60 -> 10 | AE7: =M7-J7 -> -146 | AF7: =M7/J7 -> 0.927
A8: 新豐6線 | B8: 微波主食 | C8: 二配泰式綠咖哩雞 | E8: 50.67 | F8: 1736 | G8: =E8*F8 -> 87963.12 | I8: 15 | J8: 2000 | K8: =J8/I8 -> 133.33333 | L8: 15 | M8: =F8/V8*60 -> 1928.8889 | N8: =M8/L8 -> 128.59259 | O8: =L8-I8 -> 0 | P8: =N8-K8 -> -4.7407407 | Q8: =N8/K8 -> 0.96444444 | S8: 0.78819444 | T8: 0.82569444 | U8: =IF(S8=TIME(17,0,0),"",(S8-T7)*24*60) -> 4 | V8: =(T8-S8)*24*60 -> 54 | AE8: =M8-J8 -> -71.111111 | AF8: =M8/J8 -> 0.96444444
A9: 新豐6線 | B9: 平均 | I9: 18 | J9: 2000 | K9: =J9/I9 -> 111.11111 | L9: 18 | M9: =AVERAGE(M5:M8) -> 1900.6982 | N9: =M9/L9 -> 105.59434 | O9: =L9-I9 -> 0 | P9: =N9-K9 -> -5.5167676 | Q9: =N9/K9 -> 0.95034909 | Y9: =SUM(Y5:Y8) -> 0 | Z9: =SUM(Z5:Z8) -> 0 | AC9: 4 | AD9: =SUM(AD5:AD8) -> 0 | AE9: =M9-J9 -> -99.301816 | AF9: =M9/J9 -> 0.95034909
A10: 新豐2線 | B10: 沙拉 | C10: 青醬優格雞肉握沙拉(113年) | E10: 39.62 | F10: 5591 | G10: =E10*F10 -> 221515.42 | I10: 19 | J10: 1500 | K10: =J10/I10 -> 78.947368 | L10: 19 | M10: =F10/V10*60 -> 1433.5897 | N10: =M10/L10 -> 75.452092 | O10: =L10-I10 -> 0 | P10: =N10-K10 -> -3.4952767 | Q10: =N10/K10 -> 0.9557265 | R10: =Q13 -> 0.95474863 | S10: 0.20833333 | T10: 0.37083333 | V10: =(T10-S10)*24*60 -> 234 | AC10: 3 | AE10: =M10-J10 -> -66.410256 | AF10: =M10/J10 -> 0.9557265 | AG10: =AF13 -> 0.95474863
A11: 新豐2線 | B11: 沙拉 | C11: 青檸烤雞握沙拉(113年) | E11: 39.8 | F11: 4600 | G11: =E11*F11 -> 183080 | H11: 2 | I11: 17 | J11: 1500 | K11: =J11/I11 -> 88.235294 | L11: 17 | M11: =F11/V11*60 -> 1430.0518 | N11: =M11/L11 -> 84.120695 | O11: =L11-I11 -> 0 | P11: =N11-K11 -> -4.1145992 | Q11: =N11/K11 -> 0.95336788 | S11: 0.37638889 | T11: 0.51041667 | U11: =IF(S11=TIME(17,0,0),"",(S11-T10)*24*60) -> 8 | V11: =(T11-S11)*24*60 -> 193 | W11: =T11 -> 0.51041667 | X11: =S12 -> 0.55069444 | AE11: =M11-J11 -> -69.948187 | AF11: =M11/J11 -> 0.95336788
A12: 新豐2線 | B12: 沙拉 | C12: 青檸烤雞握沙拉(113年) | E12: 39.8 | F12: 3940 | G12: =E12*F12 -> 156812 | I12: 17 | J12: 1500 | K12: =J12/I12 -> 88.235294 | L12: 17 | M12: =F12/V12*60 -> 1432.7273 | N12: =M12/L12 -> 84.278075 | O12: =L12-I12 -> 0 | P12: =N12-K12 -> -3.9572193 | Q12: =N12/K12 -> 0.95515152 | S12: 0.55069444 | T12: 0.66527778 | U12: =IF(S12=TIME(17,0,0),"",(S12-T11)*24*60) -> 58 | V12: =(T12-S12)*24*60 -> 165 | AE12: =M12-J12 -> -67.272727 | AF12: =M12/J12 -> 0.95515152
A13: 新豐2線 | B13: 平均 | I13: 17.666667 | J13: 1500 | K13: =J13/I13 -> 84.90566 | L13: 17.666667 | M13: =AVERAGE(M10:M12) -> 1432.1229 | N13: =M13/L13 -> 81.063563 | O13: =L13-I13 -> 0 | P13: =N13-K13 -> -3.8420976 | Q13: =N13/K13 -> 0.95474863 | Y13: =SUM(Y10:Y12) -> 0 | Z13: =SUM(Z10:Z12) -> 0 | AC13: 3 | AD13: =SUM(AD10:AD12) -> 0 | AE13: =M13-J13 -> -67.877057 | AF13: =M13/J13 -> 0.95474863
A14: 新豐5線 | B14: 小吃 | C14: 剝皮辣椒雞湯 | E14: 41 | F14: 2519 | G14: =E14*F14 -> 103279 | I14: 26 | J14: 1500 | K14: =J14/I14 -> 57.692308 | L14: 26 | M14: =F14/V14*60 -> 1439.4286 | N14: =M14/L14 -> 55.362637 | O14: =L14-I14 -> 0 | P14: =N14-K14 -> -2.3296703 | Q14: =N14/K14 -> 0.95961905 | R14: =Q18 -> 0.94930427 | S14: 0.20833333 | T14: 0.28125 | V14: =(T14-S14)*24*60 -> 105 | AC14: 4 | AE14: =M14-J14 -> -60.571429 | AF14: =M14/J14 -> 0.95961905 | AG14: =AF18 -> 0.94930427
A15: 新豐5線 | B15: 微波主食 | C15: 二配金咖哩濃厚辛口咖哩飯 | E15: 50.98 | F15: 2481 | G15: =E15*F15 -> 126481.38 | I15: 16 | J15: 2000 | K15: =J15/I15 -> 125 | L15: 16 | M15: =F15/V15*60 -> 1908.4615 | N15: =M15/L15 -> 119.27885 | O15: =L15-I15 -> 0 | P15: =N15-K15 -> -5.7211538 | Q15: =N15/K15 -> 0.95423077 | S15: 0.70833333 | T15: 0.7625 | U15: =IF(S15=TIME(17,0,0),"",(S15-T14)*24*60) | V15: =(T15-S15)*24*60 -> 78 | AE15: =M15-J15 -> -91.538462 | AF15: =M15/J15 -> 0.95423077
A16: 新豐5線 | B16: 微波主食 | C16: 二配香炒沙茶豬肉飯 | E16: 50.67 | F16: 310 | G16: =E16*F16 -> 15707.7 | I16: 16 | J16: 2000 | K16: =J16/I16 -> 125 | L16: 16 | M16: =F16/V16*60 -> 1860 | N16: =M16/L16 -> 116.25 | O16: =L16-I16 -> 0 | P16: =N16-K16 -> -8.75 | Q16: =N16/K16 -> 0.93 | S16: 0.76597222 | T16: 0.77291667 | U16: =IF(S16=TIME(17,0,0),"",(S16-T15)*24*60) -> 5 | V16: =(T16-S16)*24*60 -> 10 | AE16: =M16-J16 -> -140 | AF16: =M16/J16 -> 0.93
A17: 新豐5線 | B17: 微波主食 | C17: 二配金咖哩果香甘口咖哩飯 | E17: 50.92 | F17: 2358 | G17: =E17*F17 -> 120069.36 | I17: 15 | J17: 2000 | K17: =J17/I17 -> 133.33333 | L17: 15 | M17: =F17/V17*60 -> 1911.8919 | N17: =M17/L17 -> 127.45946 | O17: =L17-I17 -> 0 | P17: =N17-K17 -> -5.8738739 | Q17: =N17/K17 -> 0.95594595 | S17: 0.77708333 | T17: 0.82847222 | U17: =IF(S17=TIME(17,0,0),"",(S17-T16)*24*60) -> 6 | V17: =(T17-S17)*24*60 -> 74 | AE17: =M17-J17 -> -88.108108 | AF17: =M17/J17 -> 0.95594595
A18: 新豐5線 | B18: 平均 | I18: 18.25 | J18: 1875 | K18: =J18/I18 -> 102.73973 | L18: 18.25 | M18: =AVERAGE(M14:M17) -> 1779.9455 | N18: =M18/L18 -> 97.53126 | O18: =L18-I18 -> 0 | P18: =N18-K18 -> -5.2084657 | Q18: =N18/K18 -> 0.94930427 | Y18: =SUM(Y14:Y17) -> 0 | Z18: =SUM(Z14:Z17) -> 0 | AC18: 4 | AD18: =SUM(AD14:AD17) -> 0 | AE18: =M18-J18 -> -95.0545 | AF18: =M18/J18 -> 0.94930427
A19: 新豐7線 | B19: 微波主食 | C19: 鐵板滑蛋炸豬排丼 | E19: 57.73 | F19: 2486 | G19: =E19*F19 -> 143516.78 | I19: 14 | J19: 2000 | K19: =J19/I19 -> 142.85714 | L19: 14 | M19: =F19/V19*60 -> 1912.3077 | N19: =M19/L19 -> 136.59341 | O19: =L19-I19 -> 0 | P19: =N19-K19 -> -6.2637363 | Q19: =N19/K19 -> 0.95615385 | R19: =Q25 -> 0.96003371 | S19: 0.20833333 | T19: 0.2625 | V19: =(T19-S19)*24*60 -> 78 | AC19: 6 | AE19: =M19-J19 -> -87.692308 | AF19: =M19/J19 -> 0.95615385 | AG19: =AF25 -> 0.96003371
A20: 新豐7線 | B20: 微波主食 | C20: 極上炙烤親子丼 | E20: 53.68 | F20: 1434 | G20: =E20*F20 -> 76977.12 | I20: 16 | J20: 2000 | K20: =J20/I20 -> 125 | L20: 16 | M20: =F20/V20*60 -> 1912 | N20: =M20/L20 -> 119.5 | O20: =L20-I20 -> 0 | P20: =N20-K20 -> -5.5 | Q20: =N20/K20 -> 0.956 | S20: 0.26666667 | T20: 0.29791667 | U20: =IF(S20=TIME(17,0,0),"",(S20-T19)*24*60) -> 6 | V20: =(T20-S20)*24*60 -> 45 | AE20: =M20-J20 -> -88 | AF20: =M20/J20 -> 0.956
A21: 新豐7線 | B21: 微波主食 | C21: 韓式泡菜豬肉豆腐丼飯 | E21: 50.67 | F21: 2936 | G21: =E21*F21 -> 148767.12 | I21: 16 | J21: 2000 | K21: =J21/I21 -> 125 | L21: 16 | M21: =F21/V21*60 -> 1914.7826 | N21: =M21/L21 -> 119.67391 | O21: =L21-I21 -> 0 | P21: =N21-K21 -> -5.326087 | Q21: =N21/K21 -> 0.9573913 | S21: 0.30208333 | T21: 0.36597222 | U21: =IF(S21=TIME(17,0,0),"",(S21-T20)*24*60) -> 6 | V21: =(T21-S21)*24*60 -> 92 | AE21: =M21-J21 -> -85.217391 | AF21: =M21/J21 -> 0.9573913
A22: 新豐7線 | B22: 微波主食 | C22: 二配厚香料咖哩雞排飯 | E22: 57.3 | F22: 1770 | G22: =E22*F22 -> 101421 | I22: 13 | J22: 2000 | K22: =J22/I22 -> 153.84615 | L22: 13 | M22: =F22/V22*60 -> 1930.9091 | N22: =M22/L22 -> 148.53147 | O22: =L22-I22 -> 0 | P22: =N22-K22 -> -5.3146853 | Q22: =N22/K22 -> 0.96545455 | S22: 0.70833333 | T22: 0.74652778 | U22: =IF(S22=TIME(17,0,0),"",(S22-T21)*24*60) | V22: =(T22-S22)*24*60 -> 55 | AE22: =M22-J22 -> -69.090909 | AF22: =M22/J22 -> 0.96545455
A23: 新豐7線 | B23: 微波主食 | C23: 二配起司控培根白醬焗烤飯 | E23: 53.68 | F23: 1563 | G23: =E23*F23 -> 83901.84 | I23: 16 | J23: 1500 | K23: =J23/I23 -> 93.75 | L23: 16 | M23: =F23/V23*60 -> 1442.7692 | N23: =M23/L23 -> 90.173077 | O23: =L23-I23 -> 0 | P23: =N23-K23 -> -3.5769231 | Q23: =N23/K23 -> 0.96184615 | S23: 0.75 | T23: 0.79513889 | U23: =IF(S23=TIME(17,0,0),"",(S23-T22)*24*60) -> 5 | V23: =(T23-S23)*24*60 -> 65 | AE23: =M23-J23 -> -57.230769 | AF23: =M23/J23 -> 0.96184615
A24: 新豐7線 | B24: 微波主食 | C24: 二配川味麻婆燒豆腐燴飯 | E24: 50.49 | F24: 2024 | G24: =E24*F24 -> 102191.76 | I24: 15 | J24: 2000 | K24: =J24/I24 -> 133.33333 | L24: 15 | M24: =F24/V24*60 -> 1927.619 | N24: =M24/L24 -> 128.50794 | O24: =L24-I24 -> 0 | P24: =N24-K24 -> -4.8253968 | Q24: =N24/K24 -> 0.96380952 | S24: 0.8 | T24: 0.84375 | U24: =IF(S24=TIME(17,0,0),"",(S24-T23)*24*60) -> 7 | V24: =(T24-S24)*24*60 -> 63 | AE24: =M24-J24 -> -72.380952 | AF24: =M24/J24 -> 0.96380952
A25: 新豐7線 | B25: 平均 | I25: 15 | J25: 1916.6667 | K25: =J25/I25 -> 127.77778 | L25: 15 | M25: =AVERAGE(M19:M24) -> 1840.0646 | N25: =M25/L25 -> 122.67097 | O25: =L25-I25 -> 0 | P25: =N25-K25 -> -5.1068037 | Q25: =N25/K25 -> 0.96003371 | Y25: =SUM(Y19:Y24) -> 0 | Z25: =SUM(Z19:Z24) -> 0 | AC25: 6 | AD25: =SUM(AD19:AD24) -> 0 | AE25: =M25-J25 -> -76.602055 | AF25: =M25/J25 -> 0.96003371
A26: 新豐8線 | B26: 三明治 | C26: 紐奧良風味烤雞鮮蔬三明治 | E26: 31.29 | F26: 6600 | G26: =E26*F26 -> 206514 | H26: 2 | I26: 18 | J26: 2400 | K26: =J26/I26 -> 133.33333 | L26: 18 | M26: =F26/V26*60 -> 2289.0173 | N26: =M26/L26 -> 127.16763 | O26: =L26-I26 -> 0 | P26: =N26-K26 -> -6.1657033 | Q26: =N26/K26 -> 0.95375723 | R26: =Q32 -> 0.95511217 | S26: 0.083333333 | T26: 0.20347222 | V26: =(T26-S26)*24*60 -> 173 | W26: =T26 -> 0.20347222 | X26: =S27 -> 0.22361111 | AC26: 6 | AE26: =M26-J26 -> -110.98266 | AF26: =M26/J26 -> 0.95375723 | AG26: =AF32 -> 0.95511217
A27: 新豐8線 | B27: 三明治 | C27: 好多菜三明治(114年) | E27: 25.98 | F27: 3346 | G27: =E27*F27 -> 86929.08 | I27: 21 | J27: 2400 | K27: =J27/I27 -> 114.28571 | L27: 21 | M27: =F27/V27*60 -> 2281.3636 | N27: =M27/L27 -> 108.63636 | O27: =L27-I27 -> 0 | P27: =N27-K27 -> -5.6493506 | Q27: =N27/K27 -> 0.95056818 | S27: 0.22361111 | T27: 0.28472222 | U27: =(S27-T26)*24*60 -> 29 | V27: =(T27-S27)*24*60 -> 88 | AE27: =M27-J27 -> -118.63636 | AF27: =M27/J27 -> 0.95056818
A28: 新豐8線 | B28: 三明治 | C28: 經典總匯三明治 | E28: 26.2 | F28: 5703 | G28: =E28*F28 -> 149418.6 | I28: 20 | J28: 2400 | K28: =J28/I28 -> 120 | L28: 20 | M28: =F28/V28*60 -> 2296.5101 | N28: =M28/L28 -> 114.8255 | O28: =L28-I28 -> 0 | P28: =N28-K28 -> -5.1744966 | Q28: =N28/K28 -> 0.95687919 | S28: 0.28958333 | T28: 0.39305556 | U28: =(S28-T27)*24*60 -> 7 | V28: =(T28-S28)*24*60 -> 149 | AE28: =M28-J28 -> -103.48993 | AF28: =M28/J28 -> 0.95687919
A29: 新豐8線 | B29: 三明治 | C29: 雞蛋沙拉三明治(114年) | E29: 25.99 | F29: 4421 | G29: =E29*F29 -> 114901.79 | I29: 14 | J29: 2400 | K29: =J29/I29 -> 171.42857 | L29: 14 | M29: =F29/V29*60 -> 2286.7241 | N29: =M29/L29 -> 163.33744 | O29: =L29-I29 -> 0 | P29: =N29-K29 -> -8.091133 | Q29: =N29/K29 -> 0.95280172 | S29: 0.39722222 | T29: 0.47777778 | U29: =(S29-T28)*24*60 -> 6 | V29: =(T29-S29)*24*60 -> 116 | AE29: =M29-J29 -> -113.27586 | AF29: =M29/J29 -> 0.95280172
A30: 新豐8線 | B30: 三明治 | C30: 陽光地瓜總匯三明治 | E30: 26.18 | F30: 1847 | G30: =E30*F30 -> 48354.46 | I30: 19 | J30: 2400 | K30: =J30/I30 -> 126.31579 | L30: 19 | M30: =F30/V30*60 -> 2308.75 | N30: =M30/L30 -> 121.51316 | O30: =L30-I30 -> 0 | P30: =N30-K30 -> -4.8026316 | Q30: =N30/K30 -> 0.96197917 | S30: 0.48333333 | T30: 0.51666667 | U30: =(S30-T29)*24*60 -> 8 | V30: =(T30-S30)*24*60 -> 48 | W30: =T30 -> 0.51666667 | X30: =S31 -> 0.55555556 | AE30: =M30-J30 -> -91.25 | AF30: =M30/J30 -> 0.96197917
A31: 新豐8線 | B31: 三明治 | C31: 紐奧良風味烤雞鮮蔬三明治 | E31: 31.29 | F31: 3666 | G31: =E31*F31 -> 114709.14 | I31: 18 | J31: 2400 | K31: =J31/I31 -> 133.33333 | L31: 18 | M31: =F31/V31*60 -> 2291.25 | N31: =M31/L31 -> 127.29167 | O31: =L31-I31 -> 0 | P31: =N31-K31 -> -6.0416667 | Q31: =N31/K31 -> 0.9546875 | S31: 0.55555556 | T31: 0.62222222 | U31: =(S31-T30)*24*60 -> 56 | V31: =(T31-S31)*24*60 -> 96 | AE31: =M31-J31 -> -108.75 | AF31: =M31/J31 -> 0.9546875
A32: 新豐8線 | B32: 平均 | I32: 18.333333 | J32: 2400 | K32: =J32/I32 -> 130.90909 | L32: 18.333333 | M32: =AVERAGE(M26:M31) -> 2292.2692 | N32: =M32/L32 -> 125.03287 | O32: =L32-I32 -> 0 | P32: =N32-K32 -> -5.8762256 | Q32: =N32/K32 -> 0.95511217 | Y32: =SUM(Y26:Y31) -> 0 | Z32: =SUM(Z26:Z31) -> 0 | AC32: 6 | AD32: =SUM(AD26:AD31) -> 0 | AE32: =M32-J32 -> -107.7308 | AF32: =M32/J32 -> 0.95511217
A33: 新豐9線 | B33: 三明治 | C33: 鮪魚起司溏心蛋三明治 | E33: 26.2 | F33: 4700 | G33: =E33*F33 -> 123140 | H33: 2 | I33: 18 | J33: 2400 | K33: =J33/I33 -> 133.33333 | L33: 18 | M33: =F33/V33*60 -> 2292.6829 | N33: =M33/L33 -> 127.37127 | O33: =L33-I33 -> 0 | P33: =N33-K33 -> -5.9620596 | Q33: =N33/K33 -> 0.95528455 | R33: =Q40 -> 0.95630308 | S33: 0.083333333 | T33: 0.16875 | V33: =(T33-S33)*24*60 -> 123 | W33: =T33 -> 0.16875 | X33: =S34 -> 0.18680556 | AC33: 7 | AE33: =M33-J33 -> -107.31707 | AF33: =M33/J33 -> 0.95528455 | AG33: =AF40 -> 0.95630308
A34: 新豐9線 | B34: 三明治 | C34: 肉鬆火腿三明治 | E34: 20.52 | F34: 4136 | G34: =E34*F34 -> 84870.72 | I34: 18 | J34: 2400 | K34: =J34/I34 -> 133.33333 | L34: 18 | M34: =F34/V34*60 -> 2297.7778 | N34: =M34/L34 -> 127.65432 | O34: =L34-I34 -> 0 | P34: =N34-K34 -> -5.6790123 | Q34: =N34/K34 -> 0.95740741 | S34: 0.18680556 | T34: 0.26180556 | U34: =(S34-T33)*24*60 -> 26 | V34: =(T34-S34)*24*60 -> 108 | AE34: =M34-J34 -> -102.22222 | AF34: =M34/J34 -> 0.95740741
A35: 新豐9線 | B35: 三明治 | C35: 醬燒烤雞三明治 | E35: 26.39 | F35: 4200 | G35: =E35*F35 -> 110838 | H35: 2 | I35: 19 | J35: 2400 | K35: =J35/I35 -> 126.31579 | L35: 19 | M35: =F35/V35*60 -> 2290.9091 | N35: =M35/L35 -> 120.57416 | O35: =L35-I35 -> 0 | P35: =N35-K35 -> -5.7416268 | Q35: =N35/K35 -> 0.95454545 | S35: 0.26736111 | T35: 0.34375 | U35: =(S35-T34)*24*60 -> 8 | V35: =(T35-S35)*24*60 -> 110 | AE35: =M35-J35 -> -109.09091 | AF35: =M35/J35 -> 0.95454545
A36: 新豐9線 | B36: 三明治 | C36: 輕乳酪巧克力三明治 | E36: 20.52 | F36: 2949 | G36: =E36*F36 -> 60513.48 | I36: 18 | J36: 2400 | K36: =J36/I36 -> 133.33333 | L36: 18 | M36: =F36/V36*60 -> 2297.9221 | N36: =M36/L36 -> 127.66234 | O36: =L36-I36 -> 0 | P36: =N36-K36 -> -5.6709957 | Q36: =N36/K36 -> 0.95746753 | S36: 0.34791667 | T36: 0.40138889 | U36: =(S36-T35)*24*60 -> 6 | V36: =(T36-S36)*24*60 -> 77 | AE36: =M36-J36 -> -102.07792 | AF36: =M36/J36 -> 0.95746753
A37: 新豐9線 | B37: 三明治 | C37: 香蕉可可三明治 | E37: 22.69 | F37: 5744 | G37: =E37*F37 -> 130331.36 | I37: 15 | J37: 2400 | K37: =J37/I37 -> 160 | L37: 15 | M37: =F37/V37*60 -> 2282.3841 | N37: =M37/L37 -> 152.15894 | O37: =L37-I37 -> 0 | P37: =N37-K37 -> -7.8410596 | Q37: =N37/K37 -> 0.95099338 | S37: 0.40486111 | T37: 0.50972222 | U37: =(S37-T36)*24*60 -> 5 | V37: =(T37-S37)*24*60 -> 151 | W37: =T37 -> 0.50972222 | X37: =S38 -> 0.54930556 | AE37: =M37-J37 -> -117.61589 | AF37: =M37/J37 -> 0.95099338
A38: 新豐9線 | B38: 三明治 | C38: 鮪魚起司溏心蛋三明治 | E38: 26.2 | F38: 2585 | G38: =E38*F38 -> 67727 | I38: 18 | J38: 2400 | K38: =J38/I38 -> 133.33333 | L38: 18 | M38: =F38/V38*60 -> 2280.8824 | N38: =M38/L38 -> 126.71569 | O38: =L38-I38 -> 0 | P38: =N38-K38 -> -6.6176471 | Q38: =N38/K38 -> 0.95036765 | S38: 0.54930556 | T38: 0.59652778 | U38: =(S38-T37)*24*60 -> 57 | V38: =(T38-S38)*24*60 -> 68 | AE38: =M38-J38 -> -119.11765 | AF38: =M38/J38 -> 0.95036765
A39: 新豐9線 | B39: 三明治 | C39: 醬燒烤雞三明治 | E39: 26.39 | F39: 2091 | G39: =E39*F39 -> 55181.49 | I39: 19 | J39: 2400 | K39: =J39/I39 -> 126.31579 | L39: 19 | M39: =F39/V39*60 -> 2323.3333 | N39: =M39/L39 -> 122.2807 | O39: =L39-I39 -> 0 | P39: =N39-K39 -> -4.0350877 | Q39: =N39/K39 -> 0.96805556 | S39: 0.60069444 | T39: 0.63819444 | U39: =(S39-T38)*24*60 -> 6 | V39: =(T39-S39)*24*60 -> 54 | AE39: =M39-J39 -> -76.666667 | AF39: =M39/J39 -> 0.96805556
A40: 新豐9線 | B40: 平均 | I40: 17.857143 | J40: 2400 | K40: =J40/I40 -> 134.4 | L40: 17.857143 | M40: =AVERAGE(M33:M39) -> 2295.1274 | N40: =M40/L40 -> 128.52713 | O40: =L40-I40 -> 0 | P40: =N40-K40 -> -5.8728667 | Q40: =N40/K40 -> 0.95630308 | Y40: =SUM(Y33:Y39) -> 0 | Z40: =SUM(Z33:Z39) -> 0 | AC40: 7 | AD40: =SUM(AD33:AD39) -> 0 | AE40: =M40-J40 -> -104.87262 | AF40: =M40/J40 -> 0.95630308
A41: 新豐3線 | B41: 調理麵包 | C41: 黃金魚堡(114年) | E41: 34.35 | F41: 2647 | G41: =E41*F41 -> 90924.45 | I41: 8 | J41: 3000 | K41: =J41/I41 -> 375 | L41: 8 | M41: =F41/V41*60 -> 2887.6364 | N41: =M41/L41 -> 360.95455 | O41: =L41-I41 -> 0 | P41: =N41-K41 -> -14.045455 | Q41: =N41/K41 -> 0.96254545 | R41: =Q46 -> 0.95651778 | S41: 0.083333333 | T41: 0.12152778 | V41: =(T41-S41)*24*60 -> 55 | W41: =T41 -> 0.12152778 | X41: =S42 -> 0.14305556 | AC41: 5 | AE41: =M41-J41 -> -112.36364 | AF41: =M41/J41 -> 0.96254545 | AG41: =AF46 -> 0.95651778
A42: 新豐3線 | B42: 調理麵包 | C42: 豬肉起司堡 | E42: 21.13 | F42: 5581 | G42: =E42*F42 -> 117926.53 | I42: 10 | J42: 3000 | K42: =J42/I42 -> 300 | L42: 10 | M42: =F42/V42*60 -> 2862.0513 | N42: =M42/L42 -> 286.20513 | O42: =L42-I42 -> 0 | P42: =N42-K42 -> -13.794872 | Q42: =N42/K42 -> 0.95401709 | S42: 0.14305556 | T42: 0.22430556 | U42: =(S42-T41)*24*60 -> 31 | V42: =(T42-S42)*24*60 -> 117 | AE42: =M42-J42 -> -137.94872 | AF42: =M42/J42 -> 0.95401709
A43: 新豐3線 | B43: 調理麵包 | C43: 豬肉起司蛋堡 | E43: 27.17 | F43: 7447 | G43: =E43*F43 -> 202334.99 | I43: 10 | J43: 3000 | K43: =J43/I43 -> 300 | L43: 10 | M43: =F43/V43*60 -> 2864.2308 | N43: =M43/L43 -> 286.42308 | O43: =L43-I43 -> 0 | P43: =N43-K43 -> -13.576923 | Q43: =N43/K43 -> 0.95474359 | S43: 0.22847222 | T43: 0.33680556 | U43: =(S43-T42)*24*60 -> 6 | V43: =(T43-S43)*24*60 -> 156 | AE43: =M43-J43 -> -135.76923 | AF43: =M43/J43 -> 0.95474359
A44: 新豐3線 | B44: 調理麵包 | C44: 香菜雞堡 | E44: 28.3 | F44: 2392 | G44: =E44*F44 -> 67693.6 | I44: 8 | J44: 3000 | K44: =J44/I44 -> 375 | L44: 8 | M44: =F44/V44*60 -> 2870.4 | N44: =M44/L44 -> 358.8 | O44: =L44-I44 -> 0 | P44: =N44-K44 -> -16.2 | Q44: =N44/K44 -> 0.9568 | S44: 0.34027778 | T44: 0.375 | U44: =(S44-T43)*24*60 -> 5 | V44: =(T44-S44)*24*60 -> 50 | AE44: =M44-J44 -> -129.6 | AF44: =M44/J44 -> 0.9568
A45: 新豐3線 | B45: 調理麵包 | C45: 美式雞腿堡 | E45: 35.87 | F45: 4152 | G45: =E45*F45 -> 148932.24 | I45: 9 | J45: 3000 | K45: =J45/I45 -> 333.33333 | L45: 9 | M45: =F45/V45*60 -> 2863.4483 | N45: =M45/L45 -> 318.16092 | O45: =L45-I45 -> 0 | P45: =N45-K45 -> -15.172414 | Q45: =N45/K45 -> 0.95448276 | S45: 0.37916667 | T45: 0.43958333 | U45: =(S45-T44)*24*60 -> 6 | V45: =(T45-S45)*24*60 -> 87 | AE45: =M45-J45 -> -136.55172 | AF45: =M45/J45 -> 0.95448276
A46: 新豐3線 | B46: 平均 | I46: 9 | J46: 3000 | K46: =J46/I46 -> 333.33333 | L46: 9 | M46: =AVERAGE(M41:M45) -> 2869.5533 | N46: =M46/L46 -> 318.83926 | O46: =L46-I46 -> 0 | P46: =N46-K46 -> -14.494074 | Q46: =N46/K46 -> 0.95651778 | Y46: =SUM(Y41:Y45) -> 0 | Z46: =SUM(Z41:Z45) -> 0 | AC46: 5 | AD46: =SUM(AD41:AD45) -> 0 | AE46: =M46-J46 -> -130.44666 | AF46: =M46/J46 -> 0.95651778
A47: 新豐1線 | B47: 沙拉 | C47: 莎莎烤雞麵沙拉 | E47: 46 | F47: 2961 | G47: =E47*F47 -> 136206 | I47: 17 | J47: 2000 | K47: =J47/I47 -> 117.64706 | L47: 17 | M47: =F47/V47*60 -> 1910.3226 | N47: =M47/L47 -> 112.37192 | O47: =L47-I47 -> 0 | P47: =N47-K47 -> -5.2751423 | Q47: =N47/K47 -> 0.95516129 | R47: =Q55 -> 0.9625925 | S47: 0.20833333 | T47: 0.27291667 | V47: =(T47-S47)*24*60 -> 93 | AC47: 8 | AE47: =M47-J47 -> -89.677419 | AF47: =M47/J47 -> 0.95516129 | AG47: =AF55 -> 0.9625925
A48: 新豐1線 | B48: 微波主食 | C48: 壹號醬雞豚雙拼 | E48: 56.43 | F48: 1726 | G48: =E48*F48 -> 97398.18 | I48: 22 | J48: 2000 | K48: =J48/I48 -> 90.909091 | L48: 22 | M48: =F48/V48*60 -> 1917.7778 | N48: =M48/L48 -> 87.171717 | O48: =L48-I48 -> 0 | P48: =N48-K48 -> -3.7373737 | Q48: =N48/K48 -> 0.95888889 | S48: 0.27638889 | T48: 0.31388889 | U48: =IF(S48=TIME(17,0,0),"",(S48-T47)*24*60) -> 5 | V48: =(T48-S48)*24*60 -> 54 | AE48: =M48-J48 -> -82.222222 | AF48: =M48/J48 -> 0.95888889
A49: 新豐1線 | B49: 微波主食 | C49: 好多蒜燒豚飯 | E49: 51.75 | F49: 1158 | G49: =E49*F49 -> 59926.5 | I49: 25 | J49: 2000 | K49: =J49/I49 -> 80 | L49: 25 | M49: =F49/V49*60 -> 1930 | N49: =M49/L49 -> 77.2 | O49: =L49-I49 -> 0 | P49: =N49-K49 -> -2.8 | Q49: =N49/K49 -> 0.965 | S49: 0.31805556 | T49: 0.34305556 | U49: =IF(S49=TIME(17,0,0),"",(S49-T48)*24*60) -> 6 | V49: =(T49-S49)*24*60 -> 36 | AE49: =M49-J49 -> -70 | AF49: =M49/J49 -> 0.965
A50: 新豐1線 | B50: 微波主食 | C50: 二配粗飽系雞排炒飯(114年) | E50: 57.73 | F50: 1153 | G50: =E50*F50 -> 66562.69 | I50: 16 | J50: 1500 | K50: =J50/I50 -> 93.75 | L50: 16 | M50: =F50/V50*60 -> 1441.25 | N50: =M50/L50 -> 90.078125 | O50: =L50-I50 -> 0 | P50: =N50-K50 -> -3.671875 | Q50: =N50/K50 -> 0.96083333 | S50: 0.70833333 | T50: 0.74166667 | U50: =IF(S50=TIME(17,0,0),"",(S50-T49)*24*60) | V50: =(T50-S50)*24*60 -> 48 | AE50: =M50-J50 -> -58.75 | AF50: =M50/J50 -> 0.96083333
A51: 新豐1線 | B51: 微波主食 | C51: 二配鮭魚蛋炒飯 | E51: 54.29 | F51: 1172 | G51: =E51*F51 -> 63627.88 | I51: 20 | J51: 2000 | K51: =J51/I51 -> 100 | L51: 20 | M51: =F51/V51*60 -> 1953.3333 | N51: =M51/L51 -> 97.666667 | O51: =L51-I51 -> 0 | P51: =N51-K51 -> -2.3333333 | Q51: =N51/K51 -> 0.97666667 | S51: 0.74722222 | T51: 0.77222222 | U51: =IF(S51=TIME(17,0,0),"",(S51-T50)*24*60) -> 8 | V51: =(T51-S51)*24*60 -> 36 | AE51: =M51-J51 -> -46.666667 | AF51: =M51/J51 -> 0.97666667
A52: 新豐1線 | B52: 微波主食 | C52: 二配香辣醬蒜味香腸蛋炒飯 | E52: 55.56 | F52: 800 | G52: =E52*F52 -> 44448 | H52: 2 | I52: 17 | J52: 2000 | K52: =J52/I52 -> 117.64706 | L52: 17 | M52: =F52/V52*60 -> 1920 | N52: =M52/L52 -> 112.94118 | O52: =L52-I52 -> 0 | P52: =N52-K52 -> -4.7058824 | Q52: =N52/K52 -> 0.96 | S52: 0.77777778 | T52: 0.79513889 | U52: =IF(S52=TIME(17,0,0),"",(S52-T51)*24*60) -> 8 | V52: =(T52-S52)*24*60 -> 25 | AE52: =M52-J52 -> -80 | AF52: =M52/J52 -> 0.96
A53: 新豐1線 | B53: 微波主食 | C53: 二配香拌海鮮醬肉絲蛋炒飯 | E53: 55.32 | F53: 1530 | G53: =E53*F53 -> 84639.6 | I53: 15 | J53: 2000 | K53: =J53/I53 -> 133.33333 | L53: 15 | M53: =F53/V53*60 -> 1912.5 | N53: =M53/L53 -> 127.5 | O53: =L53-I53 -> 0 | P53: =N53-K53 -> -5.8333333 | Q53: =N53/K53 -> 0.95625 | S53: 0.79930556 | T53: 0.83263889 | U53: =IF(S53=TIME(17,0,0),"",(S53-T52)*24*60) -> 6 | V53: =(T53-S53)*24*60 -> 48 | W53: =T53 -> 0.83263889 | X53: =S54 -> 0.87291667 | AE53: =M53-J53 -> -87.5 | AF53: =M53/J53 -> 0.95625
A54: 新豐1線 | B54: 微波主食 | C54: 二配香辣醬蒜味香腸蛋炒飯 | E54: 55.56 | F54: 1290 | G54: =E54*F54 -> 71672.4 | I54: 17 | J54: 2000 | K54: =J54/I54 -> 117.64706 | L54: 17 | M54: =F54/V54*60 -> 1935 | N54: =M54/L54 -> 113.82353 | O54: =L54-I54 -> 0 | P54: =N54-K54 -> -3.8235294 | Q54: =N54/K54 -> 0.9675 | S54: 0.87291667 | T54: 0.90069444 | U54: =IF(S54=TIME(17,0,0),"",(S54-T53)*24*60) -> 58 | V54: =(T54-S54)*24*60 -> 40 | AE54: =M54-J54 -> -65 | AF54: =M54/J54 -> 0.9675
A55: 新豐1線 | B55: 平均 | I55: 18.625 | J55: 1937.5 | K55: =J55/I55 -> 104.02685 | L55: 18.625 | M55: =AVERAGE(M47:M54) -> 1865.023 | N55: =M55/L55 -> 100.13546 | O55: =L55-I55 -> 0 | P55: =N55-K55 -> -3.8913846 | Q55: =N55/K55 -> 0.9625925 | Y55: =SUM(Y47:Y54) -> 0 | Z55: =SUM(Z47:Z54) -> 0 | AC55: 8 | AD55: =SUM(AD47:AD54) -> 0 | AE55: =M55-J55 -> -72.477039 | AF55: =M55/J55 -> 0.9625925
A56: 新豐10線 | B56: 調理麵包 | C56: 墨西哥辣醬熱狗堡 | E56: 37.85 | F56: 1446 | G56: =E56*F56 -> 54731.1 | I56: 12 | J56: 2000 | K56: =J56/I56 -> 166.66667 | L56: 12 | M56: =F56/V56*60 -> 1928 | N56: =M56/L56 -> 160.66667 | O56: =L56-I56 -> 0 | P56: =N56-K56 -> -6 | Q56: =N56/K56 -> 0.964 | R56: =Q61 -> 0.96192001 | S56: 0.20833333 | T56: 0.23958333 | V56: =(T56-S56)*24*60 -> 45 | AC56: 5 | AE56: =M56-J56 -> -72 | AF56: =M56/J56 -> 0.964 | AG56: =AF61 -> 0.96192001
A57: 新豐10線 | B57: 調理麵包 | C57: 厚豆腐蛋白蕈菇豬肉堡 | E57: 34.36 | F57: 2738 | G57: =E57*F57 -> 94077.68 | I57: 10 | J57: 3000 | K57: =J57/I57 -> 300 | L57: 10 | M57: =F57/V57*60 -> 2882.1053 | N57: =M57/L57 -> 288.21053 | O57: =L57-I57 -> 0 | P57: =N57-K57 -> -11.789474 | Q57: =N57/K57 -> 0.96070175 | S57: 0.24305556 | T57: 0.28263889 | U57: =(S57-T56)*24*60 -> 5 | V57: =(T57-S57)*24*60 -> 57 | AE57: =M57-J57 -> -117.89474 | AF57: =M57/J57 -> 0.96070175
A58: 新豐10線 | B58: 調理麵包 | C58: 經典雙牛起司堡(113年) | E58: 35.12 | F58: 5800 | G58: =E58*F58 -> 203696 | I58: 10 | J58: 3000 | K58: =J58/I58 -> 300 | L58: 10 | M58: =F58/V58*60 -> 2876.0331 | N58: =M58/L58 -> 287.60331 | O58: =L58-I58 -> 0 | P58: =N58-K58 -> -12.396694 | Q58: =N58/K58 -> 0.95867769 | S58: 0.28680556 | T58: 0.37083333 | U58: =(S58-T57)*24*60 -> 6 | V58: =(T58-S58)*24*60 -> 121 | AE58: =M58-J58 -> -123.96694 | AF58: =M58/J58 -> 0.95867769
A59: 新豐10線 | B59: 調理麵包 | C59: 茄汁薯餅蛋堡 | E59: 34.36 | F59: 1882 | G59: =E59*F59 -> 64665.52 | I59: 10 | J59: 3000 | K59: =J59/I59 -> 300 | L59: 10 | M59: =F59/V59*60 -> 2895.3846 | N59: =M59/L59 -> 289.53846 | O59: =L59-I59 -> 0 | P59: =N59-K59 -> -10.461538 | Q59: =N59/K59 -> 0.96512821 | S59: 0.37430556 | T59: 0.40138889 | U59: =(S59-T58)*24*60 -> 5 | V59: =(T59-S59)*24*60 -> 39 | AE59: =M59-J59 -> -104.61538 | AF59: =M59/J59 -> 0.96512821
A60: 新豐10線 | B60: 調理麵包 | C60: 香雞蛋堡(112年) | E60: 26.78 | F60: 2693 | G60: =E60*F60 -> 72118.54 | I60: 10 | J60: 3000 | K60: =J60/I60 -> 300 | L60: 10 | M60: =F60/V60*60 -> 2885.3571 | N60: =M60/L60 -> 288.53571 | O60: =L60-I60 -> 0 | P60: =N60-K60 -> -11.464286 | Q60: =N60/K60 -> 0.96178571 | S60: 0.40486111 | T60: 0.44375 | U60: =(S60-T59)*24*60 -> 5 | V60: =(T60-S60)*24*60 -> 56 | AE60: =M60-J60 -> -114.64286 | AF60: =M60/J60 -> 0.96178571
A61: 新豐10線 | B61: 平均 | I61: 10.4 | J61: 2800 | K61: =J61/I61 -> 269.23077 | L61: 10.4 | M61: =AVERAGE(M56:M60) -> 2693.376 | N61: =M61/L61 -> 258.97846 | O61: =L61-I61 -> 0 | P61: =N61-K61 -> -10.252306 | Q61: =N61/K61 -> 0.96192001 | Y61: =SUM(Y56:Y60) -> 0 | Z61: =SUM(Z56:Z60) -> 0 | AC61: 5 | AD61: =SUM(AD56:AD60) -> 0 | AE61: =M61-J61 -> -106.62398 | AF61: =M61/J61 -> 0.96192001
A62: 新豐4線 | B62: 三明治 | C62: 香鬆起司蛋三明治(114年) | E62: 20.2 | F62: 2441 | G62: =E62*F62 -> 49308.2 | I62: 15 | J62: 2400 | K62: =J62/I62 -> 160 | L62: 15 | M62: =F62/V62*60 -> 2288.4375 | N62: =M62/L62 -> 152.5625 | O62: =L62-I62 -> 0 | P62: =N62-K62 -> -7.4375 | Q62: =N62/K62 -> 0.95351563 | R62: =Q68 -> 0.95551523 | S62: 0.083333333 | T62: 0.12777778 | V62: =(T62-S62)*24*60 -> 64 | W62: =T62 -> 0.12777778 | X62: =S63 -> 0.14513889 | AC62: 6 | AE62: =M62-J62 -> -111.5625 | AF62: =M62/J62 -> 0.95351563 | AG62: =AF68 -> 0.95551523
A63: 新豐4線 | B63: 三明治 | C63: 瘋狂起司三明治(113年) | E63: 24.45 | F63: 2807 | G63: =E63*F63 -> 68631.15 | I63: 19 | J63: 2400 | K63: =J63/I63 -> 126.31579 | L63: 19 | M63: =F63/V63*60 -> 2307.1233 | N63: =M63/L63 -> 121.42754 | O63: =L63-I63 -> 0 | P63: =N63-K63 -> -4.888248 | Q63: =N63/K63 -> 0.96130137 | S63: 0.14513889 | T63: 0.19583333 | U63: =(S63-T62)*24*60 -> 25 | V63: =(T63-S63)*24*60 -> 73 | AE63: =M63-J63 -> -92.876712 | AF63: =M63/J63 -> 0.96130137
A64: 新豐4線 | B64: 三明治 | C64: 藍莓優格三明治 | E64: 20.21 | F64: 2806 | G64: =E64*F64 -> 56709.26 | I64: 15 | J64: 2400 | K64: =J64/I64 -> 160 | L64: 15 | M64: =F64/V64*60 -> 2306.3014 | N64: =M64/L64 -> 153.75342 | O64: =L64-I64 -> 0 | P64: =N64-K64 -> -6.2465753 | Q64: =N64/K64 -> 0.9609589 | S64: 0.20069444 | T64: 0.25138889 | U64: =(S64-T63)*24*60 -> 7 | V64: =(T64-S64)*24*60 -> 73 | AE64: =M64-J64 -> -93.69863 | AF64: =M64/J64 -> 0.9609589
A65: 新豐4線 | B65: 三明治 | C65: 經典火腿玉米蛋三明治 | E65: 24.43 | F65: 7270 | G65: =E65*F65 -> 177606.1 | I65: 14 | J65: 2400 | K65: =J65/I65 -> 171.42857 | L65: 14 | M65: =F65/V65*60 -> 2283.7696 | N65: =M65/L65 -> 163.1264 | O65: =L65-I65 -> 0 | P65: =N65-K65 -> -8.302169 | Q65: =N65/K65 -> 0.95157068 | S65: 0.25486111 | T65: 0.3875 | U65: =(S65-T64)*24*60 -> 5 | V65: =(T65-S65)*24*60 -> 191 | AE65: =M65-J65 -> -116.23037 | AF65: =M65/J65 -> 0.95157068
A66: 新豐4線 | B66: 三明治 | C66: 火腿起司蛋三明治 | E66: 19.02 | F66: 6200 | G66: =E66*F66 -> 117924 | H66: 2 | I66: 14 | J66: 2400 | K66: =J66/I66 -> 171.42857 | L66: 14 | M66: =F66/V66*60 -> 2282.2086 | N66: =M66/L66 -> 163.0149 | O66: =L66-I66 -> 0 | P66: =N66-K66 -> -8.4136722 | Q66: =N66/K66 -> 0.95092025 | S66: 0.39097222 | T66: 0.50416667 | U66: =(S66-T65)*24*60 -> 5 | V66: =(T66-S66)*24*60 -> 163 | W66: =T66 -> 0.50416667 | X66: =S67 -> 0.54444444 | AE66: =M66-J66 -> -117.79141 | AF66: =M66/J66 -> 0.95092025
A67: 新豐4線 | B67: 三明治 | C67: 火腿起司蛋三明治 | E67: 19.02 | F67: 4354 | G67: =E67*F67 -> 82813.08 | I67: 14 | J67: 2400 | K67: =J67/I67 -> 171.42857 | L67: 14 | M67: =F67/V67*60 -> 2291.5789 | N67: =M67/L67 -> 163.68421 | O67: =L67-I67 -> 0 | P67: =N67-K67 -> -7.7443609 | Q67: =N67/K67 -> 0.95482456 | S67: 0.54444444 | T67: 0.62361111 | U67: =(S67-T66)*24*60 -> 58 | V67: =(T67-S67)*24*60 -> 114 | AE67: =M67-J67 -> -108.42105 | AF67: =M67/J67 -> 0.95482456
A68: 新豐4線 | B68: 平均 | I68: 15.166667 | J68: 2400 | K68: =J68/I68 -> 158.24176 | L68: 15.166667 | M68: =AVERAGE(M62:M67) -> 2293.2366 | N68: =M68/L68 -> 151.20241 | O68: =L68-I68 -> 0 | P68: =N68-K68 -> -7.0393481 | Q68: =N68/K68 -> 0.95551523 | Y68: =SUM(Y62:Y67) -> 0 | Z68: =SUM(Z62:Z67) -> 0 | AC68: 6 | AD68: =SUM(AD62:AD67) -> 0 | AE68: =M68-J68 -> -106.76345 | AF68: =M68/J68 -> 0.95551523

Sheet 0330
B1: 屏榮 新豐廠組合室生產人時性分析
B3: 日期 | C3: =TEXT('0330 4度C'!A2,"yyyy.mm.ddaaaa") -> 2026.03.30星期一 | E3: 訂單量 | F3: ='0330 4度C'!D1 -> 168199 | H3: 營業額 | I3: ='0330 4度C'!F1 -> 5588964.2
B4: 人時性 | C4: 項目 | E4: ➀ | G4: ➁ | I4: ➂ | K4: 異常停線 | M4: 短暫停線
C5: 組合室 | E5: 全溫層 | G5: 4度C-各編組展開 | I5: ③三明治-各編組展開 | K5: 合計次數 | L5: 時間 | M5: 合計次數 | N5: 設備次數
C6: 排關平均 | E6: =AVERAGE(D13:M13) -> 155.66761 | F6: =AVERAGE(D31:O31,D13:J13) -> 161.87503 | G6: =AVERAGE(D13:J13) -> 161.87503 | I6: =AVERAGE(K13:M13) -> 141.18362 | K6: ='0330 4度C'!Y2 -> 0 | L6: ='0330 4度C'!Z2 -> 0 | M6: ='0330 4度C'!AC2 -> 54 | N6: ='0330 4度C'!AD2 -> 0
C7: 實績平均 | E7: =AVERAGE(D14:M14) -> 149.21971 | F7: =AVERAGE(D32:O32,D14:J14) -> 155.40356 | G7: =AVERAGE(D14:J14) -> 155.40356 | I7: =AVERAGE(K14:M14) -> 134.79074
C8: 達成率平均 | E8: =AVERAGE(D15:M15) -> 0.95827783 | F8: =AVERAGE(D15:J15,D33:O33) -> 0.95975142 | G8: =AVERAGE(D15:J15) -> 0.95975142 | I8: =AVERAGE(K15:M15) -> 0.95483947
K9: ※現行日本鮮食廠以達成率80%為基本(即為現行KPI)
B10: 溫層 | D10: ➁4度C-各編組展開 | K10: ③三明治-各編組展開
B11: 編組 | D11: 1 | E11: 2 | F11: 3 | G11: 4 | H11: 5 | I11: 6 | J11: 7 | K11: 1 | L11: 2 | M11: 3
D12: 新豐6線 | E12: 新豐2線 | F12: 新豐5線 | G12: 新豐7線 | H12: 新豐3線 | I12: 新豐1線 | J12: 新豐10線 | K12: 新豐8線 | L12: 新豐9線 | M12: 新豐4線
B13: 人時性 | C13: 排關 | D13: =SUMIFS('0330 4度C'!$K:$K,'0330 4度C'!$A:$A,"新豐6線",'0330 4度C'!$B:$B,"平均") -> 111.11111 | E13: =SUMIFS('0330 4度C'!$K:$K,'0330 4度C'!$A:$A,"新豐2線",'0330 4度C'!$B:$B,"平均") -> 84.90566 | F13: =SUMIFS('0330 4度C'!$K:$K,'0330 4度C'!$A:$A,"新豐5線",'0330 4度C'!$B:$B,"平均") -> 102.73973 | G13: =SUMIFS('0330 4度C'!$K:$K,'0330 4度C'!$A:$A,"新豐7線",'0330 4度C'!$B:$B,"平均") -> 127.77778 | H13: =SUMIFS('0330 4度C'!$K:$K,'0330 4度C'!$A:$A,"新豐3線",'0330 4度C'!$B:$B,"平均") -> 333.33333 | I13: =SUMIFS('0330 4度C'!$K:$K,'0330 4度C'!$A:$A,"新豐1線",'0330 4度C'!$B:$B,"平均") -> 104.02685 | J13: =SUMIFS('0330 4度C'!$K:$K,'0330 4度C'!$A:$A,"新豐10線",'0330 4度C'!$B:$B,"平均") -> 269.23077 | K13: =SUMIFS('0330 4度C'!$K:$K,'0330 4度C'!$A:$A,"新豐8線",'0330 4度C'!$B:$B,"平均") -> 130.90909 | L13: =SUMIFS('0330 4度C'!$K:$K,'0330 4度C'!$A:$A,"新豐9線",'0330 4度C'!$B:$B,"平均") -> 134.4 | M13: =SUMIFS('0330 4度C'!$K:$K,'0330 4度C'!$A:$A,"新豐4線",'0330 4度C'!$B:$B,"平均") -> 158.24176
C14: 實績 | D14: =SUMIFS('0330 4度C'!$N:$N,'0330 4度C'!$A:$A,"新豐6線",'0330 4度C'!$B:$B,"平均") -> 107.5928 | E14: =SUMIFS('0330 4度C'!$N:$N,'0330 4度C'!$A:$A,"新豐2線",'0330 4度C'!$B:$B,"平均") -> 80.99009 | F14: =SUMIFS('0330 4度C'!$N:$N,'0330 4度C'!$A:$A,"新豐5線",'0330 4度C'!$B:$B,"平均") -> 98.502521 | G14: =SUMIFS('0330 4度C'!$N:$N,'0330 4度C'!$A:$A,"新豐7線",'0330 4度C'!$B:$B,"平均") -> 122.59424 | H14: =SUMIFS('0330 4度C'!$N:$N,'0330 4度C'!$A:$A,"新豐3線",'0330 4度C'!$B:$B,"平均") -> 319.18008 | I14: =SUMIFS('0330 4度C'!$N:$N,'0330 4度C'!$A:$A,"新豐1線",'0330 4度C'!$B:$B,"平均") -> 99.516691 | J14: =SUMIFS('0330 4度C'!$N:$N,'0330 4度C'!$A:$A,"新豐10線",'0330 4度C'!$B:$B,"平均") -> 259.44848 | K14: =SUMIFS('0330 4度C'!$N:$N,'0330 4度C'!$A:$A,"新豐8線",'0330 4度C'!$B:$B,"平均") -> 125.02277 | L14: =SUMIFS('0330 4度C'!$N:$N,'0330 4度C'!$A:$A,"新豐9線",'0330 4度C'!$B:$B,"平均") -> 128.58694 | M14: =SUMIFS('0330 4度C'!$N:$N,'0330 4度C'!$A:$A,"新豐4線",'0330 4度C'!$B:$B,"平均") -> 150.76252
C15: 達成率 | D15: =D14/D13 -> 0.96833523 | E15: =E14/E13 -> 0.95388328 | F15: =F14/F13 -> 0.95875787 | G15: =G14/G13 -> 0.95943318 | H15: =H14/H13 -> 0.95754024 | I15: =I14/I13 -> 0.95664432 | J15: =J14/J13 -> 0.96366579 | K15: =K14/K13 -> 0.95503501 | ... M15: =M14/M13 -> 0.95273534
B16: 作業 時間 | C16: 開始 | D16: =VLOOKUP("新豐6線",'0330 4度C'!$A:$T,19,0) -> 0.70833333 | E16: =VLOOKUP("新豐2線",'0330 4度C'!$A:$T,19,0) -> 0.20833333 | F16: =VLOOKUP("新豐5線",'0330 4度C'!$A:$T,19,0) -> 0.20833333 | G16: =VLOOKUP("新豐7線",'0330 4度C'!$A:$T,19,0) -> 0.20833333 | H16: =VLOOKUP("新豐3線",'0330 4度C'!$A:$T,19,0) -> 0.083333333 | I16: =VLOOKUP("新豐1線",'0330 4度C'!$A:$T,19,0) -> 0.20833333 | J16: =VLOOKUP("新豐10線",'0330 4度C'!$A:$T,19,0) -> 0.20833333 | K16: =VLOOKUP("新豐8線",'0330 4度C'!$A:$T,19,0) -> 0.083333333 | L16: =VLOOKUP("新豐9線",'0330 4度C'!$A:$T,19,0) -> 0.083333333 | M16: =VLOOKUP("新豐4線",'0330 4度C'!$A:$T,19,0) -> 0.083333333
C17: 結束 | D17: =LOOKUP(2,1/(('0330 4度C'!$A:$A="新豐6線")*('0330 4度C'!$T:$T<>"")),'0330 4度C'!$T:$T) -> 0.82777778 | E17: =LOOKUP(2,1/(('0330 4度C'!$A:$A="新豐2線")*('0330 4度C'!$T:$T<>"")),'0330 4度C'!$T:$T) -> 0.61180556 | F17: =LOOKUP(2,1/(('0330 4度C'!$A:$A="新豐5線")*('0330 4度C'!$T:$T<>"")),'0330 4度C'!$T:$T) -> 0.84375 | G17: =LOOKUP(2,1/(('0330 4度C'!$A:$A="新豐7線")*('0330 4度C'!$T:$T<>"")),'0330 4度C'!$T:$T) -> 0.85069444 | H17: =LOOKUP(2,1/(('0330 4度C'!$A:$A="新豐3線")*('0330 4度C'!$T:$T<>"")),'0330 4度C'!$T:$T) -> 0.47222222 | I17: =LOOKUP(2,1/(('0330 4度C'!$A:$A="新豐1線")*('0330 4度C'!$T:$T<>"")),'0330 4度C'!$T:$T) -> 0.90208333 | J17: =LOOKUP(2,1/(('0330 4度C'!$A:$A="新豐10線")*('0330 4度C'!$T:$T<>"")),'0330 4度C'!$T:$T) -> 0.45347222 | K17: =LOOKUP(2,1/(('0330 4度C'!$A:$A="新豐8線")*('0330 4度C'!$T:$T<>"")),'0330 4度C'!$T:$T) -> 0.61805556 | L17: =LOOKUP(2,1/(('0330 4度C'!$A:$A="新豐9線")*('0330 4度C'!$T:$T<>"")),'0330 4度C'!$T:$T) -> 0.65347222 | M17: =LOOKUP(2,1/(('0330 4度C'!$A:$A="新豐4線")*('0330 4度C'!$T:$T<>"")),'0330 4度C'!$T:$T) -> 0.62777778
B18: 產線異常 (5分鐘以上) | C18: 次數 | D18: =SUMIFS('0330 4度C'!$Y:$Y,'0330 4度C'!$A:$A,"新豐6線",'0330 4度C'!$B:$B,"平均") -> 0 | E18: =SUMIFS('0330 4度C'!$Y:$Y,'0330 4度C'!$A:$A,"新豐2線",'0330 4度C'!$B:$B,"平均") -> 0 | F18: =SUMIFS('0330 4度C'!$Y:$Y,'0330 4度C'!$A:$A,"新豐5線",'0330 4度C'!$B:$B,"平均") -> 0 | G18: =SUMIFS('0330 4度C'!$Y:$Y,'0330 4度C'!$A:$A,"新豐7線",'0330 4度C'!$B:$B,"平均") -> 0 | H18: =SUMIFS('0330 4度C'!$Y:$Y,'0330 4度C'!$A:$A,"新豐3線",'0330 4度C'!$B:$B,"平均") -> 0 | I18: =SUMIFS('0330 4度C'!$Y:$Y,'0330 4度C'!$A:$A,"新豐1線",'0330 4度C'!$B:$B,"平均") -> 0 | J18: =SUMIFS('0330 4度C'!$Y:$Y,'0330 4度C'!$A:$A,"新豐10線",'0330 4度C'!$B:$B,"平均") -> 0 | K18: =SUMIFS('0330 4度C'!$Y:$Y,'0330 4度C'!$A:$A,"新豐8線",'0330 4度C'!$B:$B,"平均") -> 0 | L18: =SUMIFS('0330 4度C'!$Y:$Y,'0330 4度C'!$A:$A,"新豐9線",'0330 4度C'!$B:$B,"平均") -> 0 | M18: =SUMIFS('0330 4度C'!$Y:$Y,'0330 4度C'!$A:$A,"新豐4線",'0330 4度C'!$B:$B,"平均") -> 0
C19: 時間/分 | D19: =SUMIFS('0330 4度C'!$Z:$Z,'0330 4度C'!$A:$A,"新豐6線",'0330 4度C'!$B:$B,"平均") -> 0 | E19: =SUMIFS('0330 4度C'!$Z:$Z,'0330 4度C'!$A:$A,"新豐2線",'0330 4度C'!$B:$B,"平均") -> 0 | F19: =SUMIFS('0330 4度C'!$Z:$Z,'0330 4度C'!$A:$A,"新豐5線",'0330 4度C'!$B:$B,"平均") -> 0 | G19: =SUMIFS('0330 4度C'!$Z:$Z,'0330 4度C'!$A:$A,"新豐7線",'0330 4度C'!$B:$B,"平均") -> 0 | H19: =SUMIFS('0330 4度C'!$Z:$Z,'0330 4度C'!$A:$A,"新豐3線",'0330 4度C'!$B:$B,"平均") -> 0 | I19: =SUMIFS('0330 4度C'!$Z:$Z,'0330 4度C'!$A:$A,"新豐1線",'0330 4度C'!$B:$B,"平均") -> 0 | J19: =SUMIFS('0330 4度C'!$Z:$Z,'0330 4度C'!$A:$A,"新豐10線",'0330 4度C'!$B:$B,"平均") -> 0 | K19: =SUMIFS('0330 4度C'!$Z:$Z,'0330 4度C'!$A:$A,"新豐8線",'0330 4度C'!$B:$B,"平均") -> 0 | L19: =SUMIFS('0330 4度C'!$Z:$Z,'0330 4度C'!$A:$A,"新豐9線",'0330 4度C'!$B:$B,"平均") -> 0 | M19: =SUMIFS('0330 4度C'!$Z:$Z,'0330 4度C'!$A:$A,"新豐4線",'0330 4度C'!$B:$B,"平均") -> 0
B20: 短暫停線 (5分鐘以下) | C20: 次數 | D20: =SUMIFS('0330 4度C'!$AC:$AC,'0330 4度C'!$A:$A,"新豐6線",'0330 4度C'!$B:$B,"平均") -> 4 | E20: =SUMIFS('0330 4度C'!$AC:$AC,'0330 4度C'!$A:$A,"新豐2線",'0330 4度C'!$B:$B,"平均") -> 3 | F20: =SUMIFS('0330 4度C'!$AC:$AC,'0330 4度C'!$A:$A,"新豐5線",'0330 4度C'!$B:$B,"平均") -> 4 | G20: =SUMIFS('0330 4度C'!$AC:$AC,'0330 4度C'!$A:$A,"新豐7線",'0330 4度C'!$B:$B,"平均") -> 6 | H20: =SUMIFS('0330 4度C'!$AC:$AC,'0330 4度C'!$A:$A,"新豐3線",'0330 4度C'!$B:$B,"平均") -> 5 | I20: =SUMIFS('0330 4度C'!$AC:$AC,'0330 4度C'!$A:$A,"新豐1線",'0330 4度C'!$B:$B,"平均") -> 8 | J20: =SUMIFS('0330 4度C'!$AC:$AC,'0330 4度C'!$A:$A,"新豐10線",'0330 4度C'!$B:$B,"平均") -> 5 | K20: =SUMIFS('0330 4度C'!$AC:$AC,'0330 4度C'!$A:$A,"新豐8線",'0330 4度C'!$B:$B,"平均") -> 6 | L20: =SUMIFS('0330 4度C'!$AC:$AC,'0330 4度C'!$A:$A,"新豐9線",'0330 4度C'!$B:$B,"平均") -> 7 | M20: =SUMIFS('0330 4度C'!$AC:$AC,'0330 4度C'!$A:$A,"新豐4線",'0330 4度C'!$B:$B,"平均") -> 6
C21: 設備次數 | D21: =SUMIFS('0330 4度C'!$AD:$AD,'0330 4度C'!$A:$A,"新豐6線",'0330 4度C'!$B:$B,"平均") -> 0 | E21: =SUMIFS('0330 4度C'!$AD:$AD,'0330 4度C'!$A:$A,"新豐2線",'0330 4度C'!$B:$B,"平均") -> 0 | F21: =SUMIFS('0330 4度C'!$AD:$AD,'0330 4度C'!$A:$A,"新豐5線",'0330 4度C'!$B:$B,"平均") -> 0 | G21: =SUMIFS('0330 4度C'!$AD:$AD,'0330 4度C'!$A:$A,"新豐7線",'0330 4度C'!$B:$B,"平均") -> 0 | H21: =SUMIFS('0330 4度C'!$AD:$AD,'0330 4度C'!$A:$A,"新豐3線",'0330 4度C'!$B:$B,"平均") -> 0 | I21: =SUMIFS('0330 4度C'!$AD:$AD,'0330 4度C'!$A:$A,"新豐1線",'0330 4度C'!$B:$B,"平均") -> 0 | J21: =SUMIFS('0330 4度C'!$AD:$AD,'0330 4度C'!$A:$A,"新豐10線",'0330 4度C'!$B:$B,"平均") -> 0 | K21: =SUMIFS('0330 4度C'!$AD:$AD,'0330 4度C'!$A:$A,"新豐8線",'0330 4度C'!$B:$B,"平均") -> 0 | L21: =SUMIFS('0330 4度C'!$AD:$AD,'0330 4度C'!$A:$A,"新豐9線",'0330 4度C'!$B:$B,"平均") -> 0 | M21: =SUMIFS('0330 4度C'!$AD:$AD,'0330 4度C'!$A:$A,"新豐4線",'0330 4度C'!$B:$B,"平均") -> 0
B22: 配置人數 | D22: =SUMIFS('0330 4度C'!$I:$I,'0330 4度C'!$A:$A,"新豐6線",'0330 4度C'!$B:$B,"平均") -> 18 | E22: =SUMIFS('0330 4度C'!$I:$I,'0330 4度C'!$A:$A,"新豐2線",'0330 4度C'!$B:$B,"平均") -> 17.666667 | F22: =SUMIFS('0330 4度C'!$I:$I,'0330 4度C'!$A:$A,"新豐5線",'0330 4度C'!$B:$B,"平均") -> 18.25 | G22: =SUMIFS('0330 4度C'!$I:$I,'0330 4度C'!$A:$A,"新豐7線",'0330 4度C'!$B:$B,"平均") -> 15 | H22: =SUMIFS('0330 4度C'!$I:$I,'0330 4度C'!$A:$A,"新豐3線",'0330 4度C'!$B:$B,"平均") -> 9 | I22: =SUMIFS('0330 4度C'!$I:$I,'0330 4度C'!$A:$A,"新豐1線",'0330 4度C'!$B:$B,"平均") -> 18.625 | J22: =SUMIFS('0330 4度C'!$I:$I,'0330 4度C'!$A:$A,"新豐10線",'0330 4度C'!$B:$B,"平均") -> 10.4 | K22: =SUMIFS('0330 4度C'!$I:$I,'0330 4度C'!$A:$A,"新豐8線",'0330 4度C'!$B:$B,"平均") -> 18.333333 | L22: =SUMIFS('0330 4度C'!$I:$I,'0330 4度C'!$A:$A,"新豐9線",'0330 4度C'!$B:$B,"平均") -> 17.857143 | M22: =SUMIFS('0330 4度C'!$I:$I,'0330 4度C'!$A:$A,"新豐4線",'0330 4度C'!$B:$B,"平均") -> 15.166667
B23: 主要應用設備 | D23: ET-55 | E23: 熱縮爐 | F23: L型包裝機 | G23: L型包裝機 | H23: 伺服包裝機 | I23: ET-55 | J23: 伺服包裝機 | K23: 三明治包裝機 | L23: 三明治包裝機 | M23: 三明治包裝機
B24: 次要應用設備 | F24: 圓盤機 | G24: ET-55
B25: 備註 | E25: 握沙拉 | F25: 共用L型包裝機 | H25: 調理麵包 | I25: 炒飯+沙拉 | J25: 調理麵包

Sheet 0330 4度C
A1: 新豐廠四度C日報分析 | C1: 總生產量 | D1: =SUM(F5:F68) -> 168199 | E1: 營業額 | F1: =SUM(G5:G68) -> 5588964.2 | G1: 出勤人數 | H1: =L9+L13+L46+L55+L18+L61+L32+L40+L25+L68 -> 158.29881 | I1: 產線配置圖 | L1: 生產實績 | O1: 人時性差異分析 | S1: 日報登錄 | Y1: 合計 次數 | Z1: 合計 時間/分 | AA1: 產線異常 分析說明(5分鐘以上) | AC1: 合計 次數 | AD1: 合計 設備次數 | AE1: 產能差異分析
A2: 46111 | B2: 星期一 | C2: 人時性 | D2: =AVERAGE(N9,N13,N46,N55,N18,N61,N25,N32,N40,N68) -> 149.21971 | E2: 平均廠價 | F2: =F1/D1 -> 33.228285 | G2: 多次生產數 | H2: =COUNT(H5:H68) -> 6 | Y2: =SUM(Y9+Y13+Y18+Y25+Y32+Y40+Y46+Y55+Y61+Y68) -> 0 | Z2: =SUM(Z9+Z13+Z18+Z25+Z32+Z40+Z46+Z55+Z61+Z68) -> 0 | AC2: 54 | AD2: =SUM(AD9+AD13+AD18+AD25+AD32+AD40+AD46+AD55+AD61+AD68) -> 0
A3: 線別 | B3: 品類 | C3: 品名 | E3: 廠價 | F3: 生產量 | G3: 營收 | H3: 多次 生產 | I3: 人數 | J3: 產能/時 | K3: 人時性 | L3: 人數 | M3: 產能/時 | N3: 人時性 | O3: 人數 | P3: 人時性 | Q3: 達成率 | R3: 達成率平均 | S3: 生產時間 | U3: 換線、休息/分 | V3: 稼動時間/分 | W3: 休息時間 | Y3: 產線異常統計 (5分鐘以上) | AA3: (新豐回填) | AC3: 短暫停線統計 (5分鐘以下) | AE3: 產能/時 | AF3: 達成率 | AG3: 達成率平均
S4: 開始 | T4: 結束 | W4: 開始 | X4: 結束 | Y4: 次數 | Z4: 時間/分 | AC4: 總次數 | AD4: 設備因素(次數)
A5: 新豐6線 | B5: 微波主食 | C5: 二配港式香滑嫩蛋牛肉燴飯 | E5: 50.67 | F5: 1548 | G5: =E5*F5 -> 78437.16 | I5: 17 | J5: 2000 | K5: =J5/I5 -> 117.64706 | L5: 17 | M5: =F5/V5*60 -> 1935 | N5: =M5/L5 -> 113.82353 | O5: =L5-I5 -> 0 | P5: =N5-K5 -> -3.8235294 | Q5: =N5/K5 -> 0.9675 | R5: =Q9 -> 0.96833523 | S5: 0.70833333 | T5: 0.74166667 | V5: =(T5-S5)*24*60 -> 48 | AC5: 4 | AE5: =M5-J5 -> -65 | AF5: =M5/J5 -> 0.9675 | AG5: =AF9 -> 0.96833523
A6: 新豐6線 | B6: 微波主食 | C6: 二配美味蟹煲 | E6: 54.09 | F6: 1273 | G6: =E6*F6 -> 68856.57 | I6: 19 | J6: 2000 | K6: =J6/I6 -> 105.26316 | L6: 19 | M6: =F6/V6*60 -> 1909.5 | N6: =M6/L6 -> 100.5 | O6: =L6-I6 -> 0 | P6: =N6-K6 -> -4.7631579 | Q6: =N6/K6 -> 0.95475 | S6: 0.74583333 | T6: 0.77361111 | U6: =IF(S6=TIME(17,0,0),"",(S6-T5)*24*60) -> 6 | V6: =(T6-S6)*24*60 -> 40 | AE6: =M6-J6 -> -90.5 | AF6: =M6/J6 -> 0.95475
A7: 新豐6線 | B7: 微波主食 | C7: 二配濃蕃茄火腿蛋包飯 | E7: 50.67 | F7: 330 | G7: =E7*F7 -> 16721.1 | I7: 21 | J7: 2000 | K7: =J7/I7 -> 95.238095 | L7: 21 | M7: =F7/V7*60 -> 1980 | N7: =M7/L7 -> 94.285714 | O7: =L7-I7 -> 0 | P7: =N7-K7 -> -0.95238095 | Q7: =N7/K7 -> 0.99 | S7: 0.77708333 | T7: 0.78402778 | U7: =IF(S7=TIME(17,0,0),"",(S7-T6)*24*60) -> 5 | V7: =(T7-S7)*24*60 -> 10 | AE7: =M7-J7 -> -20 | AF7: =M7/J7 -> 0.99
A8: 新豐6線 | B8: 微波主食 | C8: 二配泰式綠咖哩雞 | E8: 50.67 | F8: 1762 | G8: =E8*F8 -> 89280.54 | I8: 15 | J8: 2000 | K8: =J8/I8 -> 133.33333 | L8: 15 | M8: =F8/V8*60 -> 1922.1818 | N8: =M8/L8 -> 128.14545 | O8: =L8-I8 -> 0 | P8: =N8-K8 -> -5.1878788 | Q8: =N8/K8 -> 0.96109091 | S8: 0.78958333 | T8: 0.82777778 | U8: =IF(S8=TIME(17,0,0),"",(S8-T7)*24*60) -> 8 | V8: =(T8-S8)*24*60 -> 55 | AE8: =M8-J8 -> -77.818182 | AF8: =M8/J8 -> 0.96109091
A9: 新豐6線 | B9: 平均 | I9: 18 | J9: 2000 | K9: =J9/I9 -> 111.11111 | L9: 18 | M9: =AVERAGE(M5:M8) -> 1936.6705 | N9: =M9/L9 -> 107.5928 | O9: =L9-I9 -> 0 | P9: =N9-K9 -> -3.5183081 | Q9: =N9/K9 -> 0.96833523 | Y9: =SUM(Y5:Y8) -> 0 | Z9: =SUM(Z5:Z8) -> 0 | AC9: 4 | AD9: =SUM(AD5:AD8) -> 0 | AE9: =M9-J9 -> -63.329545 | AF9: =M9/J9 -> 0.96833523
A10: 新豐2線 | B10: 沙拉 | C10: 青醬優格雞肉握沙拉(113年) | E10: 39.62 | F10: 4766 | G10: =E10*F10 -> 188828.92 | I10: 19 | J10: 1500 | K10: =J10/I10 -> 78.947368 | L10: 19 | M10: =F10/V10*60 -> 1429.8 | N10: =M10/L10 -> 75.252632 | O10: =L10-I10 -> 0 | P10: =N10-K10 -> -3.6947368 | Q10: =N10/K10 -> 0.9532 | R10: =Q13 -> 0.95388328 | S10: 0.20833333 | T10: 0.34722222 | V10: =(T10-S10)*24*60 -> 200 | AC10: 3 | AE10: =M10-J10 -> -70.2 | AF10: =M10/J10 -> 0.9532 | AG10: =AF13 -> 0.95388328
A11: 新豐2線 | B11: 沙拉 | C11: 青檸烤雞握沙拉(113年) | E11: 39.8 | F11: 4600 | G11: =E11*F11 -> 183080 | H11: 2 | I11: 17 | J11: 1500 | K11: =J11/I11 -> 88.235294 | L11: 17 | M11: =F11/V11*60 -> 1430.0518 | N11: =M11/L11 -> 84.120695 | O11: =L11-I11 -> 0 | P11: =N11-K11 -> -4.1145992 | Q11: =N11/K11 -> 0.95336788 | S11: 0.35277778 | T11: 0.48680556 | U11: =IF(S11=TIME(17,0,0),"",(S11-T10)*24*60) -> 8 | V11: =(T11-S11)*24*60 -> 193 | W11: =T11 -> 0.48680556 | X11: =S12 -> 0.52708333 | AE11: =M11-J11 -> -69.948187 | AF11: =M11/J11 -> 0.95336788
A12: 新豐2線 | B12: 沙拉 | C12: 青檸烤雞握沙拉(113年) | E12: 39.8 | F12: 2913 | G12: =E12*F12 -> 115937.4 | I12: 17 | J12: 1500 | K12: =J12/I12 -> 88.235294 | L12: 17 | M12: =F12/V12*60 -> 1432.623 | N12: =M12/L12 -> 84.271938 | O12: =L12-I12 -> 0 | P12: =N12-K12 -> -3.9633558 | Q12: =N12/K12 -> 0.95508197 | S12: 0.52708333 | T12: 0.61180556 | U12: =IF(S12=TIME(17,0,0),"",(S12-T11)*24*60) -> 58 | V12: =(T12-S12)*24*60 -> 122 | AE12: =M12-J12 -> -67.377049 | AF12: =M12/J12 -> 0.95508197
A13: 新豐2線 | B13: 平均 | I13: 17.666667 | J13: 1500 | K13: =J13/I13 -> 84.90566 | L13: 17.666667 | M13: =AVERAGE(M10:M12) -> 1430.8249 | N13: =M13/L13 -> 80.99009 | O13: =L13-I13 -> 0 | P13: =N13-K13 -> -3.9155705 | Q13: =N13/K13 -> 0.95388328 | Y13: =SUM(Y10:Y12) -> 0 | Z13: =SUM(Z10:Z12) -> 0 | AC13: 3 | AD13: =SUM(AD10:AD12) -> 0 | AE13: =M13-J13 -> -69.175079 | AF13: =M13/J13 -> 0.95388328
A14: 新豐5線 | B14: 小吃 | C14: 剝皮辣椒雞湯 | E14: 41 | F14: 2590 | G14: =E14*F14 -> 106190 | I14: 26 | J14: 1500 | K14: =J14/I14 -> 57.692308 | L14: 26 | M14: =F14/V14*60 -> 1425.6881 | N14: =M14/L14 -> 54.834157 | O14: =L14-I14 -> 0 | P14: =N14-K14 -> -2.858151 | Q14: =N14/K14 -> 0.95045872 | R14: =Q18 -> 0.95875787 | S14: 0.20833333 | T14: 0.28402778 | V14: =(T14-S14)*24*60 -> 109 | AC14: 4 | AE14: =M14-J14 -> -74.311927 | AF14: =M14/J14 -> 0.95045872 | AG14: =AF18 -> 0.95875787
A15: 新豐5線 | B15: 微波主食 | C15: 二配金咖哩濃厚辛口咖哩飯 | E15: 50.98 | F15: 2608 | G15: =E15*F15 -> 132955.84 | I15: 16 | J15: 2000 | K15: =J15/I15 -> 125 | L15: 16 | M15: =F15/V15*60 -> 1908.2927 | N15: =M15/L15 -> 119.26829 | O15: =L15-I15 -> 0 | P15: =N15-K15 -> -5.7317073 | Q15: =N15/K15 -> 0.95414634 | S15: 0.70833333 | T15: 0.76527778 | U15: =IF(S15=TIME(17,0,0),"",(S15-T14)*24*60) | V15: =(T15-S15)*24*60 -> 82 | AE15: =M15-J15 -> -91.707317 | AF15: =M15/J15 -> 0.95414634
A16: 新豐5線 | B16: 微波主食 | C16: 二配香炒沙茶豬肉飯 | E16: 50.67 | F16: 680 | G16: =E16*F16 -> 34455.6 | I16: 16 | J16: 2000 | K16: =J16/I16 -> 125 | L16: 16 | M16: =F16/V16*60 -> 1942.8571 | N16: =M16/L16 -> 121.42857 | O16: =L16-I16 -> 0 | P16: =N16-K16 -> -3.5714286 | Q16: =N16/K16 -> 0.97142857 | S16: 0.77013889 | T16: 0.78472222 | U16: =IF(S16=TIME(17,0,0),"",(S16-T15)*24*60) -> 7 | V16: =(T16-S16)*24*60 -> 21 | AE16: =M16-J16 -> -57.142857 | AF16: =M16/J16 -> 0.97142857
A17: 新豐5線 | B17: 微波主食 | C17: 二配金咖哩果香甘口咖哩飯 | E17: 50.92 | F17: 2488 | G17: =E17*F17 -> 126688.96 | I17: 15 | J17: 2000 | K17: =J17/I17 -> 133.33333 | L17: 15 | M17: =F17/V17*60 -> 1913.8462 | N17: =M17/L17 -> 127.58974 | O17: =L17-I17 -> 0 | P17: =N17-K17 -> -5.7435897 | Q17: =N17/K17 -> 0.95692308 | S17: 0.78958333 | T17: 0.84375 | U17: =IF(S17=TIME(17,0,0),"",(S17-T16)*24*60) -> 7 | V17: =(T17-S17)*24*60 -> 78 | AE17: =M17-J17 -> -86.153846 | AF17: =M17/J17 -> 0.95692308
A18: 新豐5線 | B18: 平均 | I18: 18.25 | J18: 1875 | K18: =J18/I18 -> 102.73973 | L18: 18.25 | M18: =AVERAGE(M14:M17) -> 1797.671 | N18: =M18/L18 -> 98.502521 | O18: =L18-I18 -> 0 | P18: =N18-K18 -> -4.2372048 | Q18: =N18/K18 -> 0.95875787 | Y18: =SUM(Y14:Y17) -> 0 | Z18: =SUM(Z14:Z17) -> 0 | AC18: 4 | AD18: =SUM(AD14:AD17) -> 0 | AE18: =M18-J18 -> -77.328987 | AF18: =M18/J18 -> 0.95875787
A19: 新豐7線 | B19: 微波主食 | C19: 鐵板滑蛋炸豬排丼 | E19: 57.73 | F19: 2806 | G19: =E19*F19 -> 161990.38 | I19: 14 | J19: 2000 | K19: =J19/I19 -> 142.85714 | L19: 14 | M19: =F19/V19*60 -> 1913.1818 | N19: =M19/L19 -> 136.65584 | O19: =L19-I19 -> 0 | P19: =N19-K19 -> -6.2012987 | Q19: =N19/K19 -> 0.95659091 | R19: =Q25 -> 0.95943318 | S19: 0.20833333 | T19: 0.26944444 | V19: =(T19-S19)*24*60 -> 88 | AC19: 6 | AE19: =M19-J19 -> -86.818182 | AF19: =M19/J19 -> 0.95659091 | AG19: =AF25 -> 0.95943318
A20: 新豐7線 | B20: 微波主食 | C20: 極上炙烤親子丼 | E20: 53.68 | F20: 1601 | G20: =E20*F20 -> 85941.68 | I20: 16 | J20: 2000 | K20: =J20/I20 -> 125 | L20: 16 | M20: =F20/V20*60 -> 1921.2 | N20: =M20/L20 -> 120.075 | O20: =L20-I20 -> 0 | P20: =N20-K20 -> -4.925 | Q20: =N20/K20 -> 0.9606 | S20: 0.275 | T20: 0.30972222 | U20: =IF(S20=TIME(17,0,0),"",(S20-T19)*24*60) -> 8 | V20: =(T20-S20)*24*60 -> 50 | AE20: =M20-J20 -> -78.8 | AF20: =M20/J20 -> 0.9606
A21: 新豐7線 | B21: 微波主食 | C21: 韓式泡菜豬肉豆腐丼飯 | E21: 50.67 | F21: 3227 | G21: =E21*F21 -> 163512.09 | I21: 16 | J21: 2000 | K21: =J21/I21 -> 125 | L21: 16 | M21: =F21/V21*60 -> 1917.0297 | N21: =M21/L21 -> 119.81436 | O21: =L21-I21 -> 0 | P21: =N21-K21 -> -5.1856436 | Q21: =N21/K21 -> 0.95851485 | S21: 0.31527778 | T21: 0.38541667 | U21: =IF(S21=TIME(17,0,0),"",(S21-T20)*24*60) -> 8 | V21: =(T21-S21)*24*60 -> 101 | AE21: =M21-J21 -> -82.970297 | AF21: =M21/J21 -> 0.95851485
A22: 新豐7線 | B22: 微波主食 | C22: 二配厚香料咖哩雞排飯 | E22: 57.3 | F22: 1765 | G22: =E22*F22 -> 101134.5 | I22: 13 | J22: 2000 | K22: =J22/I22 -> 153.84615 | L22: 13 | M22: =F22/V22*60 -> 1925.4545 | N22: =M22/L22 -> 148.11189 | O22: =L22-I22 -> 0 | P22: =N22-K22 -> -5.7342657 | Q22: =N22/K22 -> 0.96272727 | S22: 0.70833333 | T22: 0.74652778 | U22: =IF(S22=TIME(17,0,0),"",(S22-T21)*24*60) | V22: =(T22-S22)*24*60 -> 55 | AE22: =M22-J22 -> -74.545455 | AF22: =M22/J22 -> 0.96272727
A23: 新豐7線 | B23: 微波主食 | C23: 二配起司控培根白醬焗烤飯 | E23: 53.68 | F23: 1619 | G23: =E23*F23 -> 86907.92 | I23: 16 | J23: 1500 | K23: =J23/I23 -> 93.75 | L23: 16 | M23: =F23/V23*60 -> 1449.8507 | N23: =M23/L23 -> 90.615672 | O23: =L23-I23 -> 0 | P23: =N23-K23 -> -3.1343284 | Q23: =N23/K23 -> 0.96656716 | S23: 0.75208333 | T23: 0.79861111 | U23: =IF(S23=TIME(17,0,0),"",(S23-T22)*24*60) -> 8 | V23: =(T23-S23)*24*60 -> 67 | AE23: =M23-J23 -> -50.149254 | AF23: =M23/J23 -> 0.96656716
A24: 新豐7線 | B24: 微波主食 | C24: 二配川味麻婆燒豆腐燴飯 | E24: 50.49 | F24: 2161 | G24: =E24*F24 -> 109108.89 | I24: 15 | J24: 2000 | K24: =J24/I24 -> 133.33333 | L24: 15 | M24: =F24/V24*60 -> 1906.7647 | N24: =M24/L24 -> 127.11765 | O24: =L24-I24 -> 0 | P24: =N24-K24 -> -6.2156863 | Q24: =N24/K24 -> 0.95338235 | S24: 0.80347222 | T24: 0.85069444 | U24: =IF(S24=TIME(17,0,0),"",(S24-T23)*24*60) -> 7 | V24: =(T24-S24)*24*60 -> 68 | AE24: =M24-J24 -> -93.235294 | AF24: =M24/J24 -> 0.95338235
A25: 新豐7線 | B25: 平均 | I25: 15 | J25: 1916.6667 | K25: =J25/I25 -> 127.77778 | L25: 15 | M25: =AVERAGE(M19:M24) -> 1838.9136 | N25: =M25/L25 -> 122.59424 | O25: =L25-I25 -> 0 | P25: =N25-K25 -> -5.1835387 | Q25: =N25/K25 -> 0.95943318 | Y25: =SUM(Y19:Y24) -> 0 | Z25: =SUM(Z19:Z24) -> 0 | AC25: 6 | AD25: =SUM(AD19:AD24) -> 0 | AE25: =M25-J25 -> -77.75308 | AF25: =M25/J25 -> 0.95943318
A26: 新豐8線 | B26: 三明治 | C26: 紐奧良風味烤雞鮮蔬三明治 | E26: 31.29 | F26: 6600 | G26: =E26*F26 -> 206514 | H26: 2 | I26: 18 | J26: 2400 | K26: =J26/I26 -> 133.33333 | L26: 18 | M26: =F26/V26*60 -> 2289.0173 | N26: =M26/L26 -> 127.16763 | O26: =L26-I26 -> 0 | P26: =N26-K26 -> -6.1657033 | Q26: =N26/K26 -> 0.95375723 | R26: =Q32 -> 0.95503501 | S26: 0.083333333 | T26: 0.20347222 | V26: =(T26-S26)*24*60 -> 173 | W26: =T26 -> 0.20347222 | X26: =S27 -> 0.22430556 | AC26: 6 | AE26: =M26-J26 -> -110.98266 | AF26: =M26/J26 -> 0.95375723 | AG26: =AF32 -> 0.95503501
A27: 新豐8線 | B27: 三明治 | C27: 好多菜三明治(114年) | E27: 25.98 | F27: 3280 | G27: =E27*F27 -> 85214.4 | I27: 21 | J27: 2400 | K27: =J27/I27 -> 114.28571 | L27: 21 | M27: =F27/V27*60 -> 2288.3721 | N27: =M27/L27 -> 108.9701 | O27: =L27-I27 -> 0 | P27: =N27-K27 -> -5.3156146 | Q27: =N27/K27 -> 0.95348837 | S27: 0.22430556 | T27: 0.28402778 | U27: =(S27-T26)*24*60 -> 30 | V27: =(T27-S27)*24*60 -> 86 | AE27: =M27-J27 -> -111.62791 | AF27: =M27/J27 -> 0.95348837
A28: 新豐8線 | B28: 三明治 | C28: 經典總匯三明治 | E28: 26.2 | F28: 5676 | G28: =E28*F28 -> 148711.2 | I28: 20 | J28: 2400 | K28: =J28/I28 -> 120 | L28: 20 | M28: =F28/V28*60 -> 2285.6376 | N28: =M28/L28 -> 114.28188 | O28: =L28-I28 -> 0 | P28: =N28-K28 -> -5.7181208 | Q28: =N28/K28 -> 0.95234899 | S28: 0.2875 | T28: 0.39097222 | U28: =(S28-T27)*24*60 -> 5 | V28: =(T28-S28)*24*60 -> 149 | AE28: =M28-J28 -> -114.36242 | AF28: =M28/J28 -> 0.95234899
A29: 新豐8線 | B29: 三明治 | C29: 雞蛋沙拉三明治(114年) | E29: 25.99 | F29: 4430 | G29: =E29*F29 -> 115135.7 | I29: 14 | J29: 2400 | K29: =J29/I29 -> 171.42857 | L29: 14 | M29: =F29/V29*60 -> 2291.3793 | N29: =M29/L29 -> 163.66995 | O29: =L29-I29 -> 0 | P29: =N29-K29 -> -7.7586207 | Q29: =N29/K29 -> 0.95474138 | S29: 0.39444444 | T29: 0.475 | U29: =(S29-T28)*24*60 -> 5 | V29: =(T29-S29)*24*60 -> 116 | AE29: =M29-J29 -> -108.62069 | AF29: =M29/J29 -> 0.95474138
A30: 新豐8線 | B30: 三明治 | C30: 陽光地瓜總匯三明治 | E30: 26.18 | F30: 1831 | G30: =E30*F30 -> 47935.58 | I30: 19 | J30: 2400 | K30: =J30/I30 -> 126.31579 | L30: 19 | M30: =F30/V30*60 -> 2288.75 | N30: =M30/L30 -> 120.46053 | O30: =L30-I30 -> 0 | P30: =N30-K30 -> -5.8552632 | Q30: =N30/K30 -> 0.95364583 | S30: 0.47916667 | T30: 0.5125 | U30: =(S30-T29)*24*60 -> 6 | V30: =(T30-S30)*24*60 -> 48 | W30: =T30 -> 0.5125 | X30: =S31 -> 0.55416667 | AE30: =M30-J30 -> -111.25 | AF30: =M30/J30 -> 0.95364583
A31: 新豐8線 | B31: 三明治 | C31: 紐奧良風味烤雞鮮蔬三明治 | E31: 31.29 | F31: 3541 | G31: =E31*F31 -> 110797.89 | I31: 18 | J31: 2400 | K31: =J31/I31 -> 133.33333 | L31: 18 | M31: =F31/V31*60 -> 2309.3478 | N31: =M31/L31 -> 128.2971 | O31: =L31-I31 -> 0 | P31: =N31-K31 -> -5.0362319 | Q31: =N31/K31 -> 0.96222826 | S31: 0.55416667 | T31: 0.61805556 | U31: =(S31-T30)*24*60 -> 60 | V31: =(T31-S31)*24*60 -> 92 | AE31: =M31-J31 -> -90.652174 | AF31: =M31/J31 -> 0.96222826
A32: 新豐8線 | B32: 平均 | I32: 18.333333 | J32: 2400 | K32: =J32/I32 -> 130.90909 | L32: 18.333333 | M32: =AVERAGE(M26:M31) -> 2292.084 | N32: =M32/L32 -> 125.02277 | O32: =L32-I32 -> 0 | P32: =N32-K32 -> -5.8863259 | Q32: =N32/K32 -> 0.95503501 | Y32: =SUM(Y26:Y31) -> 0 | Z32: =SUM(Z26:Z31) -> 0 | AC32: 6 | AD32: =SUM(AD26:AD31) -> 0 | AE32: =M32-J32 -> -107.91597 | AF32: =M32/J32 -> 0.95503501
A33: 新豐9線 | B33: 三明治 | C33: 鮪魚起司溏心蛋三明治 | E33: 26.2 | F33: 4700 | G33: =E33*F33 -> 123140 | H33: 2 | I33: 18 | J33: 2400 | K33: =J33/I33 -> 133.33333 | L33: 18 | M33: =F33/V33*60 -> 2292.6829 | N33: =M33/L33 -> 127.37127 | O33: =L33-I33 -> 0 | P33: =N33-K33 -> -5.9620596 | Q33: =N33/K33 -> 0.95528455 | R33: =Q40 -> 0.95674807 | S33: 0.083333333 | T33: 0.16875 | V33: =(T33-S33)*24*60 -> 123 | W33: =T33 -> 0.16875 | X33: =S34 -> 0.18819444 | AC33: 7 | AE33: =M33-J33 -> -107.31707 | AF33: =M33/J33 -> 0.95528455 | AG33: =AF40 -> 0.95674807
A34: 新豐9線 | B34: 三明治 | C34: 肉鬆火腿三明治 | E34: 20.52 | F34: 4374 | G34: =E34*F34 -> 89754.48 | I34: 18 | J34: 2400 | K34: =J34/I34 -> 133.33333 | L34: 18 | M34: =F34/V34*60 -> 2302.1053 | N34: =M34/L34 -> 127.89474 | O34: =L34-I34 -> 0 | P34: =N34-K34 -> -5.4385965 | Q34: =N34/K34 -> 0.95921053 | S34: 0.18819444 | T34: 0.26736111 | U34: =(S34-T33)*24*60 -> 28 | V34: =(T34-S34)*24*60 -> 114 | AE34: =M34-J34 -> -97.894737 | AF34: =M34/J34 -> 0.95921053
A35: 新豐9線 | B35: 三明治 | C35: 醬燒烤雞三明治 | E35: 26.39 | F35: 4200 | G35: =E35*F35 -> 110838 | H35: 2 | I35: 19 | J35: 2400 | K35: =J35/I35 -> 126.31579 | L35: 19 | M35: =F35/V35*60 -> 2290.9091 | N35: =M35/L35 -> 120.57416 | O35: =L35-I35 -> 0 | P35: =N35-K35 -> -5.7416268 | Q35: =N35/K35 -> 0.95454545 | S35: 0.27222222 | T35: 0.34861111 | U35: =(S35-T34)*24*60 -> 7 | V35: =(T35-S35)*24*60 -> 110 | AE35: =M35-J35 -> -109.09091 | AF35: =M35/J35 -> 0.95454545
A36: 新豐9線 | B36: 三明治 | C36: 輕乳酪巧克力三明治 | E36: 20.52 | F36: 2915 | G36: =E36*F36 -> 59815.8 | I36: 18 | J36: 2400 | K36: =J36/I36 -> 133.33333 | L36: 18 | M36: =F36/V36*60 -> 2301.3158 | N36: =M36/L36 -> 127.85088 | O36: =L36-I36 -> 0 | P36: =N36-K36 -> -5.4824561 | Q36: =N36/K36 -> 0.95888158 | S36: 0.35277778 | T36: 0.40555556 | U36: =(S36-T35)*24*60 -> 6 | V36: =(T36-S36)*24*60 -> 76 | AE36: =M36-J36 -> -98.684211 | AF36: =M36/J36 -> 0.95888158
A37: 新豐9線 | B37: 三明治 | C37: 香蕉可可三明治 | E37: 22.69 | F37: 6026 | G37: =E37*F37 -> 136729.94 | I37: 15 | J37: 2400 | K37: =J37/I37 -> 160 | L37: 15 | M37: =F37/V37*60 -> 2288.3544 | N37: =M37/L37 -> 152.55696 | O37: =L37-I37 -> 0 | P37: =N37-K37 -> -7.443038 | Q37: =N37/K37 -> 0.95348101 | S37: 0.40972222 | T37: 0.51944444 | U37: =(S37-T36)*24*60 -> 6 | V37: =(T37-S37)*24*60 -> 158 | W37: =T37 -> 0.51944444 | X37: =S38 -> 0.55833333 | AE37: =M37-J37 -> -111.64557 | AF37: =M37/J37 -> 0.95348101
A38: 新豐9線 | B38: 三明治 | C38: 鮪魚起司溏心蛋三明治 | E38: 26.2 | F38: 2660 | G38: =E38*F38 -> 69692 | I38: 18 | J38: 2400 | K38: =J38/I38 -> 133.33333 | L38: 18 | M38: =F38/V38*60 -> 2280 | N38: =M38/L38 -> 126.66667 | O38: =L38-I38 -> 0 | P38: =N38-K38 -> -6.6666667 | Q38: =N38/K38 -> 0.95 | S38: 0.55833333 | T38: 0.60694444 | U38: =(S38-T37)*24*60 -> 56 | V38: =(T38-S38)*24*60 -> 70 | AE38: =M38-J38 -> -120 | AF38: =M38/J38 -> 0.95
A39: 新豐9線 | B39: 三明治 | C39: 醬燒烤雞三明治 | E39: 26.39 | F39: 2318 | G39: =E39*F39 -> 61172.02 | I39: 19 | J39: 2400 | K39: =J39/I39 -> 126.31579 | L39: 19 | M39: =F39/V39*60 -> 2318 | N39: =M39/L39 -> 122 | O39: =L39-I39 -> 0 | P39: =N39-K39 -> -4.3157895 | Q39: =N39/K39 -> 0.96583333 | S39: 0.61180556 | T39: 0.65347222 | U39: =(S39-T38)*24*60 -> 7 | V39: =(T39-S39)*24*60 -> 60 | AE39: =M39-J39 -> -82 | AF39: =M39/J39 -> 0.96583333
A40: 新豐9線 | B40: 平均 | I40: 17.857143 | J40: 2400 | K40: =J40/I40 -> 134.4 | L40: 17.857143 | M40: =AVERAGE(M33:M39) -> 2296.1954 | N40: =M40/L40 -> 128.58694 | O40: =L40-I40 -> 0 | P40: =N40-K40 -> -5.81306 | Q40: =N40/K40 -> 0.95674807 | Y40: =SUM(Y33:Y39) -> 0 | Z40: =SUM(Z33:Z39) -> 0 | AC40: 7 | AD40: =SUM(AD33:AD39) -> 0 | AE40: =M40-J40 -> -103.80464 | AF40: =M40/J40 -> 0.95674807
A41: 新豐3線 | B41: 調理麵包 | C41: 黃金魚堡(114年) | E41: 34.35 | F41: 3790 | G41: =E41*F41 -> 130186.5 | I41: 8 | J41: 3000 | K41: =J41/I41 -> 375 | L41: 8 | M41: =F41/V41*60 -> 2878.481 | N41: =M41/L41 -> 359.81013 | O41: =L41-I41 -> 0 | P41: =N41-K41 -> -15.189873 | Q41: =N41/K41 -> 0.95949367 | R41: =Q46 -> 0.95754024 | S41: 0.083333333 | T41: 0.13819444 | V41: =(T41-S41)*24*60 -> 79 | W41: =T41 -> 0.13819444 | X41: =S42 -> 0.15833333 | AC41: 5 | AE41: =M41-J41 -> -121.51899 | AF41: =M41/J41 -> 0.95949367 | AG41: =AF46 -> 0.95754024
A42: 新豐3線 | B42: 調理麵包 | C42: 豬肉起司堡 | E42: 21.13 | F42: 5926 | G42: =E42*F42 -> 125216.38 | I42: 10 | J42: 3000 | K42: =J42/I42 -> 300 | L42: 10 | M42: =F42/V42*60 -> 2867.4194 | N42: =M42/L42 -> 286.74194 | O42: =L42-I42 -> 0 | P42: =N42-K42 -> -13.258065 | Q42: =N42/K42 -> 0.95580645 | S42: 0.15833333 | T42: 0.24444444 | U42: =(S42-T41)*24*60 -> 29 | V42: =(T42-S42)*24*60 -> 124 | AE42: =M42-J42 -> -132.58065 | AF42: =M42/J42 -> 0.95580645
A43: 新豐3線 | B43: 調理麵包 | C43: 豬肉起司蛋堡 | E43: 27.17 | F43: 7833 | G43: =E43*F43 -> 212822.61 | I43: 10 | J43: 3000 | K43: =J43/I43 -> 300 | L43: 10 | M43: =F43/V43*60 -> 2865.7317 | N43: =M43/L43 -> 286.57317 | O43: =L43-I43 -> 0 | P43: =N43-K43 -> -13.426829 | Q43: =N43/K43 -> 0.9552439 | S43: 0.24791667 | T43: 0.36180556 | U43: =(S43-T42)*24*60 -> 5 | V43: =(T43-S43)*24*60 -> 164 | AE43: =M43-J43 -> -134.26829 | AF43: =M43/J43 -> 0.9552439
A44: 新豐3線 | B44: 調理麵包 | C44: 香菜雞堡 | E44: 28.3 | F44: 2492 | G44: =E44*F44 -> 70523.6 | I44: 8 | J44: 3000 | K44: =J44/I44 -> 375 | L44: 8 | M44: =F44/V44*60 -> 2875.3846 | N44: =M44/L44 -> 359.42308 | O44: =L44-I44 -> 0 | P44: =N44-K44 -> -15.576923 | Q44: =N44/K44 -> 0.95846154 | S44: 0.36736111 | T44: 0.40347222 | U44: =(S44-T43)*24*60 -> 8 | V44: =(T44-S44)*24*60 -> 52 | AE44: =M44-J44 -> -124.61538 | AF44: =M44/J44 -> 0.95846154
A45: 新豐3線 | B45: 調理麵包 | C45: 美式雞腿堡 | E45: 35.87 | F45: 4410 | G45: =E45*F45 -> 158186.7 | I45: 9 | J45: 3000 | K45: =J45/I45 -> 333.33333 | L45: 9 | M45: =F45/V45*60 -> 2876.087 | N45: =M45/L45 -> 319.56522 | O45: =L45-I45 -> 0 | P45: =N45-K45 -> -13.768116 | Q45: =N45/K45 -> 0.95869565 | S45: 0.40833333 | T45: 0.47222222 | U45: =(S45-T44)*24*60 -> 7 | V45: =(T45-S45)*24*60 -> 92 | AE45: =M45-J45 -> -123.91304 | AF45: =M45/J45 -> 0.95869565
A46: 新豐3線 | B46: 平均 | I46: 9 | J46: 3000 | K46: =J46/I46 -> 333.33333 | L46: 9 | M46: =AVERAGE(M41:M45) -> 2872.6207 | N46: =M46/L46 -> 319.18008 | O46: =L46-I46 -> 0 | P46: =N46-K46 -> -14.153252 | Q46: =N46/K46 -> 0.95754024 | Y46: =SUM(Y41:Y45) -> 0 | Z46: =SUM(Z41:Z45) -> 0 | AC46: 5 | AD46: =SUM(AD41:AD45) -> 0 | AE46: =M46-J46 -> -127.37927 | AF46: =M46/J46 -> 0.95754024
A47: 新豐1線 | B47: 沙拉 | C47: 莎莎烤雞麵沙拉 | E47: 46 | F47: 2459 | G47: =E47*F47 -> 113114 | I47: 17 | J47: 2000 | K47: =J47/I47 -> 117.64706 | L47: 17 | M47: =F47/V47*60 -> 1916.1039 | N47: =M47/L47 -> 112.71199 | O47: =L47-I47 -> 0 | P47: =N47-K47 -> -4.9350649 | Q47: =N47/K47 -> 0.95805195 | R47: =Q55 -> 0.95664432 | S47: 0.20833333 | T47: 0.26180556 | V47: =(T47-S47)*24*60 -> 77 | AC47: 8 | AE47: =M47-J47 -> -83.896104 | AF47: =M47/J47 -> 0.95805195 | AG47: =AF55 -> 0.95664432
A48: 新豐1線 | B48: 微波主食 | C48: 壹號醬雞豚雙拼 | E48: 56.43 | F48: 1849 | G48: =E48*F48 -> 104339.07 | I48: 22 | J48: 2000 | K48: =J48/I48 -> 90.909091 | L48: 22 | M48: =F48/V48*60 -> 1912.7586 | N48: =M48/L48 -> 86.943574 | O48: =L48-I48 -> 0 | P48: =N48-K48 -> -3.9655172 | Q48: =N48/K48 -> 0.95637931 | S48: 0.26736111 | T48: 0.30763889 | U48: =IF(S48=TIME(17,0,0),"",(S48-T47)*24*60) -> 8 | V48: =(T48-S48)*24*60 -> 58 | AE48: =M48-J48 -> -87.241379 | AF48: =M48/J48 -> 0.95637931
A49: 新豐1線 | B49: 微波主食 | C49: 好多蒜燒豚飯 | E49: 51.75 | F49: 1274 | G49: =E49*F49 -> 65929.5 | I49: 25 | J49: 2000 | K49: =J49/I49 -> 80 | L49: 25 | M49: =F49/V49*60 -> 1911 | N49: =M49/L49 -> 76.44 | O49: =L49-I49 -> 0 | P49: =N49-K49 -> -3.56 | Q49: =N49/K49 -> 0.9555 | S49: 0.31180556 | T49: 0.33958333 | U49: =IF(S49=TIME(17,0,0),"",(S49-T48)*24*60) -> 6 | V49: =(T49-S49)*24*60 -> 40 | AE49: =M49-J49 -> -89 | AF49: =M49/J49 -> 0.9555
A50: 新豐1線 | B50: 微波主食 | C50: 二配粗飽系雞排炒飯(114年) | E50: 57.73 | F50: 1072 | G50: =E50*F50 -> 61886.56 | I50: 16 | J50: 1500 | K50: =J50/I50 -> 93.75 | L50: 16 | M50: =F50/V50*60 -> 1429.3333 | N50: =M50/L50 -> 89.333333 | O50: =L50-I50 -> 0 | P50: =N50-K50 -> -4.4166667 | Q50: =N50/K50 -> 0.95288889 | S50: 0.70833333 | T50: 0.73958333 | U50: =IF(S50=TIME(17,0,0),"",(S50-T49)*24*60) | V50: =(T50-S50)*24*60 -> 45 | AE50: =M50-J50 -> -70.666667 | AF50: =M50/J50 -> 0.95288889
A51: 新豐1線 | B51: 微波主食 | C51: 二配鮭魚蛋炒飯 | E51: 54.29 | F51: 1248 | G51: =E51*F51 -> 67753.92 | I51: 20 | J51: 2000 | K51: =J51/I51 -> 100 | L51: 20 | M51: =F51/V51*60 -> 1920 | N51: =M51/L51 -> 96 | O51: =L51-I51 -> 0 | P51: =N51-K51 -> -4 | Q51: =N51/K51 -> 0.96 | S51: 0.74444444 | T51: 0.77152778 | U51: =IF(S51=TIME(17,0,0),"",(S51-T50)*24*60) -> 7 | V51: =(T51-S51)*24*60 -> 39 | AE51: =M51-J51 -> -80 | AF51: =M51/J51 -> 0.96
A52: 新豐1線 | B52: 微波主食 | C52: 二配香辣醬蒜味香腸蛋炒飯 | E52: 55.56 | F52: 800 | G52: =E52*F52 -> 44448 | H52: 2 | I52: 17 | J52: 2000 | K52: =J52/I52 -> 117.64706 | L52: 17 | M52: =F52/V52*60 -> 1920 | N52: =M52/L52 -> 112.94118 | O52: =L52-I52 -> 0 | P52: =N52-K52 -> -4.7058824 | Q52: =N52/K52 -> 0.96 | S52: 0.77638889 | T52: 0.79375 | U52: =IF(S52=TIME(17,0,0),"",(S52-T51)*24*60) -> 7 | V52: =(T52-S52)*24*60 -> 25 | AE52: =M52-J52 -> -80 | AF52: =M52/J52 -> 0.96
A53: 新豐1線 | B53: 微波主食 | C53: 二配香拌海鮮醬肉絲蛋炒飯 | E53: 55.32 | F53: 1497 | G53: =E53*F53 -> 82814.04 | I53: 15 | J53: 2000 | K53: =J53/I53 -> 133.33333 | L53: 15 | M53: =F53/V53*60 -> 1911.0638 | N53: =M53/L53 -> 127.40426 | O53: =L53-I53 -> 0 | P53: =N53-K53 -> -5.929078 | Q53: =N53/K53 -> 0.95553191 | S53: 0.79930556 | T53: 0.83194444 | U53: =IF(S53=TIME(17,0,0),"",(S53-T52)*24*60) -> 8 | V53: =(T53-S53)*24*60 -> 47 | W53: =T53 -> 0.83194444 | X53: =S54 -> 0.87152778 | AE53: =M53-J53 -> -88.93617 | AF53: =M53/J53 -> 0.95553191
A54: 新豐1線 | B54: 微波主食 | C54: 二配香辣醬蒜味香腸蛋炒飯 | E54: 55.56 | F54: 1399 | G54: =E54*F54 -> 77728.44 | I54: 17 | J54: 2000 | K54: =J54/I54 -> 117.64706 | L54: 17 | M54: =F54/V54*60 -> 1907.7273 | N54: =M54/L54 -> 112.21925 | O54: =L54-I54 -> 0 | P54: =N54-K54 -> -5.4278075 | Q54: =N54/K54 -> 0.95386364 | S54: 0.87152778 | T54: 0.90208333 | U54: =IF(S54=TIME(17,0,0),"",(S54-T53)*24*60) -> 57 | V54: =(T54-S54)*24*60 -> 44 | AE54: =M54-J54 -> -92.272727 | AF54: =M54/J54 -> 0.95386364
A55: 新豐1線 | B55: 平均 | I55: 18.625 | J55: 1937.5 | K55: =J55/I55 -> 104.02685 | L55: 18.625 | M55: =AVERAGE(M47:M54) -> 1853.4984 | N55: =M55/L55 -> 99.516691 | O55: =L55-I55 -> 0 | P55: =N55-K55 -> -4.5101547 | Q55: =N55/K55 -> 0.95664432 | Y55: =SUM(Y47:Y54) -> 0 | Z55: =SUM(Z47:Z54) -> 0 | AC55: 8 | AD55: =SUM(AD47:AD54) -> 0 | AE55: =M55-J55 -> -84.001631 | AF55: =M55/J55 -> 0.95664432
A56: 新豐10線 | B56: 調理麵包 | C56: 墨西哥辣醬熱狗堡 | E56: 37.85 | F56: 1678 | G56: =E56*F56 -> 63512.3 | I56: 12 | J56: 2000 | K56: =J56/I56 -> 166.66667 | L56: 12 | M56: =F56/V56*60 -> 1936.1538 | N56: =M56/L56 -> 161.34615 | O56: =L56-I56 -> 0 | P56: =N56-K56 -> -5.3205128 | Q56: =N56/K56 -> 0.96807692 | R56: =Q61 -> 0.96366579 | S56: 0.20833333 | T56: 0.24444444 | V56: =(T56-S56)*24*60 -> 52 | AC56: 5 | AE56: =M56-J56 -> -63.846154 | AF56: =M56/J56 -> 0.96807692 | AG56: =AF61 -> 0.96366579
A57: 新豐10線 | B57: 調理麵包 | C57: 厚豆腐蛋白蕈菇豬肉堡 | E57: 34.36 | F57: 2312 | G57: =E57*F57 -> 79440.32 | I57: 10 | J57: 3000 | K57: =J57/I57 -> 300 | L57: 10 | M57: =F57/V57*60 -> 2890 | N57: =M57/L57 -> 289 | O57: =L57-I57 -> 0 | P57: =N57-K57 -> -11 | Q57: =N57/K57 -> 0.96333333 | S57: 0.24861111 | T57: 0.28194444 | U57: =(S57-T56)*24*60 -> 6 | V57: =(T57-S57)*24*60 -> 48 | AE57: =M57-J57 -> -110 | AF57: =M57/J57 -> 0.96333333
A58: 新豐10線 | B58: 調理麵包 | C58: 經典雙牛起司堡(113年) | E58: 35.12 | F58: 6108 | G58: =E58*F58 -> 214512.96 | I58: 10 | J58: 3000 | K58: =J58/I58 -> 300 | L58: 10 | M58: =F58/V58*60 -> 2863.125 | N58: =M58/L58 -> 286.3125 | O58: =L58-I58 -> 0 | P58: =N58-K58 -> -13.6875 | Q58: =N58/K58 -> 0.954375 | S58: 0.28541667 | T58: 0.37430556 | U58: =(S58-T57)*24*60 -> 5 | V58: =(T58-S58)*24*60 -> 128 | AE58: =M58-J58 -> -136.875 | AF58: =M58/J58 -> 0.954375
A59: 新豐10線 | B59: 調理麵包 | C59: 茄汁薯餅蛋堡 | E59: 34.36 | F59: 1987 | G59: =E59*F59 -> 68273.32 | I59: 10 | J59: 3000 | K59: =J59/I59 -> 300 | L59: 10 | M59: =F59/V59*60 -> 2907.8049 | N59: =M59/L59 -> 290.78049 | O59: =L59-I59 -> 0 | P59: =N59-K59 -> -9.2195122 | Q59: =N59/K59 -> 0.96926829 | S59: 0.37986111 | T59: 0.40833333 | U59: =(S59-T58)*24*60 -> 8 | V59: =(T59-S59)*24*60 -> 41 | AE59: =M59-J59 -> -92.195122 | AF59: =M59/J59 -> 0.96926829
A60: 新豐10線 | B60: 調理麵包 | C60: 香雞蛋堡(112年) | E60: 26.78 | F60: 2846 | G60: =E60*F60 -> 76215.88 | I60: 10 | J60: 3000 | K60: =J60/I60 -> 300 | L60: 10 | M60: =F60/V60*60 -> 2894.2373 | N60: =M60/L60 -> 289.42373 | O60: =L60-I60 -> 0 | P60: =N60-K60 -> -10.576271 | Q60: =N60/K60 -> 0.96474576 | S60: 0.4125 | T60: 0.45347222 | U60: =(S60-T59)*24*60 -> 6 | V60: =(T60-S60)*24*60 -> 59 | AE60: =M60-J60 -> -105.76271 | AF60: =M60/J60 -> 0.96474576
A61: 新豐10線 | B61: 平均 | I61: 10.4 | J61: 2800 | K61: =J61/I61 -> 269.23077 | L61: 10.4 | M61: =AVERAGE(M56:M60) -> 2698.2642 | N61: =M61/L61 -> 259.44848 | O61: =L61-I61 -> 0 | P61: =N61-K61 -> -9.7822882 | Q61: =N61/K61 -> 0.96366579 | Y61: =SUM(Y56:Y60) -> 0 | Z61: =SUM(Z56:Z60) -> 0 | AC61: 5 | AD61: =SUM(AD56:AD60) -> 0 | AE61: =M61-J61 -> -101.7358 | AF61: =M61/J61 -> 0.96366579
A62: 新豐4線 | B62: 三明治 | C62: 香鬆起司蛋三明治(114年) | E62: 20.2 | F62: 2398 | G62: =E62*F62 -> 48439.6 | I62: 15 | J62: 2400 | K62: =J62/I62 -> 160 | L62: 15 | M62: =F62/V62*60 -> 2283.8095 | N62: =M62/L62 -> 152.25397 | O62: =L62-I62 -> 0 | P62: =N62-K62 -> -7.7460317 | Q62: =N62/K62 -> 0.9515873 | R62: =Q68 -> 0.95273534 | S62: 0.083333333 | T62: 0.12708333 | V62: =(T62-S62)*24*60 -> 63 | W62: =T62 -> 0.12708333 | X62: =S63 -> 0.14583333 | AC62: 6 | AE62: =M62-J62 -> -116.19048 | AF62: =M62/J62 -> 0.9515873 | AG62: =AF68 -> 0.95273534
A63: 新豐4線 | B63: 三明治 | C63: 瘋狂起司三明治(113年) | E63: 24.45 | F63: 3277 | G63: =E63*F63 -> 80122.65 | I63: 19 | J63: 2400 | K63: =J63/I63 -> 126.31579 | L63: 19 | M63: =F63/V63*60 -> 2286.2791 | N63: =M63/L63 -> 120.33048 | O63: =L63-I63 -> 0 | P63: =N63-K63 -> -5.9853121 | Q63: =N63/K63 -> 0.95261628 | S63: 0.14583333 | T63: 0.20555556 | U63: =(S63-T62)*24*60 -> 27 | V63: =(T63-S63)*24*60 -> 86 | AE63: =M63-J63 -> -113.72093 | AF63: =M63/J63 -> 0.95261628
A64: 新豐4線 | B64: 三明治 | C64: 藍莓優格三明治 | E64: 20.21 | F64: 2969 | G64: =E64*F64 -> 60003.49 | I64: 15 | J64: 2400 | K64: =J64/I64 -> 160 | L64: 15 | M64: =F64/V64*60 -> 2283.8462 | N64: =M64/L64 -> 152.25641 | O64: =L64-I64 -> 0 | P64: =N64-K64 -> -7.7435897 | Q64: =N64/K64 -> 0.95160256 | S64: 0.20972222 | T64: 0.26388889 | U64: =(S64-T63)*24*60 -> 6 | V64: =(T64-S64)*24*60 -> 78 | AE64: =M64-J64 -> -116.15385 | AF64: =M64/J64 -> 0.95160256
A65: 新豐4線 | B65: 三明治 | C65: 經典火腿玉米蛋三明治 | E65: 24.43 | F65: 7249 | G65: =E65*F65 -> 177093.07 | I65: 14 | J65: 2400 | K65: =J65/I65 -> 171.42857 | L65: 14 | M65: =F65/V65*60 -> 2289.1579 | N65: =M65/L65 -> 163.51128 | O65: =L65-I65 -> 0 | P65: =N65-K65 -> -7.9172932 | Q65: =N65/K65 -> 0.95381579 | S65: 0.26805556 | T65: 0.4 | U65: =(S65-T64)*24*60 -> 6 | V65: =(T65-S65)*24*60 -> 190 | AE65: =M65-J65 -> -110.84211 | AF65: =M65/J65 -> 0.95381579
A66: 新豐4線 | B66: 三明治 | C66: 火腿起司蛋三明治 | E66: 19.02 | F66: 6200 | G66: =E66*F66 -> 117924 | H66: 2 | I66: 14 | J66: 2400 | K66: =J66/I66 -> 171.42857 | L66: 14 | M66: =F66/V66*60 -> 2296.2963 | N66: =M66/L66 -> 164.02116 | O66: =L66-I66 -> 0 | P66: =N66-K66 -> -7.4074074 | Q66: =N66/K66 -> 0.95679012 | S66: 0.40486111 | T66: 0.51736111 | U66: =(S66-T65)*24*60 -> 7 | V66: =(T66-S66)*24*60 -> 162 | W66: =T66 -> 0.51736111 | X66: =S67 -> 0.55763889 | AE66: =M66-J66 -> -103.7037 | AF66: =M66/J66 -> 0.95679012
A67: 新豐4線 | B67: 三明治 | C67: 火腿起司蛋三明治 | E67: 19.02 | F67: 3838 | G67: =E67*F67 -> 72998.76 | I67: 14 | J67: 2400 | K67: =J67/I67 -> 171.42857 | L67: 14 | M67: =F67/V67*60 -> 2280 | N67: =M67/L67 -> 162.85714 | O67: =L67-I67 -> 0 | P67: =N67-K67 -> -8.5714286 | Q67: =N67/K67 -> 0.95 | S67: 0.55763889 | T67: 0.62777778 | U67: =(S67-T66)*24*60 -> 58 | V67: =(T67-S67)*24*60 -> 101 | AE67: =M67-J67 -> -120 | AF67: =M67/J67 -> 0.95
A68: 新豐4線 | B68: 平均 | I68: 15.166667 | J68: 2400 | K68: =J68/I68 -> 158.24176 | L68: 15.166667 | M68: =AVERAGE(M62:M67) -> 2286.5648 | N68: =M68/L68 -> 150.76252 | O68: =L68-I68 -> 0 | P68: =N68-K68 -> -7.4792424 | Q68: =N68/K68 -> 0.95273534 | Y68: =SUM(Y62:Y67) -> 0 | Z68: =SUM(Z62:Z67) -> 0 | AC68: 6 | AD68: =SUM(AD62:AD67) -> 0 | AE68: =M68-J68 -> -113.43518 | AF68: =M68/J68 -> 0.95273534

Sheet 0329
B1: 屏榮 新豐廠組合室生產人時性分析
B3: 日期 | C3: =TEXT('0329 4度C'!A2,"yyyy.mm.ddaaaa") -> 2026.03.29星期日 | E3: 訂單量 | F3: ='0329 4度C'!D1 -> 182495 | H3: 營業額 | I3: ='0329 4度C'!F1 -> 6071846.3
B4: 人時性 | C4: 項目 | E4: ➀ | G4: ➁ | I4: ➂ | K4: 異常停線 | M4: 短暫停線
C5: 組合室 | E5: 全溫層 | G5: 4度C-各編組展開 | I5: ③三明治-各編組展開 | K5: 合計次數 | L5: 時間 | M5: 合計次數 | N5: 設備次數
C6: 排關平均 | E6: =AVERAGE(D13:M13) -> 156.55073 | F6: =AVERAGE(D31:O31,D13:J13) -> 162.73338 | G6: =AVERAGE(D13:J13) -> 162.73338 | I6: =AVERAGE(K13:M13) -> 142.12454 | K6: ='0329 4度C'!Y2 -> 0 | L6: ='0329 4度C'!Z2 -> 0 | M6: ='0329 4度C'!AC2 -> 59 | N6: ='0329 4度C'!AD2 -> 0
C7: 實績平均 | E7: =AVERAGE(D14:M14) -> 149.98135 | F7: =AVERAGE(D32:O32,D14:J14) -> 155.91748 | G7: =AVERAGE(D14:J14) -> 155.91748 | I7: =AVERAGE(K14:M14) -> 136.13036
C8: 達成率平均 | E8: =AVERAGE(D15:M15) -> 0.95729894 | F8: =AVERAGE(D15:J15,D33:O33) -> 0.95707329 | G8: =AVERAGE(D15:J15) -> 0.95707329 | I8: =AVERAGE(K15:M15) -> 0.95782548
K9: ※現行日本鮮食廠以達成率80%為基本(即為現行KPI)
B10: 溫層 | D10: ➁4度C-各編組展開 | K10: ③三明治-各編組展開
B11: 編組 | D11: 1 | E11: 2 | F11: 3 | G11: 4 | H11: 5 | I11: 6 | J11: 7 | K11: 1 | L11: 2 | M11: 3
D12: 新豐6線 | E12: 新豐2線 | F12: 新豐5線 | G12: 新豐7線 | H12: 新豐3線 | I12: 新豐1線 | J12: 新豐10線 | K12: 新豐8線 | L12: 新豐9線 | M12: 新豐4線
B13: 人時性 | C13: 排關 | D13: =SUMIFS('0329 4度C'!$K:$K,'0329 4度C'!$A:$A,"新豐6線",'0329 4度C'!$B:$B,"平均") -> 111.11111 | E13: =SUMIFS('0329 4度C'!$K:$K,'0329 4度C'!$A:$A,"新豐2線",'0329 4度C'!$B:$B,"平均") -> 84.90566 | F13: =SUMIFS('0329 4度C'!$K:$K,'0329 4度C'!$A:$A,"新豐5線",'0329 4度C'!$B:$B,"平均") -> 107.95455 | G13: =SUMIFS('0329 4度C'!$K:$K,'0329 4度C'!$A:$A,"新豐7線",'0329 4度C'!$B:$B,"平均") -> 128.57143 | H13: =SUMIFS('0329 4度C'!$K:$K,'0329 4度C'!$A:$A,"新豐3線",'0329 4度C'!$B:$B,"平均") -> 333.33333 | I13: =SUMIFS('0329 4度C'!$K:$K,'0329 4度C'!$A:$A,"新豐1線",'0329 4度C'!$B:$B,"平均") -> 104.02685 | J13: =SUMIFS('0329 4度C'!$K:$K,'0329 4度C'!$A:$A,"新豐10線",'0329 4度C'!$B:$B,"平均") -> 269.23077 | K13: =SUMIFS('0329 4度C'!$K:$K,'0329 4度C'!$A:$A,"新豐8線",'0329 4度C'!$B:$B,"平均") -> 129.23077 | L13: =SUMIFS('0329 4度C'!$K:$K,'0329 4度C'!$A:$A,"新豐9線",'0329 4度C'!$B:$B,"平均") -> 137.14286 | M13: =SUMIFS('0329 4度C'!$K:$K,'0329 4度C'!$A:$A,"新豐4線",'0329 4度C'!$B:$B,"平均") -> 160
C14: 實績 | D14: =SUMIFS('0329 4度C'!$N:$N,'0329 4度C'!$A:$A,"新豐6線",'0329 4度C'!$B:$B,"平均") -> 105.60013 | E14: =SUMIFS('0329 4度C'!$N:$N,'0329 4度C'!$A:$A,"新豐2線",'0329 4度C'!$B:$B,"平均") -> 80.99807 | F14: =SUMIFS('0329 4度C'!$N:$N,'0329 4度C'!$A:$A,"新豐5線",'0329 4度C'!$B:$B,"平均") -> 103.23809 | G14: =SUMIFS('0329 4度C'!$N:$N,'0329 4度C'!$A:$A,"新豐7線",'0329 4度C'!$B:$B,"平均") -> 123.53321 | H14: =SUMIFS('0329 4度C'!$N:$N,'0329 4度C'!$A:$A,"新豐3線",'0329 4度C'!$B:$B,"平均") -> 319.16285 | I14: =SUMIFS('0329 4度C'!$N:$N,'0329 4度C'!$A:$A,"新豐1線",'0329 4度C'!$B:$B,"平均") -> 99.599829 | J14: =SUMIFS('0329 4度C'!$N:$N,'0329 4度C'!$A:$A,"新豐10線",'0329 4度C'!$B:$B,"平均") -> 259.2902 | K14: =SUMIFS('0329 4度C'!$N:$N,'0329 4度C'!$A:$A,"新豐8線",'0329 4度C'!$B:$B,"平均") -> 123.79288 | L14: =SUMIFS('0329 4度C'!$N:$N,'0329 4度C'!$A:$A,"新豐9線",'0329 4度C'!$B:$B,"平均") -> 131.34397 | M14: =SUMIFS('0329 4度C'!$N:$N,'0329 4度C'!$A:$A,"新豐4線",'0329 4度C'!$B:$B,"平均") -> 153.25422
C15: 達成率 | D15: =D14/D13 -> 0.9504012 | E15: =E14/E13 -> 0.95397727 | F15: =F14/F13 -> 0.95631073 | G15: =G14/G13 -> 0.96081386 | H15: =H14/H13 -> 0.95748855 | I15: =I14/I13 -> 0.95744352 | J15: =J14/J13 -> 0.96307788 | K15: =K14/K13 -> 0.95792113 | ... M15: =M14/M13 -> 0.95783884
B16: 作業 時間 | C16: 開始 | D16: =VLOOKUP("新豐6線",'0329 4度C'!$A:$T,19,0) -> 0.70833333 | E16: =VLOOKUP("新豐2線",'0329 4度C'!$A:$T,19,0) -> 0.20833333 | F16: =VLOOKUP("新豐5線",'0329 4度C'!$A:$T,19,0) -> 0.20833333 | G16: =VLOOKUP("新豐7線",'0329 4度C'!$A:$T,19,0) -> 0.20833333 | H16: =VLOOKUP("新豐3線",'0329 4度C'!$A:$T,19,0) -> 0.083333333 | I16: =VLOOKUP("新豐1線",'0329 4度C'!$A:$T,19,0) -> 0.20833333 | J16: =VLOOKUP("新豐10線",'0329 4度C'!$A:$T,19,0) -> 0.20833333 | K16: =VLOOKUP("新豐8線",'0329 4度C'!$A:$T,19,0) -> 0.083333333 | L16: =VLOOKUP("新豐9線",'0329 4度C'!$A:$T,19,0) -> 0.083333333 | M16: =VLOOKUP("新豐4線",'0329 4度C'!$A:$T,19,0) -> 0.083333333
C17: 結束 | D17: =LOOKUP(2,1/(('0329 4度C'!$A:$A="新豐6線")*('0329 4度C'!$T:$T<>"")),'0329 4度C'!$T:$T) -> 0.83958333 | E17: =LOOKUP(2,1/(('0329 4度C'!$A:$A="新豐2線")*('0329 4度C'!$T:$T<>"")),'0329 4度C'!$T:$T) -> 0.63333333 | F17: =LOOKUP(2,1/(('0329 4度C'!$A:$A="新豐5線")*('0329 4度C'!$T:$T<>"")),'0329 4度C'!$T:$T) -> 0.89513889 | G17: =LOOKUP(2,1/(('0329 4度C'!$A:$A="新豐7線")*('0329 4度C'!$T:$T<>"")),'0329 4度C'!$T:$T) -> 0.90277778 | H17: =LOOKUP(2,1/(('0329 4度C'!$A:$A="新豐3線")*('0329 4度C'!$T:$T<>"")),'0329 4度C'!$T:$T) -> 0.49444444 | I17: =LOOKUP(2,1/(('0329 4度C'!$A:$A="新豐1線")*('0329 4度C'!$T:$T<>"")),'0329 4度C'!$T:$T) -> 0.91666667 | J17: =LOOKUP(2,1/(('0329 4度C'!$A:$A="新豐10線")*('0329 4度C'!$T:$T<>"")),'0329 4度C'!$T:$T) -> 0.45069444 | K17: =LOOKUP(2,1/(('0329 4度C'!$A:$A="新豐8線")*('0329 4度C'!$T:$T<>"")),'0329 4度C'!$T:$T) -> 0.67361111 | L17: =LOOKUP(2,1/(('0329 4度C'!$A:$A="新豐9線")*('0329 4度C'!$T:$T<>"")),'0329 4度C'!$T:$T) -> 0.7 | M17: =LOOKUP(2,1/(('0329 4度C'!$A:$A="新豐4線")*('0329 4度C'!$T:$T<>"")),'0329 4度C'!$T:$T) -> 0.67291667
B18: 產線異常 (5分鐘以上) | C18: 次數 | D18: =SUMIFS('0329 4度C'!$Y:$Y,'0329 4度C'!$A:$A,"新豐6線",'0329 4度C'!$B:$B,"平均") -> 0 | E18: =SUMIFS('0329 4度C'!$Y:$Y,'0329 4度C'!$A:$A,"新豐2線",'0329 4度C'!$B:$B,"平均") -> 0 | F18: =SUMIFS('0329 4度C'!$Y:$Y,'0329 4度C'!$A:$A,"新豐5線",'0329 4度C'!$B:$B,"平均") -> 0 | G18: =SUMIFS('0329 4度C'!$Y:$Y,'0329 4度C'!$A:$A,"新豐7線",'0329 4度C'!$B:$B,"平均") -> 0 | H18: =SUMIFS('0329 4度C'!$Y:$Y,'0329 4度C'!$A:$A,"新豐3線",'0329 4度C'!$B:$B,"平均") -> 0 | I18: =SUMIFS('0329 4度C'!$Y:$Y,'0329 4度C'!$A:$A,"新豐1線",'0329 4度C'!$B:$B,"平均") -> 0 | J18: =SUMIFS('0329 4度C'!$Y:$Y,'0329 4度C'!$A:$A,"新豐10線",'0329 4度C'!$B:$B,"平均") -> 0 | K18: =SUMIFS('0329 4度C'!$Y:$Y,'0329 4度C'!$A:$A,"新豐8線",'0329 4度C'!$B:$B,"平均") -> 0 | L18: =SUMIFS('0329 4度C'!$Y:$Y,'0329 4度C'!$A:$A,"新豐9線",'0329 4度C'!$B:$B,"平均") -> 0 | M18: =SUMIFS('0329 4度C'!$Y:$Y,'0329 4度C'!$A:$A,"新豐4線",'0329 4度C'!$B:$B,"平均") -> 0
C19: 時間/分 | D19: =SUMIFS('0329 4度C'!$Z:$Z,'0329 4度C'!$A:$A,"新豐6線",'0329 4度C'!$B:$B,"平均") -> 0 | E19: =SUMIFS('0329 4度C'!$Z:$Z,'0329 4度C'!$A:$A,"新豐2線",'0329 4度C'!$B:$B,"平均") -> 0 | F19: =SUMIFS('0329 4度C'!$Z:$Z,'0329 4度C'!$A:$A,"新豐5線",'0329 4度C'!$B:$B,"平均") -> 0 | G19: =SUMIFS('0329 4度C'!$Z:$Z,'0329 4度C'!$A:$A,"新豐7線",'0329 4度C'!$B:$B,"平均") -> 0 | H19: =SUMIFS('0329 4度C'!$Z:$Z,'0329 4度C'!$A:$A,"新豐3線",'0329 4度C'!$B:$B,"平均") -> 0 | I19: =SUMIFS('0329 4度C'!$Z:$Z,'0329 4度C'!$A:$A,"新豐1線",'0329 4度C'!$B:$B,"平均") -> 0 | J19: =SUMIFS('0329 4度C'!$Z:$Z,'0329 4度C'!$A:$A,"新豐10線",'0329 4度C'!$B:$B,"平均") -> 0 | K19: =SUMIFS('0329 4度C'!$Z:$Z,'0329 4度C'!$A:$A,"新豐8線",'0329 4度C'!$B:$B,"平均") -> 0 | L19: =SUMIFS('0329 4度C'!$Z:$Z,'0329 4度C'!$A:$A,"新豐9線",'0329 4度C'!$B:$B,"平均") -> 0 | M19: =SUMIFS('0329 4度C'!$Z:$Z,'0329 4度C'!$A:$A,"新豐4線",'0329 4度C'!$B:$B,"平均") -> 0
B20: 短暫停線 (5分鐘以下) | C20: 次數 | D20: =SUMIFS('0329 4度C'!$AC:$AC,'0329 4度C'!$A:$A,"新豐6線",'0329 4度C'!$B:$B,"平均") -> 4 | E20: =SUMIFS('0329 4度C'!$AC:$AC,'0329 4度C'!$A:$A,"新豐2線",'0329 4度C'!$B:$B,"平均") -> 3 | F20: =SUMIFS('0329 4度C'!$AC:$AC,'0329 4度C'!$A:$A,"新豐5線",'0329 4度C'!$B:$B,"平均") -> 5 | G20: =SUMIFS('0329 4度C'!$AC:$AC,'0329 4度C'!$A:$A,"新豐7線",'0329 4度C'!$B:$B,"平均") -> 7 | H20: =SUMIFS('0329 4度C'!$AC:$AC,'0329 4度C'!$A:$A,"新豐3線",'0329 4度C'!$B:$B,"平均") -> 5 | I20: =SUMIFS('0329 4度C'!$AC:$AC,'0329 4度C'!$A:$A,"新豐1線",'0329 4度C'!$B:$B,"平均") -> 8 | J20: =SUMIFS('0329 4度C'!$AC:$AC,'0329 4度C'!$A:$A,"新豐10線",'0329 4度C'!$B:$B,"平均") -> 5 | K20: =SUMIFS('0329 4度C'!$AC:$AC,'0329 4度C'!$A:$A,"新豐8線",'0329 4度C'!$B:$B,"平均") -> 7 | L20: =SUMIFS('0329 4度C'!$AC:$AC,'0329 4度C'!$A:$A,"新豐9線",'0329 4度C'!$B:$B,"平均") -> 8 | M20: =SUMIFS('0329 4度C'!$AC:$AC,'0329 4度C'!$A:$A,"新豐4線",'0329 4度C'!$B:$B,"平均") -> 7
C21: 設備次數 | D21: =SUMIFS('0329 4度C'!$AD:$AD,'0329 4度C'!$A:$A,"新豐6線",'0329 4度C'!$B:$B,"平均") -> 0 | E21: =SUMIFS('0329 4度C'!$AD:$AD,'0329 4度C'!$A:$A,"新豐2線",'0329 4度C'!$B:$B,"平均") -> 0 | F21: =SUMIFS('0329 4度C'!$AD:$AD,'0329 4度C'!$A:$A,"新豐5線",'0329 4度C'!$B:$B,"平均") -> 0 | G21: =SUMIFS('0329 4度C'!$AD:$AD,'0329 4度C'!$A:$A,"新豐7線",'0329 4度C'!$B:$B,"平均") -> 0 | H21: =SUMIFS('0329 4度C'!$AD:$AD,'0329 4度C'!$A:$A,"新豐3線",'0329 4度C'!$B:$B,"平均") -> 0 | I21: =SUMIFS('0329 4度C'!$AD:$AD,'0329 4度C'!$A:$A,"新豐1線",'0329 4度C'!$B:$B,"平均") -> 0 | J21: =SUMIFS('0329 4度C'!$AD:$AD,'0329 4度C'!$A:$A,"新豐10線",'0329 4度C'!$B:$B,"平均") -> 0 | K21: =SUMIFS('0329 4度C'!$AD:$AD,'0329 4度C'!$A:$A,"新豐8線",'0329 4度C'!$B:$B,"平均") -> 0 | L21: =SUMIFS('0329 4度C'!$AD:$AD,'0329 4度C'!$A:$A,"新豐9線",'0329 4度C'!$B:$B,"平均") -> 0 | M21: =SUMIFS('0329 4度C'!$AD:$AD,'0329 4度C'!$A:$A,"新豐4線",'0329 4度C'!$B:$B,"平均") -> 0
B22: 配置人數 | D22: =SUMIFS('0329 4度C'!$I:$I,'0329 4度C'!$A:$A,"新豐6線",'0329 4度C'!$B:$B,"平均") -> 18 | E22: =SUMIFS('0329 4度C'!$I:$I,'0329 4度C'!$A:$A,"新豐2線",'0329 4度C'!$B:$B,"平均") -> 17.666667 | F22: =SUMIFS('0329 4度C'!$I:$I,'0329 4度C'!$A:$A,"新豐5線",'0329 4度C'!$B:$B,"平均") -> 17.6 | G22: =SUMIFS('0329 4度C'!$I:$I,'0329 4度C'!$A:$A,"新豐7線",'0329 4度C'!$B:$B,"平均") -> 15 | H22: =SUMIFS('0329 4度C'!$I:$I,'0329 4度C'!$A:$A,"新豐3線",'0329 4度C'!$B:$B,"平均") -> 9 | I22: =SUMIFS('0329 4度C'!$I:$I,'0329 4度C'!$A:$A,"新豐1線",'0329 4度C'!$B:$B,"平均") -> 18.625 | J22: =SUMIFS('0329 4度C'!$I:$I,'0329 4度C'!$A:$A,"新豐10線",'0329 4度C'!$B:$B,"平均") -> 10.4 | K22: =SUMIFS('0329 4度C'!$I:$I,'0329 4度C'!$A:$A,"新豐8線",'0329 4度C'!$B:$B,"平均") -> 18.571429 | L22: =SUMIFS('0329 4度C'!$I:$I,'0329 4度C'!$A:$A,"新豐9線",'0329 4度C'!$B:$B,"平均") -> 17.5 | M22: =SUMIFS('0329 4度C'!$I:$I,'0329 4度C'!$A:$A,"新豐4線",'0329 4度C'!$B:$B,"平均") -> 15
B23: 主要應用設備 | D23: ET-55 | E23: 熱縮爐 | F23: L型包裝機 | G23: L型包裝機 | H23: 伺服包裝機 | I23: ET-55 | J23: 伺服包裝機 | K23: 三明治包裝機 | L23: 三明治包裝機 | M23: 三明治包裝機
B24: 次要應用設備 | F24: 圓盤機 | G24: ET-55
B25: 備註 | E25: 握沙拉 | F25: 共用L型包裝機 | H25: 調理麵包 | I25: 炒飯+沙拉 | J25: 調理麵包

Sheet 0329 4度C
A1: 新豐廠四度C日報分析 | C1: 總生產量 | D1: =SUM(F5:F73) -> 182495 | E1: 營業額 | F1: =SUM(G5:G73) -> 6071846.3 | G1: 出勤人數 | H1: =L9+L13+L50+L59+L19+L65+L35+L44+L27+L73 -> 157.3631 | I1: 產線配置圖 | L1: 生產實績 | O1: 人時性差異分析 | S1: 日報登錄 | Y1: 合計 次數 | Z1: 合計 時間/分 | AA1: 產線異常 分析說明(5分鐘以上) | AC1: 合計 次數 | AD1: 合計 設備次數 | AE1: 產能差異分析
A2: 46110 | B2: 星期日 | C2: 人時性 | D2: =AVERAGE(N9,N13,N50,N59,N19,N65,N27,N35,N44,N73) -> 149.98135 | E2: 平均廠價 | F2: =F1/D1 -> 33.271302 | G2: 多次生產數 | H2: =COUNT(H5:H73) -> 11 | Y2: =SUM(Y9+Y13+Y19+Y27+Y35+Y44+Y50+Y59+Y65+Y73) -> 0 | Z2: =SUM(Z9+Z13+Z19+Z27+Z35+Z44+Z50+Z59+Z65+Z73) -> 0 | AC2: 59 | AD2: =SUM(AD9+AD13+AD19+AD27+AD35+AD44+AD50+AD59+AD65+AD73) -> 0
A3: 線別 | B3: 品類 | C3: 品名 | E3: 廠價 | F3: 生產量 | G3: 營收 | H3: 多次 生產 | I3: 人數 | J3: 產能/時 | K3: 人時性 | L3: 人數 | M3: 產能/時 | N3: 人時性 | O3: 人數 | P3: 人時性 | Q3: 達成率 | R3: 達成率平均 | S3: 生產時間 | U3: 換線、休息/分 | V3: 稼動時間/分 | W3: 休息時間 | Y3: 產線異常統計 (5分鐘以上) | AA3: (新豐回填) | AC3: 短暫停線統計 (5分鐘以下) | AE3: 產能/時 | AF3: 達成率 | AG3: 達成率平均
S4: 開始 | T4: 結束 | W4: 開始 | X4: 結束 | Y4: 次數 | Z4: 時間/分 | AC4: 總次數 | AD4: 設備因素(次數)
A5: 新豐6線 | B5: 微波主食 | C5: 二配港式香滑嫩蛋牛肉燴飯 | E5: 50.67 | F5: 1748 | G5: =E5*F5 -> 88571.16 | I5: 17 | J5: 2000 | K5: =J5/I5 -> 117.64706 | L5: 17 | M5: =F5/V5*60 -> 1906.9091 | N5: =M5/L5 -> 112.17112 | O5: =L5-I5 -> 0 | P5: =N5-K5 -> -5.4759358 | Q5: =N5/K5 -> 0.95345455 | R5: =Q9 -> 0.9504012 | S5: 0.70833333 | T5: 0.74652778 | V5: =(T5-S5)*24*60 -> 55 | AC5: 4 | AE5: =M5-J5 -> -93.090909 | AF5: =M5/J5 -> 0.95345455 | AG5: =AF9 -> 0.9504012
A6: 新豐6線 | B6: 微波主食 | C6: 二配美味蟹煲 | E6: 54.09 | F6: 1447 | G6: =E6*F6 -> 78268.23 | I6: 19 | J6: 2000 | K6: =J6/I6 -> 105.26316 | L6: 19 | M6: =F6/V6*60 -> 1929.3333 | N6: =M6/L6 -> 101.54386 | O6: =L6-I6 -> 0 | P6: =N6-K6 -> -3.7192982 | Q6: =N6/K6 -> 0.96466667 | S6: 0.75 | T6: 0.78125 | U6: =IF(S6=TIME(17,0,0),"",(S6-T5)*24*60) -> 5 | V6: =(T6-S6)*24*60 -> 45 | AE6: =M6-J6 -> -70.666667 | AF6: =M6/J6 -> 0.96466667
A7: 新豐6線 | B7: 微波主食 | C7: 二配濃蕃茄火腿蛋包飯 | E7: 50.67 | F7: 369 | G7: =E7*F7 -> 18697.23 | I7: 21 | J7: 2000 | K7: =J7/I7 -> 95.238095 | L7: 21 | M7: =F7/V7*60 -> 1845 | N7: =M7/L7 -> 87.857143 | O7: =L7-I7 -> 0 | P7: =N7-K7 -> -7.3809524 | Q7: =N7/K7 -> 0.9225 | S7: 0.78472222 | T7: 0.79305556 | U7: =IF(S7=TIME(17,0,0),"",(S7-T6)*24*60) -> 5 | V7: =(T7-S7)*24*60 -> 12 | AE7: =M7-J7 -> -155 | AF7: =M7/J7 -> 0.9225
A8: 新豐6線 | B8: 微波主食 | C8: 二配泰式綠咖哩雞 | E8: 50.67 | F8: 1954 | G8: =E8*F8 -> 99009.18 | I8: 15 | J8: 2000 | K8: =J8/I8 -> 133.33333 | L8: 15 | M8: =F8/V8*60 -> 1921.9672 | N8: =M8/L8 -> 128.13115 | O8: =L8-I8 -> 0 | P8: =N8-K8 -> -5.2021858 | Q8: =N8/K8 -> 0.96098361 | S8: 0.79722222 | T8: 0.83958333 | U8: =IF(S8=TIME(17,0,0),"",(S8-T7)*24*60) -> 6 | V8: =(T8-S8)*24*60 -> 61 | AE8: =M8-J8 -> -78.032787 | AF8: =M8/J8 -> 0.96098361
A9: 新豐6線 | B9: 平均 | I9: 18 | J9: 2000 | K9: =J9/I9 -> 111.11111 | L9: 18 | M9: =AVERAGE(M5:M8) -> 1900.8024 | N9: =M9/L9 -> 105.60013 | O9: =L9-I9 -> 0 | P9: =N9-K9 -> -5.5109773 | Q9: =N9/K9 -> 0.9504012 | Y9: =SUM(Y5:Y8) -> 0 | Z9: =SUM(Z5:Z8) -> 0 | AC9: 4 | AD9: =SUM(AD5:AD8) -> 0 | AE9: =M9-J9 -> -99.197591 | AF9: =M9/J9 -> 0.9504012
A10: 新豐2線 | B10: 沙拉 | C10: 青醬優格雞肉握沙拉(113年) | E10: 39.62 | F10: 5048 | G10: =E10*F10 -> 200001.76 | I10: 19 | J10: 1500 | K10: =J10/I10 -> 78.947368 | L10: 19 | M10: =F10/V10*60 -> 1428.6792 | N10: =M10/L10 -> 75.193644 | O10: =L10-I10 -> 0 | P10: =N10-K10 -> -3.7537239 | Q10: =N10/K10 -> 0.95245283 | R10: =Q13 -> 0.95397727 | S10: 0.20833333 | T10: 0.35555556 | V10: =(T10-S10)*24*60 -> 212 | AC10: 3 | AE10: =M10-J10 -> -71.320755 | AF10: =M10/J10 -> 0.95245283 | AG10: =AF13 -> 0.95397727
A11: 新豐2線 | B11: 沙拉 | C11: 青檸烤雞握沙拉(113年) | E11: 39.8 | F11: 4600 | G11: =E11*F11 -> 183080 | H11: 2 | I11: 17 | J11: 1500 | K11: =J11/I11 -> 88.235294 | L11: 17 | M11: =F11/V11*60 -> 1430.0518 | N11: =M11/L11 -> 84.120695 | O11: =L11-I11 -> 0 | P11: =N11-K11 -> -4.1145992 | Q11: =N11/K11 -> 0.95336788 | S11: 0.36041667 | T11: 0.49444444 | U11: =IF(S11=TIME(17,0,0),"",(S11-T10)*24*60) -> 7 | V11: =(T11-S11)*24*60 -> 193 | W11: =T11 -> 0.49444444 | X11: =S12 -> 0.53333333 | AE11: =M11-J11 -> -69.948187 | AF11: =M11/J11 -> 0.95336788
A12: 新豐2線 | B12: 沙拉 | C12: 青檸烤雞握沙拉(113年) | E12: 39.8 | F12: 3442 | G12: =E12*F12 -> 136991.6 | I12: 17 | J12: 1500 | K12: =J12/I12 -> 88.235294 | L12: 17 | M12: =F12/V12*60 -> 1434.1667 | N12: =M12/L12 -> 84.362745 | O12: =L12-I12 -> 0 | P12: =N12-K12 -> -3.872549 | Q12: =N12/K12 -> 0.95611111 | S12: 0.53333333 | T12: 0.63333333 | U12: =IF(S12=TIME(17,0,0),"",(S12-T11)*24*60) -> 56 | V12: =(T12-S12)*24*60 -> 144 | AE12: =M12-J12 -> -65.833333 | AF12: =M12/J12 -> 0.95611111
A13: 新豐2線 | B13: 平均 | I13: 17.666667 | J13: 1500 | K13: =J13/I13 -> 84.90566 | L13: 17.666667 | M13: =AVERAGE(M10:M12) -> 1430.9659 | N13: =M13/L13 -> 80.99807 | O13: =L13-I13 -> 0 | P13: =N13-K13 -> -3.9075901 | Q13: =N13/K13 -> 0.95397727 | Y13: =SUM(Y10:Y12) -> 0 | Z13: =SUM(Z10:Z12) -> 0 | AC13: 3 | AD13: =SUM(AD10:AD12) -> 0 | AE13: =M13-J13 -> -69.034092 | AF13: =M13/J13 -> 0.95397727
A14: 新豐5線 | B14: 小吃 | C14: 剝皮辣椒雞湯 | E14: 41 | F14: 2574 | G14: =E14*F14 -> 105534 | I14: 26 | J14: 1500 | K14: =J14/I14 -> 57.692308 | L14: 26 | M14: =F14/V14*60 -> 1430 | N14: =M14/L14 -> 55 | O14: =L14-I14 -> 0 | P14: =N14-K14 -> -2.6923077 | Q14: =N14/K14 -> 0.95333333 | R14: =Q19 -> 0.95631073 | S14: 0.20833333 | T14: 0.28333333 | V14: =(T14-S14)*24*60 -> 108 | AC14: 5 | AE14: =M14-J14 -> -70 | AF14: =M14/J14 -> 0.95333333 | AG14: =AF19 -> 0.95631073
A15: 新豐5線 | B15: 微波主食 | C15: 二配金咖哩濃厚辛口咖哩飯 | E15: 50.98 | F15: 2893 | G15: =E15*F15 -> 147485.14 | I15: 16 | J15: 2000 | K15: =J15/I15 -> 125 | L15: 16 | M15: =F15/V15*60 -> 1907.4725 | N15: =M15/L15 -> 119.21703 | O15: =L15-I15 -> 0 | P15: =N15-K15 -> -5.782967 | Q15: =N15/K15 -> 0.95373626 | S15: 0.70833333 | T15: 0.77152778 | U15: =IF(S15=TIME(17,0,0),"",(S15-T14)*24*60) | V15: =(T15-S15)*24*60 -> 91 | AE15: =M15-J15 -> -92.527473 | AF15: =M15/J15 -> 0.95373626
A16: 新豐5線 | B16: 微波主食 | C16: 二配香炒沙茶豬肉飯 | E16: 50.67 | F16: 738 | G16: =E16*F16 -> 37394.46 | I16: 16 | J16: 2000 | K16: =J16/I16 -> 125 | L16: 16 | M16: =F16/V16*60 -> 1925.2174 | N16: =M16/L16 -> 120.32609 | O16: =L16-I16 -> 0 | P16: =N16-K16 -> -4.673913 | Q16: =N16/K16 -> 0.9626087 | S16: 0.77638889 | T16: 0.79236111 | U16: =IF(S16=TIME(17,0,0),"",(S16-T15)*24*60) -> 7 | V16: =(T16-S16)*24*60 -> 23 | AE16: =M16-J16 -> -74.782609 | AF16: =M16/J16 -> 0.9626087
A17: 新豐5線 | B17: 微波主食 | C17: 二配金咖哩果香甘口咖哩飯 | E17: 50.92 | F17: 1500 | G17: =E17*F17 -> 76380 | H17: 2 | I17: 15 | J17: 2000 | K17: =J17/I17 -> 133.33333 | L17: 15 | M17: =F17/V17*60 -> 1914.8936 | N17: =M17/L17 -> 127.65957 | O17: =L17-I17 -> 0 | P17: =N17-K17 -> -5.6737589 | Q17: =N17/K17 -> 0.95744681 | S17: 0.79791667 | T17: 0.83055556 | U17: =IF(S17=TIME(17,0,0),"",(S17-T16)*24*60) -> 8 | V17: =(T17-S17)*24*60 -> 47 | W17: =T17 -> 0.83055556 | X17: =S18 -> 0.86875 | AE17: =M17-J17 -> -85.106383 | AF17: =M17/J17 -> 0.95744681
A18: 新豐5線 | B18: 微波主食 | C18: 二配金咖哩果香甘口咖哩飯 | E18: 50.92 | F18: 1208 | G18: =E18*F18 -> 61511.36 | I18: 15 | J18: 2000 | K18: =J18/I18 -> 133.33333 | L18: 15 | M18: =F18/V18*60 -> 1907.3684 | N18: =M18/L18 -> 127.15789 | O18: =L18-I18 -> 0 | P18: =N18-K18 -> -6.1754386 | Q18: =N18/K18 -> 0.95368421 | S18: 0.86875 | T18: 0.89513889 | U18: =IF(S18=TIME(17,0,0),"",(S18-T17)*24*60) -> 55 | V18: =(T18-S18)*24*60 -> 38 | AE18: =M18-J18 -> -92.631579 | AF18: =M18/J18 -> 0.95368421
A19: 新豐5線 | B19: 平均 | I19: 17.6 | J19: 1900 | K19: =J19/I19 -> 107.95455 | L19: 17.6 | M19: =AVERAGE(M14:M18) -> 1816.9904 | N19: =M19/L19 -> 103.23809 | O19: =L19-I19 -> 0 | P19: =N19-K19 -> -4.716455 | Q19: =N19/K19 -> 0.95631073 | Y19: =SUM(Y14:Y18) -> 0 | Z19: =SUM(Z14:Z18) -> 0 | AC19: 5 | AD19: =SUM(AD14:AD18) -> 0 | AE19: =M19-J19 -> -83.009609 | AF19: =M19/J19 -> 0.95631073
A20: 新豐7線 | B20: 微波主食 | C20: 鐵板滑蛋炸豬排丼 | E20: 57.73 | F20: 2995 | G20: =E20*F20 -> 172901.35 | I20: 14 | J20: 2000 | K20: =J20/I20 -> 142.85714 | L20: 14 | M20: =F20/V20*60 -> 1911.7021 | N20: =M20/L20 -> 136.55015 | O20: =L20-I20 -> 0 | P20: =N20-K20 -> -6.3069909 | Q20: =N20/K20 -> 0.95585106 | R20: =Q27 -> 0.96081386 | S20: 0.20833333 | T20: 0.27361111 | V20: =(T20-S20)*24*60 -> 94 | AC20: 7 | AE20: =M20-J20 -> -88.297872 | AF20: =M20/J20 -> 0.95585106 | AG20: =AF27 -> 0.96081386
A21: 新豐7線 | B21: 微波主食 | C21: 極上炙烤親子丼 | E21: 53.68 | F21: 1575 | G21: =E21*F21 -> 84546 | I21: 16 | J21: 2000 | K21: =J21/I21 -> 125 | L21: 16 | M21: =F21/V21*60 -> 1928.5714 | N21: =M21/L21 -> 120.53571 | O21: =L21-I21 -> 0 | P21: =N21-K21 -> -4.4642857 | Q21: =N21/K21 -> 0.96428571 | S21: 0.27777778 | T21: 0.31180556 | U21: =IF(S21=TIME(17,0,0),"",(S21-T20)*24*60) -> 6 | V21: =(T21-S21)*24*60 -> 49 | AE21: =M21-J21 -> -71.428571 | AF21: =M21/J21 -> 0.96428571
A22: 新豐7線 | B22: 微波主食 | C22: 韓式泡菜豬肉豆腐丼飯 | E22: 50.67 | F22: 4736 | G22: =E22*F22 -> 239973.12 | I22: 16 | J22: 2000 | K22: =J22/I22 -> 125 | L22: 16 | M22: =F22/V22*60 -> 1907.1141 | N22: =M22/L22 -> 119.19463 | O22: =L22-I22 -> 0 | P22: =N22-K22 -> -5.8053691 | Q22: =N22/K22 -> 0.95355705 | S22: 0.31736111 | T22: 0.42083333 | U22: =IF(S22=TIME(17,0,0),"",(S22-T21)*24*60) -> 8 | V22: =(T22-S22)*24*60 -> 149 | AE22: =M22-J22 -> -92.885906 | AF22: =M22/J22 -> 0.95355705
A23: 新豐7線 | B23: 微波主食 | C23: 二配厚香料咖哩雞排飯 | E23: 57.3 | F23: 1985 | G23: =E23*F23 -> 113740.5 | I23: 13 | J23: 2000 | K23: =J23/I23 -> 153.84615 | L23: 13 | M23: =F23/V23*60 -> 1920.9677 | N23: =M23/L23 -> 147.76675 | O23: =L23-I23 -> 0 | P23: =N23-K23 -> -6.0794045 | Q23: =N23/K23 -> 0.96048387 | S23: 0.70833333 | T23: 0.75138889 | U23: =IF(S23=TIME(17,0,0),"",(S23-T22)*24*60) | V23: =(T23-S23)*24*60 -> 62 | AE23: =M23-J23 -> -79.032258 | AF23: =M23/J23 -> 0.96048387
A24: 新豐7線 | B24: 微波主食 | C24: 二配起司控培根白醬焗烤飯 | E24: 53.68 | F24: 1798 | G24: =E24*F24 -> 96516.64 | I24: 16 | J24: 1500 | K24: =J24/I24 -> 93.75 | L24: 16 | M24: =F24/V24*60 -> 1438.4 | N24: =M24/L24 -> 89.9 | O24: =L24-I24 -> 0 | P24: =N24-K24 -> -3.85 | Q24: =N24/K24 -> 0.95893333 | S24: 0.75486111 | T24: 0.80694444 | U24: =IF(S24=TIME(17,0,0),"",(S24-T23)*24*60) -> 5 | V24: =(T24-S24)*24*60 -> 75 | AE24: =M24-J24 -> -61.6 | AF24: =M24/J24 -> 0.95893333
A25: 新豐7線 | B25: 微波主食 | C25: 二配川味麻婆燒豆腐燴飯 | E25: 50.49 | F25: 1200 | G25: =E25*F25 -> 60588 | H25: 2 | I25: 15 | J25: 2000 | K25: =J25/I25 -> 133.33333 | L25: 15 | M25: =F25/V25*60 -> 1945.9459 | N25: =M25/L25 -> 129.72973 | O25: =L25-I25 -> 0 | P25: =N25-K25 -> -3.6036036 | Q25: =N25/K25 -> 0.97297297 | S25: 0.81180556 | T25: 0.8375 | U25: =IF(S25=TIME(17,0,0),"",(S25-T24)*24*60) -> 7 | V25: =(T25-S25)*24*60 -> 37 | W25: =T25 -> 0.8375 | X25: =S26 -> 0.87847222 | AE25: =M25-J25 -> -54.054054 | AF25: =M25/J25 -> 0.97297297
A26: 新豐7線 | B26: 微波主食 | C26: 二配川味麻婆燒豆腐燴飯 | E26: 50.49 | F26: 1119 | G26: =E26*F26 -> 56498.31 | I26: 15 | J26: 2000 | K26: =J26/I26 -> 133.33333 | L26: 15 | M26: =F26/V26*60 -> 1918.2857 | N26: =M26/L26 -> 127.88571 | O26: =L26-I26 -> 0 | P26: =N26-K26 -> -5.447619 | Q26: =N26/K26 -> 0.95914286 | S26: 0.87847222 | T26: 0.90277778 | U26: =IF(S26=TIME(17,0,0),"",(S26-T25)*24*60) -> 59 | V26: =(T26-S26)*24*60 -> 35 | AE26: =M26-J26 -> -81.714286 | AF26: =M26/J26 -> 0.95914286
A27: 新豐7線 | B27: 平均 | I27: 15 | J27: 1928.5714 | K27: =J27/I27 -> 128.57143 | L27: 15 | M27: =AVERAGE(M20:M26) -> 1852.9982 | N27: =M27/L27 -> 123.53321 | O27: =L27-I27 -> 0 | P27: =N27-K27 -> -5.0382185 | Q27: =N27/K27 -> 0.96081386 | Y27: =SUM(Y20:Y26) -> 0 | Z27: =SUM(Z20:Z26) -> 0 | AC27: 7 | AD27: =SUM(AD20:AD26) -> 0 | AE27: =M27-J27 -> -75.573278 | AF27: =M27/J27 -> 0.96081386
A28: 新豐8線 | B28: 三明治 | C28: 紐奧良風味烤雞鮮蔬三明治 | E28: 31.29 | F28: 6600 | G28: =E28*F28 -> 206514 | H28: 2 | I28: 18 | J28: 2400 | K28: =J28/I28 -> 133.33333 | L28: 18 | M28: =F28/V28*60 -> 2289.0173 | N28: =M28/L28 -> 127.16763 | O28: =L28-I28 -> 0 | P28: =N28-K28 -> -6.1657033 | Q28: =N28/K28 -> 0.95375723 | R28: =Q35 -> 0.95792113 | S28: 0.083333333 | T28: 0.20347222 | V28: =(T28-S28)*24*60 -> 173 | W28: =T28 -> 0.20347222 | X28: =S29 -> 0.22291667 | AC28: 7 | AE28: =M28-J28 -> -110.98266 | AF28: =M28/J28 -> 0.95375723 | AG28: =AF35 -> 0.95792113
A29: 新豐8線 | B29: 三明治 | C29: 好多菜三明治(114年) | E29: 25.98 | F29: 3713 | G29: =E29*F29 -> 96463.74 | I29: 21 | J29: 2400 | K29: =J29/I29 -> 114.28571 | L29: 21 | M29: =F29/V29*60 -> 2296.701 | N29: =M29/L29 -> 109.36672 | O29: =L29-I29 -> 0 | P29: =N29-K29 -> -4.9189985 | Q29: =N29/K29 -> 0.95695876 | S29: 0.22291667 | T29: 0.29027778 | U29: =(S29-T28)*24*60 -> 28 | V29: =(T29-S29)*24*60 -> 97 | AE29: =M29-J29 -> -103.29897 | AF29: =M29/J29 -> 0.95695876
A30: 新豐8線 | B30: 三明治 | C30: 經典總匯三明治 | E30: 26.2 | F30: 3600 | G30: =E30*F30 -> 94320 | H30: 2 | I30: 20 | J30: 2400 | K30: =J30/I30 -> 120 | L30: 20 | M30: =F30/V30*60 -> 2297.8723 | N30: =M30/L30 -> 114.89362 | O30: =L30-I30 -> 0 | P30: =N30-K30 -> -5.106383 | Q30: =N30/K30 -> 0.95744681 | S30: 0.29375 | T30: 0.35902778 | U30: =(S30-T29)*24*60 -> 5 | V30: =(T30-S30)*24*60 -> 94 | AE30: =M30-J30 -> -102.12766 | AF30: =M30/J30 -> 0.95744681
A31: 新豐8線 | B31: 三明治 | C31: 雞蛋沙拉三明治(114年) | E31: 25.99 | F31: 4906 | G31: =E31*F31 -> 127506.94 | I31: 14 | J31: 2400 | K31: =J31/I31 -> 171.42857 | L31: 14 | M31: =F31/V31*60 -> 2299.6875 | N31: =M31/L31 -> 164.26339 | O31: =L31-I31 -> 0 | P31: =N31-K31 -> -7.1651786 | Q31: =N31/K31 -> 0.95820312 | S31: 0.3625 | T31: 0.45138889 | U31: =(S31-T30)*24*60 -> 5 | V31: =(T31-S31)*24*60 -> 128 | AE31: =M31-J31 -> -100.3125 | AF31: =M31/J31 -> 0.95820312
A32: 新豐8線 | B32: 三明治 | C32: 陽光地瓜總匯三明治 | E32: 26.18 | F32: 2067 | G32: =E32*F32 -> 54114.06 | I32: 19 | J32: 2400 | K32: =J32/I32 -> 126.31579 | L32: 19 | M32: =F32/V32*60 -> 2296.6667 | N32: =M32/L32 -> 120.87719 | O32: =L32-I32 -> 0 | P32: =N32-K32 -> -5.4385965 | Q32: =N32/K32 -> 0.95694444 | S32: 0.45555556 | T32: 0.49305556 | U32: =(S32-T31)*24*60 -> 6 | V32: =(T32-S32)*24*60 -> 54 | W32: =T32 -> 0.49305556 | X32: =S33 -> 0.53333333 | AE32: =M32-J32 -> -103.33333 | AF32: =M32/J32 -> 0.95694444
A33: 新豐8線 | B33: 三明治 | C33: 經典總匯三明治 | E33: 26.2 | F33: 2774 | G33: =E33*F33 -> 72678.8 | I33: 20 | J33: 2400 | K33: =J33/I33 -> 120 | L33: 20 | M33: =F33/V33*60 -> 2311.6667 | N33: =M33/L33 -> 115.58333 | O33: =L33-I33 -> 0 | P33: =N33-K33 -> -4.4166667 | Q33: =N33/K33 -> 0.96319444 | S33: 0.53333333 | T33: 0.58333333 | U33: =(S33-T32)*24*60 -> 58 | V33: =(T33-S33)*24*60 -> 72 | AE33: =M33-J33 -> -88.333333 | AF33: =M33/J33 -> 0.96319444
A34: 新豐8線 | B34: 三明治 | C34: 紐奧良風味烤雞鮮蔬三明治 | E34: 31.29 | F34: 4718 | G34: =E34*F34 -> 147626.22 | I34: 18 | J34: 2400 | K34: =J34/I34 -> 133.33333 | L34: 18 | M34: =F34/V34*60 -> 2301.4634 | N34: =M34/L34 -> 127.85908 | O34: =L34-I34 -> 0 | P34: =N34-K34 -> -5.4742547 | Q34: =N34/K34 -> 0.95894309 | S34: 0.58819444 | T34: 0.67361111 | U34: =(S34-T33)*24*60 -> 7 | V34: =(T34-S34)*24*60 -> 123 | AE34: =M34-J34 -> -98.536585 | AF34: =M34/J34 -> 0.95894309
A35: 新豐8線 | B35: 平均 | I35: 18.571429 | J35: 2400 | K35: =J35/I35 -> 129.23077 | L35: 18.571429 | M35: =AVERAGE(M28:M34) -> 2299.0107 | N35: =M35/L35 -> 123.79288 | O35: =L35-I35 -> 0 | P35: =N35-K35 -> -5.4378849 | Q35: =N35/K35 -> 0.95792113 | Y35: =SUM(Y28:Y34) -> 0 | Z35: =SUM(Z28:Z34) -> 0 | AC35: 7 | AD35: =SUM(AD28:AD34) -> 0 | AE35: =M35-J35 -> -100.98929 | AF35: =M35/J35 -> 0.95792113
A36: 新豐9線 | B36: 三明治 | C36: 鮪魚起司溏心蛋三明治 | E36: 26.2 | F36: 4700 | G36: =E36*F36 -> 123140 | H36: 2 | I36: 18 | J36: 2400 | K36: =J36/I36 -> 133.33333 | L36: 18 | M36: =F36/V36*60 -> 2292.6829 | N36: =M36/L36 -> 127.37127 | O36: =L36-I36 -> 0 | P36: =N36-K36 -> -5.9620596 | Q36: =N36/K36 -> 0.95528455 | R36: =Q44 -> 0.95771645 | S36: 0.083333333 | T36: 0.16875 | V36: =(T36-S36)*24*60 -> 123 | W36: =T36 -> 0.16875 | X36: =S37 -> 0.18611111 | AC36: 8 | AE36: =M36-J36 -> -107.31707 | AF36: =M36/J36 -> 0.95528455 | AG36: =AF44 -> 0.95771645
A37: 新豐9線 | B37: 三明治 | C37: 肉鬆火腿三明治 | E37: 20.52 | F37: 4682 | G37: =E37*F37 -> 96074.64 | I37: 18 | J37: 2400 | K37: =J37/I37 -> 133.33333 | L37: 18 | M37: =F37/V37*60 -> 2302.623 | N37: =M37/L37 -> 127.9235 | O37: =L37-I37 -> 0 | P37: =N37-K37 -> -5.4098361 | Q37: =N37/K37 -> 0.95942623 | S37: 0.18611111 | T37: 0.27083333 | U37: =(S37-T36)*24*60 -> 25 | V37: =(T37-S37)*24*60 -> 122 | AE37: =M37-J37 -> -97.377049 | AF37: =M37/J37 -> 0.95942623
A38: 新豐9線 | B38: 三明治 | C38: 醬燒烤雞三明治 | E38: 26.39 | F38: 4200 | G38: =E38*F38 -> 110838 | H38: 2 | I38: 19 | J38: 2400 | K38: =J38/I38 -> 126.31579 | L38: 19 | M38: =F38/V38*60 -> 2290.9091 | N38: =M38/L38 -> 120.57416 | O38: =L38-I38 -> 0 | P38: =N38-K38 -> -5.7416268 | Q38: =N38/K38 -> 0.95454545 | S38: 0.27430556 | T38: 0.35069444 | U38: =(S38-T37)*24*60 -> 5 | V38: =(T38-S38)*24*60 -> 110 | AE38: =M38-J38 -> -109.09091 | AF38: =M38/J38 -> 0.95454545
A39: 新豐9線 | B39: 三明治 | C39: 輕乳酪巧克力三明治 | E39: 20.52 | F39: 3231 | G39: =E39*F39 -> 66300.12 | I39: 18 | J39: 2400 | K39: =J39/I39 -> 133.33333 | L39: 18 | M39: =F39/V39*60 -> 2280.7059 | N39: =M39/L39 -> 126.70588 | O39: =L39-I39 -> 0 | P39: =N39-K39 -> -6.627451 | Q39: =N39/K39 -> 0.95029412 | S39: 0.35486111 | T39: 0.41388889 | U39: =(S39-T38)*24*60 -> 6 | V39: =(T39-S39)*24*60 -> 85 | AE39: =M39-J39 -> -119.29412 | AF39: =M39/J39 -> 0.95029412
A40: 新豐9線 | B40: 三明治 | C40: 香蕉可可三明治 | E40: 22.69 | F40: 3800 | G40: =E40*F40 -> 86222 | H40: 2 | I40: 15 | J40: 2400 | K40: =J40/I40 -> 160 | L40: 15 | M40: =F40/V40*60 -> 2303.0303 | N40: =M40/L40 -> 153.53535 | O40: =L40-I40 -> 0 | P40: =N40-K40 -> -6.4646465 | Q40: =N40/K40 -> 0.95959596 | S40: 0.41736111 | T40: 0.48611111 | U40: =(S40-T39)*24*60 -> 5 | V40: =(T40-S40)*24*60 -> 99 | W40: =T40 -> 0.48611111 | X40: =S41 -> 0.525 | AE40: =M40-J40 -> -96.969697 | AF40: =M40/J40 -> 0.95959596
A41: 新豐9線 | B41: 三明治 | C41: 鮪魚起司溏心蛋三明治 | E41: 26.2 | F41: 3493 | G41: =E41*F41 -> 91516.6 | I41: 18 | J41: 2400 | K41: =J41/I41 -> 133.33333 | L41: 18 | M41: =F41/V41*60 -> 2303.0769 | N41: =M41/L41 -> 127.94872 | O41: =L41-I41 -> 0 | P41: =N41-K41 -> -5.3846154 | Q41: =N41/K41 -> 0.95961538 | S41: 0.525 | T41: 0.58819444 | U41: =(S41-T40)*24*60 -> 56 | V41: =(T41-S41)*24*60 -> 91 | AE41: =M41-J41 -> -96.923077 | AF41: =M41/J41 -> 0.95961538
A42: 新豐9線 | B42: 三明治 | C42: 醬燒烤雞三明治 | E42: 26.39 | F42: 2922 | G42: =E42*F42 -> 77111.58 | I42: 19 | J42: 2400 | K42: =J42/I42 -> 126.31579 | L42: 19 | M42: =F42/V42*60 -> 2306.8421 | N42: =M42/L42 -> 121.41274 | O42: =L42-I42 -> 0 | P42: =N42-K42 -> -4.9030471 | Q42: =N42/K42 -> 0.96118421 | S42: 0.59305556 | T42: 0.64583333 | U42: =(S42-T41)*24*60 -> 7 | V42: =(T42-S42)*24*60 -> 76 | AE42: =M42-J42 -> -93.157895 | AF42: =M42/J42 -> 0.96118421
A43: 新豐9線 | B43: 三明治 | C43: 香蕉可可三明治 | E43: 22.69 | F43: 2693 | G43: =E43*F43 -> 61104.17 | I43: 15 | J43: 2400 | K43: =J43/I43 -> 160 | L43: 15 | M43: =F43/V43*60 -> 2308.2857 | N43: =M43/L43 -> 153.88571 | O43: =L43-I43 -> 0 | P43: =N43-K43 -> -6.1142857 | Q43: =N43/K43 -> 0.96178571 | S43: 0.65138889 | T43: 0.7 | U43: =(S43-T42)*24*60 -> 8 | V43: =(T43-S43)*24*60 -> 70 | AE43: =M43-J43 -> -91.714286 | AF43: =M43/J43 -> 0.96178571
A44: 新豐9線 | B44: 平均 | I44: 17.5 | J44: 2400 | K44: =J44/I44 -> 137.14286 | L44: 17.5 | M44: =AVERAGE(M36:M43) -> 2298.5195 | N44: =M44/L44 -> 131.34397 | O44: =L44-I44 -> 0 | P44: =N44-K44 -> -5.7988865 | Q44: =N44/K44 -> 0.95771645 | Y44: =SUM(Y36:Y43) -> 0 | Z44: =SUM(Z36:Z43) -> 0 | AC44: 8 | AD44: =SUM(AD36:AD43) -> 0 | AE44: =M44-J44 -> -101.48051 | AF44: =M44/J44 -> 0.95771645
A45: 新豐3線 | B45: 調理麵包 | C45: 黃金魚堡(114年) | E45: 34.35 | F45: 4025 | G45: =E45*F45 -> 138258.75 | I45: 8 | J45: 3000 | K45: =J45/I45 -> 375 | L45: 8 | M45: =F45/V45*60 -> 2875 | N45: =M45/L45 -> 359.375 | O45: =L45-I45 -> 0 | P45: =N45-K45 -> -15.625 | Q45: =N45/K45 -> 0.95833333 | R45: =Q50 -> 0.95748855 | S45: 0.083333333 | T45: 0.14166667 | V45: =(T45-S45)*24*60 -> 84 | W45: =T45 -> 0.14166667 | X45: =S46 -> 0.16041667 | AC45: 5 | AE45: =M45-J45 -> -125 | AF45: =M45/J45 -> 0.95833333 | AG45: =AF50 -> 0.95748855
A46: 新豐3線 | B46: 調理麵包 | C46: 豬肉起司堡 | E46: 21.13 | F46: 6443 | G46: =E46*F46 -> 136140.59 | I46: 10 | J46: 3000 | K46: =J46/I46 -> 300 | L46: 10 | M46: =F46/V46*60 -> 2863.5556 | N46: =M46/L46 -> 286.35556 | O46: =L46-I46 -> 0 | P46: =N46-K46 -> -13.644444 | Q46: =N46/K46 -> 0.95451852 | S46: 0.16041667 | T46: 0.25416667 | U46: =(S46-T45)*24*60 -> 27 | V46: =(T46-S46)*24*60 -> 135 | AE46: =M46-J46 -> -136.44444 | AF46: =M46/J46 -> 0.95451852
A47: 新豐3線 | B47: 調理麵包 | C47: 豬肉起司蛋堡 | E47: 27.17 | F47: 8537 | G47: =E47*F47 -> 231950.29 | I47: 10 | J47: 3000 | K47: =J47/I47 -> 300 | L47: 10 | M47: =F47/V47*60 -> 2861.5642 | N47: =M47/L47 -> 286.15642 | O47: =L47-I47 -> 0 | P47: =N47-K47 -> -13.843575 | Q47: =N47/K47 -> 0.95385475 | S47: 0.25833333 | T47: 0.38263889 | U47: =(S47-T46)*24*60 -> 6 | V47: =(T47-S47)*24*60 -> 179 | AE47: =M47-J47 -> -138.43575 | AF47: =M47/J47 -> 0.95385475
A48: 新豐3線 | B48: 調理麵包 | C48: 香菜雞堡 | E48: 28.3 | F48: 2494 | G48: =E48*F48 -> 70580.2 | I48: 8 | J48: 3000 | K48: =J48/I48 -> 375 | L48: 8 | M48: =F48/V48*60 -> 2877.6923 | N48: =M48/L48 -> 359.71154 | O48: =L48-I48 -> 0 | P48: =N48-K48 -> -15.288462 | Q48: =N48/K48 -> 0.95923077 | S48: 0.38819444 | T48: 0.42430556 | U48: =(S48-T47)*24*60 -> 8 | V48: =(T48-S48)*24*60 -> 52 | AE48: =M48-J48 -> -122.30769 | AF48: =M48/J48 -> 0.95923077
A49: 新豐3線 | B49: 調理麵包 | C49: 美式雞腿堡 | E49: 35.87 | F49: 4471 | G49: =E49*F49 -> 160374.77 | I49: 9 | J49: 3000 | K49: =J49/I49 -> 333.33333 | L49: 9 | M49: =F49/V49*60 -> 2884.5161 | N49: =M49/L49 -> 320.50179 | O49: =L49-I49 -> 0 | P49: =N49-K49 -> -12.831541 | Q49: =N49/K49 -> 0.96150538 | S49: 0.42986111 | T49: 0.49444444 | U49: =(S49-T48)*24*60 -> 8 | V49: =(T49-S49)*24*60 -> 93 | AE49: =M49-J49 -> -115.48387 | AF49: =M49/J49 -> 0.96150538
A50: 新豐3線 | B50: 平均 | I50: 9 | J50: 3000 | K50: =J50/I50 -> 333.33333 | L50: 9 | M50: =AVERAGE(M45:M49) -> 2872.4656 | N50: =M50/L50 -> 319.16285 | O50: =L50-I50 -> 0 | P50: =N50-K50 -> -14.170484 | Q50: =N50/K50 -> 0.95748855 | Y50: =SUM(Y45:Y49) -> 0 | Z50: =SUM(Z45:Z49) -> 0 | AC50: 5 | AD50: =SUM(AD45:AD49) -> 0 | AE50: =M50-J50 -> -127.53435 | AF50: =M50/J50 -> 0.95748855
A51: 新豐1線 | B51: 沙拉 | C51: 莎莎烤雞麵沙拉 | E51: 46 | F51: 2614 | G51: =E51*F51 -> 120244 | I51: 17 | J51: 2000 | K51: =J51/I51 -> 117.64706 | L51: 17 | M51: =F51/V51*60 -> 1912.6829 | N51: =M51/L51 -> 112.51076 | O51: =L51-I51 -> 0 | P51: =N51-K51 -> -5.1362984 | Q51: =N51/K51 -> 0.95634146 | R51: =Q59 -> 0.95744352 | S51: 0.20833333 | T51: 0.26527778 | V51: =(T51-S51)*24*60 -> 82 | AC51: 8 | AE51: =M51-J51 -> -87.317073 | AF51: =M51/J51 -> 0.95634146 | AG51: =AF59 -> 0.95744352
A52: 新豐1線 | B52: 微波主食 | C52: 壹號醬雞豚雙拼 | E52: 56.43 | F52: 1875 | G52: =E52*F52 -> 105806.25 | I52: 22 | J52: 2000 | K52: =J52/I52 -> 90.909091 | L52: 22 | M52: =F52/V52*60 -> 1906.7797 | N52: =M52/L52 -> 86.671803 | O52: =L52-I52 -> 0 | P52: =N52-K52 -> -4.2372881 | Q52: =N52/K52 -> 0.95338983 | S52: 0.27083333 | T52: 0.31180556 | U52: =IF(S52=TIME(17,0,0),"",(S52-T51)*24*60) -> 8 | V52: =(T52-S52)*24*60 -> 59 | AE52: =M52-J52 -> -93.220339 | AF52: =M52/J52 -> 0.95338983
A53: 新豐1線 | B53: 微波主食 | C53: 好多蒜燒豚飯 | E53: 51.75 | F53: 1235 | G53: =E53*F53 -> 63911.25 | I53: 25 | J53: 2000 | K53: =J53/I53 -> 80 | L53: 25 | M53: =F53/V53*60 -> 1900 | N53: =M53/L53 -> 76 | O53: =L53-I53 -> 0 | P53: =N53-K53 -> -4 | Q53: =N53/K53 -> 0.95 | S53: 0.31597222 | T53: 0.34305556 | U53: =IF(S53=TIME(17,0,0),"",(S53-T52)*24*60) -> 6 | V53: =(T53-S53)*24*60 -> 39 | AE53: =M53-J53 -> -100 | AF53: =M53/J53 -> 0.95
A54: 新豐1線 | B54: 微波主食 | C54: 二配粗飽系雞排炒飯(114年) | E54: 57.73 | F54: 1176 | G54: =E54*F54 -> 67890.48 | I54: 16 | J54: 1500 | K54: =J54/I54 -> 93.75 | L54: 16 | M54: =F54/V54*60 -> 1440 | N54: =M54/L54 -> 90 | O54: =L54-I54 -> 0 | P54: =N54-K54 -> -3.75 | Q54: =N54/K54 -> 0.96 | S54: 0.70833333 | T54: 0.74236111 | U54: =IF(S54=TIME(17,0,0),"",(S54-T53)*24*60) | V54: =(T54-S54)*24*60 -> 49 | AE54: =M54-J54 -> -60 | AF54: =M54/J54 -> 0.96
A55: 新豐1線 | B55: 微波主食 | C55: 二配鮭魚蛋炒飯 | E55: 54.29 | F55: 1430 | G55: =E55*F55 -> 77634.7 | I55: 20 | J55: 2000 | K55: =J55/I55 -> 100 | L55: 20 | M55: =F55/V55*60 -> 1906.6667 | N55: =M55/L55 -> 95.333333 | O55: =L55-I55 -> 0 | P55: =N55-K55 -> -4.6666667 | Q55: =N55/K55 -> 0.95333333 | S55: 0.74791667 | T55: 0.77916667 | U55: =IF(S55=TIME(17,0,0),"",(S55-T54)*24*60) -> 8 | V55: =(T55-S55)*24*60 -> 45 | AE55: =M55-J55 -> -93.333333 | AF55: =M55/J55 -> 0.95333333
A56: 新豐1線 | B56: 微波主食 | C56: 二配香辣醬蒜味香腸蛋炒飯 | E56: 55.56 | F56: 800 | G56: =E56*F56 -> 44448 | H56: 2 | I56: 17 | J56: 2000 | K56: =J56/I56 -> 117.64706 | L56: 17 | M56: =F56/V56*60 -> 1920 | N56: =M56/L56 -> 112.94118 | O56: =L56-I56 -> 0 | P56: =N56-K56 -> -4.7058824 | Q56: =N56/K56 -> 0.96 | S56: 0.78333333 | T56: 0.80069444 | U56: =IF(S56=TIME(17,0,0),"",(S56-T55)*24*60) -> 6 | V56: =(T56-S56)*24*60 -> 25 | AE56: =M56-J56 -> -80 | AF56: =M56/J56 -> 0.96
A57: 新豐1線 | B57: 微波主食 | C57: 二配香拌海鮮醬肉絲蛋炒飯 | E57: 55.32 | F57: 1713 | G57: =E57*F57 -> 94763.16 | I57: 15 | J57: 2000 | K57: =J57/I57 -> 133.33333 | L57: 15 | M57: =F57/V57*60 -> 1939.2453 | N57: =M57/L57 -> 129.28302 | O57: =L57-I57 -> 0 | P57: =N57-K57 -> -4.0503145 | Q57: =N57/K57 -> 0.96962264 | S57: 0.80555556 | T57: 0.84236111 | U57: =IF(S57=TIME(17,0,0),"",(S57-T56)*24*60) -> 7 | V57: =(T57-S57)*24*60 -> 53 | W57: =T57 -> 0.84236111 | X57: =S58 -> 0.88333333 | AE57: =M57-J57 -> -60.754717 | AF57: =M57/J57 -> 0.96962264
A58: 新豐1線 | B58: 微波主食 | C58: 二配香辣醬蒜味香腸蛋炒飯 | E58: 55.56 | F58: 1532 | G58: =E58*F58 -> 85117.92 | I58: 17 | J58: 2000 | K58: =J58/I58 -> 117.64706 | L58: 17 | M58: =F58/V58*60 -> 1915 | N58: =M58/L58 -> 112.64706 | O58: =L58-I58 -> 0 | P58: =N58-K58 -> -5 | Q58: =N58/K58 -> 0.9575 | S58: 0.88333333 | T58: 0.91666667 | U58: =IF(S58=TIME(17,0,0),"",(S58-T57)*24*60) -> 59 | V58: =(T58-S58)*24*60 -> 48 | AE58: =M58-J58 -> -85 | AF58: =M58/J58 -> 0.9575
A59: 新豐1線 | B59: 平均 | I59: 18.625 | J59: 1937.5 | K59: =J59/I59 -> 104.02685 | L59: 18.625 | M59: =AVERAGE(M51:M58) -> 1855.0468 | N59: =M59/L59 -> 99.599829 | O59: =L59-I59 -> 0 | P59: =N59-K59 -> -4.4270165 | Q59: =N59/K59 -> 0.95744352 | Y59: =SUM(Y51:Y58) -> 0 | Z59: =SUM(Z51:Z58) -> 0 | AC59: 8 | AD59: =SUM(AD51:AD58) -> 0 | AE59: =M59-J59 -> -82.453183 | AF59: =M59/J59 -> 0.95744352
A60: 新豐10線 | B60: 調理麵包 | C60: 墨西哥辣醬熱狗堡 | E60: 37.85 | F60: 1422 | G60: =E60*F60 -> 53822.7 | I60: 12 | J60: 2000 | K60: =J60/I60 -> 166.66667 | L60: 12 | M60: =F60/V60*60 -> 1939.0909 | N60: =M60/L60 -> 161.59091 | O60: =L60-I60 -> 0 | P60: =N60-K60 -> -5.0757576 | Q60: =N60/K60 -> 0.96954545 | R60: =Q65 -> 0.96307788 | S60: 0.20833333 | T60: 0.23888889 | V60: =(T60-S60)*24*60 -> 44 | AC60: 5 | AE60: =M60-J60 -> -60.909091 | AF60: =M60/J60 -> 0.96954545 | AG60: =AF65 -> 0.96307788
A61: 新豐10線 | B61: 調理麵包 | C61: 厚豆腐蛋白蕈菇豬肉堡 | E61: 34.36 | F61: 2271 | G61: =E61*F61 -> 78031.56 | I61: 10 | J61: 3000 | K61: =J61/I61 -> 300 | L61: 10 | M61: =F61/V61*60 -> 2899.1489 | N61: =M61/L61 -> 289.91489 | O61: =L61-I61 -> 0 | P61: =N61-K61 -> -10.085106 | Q61: =N61/K61 -> 0.96638298 | S61: 0.24236111 | T61: 0.275 | U61: =(S61-T60)*24*60 -> 5 | V61: =(T61-S61)*24*60 -> 47 | AE61: =M61-J61 -> -100.85106 | AF61: =M61/J61 -> 0.96638298
A62: 新豐10線 | B62: 調理麵包 | C62: 經典雙牛起司堡(113年) | E62: 35.12 | F62: 6484 | G62: =E62*F62 -> 227718.08 | I62: 10 | J62: 3000 | K62: =J62/I62 -> 300 | L62: 10 | M62: =F62/V62*60 -> 2860.5882 | N62: =M62/L62 -> 286.05882 | O62: =L62-I62 -> 0 | P62: =N62-K62 -> -13.941176 | Q62: =N62/K62 -> 0.95352941 | S62: 0.27847222 | T62: 0.37291667 | U62: =(S62-T61)*24*60 -> 5 | V62: =(T62-S62)*24*60 -> 136 | AE62: =M62-J62 -> -139.41176 | AF62: =M62/J62 -> 0.95352941
A63: 新豐10線 | B63: 調理麵包 | C63: 茄汁薯餅蛋堡 | E63: 34.36 | F63: 1898 | G63: =E63*F63 -> 65215.28 | I63: 10 | J63: 3000 | K63: =J63/I63 -> 300 | L63: 10 | M63: =F63/V63*60 -> 2920 | N63: =M63/L63 -> 292 | O63: =L63-I63 -> 0 | P63: =N63-K63 -> -8 | Q63: =N63/K63 -> 0.97333333 | S63: 0.37777778 | T63: 0.40486111 | U63: =(S63-T62)*24*60 -> 7 | V63: =(T63-S63)*24*60 -> 39 | AE63: =M63-J63 -> -80 | AF63: =M63/J63 -> 0.97333333
A64: 新豐10線 | B64: 調理麵包 | C64: 香雞蛋堡(112年) | E64: 26.78 | F64: 2912 | G64: =E64*F64 -> 77983.36 | I64: 10 | J64: 3000 | K64: =J64/I64 -> 300 | L64: 10 | M64: =F64/V64*60 -> 2864.2623 | N64: =M64/L64 -> 286.42623 | O64: =L64-I64 -> 0 | P64: =N64-K64 -> -13.57377 | Q64: =N64/K64 -> 0.9547541 | S64: 0.40833333 | T64: 0.45069444 | U64: =(S64-T63)*24*60 -> 5 | V64: =(T64-S64)*24*60 -> 61 | AE64: =M64-J64 -> -135.7377 | AF64: =M64/J64 -> 0.9547541
A65: 新豐10線 | B65: 平均 | I65: 10.4 | J65: 2800 | K65: =J65/I65 -> 269.23077 | L65: 10.4 | M65: =AVERAGE(M60:M64) -> 2696.6181 | N65: =M65/L65 -> 259.2902 | O65: =L65-I65 -> 0 | P65: =N65-K65 -> -9.9405697 | Q65: =N65/K65 -> 0.96307788 | Y65: =SUM(Y60:Y64) -> 0 | Z65: =SUM(Z60:Z64) -> 0 | AC65: 5 | AD65: =SUM(AD60:AD64) -> 0 | AE65: =M65-J65 -> -103.38192 | AF65: =M65/J65 -> 0.96307788
A66: 新豐4線 | B66: 三明治 | C66: 香鬆起司蛋三明治(114年) | E66: 20.2 | F66: 2652 | G66: =E66*F66 -> 53570.4 | I66: 15 | J66: 2400 | K66: =J66/I66 -> 160 | L66: 15 | M66: =F66/V66*60 -> 2306.087 | N66: =M66/L66 -> 153.73913 | O66: =L66-I66 -> 0 | P66: =N66-K66 -> -6.2608696 | Q66: =N66/K66 -> 0.96086957 | R66: =Q73 -> 0.95783884 | S66: 0.083333333 | T66: 0.13125 | V66: =(T66-S66)*24*60 -> 69 | W66: =T66 -> 0.13125 | X66: =S67 -> 0.15208333 | AC66: 7 | AE66: =M66-J66 -> -93.913043 | AF66: =M66/J66 -> 0.96086957 | AG66: =AF73 -> 0.95783884
A67: 新豐4線 | B67: 三明治 | C67: 瘋狂起司三明治(113年) | E67: 24.45 | F67: 3186 | G67: =E67*F67 -> 77897.7 | I67: 19 | J67: 2400 | K67: =J67/I67 -> 126.31579 | L67: 19 | M67: =F67/V67*60 -> 2303.1325 | N67: =M67/L67 -> 121.2175 | O67: =L67-I67 -> 0 | P67: =N67-K67 -> -5.0982879 | Q67: =N67/K67 -> 0.95963855 | S67: 0.15208333 | T67: 0.20972222 | U67: =(S67-T66)*24*60 -> 30 | V67: =(T67-S67)*24*60 -> 83 | AE67: =M67-J67 -> -96.86747 | AF67: =M67/J67 -> 0.95963855
A68: 新豐4線 | B68: 三明治 | C68: 藍莓優格三明治 | E68: 20.21 | F68: 3031 | G68: =E68*F68 -> 61256.51 | I68: 15 | J68: 2400 | K68: =J68/I68 -> 160 | L68: 15 | M68: =F68/V68*60 -> 2302.0253 | N68: =M68/L68 -> 153.46835 | O68: =L68-I68 -> 0 | P68: =N68-K68 -> -6.5316456 | Q68: =N68/K68 -> 0.95917722 | S68: 0.21319444 | T68: 0.26805556 | U68: =(S68-T67)*24*60 -> 5 | V68: =(T68-S68)*24*60 -> 79 | AE68: =M68-J68 -> -97.974684 | AF68: =M68/J68 -> 0.95917722
A69: 新豐4線 | B69: 三明治 | C69: 經典火腿玉米蛋三明治 | E69: 24.43 | F69: 4600 | G69: =E69*F69 -> 112378 | H69: 2 | I69: 14 | J69: 2400 | K69: =J69/I69 -> 171.42857 | L69: 14 | M69: =F69/V69*60 -> 2300 | N69: =M69/L69 -> 164.28571 | O69: =L69-I69 -> 0 | P69: =N69-K69 -> -7.1428571 | Q69: =N69/K69 -> 0.95833333 | S69: 0.27291667 | T69: 0.35625 | U69: =(S69-T68)*24*60 -> 7 | V69: =(T69-S69)*24*60 -> 120 | AE69: =M69-J69 -> -100 | AF69: =M69/J69 -> 0.95833333
A70: 新豐4線 | B70: 三明治 | C70: 火腿起司蛋三明治 | E70: 19.02 | F70: 6200 | G70: =E70*F70 -> 117924 | H70: 2 | I70: 14 | J70: 2400 | K70: =J70/I70 -> 171.42857 | L70: 14 | M70: =F70/V70*60 -> 2282.2086 | N70: =M70/L70 -> 163.0149 | O70: =L70-I70 -> 0 | P70: =N70-K70 -> -8.4136722 | Q70: =N70/K70 -> 0.95092025 | S70: 0.36180556 | T70: 0.475 | U70: =(S70-T69)*24*60 -> 8 | V70: =(T70-S70)*24*60 -> 163 | W70: =T70 -> 0.475 | X70: =S71 -> 0.51597222 | AE70: =M70-J70 -> -117.79141 | AF70: =M70/J70 -> 0.95092025
A71: 新豐4線 | B71: 三明治 | C71: 火腿起司蛋三明治 | E71: 19.02 | F71: 5012 | G71: =E71*F71 -> 95328.24 | I71: 14 | J71: 2400 | K71: =J71/I71 -> 171.42857 | L71: 14 | M71: =F71/V71*60 -> 2295.5725 | N71: =M71/L71 -> 163.96947 | O71: =L71-I71 -> 0 | P71: =N71-K71 -> -7.4591058 | Q71: =N71/K71 -> 0.95648855 | S71: 0.51597222 | T71: 0.60694444 | U71: =(S71-T70)*24*60 -> 59 | V71: =(T71-S71)*24*60 -> 131 | AE71: =M71-J71 -> -104.42748 | AF71: =M71/J71 -> 0.95648855
A72: 新豐4線 | B72: 三明治 | C72: 經典火腿玉米蛋三明治 | E72: 24.43 | F72: 3454 | G72: =E72*F72 -> 84381.22 | I72: 14 | J72: 2400 | K72: =J72/I72 -> 171.42857 | L72: 14 | M72: =F72/V72*60 -> 2302.6667 | N72: =M72/L72 -> 164.47619 | O72: =L72-I72 -> 0 | P72: =N72-K72 -> -6.952381 | Q72: =N72/K72 -> 0.95944444 | S72: 0.61041667 | T72: 0.67291667 | U72: =(S72-T71)*24*60 -> 5 | V72: =(T72-S72)*24*60 -> 90 | AE72: =M72-J72 -> -97.333333 | AF72: =M72/J72 -> 0.95944444
A73: 新豐4線 | B73: 平均 | I73: 15 | J73: 2400 | K73: =J73/I73 -> 160 | L73: 15 | M73: =AVERAGE(M66:M72) -> 2298.8132 | N73: =M73/L73 -> 153.25422 | O73: =L73-I73 -> 0 | P73: =N73-K73 -> -6.745785 | Q73: =N73/K73 -> 0.95783884 | Y73: =SUM(Y66:Y72) -> 0 | Z73: =SUM(Z66:Z72) -> 0 | AC73: 7 | AD73: =SUM(AD66:AD72) -> 0 | AE73: =M73-J73 -> -101.18677 | AF73: =M73/J73 -> 0.95783884

Sheet 0328
B1: 屏榮 新豐廠組合室生產人時性分析
B3: 日期 | C3: =TEXT('0328 4度C'!A2,"yyyy.mm.ddaaaa") -> 2026.03.28星期六 | E3: 訂單量 | F3: ='0328 4度C'!D1 -> 138992 | H3: 營業額 | I3: ='0328 4度C'!F1 -> 4712416.6
B4: 人時性 | C4: 項目 | E4: ➀ | G4: ➁ | I4: ➂ | K4: 異常停線 | M4: 短暫停線
C5: 組合室 | E5: 全溫層 | G5: 4度C-各編組展開 | I5: ③三明治-各編組展開 | K5: 合計次數 | L5: 時間 | M5: 合計次數 | N5: 設備次數
C6: 排關平均 | E6: =AVERAGE(D13:M13) -> 155.24414 | F6: =AVERAGE(D31:O31,D13:J13) -> 161.39983 | G6: =AVERAGE(D13:J13) -> 161.39983 | I6: =AVERAGE(K13:M13) -> 140.88086 | K6: ='0328 4度C'!Y2 -> 0 | L6: ='0328 4度C'!Z2 -> 0 | M6: ='0328 4度C'!AC2 -> 48 | N6: ='0328 4度C'!AD2 -> 0
C7: 實績平均 | E7: =AVERAGE(D14:M14) -> 148.85732 | F7: =AVERAGE(D32:O32,D14:J14) -> 154.8355 | G7: =AVERAGE(D14:J14) -> 154.8355 | I7: =AVERAGE(K14:M14) -> 134.90824
C8: 達成率平均 | E8: =AVERAGE(D15:M15) -> 0.95962558 | F8: =AVERAGE(D15:J15,D33:O33) -> 0.9604693 | G8: =AVERAGE(D15:J15) -> 0.9604693 | I8: =AVERAGE(K15:M15) -> 0.95765691
K9: ※現行日本鮮食廠以達成率80%為基本(即為現行KPI)
B10: 溫層 | D10: ➁4度C-各編組展開 | K10: ③三明治-各編組展開
B11: 編組 | D11: 1 | E11: 2 | F11: 3 | G11: 4 | H11: 5 | I11: 6 | J11: 7 | K11: 1 | L11: 2 | M11: 3
D12: 新豐6線 | E12: 新豐2線 | F12: 新豐5線 | G12: 新豐7線 | H12: 新豐3線 | I12: 新豐1線 | J12: 新豐10線 | K12: 新豐8線 | L12: 新豐9線 | M12: 新豐4線
B13: 人時性 | C13: 排關 | D13: =SUMIFS('0328 4度C'!$K:$K,'0328 4度C'!$A:$A,"新豐6線",'0328 4度C'!$B:$B,"平均") -> 111.11111 | E13: =SUMIFS('0328 4度C'!$K:$K,'0328 4度C'!$A:$A,"新豐2線",'0328 4度C'!$B:$B,"平均") -> 83.333333 | F13: =SUMIFS('0328 4度C'!$K:$K,'0328 4度C'!$A:$A,"新豐5線",'0328 4度C'!$B:$B,"平均") -> 102.73973 | G13: =SUMIFS('0328 4度C'!$K:$K,'0328 4度C'!$A:$A,"新豐7線",'0328 4度C'!$B:$B,"平均") -> 127.77778 | H13: =SUMIFS('0328 4度C'!$K:$K,'0328 4度C'!$A:$A,"新豐3線",'0328 4度C'!$B:$B,"平均") -> 333.33333 | I13: =SUMIFS('0328 4度C'!$K:$K,'0328 4度C'!$A:$A,"新豐1線",'0328 4度C'!$B:$B,"平均") -> 102.27273 | J13: =SUMIFS('0328 4度C'!$K:$K,'0328 4度C'!$A:$A,"新豐10線",'0328 4度C'!$B:$B,"平均") -> 269.23077 | K13: =SUMIFS('0328 4度C'!$K:$K,'0328 4度C'!$A:$A,"新豐8線",'0328 4度C'!$B:$B,"平均") -> 130.43478 | L13: =SUMIFS('0328 4度C'!$K:$K,'0328 4度C'!$A:$A,"新豐9線",'0328 4度C'!$B:$B,"平均") -> 136.36364 | M13: =SUMIFS('0328 4度C'!$K:$K,'0328 4度C'!$A:$A,"新豐4線",'0328 4度C'!$B:$B,"平均") -> 155.84416
C14: 實績 | D14: =SUMIFS('0328 4度C'!$N:$N,'0328 4度C'!$A:$A,"新豐6線",'0328 4度C'!$B:$B,"平均") -> 106.48307 | E14: =SUMIFS('0328 4度C'!$N:$N,'0328 4度C'!$A:$A,"新豐2線",'0328 4度C'!$B:$B,"平均") -> 79.553024 | F14: =SUMIFS('0328 4度C'!$N:$N,'0328 4度C'!$A:$A,"新豐5線",'0328 4度C'!$B:$B,"平均") -> 99.393991 | G14: =SUMIFS('0328 4度C'!$N:$N,'0328 4度C'!$A:$A,"新豐7線",'0328 4度C'!$B:$B,"平均") -> 122.8045 | H14: =SUMIFS('0328 4度C'!$N:$N,'0328 4度C'!$A:$A,"新豐3線",'0328 4度C'!$B:$B,"平均") -> 318.3148 | I14: =SUMIFS('0328 4度C'!$N:$N,'0328 4度C'!$A:$A,"新豐1線",'0328 4度C'!$B:$B,"平均") -> 98.90871 | J14: =SUMIFS('0328 4度C'!$N:$N,'0328 4度C'!$A:$A,"新豐10線",'0328 4度C'!$B:$B,"平均") -> 258.39043 | K14: =SUMIFS('0328 4度C'!$N:$N,'0328 4度C'!$A:$A,"新豐8線",'0328 4度C'!$B:$B,"平均") -> 125.33603 | L14: =SUMIFS('0328 4度C'!$N:$N,'0328 4度C'!$A:$A,"新豐9線",'0328 4度C'!$B:$B,"平均") -> 130.1641 | M14: =SUMIFS('0328 4度C'!$N:$N,'0328 4度C'!$A:$A,"新豐4線",'0328 4度C'!$B:$B,"平均") -> 149.22459
C15: 達成率 | D15: =D14/D13 -> 0.9583476 | E15: =E14/E13 -> 0.95463629 | F15: =F14/F13 -> 0.96743485 | G15: =G14/G13 -> 0.96107866 | H15: =H14/H13 -> 0.95494441 | I15: =I14/I13 -> 0.96710738 | J15: =J14/J13 -> 0.95973589 | K15: =K14/K13 -> 0.96090957 | ... M15: =M14/M13 -> 0.95752444
B16: 作業 時間 | C16: 開始 | D16: =VLOOKUP("新豐6線",'0328 4度C'!$A:$T,19,0) -> 0.70833333 | E16: =VLOOKUP("新豐2線",'0328 4度C'!$A:$T,19,0) -> 0.20833333 | F16: =VLOOKUP("新豐5線",'0328 4度C'!$A:$T,19,0) -> 0.20833333 | G16: =VLOOKUP("新豐7線",'0328 4度C'!$A:$T,19,0) -> 0.20833333 | H16: =VLOOKUP("新豐3線",'0328 4度C'!$A:$T,19,0) -> 0.083333333 | I16: =VLOOKUP("新豐1線",'0328 4度C'!$A:$T,19,0) -> 0.20833333 | J16: =VLOOKUP("新豐10線",'0328 4度C'!$A:$T,19,0) -> 0.20833333 | K16: =VLOOKUP("新豐8線",'0328 4度C'!$A:$T,19,0) -> 0.083333333 | L16: =VLOOKUP("新豐9線",'0328 4度C'!$A:$T,19,0) -> 0.083333333 | M16: =VLOOKUP("新豐4線",'0328 4度C'!$A:$T,19,0) -> 0.083333333
C17: 結束 | D17: =LOOKUP(2,1/(('0328 4度C'!$A:$A="新豐6線")*('0328 4度C'!$T:$T<>"")),'0328 4度C'!$T:$T) -> 0.81805556 | E17: =LOOKUP(2,1/(('0328 4度C'!$A:$A="新豐2線")*('0328 4度C'!$T:$T<>"")),'0328 4度C'!$T:$T) -> 0.52569444 | F17: =LOOKUP(2,1/(('0328 4度C'!$A:$A="新豐5線")*('0328 4度C'!$T:$T<>"")),'0328 4度C'!$T:$T) -> 0.83333333 | G17: =LOOKUP(2,1/(('0328 4度C'!$A:$A="新豐7線")*('0328 4度C'!$T:$T<>"")),'0328 4度C'!$T:$T) -> 0.8375 | H17: =LOOKUP(2,1/(('0328 4度C'!$A:$A="新豐3線")*('0328 4度C'!$T:$T<>"")),'0328 4度C'!$T:$T) -> 0.41875 | I17: =LOOKUP(2,1/(('0328 4度C'!$A:$A="新豐1線")*('0328 4度C'!$T:$T<>"")),'0328 4度C'!$T:$T) -> 0.84305556 | J17: =LOOKUP(2,1/(('0328 4度C'!$A:$A="新豐10線")*('0328 4度C'!$T:$T<>"")),'0328 4度C'!$T:$T) -> 0.42361111 | K17: =LOOKUP(2,1/(('0328 4度C'!$A:$A="新豐8線")*('0328 4度C'!$T:$T<>"")),'0328 4度C'!$T:$T) -> 0.46875 | L17: =LOOKUP(2,1/(('0328 4度C'!$A:$A="新豐9線")*('0328 4度C'!$T:$T<>"")),'0328 4度C'!$T:$T) -> 0.50208333 | M17: =LOOKUP(2,1/(('0328 4度C'!$A:$A="新豐4線")*('0328 4度C'!$T:$T<>"")),'0328 4度C'!$T:$T) -> 0.47361111
B18: 產線異常 (5分鐘以上) | C18: 次數 | D18: =SUMIFS('0328 4度C'!$Y:$Y,'0328 4度C'!$A:$A,"新豐6線",'0328 4度C'!$B:$B,"平均") -> 0 | E18: =SUMIFS('0328 4度C'!$Y:$Y,'0328 4度C'!$A:$A,"新豐2線",'0328 4度C'!$B:$B,"平均") -> 0 | F18: =SUMIFS('0328 4度C'!$Y:$Y,'0328 4度C'!$A:$A,"新豐5線",'0328 4度C'!$B:$B,"平均") -> 0 | G18: =SUMIFS('0328 4度C'!$Y:$Y,'0328 4度C'!$A:$A,"新豐7線",'0328 4度C'!$B:$B,"平均") -> 0 | H18: =SUMIFS('0328 4度C'!$Y:$Y,'0328 4度C'!$A:$A,"新豐3線",'0328 4度C'!$B:$B,"平均") -> 0 | I18: =SUMIFS('0328 4度C'!$Y:$Y,'0328 4度C'!$A:$A,"新豐1線",'0328 4度C'!$B:$B,"平均") -> 0 | J18: =SUMIFS('0328 4度C'!$Y:$Y,'0328 4度C'!$A:$A,"新豐10線",'0328 4度C'!$B:$B,"平均") -> 0 | K18: =SUMIFS('0328 4度C'!$Y:$Y,'0328 4度C'!$A:$A,"新豐8線",'0328 4度C'!$B:$B,"平均") -> 0 | L18: =SUMIFS('0328 4度C'!$Y:$Y,'0328 4度C'!$A:$A,"新豐9線",'0328 4度C'!$B:$B,"平均") -> 0 | M18: =SUMIFS('0328 4度C'!$Y:$Y,'0328 4度C'!$A:$A,"新豐4線",'0328 4度C'!$B:$B,"平均") -> 0
C19: 時間/分 | D19: =SUMIFS('0328 4度C'!$Z:$Z,'0328 4度C'!$A:$A,"新豐6線",'0328 4度C'!$B:$B,"平均") -> 0 | E19: =SUMIFS('0328 4度C'!$Z:$Z,'0328 4度C'!$A:$A,"新豐2線",'0328 4度C'!$B:$B,"平均") -> 0 | F19: =SUMIFS('0328 4度C'!$Z:$Z,'0328 4度C'!$A:$A,"新豐5線",'0328 4度C'!$B:$B,"平均") -> 0 | G19: =SUMIFS('0328 4度C'!$Z:$Z,'0328 4度C'!$A:$A,"新豐7線",'0328 4度C'!$B:$B,"平均") -> 0 | H19: =SUMIFS('0328 4度C'!$Z:$Z,'0328 4度C'!$A:$A,"新豐3線",'0328 4度C'!$B:$B,"平均") -> 0 | I19: =SUMIFS('0328 4度C'!$Z:$Z,'0328 4度C'!$A:$A,"新豐1線",'0328 4度C'!$B:$B,"平均") -> 0 | J19: =SUMIFS('0328 4度C'!$Z:$Z,'0328 4度C'!$A:$A,"新豐10線",'0328 4度C'!$B:$B,"平均") -> 0 | K19: =SUMIFS('0328 4度C'!$Z:$Z,'0328 4度C'!$A:$A,"新豐8線",'0328 4度C'!$B:$B,"平均") -> 0 | L19: =SUMIFS('0328 4度C'!$Z:$Z,'0328 4度C'!$A:$A,"新豐9線",'0328 4度C'!$B:$B,"平均") -> 0 | M19: =SUMIFS('0328 4度C'!$Z:$Z,'0328 4度C'!$A:$A,"新豐4線",'0328 4度C'!$B:$B,"平均") -> 0
B20: 短暫停線 (5分鐘以下) | C20: 次數 | D20: =SUMIFS('0328 4度C'!$AC:$AC,'0328 4度C'!$A:$A,"新豐6線",'0328 4度C'!$B:$B,"平均") -> 4 | E20: =SUMIFS('0328 4度C'!$AC:$AC,'0328 4度C'!$A:$A,"新豐2線",'0328 4度C'!$B:$B,"平均") -> 2 | F20: =SUMIFS('0328 4度C'!$AC:$AC,'0328 4度C'!$A:$A,"新豐5線",'0328 4度C'!$B:$B,"平均") -> 4 | G20: =SUMIFS('0328 4度C'!$AC:$AC,'0328 4度C'!$A:$A,"新豐7線",'0328 4度C'!$B:$B,"平均") -> 6 | H20: =SUMIFS('0328 4度C'!$AC:$AC,'0328 4度C'!$A:$A,"新豐3線",'0328 4度C'!$B:$B,"平均") -> 5 | I20: =SUMIFS('0328 4度C'!$AC:$AC,'0328 4度C'!$A:$A,"新豐1線",'0328 4度C'!$B:$B,"平均") -> 7 | J20: =SUMIFS('0328 4度C'!$AC:$AC,'0328 4度C'!$A:$A,"新豐10線",'0328 4度C'!$B:$B,"平均") -> 5 | K20: =SUMIFS('0328 4度C'!$AC:$AC,'0328 4度C'!$A:$A,"新豐8線",'0328 4度C'!$B:$B,"平均") -> 5 | L20: =SUMIFS('0328 4度C'!$AC:$AC,'0328 4度C'!$A:$A,"新豐9線",'0328 4度C'!$B:$B,"平均") -> 5 | M20: =SUMIFS('0328 4度C'!$AC:$AC,'0328 4度C'!$A:$A,"新豐4線",'0328 4度C'!$B:$B,"平均") -> 5
C21: 設備次數 | D21: =SUMIFS('0328 4度C'!$AD:$AD,'0328 4度C'!$A:$A,"新豐6線",'0328 4度C'!$B:$B,"平均") -> 0 | E21: =SUMIFS('0328 4度C'!$AD:$AD,'0328 4度C'!$A:$A,"新豐2線",'0328 4度C'!$B:$B,"平均") -> 0 | F21: =SUMIFS('0328 4度C'!$AD:$AD,'0328 4度C'!$A:$A,"新豐5線",'0328 4度C'!$B:$B,"平均") -> 0 | G21: =SUMIFS('0328 4度C'!$AD:$AD,'0328 4度C'!$A:$A,"新豐7線",'0328 4度C'!$B:$B,"平均") -> 0 | H21: =SUMIFS('0328 4度C'!$AD:$AD,'0328 4度C'!$A:$A,"新豐3線",'0328 4度C'!$B:$B,"平均") -> 0 | I21: =SUMIFS('0328 4度C'!$AD:$AD,'0328 4度C'!$A:$A,"新豐1線",'0328 4度C'!$B:$B,"平均") -> 0 | J21: =SUMIFS('0328 4度C'!$AD:$AD,'0328 4度C'!$A:$A,"新豐10線",'0328 4度C'!$B:$B,"平均") -> 0 | K21: =SUMIFS('0328 4度C'!$AD:$AD,'0328 4度C'!$A:$A,"新豐8線",'0328 4度C'!$B:$B,"平均") -> 0 | L21: =SUMIFS('0328 4度C'!$AD:$AD,'0328 4度C'!$A:$A,"新豐9線",'0328 4度C'!$B:$B,"平均") -> 0 | M21: =SUMIFS('0328 4度C'!$AD:$AD,'0328 4度C'!$A:$A,"新豐4線",'0328 4度C'!$B:$B,"平均") -> 0
B22: 配置人數 | D22: =SUMIFS('0328 4度C'!$I:$I,'0328 4度C'!$A:$A,"新豐6線",'0328 4度C'!$B:$B,"平均") -> 18 | E22: =SUMIFS('0328 4度C'!$I:$I,'0328 4度C'!$A:$A,"新豐2線",'0328 4度C'!$B:$B,"平均") -> 18 | F22: =SUMIFS('0328 4度C'!$I:$I,'0328 4度C'!$A:$A,"新豐5線",'0328 4度C'!$B:$B,"平均") -> 18.25 | G22: =SUMIFS('0328 4度C'!$I:$I,'0328 4度C'!$A:$A,"新豐7線",'0328 4度C'!$B:$B,"平均") -> 15 | H22: =SUMIFS('0328 4度C'!$I:$I,'0328 4度C'!$A:$A,"新豐3線",'0328 4度C'!$B:$B,"平均") -> 9 | I22: =SUMIFS('0328 4度C'!$I:$I,'0328 4度C'!$A:$A,"新豐1線",'0328 4度C'!$B:$B,"平均") -> 18.857143 | J22: =SUMIFS('0328 4度C'!$I:$I,'0328 4度C'!$A:$A,"新豐10線",'0328 4度C'!$B:$B,"平均") -> 10.4 | K22: =SUMIFS('0328 4度C'!$I:$I,'0328 4度C'!$A:$A,"新豐8線",'0328 4度C'!$B:$B,"平均") -> 18.4 | L22: =SUMIFS('0328 4度C'!$I:$I,'0328 4度C'!$A:$A,"新豐9線",'0328 4度C'!$B:$B,"平均") -> 17.6 | M22: =SUMIFS('0328 4度C'!$I:$I,'0328 4度C'!$A:$A,"新豐4線",'0328 4度C'!$B:$B,"平均") -> 15.4
B23: 主要應用設備 | D23: ET-55 | E23: 熱縮爐 | F23: L型包裝機 | G23: L型包裝機 | H23: 伺服包裝機 | I23: ET-55 | J23: 伺服包裝機 | K23: 三明治包裝機 | L23: 三明治包裝機 | M23: 三明治包裝機
B24: 次要應用設備 | F24: 圓盤機 | G24: ET-55
B25: 備註 | E25: 握沙拉 | F25: 共用L型包裝機 | H25: 調理麵包 | I25: 炒飯+沙拉 | J25: 調理麵包

Sheet 0328 4度C
A1: 新豐廠四度C日報分析 | C1: 總生產量 | D1: =SUM(F5:F62) -> 138992 | E1: 營業額 | F1: =SUM(G5:G62) -> 4712416.6 | G1: 出勤人數 | H1: =L9+L12+L42+L50+L17+L56+L30+L36+L24+L62 -> 158.90714 | I1: 產線配置圖 | L1: 生產實績 | O1: 人時性差異分析 | S1: 日報登錄 | Y1: 合計 次數 | Z1: 合計 時間/分 | AA1: 產線異常 分析說明(5分鐘以上) | AC1: 合計 次數 | AD1: 合計 設備次數 | AE1: 產能差異分析
A2: 46109 | B2: 星期六 | C2: 人時性 | D2: =AVERAGE(N9,N12,N42,N50,N17,N56,N24,N30,N36,N62) -> 148.85732 | E2: 平均廠價 | F2: =F1/D1 -> 33.904229 | G2: 多次生產數 | H2: =COUNT(H5:H62) -> 0 | Y2: =SUM(Y9+Y12+Y17+Y24+Y30+Y36+Y42+Y50+Y56+Y62) -> 0 | Z2: =SUM(Z9+Z12+Z17+Z24+Z30+Z36+Z42+Z50+Z56+Z62) -> 0 | AC2: 48 | AD2: =SUM(AD9+AD12+AD17+AD24+AD30+AD36+AD42+AD50+AD56+AD62) -> 0
A3: 線別 | B3: 品類 | C3: 品名 | E3: 廠價 | F3: 生產量 | G3: 營收 | H3: 多次 生產 | I3: 人數 | J3: 產能/時 | K3: 人時性 | L3: 人數 | M3: 產能/時 | N3: 人時性 | O3: 人數 | P3: 人時性 | Q3: 達成率 | R3: 達成率平均 | S3: 生產時間 | U3: 換線、休息/分 | V3: 稼動時間/分 | W3: 休息時間 | Y3: 產線異常統計 (5分鐘以上) | AA3: (新豐回填) | AC3: 短暫停線統計 (5分鐘以下) | AE3: 產能/時 | AF3: 達成率 | AG3: 達成率平均
S4: 開始 | T4: 結束 | W4: 開始 | X4: 結束 | Y4: 次數 | Z4: 時間/分 | AC4: 總次數 | AD4: 設備因素(次數)
A5: 新豐6線 | B5: 微波主食 | C5: 二配港式香滑嫩蛋牛肉燴飯 | E5: 50.67 | F5: 1449 | G5: =E5*F5 -> 73420.83 | I5: 17 | J5: 2000 | K5: =J5/I5 -> 117.64706 | L5: 17 | M5: =F5/V5*60 -> 1932 | N5: =M5/L5 -> 113.64706 | O5: =L5-I5 -> 0 | P5: =N5-K5 -> -4 | Q5: =N5/K5 -> 0.966 | R5: =Q9 -> 0.9583476 | S5: 0.70833333 | T5: 0.73958333 | V5: =(T5-S5)*24*60 -> 45 | AC5: 4 | AE5: =M5-J5 -> -68 | AF5: =M5/J5 -> 0.966 | AG5: =AF9 -> 0.9583476
A6: 新豐6線 | B6: 微波主食 | C6: 二配美味蟹煲 | E6: 54.09 | F6: 1187 | G6: =E6*F6 -> 64204.83 | I6: 19 | J6: 2000 | K6: =J6/I6 -> 105.26316 | L6: 19 | M6: =F6/V6*60 -> 1924.8649 | N6: =M6/L6 -> 101.30868 | O6: =L6-I6 -> 0 | P6: =N6-K6 -> -3.9544808 | Q6: =N6/K6 -> 0.96243243 | S6: 0.74375 | T6: 0.76944444 | U6: =IF(S6=TIME(17,0,0),"",(S6-T5)*24*60) -> 6 | V6: =(T6-S6)*24*60 -> 37 | AE6: =M6-J6 -> -75.135135 | AF6: =M6/J6 -> 0.96243243
A7: 新豐6線 | B7: 微波主食 | C7: 二配濃蕃茄火腿蛋包飯 | E7: 50.67 | F7: 222 | G7: =E7*F7 -> 11248.74 | I7: 21 | J7: 2000 | K7: =J7/I7 -> 95.238095 | L7: 21 | M7: =F7/V7*60 -> 1902.8571 | N7: =M7/L7 -> 90.612245 | O7: =L7-I7 -> 0 | P7: =N7-K7 -> -4.6258503 | Q7: =N7/K7 -> 0.95142857 | S7: 0.77361111 | T7: 0.77847222 | U7: =IF(S7=TIME(17,0,0),"",(S7-T6)*24*60) -> 6 | V7: =(T7-S7)*24*60 -> 7 | AE7: =M7-J7 -> -97.142857 | AF7: =M7/J7 -> 0.95142857
A8: 新豐6線 | B8: 微波主食 | C8: 二配泰式綠咖哩雞 | E8: 50.67 | F8: 1621 | G8: =E8*F8 -> 82136.07 | I8: 15 | J8: 2000 | K8: =J8/I8 -> 133.33333 | L8: 15 | M8: =F8/V8*60 -> 1907.0588 | N8: =M8/L8 -> 127.13725 | O8: =L8-I8 -> 0 | P8: =N8-K8 -> -6.1960784 | Q8: =N8/K8 -> 0.95352941 | S8: 0.78263889 | T8: 0.81805556 | U8: =IF(S8=TIME(17,0,0),"",(S8-T7)*24*60) -> 6 | V8: =(T8-S8)*24*60 -> 51 | AE8: =M8-J8 -> -92.941176 | AF8: =M8/J8 -> 0.95352941
A9: 新豐6線 | B9: 平均 | I9: 18 | J9: 2000 | K9: =J9/I9 -> 111.11111 | L9: 18 | M9: =AVERAGE(M5:M8) -> 1916.6952 | N9: =M9/L9 -> 106.48307 | O9: =L9-I9 -> 0 | P9: =N9-K9 -> -4.628044 | Q9: =N9/K9 -> 0.9583476 | Y9: =SUM(Y5:Y8) -> 0 | Z9: =SUM(Z5:Z8) -> 0 | AC9: 4 | AD9: =SUM(AD5:AD8) -> 0 | AE9: =M9-J9 -> -83.304792 | AF9: =M9/J9 -> 0.9583476
A10: 新豐2線 | B10: 沙拉 | C10: 青醬優格雞肉握沙拉(113年) | E10: 39.62 | F10: 4162 | G10: =E10*F10 -> 164898.44 | I10: 19 | J10: 1500 | K10: =J10/I10 -> 78.947368 | L10: 19 | M10: =F10/V10*60 -> 1435.1724 | N10: =M10/L10 -> 75.53539 | O10: =L10-I10 -> 0 | P10: =N10-K10 -> -3.4119782 | Q10: =N10/K10 -> 0.95678161 | R10: =Q12 -> 0.95463629 | S10: 0.20833333 | T10: 0.32916667 | V10: =(T10-S10)*24*60 -> 174 | AC10: 2 | AE10: =M10-J10 -> -64.827586 | AF10: =M10/J10 -> 0.95678161 | AG10: =AF12 -> 0.95463629
A11: 新豐2線 | B11: 沙拉 | C11: 青檸烤雞握沙拉(113年) | E11: 39.8 | F11: 6596 | G11: =E11*F11 -> 262520.8 | I11: 17 | J11: 1500 | K11: =J11/I11 -> 88.235294 | L11: 17 | M11: =F11/V11*60 -> 1428.7365 | N11: =M11/L11 -> 84.043321 | O11: =L11-I11 -> 0 | P11: =N11-K11 -> -4.1919728 | Q11: =N11/K11 -> 0.95249097 | S11: 0.33333333 | T11: 0.52569444 | U11: =IF(S11=TIME(17,0,0),"",(S11-T10)*24*60) -> 6 | V11: =(T11-S11)*24*60 -> 277 | AE11: =M11-J11 -> -71.263538 | AF11: =M11/J11 -> 0.95249097
A12: 新豐2線 | B12: 平均 | I12: 18 | J12: 1500 | K12: =J12/I12 -> 83.333333 | L12: 18 | M12: =AVERAGE(M10:M11) -> 1431.9544 | N12: =M12/L12 -> 79.553024 | O12: =L12-I12 -> 0 | P12: =N12-K12 -> -3.780309 | Q12: =N12/K12 -> 0.95463629 | Y12: =SUM(Y10:Y11) -> 0 | Z12: =SUM(Z10:Z11) -> 0 | AC12: 2 | AD12: =SUM(AD10:AD11) -> 0 | AE12: =M12-J12 -> -68.045562 | AF12: =M12/J12 -> 0.95463629
A13: 新豐5線 | B13: 小吃 | C13: 剝皮辣椒雞湯 | E13: 41 | F13: 2248 | G13: =E13*F13 -> 92168 | I13: 26 | J13: 1500 | K13: =J13/I13 -> 57.692308 | L13: 26 | M13: =F13/V13*60 -> 1434.8936 | N13: =M13/L13 -> 55.188216 | O13: =L13-I13 -> 0 | P13: =N13-K13 -> -2.5040917 | Q13: =N13/K13 -> 0.95659574 | R13: =Q17 -> 0.96743485 | S13: 0.20833333 | T13: 0.27361111 | V13: =(T13-S13)*24*60 -> 94 | AC13: 4 | AE13: =M13-J13 -> -65.106383 | AF13: =M13/J13 -> 0.95659574 | AG13: =AF17 -> 0.96743485
A14: 新豐5線 | B14: 微波主食 | C14: 二配金咖哩濃厚辛口咖哩飯 | E14: 50.98 | F14: 2455 | G14: =E14*F14 -> 125155.9 | I14: 16 | J14: 2000 | K14: =J14/I14 -> 125 | L14: 16 | M14: =F14/V14*60 -> 1912.987 | N14: =M14/L14 -> 119.56169 | O14: =L14-I14 -> 0 | P14: =N14-K14 -> -5.4383117 | Q14: =N14/K14 -> 0.95649351 | S14: 0.70833333 | T14: 0.76180556 | U14: =IF(S14=TIME(17,0,0),"",(S14-T13)*24*60) | V14: =(T14-S14)*24*60 -> 77 | AE14: =M14-J14 -> -87.012987 | AF14: =M14/J14 -> 0.95649351
A15: 新豐5線 | B15: 微波主食 | C15: 二配香炒沙茶豬肉飯 | E15: 50.67 | F15: 563 | G15: =E15*F15 -> 28527.21 | I15: 16 | J15: 2000 | K15: =J15/I15 -> 125 | L15: 16 | M15: =F15/V15*60 -> 1987.0588 | N15: =M15/L15 -> 124.19118 | O15: =L15-I15 -> 0 | P15: =N15-K15 -> -0.80882353 | Q15: =N15/K15 -> 0.99352941 | S15: 0.76527778 | T15: 0.77708333 | U15: =IF(S15=TIME(17,0,0),"",(S15-T14)*24*60) -> 5 | V15: =(T15-S15)*24*60 -> 17 | AE15: =M15-J15 -> -12.941176 | AF15: =M15/J15 -> 0.99352941
A16: 新豐5線 | B16: 微波主食 | C16: 二配金咖哩果香甘口咖哩飯 | E16: 50.92 | F16: 2337 | G16: =E16*F16 -> 119000.04 | I16: 15 | J16: 2000 | K16: =J16/I16 -> 133.33333 | L16: 15 | M16: =F16/V16*60 -> 1920.8219 | N16: =M16/L16 -> 128.05479 | O16: =L16-I16 -> 0 | P16: =N16-K16 -> -5.2785388 | Q16: =N16/K16 -> 0.96041096 | S16: 0.78263889 | T16: 0.83333333 | U16: =IF(S16=TIME(17,0,0),"",(S16-T15)*24*60) -> 8 | V16: =(T16-S16)*24*60 -> 73 | AE16: =M16-J16 -> -79.178082 | AF16: =M16/J16 -> 0.96041096
A17: 新豐5線 | B17: 平均 | I17: 18.25 | J17: 1875 | K17: =J17/I17 -> 102.73973 | L17: 18.25 | M17: =AVERAGE(M13:M16) -> 1813.9403 | N17: =M17/L17 -> 99.393991 | O17: =L17-I17 -> 0 | P17: =N17-K17 -> -3.3457346 | Q17: =N17/K17 -> 0.96743485 | Y17: =SUM(Y13:Y16) -> 0 | Z17: =SUM(Z13:Z16) -> 0 | AC17: 4 | AD17: =SUM(AD13:AD16) -> 0 | AE17: =M17-J17 -> -61.059657 | AF17: =M17/J17 -> 0.96743485
A18: 新豐7線 | B18: 微波主食 | C18: 鐵板滑蛋炸豬排丼 | E18: 57.73 | F18: 2319 | G18: =E18*F18 -> 133875.87 | I18: 14 | J18: 2000 | K18: =J18/I18 -> 142.85714 | L18: 14 | M18: =F18/V18*60 -> 1906.0274 | N18: =M18/L18 -> 136.14481 | O18: =L18-I18 -> 0 | P18: =N18-K18 -> -6.7123288 | Q18: =N18/K18 -> 0.9530137 | R18: =Q24 -> 0.96107866 | S18: 0.20833333 | T18: 0.25902778 | V18: =(T18-S18)*24*60 -> 73 | AC18: 6 | AE18: =M18-J18 -> -93.972603 | AF18: =M18/J18 -> 0.9530137 | AG18: =AF24 -> 0.96107866
A19: 新豐7線 | B19: 微波主食 | C19: 極上炙烤親子丼 | E19: 53.68 | F19: 1357 | G19: =E19*F19 -> 72843.76 | I19: 16 | J19: 2000 | K19: =J19/I19 -> 125 | L19: 16 | M19: =F19/V19*60 -> 1938.5714 | N19: =M19/L19 -> 121.16071 | O19: =L19-I19 -> 0 | P19: =N19-K19 -> -3.8392857 | Q19: =N19/K19 -> 0.96928571 | S19: 0.26388889 | T19: 0.29305556 | U19: =IF(S19=TIME(17,0,0),"",(S19-T18)*24*60) -> 7 | V19: =(T19-S19)*24*60 -> 42 | AE19: =M19-J19 -> -61.428571 | AF19: =M19/J19 -> 0.96928571
A20: 新豐7線 | B20: 微波主食 | C20: 韓式泡菜豬肉豆腐丼飯 | E20: 50.67 | F20: 2936 | G20: =E20*F20 -> 148767.12 | I20: 16 | J20: 2000 | K20: =J20/I20 -> 125 | L20: 16 | M20: =F20/V20*60 -> 1914.7826 | N20: =M20/L20 -> 119.67391 | O20: =L20-I20 -> 0 | P20: =N20-K20 -> -5.326087 | Q20: =N20/K20 -> 0.9573913 | S20: 0.29861111 | T20: 0.3625 | U20: =IF(S20=TIME(17,0,0),"",(S20-T19)*24*60) -> 8 | V20: =(T20-S20)*24*60 -> 92 | AE20: =M20-J20 -> -85.217391 | AF20: =M20/J20 -> 0.9573913
A21: 新豐7線 | B21: 微波主食 | C21: 二配川味麻婆燒豆腐燴飯 | E21: 50.49 | F21: 2026 | G21: =E21*F21 -> 102292.74 | I21: 15 | J21: 2000 | K21: =J21/I21 -> 133.33333 | L21: 15 | M21: =F21/V21*60 -> 1929.5238 | N21: =M21/L21 -> 128.63492 | O21: =L21-I21 -> 0 | P21: =N21-K21 -> -4.6984127 | Q21: =N21/K21 -> 0.9647619 | S21: 0.70833333 | T21: 0.75208333 | U21: =IF(S21=TIME(17,0,0),"",(S21-T20)*24*60) | V21: =(T21-S21)*24*60 -> 63 | AE21: =M21-J21 -> -70.47619 | AF21: =M21/J21 -> 0.9647619
A22: 新豐7線 | B22: 微波主食 | C22: 二配厚香料咖哩雞排飯 | E22: 57.3 | F22: 1673 | G22: =E22*F22 -> 95862.9 | I22: 13 | J22: 2000 | K22: =J22/I22 -> 153.84615 | L22: 13 | M22: =F22/V22*60 -> 1930.3846 | N22: =M22/L22 -> 148.49112 | O22: =L22-I22 -> 0 | P22: =N22-K22 -> -5.3550296 | Q22: =N22/K22 -> 0.96519231 | S22: 0.75555556 | T22: 0.79166667 | U22: =IF(S22=TIME(17,0,0),"",(S22-T21)*24*60) -> 5 | V22: =(T22-S22)*24*60 -> 52 | AE22: =M22-J22 -> -69.615385 | AF22: =M22/J22 -> 0.96519231
A23: 新豐7線 | B23: 微波主食 | C23: 二配起司控培根白醬焗烤飯 | E23: 53.68 | F23: 1457 | G23: =E23*F23 -> 78211.76 | I23: 16 | J23: 1500 | K23: =J23/I23 -> 93.75 | L23: 16 | M23: =F23/V23*60 -> 1433.1148 | N23: =M23/L23 -> 89.569672 | O23: =L23-I23 -> 0 | P23: =N23-K23 -> -4.1803279 | Q23: =N23/K23 -> 0.95540984 | S23: 0.79513889 | T23: 0.8375 | U23: =IF(S23=TIME(17,0,0),"",(S23-T22)*24*60) -> 5 | V23: =(T23-S23)*24*60 -> 61 | AE23: =M23-J23 -> -66.885246 | AF23: =M23/J23 -> 0.95540984
A24: 新豐7線 | B24: 平均 | I24: 15 | J24: 1916.6667 | K24: =J24/I24 -> 127.77778 | L24: 15 | M24: =AVERAGE(M18:M23) -> 1842.0674 | N24: =M24/L24 -> 122.8045 | O24: =L24-I24 -> 0 | P24: =N24-K24 -> -4.9732821 | Q24: =N24/K24 -> 0.96107866 | Y24: =SUM(Y18:Y23) -> 0 | Z24: =SUM(Z18:Z23) -> 0 | AC24: 6 | AD24: =SUM(AD18:AD23) -> 0 | AE24: =M24-J24 -> -74.599231 | AF24: =M24/J24 -> 0.96107866
A25: 新豐8線 | B25: 三明治 | C25: 紐奧良風味烤雞鮮蔬三明治 | E25: 31.29 | F25: 7857 | G25: =E25*F25 -> 245845.53 | I25: 18 | J25: 2400 | K25: =J25/I25 -> 133.33333 | L25: 18 | M25: =F25/V25*60 -> 2288.4466 | N25: =M25/L25 -> 127.13592 | O25: =L25-I25 -> 0 | P25: =N25-K25 -> -6.197411 | Q25: =N25/K25 -> 0.95351942 | R25: =Q30 -> 0.96090957 | S25: 0.083333333 | T25: 0.22638889 | V25: =(T25-S25)*24*60 -> 206 | W25: =T25 -> 0.22638889 | X25: =S26 -> 0.24513889 | AC25: 5 | AE25: =M25-J25 -> -111.5534 | AF25: =M25/J25 -> 0.95351942 | AG25: =AF30 -> 0.96090957
A26: 新豐8線 | B26: 三明治 | C26: 好多菜三明治(114年) | E26: 25.98 | F26: 2507 | G26: =E26*F26 -> 65131.86 | I26: 21 | J26: 2400 | K26: =J26/I26 -> 114.28571 | L26: 21 | M26: =F26/V26*60 -> 2314.1538 | N26: =M26/L26 -> 110.1978 | O26: =L26-I26 -> 0 | P26: =N26-K26 -> -4.0879121 | Q26: =N26/K26 -> 0.96423077 | S26: 0.24513889 | T26: 0.29027778 | U26: =(S26-T25)*24*60 -> 27 | V26: =(T26-S26)*24*60 -> 65 | AE26: =M26-J26 -> -85.846154 | AF26: =M26/J26 -> 0.96423077
A27: 新豐8線 | B27: 三明治 | C27: 經典總匯三明治 | E27: 26.2 | F27: 4484 | G27: =E27*F27 -> 117480.8 | I27: 20 | J27: 2400 | K27: =J27/I27 -> 120 | L27: 20 | M27: =F27/V27*60 -> 2299.4872 | N27: =M27/L27 -> 114.97436 | O27: =L27-I27 -> 0 | P27: =N27-K27 -> -5.025641 | Q27: =N27/K27 -> 0.95811966 | S27: 0.29444444 | T27: 0.37569444 | U27: =(S27-T26)*24*60 -> 6 | V27: =(T27-S27)*24*60 -> 117 | AE27: =M27-J27 -> -100.51282 | AF27: =M27/J27 -> 0.95811966
A28: 新豐8線 | B28: 三明治 | C28: 雞蛋沙拉三明治(114年) | E28: 25.99 | F28: 3409 | G28: =E28*F28 -> 88599.91 | I28: 14 | J28: 2400 | K28: =J28/I28 -> 171.42857 | L28: 14 | M28: =F28/V28*60 -> 2298.2022 | N28: =M28/L28 -> 164.1573 | O28: =L28-I28 -> 0 | P28: =N28-K28 -> -7.2712681 | Q28: =N28/K28 -> 0.95758427 | S28: 0.38055556 | T28: 0.44236111 | U28: =(S28-T27)*24*60 -> 7 | V28: =(T28-S28)*24*60 -> 89 | AE28: =M28-J28 -> -101.79775 | AF28: =M28/J28 -> 0.95758427
A29: 新豐8線 | B29: 三明治 | C29: 陽光地瓜總匯三明治 | E29: 26.18 | F29: 1243 | G29: =E29*F29 -> 32541.74 | I29: 19 | J29: 2400 | K29: =J29/I29 -> 126.31579 | L29: 19 | M29: =F29/V29*60 -> 2330.625 | N29: =M29/L29 -> 122.66447 | O29: =L29-I29 -> 0 | P29: =N29-K29 -> -3.6513158 | Q29: =N29/K29 -> 0.97109375 | S29: 0.44652778 | T29: 0.46875 | U29: =(S29-T28)*24*60 -> 6 | V29: =(T29-S29)*24*60 -> 32 | AE29: =M29-J29 -> -69.375 | AF29: =M29/J29 -> 0.97109375
A30: 新豐8線 | B30: 平均 | I30: 18.4 | J30: 2400 | K30: =J30/I30 -> 130.43478 | L30: 18.4 | M30: =AVERAGE(M25:M29) -> 2306.183 | N30: =M30/L30 -> 125.33603 | O30: =L30-I30 -> 0 | P30: =N30-K30 -> -5.0987514 | Q30: =N30/K30 -> 0.96090957 | Y30: =SUM(Y25:Y29) -> 0 | Z30: =SUM(Z25:Z29) -> 0 | AC30: 5 | AD30: =SUM(AD25:AD29) -> 0 | AE30: =M30-J30 -> -93.817025 | AF30: =M30/J30 -> 0.96090957
A31: 新豐9線 | B31: 三明治 | C31: 鮪魚起司溏心蛋三明治 | E31: 26.2 | F31: 5814 | G31: =E31*F31 -> 152326.8 | I31: 18 | J31: 2400 | K31: =J31/I31 -> 133.33333 | L31: 18 | M31: =F31/V31*60 -> 2295 | N31: =M31/L31 -> 127.5 | O31: =L31-I31 -> 0 | P31: =N31-K31 -> -5.8333333 | Q31: =N31/K31 -> 0.95625 | R31: =Q36 -> 0.95453671 | S31: 0.083333333 | T31: 0.18888889 | V31: =(T31-S31)*24*60 -> 152 | W31: =T31 -> 0.18888889 | X31: =S32 -> 0.20902778 | AC31: 5 | AE31: =M31-J31 -> -105 | AF31: =M31/J31 -> 0.95625 | AG31: =AF36 -> 0.95453671
A32: 新豐9線 | B32: 三明治 | C32: 肉鬆火腿三明治 | E32: 20.52 | F32: 3062 | G32: =E32*F32 -> 62832.24 | I32: 18 | J32: 2400 | K32: =J32/I32 -> 133.33333 | L32: 18 | M32: =F32/V32*60 -> 2296.5 | N32: =M32/L32 -> 127.58333 | O32: =L32-I32 -> 0 | P32: =N32-K32 -> -5.75 | Q32: =N32/K32 -> 0.956875 | S32: 0.20902778 | T32: 0.26458333 | U32: =(S32-T31)*24*60 -> 29 | V32: =(T32-S32)*24*60 -> 80 | AE32: =M32-J32 -> -103.5 | AF32: =M32/J32 -> 0.956875
A33: 新豐9線 | B33: 三明治 | C33: 醬燒烤雞三明治 | E33: 26.39 | F33: 4915 | G33: =E33*F33 -> 129706.85 | I33: 19 | J33: 2400 | K33: =J33/I33 -> 126.31579 | L33: 19 | M33: =F33/V33*60 -> 2286.0465 | N33: =M33/L33 -> 120.31824 | O33: =L33-I33 -> 0 | P33: =N33-K33 -> -5.997552 | Q33: =N33/K33 -> 0.95251938 | S33: 0.26944444 | T33: 0.35902778 | U33: =(S33-T32)*24*60 -> 7 | V33: =(T33-S33)*24*60 -> 129 | AE33: =M33-J33 -> -113.95349 | AF33: =M33/J33 -> 0.95251938
A34: 新豐9線 | B34: 三明治 | C34: 輕乳酪巧克力三明治 | E34: 20.52 | F34: 2324 | G34: =E34*F34 -> 47688.48 | I34: 18 | J34: 2400 | K34: =J34/I34 -> 133.33333 | L34: 18 | M34: =F34/V34*60 -> 2285.9016 | N34: =M34/L34 -> 126.99454 | O34: =L34-I34 -> 0 | P34: =N34-K34 -> -6.3387978 | Q34: =N34/K34 -> 0.95245902 | S34: 0.36458333 | T34: 0.40694444 | U34: =(S34-T33)*24*60 -> 8 | V34: =(T34-S34)*24*60 -> 61 | AE34: =M34-J34 -> -114.09836 | AF34: =M34/J34 -> 0.95245902
A35: 新豐9線 | B35: 三明治 | C35: 香蕉可可三明治 | E35: 22.69 | F35: 5002 | G35: =E35*F35 -> 113495.38 | I35: 15 | J35: 2400 | K35: =J35/I35 -> 160 | L35: 15 | M35: =F35/V35*60 -> 2290.9924 | N35: =M35/L35 -> 152.73282 | O35: =L35-I35 -> 0 | P35: =N35-K35 -> -7.2671756 | Q35: =N35/K35 -> 0.95458015 | S35: 0.41111111 | T35: 0.50208333 | U35: =(S35-T34)*24*60 -> 6 | V35: =(T35-S35)*24*60 -> 131 | AE35: =M35-J35 -> -109.00763 | AF35: =M35/J35 -> 0.95458015
A36: 新豐9線 | B36: 平均 | I36: 17.6 | J36: 2400 | K36: =J36/I36 -> 136.36364 | L36: 17.6 | M36: =AVERAGE(M31:M35) -> 2290.8881 | N36: =M36/L36 -> 130.1641 | O36: =L36-I36 -> 0 | P36: =N36-K36 -> -6.1995396 | Q36: =N36/K36 -> 0.95453671 | Y36: =SUM(Y31:Y35) -> 0 | Z36: =SUM(Z31:Z35) -> 0 | AC36: 5 | AD36: =SUM(AD31:AD35) -> 0 | AE36: =M36-J36 -> -109.1119 | AF36: =M36/J36 -> 0.95453671
A37: 新豐3線 | B37: 調理麵包 | C37: 黃金魚堡(114年) | E37: 34.35 | F37: 3685 | G37: =E37*F37 -> 126579.75 | I37: 8 | J37: 3000 | K37: =J37/I37 -> 375 | L37: 8 | M37: =F37/V37*60 -> 2871.4286 | N37: =M37/L37 -> 358.92857 | O37: =L37-I37 -> 0 | P37: =N37-K37 -> -16.071429 | Q37: =N37/K37 -> 0.95714286 | R37: =Q42 -> 0.95494441 | S37: 0.083333333 | T37: 0.13680556 | V37: =(T37-S37)*24*60 -> 77 | W37: =T37 -> 0.13680556 | X37: =S38 -> 0.15625 | AC37: 5 | AE37: =M37-J37 -> -128.57143 | AF37: =M37/J37 -> 0.95714286 | AG37: =AF42 -> 0.95494441
A38: 新豐3線 | B38: 調理麵包 | C38: 豬肉起司堡 | E38: 21.13 | F38: 4958 | G38: =E38*F38 -> 104762.54 | I38: 10 | J38: 3000 | K38: =J38/I38 -> 300 | L38: 10 | M38: =F38/V38*60 -> 2860.3846 | N38: =M38/L38 -> 286.03846 | O38: =L38-I38 -> 0 | P38: =N38-K38 -> -13.961538 | Q38: =N38/K38 -> 0.95346154 | S38: 0.15625 | T38: 0.22847222 | U38: =(S38-T37)*24*60 -> 28 | V38: =(T38-S38)*24*60 -> 104 | AE38: =M38-J38 -> -139.61538 | AF38: =M38/J38 -> 0.95346154
A39: 新豐3線 | B39: 調理麵包 | C39: 豬肉起司蛋堡 | E39: 27.17 | F39: 6357 | G39: =E39*F39 -> 172719.69 | I39: 10 | J39: 3000 | K39: =J39/I39 -> 300 | L39: 10 | M39: =F39/V39*60 -> 2867.8195 | N39: =M39/L39 -> 286.78195 | O39: =L39-I39 -> 0 | P39: =N39-K39 -> -13.218045 | Q39: =N39/K39 -> 0.95593985 | S39: 0.23402778 | T39: 0.32638889 | U39: =(S39-T38)*24*60 -> 8 | V39: =(T39-S39)*24*60 -> 133 | AE39: =M39-J39 -> -132.18045 | AF39: =M39/J39 -> 0.95593985
A40: 新豐3線 | B40: 調理麵包 | C40: 香菜雞堡 | E40: 28.3 | F40: 2056 | G40: =E40*F40 -> 58184.8 | I40: 8 | J40: 3000 | K40: =J40/I40 -> 375 | L40: 8 | M40: =F40/V40*60 -> 2868.8372 | N40: =M40/L40 -> 358.60465 | O40: =L40-I40 -> 0 | P40: =N40-K40 -> -16.395349 | Q40: =N40/K40 -> 0.95627907 | S40: 0.33055556 | T40: 0.36041667 | U40: =(S40-T39)*24*60 -> 6 | V40: =(T40-S40)*24*60 -> 43 | AE40: =M40-J40 -> -131.16279 | AF40: =M40/J40 -> 0.95627907
A41: 新豐3線 | B41: 調理麵包 | C41: 美式雞腿堡 | E41: 35.87 | F41: 3760 | G41: =E41*F41 -> 134871.2 | I41: 9 | J41: 3000 | K41: =J41/I41 -> 333.33333 | L41: 9 | M41: =F41/V41*60 -> 2855.6962 | N41: =M41/L41 -> 317.29958 | O41: =L41-I41 -> 0 | P41: =N41-K41 -> -16.033755 | Q41: =N41/K41 -> 0.95189873 | S41: 0.36388889 | T41: 0.41875 | U41: =(S41-T40)*24*60 -> 5 | V41: =(T41-S41)*24*60 -> 79 | AE41: =M41-J41 -> -144.3038 | AF41: =M41/J41 -> 0.95189873
A42: 新豐3線 | B42: 平均 | I42: 9 | J42: 3000 | K42: =J42/I42 -> 333.33333 | L42: 9 | M42: =AVERAGE(M37:M41) -> 2864.8332 | N42: =M42/L42 -> 318.3148 | O42: =L42-I42 -> 0 | P42: =N42-K42 -> -15.01853 | Q42: =N42/K42 -> 0.95494441 | Y42: =SUM(Y37:Y41) -> 0 | Z42: =SUM(Z37:Z41) -> 0 | AC42: 5 | AD42: =SUM(AD37:AD41) -> 0 | AE42: =M42-J42 -> -135.16677 | AF42: =M42/J42 -> 0.95494441
A43: 新豐1線 | B43: 沙拉 | C43: 莎莎烤雞麵沙拉 | E43: 46 | F43: 2345 | G43: =E43*F43 -> 107870 | I43: 17 | J43: 2000 | K43: =J43/I43 -> 117.64706 | L43: 17 | M43: =F43/V43*60 -> 1927.3973 | N43: =M43/L43 -> 113.37631 | O43: =L43-I43 -> 0 | P43: =N43-K43 -> -4.2707494 | Q43: =N43/K43 -> 0.96369863 | R43: =Q50 -> 0.96710738 | S43: 0.20833333 | T43: 0.25902778 | V43: =(T43-S43)*24*60 -> 73 | AC43: 7 | AE43: =M43-J43 -> -72.60274 | AF43: =M43/J43 -> 0.96369863 | AG43: =AF50 -> 0.96710738
A44: 新豐1線 | B44: 微波主食 | C44: 壹號醬雞豚雙拼 | E44: 56.43 | F44: 1550 | G44: =E44*F44 -> 87466.5 | I44: 22 | J44: 2000 | K44: =J44/I44 -> 90.909091 | L44: 22 | M44: =F44/V44*60 -> 1937.5 | N44: =M44/L44 -> 88.068182 | O44: =L44-I44 -> 0 | P44: =N44-K44 -> -2.8409091 | Q44: =N44/K44 -> 0.96875 | S44: 0.26458333 | T44: 0.29791667 | U44: =IF(S44=TIME(17,0,0),"",(S44-T43)*24*60) -> 8 | V44: =(T44-S44)*24*60 -> 48 | AE44: =M44-J44 -> -62.5 | AF44: =M44/J44 -> 0.96875
A45: 新豐1線 | B45: 微波主食 | C45: 好多蒜燒豚飯 | E45: 51.75 | F45: 1180 | G45: =E45*F45 -> 61065 | I45: 25 | J45: 2000 | K45: =J45/I45 -> 80 | L45: 25 | M45: =F45/V45*60 -> 1913.5135 | N45: =M45/L45 -> 76.540541 | O45: =L45-I45 -> 0 | P45: =N45-K45 -> -3.4594595 | Q45: =N45/K45 -> 0.95675676 | S45: 0.30277778 | T45: 0.32847222 | U45: =IF(S45=TIME(17,0,0),"",(S45-T44)*24*60) -> 7 | V45: =(T45-S45)*24*60 -> 37 | AE45: =M45-J45 -> -86.486486 | AF45: =M45/J45 -> 0.95675676
A46: 新豐1線 | B46: 微波主食 | C46: 二配粗飽系雞排炒飯(114年) | E46: 57.73 | F46: 951 | G46: =E46*F46 -> 54901.23 | I46: 16 | J46: 1500 | K46: =J46/I46 -> 93.75 | L46: 16 | M46: =F46/V46*60 -> 1463.0769 | N46: =M46/L46 -> 91.442308 | O46: =L46-I46 -> 0 | P46: =N46-K46 -> -2.3076923 | Q46: =N46/K46 -> 0.97538462 | S46: 0.70833333 | T46: 0.73541667 | U46: =IF(S46=TIME(17,0,0),"",(S46-T45)*24*60) | V46: =(T46-S46)*24*60 -> 39 | AE46: =M46-J46 -> -36.923077 | AF46: =M46/J46 -> 0.97538462
A47: 新豐1線 | B47: 微波主食 | C47: 二配鮭魚蛋炒飯 | E47: 54.29 | F47: 1076 | G47: =E47*F47 -> 58416.04 | I47: 20 | J47: 2000 | K47: =J47/I47 -> 100 | L47: 20 | M47: =F47/V47*60 -> 1956.3636 | N47: =M47/L47 -> 97.818182 | O47: =L47-I47 -> 0 | P47: =N47-K47 -> -2.1818182 | Q47: =N47/K47 -> 0.97818182 | S47: 0.74027778 | T47: 0.76319444 | U47: =IF(S47=TIME(17,0,0),"",(S47-T46)*24*60) -> 7 | V47: =(T47-S47)*24*60 -> 33 | AE47: =M47-J47 -> -43.636364 | AF47: =M47/J47 -> 0.97818182
A48: 新豐1線 | B48: 微波主食 | C48: 二配香辣醬蒜味香腸蛋炒飯 | E48: 55.56 | F48: 1946 | G48: =E48*F48 -> 108119.76 | I48: 17 | J48: 2000 | K48: =J48/I48 -> 117.64706 | L48: 17 | M48: =F48/V48*60 -> 1914.0984 | N48: =M48/L48 -> 112.59402 | O48: =L48-I48 -> 0 | P48: =N48-K48 -> -5.0530376 | Q48: =N48/K48 -> 0.95704918 | S48: 0.76875 | T48: 0.81111111 | U48: =IF(S48=TIME(17,0,0),"",(S48-T47)*24*60) -> 8 | V48: =(T48-S48)*24*60 -> 61 | AE48: =M48-J48 -> -85.901639 | AF48: =M48/J48 -> 0.95704918
A49: 新豐1線 | B49: 微波主食 | C49: 二配香拌海鮮醬肉絲蛋炒飯 | E49: 55.32 | F49: 1296 | G49: =E49*F49 -> 71694.72 | I49: 15 | J49: 2000 | K49: =J49/I49 -> 133.33333 | L49: 15 | M49: =F49/V49*60 -> 1944 | N49: =M49/L49 -> 129.6 | O49: =L49-I49 -> 0 | P49: =N49-K49 -> -3.7333333 | Q49: =N49/K49 -> 0.972 | S49: 0.81527778 | T49: 0.84305556 | U49: =IF(S49=TIME(17,0,0),"",(S49-T48)*24*60) -> 6 | V49: =(T49-S49)*24*60 -> 40 | AE49: =M49-J49 -> -56 | AF49: =M49/J49 -> 0.972
A50: 新豐1線 | B50: 平均 | I50: 18.857143 | J50: 1928.5714 | K50: =J50/I50 -> 102.27273 | L50: 18.857143 | M50: =AVERAGE(M43:M49) -> 1865.1357 | N50: =M50/L50 -> 98.90871 | O50: =L50-I50 -> 0 | P50: =N50-K50 -> -3.3640175 | Q50: =N50/K50 -> 0.96710738 | Y50: =SUM(Y43:Y49) -> 0 | Z50: =SUM(Z43:Z49) -> 0 | AC50: 7 | AD50: =SUM(AD43:AD49) -> 0 | AE50: =M50-J50 -> -63.435758 | AF50: =M50/J50 -> 0.96710738
A51: 新豐10線 | B51: 調理麵包 | C51: 墨西哥辣醬熱狗堡 | E51: 37.85 | F51: 1423 | G51: =E51*F51 -> 53860.55 | I51: 12 | J51: 2000 | K51: =J51/I51 -> 166.66667 | L51: 12 | M51: =F51/V51*60 -> 1940.4545 | N51: =M51/L51 -> 161.70455 | O51: =L51-I51 -> 0 | P51: =N51-K51 -> -4.9621212 | Q51: =N51/K51 -> 0.97022727 | R51: =Q56 -> 0.95973589 | S51: 0.20833333 | T51: 0.23888889 | V51: =(T51-S51)*24*60 -> 44 | AC51: 5 | AE51: =M51-J51 -> -59.545455 | AF51: =M51/J51 -> 0.97022727 | AG51: =AF56 -> 0.95973589
A52: 新豐10線 | B52: 調理麵包 | C52: 厚豆腐蛋白蕈菇豬肉堡 | E52: 34.36 | F52: 2028 | G52: =E52*F52 -> 69682.08 | I52: 10 | J52: 3000 | K52: =J52/I52 -> 300 | L52: 10 | M52: =F52/V52*60 -> 2897.1429 | N52: =M52/L52 -> 289.71429 | O52: =L52-I52 -> 0 | P52: =N52-K52 -> -10.285714 | Q52: =N52/K52 -> 0.96571429 | S52: 0.24236111 | T52: 0.27152778 | U52: =(S52-T51)*24*60 -> 5 | V52: =(T52-S52)*24*60 -> 42 | AE52: =M52-J52 -> -102.85714 | AF52: =M52/J52 -> 0.96571429
A53: 新豐10線 | B53: 調理麵包 | C53: 經典雙牛起司堡(113年) | E53: 35.12 | F53: 5201 | G53: =E53*F53 -> 182659.12 | I53: 10 | J53: 3000 | K53: =J53/I53 -> 300 | L53: 10 | M53: =F53/V53*60 -> 2862.9358 | N53: =M53/L53 -> 286.29358 | O53: =L53-I53 -> 0 | P53: =N53-K53 -> -13.706422 | Q53: =N53/K53 -> 0.95431193 | S53: 0.27708333 | T53: 0.35277778 | U53: =(S53-T52)*24*60 -> 8 | V53: =(T53-S53)*24*60 -> 109 | AE53: =M53-J53 -> -137.06422 | AF53: =M53/J53 -> 0.95431193
A54: 新豐10線 | B54: 調理麵包 | C54: 茄汁薯餅蛋堡 | E54: 34.36 | F54: 1719 | G54: =E54*F54 -> 59064.84 | I54: 10 | J54: 3000 | K54: =J54/I54 -> 300 | L54: 10 | M54: =F54/V54*60 -> 2865 | N54: =M54/L54 -> 286.5 | O54: =L54-I54 -> 0 | P54: =N54-K54 -> -13.5 | Q54: =N54/K54 -> 0.955 | S54: 0.35833333 | T54: 0.38333333 | U54: =(S54-T53)*24*60 -> 8 | V54: =(T54-S54)*24*60 -> 36 | AE54: =M54-J54 -> -135 | AF54: =M54/J54 -> 0.955
A55: 新豐10線 | B55: 調理麵包 | C55: 香雞蛋堡(112年) | E55: 26.78 | F55: 2488 | G55: =E55*F55 -> 66628.64 | I55: 10 | J55: 3000 | K55: =J55/I55 -> 300 | L55: 10 | M55: =F55/V55*60 -> 2870.7692 | N55: =M55/L55 -> 287.07692 | O55: =L55-I55 -> 0 | P55: =N55-K55 -> -12.923077 | Q55: =N55/K55 -> 0.95692308 | S55: 0.3875 | T55: 0.42361111 | U55: =(S55-T54)*24*60 -> 6 | V55: =(T55-S55)*24*60 -> 52 | AE55: =M55-J55 -> -129.23077 | AF55: =M55/J55 -> 0.95692308
A56: 新豐10線 | B56: 平均 | I56: 10.4 | J56: 2800 | K56: =J56/I56 -> 269.23077 | L56: 10.4 | M56: =AVERAGE(M51:M55) -> 2687.2605 | N56: =M56/L56 -> 258.39043 | O56: =L56-I56 -> 0 | P56: =N56-K56 -> -10.840338 | Q56: =N56/K56 -> 0.95973589 | Y56: =SUM(Y51:Y55) -> 0 | Z56: =SUM(Z51:Z55) -> 0 | AC56: 5 | AD56: =SUM(AD51:AD55) -> 0 | AE56: =M56-J56 -> -112.73952 | AF56: =M56/J56 -> 0.95973589
A57: 新豐4線 | B57: 三明治 | C57: 香鬆起司蛋三明治(114年) | E57: 20.2 | F57: 1635 | G57: =E57*F57 -> 33027 | I57: 15 | J57: 2400 | K57: =J57/I57 -> 160 | L57: 15 | M57: =F57/V57*60 -> 2335.7143 | N57: =M57/L57 -> 155.71429 | O57: =L57-I57 -> 0 | P57: =N57-K57 -> -4.2857143 | Q57: =N57/K57 -> 0.97321429 | R57: =Q62 -> 0.95752444 | S57: 0.083333333 | T57: 0.1125 | V57: =(T57-S57)*24*60 -> 42 | W57: =T57 -> 0.1125 | X57: =S58 -> 0.12986111 | AC57: 5 | AE57: =M57-J57 -> -64.285714 | AF57: =M57/J57 -> 0.97321429 | AG57: =AF62 -> 0.95752444
A58: 新豐4線 | B58: 三明治 | C58: 瘋狂起司三明治(113年) | E58: 24.45 | F58: 2142 | G58: =E58*F58 -> 52371.9 | I58: 19 | J58: 2400 | K58: =J58/I58 -> 126.31579 | L58: 19 | M58: =F58/V58*60 -> 2295 | N58: =M58/L58 -> 120.78947 | O58: =L58-I58 -> 0 | P58: =N58-K58 -> -5.5263158 | Q58: =N58/K58 -> 0.95625 | S58: 0.12986111 | T58: 0.16875 | U58: =(S58-T57)*24*60 -> 25 | V58: =(T58-S58)*24*60 -> 56 | AE58: =M58-J58 -> -105 | AF58: =M58/J58 -> 0.95625
A59: 新豐4線 | B59: 三明治 | C59: 藍莓優格三明治 | E59: 20.21 | F59: 2171 | G59: =E59*F59 -> 43875.91 | I59: 15 | J59: 2400 | K59: =J59/I59 -> 160 | L59: 15 | M59: =F59/V59*60 -> 2285.2632 | N59: =M59/L59 -> 152.35088 | O59: =L59-I59 -> 0 | P59: =N59-K59 -> -7.6491228 | Q59: =N59/K59 -> 0.95219298 | S59: 0.17430556 | T59: 0.21388889 | U59: =(S59-T58)*24*60 -> 8 | V59: =(T59-S59)*24*60 -> 57 | AE59: =M59-J59 -> -114.73684 | AF59: =M59/J59 -> 0.95219298
A60: 新豐4線 | B60: 三明治 | C60: 經典火腿玉米蛋三明治 | E60: 24.43 | F60: 5792 | G60: =E60*F60 -> 141498.56 | I60: 14 | J60: 2400 | K60: =J60/I60 -> 171.42857 | L60: 14 | M60: =F60/V60*60 -> 2286.3158 | N60: =M60/L60 -> 163.30827 | O60: =L60-I60 -> 0 | P60: =N60-K60 -> -8.1203008 | Q60: =N60/K60 -> 0.95263158 | S60: 0.21875 | T60: 0.32430556 | U60: =(S60-T59)*24*60 -> 7 | V60: =(T60-S60)*24*60 -> 152 | AE60: =M60-J60 -> -113.68421 | AF60: =M60/J60 -> 0.95263158
A61: 新豐4線 | B61: 三明治 | C61: 火腿起司蛋三明治 | E61: 19.02 | F61: 8008 | G61: =E61*F61 -> 152312.16 | I61: 14 | J61: 2400 | K61: =J61/I61 -> 171.42857 | L61: 14 | M61: =F61/V61*60 -> 2288 | N61: =M61/L61 -> 163.42857 | O61: =L61-I61 -> 0 | P61: =N61-K61 -> -8 | Q61: =N61/K61 -> 0.95333333 | S61: 0.32777778 | T61: 0.47361111 | U61: =(S61-T60)*24*60 -> 5 | V61: =(T61-S61)*24*60 -> 210 | AE61: =M61-J61 -> -112 | AF61: =M61/J61 -> 0.95333333
A62: 新豐4線 | B62: 平均 | I62: 15.4 | J62: 2400 | K62: =J62/I62 -> 155.84416 | L62: 15.4 | M62: =AVERAGE(M57:M61) -> 2298.0586 | N62: =M62/L62 -> 149.22459 | O62: =L62-I62 -> 0 | P62: =N62-K62 -> -6.6195684 | Q62: =N62/K62 -> 0.95752444 | Y62: =SUM(Y57:Y61) -> 0 | Z62: =SUM(Z57:Z61) -> 0 | AC62: 5 | AD62: =SUM(AD57:AD61) -> 0 | AE62: =M62-J62 -> -101.94135 | AF62: =M62/J62 -> 0.95752444

Sheet 0327
B1: 屏榮 新豐廠組合室生產人時性分析
B3: 日期 | C3: =TEXT('0327 4度C'!A2,"yyyy.mm.ddaaaa") -> 2026.03.27星期五 | E3: 訂單量 | F3: ='0327 4度C'!D1 -> 131038 | H3: 營業額 | I3: ='0327 4度C'!F1 -> 4403743.2
B4: 人時性 | C4: 項目 | E4: ➀ | G4: ➁ | I4: ➂ | K4: 異常停線 | M4: 短暫停線
C5: 組合室 | E5: 全溫層 | G5: 4度C-各編組展開 | I5: ③三明治-各編組展開 | K5: 合計次數 | L5: 時間 | M5: 合計次數 | N5: 設備次數
C6: 排關平均 | E6: =AVERAGE(D13:M13) -> 155.24414 | F6: =AVERAGE(D31:O31,D13:J13) -> 161.39983 | G6: =AVERAGE(D13:J13) -> 161.39983 | I6: =AVERAGE(K13:M13) -> 140.88086 | K6: ='0327 4度C'!Y2 -> 0 | L6: ='0327 4度C'!Z2 -> 0 | M6: ='0327 4度C'!AC2 -> 48 | N6: ='0327 4度C'!AD2 -> 0
C7: 實績平均 | E7: =AVERAGE(D14:M14) -> 148.9837 | F7: =AVERAGE(D32:O32,D14:J14) -> 154.9868 | G7: =AVERAGE(D14:J14) -> 154.9868 | I7: =AVERAGE(K14:M14) -> 134.97646
C8: 達成率平均 | E8: =AVERAGE(D15:M15) -> 0.95991767 | F8: =AVERAGE(D15:J15,D33:O33) -> 0.96069022 | G8: =AVERAGE(D15:J15) -> 0.96069022 | I8: =AVERAGE(K15:M15) -> 0.95811504
K9: ※現行日本鮮食廠以達成率80%為基本(即為現行KPI)
B10: 溫層 | D10: ➁4度C-各編組展開 | K10: ③三明治-各編組展開
B11: 編組 | D11: 1 | E11: 2 | F11: 3 | G11: 4 | H11: 5 | I11: 6 | J11: 7 | K11: 1 | L11: 2 | M11: 3
D12: 新豐6線 | E12: 新豐2線 | F12: 新豐5線 | G12: 新豐7線 | H12: 新豐3線 | I12: 新豐1線 | J12: 新豐10線 | K12: 新豐8線 | L12: 新豐9線 | M12: 新豐4線
B13: 人時性 | C13: 排關 | D13: =SUMIFS('0327 4度C'!$K:$K,'0327 4度C'!$A:$A,"新豐6線",'0327 4度C'!$B:$B,"平均") -> 111.11111 | E13: =SUMIFS('0327 4度C'!$K:$K,'0327 4度C'!$A:$A,"新豐2線",'0327 4度C'!$B:$B,"平均") -> 83.333333 | F13: =SUMIFS('0327 4度C'!$K:$K,'0327 4度C'!$A:$A,"新豐5線",'0327 4度C'!$B:$B,"平均") -> 102.73973 | G13: =SUMIFS('0327 4度C'!$K:$K,'0327 4度C'!$A:$A,"新豐7線",'0327 4度C'!$B:$B,"平均") -> 127.77778 | H13: =SUMIFS('0327 4度C'!$K:$K,'0327 4度C'!$A:$A,"新豐3線",'0327 4度C'!$B:$B,"平均") -> 333.33333 | I13: =SUMIFS('0327 4度C'!$K:$K,'0327 4度C'!$A:$A,"新豐1線",'0327 4度C'!$B:$B,"平均") -> 102.27273 | J13: =SUMIFS('0327 4度C'!$K:$K,'0327 4度C'!$A:$A,"新豐10線",'0327 4度C'!$B:$B,"平均") -> 269.23077 | K13: =SUMIFS('0327 4度C'!$K:$K,'0327 4度C'!$A:$A,"新豐8線",'0327 4度C'!$B:$B,"平均") -> 130.43478 | L13: =SUMIFS('0327 4度C'!$K:$K,'0327 4度C'!$A:$A,"新豐9線",'0327 4度C'!$B:$B,"平均") -> 136.36364 | M13: =SUMIFS('0327 4度C'!$K:$K,'0327 4度C'!$A:$A,"新豐4線",'0327 4度C'!$B:$B,"平均") -> 155.84416
C14: 實績 | D14: =SUMIFS('0327 4度C'!$N:$N,'0327 4度C'!$A:$A,"新豐6線",'0327 4度C'!$B:$B,"平均") -> 107.77231 | E14: =SUMIFS('0327 4度C'!$N:$N,'0327 4度C'!$A:$A,"新豐2線",'0327 4度C'!$B:$B,"平均") -> 79.70225 | F14: =SUMIFS('0327 4度C'!$N:$N,'0327 4度C'!$A:$A,"新豐5線",'0327 4度C'!$B:$B,"平均") -> 97.856087 | G14: =SUMIFS('0327 4度C'!$N:$N,'0327 4度C'!$A:$A,"新豐7線",'0327 4度C'!$B:$B,"平均") -> 122.81864 | H14: =SUMIFS('0327 4度C'!$N:$N,'0327 4度C'!$A:$A,"新豐3線",'0327 4度C'!$B:$B,"平均") -> 318.08288 | I14: =SUMIFS('0327 4度C'!$N:$N,'0327 4度C'!$A:$A,"新豐1線",'0327 4度C'!$B:$B,"平均") -> 98.676921 | J14: =SUMIFS('0327 4度C'!$N:$N,'0327 4度C'!$A:$A,"新豐10線",'0327 4度C'!$B:$B,"平均") -> 259.99853 | K14: =SUMIFS('0327 4度C'!$N:$N,'0327 4度C'!$A:$A,"新豐8線",'0327 4度C'!$B:$B,"平均") -> 125.31396 | L14: =SUMIFS('0327 4度C'!$N:$N,'0327 4度C'!$A:$A,"新豐9線",'0327 4度C'!$B:$B,"平均") -> 130.26082 | M14: =SUMIFS('0327 4度C'!$N:$N,'0327 4度C'!$A:$A,"新豐4線",'0327 4度C'!$B:$B,"平均") -> 149.35461
C15: 達成率 | D15: =D14/D13 -> 0.96995078 | E15: =E14/E13 -> 0.956427 | F15: =F14/F13 -> 0.95246591 | G15: =G14/G13 -> 0.96118937 | H15: =H14/H13 -> 0.95424865 | I15: =I14/I13 -> 0.96484101 | J15: =J14/J13 -> 0.96570884 | K15: =K14/K13 -> 0.96074035 | ... M15: =M14/M13 -> 0.95835875
B16: 作業 時間 | C16: 開始 | D16: =VLOOKUP("新豐6線",'0327 4度C'!$A:$T,19,0) -> 0.70833333 | E16: =VLOOKUP("新豐2線",'0327 4度C'!$A:$T,19,0) -> 0.20833333 | F16: =VLOOKUP("新豐5線",'0327 4度C'!$A:$T,19,0) -> 0.20833333 | G16: =VLOOKUP("新豐7線",'0327 4度C'!$A:$T,19,0) -> 0.20833333 | H16: =VLOOKUP("新豐3線",'0327 4度C'!$A:$T,19,0) -> 0.083333333 | I16: =VLOOKUP("新豐1線",'0327 4度C'!$A:$T,19,0) -> 0.20833333 | J16: =VLOOKUP("新豐10線",'0327 4度C'!$A:$T,19,0) -> 0.20833333 | K16: =VLOOKUP("新豐8線",'0327 4度C'!$A:$T,19,0) -> 0.083333333 | L16: =VLOOKUP("新豐9線",'0327 4度C'!$A:$T,19,0) -> 0.083333333 | M16: =VLOOKUP("新豐4線",'0327 4度C'!$A:$T,19,0) -> 0.083333333
C17: 結束 | D17: =LOOKUP(2,1/(('0327 4度C'!$A:$A="新豐6線")*('0327 4度C'!$T:$T<>"")),'0327 4度C'!$T:$T) -> 0.81388889 | E17: =LOOKUP(2,1/(('0327 4度C'!$A:$A="新豐2線")*('0327 4度C'!$T:$T<>"")),'0327 4度C'!$T:$T) -> 0.51319444 | F17: =LOOKUP(2,1/(('0327 4度C'!$A:$A="新豐5線")*('0327 4度C'!$T:$T<>"")),'0327 4度C'!$T:$T) -> 0.82013889 | G17: =LOOKUP(2,1/(('0327 4度C'!$A:$A="新豐7線")*('0327 4度C'!$T:$T<>"")),'0327 4度C'!$T:$T) -> 0.83125 | H17: =LOOKUP(2,1/(('0327 4度C'!$A:$A="新豐3線")*('0327 4度C'!$T:$T<>"")),'0327 4度C'!$T:$T) -> 0.40486111 | I17: =LOOKUP(2,1/(('0327 4度C'!$A:$A="新豐1線")*('0327 4度C'!$T:$T<>"")),'0327 4度C'!$T:$T) -> 0.84097222 | J17: =LOOKUP(2,1/(('0327 4度C'!$A:$A="新豐10線")*('0327 4度C'!$T:$T<>"")),'0327 4度C'!$T:$T) -> 0.39791667 | K17: =LOOKUP(2,1/(('0327 4度C'!$A:$A="新豐8線")*('0327 4度C'!$T:$T<>"")),'0327 4度C'!$T:$T) -> 0.4625 | L17: =LOOKUP(2,1/(('0327 4度C'!$A:$A="新豐9線")*('0327 4度C'!$T:$T<>"")),'0327 4度C'!$T:$T) -> 0.49027778 | M17: =LOOKUP(2,1/(('0327 4度C'!$A:$A="新豐4線")*('0327 4度C'!$T:$T<>"")),'0327 4度C'!$T:$T) -> 0.46388889
B18: 產線異常 (5分鐘以上) | C18: 次數 | D18: =SUMIFS('0327 4度C'!$Y:$Y,'0327 4度C'!$A:$A,"新豐6線",'0327 4度C'!$B:$B,"平均") -> 0 | E18: =SUMIFS('0327 4度C'!$Y:$Y,'0327 4度C'!$A:$A,"新豐2線",'0327 4度C'!$B:$B,"平均") -> 0 | F18: =SUMIFS('0327 4度C'!$Y:$Y,'0327 4度C'!$A:$A,"新豐5線",'0327 4度C'!$B:$B,"平均") -> 0 | G18: =SUMIFS('0327 4度C'!$Y:$Y,'0327 4度C'!$A:$A,"新豐7線",'0327 4度C'!$B:$B,"平均") -> 0 | H18: =SUMIFS('0327 4度C'!$Y:$Y,'0327 4度C'!$A:$A,"新豐3線",'0327 4度C'!$B:$B,"平均") -> 0 | I18: =SUMIFS('0327 4度C'!$Y:$Y,'0327 4度C'!$A:$A,"新豐1線",'0327 4度C'!$B:$B,"平均") -> 0 | J18: =SUMIFS('0327 4度C'!$Y:$Y,'0327 4度C'!$A:$A,"新豐10線",'0327 4度C'!$B:$B,"平均") -> 0 | K18: =SUMIFS('0327 4度C'!$Y:$Y,'0327 4度C'!$A:$A,"新豐8線",'0327 4度C'!$B:$B,"平均") -> 0 | L18: =SUMIFS('0327 4度C'!$Y:$Y,'0327 4度C'!$A:$A,"新豐9線",'0327 4度C'!$B:$B,"平均") -> 0 | M18: =SUMIFS('0327 4度C'!$Y:$Y,'0327 4度C'!$A:$A,"新豐4線",'0327 4度C'!$B:$B,"平均") -> 0
C19: 時間/分 | D19: =SUMIFS('0327 4度C'!$Z:$Z,'0327 4度C'!$A:$A,"新豐6線",'0327 4度C'!$B:$B,"平均") -> 0 | E19: =SUMIFS('0327 4度C'!$Z:$Z,'0327 4度C'!$A:$A,"新豐2線",'0327 4度C'!$B:$B,"平均") -> 0 | F19: =SUMIFS('0327 4度C'!$Z:$Z,'0327 4度C'!$A:$A,"新豐5線",'0327 4度C'!$B:$B,"平均") -> 0 | G19: =SUMIFS('0327 4度C'!$Z:$Z,'0327 4度C'!$A:$A,"新豐7線",'0327 4度C'!$B:$B,"平均") -> 0 | H19: =SUMIFS('0327 4度C'!$Z:$Z,'0327 4度C'!$A:$A,"新豐3線",'0327 4度C'!$B:$B,"平均") -> 0 | I19: =SUMIFS('0327 4度C'!$Z:$Z,'0327 4度C'!$A:$A,"新豐1線",'0327 4度C'!$B:$B,"平均") -> 0 | J19: =SUMIFS('0327 4度C'!$Z:$Z,'0327 4度C'!$A:$A,"新豐10線",'0327 4度C'!$B:$B,"平均") -> 0 | K19: =SUMIFS('0327 4度C'!$Z:$Z,'0327 4度C'!$A:$A,"新豐8線",'0327 4度C'!$B:$B,"平均") -> 0 | L19: =SUMIFS('0327 4度C'!$Z:$Z,'0327 4度C'!$A:$A,"新豐9線",'0327 4度C'!$B:$B,"平均") -> 0 | M19: =SUMIFS('0327 4度C'!$Z:$Z,'0327 4度C'!$A:$A,"新豐4線",'0327 4度C'!$B:$B,"平均") -> 0
B20: 短暫停線 (5分鐘以下) | C20: 次數 | D20: =SUMIFS('0327 4度C'!$AC:$AC,'0327 4度C'!$A:$A,"新豐6線",'0327 4度C'!$B:$B,"平均") -> 4 | E20: =SUMIFS('0327 4度C'!$AC:$AC,'0327 4度C'!$A:$A,"新豐2線",'0327 4度C'!$B:$B,"平均") -> 2 | F20: =SUMIFS('0327 4度C'!$AC:$AC,'0327 4度C'!$A:$A,"新豐5線",'0327 4度C'!$B:$B,"平均") -> 4 | G20: =SUMIFS('0327 4度C'!$AC:$AC,'0327 4度C'!$A:$A,"新豐7線",'0327 4度C'!$B:$B,"平均") -> 6 | H20: =SUMIFS('0327 4度C'!$AC:$AC,'0327 4度C'!$A:$A,"新豐3線",'0327 4度C'!$B:$B,"平均") -> 5 | I20: =SUMIFS('0327 4度C'!$AC:$AC,'0327 4度C'!$A:$A,"新豐1線",'0327 4度C'!$B:$B,"平均") -> 7 | J20: =SUMIFS('0327 4度C'!$AC:$AC,'0327 4度C'!$A:$A,"新豐10線",'0327 4度C'!$B:$B,"平均") -> 5 | K20: =SUMIFS('0327 4度C'!$AC:$AC,'0327 4度C'!$A:$A,"新豐8線",'0327 4度C'!$B:$B,"平均") -> 5 | L20: =SUMIFS('0327 4度C'!$AC:$AC,'0327 4度C'!$A:$A,"新豐9線",'0327 4度C'!$B:$B,"平均") -> 5 | M20: =SUMIFS('0327 4度C'!$AC:$AC,'0327 4度C'!$A:$A,"新豐4線",'0327 4度C'!$B:$B,"平均") -> 5
C21: 設備次數 | D21: =SUMIFS('0327 4度C'!$AD:$AD,'0327 4度C'!$A:$A,"新豐6線",'0327 4度C'!$B:$B,"平均") -> 0 | E21: =SUMIFS('0327 4度C'!$AD:$AD,'0327 4度C'!$A:$A,"新豐2線",'0327 4度C'!$B:$B,"平均") -> 0 | F21: =SUMIFS('0327 4度C'!$AD:$AD,'0327 4度C'!$A:$A,"新豐5線",'0327 4度C'!$B:$B,"平均") -> 0 | G21: =SUMIFS('0327 4度C'!$AD:$AD,'0327 4度C'!$A:$A,"新豐7線",'0327 4度C'!$B:$B,"平均") -> 0 | H21: =SUMIFS('0327 4度C'!$AD:$AD,'0327 4度C'!$A:$A,"新豐3線",'0327 4度C'!$B:$B,"平均") -> 0 | I21: =SUMIFS('0327 4度C'!$AD:$AD,'0327 4度C'!$A:$A,"新豐1線",'0327 4度C'!$B:$B,"平均") -> 0 | J21: =SUMIFS('0327 4度C'!$AD:$AD,'0327 4度C'!$A:$A,"新豐10線",'0327 4度C'!$B:$B,"平均") -> 0 | K21: =SUMIFS('0327 4度C'!$AD:$AD,'0327 4度C'!$A:$A,"新豐8線",'0327 4度C'!$B:$B,"平均") -> 0 | L21: =SUMIFS('0327 4度C'!$AD:$AD,'0327 4度C'!$A:$A,"新豐9線",'0327 4度C'!$B:$B,"平均") -> 0 | M21: =SUMIFS('0327 4度C'!$AD:$AD,'0327 4度C'!$A:$A,"新豐4線",'0327 4度C'!$B:$B,"平均") -> 0
B22: 配置人數 | D22: =SUMIFS('0327 4度C'!$I:$I,'0327 4度C'!$A:$A,"新豐6線",'0327 4度C'!$B:$B,"平均") -> 18 | E22: =SUMIFS('0327 4度C'!$I:$I,'0327 4度C'!$A:$A,"新豐2線",'0327 4度C'!$B:$B,"平均") -> 18 | F22: =SUMIFS('0327 4度C'!$I:$I,'0327 4度C'!$A:$A,"新豐5線",'0327 4度C'!$B:$B,"平均") -> 18.25 | G22: =SUMIFS('0327 4度C'!$I:$I,'0327 4度C'!$A:$A,"新豐7線",'0327 4度C'!$B:$B,"平均") -> 15 | H22: =SUMIFS('0327 4度C'!$I:$I,'0327 4度C'!$A:$A,"新豐3線",'0327 4度C'!$B:$B,"平均") -> 9 | I22: =SUMIFS('0327 4度C'!$I:$I,'0327 4度C'!$A:$A,"新豐1線",'0327 4度C'!$B:$B,"平均") -> 18.857143 | J22: =SUMIFS('0327 4度C'!$I:$I,'0327 4度C'!$A:$A,"新豐10線",'0327 4度C'!$B:$B,"平均") -> 10.4 | K22: =SUMIFS('0327 4度C'!$I:$I,'0327 4度C'!$A:$A,"新豐8線",'0327 4度C'!$B:$B,"平均") -> 18.4 | L22: =SUMIFS('0327 4度C'!$I:$I,'0327 4度C'!$A:$A,"新豐9線",'0327 4度C'!$B:$B,"平均") -> 17.6 | M22: =SUMIFS('0327 4度C'!$I:$I,'0327 4度C'!$A:$A,"新豐4線",'0327 4度C'!$B:$B,"平均") -> 15.4
B23: 主要應用設備 | D23: ET-55 | E23: 熱縮爐 | F23: L型包裝機 | G23: L型包裝機 | H23: 伺服包裝機 | I23: ET-55 | J23: 伺服包裝機 | K23: 三明治包裝機 | L23: 三明治包裝機 | M23: 三明治包裝機
B24: 次要應用設備 | F24: 圓盤機 | G24: ET-55
B25: 備註 | E25: 握沙拉 | F25: 共用L型包裝機 | H25: 調理麵包 | I25: 炒飯+沙拉 | J25: 調理麵包

Sheet 0327 4度C
A1: 新豐廠四度C日報分析 | C1: 總生產量 | D1: =SUM(F5:F62) -> 131038 | E1: 營業額 | F1: =SUM(G5:G62) -> 4403743.2 | G1: 出勤人數 | H1: =L9+L12+L42+L50+L17+L56+L30+L36+L24+L62 -> 158.90714 | I1: 產線配置圖 | L1: 生產實績 | O1: 人時性差異分析 | S1: 日報登錄 | Y1: 合計 次數 | Z1: 合計 時間/分 | AA1: 產線異常 分析說明(5分鐘以上) | AC1: 合計 次數 | AD1: 合計 設備次數 | AE1: 產能差異分析
A2: 46108 | B2: 星期五 | C2: 人時性 | D2: =AVERAGE(N9,N12,N42,N50,N17,N56,N24,N30,N36,N62) -> 148.9837 | E2: 平均廠價 | F2: =F1/D1 -> 33.606612 | G2: 多次生產數 | H2: =COUNT(H5:H62) -> 0 | Y2: =SUM(Y9+Y12+Y17+Y24+Y30+Y36+Y42+Y50+Y56+Y62) -> 0 | Z2: =SUM(Z9+Z12+Z17+Z24+Z30+Z36+Z42+Z50+Z56+Z62) -> 0 | AC2: 48 | AD2: =SUM(AD9+AD12+AD17+AD24+AD30+AD36+AD42+AD50+AD56+AD62) -> 0
A3: 線別 | B3: 品類 | C3: 品名 | E3: 廠價 | F3: 生產量 | G3: 營收 | H3: 多次 生產 | I3: 人數 | J3: 產能/時 | K3: 人時性 | L3: 人數 | M3: 產能/時 | N3: 人時性 | O3: 人數 | P3: 人時性 | Q3: 達成率 | R3: 達成率平均 | S3: 生產時間 | U3: 換線、休息/分 | V3: 稼動時間/分 | W3: 休息時間 | Y3: 產線異常統計 (5分鐘以上) | AA3: (新豐回填) | AC3: 短暫停線統計 (5分鐘以下) | AE3: 產能/時 | AF3: 達成率 | AG3: 達成率平均
S4: 開始 | T4: 結束 | W4: 開始 | X4: 結束 | Y4: 次數 | Z4: 時間/分 | AC4: 總次數 | AD4: 設備因素(次數)
A5: 新豐6線 | B5: 微波主食 | C5: 二配港式香滑嫩蛋牛肉燴飯 | E5: 50.67 | F5: 1321 | G5: =E5*F5 -> 66935.07 | I5: 17 | J5: 2000 | K5: =J5/I5 -> 117.64706 | L5: 17 | M5: =F5/V5*60 -> 1933.1707 | N5: =M5/L5 -> 113.71593 | O5: =L5-I5 -> 0 | P5: =N5-K5 -> -3.9311334 | Q5: =N5/K5 -> 0.96658537 | R5: =Q9 -> 0.96995078 | S5: 0.70833333 | T5: 0.73680556 | V5: =(T5-S5)*24*60 -> 41 | AC5: 4 | AE5: =M5-J5 -> -66.829268 | AF5: =M5/J5 -> 0.96658537 | AG5: =AF9 -> 0.96995078
A6: 新豐6線 | B6: 微波主食 | C6: 二配美味蟹煲 | E6: 54.09 | F6: 1080 | G6: =E6*F6 -> 58417.2 | I6: 19 | J6: 2000 | K6: =J6/I6 -> 105.26316 | L6: 19 | M6: =F6/V6*60 -> 1905.8824 | N6: =M6/L6 -> 100.3096 | O6: =L6-I6 -> 0 | P6: =N6-K6 -> -4.9535604 | Q6: =N6/K6 -> 0.95294118 | S6: 0.74166667 | T6: 0.76527778 | U6: =IF(S6=TIME(17,0,0),"",(S6-T5)*24*60) -> 7 | V6: =(T6-S6)*24*60 -> 34 | AE6: =M6-J6 -> -94.117647 | AF6: =M6/J6 -> 0.95294118
A7: 新豐6線 | B7: 微波主食 | C7: 二配濃蕃茄火腿蛋包飯 | E7: 50.67 | F7: 333 | G7: =E7*F7 -> 16873.11 | I7: 21 | J7: 2000 | K7: =J7/I7 -> 95.238095 | L7: 21 | M7: =F7/V7*60 -> 1998 | N7: =M7/L7 -> 95.142857 | O7: =L7-I7 -> 0 | P7: =N7-K7 -> -0.095238095 | Q7: =N7/K7 -> 0.999 | S7: 0.76875 | T7: 0.77569444 | U7: =IF(S7=TIME(17,0,0),"",(S7-T6)*24*60) -> 5 | V7: =(T7-S7)*24*60 -> 10 | AE7: =M7-J7 -> -2 | AF7: =M7/J7 -> 0.999
A8: 新豐6線 | B8: 微波主食 | C8: 二配泰式綠咖哩雞 | E8: 50.67 | F8: 1506 | G8: =E8*F8 -> 76309.02 | I8: 15 | J8: 2000 | K8: =J8/I8 -> 133.33333 | L8: 15 | M8: =F8/V8*60 -> 1922.5532 | N8: =M8/L8 -> 128.17021 | O8: =L8-I8 -> 0 | P8: =N8-K8 -> -5.1631206 | Q8: =N8/K8 -> 0.9612766 | S8: 0.78125 | T8: 0.81388889 | U8: =IF(S8=TIME(17,0,0),"",(S8-T7)*24*60) -> 8 | V8: =(T8-S8)*24*60 -> 47 | AE8: =M8-J8 -> -77.446809 | AF8: =M8/J8 -> 0.9612766
A9: 新豐6線 | B9: 平均 | I9: 18 | J9: 2000 | K9: =J9/I9 -> 111.11111 | L9: 18 | M9: =AVERAGE(M5:M8) -> 1939.9016 | N9: =M9/L9 -> 107.77231 | O9: =L9-I9 -> 0 | P9: =N9-K9 -> -3.3388017 | Q9: =N9/K9 -> 0.96995078 | Y9: =SUM(Y5:Y8) -> 0 | Z9: =SUM(Z5:Z8) -> 0 | AC9: 4 | AD9: =SUM(AD5:AD8) -> 0 | AE9: =M9-J9 -> -60.098431 | AF9: =M9/J9 -> 0.96995078
A10: 新豐2線 | B10: 沙拉 | C10: 青醬優格雞肉握沙拉(113年) | E10: 39.62 | F10: 3997 | G10: =E10*F10 -> 158361.14 | I10: 19 | J10: 1500 | K10: =J10/I10 -> 78.947368 | L10: 19 | M10: =F10/V10*60 -> 1436.0479 | N10: =M10/L10 -> 75.581469 | O10: =L10-I10 -> 0 | P10: =N10-K10 -> -3.3658998 | Q10: =N10/K10 -> 0.95736527 | R10: =Q12 -> 0.956427 | S10: 0.20833333 | T10: 0.32430556 | V10: =(T10-S10)*24*60 -> 167 | AC10: 2 | AE10: =M10-J10 -> -63.952096 | AF10: =M10/J10 -> 0.95736527 | AG10: =AF12 -> 0.956427
A11: 新豐2線 | B11: 沙拉 | C11: 青檸烤雞握沙拉(113年) | E11: 39.8 | F11: 6354 | G11: =E11*F11 -> 252889.2 | I11: 17 | J11: 1500 | K11: =J11/I11 -> 88.235294 | L11: 17 | M11: =F11/V11*60 -> 1433.2331 | N11: =M11/L11 -> 84.307828 | O11: =L11-I11 -> 0 | P11: =N11-K11 -> -3.9274657 | Q11: =N11/K11 -> 0.95548872 | S11: 0.32847222 | T11: 0.51319444 | U11: =IF(S11=TIME(17,0,0),"",(S11-T10)*24*60) -> 6 | V11: =(T11-S11)*24*60 -> 266 | AE11: =M11-J11 -> -66.766917 | AF11: =M11/J11 -> 0.95548872
A12: 新豐2線 | B12: 平均 | I12: 18 | J12: 1500 | K12: =J12/I12 -> 83.333333 | L12: 18 | M12: =AVERAGE(M10:M11) -> 1434.6405 | N12: =M12/L12 -> 79.70225 | O12: =L12-I12 -> 0 | P12: =N12-K12 -> -3.6310837 | Q12: =N12/K12 -> 0.956427 | Y12: =SUM(Y10:Y11) -> 0 | Z12: =SUM(Z10:Z11) -> 0 | AC12: 2 | AD12: =SUM(AD10:AD11) -> 0 | AE12: =M12-J12 -> -65.359507 | AF12: =M12/J12 -> 0.956427
A13: 新豐5線 | B13: 小吃 | C13: 剝皮辣椒雞湯 | E13: 41 | F13: 2113 | G13: =E13*F13 -> 86633 | I13: 26 | J13: 1500 | K13: =J13/I13 -> 57.692308 | L13: 26 | M13: =F13/V13*60 -> 1440.6818 | N13: =M13/L13 -> 55.410839 | O13: =L13-I13 -> 0 | P13: =N13-K13 -> -2.2814685 | Q13: =N13/K13 -> 0.96045455 | R13: =Q17 -> 0.95246591 | S13: 0.20833333 | T13: 0.26944444 | V13: =(T13-S13)*24*60 -> 88 | AC13: 4 | AE13: =M13-J13 -> -59.318182 | AF13: =M13/J13 -> 0.96045455 | AG13: =AF17 -> 0.95246591
A14: 新豐5線 | B14: 微波主食 | C14: 二配金咖哩濃厚辛口咖哩飯 | E14: 50.98 | F14: 2030 | G14: =E14*F14 -> 103489.4 | I14: 16 | J14: 2000 | K14: =J14/I14 -> 125 | L14: 16 | M14: =F14/V14*60 -> 1903.125 | N14: =M14/L14 -> 118.94531 | O14: =L14-I14 -> 0 | P14: =N14-K14 -> -6.0546875 | Q14: =N14/K14 -> 0.9515625 | S14: 0.70833333 | T14: 0.75277778 | U14: =IF(S14=TIME(17,0,0),"",(S14-T13)*24*60) | V14: =(T14-S14)*24*60 -> 64 | AE14: =M14-J14 -> -96.875 | AF14: =M14/J14 -> 0.9515625
A15: 新豐5線 | B15: 微波主食 | C15: 二配香炒沙茶豬肉飯 | E15: 50.67 | F15: 567 | G15: =E15*F15 -> 28729.89 | I15: 16 | J15: 2000 | K15: =J15/I15 -> 125 | L15: 16 | M15: =F15/V15*60 -> 1890 | N15: =M15/L15 -> 118.125 | O15: =L15-I15 -> 0 | P15: =N15-K15 -> -6.875 | Q15: =N15/K15 -> 0.945 | S15: 0.75833333 | T15: 0.77083333 | U15: =IF(S15=TIME(17,0,0),"",(S15-T14)*24*60) -> 8 | V15: =(T15-S15)*24*60 -> 18 | AE15: =M15-J15 -> -110 | AF15: =M15/J15 -> 0.945
A16: 新豐5線 | B16: 微波主食 | C16: 二配金咖哩果香甘口咖哩飯 | E16: 50.92 | F16: 2037 | G16: =E16*F16 -> 103724.04 | I16: 15 | J16: 2000 | K16: =J16/I16 -> 133.33333 | L16: 15 | M16: =F16/V16*60 -> 1909.6875 | N16: =M16/L16 -> 127.3125 | O16: =L16-I16 -> 0 | P16: =N16-K16 -> -6.0208333 | Q16: =N16/K16 -> 0.95484375 | S16: 0.77569444 | T16: 0.82013889 | U16: =IF(S16=TIME(17,0,0),"",(S16-T15)*24*60) -> 7 | V16: =(T16-S16)*24*60 -> 64 | AE16: =M16-J16 -> -90.3125 | AF16: =M16/J16 -> 0.95484375
A17: 新豐5線 | B17: 平均 | I17: 18.25 | J17: 1875 | K17: =J17/I17 -> 102.73973 | L17: 18.25 | M17: =AVERAGE(M13:M16) -> 1785.8736 | N17: =M17/L17 -> 97.856087 | O17: =L17-I17 -> 0 | P17: =N17-K17 -> -4.8836395 | Q17: =N17/K17 -> 0.95246591 | Y17: =SUM(Y13:Y16) -> 0 | Z17: =SUM(Z13:Z16) -> 0 | AC17: 4 | AD17: =SUM(AD13:AD16) -> 0 | AE17: =M17-J17 -> -89.12642 | AF17: =M17/J17 -> 0.95246591
A18: 新豐7線 | B18: 微波主食 | C18: 鐵板滑蛋炸豬排丼 | E18: 57.73 | F18: 2091 | G18: =E18*F18 -> 120713.43 | I18: 14 | J18: 2000 | K18: =J18/I18 -> 142.85714 | L18: 14 | M18: =F18/V18*60 -> 1930.1538 | N18: =M18/L18 -> 137.86813 | O18: =L18-I18 -> 0 | P18: =N18-K18 -> -4.989011 | Q18: =N18/K18 -> 0.96507692 | R18: =Q24 -> 0.96118937 | S18: 0.20833333 | T18: 0.25347222 | V18: =(T18-S18)*24*60 -> 65 | AC18: 6 | AE18: =M18-J18 -> -69.846154 | AF18: =M18/J18 -> 0.96507692 | AG18: =AF24 -> 0.96118937
A19: 新豐7線 | B19: 微波主食 | C19: 極上炙烤親子丼 | E19: 53.68 | F19: 1108 | G19: =E19*F19 -> 59477.44 | I19: 16 | J19: 2000 | K19: =J19/I19 -> 125 | L19: 16 | M19: =F19/V19*60 -> 1955.2941 | N19: =M19/L19 -> 122.20588 | O19: =L19-I19 -> 0 | P19: =N19-K19 -> -2.7941176 | Q19: =N19/K19 -> 0.97764706 | S19: 0.25763889 | T19: 0.28125 | U19: =IF(S19=TIME(17,0,0),"",(S19-T18)*24*60) -> 6 | V19: =(T19-S19)*24*60 -> 34 | AE19: =M19-J19 -> -44.705882 | AF19: =M19/J19 -> 0.97764706
A20: 新豐7線 | B20: 微波主食 | C20: 韓式泡菜豬肉豆腐丼飯 | E20: 50.67 | F20: 2483 | G20: =E20*F20 -> 125813.61 | I20: 16 | J20: 2000 | K20: =J20/I20 -> 125 | L20: 16 | M20: =F20/V20*60 -> 1910 | N20: =M20/L20 -> 119.375 | O20: =L20-I20 -> 0 | P20: =N20-K20 -> -5.625 | Q20: =N20/K20 -> 0.955 | S20: 0.28472222 | T20: 0.33888889 | U20: =IF(S20=TIME(17,0,0),"",(S20-T19)*24*60) -> 5 | V20: =(T20-S20)*24*60 -> 78 | AE20: =M20-J20 -> -90 | AF20: =M20/J20 -> 0.955
A21: 新豐7線 | B21: 微波主食 | C21: 二配川味麻婆燒豆腐燴飯 | E21: 50.49 | F21: 1711 | G21: =E21*F21 -> 86388.39 | I21: 15 | J21: 2000 | K21: =J21/I21 -> 133.33333 | L21: 15 | M21: =F21/V21*60 -> 1901.1111 | N21: =M21/L21 -> 126.74074 | O21: =L21-I21 -> 0 | P21: =N21-K21 -> -6.5925926 | Q21: =N21/K21 -> 0.95055556 | S21: 0.70833333 | T21: 0.74583333 | U21: =IF(S21=TIME(17,0,0),"",(S21-T20)*24*60) | V21: =(T21-S21)*24*60 -> 54 | AE21: =M21-J21 -> -98.888889 | AF21: =M21/J21 -> 0.95055556
A22: 新豐7線 | B22: 微波主食 | C22: 二配厚香料咖哩雞排飯 | E22: 57.3 | F22: 1528 | G22: =E22*F22 -> 87554.4 | I22: 13 | J22: 2000 | K22: =J22/I22 -> 153.84615 | L22: 13 | M22: =F22/V22*60 -> 1910 | N22: =M22/L22 -> 146.92308 | O22: =L22-I22 -> 0 | P22: =N22-K22 -> -6.9230769 | Q22: =N22/K22 -> 0.955 | S22: 0.75138889 | T22: 0.78472222 | U22: =IF(S22=TIME(17,0,0),"",(S22-T21)*24*60) -> 8 | V22: =(T22-S22)*24*60 -> 48 | AE22: =M22-J22 -> -90 | AF22: =M22/J22 -> 0.955
A23: 新豐7線 | B23: 微波主食 | C23: 二配起司控培根白醬焗烤飯 | E23: 53.68 | F23: 1423 | G23: =E23*F23 -> 76386.64 | I23: 16 | J23: 1500 | K23: =J23/I23 -> 93.75 | L23: 16 | M23: =F23/V23*60 -> 1447.1186 | N23: =M23/L23 -> 90.444915 | O23: =L23-I23 -> 0 | P23: =N23-K23 -> -3.3050847 | Q23: =N23/K23 -> 0.96474576 | S23: 0.79027778 | T23: 0.83125 | U23: =IF(S23=TIME(17,0,0),"",(S23-T22)*24*60) -> 8 | V23: =(T23-S23)*24*60 -> 59 | AE23: =M23-J23 -> -52.881356 | AF23: =M23/J23 -> 0.96474576
A24: 新豐7線 | B24: 平均 | I24: 15 | J24: 1916.6667 | K24: =J24/I24 -> 127.77778 | L24: 15 | M24: =AVERAGE(M18:M23) -> 1842.2796 | N24: =M24/L24 -> 122.81864 | O24: =L24-I24 -> 0 | P24: =N24-K24 -> -4.9591365 | Q24: =N24/K24 -> 0.96118937 | Y24: =SUM(Y18:Y23) -> 0 | Z24: =SUM(Z18:Z23) -> 0 | AC24: 6 | AD24: =SUM(AD18:AD23) -> 0 | AE24: =M24-J24 -> -74.387047 | AF24: =M24/J24 -> 0.96118937
A25: 新豐8線 | B25: 三明治 | C25: 紐奧良風味烤雞鮮蔬三明治 | E25: 31.29 | F25: 7575 | G25: =E25*F25 -> 237021.75 | I25: 18 | J25: 2400 | K25: =J25/I25 -> 133.33333 | L25: 18 | M25: =F25/V25*60 -> 2283.9196 | N25: =M25/L25 -> 126.88442 | O25: =L25-I25 -> 0 | P25: =N25-K25 -> -6.4489112 | Q25: =N25/K25 -> 0.95163317 | R25: =Q30 -> 0.96074035 | S25: 0.083333333 | T25: 0.22152778 | V25: =(T25-S25)*24*60 -> 199 | W25: =T25 -> 0.22152778 | X25: =S26 -> 0.23888889 | AC25: 5 | AE25: =M25-J25 -> -116.0804 | AF25: =M25/J25 -> 0.95163317 | AG25: =AF30 -> 0.96074035
A26: 新豐8線 | B26: 三明治 | C26: 好多菜三明治(114年) | E26: 25.98 | F26: 2505 | G26: =E26*F26 -> 65079.9 | I26: 21 | J26: 2400 | K26: =J26/I26 -> 114.28571 | L26: 21 | M26: =F26/V26*60 -> 2312.3077 | N26: =M26/L26 -> 110.10989 | O26: =L26-I26 -> 0 | P26: =N26-K26 -> -4.1758242 | Q26: =N26/K26 -> 0.96346154 | S26: 0.23888889 | T26: 0.28402778 | U26: =(S26-T25)*24*60 -> 25 | V26: =(T26-S26)*24*60 -> 65 | AE26: =M26-J26 -> -87.692308 | AF26: =M26/J26 -> 0.96346154
A27: 新豐8線 | B27: 三明治 | C27: 經典總匯三明治 | E27: 26.2 | F27: 4334 | G27: =E27*F27 -> 113550.8 | I27: 20 | J27: 2400 | K27: =J27/I27 -> 120 | L27: 20 | M27: =F27/V27*60 -> 2281.0526 | N27: =M27/L27 -> 114.05263 | O27: =L27-I27 -> 0 | P27: =N27-K27 -> -5.9473684 | Q27: =N27/K27 -> 0.9504386 | S27: 0.28888889 | T27: 0.36805556 | U27: =(S27-T26)*24*60 -> 7 | V27: =(T27-S27)*24*60 -> 114 | AE27: =M27-J27 -> -118.94737 | AF27: =M27/J27 -> 0.9504386
A28: 新豐8線 | B28: 三明治 | C28: 雞蛋沙拉三明治(114年) | E28: 25.99 | F28: 3380 | G28: =E28*F28 -> 87846.2 | I28: 14 | J28: 2400 | K28: =J28/I28 -> 171.42857 | L28: 14 | M28: =F28/V28*60 -> 2304.5455 | N28: =M28/L28 -> 164.61039 | O28: =L28-I28 -> 0 | P28: =N28-K28 -> -6.8181818 | Q28: =N28/K28 -> 0.96022727 | S28: 0.37361111 | T28: 0.43472222 | U28: =(S28-T27)*24*60 -> 8 | V28: =(T28-S28)*24*60 -> 88 | AE28: =M28-J28 -> -95.454545 | AF28: =M28/J28 -> 0.96022727
A29: 新豐8線 | B29: 三明治 | C29: 陽光地瓜總匯三明治 | E29: 26.18 | F29: 1330 | G29: =E29*F29 -> 34819.4 | I29: 19 | J29: 2400 | K29: =J29/I29 -> 126.31579 | L29: 19 | M29: =F29/V29*60 -> 2347.0588 | N29: =M29/L29 -> 123.52941 | O29: =L29-I29 -> 0 | P29: =N29-K29 -> -2.7863777 | Q29: =N29/K29 -> 0.97794118 | S29: 0.43888889 | T29: 0.4625 | U29: =(S29-T28)*24*60 -> 6 | V29: =(T29-S29)*24*60 -> 34 | AE29: =M29-J29 -> -52.941176 | AF29: =M29/J29 -> 0.97794118
A30: 新豐8線 | B30: 平均 | I30: 18.4 | J30: 2400 | K30: =J30/I30 -> 130.43478 | L30: 18.4 | M30: =AVERAGE(M25:M29) -> 2305.7768 | N30: =M30/L30 -> 125.31396 | O30: =L30-I30 -> 0 | P30: =N30-K30 -> -5.1208239 | Q30: =N30/K30 -> 0.96074035 | Y30: =SUM(Y25:Y29) -> 0 | Z30: =SUM(Z25:Z29) -> 0 | AC30: 5 | AD30: =SUM(AD25:AD29) -> 0 | AE30: =M30-J30 -> -94.22316 | AF30: =M30/J30 -> 0.96074035
A31: 新豐9線 | B31: 三明治 | C31: 鮪魚起司溏心蛋三明治 | E31: 26.2 | F31: 5529 | G31: =E31*F31 -> 144859.8 | I31: 18 | J31: 2400 | K31: =J31/I31 -> 133.33333 | L31: 18 | M31: =F31/V31*60 -> 2287.8621 | N31: =M31/L31 -> 127.10345 | O31: =L31-I31 -> 0 | P31: =N31-K31 -> -6.2298851 | Q31: =N31/K31 -> 0.95327586 | R31: =Q36 -> 0.95524603 | S31: 0.083333333 | T31: 0.18402778 | V31: =(T31-S31)*24*60 -> 145 | W31: =T31 -> 0.18402778 | X31: =S32 -> 0.20486111 | AC31: 5 | AE31: =M31-J31 -> -112.13793 | AF31: =M31/J31 -> 0.95327586 | AG31: =AF36 -> 0.95524603
A32: 新豐9線 | B32: 三明治 | C32: 肉鬆火腿三明治 | E32: 20.52 | F32: 2942 | G32: =E32*F32 -> 60369.84 | I32: 18 | J32: 2400 | K32: =J32/I32 -> 133.33333 | L32: 18 | M32: =F32/V32*60 -> 2292.4675 | N32: =M32/L32 -> 127.35931 | O32: =L32-I32 -> 0 | P32: =N32-K32 -> -5.974026 | Q32: =N32/K32 -> 0.95519481 | S32: 0.20486111 | T32: 0.25833333 | U32: =(S32-T31)*24*60 -> 30 | V32: =(T32-S32)*24*60 -> 77 | AE32: =M32-J32 -> -107.53247 | AF32: =M32/J32 -> 0.95519481
A33: 新豐9線 | B33: 三明治 | C33: 醬燒烤雞三明治 | E33: 26.39 | F33: 4956 | G33: =E33*F33 -> 130788.84 | I33: 19 | J33: 2400 | K33: =J33/I33 -> 126.31579 | L33: 19 | M33: =F33/V33*60 -> 2287.3846 | N33: =M33/L33 -> 120.38866 | O33: =L33-I33 -> 0 | P33: =N33-K33 -> -5.9271255 | Q33: =N33/K33 -> 0.95307692 | S33: 0.26180556 | T33: 0.35208333 | U33: =(S33-T32)*24*60 -> 5 | V33: =(T33-S33)*24*60 -> 130 | AE33: =M33-J33 -> -112.61538 | AF33: =M33/J33 -> 0.95307692
A34: 新豐9線 | B34: 三明治 | C34: 輕乳酪巧克力三明治 | E34: 20.52 | F34: 2310 | G34: =E34*F34 -> 47401.2 | I34: 18 | J34: 2400 | K34: =J34/I34 -> 133.33333 | L34: 18 | M34: =F34/V34*60 -> 2310 | N34: =M34/L34 -> 128.33333 | O34: =L34-I34 -> 0 | P34: =N34-K34 -> -5 | Q34: =N34/K34 -> 0.9625 | S34: 0.35555556 | T34: 0.39722222 | U34: =(S34-T33)*24*60 -> 5 | V34: =(T34-S34)*24*60 -> 60 | AE34: =M34-J34 -> -90 | AF34: =M34/J34 -> 0.9625
A35: 新豐9線 | B35: 三明治 | C35: 香蕉可可三明治 | E35: 22.69 | F35: 4799 | G35: =E35*F35 -> 108889.31 | I35: 15 | J35: 2400 | K35: =J35/I35 -> 160 | L35: 15 | M35: =F35/V35*60 -> 2285.2381 | N35: =M35/L35 -> 152.34921 | O35: =L35-I35 -> 0 | P35: =N35-K35 -> -7.6507937 | Q35: =N35/K35 -> 0.95218254 | S35: 0.40277778 | T35: 0.49027778 | U35: =(S35-T34)*24*60 -> 8 | V35: =(T35-S35)*24*60 -> 126 | AE35: =M35-J35 -> -114.7619 | AF35: =M35/J35 -> 0.95218254
A36: 新豐9線 | B36: 平均 | I36: 17.6 | J36: 2400 | K36: =J36/I36 -> 136.36364 | L36: 17.6 | M36: =AVERAGE(M31:M35) -> 2292.5905 | N36: =M36/L36 -> 130.26082 | O36: =L36-I36 -> 0 | P36: =N36-K36 -> -6.1028146 | Q36: =N36/K36 -> 0.95524603 | Y36: =SUM(Y31:Y35) -> 0 | Z36: =SUM(Z31:Z35) -> 0 | AC36: 5 | AD36: =SUM(AD31:AD35) -> 0 | AE36: =M36-J36 -> -107.40954 | AF36: =M36/J36 -> 0.95524603
A37: 新豐3線 | B37: 調理麵包 | C37: 黃金魚堡(114年) | E37: 34.35 | F37: 4056 | G37: =E37*F37 -> 139323.6 | I37: 8 | J37: 3000 | K37: =J37/I37 -> 375 | L37: 8 | M37: =F37/V37*60 -> 2863.0588 | N37: =M37/L37 -> 357.88235 | O37: =L37-I37 -> 0 | P37: =N37-K37 -> -17.117647 | Q37: =N37/K37 -> 0.95435294 | R37: =Q42 -> 0.95424865 | S37: 0.083333333 | T37: 0.14236111 | V37: =(T37-S37)*24*60 -> 85 | W37: =T37 -> 0.14236111 | X37: =S38 -> 0.15972222 | AC37: 5 | AE37: =M37-J37 -> -136.94118 | AF37: =M37/J37 -> 0.95435294 | AG37: =AF42 -> 0.95424865
A38: 新豐3線 | B38: 調理麵包 | C38: 豬肉起司堡 | E38: 21.13 | F38: 4685 | G38: =E38*F38 -> 98994.05 | I38: 10 | J38: 3000 | K38: =J38/I38 -> 300 | L38: 10 | M38: =F38/V38*60 -> 2868.3673 | N38: =M38/L38 -> 286.83673 | O38: =L38-I38 -> 0 | P38: =N38-K38 -> -13.163265 | Q38: =N38/K38 -> 0.95612245 | S38: 0.15972222 | T38: 0.22777778 | U38: =(S38-T37)*24*60 -> 25 | V38: =(T38-S38)*24*60 -> 98 | AE38: =M38-J38 -> -131.63265 | AF38: =M38/J38 -> 0.95612245
A39: 新豐3線 | B39: 調理麵包 | C39: 豬肉起司蛋堡 | E39: 27.17 | F39: 5903 | G39: =E39*F39 -> 160384.51 | I39: 10 | J39: 3000 | K39: =J39/I39 -> 300 | L39: 10 | M39: =F39/V39*60 -> 2856.2903 | N39: =M39/L39 -> 285.62903 | O39: =L39-I39 -> 0 | P39: =N39-K39 -> -14.370968 | Q39: =N39/K39 -> 0.95209677 | S39: 0.23125 | T39: 0.31736111 | U39: =(S39-T38)*24*60 -> 5 | V39: =(T39-S39)*24*60 -> 124 | AE39: =M39-J39 -> -143.70968 | AF39: =M39/J39 -> 0.95209677
A40: 新豐3線 | B40: 調理麵包 | C40: 香菜雞堡 | E40: 28.3 | F40: 2055 | G40: =E40*F40 -> 58156.5 | I40: 8 | J40: 3000 | K40: =J40/I40 -> 375 | L40: 8 | M40: =F40/V40*60 -> 2867.4419 | N40: =M40/L40 -> 358.43023 | O40: =L40-I40 -> 0 | P40: =N40-K40 -> -16.569767 | Q40: =N40/K40 -> 0.95581395 | S40: 0.32291667 | T40: 0.35277778 | U40: =(S40-T39)*24*60 -> 8 | V40: =(T40-S40)*24*60 -> 43 | AE40: =M40-J40 -> -132.55814 | AF40: =M40/J40 -> 0.95581395
A41: 新豐3線 | B41: 調理麵包 | C41: 美式雞腿堡 | E41: 35.87 | F41: 3335 | G41: =E41*F41 -> 119626.45 | I41: 9 | J41: 3000 | K41: =J41/I41 -> 333.33333 | L41: 9 | M41: =F41/V41*60 -> 2858.5714 | N41: =M41/L41 -> 317.61905 | O41: =L41-I41 -> 0 | P41: =N41-K41 -> -15.714286 | Q41: =N41/K41 -> 0.95285714 | S41: 0.35625 | T41: 0.40486111 | U41: =(S41-T40)*24*60 -> 5 | V41: =(T41-S41)*24*60 -> 70 | AE41: =M41-J41 -> -141.42857 | AF41: =M41/J41 -> 0.95285714
A42: 新豐3線 | B42: 平均 | I42: 9 | J42: 3000 | K42: =J42/I42 -> 333.33333 | L42: 9 | M42: =AVERAGE(M37:M41) -> 2862.746 | N42: =M42/L42 -> 318.08288 | O42: =L42-I42 -> 0 | P42: =N42-K42 -> -15.250449 | Q42: =N42/K42 -> 0.95424865 | Y42: =SUM(Y37:Y41) -> 0 | Z42: =SUM(Z37:Z41) -> 0 | AC42: 5 | AD42: =SUM(AD37:AD41) -> 0 | AE42: =M42-J42 -> -137.25404 | AF42: =M42/J42 -> 0.95424865
A43: 新豐1線 | B43: 沙拉 | C43: 莎莎烤雞麵沙拉 | E43: 46 | F43: 2025 | G43: =E43*F43 -> 93150 | I43: 17 | J43: 2000 | K43: =J43/I43 -> 117.64706 | L43: 17 | M43: =F43/V43*60 -> 1928.5714 | N43: =M43/L43 -> 113.44538 | O43: =L43-I43 -> 0 | P43: =N43-K43 -> -4.2016807 | Q43: =N43/K43 -> 0.96428571 | R43: =Q50 -> 0.96484101 | S43: 0.20833333 | T43: 0.25208333 | V43: =(T43-S43)*24*60 -> 63 | AC43: 7 | AE43: =M43-J43 -> -71.428571 | AF43: =M43/J43 -> 0.96428571 | AG43: =AF50 -> 0.96484101
A44: 新豐1線 | B44: 微波主食 | C44: 壹號醬雞豚雙拼 | E44: 56.43 | F44: 1339 | G44: =E44*F44 -> 75559.77 | I44: 22 | J44: 2000 | K44: =J44/I44 -> 90.909091 | L44: 22 | M44: =F44/V44*60 -> 1912.8571 | N44: =M44/L44 -> 86.948052 | O44: =L44-I44 -> 0 | P44: =N44-K44 -> -3.961039 | Q44: =N44/K44 -> 0.95642857 | S44: 0.25555556 | T44: 0.28472222 | U44: =IF(S44=TIME(17,0,0),"",(S44-T43)*24*60) -> 5 | V44: =(T44-S44)*24*60 -> 42 | AE44: =M44-J44 -> -87.142857 | AF44: =M44/J44 -> 0.95642857
A45: 新豐1線 | B45: 微波主食 | C45: 好多蒜燒豚飯 | E45: 51.75 | F45: 926 | G45: =E45*F45 -> 47920.5 | I45: 25 | J45: 2000 | K45: =J45/I45 -> 80 | L45: 25 | M45: =F45/V45*60 -> 1915.8621 | N45: =M45/L45 -> 76.634483 | O45: =L45-I45 -> 0 | P45: =N45-K45 -> -3.3655172 | Q45: =N45/K45 -> 0.95793103 | S45: 0.28888889 | T45: 0.30902778 | U45: =IF(S45=TIME(17,0,0),"",(S45-T44)*24*60) -> 6 | V45: =(T45-S45)*24*60 -> 29 | AE45: =M45-J45 -> -84.137931 | AF45: =M45/J45 -> 0.95793103
A46: 新豐1線 | B46: 微波主食 | C46: 二配粗飽系雞排炒飯(114年) | E46: 57.73 | F46: 1059 | G46: =E46*F46 -> 61136.07 | I46: 16 | J46: 1500 | K46: =J46/I46 -> 93.75 | L46: 16 | M46: =F46/V46*60 -> 1444.0909 | N46: =M46/L46 -> 90.255682 | O46: =L46-I46 -> 0 | P46: =N46-K46 -> -3.4943182 | Q46: =N46/K46 -> 0.96272727 | S46: 0.70833333 | T46: 0.73888889 | U46: =IF(S46=TIME(17,0,0),"",(S46-T45)*24*60) | V46: =(T46-S46)*24*60 -> 44 | AE46: =M46-J46 -> -55.909091 | AF46: =M46/J46 -> 0.96272727
A47: 新豐1線 | B47: 微波主食 | C47: 二配鮭魚蛋炒飯 | E47: 54.29 | F47: 1075 | G47: =E47*F47 -> 58361.75 | I47: 20 | J47: 2000 | K47: =J47/I47 -> 100 | L47: 20 | M47: =F47/V47*60 -> 1954.5455 | N47: =M47/L47 -> 97.727273 | O47: =L47-I47 -> 0 | P47: =N47-K47 -> -2.2727273 | Q47: =N47/K47 -> 0.97727273 | S47: 0.74444444 | T47: 0.76736111 | U47: =IF(S47=TIME(17,0,0),"",(S47-T46)*24*60) -> 8 | V47: =(T47-S47)*24*60 -> 33 | AE47: =M47-J47 -> -45.454545 | AF47: =M47/J47 -> 0.97727273
A48: 新豐1線 | B48: 微波主食 | C48: 二配香辣醬蒜味香腸蛋炒飯 | E48: 55.56 | F48: 1763 | G48: =E48*F48 -> 97952.28 | I48: 17 | J48: 2000 | K48: =J48/I48 -> 117.64706 | L48: 17 | M48: =F48/V48*60 -> 1923.2727 | N48: =M48/L48 -> 113.13369 | O48: =L48-I48 -> 0 | P48: =N48-K48 -> -4.513369 | Q48: =N48/K48 -> 0.96163636 | S48: 0.77083333 | T48: 0.80902778 | U48: =IF(S48=TIME(17,0,0),"",(S48-T47)*24*60) -> 5 | V48: =(T48-S48)*24*60 -> 55 | AE48: =M48-J48 -> -76.727273 | AF48: =M48/J48 -> 0.96163636
A49: 新豐1線 | B49: 微波主食 | C49: 二配香拌海鮮醬肉絲蛋炒飯 | E49: 55.32 | F49: 1265 | G49: =E49*F49 -> 69979.8 | I49: 15 | J49: 2000 | K49: =J49/I49 -> 133.33333 | L49: 15 | M49: =F49/V49*60 -> 1946.1538 | N49: =M49/L49 -> 129.74359 | O49: =L49-I49 -> 0 | P49: =N49-K49 -> -3.5897436 | Q49: =N49/K49 -> 0.97307692 | S49: 0.81388889 | T49: 0.84097222 | U49: =IF(S49=TIME(17,0,0),"",(S49-T48)*24*60) -> 7 | V49: =(T49-S49)*24*60 -> 39 | AE49: =M49-J49 -> -53.846154 | AF49: =M49/J49 -> 0.97307692
A50: 新豐1線 | B50: 平均 | I50: 18.857143 | J50: 1928.5714 | K50: =J50/I50 -> 102.27273 | L50: 18.857143 | M50: =AVERAGE(M43:M49) -> 1860.7648 | N50: =M50/L50 -> 98.676921 | O50: =L50-I50 -> 0 | P50: =N50-K50 -> -3.5958062 | Q50: =N50/K50 -> 0.96484101 | Y50: =SUM(Y43:Y49) -> 0 | Z50: =SUM(Z43:Z49) -> 0 | AC50: 7 | AD50: =SUM(AD43:AD49) -> 0 | AE50: =M50-J50 -> -67.806632 | AF50: =M50/J50 -> 0.96484101
A51: 新豐10線 | B51: 調理麵包 | C51: 墨西哥辣醬熱狗堡 | E51: 37.85 | F51: 1139 | G51: =E51*F51 -> 43111.15 | I51: 12 | J51: 2000 | K51: =J51/I51 -> 166.66667 | L51: 12 | M51: =F51/V51*60 -> 1952.5714 | N51: =M51/L51 -> 162.71429 | O51: =L51-I51 -> 0 | P51: =N51-K51 -> -3.952381 | Q51: =N51/K51 -> 0.97628571 | R51: =Q56 -> 0.96570884 | S51: 0.20833333 | T51: 0.23263889 | V51: =(T51-S51)*24*60 -> 35 | AC51: 5 | AE51: =M51-J51 -> -47.428571 | AF51: =M51/J51 -> 0.97628571 | AG51: =AF56 -> 0.96570884
A52: 新豐10線 | B52: 調理麵包 | C52: 厚豆腐蛋白蕈菇豬肉堡 | E52: 34.36 | F52: 1693 | G52: =E52*F52 -> 58171.48 | I52: 10 | J52: 3000 | K52: =J52/I52 -> 300 | L52: 10 | M52: =F52/V52*60 -> 2902.2857 | N52: =M52/L52 -> 290.22857 | O52: =L52-I52 -> 0 | P52: =N52-K52 -> -9.7714286 | Q52: =N52/K52 -> 0.96742857 | S52: 0.23819444 | T52: 0.2625 | U52: =(S52-T51)*24*60 -> 8 | V52: =(T52-S52)*24*60 -> 35 | AE52: =M52-J52 -> -97.714286 | AF52: =M52/J52 -> 0.96742857
A53: 新豐10線 | B53: 調理麵包 | C53: 經典雙牛起司堡(113年) | E53: 35.12 | F53: 4754 | G53: =E53*F53 -> 166960.48 | I53: 10 | J53: 3000 | K53: =J53/I53 -> 300 | L53: 10 | M53: =F53/V53*60 -> 2852.4 | N53: =M53/L53 -> 285.24 | O53: =L53-I53 -> 0 | P53: =N53-K53 -> -14.76 | Q53: =N53/K53 -> 0.9508 | S53: 0.26597222 | T53: 0.33541667 | U53: =(S53-T52)*24*60 -> 5 | V53: =(T53-S53)*24*60 -> 100 | AE53: =M53-J53 -> -147.6 | AF53: =M53/J53 -> 0.9508
A54: 新豐10線 | B54: 調理麵包 | C54: 茄汁薯餅蛋堡 | E54: 34.36 | F54: 1455 | G54: =E54*F54 -> 49993.8 | I54: 10 | J54: 3000 | K54: =J54/I54 -> 300 | L54: 10 | M54: =F54/V54*60 -> 2910 | N54: =M54/L54 -> 291 | O54: =L54-I54 -> 0 | P54: =N54-K54 -> -9 | Q54: =N54/K54 -> 0.97 | S54: 0.34097222 | T54: 0.36180556 | U54: =(S54-T53)*24*60 -> 8 | V54: =(T54-S54)*24*60 -> 30 | AE54: =M54-J54 -> -90 | AF54: =M54/J54 -> 0.97
A55: 新豐10線 | B55: 調理麵包 | C55: 香雞蛋堡(112年) | E55: 26.78 | F55: 2177 | G55: =E55*F55 -> 58300.06 | I55: 10 | J55: 3000 | K55: =J55/I55 -> 300 | L55: 10 | M55: =F55/V55*60 -> 2902.6667 | N55: =M55/L55 -> 290.26667 | O55: =L55-I55 -> 0 | P55: =N55-K55 -> -9.7333333 | Q55: =N55/K55 -> 0.96755556 | S55: 0.36666667 | T55: 0.39791667 | U55: =(S55-T54)*24*60 -> 7 | V55: =(T55-S55)*24*60 -> 45 | AE55: =M55-J55 -> -97.333333 | AF55: =M55/J55 -> 0.96755556
A56: 新豐10線 | B56: 平均 | I56: 10.4 | J56: 2800 | K56: =J56/I56 -> 269.23077 | L56: 10.4 | M56: =AVERAGE(M51:M55) -> 2703.9848 | N56: =M56/L56 -> 259.99853 | O56: =L56-I56 -> 0 | P56: =N56-K56 -> -9.2322344 | Q56: =N56/K56 -> 0.96570884 | Y56: =SUM(Y51:Y55) -> 0 | Z56: =SUM(Z51:Z55) -> 0 | AC56: 5 | AD56: =SUM(AD51:AD55) -> 0 | AE56: =M56-J56 -> -96.015238 | AF56: =M56/J56 -> 0.96570884
A57: 新豐4線 | B57: 三明治 | C57: 香鬆起司蛋三明治(114年) | E57: 20.2 | F57: 1619 | G57: =E57*F57 -> 32703.8 | I57: 15 | J57: 2400 | K57: =J57/I57 -> 160 | L57: 15 | M57: =F57/V57*60 -> 2312.8571 | N57: =M57/L57 -> 154.19048 | O57: =L57-I57 -> 0 | P57: =N57-K57 -> -5.8095238 | Q57: =N57/K57 -> 0.96369048 | R57: =Q62 -> 0.95835875 | S57: 0.083333333 | T57: 0.1125 | V57: =(T57-S57)*24*60 -> 42 | W57: =T57 -> 0.1125 | X57: =S58 -> 0.13263889 | AC57: 5 | AE57: =M57-J57 -> -87.142857 | AF57: =M57/J57 -> 0.96369048 | AG57: =AF62 -> 0.95835875
A58: 新豐4線 | B58: 三明治 | C58: 瘋狂起司三明治(113年) | E58: 24.45 | F58: 2148 | G58: =E58*F58 -> 52518.6 | I58: 19 | J58: 2400 | K58: =J58/I58 -> 126.31579 | L58: 19 | M58: =F58/V58*60 -> 2301.4286 | N58: =M58/L58 -> 121.12782 | O58: =L58-I58 -> 0 | P58: =N58-K58 -> -5.1879699 | Q58: =N58/K58 -> 0.95892857 | S58: 0.13263889 | T58: 0.17152778 | U58: =(S58-T57)*24*60 -> 29 | V58: =(T58-S58)*24*60 -> 56 | AE58: =M58-J58 -> -98.571429 | AF58: =M58/J58 -> 0.95892857
A59: 新豐4線 | B59: 三明治 | C59: 藍莓優格三明治 | E59: 20.21 | F59: 2256 | G59: =E59*F59 -> 45593.76 | I59: 15 | J59: 2400 | K59: =J59/I59 -> 160 | L59: 15 | M59: =F59/V59*60 -> 2294.2373 | N59: =M59/L59 -> 152.94915 | O59: =L59-I59 -> 0 | P59: =N59-K59 -> -7.0508475 | Q59: =N59/K59 -> 0.9559322 | S59: 0.17708333 | T59: 0.21805556 | U59: =(S59-T58)*24*60 -> 8 | V59: =(T59-S59)*24*60 -> 59 | AE59: =M59-J59 -> -105.76271 | AF59: =M59/J59 -> 0.9559322
A60: 新豐4線 | B60: 三明治 | C60: 經典火腿玉米蛋三明治 | E60: 24.43 | F60: 5518 | G60: =E60*F60 -> 134804.74 | I60: 14 | J60: 2400 | K60: =J60/I60 -> 171.42857 | L60: 14 | M60: =F60/V60*60 -> 2299.1667 | N60: =M60/L60 -> 164.22619 | O60: =L60-I60 -> 0 | P60: =N60-K60 -> -7.202381 | Q60: =N60/K60 -> 0.95798611 | S60: 0.22291667 | T60: 0.32291667 | U60: =(S60-T59)*24*60 -> 7 | V60: =(T60-S60)*24*60 -> 144 | AE60: =M60-J60 -> -100.83333 | AF60: =M60/J60 -> 0.95798611
A61: 新豐4線 | B61: 三明治 | C61: 火腿起司蛋三明治 | E61: 19.02 | F61: 7451 | G61: =E61*F61 -> 141718.02 | I61: 14 | J61: 2400 | K61: =J61/I61 -> 171.42857 | L61: 14 | M61: =F61/V61*60 -> 2292.6154 | N61: =M61/L61 -> 163.75824 | O61: =L61-I61 -> 0 | P61: =N61-K61 -> -7.6703297 | Q61: =N61/K61 -> 0.95525641 | S61: 0.32847222 | T61: 0.46388889 | U61: =(S61-T60)*24*60 -> 8 | V61: =(T61-S61)*24*60 -> 195 | AE61: =M61-J61 -> -107.38462 | AF61: =M61/J61 -> 0.95525641
A62: 新豐4線 | B62: 平均 | I62: 15.4 | J62: 2400 | K62: =J62/I62 -> 155.84416 | L62: 15.4 | M62: =AVERAGE(M57:M61) -> 2300.061 | N62: =M62/L62 -> 149.35461 | O62: =L62-I62 -> 0 | P62: =N62-K62 -> -6.4895448 | Q62: =N62/K62 -> 0.95835875 | Y62: =SUM(Y57:Y61) -> 0 | Z62: =SUM(Z57:Z61) -> 0 | AC62: 5 | AD62: =SUM(AD57:AD61) -> 0 | AE62: =M62-J62 -> -99.938989 | AF62: =M62/J62 -> 0.95835875

Sheet 0326
B1: 屏榮 新豐廠組合室生產人時性分析
B3: 日期 | C3: =TEXT('0326 4度C'!A2,"yyyy.mm.ddaaaa") -> 2026.03.26星期四 | E3: 訂單量 | F3: ='0326 4度C'!D1 -> 142769 | H3: 營業額 | I3: ='0326 4度C'!F1 -> 4683216.4
B4: 人時性 | C4: 項目 | E4: ➀ | G4: ➁ | I4: ➂ | K4: 異常停線 | M4: 短暫停線
C5: 組合室 | E5: 全溫層 | G5: 4度C-各編組展開 | I5: ③三明治-各編組展開 | K5: 合計次數 | L5: 時間 | M5: 合計次數 | N5: 設備次數
C6: 排關平均 | E6: =AVERAGE(D13:M13) -> 155.34991 | F6: =AVERAGE(D31:O31,D13:J13) -> 161.62444 | G6: =AVERAGE(D13:J13) -> 161.62444 | I6: =AVERAGE(K13:M13) -> 140.70933 | K6: ='0326 4度C'!Y2 -> 0 | L6: ='0326 4度C'!Z2 -> 0 | M6: ='0326 4度C'!AC2 -> 50 | N6: ='0326 4度C'!AD2 -> 0
C7: 實績平均 | E7: =AVERAGE(D14:M14) -> 148.68987 | F7: =AVERAGE(D32:O32,D14:J14) -> 154.82146 | G7: =AVERAGE(D14:J14) -> 154.82146 | I7: =AVERAGE(K14:M14) -> 134.38282
C8: 達成率平均 | E8: =AVERAGE(D15:M15) -> 0.95631068 | F8: =AVERAGE(D15:J15,D33:O33) -> 0.95683085 | G8: =AVERAGE(D15:J15) -> 0.95683085 | I8: =AVERAGE(K15:M15) -> 0.95509696
K9: ※現行日本鮮食廠以達成率80%為基本(即為現行KPI)
B10: 溫層 | D10: ➁4度C-各編組展開 | K10: ③三明治-各編組展開
B11: 編組 | D11: 1 | E11: 2 | F11: 3 | G11: 4 | H11: 5 | I11: 6 | J11: 7 | K11: 1 | L11: 2 | M11: 3
D12: 新豐6線 | E12: 新豐2線 | F12: 新豐5線 | G12: 新豐7線 | H12: 新豐3線 | I12: 新豐1線 | J12: 新豐10線 | K12: 新豐8線 | L12: 新豐9線 | M12: 新豐4線
B13: 人時性 | C13: 排關 | D13: =SUMIFS('0326 4度C'!$K:$K,'0326 4度C'!$A:$A,"新豐6線",'0326 4度C'!$B:$B,"平均") -> 111.11111 | E13: =SUMIFS('0326 4度C'!$K:$K,'0326 4度C'!$A:$A,"新豐2線",'0326 4度C'!$B:$B,"平均") -> 84.90566 | F13: =SUMIFS('0326 4度C'!$K:$K,'0326 4度C'!$A:$A,"新豐5線",'0326 4度C'!$B:$B,"平均") -> 102.73973 | G13: =SUMIFS('0326 4度C'!$K:$K,'0326 4度C'!$A:$A,"新豐7線",'0326 4度C'!$B:$B,"平均") -> 127.77778 | H13: =SUMIFS('0326 4度C'!$K:$K,'0326 4度C'!$A:$A,"新豐3線",'0326 4度C'!$B:$B,"平均") -> 333.33333 | I13: =SUMIFS('0326 4度C'!$K:$K,'0326 4度C'!$A:$A,"新豐1線",'0326 4度C'!$B:$B,"平均") -> 102.27273 | J13: =SUMIFS('0326 4度C'!$K:$K,'0326 4度C'!$A:$A,"新豐10線",'0326 4度C'!$B:$B,"平均") -> 269.23077 | K13: =SUMIFS('0326 4度C'!$K:$K,'0326 4度C'!$A:$A,"新豐8線",'0326 4度C'!$B:$B,"平均") -> 130.43478 | L13: =SUMIFS('0326 4度C'!$K:$K,'0326 4度C'!$A:$A,"新豐9線",'0326 4度C'!$B:$B,"平均") -> 135.84906 | M13: =SUMIFS('0326 4度C'!$K:$K,'0326 4度C'!$A:$A,"新豐4線",'0326 4度C'!$B:$B,"平均") -> 155.84416
C14: 實績 | D14: =SUMIFS('0326 4度C'!$N:$N,'0326 4度C'!$A:$A,"新豐6線",'0326 4度C'!$B:$B,"平均") -> 104.96825 | E14: =SUMIFS('0326 4度C'!$N:$N,'0326 4度C'!$A:$A,"新豐2線",'0326 4度C'!$B:$B,"平均") -> 80.944369 | F14: =SUMIFS('0326 4度C'!$N:$N,'0326 4度C'!$A:$A,"新豐5線",'0326 4度C'!$B:$B,"平均") -> 98.294743 | G14: =SUMIFS('0326 4度C'!$N:$N,'0326 4度C'!$A:$A,"新豐7線",'0326 4度C'!$B:$B,"平均") -> 122.925 | H14: =SUMIFS('0326 4度C'!$N:$N,'0326 4度C'!$A:$A,"新豐3線",'0326 4度C'!$B:$B,"平均") -> 318.79764 | I14: =SUMIFS('0326 4度C'!$N:$N,'0326 4度C'!$A:$A,"新豐1線",'0326 4度C'!$B:$B,"平均") -> 98.220654 | J14: =SUMIFS('0326 4度C'!$N:$N,'0326 4度C'!$A:$A,"新豐10線",'0326 4度C'!$B:$B,"平均") -> 259.59956 | K14: =SUMIFS('0326 4度C'!$N:$N,'0326 4度C'!$A:$A,"新豐8線",'0326 4度C'!$B:$B,"平均") -> 124.47582 | L14: =SUMIFS('0326 4度C'!$N:$N,'0326 4度C'!$A:$A,"新豐9線",'0326 4度C'!$B:$B,"平均") -> 130.05191 | M14: =SUMIFS('0326 4度C'!$N:$N,'0326 4度C'!$A:$A,"新豐4線",'0326 4度C'!$B:$B,"平均") -> 148.62073
C15: 達成率 | D15: =D14/D13 -> 0.94471429 | E15: =E14/E13 -> 0.95334479 | F15: =F14/F13 -> 0.9567355 | G15: =G14/G13 -> 0.96202177 | H15: =H14/H13 -> 0.95639293 | I15: =I14/I13 -> 0.96037973 | J15: =J14/J13 -> 0.96422695 | K15: =K14/K13 -> 0.95431464 | ... M15: =M14/M13 -> 0.95364968
B16: 作業 時間 | C16: 開始 | D16: =VLOOKUP("新豐6線",'0326 4度C'!$A:$T,19,0) -> 0.70833333 | E16: =VLOOKUP("新豐2線",'0326 4度C'!$A:$T,19,0) -> 0.20833333 | F16: =VLOOKUP("新豐5線",'0326 4度C'!$A:$T,19,0) -> 0.20833333 | G16: =VLOOKUP("新豐7線",'0326 4度C'!$A:$T,19,0) -> 0.20833333 | H16: =VLOOKUP("新豐3線",'0326 4度C'!$A:$T,19,0) -> 0.083333333 | I16: =VLOOKUP("新豐1線",'0326 4度C'!$A:$T,19,0) -> 0.20833333 | J16: =VLOOKUP("新豐10線",'0326 4度C'!$A:$T,19,0) -> 0.20833333 | K16: =VLOOKUP("新豐8線",'0326 4度C'!$A:$T,19,0) -> 0.083333333 | L16: =VLOOKUP("新豐9線",'0326 4度C'!$A:$T,19,0) -> 0.083333333 | M16: =VLOOKUP("新豐4線",'0326 4度C'!$A:$T,19,0) -> 0.083333333
C17: 結束 | D17: =LOOKUP(2,1/(('0326 4度C'!$A:$A="新豐6線")*('0326 4度C'!$T:$T<>"")),'0326 4度C'!$T:$T) -> 0.80208333 | E17: =LOOKUP(2,1/(('0326 4度C'!$A:$A="新豐2線")*('0326 4度C'!$T:$T<>"")),'0326 4度C'!$T:$T) -> 0.57013889 | F17: =LOOKUP(2,1/(('0326 4度C'!$A:$A="新豐5線")*('0326 4度C'!$T:$T<>"")),'0326 4度C'!$T:$T) -> 0.81041667 | G17: =LOOKUP(2,1/(('0326 4度C'!$A:$A="新豐7線")*('0326 4度C'!$T:$T<>"")),'0326 4度C'!$T:$T) -> 0.82291667 | H17: =LOOKUP(2,1/(('0326 4度C'!$A:$A="新豐3線")*('0326 4度C'!$T:$T<>"")),'0326 4度C'!$T:$T) -> 0.42083333 | I17: =LOOKUP(2,1/(('0326 4度C'!$A:$A="新豐1線")*('0326 4度C'!$T:$T<>"")),'0326 4度C'!$T:$T) -> 0.82638889 | J17: =LOOKUP(2,1/(('0326 4度C'!$A:$A="新豐10線")*('0326 4度C'!$T:$T<>"")),'0326 4度C'!$T:$T) -> 0.42222222 | K17: =LOOKUP(2,1/(('0326 4度C'!$A:$A="新豐8線")*('0326 4度C'!$T:$T<>"")),'0326 4度C'!$T:$T) -> 0.52083333 | L17: =LOOKUP(2,1/(('0326 4度C'!$A:$A="新豐9線")*('0326 4度C'!$T:$T<>"")),'0326 4度C'!$T:$T) -> 0.5875 | M17: =LOOKUP(2,1/(('0326 4度C'!$A:$A="新豐4線")*('0326 4度C'!$T:$T<>"")),'0326 4度C'!$T:$T) -> 0.52013889
