Workbook

Sheet 0131
B1: 屏榮 新豐廠組合室生產人時性分析
B3: 日期 | C3: =TEXT('0131 4度C'!A2,"yyyy.mm.ddaaaa") -> 2026.01.31星期六 | E3: 訂單量 | F3: ='0131 4度C'!D1 -> 135047 | H3: 營業額 | I3: ='0131 4度C'!F1 -> 4693379.2
B4: 人時性 | C4: 項目 | E4: ➀ | G4: ➁ | I4: ➂ | K4: 異常停線 | M4: 短暫停線
C5: 組合室 | E5: 全溫層 | G5: 4度C-各編組展開 | I5: ③三明治-各編組展開 | K5: 合計次數 | L5: 時間 | M5: 合計次數 | N5: 設備次數
C6: 排關平均 | E6: =AVERAGE(D13:M13) -> 143.77629 | F6: =AVERAGE(D31:O31,D13:J13) -> 146.44823 | G6: =AVERAGE(D13:J13) -> 146.44823 | I6: =AVERAGE(K13:M13) -> 137.54177 | K6: ='0131 4度C'!Y2 -> 0 | L6: ='0131 4度C'!Z2 -> 0 | M6: ='0131 4度C'!AC2 -> 32 | N6: ='0131 4度C'!AD2 -> 0
C7: 實績平均 | E7: =AVERAGE(D14:M14) -> 137.81224 | F7: =AVERAGE(D32:O32,D14:J14) -> 140.36758 | G7: =AVERAGE(D14:J14) -> 140.36758 | I7: =AVERAGE(K14:M14) -> 131.8498
C8: 達成率平均 | E8: =AVERAGE(D15:M15) -> 0.95778451 | F8: =AVERAGE(D15:J15,D33:O33) -> 0.95746998 | G8: =AVERAGE(D15:J15) -> 0.95746998 | I8: =AVERAGE(K15:M15) -> 0.95851843
K9: ※現行日本鮮食廠以達成率80%為基本(即為現行KPI)
B10: 溫層 | D10: ➁4度C-各編組展開 | K10: ③三明治-各編組展開
B11: 編組 | D11: 1 | E11: 2 | F11: 3 | G11: 4 | H11: 5 | I11: 6 | J11: 7 | K11: 1 | L11: 2 | M11: 3
D12: 新豐6線 | E12: 新豐2線 | F12: 新豐5線 | G12: 新豐7線 | H12: 新豐3線 | I12: 新豐1線 | J12: 新豐10線 | K12: 新豐8線 | L12: 新豐9線 | M12: 新豐4線
B13: 人時性 | C13: 排關 | D13: =SUMIFS('0131 4度C'!$K:$K,'0131 4度C'!$A:$A,"新豐6線",'0131 4度C'!$B:$B,"平均") -> 116.50485 | E13: =SUMIFS('0131 4度C'!$K:$K,'0131 4度C'!$A:$A,"新豐2線",'0131 4度C'!$B:$B,"平均") -> 83.333333 | F13: =SUMIFS('0131 4度C'!$K:$K,'0131 4度C'!$A:$A,"新豐5線",'0131 4度C'!$B:$B,"平均") -> 110.16949 | G13: =SUMIFS('0131 4度C'!$K:$K,'0131 4度C'!$A:$A,"新豐7線",'0131 4度C'!$B:$B,"平均") -> 122.72727 | H13: =SUMIFS('0131 4度C'!$K:$K,'0131 4度C'!$A:$A,"新豐3線",'0131 4度C'!$B:$B,"平均") -> 300 | I13: =SUMIFS('0131 4度C'!$K:$K,'0131 4度C'!$A:$A,"新豐1線",'0131 4度C'!$B:$B,"平均") -> 103.7234 | J13: =SUMIFS('0131 4度C'!$K:$K,'0131 4度C'!$A:$A,"新豐10線",'0131 4度C'!$B:$B,"平均") -> 188.67925 | K13: =SUMIFS('0131 4度C'!$K:$K,'0131 4度C'!$A:$A,"新豐8線",'0131 4度C'!$B:$B,"平均") -> 135.84906 | L13: =SUMIFS('0131 4度C'!$K:$K,'0131 4度C'!$A:$A,"新豐9線",'0131 4度C'!$B:$B,"平均") -> 130.43478 | M13: =SUMIFS('0131 4度C'!$K:$K,'0131 4度C'!$A:$A,"新豐4線",'0131 4度C'!$B:$B,"平均") -> 146.34146
C14: 實績 | D14: =SUMIFS('0131 4度C'!$N:$N,'0131 4度C'!$A:$A,"新豐6線",'0131 4度C'!$B:$B,"平均") -> 111.81794 | E14: =SUMIFS('0131 4度C'!$N:$N,'0131 4度C'!$A:$A,"新豐2線",'0131 4度C'!$B:$B,"平均") -> 79.556488 | F14: =SUMIFS('0131 4度C'!$N:$N,'0131 4度C'!$A:$A,"新豐5線",'0131 4度C'!$B:$B,"平均") -> 106.29959 | G14: =SUMIFS('0131 4度C'!$N:$N,'0131 4度C'!$A:$A,"新豐7線",'0131 4度C'!$B:$B,"平均") -> 118.40803 | H14: =SUMIFS('0131 4度C'!$N:$N,'0131 4度C'!$A:$A,"新豐3線",'0131 4度C'!$B:$B,"平均") -> 288.15876 | I14: =SUMIFS('0131 4度C'!$N:$N,'0131 4度C'!$A:$A,"新豐1線",'0131 4度C'!$B:$B,"平均") -> 97.32076 | J14: =SUMIFS('0131 4度C'!$N:$N,'0131 4度C'!$A:$A,"新豐10線",'0131 4度C'!$B:$B,"平均") -> 181.01147 | K14: =SUMIFS('0131 4度C'!$N:$N,'0131 4度C'!$A:$A,"新豐8線",'0131 4度C'!$B:$B,"平均") -> 130.2393 | L14: =SUMIFS('0131 4度C'!$N:$N,'0131 4度C'!$A:$A,"新豐9線",'0131 4度C'!$B:$B,"平均") -> 124.67632 | M14: =SUMIFS('0131 4度C'!$N:$N,'0131 4度C'!$A:$A,"新豐4線",'0131 4度C'!$B:$B,"平均") -> 140.63379
C15: 達成率 | D15: =D14/D13 -> 0.95977066 | E15: =E14/E13 -> 0.95467786 | F15: =F14/F13 -> 0.96487322 | G15: =G14/G13 -> 0.96480619 | H15: =H14/H13 -> 0.9605292 | I15: =I14/I13 -> 0.93827194 | J15: =J14/J13 -> 0.95936079 | K15: =K14/K13 -> 0.95870596 | ... M15: =M14/M13 -> 0.96099756
B16: 作業 時間 | C16: 開始 | D16: =VLOOKUP("新豐6線",'0131 4度C'!$A:$T,19,0) -> 0.70833333 | E16: =VLOOKUP("新豐2線",'0131 4度C'!$A:$T,19,0) -> 0.20833333 | F16: =VLOOKUP("新豐5線",'0131 4度C'!$A:$T,19,0) -> 0.20833333 | G16: =VLOOKUP("新豐7線",'0131 4度C'!$A:$T,19,0) -> 0.20833333 | H16: =VLOOKUP("新豐3線",'0131 4度C'!$A:$T,19,0) -> 0.20833333 | I16: =VLOOKUP("新豐1線",'0131 4度C'!$A:$T,19,0) -> 0.20833333 | J16: =VLOOKUP("新豐10線",'0131 4度C'!$A:$T,19,0) -> 0.20833333 | K16: =VLOOKUP("新豐8線",'0131 4度C'!$A:$T,19,0) -> 0.125 | L16: =VLOOKUP("新豐9線",'0131 4度C'!$A:$T,19,0) -> 0.125 | M16: =VLOOKUP("新豐4線",'0131 4度C'!$A:$T,19,0) -> 0.125
C17: 結束 | D17: =LOOKUP(2,1/(('0131 4度C'!$A:$A="新豐6線")*('0131 4度C'!$T:$T<>"")),'0131 4度C'!$T:$T) -> 0.88472222 | E17: =LOOKUP(2,1/(('0131 4度C'!$A:$A="新豐2線")*('0131 4度C'!$T:$T<>"")),'0131 4度C'!$T:$T) -> 0.41180556 | F17: =LOOKUP(2,1/(('0131 4度C'!$A:$A="新豐5線")*('0131 4度C'!$T:$T<>"")),'0131 4度C'!$T:$T) -> 0.90555556 | G17: =LOOKUP(2,1/(('0131 4度C'!$A:$A="新豐7線")*('0131 4度C'!$T:$T<>"")),'0131 4度C'!$T:$T) -> 0.90416667 | H17: =LOOKUP(2,1/(('0131 4度C'!$A:$A="新豐3線")*('0131 4度C'!$T:$T<>"")),'0131 4度C'!$T:$T) -> 0.63125 | I17: =LOOKUP(2,1/(('0131 4度C'!$A:$A="新豐1線")*('0131 4度C'!$T:$T<>"")),'0131 4度C'!$T:$T) -> 0.88958333 | J17: =LOOKUP(2,1/(('0131 4度C'!$A:$A="新豐10線")*('0131 4度C'!$T:$T<>"")),'0131 4度C'!$T:$T) -> 0.42083333 | K17: =LOOKUP(2,1/(('0131 4度C'!$A:$A="新豐8線")*('0131 4度C'!$T:$T<>"")),'0131 4度C'!$T:$T) -> 0.52013889 | L17: =LOOKUP(2,1/(('0131 4度C'!$A:$A="新豐9線")*('0131 4度C'!$T:$T<>"")),'0131 4度C'!$T:$T) -> 0.50902778 | M17: =LOOKUP(2,1/(('0131 4度C'!$A:$A="新豐4線")*('0131 4度C'!$T:$T<>"")),'0131 4度C'!$T:$T) -> 0.48819444
B18: 產線異常 (5分鐘以上) | C18: 次數 | D18: =SUMIFS('0131 4度C'!$Y:$Y,'0131 4度C'!$A:$A,"新豐6線",'0131 4度C'!$B:$B,"平均") -> 0 | E18: =SUMIFS('0131 4度C'!$Y:$Y,'0131 4度C'!$A:$A,"新豐2線",'0131 4度C'!$B:$B,"平均") -> 0 | F18: =SUMIFS('0131 4度C'!$Y:$Y,'0131 4度C'!$A:$A,"新豐5線",'0131 4度C'!$B:$B,"平均") -> 0 | G18: =SUMIFS('0131 4度C'!$Y:$Y,'0131 4度C'!$A:$A,"新豐7線",'0131 4度C'!$B:$B,"平均") -> 0 | H18: =SUMIFS('0131 4度C'!$Y:$Y,'0131 4度C'!$A:$A,"新豐3線",'0131 4度C'!$B:$B,"平均") -> 0 | I18: =SUMIFS('0131 4度C'!$Y:$Y,'0131 4度C'!$A:$A,"新豐1線",'0131 4度C'!$B:$B,"平均") -> 0 | J18: =SUMIFS('0131 4度C'!$Y:$Y,'0131 4度C'!$A:$A,"新豐10線",'0131 4度C'!$B:$B,"平均") -> 0 | K18: =SUMIFS('0131 4度C'!$Y:$Y,'0131 4度C'!$A:$A,"新豐8線",'0131 4度C'!$B:$B,"平均") -> 0 | L18: =SUMIFS('0131 4度C'!$Y:$Y,'0131 4度C'!$A:$A,"新豐9線",'0131 4度C'!$B:$B,"平均") -> 0 | M18: =SUMIFS('0131 4度C'!$Y:$Y,'0131 4度C'!$A:$A,"新豐4線",'0131 4度C'!$B:$B,"平均") -> 0
C19: 時間/分 | D19: =SUMIFS('0131 4度C'!$Z:$Z,'0131 4度C'!$A:$A,"新豐6線",'0131 4度C'!$B:$B,"平均") -> 0 | E19: =SUMIFS('0131 4度C'!$Z:$Z,'0131 4度C'!$A:$A,"新豐2線",'0131 4度C'!$B:$B,"平均") -> 0 | F19: =SUMIFS('0131 4度C'!$Z:$Z,'0131 4度C'!$A:$A,"新豐5線",'0131 4度C'!$B:$B,"平均") -> 0 | G19: =SUMIFS('0131 4度C'!$Z:$Z,'0131 4度C'!$A:$A,"新豐7線",'0131 4度C'!$B:$B,"平均") -> 0 | H19: =SUMIFS('0131 4度C'!$Z:$Z,'0131 4度C'!$A:$A,"新豐3線",'0131 4度C'!$B:$B,"平均") -> 0 | I19: =SUMIFS('0131 4度C'!$Z:$Z,'0131 4度C'!$A:$A,"新豐1線",'0131 4度C'!$B:$B,"平均") -> 0 | J19: =SUMIFS('0131 4度C'!$Z:$Z,'0131 4度C'!$A:$A,"新豐10線",'0131 4度C'!$B:$B,"平均") -> 0 | K19: =SUMIFS('0131 4度C'!$Z:$Z,'0131 4度C'!$A:$A,"新豐8線",'0131 4度C'!$B:$B,"平均") -> 0 | L19: =SUMIFS('0131 4度C'!$Z:$Z,'0131 4度C'!$A:$A,"新豐9線",'0131 4度C'!$B:$B,"平均") -> 0 | M19: =SUMIFS('0131 4度C'!$Z:$Z,'0131 4度C'!$A:$A,"新豐4線",'0131 4度C'!$B:$B,"平均") -> 0
B20: 短暫停線 (5分鐘以下) | C20: 次數 | D20: =SUMIFS('0131 4度C'!$AC:$AC,'0131 4度C'!$A:$A,"新豐6線",'0131 4度C'!$B:$B,"平均") -> 1 | E20: =SUMIFS('0131 4度C'!$AC:$AC,'0131 4度C'!$A:$A,"新豐2線",'0131 4度C'!$B:$B,"平均") -> 2 | F20: =SUMIFS('0131 4度C'!$AC:$AC,'0131 4度C'!$A:$A,"新豐5線",'0131 4度C'!$B:$B,"平均") -> 3 | G20: =SUMIFS('0131 4度C'!$AC:$AC,'0131 4度C'!$A:$A,"新豐7線",'0131 4度C'!$B:$B,"平均") -> 3 | H20: =SUMIFS('0131 4度C'!$AC:$AC,'0131 4度C'!$A:$A,"新豐3線",'0131 4度C'!$B:$B,"平均") -> 0 | I20: =SUMIFS('0131 4度C'!$AC:$AC,'0131 4度C'!$A:$A,"新豐1線",'0131 4度C'!$B:$B,"平均") -> 4 | J20: =SUMIFS('0131 4度C'!$AC:$AC,'0131 4度C'!$A:$A,"新豐10線",'0131 4度C'!$B:$B,"平均") -> 1 | K20: =SUMIFS('0131 4度C'!$AC:$AC,'0131 4度C'!$A:$A,"新豐8線",'0131 4度C'!$B:$B,"平均") -> 6 | L20: =SUMIFS('0131 4度C'!$AC:$AC,'0131 4度C'!$A:$A,"新豐9線",'0131 4度C'!$B:$B,"平均") -> 6 | M20: =SUMIFS('0131 4度C'!$AC:$AC,'0131 4度C'!$A:$A,"新豐4線",'0131 4度C'!$B:$B,"平均") -> 6
C21: 設備次數 | D21: =SUMIFS('0131 4度C'!$AD:$AD,'0131 4度C'!$A:$A,"新豐6線",'0131 4度C'!$B:$B,"平均") -> 0 | E21: =SUMIFS('0131 4度C'!$AD:$AD,'0131 4度C'!$A:$A,"新豐2線",'0131 4度C'!$B:$B,"平均") -> 0 | F21: =SUMIFS('0131 4度C'!$AD:$AD,'0131 4度C'!$A:$A,"新豐5線",'0131 4度C'!$B:$B,"平均") -> 0 | G21: =SUMIFS('0131 4度C'!$AD:$AD,'0131 4度C'!$A:$A,"新豐7線",'0131 4度C'!$B:$B,"平均") -> 0 | H21: =SUMIFS('0131 4度C'!$AD:$AD,'0131 4度C'!$A:$A,"新豐3線",'0131 4度C'!$B:$B,"平均") -> 0 | I21: =SUMIFS('0131 4度C'!$AD:$AD,'0131 4度C'!$A:$A,"新豐1線",'0131 4度C'!$B:$B,"平均") -> 0 | J21: =SUMIFS('0131 4度C'!$AD:$AD,'0131 4度C'!$A:$A,"新豐10線",'0131 4度C'!$B:$B,"平均") -> 0 | K21: =SUMIFS('0131 4度C'!$AD:$AD,'0131 4度C'!$A:$A,"新豐8線",'0131 4度C'!$B:$B,"平均") -> 0 | L21: =SUMIFS('0131 4度C'!$AD:$AD,'0131 4度C'!$A:$A,"新豐9線",'0131 4度C'!$B:$B,"平均") -> 0 | M21: =SUMIFS('0131 4度C'!$AD:$AD,'0131 4度C'!$A:$A,"新豐4線",'0131 4度C'!$B:$B,"平均") -> 0
B22: 配置人數 | D22: =SUMIFS('0131 4度C'!$I:$I,'0131 4度C'!$A:$A,"新豐6線",'0131 4度C'!$B:$B,"平均") -> 17.166667 | E22: =SUMIFS('0131 4度C'!$I:$I,'0131 4度C'!$A:$A,"新豐2線",'0131 4度C'!$B:$B,"平均") -> 18 | F22: =SUMIFS('0131 4度C'!$I:$I,'0131 4度C'!$A:$A,"新豐5線",'0131 4度C'!$B:$B,"平均") -> 16.857143 | G22: =SUMIFS('0131 4度C'!$I:$I,'0131 4度C'!$A:$A,"新豐7線",'0131 4度C'!$B:$B,"平均") -> 15.714286 | H22: =SUMIFS('0131 4度C'!$I:$I,'0131 4度C'!$A:$A,"新豐3線",'0131 4度C'!$B:$B,"平均") -> 10 | I22: =SUMIFS('0131 4度C'!$I:$I,'0131 4度C'!$A:$A,"新豐1線",'0131 4度C'!$B:$B,"平均") -> 18.8 | J22: =SUMIFS('0131 4度C'!$I:$I,'0131 4度C'!$A:$A,"新豐10線",'0131 4度C'!$B:$B,"平均") -> 10.6 | K22: =SUMIFS('0131 4度C'!$I:$I,'0131 4度C'!$A:$A,"新豐8線",'0131 4度C'!$B:$B,"平均") -> 17.666667 | L22: =SUMIFS('0131 4度C'!$I:$I,'0131 4度C'!$A:$A,"新豐9線",'0131 4度C'!$B:$B,"平均") -> 18.4 | M22: =SUMIFS('0131 4度C'!$I:$I,'0131 4度C'!$A:$A,"新豐4線",'0131 4度C'!$B:$B,"平均") -> 16.4
B23: 主要應用設備 | D23: ET-55 | E23: 熱縮爐 | F23: L型包裝機 | G23: L型包裝機 | H23: 伺服包裝機 | I23: ET-55 | J23: 伺服包裝機 | K23: 三明治包裝機 | L23: 三明治包裝機 | M23: 三明治包裝機
B24: 次要應用設備 | F24: 圓盤機 | G24: ET-55
B25: 備註 | E25: 握沙拉 | F25: 共用L型包裝機 | H25: 調理麵包 | I25: 炒飯+沙拉 | J25: 調理麵包

Sheet 0131 4度C
A1: 新豐廠四度C日報分析 | C1: 總生產量 | D1: =SUM(F5:F77) -> 135047 | E1: 營業額 | F1: =SUM(G5:G77) -> 4693379.2 | G1: 出勤人數 | H1: =L11+L14+L54+L65+L22+L71+L37+L43+L30+L77 -> 159.60476 | I1: 產線配置圖 | L1: 生產實績 | O1: 人時性差異分析 | S1: 日報登錄 | Y1: 合計 次數 | Z1: 合計 時間/分 | AA1: 產線異常 分析說明(5分鐘以上) | AC1: 合計 次數 | AD1: 合計 設備次數 | AE1: 產能差異分析
A2: 46053 | B2: 星期六 | C2: 人時性 | D2: =AVERAGE(N11,N14,N54,N65,N22,N71,N30,N37,N43,N77) -> 137.81224 | E2: 平均廠價 | F2: =F1/D1 -> 34.753672 | G2: 多次生產數 | H2: =COUNT(H5:H77) -> 7 | Y2: =SUM(Y11+Y14+Y22+Y30+Y37+Y43+Y54+Y65+Y71+Y77) -> 0 | Z2: =SUM(Z11+Z14+Z22+Z30+Z37+Z43+Z54+Z65+Z71+Z77) -> 0 | AC2: 32 | AD2: =SUM(AD11+AD14+AD22+AD30+AD37+AD43+AD54+AD65+AD71+AD77) -> 0
A3: 線別 | B3: 品類 | C3: 品名 | E3: 廠價 | F3: 生產量 | G3: 營收 | H3: 多次 生產 | I3: 人數 | J3: 產能/時 | K3: 人時性 | L3: 人數 | M3: 產能/時 | N3: 人時性 | O3: 人數 | P3: 人時性 | Q3: 達成率 | R3: 達成率平均 | S3: 生產時間 | U3: 換線、休息/分 | V3: 稼動時間/分 | W3: 休息時間 | Y3: 產線異常統計 (5分鐘以上) | AA3: (新豐回填) | AC3: 短暫停線統計 (5分鐘以下) | AE3: 產能/時 | AF3: 達成率 | AG3: 達成率平均
S4: 開始 | T4: 結束 | W4: 開始 | X4: 結束 | Y4: 次數 | Z4: 時間/分 | AC4: 總次數 | AD4: 設備因素(次數)
A5: 新豐6線 | B5: 微波主食 | C5: 二配港式香滑嫩蛋牛肉燴飯 | E5: 50.67 | F5: 1213 | G5: =E5*F5 -> 61462.71 | I5: 17 | J5: 2000 | K5: =J5/I5 -> 117.64706 | L5: 17 | M5: =F5/V5*60 -> 1915.2632 | N5: =M5/L5 -> 112.66254 | O5: =L5-I5 -> 0 | P5: =N5-K5 -> -4.9845201 | Q5: =N5/K5 -> 0.95763158 | R5: =Q11 -> 0.95977066 | S5: 0.70833333 | T5: 0.73472222 | V5: =(T5-S5)*24*60 -> 38 | AC5: 1 | AE5: =M5-J5 -> -84.736842 | AF5: =M5/J5 -> 0.95763158 | AG5: =AF11 -> 0.95977066
A6: 新豐6線 | B6: 微波主食 | C6: 二配美味蟹煲 | E6: 54.09 | F6: 1182 | G6: =E6*F6 -> 63934.38 | I6: 19 | J6: 2000 | K6: =J6/I6 -> 105.26316 | L6: 19 | M6: =F6/V6*60 -> 1916.7568 | N6: =M6/L6 -> 100.88193 | O6: =L6-I6 -> 0 | P6: =N6-K6 -> -4.3812233 | Q6: =N6/K6 -> 0.95837838 | S6: 0.73958333 | T6: 0.76527778 | U6: =IF(S6=TIME(17,0,0),"",(S6-T5)*24*60) -> 7 | V6: =(T6-S6)*24*60 -> 37 | AE6: =M6-J6 -> -83.243243 | AF6: =M6/J6 -> 0.95837838
A7: 新豐6線 | B7: 微波主食 | C7: 二配麻油雞燴飯 | E7: 50.29 | F7: 711 | G7: =E7*F7 -> 35756.19 | I7: 16 | J7: 2000 | K7: =J7/I7 -> 125 | L7: 16 | M7: =F7/V7*60 -> 1939.0909 | N7: =M7/L7 -> 121.19318 | O7: =L7-I7 -> 0 | P7: =N7-K7 -> -3.8068182 | Q7: =N7/K7 -> 0.96954545 | S7: 0.77083333 | T7: 0.78611111 | U7: =IF(S7=TIME(17,0,0),"",(S7-T6)*24*60) -> 8 | V7: =(T7-S7)*24*60 -> 22 | AE7: =M7-J7 -> -60.909091 | AF7: =M7/J7 -> 0.96954545
A8: 新豐6線 | B8: 微波主食 | C8: 二配紅燒牛肉燴飯 | E8: 57.3 | F8: 700 | G8: =E8*F8 -> 40110 | H8: 2 | I8: 15 | J8: 2000 | K8: =J8/I8 -> 133.33333 | L8: 15 | M8: =F8/V8*60 -> 1909.0909 | N8: =M8/L8 -> 127.27273 | O8: =L8-I8 -> 0 | P8: =N8-K8 -> -6.0606061 | Q8: =N8/K8 -> 0.95454545 | S8: 0.79097222 | T8: 0.80625 | U8: =IF(S8=TIME(17,0,0),"",(S8-T7)*24*60) -> 7 | V8: =(T8-S8)*24*60 -> 22 | AE8: =M8-J8 -> -90.909091 | AF8: =M8/J8 -> 0.95454545
A9: 新豐6線 | B9: 微波主食 | C9: 二配濃蕃茄火腿蛋包飯 | E9: 50.67 | F9: 838 | G9: =E9*F9 -> 42461.46 | I9: 21 | J9: 2000 | K9: =J9/I9 -> 95.238095 | L9: 21 | M9: =F9/V9*60 -> 1933.8462 | N9: =M9/L9 -> 92.087912 | O9: =L9-I9 -> 0 | P9: =N9-K9 -> -3.1501832 | Q9: =N9/K9 -> 0.96692308 | S9: 0.81111111 | T9: 0.82916667 | U9: =IF(S9=TIME(17,0,0),"",(S9-T8)*24*60) -> 7 | V9: =(T9-S9)*24*60 -> 26 | W9: =T9 -> 0.82916667 | X9: =S10 -> 0.86736111 | AE9: =M9-J9 -> -66.153846 | AF9: =M9/J9 -> 0.96692308
A10: 新豐6線 | B10: 微波主食 | C10: 二配紅燒牛肉燴飯 | E10: 57.3 | F10: 793 | G10: =E10*F10 -> 45438.9 | I10: 15 | J10: 2000 | K10: =J10/I10 -> 133.33333 | L10: 15 | M10: =F10/V10*60 -> 1903.2 | N10: =M10/L10 -> 126.88 | O10: =L10-I10 -> 0 | P10: =N10-K10 -> -6.4533333 | Q10: =N10/K10 -> 0.9516 | S10: 0.86736111 | T10: 0.88472222 | U10: =IF(S10=TIME(17,0,0),"",(S10-T9)*24*60) -> 55 | V10: =(T10-S10)*24*60 -> 25 | AE10: =M10-J10 -> -96.8 | AF10: =M10/J10 -> 0.9516
A11: 新豐6線 | B11: 平均 | I11: 17.166667 | J11: 2000 | K11: =J11/I11 -> 116.50485 | L11: 17.166667 | M11: =AVERAGE(M5:M10) -> 1919.5413 | N11: =M11/L11 -> 111.81794 | O11: =L11-I11 -> 0 | P11: =N11-K11 -> -4.6869137 | Q11: =N11/K11 -> 0.95977066 | Y11: =SUM(Y5:Y10) -> 0 | Z11: =SUM(Z5:Z10) -> 0 | AC11: 1 | AD11: =SUM(AD5:AD10) -> 0 | AE11: =M11-J11 -> -80.458686 | AF11: =M11/J11 -> 0.95977066
A12: 新豐2線 | B12: 沙拉 | C12: 青醬優格雞肉握沙拉(113年) | E12: 39.62 | F12: 2600 | G12: =E12*F12 -> 103012 | I12: 19 | J12: 1500 | K12: =J12/I12 -> 78.947368 | L12: 19 | M12: =F12/V12*60 -> 1431.1927 | N12: =M12/L12 -> 75.32593 | O12: =L12-I12 -> 0 | P12: =N12-K12 -> -3.6214389 | Q12: =N12/K12 -> 0.95412844 | R12: =Q14 -> 0.95467786 | S12: 0.20833333 | T12: 0.28402778 | V12: =(T12-S12)*24*60 -> 109 | AC12: 2 | AE12: =M12-J12 -> -68.807339 | AF12: =M12/J12 -> 0.95412844 | AG12: =AF14 -> 0.95467786
A13: 新豐2線 | B13: 沙拉 | C13: 青檸烤雞握沙拉(113年) | E13: 39.8 | F13: 4203 | G13: =E13*F13 -> 167279.4 | I13: 17 | J13: 1500 | K13: =J13/I13 -> 88.235294 | L13: 17 | M13: =F13/V13*60 -> 1432.8409 | N13: =M13/L13 -> 84.284759 | O13: =L13-I13 -> 0 | P13: =N13-K13 -> -3.9505348 | Q13: =N13/K13 -> 0.95522727 | S13: 0.28958333 | T13: 0.41180556 | U13: =IF(S13=TIME(17,0,0),"",(S13-T12)*24*60) -> 8 | V13: =(T13-S13)*24*60 -> 176 | AE13: =M13-J13 -> -67.159091 | AF13: =M13/J13 -> 0.95522727
A14: 新豐2線 | B14: 平均 | I14: 18 | J14: 1500 | K14: =J14/I14 -> 83.333333 | L14: 18 | M14: =AVERAGE(M12:M13) -> 1432.0168 | N14: =M14/L14 -> 79.556488 | O14: =L14-I14 -> 0 | P14: =N14-K14 -> -3.7768453 | Q14: =N14/K14 -> 0.95467786 | Y14: =SUM(Y12:Y13) -> 0 | Z14: =SUM(Z12:Z13) -> 0 | AC14: 2 | AD14: =SUM(AD12:AD13) -> 0 | AE14: =M14-J14 -> -67.983215 | AF14: =M14/J14 -> 0.95467786
A15: 新豐5線 | B15: 小吃 | C15: 剝皮辣椒雞湯 | E15: 41 | F15: 1943 | G15: =E15*F15 -> 79663 | I15: 26 | J15: 1500 | K15: =J15/I15 -> 57.692308 | L15: 26 | M15: =F15/V15*60 -> 1439.2593 | N15: =M15/L15 -> 55.356125 | O15: =L15-I15 -> 0 | P15: =N15-K15 -> -2.3361823 | Q15: =N15/K15 -> 0.95950617 | R15: =Q22 -> 0.96487322 | S15: 0.20833333 | T15: 0.26458333 | V15: =(T15-S15)*24*60 -> 81 | AC15: 3 | AE15: =M15-J15 -> -60.740741 | AF15: =M15/J15 -> 0.95950617 | AG15: =AF22 -> 0.96487322
A16: 新豐5線 | B16: 季節調理麵 | C16: 柚子雞白湯拉麵 | E16: 72.4 | F16: 781 | G16: =E16*F16 -> 56544.4 | I16: 18 | J16: 1500 | K16: =J16/I16 -> 83.333333 | L16: 18 | M16: =F16/V16*60 -> 1464.375 | N16: =M16/L16 -> 81.354167 | O16: =L16-I16 -> 0 | P16: =N16-K16 -> -1.9791667 | Q16: =N16/K16 -> 0.97625 | S16: 0.27013889 | T16: 0.29236111 | U16: =IF(S16=TIME(17,0,0),"",(S16-T15)*24*60) -> 8 | V16: =(T16-S16)*24*60 -> 32 | AE16: =M16-J16 -> -35.625 | AF16: =M16/J16 -> 0.97625
A17: 新豐5線 | B17: 微波主食 | C17: 二配金咖哩濃厚辛口咖哩飯 | E17: 50.98 | F17: 1000 | G17: =E17*F17 -> 50980 | H17: 2 | I17: 16 | J17: 2000 | K17: =J17/I17 -> 125 | L17: 16 | M17: =F17/V17*60 -> 1935.4839 | N17: =M17/L17 -> 120.96774 | O17: =L17-I17 -> 0 | P17: =N17-K17 -> -4.0322581 | Q17: =N17/K17 -> 0.96774194 | S17: 0.70833333 | T17: 0.72986111 | U17: =IF(S17=TIME(17,0,0),"",(S17-T16)*24*60) | V17: =(T17-S17)*24*60 -> 31 | AE17: =M17-J17 -> -64.516129 | AF17: =M17/J17 -> 0.96774194
A18: 新豐5線 | B18: 微波主食 | C18: 二配金咖哩果香甘口咖哩飯 | E18: 50.92 | F18: 700 | G18: =E18*F18 -> 35644 | H18: 2 | I18: 15 | J18: 2000 | K18: =J18/I18 -> 133.33333 | L18: 15 | M18: =F18/V18*60 -> 1909.0909 | N18: =M18/L18 -> 127.27273 | O18: =L18-I18 -> 0 | P18: =N18-K18 -> -6.0606061 | Q18: =N18/K18 -> 0.95454545 | S18: 0.73333333 | T18: 0.74861111 | U18: =IF(S18=TIME(17,0,0),"",(S18-T17)*24*60) -> 5 | V18: =(T18-S18)*24*60 -> 22 | AE18: =M18-J18 -> -90.909091 | AF18: =M18/J18 -> 0.95454545
A19: 新豐5線 | B19: 微波主食 | C19: 二配泰式綠咖哩雞 | E19: 50.67 | F19: 1536 | G19: =E19*F19 -> 77829.12 | I19: 15 | J19: 2000 | K19: =J19/I19 -> 133.33333 | L19: 15 | M19: =F19/V19*60 -> 1920 | N19: =M19/L19 -> 128 | O19: =L19-I19 -> 0 | P19: =N19-K19 -> -5.3333333 | Q19: =N19/K19 -> 0.96 | S19: 0.75347222 | T19: 0.78680556 | U19: =IF(S19=TIME(17,0,0),"",(S19-T18)*24*60) -> 7 | V19: =(T19-S19)*24*60 -> 48 | AE19: =M19-J19 -> -80 | AF19: =M19/J19 -> 0.96
A20: 新豐5線 | B20: 微波主食 | C20: 二配厚香料咖哩雞排飯 | E20: 57.3 | F20: 1808 | G20: =E20*F20 -> 103598.4 | I20: 13 | J20: 2000 | K20: =J20/I20 -> 153.84615 | L20: 13 | M20: =F20/V20*60 -> 1937.1429 | N20: =M20/L20 -> 149.01099 | O20: =L20-I20 -> 0 | P20: =N20-K20 -> -4.8351648 | Q20: =N20/K20 -> 0.96857143 | S20: 0.79236111 | T20: 0.83125 | U20: =IF(S20=TIME(17,0,0),"",(S20-T19)*24*60) -> 8 | V20: =(T20-S20)*24*60 -> 56 | W20: =T20 -> 0.83125 | X20: =S21 -> 0.87083333 | AE20: =M20-J20 -> -62.857143 | AF20: =M20/J20 -> 0.96857143
A21: 新豐5線 | B21: 微波主食 | C21: 二配金咖哩果香甘口咖哩飯 | E21: 50.92 | F21: 1615 | G21: =E21*F21 -> 82235.8 | I21: 15 | J21: 2000 | K21: =J21/I21 -> 133.33333 | L21: 15 | M21: =F21/V21*60 -> 1938 | N21: =M21/L21 -> 129.2 | O21: =L21-I21 -> 0 | P21: =N21-K21 -> -4.1333333 | Q21: =N21/K21 -> 0.969 | S21: 0.87083333 | T21: 0.90555556 | U21: =IF(S21=TIME(17,0,0),"",(S21-T20)*24*60) -> 57 | V21: =(T21-S21)*24*60 -> 50 | AE21: =M21-J21 -> -62 | AF21: =M21/J21 -> 0.969
A22: 新豐5線 | B22: 平均 | I22: 16.857143 | J22: 1857.1429 | K22: =J22/I22 -> 110.16949 | L22: 16.857143 | M22: =AVERAGE(M15:M21) -> 1791.9074 | N22: =M22/L22 -> 106.29959 | O22: =L22-I22 -> 0 | P22: =N22-K22 -> -3.8698992 | Q22: =N22/K22 -> 0.96487322 | Y22: =SUM(Y15:Y21) -> 0 | Z22: =SUM(Z15:Z21) -> 0 | AC22: 3 | AD22: =SUM(AD15:AD21) -> 0 | AE22: =M22-J22 -> -65.235443 | AF22: =M22/J22 -> 0.96487322
A23: 新豐7線 | B23: 小吃 | C23: 古早味炒炊粉 | E23: 43.14 | F23: 910 | G23: =E23*F23 -> 39257.4 | I23: 17 | J23: 2000 | K23: =J23/I23 -> 117.64706 | L23: 17 | M23: =F23/V23*60 -> 1950 | N23: =M23/L23 -> 114.70588 | O23: =L23-I23 -> 0 | P23: =N23-K23 -> -2.9411765 | Q23: =N23/K23 -> 0.975 | R23: =Q30 -> 0.96480619 | S23: 0.20833333 | T23: 0.22777778 | V23: =(T23-S23)*24*60 -> 28 | AC23: 3 | AE23: =M23-J23 -> -50 | AF23: =M23/J23 -> 0.975 | AG23: =AF30 -> 0.96480619
A24: 新豐7線 | B24: 微波主食 | C24: 鐵板滑蛋炸豬排丼 | E24: 57.73 | F24: 2200 | G24: =E24*F24 -> 127006 | I24: 14 | J24: 2000 | K24: =J24/I24 -> 142.85714 | L24: 14 | M24: =F24/V24*60 -> 1913.0435 | N24: =M24/L24 -> 136.64596 | O24: =L24-I24 -> 0 | P24: =N24-K24 -> -6.2111801 | Q24: =N24/K24 -> 0.95652174 | S24: 0.23125 | T24: 0.27916667 | U24: =IF(S24=TIME(17,0,0),"",(S24-T23)*24*60) -> 5 | V24: =(T24-S24)*24*60 -> 69 | AE24: =M24-J24 -> -86.956522 | AF24: =M24/J24 -> 0.95652174
A25: 新豐7線 | B25: 微波主食 | C25: 極上炙烤親子丼 | E25: 53.68 | F25: 1353 | G25: =E25*F25 -> 72629.04 | I25: 16 | J25: 2000 | K25: =J25/I25 -> 125 | L25: 16 | M25: =F25/V25*60 -> 1932.8571 | N25: =M25/L25 -> 120.80357 | O25: =L25-I25 -> 0 | P25: =N25-K25 -> -4.1964286 | Q25: =N25/K25 -> 0.96642857 | S25: 0.28333333 | T25: 0.3125 | U25: =IF(S25=TIME(17,0,0),"",(S25-T24)*24*60) -> 6 | V25: =(T25-S25)*24*60 -> 42 | AE25: =M25-J25 -> -67.142857 | AF25: =M25/J25 -> 0.96642857
A26: 新豐7線 | B26: 微波主食 | C26: 二配川味麻婆燒豆腐燴飯 | E26: 50.49 | F26: 1886 | G26: =E26*F26 -> 95224.14 | I26: 15 | J26: 2000 | K26: =J26/I26 -> 133.33333 | L26: 15 | M26: =F26/V26*60 -> 1917.9661 | N26: =M26/L26 -> 127.86441 | O26: =L26-I26 -> 0 | P26: =N26-K26 -> -5.4689266 | Q26: =N26/K26 -> 0.95898305 | S26: 0.70833333 | T26: 0.74930556 | U26: =IF(S26=TIME(17,0,0),"",(S26-T25)*24*60) | V26: =(T26-S26)*24*60 -> 59 | AE26: =M26-J26 -> -82.033898 | AF26: =M26/J26 -> 0.95898305
A27: 新豐7線 | B27: 微波主食 | C27: 二配香炒沙茶豬肉飯 | E27: 50.67 | F27: 943 | G27: =E27*F27 -> 47781.81 | I27: 16 | J27: 2000 | K27: =J27/I27 -> 125 | L27: 16 | M27: =F27/V27*60 -> 1951.0345 | N27: =M27/L27 -> 121.93966 | O27: =L27-I27 -> 0 | P27: =N27-K27 -> -3.0603448 | Q27: =N27/K27 -> 0.97551724 | S27: 0.75486111 | T27: 0.775 | U27: =IF(S27=TIME(17,0,0),"",(S27-T26)*24*60) -> 8 | V27: =(T27-S27)*24*60 -> 29 | AE27: =M27-J27 -> -48.965517 | AF27: =M27/J27 -> 0.97551724
A28: 新豐7線 | B28: 微波主食 | C28: 二配起司控培根白醬焗烤飯 | E28: 53.68 | F28: 1994 | G28: =E28*F28 -> 107037.92 | I28: 16 | J28: 1500 | K28: =J28/I28 -> 93.75 | L28: 16 | M28: =F28/V28*60 -> 1441.4458 | N28: =M28/L28 -> 90.090361 | O28: =L28-I28 -> 0 | P28: =N28-K28 -> -3.6596386 | Q28: =N28/K28 -> 0.96096386 | S28: 0.77847222 | T28: 0.83611111 | U28: =IF(S28=TIME(17,0,0),"",(S28-T27)*24*60) -> 5 | V28: =(T28-S28)*24*60 -> 83 | W28: =T28 -> 0.83611111 | X28: =S29 -> 0.87569444 | AE28: =M28-J28 -> -58.554217 | AF28: =M28/J28 -> 0.96096386
A29: 新豐7線 | B29: 微波主食 | C29: 二配金咖哩濃厚辛口咖哩飯 | E29: 50.98 | F29: 1311 | G29: =E29*F29 -> 66834.78 | I29: 16 | J29: 2000 | K29: =J29/I29 -> 125 | L29: 16 | M29: =F29/V29*60 -> 1918.5366 | N29: =M29/L29 -> 119.90854 | O29: =L29-I29 -> 0 | P29: =N29-K29 -> -5.0914634 | Q29: =N29/K29 -> 0.95926829 | S29: 0.87569444 | T29: 0.90416667 | U29: =IF(S29=TIME(17,0,0),"",(S29-T28)*24*60) -> 57 | V29: =(T29-S29)*24*60 -> 41 | AE29: =M29-J29 -> -81.463415 | AF29: =M29/J29 -> 0.95926829
A30: 新豐7線 | B30: 平均 | I30: 15.714286 | J30: 1928.5714 | K30: =J30/I30 -> 122.72727 | L30: 15.714286 | M30: =AVERAGE(M23:M29) -> 1860.6977 | N30: =M30/L30 -> 118.40803 | O30: =L30-I30 -> 0 | P30: =N30-K30 -> -4.3192402 | Q30: =N30/K30 -> 0.96480619 | Y30: =SUM(Y23:Y29) -> 0 | Z30: =SUM(Z23:Z29) -> 0 | AC30: 3 | AD30: =SUM(AD23:AD29) -> 0 | AE30: =M30-J30 -> -67.873775 | AF30: =M30/J30 -> 0.96480619
A31: 新豐8線 | B31: 三明治 | C31: 紐奧良風味烤雞鮮蔬三明治 | E31: 31.29 | F31: 6933 | G31: =E31*F31 -> 216933.57 | I31: 18 | J31: 2400 | K31: =J31/I31 -> 133.33333 | L31: 18 | M31: =F31/V31*60 -> 2285.6044 | N31: =M31/L31 -> 126.97802 | O31: =L31-I31 -> 0 | P31: =N31-K31 -> -6.3553114 | Q31: =N31/K31 -> 0.95233516 | R31: =Q37 -> 0.95870596 | S31: 0.125 | T31: 0.25138889 | V31: =(T31-S31)*24*60 -> 182 | W31: =T31 -> 0.25138889 | X31: =S32 -> 0.26944444 | AC31: 6 | AE31: =M31-J31 -> -114.3956 | AF31: =M31/J31 -> 0.95233516 | AG31: =AF37 -> 0.95870596
A32: 新豐8線 | B32: 三明治 | C32: 經典總匯三明治 | E32: 26.2 | F32: 3667 | G32: =E32*F32 -> 96075.4 | I32: 20 | J32: 2400 | K32: =J32/I32 -> 120 | L32: 20 | M32: =F32/V32*60 -> 2291.875 | N32: =M32/L32 -> 114.59375 | O32: =L32-I32 -> 0 | P32: =N32-K32 -> -5.40625 | Q32: =N32/K32 -> 0.95494792 | S32: 0.26944444 | T32: 0.33611111 | U32: =(S32-T31)*24*60 -> 26 | V32: =(T32-S32)*24*60 -> 96 | AE32: =M32-J32 -> -108.125 | AF32: =M32/J32 -> 0.95494792
A33: 新豐8線 | B33: 三明治 | C33: 雞蛋沙拉三明治(114年) | E33: 25.99 | F33: 3081 | G33: =E33*F33 -> 80075.19 | I33: 14 | J33: 2400 | K33: =J33/I33 -> 171.42857 | L33: 14 | M33: =F33/V33*60 -> 2282.2222 | N33: =M33/L33 -> 163.01587 | O33: =L33-I33 -> 0 | P33: =N33-K33 -> -8.4126984 | Q33: =N33/K33 -> 0.95092593 | S33: 0.34166667 | T33: 0.39791667 | U33: =(S33-T32)*24*60 -> 8 | V33: =(T33-S33)*24*60 -> 81 | AE33: =M33-J33 -> -117.77778 | AF33: =M33/J33 -> 0.95092593
A34: 新豐8線 | B34: 三明治 | C34: 肉鬆火腿三明治 | E34: 20.52 | F34: 2899 | G34: =E34*F34 -> 59487.48 | I34: 18 | J34: 2400 | K34: =J34/I34 -> 133.33333 | L34: 18 | M34: =F34/V34*60 -> 2288.6842 | N34: =M34/L34 -> 127.14912 | O34: =L34-I34 -> 0 | P34: =N34-K34 -> -6.1842105 | Q34: =N34/K34 -> 0.95361842 | S34: 0.40277778 | T34: 0.45555556 | U34: =(S34-T33)*24*60 -> 7 | V34: =(T34-S34)*24*60 -> 76 | AE34: =M34-J34 -> -111.31579 | AF34: =M34/J34 -> 0.95361842
A35: 新豐8線 | B35: 三明治 | C35: 好多菜三明治(114年) | E35: 25.98 | F35: 2273 | G35: =E35*F35 -> 59052.54 | I35: 21 | J35: 2400 | K35: =J35/I35 -> 114.28571 | L35: 21 | M35: =F35/V35*60 -> 2311.5254 | N35: =M35/L35 -> 110.07264 | O35: =L35-I35 -> 0 | P35: =N35-K35 -> -4.2130751 | Q35: =N35/K35 -> 0.96313559 | S35: 0.45972222 | T35: 0.50069444 | U35: =(S35-T34)*24*60 -> 6 | V35: =(T35-S35)*24*60 -> 59 | AE35: =M35-J35 -> -88.474576 | AF35: =M35/J35 -> 0.96313559
A36: 新豐8線 | B36: 三明治 | C36: 覆盆莓榛果可可三明治 | E36: 22.69 | F36: 860 | G36: =E36*F36 -> 19513.4 | I36: 15 | J36: 2400 | K36: =J36/I36 -> 160 | L36: 15 | M36: =F36/V36*60 -> 2345.4545 | N36: =M36/L36 -> 156.36364 | O36: =L36-I36 -> 0 | P36: =N36-K36 -> -3.6363636 | Q36: =N36/K36 -> 0.97727273 | S36: 0.50486111 | T36: 0.52013889 | U36: =(S36-T35)*24*60 -> 6 | V36: =(T36-S36)*24*60 -> 22 | AE36: =M36-J36 -> -54.545455 | AF36: =M36/J36 -> 0.97727273
A37: 新豐8線 | B37: 平均 | I37: 17.666667 | J37: 2400 | K37: =J37/I37 -> 135.84906 | L37: 17.666667 | M37: =AVERAGE(M31:M36) -> 2300.8943 | N37: =M37/L37 -> 130.2393 | O37: =L37-I37 -> 0 | P37: =N37-K37 -> -5.6097566 | Q37: =N37/K37 -> 0.95870596 | Y37: =SUM(Y31:Y36) -> 0 | Z37: =SUM(Z31:Z36) -> 0 | AC37: 6 | AD37: =SUM(AD31:AD36) -> 0 | AE37: =M37-J37 -> -99.1057 | AF37: =M37/J37 -> 0.95870596
A38: 新豐9線 | B38: 三明治 | C38: 鮪魚起司溏心蛋三明治 | E38: 26.2 | F38: 4861 | G38: =E38*F38 -> 127358.2 | I38: 18 | J38: 2400 | K38: =J38/I38 -> 133.33333 | L38: 18 | M38: =F38/V38*60 -> 2296.5354 | N38: =M38/L38 -> 127.5853 | O38: =L38-I38 -> 0 | P38: =N38-K38 -> -5.7480315 | Q38: =N38/K38 -> 0.95688976 | R38: =Q43 -> 0.95585176 | S38: 0.125 | T38: 0.21319444 | V38: =(T38-S38)*24*60 -> 127 | W38: =T38 -> 0.21319444 | X38: =S39 -> 0.23263889 | AC38: 6 | AE38: =M38-J38 -> -103.46457 | AF38: =M38/J38 -> 0.95688976 | AG38: =AF43 -> 0.95585176
A39: 新豐9線 | B39: 三明治 | C39: 陽光地瓜總匯三明治 | E39: 26.18 | F39: 1499 | G39: =E39*F39 -> 39243.82 | I39: 19 | J39: 2400 | K39: =J39/I39 -> 126.31579 | L39: 19 | M39: =F39/V39*60 -> 2306.1538 | N39: =M39/L39 -> 121.37652 | O39: =L39-I39 -> 0 | P39: =N39-K39 -> -4.9392713 | Q39: =N39/K39 -> 0.96089744 | S39: 0.23263889 | T39: 0.25972222 | U39: =(S39-T38)*24*60 -> 28 | V39: =(T39-S39)*24*60 -> 39 | AE39: =M39-J39 -> -93.846154 | AF39: =M39/J39 -> 0.96089744
A40: 新豐9線 | B40: 三明治 | C40: 醬燒烤雞三明治 | E40: 26.39 | F40: 4436 | G40: =E40*F40 -> 117066.04 | I40: 19 | J40: 2400 | K40: =J40/I40 -> 126.31579 | L40: 19 | M40: =F40/V40*60 -> 2294.4828 | N40: =M40/L40 -> 120.76225 | O40: =L40-I40 -> 0 | P40: =N40-K40 -> -5.553539 | Q40: =N40/K40 -> 0.95603448 | S40: 0.26527778 | T40: 0.34583333 | U40: =(S40-T39)*24*60 -> 8 | V40: =(T40-S40)*24*60 -> 116 | AE40: =M40-J40 -> -105.51724 | AF40: =M40/J40 -> 0.95603448
A41: 新豐9線 | B41: 三明治 | C41: 瘋狂起司三明治(113年) | E41: 24.45 | F41: 1830 | G41: =E41*F41 -> 44743.5 | I41: 20 | J41: 2400 | K41: =J41/I41 -> 120 | L41: 20 | M41: =F41/V41*60 -> 2287.5 | N41: =M41/L41 -> 114.375 | O41: =L41-I41 -> 0 | P41: =N41-K41 -> -5.625 | Q41: =N41/K41 -> 0.953125 | S41: 0.35 | T41: 0.38333333 | U41: =(S41-T40)*24*60 -> 6 | V41: =(T41-S41)*24*60 -> 48 | AE41: =M41-J41 -> -112.5 | AF41: =M41/J41 -> 0.953125
A42: 新豐9線 | B42: 三明治 | C42: 草莓優格三明治 | E42: 22.69 | F42: 6590 | G42: =E42*F42 -> 149527.1 | I42: 16 | J42: 2400 | K42: =J42/I42 -> 150 | L42: 16 | M42: =F42/V42*60 -> 2285.5491 | N42: =M42/L42 -> 142.84682 | O42: =L42-I42 -> 0 | P42: =N42-K42 -> -7.1531792 | Q42: =N42/K42 -> 0.95231214 | S42: 0.38888889 | T42: 0.50902778 | U42: =(S42-T41)*24*60 -> 8 | V42: =(T42-S42)*24*60 -> 173 | AE42: =M42-J42 -> -114.45087 | AF42: =M42/J42 -> 0.95231214
A43: 新豐9線 | B43: 平均 | I43: 18.4 | J43: 2400 | K43: =J43/I43 -> 130.43478 | L43: 18.4 | M43: =AVERAGE(M38:M42) -> 2294.0442 | N43: =M43/L43 -> 124.67632 | O43: =L43-I43 -> 0 | P43: =N43-K43 -> -5.7584655 | Q43: =N43/K43 -> 0.95585176 | Y43: =SUM(Y38:Y42) -> 0 | Z43: =SUM(Z38:Z42) -> 0 | AC43: 6 | AD43: =SUM(AD38:AD42) -> 0 | AE43: =M43-J43 -> -105.95577 | AF43: =M43/J43 -> 0.95585176
A44: 新豐3線 | B44: 調理麵包 | C44: 豬肉起司堡 | E44: 21.13 | F44: 2100 | G44: =E44*F44 -> 44373 | H44: 2 | I44: 10 | J44: 3000 | K44: =J44/I44 -> 300 | L44: 10 | M44: =F44/V44*60 -> 2863.6364 | N44: =M44/L44 -> 286.36364 | O44: =L44-I44 -> 0 | P44: =N44-K44 -> -13.636364 | Q44: =N44/K44 -> 0.95454545 | R44: =Q54 -> 0.9605292 | S44: 0.20833333 | T44: 0.23888889 | V44: =(T44-S44)*24*60 -> 44 | AE44: =M44-J44 -> -136.36364 | AF44: =M44/J44 -> 0.95454545 | AG44: =AF54 -> 0.9605292
A45: 新豐3線 | B45: 調理麵包 | C45: 豬肉起司蛋堡 | E45: 27.17 | F45: 3700 | G45: =E45*F45 -> 100529 | H45: 2 | I45: 10 | J45: 3000 | K45: =J45/I45 -> 300 | L45: 10 | M45: =F45/V45*60 -> 2883.1169 | N45: =M45/L45 -> 288.31169 | O45: =L45-I45 -> 0 | P45: =N45-K45 -> -11.688312 | Q45: =N45/K45 -> 0.96103896 | S45: 0.24375 | T45: 0.29722222 | U45: =(S45-T44)*24*60 -> 7 | V45: =(T45-S45)*24*60 -> 77 | AE45: =M45-J45 -> -116.88312 | AF45: =M45/J45 -> 0.96103896
A46: 新豐3線 | B46: 調理麵包 | C46: 經典雙牛起司堡(113年) | E46: 35.12 | F46: 3000 | G46: =E46*F46 -> 105360 | H46: 2 | I46: 10 | J46: 3000 | K46: =J46/I46 -> 300 | L46: 10 | M46: =F46/V46*60 -> 2857.1429 | N46: =M46/L46 -> 285.71429 | O46: =L46-I46 -> 0 | P46: =N46-K46 -> -14.285714 | Q46: =N46/K46 -> 0.95238095 | S46: 0.30277778 | T46: 0.34652778 | U46: =(S46-T45)*24*60 -> 8 | V46: =(T46-S46)*24*60 -> 63 | AE46: =M46-J46 -> -142.85714 | AF46: =M46/J46 -> 0.95238095
A47: 新豐3線 | B47: 調理麵包 | C47: 香雞蛋堡(112年) | E47: 26.78 | F47: 2428 | G47: =E47*F47 -> 65021.84 | I47: 10 | J47: 3000 | K47: =J47/I47 -> 300 | L47: 10 | M47: =F47/V47*60 -> 2856.4706 | N47: =M47/L47 -> 285.64706 | O47: =L47-I47 -> 0 | P47: =N47-K47 -> -14.352941 | Q47: =N47/K47 -> 0.95215686 | S47: 0.35208333 | T47: 0.3875 | U47: =(S47-T46)*24*60 -> 8 | V47: =(T47-S47)*24*60 -> 51 | AE47: =M47-J47 -> -143.52941 | AF47: =M47/J47 -> 0.95215686
A48: 新豐3線 | B48: 調理麵包 | C48: 花生培根歐姆蛋堡 | E48: 32.02 | F48: 1647 | G48: =E48*F48 -> 52736.94 | I48: 11 | J48: 3000 | K48: =J48/I48 -> 272.72727 | L48: 11 | M48: =F48/V48*60 -> 2906.4706 | N48: =M48/L48 -> 264.2246 | O48: =L48-I48 -> 0 | P48: =N48-K48 -> -8.5026738 | Q48: =N48/K48 -> 0.96882353 | S48: 0.39305556 | T48: 0.41666667 | U48: =(S48-T47)*24*60 -> 8 | V48: =(T48-S48)*24*60 -> 34 | AE48: =M48-J48 -> -93.529412 | AF48: =M48/J48 -> 0.96882353
A49: 新豐3線 | B49: 調理麵包 | C49: 美式雞腿堡 | E49: 35.87 | F49: 3157 | G49: =E49*F49 -> 113241.59 | I49: 9 | J49: 3000 | K49: =J49/I49 -> 333.33333 | L49: 9 | M49: =F49/V49*60 -> 2870 | N49: =M49/L49 -> 318.88889 | O49: =L49-I49 -> 0 | P49: =N49-K49 -> -14.444444 | Q49: =N49/K49 -> 0.95666667 | S49: 0.42152778 | T49: 0.46736111 | U49: =(S49-T48)*24*60 -> 7 | V49: =(T49-S49)*24*60 -> 66 | AE49: =M49-J49 -> -130 | AF49: =M49/J49 -> 0.95666667
A50: 新豐3線 | B50: 調理麵包 | C50: 黃金雙層鱈魚招財堡 | E50: 44.03 | F50: 1593 | G50: =E50*F50 -> 70139.79 | I50: 10 | J50: 3000 | K50: =J50/I50 -> 300 | L50: 10 | M50: =F50/V50*60 -> 2896.3636 | N50: =M50/L50 -> 289.63636 | O50: =L50-I50 -> 0 | P50: =N50-K50 -> -10.363636 | Q50: =N50/K50 -> 0.96545455 | S50: 0.47222222 | T50: 0.49513889 | U50: =(S50-T49)*24*60 -> 7 | V50: =(T50-S50)*24*60 -> 33 | W50: =T50 -> 0.49513889 | X50: =S51 -> 0.53541667 | AE50: =M50-J50 -> -103.63636 | AF50: =M50/J50 -> 0.96545455
A51: 新豐3線 | B51: 調理麵包 | C51: 豬肉起司堡 | E51: 21.13 | F51: 2409 | G51: =E51*F51 -> 50902.17 | I51: 10 | J51: 3000 | K51: =J51/I51 -> 300 | L51: 10 | M51: =F51/V51*60 -> 2890.8 | N51: =M51/L51 -> 289.08 | O51: =L51-I51 -> 0 | P51: =N51-K51 -> -10.92 | Q51: =N51/K51 -> 0.9636 | S51: 0.53541667 | T51: 0.57013889 | U51: =(S51-T50)*24*60 -> 58 | V51: =(T51-S51)*24*60 -> 50 | AE51: =M51-J51 -> -109.2 | AF51: =M51/J51 -> 0.9636
A52: 新豐3線 | B52: 調理麵包 | C52: 豬肉起司蛋堡 | E52: 27.17 | F52: 2112 | G52: =E52*F52 -> 57383.04 | I52: 10 | J52: 3000 | K52: =J52/I52 -> 300 | L52: 10 | M52: =F52/V52*60 -> 2880 | N52: =M52/L52 -> 288 | O52: =L52-I52 -> 0 | P52: =N52-K52 -> -12 | Q52: =N52/K52 -> 0.96 | S52: 0.575 | T52: 0.60555556 | U52: =(S52-T51)*24*60 -> 7 | V52: =(T52-S52)*24*60 -> 44 | AE52: =M52-J52 -> -120 | AF52: =M52/J52 -> 0.96
A53: 新豐3線 | B53: 調理麵包 | C53: 經典雙牛起司堡(113年) | E53: 35.12 | F53: 1553 | G53: =E53*F53 -> 54541.36 | I53: 10 | J53: 3000 | K53: =J53/I53 -> 300 | L53: 10 | M53: =F53/V53*60 -> 2911.875 | N53: =M53/L53 -> 291.1875 | O53: =L53-I53 -> 0 | P53: =N53-K53 -> -8.8125 | Q53: =N53/K53 -> 0.970625 | S53: 0.60902778 | T53: 0.63125 | U53: =(S53-T52)*24*60 -> 5 | V53: =(T53-S53)*24*60 -> 32 | AE53: =M53-J53 -> -88.125 | AF53: =M53/J53 -> 0.970625
A54: 新豐3線 | B54: 平均 | I54: 10 | J54: 3000 | K54: =J54/I54 -> 300 | L54: 10 | M54: =AVERAGE(M44:M53) -> 2881.5876 | N54: =M54/L54 -> 288.15876 | O54: =L54-I54 -> 0 | P54: =N54-K54 -> -11.841241 | Q54: =N54/K54 -> 0.9605292 | Y54: =SUM(Y44:Y53) -> 0 | Z54: =SUM(Z44:Z53) -> 0 | AC54: 0 | AD54: =SUM(AD44:AD53) -> 0 | AE54: =M54-J54 -> -118.41241 | AF54: =M54/J54 -> 0.9605292
A55: 新豐1線 | B55: 沙拉 | C55: 蔥鹽雞肉麵沙拉(114年) | E55: 46 | F55: 1243 | G55: =E55*F55 -> 57178 | I55: 17 | J55: 2000 | K55: =J55/I55 -> 117.64706 | L55: 17 | M55: =F55/V55*60 -> 1912.3077 | N55: =M55/L55 -> 112.48869 | O55: =L55-I55 -> 0 | P55: =N55-K55 -> -5.158371 | Q55: =N55/K55 -> 0.95615385 | R55: =Q65 -> 0.93827194 | S55: 0.20833333 | T55: 0.23541667 | V55: =(T55-S55)*24*60 -> 39 | AC55: 4 | AE55: =M55-J55 -> -87.692308 | AF55: =M55/J55 -> 0.95615385 | AG55: =AF65 -> 0.93827194
A56: 新豐1線 | B56: 沙拉 | C56: 莎莎烤雞麵沙拉 | E56: 46 | F56: 1498 | G56: =E56*F56 -> 68908 | I56: 17 | J56: 2000 | K56: =J56/I56 -> 117.64706 | L56: 17 | M56: =F56/V56*60 -> 1912.3404 | N56: =M56/L56 -> 112.49061 | O56: =L56-I56 -> 0 | P56: =N56-K56 -> -5.1564456 | Q56: =N56/K56 -> 0.95617021 | S56: 0.24027778 | T56: 0.27291667 | U56: =IF(S56=TIME(17,0,0),"",(S56-T55)*24*60) -> 7 | V56: =(T56-S56)*24*60 -> 47 | AE56: =M56-J56 -> -87.659574 | AF56: =M56/J56 -> 0.95617021
A57: 新豐1線 | B57: 微波主食 | C57: 壹號醬雞豚雙拼 | E57: 56.43 | F57: 1683 | G57: =E57*F57 -> 94971.69 | I57: 22 | J57: 2000 | K57: =J57/I57 -> 90.909091 | L57: 22 | M57: =F57/V57*60 -> 1771.5789 | N57: =M57/L57 -> 80.526316 | O57: =L57-I57 -> 0 | P57: =N57-K57 -> -10.382775 | Q57: =N57/K57 -> 0.88578947 | S57: 0.27638889 | T57: 0.31597222 | U57: =IF(S57=TIME(17,0,0),"",(S57-T56)*24*60) -> 5 | V57: =(T57-S57)*24*60 -> 57 | AE57: =M57-J57 -> -228.42105 | AF57: =M57/J57 -> 0.88578947
A58: 新豐1線 | B58: 微波主食 | C58: 好多蒜燒豚飯 | E58: 51.75 | F58: 1615 | G58: =E58*F58 -> 83576.25 | I58: 25 | J58: 2000 | K58: =J58/I58 -> 80 | L58: 25 | M58: =F58/V58*60 -> 1670.6897 | N58: =M58/L58 -> 66.827586 | O58: =L58-I58 -> 0 | P58: =N58-K58 -> -13.172414 | Q58: =N58/K58 -> 0.83534483 | S58: 0.32152778 | T58: 0.36180556 | U58: =IF(S58=TIME(17,0,0),"",(S58-T57)*24*60) -> 8 | V58: =(T58-S58)*24*60 -> 58 | AE58: =M58-J58 -> -329.31034 | AF58: =M58/J58 -> 0.83534483
A59: 新豐1線 | B59: 微波主食 | C59: 美乃炙烤雞肉飯 | E59: 54.09 | F59: 1731 | G59: =E59*F59 -> 93629.79 | I59: 19 | J59: 2000 | K59: =J59/I59 -> 105.26316 | L59: 19 | M59: =F59/V59*60 -> 1790.6897 | N59: =M59/L59 -> 94.246824 | O59: =L59-I59 -> 0 | P59: =N59-K59 -> -11.016334 | Q59: =N59/K59 -> 0.89534483 | S59: 0.36666667 | T59: 0.40694444 | U59: =IF(S59=TIME(17,0,0),"",(S59-T58)*24*60) -> 7 | V59: =(T59-S59)*24*60 -> 58 | AE59: =M59-J59 -> -209.31034 | AF59: =M59/J59 -> 0.89534483
A60: 新豐1線 | B60: 微波主食 | C60: 二配香辣醬蒜味香腸蛋炒飯 | E60: 55.56 | F60: 1700 | G60: =E60*F60 -> 94452 | I60: 17 | J60: 2000 | K60: =J60/I60 -> 117.64706 | L60: 17 | M60: =F60/V60*60 -> 1924.5283 | N60: =M60/L60 -> 113.20755 | O60: =L60-I60 -> 0 | P60: =N60-K60 -> -4.4395117 | Q60: =N60/K60 -> 0.96226415 | S60: 0.70833333 | T60: 0.74513889 | U60: =IF(S60=TIME(17,0,0),"",(S60-T59)*24*60) | V60: =(T60-S60)*24*60 -> 53 | AE60: =M60-J60 -> -75.471698 | AF60: =M60/J60 -> 0.96226415
A61: 新豐1線 | B61: 微波主食 | C61: 二配香拌海鮮醬肉絲蛋炒飯 | E61: 55.32 | F61: 1163 | G61: =E61*F61 -> 64337.16 | I61: 15 | J61: 2000 | K61: =J61/I61 -> 133.33333 | L61: 15 | M61: =F61/V61*60 -> 1938.3333 | N61: =M61/L61 -> 129.22222 | O61: =L61-I61 -> 0 | P61: =N61-K61 -> -4.1111111 | Q61: =N61/K61 -> 0.96916667 | S61: 0.74861111 | T61: 0.77361111 | U61: =IF(S61=TIME(17,0,0),"",(S61-T60)*24*60) -> 5 | V61: =(T61-S61)*24*60 -> 36 | AE61: =M61-J61 -> -61.666667 | AF61: =M61/J61 -> 0.96916667
A62: 新豐1線 | B62: 微波主食 | C62: 二配鮭魚蛋炒飯 | E62: 54.29 | F62: 600 | G62: =E62*F62 -> 32574 | H62: 2 | I62: 20 | J62: 2000 | K62: =J62/I62 -> 100 | L62: 20 | M62: =F62/V62*60 -> 2000 | N62: =M62/L62 -> 100 | O62: =L62-I62 -> 0 | P62: =N62-K62 -> 3.5527137e-13 | Q62: =N62/K62 -> 1 | S62: 0.77777778 | T62: 0.79027778 | U62: =IF(S62=TIME(17,0,0),"",(S62-T61)*24*60) -> 6 | V62: =(T62-S62)*24*60 -> 18 | AE62: =M62-J62 -> 7.0485839e-12 | AF62: =M62/J62 -> 1
A63: 新豐1線 | B63: 微波主食 | C63: 二配粗飽系雞排炒飯(114年) | E63: 57.73 | F63: 978 | G63: =E63*F63 -> 56459.94 | I63: 16 | J63: 1500 | K63: =J63/I63 -> 93.75 | L63: 16 | M63: =F63/V63*60 -> 1431.2195 | N63: =M63/L63 -> 89.45122 | O63: =L63-I63 -> 0 | P63: =N63-K63 -> -4.2987805 | Q63: =N63/K63 -> 0.95414634 | S63: 0.79444444 | T63: 0.82291667 | U63: =IF(S63=TIME(17,0,0),"",(S63-T62)*24*60) -> 6 | V63: =(T63-S63)*24*60 -> 41 | W63: =T63 -> 0.82291667 | X63: =S64 -> 0.8625 | AE63: =M63-J63 -> -68.780488 | AF63: =M63/J63 -> 0.95414634
A64: 新豐1線 | B64: 微波主食 | C64: 二配鮭魚蛋炒飯 | E64: 54.29 | F64: 1264 | G64: =E64*F64 -> 68622.56 | I64: 20 | J64: 2000 | K64: =J64/I64 -> 100 | L64: 20 | M64: =F64/V64*60 -> 1944.6154 | N64: =M64/L64 -> 97.230769 | O64: =L64-I64 -> 0 | P64: =N64-K64 -> -2.7692308 | Q64: =N64/K64 -> 0.97230769 | S64: 0.8625 | T64: 0.88958333 | U64: =IF(S64=TIME(17,0,0),"",(S64-T63)*24*60) -> 57 | V64: =(T64-S64)*24*60 -> 39 | AE64: =M64-J64 -> -55.384615 | AF64: =M64/J64 -> 0.97230769
A65: 新豐1線 | B65: 平均 | I65: 18.8 | J65: 1950 | K65: =J65/I65 -> 103.7234 | L65: 18.8 | M65: =AVERAGE(M55:M64) -> 1829.6303 | N65: =M65/L65 -> 97.32076 | O65: =L65-I65 -> 0 | P65: =N65-K65 -> -6.4026441 | Q65: =N65/K65 -> 0.93827194 | Y65: =SUM(Y55:Y64) -> 0 | Z65: =SUM(Z55:Z64) -> 0 | AC65: 4 | AD65: =SUM(AD55:AD64) -> 0 | AE65: =M65-J65 -> -120.36971 | AF65: =M65/J65 -> 0.93827194
A66: 新豐10線 | B66: 沙拉 | C66: 溏心蛋洋芋沙拉 | E66: 26.97 | F66: 2037 | G66: =E66*F66 -> 54937.89 | I66: 8 | J66: 1500 | K66: =J66/I66 -> 187.5 | L66: 8 | M66: =F66/V66*60 -> 1437.8824 | N66: =M66/L66 -> 179.73529 | O66: =L66-I66 -> 0 | P66: =N66-K66 -> -7.7647059 | Q66: =N66/K66 -> 0.95858824 | R66: =Q71 -> 0.95936079 | S66: 0.20833333 | T66: 0.26736111 | V66: =(T66-S66)*24*60 -> 85 | AC66: 1 | AE66: =M66-J66 -> -62.117647 | AF66: =M66/J66 -> 0.95858824 | AG66: =AF71 -> 0.95936079
A67: 新豐10線 | B67: 沙拉 | C67: 焗烤洋芋沙拉 | E67: 27.4 | F67: 1354 | G67: =E67*F67 -> 37099.6 | I67: 10 | J67: 1500 | K67: =J67/I67 -> 150 | L67: 10 | M67: =F67/V67*60 -> 1425.2632 | N67: =M67/L67 -> 142.52632 | O67: =L67-I67 -> 0 | P67: =N67-K67 -> -7.4736842 | Q67: =N67/K67 -> 0.95017544 | S67: 0.27083333 | T67: 0.31041667 | U67: =(S67-T66)*24*60 -> 5 | V67: =(T67-S67)*24*60 -> 57 | AE67: =M67-J67 -> -74.736842 | AF67: =M67/J67 -> 0.95017544
A68: 新豐10線 | B68: 調理麵包 | C68: 排骨雞起司炒麵麵包 | E68: 31 | F68: 867 | G68: =E68*F68 -> 26877 | I68: 13 | J68: 2000 | K68: =J68/I68 -> 153.84615 | L68: 13 | M68: =F68/V68*60 -> 1926.6667 | N68: =M68/L68 -> 148.20513 | O68: =L68-I68 -> 0 | P68: =N68-K68 -> -5.6410256 | Q68: =N68/K68 -> 0.96333333 | S68: 0.31388889 | T68: 0.33263889 | U68: =(S68-T67)*24*60 -> 5 | V68: =(T68-S68)*24*60 -> 27 | AE68: =M68-J68 -> -73.333333 | AF68: =M68/J68 -> 0.96333333
A69: 新豐10線 | B69: 調理麵包 | C69: 墨西哥辣醬熱狗堡 | E69: 37.85 | F69: 2601 | G69: =E69*F69 -> 98447.85 | I69: 12 | J69: 2000 | K69: =J69/I69 -> 166.66667 | L69: 12 | M69: =F69/V69*60 -> 1903.1707 | N69: =M69/L69 -> 158.59756 | O69: =L69-I69 -> 0 | P69: =N69-K69 -> -8.0691057 | Q69: =N69/K69 -> 0.95158537 | S69: 0.3375 | T69: 0.39444444 | U69: =(S69-T68)*24*60 -> 7 | V69: =(T69-S69)*24*60 -> 82 | AE69: =M69-J69 -> -96.829268 | AF69: =M69/J69 -> 0.95158537
A70: 新豐10線 | B70: 調理麵包 | C70: 厚豆腐蛋白蕈菇豬肉堡 | E70: 34.36 | F70: 1547 | G70: =E70*F70 -> 53154.92 | I70: 10 | J70: 3000 | K70: =J70/I70 -> 300 | L70: 10 | M70: =F70/V70*60 -> 2900.625 | N70: =M70/L70 -> 290.0625 | O70: =L70-I70 -> 0 | P70: =N70-K70 -> -9.9375 | Q70: =N70/K70 -> 0.966875 | S70: 0.39861111 | T70: 0.42083333 | U70: =(S70-T69)*24*60 -> 6 | V70: =(T70-S70)*24*60 -> 32 | AE70: =M70-J70 -> -99.375 | AF70: =M70/J70 -> 0.966875
A71: 新豐10線 | B71: 平均 | I71: 10.6 | J71: 2000 | K71: =J71/I71 -> 188.67925 | L71: 10.6 | M71: =AVERAGE(M66:M70) -> 1918.7216 | N71: =M71/L71 -> 181.01147 | O71: =L71-I71 -> 0 | P71: =N71-K71 -> -7.6677753 | Q71: =N71/K71 -> 0.95936079 | Y71: =SUM(Y66:Y70) -> 0 | Z71: =SUM(Z66:Z70) -> 0 | AC71: 1 | AD71: =SUM(AD66:AD70) -> 0 | AE71: =M71-J71 -> -81.278418 | AF71: =M71/J71 -> 0.95936079
A72: 新豐4線 | B72: 三明治 | C72: 香鬆起司蛋三明治(114年) | E72: 20.2 | F72: 1406 | G72: =E72*F72 -> 28401.2 | I72: 19 | J72: 2400 | K72: =J72/I72 -> 126.31579 | L72: 19 | M72: =F72/V72*60 -> 2343.3333 | N72: =M72/L72 -> 123.33333 | O72: =L72-I72 -> 0 | P72: =N72-K72 -> -2.9824561 | Q72: =N72/K72 -> 0.97638889 | R72: =Q77 -> 0.96099756 | S72: 0.125 | T72: 0.15 | V72: =(T72-S72)*24*60 -> 36 | W72: =T72 -> 0.15 | X72: =S73 -> 0.16875 | AC72: 6 | AE72: =M72-J72 -> -56.666667 | AF72: =M72/J72 -> 0.97638889 | AG72: =AF77 -> 0.96099756
A73: 新豐4線 | B73: 三明治 | C73: 輕乳酪巧克力三明治 | E73: 20.52 | F73: 2286 | G73: =E73*F73 -> 46908.72 | I73: 18 | J73: 2400 | K73: =J73/I73 -> 133.33333 | L73: 18 | M73: =F73/V73*60 -> 2286 | N73: =M73/L73 -> 127 | O73: =L73-I73 -> 0 | P73: =N73-K73 -> -6.3333333 | Q73: =N73/K73 -> 0.9525 | S73: 0.16875 | T73: 0.21041667 | U73: =(S73-T72)*24*60 -> 27 | V73: =(T73-S73)*24*60 -> 60 | AE73: =M73-J73 -> -114 | AF73: =M73/J73 -> 0.9525
A74: 新豐4線 | B74: 三明治 | C74: 火腿起司蛋三明治 | E74: 19.02 | F74: 7135 | G74: =E74*F74 -> 135707.7 | I74: 15 | J74: 2400 | K74: =J74/I74 -> 160 | L74: 15 | M74: =F74/V74*60 -> 2289.3048 | N74: =M74/L74 -> 152.62032 | O74: =L74-I74 -> 0 | P74: =N74-K74 -> -7.3796791 | Q74: =N74/K74 -> 0.95387701 | S74: 0.21527778 | T74: 0.34513889 | U74: =(S74-T73)*24*60 -> 7 | V74: =(T74-S74)*24*60 -> 187 | AE74: =M74-J74 -> -110.69519 | AF74: =M74/J74 -> 0.95387701
A75: 新豐4線 | B75: 三明治 | C75: 經典火腿玉米蛋三明治 | E75: 24.43 | F75: 4909 | G75: =E75*F75 -> 119926.87 | I75: 14 | J75: 2400 | K75: =J75/I75 -> 171.42857 | L75: 14 | M75: =F75/V75*60 -> 2301.0937 | N75: =M75/L75 -> 164.36384 | O75: =L75-I75 -> 0 | P75: =N75-K75 -> -7.0647321 | Q75: =N75/K75 -> 0.95878906 | S75: 0.34861111 | T75: 0.4375 | U75: =(S75-T74)*24*60 -> 5 | V75: =(T75-S75)*24*60 -> 128 | AE75: =M75-J75 -> -98.90625 | AF75: =M75/J75 -> 0.95878906
A76: 新豐4線 | B76: 三明治 | C76: 藍莓優格三明治 | E76: 20.21 | F76: 2582 | G76: =E76*F76 -> 52182.22 | I76: 16 | J76: 2400 | K76: =J76/I76 -> 150 | L76: 16 | M76: =F76/V76*60 -> 2312.2388 | N76: =M76/L76 -> 144.51493 | O76: =L76-I76 -> 0 | P76: =N76-K76 -> -5.4850746 | Q76: =N76/K76 -> 0.96343284 | S76: 0.44166667 | T76: 0.48819444 | U76: =(S76-T75)*24*60 -> 6 | V76: =(T76-S76)*24*60 -> 67 | AE76: =M76-J76 -> -87.761194 | AF76: =M76/J76 -> 0.96343284
A77: 新豐4線 | B77: 平均 | I77: 16.4 | J77: 2400 | K77: =J77/I77 -> 146.34146 | L77: 16.4 | M77: =AVERAGE(M72:M76) -> 2306.3941 | N77: =M77/L77 -> 140.63379 | O77: =L77-I77 -> 0 | P77: =N77-K77 -> -5.7076744 | Q77: =N77/K77 -> 0.96099756 | Y77: =SUM(Y72:Y76) -> 0 | Z77: =SUM(Z72:Z76) -> 0 | AC77: 6 | AD77: =SUM(AD72:AD76) -> 0 | AE77: =M77-J77 -> -93.60586 | AF77: =M77/J77 -> 0.96099756

Sheet 0130
B1: 屏榮 新豐廠組合室生產人時性分析
B3: 日期 | C3: =TEXT('0130 4度C'!A2,"yyyy.mm.ddaaaa") -> 2026.01.30星期五 | E3: 訂單量 | F3: ='0130 4度C'!D1 -> 128261 | H3: 營業額 | I3: ='0130 4度C'!F1 -> 4449272.8
B4: 人時性 | C4: 項目 | E4: ➀ | G4: ➁ | I4: ➂ | K4: 異常停線 | M4: 短暫停線
C5: 組合室 | E5: 全溫層 | G5: 4度C-各編組展開 | I5: ③三明治-各編組展開 | K5: 合計次數 | L5: 時間 | M5: 合計次數 | N5: 設備次數
C6: 排關平均 | E6: =AVERAGE(D13:M13) -> 143.41888 | F6: =AVERAGE(D31:O31,D13:J13) -> 145.91425 | G6: =AVERAGE(D13:J13) -> 145.91425 | I6: =AVERAGE(K13:M13) -> 137.59634 | K6: ='0130 4度C'!Y2 -> 0 | L6: ='0130 4度C'!Z2 -> 0 | M6: ='0130 4度C'!AC2 -> 30 | N6: ='0130 4度C'!AD2 -> 0
C7: 實績平均 | E7: =AVERAGE(D14:M14) -> 137.44239 | F7: =AVERAGE(D32:O32,D14:J14) -> 139.92684 | G7: =AVERAGE(D14:J14) -> 139.92684 | I7: =AVERAGE(K14:M14) -> 131.64535
C8: 達成率平均 | E8: =AVERAGE(D15:M15) -> 0.9569515 | F8: =AVERAGE(D15:J15,D33:O33) -> 0.95702613 | G8: =AVERAGE(D15:J15) -> 0.95702613 | I8: =AVERAGE(K15:M15) -> 0.95677735
K9: ※現行日本鮮食廠以達成率80%為基本(即為現行KPI)
B10: 溫層 | D10: ➁4度C-各編組展開 | K10: ③三明治-各編組展開
B11: 編組 | D11: 1 | E11: 2 | F11: 3 | G11: 4 | H11: 5 | I11: 6 | J11: 7 | K11: 1 | L11: 2 | M11: 3
D12: 新豐6線 | E12: 新豐2線 | F12: 新豐5線 | G12: 新豐7線 | H12: 新豐3線 | I12: 新豐1線 | J12: 新豐10線 | K12: 新豐8線 | L12: 新豐9線 | M12: 新豐4線
B13: 人時性 | C13: 排關 | D13: =SUMIFS('0130 4度C'!$K:$K,'0130 4度C'!$A:$A,"新豐6線",'0130 4度C'!$B:$B,"平均") -> 113.63636 | E13: =SUMIFS('0130 4度C'!$K:$K,'0130 4度C'!$A:$A,"新豐2線",'0130 4度C'!$B:$B,"平均") -> 83.333333 | F13: =SUMIFS('0130 4度C'!$K:$K,'0130 4度C'!$A:$A,"新豐5線",'0130 4度C'!$B:$B,"平均") -> 109.2437 | G13: =SUMIFS('0130 4度C'!$K:$K,'0130 4度C'!$A:$A,"新豐7線",'0130 4度C'!$B:$B,"平均") -> 122.34043 | H13: =SUMIFS('0130 4度C'!$K:$K,'0130 4度C'!$A:$A,"新豐3線",'0130 4度C'!$B:$B,"平均") -> 300 | I13: =SUMIFS('0130 4度C'!$K:$K,'0130 4度C'!$A:$A,"新豐1線",'0130 4度C'!$B:$B,"平均") -> 104.16667 | J13: =SUMIFS('0130 4度C'!$K:$K,'0130 4度C'!$A:$A,"新豐10線",'0130 4度C'!$B:$B,"平均") -> 188.67925 | K13: =SUMIFS('0130 4度C'!$K:$K,'0130 4度C'!$A:$A,"新豐8線",'0130 4度C'!$B:$B,"平均") -> 131.86813 | L13: =SUMIFS('0130 4度C'!$K:$K,'0130 4度C'!$A:$A,"新豐9線",'0130 4度C'!$B:$B,"平均") -> 134.57944 | M13: =SUMIFS('0130 4度C'!$K:$K,'0130 4度C'!$A:$A,"新豐4線",'0130 4度C'!$B:$B,"平均") -> 146.34146
C14: 實績 | D14: =SUMIFS('0130 4度C'!$N:$N,'0130 4度C'!$A:$A,"新豐6線",'0130 4度C'!$B:$B,"平均") -> 109.55093 | E14: =SUMIFS('0130 4度C'!$N:$N,'0130 4度C'!$A:$A,"新豐2線",'0130 4度C'!$B:$B,"平均") -> 79.629586 | F14: =SUMIFS('0130 4度C'!$N:$N,'0130 4度C'!$A:$A,"新豐5線",'0130 4度C'!$B:$B,"平均") -> 104.81436 | G14: =SUMIFS('0130 4度C'!$N:$N,'0130 4度C'!$A:$A,"新豐7線",'0130 4度C'!$B:$B,"平均") -> 117.4338 | H14: =SUMIFS('0130 4度C'!$N:$N,'0130 4度C'!$A:$A,"新豐3線",'0130 4度C'!$B:$B,"平均") -> 288.20019 | I14: =SUMIFS('0130 4度C'!$N:$N,'0130 4度C'!$A:$A,"新豐1線",'0130 4度C'!$B:$B,"平均") -> 96.816582 | J14: =SUMIFS('0130 4度C'!$N:$N,'0130 4度C'!$A:$A,"新豐10線",'0130 4度C'!$B:$B,"平均") -> 183.04246 | K14: =SUMIFS('0130 4度C'!$N:$N,'0130 4度C'!$A:$A,"新豐8線",'0130 4度C'!$B:$B,"平均") -> 126.29611 | L14: =SUMIFS('0130 4度C'!$N:$N,'0130 4度C'!$A:$A,"新豐9線",'0130 4度C'!$B:$B,"平均") -> 128.72988 | M14: =SUMIFS('0130 4度C'!$N:$N,'0130 4度C'!$A:$A,"新豐4線",'0130 4度C'!$B:$B,"平均") -> 139.91005
C15: 達成率 | D15: =D14/D13 -> 0.96404822 | E15: =E14/E13 -> 0.95555504 | F15: =F14/F13 -> 0.95945448 | G15: =G14/G13 -> 0.95989365 | H15: =H14/H13 -> 0.9606673 | I15: =I14/I13 -> 0.92943919 | J15: =J14/J13 -> 0.97012506 | K15: =K14/K13 -> 0.95774551 | ... M15: =M14/M13 -> 0.95605198
B16: 作業 時間 | C16: 開始 | D16: =VLOOKUP("新豐6線",'0130 4度C'!$A:$T,19,0) -> 0.70833333 | E16: =VLOOKUP("新豐2線",'0130 4度C'!$A:$T,19,0) -> 0.20833333 | F16: =VLOOKUP("新豐5線",'0130 4度C'!$A:$T,19,0) -> 0.20833333 | G16: =VLOOKUP("新豐7線",'0130 4度C'!$A:$T,19,0) -> 0.20833333 | H16: =VLOOKUP("新豐3線",'0130 4度C'!$A:$T,19,0) -> 0.20833333 | I16: =VLOOKUP("新豐1線",'0130 4度C'!$A:$T,19,0) -> 0.20833333 | J16: =VLOOKUP("新豐10線",'0130 4度C'!$A:$T,19,0) -> 0.20833333 | K16: =VLOOKUP("新豐8線",'0130 4度C'!$A:$T,19,0) -> 0.125 | L16: =VLOOKUP("新豐9線",'0130 4度C'!$A:$T,19,0) -> 0.125 | M16: =VLOOKUP("新豐4線",'0130 4度C'!$A:$T,19,0) -> 0.125
C17: 結束 | D17: =LOOKUP(2,1/(('0130 4度C'!$A:$A="新豐6線")*('0130 4度C'!$T:$T<>"")),'0130 4度C'!$T:$T) -> 0.84236111 | E17: =LOOKUP(2,1/(('0130 4度C'!$A:$A="新豐2線")*('0130 4度C'!$T:$T<>"")),'0130 4度C'!$T:$T) -> 0.4 | F17: =LOOKUP(2,1/(('0130 4度C'!$A:$A="新豐5線")*('0130 4度C'!$T:$T<>"")),'0130 4度C'!$T:$T) -> 0.92013889 | G17: =LOOKUP(2,1/(('0130 4度C'!$A:$A="新豐7線")*('0130 4度C'!$T:$T<>"")),'0130 4度C'!$T:$T) -> 0.82916667 | H17: =LOOKUP(2,1/(('0130 4度C'!$A:$A="新豐3線")*('0130 4度C'!$T:$T<>"")),'0130 4度C'!$T:$T) -> 0.59930556 | I17: =LOOKUP(2,1/(('0130 4度C'!$A:$A="新豐1線")*('0130 4度C'!$T:$T<>"")),'0130 4度C'!$T:$T) -> 0.85486111 | J17: =LOOKUP(2,1/(('0130 4度C'!$A:$A="新豐10線")*('0130 4度C'!$T:$T<>"")),'0130 4度C'!$T:$T) -> 0.40833333 | K17: =LOOKUP(2,1/(('0130 4度C'!$A:$A="新豐8線")*('0130 4度C'!$T:$T<>"")),'0130 4度C'!$T:$T) -> 0.49305556 | L17: =LOOKUP(2,1/(('0130 4度C'!$A:$A="新豐9線")*('0130 4度C'!$T:$T<>"")),'0130 4度C'!$T:$T) -> 0.51805556 | M17: =LOOKUP(2,1/(('0130 4度C'!$A:$A="新豐4線")*('0130 4度C'!$T:$T<>"")),'0130 4度C'!$T:$T) -> 0.47569444
B18: 產線異常 (5分鐘以上) | C18: 次數 | D18: =SUMIFS('0130 4度C'!$Y:$Y,'0130 4度C'!$A:$A,"新豐6線",'0130 4度C'!$B:$B,"平均") -> 0 | E18: =SUMIFS('0130 4度C'!$Y:$Y,'0130 4度C'!$A:$A,"新豐2線",'0130 4度C'!$B:$B,"平均") -> 0 | F18: =SUMIFS('0130 4度C'!$Y:$Y,'0130 4度C'!$A:$A,"新豐5線",'0130 4度C'!$B:$B,"平均") -> 0 | G18: =SUMIFS('0130 4度C'!$Y:$Y,'0130 4度C'!$A:$A,"新豐7線",'0130 4度C'!$B:$B,"平均") -> 0 | H18: =SUMIFS('0130 4度C'!$Y:$Y,'0130 4度C'!$A:$A,"新豐3線",'0130 4度C'!$B:$B,"平均") -> 0 | I18: =SUMIFS('0130 4度C'!$Y:$Y,'0130 4度C'!$A:$A,"新豐1線",'0130 4度C'!$B:$B,"平均") -> 0 | J18: =SUMIFS('0130 4度C'!$Y:$Y,'0130 4度C'!$A:$A,"新豐10線",'0130 4度C'!$B:$B,"平均") -> 0 | K18: =SUMIFS('0130 4度C'!$Y:$Y,'0130 4度C'!$A:$A,"新豐8線",'0130 4度C'!$B:$B,"平均") -> 0 | L18: =SUMIFS('0130 4度C'!$Y:$Y,'0130 4度C'!$A:$A,"新豐9線",'0130 4度C'!$B:$B,"平均") -> 0 | M18: =SUMIFS('0130 4度C'!$Y:$Y,'0130 4度C'!$A:$A,"新豐4線",'0130 4度C'!$B:$B,"平均") -> 0
C19: 時間/分 | D19: =SUMIFS('0130 4度C'!$Z:$Z,'0130 4度C'!$A:$A,"新豐6線",'0130 4度C'!$B:$B,"平均") -> 0 | E19: =SUMIFS('0130 4度C'!$Z:$Z,'0130 4度C'!$A:$A,"新豐2線",'0130 4度C'!$B:$B,"平均") -> 0 | F19: =SUMIFS('0130 4度C'!$Z:$Z,'0130 4度C'!$A:$A,"新豐5線",'0130 4度C'!$B:$B,"平均") -> 0 | G19: =SUMIFS('0130 4度C'!$Z:$Z,'0130 4度C'!$A:$A,"新豐7線",'0130 4度C'!$B:$B,"平均") -> 0 | H19: =SUMIFS('0130 4度C'!$Z:$Z,'0130 4度C'!$A:$A,"新豐3線",'0130 4度C'!$B:$B,"平均") -> 0 | I19: =SUMIFS('0130 4度C'!$Z:$Z,'0130 4度C'!$A:$A,"新豐1線",'0130 4度C'!$B:$B,"平均") -> 0 | J19: =SUMIFS('0130 4度C'!$Z:$Z,'0130 4度C'!$A:$A,"新豐10線",'0130 4度C'!$B:$B,"平均") -> 0 | K19: =SUMIFS('0130 4度C'!$Z:$Z,'0130 4度C'!$A:$A,"新豐8線",'0130 4度C'!$B:$B,"平均") -> 0 | L19: =SUMIFS('0130 4度C'!$Z:$Z,'0130 4度C'!$A:$A,"新豐9線",'0130 4度C'!$B:$B,"平均") -> 0 | M19: =SUMIFS('0130 4度C'!$Z:$Z,'0130 4度C'!$A:$A,"新豐4線",'0130 4度C'!$B:$B,"平均") -> 0
B20: 短暫停線 (5分鐘以下) | C20: 次數 | D20: =SUMIFS('0130 4度C'!$AC:$AC,'0130 4度C'!$A:$A,"新豐6線",'0130 4度C'!$B:$B,"平均") -> 1 | E20: =SUMIFS('0130 4度C'!$AC:$AC,'0130 4度C'!$A:$A,"新豐2線",'0130 4度C'!$B:$B,"平均") -> 2 | F20: =SUMIFS('0130 4度C'!$AC:$AC,'0130 4度C'!$A:$A,"新豐5線",'0130 4度C'!$B:$B,"平均") -> 3 | G20: =SUMIFS('0130 4度C'!$AC:$AC,'0130 4度C'!$A:$A,"新豐7線",'0130 4度C'!$B:$B,"平均") -> 2 | H20: =SUMIFS('0130 4度C'!$AC:$AC,'0130 4度C'!$A:$A,"新豐3線",'0130 4度C'!$B:$B,"平均") -> 0 | I20: =SUMIFS('0130 4度C'!$AC:$AC,'0130 4度C'!$A:$A,"新豐1線",'0130 4度C'!$B:$B,"平均") -> 4 | J20: =SUMIFS('0130 4度C'!$AC:$AC,'0130 4度C'!$A:$A,"新豐10線",'0130 4度C'!$B:$B,"平均") -> 1 | K20: =SUMIFS('0130 4度C'!$AC:$AC,'0130 4度C'!$A:$A,"新豐8線",'0130 4度C'!$B:$B,"平均") -> 6 | L20: =SUMIFS('0130 4度C'!$AC:$AC,'0130 4度C'!$A:$A,"新豐9線",'0130 4度C'!$B:$B,"平均") -> 6 | M20: =SUMIFS('0130 4度C'!$AC:$AC,'0130 4度C'!$A:$A,"新豐4線",'0130 4度C'!$B:$B,"平均") -> 5
C21: 設備次數 | D21: =SUMIFS('0130 4度C'!$AD:$AD,'0130 4度C'!$A:$A,"新豐6線",'0130 4度C'!$B:$B,"平均") -> 0 | E21: =SUMIFS('0130 4度C'!$AD:$AD,'0130 4度C'!$A:$A,"新豐2線",'0130 4度C'!$B:$B,"平均") -> 0 | F21: =SUMIFS('0130 4度C'!$AD:$AD,'0130 4度C'!$A:$A,"新豐5線",'0130 4度C'!$B:$B,"平均") -> 0 | G21: =SUMIFS('0130 4度C'!$AD:$AD,'0130 4度C'!$A:$A,"新豐7線",'0130 4度C'!$B:$B,"平均") -> 0 | H21: =SUMIFS('0130 4度C'!$AD:$AD,'0130 4度C'!$A:$A,"新豐3線",'0130 4度C'!$B:$B,"平均") -> 0 | I21: =SUMIFS('0130 4度C'!$AD:$AD,'0130 4度C'!$A:$A,"新豐1線",'0130 4度C'!$B:$B,"平均") -> 0 | J21: =SUMIFS('0130 4度C'!$AD:$AD,'0130 4度C'!$A:$A,"新豐10線",'0130 4度C'!$B:$B,"平均") -> 0 | K21: =SUMIFS('0130 4度C'!$AD:$AD,'0130 4度C'!$A:$A,"新豐8線",'0130 4度C'!$B:$B,"平均") -> 0 | L21: =SUMIFS('0130 4度C'!$AD:$AD,'0130 4度C'!$A:$A,"新豐9線",'0130 4度C'!$B:$B,"平均") -> 0 | M21: =SUMIFS('0130 4度C'!$AD:$AD,'0130 4度C'!$A:$A,"新豐4線",'0130 4度C'!$B:$B,"平均") -> 0
B22: 配置人數 | D22: =SUMIFS('0130 4度C'!$I:$I,'0130 4度C'!$A:$A,"新豐6線",'0130 4度C'!$B:$B,"平均") -> 17.6 | E22: =SUMIFS('0130 4度C'!$I:$I,'0130 4度C'!$A:$A,"新豐2線",'0130 4度C'!$B:$B,"平均") -> 18 | F22: =SUMIFS('0130 4度C'!$I:$I,'0130 4度C'!$A:$A,"新豐5線",'0130 4度C'!$B:$B,"平均") -> 17 | G22: =SUMIFS('0130 4度C'!$I:$I,'0130 4度C'!$A:$A,"新豐7線",'0130 4度C'!$B:$B,"平均") -> 15.666667 | H22: =SUMIFS('0130 4度C'!$I:$I,'0130 4度C'!$A:$A,"新豐3線",'0130 4度C'!$B:$B,"平均") -> 10 | I22: =SUMIFS('0130 4度C'!$I:$I,'0130 4度C'!$A:$A,"新豐1線",'0130 4度C'!$B:$B,"平均") -> 18.666667 | J22: =SUMIFS('0130 4度C'!$I:$I,'0130 4度C'!$A:$A,"新豐10線",'0130 4度C'!$B:$B,"平均") -> 10.6 | K22: =SUMIFS('0130 4度C'!$I:$I,'0130 4度C'!$A:$A,"新豐8線",'0130 4度C'!$B:$B,"平均") -> 18.2 | L22: =SUMIFS('0130 4度C'!$I:$I,'0130 4度C'!$A:$A,"新豐9線",'0130 4度C'!$B:$B,"平均") -> 17.833333 | M22: =SUMIFS('0130 4度C'!$I:$I,'0130 4度C'!$A:$A,"新豐4線",'0130 4度C'!$B:$B,"平均") -> 16.4
B23: 主要應用設備 | D23: ET-55 | E23: 熱縮爐 | F23: L型包裝機 | G23: L型包裝機 | H23: 伺服包裝機 | I23: ET-55 | J23: 伺服包裝機 | K23: 三明治包裝機 | L23: 三明治包裝機 | M23: 三明治包裝機
B24: 次要應用設備 | F24: 圓盤機 | G24: ET-55
B25: 備註 | E25: 握沙拉 | F25: 共用L型包裝機 | H25: 調理麵包 | I25: 炒飯+沙拉 | J25: 調理麵包

Sheet 0130 4度C
A1: 新豐廠四度C日報分析 | C1: 總生產量 | D1: =SUM(F5:F73) -> 128261 | E1: 營業額 | F1: =SUM(G5:G73) -> 4449272.8 | G1: 出勤人數 | H1: =L10+L13+L51+L61+L21+L67+L34+L41+L28+L73 -> 159.96667 | I1: 產線配置圖 | L1: 生產實績 | O1: 人時性差異分析 | S1: 日報登錄 | Y1: 合計 次數 | Z1: 合計 時間/分 | AA1: 產線異常 分析說明(5分鐘以上) | AC1: 合計 次數 | AD1: 合計 設備次數 | AE1: 產能差異分析
A2: 46052 | B2: 星期五 | C2: 人時性 | D2: =AVERAGE(N10,N13,N51,N61,N21,N67,N28,N34,N41,N73) -> 137.44239 | E2: 平均廠價 | F2: =F1/D1 -> 34.68921 | G2: 多次生產數 | H2: =COUNT(H5:H73) -> 3 | Y2: =SUM(Y10+Y13+Y21+Y28+Y34+Y41+Y51+Y61+Y67+Y73) -> 0 | Z2: =SUM(Z10+Z13+Z21+Z28+Z34+Z41+Z51+Z61+Z67+Z73) -> 0 | AC2: 30 | AD2: =SUM(AD10+AD13+AD21+AD28+AD34+AD41+AD51+AD61+AD67+AD73) -> 0
A3: 線別 | B3: 品類 | C3: 品名 | E3: 廠價 | F3: 生產量 | G3: 營收 | H3: 多次 生產 | I3: 人數 | J3: 產能/時 | K3: 人時性 | L3: 人數 | M3: 產能/時 | N3: 人時性 | O3: 人數 | P3: 人時性 | Q3: 達成率 | R3: 達成率平均 | S3: 生產時間 | U3: 換線、休息/分 | V3: 稼動時間/分 | W3: 休息時間 | Y3: 產線異常統計 (5分鐘以上) | AA3: (新豐回填) | AC3: 短暫停線統計 (5分鐘以下) | AE3: 產能/時 | AF3: 達成率 | AG3: 達成率平均
S4: 開始 | T4: 結束 | W4: 開始 | X4: 結束 | Y4: 次數 | Z4: 時間/分 | AC4: 總次數 | AD4: 設備因素(次數)
A5: 新豐6線 | B5: 微波主食 | C5: 二配港式香滑嫩蛋牛肉燴飯 | E5: 50.67 | F5: 1174 | G5: =E5*F5 -> 59486.58 | I5: 17 | J5: 2000 | K5: =J5/I5 -> 117.64706 | L5: 17 | M5: =F5/V5*60 -> 1903.7838 | N5: =M5/L5 -> 111.98728 | O5: =L5-I5 -> 0 | P5: =N5-K5 -> -5.6597774 | Q5: =N5/K5 -> 0.95189189 | R5: =Q10 -> 0.96404822 | S5: 0.70833333 | T5: 0.73402778 | V5: =(T5-S5)*24*60 -> 37 | AC5: 1 | AE5: =M5-J5 -> -96.216216 | AF5: =M5/J5 -> 0.95189189 | AG5: =AF10 -> 0.96404822
A6: 新豐6線 | B6: 微波主食 | C6: 二配美味蟹煲 | E6: 54.09 | F6: 1129 | G6: =E6*F6 -> 61067.61 | I6: 19 | J6: 2000 | K6: =J6/I6 -> 105.26316 | L6: 19 | M6: =F6/V6*60 -> 1935.4286 | N6: =M6/L6 -> 101.86466 | O6: =L6-I6 -> 0 | P6: =N6-K6 -> -3.3984962 | Q6: =N6/K6 -> 0.96771429 | S6: 0.73888889 | T6: 0.76319444 | U6: =IF(S6=TIME(17,0,0),"",(S6-T5)*24*60) -> 7 | V6: =(T6-S6)*24*60 -> 35 | AE6: =M6-J6 -> -64.571429 | AF6: =M6/J6 -> 0.96771429
A7: 新豐6線 | B7: 微波主食 | C7: 二配麻油雞燴飯 | E7: 50.29 | F7: 736 | G7: =E7*F7 -> 37013.44 | I7: 16 | J7: 2000 | K7: =J7/I7 -> 125 | L7: 16 | M7: =F7/V7*60 -> 1920 | N7: =M7/L7 -> 120 | O7: =L7-I7 -> 0 | P7: =N7-K7 -> -5 | Q7: =N7/K7 -> 0.96 | S7: 0.76736111 | T7: 0.78333333 | U7: =IF(S7=TIME(17,0,0),"",(S7-T6)*24*60) -> 6 | V7: =(T7-S7)*24*60 -> 23 | AE7: =M7-J7 -> -80 | AF7: =M7/J7 -> 0.96
A8: 新豐6線 | B8: 微波主食 | C8: 二配紅燒牛肉燴飯 | E8: 57.3 | F8: 1362 | G8: =E8*F8 -> 78042.6 | I8: 15 | J8: 2000 | K8: =J8/I8 -> 133.33333 | L8: 15 | M8: =F8/V8*60 -> 1945.7143 | N8: =M8/L8 -> 129.71429 | O8: =L8-I8 -> 0 | P8: =N8-K8 -> -3.6190476 | Q8: =N8/K8 -> 0.97285714 | S8: 0.78888889 | T8: 0.81805556 | U8: =IF(S8=TIME(17,0,0),"",(S8-T7)*24*60) -> 8 | V8: =(T8-S8)*24*60 -> 42 | AE8: =M8-J8 -> -54.285714 | AF8: =M8/J8 -> 0.97285714
A9: 新豐6線 | B9: 微波主食 | C9: 二配濃蕃茄火腿蛋包飯 | E9: 50.67 | F9: 871 | G9: =E9*F9 -> 44133.57 | I9: 21 | J9: 2000 | K9: =J9/I9 -> 95.238095 | L9: 21 | M9: =F9/V9*60 -> 1935.5556 | N9: =M9/L9 -> 92.169312 | O9: =L9-I9 -> 0 | P9: =N9-K9 -> -3.0687831 | Q9: =N9/K9 -> 0.96777778 | S9: 0.82361111 | T9: 0.84236111 | U9: =IF(S9=TIME(17,0,0),"",(S9-T8)*24*60) -> 8 | V9: =(T9-S9)*24*60 -> 27 | AE9: =M9-J9 -> -64.444444 | AF9: =M9/J9 -> 0.96777778
A10: 新豐6線 | B10: 平均 | I10: 17.6 | J10: 2000 | K10: =J10/I10 -> 113.63636 | L10: 17.6 | M10: =AVERAGE(M5:M9) -> 1928.0964 | N10: =M10/L10 -> 109.55093 | O10: =L10-I10 -> 0 | P10: =N10-K10 -> -4.0854296 | Q10: =N10/K10 -> 0.96404822 | Y10: =SUM(Y5:Y9) -> 0 | Z10: =SUM(Z5:Z9) -> 0 | AC10: 1 | AD10: =SUM(AD5:AD9) -> 0 | AE10: =M10-J10 -> -71.903561 | AF10: =M10/J10 -> 0.96404822
A11: 新豐2線 | B11: 沙拉 | C11: 青醬優格雞肉握沙拉(113年) | E11: 39.62 | F11: 2417 | G11: =E11*F11 -> 95761.54 | I11: 19 | J11: 1500 | K11: =J11/I11 -> 78.947368 | L11: 19 | M11: =F11/V11*60 -> 1435.8416 | N11: =M11/L11 -> 75.57061 | O11: =L11-I11 -> 0 | P11: =N11-K11 -> -3.3767587 | Q11: =N11/K11 -> 0.95722772 | R11: =Q13 -> 0.95555504 | S11: 0.20833333 | T11: 0.27847222 | V11: =(T11-S11)*24*60 -> 101 | AC11: 2 | AE11: =M11-J11 -> -64.158416 | AF11: =M11/J11 -> 0.95722772 | AG11: =AF13 -> 0.95555504
A12: 新豐2線 | B12: 沙拉 | C12: 青檸烤雞握沙拉(113年) | E12: 39.8 | F12: 4054 | G12: =E12*F12 -> 161349.2 | I12: 17 | J12: 1500 | K12: =J12/I12 -> 88.235294 | L12: 17 | M12: =F12/V12*60 -> 1430.8235 | N12: =M12/L12 -> 84.16609 | O12: =L12-I12 -> 0 | P12: =N12-K12 -> -4.0692042 | Q12: =N12/K12 -> 0.95388235 | S12: 0.28194444 | T12: 0.4 | U12: =IF(S12=TIME(17,0,0),"",(S12-T11)*24*60) -> 5 | V12: =(T12-S12)*24*60 -> 170 | AE12: =M12-J12 -> -69.176471 | AF12: =M12/J12 -> 0.95388235
A13: 新豐2線 | B13: 平均 | I13: 18 | J13: 1500 | K13: =J13/I13 -> 83.333333 | L13: 18 | M13: =AVERAGE(M11:M12) -> 1433.3326 | N13: =M13/L13 -> 79.629586 | O13: =L13-I13 -> 0 | P13: =N13-K13 -> -3.7037468 | Q13: =N13/K13 -> 0.95555504 | Y13: =SUM(Y11:Y12) -> 0 | Z13: =SUM(Z11:Z12) -> 0 | AC13: 2 | AD13: =SUM(AD11:AD12) -> 0 | AE13: =M13-J13 -> -66.667443 | AF13: =M13/J13 -> 0.95555504
A14: 新豐5線 | B14: 小吃 | C14: 剝皮辣椒雞湯 | E14: 41 | F14: 1716 | G14: =E14*F14 -> 70356 | I14: 26 | J14: 1500 | K14: =J14/I14 -> 57.692308 | L14: 26 | M14: =F14/V14*60 -> 1430 | N14: =M14/L14 -> 55 | O14: =L14-I14 -> 0 | P14: =N14-K14 -> -2.6923077 | Q14: =N14/K14 -> 0.95333333 | R14: =Q21 -> 0.95945448 | S14: 0.20833333 | T14: 0.25833333 | V14: =(T14-S14)*24*60 -> 72 | AC14: 3 | AE14: =M14-J14 -> -70 | AF14: =M14/J14 -> 0.95333333 | AG14: =AF21 -> 0.95945448
A15: 新豐5線 | B15: 季節調理麵 | C15: 柚子雞白湯拉麵 | E15: 72.4 | F15: 672 | G15: =E15*F15 -> 48652.8 | I15: 18 | J15: 1500 | K15: =J15/I15 -> 83.333333 | L15: 18 | M15: =F15/V15*60 -> 1440 | N15: =M15/L15 -> 80 | O15: =L15-I15 -> 0 | P15: =N15-K15 -> -3.3333333 | Q15: =N15/K15 -> 0.96 | S15: 0.26319444 | T15: 0.28263889 | U15: =IF(S15=TIME(17,0,0),"",(S15-T14)*24*60) -> 7 | V15: =(T15-S15)*24*60 -> 28 | AE15: =M15-J15 -> -60 | AF15: =M15/J15 -> 0.96
A16: 新豐5線 | B16: 微波主食 | C16: 二配金咖哩濃厚辛口咖哩飯 | E16: 50.98 | F16: 1000 | G16: =E16*F16 -> 50980 | H16: 2 | I16: 16 | J16: 2000 | K16: =J16/I16 -> 125 | L16: 16 | M16: =F16/V16*60 -> 1935.4839 | N16: =M16/L16 -> 120.96774 | O16: =L16-I16 -> 0 | P16: =N16-K16 -> -4.0322581 | Q16: =N16/K16 -> 0.96774194 | S16: 0.70833333 | T16: 0.72986111 | U16: =IF(S16=TIME(17,0,0),"",(S16-T15)*24*60) | V16: =(T16-S16)*24*60 -> 31 | AE16: =M16-J16 -> -64.516129 | AF16: =M16/J16 -> 0.96774194
A17: 新豐5線 | B17: 微波主食 | C17: 二配金咖哩果香甘口咖哩飯 | E17: 50.92 | F17: 2054 | G17: =E17*F17 -> 104589.68 | I17: 15 | J17: 2000 | K17: =J17/I17 -> 133.33333 | L17: 15 | M17: =F17/V17*60 -> 1925.625 | N17: =M17/L17 -> 128.375 | O17: =L17-I17 -> 0 | P17: =N17-K17 -> -4.9583333 | Q17: =N17/K17 -> 0.9628125 | S17: 0.73541667 | T17: 0.77986111 | U17: =IF(S17=TIME(17,0,0),"",(S17-T16)*24*60) -> 8 | V17: =(T17-S17)*24*60 -> 64 | AE17: =M17-J17 -> -74.375 | AF17: =M17/J17 -> 0.9628125
A18: 新豐5線 | B18: 微波主食 | C18: 二配泰式綠咖哩雞 | E18: 50.67 | F18: 1415 | G18: =E18*F18 -> 71698.05 | I18: 15 | J18: 2000 | K18: =J18/I18 -> 133.33333 | L18: 15 | M18: =F18/V18*60 -> 1929.5455 | N18: =M18/L18 -> 128.63636 | O18: =L18-I18 -> 0 | P18: =N18-K18 -> -4.6969697 | Q18: =N18/K18 -> 0.96477273 | S18: 0.78333333 | T18: 0.81388889 | U18: =IF(S18=TIME(17,0,0),"",(S18-T17)*24*60) -> 5 | V18: =(T18-S18)*24*60 -> 44 | AE18: =M18-J18 -> -70.454545 | AF18: =M18/J18 -> 0.96477273
A19: 新豐5線 | B19: 微波主食 | C19: 二配厚香料咖哩雞排飯 | E19: 57.3 | F19: 1720 | G19: =E19*F19 -> 98556 | I19: 13 | J19: 2000 | K19: =J19/I19 -> 153.84615 | L19: 13 | M19: =F19/V19*60 -> 1911.1111 | N19: =M19/L19 -> 147.00855 | O19: =L19-I19 -> 0 | P19: =N19-K19 -> -6.8376068 | Q19: =N19/K19 -> 0.95555556 | S19: 0.81805556 | T19: 0.85555556 | U19: =IF(S19=TIME(17,0,0),"",(S19-T18)*24*60) -> 6 | V19: =(T19-S19)*24*60 -> 54 | W19: =T19 -> 0.85555556 | X19: =S20 -> 0.89583333 | AE19: =M19-J19 -> -88.888889 | AF19: =M19/J19 -> 0.95555556
A20: 新豐5線 | B20: 微波主食 | C20: 二配金咖哩濃厚辛口咖哩飯 | E20: 50.98 | F20: 1109 | G20: =E20*F20 -> 56536.82 | I20: 16 | J20: 2000 | K20: =J20/I20 -> 125 | L20: 16 | M20: =F20/V20*60 -> 1901.1429 | N20: =M20/L20 -> 118.82143 | O20: =L20-I20 -> 0 | P20: =N20-K20 -> -6.1785714 | Q20: =N20/K20 -> 0.95057143 | S20: 0.89583333 | T20: 0.92013889 | U20: =IF(S20=TIME(17,0,0),"",(S20-T19)*24*60) -> 58 | V20: =(T20-S20)*24*60 -> 35 | AE20: =M20-J20 -> -98.857143 | AF20: =M20/J20 -> 0.95057143
A21: 新豐5線 | B21: 平均 | I21: 17 | J21: 1857.1429 | K21: =J21/I21 -> 109.2437 | L21: 17 | M21: =AVERAGE(M14:M20) -> 1781.844 | N21: =M21/L21 -> 104.81436 | O21: =L21-I21 -> 0 | P21: =N21-K21 -> -4.4293421 | Q21: =N21/K21 -> 0.95945448 | Y21: =SUM(Y14:Y20) -> 0 | Z21: =SUM(Z14:Z20) -> 0 | AC21: 3 | AD21: =SUM(AD14:AD20) -> 0 | AE21: =M21-J21 -> -75.298815 | AF21: =M21/J21 -> 0.95945448
A22: 新豐7線 | B22: 小吃 | C22: 古早味炒炊粉 | E22: 43.14 | F22: 708 | G22: =E22*F22 -> 30543.12 | I22: 17 | J22: 2000 | K22: =J22/I22 -> 117.64706 | L22: 17 | M22: =F22/V22*60 -> 1930.9091 | N22: =M22/L22 -> 113.58289 | O22: =L22-I22 -> 0 | P22: =N22-K22 -> -4.0641711 | Q22: =N22/K22 -> 0.96545455 | R22: =Q28 -> 0.95989365 | S22: 0.20833333 | T22: 0.22361111 | V22: =(T22-S22)*24*60 -> 22 | AC22: 2 | AE22: =M22-J22 -> -69.090909 | AF22: =M22/J22 -> 0.96545455 | AG22: =AF28 -> 0.95989365
A23: 新豐7線 | B23: 微波主食 | C23: 鐵板滑蛋炸豬排丼 | E23: 57.73 | F23: 2163 | G23: =E23*F23 -> 124869.99 | I23: 14 | J23: 2000 | K23: =J23/I23 -> 142.85714 | L23: 14 | M23: =F23/V23*60 -> 1908.5294 | N23: =M23/L23 -> 136.32353 | O23: =L23-I23 -> 0 | P23: =N23-K23 -> -6.5336134 | Q23: =N23/K23 -> 0.95426471 | S23: 0.22777778 | T23: 0.275 | U23: =IF(S23=TIME(17,0,0),"",(S23-T22)*24*60) -> 6 | V23: =(T23-S23)*24*60 -> 68 | AE23: =M23-J23 -> -91.470588 | AF23: =M23/J23 -> 0.95426471
A24: 新豐7線 | B24: 微波主食 | C24: 極上炙烤親子丼 | E24: 53.68 | F24: 1187 | G24: =E24*F24 -> 63718.16 | I24: 16 | J24: 2000 | K24: =J24/I24 -> 125 | L24: 16 | M24: =F24/V24*60 -> 1924.8649 | N24: =M24/L24 -> 120.30405 | O24: =L24-I24 -> 0 | P24: =N24-K24 -> -4.6959459 | Q24: =N24/K24 -> 0.96243243 | S24: 0.28055556 | T24: 0.30625 | U24: =IF(S24=TIME(17,0,0),"",(S24-T23)*24*60) -> 8 | V24: =(T24-S24)*24*60 -> 37 | AE24: =M24-J24 -> -75.135135 | AF24: =M24/J24 -> 0.96243243
A25: 新豐7線 | B25: 微波主食 | C25: 二配川味麻婆燒豆腐燴飯 | E25: 50.49 | F25: 1716 | G25: =E25*F25 -> 86640.84 | I25: 15 | J25: 2000 | K25: =J25/I25 -> 133.33333 | L25: 15 | M25: =F25/V25*60 -> 1906.6667 | N25: =M25/L25 -> 127.11111 | O25: =L25-I25 -> 0 | P25: =N25-K25 -> -6.2222222 | Q25: =N25/K25 -> 0.95333333 | S25: 0.70833333 | T25: 0.74583333 | U25: =IF(S25=TIME(17,0,0),"",(S25-T24)*24*60) | V25: =(T25-S25)*24*60 -> 54 | AE25: =M25-J25 -> -93.333333 | AF25: =M25/J25 -> 0.95333333
A26: 新豐7線 | B26: 微波主食 | C26: 二配香炒沙茶豬肉飯 | E26: 50.67 | F26: 931 | G26: =E26*F26 -> 47173.77 | I26: 16 | J26: 2000 | K26: =J26/I26 -> 125 | L26: 16 | M26: =F26/V26*60 -> 1926.2069 | N26: =M26/L26 -> 120.38793 | O26: =L26-I26 -> 0 | P26: =N26-K26 -> -4.612069 | Q26: =N26/K26 -> 0.96310345 | S26: 0.75138889 | T26: 0.77152778 | U26: =IF(S26=TIME(17,0,0),"",(S26-T25)*24*60) -> 8 | V26: =(T26-S26)*24*60 -> 29 | AE26: =M26-J26 -> -73.793103 | AF26: =M26/J26 -> 0.96310345
A27: 新豐7線 | B27: 微波主食 | C27: 二配起司控培根白醬焗烤飯 | E27: 53.68 | F27: 1802 | G27: =E27*F27 -> 96731.36 | I27: 16 | J27: 1500 | K27: =J27/I27 -> 93.75 | L27: 16 | M27: =F27/V27*60 -> 1441.6 | N27: =M27/L27 -> 90.1 | O27: =L27-I27 -> 0 | P27: =N27-K27 -> -3.65 | Q27: =N27/K27 -> 0.96106667 | S27: 0.77708333 | T27: 0.82916667 | U27: =IF(S27=TIME(17,0,0),"",(S27-T26)*24*60) -> 8 | V27: =(T27-S27)*24*60 -> 75 | AE27: =M27-J27 -> -58.4 | AF27: =M27/J27 -> 0.96106667
A28: 新豐7線 | B28: 平均 | I28: 15.666667 | J28: 1916.6667 | K28: =J28/I28 -> 122.34043 | L28: 15.666667 | M28: =AVERAGE(M22:M27) -> 1839.7962 | N28: =M28/L28 -> 117.4338 | O28: =L28-I28 -> 0 | P28: =N28-K28 -> -4.9066284 | Q28: =N28/K28 -> 0.95989365 | Y28: =SUM(Y22:Y27) -> 0 | Z28: =SUM(Z22:Z27) -> 0 | AC28: 2 | AD28: =SUM(AD22:AD27) -> 0 | AE28: =M28-J28 -> -76.870512 | AF28: =M28/J28 -> 0.95989365
A29: 新豐8線 | B29: 三明治 | C29: 紐奧良風味烤雞鮮蔬三明治 | E29: 31.29 | F29: 6673 | G29: =E29*F29 -> 208798.17 | I29: 18 | J29: 2400 | K29: =J29/I29 -> 133.33333 | L29: 18 | M29: =F29/V29*60 -> 2287.8857 | N29: =M29/L29 -> 127.10476 | O29: =L29-I29 -> 0 | P29: =N29-K29 -> -6.2285714 | Q29: =N29/K29 -> 0.95328571 | R29: =Q34 -> 0.95774551 | S29: 0.125 | T29: 0.24652778 | V29: =(T29-S29)*24*60 -> 175 | W29: =T29 -> 0.24652778 | X29: =S30 -> 0.26458333 | AC29: 6 | AE29: =M29-J29 -> -112.11429 | AF29: =M29/J29 -> 0.95328571 | AG29: =AF34 -> 0.95774551
A30: 新豐8線 | B30: 三明治 | C30: 經典總匯三明治 | E30: 26.2 | F30: 3586 | G30: =E30*F30 -> 93953.2 | I30: 20 | J30: 2400 | K30: =J30/I30 -> 120 | L30: 20 | M30: =F30/V30*60 -> 2288.9362 | N30: =M30/L30 -> 114.44681 | O30: =L30-I30 -> 0 | P30: =N30-K30 -> -5.5531915 | Q30: =N30/K30 -> 0.9537234 | S30: 0.26458333 | T30: 0.32986111 | U30: =(S30-T29)*24*60 -> 26 | V30: =(T30-S30)*24*60 -> 94 | AE30: =M30-J30 -> -111.06383 | AF30: =M30/J30 -> 0.9537234
A31: 新豐8線 | B31: 三明治 | C31: 雞蛋沙拉三明治(114年) | E31: 25.99 | F31: 3037 | G31: =E31*F31 -> 78931.63 | I31: 14 | J31: 2400 | K31: =J31/I31 -> 171.42857 | L31: 14 | M31: =F31/V31*60 -> 2306.5823 | N31: =M31/L31 -> 164.75588 | O31: =L31-I31 -> 0 | P31: =N31-K31 -> -6.6726944 | Q31: =N31/K31 -> 0.96107595 | S31: 0.33541667 | T31: 0.39027778 | U31: =(S31-T30)*24*60 -> 8 | V31: =(T31-S31)*24*60 -> 79 | AE31: =M31-J31 -> -93.417722 | AF31: =M31/J31 -> 0.96107595
A32: 新豐8線 | B32: 三明治 | C32: 肉鬆火腿三明治 | E32: 20.52 | F32: 2843 | G32: =E32*F32 -> 58338.36 | I32: 18 | J32: 2400 | K32: =J32/I32 -> 133.33333 | L32: 18 | M32: =F32/V32*60 -> 2305.1351 | N32: =M32/L32 -> 128.06306 | O32: =L32-I32 -> 0 | P32: =N32-K32 -> -5.2702703 | Q32: =N32/K32 -> 0.96047297 | S32: 0.39513889 | T32: 0.44652778 | U32: =(S32-T31)*24*60 -> 7 | V32: =(T32-S32)*24*60 -> 74 | AE32: =M32-J32 -> -94.864865 | AF32: =M32/J32 -> 0.96047297
A33: 新豐8線 | B33: 三明治 | C33: 好多菜三明治(114年) | E33: 25.98 | F33: 2266 | G33: =E33*F33 -> 58870.68 | I33: 21 | J33: 2400 | K33: =J33/I33 -> 114.28571 | L33: 21 | M33: =F33/V33*60 -> 2304.4068 | N33: =M33/L33 -> 109.73366 | O33: =L33-I33 -> 0 | P33: =N33-K33 -> -4.5520581 | Q33: =N33/K33 -> 0.96016949 | S33: 0.45208333 | T33: 0.49305556 | U33: =(S33-T32)*24*60 -> 8 | V33: =(T33-S33)*24*60 -> 59 | AE33: =M33-J33 -> -95.59322 | AF33: =M33/J33 -> 0.96016949
A34: 新豐8線 | B34: 平均 | I34: 18.2 | J34: 2400 | K34: =J34/I34 -> 131.86813 | L34: 18.2 | M34: =AVERAGE(M29:M33) -> 2298.5892 | N34: =M34/L34 -> 126.29611 | O34: =L34-I34 -> 0 | P34: =N34-K34 -> -5.5720211 | Q34: =N34/K34 -> 0.95774551 | Y34: =SUM(Y29:Y33) -> 0 | Z34: =SUM(Z29:Z33) -> 0 | AC34: 6 | AD34: =SUM(AD29:AD33) -> 0 | AE34: =M34-J34 -> -101.41078 | AF34: =M34/J34 -> 0.95774551
A35: 新豐9線 | B35: 三明治 | C35: 鮪魚起司溏心蛋三明治 | E35: 26.2 | F35: 4550 | G35: =E35*F35 -> 119210 | I35: 18 | J35: 2400 | K35: =J35/I35 -> 133.33333 | L35: 18 | M35: =F35/V35*60 -> 2294.1176 | N35: =M35/L35 -> 127.45098 | O35: =L35-I35 -> 0 | P35: =N35-K35 -> -5.8823529 | Q35: =N35/K35 -> 0.95588235 | R35: =Q41 -> 0.95653455 | S35: 0.125 | T35: 0.20763889 | V35: =(T35-S35)*24*60 -> 119 | W35: =T35 -> 0.20763889 | X35: =S36 -> 0.22777778 | AC35: 6 | AE35: =M35-J35 -> -105.88235 | AF35: =M35/J35 -> 0.95588235 | AG35: =AF41 -> 0.95653455
A36: 新豐9線 | B36: 三明治 | C36: 陽光地瓜總匯三明治 | E36: 26.18 | F36: 1538 | G36: =E36*F36 -> 40264.84 | I36: 19 | J36: 2400 | K36: =J36/I36 -> 126.31579 | L36: 19 | M36: =F36/V36*60 -> 2307 | N36: =M36/L36 -> 121.42105 | O36: =L36-I36 -> 0 | P36: =N36-K36 -> -4.8947368 | Q36: =N36/K36 -> 0.96125 | S36: 0.22777778 | T36: 0.25555556 | U36: =(S36-T35)*24*60 -> 29 | V36: =(T36-S36)*24*60 -> 40 | AE36: =M36-J36 -> -93 | AF36: =M36/J36 -> 0.96125
A37: 新豐9線 | B37: 三明治 | C37: 醬燒烤雞三明治 | E37: 26.39 | F37: 4277 | G37: =E37*F37 -> 112870.03 | I37: 19 | J37: 2400 | K37: =J37/I37 -> 126.31579 | L37: 19 | M37: =F37/V37*60 -> 2291.25 | N37: =M37/L37 -> 120.59211 | O37: =L37-I37 -> 0 | P37: =N37-K37 -> -5.7236842 | Q37: =N37/K37 -> 0.9546875 | S37: 0.26041667 | T37: 0.33819444 | U37: =(S37-T36)*24*60 -> 7 | V37: =(T37-S37)*24*60 -> 112 | AE37: =M37-J37 -> -108.75 | AF37: =M37/J37 -> 0.9546875
A38: 新豐9線 | B38: 三明治 | C38: 覆盆莓榛果可可三明治 | E38: 22.69 | F38: 958 | G38: =E38*F38 -> 21737.02 | I38: 15 | J38: 2400 | K38: =J38/I38 -> 160 | L38: 15 | M38: =F38/V38*60 -> 2299.2 | N38: =M38/L38 -> 153.28 | O38: =L38-I38 -> 0 | P38: =N38-K38 -> -6.72 | Q38: =N38/K38 -> 0.958 | S38: 0.34236111 | T38: 0.35972222 | U38: =(S38-T37)*24*60 -> 6 | V38: =(T38-S38)*24*60 -> 25 | AE38: =M38-J38 -> -100.8 | AF38: =M38/J38 -> 0.958
A39: 新豐9線 | B39: 三明治 | C39: 瘋狂起司三明治(113年) | E39: 24.45 | F39: 1838 | G39: =E39*F39 -> 44939.1 | I39: 20 | J39: 2400 | K39: =J39/I39 -> 120 | L39: 20 | M39: =F39/V39*60 -> 2297.5 | N39: =M39/L39 -> 114.875 | O39: =L39-I39 -> 0 | P39: =N39-K39 -> -5.125 | Q39: =N39/K39 -> 0.95729167 | S39: 0.36458333 | T39: 0.39791667 | U39: =(S39-T38)*24*60 -> 7 | V39: =(T39-S39)*24*60 -> 48 | AE39: =M39-J39 -> -102.5 | AF39: =M39/J39 -> 0.95729167
A40: 新豐9線 | B40: 三明治 | C40: 草莓優格三明治 | E40: 22.69 | F40: 6360 | G40: =E40*F40 -> 144308.4 | I40: 16 | J40: 2400 | K40: =J40/I40 -> 150 | L40: 16 | M40: =F40/V40*60 -> 2285.0299 | N40: =M40/L40 -> 142.81437 | O40: =L40-I40 -> 0 | P40: =N40-K40 -> -7.1856287 | Q40: =N40/K40 -> 0.95209581 | S40: 0.40208333 | T40: 0.51805556 | U40: =(S40-T39)*24*60 -> 6 | V40: =(T40-S40)*24*60 -> 167 | AE40: =M40-J40 -> -114.97006 | AF40: =M40/J40 -> 0.95209581
A41: 新豐9線 | B41: 平均 | I41: 17.833333 | J41: 2400 | K41: =J41/I41 -> 134.57944 | L41: 17.833333 | M41: =AVERAGE(M35:M40) -> 2295.6829 | N41: =M41/L41 -> 128.72988 | O41: =L41-I41 -> 0 | P41: =N41-K41 -> -5.8495553 | Q41: =N41/K41 -> 0.95653455 | Y41: =SUM(Y35:Y40) -> 0 | Z41: =SUM(Z35:Z40) -> 0 | AC41: 6 | AD41: =SUM(AD35:AD40) -> 0 | AE41: =M41-J41 -> -104.31707 | AF41: =M41/J41 -> 0.95653455
A42: 新豐3線 | B42: 調理麵包 | C42: 豬肉起司堡 | E42: 21.13 | F42: 2500 | G42: =E42*F42 -> 52825 | H42: 2 | I42: 10 | J42: 3000 | K42: =J42/I42 -> 300 | L42: 10 | M42: =F42/V42*60 -> 2884.6154 | N42: =M42/L42 -> 288.46154 | O42: =L42-I42 -> 0 | P42: =N42-K42 -> -11.538462 | Q42: =N42/K42 -> 0.96153846 | R42: =Q51 -> 0.9606673 | S42: 0.20833333 | T42: 0.24444444 | V42: =(T42-S42)*24*60 -> 52 | AE42: =M42-J42 -> -115.38462 | AF42: =M42/J42 -> 0.96153846 | AG42: =AF51 -> 0.9606673
A43: 新豐3線 | B43: 調理麵包 | C43: 豬肉起司蛋堡 | E43: 27.17 | F43: 3300 | G43: =E43*F43 -> 89661 | H43: 2 | I43: 10 | J43: 3000 | K43: =J43/I43 -> 300 | L43: 10 | M43: =F43/V43*60 -> 2869.5652 | N43: =M43/L43 -> 286.95652 | O43: =L43-I43 -> 0 | P43: =N43-K43 -> -13.043478 | Q43: =N43/K43 -> 0.95652174 | S43: 0.24930556 | T43: 0.29722222 | U43: =(S43-T42)*24*60 -> 7 | V43: =(T43-S43)*24*60 -> 69 | AE43: =M43-J43 -> -130.43478 | AF43: =M43/J43 -> 0.95652174
A44: 新豐3線 | B44: 調理麵包 | C44: 經典雙牛起司堡(113年) | E44: 35.12 | F44: 4351 | G44: =E44*F44 -> 152807.12 | I44: 10 | J44: 3000 | K44: =J44/I44 -> 300 | L44: 10 | M44: =F44/V44*60 -> 2868.7912 | N44: =M44/L44 -> 286.87912 | O44: =L44-I44 -> 0 | P44: =N44-K44 -> -13.120879 | Q44: =N44/K44 -> 0.95626374 | S44: 0.30138889 | T44: 0.36458333 | U44: =(S44-T43)*24*60 -> 6 | V44: =(T44-S44)*24*60 -> 91 | AE44: =M44-J44 -> -131.20879 | AF44: =M44/J44 -> 0.95626374
A45: 新豐3線 | B45: 調理麵包 | C45: 香雞蛋堡(112年) | E45: 26.78 | F45: 2029 | G45: =E45*F45 -> 54336.62 | I45: 10 | J45: 3000 | K45: =J45/I45 -> 300 | L45: 10 | M45: =F45/V45*60 -> 2898.5714 | N45: =M45/L45 -> 289.85714 | O45: =L45-I45 -> 0 | P45: =N45-K45 -> -10.142857 | Q45: =N45/K45 -> 0.96619048 | S45: 0.36805556 | T45: 0.39722222 | U45: =(S45-T44)*24*60 -> 5 | V45: =(T45-S45)*24*60 -> 42 | AE45: =M45-J45 -> -101.42857 | AF45: =M45/J45 -> 0.96619048
A46: 新豐3線 | B46: 調理麵包 | C46: 花生培根歐姆蛋堡 | E46: 32.02 | F46: 1491 | G46: =E46*F46 -> 47741.82 | I46: 11 | J46: 3000 | K46: =J46/I46 -> 272.72727 | L46: 11 | M46: =F46/V46*60 -> 2885.8065 | N46: =M46/L46 -> 262.34604 | O46: =L46-I46 -> 0 | P46: =N46-K46 -> -10.381232 | Q46: =N46/K46 -> 0.96193548 | S46: 0.40208333 | T46: 0.42361111 | U46: =(S46-T45)*24*60 -> 7 | V46: =(T46-S46)*24*60 -> 31 | AE46: =M46-J46 -> -114.19355 | AF46: =M46/J46 -> 0.96193548
A47: 新豐3線 | B47: 調理麵包 | C47: 美式雞腿堡 | E47: 35.87 | F47: 2805 | G47: =E47*F47 -> 100615.35 | I47: 9 | J47: 3000 | K47: =J47/I47 -> 333.33333 | L47: 9 | M47: =F47/V47*60 -> 2852.5424 | N47: =M47/L47 -> 316.94915 | O47: =L47-I47 -> 0 | P47: =N47-K47 -> -16.384181 | Q47: =N47/K47 -> 0.95084746 | S47: 0.42777778 | T47: 0.46875 | U47: =(S47-T46)*24*60 -> 6 | V47: =(T47-S47)*24*60 -> 59 | AE47: =M47-J47 -> -147.45763 | AF47: =M47/J47 -> 0.95084746
A48: 新豐3線 | B48: 調理麵包 | C48: 黃金雙層鱈魚招財堡 | E48: 44.03 | F48: 1539 | G48: =E48*F48 -> 67762.17 | I48: 10 | J48: 3000 | K48: =J48/I48 -> 300 | L48: 10 | M48: =F48/V48*60 -> 2885.625 | N48: =M48/L48 -> 288.5625 | O48: =L48-I48 -> 0 | P48: =N48-K48 -> -11.4375 | Q48: =N48/K48 -> 0.961875 | S48: 0.47430556 | T48: 0.49652778 | U48: =(S48-T47)*24*60 -> 8 | V48: =(T48-S48)*24*60 -> 32 | W48: =T48 -> 0.49652778 | X48: =S49 -> 0.5375 | AE48: =M48-J48 -> -114.375 | AF48: =M48/J48 -> 0.961875
A49: 新豐3線 | B49: 調理麵包 | C49: 豬肉起司堡 | E49: 21.13 | F49: 1737 | G49: =E49*F49 -> 36702.81 | I49: 10 | J49: 3000 | K49: =J49/I49 -> 300 | L49: 10 | M49: =F49/V49*60 -> 2895 | N49: =M49/L49 -> 289.5 | O49: =L49-I49 -> 0 | P49: =N49-K49 -> -10.5 | Q49: =N49/K49 -> 0.965 | S49: 0.5375 | T49: 0.5625 | U49: =(S49-T48)*24*60 -> 59 | V49: =(T49-S49)*24*60 -> 36 | AE49: =M49-J49 -> -105 | AF49: =M49/J49 -> 0.965
A50: 新豐3線 | B50: 調理麵包 | C50: 豬肉起司蛋堡 | E50: 27.17 | F50: 2318 | G50: =E50*F50 -> 62980.06 | I50: 10 | J50: 3000 | K50: =J50/I50 -> 300 | L50: 10 | M50: =F50/V50*60 -> 2897.5 | N50: =M50/L50 -> 289.75 | O50: =L50-I50 -> 0 | P50: =N50-K50 -> -10.25 | Q50: =N50/K50 -> 0.96583333 | S50: 0.56597222 | T50: 0.59930556 | U50: =(S50-T49)*24*60 -> 5 | V50: =(T50-S50)*24*60 -> 48 | AE50: =M50-J50 -> -102.5 | AF50: =M50/J50 -> 0.96583333
A51: 新豐3線 | B51: 平均 | I51: 10 | J51: 3000 | K51: =J51/I51 -> 300 | L51: 10 | M51: =AVERAGE(M42:M50) -> 2882.0019 | N51: =M51/L51 -> 288.20019 | O51: =L51-I51 -> 0 | P51: =N51-K51 -> -11.79981 | Q51: =N51/K51 -> 0.9606673 | Y51: =SUM(Y42:Y50) -> 0 | Z51: =SUM(Z42:Z50) -> 0 | AC51: 0 | AD51: =SUM(AD42:AD50) -> 0 | AE51: =M51-J51 -> -117.9981 | AF51: =M51/J51 -> 0.9606673
A52: 新豐1線 | B52: 沙拉 | C52: 蔥鹽雞肉麵沙拉(114年) | E52: 46 | F52: 1021 | G52: =E52*F52 -> 46966 | I52: 17 | J52: 2000 | K52: =J52/I52 -> 117.64706 | L52: 17 | M52: =F52/V52*60 -> 1914.375 | N52: =M52/L52 -> 112.61029 | O52: =L52-I52 -> 0 | P52: =N52-K52 -> -5.0367647 | Q52: =N52/K52 -> 0.9571875 | R52: =Q61 -> 0.92943919 | S52: 0.20833333 | T52: 0.23055556 | V52: =(T52-S52)*24*60 -> 32 | AC52: 4 | AE52: =M52-J52 -> -85.625 | AF52: =M52/J52 -> 0.9571875 | AG52: =AF61 -> 0.92943919
A53: 新豐1線 | B53: 沙拉 | C53: 莎莎烤雞麵沙拉 | E53: 46 | F53: 1105 | G53: =E53*F53 -> 50830 | I53: 17 | J53: 2000 | K53: =J53/I53 -> 117.64706 | L53: 17 | M53: =F53/V53*60 -> 1950 | N53: =M53/L53 -> 114.70588 | O53: =L53-I53 -> 0 | P53: =N53-K53 -> -2.9411765 | Q53: =N53/K53 -> 0.975 | S53: 0.23611111 | T53: 0.25972222 | U53: =IF(S53=TIME(17,0,0),"",(S53-T52)*24*60) -> 8 | V53: =(T53-S53)*24*60 -> 34 | AE53: =M53-J53 -> -50 | AF53: =M53/J53 -> 0.975
A54: 新豐1線 | B54: 微波主食 | C54: 壹號醬雞豚雙拼 | E54: 56.43 | F54: 1565 | G54: =E54*F54 -> 88312.95 | I54: 22 | J54: 2000 | K54: =J54/I54 -> 90.909091 | L54: 22 | M54: =F54/V54*60 -> 1738.8889 | N54: =M54/L54 -> 79.040404 | O54: =L54-I54 -> 0 | P54: =N54-K54 -> -11.868687 | Q54: =N54/K54 -> 0.86944444 | S54: 0.26388889 | T54: 0.30138889 | U54: =IF(S54=TIME(17,0,0),"",(S54-T53)*24*60) -> 6 | V54: =(T54-S54)*24*60 -> 54 | AE54: =M54-J54 -> -261.11111 | AF54: =M54/J54 -> 0.86944444
A55: 新豐1線 | B55: 微波主食 | C55: 好多蒜燒豚飯 | E55: 51.75 | F55: 1527 | G55: =E55*F55 -> 79022.25 | I55: 25 | J55: 2000 | K55: =J55/I55 -> 80 | L55: 25 | M55: =F55/V55*60 -> 1696.6667 | N55: =M55/L55 -> 67.866667 | O55: =L55-I55 -> 0 | P55: =N55-K55 -> -12.133333 | Q55: =N55/K55 -> 0.84833333 | S55: 0.30694444 | T55: 0.34444444 | U55: =IF(S55=TIME(17,0,0),"",(S55-T54)*24*60) -> 8 | V55: =(T55-S55)*24*60 -> 54 | AE55: =M55-J55 -> -303.33333 | AF55: =M55/J55 -> 0.84833333
A56: 新豐1線 | B56: 微波主食 | C56: 美乃炙烤雞肉飯 | E56: 54.09 | F56: 2127 | G56: =E56*F56 -> 115049.43 | I56: 19 | J56: 2000 | K56: =J56/I56 -> 105.26316 | L56: 19 | M56: =F56/V56*60 -> 1772.5 | N56: =M56/L56 -> 93.289474 | O56: =L56-I56 -> 0 | P56: =N56-K56 -> -11.973684 | Q56: =N56/K56 -> 0.88625 | S56: 0.34791667 | T56: 0.39791667 | U56: =IF(S56=TIME(17,0,0),"",(S56-T55)*24*60) -> 5 | V56: =(T56-S56)*24*60 -> 72 | AE56: =M56-J56 -> -227.5 | AF56: =M56/J56 -> 0.88625
A57: 新豐1線 | B57: 微波主食 | C57: 二配香辣醬蒜味香腸蛋炒飯 | E57: 55.56 | F57: 1663 | G57: =E57*F57 -> 92396.28 | I57: 17 | J57: 2000 | K57: =J57/I57 -> 117.64706 | L57: 17 | M57: =F57/V57*60 -> 1918.8462 | N57: =M57/L57 -> 112.8733 | O57: =L57-I57 -> 0 | P57: =N57-K57 -> -4.7737557 | Q57: =N57/K57 -> 0.95942308 | S57: 0.70833333 | T57: 0.74444444 | U57: =IF(S57=TIME(17,0,0),"",(S57-T56)*24*60) | V57: =(T57-S57)*24*60 -> 52 | AE57: =M57-J57 -> -81.153846 | AF57: =M57/J57 -> 0.95942308
A58: 新豐1線 | B58: 微波主食 | C58: 二配香拌海鮮醬肉絲蛋炒飯 | E58: 55.32 | F58: 1190 | G58: =E58*F58 -> 65830.8 | I58: 15 | J58: 2000 | K58: =J58/I58 -> 133.33333 | L58: 15 | M58: =F58/V58*60 -> 1929.7297 | N58: =M58/L58 -> 128.64865 | O58: =L58-I58 -> 0 | P58: =N58-K58 -> -4.6846847 | Q58: =N58/K58 -> 0.96486486 | S58: 0.74861111 | T58: 0.77430556 | U58: =IF(S58=TIME(17,0,0),"",(S58-T57)*24*60) -> 6 | V58: =(T58-S58)*24*60 -> 37 | AE58: =M58-J58 -> -70.27027 | AF58: =M58/J58 -> 0.96486486
A59: 新豐1線 | B59: 微波主食 | C59: 二配鮭魚蛋炒飯 | E59: 54.29 | F59: 1782 | G59: =E59*F59 -> 96744.78 | I59: 20 | J59: 2000 | K59: =J59/I59 -> 100 | L59: 20 | M59: =F59/V59*60 -> 1909.2857 | N59: =M59/L59 -> 95.464286 | O59: =L59-I59 -> 0 | P59: =N59-K59 -> -4.5357143 | Q59: =N59/K59 -> 0.95464286 | S59: 0.77847222 | T59: 0.81736111 | U59: =IF(S59=TIME(17,0,0),"",(S59-T58)*24*60) -> 6 | V59: =(T59-S59)*24*60 -> 56 | AE59: =M59-J59 -> -90.714286 | AF59: =M59/J59 -> 0.95464286
A60: 新豐1線 | B60: 微波主食 | C60: 二配粗飽系雞排炒飯(114年) | E60: 57.73 | F60: 1124 | G60: =E60*F60 -> 64888.52 | I60: 16 | J60: 1500 | K60: =J60/I60 -> 93.75 | L60: 16 | M60: =F60/V60*60 -> 1434.8936 | N60: =M60/L60 -> 89.680851 | O60: =L60-I60 -> 0 | P60: =N60-K60 -> -4.0691489 | Q60: =N60/K60 -> 0.95659574 | S60: 0.82222222 | T60: 0.85486111 | U60: =IF(S60=TIME(17,0,0),"",(S60-T59)*24*60) -> 7 | V60: =(T60-S60)*24*60 -> 47 | AE60: =M60-J60 -> -65.106383 | AF60: =M60/J60 -> 0.95659574
A61: 新豐1線 | B61: 平均 | I61: 18.666667 | J61: 1944.4444 | K61: =J61/I61 -> 104.16667 | L61: 18.666667 | M61: =AVERAGE(M52:M60) -> 1807.2429 | N61: =M61/L61 -> 96.816582 | O61: =L61-I61 -> 0 | P61: =N61-K61 -> -7.3500847 | Q61: =N61/K61 -> 0.92943919 | Y61: =SUM(Y52:Y60) -> 0 | Z61: =SUM(Z52:Z60) -> 0 | AC61: 4 | AD61: =SUM(AD52:AD60) -> 0 | AE61: =M61-J61 -> -137.20158 | AF61: =M61/J61 -> 0.92943919
A62: 新豐10線 | B62: 沙拉 | C62: 溏心蛋洋芋沙拉 | E62: 26.97 | F62: 1890 | G62: =E62*F62 -> 50973.3 | I62: 8 | J62: 1500 | K62: =J62/I62 -> 187.5 | L62: 8 | M62: =F62/V62*60 -> 1435.443 | N62: =M62/L62 -> 179.43038 | O62: =L62-I62 -> 0 | P62: =N62-K62 -> -8.0696203 | Q62: =N62/K62 -> 0.95696203 | R62: =Q67 -> 0.97012506 | S62: 0.20833333 | T62: 0.26319444 | V62: =(T62-S62)*24*60 -> 79 | AC62: 1 | AE62: =M62-J62 -> -64.556962 | AF62: =M62/J62 -> 0.95696203 | AG62: =AF67 -> 0.97012506
A63: 新豐10線 | B63: 沙拉 | C63: 焗烤洋芋沙拉 | E63: 27.4 | F63: 1445 | G63: =E63*F63 -> 39593 | I63: 10 | J63: 1500 | K63: =J63/I63 -> 150 | L63: 10 | M63: =F63/V63*60 -> 1445 | N63: =M63/L63 -> 144.5 | O63: =L63-I63 -> 0 | P63: =N63-K63 -> -5.5 | Q63: =N63/K63 -> 0.96333333 | S63: 0.26875 | T63: 0.31041667 | U63: =(S63-T62)*24*60 -> 8 | V63: =(T63-S63)*24*60 -> 60 | AE63: =M63-J63 -> -55 | AF63: =M63/J63 -> 0.96333333
A64: 新豐10線 | B64: 調理麵包 | C64: 排骨雞起司炒麵麵包 | E64: 31 | F64: 651 | G64: =E64*F64 -> 20181 | I64: 13 | J64: 2000 | K64: =J64/I64 -> 153.84615 | L64: 13 | M64: =F64/V64*60 -> 1953 | N64: =M64/L64 -> 150.23077 | O64: =L64-I64 -> 0 | P64: =N64-K64 -> -3.6153846 | Q64: =N64/K64 -> 0.9765 | S64: 0.31527778 | T64: 0.32916667 | U64: =(S64-T63)*24*60 -> 7 | V64: =(T64-S64)*24*60 -> 20 | AE64: =M64-J64 -> -47 | AF64: =M64/J64 -> 0.9765
A65: 新豐10線 | B65: 調理麵包 | C65: 墨西哥辣醬熱狗堡 | E65: 37.85 | F65: 2513 | G65: =E65*F65 -> 95117.05 | I65: 12 | J65: 2000 | K65: =J65/I65 -> 166.66667 | L65: 12 | M65: =F65/V65*60 -> 1908.6076 | N65: =M65/L65 -> 159.05063 | O65: =L65-I65 -> 0 | P65: =N65-K65 -> -7.6160338 | Q65: =N65/K65 -> 0.9543038 | S65: 0.33263889 | T65: 0.3875 | U65: =(S65-T64)*24*60 -> 5 | V65: =(T65-S65)*24*60 -> 79 | AE65: =M65-J65 -> -91.392405 | AF65: =M65/J65 -> 0.9543038
A66: 新豐10線 | B66: 調理麵包 | C66: 厚豆腐蛋白蕈菇豬肉堡 | E66: 34.36 | F66: 1233 | G66: =E66*F66 -> 42365.88 | I66: 10 | J66: 3000 | K66: =J66/I66 -> 300 | L66: 10 | M66: =F66/V66*60 -> 2959.2 | N66: =M66/L66 -> 295.92 | O66: =L66-I66 -> 0 | P66: =N66-K66 -> -4.08 | Q66: =N66/K66 -> 0.9864 | S66: 0.39097222 | T66: 0.40833333 | U66: =(S66-T65)*24*60 -> 5 | V66: =(T66-S66)*24*60 -> 25 | AE66: =M66-J66 -> -40.8 | AF66: =M66/J66 -> 0.9864
A67: 新豐10線 | B67: 平均 | I67: 10.6 | J67: 2000 | K67: =J67/I67 -> 188.67925 | L67: 10.6 | M67: =AVERAGE(M62:M66) -> 1940.2501 | N67: =M67/L67 -> 183.04246 | O67: =L67-I67 -> 0 | P67: =N67-K67 -> -5.6367805 | Q67: =N67/K67 -> 0.97012506 | Y67: =SUM(Y62:Y66) -> 0 | Z67: =SUM(Z62:Z66) -> 0 | AC67: 1 | AD67: =SUM(AD62:AD66) -> 0 | AE67: =M67-J67 -> -59.749873 | AF67: =M67/J67 -> 0.97012506
A68: 新豐4線 | B68: 三明治 | C68: 香鬆起司蛋三明治(114年) | E68: 20.2 | F68: 1418 | G68: =E68*F68 -> 28643.6 | I68: 19 | J68: 2400 | K68: =J68/I68 -> 126.31579 | L68: 19 | M68: =F68/V68*60 -> 2299.4595 | N68: =M68/L68 -> 121.02418 | O68: =L68-I68 -> 0 | P68: =N68-K68 -> -5.2916074 | Q68: =N68/K68 -> 0.95810811 | R68: =Q73 -> 0.95605198 | S68: 0.125 | T68: 0.15069444 | V68: =(T68-S68)*24*60 -> 37 | W68: =T68 -> 0.15069444 | X68: =S69 -> 0.17083333 | AC68: 5 | AE68: =M68-J68 -> -100.54054 | AF68: =M68/J68 -> 0.95810811 | AG68: =AF73 -> 0.95605198
A69: 新豐4線 | B69: 三明治 | C69: 輕乳酪巧克力三明治 | E69: 20.52 | F69: 2257 | G69: =E69*F69 -> 46313.64 | I69: 18 | J69: 2400 | K69: =J69/I69 -> 133.33333 | L69: 18 | M69: =F69/V69*60 -> 2295.2542 | N69: =M69/L69 -> 127.51412 | O69: =L69-I69 -> 0 | P69: =N69-K69 -> -5.819209 | Q69: =N69/K69 -> 0.95635593 | S69: 0.17083333 | T69: 0.21180556 | U69: =(S69-T68)*24*60 -> 29 | V69: =(T69-S69)*24*60 -> 59 | AE69: =M69-J69 -> -104.74576 | AF69: =M69/J69 -> 0.95635593
A70: 新豐4線 | B70: 三明治 | C70: 火腿起司蛋三明治 | E70: 19.02 | F70: 6700 | G70: =E70*F70 -> 127434 | I70: 15 | J70: 2400 | K70: =J70/I70 -> 160 | L70: 15 | M70: =F70/V70*60 -> 2284.0909 | N70: =M70/L70 -> 152.27273 | O70: =L70-I70 -> 0 | P70: =N70-K70 -> -7.7272727 | Q70: =N70/K70 -> 0.95170455 | S70: 0.21527778 | T70: 0.3375 | U70: =(S70-T69)*24*60 -> 5 | V70: =(T70-S70)*24*60 -> 176 | AE70: =M70-J70 -> -115.90909 | AF70: =M70/J70 -> 0.95170455
A71: 新豐4線 | B71: 三明治 | C71: 經典火腿玉米蛋三明治 | E71: 24.43 | F71: 4550 | G71: =E71*F71 -> 111156.5 | I71: 14 | J71: 2400 | K71: =J71/I71 -> 171.42857 | L71: 14 | M71: =F71/V71*60 -> 2294.1176 | N71: =M71/L71 -> 163.86555 | O71: =L71-I71 -> 0 | P71: =N71-K71 -> -7.5630252 | Q71: =N71/K71 -> 0.95588235 | S71: 0.34305556 | T71: 0.42569444 | U71: =(S71-T70)*24*60 -> 8 | V71: =(T71-S71)*24*60 -> 119 | AE71: =M71-J71 -> -105.88235 | AF71: =M71/J71 -> 0.95588235
A72: 新豐4線 | B72: 三明治 | C72: 藍莓優格三明治 | E72: 20.21 | F72: 2568 | G72: =E72*F72 -> 51899.28 | I72: 16 | J72: 2400 | K72: =J72/I72 -> 150 | L72: 16 | M72: =F72/V72*60 -> 2299.7015 | N72: =M72/L72 -> 143.73134 | O72: =L72-I72 -> 0 | P72: =N72-K72 -> -6.2686567 | Q72: =N72/K72 -> 0.95820896 | S72: 0.42916667 | T72: 0.47569444 | U72: =(S72-T71)*24*60 -> 5 | V72: =(T72-S72)*24*60 -> 67 | AE72: =M72-J72 -> -100.29851 | AF72: =M72/J72 -> 0.95820896
A73: 新豐4線 | B73: 平均 | I73: 16.4 | J73: 2400 | K73: =J73/I73 -> 146.34146 | L73: 16.4 | M73: =AVERAGE(M68:M72) -> 2294.5247 | N73: =M73/L73 -> 139.91005 | O73: =L73-I73 -> 0 | P73: =N73-K73 -> -6.4314177 | Q73: =N73/K73 -> 0.95605198 | Y73: =SUM(Y68:Y72) -> 0 | Z73: =SUM(Z68:Z72) -> 0 | AC73: 5 | AD73: =SUM(AD68:AD72) -> 0 | AE73: =M73-J73 -> -105.47525 | AF73: =M73/J73 -> 0.95605198

Sheet 0129
B1: 屏榮 新豐廠組合室生產人時性分析
B3: 日期 | C3: =TEXT('0129 4度C'!A2,"yyyy.mm.ddaaaa") -> 2026.01.29星期四 | E3: 訂單量 | F3: ='0129 4度C'!D1 -> 142095 | H3: 營業額 | I3: ='0129 4度C'!F1 -> 4855613.6
B4: 人時性 | C4: 項目 | E4: ➀ | G4: ➁ | I4: ➂ | K4: 異常停線 | M4: 短暫停線
C5: 組合室 | E5: 全溫層 | G5: 4度C-各編組展開 | I5: ③三明治-各編組展開 | K5: 合計次數 | L5: 時間 | M5: 合計次數 | N5: 設備次數
C6: 排關平均 | E6: =AVERAGE(D13:M13) -> 143.64367 | F6: =AVERAGE(D31:O31,D13:J13) -> 145.91425 | G6: =AVERAGE(D13:J13) -> 145.91425 | I6: =AVERAGE(K13:M13) -> 138.34564 | K6: ='0129 4度C'!Y2 -> 0 | L6: ='0129 4度C'!Z2 -> 0 | M6: ='0129 4度C'!AC2 -> 33 | N6: ='0129 4度C'!AD2 -> 0
C7: 實績平均 | E7: =AVERAGE(D14:M14) -> 137.60153 | F7: =AVERAGE(D32:O32,D14:J14) -> 139.79505 | G7: =AVERAGE(D14:J14) -> 139.79505 | I7: =AVERAGE(K14:M14) -> 132.48331
C8: 達成率平均 | E8: =AVERAGE(D15:M15) -> 0.95661008 | F8: =AVERAGE(D15:J15,D33:O33) -> 0.95619422 | G8: =AVERAGE(D15:J15) -> 0.95619422 | I8: =AVERAGE(K15:M15) -> 0.9575804
K9: ※現行日本鮮食廠以達成率80%為基本(即為現行KPI)
B10: 溫層 | D10: ➁4度C-各編組展開 | K10: ③三明治-各編組展開
B11: 編組 | D11: 1 | E11: 2 | F11: 3 | G11: 4 | H11: 5 | I11: 6 | J11: 7 | K11: 1 | L11: 2 | M11: 3
D12: 新豐6線 | E12: 新豐2線 | F12: 新豐5線 | G12: 新豐7線 | H12: 新豐3線 | I12: 新豐1線 | J12: 新豐10線 | K12: 新豐8線 | L12: 新豐9線 | M12: 新豐4線
B13: 人時性 | C13: 排關 | D13: =SUMIFS('0129 4度C'!$K:$K,'0129 4度C'!$A:$A,"新豐6線",'0129 4度C'!$B:$B,"平均") -> 113.63636 | E13: =SUMIFS('0129 4度C'!$K:$K,'0129 4度C'!$A:$A,"新豐2線",'0129 4度C'!$B:$B,"平均") -> 83.333333 | F13: =SUMIFS('0129 4度C'!$K:$K,'0129 4度C'!$A:$A,"新豐5線",'0129 4度C'!$B:$B,"平均") -> 109.2437 | G13: =SUMIFS('0129 4度C'!$K:$K,'0129 4度C'!$A:$A,"新豐7線",'0129 4度C'!$B:$B,"平均") -> 122.34043 | H13: =SUMIFS('0129 4度C'!$K:$K,'0129 4度C'!$A:$A,"新豐3線",'0129 4度C'!$B:$B,"平均") -> 300 | I13: =SUMIFS('0129 4度C'!$K:$K,'0129 4度C'!$A:$A,"新豐1線",'0129 4度C'!$B:$B,"平均") -> 104.16667 | J13: =SUMIFS('0129 4度C'!$K:$K,'0129 4度C'!$A:$A,"新豐10線",'0129 4度C'!$B:$B,"平均") -> 188.67925 | K13: =SUMIFS('0129 4度C'!$K:$K,'0129 4度C'!$A:$A,"新豐8線",'0129 4度C'!$B:$B,"平均") -> 132.11009 | L13: =SUMIFS('0129 4度C'!$K:$K,'0129 4度C'!$A:$A,"新豐9線",'0129 4度C'!$B:$B,"平均") -> 136.58537 | M13: =SUMIFS('0129 4度C'!$K:$K,'0129 4度C'!$A:$A,"新豐4線",'0129 4度C'!$B:$B,"平均") -> 146.34146
C14: 實績 | D14: =SUMIFS('0129 4度C'!$N:$N,'0129 4度C'!$A:$A,"新豐6線",'0129 4度C'!$B:$B,"平均") -> 109.6557 | E14: =SUMIFS('0129 4度C'!$N:$N,'0129 4度C'!$A:$A,"新豐2線",'0129 4度C'!$B:$B,"平均") -> 79.41769 | F14: =SUMIFS('0129 4度C'!$N:$N,'0129 4度C'!$A:$A,"新豐5線",'0129 4度C'!$B:$B,"平均") -> 105.28088 | G14: =SUMIFS('0129 4度C'!$N:$N,'0129 4度C'!$A:$A,"新豐7線",'0129 4度C'!$B:$B,"平均") -> 117.49972 | H14: =SUMIFS('0129 4度C'!$N:$N,'0129 4度C'!$A:$A,"新豐3線",'0129 4度C'!$B:$B,"平均") -> 288.3249 | I14: =SUMIFS('0129 4度C'!$N:$N,'0129 4度C'!$A:$A,"新豐1線",'0129 4度C'!$B:$B,"平均") -> 96.439129 | J14: =SUMIFS('0129 4度C'!$N:$N,'0129 4度C'!$A:$A,"新豐10線",'0129 4度C'!$B:$B,"平均") -> 181.94735 | K14: =SUMIFS('0129 4度C'!$N:$N,'0129 4度C'!$A:$A,"新豐8線",'0129 4度C'!$B:$B,"平均") -> 126.30936 | L14: =SUMIFS('0129 4度C'!$N:$N,'0129 4度C'!$A:$A,"新豐9線",'0129 4度C'!$B:$B,"平均") -> 130.826 | M14: =SUMIFS('0129 4度C'!$N:$N,'0129 4度C'!$A:$A,"新豐4線",'0129 4度C'!$B:$B,"平均") -> 140.31458
C15: 達成率 | D15: =D14/D13 -> 0.96497018 | E15: =E14/E13 -> 0.95301229 | F15: =F14/F13 -> 0.963725 | G15: =G14/G13 -> 0.96043252 | H15: =H14/H13 -> 0.96108301 | I15: =I14/I13 -> 0.92581564 | J15: =J14/J13 -> 0.96432093 | K15: =K14/K13 -> 0.95609171 | ... M15: =M14/M13 -> 0.95881628
B16: 作業 時間 | C16: 開始 | D16: =VLOOKUP("新豐6線",'0129 4度C'!$A:$T,19,0) -> 0.70833333 | E16: =VLOOKUP("新豐2線",'0129 4度C'!$A:$T,19,0) -> 0.20833333 | F16: =VLOOKUP("新豐5線",'0129 4度C'!$A:$T,19,0) -> 0.20833333 | G16: =VLOOKUP("新豐7線",'0129 4度C'!$A:$T,19,0) -> 0.20833333 | H16: =VLOOKUP("新豐3線",'0129 4度C'!$A:$T,19,0) -> 0.20833333 | I16: =VLOOKUP("新豐1線",'0129 4度C'!$A:$T,19,0) -> 0.20833333 | J16: =VLOOKUP("新豐10線",'0129 4度C'!$A:$T,19,0) -> 0.20833333 | K16: =VLOOKUP("新豐8線",'0129 4度C'!$A:$T,19,0) -> 0.125 | L16: =VLOOKUP("新豐9線",'0129 4度C'!$A:$T,19,0) -> 0.125 | M16: =VLOOKUP("新豐4線",'0129 4度C'!$A:$T,19,0) -> 0.125
C17: 結束 | D17: =LOOKUP(2,1/(('0129 4度C'!$A:$A="新豐6線")*('0129 4度C'!$T:$T<>"")),'0129 4度C'!$T:$T) -> 0.83333333 | E17: =LOOKUP(2,1/(('0129 4度C'!$A:$A="新豐2線")*('0129 4度C'!$T:$T<>"")),'0129 4度C'!$T:$T) -> 0.42430556 | F17: =LOOKUP(2,1/(('0129 4度C'!$A:$A="新豐5線")*('0129 4度C'!$T:$T<>"")),'0129 4度C'!$T:$T) -> 0.91597222 | G17: =LOOKUP(2,1/(('0129 4度C'!$A:$A="新豐7線")*('0129 4度C'!$T:$T<>"")),'0129 4度C'!$T:$T) -> 0.82708333 | H17: =LOOKUP(2,1/(('0129 4度C'!$A:$A="新豐3線")*('0129 4度C'!$T:$T<>"")),'0129 4度C'!$T:$T) -> 0.65138889 | I17: =LOOKUP(2,1/(('0129 4度C'!$A:$A="新豐1線")*('0129 4度C'!$T:$T<>"")),'0129 4度C'!$T:$T) -> 0.84375 | J17: =LOOKUP(2,1/(('0129 4度C'!$A:$A="新豐10線")*('0129 4度C'!$T:$T<>"")),'0129 4度C'!$T:$T) -> 0.44652778 | K17: =LOOKUP(2,1/(('0129 4度C'!$A:$A="新豐8線")*('0129 4度C'!$T:$T<>"")),'0129 4度C'!$T:$T) -> 0.57569444 | L17: =LOOKUP(2,1/(('0129 4度C'!$A:$A="新豐9線")*('0129 4度C'!$T:$T<>"")),'0129 4度C'!$T:$T) -> 0.60625 | M17: =LOOKUP(2,1/(('0129 4度C'!$A:$A="新豐4線")*('0129 4度C'!$T:$T<>"")),'0129 4度C'!$T:$T) -> 0.51319444
B18: 產線異常 (5分鐘以上) | C18: 次數 | D18: =SUMIFS('0129 4度C'!$Y:$Y,'0129 4度C'!$A:$A,"新豐6線",'0129 4度C'!$B:$B,"平均") -> 0 | E18: =SUMIFS('0129 4度C'!$Y:$Y,'0129 4度C'!$A:$A,"新豐2線",'0129 4度C'!$B:$B,"平均") -> 0 | F18: =SUMIFS('0129 4度C'!$Y:$Y,'0129 4度C'!$A:$A,"新豐5線",'0129 4度C'!$B:$B,"平均") -> 0 | G18: =SUMIFS('0129 4度C'!$Y:$Y,'0129 4度C'!$A:$A,"新豐7線",'0129 4度C'!$B:$B,"平均") -> 0 | H18: =SUMIFS('0129 4度C'!$Y:$Y,'0129 4度C'!$A:$A,"新豐3線",'0129 4度C'!$B:$B,"平均") -> 0 | I18: =SUMIFS('0129 4度C'!$Y:$Y,'0129 4度C'!$A:$A,"新豐1線",'0129 4度C'!$B:$B,"平均") -> 0 | J18: =SUMIFS('0129 4度C'!$Y:$Y,'0129 4度C'!$A:$A,"新豐10線",'0129 4度C'!$B:$B,"平均") -> 0 | K18: =SUMIFS('0129 4度C'!$Y:$Y,'0129 4度C'!$A:$A,"新豐8線",'0129 4度C'!$B:$B,"平均") -> 0 | L18: =SUMIFS('0129 4度C'!$Y:$Y,'0129 4度C'!$A:$A,"新豐9線",'0129 4度C'!$B:$B,"平均") -> 0 | M18: =SUMIFS('0129 4度C'!$Y:$Y,'0129 4度C'!$A:$A,"新豐4線",'0129 4度C'!$B:$B,"平均") -> 0
C19: 時間/分 | D19: =SUMIFS('0129 4度C'!$Z:$Z,'0129 4度C'!$A:$A,"新豐6線",'0129 4度C'!$B:$B,"平均") -> 0 | E19: =SUMIFS('0129 4度C'!$Z:$Z,'0129 4度C'!$A:$A,"新豐2線",'0129 4度C'!$B:$B,"平均") -> 0 | F19: =SUMIFS('0129 4度C'!$Z:$Z,'0129 4度C'!$A:$A,"新豐5線",'0129 4度C'!$B:$B,"平均") -> 0 | G19: =SUMIFS('0129 4度C'!$Z:$Z,'0129 4度C'!$A:$A,"新豐7線",'0129 4度C'!$B:$B,"平均") -> 0 | H19: =SUMIFS('0129 4度C'!$Z:$Z,'0129 4度C'!$A:$A,"新豐3線",'0129 4度C'!$B:$B,"平均") -> 0 | I19: =SUMIFS('0129 4度C'!$Z:$Z,'0129 4度C'!$A:$A,"新豐1線",'0129 4度C'!$B:$B,"平均") -> 0 | J19: =SUMIFS('0129 4度C'!$Z:$Z,'0129 4度C'!$A:$A,"新豐10線",'0129 4度C'!$B:$B,"平均") -> 0 | K19: =SUMIFS('0129 4度C'!$Z:$Z,'0129 4度C'!$A:$A,"新豐8線",'0129 4度C'!$B:$B,"平均") -> 0 | L19: =SUMIFS('0129 4度C'!$Z:$Z,'0129 4度C'!$A:$A,"新豐9線",'0129 4度C'!$B:$B,"平均") -> 0 | M19: =SUMIFS('0129 4度C'!$Z:$Z,'0129 4度C'!$A:$A,"新豐4線",'0129 4度C'!$B:$B,"平均") -> 0
B20: 短暫停線 (5分鐘以下) | C20: 次數 | D20: =SUMIFS('0129 4度C'!$AC:$AC,'0129 4度C'!$A:$A,"新豐6線",'0129 4度C'!$B:$B,"平均") -> 1 | E20: =SUMIFS('0129 4度C'!$AC:$AC,'0129 4度C'!$A:$A,"新豐2線",'0129 4度C'!$B:$B,"平均") -> 2 | F20: =SUMIFS('0129 4度C'!$AC:$AC,'0129 4度C'!$A:$A,"新豐5線",'0129 4度C'!$B:$B,"平均") -> 3 | G20: =SUMIFS('0129 4度C'!$AC:$AC,'0129 4度C'!$A:$A,"新豐7線",'0129 4度C'!$B:$B,"平均") -> 3 | H20: =SUMIFS('0129 4度C'!$AC:$AC,'0129 4度C'!$A:$A,"新豐3線",'0129 4度C'!$B:$B,"平均") -> 0 | I20: =SUMIFS('0129 4度C'!$AC:$AC,'0129 4度C'!$A:$A,"新豐1線",'0129 4度C'!$B:$B,"平均") -> 4 | J20: =SUMIFS('0129 4度C'!$AC:$AC,'0129 4度C'!$A:$A,"新豐10線",'0129 4度C'!$B:$B,"平均") -> 1 | K20: =SUMIFS('0129 4度C'!$AC:$AC,'0129 4度C'!$A:$A,"新豐8線",'0129 4度C'!$B:$B,"平均") -> 6 | L20: =SUMIFS('0129 4度C'!$AC:$AC,'0129 4度C'!$A:$A,"新豐9線",'0129 4度C'!$B:$B,"平均") -> 7 | M20: =SUMIFS('0129 4度C'!$AC:$AC,'0129 4度C'!$A:$A,"新豐4線",'0129 4度C'!$B:$B,"平均") -> 6
C21: 設備次數 | D21: =SUMIFS('0129 4度C'!$AD:$AD,'0129 4度C'!$A:$A,"新豐6線",'0129 4度C'!$B:$B,"平均") -> 0 | E21: =SUMIFS('0129 4度C'!$AD:$AD,'0129 4度C'!$A:$A,"新豐2線",'0129 4度C'!$B:$B,"平均") -> 0 | F21: =SUMIFS('0129 4度C'!$AD:$AD,'0129 4度C'!$A:$A,"新豐5線",'0129 4度C'!$B:$B,"平均") -> 0 | G21: =SUMIFS('0129 4度C'!$AD:$AD,'0129 4度C'!$A:$A,"新豐7線",'0129 4度C'!$B:$B,"平均") -> 0 | H21: =SUMIFS('0129 4度C'!$AD:$AD,'0129 4度C'!$A:$A,"新豐3線",'0129 4度C'!$B:$B,"平均") -> 0 | I21: =SUMIFS('0129 4度C'!$AD:$AD,'0129 4度C'!$A:$A,"新豐1線",'0129 4度C'!$B:$B,"平均") -> 0 | J21: =SUMIFS('0129 4度C'!$AD:$AD,'0129 4度C'!$A:$A,"新豐10線",'0129 4度C'!$B:$B,"平均") -> 0 | K21: =SUMIFS('0129 4度C'!$AD:$AD,'0129 4度C'!$A:$A,"新豐8線",'0129 4度C'!$B:$B,"平均") -> 0 | L21: =SUMIFS('0129 4度C'!$AD:$AD,'0129 4度C'!$A:$A,"新豐9線",'0129 4度C'!$B:$B,"平均") -> 0 | M21: =SUMIFS('0129 4度C'!$AD:$AD,'0129 4度C'!$A:$A,"新豐4線",'0129 4度C'!$B:$B,"平均") -> 0
B22: 配置人數 | D22: =SUMIFS('0129 4度C'!$I:$I,'0129 4度C'!$A:$A,"新豐6線",'0129 4度C'!$B:$B,"平均") -> 17.6 | E22: =SUMIFS('0129 4度C'!$I:$I,'0129 4度C'!$A:$A,"新豐2線",'0129 4度C'!$B:$B,"平均") -> 18 | F22: =SUMIFS('0129 4度C'!$I:$I,'0129 4度C'!$A:$A,"新豐5線",'0129 4度C'!$B:$B,"平均") -> 17 | G22: =SUMIFS('0129 4度C'!$I:$I,'0129 4度C'!$A:$A,"新豐7線",'0129 4度C'!$B:$B,"平均") -> 15.666667 | H22: =SUMIFS('0129 4度C'!$I:$I,'0129 4度C'!$A:$A,"新豐3線",'0129 4度C'!$B:$B,"平均") -> 10 | I22: =SUMIFS('0129 4度C'!$I:$I,'0129 4度C'!$A:$A,"新豐1線",'0129 4度C'!$B:$B,"平均") -> 18.666667 | J22: =SUMIFS('0129 4度C'!$I:$I,'0129 4度C'!$A:$A,"新豐10線",'0129 4度C'!$B:$B,"平均") -> 10.6 | K22: =SUMIFS('0129 4度C'!$I:$I,'0129 4度C'!$A:$A,"新豐8線",'0129 4度C'!$B:$B,"平均") -> 18.166667 | L22: =SUMIFS('0129 4度C'!$I:$I,'0129 4度C'!$A:$A,"新豐9線",'0129 4度C'!$B:$B,"平均") -> 17.571429 | M22: =SUMIFS('0129 4度C'!$I:$I,'0129 4度C'!$A:$A,"新豐4線",'0129 4度C'!$B:$B,"平均") -> 16.4
B23: 主要應用設備 | D23: ET-55 | E23: 熱縮爐 | F23: L型包裝機 | G23: L型包裝機 | H23: 伺服包裝機 | I23: ET-55 | J23: 伺服包裝機 | K23: 三明治包裝機 | L23: 三明治包裝機 | M23: 三明治包裝機
B24: 次要應用設備 | F24: 圓盤機 | G24: ET-55
B25: 備註 | E25: 握沙拉 | F25: 共用L型包裝機 | H25: 調理麵包 | I25: 炒飯+沙拉 | J25: 調理麵包

Sheet 0129 4度C
A1: 新豐廠四度C日報分析 | C1: 總生產量 | D1: =SUM(F5:F76) -> 142095 | E1: 營業額 | F1: =SUM(G5:G76) -> 4855613.6 | G1: 出勤人數 | H1: =L10+L13+L54+L64+L21+L70+L35+L43+L28+L76 -> 159.67143 | I1: 產線配置圖 | L1: 生產實績 | O1: 人時性差異分析 | S1: 日報登錄 | Y1: 合計 次數 | Z1: 合計 時間/分 | AA1: 產線異常 分析說明(5分鐘以上) | AC1: 合計 次數 | AD1: 合計 設備次數 | AE1: 產能差異分析
A2: 46051 | B2: 星期四 | C2: 人時性 | D2: =AVERAGE(N10,N13,N54,N64,N21,N70,N28,N35,N43,N76) -> 137.60153 | E2: 平均廠價 | F2: =F1/D1 -> 34.171601 | G2: 多次生產數 | H2: =COUNT(H5:H76) -> 6 | Y2: =SUM(Y10+Y13+Y21+Y28+Y35+Y43+Y54+Y64+Y70+Y76) -> 0 | Z2: =SUM(Z10+Z13+Z21+Z28+Z35+Z43+Z54+Z64+Z70+Z76) -> 0 | AC2: 33 | AD2: =SUM(AD10+AD13+AD21+AD28+AD35+AD43+AD54+AD64+AD70+AD76) -> 0
A3: 線別 | B3: 品類 | C3: 品名 | E3: 廠價 | F3: 生產量 | G3: 營收 | H3: 多次 生產 | I3: 人數 | J3: 產能/時 | K3: 人時性 | L3: 人數 | M3: 產能/時 | N3: 人時性 | O3: 人數 | P3: 人時性 | Q3: 達成率 | R3: 達成率平均 | S3: 生產時間 | U3: 換線、休息/分 | V3: 稼動時間/分 | W3: 休息時間 | Y3: 產線異常統計 (5分鐘以上) | AA3: (新豐回填) | AC3: 短暫停線統計 (5分鐘以下) | AE3: 產能/時 | AF3: 達成率 | AG3: 達成率平均
S4: 開始 | T4: 結束 | W4: 開始 | X4: 結束 | Y4: 次數 | Z4: 時間/分 | AC4: 總次數 | AD4: 設備因素(次數)
A5: 新豐6線 | B5: 微波主食 | C5: 二配港式香滑嫩蛋牛肉燴飯 | E5: 50.67 | F5: 1038 | G5: =E5*F5 -> 52595.46 | I5: 17 | J5: 2000 | K5: =J5/I5 -> 117.64706 | L5: 17 | M5: =F5/V5*60 -> 1946.25 | N5: =M5/L5 -> 114.48529 | O5: =L5-I5 -> 0 | P5: =N5-K5 -> -3.1617647 | Q5: =N5/K5 -> 0.973125 | R5: =Q10 -> 0.96497018 | S5: 0.70833333 | T5: 0.73055556 | V5: =(T5-S5)*24*60 -> 32 | AC5: 1 | AE5: =M5-J5 -> -53.75 | AF5: =M5/J5 -> 0.973125 | AG5: =AF10 -> 0.96497018
A6: 新豐6線 | B6: 微波主食 | C6: 二配美味蟹煲 | E6: 54.09 | F6: 1016 | G6: =E6*F6 -> 54955.44 | I6: 19 | J6: 2000 | K6: =J6/I6 -> 105.26316 | L6: 19 | M6: =F6/V6*60 -> 1905 | N6: =M6/L6 -> 100.26316 | O6: =L6-I6 -> 0 | P6: =N6-K6 -> -5 | Q6: =N6/K6 -> 0.9525 | S6: 0.73402778 | T6: 0.75625 | U6: =IF(S6=TIME(17,0,0),"",(S6-T5)*24*60) -> 5 | V6: =(T6-S6)*24*60 -> 32 | AE6: =M6-J6 -> -95 | AF6: =M6/J6 -> 0.9525
A7: 新豐6線 | B7: 微波主食 | C7: 二配麻油雞燴飯 | E7: 50.29 | F7: 643 | G7: =E7*F7 -> 32336.47 | I7: 16 | J7: 2000 | K7: =J7/I7 -> 125 | L7: 16 | M7: =F7/V7*60 -> 1929 | N7: =M7/L7 -> 120.5625 | O7: =L7-I7 -> 0 | P7: =N7-K7 -> -4.4375 | Q7: =N7/K7 -> 0.9645 | S7: 0.76180556 | T7: 0.77569444 | U7: =IF(S7=TIME(17,0,0),"",(S7-T6)*24*60) -> 8 | V7: =(T7-S7)*24*60 -> 20 | AE7: =M7-J7 -> -71 | AF7: =M7/J7 -> 0.9645
A8: 新豐6線 | B8: 微波主食 | C8: 二配紅燒牛肉燴飯 | E8: 57.3 | F8: 1371 | G8: =E8*F8 -> 78558.3 | I8: 15 | J8: 2000 | K8: =J8/I8 -> 133.33333 | L8: 15 | M8: =F8/V8*60 -> 1913.0233 | N8: =M8/L8 -> 127.53488 | O8: =L8-I8 -> 0 | P8: =N8-K8 -> -5.7984496 | Q8: =N8/K8 -> 0.95651163 | S8: 0.78055556 | T8: 0.81041667 | U8: =IF(S8=TIME(17,0,0),"",(S8-T7)*24*60) -> 7 | V8: =(T8-S8)*24*60 -> 43 | AE8: =M8-J8 -> -86.976744 | AF8: =M8/J8 -> 0.95651163
A9: 新豐6線 | B9: 微波主食 | C9: 二配濃蕃茄火腿蛋包飯 | E9: 50.67 | F9: 913 | G9: =E9*F9 -> 46261.71 | I9: 21 | J9: 2000 | K9: =J9/I9 -> 95.238095 | L9: 21 | M9: =F9/V9*60 -> 1956.4286 | N9: =M9/L9 -> 93.163265 | O9: =L9-I9 -> 0 | P9: =N9-K9 -> -2.0748299 | Q9: =N9/K9 -> 0.97821429 | S9: 0.81388889 | T9: 0.83333333 | U9: =IF(S9=TIME(17,0,0),"",(S9-T8)*24*60) -> 5 | V9: =(T9-S9)*24*60 -> 28 | AE9: =M9-J9 -> -43.571429 | AF9: =M9/J9 -> 0.97821429
A10: 新豐6線 | B10: 平均 | I10: 17.6 | J10: 2000 | K10: =J10/I10 -> 113.63636 | L10: 17.6 | M10: =AVERAGE(M5:M9) -> 1929.9404 | N10: =M10/L10 -> 109.6557 | O10: =L10-I10 -> 0 | P10: =N10-K10 -> -3.9806611 | Q10: =N10/K10 -> 0.96497018 | Y10: =SUM(Y5:Y9) -> 0 | Z10: =SUM(Z5:Z9) -> 0 | AC10: 1 | AD10: =SUM(AD5:AD9) -> 0 | AE10: =M10-J10 -> -70.059635 | AF10: =M10/J10 -> 0.96497018
A11: 新豐2線 | B11: 沙拉 | C11: 青醬優格雞肉握沙拉(113年) | E11: 39.62 | F11: 2882 | G11: =E11*F11 -> 114184.84 | I11: 19 | J11: 1500 | K11: =J11/I11 -> 78.947368 | L11: 19 | M11: =F11/V11*60 -> 1429.0909 | N11: =M11/L11 -> 75.215311 | O11: =L11-I11 -> 0 | P11: =N11-K11 -> -3.7320574 | Q11: =N11/K11 -> 0.95272727 | R11: =Q13 -> 0.95301229 | S11: 0.20833333 | T11: 0.29236111 | V11: =(T11-S11)*24*60 -> 121 | AC11: 2 | AE11: =M11-J11 -> -70.909091 | AF11: =M11/J11 -> 0.95272727 | AG11: =AF13 -> 0.95301229
A12: 新豐2線 | B12: 沙拉 | C12: 青檸烤雞握沙拉(113年) | E12: 39.8 | F12: 4409 | G12: =E12*F12 -> 175478.2 | I12: 17 | J12: 1500 | K12: =J12/I12 -> 88.235294 | L12: 17 | M12: =F12/V12*60 -> 1429.9459 | N12: =M12/L12 -> 84.114467 | O12: =L12-I12 -> 0 | P12: =N12-K12 -> -4.1208267 | Q12: =N12/K12 -> 0.9532973 | S12: 0.29583333 | T12: 0.42430556 | U12: =IF(S12=TIME(17,0,0),"",(S12-T11)*24*60) -> 5 | V12: =(T12-S12)*24*60 -> 185 | AE12: =M12-J12 -> -70.054054 | AF12: =M12/J12 -> 0.9532973
A13: 新豐2線 | B13: 平均 | I13: 18 | J13: 1500 | K13: =J13/I13 -> 83.333333 | L13: 18 | M13: =AVERAGE(M11:M12) -> 1429.5184 | N13: =M13/L13 -> 79.41769 | O13: =L13-I13 -> 0 | P13: =N13-K13 -> -3.9156429 | Q13: =N13/K13 -> 0.95301229 | Y13: =SUM(Y11:Y12) -> 0 | Z13: =SUM(Z11:Z12) -> 0 | AC13: 2 | AD13: =SUM(AD11:AD12) -> 0 | AE13: =M13-J13 -> -70.481572 | AF13: =M13/J13 -> 0.95301229
A14: 新豐5線 | B14: 小吃 | C14: 剝皮辣椒雞湯 | E14: 41 | F14: 2146 | G14: =E14*F14 -> 87986 | I14: 26 | J14: 1500 | K14: =J14/I14 -> 57.692308 | L14: 26 | M14: =F14/V14*60 -> 1430.6667 | N14: =M14/L14 -> 55.025641 | O14: =L14-I14 -> 0 | P14: =N14-K14 -> -2.6666667 | Q14: =N14/K14 -> 0.95377778 | R14: =Q21 -> 0.963725 | S14: 0.20833333 | T14: 0.27083333 | V14: =(T14-S14)*24*60 -> 90 | AC14: 3 | AE14: =M14-J14 -> -69.333333 | AF14: =M14/J14 -> 0.95377778 | AG14: =AF21 -> 0.963725
A15: 新豐5線 | B15: 季節調理麵 | C15: 柚子雞白湯拉麵 | E15: 72.4 | F15: 934 | G15: =E15*F15 -> 67621.6 | I15: 18 | J15: 1500 | K15: =J15/I15 -> 83.333333 | L15: 18 | M15: =F15/V15*60 -> 1436.9231 | N15: =M15/L15 -> 79.82906 | O15: =L15-I15 -> 0 | P15: =N15-K15 -> -3.5042735 | Q15: =N15/K15 -> 0.95794872 | S15: 0.27638889 | T15: 0.30347222 | U15: =IF(S15=TIME(17,0,0),"",(S15-T14)*24*60) -> 8 | V15: =(T15-S15)*24*60 -> 39 | AE15: =M15-J15 -> -63.076923 | AF15: =M15/J15 -> 0.95794872
A16: 新豐5線 | B16: 微波主食 | C16: 二配金咖哩濃厚辛口咖哩飯 | E16: 50.98 | F16: 1000 | G16: =E16*F16 -> 50980 | H16: 2 | I16: 16 | J16: 2000 | K16: =J16/I16 -> 125 | L16: 16 | M16: =F16/V16*60 -> 1935.4839 | N16: =M16/L16 -> 120.96774 | O16: =L16-I16 -> 0 | P16: =N16-K16 -> -4.0322581 | Q16: =N16/K16 -> 0.96774194 | S16: 0.70833333 | T16: 0.72986111 | U16: =IF(S16=TIME(17,0,0),"",(S16-T15)*24*60) | V16: =(T16-S16)*24*60 -> 31 | AE16: =M16-J16 -> -64.516129 | AF16: =M16/J16 -> 0.96774194
A17: 新豐5線 | B17: 微波主食 | C17: 二配金咖哩果香甘口咖哩飯 | E17: 50.92 | F17: 1963 | G17: =E17*F17 -> 99955.96 | I17: 15 | J17: 2000 | K17: =J17/I17 -> 133.33333 | L17: 15 | M17: =F17/V17*60 -> 1930.8197 | N17: =M17/L17 -> 128.72131 | O17: =L17-I17 -> 0 | P17: =N17-K17 -> -4.6120219 | Q17: =N17/K17 -> 0.96540984 | S17: 0.73472222 | T17: 0.77708333 | U17: =IF(S17=TIME(17,0,0),"",(S17-T16)*24*60) -> 7 | V17: =(T17-S17)*24*60 -> 61 | AE17: =M17-J17 -> -69.180328 | AF17: =M17/J17 -> 0.96540984
A18: 新豐5線 | B18: 微波主食 | C18: 二配泰式綠咖哩雞 | E18: 50.67 | F18: 1360 | G18: =E18*F18 -> 68911.2 | I18: 15 | J18: 2000 | K18: =J18/I18 -> 133.33333 | L18: 15 | M18: =F18/V18*60 -> 1942.8571 | N18: =M18/L18 -> 129.52381 | O18: =L18-I18 -> 0 | P18: =N18-K18 -> -3.8095238 | Q18: =N18/K18 -> 0.97142857 | S18: 0.78194444 | T18: 0.81111111 | U18: =IF(S18=TIME(17,0,0),"",(S18-T17)*24*60) -> 7 | V18: =(T18-S18)*24*60 -> 42 | AE18: =M18-J18 -> -57.142857 | AF18: =M18/J18 -> 0.97142857
A19: 新豐5線 | B19: 微波主食 | C19: 二配厚香料咖哩雞排飯 | E19: 57.3 | F19: 1703 | G19: =E19*F19 -> 97581.9 | I19: 13 | J19: 2000 | K19: =J19/I19 -> 153.84615 | L19: 13 | M19: =F19/V19*60 -> 1927.9245 | N19: =M19/L19 -> 148.30189 | O19: =L19-I19 -> 0 | P19: =N19-K19 -> -5.5442671 | Q19: =N19/K19 -> 0.96396226 | S19: 0.81666667 | T19: 0.85347222 | U19: =IF(S19=TIME(17,0,0),"",(S19-T18)*24*60) -> 8 | V19: =(T19-S19)*24*60 -> 53 | W19: =T19 -> 0.85347222 | X19: =S20 -> 0.89375 | AE19: =M19-J19 -> -72.075472 | AF19: =M19/J19 -> 0.96396226
A20: 新豐5線 | B20: 微波主食 | C20: 二配金咖哩濃厚辛口咖哩飯 | E20: 50.98 | F20: 1026 | G20: =E20*F20 -> 52305.48 | I20: 16 | J20: 2000 | K20: =J20/I20 -> 125 | L20: 16 | M20: =F20/V20*60 -> 1923.75 | N20: =M20/L20 -> 120.23437 | O20: =L20-I20 -> 0 | P20: =N20-K20 -> -4.765625 | Q20: =N20/K20 -> 0.961875 | S20: 0.89375 | T20: 0.91597222 | U20: =IF(S20=TIME(17,0,0),"",(S20-T19)*24*60) -> 58 | V20: =(T20-S20)*24*60 -> 32 | AE20: =M20-J20 -> -76.25 | AF20: =M20/J20 -> 0.961875
A21: 新豐5線 | B21: 平均 | I21: 17 | J21: 1857.1429 | K21: =J21/I21 -> 109.2437 | L21: 17 | M21: =AVERAGE(M14:M20) -> 1789.775 | N21: =M21/L21 -> 105.28088 | O21: =L21-I21 -> 0 | P21: =N21-K21 -> -3.9628155 | Q21: =N21/K21 -> 0.963725 | Y21: =SUM(Y14:Y20) -> 0 | Z21: =SUM(Z14:Z20) -> 0 | AC21: 3 | AD21: =SUM(AD14:AD20) -> 0 | AE21: =M21-J21 -> -67.367863 | AF21: =M21/J21 -> 0.963725
A22: 新豐7線 | B22: 小吃 | C22: 古早味炒炊粉 | E22: 43.14 | F22: 1040 | G22: =E22*F22 -> 44865.6 | I22: 17 | J22: 2000 | K22: =J22/I22 -> 117.64706 | L22: 17 | M22: =F22/V22*60 -> 1950 | N22: =M22/L22 -> 114.70588 | O22: =L22-I22 -> 0 | P22: =N22-K22 -> -2.9411765 | Q22: =N22/K22 -> 0.975 | R22: =Q28 -> 0.96043252 | S22: 0.20833333 | T22: 0.23055556 | V22: =(T22-S22)*24*60 -> 32 | AC22: 3 | AE22: =M22-J22 -> -50 | AF22: =M22/J22 -> 0.975 | AG22: =AF28 -> 0.96043252
A23: 新豐7線 | B23: 微波主食 | C23: 鐵板滑蛋炸豬排丼 | E23: 57.73 | F23: 2236 | G23: =E23*F23 -> 129084.28 | I23: 14 | J23: 2000 | K23: =J23/I23 -> 142.85714 | L23: 14 | M23: =F23/V23*60 -> 1916.5714 | N23: =M23/L23 -> 136.89796 | O23: =L23-I23 -> 0 | P23: =N23-K23 -> -5.9591837 | Q23: =N23/K23 -> 0.95828571 | S23: 0.23611111 | T23: 0.28472222 | U23: =IF(S23=TIME(17,0,0),"",(S23-T22)*24*60) -> 8 | V23: =(T23-S23)*24*60 -> 70 | AE23: =M23-J23 -> -83.428571 | AF23: =M23/J23 -> 0.95828571
A24: 新豐7線 | B24: 微波主食 | C24: 極上炙烤親子丼 | E24: 53.68 | F24: 1433 | G24: =E24*F24 -> 76923.44 | I24: 16 | J24: 2000 | K24: =J24/I24 -> 125 | L24: 16 | M24: =F24/V24*60 -> 1910.6667 | N24: =M24/L24 -> 119.41667 | O24: =L24-I24 -> 0 | P24: =N24-K24 -> -5.5833333 | Q24: =N24/K24 -> 0.95533333 | S24: 0.29027778 | T24: 0.32152778 | U24: =IF(S24=TIME(17,0,0),"",(S24-T23)*24*60) -> 8 | V24: =(T24-S24)*24*60 -> 45 | AE24: =M24-J24 -> -89.333333 | AF24: =M24/J24 -> 0.95533333
A25: 新豐7線 | B25: 微波主食 | C25: 二配川味麻婆燒豆腐燴飯 | E25: 50.49 | F25: 1694 | G25: =E25*F25 -> 85530.06 | I25: 15 | J25: 2000 | K25: =J25/I25 -> 133.33333 | L25: 15 | M25: =F25/V25*60 -> 1917.7358 | N25: =M25/L25 -> 127.84906 | O25: =L25-I25 -> 0 | P25: =N25-K25 -> -5.4842767 | Q25: =N25/K25 -> 0.95886792 | S25: 0.70833333 | T25: 0.74513889 | U25: =IF(S25=TIME(17,0,0),"",(S25-T24)*24*60) | V25: =(T25-S25)*24*60 -> 53 | AE25: =M25-J25 -> -82.264151 | AF25: =M25/J25 -> 0.95886792
A26: 新豐7線 | B26: 微波主食 | C26: 二配香炒沙茶豬肉飯 | E26: 50.67 | F26: 992 | G26: =E26*F26 -> 50264.64 | I26: 16 | J26: 2000 | K26: =J26/I26 -> 125 | L26: 16 | M26: =F26/V26*60 -> 1920 | N26: =M26/L26 -> 120 | O26: =L26-I26 -> 0 | P26: =N26-K26 -> -5 | Q26: =N26/K26 -> 0.96 | S26: 0.75 | T26: 0.77152778 | U26: =IF(S26=TIME(17,0,0),"",(S26-T25)*24*60) -> 7 | V26: =(T26-S26)*24*60 -> 31 | AE26: =M26-J26 -> -80 | AF26: =M26/J26 -> 0.96
A27: 新豐7線 | B27: 微波主食 | C27: 二配起司控培根白醬焗烤飯 | E27: 53.68 | F27: 1716 | G27: =E27*F27 -> 92114.88 | I27: 16 | J27: 1500 | K27: =J27/I27 -> 93.75 | L27: 16 | M27: =F27/V27*60 -> 1430 | N27: =M27/L27 -> 89.375 | O27: =L27-I27 -> 0 | P27: =N27-K27 -> -4.375 | Q27: =N27/K27 -> 0.95333333 | S27: 0.77708333 | T27: 0.82708333 | U27: =IF(S27=TIME(17,0,0),"",(S27-T26)*24*60) -> 8 | V27: =(T27-S27)*24*60 -> 72 | AE27: =M27-J27 -> -70 | AF27: =M27/J27 -> 0.95333333
A28: 新豐7線 | B28: 平均 | I28: 15.666667 | J28: 1916.6667 | K28: =J28/I28 -> 122.34043 | L28: 15.666667 | M28: =AVERAGE(M22:M27) -> 1840.829 | N28: =M28/L28 -> 117.49972 | O28: =L28-I28 -> 0 | P28: =N28-K28 -> -4.8407027 | Q28: =N28/K28 -> 0.96043252 | Y28: =SUM(Y22:Y27) -> 0 | Z28: =SUM(Z22:Z27) -> 0 | AC28: 3 | AD28: =SUM(AD22:AD27) -> 0 | AE28: =M28-J28 -> -75.837676 | AF28: =M28/J28 -> 0.96043252
A29: 新豐8線 | B29: 三明治 | C29: 紐奧良風味烤雞鮮蔬三明治 | E29: 31.29 | F29: 4100 | G29: =E29*F29 -> 128289 | H29: 2 | I29: 18 | J29: 2400 | K29: =J29/I29 -> 133.33333 | L29: 18 | M29: =F29/V29*60 -> 2299.0654 | N29: =M29/L29 -> 127.72586 | O29: =L29-I29 -> 0 | P29: =N29-K29 -> -5.6074766 | Q29: =N29/K29 -> 0.95794393 | R29: =Q35 -> 0.95609171 | S29: 0.125 | T29: 0.19930556 | V29: =(T29-S29)*24*60 -> 107 | W29: =T29 -> 0.19930556 | X29: =S30 -> 0.21736111 | AC29: 6 | AE29: =M29-J29 -> -100.93458 | AF29: =M29/J29 -> 0.95794393 | AG29: =AF35 -> 0.95609171
A30: 新豐8線 | B30: 三明治 | C30: 經典總匯三明治 | E30: 26.2 | F30: 4018 | G30: =E30*F30 -> 105271.6 | I30: 20 | J30: 2400 | K30: =J30/I30 -> 120 | L30: 20 | M30: =F30/V30*60 -> 2296 | N30: =M30/L30 -> 114.8 | O30: =L30-I30 -> 0 | P30: =N30-K30 -> -5.2 | Q30: =N30/K30 -> 0.95666667 | S30: 0.21736111 | T30: 0.29027778 | U30: =(S30-T29)*24*60 -> 26 | V30: =(T30-S30)*24*60 -> 105 | AE30: =M30-J30 -> -104 | AF30: =M30/J30 -> 0.95666667
A31: 新豐8線 | B31: 三明治 | C31: 雞蛋沙拉三明治(114年) | E31: 25.99 | F31: 3567 | G31: =E31*F31 -> 92706.33 | I31: 14 | J31: 2400 | K31: =J31/I31 -> 171.42857 | L31: 14 | M31: =F31/V31*60 -> 2301.2903 | N31: =M31/L31 -> 164.37788 | O31: =L31-I31 -> 0 | P31: =N31-K31 -> -7.0506912 | Q31: =N31/K31 -> 0.95887097 | S31: 0.29513889 | T31: 0.35972222 | U31: =(S31-T30)*24*60 -> 7 | V31: =(T31-S31)*24*60 -> 93 | AE31: =M31-J31 -> -98.709677 | AF31: =M31/J31 -> 0.95887097
A32: 新豐8線 | B32: 三明治 | C32: 肉鬆火腿三明治 | E32: 20.52 | F32: 3466 | G32: =E32*F32 -> 71122.32 | I32: 18 | J32: 2400 | K32: =J32/I32 -> 133.33333 | L32: 18 | M32: =F32/V32*60 -> 2285.2747 | N32: =M32/L32 -> 126.95971 | O32: =L32-I32 -> 0 | P32: =N32-K32 -> -6.3736264 | Q32: =N32/K32 -> 0.9521978 | S32: 0.36388889 | T32: 0.42708333 | U32: =(S32-T31)*24*60 -> 6 | V32: =(T32-S32)*24*60 -> 91 | AE32: =M32-J32 -> -114.72527 | AF32: =M32/J32 -> 0.9521978
A33: 新豐8線 | B33: 三明治 | C33: 好多菜三明治(114年) | E33: 25.98 | F33: 2710 | G33: =E33*F33 -> 70405.8 | I33: 21 | J33: 2400 | K33: =J33/I33 -> 114.28571 | L33: 21 | M33: =F33/V33*60 -> 2290.1408 | N33: =M33/L33 -> 109.05433 | O33: =L33-I33 -> 0 | P33: =N33-K33 -> -5.2313883 | Q33: =N33/K33 -> 0.95422535 | S33: 0.43055556 | T33: 0.47986111 | U33: =(S33-T32)*24*60 -> 5 | V33: =(T33-S33)*24*60 -> 71 | W33: =T33 -> 0.47986111 | X33: =S34 -> 0.52083333 | AE33: =M33-J33 -> -109.85915 | AF33: =M33/J33 -> 0.95422535
A34: 新豐8線 | B34: 三明治 | C34: 紐奧良風味烤雞鮮蔬三明治 | E34: 31.29 | F34: 3023 | G34: =E34*F34 -> 94589.67 | I34: 18 | J34: 2400 | K34: =J34/I34 -> 133.33333 | L34: 18 | M34: =F34/V34*60 -> 2295.9494 | N34: =M34/L34 -> 127.55274 | O34: =L34-I34 -> 0 | P34: =N34-K34 -> -5.7805907 | Q34: =N34/K34 -> 0.95664557 | S34: 0.52083333 | T34: 0.57569444 | U34: =(S34-T33)*24*60 -> 59 | V34: =(T34-S34)*24*60 -> 79 | AE34: =M34-J34 -> -104.05063 | AF34: =M34/J34 -> 0.95664557
A35: 新豐8線 | B35: 平均 | I35: 18.166667 | J35: 2400 | K35: =J35/I35 -> 132.11009 | L35: 18.166667 | M35: =AVERAGE(M29:M34) -> 2294.6201 | N35: =M35/L35 -> 126.30936 | O35: =L35-I35 -> 0 | P35: =N35-K35 -> -5.8007277 | Q35: =N35/K35 -> 0.95609171 | Y35: =SUM(Y29:Y34) -> 0 | Z35: =SUM(Z29:Z34) -> 0 | AC35: 6 | AD35: =SUM(AD29:AD34) -> 0 | AE35: =M35-J35 -> -105.37989 | AF35: =M35/J35 -> 0.95609171
A36: 新豐9線 | B36: 三明治 | C36: 鮪魚起司溏心蛋三明治 | E36: 26.2 | F36: 5211 | G36: =E36*F36 -> 136528.2 | I36: 18 | J36: 2400 | K36: =J36/I36 -> 133.33333 | L36: 18 | M36: =F36/V36*60 -> 2282.1898 | N36: =M36/L36 -> 126.78832 | O36: =L36-I36 -> 0 | P36: =N36-K36 -> -6.5450122 | Q36: =N36/K36 -> 0.95091241 | R36: =Q43 -> 0.95783321 | S36: 0.125 | T36: 0.22013889 | V36: =(T36-S36)*24*60 -> 137 | W36: =T36 -> 0.22013889 | X36: =S37 -> 0.23819444 | AC36: 7 | AE36: =M36-J36 -> -117.81022 | AF36: =M36/J36 -> 0.95091241 | AG36: =AF43 -> 0.95783321
A37: 新豐9線 | B37: 三明治 | C37: 陽光地瓜總匯三明治 | E37: 26.18 | F37: 1903 | G37: =E37*F37 -> 49820.54 | I37: 19 | J37: 2400 | K37: =J37/I37 -> 126.31579 | L37: 19 | M37: =F37/V37*60 -> 2330.2041 | N37: =M37/L37 -> 122.64232 | O37: =L37-I37 -> 0 | P37: =N37-K37 -> -3.6734694 | Q37: =N37/K37 -> 0.97091837 | S37: 0.23819444 | T37: 0.27222222 | U37: =(S37-T36)*24*60 -> 26 | V37: =(T37-S37)*24*60 -> 49 | AE37: =M37-J37 -> -69.795918 | AF37: =M37/J37 -> 0.97091837
A38: 新豐9線 | B38: 三明治 | C38: 醬燒烤雞三明治 | E38: 26.39 | F38: 4958 | G38: =E38*F38 -> 130841.62 | I38: 19 | J38: 2400 | K38: =J38/I38 -> 126.31579 | L38: 19 | M38: =F38/V38*60 -> 2288.3077 | N38: =M38/L38 -> 120.43725 | O38: =L38-I38 -> 0 | P38: =N38-K38 -> -5.8785425 | Q38: =N38/K38 -> 0.95346154 | S38: 0.27777778 | T38: 0.36805556 | U38: =(S38-T37)*24*60 -> 8 | V38: =(T38-S38)*24*60 -> 130 | AE38: =M38-J38 -> -111.69231 | AF38: =M38/J38 -> 0.95346154
A39: 新豐9線 | B39: 三明治 | C39: 覆盆莓榛果可可三明治 | E39: 22.69 | F39: 1300 | G39: =E39*F39 -> 29497 | I39: 15 | J39: 2400 | K39: =J39/I39 -> 160 | L39: 15 | M39: =F39/V39*60 -> 2294.1176 | N39: =M39/L39 -> 152.94118 | O39: =L39-I39 -> 0 | P39: =N39-K39 -> -7.0588235 | Q39: =N39/K39 -> 0.95588235 | S39: 0.37361111 | T39: 0.39722222 | U39: =(S39-T38)*24*60 -> 8 | V39: =(T39-S39)*24*60 -> 34 | AE39: =M39-J39 -> -105.88235 | AF39: =M39/J39 -> 0.95588235
A40: 新豐9線 | B40: 三明治 | C40: 瘋狂起司三明治(113年) | E40: 24.45 | F40: 2141 | G40: =E40*F40 -> 52347.45 | I40: 20 | J40: 2400 | K40: =J40/I40 -> 120 | L40: 20 | M40: =F40/V40*60 -> 2293.9286 | N40: =M40/L40 -> 114.69643 | O40: =L40-I40 -> 0 | P40: =N40-K40 -> -5.3035714 | Q40: =N40/K40 -> 0.95580357 | S40: 0.40069444 | T40: 0.43958333 | U40: =(S40-T39)*24*60 -> 5 | V40: =(T40-S40)*24*60 -> 56 | AE40: =M40-J40 -> -106.07143 | AF40: =M40/J40 -> 0.95580357
A41: 新豐9線 | B41: 三明治 | C41: 草莓優格三明治 | E41: 22.69 | F41: 3000 | G41: =E41*F41 -> 68070 | H41: 2 | I41: 16 | J41: 2400 | K41: =J41/I41 -> 150 | L41: 16 | M41: =F41/V41*60 -> 2307.6923 | N41: =M41/L41 -> 144.23077 | O41: =L41-I41 -> 0 | P41: =N41-K41 -> -5.7692308 | Q41: =N41/K41 -> 0.96153846 | S41: 0.44513889 | T41: 0.49930556 | U41: =(S41-T40)*24*60 -> 8 | V41: =(T41-S41)*24*60 -> 78 | W41: =T41 -> 0.49930556 | X41: =S42 -> 0.54027778 | AE41: =M41-J41 -> -92.307692 | AF41: =M41/J41 -> 0.96153846
A42: 新豐9線 | B42: 三明治 | C42: 草莓優格三明治 | E42: 22.69 | F42: 3634 | G42: =E42*F42 -> 82455.46 | I42: 16 | J42: 2400 | K42: =J42/I42 -> 150 | L42: 16 | M42: =F42/V42*60 -> 2295.1579 | N42: =M42/L42 -> 143.44737 | O42: =L42-I42 -> 0 | P42: =N42-K42 -> -6.5526316 | Q42: =N42/K42 -> 0.95631579 | S42: 0.54027778 | T42: 0.60625 | U42: =(S42-T41)*24*60 -> 59 | V42: =(T42-S42)*24*60 -> 95 | AE42: =M42-J42 -> -104.84211 | AF42: =M42/J42 -> 0.95631579
A43: 新豐9線 | B43: 平均 | I43: 17.571429 | J43: 2400 | K43: =J43/I43 -> 136.58537 | L43: 17.571429 | M43: =AVERAGE(M36:M42) -> 2298.7997 | N43: =M43/L43 -> 130.826 | O43: =L43-I43 -> 0 | P43: =N43-K43 -> -5.759366 | Q43: =N43/K43 -> 0.95783321 | Y43: =SUM(Y36:Y42) -> 0 | Z43: =SUM(Z36:Z42) -> 0 | AC43: 7 | AD43: =SUM(AD36:AD42) -> 0 | AE43: =M43-J43 -> -101.20029 | AF43: =M43/J43 -> 0.95783321
A44: 新豐3線 | B44: 調理麵包 | C44: 豬肉起司堡 | E44: 21.13 | F44: 2600 | G44: =E44*F44 -> 54938 | H44: 2 | I44: 10 | J44: 3000 | K44: =J44/I44 -> 300 | L44: 10 | M44: =F44/V44*60 -> 2888.8889 | N44: =M44/L44 -> 288.88889 | O44: =L44-I44 -> 0 | P44: =N44-K44 -> -11.111111 | Q44: =N44/K44 -> 0.96296296 | R44: =Q54 -> 0.96108301 | S44: 0.20833333 | T44: 0.24583333 | V44: =(T44-S44)*24*60 -> 54 | AE44: =M44-J44 -> -111.11111 | AF44: =M44/J44 -> 0.96296296 | AG44: =AF54 -> 0.96108301
A45: 新豐3線 | B45: 調理麵包 | C45: 豬肉起司蛋堡 | E45: 27.17 | F45: 3500 | G45: =E45*F45 -> 95095 | H45: 2 | I45: 10 | J45: 3000 | K45: =J45/I45 -> 300 | L45: 10 | M45: =F45/V45*60 -> 2876.7123 | N45: =M45/L45 -> 287.67123 | O45: =L45-I45 -> 0 | P45: =N45-K45 -> -12.328767 | Q45: =N45/K45 -> 0.95890411 | S45: 0.25 | T45: 0.30069444 | U45: =(S45-T44)*24*60 -> 6 | V45: =(T45-S45)*24*60 -> 73 | AE45: =M45-J45 -> -123.28767 | AF45: =M45/J45 -> 0.95890411
A46: 新豐3線 | B46: 調理麵包 | C46: 經典雙牛起司堡(113年) | E46: 35.12 | F46: 2700 | G46: =E46*F46 -> 94824 | H46: 2 | I46: 10 | J46: 3000 | K46: =J46/I46 -> 300 | L46: 10 | M46: =F46/V46*60 -> 2892.8571 | N46: =M46/L46 -> 289.28571 | O46: =L46-I46 -> 0 | P46: =N46-K46 -> -10.714286 | Q46: =N46/K46 -> 0.96428571 | S46: 0.30555556 | T46: 0.34444444 | U46: =(S46-T45)*24*60 -> 7 | V46: =(T46-S46)*24*60 -> 56 | AE46: =M46-J46 -> -107.14286 | AF46: =M46/J46 -> 0.96428571
A47: 新豐3線 | B47: 調理麵包 | C47: 香雞蛋堡(112年) | E47: 26.78 | F47: 2475 | G47: =E47*F47 -> 66280.5 | I47: 10 | J47: 3000 | K47: =J47/I47 -> 300 | L47: 10 | M47: =F47/V47*60 -> 2855.7692 | N47: =M47/L47 -> 285.57692 | O47: =L47-I47 -> 0 | P47: =N47-K47 -> -14.423077 | Q47: =N47/K47 -> 0.95192308 | S47: 0.35 | T47: 0.38611111 | U47: =(S47-T46)*24*60 -> 8 | V47: =(T47-S47)*24*60 -> 52 | AE47: =M47-J47 -> -144.23077 | AF47: =M47/J47 -> 0.95192308
A48: 新豐3線 | B48: 調理麵包 | C48: 花生培根歐姆蛋堡 | E48: 32.02 | F48: 1880 | G48: =E48*F48 -> 60197.6 | I48: 11 | J48: 3000 | K48: =J48/I48 -> 272.72727 | L48: 11 | M48: =F48/V48*60 -> 2892.3077 | N48: =M48/L48 -> 262.93706 | O48: =L48-I48 -> 0 | P48: =N48-K48 -> -9.7902098 | Q48: =N48/K48 -> 0.96410256 | S48: 0.39166667 | T48: 0.41875 | U48: =(S48-T47)*24*60 -> 8 | V48: =(T48-S48)*24*60 -> 39 | AE48: =M48-J48 -> -107.69231 | AF48: =M48/J48 -> 0.96410256
A49: 新豐3線 | B49: 調理麵包 | C49: 美式雞腿堡 | E49: 35.87 | F49: 3134 | G49: =E49*F49 -> 112416.58 | I49: 9 | J49: 3000 | K49: =J49/I49 -> 333.33333 | L49: 9 | M49: =F49/V49*60 -> 2892.9231 | N49: =M49/L49 -> 321.4359 | O49: =L49-I49 -> 0 | P49: =N49-K49 -> -11.897436 | Q49: =N49/K49 -> 0.96430769 | S49: 0.42291667 | T49: 0.46805556 | U49: =(S49-T48)*24*60 -> 6 | V49: =(T49-S49)*24*60 -> 65 | AE49: =M49-J49 -> -107.07692 | AF49: =M49/J49 -> 0.96430769
A50: 新豐3線 | B50: 調理麵包 | C50: 黃金雙層鱈魚招財堡 | E50: 44.03 | F50: 2684 | G50: =E50*F50 -> 118176.52 | I50: 10 | J50: 3000 | K50: =J50/I50 -> 300 | L50: 10 | M50: =F50/V50*60 -> 2875.7143 | N50: =M50/L50 -> 287.57143 | O50: =L50-I50 -> 0 | P50: =N50-K50 -> -12.428571 | Q50: =N50/K50 -> 0.95857143 | S50: 0.47222222 | T50: 0.51111111 | U50: =(S50-T49)*24*60 -> 6 | V50: =(T50-S50)*24*60 -> 56 | W50: =T50 -> 0.51111111 | X50: =S51 -> 0.55138889 | AE50: =M50-J50 -> -124.28571 | AF50: =M50/J50 -> 0.95857143
A51: 新豐3線 | B51: 調理麵包 | C51: 豬肉起司堡 | E51: 21.13 | F51: 1918 | G51: =E51*F51 -> 40527.34 | I51: 10 | J51: 3000 | K51: =J51/I51 -> 300 | L51: 10 | M51: =F51/V51*60 -> 2877 | N51: =M51/L51 -> 287.7 | O51: =L51-I51 -> 0 | P51: =N51-K51 -> -12.3 | Q51: =N51/K51 -> 0.959 | S51: 0.55138889 | T51: 0.57916667 | U51: =(S51-T50)*24*60 -> 58 | V51: =(T51-S51)*24*60 -> 40 | AE51: =M51-J51 -> -123 | AF51: =M51/J51 -> 0.959
A52: 新豐3線 | B52: 調理麵包 | C52: 豬肉起司蛋堡 | E52: 27.17 | F52: 2548 | G52: =E52*F52 -> 69229.16 | I52: 10 | J52: 3000 | K52: =J52/I52 -> 300 | L52: 10 | M52: =F52/V52*60 -> 2884.5283 | N52: =M52/L52 -> 288.45283 | O52: =L52-I52 -> 0 | P52: =N52-K52 -> -11.54717 | Q52: =N52/K52 -> 0.96150943 | S52: 0.58333333 | T52: 0.62013889 | U52: =(S52-T51)*24*60 -> 6 | V52: =(T52-S52)*24*60 -> 53 | AE52: =M52-J52 -> -115.4717 | AF52: =M52/J52 -> 0.96150943
A53: 新豐3線 | B53: 調理麵包 | C53: 經典雙牛起司堡(113年) | E53: 35.12 | F53: 1834 | G53: =E53*F53 -> 64410.08 | I53: 10 | J53: 3000 | K53: =J53/I53 -> 300 | L53: 10 | M53: =F53/V53*60 -> 2895.7895 | N53: =M53/L53 -> 289.57895 | O53: =L53-I53 -> 0 | P53: =N53-K53 -> -10.421053 | Q53: =N53/K53 -> 0.96526316 | S53: 0.625 | T53: 0.65138889 | U53: =(S53-T52)*24*60 -> 7 | V53: =(T53-S53)*24*60 -> 38 | AE53: =M53-J53 -> -104.21053 | AF53: =M53/J53 -> 0.96526316
A54: 新豐3線 | B54: 平均 | I54: 10 | J54: 3000 | K54: =J54/I54 -> 300 | L54: 10 | M54: =AVERAGE(M44:M53) -> 2883.249 | N54: =M54/L54 -> 288.3249 | O54: =L54-I54 -> 0 | P54: =N54-K54 -> -11.675096 | Q54: =N54/K54 -> 0.96108301 | Y54: =SUM(Y44:Y53) -> 0 | Z54: =SUM(Z44:Z53) -> 0 | AC54: 0 | AD54: =SUM(AD44:AD53) -> 0 | AE54: =M54-J54 -> -116.75096 | AF54: =M54/J54 -> 0.96108301
A55: 新豐1線 | B55: 沙拉 | C55: 蔥鹽雞肉麵沙拉(114年) | E55: 46 | F55: 1433 | G55: =E55*F55 -> 65918 | I55: 17 | J55: 2000 | K55: =J55/I55 -> 117.64706 | L55: 17 | M55: =F55/V55*60 -> 1910.6667 | N55: =M55/L55 -> 112.39216 | O55: =L55-I55 -> 0 | P55: =N55-K55 -> -5.254902 | Q55: =N55/K55 -> 0.95533333 | R55: =Q64 -> 0.92581564 | S55: 0.20833333 | T55: 0.23958333 | V55: =(T55-S55)*24*60 -> 45 | AC55: 4 | AE55: =M55-J55 -> -89.333333 | AF55: =M55/J55 -> 0.95533333 | AG55: =AF64 -> 0.92581564
A56: 新豐1線 | B56: 沙拉 | C56: 莎莎烤雞麵沙拉 | E56: 46 | F56: 1490 | G56: =E56*F56 -> 68540 | I56: 17 | J56: 2000 | K56: =J56/I56 -> 117.64706 | L56: 17 | M56: =F56/V56*60 -> 1902.1277 | N56: =M56/L56 -> 111.88986 | O56: =L56-I56 -> 0 | P56: =N56-K56 -> -5.7571965 | Q56: =N56/K56 -> 0.95106383 | S56: 0.24305556 | T56: 0.27569444 | U56: =IF(S56=TIME(17,0,0),"",(S56-T55)*24*60) -> 5 | V56: =(T56-S56)*24*60 -> 47 | AE56: =M56-J56 -> -97.87234 | AF56: =M56/J56 -> 0.95106383
A57: 新豐1線 | B57: 微波主食 | C57: 壹號醬雞豚雙拼 | E57: 56.43 | F57: 1717 | G57: =E57*F57 -> 96890.31 | I57: 22 | J57: 2000 | K57: =J57/I57 -> 90.909091 | L57: 22 | M57: =F57/V57*60 -> 1717 | N57: =M57/L57 -> 78.045455 | O57: =L57-I57 -> 0 | P57: =N57-K57 -> -12.863636 | Q57: =N57/K57 -> 0.8585 | S57: 0.28055556 | T57: 0.32222222 | U57: =IF(S57=TIME(17,0,0),"",(S57-T56)*24*60) -> 7 | V57: =(T57-S57)*24*60 -> 60 | AE57: =M57-J57 -> -283 | AF57: =M57/J57 -> 0.8585
A58: 新豐1線 | B58: 微波主食 | C58: 好多蒜燒豚飯 | E58: 51.75 | F58: 1676 | G58: =E58*F58 -> 86733 | I58: 25 | J58: 2000 | K58: =J58/I58 -> 80 | L58: 25 | M58: =F58/V58*60 -> 1704.4068 | N58: =M58/L58 -> 68.176271 | O58: =L58-I58 -> 0 | P58: =N58-K58 -> -11.823729 | Q58: =N58/K58 -> 0.85220339 | S58: 0.32777778 | T58: 0.36875 | U58: =IF(S58=TIME(17,0,0),"",(S58-T57)*24*60) -> 8 | V58: =(T58-S58)*24*60 -> 59 | AE58: =M58-J58 -> -295.59322 | AF58: =M58/J58 -> 0.85220339
A59: 新豐1線 | B59: 微波主食 | C59: 美乃炙烤雞肉飯 | E59: 54.09 | F59: 1732 | G59: =E59*F59 -> 93683.88 | I59: 19 | J59: 2000 | K59: =J59/I59 -> 105.26316 | L59: 19 | M59: =F59/V59*60 -> 1761.3559 | N59: =M59/L59 -> 92.702944 | O59: =L59-I59 -> 0 | P59: =N59-K59 -> -12.560214 | Q59: =N59/K59 -> 0.88067797 | S59: 0.37222222 | T59: 0.41319444 | U59: =IF(S59=TIME(17,0,0),"",(S59-T58)*24*60) -> 5 | V59: =(T59-S59)*24*60 -> 59 | AE59: =M59-J59 -> -238.64407 | AF59: =M59/J59 -> 0.88067797
A60: 新豐1線 | B60: 微波主食 | C60: 二配香辣醬蒜味香腸蛋炒飯 | E60: 55.56 | F60: 1558 | G60: =E60*F60 -> 86562.48 | I60: 17 | J60: 2000 | K60: =J60/I60 -> 117.64706 | L60: 17 | M60: =F60/V60*60 -> 1907.7551 | N60: =M60/L60 -> 112.22089 | O60: =L60-I60 -> 0 | P60: =N60-K60 -> -5.4261705 | Q60: =N60/K60 -> 0.95387755 | S60: 0.70833333 | T60: 0.74236111 | U60: =IF(S60=TIME(17,0,0),"",(S60-T59)*24*60) | V60: =(T60-S60)*24*60 -> 49 | AE60: =M60-J60 -> -92.244898 | AF60: =M60/J60 -> 0.95387755
A61: 新豐1線 | B61: 微波主食 | C61: 二配香拌海鮮醬肉絲蛋炒飯 | E61: 55.32 | F61: 1040 | G61: =E61*F61 -> 57532.8 | I61: 15 | J61: 2000 | K61: =J61/I61 -> 133.33333 | L61: 15 | M61: =F61/V61*60 -> 1950 | N61: =M61/L61 -> 130 | O61: =L61-I61 -> 0 | P61: =N61-K61 -> -3.3333333 | Q61: =N61/K61 -> 0.975 | S61: 0.74791667 | T61: 0.77013889 | U61: =IF(S61=TIME(17,0,0),"",(S61-T60)*24*60) -> 8 | V61: =(T61-S61)*24*60 -> 32 | AE61: =M61-J61 -> -50 | AF61: =M61/J61 -> 0.975
A62: 新豐1線 | B62: 微波主食 | C62: 二配鮭魚蛋炒飯 | E62: 54.29 | F62: 1654 | G62: =E62*F62 -> 89795.66 | I62: 20 | J62: 2000 | K62: =J62/I62 -> 100 | L62: 20 | M62: =F62/V62*60 -> 1908.4615 | N62: =M62/L62 -> 95.423077 | O62: =L62-I62 -> 0 | P62: =N62-K62 -> -4.5769231 | Q62: =N62/K62 -> 0.95423077 | S62: 0.77569444 | T62: 0.81180556 | U62: =IF(S62=TIME(17,0,0),"",(S62-T61)*24*60) -> 8 | V62: =(T62-S62)*24*60 -> 52 | AE62: =M62-J62 -> -91.538462 | AF62: =M62/J62 -> 0.95423077
A63: 新豐1線 | B63: 微波主食 | C63: 二配粗飽系雞排炒飯(114年) | E63: 57.73 | F63: 984 | G63: =E63*F63 -> 56806.32 | I63: 16 | J63: 1500 | K63: =J63/I63 -> 93.75 | L63: 16 | M63: =F63/V63*60 -> 1440 | N63: =M63/L63 -> 90 | O63: =L63-I63 -> 0 | P63: =N63-K63 -> -3.75 | Q63: =N63/K63 -> 0.96 | S63: 0.81527778 | T63: 0.84375 | U63: =IF(S63=TIME(17,0,0),"",(S63-T62)*24*60) -> 5 | V63: =(T63-S63)*24*60 -> 41 | AE63: =M63-J63 -> -60 | AF63: =M63/J63 -> 0.96
A64: 新豐1線 | B64: 平均 | I64: 18.666667 | J64: 1944.4444 | K64: =J64/I64 -> 104.16667 | L64: 18.666667 | M64: =AVERAGE(M55:M63) -> 1800.1971 | N64: =M64/L64 -> 96.439129 | O64: =L64-I64 -> 0 | P64: =N64-K64 -> -7.7275376 | Q64: =N64/K64 -> 0.92581564 | Y64: =SUM(Y55:Y63) -> 0 | Z64: =SUM(Z55:Z63) -> 0 | AC64: 4 | AD64: =SUM(AD55:AD63) -> 0 | AE64: =M64-J64 -> -144.24737 | AF64: =M64/J64 -> 0.92581564
A65: 新豐10線 | B65: 沙拉 | C65: 溏心蛋洋芋沙拉 | E65: 26.97 | F65: 2122 | G65: =E65*F65 -> 57230.34 | I65: 8 | J65: 1500 | K65: =J65/I65 -> 187.5 | L65: 8 | M65: =F65/V65*60 -> 1430.5618 | N65: =M65/L65 -> 178.82022 | O65: =L65-I65 -> 0 | P65: =N65-K65 -> -8.6797753 | Q65: =N65/K65 -> 0.95370787 | R65: =Q70 -> 0.96432093 | S65: 0.20833333 | T65: 0.27013889 | V65: =(T65-S65)*24*60 -> 89 | AC65: 1 | AE65: =M65-J65 -> -69.438202 | AF65: =M65/J65 -> 0.95370787 | AG65: =AF70 -> 0.96432093
A66: 新豐10線 | B66: 沙拉 | C66: 焗烤洋芋沙拉 | E66: 27.4 | F66: 2013 | G66: =E66*F66 -> 55156.2 | I66: 10 | J66: 1500 | K66: =J66/I66 -> 150 | L66: 10 | M66: =F66/V66*60 -> 1437.8571 | N66: =M66/L66 -> 143.78571 | O66: =L66-I66 -> 0 | P66: =N66-K66 -> -6.2142857 | Q66: =N66/K66 -> 0.95857143 | S66: 0.27569444 | T66: 0.33402778 | U66: =(S66-T65)*24*60 -> 8 | V66: =(T66-S66)*24*60 -> 84 | AE66: =M66-J66 -> -62.142857 | AF66: =M66/J66 -> 0.95857143
A67: 新豐10線 | B67: 調理麵包 | C67: 排骨雞起司炒麵麵包 | E67: 31 | F67: 883 | G67: =E67*F67 -> 27373 | I67: 13 | J67: 2000 | K67: =J67/I67 -> 153.84615 | L67: 13 | M67: =F67/V67*60 -> 1962.2222 | N67: =M67/L67 -> 150.94017 | O67: =L67-I67 -> 0 | P67: =N67-K67 -> -2.9059829 | Q67: =N67/K67 -> 0.98111111 | S67: 0.33819444 | T67: 0.35694444 | U67: =(S67-T66)*24*60 -> 6 | V67: =(T67-S67)*24*60 -> 27 | AE67: =M67-J67 -> -37.777778 | AF67: =M67/J67 -> 0.98111111
A68: 新豐10線 | B68: 調理麵包 | C68: 墨西哥辣醬熱狗堡 | E68: 37.85 | F68: 2605 | G68: =E68*F68 -> 98599.25 | I68: 12 | J68: 2000 | K68: =J68/I68 -> 166.66667 | L68: 12 | M68: =F68/V68*60 -> 1906.0976 | N68: =M68/L68 -> 158.84146 | O68: =L68-I68 -> 0 | P68: =N68-K68 -> -7.8252033 | Q68: =N68/K68 -> 0.95304878 | S68: 0.3625 | T68: 0.41944444 | U68: =(S68-T67)*24*60 -> 8 | V68: =(T68-S68)*24*60 -> 82 | AE68: =M68-J68 -> -93.902439 | AF68: =M68/J68 -> 0.95304878
A69: 新豐10線 | B69: 調理麵包 | C69: 厚豆腐蛋白蕈菇豬肉堡 | E69: 34.36 | F69: 1647 | G69: =E69*F69 -> 56590.92 | I69: 10 | J69: 3000 | K69: =J69/I69 -> 300 | L69: 10 | M69: =F69/V69*60 -> 2906.4706 | N69: =M69/L69 -> 290.64706 | O69: =L69-I69 -> 0 | P69: =N69-K69 -> -9.3529412 | Q69: =N69/K69 -> 0.96882353 | S69: 0.42291667 | T69: 0.44652778 | U69: =(S69-T68)*24*60 -> 5 | V69: =(T69-S69)*24*60 -> 34 | AE69: =M69-J69 -> -93.529412 | AF69: =M69/J69 -> 0.96882353
A70: 新豐10線 | B70: 平均 | I70: 10.6 | J70: 2000 | K70: =J70/I70 -> 188.67925 | L70: 10.6 | M70: =AVERAGE(M65:M69) -> 1928.6419 | N70: =M70/L70 -> 181.94735 | O70: =L70-I70 -> 0 | P70: =N70-K70 -> -6.7318998 | Q70: =N70/K70 -> 0.96432093 | Y70: =SUM(Y65:Y69) -> 0 | Z70: =SUM(Z65:Z69) -> 0 | AC70: 1 | AD70: =SUM(AD65:AD69) -> 0 | AE70: =M70-J70 -> -71.358138 | AF70: =M70/J70 -> 0.96432093
A71: 新豐4線 | B71: 三明治 | C71: 香鬆起司蛋三明治(114年) | E71: 20.2 | F71: 1725 | G71: =E71*F71 -> 34845 | I71: 19 | J71: 2400 | K71: =J71/I71 -> 126.31579 | L71: 19 | M71: =F71/V71*60 -> 2300 | N71: =M71/L71 -> 121.05263 | O71: =L71-I71 -> 0 | P71: =N71-K71 -> -5.2631579 | Q71: =N71/K71 -> 0.95833333 | R71: =Q76 -> 0.95881628 | S71: 0.125 | T71: 0.15625 | V71: =(T71-S71)*24*60 -> 45 | W71: =T71 -> 0.15625 | X71: =S72 -> 0.175 | AC71: 6 | AE71: =M71-J71 -> -100 | AF71: =M71/J71 -> 0.95833333 | AG71: =AF76 -> 0.95881628
A72: 新豐4線 | B72: 三明治 | C72: 輕乳酪巧克力三明治 | E72: 20.52 | F72: 2620 | G72: =E72*F72 -> 53762.4 | I72: 18 | J72: 2400 | K72: =J72/I72 -> 133.33333 | L72: 18 | M72: =F72/V72*60 -> 2311.7647 | N72: =M72/L72 -> 128.43137 | O72: =L72-I72 -> 0 | P72: =N72-K72 -> -4.9019608 | Q72: =N72/K72 -> 0.96323529 | S72: 0.175 | T72: 0.22222222 | U72: =(S72-T71)*24*60 -> 27 | V72: =(T72-S72)*24*60 -> 68 | AE72: =M72-J72 -> -88.235294 | AF72: =M72/J72 -> 0.96323529
A73: 新豐4線 | B73: 三明治 | C73: 火腿起司蛋三明治 | E73: 19.02 | F73: 7354 | G73: =E73*F73 -> 139873.08 | I73: 15 | J73: 2400 | K73: =J73/I73 -> 160 | L73: 15 | M73: =F73/V73*60 -> 2286.2176 | N73: =M73/L73 -> 152.41451 | O73: =L73-I73 -> 0 | P73: =N73-K73 -> -7.5854922 | Q73: =N73/K73 -> 0.95259067 | S73: 0.22638889 | T73: 0.36041667 | U73: =(S73-T72)*24*60 -> 6 | V73: =(T73-S73)*24*60 -> 193 | AE73: =M73-J73 -> -113.78238 | AF73: =M73/J73 -> 0.95259067
A74: 新豐4線 | B74: 三明治 | C74: 經典火腿玉米蛋三明治 | E74: 24.43 | F74: 4986 | G74: =E74*F74 -> 121807.98 | I74: 14 | J74: 2400 | K74: =J74/I74 -> 171.42857 | L74: 14 | M74: =F74/V74*60 -> 2301.2308 | N74: =M74/L74 -> 164.37363 | O74: =L74-I74 -> 0 | P74: =N74-K74 -> -7.0549451 | Q74: =N74/K74 -> 0.95884615 | S74: 0.36458333 | T74: 0.45486111 | U74: =(S74-T73)*24*60 -> 6 | V74: =(T74-S74)*24*60 -> 130 | AE74: =M74-J74 -> -98.769231 | AF74: =M74/J74 -> 0.95884615
A75: 新豐4線 | B75: 三明治 | C75: 藍莓優格三明治 | E75: 20.21 | F75: 3037 | G75: =E75*F75 -> 61377.77 | I75: 16 | J75: 2400 | K75: =J75/I75 -> 150 | L75: 16 | M75: =F75/V75*60 -> 2306.5823 | N75: =M75/L75 -> 144.16139 | O75: =L75-I75 -> 0 | P75: =N75-K75 -> -5.8386076 | Q75: =N75/K75 -> 0.96107595 | S75: 0.45833333 | T75: 0.51319444 | U75: =(S75-T74)*24*60 -> 5 | V75: =(T75-S75)*24*60 -> 79 | AE75: =M75-J75 -> -93.417722 | AF75: =M75/J75 -> 0.96107595
A76: 新豐4線 | B76: 平均 | I76: 16.4 | J76: 2400 | K76: =J76/I76 -> 146.34146 | L76: 16.4 | M76: =AVERAGE(M71:M75) -> 2301.1591 | N76: =M76/L76 -> 140.31458 | O76: =L76-I76 -> 0 | P76: =N76-K76 -> -6.0268857 | Q76: =N76/K76 -> 0.95881628 | Y76: =SUM(Y71:Y75) -> 0 | Z76: =SUM(Z71:Z75) -> 0 | AC76: 6 | AD76: =SUM(AD71:AD75) -> 0 | AE76: =M76-J76 -> -98.840926 | AF76: =M76/J76 -> 0.95881628

Sheet 0128
B1: 屏榮 新豐廠組合室生產人時性分析
B3: 日期 | C3: =TEXT('0128 4度C'!A2,"yyyy.mm.ddaaaa") -> 2026.01.28星期三 | E3: 訂單量 | F3: ='0128 4度C'!D1 -> 153697 | H3: 營業額 | I3: ='0128 4度C'!F1 -> 5296787.9
B4: 人時性 | C4: 項目 | E4: ➀ | G4: ➁ | I4: ➂ | K4: 異常停線 | M4: 短暫停線
C5: 組合室 | E5: 全溫層 | G5: 4度C-各編組展開 | I5: ③三明治-各編組展開 | K5: 合計次數 | L5: 時間 | M5: 合計次數 | N5: 設備次數
C6: 排關平均 | E6: =AVERAGE(D13:M13) -> 144.18715 | F6: =AVERAGE(D31:O31,D13:J13) -> 146.44823 | G6: =AVERAGE(D13:J13) -> 146.44823 | I6: =AVERAGE(K13:M13) -> 138.9113 | K6: ='0128 4度C'!Y2 -> 0 | L6: ='0128 4度C'!Z2 -> 0 | M6: ='0128 4度C'!AC2 -> 36 | N6: ='0128 4度C'!AD2 -> 0
C7: 實績平均 | E7: =AVERAGE(D14:M14) -> 138.08396 | F7: =AVERAGE(D32:O32,D14:J14) -> 140.40635 | G7: =AVERAGE(D14:J14) -> 140.40635 | I7: =AVERAGE(K14:M14) -> 132.66503
C8: 達成率平均 | E8: =AVERAGE(D15:M15) -> 0.95675017 | F8: =AVERAGE(D15:J15,D33:O33) -> 0.95748431 | G8: =AVERAGE(D15:J15) -> 0.95748431 | I8: =AVERAGE(K15:M15) -> 0.95503719
K9: ※現行日本鮮食廠以達成率80%為基本(即為現行KPI)
B10: 溫層 | D10: ➁4度C-各編組展開 | K10: ③三明治-各編組展開
B11: 編組 | D11: 1 | E11: 2 | F11: 3 | G11: 4 | H11: 5 | I11: 6 | J11: 7 | K11: 1 | L11: 2 | M11: 3
D12: 新豐6線 | E12: 新豐2線 | F12: 新豐5線 | G12: 新豐7線 | H12: 新豐3線 | I12: 新豐1線 | J12: 新豐10線 | K12: 新豐8線 | L12: 新豐9線 | M12: 新豐4線
B13: 人時性 | C13: 排關 | D13: =SUMIFS('0128 4度C'!$K:$K,'0128 4度C'!$A:$A,"新豐6線",'0128 4度C'!$B:$B,"平均") -> 116.50485 | E13: =SUMIFS('0128 4度C'!$K:$K,'0128 4度C'!$A:$A,"新豐2線",'0128 4度C'!$B:$B,"平均") -> 83.333333 | F13: =SUMIFS('0128 4度C'!$K:$K,'0128 4度C'!$A:$A,"新豐5線",'0128 4度C'!$B:$B,"平均") -> 110.16949 | G13: =SUMIFS('0128 4度C'!$K:$K,'0128 4度C'!$A:$A,"新豐7線",'0128 4度C'!$B:$B,"平均") -> 122.72727 | H13: =SUMIFS('0128 4度C'!$K:$K,'0128 4度C'!$A:$A,"新豐3線",'0128 4度C'!$B:$B,"平均") -> 300 | I13: =SUMIFS('0128 4度C'!$K:$K,'0128 4度C'!$A:$A,"新豐1線",'0128 4度C'!$B:$B,"平均") -> 103.7234 | J13: =SUMIFS('0128 4度C'!$K:$K,'0128 4度C'!$A:$A,"新豐10線",'0128 4度C'!$B:$B,"平均") -> 188.67925 | K13: =SUMIFS('0128 4度C'!$K:$K,'0128 4度C'!$A:$A,"新豐8線",'0128 4度C'!$B:$B,"平均") -> 132.11009 | L13: =SUMIFS('0128 4度C'!$K:$K,'0128 4度C'!$A:$A,"新豐9線",'0128 4度C'!$B:$B,"平均") -> 136.17021 | M13: =SUMIFS('0128 4度C'!$K:$K,'0128 4度C'!$A:$A,"新豐4線",'0128 4度C'!$B:$B,"平均") -> 148.45361
C14: 實績 | D14: =SUMIFS('0128 4度C'!$N:$N,'0128 4度C'!$A:$A,"新豐6線",'0128 4度C'!$B:$B,"平均") -> 112.19363 | E14: =SUMIFS('0128 4度C'!$N:$N,'0128 4度C'!$A:$A,"新豐2線",'0128 4度C'!$B:$B,"平均") -> 79.74026 | F14: =SUMIFS('0128 4度C'!$N:$N,'0128 4度C'!$A:$A,"新豐5線",'0128 4度C'!$B:$B,"平均") -> 106.01753 | G14: =SUMIFS('0128 4度C'!$N:$N,'0128 4度C'!$A:$A,"新豐7線",'0128 4度C'!$B:$B,"平均") -> 118.10567 | H14: =SUMIFS('0128 4度C'!$N:$N,'0128 4度C'!$A:$A,"新豐3線",'0128 4度C'!$B:$B,"平均") -> 288.49452 | I14: =SUMIFS('0128 4度C'!$N:$N,'0128 4度C'!$A:$A,"新豐1線",'0128 4度C'!$B:$B,"平均") -> 97.04062 | J14: =SUMIFS('0128 4度C'!$N:$N,'0128 4度C'!$A:$A,"新豐10線",'0128 4度C'!$B:$B,"平均") -> 181.25222 | K14: =SUMIFS('0128 4度C'!$N:$N,'0128 4度C'!$A:$A,"新豐8線",'0128 4度C'!$B:$B,"平均") -> 126.25711 | L14: =SUMIFS('0128 4度C'!$N:$N,'0128 4度C'!$A:$A,"新豐9線",'0128 4度C'!$B:$B,"平均") -> 129.94241 | M14: =SUMIFS('0128 4度C'!$N:$N,'0128 4度C'!$A:$A,"新豐4線",'0128 4度C'!$B:$B,"平均") -> 141.79559
C15: 達成率 | D15: =D14/D13 -> 0.96299531 | E15: =E14/E13 -> 0.95688312 | F15: =F14/F13 -> 0.96231296 | G15: =G14/G13 -> 0.96234247 | H15: =H14/H13 -> 0.9616484 | I15: =I14/I13 -> 0.9355711 | J15: =J14/J13 -> 0.96063678 | K15: =K14/K13 -> 0.95569616 | ... M15: =M14/M13 -> 0.95515083
B16: 作業 時間 | C16: 開始 | D16: =VLOOKUP("新豐6線",'0128 4度C'!$A:$T,19,0) -> 0.70833333 | E16: =VLOOKUP("新豐2線",'0128 4度C'!$A:$T,19,0) -> 0.20833333 | F16: =VLOOKUP("新豐5線",'0128 4度C'!$A:$T,19,0) -> 0.20833333 | G16: =VLOOKUP("新豐7線",'0128 4度C'!$A:$T,19,0) -> 0.20833333 | H16: =VLOOKUP("新豐3線",'0128 4度C'!$A:$T,19,0) -> 0.20833333 | I16: =VLOOKUP("新豐1線",'0128 4度C'!$A:$T,19,0) -> 0.20833333 | J16: =VLOOKUP("新豐10線",'0128 4度C'!$A:$T,19,0) -> 0.20833333 | K16: =VLOOKUP("新豐8線",'0128 4度C'!$A:$T,19,0) -> 0.125 | L16: =VLOOKUP("新豐9線",'0128 4度C'!$A:$T,19,0) -> 0.125 | M16: =VLOOKUP("新豐4線",'0128 4度C'!$A:$T,19,0) -> 0.125
C17: 結束 | D17: =LOOKUP(2,1/(('0128 4度C'!$A:$A="新豐6線")*('0128 4度C'!$T:$T<>"")),'0128 4度C'!$T:$T) -> 0.90486111 | E17: =LOOKUP(2,1/(('0128 4度C'!$A:$A="新豐2線")*('0128 4度C'!$T:$T<>"")),'0128 4度C'!$T:$T) -> 0.43819444 | F17: =LOOKUP(2,1/(('0128 4度C'!$A:$A="新豐5線")*('0128 4度C'!$T:$T<>"")),'0128 4度C'!$T:$T) -> 0.91319444 | G17: =LOOKUP(2,1/(('0128 4度C'!$A:$A="新豐7線")*('0128 4度C'!$T:$T<>"")),'0128 4度C'!$T:$T) -> 0.9125 | H17: =LOOKUP(2,1/(('0128 4度C'!$A:$A="新豐3線")*('0128 4度C'!$T:$T<>"")),'0128 4度C'!$T:$T) -> 0.66458333 | I17: =LOOKUP(2,1/(('0128 4度C'!$A:$A="新豐1線")*('0128 4度C'!$T:$T<>"")),'0128 4度C'!$T:$T) -> 0.90555556 | J17: =LOOKUP(2,1/(('0128 4度C'!$A:$A="新豐10線")*('0128 4度C'!$T:$T<>"")),'0128 4度C'!$T:$T) -> 0.45555556 | K17: =LOOKUP(2,1/(('0128 4度C'!$A:$A="新豐8線")*('0128 4度C'!$T:$T<>"")),'0128 4度C'!$T:$T) -> 0.60555556 | L17: =LOOKUP(2,1/(('0128 4度C'!$A:$A="新豐9線")*('0128 4度C'!$T:$T<>"")),'0128 4度C'!$T:$T) -> 0.64305556 | M17: =LOOKUP(2,1/(('0128 4度C'!$A:$A="新豐4線")*('0128 4度C'!$T:$T<>"")),'0128 4度C'!$T:$T) -> 0.57916667
B18: 產線異常 (5分鐘以上) | C18: 次數 | D18: =SUMIFS('0128 4度C'!$Y:$Y,'0128 4度C'!$A:$A,"新豐6線",'0128 4度C'!$B:$B,"平均") -> 0 | E18: =SUMIFS('0128 4度C'!$Y:$Y,'0128 4度C'!$A:$A,"新豐2線",'0128 4度C'!$B:$B,"平均") -> 0 | F18: =SUMIFS('0128 4度C'!$Y:$Y,'0128 4度C'!$A:$A,"新豐5線",'0128 4度C'!$B:$B,"平均") -> 0 | G18: =SUMIFS('0128 4度C'!$Y:$Y,'0128 4度C'!$A:$A,"新豐7線",'0128 4度C'!$B:$B,"平均") -> 0 | H18: =SUMIFS('0128 4度C'!$Y:$Y,'0128 4度C'!$A:$A,"新豐3線",'0128 4度C'!$B:$B,"平均") -> 0 | I18: =SUMIFS('0128 4度C'!$Y:$Y,'0128 4度C'!$A:$A,"新豐1線",'0128 4度C'!$B:$B,"平均") -> 0 | J18: =SUMIFS('0128 4度C'!$Y:$Y,'0128 4度C'!$A:$A,"新豐10線",'0128 4度C'!$B:$B,"平均") -> 0 | K18: =SUMIFS('0128 4度C'!$Y:$Y,'0128 4度C'!$A:$A,"新豐8線",'0128 4度C'!$B:$B,"平均") -> 0 | L18: =SUMIFS('0128 4度C'!$Y:$Y,'0128 4度C'!$A:$A,"新豐9線",'0128 4度C'!$B:$B,"平均") -> 0 | M18: =SUMIFS('0128 4度C'!$Y:$Y,'0128 4度C'!$A:$A,"新豐4線",'0128 4度C'!$B:$B,"平均") -> 0
C19: 時間/分 | D19: =SUMIFS('0128 4度C'!$Z:$Z,'0128 4度C'!$A:$A,"新豐6線",'0128 4度C'!$B:$B,"平均") -> 0 | E19: =SUMIFS('0128 4度C'!$Z:$Z,'0128 4度C'!$A:$A,"新豐2線",'0128 4度C'!$B:$B,"平均") -> 0 | F19: =SUMIFS('0128 4度C'!$Z:$Z,'0128 4度C'!$A:$A,"新豐5線",'0128 4度C'!$B:$B,"平均") -> 0 | G19: =SUMIFS('0128 4度C'!$Z:$Z,'0128 4度C'!$A:$A,"新豐7線",'0128 4度C'!$B:$B,"平均") -> 0 | H19: =SUMIFS('0128 4度C'!$Z:$Z,'0128 4度C'!$A:$A,"新豐3線",'0128 4度C'!$B:$B,"平均") -> 0 | I19: =SUMIFS('0128 4度C'!$Z:$Z,'0128 4度C'!$A:$A,"新豐1線",'0128 4度C'!$B:$B,"平均") -> 0 | J19: =SUMIFS('0128 4度C'!$Z:$Z,'0128 4度C'!$A:$A,"新豐10線",'0128 4度C'!$B:$B,"平均") -> 0 | K19: =SUMIFS('0128 4度C'!$Z:$Z,'0128 4度C'!$A:$A,"新豐8線",'0128 4度C'!$B:$B,"平均") -> 0 | L19: =SUMIFS('0128 4度C'!$Z:$Z,'0128 4度C'!$A:$A,"新豐9線",'0128 4度C'!$B:$B,"平均") -> 0 | M19: =SUMIFS('0128 4度C'!$Z:$Z,'0128 4度C'!$A:$A,"新豐4線",'0128 4度C'!$B:$B,"平均") -> 0
B20: 短暫停線 (5分鐘以下) | C20: 次數 | D20: =SUMIFS('0128 4度C'!$AC:$AC,'0128 4度C'!$A:$A,"新豐6線",'0128 4度C'!$B:$B,"平均") -> 2 | E20: =SUMIFS('0128 4度C'!$AC:$AC,'0128 4度C'!$A:$A,"新豐2線",'0128 4度C'!$B:$B,"平均") -> 2 | F20: =SUMIFS('0128 4度C'!$AC:$AC,'0128 4度C'!$A:$A,"新豐5線",'0128 4度C'!$B:$B,"平均") -> 3 | G20: =SUMIFS('0128 4度C'!$AC:$AC,'0128 4度C'!$A:$A,"新豐7線",'0128 4度C'!$B:$B,"平均") -> 3 | H20: =SUMIFS('0128 4度C'!$AC:$AC,'0128 4度C'!$A:$A,"新豐3線",'0128 4度C'!$B:$B,"平均") -> 0 | I20: =SUMIFS('0128 4度C'!$AC:$AC,'0128 4度C'!$A:$A,"新豐1線",'0128 4度C'!$B:$B,"平均") -> 4 | J20: =SUMIFS('0128 4度C'!$AC:$AC,'0128 4度C'!$A:$A,"新豐10線",'0128 4度C'!$B:$B,"平均") -> 1 | K20: =SUMIFS('0128 4度C'!$AC:$AC,'0128 4度C'!$A:$A,"新豐8線",'0128 4度C'!$B:$B,"平均") -> 7 | L20: =SUMIFS('0128 4度C'!$AC:$AC,'0128 4度C'!$A:$A,"新豐9線",'0128 4度C'!$B:$B,"平均") -> 7 | M20: =SUMIFS('0128 4度C'!$AC:$AC,'0128 4度C'!$A:$A,"新豐4線",'0128 4度C'!$B:$B,"平均") -> 7
C21: 設備次數 | D21: =SUMIFS('0128 4度C'!$AD:$AD,'0128 4度C'!$A:$A,"新豐6線",'0128 4度C'!$B:$B,"平均") -> 0 | E21: =SUMIFS('0128 4度C'!$AD:$AD,'0128 4度C'!$A:$A,"新豐2線",'0128 4度C'!$B:$B,"平均") -> 0 | F21: =SUMIFS('0128 4度C'!$AD:$AD,'0128 4度C'!$A:$A,"新豐5線",'0128 4度C'!$B:$B,"平均") -> 0 | G21: =SUMIFS('0128 4度C'!$AD:$AD,'0128 4度C'!$A:$A,"新豐7線",'0128 4度C'!$B:$B,"平均") -> 0 | H21: =SUMIFS('0128 4度C'!$AD:$AD,'0128 4度C'!$A:$A,"新豐3線",'0128 4度C'!$B:$B,"平均") -> 0 | I21: =SUMIFS('0128 4度C'!$AD:$AD,'0128 4度C'!$A:$A,"新豐1線",'0128 4度C'!$B:$B,"平均") -> 0 | J21: =SUMIFS('0128 4度C'!$AD:$AD,'0128 4度C'!$A:$A,"新豐10線",'0128 4度C'!$B:$B,"平均") -> 0 | K21: =SUMIFS('0128 4度C'!$AD:$AD,'0128 4度C'!$A:$A,"新豐8線",'0128 4度C'!$B:$B,"平均") -> 0 | L21: =SUMIFS('0128 4度C'!$AD:$AD,'0128 4度C'!$A:$A,"新豐9線",'0128 4度C'!$B:$B,"平均") -> 0 | M21: =SUMIFS('0128 4度C'!$AD:$AD,'0128 4度C'!$A:$A,"新豐4線",'0128 4度C'!$B:$B,"平均") -> 0
B22: 配置人數 | D22: =SUMIFS('0128 4度C'!$I:$I,'0128 4度C'!$A:$A,"新豐6線",'0128 4度C'!$B:$B,"平均") -> 17.166667 | E22: =SUMIFS('0128 4度C'!$I:$I,'0128 4度C'!$A:$A,"新豐2線",'0128 4度C'!$B:$B,"平均") -> 18 | F22: =SUMIFS('0128 4度C'!$I:$I,'0128 4度C'!$A:$A,"新豐5線",'0128 4度C'!$B:$B,"平均") -> 16.857143 | G22: =SUMIFS('0128 4度C'!$I:$I,'0128 4度C'!$A:$A,"新豐7線",'0128 4度C'!$B:$B,"平均") -> 15.714286 | H22: =SUMIFS('0128 4度C'!$I:$I,'0128 4度C'!$A:$A,"新豐3線",'0128 4度C'!$B:$B,"平均") -> 10 | I22: =SUMIFS('0128 4度C'!$I:$I,'0128 4度C'!$A:$A,"新豐1線",'0128 4度C'!$B:$B,"平均") -> 18.8 | J22: =SUMIFS('0128 4度C'!$I:$I,'0128 4度C'!$A:$A,"新豐10線",'0128 4度C'!$B:$B,"平均") -> 10.6 | K22: =SUMIFS('0128 4度C'!$I:$I,'0128 4度C'!$A:$A,"新豐8線",'0128 4度C'!$B:$B,"平均") -> 18.166667 | L22: =SUMIFS('0128 4度C'!$I:$I,'0128 4度C'!$A:$A,"新豐9線",'0128 4度C'!$B:$B,"平均") -> 17.625 | M22: =SUMIFS('0128 4度C'!$I:$I,'0128 4度C'!$A:$A,"新豐4線",'0128 4度C'!$B:$B,"平均") -> 16.166667
B23: 主要應用設備 | D23: ET-55 | E23: 熱縮爐 | F23: L型包裝機 | G23: L型包裝機 | H23: 伺服包裝機 | I23: ET-55 | J23: 伺服包裝機 | K23: 三明治包裝機 | L23: 三明治包裝機 | M23: 三明治包裝機
B24: 次要應用設備 | F24: 圓盤機 | G24: ET-55
B25: 備註 | E25: 握沙拉 | F25: 共用L型包裝機 | H25: 調理麵包 | I25: 炒飯+沙拉 | J25: 調理麵包

Sheet 0128 4度C
A1: 新豐廠四度C日報分析 | C1: 總生產量 | D1: =SUM(F5:F81) -> 153697 | E1: 營業額 | F1: =SUM(G5:G81) -> 5296787.9 | G1: 出勤人數 | H1: =L11+L14+L57+L68+L22+L74+L37+L46+L30+L81 -> 159.09643 | I1: 產線配置圖 | L1: 生產實績 | O1: 人時性差異分析 | S1: 日報登錄 | Y1: 合計 次數 | Z1: 合計 時間/分 | AA1: 產線異常 分析說明(5分鐘以上) | AC1: 合計 次數 | AD1: 合計 設備次數 | AE1: 產能差異分析
A2: 46050 | B2: 星期三 | C2: 人時性 | D2: =AVERAGE(N11,N14,N57,N68,N22,N74,N30,N37,N46,N81) -> 138.08396 | E2: 平均廠價 | F2: =F1/D1 -> 34.462533 | G2: 多次生產數 | H2: =COUNT(H5:H81) -> 11 | Y2: =SUM(Y11+Y14+Y22+Y30+Y37+Y46+Y57+Y68+Y74+Y81) -> 0 | Z2: =SUM(Z11+Z14+Z22+Z30+Z37+Z46+Z57+Z68+Z74+Z81) -> 0 | AC2: 36 | AD2: =SUM(AD11+AD14+AD22+AD30+AD37+AD46+AD57+AD68+AD74+AD81) -> 0
A3: 線別 | B3: 品類 | C3: 品名 | E3: 廠價 | F3: 生產量 | G3: 營收 | H3: 多次 生產 | I3: 人數 | J3: 產能/時 | K3: 人時性 | L3: 人數 | M3: 產能/時 | N3: 人時性 | O3: 人數 | P3: 人時性 | Q3: 達成率 | R3: 達成率平均 | S3: 生產時間 | U3: 換線、休息/分 | V3: 稼動時間/分 | W3: 休息時間 | Y3: 產線異常統計 (5分鐘以上) | AA3: (新豐回填) | AC3: 短暫停線統計 (5分鐘以下) | AE3: 產能/時 | AF3: 達成率 | AG3: 達成率平均
S4: 開始 | T4: 結束 | W4: 開始 | X4: 結束 | Y4: 次數 | Z4: 時間/分 | AC4: 總次數 | AD4: 設備因素(次數)
A5: 新豐6線 | B5: 微波主食 | C5: 二配港式香滑嫩蛋牛肉燴飯 | E5: 50.67 | F5: 1268 | G5: =E5*F5 -> 64249.56 | I5: 17 | J5: 2000 | K5: =J5/I5 -> 117.64706 | L5: 17 | M5: =F5/V5*60 -> 1950.7692 | N5: =M5/L5 -> 114.75113 | O5: =L5-I5 -> 0 | P5: =N5-K5 -> -2.8959276 | Q5: =N5/K5 -> 0.97538462 | R5: =Q11 -> 0.96299531 | S5: 0.70833333 | T5: 0.73541667 | V5: =(T5-S5)*24*60 -> 39 | AC5: 2 | AE5: =M5-J5 -> -49.230769 | AF5: =M5/J5 -> 0.97538462 | AG5: =AF11 -> 0.96299531
A6: 新豐6線 | B6: 微波主食 | C6: 二配美味蟹煲 | E6: 54.09 | F6: 1253 | G6: =E6*F6 -> 67774.77 | I6: 19 | J6: 2000 | K6: =J6/I6 -> 105.26316 | L6: 19 | M6: =F6/V6*60 -> 1927.6923 | N6: =M6/L6 -> 101.45749 | O6: =L6-I6 -> 0 | P6: =N6-K6 -> -3.805668 | Q6: =N6/K6 -> 0.96384615 | S6: 0.74027778 | T6: 0.76736111 | U6: =IF(S6=TIME(17,0,0),"",(S6-T5)*24*60) -> 7 | V6: =(T6-S6)*24*60 -> 39 | AE6: =M6-J6 -> -72.307692 | AF6: =M6/J6 -> 0.96384615
A7: 新豐6線 | B7: 微波主食 | C7: 二配麻油雞燴飯 | E7: 50.29 | F7: 896 | G7: =E7*F7 -> 45059.84 | I7: 16 | J7: 2000 | K7: =J7/I7 -> 125 | L7: 16 | M7: =F7/V7*60 -> 1920 | N7: =M7/L7 -> 120 | O7: =L7-I7 -> 0 | P7: =N7-K7 -> -5 | Q7: =N7/K7 -> 0.96 | S7: 0.77083333 | T7: 0.79027778 | U7: =IF(S7=TIME(17,0,0),"",(S7-T6)*24*60) -> 5 | V7: =(T7-S7)*24*60 -> 28 | AE7: =M7-J7 -> -80 | AF7: =M7/J7 -> 0.96
A8: 新豐6線 | B8: 微波主食 | C8: 二配紅燒牛肉燴飯 | E8: 57.3 | F8: 600 | G8: =E8*F8 -> 34380 | H8: 2 | I8: 15 | J8: 2000 | K8: =J8/I8 -> 133.33333 | L8: 15 | M8: =F8/V8*60 -> 1894.7368 | N8: =M8/L8 -> 126.31579 | O8: =L8-I8 -> 0 | P8: =N8-K8 -> -7.0175439 | Q8: =N8/K8 -> 0.94736842 | S8: 0.79375 | T8: 0.80694444 | U8: =IF(S8=TIME(17,0,0),"",(S8-T7)*24*60) -> 5 | V8: =(T8-S8)*24*60 -> 19 | AE8: =M8-J8 -> -105.26316 | AF8: =M8/J8 -> 0.94736842
A9: 新豐6線 | B9: 微波主食 | C9: 二配濃蕃茄火腿蛋包飯 | E9: 50.67 | F9: 1199 | G9: =E9*F9 -> 60753.33 | I9: 21 | J9: 2000 | K9: =J9/I9 -> 95.238095 | L9: 21 | M9: =F9/V9*60 -> 1944.3243 | N9: =M9/L9 -> 92.586873 | O9: =L9-I9 -> 0 | P9: =N9-K9 -> -2.6512227 | Q9: =N9/K9 -> 0.97216216 | S9: 0.81180556 | T9: 0.8375 | U9: =IF(S9=TIME(17,0,0),"",(S9-T8)*24*60) -> 7 | V9: =(T9-S9)*24*60 -> 37 | W9: =T9 -> 0.8375 | X9: =S10 -> 0.87847222 | AE9: =M9-J9 -> -55.675676 | AF9: =M9/J9 -> 0.97216216
A10: 新豐6線 | B10: 微波主食 | C10: 二配紅燒牛肉燴飯 | E10: 57.3 | F10: 1215 | G10: =E10*F10 -> 69619.5 | I10: 15 | J10: 2000 | K10: =J10/I10 -> 133.33333 | L10: 15 | M10: =F10/V10*60 -> 1918.4211 | N10: =M10/L10 -> 127.89474 | O10: =L10-I10 -> 0 | P10: =N10-K10 -> -5.4385965 | Q10: =N10/K10 -> 0.95921053 | S10: 0.87847222 | T10: 0.90486111 | U10: =IF(S10=TIME(17,0,0),"",(S10-T9)*24*60) -> 59 | V10: =(T10-S10)*24*60 -> 38 | AE10: =M10-J10 -> -81.578947 | AF10: =M10/J10 -> 0.95921053
A11: 新豐6線 | B11: 平均 | I11: 17.166667 | J11: 2000 | K11: =J11/I11 -> 116.50485 | L11: 17.166667 | M11: =AVERAGE(M5:M10) -> 1925.9906 | N11: =M11/L11 -> 112.19363 | O11: =L11-I11 -> 0 | P11: =N11-K11 -> -4.3112257 | Q11: =N11/K11 -> 0.96299531 | Y11: =SUM(Y5:Y10) -> 0 | Z11: =SUM(Z5:Z10) -> 0 | AC11: 2 | AD11: =SUM(AD5:AD10) -> 0 | AE11: =M11-J11 -> -74.009374 | AF11: =M11/J11 -> 0.96299531
A12: 新豐2線 | B12: 沙拉 | C12: 青醬優格雞肉握沙拉(113年) | E12: 39.62 | F12: 3019 | G12: =E12*F12 -> 119612.78 | I12: 19 | J12: 1500 | K12: =J12/I12 -> 78.947368 | L12: 19 | M12: =F12/V12*60 -> 1437.619 | N12: =M12/L12 -> 75.66416 | O12: =L12-I12 -> 0 | P12: =N12-K12 -> -3.283208 | Q12: =N12/K12 -> 0.9584127 | R12: =Q14 -> 0.95688312 | S12: 0.20833333 | T12: 0.29583333 | V12: =(T12-S12)*24*60 -> 126 | AC12: 2 | AE12: =M12-J12 -> -62.380952 | AF12: =M12/J12 -> 0.9584127 | AG12: =AF14 -> 0.95688312
A13: 新豐2線 | B13: 沙拉 | C13: 青檸烤雞握沙拉(113年) | E13: 39.8 | F13: 4729 | G13: =E13*F13 -> 188214.2 | I13: 17 | J13: 1500 | K13: =J13/I13 -> 88.235294 | L13: 17 | M13: =F13/V13*60 -> 1433.0303 | N13: =M13/L13 -> 84.2959 | O13: =L13-I13 -> 0 | P13: =N13-K13 -> -3.9393939 | Q13: =N13/K13 -> 0.95535354 | S13: 0.30069444 | T13: 0.43819444 | U13: =IF(S13=TIME(17,0,0),"",(S13-T12)*24*60) -> 7 | V13: =(T13-S13)*24*60 -> 198 | AE13: =M13-J13 -> -66.969697 | AF13: =M13/J13 -> 0.95535354
A14: 新豐2線 | B14: 平均 | I14: 18 | J14: 1500 | K14: =J14/I14 -> 83.333333 | L14: 18 | M14: =AVERAGE(M12:M13) -> 1435.3247 | N14: =M14/L14 -> 79.74026 | O14: =L14-I14 -> 0 | P14: =N14-K14 -> -3.5930736 | Q14: =N14/K14 -> 0.95688312 | Y14: =SUM(Y12:Y13) -> 0 | Z14: =SUM(Z12:Z13) -> 0 | AC14: 2 | AD14: =SUM(AD12:AD13) -> 0 | AE14: =M14-J14 -> -64.675325 | AF14: =M14/J14 -> 0.95688312
A15: 新豐5線 | B15: 小吃 | C15: 剝皮辣椒雞湯 | E15: 41 | F15: 2167 | G15: =E15*F15 -> 88847 | I15: 26 | J15: 1500 | K15: =J15/I15 -> 57.692308 | L15: 26 | M15: =F15/V15*60 -> 1444.6667 | N15: =M15/L15 -> 55.564103 | O15: =L15-I15 -> 0 | P15: =N15-K15 -> -2.1282051 | Q15: =N15/K15 -> 0.96311111 | R15: =Q22 -> 0.96231296 | S15: 0.20833333 | T15: 0.27083333 | V15: =(T15-S15)*24*60 -> 90 | AC15: 3 | AE15: =M15-J15 -> -55.333333 | AF15: =M15/J15 -> 0.96311111 | AG15: =AF22 -> 0.96231296
A16: 新豐5線 | B16: 季節調理麵 | C16: 柚子雞白湯拉麵 | E16: 72.4 | F16: 1079 | G16: =E16*F16 -> 78119.6 | I16: 18 | J16: 1500 | K16: =J16/I16 -> 83.333333 | L16: 18 | M16: =F16/V16*60 -> 1438.6667 | N16: =M16/L16 -> 79.925926 | O16: =L16-I16 -> 0 | P16: =N16-K16 -> -3.4074074 | Q16: =N16/K16 -> 0.95911111 | S16: 0.275 | T16: 0.30625 | U16: =IF(S16=TIME(17,0,0),"",(S16-T15)*24*60) -> 6 | V16: =(T16-S16)*24*60 -> 45 | AE16: =M16-J16 -> -61.333333 | AF16: =M16/J16 -> 0.95911111
A17: 新豐5線 | B17: 微波主食 | C17: 二配金咖哩濃厚辛口咖哩飯 | E17: 50.98 | F17: 1000 | G17: =E17*F17 -> 50980 | H17: 2 | I17: 16 | J17: 2000 | K17: =J17/I17 -> 125 | L17: 16 | M17: =F17/V17*60 -> 1935.4839 | N17: =M17/L17 -> 120.96774 | O17: =L17-I17 -> 0 | P17: =N17-K17 -> -4.0322581 | Q17: =N17/K17 -> 0.96774194 | S17: 0.70833333 | T17: 0.72986111 | U17: =IF(S17=TIME(17,0,0),"",(S17-T16)*24*60) | V17: =(T17-S17)*24*60 -> 31 | AE17: =M17-J17 -> -64.516129 | AF17: =M17/J17 -> 0.96774194
A18: 新豐5線 | B18: 微波主食 | C18: 二配金咖哩果香甘口咖哩飯 | E18: 50.92 | F18: 700 | G18: =E18*F18 -> 35644 | H18: 2 | I18: 15 | J18: 2000 | K18: =J18/I18 -> 133.33333 | L18: 15 | M18: =F18/V18*60 -> 1909.0909 | N18: =M18/L18 -> 127.27273 | O18: =L18-I18 -> 0 | P18: =N18-K18 -> -6.0606061 | Q18: =N18/K18 -> 0.95454545 | S18: 0.73402778 | T18: 0.74930556 | U18: =IF(S18=TIME(17,0,0),"",(S18-T17)*24*60) -> 6 | V18: =(T18-S18)*24*60 -> 22 | AE18: =M18-J18 -> -90.909091 | AF18: =M18/J18 -> 0.95454545
A19: 新豐5線 | B19: 微波主食 | C19: 二配泰式綠咖哩雞 | E19: 50.67 | F19: 1701 | G19: =E19*F19 -> 86189.67 | I19: 15 | J19: 2000 | K19: =J19/I19 -> 133.33333 | L19: 15 | M19: =F19/V19*60 -> 1925.6604 | N19: =M19/L19 -> 128.37736 | O19: =L19-I19 -> 0 | P19: =N19-K19 -> -4.9559748 | Q19: =N19/K19 -> 0.96283019 | S19: 0.75486111 | T19: 0.79166667 | U19: =IF(S19=TIME(17,0,0),"",(S19-T18)*24*60) -> 8 | V19: =(T19-S19)*24*60 -> 53 | AE19: =M19-J19 -> -74.339623 | AF19: =M19/J19 -> 0.96283019
A20: 新豐5線 | B20: 微波主食 | C20: 二配厚香料咖哩雞排飯 | E20: 57.3 | F20: 1919 | G20: =E20*F20 -> 109958.7 | I20: 13 | J20: 2000 | K20: =J20/I20 -> 153.84615 | L20: 13 | M20: =F20/V20*60 -> 1919 | N20: =M20/L20 -> 147.61538 | O20: =L20-I20 -> 0 | P20: =N20-K20 -> -6.2307692 | Q20: =N20/K20 -> 0.9595 | S20: 0.79722222 | T20: 0.83888889 | U20: =IF(S20=TIME(17,0,0),"",(S20-T19)*24*60) -> 8 | V20: =(T20-S20)*24*60 -> 60 | W20: =T20 -> 0.83888889 | X20: =S21 -> 0.87986111 | AE20: =M20-J20 -> -81 | AF20: =M20/J20 -> 0.9595
A21: 新豐5線 | B21: 微波主食 | C21: 二配金咖哩果香甘口咖哩飯 | E21: 50.92 | F21: 1550 | G21: =E21*F21 -> 78926 | I21: 15 | J21: 2000 | K21: =J21/I21 -> 133.33333 | L21: 15 | M21: =F21/V21*60 -> 1937.5 | N21: =M21/L21 -> 129.16667 | O21: =L21-I21 -> 0 | P21: =N21-K21 -> -4.1666667 | Q21: =N21/K21 -> 0.96875 | S21: 0.87986111 | T21: 0.91319444 | U21: =IF(S21=TIME(17,0,0),"",(S21-T20)*24*60) -> 59 | V21: =(T21-S21)*24*60 -> 48 | AE21: =M21-J21 -> -62.5 | AF21: =M21/J21 -> 0.96875
A22: 新豐5線 | B22: 平均 | I22: 16.857143 | J22: 1857.1429 | K22: =J22/I22 -> 110.16949 | L22: 16.857143 | M22: =AVERAGE(M15:M21) -> 1787.1526 | N22: =M22/L22 -> 106.01753 | O22: =L22-I22 -> 0 | P22: =N22-K22 -> -4.1519619 | Q22: =N22/K22 -> 0.96231296 | Y22: =SUM(Y15:Y21) -> 0 | Z22: =SUM(Z15:Z21) -> 0 | AC22: 3 | AD22: =SUM(AD15:AD21) -> 0 | AE22: =M22-J22 -> -69.990216 | AF22: =M22/J22 -> 0.96231296
A23: 新豐7線 | B23: 小吃 | C23: 古早味炒炊粉 | E23: 43.14 | F23: 1006 | G23: =E23*F23 -> 43398.84 | I23: 17 | J23: 2000 | K23: =J23/I23 -> 117.64706 | L23: 17 | M23: =F23/V23*60 -> 1947.0968 | N23: =M23/L23 -> 114.5351 | O23: =L23-I23 -> 0 | P23: =N23-K23 -> -3.1119545 | Q23: =N23/K23 -> 0.97354839 | R23: =Q30 -> 0.96234247 | S23: 0.20833333 | T23: 0.22986111 | V23: =(T23-S23)*24*60 -> 31 | AC23: 3 | AE23: =M23-J23 -> -52.903226 | AF23: =M23/J23 -> 0.97354839 | AG23: =AF30 -> 0.96234247
A24: 新豐7線 | B24: 微波主食 | C24: 鐵板滑蛋炸豬排丼 | E24: 57.73 | F24: 2347 | G24: =E24*F24 -> 135492.31 | I24: 14 | J24: 2000 | K24: =J24/I24 -> 142.85714 | L24: 14 | M24: =F24/V24*60 -> 1902.973 | N24: =M24/L24 -> 135.92664 | O24: =L24-I24 -> 0 | P24: =N24-K24 -> -6.9305019 | Q24: =N24/K24 -> 0.95148649 | S24: 0.23472222 | T24: 0.28611111 | U24: =IF(S24=TIME(17,0,0),"",(S24-T23)*24*60) -> 7 | V24: =(T24-S24)*24*60 -> 74 | AE24: =M24-J24 -> -97.027027 | AF24: =M24/J24 -> 0.95148649
A25: 新豐7線 | B25: 微波主食 | C25: 極上炙烤親子丼 | E25: 53.68 | F25: 1414 | G25: =E25*F25 -> 75903.52 | I25: 16 | J25: 2000 | K25: =J25/I25 -> 125 | L25: 16 | M25: =F25/V25*60 -> 1928.1818 | N25: =M25/L25 -> 120.51136 | O25: =L25-I25 -> 0 | P25: =N25-K25 -> -4.4886364 | Q25: =N25/K25 -> 0.96409091 | S25: 0.29166667 | T25: 0.32222222 | U25: =IF(S25=TIME(17,0,0),"",(S25-T24)*24*60) -> 8 | V25: =(T25-S25)*24*60 -> 44 | AE25: =M25-J25 -> -71.818182 | AF25: =M25/J25 -> 0.96409091
A26: 新豐7線 | B26: 微波主食 | C26: 二配川味麻婆燒豆腐燴飯 | E26: 50.49 | F26: 2013 | G26: =E26*F26 -> 101636.37 | I26: 15 | J26: 2000 | K26: =J26/I26 -> 133.33333 | L26: 15 | M26: =F26/V26*60 -> 1917.1429 | N26: =M26/L26 -> 127.80952 | O26: =L26-I26 -> 0 | P26: =N26-K26 -> -5.5238095 | Q26: =N26/K26 -> 0.95857143 | S26: 0.70833333 | T26: 0.75208333 | U26: =IF(S26=TIME(17,0,0),"",(S26-T25)*24*60) | V26: =(T26-S26)*24*60 -> 63 | AE26: =M26-J26 -> -82.857143 | AF26: =M26/J26 -> 0.95857143
A27: 新豐7線 | B27: 微波主食 | C27: 二配香炒沙茶豬肉飯 | E27: 50.67 | F27: 1255 | G27: =E27*F27 -> 63590.85 | I27: 16 | J27: 2000 | K27: =J27/I27 -> 125 | L27: 16 | M27: =F27/V27*60 -> 1930.7692 | N27: =M27/L27 -> 120.67308 | O27: =L27-I27 -> 0 | P27: =N27-K27 -> -4.3269231 | Q27: =N27/K27 -> 0.96538462 | S27: 0.75625 | T27: 0.78333333 | U27: =IF(S27=TIME(17,0,0),"",(S27-T26)*24*60) -> 6 | V27: =(T27-S27)*24*60 -> 39 | AE27: =M27-J27 -> -69.230769 | AF27: =M27/J27 -> 0.96538462
A28: 新豐7線 | B28: 微波主食 | C28: 二配起司控培根白醬焗烤飯 | E28: 53.68 | F28: 1993 | G28: =E28*F28 -> 106984.24 | I28: 16 | J28: 1500 | K28: =J28/I28 -> 93.75 | L28: 16 | M28: =F28/V28*60 -> 1440.7229 | N28: =M28/L28 -> 90.045181 | O28: =L28-I28 -> 0 | P28: =N28-K28 -> -3.7048193 | Q28: =N28/K28 -> 0.96048193 | S28: 0.78819444 | T28: 0.84583333 | U28: =IF(S28=TIME(17,0,0),"",(S28-T27)*24*60) -> 7 | V28: =(T28-S28)*24*60 -> 83 | W28: =T28 -> 0.84583333 | X28: =S29 -> 0.88611111 | AE28: =M28-J28 -> -59.277108 | AF28: =M28/J28 -> 0.96048193
A29: 新豐7線 | B29: 微波主食 | C29: 二配金咖哩濃厚辛口咖哩飯 | E29: 50.98 | F29: 1219 | G29: =E29*F29 -> 62144.62 | I29: 16 | J29: 2000 | K29: =J29/I29 -> 125 | L29: 16 | M29: =F29/V29*60 -> 1924.7368 | N29: =M29/L29 -> 120.29605 | O29: =L29-I29 -> 0 | P29: =N29-K29 -> -4.7039474 | Q29: =N29/K29 -> 0.96236842 | S29: 0.88611111 | T29: 0.9125 | U29: =IF(S29=TIME(17,0,0),"",(S29-T28)*24*60) -> 58 | V29: =(T29-S29)*24*60 -> 38 | AE29: =M29-J29 -> -75.263158 | AF29: =M29/J29 -> 0.96236842
A30: 新豐7線 | B30: 平均 | I30: 15.714286 | J30: 1928.5714 | K30: =J30/I30 -> 122.72727 | L30: 15.714286 | M30: =AVERAGE(M23:M29) -> 1855.9462 | N30: =M30/L30 -> 118.10567 | O30: =L30-I30 -> 0 | P30: =N30-K30 -> -4.6216056 | Q30: =N30/K30 -> 0.96234247 | Y30: =SUM(Y23:Y29) -> 0 | Z30: =SUM(Z23:Z29) -> 0 | AC30: 3 | AD30: =SUM(AD23:AD29) -> 0 | AE30: =M30-J30 -> -72.62523 | AF30: =M30/J30 -> 0.96234247
A31: 新豐8線 | B31: 三明治 | C31: 紐奧良風味烤雞鮮蔬三明治 | E31: 31.29 | F31: 4100 | G31: =E31*F31 -> 128289 | H31: 2 | I31: 18 | J31: 2400 | K31: =J31/I31 -> 133.33333 | L31: 18 | M31: =F31/V31*60 -> 2299.0654 | N31: =M31/L31 -> 127.72586 | O31: =L31-I31 -> 0 | P31: =N31-K31 -> -5.6074766 | Q31: =N31/K31 -> 0.95794393 | R31: =Q37 -> 0.95569616 | S31: 0.125 | T31: 0.19930556 | V31: =(T31-S31)*24*60 -> 107 | W31: =T31 -> 0.19930556 | X31: =S32 -> 0.21944444 | AC31: 7 | AE31: =M31-J31 -> -100.93458 | AF31: =M31/J31 -> 0.95794393 | AG31: =AF37 -> 0.95569616
A32: 新豐8線 | B32: 三明治 | C32: 經典總匯三明治 | E32: 26.2 | F32: 4317 | G32: =E32*F32 -> 113105.4 | I32: 20 | J32: 2400 | K32: =J32/I32 -> 120 | L32: 20 | M32: =F32/V32*60 -> 2292.2124 | N32: =M32/L32 -> 114.61062 | O32: =L32-I32 -> 0 | P32: =N32-K32 -> -5.3893805 | Q32: =N32/K32 -> 0.9550885 | S32: 0.21944444 | T32: 0.29791667 | U32: =(S32-T31)*24*60 -> 29 | V32: =(T32-S32)*24*60 -> 113 | AE32: =M32-J32 -> -107.78761 | AF32: =M32/J32 -> 0.9550885
A33: 新豐8線 | B33: 三明治 | C33: 雞蛋沙拉三明治(114年) | E33: 25.99 | F33: 3801 | G33: =E33*F33 -> 98787.99 | I33: 14 | J33: 2400 | K33: =J33/I33 -> 171.42857 | L33: 14 | M33: =F33/V33*60 -> 2303.6364 | N33: =M33/L33 -> 164.54545 | O33: =L33-I33 -> 0 | P33: =N33-K33 -> -6.8831169 | Q33: =N33/K33 -> 0.95984848 | S33: 0.30347222 | T33: 0.37222222 | U33: =(S33-T32)*24*60 -> 8 | V33: =(T33-S33)*24*60 -> 99 | AE33: =M33-J33 -> -96.363636 | AF33: =M33/J33 -> 0.95984848
A34: 新豐8線 | B34: 三明治 | C34: 肉鬆火腿三明治 | E34: 20.52 | F34: 3701 | G34: =E34*F34 -> 75944.52 | I34: 18 | J34: 2400 | K34: =J34/I34 -> 133.33333 | L34: 18 | M34: =F34/V34*60 -> 2289.2784 | N34: =M34/L34 -> 127.18213 | O34: =L34-I34 -> 0 | P34: =N34-K34 -> -6.1512027 | Q34: =N34/K34 -> 0.95386598 | S34: 0.37777778 | T34: 0.44513889 | U34: =(S34-T33)*24*60 -> 8 | V34: =(T34-S34)*24*60 -> 97 | AE34: =M34-J34 -> -110.72165 | AF34: =M34/J34 -> 0.95386598
A35: 新豐8線 | B35: 三明治 | C35: 好多菜三明治(114年) | E35: 25.98 | F35: 2973 | G35: =E35*F35 -> 77238.54 | I35: 21 | J35: 2400 | K35: =J35/I35 -> 114.28571 | L35: 21 | M35: =F35/V35*60 -> 2286.9231 | N35: =M35/L35 -> 108.9011 | O35: =L35-I35 -> 0 | P35: =N35-K35 -> -5.3846154 | Q35: =N35/K35 -> 0.95288462 | S35: 0.44861111 | T35: 0.50277778 | U35: =(S35-T34)*24*60 -> 5 | V35: =(T35-S35)*24*60 -> 78 | W35: =T35 -> 0.50277778 | X35: =S36 -> 0.54444444 | AE35: =M35-J35 -> -113.07692 | AF35: =M35/J35 -> 0.95288462
A36: 新豐8線 | B36: 三明治 | C36: 紐奧良風味烤雞鮮蔬三明治 | E36: 31.29 | F36: 3360 | G36: =E36*F36 -> 105134.4 | I36: 18 | J36: 2400 | K36: =J36/I36 -> 133.33333 | L36: 18 | M36: =F36/V36*60 -> 2290.9091 | N36: =M36/L36 -> 127.27273 | O36: =L36-I36 -> 0 | P36: =N36-K36 -> -6.0606061 | Q36: =N36/K36 -> 0.95454545 | S36: 0.54444444 | T36: 0.60555556 | U36: =(S36-T35)*24*60 -> 60 | V36: =(T36-S36)*24*60 -> 88 | AE36: =M36-J36 -> -109.09091 | AF36: =M36/J36 -> 0.95454545
A37: 新豐8線 | B37: 平均 | I37: 18.166667 | J37: 2400 | K37: =J37/I37 -> 132.11009 | L37: 18.166667 | M37: =AVERAGE(M31:M36) -> 2293.6708 | N37: =M37/L37 -> 126.25711 | O37: =L37-I37 -> 0 | P37: =N37-K37 -> -5.8529845 | Q37: =N37/K37 -> 0.95569616 | Y37: =SUM(Y31:Y36) -> 0 | Z37: =SUM(Z31:Z36) -> 0 | AC37: 7 | AD37: =SUM(AD31:AD36) -> 0 | AE37: =M37-J37 -> -106.32922 | AF37: =M37/J37 -> 0.95569616
A38: 新豐9線 | B38: 三明治 | C38: 鮪魚起司溏心蛋三明治 | E38: 26.2 | F38: 3200 | G38: =E38*F38 -> 83840 | H38: 2 | I38: 18 | J38: 2400 | K38: =J38/I38 -> 133.33333 | L38: 18 | M38: =F38/V38*60 -> 2285.7143 | N38: =M38/L38 -> 126.98413 | O38: =L38-I38 -> 0 | P38: =N38-K38 -> -6.3492063 | Q38: =N38/K38 -> 0.95238095 | R38: =Q46 -> 0.95426457 | S38: 0.125 | T38: 0.18333333 | V38: =(T38-S38)*24*60 -> 84 | W38: =T38 -> 0.18333333 | X38: =S39 -> 0.20208333 | AC38: 7 | AE38: =M38-J38 -> -114.28571 | AF38: =M38/J38 -> 0.95238095 | AG38: =AF46 -> 0.95426457
A39: 新豐9線 | B39: 三明治 | C39: 陽光地瓜總匯三明治 | E39: 26.18 | F39: 2055 | G39: =E39*F39 -> 53799.9 | I39: 19 | J39: 2400 | K39: =J39/I39 -> 126.31579 | L39: 19 | M39: =F39/V39*60 -> 2283.3333 | N39: =M39/L39 -> 120.17544 | O39: =L39-I39 -> 0 | P39: =N39-K39 -> -6.1403509 | Q39: =N39/K39 -> 0.95138889 | S39: 0.20208333 | T39: 0.23958333 | U39: =(S39-T38)*24*60 -> 27 | V39: =(T39-S39)*24*60 -> 54 | AE39: =M39-J39 -> -116.66667 | AF39: =M39/J39 -> 0.95138889
A40: 新豐9線 | B40: 三明治 | C40: 醬燒烤雞三明治 | E40: 26.39 | F40: 5290 | G40: =E40*F40 -> 139603.1 | I40: 19 | J40: 2400 | K40: =J40/I40 -> 126.31579 | L40: 19 | M40: =F40/V40*60 -> 2300 | N40: =M40/L40 -> 121.05263 | O40: =L40-I40 -> 0 | P40: =N40-K40 -> -5.2631579 | Q40: =N40/K40 -> 0.95833333 | S40: 0.24513889 | T40: 0.34097222 | U40: =(S40-T39)*24*60 -> 8 | V40: =(T40-S40)*24*60 -> 138 | AE40: =M40-J40 -> -100 | AF40: =M40/J40 -> 0.95833333
A41: 新豐9線 | B41: 三明治 | C41: 覆盆莓榛果可可三明治 | E41: 22.69 | F41: 1413 | G41: =E41*F41 -> 32060.97 | I41: 15 | J41: 2400 | K41: =J41/I41 -> 160 | L41: 15 | M41: =F41/V41*60 -> 2291.3514 | N41: =M41/L41 -> 152.75676 | O41: =L41-I41 -> 0 | P41: =N41-K41 -> -7.2432432 | Q41: =N41/K41 -> 0.95472973 | S41: 0.34652778 | T41: 0.37222222 | U41: =(S41-T40)*24*60 -> 8 | V41: =(T41-S41)*24*60 -> 37 | AE41: =M41-J41 -> -108.64865 | AF41: =M41/J41 -> 0.95472973
A42: 新豐9線 | B42: 三明治 | C42: 瘋狂起司三明治(113年) | E42: 24.45 | F42: 2326 | G42: =E42*F42 -> 56870.7 | I42: 20 | J42: 2400 | K42: =J42/I42 -> 120 | L42: 20 | M42: =F42/V42*60 -> 2287.8689 | N42: =M42/L42 -> 114.39344 | O42: =L42-I42 -> 0 | P42: =N42-K42 -> -5.6065574 | Q42: =N42/K42 -> 0.95327869 | S42: 0.37708333 | T42: 0.41944444 | U42: =(S42-T41)*24*60 -> 7 | V42: =(T42-S42)*24*60 -> 61 | AE42: =M42-J42 -> -112.13115 | AF42: =M42/J42 -> 0.95327869
A43: 新豐9線 | B43: 三明治 | C43: 草莓優格三明治 | E43: 22.69 | F43: 3200 | G43: =E43*F43 -> 72608 | H43: 2 | I43: 16 | J43: 2400 | K43: =J43/I43 -> 150 | L43: 16 | M43: =F43/V43*60 -> 2285.7143 | N43: =M43/L43 -> 142.85714 | O43: =L43-I43 -> 0 | P43: =N43-K43 -> -7.1428571 | Q43: =N43/K43 -> 0.95238095 | S43: 0.42361111 | T43: 0.48194444 | U43: =(S43-T42)*24*60 -> 6 | V43: =(T43-S43)*24*60 -> 84 | W43: =T43 -> 0.48194444 | X43: =S44 -> 0.52222222 | AE43: =M43-J43 -> -114.28571 | AF43: =M43/J43 -> 0.95238095
A44: 新豐9線 | B44: 三明治 | C44: 草莓優格三明治 | E44: 22.69 | F44: 4047 | G44: =E44*F44 -> 91826.43 | I44: 16 | J44: 2400 | K44: =J44/I44 -> 150 | L44: 16 | M44: =F44/V44*60 -> 2290.7547 | N44: =M44/L44 -> 143.17217 | O44: =L44-I44 -> 0 | P44: =N44-K44 -> -6.8278302 | Q44: =N44/K44 -> 0.95448113 | S44: 0.52222222 | T44: 0.59583333 | U44: =(S44-T43)*24*60 -> 58 | V44: =(T44-S44)*24*60 -> 106 | AE44: =M44-J44 -> -109.24528 | AF44: =M44/J44 -> 0.95448113
A45: 新豐9線 | B45: 三明治 | C45: 鮪魚起司溏心蛋三明治 | E45: 26.2 | F45: 2412 | G45: =E45*F45 -> 63194.4 | I45: 18 | J45: 2400 | K45: =J45/I45 -> 133.33333 | L45: 18 | M45: =F45/V45*60 -> 2297.1429 | N45: =M45/L45 -> 127.61905 | O45: =L45-I45 -> 0 | P45: =N45-K45 -> -5.7142857 | Q45: =N45/K45 -> 0.95714286 | S45: 0.59930556 | T45: 0.64305556 | U45: =(S45-T44)*24*60 -> 5 | V45: =(T45-S45)*24*60 -> 63 | AE45: =M45-J45 -> -102.85714 | AF45: =M45/J45 -> 0.95714286
A46: 新豐9線 | B46: 平均 | I46: 17.625 | J46: 2400 | K46: =J46/I46 -> 136.17021 | L46: 17.625 | M46: =AVERAGE(M38:M45) -> 2290.235 | N46: =M46/L46 -> 129.94241 | O46: =L46-I46 -> 0 | P46: =N46-K46 -> -6.2278037 | Q46: =N46/K46 -> 0.95426457 | Y46: =SUM(Y38:Y45) -> 0 | Z46: =SUM(Z38:Z45) -> 0 | AC46: 7 | AD46: =SUM(AD38:AD45) -> 0 | AE46: =M46-J46 -> -109.76504 | AF46: =M46/J46 -> 0.95426457
A47: 新豐3線 | B47: 調理麵包 | C47: 豬肉起司堡 | E47: 21.13 | F47: 2700 | G47: =E47*F47 -> 57051 | H47: 2 | I47: 10 | J47: 3000 | K47: =J47/I47 -> 300 | L47: 10 | M47: =F47/V47*60 -> 2892.8571 | N47: =M47/L47 -> 289.28571 | O47: =L47-I47 -> 0 | P47: =N47-K47 -> -10.714286 | Q47: =N47/K47 -> 0.96428571 | R47: =Q57 -> 0.9616484 | S47: 0.20833333 | T47: 0.24722222 | V47: =(T47-S47)*24*60 -> 56 | AE47: =M47-J47 -> -107.14286 | AF47: =M47/J47 -> 0.96428571 | AG47: =AF57 -> 0.9616484
A48: 新豐3線 | B48: 調理麵包 | C48: 豬肉起司蛋堡 | E48: 27.17 | F48: 3700 | G48: =E48*F48 -> 100529 | H48: 2 | I48: 10 | J48: 3000 | K48: =J48/I48 -> 300 | L48: 10 | M48: =F48/V48*60 -> 2883.1169 | N48: =M48/L48 -> 288.31169 | O48: =L48-I48 -> 0 | P48: =N48-K48 -> -11.688312 | Q48: =N48/K48 -> 0.96103896 | S48: 0.25208333 | T48: 0.30555556 | U48: =(S48-T47)*24*60 -> 7 | V48: =(T48-S48)*24*60 -> 77 | AE48: =M48-J48 -> -116.88312 | AF48: =M48/J48 -> 0.96103896
A49: 新豐3線 | B49: 調理麵包 | C49: 經典雙牛起司堡(113年) | E49: 35.12 | F49: 2800 | G49: =E49*F49 -> 98336 | H49: 2 | I49: 10 | J49: 3000 | K49: =J49/I49 -> 300 | L49: 10 | M49: =F49/V49*60 -> 2896.5517 | N49: =M49/L49 -> 289.65517 | O49: =L49-I49 -> 0 | P49: =N49-K49 -> -10.344828 | Q49: =N49/K49 -> 0.96551724 | S49: 0.30902778 | T49: 0.34930556 | U49: =(S49-T48)*24*60 -> 5 | V49: =(T49-S49)*24*60 -> 58 | AE49: =M49-J49 -> -103.44828 | AF49: =M49/J49 -> 0.96551724
A50: 新豐3線 | B50: 調理麵包 | C50: 香雞蛋堡(112年) | E50: 26.78 | F50: 2581 | G50: =E50*F50 -> 69119.18 | I50: 10 | J50: 3000 | K50: =J50/I50 -> 300 | L50: 10 | M50: =F50/V50*60 -> 2867.7778 | N50: =M50/L50 -> 286.77778 | O50: =L50-I50 -> 0 | P50: =N50-K50 -> -13.222222 | Q50: =N50/K50 -> 0.95592593 | S50: 0.35416667 | T50: 0.39166667 | U50: =(S50-T49)*24*60 -> 7 | V50: =(T50-S50)*24*60 -> 54 | AE50: =M50-J50 -> -132.22222 | AF50: =M50/J50 -> 0.95592593
A51: 新豐3線 | B51: 調理麵包 | C51: 花生培根歐姆蛋堡 | E51: 32.02 | F51: 2082 | G51: =E51*F51 -> 66665.64 | I51: 11 | J51: 3000 | K51: =J51/I51 -> 272.72727 | L51: 11 | M51: =F51/V51*60 -> 2905.1163 | N51: =M51/L51 -> 264.10148 | O51: =L51-I51 -> 0 | P51: =N51-K51 -> -8.6257928 | Q51: =N51/K51 -> 0.96837209 | S51: 0.39722222 | T51: 0.42708333 | U51: =(S51-T50)*24*60 -> 8 | V51: =(T51-S51)*24*60 -> 43 | AE51: =M51-J51 -> -94.883721 | AF51: =M51/J51 -> 0.96837209
A52: 新豐3線 | B52: 調理麵包 | C52: 美式雞腿堡 | E52: 35.87 | F52: 3221 | G52: =E52*F52 -> 115537.27 | I52: 9 | J52: 3000 | K52: =J52/I52 -> 333.33333 | L52: 9 | M52: =F52/V52*60 -> 2884.4776 | N52: =M52/L52 -> 320.49751 | O52: =L52-I52 -> 0 | P52: =N52-K52 -> -12.835821 | Q52: =N52/K52 -> 0.96149254 | S52: 0.43055556 | T52: 0.47708333 | U52: =(S52-T51)*24*60 -> 5 | V52: =(T52-S52)*24*60 -> 67 | AE52: =M52-J52 -> -115.52239 | AF52: =M52/J52 -> 0.96149254
A53: 新豐3線 | B53: 調理麵包 | C53: 黃金雙層鱈魚招財堡 | E53: 44.03 | F53: 2313 | G53: =E53*F53 -> 101841.39 | I53: 10 | J53: 3000 | K53: =J53/I53 -> 300 | L53: 10 | M53: =F53/V53*60 -> 2891.25 | N53: =M53/L53 -> 289.125 | O53: =L53-I53 -> 0 | P53: =N53-K53 -> -10.875 | Q53: =N53/K53 -> 0.96375 | S53: 0.48055556 | T53: 0.51388889 | U53: =(S53-T52)*24*60 -> 5 | V53: =(T53-S53)*24*60 -> 48 | W53: =T53 -> 0.51388889 | X53: =S54 -> 0.55416667 | AE53: =M53-J53 -> -108.75 | AF53: =M53/J53 -> 0.96375
A54: 新豐3線 | B54: 調理麵包 | C54: 豬肉起司堡 | E54: 21.13 | F54: 2057 | G54: =E54*F54 -> 43464.41 | I54: 10 | J54: 3000 | K54: =J54/I54 -> 300 | L54: 10 | M54: =F54/V54*60 -> 2870.2326 | N54: =M54/L54 -> 287.02326 | O54: =L54-I54 -> 0 | P54: =N54-K54 -> -12.976744 | Q54: =N54/K54 -> 0.95674419 | S54: 0.55416667 | T54: 0.58402778 | U54: =(S54-T53)*24*60 -> 58 | V54: =(T54-S54)*24*60 -> 43 | AE54: =M54-J54 -> -129.76744 | AF54: =M54/J54 -> 0.95674419
A55: 新豐3線 | B55: 調理麵包 | C55: 豬肉起司蛋堡 | E55: 27.17 | F55: 2765 | G55: =E55*F55 -> 75125.05 | I55: 10 | J55: 3000 | K55: =J55/I55 -> 300 | L55: 10 | M55: =F55/V55*60 -> 2860.3448 | N55: =M55/L55 -> 286.03448 | O55: =L55-I55 -> 0 | P55: =N55-K55 -> -13.965517 | Q55: =N55/K55 -> 0.95344828 | S55: 0.58888889 | T55: 0.62916667 | U55: =(S55-T54)*24*60 -> 7 | V55: =(T55-S55)*24*60 -> 58 | AE55: =M55-J55 -> -139.65517 | AF55: =M55/J55 -> 0.95344828
A56: 新豐3線 | B56: 調理麵包 | C56: 經典雙牛起司堡(113年) | E56: 35.12 | F56: 2125 | G56: =E56*F56 -> 74630 | I56: 10 | J56: 3000 | K56: =J56/I56 -> 300 | L56: 10 | M56: =F56/V56*60 -> 2897.7273 | N56: =M56/L56 -> 289.77273 | O56: =L56-I56 -> 0 | P56: =N56-K56 -> -10.227273 | Q56: =N56/K56 -> 0.96590909 | S56: 0.63402778 | T56: 0.66458333 | U56: =(S56-T55)*24*60 -> 7 | V56: =(T56-S56)*24*60 -> 44 | AE56: =M56-J56 -> -102.27273 | AF56: =M56/J56 -> 0.96590909
A57: 新豐3線 | B57: 平均 | I57: 10 | J57: 3000 | K57: =J57/I57 -> 300 | L57: 10 | M57: =AVERAGE(M47:M56) -> 2884.9452 | N57: =M57/L57 -> 288.49452 | O57: =L57-I57 -> 0 | P57: =N57-K57 -> -11.505479 | Q57: =N57/K57 -> 0.9616484 | Y57: =SUM(Y47:Y56) -> 0 | Z57: =SUM(Z47:Z56) -> 0 | AC57: 0 | AD57: =SUM(AD47:AD56) -> 0 | AE57: =M57-J57 -> -115.05479 | AF57: =M57/J57 -> 0.9616484
A58: 新豐1線 | B58: 沙拉 | C58: 蔥鹽雞肉麵沙拉(114年) | E58: 46 | F58: 1616 | G58: =E58*F58 -> 74336 | I58: 17 | J58: 2000 | K58: =J58/I58 -> 117.64706 | L58: 17 | M58: =F58/V58*60 -> 1939.2 | N58: =M58/L58 -> 114.07059 | O58: =L58-I58 -> 0 | P58: =N58-K58 -> -3.5764706 | Q58: =N58/K58 -> 0.9696 | R58: =Q68 -> 0.9355711 | S58: 0.20833333 | T58: 0.24305556 | V58: =(T58-S58)*24*60 -> 50 | AC58: 4 | AE58: =M58-J58 -> -60.8 | AF58: =M58/J58 -> 0.9696 | AG58: =AF68 -> 0.9355711
A59: 新豐1線 | B59: 沙拉 | C59: 莎莎烤雞麵沙拉 | E59: 46 | F59: 1756 | G59: =E59*F59 -> 80776 | I59: 17 | J59: 2000 | K59: =J59/I59 -> 117.64706 | L59: 17 | M59: =F59/V59*60 -> 1915.6364 | N59: =M59/L59 -> 112.68449 | O59: =L59-I59 -> 0 | P59: =N59-K59 -> -4.9625668 | Q59: =N59/K59 -> 0.95781818 | S59: 0.24652778 | T59: 0.28472222 | U59: =IF(S59=TIME(17,0,0),"",(S59-T58)*24*60) -> 5 | V59: =(T59-S59)*24*60 -> 55 | AE59: =M59-J59 -> -84.363636 | AF59: =M59/J59 -> 0.95781818
A60: 新豐1線 | B60: 微波主食 | C60: 壹號醬雞豚雙拼 | E60: 56.43 | F60: 1883 | G60: =E60*F60 -> 106257.69 | I60: 22 | J60: 2000 | K60: =J60/I60 -> 90.909091 | L60: 22 | M60: =F60/V60*60 -> 1765.3125 | N60: =M60/L60 -> 80.241477 | O60: =L60-I60 -> 0 | P60: =N60-K60 -> -10.667614 | Q60: =N60/K60 -> 0.88265625 | S60: 0.28819444 | T60: 0.33263889 | U60: =IF(S60=TIME(17,0,0),"",(S60-T59)*24*60) -> 5 | V60: =(T60-S60)*24*60 -> 64 | AE60: =M60-J60 -> -234.6875 | AF60: =M60/J60 -> 0.88265625
A61: 新豐1線 | B61: 微波主食 | C61: 好多蒜燒豚飯 | E61: 51.75 | F61: 1776 | G61: =E61*F61 -> 91908 | I61: 25 | J61: 2000 | K61: =J61/I61 -> 80 | L61: 25 | M61: =F61/V61*60 -> 1718.7097 | N61: =M61/L61 -> 68.748387 | O61: =L61-I61 -> 0 | P61: =N61-K61 -> -11.251613 | Q61: =N61/K61 -> 0.85935484 | S61: 0.33680556 | T61: 0.37986111 | U61: =IF(S61=TIME(17,0,0),"",(S61-T60)*24*60) -> 6 | V61: =(T61-S61)*24*60 -> 62 | AE61: =M61-J61 -> -281.29032 | AF61: =M61/J61 -> 0.85935484
A62: 新豐1線 | B62: 微波主食 | C62: 美乃炙烤雞肉飯 | E62: 54.09 | F62: 1766 | G62: =E62*F62 -> 95522.94 | I62: 19 | J62: 2000 | K62: =J62/I62 -> 105.26316 | L62: 19 | M62: =F62/V62*60 -> 1826.8966 | N62: =M62/L62 -> 96.15245 | O62: =L62-I62 -> 0 | P62: =N62-K62 -> -9.1107078 | Q62: =N62/K62 -> 0.91344828 | S62: 0.38333333 | T62: 0.42361111 | U62: =IF(S62=TIME(17,0,0),"",(S62-T61)*24*60) -> 5 | V62: =(T62-S62)*24*60 -> 58 | AE62: =M62-J62 -> -173.10345 | AF62: =M62/J62 -> 0.91344828
A63: 新豐1線 | B63: 微波主食 | C63: 二配香辣醬蒜味香腸蛋炒飯 | E63: 55.56 | F63: 1771 | G63: =E63*F63 -> 98396.76 | I63: 17 | J63: 2000 | K63: =J63/I63 -> 117.64706 | L63: 17 | M63: =F63/V63*60 -> 1932 | N63: =M63/L63 -> 113.64706 | O63: =L63-I63 -> 0 | P63: =N63-K63 -> -4 | Q63: =N63/K63 -> 0.966 | S63: 0.70833333 | T63: 0.74652778 | U63: =IF(S63=TIME(17,0,0),"",(S63-T62)*24*60) | V63: =(T63-S63)*24*60 -> 55 | AE63: =M63-J63 -> -68 | AF63: =M63/J63 -> 0.966
A64: 新豐1線 | B64: 微波主食 | C64: 二配香拌海鮮醬肉絲蛋炒飯 | E64: 55.32 | F64: 1279 | G64: =E64*F64 -> 70754.28 | I64: 15 | J64: 2000 | K64: =J64/I64 -> 133.33333 | L64: 15 | M64: =F64/V64*60 -> 1918.5 | N64: =M64/L64 -> 127.9 | O64: =L64-I64 -> 0 | P64: =N64-K64 -> -5.4333333 | Q64: =N64/K64 -> 0.95925 | S64: 0.75 | T64: 0.77777778 | U64: =IF(S64=TIME(17,0,0),"",(S64-T63)*24*60) -> 5 | V64: =(T64-S64)*24*60 -> 40 | AE64: =M64-J64 -> -81.5 | AF64: =M64/J64 -> 0.95925
A65: 新豐1線 | B65: 微波主食 | C65: 二配鮭魚蛋炒飯 | E65: 54.29 | F65: 500 | G65: =E65*F65 -> 27145 | H65: 2 | I65: 20 | J65: 2000 | K65: =J65/I65 -> 100 | L65: 20 | M65: =F65/V65*60 -> 1875 | N65: =M65/L65 -> 93.75 | O65: =L65-I65 -> 0 | P65: =N65-K65 -> -6.25 | Q65: =N65/K65 -> 0.9375 | S65: 0.78263889 | T65: 0.79375 | U65: =IF(S65=TIME(17,0,0),"",(S65-T64)*24*60) -> 7 | V65: =(T65-S65)*24*60 -> 16 | AE65: =M65-J65 -> -125 | AF65: =M65/J65 -> 0.9375
A66: 新豐1線 | B66: 微波主食 | C66: 二配粗飽系雞排炒飯(114年) | E66: 57.73 | F66: 1189 | G66: =E66*F66 -> 68640.97 | I66: 16 | J66: 1500 | K66: =J66/I66 -> 93.75 | L66: 16 | M66: =F66/V66*60 -> 1426.8 | N66: =M66/L66 -> 89.175 | O66: =L66-I66 -> 0 | P66: =N66-K66 -> -4.575 | Q66: =N66/K66 -> 0.9512 | S66: 0.79861111 | T66: 0.83333333 | U66: =IF(S66=TIME(17,0,0),"",(S66-T65)*24*60) -> 7 | V66: =(T66-S66)*24*60 -> 50 | W66: =T66 -> 0.83333333 | X66: =S67 -> 0.87569444 | AE66: =M66-J66 -> -73.2 | AF66: =M66/J66 -> 0.9512
A67: 新豐1線 | B67: 微波主食 | C67: 二配鮭魚蛋炒飯 | E67: 54.29 | F67: 1380 | G67: =E67*F67 -> 74920.2 | I67: 20 | J67: 2000 | K67: =J67/I67 -> 100 | L67: 20 | M67: =F67/V67*60 -> 1925.5814 | N67: =M67/L67 -> 96.27907 | O67: =L67-I67 -> 0 | P67: =N67-K67 -> -3.7209302 | Q67: =N67/K67 -> 0.9627907 | S67: 0.87569444 | T67: 0.90555556 | U67: =IF(S67=TIME(17,0,0),"",(S67-T66)*24*60) -> 61 | V67: =(T67-S67)*24*60 -> 43 | AE67: =M67-J67 -> -74.418605 | AF67: =M67/J67 -> 0.9627907
A68: 新豐1線 | B68: 平均 | I68: 18.8 | J68: 1950 | K68: =J68/I68 -> 103.7234 | L68: 18.8 | M68: =AVERAGE(M58:M67) -> 1824.3636 | N68: =M68/L68 -> 97.04062 | O68: =L68-I68 -> 0 | P68: =N68-K68 -> -6.6827846 | Q68: =N68/K68 -> 0.9355711 | Y68: =SUM(Y58:Y67) -> 0 | Z68: =SUM(Z58:Z67) -> 0 | AC68: 4 | AD68: =SUM(AD58:AD67) -> 0 | AE68: =M68-J68 -> -125.63635 | AF68: =M68/J68 -> 0.9355711
A69: 新豐10線 | B69: 沙拉 | C69: 溏心蛋洋芋沙拉 | E69: 26.97 | F69: 2271 | G69: =E69*F69 -> 61248.87 | I69: 8 | J69: 1500 | K69: =J69/I69 -> 187.5 | L69: 8 | M69: =F69/V69*60 -> 1434.3158 | N69: =M69/L69 -> 179.28947 | O69: =L69-I69 -> 0 | P69: =N69-K69 -> -8.2105263 | Q69: =N69/K69 -> 0.95621053 | R69: =Q74 -> 0.96063678 | S69: 0.20833333 | T69: 0.27430556 | V69: =(T69-S69)*24*60 -> 95 | AC69: 1 | AE69: =M69-J69 -> -65.684211 | AF69: =M69/J69 -> 0.95621053 | AG69: =AF74 -> 0.96063678
A70: 新豐10線 | B70: 沙拉 | C70: 焗烤洋芋沙拉 | E70: 27.4 | F70: 2079 | G70: =E70*F70 -> 56964.6 | I70: 10 | J70: 1500 | K70: =J70/I70 -> 150 | L70: 10 | M70: =F70/V70*60 -> 1433.7931 | N70: =M70/L70 -> 143.37931 | O70: =L70-I70 -> 0 | P70: =N70-K70 -> -6.6206897 | Q70: =N70/K70 -> 0.95586207 | S70: 0.27986111 | T70: 0.34027778 | U70: =(S70-T69)*24*60 -> 8 | V70: =(T70-S70)*24*60 -> 87 | AE70: =M70-J70 -> -66.206897 | AF70: =M70/J70 -> 0.95586207
A71: 新豐10線 | B71: 調理麵包 | C71: 排骨雞起司炒麵麵包 | E71: 31 | F71: 934 | G71: =E71*F71 -> 28954 | I71: 13 | J71: 2000 | K71: =J71/I71 -> 153.84615 | L71: 13 | M71: =F71/V71*60 -> 1932.4138 | N71: =M71/L71 -> 148.64721 | O71: =L71-I71 -> 0 | P71: =N71-K71 -> -5.198939 | Q71: =N71/K71 -> 0.9662069 | S71: 0.34513889 | T71: 0.36527778 | U71: =(S71-T70)*24*60 -> 7 | V71: =(T71-S71)*24*60 -> 29 | AE71: =M71-J71 -> -67.586207 | AF71: =M71/J71 -> 0.9662069
A72: 新豐10線 | B72: 調理麵包 | C72: 墨西哥辣醬熱狗堡 | E72: 37.85 | F72: 2638 | G72: =E72*F72 -> 99848.3 | I72: 12 | J72: 2000 | K72: =J72/I72 -> 166.66667 | L72: 12 | M72: =F72/V72*60 -> 1906.988 | N72: =M72/L72 -> 158.91566 | O72: =L72-I72 -> 0 | P72: =N72-K72 -> -7.751004 | Q72: =N72/K72 -> 0.95349398 | S72: 0.36944444 | T72: 0.42708333 | U72: =(S72-T71)*24*60 -> 6 | V72: =(T72-S72)*24*60 -> 83 | AE72: =M72-J72 -> -93.012048 | AF72: =M72/J72 -> 0.95349398
A73: 新豐10線 | B73: 調理麵包 | C73: 厚豆腐蛋白蕈菇豬肉堡 | E73: 34.36 | F73: 1691 | G73: =E73*F73 -> 58102.76 | I73: 10 | J73: 3000 | K73: =J73/I73 -> 300 | L73: 10 | M73: =F73/V73*60 -> 2898.8571 | N73: =M73/L73 -> 289.88571 | O73: =L73-I73 -> 0 | P73: =N73-K73 -> -10.114286 | Q73: =N73/K73 -> 0.96628571 | S73: 0.43125 | T73: 0.45555556 | U73: =(S73-T72)*24*60 -> 6 | V73: =(T73-S73)*24*60 -> 35 | AE73: =M73-J73 -> -101.14286 | AF73: =M73/J73 -> 0.96628571
A74: 新豐10線 | B74: 平均 | I74: 10.6 | J74: 2000 | K74: =J74/I74 -> 188.67925 | L74: 10.6 | M74: =AVERAGE(M69:M73) -> 1921.2736 | N74: =M74/L74 -> 181.25222 | O74: =L74-I74 -> 0 | P74: =N74-K74 -> -7.427023 | Q74: =N74/K74 -> 0.96063678 | Y74: =SUM(Y69:Y73) -> 0 | Z74: =SUM(Z69:Z73) -> 0 | AC74: 1 | AD74: =SUM(AD69:AD73) -> 0 | AE74: =M74-J74 -> -78.726444 | AF74: =M74/J74 -> 0.96063678
A75: 新豐4線 | B75: 三明治 | C75: 香鬆起司蛋三明治(114年) | E75: 20.2 | F75: 1913 | G75: =E75*F75 -> 38642.6 | I75: 19 | J75: 2400 | K75: =J75/I75 -> 126.31579 | L75: 19 | M75: =F75/V75*60 -> 2295.6 | N75: =M75/L75 -> 120.82105 | O75: =L75-I75 -> 0 | P75: =N75-K75 -> -5.4947368 | Q75: =N75/K75 -> 0.9565 | R75: =Q81 -> 0.95515083 | S75: 0.125 | T75: 0.15972222 | V75: =(T75-S75)*24*60 -> 50 | W75: =T75 -> 0.15972222 | X75: =S76 -> 0.17986111 | AC75: 7 | AE75: =M75-J75 -> -104.4 | AF75: =M75/J75 -> 0.9565 | AG75: =AF81 -> 0.95515083
A76: 新豐4線 | B76: 三明治 | C76: 輕乳酪巧克力三明治 | E76: 20.52 | F76: 2728 | G76: =E76*F76 -> 55978.56 | I76: 18 | J76: 2400 | K76: =J76/I76 -> 133.33333 | L76: 18 | M76: =F76/V76*60 -> 2305.3521 | N76: =M76/L76 -> 128.07512 | O76: =L76-I76 -> 0 | P76: =N76-K76 -> -5.258216 | Q76: =N76/K76 -> 0.96056338 | S76: 0.17986111 | T76: 0.22916667 | U76: =(S76-T75)*24*60 -> 29 | V76: =(T76-S76)*24*60 -> 71 | AE76: =M76-J76 -> -94.647887 | AF76: =M76/J76 -> 0.96056338
A77: 新豐4線 | B77: 三明治 | C77: 火腿起司蛋三明治 | E77: 19.02 | F77: 4300 | G77: =E77*F77 -> 81786 | H77: 2 | I77: 15 | J77: 2400 | K77: =J77/I77 -> 160 | L77: 15 | M77: =F77/V77*60 -> 2283.1858 | N77: =M77/L77 -> 152.21239 | O77: =L77-I77 -> 0 | P77: =N77-K77 -> -7.7876106 | Q77: =N77/K77 -> 0.95132743 | S77: 0.23263889 | T77: 0.31111111 | U77: =(S77-T76)*24*60 -> 5 | V77: =(T77-S77)*24*60 -> 113 | AE77: =M77-J77 -> -116.81416 | AF77: =M77/J77 -> 0.95132743
A78: 新豐4線 | B78: 三明治 | C78: 經典火腿玉米蛋三明治 | E78: 24.43 | F78: 5481 | G78: =E78*F78 -> 133900.83 | I78: 14 | J78: 2400 | K78: =J78/I78 -> 171.42857 | L78: 14 | M78: =F78/V78*60 -> 2299.7203 | N78: =M78/L78 -> 164.26573 | O78: =L78-I78 -> 0 | P78: =N78-K78 -> -7.1628372 | Q78: =N78/K78 -> 0.95821678 | S78: 0.31666667 | T78: 0.41597222 | U78: =(S78-T77)*24*60 -> 8 | V78: =(T78-S78)*24*60 -> 143 | AE78: =M78-J78 -> -100.27972 | AF78: =M78/J78 -> 0.95821678
A79: 新豐4線 | B79: 三明治 | C79: 藍莓優格三明治 | E79: 20.21 | F79: 3238 | G79: =E79*F79 -> 65439.98 | I79: 16 | J79: 2400 | K79: =J79/I79 -> 150 | L79: 16 | M79: =F79/V79*60 -> 2285.6471 | N79: =M79/L79 -> 142.85294 | O79: =L79-I79 -> 0 | P79: =N79-K79 -> -7.1470588 | Q79: =N79/K79 -> 0.95235294 | S79: 0.41944444 | T79: 0.47847222 | U79: =(S79-T78)*24*60 -> 5 | V79: =(T79-S79)*24*60 -> 85 | W79: =T79 -> 0.47847222 | X79: =S80 -> 0.51666667 | AE79: =M79-J79 -> -114.35294 | AF79: =M79/J79 -> 0.95235294
A80: 新豐4線 | B80: 三明治 | C80: 火腿起司蛋三明治 | E80: 19.02 | F80: 3427 | G80: =E80*F80 -> 65181.54 | I80: 15 | J80: 2400 | K80: =J80/I80 -> 160 | L80: 15 | M80: =F80/V80*60 -> 2284.6667 | N80: =M80/L80 -> 152.31111 | O80: =L80-I80 -> 0 | P80: =N80-K80 -> -7.6888889 | Q80: =N80/K80 -> 0.95194444 | S80: 0.51666667 | T80: 0.57916667 | U80: =(S80-T79)*24*60 -> 55 | V80: =(T80-S80)*24*60 -> 90 | AE80: =M80-J80 -> -115.33333 | AF80: =M80/J80 -> 0.95194444
A81: 新豐4線 | B81: 平均 | I81: 16.166667 | J81: 2400 | K81: =J81/I81 -> 148.45361 | L81: 16.166667 | M81: =AVERAGE(M75:M80) -> 2292.362 | N81: =M81/L81 -> 141.79559 | O81: =L81-I81 -> 0 | P81: =N81-K81 -> -6.658021 | Q81: =N81/K81 -> 0.95515083 | Y81: =SUM(Y75:Y80) -> 0 | Z81: =SUM(Z75:Z80) -> 0 | AC81: 7 | AD81: =SUM(AD75:AD80) -> 0 | AE81: =M81-J81 -> -107.63801 | AF81: =M81/J81 -> 0.95515083

Sheet 0127
B1: 屏榮 新豐廠組合室生產人時性分析
B3: 日期 | C3: =TEXT('0127 4度C'!A2,"yyyy.mm.ddaaaa") -> 2026.01.27星期二 | E3: 訂單量 | F3: ='0127 4度C'!D1 -> 161464 | H3: 營業額 | I3: ='0127 4度C'!F1 -> 5522273
B4: 人時性 | C4: 項目 | E4: ➀ | G4: ➁ | I4: ➂ | K4: 異常停線 | M4: 短暫停線
C5: 組合室 | E5: 全溫層 | G5: 4度C-各編組展開 | I5: ③三明治-各編組展開 | K5: 合計次數 | L5: 時間 | M5: 合計次數 | N5: 設備次數
C6: 排關平均 | E6: =AVERAGE(D13:M13) -> 144.18715 | F6: =AVERAGE(D31:O31,D13:J13) -> 146.44823 | G6: =AVERAGE(D13:J13) -> 146.44823 | I6: =AVERAGE(K13:M13) -> 138.9113 | K6: ='0127 4度C'!Y2 -> 0 | L6: ='0127 4度C'!Z2 -> 0 | M6: ='0127 4度C'!AC2 -> 39 | N6: ='0127 4度C'!AD2 -> 0
C7: 實績平均 | E7: =AVERAGE(D14:M14) -> 138.01247 | F7: =AVERAGE(D32:O32,D14:J14) -> 140.17935 | G7: =AVERAGE(D14:J14) -> 140.17935 | I7: =AVERAGE(K14:M14) -> 132.95643
C8: 達成率平均 | E8: =AVERAGE(D15:M15) -> 0.95643792 | F8: =AVERAGE(D15:J15,D33:O33) -> 0.95613887 | G8: =AVERAGE(D15:J15) -> 0.95613887 | I8: =AVERAGE(K15:M15) -> 0.95713571
K9: ※現行日本鮮食廠以達成率80%為基本(即為現行KPI)
B10: 溫層 | D10: ➁4度C-各編組展開 | K10: ③三明治-各編組展開
B11: 編組 | D11: 1 | E11: 2 | F11: 3 | G11: 4 | H11: 5 | I11: 6 | J11: 7 | K11: 1 | L11: 2 | M11: 3
D12: 新豐6線 | E12: 新豐2線 | F12: 新豐5線 | G12: 新豐7線 | H12: 新豐3線 | I12: 新豐1線 | J12: 新豐10線 | K12: 新豐8線 | L12: 新豐9線 | M12: 新豐4線
B13: 人時性 | C13: 排關 | D13: =SUMIFS('0127 4度C'!$K:$K,'0127 4度C'!$A:$A,"新豐6線",'0127 4度C'!$B:$B,"平均") -> 116.50485 | E13: =SUMIFS('0127 4度C'!$K:$K,'0127 4度C'!$A:$A,"新豐2線",'0127 4度C'!$B:$B,"平均") -> 83.333333 | F13: =SUMIFS('0127 4度C'!$K:$K,'0127 4度C'!$A:$A,"新豐5線",'0127 4度C'!$B:$B,"平均") -> 110.16949 | G13: =SUMIFS('0127 4度C'!$K:$K,'0127 4度C'!$A:$A,"新豐7線",'0127 4度C'!$B:$B,"平均") -> 122.72727 | H13: =SUMIFS('0127 4度C'!$K:$K,'0127 4度C'!$A:$A,"新豐3線",'0127 4度C'!$B:$B,"平均") -> 300 | I13: =SUMIFS('0127 4度C'!$K:$K,'0127 4度C'!$A:$A,"新豐1線",'0127 4度C'!$B:$B,"平均") -> 103.7234 | J13: =SUMIFS('0127 4度C'!$K:$K,'0127 4度C'!$A:$A,"新豐10線",'0127 4度C'!$B:$B,"平均") -> 188.67925 | K13: =SUMIFS('0127 4度C'!$K:$K,'0127 4度C'!$A:$A,"新豐8線",'0127 4度C'!$B:$B,"平均") -> 132.11009 | L13: =SUMIFS('0127 4度C'!$K:$K,'0127 4度C'!$A:$A,"新豐9線",'0127 4度C'!$B:$B,"平均") -> 136.17021 | M13: =SUMIFS('0127 4度C'!$K:$K,'0127 4度C'!$A:$A,"新豐4線",'0127 4度C'!$B:$B,"平均") -> 148.45361
C14: 實績 | D14: =SUMIFS('0127 4度C'!$N:$N,'0127 4度C'!$A:$A,"新豐6線",'0127 4度C'!$B:$B,"平均") -> 112.28423 | E14: =SUMIFS('0127 4度C'!$N:$N,'0127 4度C'!$A:$A,"新豐2線",'0127 4度C'!$B:$B,"平均") -> 79.439442 | F14: =SUMIFS('0127 4度C'!$N:$N,'0127 4度C'!$A:$A,"新豐5線",'0127 4度C'!$B:$B,"平均") -> 106.00643 | G14: =SUMIFS('0127 4度C'!$N:$N,'0127 4度C'!$A:$A,"新豐7線",'0127 4度C'!$B:$B,"平均") -> 118.02952 | H14: =SUMIFS('0127 4度C'!$N:$N,'0127 4度C'!$A:$A,"新豐3線",'0127 4度C'!$B:$B,"平均") -> 287.49203 | I14: =SUMIFS('0127 4度C'!$N:$N,'0127 4度C'!$A:$A,"新豐1線",'0127 4度C'!$B:$B,"平均") -> 96.812312 | J14: =SUMIFS('0127 4度C'!$N:$N,'0127 4度C'!$A:$A,"新豐10線",'0127 4度C'!$B:$B,"平均") -> 181.19148 | K14: =SUMIFS('0127 4度C'!$N:$N,'0127 4度C'!$A:$A,"新豐8線",'0127 4度C'!$B:$B,"平均") -> 126.32963 | L14: =SUMIFS('0127 4度C'!$N:$N,'0127 4度C'!$A:$A,"新豐9線",'0127 4度C'!$B:$B,"平均") -> 130.51275 | M14: =SUMIFS('0127 4度C'!$N:$N,'0127 4度C'!$A:$A,"新豐4線",'0127 4度C'!$B:$B,"平均") -> 142.02691
C15: 達成率 | D15: =D14/D13 -> 0.96377295 | E15: =E14/E13 -> 0.9532733 | F15: =F14/F13 -> 0.96221221 | G15: =G14/G13 -> 0.96172203 | H15: =H14/H13 -> 0.95830678 | I15: =I14/I13 -> 0.93336998 | J15: =J14/J13 -> 0.96031484 | K15: =K14/K13 -> 0.95624509 | ... M15: =M14/M13 -> 0.95670905
B16: 作業 時間 | C16: 開始 | D16: =VLOOKUP("新豐6線",'0127 4度C'!$A:$T,19,0) -> 0.70833333 | E16: =VLOOKUP("新豐2線",'0127 4度C'!$A:$T,19,0) -> 0.20833333 | F16: =VLOOKUP("新豐5線",'0127 4度C'!$A:$T,19,0) -> 0.20833333 | G16: =VLOOKUP("新豐7線",'0127 4度C'!$A:$T,19,0) -> 0.20833333 | H16: =VLOOKUP("新豐3線",'0127 4度C'!$A:$T,19,0) -> 0.20833333 | I16: =VLOOKUP("新豐1線",'0127 4度C'!$A:$T,19,0) -> 0.20833333 | J16: =VLOOKUP("新豐10線",'0127 4度C'!$A:$T,19,0) -> 0.20833333 | K16: =VLOOKUP("新豐8線",'0127 4度C'!$A:$T,19,0) -> 0.125 | L16: =VLOOKUP("新豐9線",'0127 4度C'!$A:$T,19,0) -> 0.125 | M16: =VLOOKUP("新豐4線",'0127 4度C'!$A:$T,19,0) -> 0.125
C17: 結束 | D17: =LOOKUP(2,1/(('0127 4度C'!$A:$A="新豐6線")*('0127 4度C'!$T:$T<>"")),'0127 4度C'!$T:$T) -> 0.91458333 | E17: =LOOKUP(2,1/(('0127 4度C'!$A:$A="新豐2線")*('0127 4度C'!$T:$T<>"")),'0127 4度C'!$T:$T) -> 0.45069444 | F17: =LOOKUP(2,1/(('0127 4度C'!$A:$A="新豐5線")*('0127 4度C'!$T:$T<>"")),'0127 4度C'!$T:$T) -> 0.91527778 | G17: =LOOKUP(2,1/(('0127 4度C'!$A:$A="新豐7線")*('0127 4度C'!$T:$T<>"")),'0127 4度C'!$T:$T) -> 0.92013889 | H17: =LOOKUP(2,1/(('0127 4度C'!$A:$A="新豐3線")*('0127 4度C'!$T:$T<>"")),'0127 4度C'!$T:$T) -> 0.67847222 | I17: =LOOKUP(2,1/(('0127 4度C'!$A:$A="新豐1線")*('0127 4度C'!$T:$T<>"")),'0127 4度C'!$T:$T) -> 0.91666667 | J17: =LOOKUP(2,1/(('0127 4度C'!$A:$A="新豐10線")*('0127 4度C'!$T:$T<>"")),'0127 4度C'!$T:$T) -> 0.44652778 | K17: =LOOKUP(2,1/(('0127 4度C'!$A:$A="新豐8線")*('0127 4度C'!$T:$T<>"")),'0127 4度C'!$T:$T) -> 0.64375 | L17: =LOOKUP(2,1/(('0127 4度C'!$A:$A="新豐9線")*('0127 4度C'!$T:$T<>"")),'0127 4度C'!$T:$T) -> 0.66458333 | M17: =LOOKUP(2,1/(('0127 4度C'!$A:$A="新豐4線")*('0127 4度C'!$T:$T<>"")),'0127 4度C'!$T:$T) -> 0.61944444
B18: 產線異常 (5分鐘以上) | C18: 次數 | D18: =SUMIFS('0127 4度C'!$Y:$Y,'0127 4度C'!$A:$A,"新豐6線",'0127 4度C'!$B:$B,"平均") -> 0 | E18: =SUMIFS('0127 4度C'!$Y:$Y,'0127 4度C'!$A:$A,"新豐2線",'0127 4度C'!$B:$B,"平均") -> 0 | F18: =SUMIFS('0127 4度C'!$Y:$Y,'0127 4度C'!$A:$A,"新豐5線",'0127 4度C'!$B:$B,"平均") -> 0 | G18: =SUMIFS('0127 4度C'!$Y:$Y,'0127 4度C'!$A:$A,"新豐7線",'0127 4度C'!$B:$B,"平均") -> 0 | H18: =SUMIFS('0127 4度C'!$Y:$Y,'0127 4度C'!$A:$A,"新豐3線",'0127 4度C'!$B:$B,"平均") -> 0 | I18: =SUMIFS('0127 4度C'!$Y:$Y,'0127 4度C'!$A:$A,"新豐1線",'0127 4度C'!$B:$B,"平均") -> 0 | J18: =SUMIFS('0127 4度C'!$Y:$Y,'0127 4度C'!$A:$A,"新豐10線",'0127 4度C'!$B:$B,"平均") -> 0 | K18: =SUMIFS('0127 4度C'!$Y:$Y,'0127 4度C'!$A:$A,"新豐8線",'0127 4度C'!$B:$B,"平均") -> 0 | L18: =SUMIFS('0127 4度C'!$Y:$Y,'0127 4度C'!$A:$A,"新豐9線",'0127 4度C'!$B:$B,"平均") -> 0 | M18: =SUMIFS('0127 4度C'!$Y:$Y,'0127 4度C'!$A:$A,"新豐4線",'0127 4度C'!$B:$B,"平均") -> 0
C19: 時間/分 | D19: =SUMIFS('0127 4度C'!$Z:$Z,'0127 4度C'!$A:$A,"新豐6線",'0127 4度C'!$B:$B,"平均") -> 0 | E19: =SUMIFS('0127 4度C'!$Z:$Z,'0127 4度C'!$A:$A,"新豐2線",'0127 4度C'!$B:$B,"平均") -> 0 | F19: =SUMIFS('0127 4度C'!$Z:$Z,'0127 4度C'!$A:$A,"新豐5線",'0127 4度C'!$B:$B,"平均") -> 0 | G19: =SUMIFS('0127 4度C'!$Z:$Z,'0127 4度C'!$A:$A,"新豐7線",'0127 4度C'!$B:$B,"平均") -> 0 | H19: =SUMIFS('0127 4度C'!$Z:$Z,'0127 4度C'!$A:$A,"新豐3線",'0127 4度C'!$B:$B,"平均") -> 0 | I19: =SUMIFS('0127 4度C'!$Z:$Z,'0127 4度C'!$A:$A,"新豐1線",'0127 4度C'!$B:$B,"平均") -> 0 | J19: =SUMIFS('0127 4度C'!$Z:$Z,'0127 4度C'!$A:$A,"新豐10線",'0127 4度C'!$B:$B,"平均") -> 0 | K19: =SUMIFS('0127 4度C'!$Z:$Z,'0127 4度C'!$A:$A,"新豐8線",'0127 4度C'!$B:$B,"平均") -> 0 | L19: =SUMIFS('0127 4度C'!$Z:$Z,'0127 4度C'!$A:$A,"新豐9線",'0127 4度C'!$B:$B,"平均") -> 0 | M19: =SUMIFS('0127 4度C'!$Z:$Z,'0127 4度C'!$A:$A,"新豐4線",'0127 4度C'!$B:$B,"平均") -> 0
B20: 短暫停線 (5分鐘以下) | C20: 次數 | D20: =SUMIFS('0127 4度C'!$AC:$AC,'0127 4度C'!$A:$A,"新豐6線",'0127 4度C'!$B:$B,"平均") -> 2 | E20: =SUMIFS('0127 4度C'!$AC:$AC,'0127 4度C'!$A:$A,"新豐2線",'0127 4度C'!$B:$B,"平均") -> 2 | F20: =SUMIFS('0127 4度C'!$AC:$AC,'0127 4度C'!$A:$A,"新豐5線",'0127 4度C'!$B:$B,"平均") -> 3 | G20: =SUMIFS('0127 4度C'!$AC:$AC,'0127 4度C'!$A:$A,"新豐7線",'0127 4度C'!$B:$B,"平均") -> 3 | H20: =SUMIFS('0127 4度C'!$AC:$AC,'0127 4度C'!$A:$A,"新豐3線",'0127 4度C'!$B:$B,"平均") -> 0 | I20: =SUMIFS('0127 4度C'!$AC:$AC,'0127 4度C'!$A:$A,"新豐1線",'0127 4度C'!$B:$B,"平均") -> 5 | J20: =SUMIFS('0127 4度C'!$AC:$AC,'0127 4度C'!$A:$A,"新豐10線",'0127 4度C'!$B:$B,"平均") -> 1 | K20: =SUMIFS('0127 4度C'!$AC:$AC,'0127 4度C'!$A:$A,"新豐8線",'0127 4度C'!$B:$B,"平均") -> 8 | L20: =SUMIFS('0127 4度C'!$AC:$AC,'0127 4度C'!$A:$A,"新豐9線",'0127 4度C'!$B:$B,"平均") -> 8 | M20: =SUMIFS('0127 4度C'!$AC:$AC,'0127 4度C'!$A:$A,"新豐4線",'0127 4度C'!$B:$B,"平均") -> 7
C21: 設備次數 | D21: =SUMIFS('0127 4度C'!$AD:$AD,'0127 4度C'!$A:$A,"新豐6線",'0127 4度C'!$B:$B,"平均") -> 0 | E21: =SUMIFS('0127 4度C'!$AD:$AD,'0127 4度C'!$A:$A,"新豐2線",'0127 4度C'!$B:$B,"平均") -> 0 | F21: =SUMIFS('0127 4度C'!$AD:$AD,'0127 4度C'!$A:$A,"新豐5線",'0127 4度C'!$B:$B,"平均") -> 0 | G21: =SUMIFS('0127 4度C'!$AD:$AD,'0127 4度C'!$A:$A,"新豐7線",'0127 4度C'!$B:$B,"平均") -> 0 | H21: =SUMIFS('0127 4度C'!$AD:$AD,'0127 4度C'!$A:$A,"新豐3線",'0127 4度C'!$B:$B,"平均") -> 0 | I21: =SUMIFS('0127 4度C'!$AD:$AD,'0127 4度C'!$A:$A,"新豐1線",'0127 4度C'!$B:$B,"平均") -> 0 | J21: =SUMIFS('0127 4度C'!$AD:$AD,'0127 4度C'!$A:$A,"新豐10線",'0127 4度C'!$B:$B,"平均") -> 0 | K21: =SUMIFS('0127 4度C'!$AD:$AD,'0127 4度C'!$A:$A,"新豐8線",'0127 4度C'!$B:$B,"平均") -> 0 | L21: =SUMIFS('0127 4度C'!$AD:$AD,'0127 4度C'!$A:$A,"新豐9線",'0127 4度C'!$B:$B,"平均") -> 0 | M21: =SUMIFS('0127 4度C'!$AD:$AD,'0127 4度C'!$A:$A,"新豐4線",'0127 4度C'!$B:$B,"平均") -> 0
B22: 配置人數 | D22: =SUMIFS('0127 4度C'!$I:$I,'0127 4度C'!$A:$A,"新豐6線",'0127 4度C'!$B:$B,"平均") -> 17.166667 | E22: =SUMIFS('0127 4度C'!$I:$I,'0127 4度C'!$A:$A,"新豐2線",'0127 4度C'!$B:$B,"平均") -> 18 | F22: =SUMIFS('0127 4度C'!$I:$I,'0127 4度C'!$A:$A,"新豐5線",'0127 4度C'!$B:$B,"平均") -> 16.857143 | G22: =SUMIFS('0127 4度C'!$I:$I,'0127 4度C'!$A:$A,"新豐7線",'0127 4度C'!$B:$B,"平均") -> 15.714286 | H22: =SUMIFS('0127 4度C'!$I:$I,'0127 4度C'!$A:$A,"新豐3線",'0127 4度C'!$B:$B,"平均") -> 10 | I22: =SUMIFS('0127 4度C'!$I:$I,'0127 4度C'!$A:$A,"新豐1線",'0127 4度C'!$B:$B,"平均") -> 18.8 | J22: =SUMIFS('0127 4度C'!$I:$I,'0127 4度C'!$A:$A,"新豐10線",'0127 4度C'!$B:$B,"平均") -> 10.6 | K22: =SUMIFS('0127 4度C'!$I:$I,'0127 4度C'!$A:$A,"新豐8線",'0127 4度C'!$B:$B,"平均") -> 18.166667 | L22: =SUMIFS('0127 4度C'!$I:$I,'0127 4度C'!$A:$A,"新豐9線",'0127 4度C'!$B:$B,"平均") -> 17.625 | M22: =SUMIFS('0127 4度C'!$I:$I,'0127 4度C'!$A:$A,"新豐4線",'0127 4度C'!$B:$B,"平均") -> 16.166667
B23: 主要應用設備 | D23: ET-55 | E23: 熱縮爐 | F23: L型包裝機 | G23: L型包裝機 | H23: 伺服包裝機 | I23: ET-55 | J23: 伺服包裝機 | K23: 三明治包裝機 | L23: 三明治包裝機 | M23: 三明治包裝機
B24: 次要應用設備 | F24: 圓盤機 | G24: ET-55
B25: 備註 | E25: 握沙拉 | F25: 共用L型包裝機 | H25: 調理麵包 | I25: 炒飯+沙拉 | J25: 調理麵包

Sheet 0127 4度C
A1: 新豐廠四度C日報分析 | C1: 總生產量 | D1: =SUM(F5:F81) -> 161464 | E1: 營業額 | F1: =SUM(G5:G81) -> 5522273 | G1: 出勤人數 | H1: =L11+L14+L57+L68+L22+L74+L37+L46+L30+L81 -> 159.09643 | I1: 產線配置圖 | L1: 生產實績 | O1: 人時性差異分析 | S1: 日報登錄 | Y1: 合計 次數 | Z1: 合計 時間/分 | AA1: 產線異常 分析說明(5分鐘以上) | AC1: 合計 次數 | AD1: 合計 設備次數 | AE1: 產能差異分析
A2: 46049 | B2: 星期二 | C2: 人時性 | D2: =AVERAGE(N11,N14,N57,N68,N22,N74,N30,N37,N46,N81) -> 138.01247 | E2: 平均廠價 | F2: =F1/D1 -> 34.201264 | G2: 多次生產數 | H2: =COUNT(H5:H81) -> 11 | Y2: =SUM(Y11+Y14+Y22+Y30+Y37+Y46+Y57+Y68+Y74+Y81) -> 0 | Z2: =SUM(Z11+Z14+Z22+Z30+Z37+Z46+Z57+Z68+Z74+Z81) -> 0 | AC2: 39 | AD2: =SUM(AD11+AD14+AD22+AD30+AD37+AD46+AD57+AD68+AD74+AD81) -> 0
A3: 線別 | B3: 品類 | C3: 品名 | E3: 廠價 | F3: 生產量 | G3: 營收 | H3: 多次 生產 | I3: 人數 | J3: 產能/時 | K3: 人時性 | L3: 人數 | M3: 產能/時 | N3: 人時性 | O3: 人數 | P3: 人時性 | Q3: 達成率 | R3: 達成率平均 | S3: 生產時間 | U3: 換線、休息/分 | V3: 稼動時間/分 | W3: 休息時間 | Y3: 產線異常統計 (5分鐘以上) | AA3: (新豐回填) | AC3: 短暫停線統計 (5分鐘以下) | AE3: 產能/時 | AF3: 達成率 | AG3: 達成率平均
S4: 開始 | T4: 結束 | W4: 開始 | X4: 結束 | Y4: 次數 | Z4: 時間/分 | AC4: 總次數 | AD4: 設備因素(次數)
A5: 新豐6線 | B5: 微波主食 | C5: 二配港式香滑嫩蛋牛肉燴飯 | E5: 50.67 | F5: 1334 | G5: =E5*F5 -> 67593.78 | I5: 17 | J5: 2000 | K5: =J5/I5 -> 117.64706 | L5: 17 | M5: =F5/V5*60 -> 1905.7143 | N5: =M5/L5 -> 112.10084 | O5: =L5-I5 -> 0 | P5: =N5-K5 -> -5.5462185 | Q5: =N5/K5 -> 0.95285714 | R5: =Q11 -> 0.96377295 | S5: 0.70833333 | T5: 0.7375 | V5: =(T5-S5)*24*60 -> 42 | AC5: 2 | AE5: =M5-J5 -> -94.285714 | AF5: =M5/J5 -> 0.95285714 | AG5: =AF11 -> 0.96377295
A6: 新豐6線 | B6: 微波主食 | C6: 二配美味蟹煲 | E6: 54.09 | F6: 1290 | G6: =E6*F6 -> 69776.1 | I6: 19 | J6: 2000 | K6: =J6/I6 -> 105.26316 | L6: 19 | M6: =F6/V6*60 -> 1935 | N6: =M6/L6 -> 101.84211 | O6: =L6-I6 -> 0 | P6: =N6-K6 -> -3.4210526 | Q6: =N6/K6 -> 0.9675 | S6: 0.74097222 | T6: 0.76875 | U6: =IF(S6=TIME(17,0,0),"",(S6-T5)*24*60) -> 5 | V6: =(T6-S6)*24*60 -> 40 | AE6: =M6-J6 -> -65 | AF6: =M6/J6 -> 0.9675
A7: 新豐6線 | B7: 微波主食 | C7: 二配麻油雞燴飯 | E7: 50.29 | F7: 948 | G7: =E7*F7 -> 47674.92 | I7: 16 | J7: 2000 | K7: =J7/I7 -> 125 | L7: 16 | M7: =F7/V7*60 -> 1961.3793 | N7: =M7/L7 -> 122.58621 | O7: =L7-I7 -> 0 | P7: =N7-K7 -> -2.4137931 | Q7: =N7/K7 -> 0.98068966 | S7: 0.77430556 | T7: 0.79444444 | U7: =IF(S7=TIME(17,0,0),"",(S7-T6)*24*60) -> 8 | V7: =(T7-S7)*24*60 -> 29 | AE7: =M7-J7 -> -38.62069 | AF7: =M7/J7 -> 0.98068966
A8: 新豐6線 | B8: 微波主食 | C8: 二配紅燒牛肉燴飯 | E8: 57.3 | F8: 700 | G8: =E8*F8 -> 40110 | H8: 2 | I8: 15 | J8: 2000 | K8: =J8/I8 -> 133.33333 | L8: 15 | M8: =F8/V8*60 -> 1909.0909 | N8: =M8/L8 -> 127.27273 | O8: =L8-I8 -> 0 | P8: =N8-K8 -> -6.0606061 | Q8: =N8/K8 -> 0.95454545 | S8: 0.79791667 | T8: 0.81319444 | U8: =IF(S8=TIME(17,0,0),"",(S8-T7)*24*60) -> 5 | V8: =(T8-S8)*24*60 -> 22 | AE8: =M8-J8 -> -90.909091 | AF8: =M8/J8 -> 0.95454545
A9: 新豐6線 | B9: 微波主食 | C9: 二配濃蕃茄火腿蛋包飯 | E9: 50.67 | F9: 1149 | G9: =E9*F9 -> 58219.83 | I9: 21 | J9: 2000 | K9: =J9/I9 -> 95.238095 | L9: 21 | M9: =F9/V9*60 -> 1915 | N9: =M9/L9 -> 91.190476 | O9: =L9-I9 -> 0 | P9: =N9-K9 -> -4.047619 | Q9: =N9/K9 -> 0.9575 | S9: 0.81805556 | T9: 0.84305556 | U9: =IF(S9=TIME(17,0,0),"",(S9-T8)*24*60) -> 7 | V9: =(T9-S9)*24*60 -> 36 | W9: =T9 -> 0.84305556 | X9: =S10 -> 0.88402778 | AE9: =M9-J9 -> -85 | AF9: =M9/J9 -> 0.9575
A10: 新豐6線 | B10: 微波主食 | C10: 二配紅燒牛肉燴飯 | E10: 57.3 | F10: 1422 | G10: =E10*F10 -> 81480.6 | I10: 15 | J10: 2000 | K10: =J10/I10 -> 133.33333 | L10: 15 | M10: =F10/V10*60 -> 1939.0909 | N10: =M10/L10 -> 129.27273 | O10: =L10-I10 -> 0 | P10: =N10-K10 -> -4.0606061 | Q10: =N10/K10 -> 0.96954545 | S10: 0.88402778 | T10: 0.91458333 | U10: =IF(S10=TIME(17,0,0),"",(S10-T9)*24*60) -> 59 | V10: =(T10-S10)*24*60 -> 44 | AE10: =M10-J10 -> -60.909091 | AF10: =M10/J10 -> 0.96954545
A11: 新豐6線 | B11: 平均 | I11: 17.166667 | J11: 2000 | K11: =J11/I11 -> 116.50485 | L11: 17.166667 | M11: =AVERAGE(M5:M10) -> 1927.5459 | N11: =M11/L11 -> 112.28423 | O11: =L11-I11 -> 0 | P11: =N11-K11 -> -4.220627 | Q11: =N11/K11 -> 0.96377295 | Y11: =SUM(Y5:Y10) -> 0 | Z11: =SUM(Z5:Z10) -> 0 | AC11: 2 | AD11: =SUM(AD5:AD10) -> 0 | AE11: =M11-J11 -> -72.454098 | AF11: =M11/J11 -> 0.96377295
A12: 新豐2線 | B12: 沙拉 | C12: 青醬優格雞肉握沙拉(113年) | E12: 39.62 | F12: 3151 | G12: =E12*F12 -> 124842.62 | I12: 19 | J12: 1500 | K12: =J12/I12 -> 78.947368 | L12: 19 | M12: =F12/V12*60 -> 1432.2727 | N12: =M12/L12 -> 75.382775 | O12: =L12-I12 -> 0 | P12: =N12-K12 -> -3.5645933 | Q12: =N12/K12 -> 0.95484848 | R12: =Q14 -> 0.9532733 | S12: 0.20833333 | T12: 0.3 | V12: =(T12-S12)*24*60 -> 132 | AC12: 2 | AE12: =M12-J12 -> -67.727273 | AF12: =M12/J12 -> 0.95484848 | AG12: =AF14 -> 0.9532733
A13: 新豐2線 | B13: 沙拉 | C13: 青檸烤雞握沙拉(113年) | E13: 39.8 | F13: 5044 | G13: =E13*F13 -> 200751.2 | I13: 17 | J13: 1500 | K13: =J13/I13 -> 88.235294 | L13: 17 | M13: =F13/V13*60 -> 1427.5472 | N13: =M13/L13 -> 83.973363 | O13: =L13-I13 -> 0 | P13: =N13-K13 -> -4.2619312 | Q13: =N13/K13 -> 0.95169811 | S13: 0.30347222 | T13: 0.45069444 | U13: =IF(S13=TIME(17,0,0),"",(S13-T12)*24*60) -> 5 | V13: =(T13-S13)*24*60 -> 212 | AE13: =M13-J13 -> -72.45283 | AF13: =M13/J13 -> 0.95169811
A14: 新豐2線 | B14: 平均 | I14: 18 | J14: 1500 | K14: =J14/I14 -> 83.333333 | L14: 18 | M14: =AVERAGE(M12:M13) -> 1429.9099 | N14: =M14/L14 -> 79.439442 | O14: =L14-I14 -> 0 | P14: =N14-K14 -> -3.8938917 | Q14: =N14/K14 -> 0.9532733 | Y14: =SUM(Y12:Y13) -> 0 | Z14: =SUM(Z12:Z13) -> 0 | AC14: 2 | AD14: =SUM(AD12:AD13) -> 0 | AE14: =M14-J14 -> -70.090051 | AF14: =M14/J14 -> 0.9532733
A15: 新豐5線 | B15: 小吃 | C15: 剝皮辣椒雞湯 | E15: 41 | F15: 2223 | G15: =E15*F15 -> 91143 | I15: 26 | J15: 1500 | K15: =J15/I15 -> 57.692308 | L15: 26 | M15: =F15/V15*60 -> 1434.1935 | N15: =M15/L15 -> 55.16129 | O15: =L15-I15 -> 0 | P15: =N15-K15 -> -2.5310174 | Q15: =N15/K15 -> 0.95612903 | R15: =Q22 -> 0.96221221 | S15: 0.20833333 | T15: 0.27291667 | V15: =(T15-S15)*24*60 -> 93 | AC15: 3 | AE15: =M15-J15 -> -65.806452 | AF15: =M15/J15 -> 0.95612903 | AG15: =AF22 -> 0.96221221
A16: 新豐5線 | B16: 季節調理麵 | C16: 柚子雞白湯拉麵 | E16: 72.4 | F16: 853 | G16: =E16*F16 -> 61757.2 | I16: 18 | J16: 1500 | K16: =J16/I16 -> 83.333333 | L16: 18 | M16: =F16/V16*60 -> 1462.2857 | N16: =M16/L16 -> 81.238095 | O16: =L16-I16 -> 0 | P16: =N16-K16 -> -2.0952381 | Q16: =N16/K16 -> 0.97485714 | S16: 0.27847222 | T16: 0.30277778 | U16: =IF(S16=TIME(17,0,0),"",(S16-T15)*24*60) -> 8 | V16: =(T16-S16)*24*60 -> 35 | AE16: =M16-J16 -> -37.714286 | AF16: =M16/J16 -> 0.97485714
A17: 新豐5線 | B17: 微波主食 | C17: 二配金咖哩濃厚辛口咖哩飯 | E17: 50.98 | F17: 1000 | G17: =E17*F17 -> 50980 | H17: 2 | I17: 16 | J17: 2000 | K17: =J17/I17 -> 125 | L17: 16 | M17: =F17/V17*60 -> 1935.4839 | N17: =M17/L17 -> 120.96774 | O17: =L17-I17 -> 0 | P17: =N17-K17 -> -4.0322581 | Q17: =N17/K17 -> 0.96774194 | S17: 0.70833333 | T17: 0.72986111 | U17: =IF(S17=TIME(17,0,0),"",(S17-T16)*24*60) | V17: =(T17-S17)*24*60 -> 31 | AE17: =M17-J17 -> -64.516129 | AF17: =M17/J17 -> 0.96774194
A18: 新豐5線 | B18: 微波主食 | C18: 二配金咖哩果香甘口咖哩飯 | E18: 50.92 | F18: 700 | G18: =E18*F18 -> 35644 | H18: 2 | I18: 15 | J18: 2000 | K18: =J18/I18 -> 133.33333 | L18: 15 | M18: =F18/V18*60 -> 1909.0909 | N18: =M18/L18 -> 127.27273 | O18: =L18-I18 -> 0 | P18: =N18-K18 -> -6.0606061 | Q18: =N18/K18 -> 0.95454545 | S18: 0.73472222 | T18: 0.75 | U18: =IF(S18=TIME(17,0,0),"",(S18-T17)*24*60) -> 7 | V18: =(T18-S18)*24*60 -> 22 | AE18: =M18-J18 -> -90.909091 | AF18: =M18/J18 -> 0.95454545
A19: 新豐5線 | B19: 微波主食 | C19: 二配泰式綠咖哩雞 | E19: 50.67 | F19: 1677 | G19: =E19*F19 -> 84973.59 | I19: 15 | J19: 2000 | K19: =J19/I19 -> 133.33333 | L19: 15 | M19: =F19/V19*60 -> 1935 | N19: =M19/L19 -> 129 | O19: =L19-I19 -> 0 | P19: =N19-K19 -> -4.3333333 | Q19: =N19/K19 -> 0.9675 | S19: 0.75347222 | T19: 0.78958333 | U19: =IF(S19=TIME(17,0,0),"",(S19-T18)*24*60) -> 5 | V19: =(T19-S19)*24*60 -> 52 | AE19: =M19-J19 -> -65 | AF19: =M19/J19 -> 0.9675
A20: 新豐5線 | B20: 微波主食 | C20: 二配厚香料咖哩雞排飯 | E20: 57.3 | F20: 1986 | G20: =E20*F20 -> 113797.8 | I20: 13 | J20: 2000 | K20: =J20/I20 -> 153.84615 | L20: 13 | M20: =F20/V20*60 -> 1921.9355 | N20: =M20/L20 -> 147.84119 | O20: =L20-I20 -> 0 | P20: =N20-K20 -> -6.0049628 | Q20: =N20/K20 -> 0.96096774 | S20: 0.79444444 | T20: 0.8375 | U20: =IF(S20=TIME(17,0,0),"",(S20-T19)*24*60) -> 7 | V20: =(T20-S20)*24*60 -> 62 | W20: =T20 -> 0.8375 | X20: =S21 -> 0.87916667 | AE20: =M20-J20 -> -78.064516 | AF20: =M20/J20 -> 0.96096774
A21: 新豐5線 | B21: 微波主食 | C21: 二配金咖哩果香甘口咖哩飯 | E21: 50.92 | F21: 1656 | G21: =E21*F21 -> 84323.52 | I21: 15 | J21: 2000 | K21: =J21/I21 -> 133.33333 | L21: 15 | M21: =F21/V21*60 -> 1910.7692 | N21: =M21/L21 -> 127.38462 | O21: =L21-I21 -> 0 | P21: =N21-K21 -> -5.9487179 | Q21: =N21/K21 -> 0.95538462 | S21: 0.87916667 | T21: 0.91527778 | U21: =IF(S21=TIME(17,0,0),"",(S21-T20)*24*60) -> 60 | V21: =(T21-S21)*24*60 -> 52 | AE21: =M21-J21 -> -89.230769 | AF21: =M21/J21 -> 0.95538462
A22: 新豐5線 | B22: 平均 | I22: 16.857143 | J22: 1857.1429 | K22: =J22/I22 -> 110.16949 | L22: 16.857143 | M22: =AVERAGE(M15:M21) -> 1786.9655 | N22: =M22/L22 -> 106.00643 | O22: =L22-I22 -> 0 | P22: =N22-K22 -> -4.1630614 | Q22: =N22/K22 -> 0.96221221 | Y22: =SUM(Y15:Y21) -> 0 | Z22: =SUM(Z15:Z21) -> 0 | AC22: 3 | AD22: =SUM(AD15:AD21) -> 0 | AE22: =M22-J22 -> -70.17732 | AF22: =M22/J22 -> 0.96221221
A23: 新豐7線 | B23: 小吃 | C23: 古早味炒炊粉 | E23: 43.14 | F23: 1070 | G23: =E23*F23 -> 46159.8 | I23: 17 | J23: 2000 | K23: =J23/I23 -> 117.64706 | L23: 17 | M23: =F23/V23*60 -> 1945.4545 | N23: =M23/L23 -> 114.4385 | O23: =L23-I23 -> 0 | P23: =N23-K23 -> -3.2085561 | Q23: =N23/K23 -> 0.97272727 | R23: =Q30 -> 0.96172203 | S23: 0.20833333 | T23: 0.23125 | V23: =(T23-S23)*24*60 -> 33 | AC23: 3 | AE23: =M23-J23 -> -54.545455 | AF23: =M23/J23 -> 0.97272727 | AG23: =AF30 -> 0.96172203
A24: 新豐7線 | B24: 微波主食 | C24: 鐵板滑蛋炸豬排丼 | E24: 57.73 | F24: 2410 | G24: =E24*F24 -> 139129.3 | I24: 14 | J24: 2000 | K24: =J24/I24 -> 142.85714 | L24: 14 | M24: =F24/V24*60 -> 1928 | N24: =M24/L24 -> 137.71429 | O24: =L24-I24 -> 0 | P24: =N24-K24 -> -5.1428571 | Q24: =N24/K24 -> 0.964 | S24: 0.23680556 | T24: 0.28888889 | U24: =IF(S24=TIME(17,0,0),"",(S24-T23)*24*60) -> 8 | V24: =(T24-S24)*24*60 -> 75 | AE24: =M24-J24 -> -72 | AF24: =M24/J24 -> 0.964
A25: 新豐7線 | B25: 微波主食 | C25: 極上炙烤親子丼 | E25: 53.68 | F25: 1481 | G25: =E25*F25 -> 79500.08 | I25: 16 | J25: 2000 | K25: =J25/I25 -> 125 | L25: 16 | M25: =F25/V25*60 -> 1931.7391 | N25: =M25/L25 -> 120.7337 | O25: =L25-I25 -> 0 | P25: =N25-K25 -> -4.2663043 | Q25: =N25/K25 -> 0.96586957 | S25: 0.29444444 | T25: 0.32638889 | U25: =IF(S25=TIME(17,0,0),"",(S25-T24)*24*60) -> 8 | V25: =(T25-S25)*24*60 -> 46 | AE25: =M25-J25 -> -68.26087 | AF25: =M25/J25 -> 0.96586957
A26: 新豐7線 | B26: 微波主食 | C26: 二配川味麻婆燒豆腐燴飯 | E26: 50.49 | F26: 2069 | G26: =E26*F26 -> 104463.81 | I26: 15 | J26: 2000 | K26: =J26/I26 -> 133.33333 | L26: 15 | M26: =F26/V26*60 -> 1909.8462 | N26: =M26/L26 -> 127.32308 | O26: =L26-I26 -> 0 | P26: =N26-K26 -> -6.0102564 | Q26: =N26/K26 -> 0.95492308 | S26: 0.70833333 | T26: 0.75347222 | U26: =IF(S26=TIME(17,0,0),"",(S26-T25)*24*60) | V26: =(T26-S26)*24*60 -> 65 | AE26: =M26-J26 -> -90.153846 | AF26: =M26/J26 -> 0.95492308
A27: 新豐7線 | B27: 微波主食 | C27: 二配香炒沙茶豬肉飯 | E27: 50.67 | F27: 1313 | G27: =E27*F27 -> 66529.71 | I27: 16 | J27: 2000 | K27: =J27/I27 -> 125 | L27: 16 | M27: =F27/V27*60 -> 1921.4634 | N27: =M27/L27 -> 120.09146 | O27: =L27-I27 -> 0 | P27: =N27-K27 -> -4.9085366 | Q27: =N27/K27 -> 0.96073171 | S27: 0.75902778 | T27: 0.7875 | U27: =IF(S27=TIME(17,0,0),"",(S27-T26)*24*60) -> 8 | V27: =(T27-S27)*24*60 -> 41 | AE27: =M27-J27 -> -78.536585 | AF27: =M27/J27 -> 0.96073171
A28: 新豐7線 | B28: 微波主食 | C28: 二配起司控培根白醬焗烤飯 | E28: 53.68 | F28: 2047 | G28: =E28*F28 -> 109882.96 | I28: 16 | J28: 1500 | K28: =J28/I28 -> 93.75 | L28: 16 | M28: =F28/V28*60 -> 1428.1395 | N28: =M28/L28 -> 89.258721 | O28: =L28-I28 -> 0 | P28: =N28-K28 -> -4.4912791 | Q28: =N28/K28 -> 0.95209302 | S28: 0.79166667 | T28: 0.85138889 | U28: =IF(S28=TIME(17,0,0),"",(S28-T27)*24*60) -> 6 | V28: =(T28-S28)*24*60 -> 86 | W28: =T28 -> 0.85138889 | X28: =S29 -> 0.89027778 | AE28: =M28-J28 -> -71.860465 | AF28: =M28/J28 -> 0.95209302
A29: 新豐7線 | B29: 微波主食 | C29: 二配金咖哩濃厚辛口咖哩飯 | E29: 50.98 | F29: 1375 | G29: =E29*F29 -> 70097.5 | I29: 16 | J29: 2000 | K29: =J29/I29 -> 125 | L29: 16 | M29: =F29/V29*60 -> 1918.6047 | N29: =M29/L29 -> 119.91279 | O29: =L29-I29 -> 0 | P29: =N29-K29 -> -5.0872093 | Q29: =N29/K29 -> 0.95930233 | S29: 0.89027778 | T29: 0.92013889 | U29: =IF(S29=TIME(17,0,0),"",(S29-T28)*24*60) -> 56 | V29: =(T29-S29)*24*60 -> 43 | AE29: =M29-J29 -> -81.395349 | AF29: =M29/J29 -> 0.95930233
A30: 新豐7線 | B30: 平均 | I30: 15.714286 | J30: 1928.5714 | K30: =J30/I30 -> 122.72727 | L30: 15.714286 | M30: =AVERAGE(M23:M29) -> 1854.7496 | N30: =M30/L30 -> 118.02952 | O30: =L30-I30 -> 0 | P30: =N30-K30 -> -4.6977506 | Q30: =N30/K30 -> 0.96172203 | Y30: =SUM(Y23:Y29) -> 0 | Z30: =SUM(Z23:Z29) -> 0 | AC30: 3 | AD30: =SUM(AD23:AD29) -> 0 | AE30: =M30-J30 -> -73.821796 | AF30: =M30/J30 -> 0.96172203
A31: 新豐8線 | B31: 三明治 | C31: 紐奧良風味烤雞鮮蔬三明治 | E31: 31.29 | F31: 3600 | G31: =E31*F31 -> 112644 | H31: 2 | I31: 18 | J31: 2400 | K31: =J31/I31 -> 133.33333 | L31: 18 | M31: =F31/V31*60 -> 2297.8723 | N31: =M31/L31 -> 127.65957 | O31: =L31-I31 -> 0 | P31: =N31-K31 -> -5.6737589 | Q31: =N31/K31 -> 0.95744681 | R31: =Q37 -> 0.95624509 | S31: 0.125 | T31: 0.19027778 | V31: =(T31-S31)*24*60 -> 94 | W31: =T31 -> 0.19027778 | X31: =S32 -> 0.21041667 | AC31: 8 | AE31: =M31-J31 -> -102.12766 | AF31: =M31/J31 -> 0.95744681 | AG31: =AF37 -> 0.95624509
A32: 新豐8線 | B32: 三明治 | C32: 經典總匯三明治 | E32: 26.2 | F32: 4620 | G32: =E32*F32 -> 121044 | I32: 20 | J32: 2400 | K32: =J32/I32 -> 120 | L32: 20 | M32: =F32/V32*60 -> 2290.9091 | N32: =M32/L32 -> 114.54545 | O32: =L32-I32 -> 0 | P32: =N32-K32 -> -5.4545455 | Q32: =N32/K32 -> 0.95454545 | S32: 0.21041667 | T32: 0.29444444 | U32: =(S32-T31)*24*60 -> 29 | V32: =(T32-S32)*24*60 -> 121 | AE32: =M32-J32 -> -109.09091 | AF32: =M32/J32 -> 0.95454545
A33: 新豐8線 | B33: 三明治 | C33: 雞蛋沙拉三明治(114年) | E33: 25.99 | F33: 3953 | G33: =E33*F33 -> 102738.47 | I33: 14 | J33: 2400 | K33: =J33/I33 -> 171.42857 | L33: 14 | M33: =F33/V33*60 -> 2302.7184 | N33: =M33/L33 -> 164.47989 | O33: =L33-I33 -> 0 | P33: =N33-K33 -> -6.9486824 | Q33: =N33/K33 -> 0.95946602 | S33: 0.29930556 | T33: 0.37083333 | U33: =(S33-T32)*24*60 -> 7 | V33: =(T33-S33)*24*60 -> 103 | AE33: =M33-J33 -> -97.281553 | AF33: =M33/J33 -> 0.95946602
A34: 新豐8線 | B34: 三明治 | C34: 肉鬆火腿三明治 | E34: 20.52 | F34: 3881 | G34: =E34*F34 -> 79638.12 | I34: 18 | J34: 2400 | K34: =J34/I34 -> 133.33333 | L34: 18 | M34: =F34/V34*60 -> 2305.5446 | N34: =M34/L34 -> 128.08581 | O34: =L34-I34 -> 0 | P34: =N34-K34 -> -5.2475248 | Q34: =N34/K34 -> 0.96064356 | S34: 0.375 | T34: 0.44513889 | U34: =(S34-T33)*24*60 -> 6 | V34: =(T34-S34)*24*60 -> 101 | AE34: =M34-J34 -> -94.455446 | AF34: =M34/J34 -> 0.96064356
A35: 新豐8線 | B35: 三明治 | C35: 好多菜三明治(114年) | E35: 25.98 | F35: 3052 | G35: =E35*F35 -> 79290.96 | I35: 21 | J35: 2400 | K35: =J35/I35 -> 114.28571 | L35: 21 | M35: =F35/V35*60 -> 2289 | N35: =M35/L35 -> 109 | O35: =L35-I35 -> 0 | P35: =N35-K35 -> -5.2857143 | Q35: =N35/K35 -> 0.95375 | S35: 0.45 | T35: 0.50555556 | U35: =(S35-T34)*24*60 -> 7 | V35: =(T35-S35)*24*60 -> 80 | W35: =T35 -> 0.50555556 | X35: =S36 -> 0.54722222 | AE35: =M35-J35 -> -111 | AF35: =M35/J35 -> 0.95375
A36: 新豐8線 | B36: 三明治 | C36: 紐奧良風味烤雞鮮蔬三明治 | E36: 31.29 | F36: 5291 | G36: =E36*F36 -> 165555.39 | I36: 18 | J36: 2400 | K36: =J36/I36 -> 133.33333 | L36: 18 | M36: =F36/V36*60 -> 2283.8849 | N36: =M36/L36 -> 126.88249 | O36: =L36-I36 -> 0 | P36: =N36-K36 -> -6.4508393 | Q36: =N36/K36 -> 0.95161871 | S36: 0.54722222 | T36: 0.64375 | U36: =(S36-T35)*24*60 -> 60 | V36: =(T36-S36)*24*60 -> 139 | AE36: =M36-J36 -> -116.11511 | AF36: =M36/J36 -> 0.95161871
A37: 新豐8線 | B37: 平均 | I37: 18.166667 | J37: 2400 | K37: =J37/I37 -> 132.11009 | L37: 18.166667 | M37: =AVERAGE(M31:M36) -> 2294.9882 | N37: =M37/L37 -> 126.32963 | O37: =L37-I37 -> 0 | P37: =N37-K37 -> -5.7804649 | Q37: =N37/K37 -> 0.95624509 | Y37: =SUM(Y31:Y36) -> 0 | Z37: =SUM(Z31:Z36) -> 0 | AC37: 8 | AD37: =SUM(AD31:AD36) -> 0 | AE37: =M37-J37 -> -105.01178 | AF37: =M37/J37 -> 0.95624509
