Workbook

Sheet 0228
B1: 屏榮 新豐廠組合室生產人時性分析
B3: 日期 | C3: =TEXT('0228 4度C'!A2,"yyyy.mm.ddaaaa") -> 2026.02.28星期六 | E3: 訂單量 | F3: ='0228 4度C'!D1 -> 131327 | H3: 營業額 | I3: ='0228 4度C'!F1 -> 4537803.8
B4: 人時性 | C4: 項目 | E4: ➀ | G4: ➁ | I4: ➂ | K4: 異常停線 | M4: 短暫停線
C5: 組合室 | E5: 全溫層 | G5: 4度C-各編組展開 | I5: ③三明治-各編組展開 | K5: 合計次數 | L5: 時間 | M5: 合計次數 | N5: 設備次數
C6: 排關平均 | E6: =AVERAGE(D13:M13) -> 145.6253 | F6: =AVERAGE(D31:O31,D13:J13) -> 149.26804 | G6: =AVERAGE(D13:J13) -> 149.26804 | I6: =AVERAGE(K13:M13) -> 137.12558 | K6: ='0228 4度C'!Y2 -> 0 | L6: ='0228 4度C'!Z2 -> 0 | M6: ='0228 4度C'!AC2 -> 51 | N6: ='0228 4度C'!AD2 -> 0
C7: 實績平均 | E7: =AVERAGE(D14:M14) -> 139.53963 | F7: =AVERAGE(D32:O32,D14:J14) -> 142.92827 | G7: =AVERAGE(D14:J14) -> 142.92827 | I7: =AVERAGE(K14:M14) -> 131.6328
C8: 達成率平均 | E8: =AVERAGE(D15:M15) -> 0.95779486 | F8: =AVERAGE(D15:J15,D33:O33) -> 0.95695138 | G8: =AVERAGE(D15:J15) -> 0.95695138 | I8: =AVERAGE(K15:M15) -> 0.95976298
K9: ※現行日本鮮食廠以達成率80%為基本(即為現行KPI)
B10: 溫層 | D10: ➁4度C-各編組展開 | K10: ③三明治-各編組展開
B11: 編組 | D11: 1 | E11: 2 | F11: 3 | G11: 4 | H11: 5 | I11: 6 | J11: 7 | K11: 1 | L11: 2 | M11: 3
D12: 新豐6線 | E12: 新豐2線 | F12: 新豐5線 | G12: 新豐7線 | H12: 新豐3線 | I12: 新豐1線 | J12: 新豐10線 | K12: 新豐8線 | L12: 新豐9線 | M12: 新豐4線
B13: 人時性 | C13: 排關 | D13: =SUMIFS('0228 4度C'!$K:$K,'0228 4度C'!$A:$A,"新豐6線",'0228 4度C'!$B:$B,"平均") -> 112.35955 | E13: =SUMIFS('0228 4度C'!$K:$K,'0228 4度C'!$A:$A,"新豐2線",'0228 4度C'!$B:$B,"平均") -> 83.333333 | F13: =SUMIFS('0228 4度C'!$K:$K,'0228 4度C'!$A:$A,"新豐5線",'0228 4度C'!$B:$B,"平均") -> 104.16667 | G13: =SUMIFS('0228 4度C'!$K:$K,'0228 4度C'!$A:$A,"新豐7線",'0228 4度C'!$B:$B,"平均") -> 128.37838 | H13: =SUMIFS('0228 4度C'!$K:$K,'0228 4度C'!$A:$A,"新豐3線",'0228 4度C'!$B:$B,"平均") -> 306.12245 | I13: =SUMIFS('0228 4度C'!$K:$K,'0228 4度C'!$A:$A,"新豐1線",'0228 4度C'!$B:$B,"平均") -> 104.16667 | J13: =SUMIFS('0228 4度C'!$K:$K,'0228 4度C'!$A:$A,"新豐10線",'0228 4度C'!$B:$B,"平均") -> 206.34921 | K13: =SUMIFS('0228 4度C'!$K:$K,'0228 4度C'!$A:$A,"新豐8線",'0228 4度C'!$B:$B,"平均") -> 130.43478 | L13: =SUMIFS('0228 4度C'!$K:$K,'0228 4度C'!$A:$A,"新豐9線",'0228 4度C'!$B:$B,"平均") -> 136.36364 | M13: =SUMIFS('0228 4度C'!$K:$K,'0228 4度C'!$A:$A,"新豐4線",'0228 4度C'!$B:$B,"平均") -> 144.57831
C14: 實績 | D14: =SUMIFS('0228 4度C'!$N:$N,'0228 4度C'!$A:$A,"新豐6線",'0228 4度C'!$B:$B,"平均") -> 108.1727 | E14: =SUMIFS('0228 4度C'!$N:$N,'0228 4度C'!$A:$A,"新豐2線",'0228 4度C'!$B:$B,"平均") -> 79.871809 | F14: =SUMIFS('0228 4度C'!$N:$N,'0228 4度C'!$A:$A,"新豐5線",'0228 4度C'!$B:$B,"平均") -> 99.811155 | G14: =SUMIFS('0228 4度C'!$N:$N,'0228 4度C'!$A:$A,"新豐7線",'0228 4度C'!$B:$B,"平均") -> 123.45107 | H14: =SUMIFS('0228 4度C'!$N:$N,'0228 4度C'!$A:$A,"新豐3線",'0228 4度C'!$B:$B,"平均") -> 292.56729 | I14: =SUMIFS('0228 4度C'!$N:$N,'0228 4度C'!$A:$A,"新豐1線",'0228 4度C'!$B:$B,"平均") -> 97.699855 | J14: =SUMIFS('0228 4度C'!$N:$N,'0228 4度C'!$A:$A,"新豐10線",'0228 4度C'!$B:$B,"平均") -> 198.92404 | K14: =SUMIFS('0228 4度C'!$N:$N,'0228 4度C'!$A:$A,"新豐8線",'0228 4度C'!$B:$B,"平均") -> 124.64154 | L14: =SUMIFS('0228 4度C'!$N:$N,'0228 4度C'!$A:$A,"新豐9線",'0228 4度C'!$B:$B,"平均") -> 130.62523 | M14: =SUMIFS('0228 4度C'!$N:$N,'0228 4度C'!$A:$A,"新豐4線",'0228 4度C'!$B:$B,"平均") -> 139.63163
C15: 達成率 | D15: =D14/D13 -> 0.96273706 | E15: =E14/E13 -> 0.95846171 | F15: =F14/F13 -> 0.95818709 | G15: =G14/G13 -> 0.96161887 | H15: =H14/H13 -> 0.95571981 | I15: =I14/I13 -> 0.93791861 | J15: =J14/J13 -> 0.96401648 | K15: =K14/K13 -> 0.95558515 | ... M15: =M14/M13 -> 0.96578545
B16: 作業 時間 | C16: 開始 | D16: =VLOOKUP("新豐6線",'0228 4度C'!$A:$T,19,0) -> 0.70833333 | E16: =VLOOKUP("新豐2線",'0228 4度C'!$A:$T,19,0) -> 0.20833333 | F16: =VLOOKUP("新豐5線",'0228 4度C'!$A:$T,19,0) -> 0.20833333 | G16: =VLOOKUP("新豐7線",'0228 4度C'!$A:$T,19,0) -> 0.20833333 | H16: =VLOOKUP("新豐3線",'0228 4度C'!$A:$T,19,0) -> 0.20833333 | I16: =VLOOKUP("新豐1線",'0228 4度C'!$A:$T,19,0) -> 0.20833333 | J16: =VLOOKUP("新豐10線",'0228 4度C'!$A:$T,19,0) -> 0.20833333 | K16: =VLOOKUP("新豐8線",'0228 4度C'!$A:$T,19,0) -> 0.125 | L16: =VLOOKUP("新豐9線",'0228 4度C'!$A:$T,19,0) -> 0.125 | M16: =VLOOKUP("新豐4線",'0228 4度C'!$A:$T,19,0) -> 0.125
C17: 結束 | D17: =LOOKUP(2,1/(('0228 4度C'!$A:$A="新豐6線")*('0228 4度C'!$T:$T<>"")),'0228 4度C'!$T:$T) -> 0.83194444 | E17: =LOOKUP(2,1/(('0228 4度C'!$A:$A="新豐2線")*('0228 4度C'!$T:$T<>"")),'0228 4度C'!$T:$T) -> 0.44583333 | F17: =LOOKUP(2,1/(('0228 4度C'!$A:$A="新豐5線")*('0228 4度C'!$T:$T<>"")),'0228 4度C'!$T:$T) -> 0.85902778 | G17: =LOOKUP(2,1/(('0228 4度C'!$A:$A="新豐7線")*('0228 4度C'!$T:$T<>"")),'0228 4度C'!$T:$T) -> 0.85763889 | H17: =LOOKUP(2,1/(('0228 4度C'!$A:$A="新豐3線")*('0228 4度C'!$T:$T<>"")),'0228 4度C'!$T:$T) -> 0.51041667 | I17: =LOOKUP(2,1/(('0228 4度C'!$A:$A="新豐1線")*('0228 4度C'!$T:$T<>"")),'0228 4度C'!$T:$T) -> 0.90347222 | J17: =LOOKUP(2,1/(('0228 4度C'!$A:$A="新豐10線")*('0228 4度C'!$T:$T<>"")),'0228 4度C'!$T:$T) -> 0.48888889 | K17: =LOOKUP(2,1/(('0228 4度C'!$A:$A="新豐8線")*('0228 4度C'!$T:$T<>"")),'0228 4度C'!$T:$T) -> 0.5 | L17: =LOOKUP(2,1/(('0228 4度C'!$A:$A="新豐9線")*('0228 4度C'!$T:$T<>"")),'0228 4度C'!$T:$T) -> 0.49027778 | M17: =LOOKUP(2,1/(('0228 4度C'!$A:$A="新豐4線")*('0228 4度C'!$T:$T<>"")),'0228 4度C'!$T:$T) -> 0.47847222
B18: 產線異常 (5分鐘以上) | C18: 次數 | D18: =SUMIFS('0228 4度C'!$Y:$Y,'0228 4度C'!$A:$A,"新豐6線",'0228 4度C'!$B:$B,"平均") -> 0 | E18: =SUMIFS('0228 4度C'!$Y:$Y,'0228 4度C'!$A:$A,"新豐2線",'0228 4度C'!$B:$B,"平均") -> 0 | F18: =SUMIFS('0228 4度C'!$Y:$Y,'0228 4度C'!$A:$A,"新豐5線",'0228 4度C'!$B:$B,"平均") -> 0 | G18: =SUMIFS('0228 4度C'!$Y:$Y,'0228 4度C'!$A:$A,"新豐7線",'0228 4度C'!$B:$B,"平均") -> 0 | H18: =SUMIFS('0228 4度C'!$Y:$Y,'0228 4度C'!$A:$A,"新豐3線",'0228 4度C'!$B:$B,"平均") -> 0 | I18: =SUMIFS('0228 4度C'!$Y:$Y,'0228 4度C'!$A:$A,"新豐1線",'0228 4度C'!$B:$B,"平均") -> 0 | J18: =SUMIFS('0228 4度C'!$Y:$Y,'0228 4度C'!$A:$A,"新豐10線",'0228 4度C'!$B:$B,"平均") -> 0 | K18: =SUMIFS('0228 4度C'!$Y:$Y,'0228 4度C'!$A:$A,"新豐8線",'0228 4度C'!$B:$B,"平均") -> 0 | L18: =SUMIFS('0228 4度C'!$Y:$Y,'0228 4度C'!$A:$A,"新豐9線",'0228 4度C'!$B:$B,"平均") -> 0 | M18: =SUMIFS('0228 4度C'!$Y:$Y,'0228 4度C'!$A:$A,"新豐4線",'0228 4度C'!$B:$B,"平均") -> 0
C19: 時間/分 | D19: =SUMIFS('0228 4度C'!$Z:$Z,'0228 4度C'!$A:$A,"新豐6線",'0228 4度C'!$B:$B,"平均") -> 0 | E19: =SUMIFS('0228 4度C'!$Z:$Z,'0228 4度C'!$A:$A,"新豐2線",'0228 4度C'!$B:$B,"平均") -> 0 | F19: =SUMIFS('0228 4度C'!$Z:$Z,'0228 4度C'!$A:$A,"新豐5線",'0228 4度C'!$B:$B,"平均") -> 0 | G19: =SUMIFS('0228 4度C'!$Z:$Z,'0228 4度C'!$A:$A,"新豐7線",'0228 4度C'!$B:$B,"平均") -> 0 | H19: =SUMIFS('0228 4度C'!$Z:$Z,'0228 4度C'!$A:$A,"新豐3線",'0228 4度C'!$B:$B,"平均") -> 0 | I19: =SUMIFS('0228 4度C'!$Z:$Z,'0228 4度C'!$A:$A,"新豐1線",'0228 4度C'!$B:$B,"平均") -> 0 | J19: =SUMIFS('0228 4度C'!$Z:$Z,'0228 4度C'!$A:$A,"新豐10線",'0228 4度C'!$B:$B,"平均") -> 0 | K19: =SUMIFS('0228 4度C'!$Z:$Z,'0228 4度C'!$A:$A,"新豐8線",'0228 4度C'!$B:$B,"平均") -> 0 | L19: =SUMIFS('0228 4度C'!$Z:$Z,'0228 4度C'!$A:$A,"新豐9線",'0228 4度C'!$B:$B,"平均") -> 0 | M19: =SUMIFS('0228 4度C'!$Z:$Z,'0228 4度C'!$A:$A,"新豐4線",'0228 4度C'!$B:$B,"平均") -> 0
B20: 短暫停線 (5分鐘以下) | C20: 次數 | D20: =SUMIFS('0228 4度C'!$AC:$AC,'0228 4度C'!$A:$A,"新豐6線",'0228 4度C'!$B:$B,"平均") -> 5 | E20: =SUMIFS('0228 4度C'!$AC:$AC,'0228 4度C'!$A:$A,"新豐2線",'0228 4度C'!$B:$B,"平均") -> 2 | F20: =SUMIFS('0228 4度C'!$AC:$AC,'0228 4度C'!$A:$A,"新豐5線",'0228 4度C'!$B:$B,"平均") -> 4 | G20: =SUMIFS('0228 4度C'!$AC:$AC,'0228 4度C'!$A:$A,"新豐7線",'0228 4度C'!$B:$B,"平均") -> 5 | H20: =SUMIFS('0228 4度C'!$AC:$AC,'0228 4度C'!$A:$A,"新豐3線",'0228 4度C'!$B:$B,"平均") -> 5 | I20: =SUMIFS('0228 4度C'!$AC:$AC,'0228 4度C'!$A:$A,"新豐1線",'0228 4度C'!$B:$B,"平均") -> 9 | J20: =SUMIFS('0228 4度C'!$AC:$AC,'0228 4度C'!$A:$A,"新豐10線",'0228 4度C'!$B:$B,"平均") -> 6 | K20: =SUMIFS('0228 4度C'!$AC:$AC,'0228 4度C'!$A:$A,"新豐8線",'0228 4度C'!$B:$B,"平均") -> 5 | L20: =SUMIFS('0228 4度C'!$AC:$AC,'0228 4度C'!$A:$A,"新豐9線",'0228 4度C'!$B:$B,"平均") -> 5 | M20: =SUMIFS('0228 4度C'!$AC:$AC,'0228 4度C'!$A:$A,"新豐4線",'0228 4度C'!$B:$B,"平均") -> 5
C21: 設備次數 | D21: =SUMIFS('0228 4度C'!$AD:$AD,'0228 4度C'!$A:$A,"新豐6線",'0228 4度C'!$B:$B,"平均") -> 0 | E21: =SUMIFS('0228 4度C'!$AD:$AD,'0228 4度C'!$A:$A,"新豐2線",'0228 4度C'!$B:$B,"平均") -> 0 | F21: =SUMIFS('0228 4度C'!$AD:$AD,'0228 4度C'!$A:$A,"新豐5線",'0228 4度C'!$B:$B,"平均") -> 0 | G21: =SUMIFS('0228 4度C'!$AD:$AD,'0228 4度C'!$A:$A,"新豐7線",'0228 4度C'!$B:$B,"平均") -> 0 | H21: =SUMIFS('0228 4度C'!$AD:$AD,'0228 4度C'!$A:$A,"新豐3線",'0228 4度C'!$B:$B,"平均") -> 0 | I21: =SUMIFS('0228 4度C'!$AD:$AD,'0228 4度C'!$A:$A,"新豐1線",'0228 4度C'!$B:$B,"平均") -> 0 | J21: =SUMIFS('0228 4度C'!$AD:$AD,'0228 4度C'!$A:$A,"新豐10線",'0228 4度C'!$B:$B,"平均") -> 0 | K21: =SUMIFS('0228 4度C'!$AD:$AD,'0228 4度C'!$A:$A,"新豐8線",'0228 4度C'!$B:$B,"平均") -> 0 | L21: =SUMIFS('0228 4度C'!$AD:$AD,'0228 4度C'!$A:$A,"新豐9線",'0228 4度C'!$B:$B,"平均") -> 0 | M21: =SUMIFS('0228 4度C'!$AD:$AD,'0228 4度C'!$A:$A,"新豐4線",'0228 4度C'!$B:$B,"平均") -> 0
B22: 配置人數 | D22: =SUMIFS('0228 4度C'!$I:$I,'0228 4度C'!$A:$A,"新豐6線",'0228 4度C'!$B:$B,"平均") -> 17.8 | E22: =SUMIFS('0228 4度C'!$I:$I,'0228 4度C'!$A:$A,"新豐2線",'0228 4度C'!$B:$B,"平均") -> 18 | F22: =SUMIFS('0228 4度C'!$I:$I,'0228 4度C'!$A:$A,"新豐5線",'0228 4度C'!$B:$B,"平均") -> 18 | G22: =SUMIFS('0228 4度C'!$I:$I,'0228 4度C'!$A:$A,"新豐7線",'0228 4度C'!$B:$B,"平均") -> 14.8 | H22: =SUMIFS('0228 4度C'!$I:$I,'0228 4度C'!$A:$A,"新豐3線",'0228 4度C'!$B:$B,"平均") -> 9.8 | I22: =SUMIFS('0228 4度C'!$I:$I,'0228 4度C'!$A:$A,"新豐1線",'0228 4度C'!$B:$B,"平均") -> 18.666667 | J22: =SUMIFS('0228 4度C'!$I:$I,'0228 4度C'!$A:$A,"新豐10線",'0228 4度C'!$B:$B,"平均") -> 10.5 | K22: =SUMIFS('0228 4度C'!$I:$I,'0228 4度C'!$A:$A,"新豐8線",'0228 4度C'!$B:$B,"平均") -> 18.4 | L22: =SUMIFS('0228 4度C'!$I:$I,'0228 4度C'!$A:$A,"新豐9線",'0228 4度C'!$B:$B,"平均") -> 17.6 | M22: =SUMIFS('0228 4度C'!$I:$I,'0228 4度C'!$A:$A,"新豐4線",'0228 4度C'!$B:$B,"平均") -> 16.6
B23: 主要應用設備 | D23: ET-55 | E23: 熱縮爐 | F23: L型包裝機 | G23: L型包裝機 | H23: 伺服包裝機 | I23: ET-55 | J23: 伺服包裝機 | K23: 三明治包裝機 | L23: 三明治包裝機 | M23: 三明治包裝機
B24: 次要應用設備 | F24: 圓盤機 | G24: ET-55
B25: 備註 | E25: 握沙拉 | F25: 共用L型包裝機 | H25: 調理麵包 | I25: 炒飯+沙拉 | J25: 調理麵包

Sheet 0228 4度C
A1: 新豐廠四度C日報分析 | C1: 總生產量 | D1: =SUM(F5:F65) -> 131327 | E1: 營業額 | F1: =SUM(G5:G65) -> 4537803.8 | G1: 出勤人數 | H1: =L10+L13+L42+L52+L18+L59+L30+L36+L24+L65 -> 160.16667 | I1: 產線配置圖 | L1: 生產實績 | O1: 人時性差異分析 | S1: 日報登錄 | Y1: 合計 次數 | Z1: 合計 時間/分 | AA1: 產線異常 分析說明(5分鐘以上) | AC1: 合計 次數 | AD1: 合計 設備次數 | AE1: 產能差異分析
A2: 46081 | B2: 星期六 | C2: 人時性 | D2: =AVERAGE(N10,N13,N42,N52,N18,N59,N24,N30,N36,N65) -> 139.53963 | E2: 平均廠價 | F2: =F1/D1 -> 34.553472 | G2: 多次生產數 | H2: =COUNT(H5:H65) -> 1 | Y2: =SUM(Y10+Y13+Y18+Y24+Y30+Y36+Y42+Y52+Y59+Y65) -> 0 | Z2: =SUM(Z10+Z13+Z18+Z24+Z30+Z36+Z42+Z52+Z59+Z65) -> 0 | AC2: 51 | AD2: =SUM(AD10+AD13+AD18+AD24+AD30+AD36+AD42+AD52+AD59+AD65) -> 0
A3: 線別 | B3: 品類 | C3: 品名 | E3: 廠價 | F3: 生產量 | G3: 營收 | H3: 多次 生產 | I3: 人數 | J3: 產能/時 | K3: 人時性 | L3: 人數 | M3: 產能/時 | N3: 人時性 | O3: 人數 | P3: 人時性 | Q3: 達成率 | R3: 達成率平均 | S3: 生產時間 | U3: 換線、休息/分 | V3: 稼動時間/分 | W3: 休息時間 | Y3: 產線異常統計 (5分鐘以上) | AA3: (新豐回填) | AC3: 短暫停線統計 (5分鐘以下) | AE3: 產能/時 | AF3: 達成率 | AG3: 達成率平均
S4: 開始 | T4: 結束 | W4: 開始 | X4: 結束 | Y4: 次數 | Z4: 時間/分 | AC4: 總次數 | AD4: 設備因素(次數)
A5: 新豐6線 | B5: 微波主食 | C5: 二配港式香滑嫩蛋牛肉燴飯 | E5: 50.67 | F5: 1567 | G5: =E5*F5 -> 79399.89 | I5: 17 | J5: 2000 | K5: =J5/I5 -> 117.64706 | L5: 17 | M5: =F5/V5*60 -> 1918.7755 | N5: =M5/L5 -> 112.86915 | O5: =L5-I5 -> 0 | P5: =N5-K5 -> -4.7779112 | Q5: =N5/K5 -> 0.95938776 | R5: =Q10 -> 0.96273706 | S5: 0.70833333 | T5: 0.74236111 | V5: =(T5-S5)*24*60 -> 49 | AC5: 5 | AE5: =M5-J5 -> -81.22449 | AF5: =M5/J5 -> 0.95938776 | AG5: =AF10 -> 0.96273706
A6: 新豐6線 | B6: 微波主食 | C6: 二配美味蟹煲 | E6: 54.09 | F6: 1355 | G6: =E6*F6 -> 73291.95 | I6: 19 | J6: 2000 | K6: =J6/I6 -> 105.26316 | L6: 19 | M6: =F6/V6*60 -> 1935.7143 | N6: =M6/L6 -> 101.8797 | O6: =L6-I6 -> 0 | P6: =N6-K6 -> -3.3834586 | Q6: =N6/K6 -> 0.96785714 | S6: 0.74583333 | T6: 0.775 | U6: =IF(S6=TIME(17,0,0),"",(S6-T5)*24*60) -> 5 | V6: =(T6-S6)*24*60 -> 42 | AE6: =M6-J6 -> -64.285714 | AF6: =M6/J6 -> 0.96785714
A7: 新豐6線 | B7: 微波主食 | C7: 二配麻油雞燴飯 | E7: 50.29 | F7: 574 | G7: =E7*F7 -> 28866.46 | I7: 16 | J7: 2000 | K7: =J7/I7 -> 125 | L7: 16 | M7: =F7/V7*60 -> 1913.3333 | N7: =M7/L7 -> 119.58333 | O7: =L7-I7 -> 0 | P7: =N7-K7 -> -5.4166667 | Q7: =N7/K7 -> 0.95666667 | S7: 0.77986111 | T7: 0.79236111 | U7: =IF(S7=TIME(17,0,0),"",(S7-T6)*24*60) -> 7 | V7: =(T7-S7)*24*60 -> 18 | AE7: =M7-J7 -> -86.666667 | AF7: =M7/J7 -> 0.95666667
A8: 新豐6線 | B8: 微波主食 | C8: 二配濃蕃茄火腿蛋包飯 | E8: 50.67 | F8: 543 | G8: =E8*F8 -> 27513.81 | I8: 21 | J8: 2000 | K8: =J8/I8 -> 95.238095 | L8: 21 | M8: =F8/V8*60 -> 1916.4706 | N8: =M8/L8 -> 91.260504 | O8: =L8-I8 -> 0 | P8: =N8-K8 -> -3.977591 | Q8: =N8/K8 -> 0.95823529 | S8: 0.79791667 | T8: 0.80972222 | U8: =IF(S8=TIME(17,0,0),"",(S8-T7)*24*60) -> 8 | V8: =(T8-S8)*24*60 -> 17 | AE8: =M8-J8 -> -83.529412 | AF8: =M8/J8 -> 0.95823529
A9: 新豐6線 | B9: 微波主食 | C9: 二配香炒沙茶豬肉飯 | E9: 50.67 | F9: 842 | G9: =E9*F9 -> 42664.14 | I9: 16 | J9: 2000 | K9: =J9/I9 -> 125 | L9: 16 | M9: =F9/V9*60 -> 1943.0769 | N9: =M9/L9 -> 121.44231 | O9: =L9-I9 -> 0 | P9: =N9-K9 -> -3.5576923 | Q9: =N9/K9 -> 0.97153846 | S9: 0.81388889 | T9: 0.83194444 | U9: =IF(S9=TIME(17,0,0),"",(S9-T8)*24*60) -> 6 | V9: =(T9-S9)*24*60 -> 26 | AE9: =M9-J9 -> -56.923077 | AF9: =M9/J9 -> 0.97153846
A10: 新豐6線 | B10: 平均 | I10: 17.8 | J10: 2000 | K10: =J10/I10 -> 112.35955 | L10: 17.8 | M10: =AVERAGE(M5:M9) -> 1925.4741 | N10: =M10/L10 -> 108.1727 | O10: =L10-I10 -> 0 | P10: =N10-K10 -> -4.1868467 | Q10: =N10/K10 -> 0.96273706 | Y10: =SUM(Y5:Y9) -> 0 | Z10: =SUM(Z5:Z9) -> 0 | AC10: 5 | AD10: =SUM(AD5:AD9) -> 0 | AE10: =M10-J10 -> -74.525872 | AF10: =M10/J10 -> 0.96273706
A11: 新豐2線 | B11: 沙拉 | C11: 青醬優格雞肉握沙拉(113年) | E11: 39.62 | F11: 3165 | G11: =E11*F11 -> 125397.3 | I11: 19 | J11: 1500 | K11: =J11/I11 -> 78.947368 | L11: 19 | M11: =F11/V11*60 -> 1438.6364 | N11: =M11/L11 -> 75.717703 | O11: =L11-I11 -> 0 | P11: =N11-K11 -> -3.2296651 | Q11: =N11/K11 -> 0.95909091 | R11: =Q13 -> 0.95846171 | S11: 0.20833333 | T11: 0.3 | V11: =(T11-S11)*24*60 -> 132 | AC11: 2 | AE11: =M11-J11 -> -61.363636 | AF11: =M11/J11 -> 0.95909091 | AG11: =AF13 -> 0.95846171
A12: 新豐2線 | B12: 沙拉 | C12: 青檸烤雞握沙拉(113年) | E12: 39.8 | F12: 4861 | G12: =E12*F12 -> 193467.8 | I12: 17 | J12: 1500 | K12: =J12/I12 -> 88.235294 | L12: 17 | M12: =F12/V12*60 -> 1436.7488 | N12: =M12/L12 -> 84.514633 | O12: =L12-I12 -> 0 | P12: =N12-K12 -> -3.7206607 | Q12: =N12/K12 -> 0.95783251 | S12: 0.30486111 | T12: 0.44583333 | U12: =IF(S12=TIME(17,0,0),"",(S12-T11)*24*60) -> 7 | V12: =(T12-S12)*24*60 -> 203 | AE12: =M12-J12 -> -63.251232 | AF12: =M12/J12 -> 0.95783251
A13: 新豐2線 | B13: 平均 | I13: 18 | J13: 1500 | K13: =J13/I13 -> 83.333333 | L13: 18 | M13: =AVERAGE(M11:M12) -> 1437.6926 | N13: =M13/L13 -> 79.871809 | O13: =L13-I13 -> 0 | P13: =N13-K13 -> -3.4615241 | Q13: =N13/K13 -> 0.95846171 | Y13: =SUM(Y11:Y12) -> 0 | Z13: =SUM(Z11:Z12) -> 0 | AC13: 2 | AD13: =SUM(AD11:AD12) -> 0 | AE13: =M13-J13 -> -62.307434 | AF13: =M13/J13 -> 0.95846171
A14: 新豐5線 | B14: 小吃 | C14: 剝皮辣椒雞湯 | E14: 41 | F14: 2529 | G14: =E14*F14 -> 103689 | I14: 26 | J14: 1500 | K14: =J14/I14 -> 57.692308 | L14: 26 | M14: =F14/V14*60 -> 1431.5094 | N14: =M14/L14 -> 55.058055 | O14: =L14-I14 -> 0 | P14: =N14-K14 -> -2.6342525 | Q14: =N14/K14 -> 0.95433962 | R14: =Q18 -> 0.95818709 | S14: 0.20833333 | T14: 0.28194444 | V14: =(T14-S14)*24*60 -> 106 | AC14: 4 | AE14: =M14-J14 -> -68.490566 | AF14: =M14/J14 -> 0.95433962 | AG14: =AF18 -> 0.95818709
A15: 新豐5線 | B15: 微波主食 | C15: 二配金咖哩濃厚辛口咖哩飯 | E15: 50.98 | F15: 2473 | G15: =E15*F15 -> 126073.54 | I15: 16 | J15: 2000 | K15: =J15/I15 -> 125 | L15: 16 | M15: =F15/V15*60 -> 1927.013 | N15: =M15/L15 -> 120.43831 | O15: =L15-I15 -> 0 | P15: =N15-K15 -> -4.5616883 | Q15: =N15/K15 -> 0.96350649 | S15: 0.70833333 | T15: 0.76180556 | U15: =IF(S15=TIME(17,0,0),"",(S15-T14)*24*60) | V15: =(T15-S15)*24*60 -> 77 | AE15: =M15-J15 -> -72.987013 | AF15: =M15/J15 -> 0.96350649
A16: 新豐5線 | B16: 微波主食 | C16: 二配金咖哩果香甘口咖哩飯 | E16: 50.92 | F16: 2337 | G16: =E16*F16 -> 119000.04 | I16: 15 | J16: 2000 | K16: =J16/I16 -> 133.33333 | L16: 15 | M16: =F16/V16*60 -> 1920.8219 | N16: =M16/L16 -> 128.05479 | O16: =L16-I16 -> 0 | P16: =N16-K16 -> -5.2785388 | Q16: =N16/K16 -> 0.96041096 | S16: 0.76736111 | T16: 0.81805556 | U16: =IF(S16=TIME(17,0,0),"",(S16-T15)*24*60) -> 8 | V16: =(T16-S16)*24*60 -> 73 | AE16: =M16-J16 -> -79.178082 | AF16: =M16/J16 -> 0.96041096
A17: 新豐5線 | B17: 微波主食 | C17: 二配泰式綠咖哩雞 | E17: 50.67 | F17: 1621 | G17: =E17*F17 -> 82136.07 | I17: 15 | J17: 2000 | K17: =J17/I17 -> 133.33333 | L17: 15 | M17: =F17/V17*60 -> 1907.0588 | N17: =M17/L17 -> 127.13725 | O17: =L17-I17 -> 0 | P17: =N17-K17 -> -6.1960784 | Q17: =N17/K17 -> 0.95352941 | S17: 0.82361111 | T17: 0.85902778 | U17: =IF(S17=TIME(17,0,0),"",(S17-T16)*24*60) -> 8 | V17: =(T17-S17)*24*60 -> 51 | AE17: =M17-J17 -> -92.941176 | AF17: =M17/J17 -> 0.95352941
A18: 新豐5線 | B18: 平均 | I18: 18 | J18: 1875 | K18: =J18/I18 -> 104.16667 | L18: 18 | M18: =AVERAGE(M14:M17) -> 1796.6008 | N18: =M18/L18 -> 99.811155 | O18: =L18-I18 -> 0 | P18: =N18-K18 -> -4.3555116 | Q18: =N18/K18 -> 0.95818709 | Y18: =SUM(Y14:Y17) -> 0 | Z18: =SUM(Z14:Z17) -> 0 | AC18: 4 | AD18: =SUM(AD14:AD17) -> 0 | AE18: =M18-J18 -> -78.399209 | AF18: =M18/J18 -> 0.95818709
A19: 新豐7線 | B19: 微波主食 | C19: 鐵板滑蛋炸豬排丼 | E19: 57.73 | F19: 2565 | G19: =E19*F19 -> 148077.45 | I19: 14 | J19: 2000 | K19: =J19/I19 -> 142.85714 | L19: 14 | M19: =F19/V19*60 -> 1923.75 | N19: =M19/L19 -> 137.41071 | O19: =L19-I19 -> 0 | P19: =N19-K19 -> -5.4464286 | Q19: =N19/K19 -> 0.961875 | R19: =Q24 -> 0.96161887 | S19: 0.20833333 | T19: 0.26388889 | V19: =(T19-S19)*24*60 -> 80 | AC19: 5 | AE19: =M19-J19 -> -76.25 | AF19: =M19/J19 -> 0.961875 | AG19: =AF24 -> 0.96161887
A20: 新豐7線 | B20: 微波主食 | C20: 極上炙烤親子丼 | E20: 53.68 | F20: 1444 | G20: =E20*F20 -> 77513.92 | I20: 16 | J20: 2000 | K20: =J20/I20 -> 125 | L20: 16 | M20: =F20/V20*60 -> 1925.3333 | N20: =M20/L20 -> 120.33333 | O20: =L20-I20 -> 0 | P20: =N20-K20 -> -4.6666667 | Q20: =N20/K20 -> 0.96266667 | S20: 0.26805556 | T20: 0.29930556 | U20: =IF(S20=TIME(17,0,0),"",(S20-T19)*24*60) -> 6 | V20: =(T20-S20)*24*60 -> 45 | AE20: =M20-J20 -> -74.666667 | AF20: =M20/J20 -> 0.96266667
A21: 新豐7線 | B21: 微波主食 | C21: 二配川味麻婆燒豆腐燴飯 | E21: 50.49 | F21: 2092 | G21: =E21*F21 -> 105625.08 | I21: 15 | J21: 2000 | K21: =J21/I21 -> 133.33333 | L21: 15 | M21: =F21/V21*60 -> 1931.0769 | N21: =M21/L21 -> 128.73846 | O21: =L21-I21 -> 0 | P21: =N21-K21 -> -4.5948718 | Q21: =N21/K21 -> 0.96553846 | S21: 0.70833333 | T21: 0.75347222 | U21: =IF(S21=TIME(17,0,0),"",(S21-T20)*24*60) | V21: =(T21-S21)*24*60 -> 65 | AE21: =M21-J21 -> -68.923077 | AF21: =M21/J21 -> 0.96553846
A22: 新豐7線 | B22: 微波主食 | C22: 二配厚香料咖哩雞排飯 | E22: 57.3 | F22: 1881 | G22: =E22*F22 -> 107781.3 | I22: 13 | J22: 2000 | K22: =J22/I22 -> 153.84615 | L22: 13 | M22: =F22/V22*60 -> 1912.8814 | N22: =M22/L22 -> 147.14472 | O22: =L22-I22 -> 0 | P22: =N22-K22 -> -6.7014342 | Q22: =N22/K22 -> 0.95644068 | S22: 0.75902778 | T22: 0.8 | U22: =IF(S22=TIME(17,0,0),"",(S22-T21)*24*60) -> 8 | V22: =(T22-S22)*24*60 -> 59 | AE22: =M22-J22 -> -87.118644 | AF22: =M22/J22 -> 0.95644068
A23: 新豐7線 | B23: 微波主食 | C23: 二配起司控培根白醬焗烤飯 | E23: 53.68 | F23: 1851 | G23: =E23*F23 -> 99361.68 | I23: 16 | J23: 1500 | K23: =J23/I23 -> 93.75 | L23: 16 | M23: =F23/V23*60 -> 1442.3377 | N23: =M23/L23 -> 90.146104 | O23: =L23-I23 -> 0 | P23: =N23-K23 -> -3.6038961 | Q23: =N23/K23 -> 0.96155844 | S23: 0.80416667 | T23: 0.85763889 | U23: =IF(S23=TIME(17,0,0),"",(S23-T22)*24*60) -> 6 | V23: =(T23-S23)*24*60 -> 77 | AE23: =M23-J23 -> -57.662338 | AF23: =M23/J23 -> 0.96155844
A24: 新豐7線 | B24: 平均 | I24: 14.8 | J24: 1900 | K24: =J24/I24 -> 128.37838 | L24: 14.8 | M24: =AVERAGE(M19:M23) -> 1827.0759 | N24: =M24/L24 -> 123.45107 | O24: =L24-I24 -> 0 | P24: =N24-K24 -> -4.9273071 | Q24: =N24/K24 -> 0.96161887 | Y24: =SUM(Y19:Y23) -> 0 | Z24: =SUM(Z19:Z23) -> 0 | AC24: 5 | AD24: =SUM(AD19:AD23) -> 0 | AE24: =M24-J24 -> -72.924145 | AF24: =M24/J24 -> 0.96161887
A25: 新豐8線 | B25: 三明治 | C25: 紐奧良風味烤雞鮮蔬三明治 | E25: 31.29 | F25: 7462 | G25: =E25*F25 -> 233485.98 | I25: 18 | J25: 2400 | K25: =J25/I25 -> 133.33333 | L25: 18 | M25: =F25/V25*60 -> 2284.2857 | N25: =M25/L25 -> 126.90476 | O25: =L25-I25 -> 0 | P25: =N25-K25 -> -6.4285714 | Q25: =N25/K25 -> 0.95178571 | R25: =Q30 -> 0.95558515 | S25: 0.125 | T25: 0.26111111 | V25: =(T25-S25)*24*60 -> 196 | W25: =T25 -> 0.26111111 | X25: =S26 -> 0.28194444 | AC25: 5 | AE25: =M25-J25 -> -115.71429 | AF25: =M25/J25 -> 0.95178571 | AG25: =AF30 -> 0.95558515
A26: 新豐8線 | B26: 三明治 | C26: 好多菜三明治(114年) | E26: 25.98 | F26: 2267 | G26: =E26*F26 -> 58896.66 | I26: 21 | J26: 2400 | K26: =J26/I26 -> 114.28571 | L26: 21 | M26: =F26/V26*60 -> 2305.4237 | N26: =M26/L26 -> 109.78208 | O26: =L26-I26 -> 0 | P26: =N26-K26 -> -4.503632 | Q26: =N26/K26 -> 0.96059322 | S26: 0.28194444 | T26: 0.32291667 | U26: =(S26-T25)*24*60 -> 30 | V26: =(T26-S26)*24*60 -> 59 | AE26: =M26-J26 -> -94.576271 | AF26: =M26/J26 -> 0.96059322
A27: 新豐8線 | B27: 三明治 | C27: 經典總匯三明治 | E27: 26.2 | F27: 4172 | G27: =E27*F27 -> 109306.4 | I27: 20 | J27: 2400 | K27: =J27/I27 -> 120 | L27: 20 | M27: =F27/V27*60 -> 2296.5138 | N27: =M27/L27 -> 114.82569 | O27: =L27-I27 -> 0 | P27: =N27-K27 -> -5.1743119 | Q27: =N27/K27 -> 0.95688073 | S27: 0.32847222 | T27: 0.40416667 | U27: =(S27-T26)*24*60 -> 8 | V27: =(T27-S27)*24*60 -> 109 | AE27: =M27-J27 -> -103.48624 | AF27: =M27/J27 -> 0.95688073
A28: 新豐8線 | B28: 三明治 | C28: 雞蛋沙拉三明治(114年) | E28: 25.99 | F28: 3327 | G28: =E28*F28 -> 86468.73 | I28: 14 | J28: 2400 | K28: =J28/I28 -> 171.42857 | L28: 14 | M28: =F28/V28*60 -> 2294.4828 | N28: =M28/L28 -> 163.89163 | O28: =L28-I28 -> 0 | P28: =N28-K28 -> -7.5369458 | Q28: =N28/K28 -> 0.95603448 | S28: 0.40763889 | T28: 0.46805556 | U28: =(S28-T27)*24*60 -> 5 | V28: =(T28-S28)*24*60 -> 87 | AE28: =M28-J28 -> -105.51724 | AF28: =M28/J28 -> 0.95603448
A29: 新豐8線 | B29: 三明治 | C29: 陽光地瓜總匯三明治 | E29: 26.18 | F29: 1448 | G29: =E29*F29 -> 37908.64 | I29: 19 | J29: 2400 | K29: =J29/I29 -> 126.31579 | L29: 19 | M29: =F29/V29*60 -> 2286.3158 | N29: =M29/L29 -> 120.33241 | O29: =L29-I29 -> 0 | P29: =N29-K29 -> -5.9833795 | Q29: =N29/K29 -> 0.95263158 | S29: 0.47361111 | T29: 0.5 | U29: =(S29-T28)*24*60 -> 8 | V29: =(T29-S29)*24*60 -> 38 | AE29: =M29-J29 -> -113.68421 | AF29: =M29/J29 -> 0.95263158
A30: 新豐8線 | B30: 平均 | I30: 18.4 | J30: 2400 | K30: =J30/I30 -> 130.43478 | L30: 18.4 | M30: =AVERAGE(M25:M29) -> 2293.4044 | N30: =M30/L30 -> 124.64154 | O30: =L30-I30 -> 0 | P30: =N30-K30 -> -5.7932418 | Q30: =N30/K30 -> 0.95558515 | Y30: =SUM(Y25:Y29) -> 0 | Z30: =SUM(Z25:Z29) -> 0 | AC30: 5 | AD30: =SUM(AD25:AD29) -> 0 | AE30: =M30-J30 -> -106.59565 | AF30: =M30/J30 -> 0.95558515
A31: 新豐9線 | B31: 三明治 | C31: 鮪魚起司溏心蛋三明治 | E31: 26.2 | F31: 5470 | G31: =E31*F31 -> 143314 | I31: 18 | J31: 2400 | K31: =J31/I31 -> 133.33333 | L31: 18 | M31: =F31/V31*60 -> 2295.1049 | N31: =M31/L31 -> 127.50583 | O31: =L31-I31 -> 0 | P31: =N31-K31 -> -5.8275058 | Q31: =N31/K31 -> 0.95629371 | R31: =Q36 -> 0.95791834 | S31: 0.125 | T31: 0.22430556 | V31: =(T31-S31)*24*60 -> 143 | W31: =T31 -> 0.22430556 | X31: =S32 -> 0.24236111 | AC31: 5 | AE31: =M31-J31 -> -104.8951 | AF31: =M31/J31 -> 0.95629371 | AG31: =AF36 -> 0.95791834
A32: 新豐9線 | B32: 三明治 | C32: 肉鬆火腿三明治 | E32: 20.52 | F32: 3068 | G32: =E32*F32 -> 62955.36 | I32: 18 | J32: 2400 | K32: =J32/I32 -> 133.33333 | L32: 18 | M32: =F32/V32*60 -> 2301 | N32: =M32/L32 -> 127.83333 | O32: =L32-I32 -> 0 | P32: =N32-K32 -> -5.5 | Q32: =N32/K32 -> 0.95875 | S32: 0.24236111 | T32: 0.29791667 | U32: =(S32-T31)*24*60 -> 26 | V32: =(T32-S32)*24*60 -> 80 | AE32: =M32-J32 -> -99 | AF32: =M32/J32 -> 0.95875
A33: 新豐9線 | B33: 三明治 | C33: 醬燒烤雞三明治 | E33: 26.39 | F33: 4517 | G33: =E33*F33 -> 119203.63 | I33: 19 | J33: 2400 | K33: =J33/I33 -> 126.31579 | L33: 19 | M33: =F33/V33*60 -> 2296.7797 | N33: =M33/L33 -> 120.88314 | O33: =L33-I33 -> 0 | P33: =N33-K33 -> -5.4326494 | Q33: =N33/K33 -> 0.95699153 | S33: 0.30277778 | T33: 0.38472222 | U33: =(S33-T32)*24*60 -> 7 | V33: =(T33-S33)*24*60 -> 118 | AE33: =M33-J33 -> -103.22034 | AF33: =M33/J33 -> 0.95699153
A34: 新豐9線 | B34: 三明治 | C34: 藍莓優格三明治 | E34: 20.21 | F34: 2639 | G34: =E34*F34 -> 53334.19 | I34: 15 | J34: 2400 | K34: =J34/I34 -> 160 | L34: 15 | M34: =F34/V34*60 -> 2294.7826 | N34: =M34/L34 -> 152.98551 | O34: =L34-I34 -> 0 | P34: =N34-K34 -> -7.0144928 | Q34: =N34/K34 -> 0.95615942 | S34: 0.38958333 | T34: 0.4375 | U34: =(S34-T33)*24*60 -> 7 | V34: =(T34-S34)*24*60 -> 69 | AE34: =M34-J34 -> -105.21739 | AF34: =M34/J34 -> 0.95615942
A35: 新豐9線 | B35: 三明治 | C35: 輕乳酪巧克力三明治 | E35: 20.52 | F35: 2615 | G35: =E35*F35 -> 53659.8 | I35: 18 | J35: 2400 | K35: =J35/I35 -> 133.33333 | L35: 18 | M35: =F35/V35*60 -> 2307.3529 | N35: =M35/L35 -> 128.18627 | O35: =L35-I35 -> 0 | P35: =N35-K35 -> -5.1470588 | Q35: =N35/K35 -> 0.96139706 | S35: 0.44305556 | T35: 0.49027778 | U35: =(S35-T34)*24*60 -> 8 | V35: =(T35-S35)*24*60 -> 68 | AE35: =M35-J35 -> -92.647059 | AF35: =M35/J35 -> 0.96139706
A36: 新豐9線 | B36: 平均 | I36: 17.6 | J36: 2400 | K36: =J36/I36 -> 136.36364 | L36: 17.6 | M36: =AVERAGE(M31:M35) -> 2299.004 | N36: =M36/L36 -> 130.62523 | O36: =L36-I36 -> 0 | P36: =N36-K36 -> -5.7384079 | Q36: =N36/K36 -> 0.95791834 | Y36: =SUM(Y31:Y35) -> 0 | Z36: =SUM(Z31:Z35) -> 0 | AC36: 5 | AD36: =SUM(AD31:AD35) -> 0 | AE36: =M36-J36 -> -100.99598 | AF36: =M36/J36 -> 0.95791834
A37: 新豐3線 | B37: 調理麵包 | C37: 茄汁薯餅蛋堡 | E37: 34.36 | F37: 2281 | G37: =E37*F37 -> 78375.16 | I37: 10 | J37: 3000 | K37: =J37/I37 -> 300 | L37: 10 | M37: =F37/V37*60 -> 2851.25 | N37: =M37/L37 -> 285.125 | O37: =L37-I37 -> 0 | P37: =N37-K37 -> -14.875 | Q37: =N37/K37 -> 0.95041667 | R37: =Q42 -> 0.95571981 | S37: 0.20833333 | T37: 0.24166667 | V37: =(T37-S37)*24*60 -> 48 | AC37: 5 | AE37: =M37-J37 -> -148.75 | AF37: =M37/J37 -> 0.95041667 | AG37: =AF42 -> 0.95571981
A38: 新豐3線 | B38: 調理麵包 | C38: 香雞蛋堡(112年) | E38: 26.78 | F38: 2728 | G38: =E38*F38 -> 73055.84 | I38: 10 | J38: 3000 | K38: =J38/I38 -> 300 | L38: 10 | M38: =F38/V38*60 -> 2871.5789 | N38: =M38/L38 -> 287.15789 | O38: =L38-I38 -> 0 | P38: =N38-K38 -> -12.842105 | Q38: =N38/K38 -> 0.95719298 | S38: 0.24722222 | T38: 0.28680556 | U38: =(S38-T37)*24*60 -> 8 | V38: =(T38-S38)*24*60 -> 57 | AE38: =M38-J38 -> -128.42105 | AF38: =M38/J38 -> 0.95719298
A39: 新豐3線 | B39: 調理麵包 | C39: 豬肉起司堡 | E39: 21.13 | F39: 4677 | G39: =E39*F39 -> 98825.01 | I39: 10 | J39: 3000 | K39: =J39/I39 -> 300 | L39: 10 | M39: =F39/V39*60 -> 2863.4694 | N39: =M39/L39 -> 286.34694 | O39: =L39-I39 -> 0 | P39: =N39-K39 -> -13.653061 | Q39: =N39/K39 -> 0.9544898 | S39: 0.29236111 | T39: 0.36041667 | U39: =(S39-T38)*24*60 -> 8 | V39: =(T39-S39)*24*60 -> 98 | AE39: =M39-J39 -> -136.53061 | AF39: =M39/J39 -> 0.9544898
A40: 新豐3線 | B40: 調理麵包 | C40: 豬肉起司蛋堡 | E40: 27.17 | F40: 6016 | G40: =E40*F40 -> 163454.72 | I40: 10 | J40: 3000 | K40: =J40/I40 -> 300 | L40: 10 | M40: =F40/V40*60 -> 2864.7619 | N40: =M40/L40 -> 286.47619 | O40: =L40-I40 -> 0 | P40: =N40-K40 -> -13.52381 | Q40: =N40/K40 -> 0.95492063 | S40: 0.36458333 | T40: 0.45208333 | U40: =(S40-T39)*24*60 -> 6 | V40: =(T40-S40)*24*60 -> 126 | AE40: =M40-J40 -> -135.2381 | AF40: =M40/J40 -> 0.95492063
A41: 新豐3線 | B41: 調理麵包 | C41: 美式雞腿堡 | E41: 35.87 | F41: 3654 | G41: =E41*F41 -> 131068.98 | I41: 9 | J41: 3000 | K41: =J41/I41 -> 333.33333 | L41: 9 | M41: =F41/V41*60 -> 2884.7368 | N41: =M41/L41 -> 320.52632 | O41: =L41-I41 -> 0 | P41: =N41-K41 -> -12.807018 | Q41: =N41/K41 -> 0.96157895 | S41: 0.45763889 | T41: 0.51041667 | U41: =(S41-T40)*24*60 -> 8 | V41: =(T41-S41)*24*60 -> 76 | AE41: =M41-J41 -> -115.26316 | AF41: =M41/J41 -> 0.96157895
A42: 新豐3線 | B42: 平均 | I42: 9.8 | J42: 3000 | K42: =J42/I42 -> 306.12245 | L42: 9.8 | M42: =AVERAGE(M37:M41) -> 2867.1594 | N42: =M42/L42 -> 292.56729 | O42: =L42-I42 -> 0 | P42: =N42-K42 -> -13.555162 | Q42: =N42/K42 -> 0.95571981 | Y42: =SUM(Y37:Y41) -> 0 | Z42: =SUM(Z37:Z41) -> 0 | AC42: 5 | AD42: =SUM(AD37:AD41) -> 0 | AE42: =M42-J42 -> -132.84058 | AF42: =M42/J42 -> 0.95571981
A43: 新豐1線 | B43: 沙拉 | C43: 莎莎烤雞麵沙拉 | E43: 46 | F43: 1536 | G43: =E43*F43 -> 70656 | I43: 17 | J43: 2000 | K43: =J43/I43 -> 117.64706 | L43: 17 | M43: =F43/V43*60 -> 1920 | N43: =M43/L43 -> 112.94118 | O43: =L43-I43 -> 0 | P43: =N43-K43 -> -4.7058824 | Q43: =N43/K43 -> 0.96 | R43: =Q52 -> 0.93791861 | S43: 0.20833333 | T43: 0.24166667 | V43: =(T43-S43)*24*60 -> 48 | AC43: 9 | AE43: =M43-J43 -> -80 | AF43: =M43/J43 -> 0.96 | AG43: =AF52 -> 0.93791861
A44: 新豐1線 | B44: 微波主食 | C44: 壹號醬雞豚雙拼 | E44: 56.43 | F44: 1715 | G44: =E44*F44 -> 96777.45 | I44: 22 | J44: 2000 | K44: =J44/I44 -> 90.909091 | L44: 22 | M44: =F44/V44*60 -> 1805.2632 | N44: =M44/L44 -> 82.057416 | O44: =L44-I44 -> 0 | P44: =N44-K44 -> -8.8516746 | Q44: =N44/K44 -> 0.90263158 | S44: 0.24513889 | T44: 0.28472222 | U44: =IF(S44=TIME(17,0,0),"",(S44-T43)*24*60) -> 5 | V44: =(T44-S44)*24*60 -> 57 | AE44: =M44-J44 -> -194.73684 | AF44: =M44/J44 -> 0.90263158
A45: 新豐1線 | B45: 微波主食 | C45: 好多蒜燒豚飯 | E45: 51.75 | F45: 1370 | G45: =E45*F45 -> 70897.5 | I45: 25 | J45: 2000 | K45: =J45/I45 -> 80 | L45: 25 | M45: =F45/V45*60 -> 1826.6667 | N45: =M45/L45 -> 73.066667 | O45: =L45-I45 -> 0 | P45: =N45-K45 -> -6.9333333 | Q45: =N45/K45 -> 0.91333333 | S45: 0.29027778 | T45: 0.32152778 | U45: =IF(S45=TIME(17,0,0),"",(S45-T44)*24*60) -> 8 | V45: =(T45-S45)*24*60 -> 45 | AE45: =M45-J45 -> -173.33333 | AF45: =M45/J45 -> 0.91333333
A46: 新豐1線 | B46: 微波主食 | C46: 美乃炙烤雞肉飯 | E46: 54.09 | F46: 1860 | G46: =E46*F46 -> 100607.4 | I46: 19 | J46: 2000 | K46: =J46/I46 -> 105.26316 | L46: 19 | M46: =F46/V46*60 -> 1829.5082 | N46: =M46/L46 -> 96.289905 | O46: =L46-I46 -> 0 | P46: =N46-K46 -> -8.9732528 | Q46: =N46/K46 -> 0.9147541 | S46: 0.32638889 | T46: 0.36875 | U46: =IF(S46=TIME(17,0,0),"",(S46-T45)*24*60) -> 7 | V46: =(T46-S46)*24*60 -> 61 | AE46: =M46-J46 -> -170.4918 | AF46: =M46/J46 -> 0.9147541
A47: 新豐1線 | B47: 微波主食 | C47: 二配粗飽系雞排炒飯(114年) | E47: 57.73 | F47: 1099 | G47: =E47*F47 -> 63445.27 | I47: 16 | J47: 1500 | K47: =J47/I47 -> 93.75 | L47: 16 | M47: =F47/V47*60 -> 1433.4783 | N47: =M47/L47 -> 89.592391 | O47: =L47-I47 -> 0 | P47: =N47-K47 -> -4.1576087 | Q47: =N47/K47 -> 0.95565217 | S47: 0.70833333 | T47: 0.74027778 | U47: =IF(S47=TIME(17,0,0),"",(S47-T46)*24*60) | V47: =(T47-S47)*24*60 -> 46 | AE47: =M47-J47 -> -66.521739 | AF47: =M47/J47 -> 0.95565217
A48: 新豐1線 | B48: 微波主食 | C48: 二配鮭魚蛋炒飯 | E48: 54.29 | F48: 1491 | G48: =E48*F48 -> 80946.39 | I48: 20 | J48: 2000 | K48: =J48/I48 -> 100 | L48: 20 | M48: =F48/V48*60 -> 1903.4043 | N48: =M48/L48 -> 95.170213 | O48: =L48-I48 -> 0 | P48: =N48-K48 -> -4.8297872 | Q48: =N48/K48 -> 0.95170213 | S48: 0.74375 | T48: 0.77638889 | U48: =IF(S48=TIME(17,0,0),"",(S48-T47)*24*60) -> 5 | V48: =(T48-S48)*24*60 -> 47 | AE48: =M48-J48 -> -96.595745 | AF48: =M48/J48 -> 0.95170213
A49: 新豐1線 | B49: 微波主食 | C49: 二配香拌海鮮醬肉絲蛋炒飯 | E49: 55.32 | F49: 1558 | G49: =E49*F49 -> 86188.56 | I49: 15 | J49: 2000 | K49: =J49/I49 -> 133.33333 | L49: 15 | M49: =F49/V49*60 -> 1907.7551 | N49: =M49/L49 -> 127.18367 | O49: =L49-I49 -> 0 | P49: =N49-K49 -> -6.1496599 | Q49: =N49/K49 -> 0.95387755 | S49: 0.77986111 | T49: 0.81388889 | U49: =IF(S49=TIME(17,0,0),"",(S49-T48)*24*60) -> 5 | V49: =(T49-S49)*24*60 -> 49 | AE49: =M49-J49 -> -92.244898 | AF49: =M49/J49 -> 0.95387755
A50: 新豐1線 | B50: 微波主食 | C50: 二配香辣醬蒜味香腸蛋炒飯 | E50: 55.56 | F50: 500 | G50: =E50*F50 -> 27780 | H50: 2 | I50: 17 | J50: 2000 | K50: =J50/I50 -> 117.64706 | L50: 17 | M50: =F50/V50*60 -> 1875 | N50: =M50/L50 -> 110.29412 | O50: =L50-I50 -> 0 | P50: =N50-K50 -> -7.3529412 | Q50: =N50/K50 -> 0.9375 | S50: 0.81736111 | T50: 0.82847222 | U50: =IF(S50=TIME(17,0,0),"",(S50-T49)*24*60) -> 5 | V50: =(T50-S50)*24*60 -> 16 | W50: =T50 -> 0.82847222 | X50: =S51 -> 0.87013889 | AE50: =M50-J50 -> -125 | AF50: =M50/J50 -> 0.9375
A51: 新豐1線 | B51: 微波主食 | C51: 二配香辣醬蒜味香腸蛋炒飯 | E51: 55.56 | F51: 1530 | G51: =E51*F51 -> 85006.8 | I51: 17 | J51: 2000 | K51: =J51/I51 -> 117.64706 | L51: 17 | M51: =F51/V51*60 -> 1912.5 | N51: =M51/L51 -> 112.5 | O51: =L51-I51 -> 0 | P51: =N51-K51 -> -5.1470588 | Q51: =N51/K51 -> 0.95625 | S51: 0.87013889 | T51: 0.90347222 | U51: =IF(S51=TIME(17,0,0),"",(S51-T50)*24*60) -> 60 | V51: =(T51-S51)*24*60 -> 48 | AE51: =M51-J51 -> -87.5 | AF51: =M51/J51 -> 0.95625
A52: 新豐1線 | B52: 平均 | I52: 18.666667 | J52: 1944.4444 | K52: =J52/I52 -> 104.16667 | L52: 18.666667 | M52: =AVERAGE(M43:M51) -> 1823.7306 | N52: =M52/L52 -> 97.699855 | O52: =L52-I52 -> 0 | P52: =N52-K52 -> -6.4668117 | Q52: =N52/K52 -> 0.93791861 | Y52: =SUM(Y43:Y51) -> 0 | Z52: =SUM(Z43:Z51) -> 0 | AC52: 9 | AD52: =SUM(AD43:AD51) -> 0 | AE52: =M52-J52 -> -120.71382 | AF52: =M52/J52 -> 0.93791861
A53: 新豐10線 | B53: 沙拉 | C53: 溏心蛋洋芋沙拉 | E53: 26.97 | F53: 2504 | G53: =E53*F53 -> 67532.88 | I53: 8 | J53: 1500 | K53: =J53/I53 -> 187.5 | L53: 8 | M53: =F53/V53*60 -> 1430.8571 | N53: =M53/L53 -> 178.85714 | O53: =L53-I53 -> 0 | P53: =N53-K53 -> -8.6428571 | Q53: =N53/K53 -> 0.95390476 | R53: =Q59 -> 0.96401648 | S53: 0.20833333 | T53: 0.28125 | V53: =(T53-S53)*24*60 -> 105 | AC53: 6 | AE53: =M53-J53 -> -69.142857 | AF53: =M53/J53 -> 0.95390476 | AG53: =AF59 -> 0.96401648
A54: 新豐10線 | B54: 沙拉 | C54: 焗烤洋芋沙拉 | E54: 27.4 | F54: 861 | G54: =E54*F54 -> 23591.4 | I54: 10 | J54: 1500 | K54: =J54/I54 -> 150 | L54: 10 | M54: =F54/V54*60 -> 1435 | N54: =M54/L54 -> 143.5 | O54: =L54-I54 -> 0 | P54: =N54-K54 -> -6.5 | Q54: =N54/K54 -> 0.95666667 | S54: 0.28680556 | T54: 0.31180556 | U54: =(S54-T53)*24*60 -> 8 | V54: =(T54-S54)*24*60 -> 36 | AE54: =M54-J54 -> -65 | AF54: =M54/J54 -> 0.95666667
A55: 新豐10線 | B55: 調理麵包 | C55: 排骨雞起司炒麵麵包 | E55: 31 | F55: 716 | G55: =E55*F55 -> 22196 | I55: 13 | J55: 2000 | K55: =J55/I55 -> 153.84615 | L55: 13 | M55: =F55/V55*60 -> 1952.7273 | N55: =M55/L55 -> 150.20979 | O55: =L55-I55 -> 0 | P55: =N55-K55 -> -3.6363636 | Q55: =N55/K55 -> 0.97636364 | S55: 0.31527778 | T55: 0.33055556 | U55: =(S55-T54)*24*60 -> 5 | V55: =(T55-S55)*24*60 -> 22 | AE55: =M55-J55 -> -47.272727 | AF55: =M55/J55 -> 0.97636364
A56: 新豐10線 | B56: 調理麵包 | C56: 墨西哥辣醬熱狗堡 | E56: 37.85 | F56: 1840 | G56: =E56*F56 -> 69644 | I56: 12 | J56: 2000 | K56: =J56/I56 -> 166.66667 | L56: 12 | M56: =F56/V56*60 -> 1936.8421 | N56: =M56/L56 -> 161.40351 | O56: =L56-I56 -> 0 | P56: =N56-K56 -> -5.2631579 | Q56: =N56/K56 -> 0.96842105 | S56: 0.33541667 | T56: 0.375 | U56: =(S56-T55)*24*60 -> 7 | V56: =(T56-S56)*24*60 -> 57 | AE56: =M56-J56 -> -63.157895 | AF56: =M56/J56 -> 0.96842105
A57: 新豐10線 | B57: 調理麵包 | C57: 厚豆腐蛋白蕈菇豬肉堡 | E57: 34.36 | F57: 1656 | G57: =E57*F57 -> 56900.16 | I57: 10 | J57: 3000 | K57: =J57/I57 -> 300 | L57: 10 | M57: =F57/V57*60 -> 2922.3529 | N57: =M57/L57 -> 292.23529 | O57: =L57-I57 -> 0 | P57: =N57-K57 -> -7.7647059 | Q57: =N57/K57 -> 0.97411765 | S57: 0.37986111 | T57: 0.40347222 | U57: =(S57-T56)*24*60 -> 7 | V57: =(T57-S57)*24*60 -> 34 | AE57: =M57-J57 -> -77.647059 | AF57: =M57/J57 -> 0.97411765
A58: 新豐10線 | B58: 調理麵包 | C58: 經典雙牛起司堡(113年) | E58: 35.12 | F58: 5471 | G58: =E58*F58 -> 192141.52 | I58: 10 | J58: 3000 | K58: =J58/I58 -> 300 | L58: 10 | M58: =F58/V58*60 -> 2854.4348 | N58: =M58/L58 -> 285.44348 | O58: =L58-I58 -> 0 | P58: =N58-K58 -> -14.556522 | Q58: =N58/K58 -> 0.95147826 | S58: 0.40902778 | T58: 0.48888889 | U58: =(S58-T57)*24*60 -> 8 | V58: =(T58-S58)*24*60 -> 115 | AE58: =M58-J58 -> -145.56522 | AF58: =M58/J58 -> 0.95147826
A59: 新豐10線 | B59: 平均 | I59: 10.5 | J59: 2166.6667 | K59: =J59/I59 -> 206.34921 | L59: 10.5 | M59: =AVERAGE(M53:M58) -> 2088.7024 | N59: =M59/L59 -> 198.92404 | O59: =L59-I59 -> 0 | P59: =N59-K59 -> -7.4251707 | Q59: =N59/K59 -> 0.96401648 | Y59: =SUM(Y53:Y58) -> 0 | Z59: =SUM(Z53:Z58) -> 0 | AC59: 6 | AD59: =SUM(AD53:AD58) -> 0 | AE59: =M59-J59 -> -77.964293 | AF59: =M59/J59 -> 0.96401648
A60: 新豐4線 | B60: 三明治 | C60: 香鬆起司蛋三明治(114年) | E60: 20.2 | F60: 1614 | G60: =E60*F60 -> 32602.8 | I60: 19 | J60: 2400 | K60: =J60/I60 -> 126.31579 | L60: 19 | M60: =F60/V60*60 -> 2305.7143 | N60: =M60/L60 -> 121.35338 | O60: =L60-I60 -> 0 | P60: =N60-K60 -> -4.962406 | Q60: =N60/K60 -> 0.96071429 | R60: =Q65 -> 0.96578545 | S60: 0.125 | T60: 0.15416667 | V60: =(T60-S60)*24*60 -> 42 | W60: =T60 -> 0.15416667 | X60: =S61 -> 0.17361111 | AC60: 5 | AE60: =M60-J60 -> -94.285714 | AF60: =M60/J60 -> 0.96071429 | AG60: =AF65 -> 0.96578545
A61: 新豐4線 | B61: 三明治 | C61: 瘋狂起司三明治(113年) | E61: 24.45 | F61: 2356 | G61: =E61*F61 -> 57604.2 | I61: 20 | J61: 2400 | K61: =J61/I61 -> 120 | L61: 20 | M61: =F61/V61*60 -> 2317.377 | N61: =M61/L61 -> 115.86885 | O61: =L61-I61 -> 0 | P61: =N61-K61 -> -4.1311475 | Q61: =N61/K61 -> 0.96557377 | S61: 0.17361111 | T61: 0.21597222 | U61: =(S61-T60)*24*60 -> 28 | V61: =(T61-S61)*24*60 -> 61 | AE61: =M61-J61 -> -82.622951 | AF61: =M61/J61 -> 0.96557377
A62: 新豐4線 | B62: 三明治 | C62: 經典火腿玉米蛋三明治 | E62: 24.43 | F62: 5375 | G62: =E62*F62 -> 131311.25 | I62: 14 | J62: 2400 | K62: =J62/I62 -> 171.42857 | L62: 14 | M62: =F62/V62*60 -> 2287.234 | N62: =M62/L62 -> 163.37386 | O62: =L62-I62 -> 0 | P62: =N62-K62 -> -8.0547112 | Q62: =N62/K62 -> 0.95301418 | S62: 0.22013889 | T62: 0.31805556 | U62: =(S62-T61)*24*60 -> 6 | V62: =(T62-S62)*24*60 -> 141 | AE62: =M62-J62 -> -112.76596 | AF62: =M62/J62 -> 0.95301418
A63: 新豐4線 | B63: 三明治 | C63: 覆盆莓榛果可可三明治 | E63: 22.69 | F63: 597 | G63: =E63*F63 -> 13545.93 | I63: 15 | J63: 2400 | K63: =J63/I63 -> 160 | L63: 15 | M63: =F63/V63*60 -> 2388 | N63: =M63/L63 -> 159.2 | O63: =L63-I63 -> 0 | P63: =N63-K63 -> -0.8 | Q63: =N63/K63 -> 0.995 | S63: 0.32361111 | T63: 0.33402778 | U63: =(S63-T62)*24*60 -> 8 | V63: =(T63-S63)*24*60 -> 15 | AE63: =M63-J63 -> -12 | AF63: =M63/J63 -> 0.995
A64: 新豐4線 | B64: 三明治 | C64: 火腿起司蛋三明治 | E64: 19.02 | F64: 7637 | G64: =E64*F64 -> 145255.74 | I64: 15 | J64: 2400 | K64: =J64/I64 -> 160 | L64: 15 | M64: =F64/V64*60 -> 2291.1 | N64: =M64/L64 -> 152.74 | O64: =L64-I64 -> 0 | P64: =N64-K64 -> -7.26 | Q64: =N64/K64 -> 0.954625 | S64: 0.33958333 | T64: 0.47847222 | U64: =(S64-T63)*24*60 -> 8 | V64: =(T64-S64)*24*60 -> 200 | AE64: =M64-J64 -> -108.9 | AF64: =M64/J64 -> 0.954625
A65: 新豐4線 | B65: 平均 | I65: 16.6 | J65: 2400 | K65: =J65/I65 -> 144.57831 | L65: 16.6 | M65: =AVERAGE(M60:M64) -> 2317.8851 | N65: =M65/L65 -> 139.63163 | O65: =L65-I65 -> 0 | P65: =N65-K65 -> -4.9466822 | Q65: =N65/K65 -> 0.96578545 | Y65: =SUM(Y60:Y64) -> 0 | Z65: =SUM(Z60:Z64) -> 0 | AC65: 5 | AD65: =SUM(AD60:AD64) -> 0 | AE65: =M65-J65 -> -82.114925 | AF65: =M65/J65 -> 0.96578545

Sheet 0227
B1: 屏榮 新豐廠組合室生產人時性分析
B3: 日期 | C3: =TEXT('0227 4度C'!A2,"yyyy.mm.ddaaaa") -> 2026.02.27星期五 | E3: 訂單量 | F3: ='0227 4度C'!D1 -> 119463 | H3: 營業額 | I3: ='0227 4度C'!F1 -> 4109978.4
B4: 人時性 | C4: 項目 | E4: ➀ | G4: ➁ | I4: ➂ | K4: 異常停線 | M4: 短暫停線
C5: 組合室 | E5: 全溫層 | G5: 4度C-各編組展開 | I5: ③三明治-各編組展開 | K5: 合計次數 | L5: 時間 | M5: 合計次數 | N5: 設備次數
C6: 排關平均 | E6: =AVERAGE(D13:M13) -> 145.24103 | F6: =AVERAGE(D31:O31,D13:J13) -> 148.71909 | G6: =AVERAGE(D13:J13) -> 148.71909 | I6: =AVERAGE(K13:M13) -> 137.12558 | K6: ='0227 4度C'!Y2 -> 0 | L6: ='0227 4度C'!Z2 -> 0 | M6: ='0227 4度C'!AC2 -> 53 | N6: ='0227 4度C'!AD2 -> 0
C7: 實績平均 | E7: =AVERAGE(D14:M14) -> 139.33386 | F7: =AVERAGE(D32:O32,D14:J14) -> 142.76168 | G7: =AVERAGE(D14:J14) -> 142.76168 | I7: =AVERAGE(K14:M14) -> 131.33563
C8: 達成率平均 | E8: =AVERAGE(D15:M15) -> 0.95881772 | F8: =AVERAGE(D15:J15,D33:O33) -> 0.95924734 | G8: =AVERAGE(D15:J15) -> 0.95924734 | I8: =AVERAGE(K15:M15) -> 0.95781528
K9: ※現行日本鮮食廠以達成率80%為基本(即為現行KPI)
B10: 溫層 | D10: ➁4度C-各編組展開 | K10: ③三明治-各編組展開
B11: 編組 | D11: 1 | E11: 2 | F11: 3 | G11: 4 | H11: 5 | I11: 6 | J11: 7 | K11: 1 | L11: 2 | M11: 3
D12: 新豐6線 | E12: 新豐2線 | F12: 新豐5線 | G12: 新豐7線 | H12: 新豐3線 | I12: 新豐1線 | J12: 新豐10線 | K12: 新豐8線 | L12: 新豐9線 | M12: 新豐4線
B13: 人時性 | C13: 排關 | D13: =SUMIFS('0227 4度C'!$K:$K,'0227 4度C'!$A:$A,"新豐6線",'0227 4度C'!$B:$B,"平均") -> 112.35955 | E13: =SUMIFS('0227 4度C'!$K:$K,'0227 4度C'!$A:$A,"新豐2線",'0227 4度C'!$B:$B,"平均") -> 83.333333 | F13: =SUMIFS('0227 4度C'!$K:$K,'0227 4度C'!$A:$A,"新豐5線",'0227 4度C'!$B:$B,"平均") -> 104.16667 | G13: =SUMIFS('0227 4度C'!$K:$K,'0227 4度C'!$A:$A,"新豐7線",'0227 4度C'!$B:$B,"平均") -> 128.37838 | H13: =SUMIFS('0227 4度C'!$K:$K,'0227 4度C'!$A:$A,"新豐3線",'0227 4度C'!$B:$B,"平均") -> 303.79747 | I13: =SUMIFS('0227 4度C'!$K:$K,'0227 4度C'!$A:$A,"新豐1線",'0227 4度C'!$B:$B,"平均") -> 102.64901 | J13: =SUMIFS('0227 4度C'!$K:$K,'0227 4度C'!$A:$A,"新豐10線",'0227 4度C'!$B:$B,"平均") -> 206.34921 | K13: =SUMIFS('0227 4度C'!$K:$K,'0227 4度C'!$A:$A,"新豐8線",'0227 4度C'!$B:$B,"平均") -> 130.43478 | L13: =SUMIFS('0227 4度C'!$K:$K,'0227 4度C'!$A:$A,"新豐9線",'0227 4度C'!$B:$B,"平均") -> 136.36364 | M13: =SUMIFS('0227 4度C'!$K:$K,'0227 4度C'!$A:$A,"新豐4線",'0227 4度C'!$B:$B,"平均") -> 144.57831
C14: 實績 | D14: =SUMIFS('0227 4度C'!$N:$N,'0227 4度C'!$A:$A,"新豐6線",'0227 4度C'!$B:$B,"平均") -> 108.87631 | E14: =SUMIFS('0227 4度C'!$N:$N,'0227 4度C'!$A:$A,"新豐2線",'0227 4度C'!$B:$B,"平均") -> 79.70297 | F14: =SUMIFS('0227 4度C'!$N:$N,'0227 4度C'!$A:$A,"新豐5線",'0227 4度C'!$B:$B,"平均") -> 99.90107 | G14: =SUMIFS('0227 4度C'!$N:$N,'0227 4度C'!$A:$A,"新豐7線",'0227 4度C'!$B:$B,"平均") -> 123.44317 | H14: =SUMIFS('0227 4度C'!$N:$N,'0227 4度C'!$A:$A,"新豐3線",'0227 4度C'!$B:$B,"平均") -> 292.01495 | I14: =SUMIFS('0227 4度C'!$N:$N,'0227 4度C'!$A:$A,"新豐1線",'0227 4度C'!$B:$B,"平均") -> 97.216721 | J14: =SUMIFS('0227 4度C'!$N:$N,'0227 4度C'!$A:$A,"新豐10線",'0227 4度C'!$B:$B,"平均") -> 198.17655 | K14: =SUMIFS('0227 4度C'!$N:$N,'0227 4度C'!$A:$A,"新豐8線",'0227 4度C'!$B:$B,"平均") -> 125.01974 | L14: =SUMIFS('0227 4度C'!$N:$N,'0227 4度C'!$A:$A,"新豐9線",'0227 4度C'!$B:$B,"平均") -> 130.72001 | M14: =SUMIFS('0227 4度C'!$N:$N,'0227 4度C'!$A:$A,"新豐4線",'0227 4度C'!$B:$B,"平均") -> 138.26715
C15: 達成率 | D15: =D14/D13 -> 0.96899919 | E15: =E14/E13 -> 0.95643564 | F15: =F14/F13 -> 0.95905027 | G15: =G14/G13 -> 0.96155735 | H15: =H14/H13 -> 0.96121587 | I15: =I14/I13 -> 0.94707903 | J15: =J14/J13 -> 0.96039406 | K15: =K14/K13 -> 0.95848466 | ... M15: =M14/M13 -> 0.95634775
B16: 作業 時間 | C16: 開始 | D16: =VLOOKUP("新豐6線",'0227 4度C'!$A:$T,19,0) -> 0.70833333 | E16: =VLOOKUP("新豐2線",'0227 4度C'!$A:$T,19,0) -> 0.20833333 | F16: =VLOOKUP("新豐5線",'0227 4度C'!$A:$T,19,0) -> 0.20833333 | G16: =VLOOKUP("新豐7線",'0227 4度C'!$A:$T,19,0) -> 0.20833333 | H16: =VLOOKUP("新豐3線",'0227 4度C'!$A:$T,19,0) -> 0.20833333 | I16: =VLOOKUP("新豐1線",'0227 4度C'!$A:$T,19,0) -> 0.20833333 | J16: =VLOOKUP("新豐10線",'0227 4度C'!$A:$T,19,0) -> 0.20833333 | K16: =VLOOKUP("新豐8線",'0227 4度C'!$A:$T,19,0) -> 0.125 | L16: =VLOOKUP("新豐9線",'0227 4度C'!$A:$T,19,0) -> 0.125 | M16: =VLOOKUP("新豐4線",'0227 4度C'!$A:$T,19,0) -> 0.125
C17: 結束 | D17: =LOOKUP(2,1/(('0227 4度C'!$A:$A="新豐6線")*('0227 4度C'!$T:$T<>"")),'0227 4度C'!$T:$T) -> 0.82361111 | E17: =LOOKUP(2,1/(('0227 4度C'!$A:$A="新豐2線")*('0227 4度C'!$T:$T<>"")),'0227 4度C'!$T:$T) -> 0.43888889 | F17: =LOOKUP(2,1/(('0227 4度C'!$A:$A="新豐5線")*('0227 4度C'!$T:$T<>"")),'0227 4度C'!$T:$T) -> 0.83819444 | G17: =LOOKUP(2,1/(('0227 4度C'!$A:$A="新豐7線")*('0227 4度C'!$T:$T<>"")),'0227 4度C'!$T:$T) -> 0.83125 | H17: =LOOKUP(2,1/(('0227 4度C'!$A:$A="新豐3線")*('0227 4度C'!$T:$T<>"")),'0227 4度C'!$T:$T) -> 0.60208333 | I17: =LOOKUP(2,1/(('0227 4度C'!$A:$A="新豐1線")*('0227 4度C'!$T:$T<>"")),'0227 4度C'!$T:$T) -> 0.84444444 | J17: =LOOKUP(2,1/(('0227 4度C'!$A:$A="新豐10線")*('0227 4度C'!$T:$T<>"")),'0227 4度C'!$T:$T) -> 0.3875 | K17: =LOOKUP(2,1/(('0227 4度C'!$A:$A="新豐8線")*('0227 4度C'!$T:$T<>"")),'0227 4度C'!$T:$T) -> 0.47152778 | L17: =LOOKUP(2,1/(('0227 4度C'!$A:$A="新豐9線")*('0227 4度C'!$T:$T<>"")),'0227 4度C'!$T:$T) -> 0.46944444 | M17: =LOOKUP(2,1/(('0227 4度C'!$A:$A="新豐4線")*('0227 4度C'!$T:$T<>"")),'0227 4度C'!$T:$T) -> 0.44583333
B18: 產線異常 (5分鐘以上) | C18: 次數 | D18: =SUMIFS('0227 4度C'!$Y:$Y,'0227 4度C'!$A:$A,"新豐6線",'0227 4度C'!$B:$B,"平均") -> 0 | E18: =SUMIFS('0227 4度C'!$Y:$Y,'0227 4度C'!$A:$A,"新豐2線",'0227 4度C'!$B:$B,"平均") -> 0 | F18: =SUMIFS('0227 4度C'!$Y:$Y,'0227 4度C'!$A:$A,"新豐5線",'0227 4度C'!$B:$B,"平均") -> 0 | G18: =SUMIFS('0227 4度C'!$Y:$Y,'0227 4度C'!$A:$A,"新豐7線",'0227 4度C'!$B:$B,"平均") -> 0 | H18: =SUMIFS('0227 4度C'!$Y:$Y,'0227 4度C'!$A:$A,"新豐3線",'0227 4度C'!$B:$B,"平均") -> 0 | I18: =SUMIFS('0227 4度C'!$Y:$Y,'0227 4度C'!$A:$A,"新豐1線",'0227 4度C'!$B:$B,"平均") -> 0 | J18: =SUMIFS('0227 4度C'!$Y:$Y,'0227 4度C'!$A:$A,"新豐10線",'0227 4度C'!$B:$B,"平均") -> 0 | K18: =SUMIFS('0227 4度C'!$Y:$Y,'0227 4度C'!$A:$A,"新豐8線",'0227 4度C'!$B:$B,"平均") -> 0 | L18: =SUMIFS('0227 4度C'!$Y:$Y,'0227 4度C'!$A:$A,"新豐9線",'0227 4度C'!$B:$B,"平均") -> 0 | M18: =SUMIFS('0227 4度C'!$Y:$Y,'0227 4度C'!$A:$A,"新豐4線",'0227 4度C'!$B:$B,"平均") -> 0
C19: 時間/分 | D19: =SUMIFS('0227 4度C'!$Z:$Z,'0227 4度C'!$A:$A,"新豐6線",'0227 4度C'!$B:$B,"平均") -> 0 | E19: =SUMIFS('0227 4度C'!$Z:$Z,'0227 4度C'!$A:$A,"新豐2線",'0227 4度C'!$B:$B,"平均") -> 0 | F19: =SUMIFS('0227 4度C'!$Z:$Z,'0227 4度C'!$A:$A,"新豐5線",'0227 4度C'!$B:$B,"平均") -> 0 | G19: =SUMIFS('0227 4度C'!$Z:$Z,'0227 4度C'!$A:$A,"新豐7線",'0227 4度C'!$B:$B,"平均") -> 0 | H19: =SUMIFS('0227 4度C'!$Z:$Z,'0227 4度C'!$A:$A,"新豐3線",'0227 4度C'!$B:$B,"平均") -> 0 | I19: =SUMIFS('0227 4度C'!$Z:$Z,'0227 4度C'!$A:$A,"新豐1線",'0227 4度C'!$B:$B,"平均") -> 0 | J19: =SUMIFS('0227 4度C'!$Z:$Z,'0227 4度C'!$A:$A,"新豐10線",'0227 4度C'!$B:$B,"平均") -> 0 | K19: =SUMIFS('0227 4度C'!$Z:$Z,'0227 4度C'!$A:$A,"新豐8線",'0227 4度C'!$B:$B,"平均") -> 0 | L19: =SUMIFS('0227 4度C'!$Z:$Z,'0227 4度C'!$A:$A,"新豐9線",'0227 4度C'!$B:$B,"平均") -> 0 | M19: =SUMIFS('0227 4度C'!$Z:$Z,'0227 4度C'!$A:$A,"新豐4線",'0227 4度C'!$B:$B,"平均") -> 0
B20: 短暫停線 (5分鐘以下) | C20: 次數 | D20: =SUMIFS('0227 4度C'!$AC:$AC,'0227 4度C'!$A:$A,"新豐6線",'0227 4度C'!$B:$B,"平均") -> 5 | E20: =SUMIFS('0227 4度C'!$AC:$AC,'0227 4度C'!$A:$A,"新豐2線",'0227 4度C'!$B:$B,"平均") -> 2 | F20: =SUMIFS('0227 4度C'!$AC:$AC,'0227 4度C'!$A:$A,"新豐5線",'0227 4度C'!$B:$B,"平均") -> 4 | G20: =SUMIFS('0227 4度C'!$AC:$AC,'0227 4度C'!$A:$A,"新豐7線",'0227 4度C'!$B:$B,"平均") -> 5 | H20: =SUMIFS('0227 4度C'!$AC:$AC,'0227 4度C'!$A:$A,"新豐3線",'0227 4度C'!$B:$B,"平均") -> 8 | I20: =SUMIFS('0227 4度C'!$AC:$AC,'0227 4度C'!$A:$A,"新豐1線",'0227 4度C'!$B:$B,"平均") -> 8 | J20: =SUMIFS('0227 4度C'!$AC:$AC,'0227 4度C'!$A:$A,"新豐10線",'0227 4度C'!$B:$B,"平均") -> 6 | K20: =SUMIFS('0227 4度C'!$AC:$AC,'0227 4度C'!$A:$A,"新豐8線",'0227 4度C'!$B:$B,"平均") -> 5 | L20: =SUMIFS('0227 4度C'!$AC:$AC,'0227 4度C'!$A:$A,"新豐9線",'0227 4度C'!$B:$B,"平均") -> 5 | M20: =SUMIFS('0227 4度C'!$AC:$AC,'0227 4度C'!$A:$A,"新豐4線",'0227 4度C'!$B:$B,"平均") -> 5
C21: 設備次數 | D21: =SUMIFS('0227 4度C'!$AD:$AD,'0227 4度C'!$A:$A,"新豐6線",'0227 4度C'!$B:$B,"平均") -> 0 | E21: =SUMIFS('0227 4度C'!$AD:$AD,'0227 4度C'!$A:$A,"新豐2線",'0227 4度C'!$B:$B,"平均") -> 0 | F21: =SUMIFS('0227 4度C'!$AD:$AD,'0227 4度C'!$A:$A,"新豐5線",'0227 4度C'!$B:$B,"平均") -> 0 | G21: =SUMIFS('0227 4度C'!$AD:$AD,'0227 4度C'!$A:$A,"新豐7線",'0227 4度C'!$B:$B,"平均") -> 0 | H21: =SUMIFS('0227 4度C'!$AD:$AD,'0227 4度C'!$A:$A,"新豐3線",'0227 4度C'!$B:$B,"平均") -> 0 | I21: =SUMIFS('0227 4度C'!$AD:$AD,'0227 4度C'!$A:$A,"新豐1線",'0227 4度C'!$B:$B,"平均") -> 0 | J21: =SUMIFS('0227 4度C'!$AD:$AD,'0227 4度C'!$A:$A,"新豐10線",'0227 4度C'!$B:$B,"平均") -> 0 | K21: =SUMIFS('0227 4度C'!$AD:$AD,'0227 4度C'!$A:$A,"新豐8線",'0227 4度C'!$B:$B,"平均") -> 0 | L21: =SUMIFS('0227 4度C'!$AD:$AD,'0227 4度C'!$A:$A,"新豐9線",'0227 4度C'!$B:$B,"平均") -> 0 | M21: =SUMIFS('0227 4度C'!$AD:$AD,'0227 4度C'!$A:$A,"新豐4線",'0227 4度C'!$B:$B,"平均") -> 0
B22: 配置人數 | D22: =SUMIFS('0227 4度C'!$I:$I,'0227 4度C'!$A:$A,"新豐6線",'0227 4度C'!$B:$B,"平均") -> 17.8 | E22: =SUMIFS('0227 4度C'!$I:$I,'0227 4度C'!$A:$A,"新豐2線",'0227 4度C'!$B:$B,"平均") -> 18 | F22: =SUMIFS('0227 4度C'!$I:$I,'0227 4度C'!$A:$A,"新豐5線",'0227 4度C'!$B:$B,"平均") -> 18 | G22: =SUMIFS('0227 4度C'!$I:$I,'0227 4度C'!$A:$A,"新豐7線",'0227 4度C'!$B:$B,"平均") -> 14.8 | H22: =SUMIFS('0227 4度C'!$I:$I,'0227 4度C'!$A:$A,"新豐3線",'0227 4度C'!$B:$B,"平均") -> 9.875 | I22: =SUMIFS('0227 4度C'!$I:$I,'0227 4度C'!$A:$A,"新豐1線",'0227 4度C'!$B:$B,"平均") -> 18.875 | J22: =SUMIFS('0227 4度C'!$I:$I,'0227 4度C'!$A:$A,"新豐10線",'0227 4度C'!$B:$B,"平均") -> 10.5 | K22: =SUMIFS('0227 4度C'!$I:$I,'0227 4度C'!$A:$A,"新豐8線",'0227 4度C'!$B:$B,"平均") -> 18.4 | L22: =SUMIFS('0227 4度C'!$I:$I,'0227 4度C'!$A:$A,"新豐9線",'0227 4度C'!$B:$B,"平均") -> 17.6 | M22: =SUMIFS('0227 4度C'!$I:$I,'0227 4度C'!$A:$A,"新豐4線",'0227 4度C'!$B:$B,"平均") -> 16.6
B23: 主要應用設備 | D23: ET-55 | E23: 熱縮爐 | F23: L型包裝機 | G23: L型包裝機 | H23: 伺服包裝機 | I23: ET-55 | J23: 伺服包裝機 | K23: 三明治包裝機 | L23: 三明治包裝機 | M23: 三明治包裝機
B24: 次要應用設備 | F24: 圓盤機 | G24: ET-55
B25: 備註 | E25: 握沙拉 | F25: 共用L型包裝機 | H25: 調理麵包 | I25: 炒飯+沙拉 | J25: 調理麵包

Sheet 0227 4度C
A1: 新豐廠四度C日報分析 | C1: 總生產量 | D1: =SUM(F5:F67) -> 119463 | E1: 營業額 | F1: =SUM(G5:G67) -> 4109978.4 | G1: 出勤人數 | H1: =L10+L13+L45+L54+L18+L61+L30+L36+L24+L67 -> 160.45 | I1: 產線配置圖 | L1: 生產實績 | O1: 人時性差異分析 | S1: 日報登錄 | Y1: 合計 次數 | Z1: 合計 時間/分 | AA1: 產線異常 分析說明(5分鐘以上) | AC1: 合計 次數 | AD1: 合計 設備次數 | AE1: 產能差異分析
A2: 46080 | B2: 星期五 | C2: 人時性 | D2: =AVERAGE(N10,N13,N45,N54,N18,N61,N24,N30,N36,N67) -> 139.33386 | E2: 平均廠價 | F2: =F1/D1 -> 34.403777 | G2: 多次生產數 | H2: =COUNT(H5:H67) -> 2 | Y2: =SUM(Y10+Y13+Y18+Y24+Y30+Y36+Y45+Y54+Y61+Y67) -> 0 | Z2: =SUM(Z10+Z13+Z18+Z24+Z30+Z36+Z45+Z54+Z61+Z67) -> 0 | AC2: 53 | AD2: =SUM(AD10+AD13+AD18+AD24+AD30+AD36+AD45+AD54+AD61+AD67) -> 0
A3: 線別 | B3: 品類 | C3: 品名 | E3: 廠價 | F3: 生產量 | G3: 營收 | H3: 多次 生產 | I3: 人數 | J3: 產能/時 | K3: 人時性 | L3: 人數 | M3: 產能/時 | N3: 人時性 | O3: 人數 | P3: 人時性 | Q3: 達成率 | R3: 達成率平均 | S3: 生產時間 | U3: 換線、休息/分 | V3: 稼動時間/分 | W3: 休息時間 | Y3: 產線異常統計 (5分鐘以上) | AA3: (新豐回填) | AC3: 短暫停線統計 (5分鐘以下) | AE3: 產能/時 | AF3: 達成率 | AG3: 達成率平均
S4: 開始 | T4: 結束 | W4: 開始 | X4: 結束 | Y4: 次數 | Z4: 時間/分 | AC4: 總次數 | AD4: 設備因素(次數)
A5: 新豐6線 | B5: 微波主食 | C5: 二配港式香滑嫩蛋牛肉燴飯 | E5: 50.67 | F5: 1399 | G5: =E5*F5 -> 70887.33 | I5: 17 | J5: 2000 | K5: =J5/I5 -> 117.64706 | L5: 17 | M5: =F5/V5*60 -> 1907.7273 | N5: =M5/L5 -> 112.21925 | O5: =L5-I5 -> 0 | P5: =N5-K5 -> -5.4278075 | Q5: =N5/K5 -> 0.95386364 | R5: =Q10 -> 0.96899919 | S5: 0.70833333 | T5: 0.73888889 | V5: =(T5-S5)*24*60 -> 44 | AC5: 5 | AE5: =M5-J5 -> -92.272727 | AF5: =M5/J5 -> 0.95386364 | AG5: =AF10 -> 0.96899919
A6: 新豐6線 | B6: 微波主食 | C6: 二配美味蟹煲 | E6: 54.09 | F6: 1220 | G6: =E6*F6 -> 65989.8 | I6: 19 | J6: 2000 | K6: =J6/I6 -> 105.26316 | L6: 19 | M6: =F6/V6*60 -> 1926.3158 | N6: =M6/L6 -> 101.38504 | O6: =L6-I6 -> 0 | P6: =N6-K6 -> -3.8781163 | Q6: =N6/K6 -> 0.96315789 | S6: 0.74305556 | T6: 0.76944444 | U6: =IF(S6=TIME(17,0,0),"",(S6-T5)*24*60) -> 6 | V6: =(T6-S6)*24*60 -> 38 | AE6: =M6-J6 -> -73.684211 | AF6: =M6/J6 -> 0.96315789
A7: 新豐6線 | B7: 微波主食 | C7: 二配麻油雞燴飯 | E7: 50.29 | F7: 499 | G7: =E7*F7 -> 25094.71 | I7: 16 | J7: 2000 | K7: =J7/I7 -> 125 | L7: 16 | M7: =F7/V7*60 -> 1996 | N7: =M7/L7 -> 124.75 | O7: =L7-I7 -> 0 | P7: =N7-K7 -> -0.25 | Q7: =N7/K7 -> 0.998 | S7: 0.775 | T7: 0.78541667 | U7: =IF(S7=TIME(17,0,0),"",(S7-T6)*24*60) -> 8 | V7: =(T7-S7)*24*60 -> 15 | AE7: =M7-J7 -> -4 | AF7: =M7/J7 -> 0.998
A8: 新豐6線 | B8: 微波主食 | C8: 二配濃蕃茄火腿蛋包飯 | E8: 50.67 | F8: 543 | G8: =E8*F8 -> 27513.81 | I8: 21 | J8: 2000 | K8: =J8/I8 -> 95.238095 | L8: 21 | M8: =F8/V8*60 -> 1916.4706 | N8: =M8/L8 -> 91.260504 | O8: =L8-I8 -> 0 | P8: =N8-K8 -> -3.977591 | Q8: =N8/K8 -> 0.95823529 | S8: 0.79027778 | T8: 0.80208333 | U8: =IF(S8=TIME(17,0,0),"",(S8-T7)*24*60) -> 7 | V8: =(T8-S8)*24*60 -> 17 | AE8: =M8-J8 -> -83.529412 | AF8: =M8/J8 -> 0.95823529
A9: 新豐6線 | B9: 微波主食 | C9: 二配香炒沙茶豬肉飯 | E9: 50.67 | F9: 745 | G9: =E9*F9 -> 37749.15 | I9: 16 | J9: 2000 | K9: =J9/I9 -> 125 | L9: 16 | M9: =F9/V9*60 -> 1943.4783 | N9: =M9/L9 -> 121.46739 | O9: =L9-I9 -> 0 | P9: =N9-K9 -> -3.5326087 | Q9: =N9/K9 -> 0.97173913 | S9: 0.80763889 | T9: 0.82361111 | U9: =IF(S9=TIME(17,0,0),"",(S9-T8)*24*60) -> 8 | V9: =(T9-S9)*24*60 -> 23 | AE9: =M9-J9 -> -56.521739 | AF9: =M9/J9 -> 0.97173913
A10: 新豐6線 | B10: 平均 | I10: 17.8 | J10: 2000 | K10: =J10/I10 -> 112.35955 | L10: 17.8 | M10: =AVERAGE(M5:M9) -> 1937.9984 | N10: =M10/L10 -> 108.87631 | O10: =L10-I10 -> 0 | P10: =N10-K10 -> -3.483237 | Q10: =N10/K10 -> 0.96899919 | Y10: =SUM(Y5:Y9) -> 0 | Z10: =SUM(Z5:Z9) -> 0 | AC10: 5 | AD10: =SUM(AD5:AD9) -> 0 | AE10: =M10-J10 -> -62.001618 | AF10: =M10/J10 -> 0.96899919
A11: 新豐2線 | B11: 沙拉 | C11: 青醬優格雞肉握沙拉(113年) | E11: 39.62 | F11: 2928 | G11: =E11*F11 -> 116007.36 | I11: 19 | J11: 1500 | K11: =J11/I11 -> 78.947368 | L11: 19 | M11: =F11/V11*60 -> 1440 | N11: =M11/L11 -> 75.789474 | O11: =L11-I11 -> 0 | P11: =N11-K11 -> -3.1578947 | Q11: =N11/K11 -> 0.96 | R11: =Q13 -> 0.95643564 | S11: 0.20833333 | T11: 0.29305556 | V11: =(T11-S11)*24*60 -> 122 | AC11: 2 | AE11: =M11-J11 -> -60 | AF11: =M11/J11 -> 0.96 | AG11: =AF13 -> 0.95643564
A12: 新豐2線 | B12: 沙拉 | C12: 青檸烤雞握沙拉(113年) | E12: 39.8 | F12: 4812 | G12: =E12*F12 -> 191517.6 | I12: 17 | J12: 1500 | K12: =J12/I12 -> 88.235294 | L12: 17 | M12: =F12/V12*60 -> 1429.3069 | N12: =M12/L12 -> 84.076878 | O12: =L12-I12 -> 0 | P12: =N12-K12 -> -4.1584158 | Q12: =N12/K12 -> 0.95287129 | S12: 0.29861111 | T12: 0.43888889 | U12: =IF(S12=TIME(17,0,0),"",(S12-T11)*24*60) -> 8 | V12: =(T12-S12)*24*60 -> 202 | AE12: =M12-J12 -> -70.693069 | AF12: =M12/J12 -> 0.95287129
A13: 新豐2線 | B13: 平均 | I13: 18 | J13: 1500 | K13: =J13/I13 -> 83.333333 | L13: 18 | M13: =AVERAGE(M11:M12) -> 1434.6535 | N13: =M13/L13 -> 79.70297 | O13: =L13-I13 -> 0 | P13: =N13-K13 -> -3.630363 | Q13: =N13/K13 -> 0.95643564 | Y13: =SUM(Y11:Y12) -> 0 | Z13: =SUM(Z11:Z12) -> 0 | AC13: 2 | AD13: =SUM(AD11:AD12) -> 0 | AE13: =M13-J13 -> -65.346535 | AF13: =M13/J13 -> 0.95643564
A14: 新豐5線 | B14: 小吃 | C14: 剝皮辣椒雞湯 | E14: 41 | F14: 2091 | G14: =E14*F14 -> 85731 | I14: 26 | J14: 1500 | K14: =J14/I14 -> 57.692308 | L14: 26 | M14: =F14/V14*60 -> 1442.069 | N14: =M14/L14 -> 55.464191 | O14: =L14-I14 -> 0 | P14: =N14-K14 -> -2.2281167 | Q14: =N14/K14 -> 0.96137931 | R14: =Q18 -> 0.95905027 | S14: 0.20833333 | T14: 0.26875 | V14: =(T14-S14)*24*60 -> 87 | AC14: 4 | AE14: =M14-J14 -> -57.931034 | AF14: =M14/J14 -> 0.96137931 | AG14: =AF18 -> 0.95905027
A15: 新豐5線 | B15: 微波主食 | C15: 二配金咖哩濃厚辛口咖哩飯 | E15: 50.98 | F15: 2189 | G15: =E15*F15 -> 111595.22 | I15: 16 | J15: 2000 | K15: =J15/I15 -> 125 | L15: 16 | M15: =F15/V15*60 -> 1931.4706 | N15: =M15/L15 -> 120.71691 | O15: =L15-I15 -> 0 | P15: =N15-K15 -> -4.2830882 | Q15: =N15/K15 -> 0.96573529 | S15: 0.70833333 | T15: 0.75555556 | U15: =IF(S15=TIME(17,0,0),"",(S15-T14)*24*60) | V15: =(T15-S15)*24*60 -> 68 | AE15: =M15-J15 -> -68.529412 | AF15: =M15/J15 -> 0.96573529
A16: 新豐5線 | B16: 微波主食 | C16: 二配金咖哩果香甘口咖哩飯 | E16: 50.92 | F16: 2134 | G16: =E16*F16 -> 108663.28 | I16: 15 | J16: 2000 | K16: =J16/I16 -> 133.33333 | L16: 15 | M16: =F16/V16*60 -> 1911.0448 | N16: =M16/L16 -> 127.40299 | O16: =L16-I16 -> 0 | P16: =N16-K16 -> -5.9303483 | Q16: =N16/K16 -> 0.95552239 | S16: 0.75972222 | T16: 0.80625 | U16: =IF(S16=TIME(17,0,0),"",(S16-T15)*24*60) -> 6 | V16: =(T16-S16)*24*60 -> 67 | AE16: =M16-J16 -> -88.955224 | AF16: =M16/J16 -> 0.95552239
A17: 新豐5線 | B17: 微波主食 | C17: 二配泰式綠咖哩雞 | E17: 50.67 | F17: 1304 | G17: =E17*F17 -> 66073.68 | I17: 15 | J17: 2000 | K17: =J17/I17 -> 133.33333 | L17: 15 | M17: =F17/V17*60 -> 1908.2927 | N17: =M17/L17 -> 127.21951 | O17: =L17-I17 -> 0 | P17: =N17-K17 -> -6.1138211 | Q17: =N17/K17 -> 0.95414634 | S17: 0.80972222 | T17: 0.83819444 | U17: =IF(S17=TIME(17,0,0),"",(S17-T16)*24*60) -> 5 | V17: =(T17-S17)*24*60 -> 41 | AE17: =M17-J17 -> -91.707317 | AF17: =M17/J17 -> 0.95414634
A18: 新豐5線 | B18: 平均 | I18: 18 | J18: 1875 | K18: =J18/I18 -> 104.16667 | L18: 18 | M18: =AVERAGE(M14:M17) -> 1798.2193 | N18: =M18/L18 -> 99.90107 | O18: =L18-I18 -> 0 | P18: =N18-K18 -> -4.265597 | Q18: =N18/K18 -> 0.95905027 | Y18: =SUM(Y14:Y17) -> 0 | Z18: =SUM(Z14:Z17) -> 0 | AC18: 4 | AD18: =SUM(AD14:AD17) -> 0 | AE18: =M18-J18 -> -76.780747 | AF18: =M18/J18 -> 0.95905027
A19: 新豐7線 | B19: 微波主食 | C19: 鐵板滑蛋炸豬排丼 | E19: 57.73 | F19: 2350 | G19: =E19*F19 -> 135665.5 | I19: 14 | J19: 2000 | K19: =J19/I19 -> 142.85714 | L19: 14 | M19: =F19/V19*60 -> 1905.4054 | N19: =M19/L19 -> 136.10039 | O19: =L19-I19 -> 0 | P19: =N19-K19 -> -6.7567568 | Q19: =N19/K19 -> 0.9527027 | R19: =Q24 -> 0.96155735 | S19: 0.20833333 | T19: 0.25972222 | V19: =(T19-S19)*24*60 -> 74 | AC19: 5 | AE19: =M19-J19 -> -94.594595 | AF19: =M19/J19 -> 0.9527027 | AG19: =AF24 -> 0.96155735
A20: 新豐7線 | B20: 微波主食 | C20: 極上炙烤親子丼 | E20: 53.68 | F20: 1257 | G20: =E20*F20 -> 67475.76 | I20: 16 | J20: 2000 | K20: =J20/I20 -> 125 | L20: 16 | M20: =F20/V20*60 -> 1933.8462 | N20: =M20/L20 -> 120.86538 | O20: =L20-I20 -> 0 | P20: =N20-K20 -> -4.1346154 | Q20: =N20/K20 -> 0.96692308 | S20: 0.26527778 | T20: 0.29236111 | U20: =IF(S20=TIME(17,0,0),"",(S20-T19)*24*60) -> 8 | V20: =(T20-S20)*24*60 -> 39 | AE20: =M20-J20 -> -66.153846 | AF20: =M20/J20 -> 0.96692308
A21: 新豐7線 | B21: 微波主食 | C21: 二配川味麻婆燒豆腐燴飯 | E21: 50.49 | F21: 1684 | G21: =E21*F21 -> 85025.16 | I21: 15 | J21: 2000 | K21: =J21/I21 -> 133.33333 | L21: 15 | M21: =F21/V21*60 -> 1906.4151 | N21: =M21/L21 -> 127.09434 | O21: =L21-I21 -> 0 | P21: =N21-K21 -> -6.2389937 | Q21: =N21/K21 -> 0.95320755 | S21: 0.70833333 | T21: 0.74513889 | U21: =IF(S21=TIME(17,0,0),"",(S21-T20)*24*60) | V21: =(T21-S21)*24*60 -> 53 | AE21: =M21-J21 -> -93.584906 | AF21: =M21/J21 -> 0.95320755
A22: 新豐7線 | B22: 微波主食 | C22: 二配厚香料咖哩雞排飯 | E22: 57.3 | F22: 1457 | G22: =E22*F22 -> 83486.1 | I22: 13 | J22: 2000 | K22: =J22/I22 -> 153.84615 | L22: 13 | M22: =F22/V22*60 -> 1942.6667 | N22: =M22/L22 -> 149.4359 | O22: =L22-I22 -> 0 | P22: =N22-K22 -> -4.4102564 | Q22: =N22/K22 -> 0.97133333 | S22: 0.75069444 | T22: 0.78194444 | U22: =IF(S22=TIME(17,0,0),"",(S22-T21)*24*60) -> 8 | V22: =(T22-S22)*24*60 -> 45 | AE22: =M22-J22 -> -57.333333 | AF22: =M22/J22 -> 0.97133333
A23: 新豐7線 | B23: 微波主食 | C23: 二配起司控培根白醬焗烤飯 | E23: 53.68 | F23: 1567 | G23: =E23*F23 -> 84116.56 | I23: 16 | J23: 1500 | K23: =J23/I23 -> 93.75 | L23: 16 | M23: =F23/V23*60 -> 1446.4615 | N23: =M23/L23 -> 90.403846 | O23: =L23-I23 -> 0 | P23: =N23-K23 -> -3.3461538 | Q23: =N23/K23 -> 0.96430769 | S23: 0.78611111 | T23: 0.83125 | U23: =IF(S23=TIME(17,0,0),"",(S23-T22)*24*60) -> 6 | V23: =(T23-S23)*24*60 -> 65 | AE23: =M23-J23 -> -53.538462 | AF23: =M23/J23 -> 0.96430769
A24: 新豐7線 | B24: 平均 | I24: 14.8 | J24: 1900 | K24: =J24/I24 -> 128.37838 | L24: 14.8 | M24: =AVERAGE(M19:M23) -> 1826.959 | N24: =M24/L24 -> 123.44317 | O24: =L24-I24 -> 0 | P24: =N24-K24 -> -4.9352046 | Q24: =N24/K24 -> 0.96155735 | Y24: =SUM(Y19:Y23) -> 0 | Z24: =SUM(Z19:Z23) -> 0 | AC24: 5 | AD24: =SUM(AD19:AD23) -> 0 | AE24: =M24-J24 -> -73.041028 | AF24: =M24/J24 -> 0.96155735
A25: 新豐8線 | B25: 三明治 | C25: 紐奧良風味烤雞鮮蔬三明治 | E25: 31.29 | F25: 6968 | G25: =E25*F25 -> 218028.72 | I25: 18 | J25: 2400 | K25: =J25/I25 -> 133.33333 | L25: 18 | M25: =F25/V25*60 -> 2297.1429 | N25: =M25/L25 -> 127.61905 | O25: =L25-I25 -> 0 | P25: =N25-K25 -> -5.7142857 | Q25: =N25/K25 -> 0.95714286 | R25: =Q30 -> 0.95848466 | S25: 0.125 | T25: 0.25138889 | V25: =(T25-S25)*24*60 -> 182 | W25: =T25 -> 0.25138889 | X25: =S26 -> 0.26944444 | AC25: 5 | AE25: =M25-J25 -> -102.85714 | AF25: =M25/J25 -> 0.95714286 | AG25: =AF30 -> 0.95848466
A26: 新豐8線 | B26: 三明治 | C26: 好多菜三明治(114年) | E26: 25.98 | F26: 2188 | G26: =E26*F26 -> 56844.24 | I26: 21 | J26: 2400 | K26: =J26/I26 -> 114.28571 | L26: 21 | M26: =F26/V26*60 -> 2303.1579 | N26: =M26/L26 -> 109.67419 | O26: =L26-I26 -> 0 | P26: =N26-K26 -> -4.6115288 | Q26: =N26/K26 -> 0.95964912 | S26: 0.26944444 | T26: 0.30902778 | U26: =(S26-T25)*24*60 -> 26 | V26: =(T26-S26)*24*60 -> 57 | AE26: =M26-J26 -> -96.842105 | AF26: =M26/J26 -> 0.95964912
A27: 新豐8線 | B27: 三明治 | C27: 經典總匯三明治 | E27: 26.2 | F27: 3803 | G27: =E27*F27 -> 99638.6 | I27: 20 | J27: 2400 | K27: =J27/I27 -> 120 | L27: 20 | M27: =F27/V27*60 -> 2304.8485 | N27: =M27/L27 -> 115.24242 | O27: =L27-I27 -> 0 | P27: =N27-K27 -> -4.7575758 | Q27: =N27/K27 -> 0.96035354 | S27: 0.3125 | T27: 0.38125 | U27: =(S27-T26)*24*60 -> 5 | V27: =(T27-S27)*24*60 -> 99 | AE27: =M27-J27 -> -95.151515 | AF27: =M27/J27 -> 0.96035354
A28: 新豐8線 | B28: 三明治 | C28: 雞蛋沙拉三明治(114年) | E28: 25.99 | F28: 3096 | G28: =E28*F28 -> 80465.04 | I28: 14 | J28: 2400 | K28: =J28/I28 -> 171.42857 | L28: 14 | M28: =F28/V28*60 -> 2293.3333 | N28: =M28/L28 -> 163.80952 | O28: =L28-I28 -> 0 | P28: =N28-K28 -> -7.6190476 | Q28: =N28/K28 -> 0.95555556 | S28: 0.38541667 | T28: 0.44166667 | U28: =(S28-T27)*24*60 -> 6 | V28: =(T28-S28)*24*60 -> 81 | AE28: =M28-J28 -> -106.66667 | AF28: =M28/J28 -> 0.95555556
A29: 新豐8線 | B29: 三明治 | C29: 陽光地瓜總匯三明治 | E29: 26.18 | F29: 1382 | G29: =E29*F29 -> 36180.76 | I29: 19 | J29: 2400 | K29: =J29/I29 -> 126.31579 | L29: 19 | M29: =F29/V29*60 -> 2303.3333 | N29: =M29/L29 -> 121.22807 | O29: =L29-I29 -> 0 | P29: =N29-K29 -> -5.0877193 | Q29: =N29/K29 -> 0.95972222 | S29: 0.44652778 | T29: 0.47152778 | U29: =(S29-T28)*24*60 -> 7 | V29: =(T29-S29)*24*60 -> 36 | AE29: =M29-J29 -> -96.666667 | AF29: =M29/J29 -> 0.95972222
A30: 新豐8線 | B30: 平均 | I30: 18.4 | J30: 2400 | K30: =J30/I30 -> 130.43478 | L30: 18.4 | M30: =AVERAGE(M25:M29) -> 2300.3632 | N30: =M30/L30 -> 125.01974 | O30: =L30-I30 -> 0 | P30: =N30-K30 -> -5.4150445 | Q30: =N30/K30 -> 0.95848466 | Y30: =SUM(Y25:Y29) -> 0 | Z30: =SUM(Z25:Z29) -> 0 | AC30: 5 | AD30: =SUM(AD25:AD29) -> 0 | AE30: =M30-J30 -> -99.636819 | AF30: =M30/J30 -> 0.95848466
A31: 新豐9線 | B31: 三明治 | C31: 鮪魚起司溏心蛋三明治 | E31: 26.2 | F31: 5045 | G31: =E31*F31 -> 132179 | I31: 18 | J31: 2400 | K31: =J31/I31 -> 133.33333 | L31: 18 | M31: =F31/V31*60 -> 2293.1818 | N31: =M31/L31 -> 127.39899 | O31: =L31-I31 -> 0 | P31: =N31-K31 -> -5.9343434 | Q31: =N31/K31 -> 0.95549242 | R31: =Q36 -> 0.95861342 | S31: 0.125 | T31: 0.21666667 | V31: =(T31-S31)*24*60 -> 132 | W31: =T31 -> 0.21666667 | X31: =S32 -> 0.2375 | AC31: 5 | AE31: =M31-J31 -> -106.81818 | AF31: =M31/J31 -> 0.95549242 | AG31: =AF36 -> 0.95861342
A32: 新豐9線 | B32: 三明治 | C32: 肉鬆火腿三明治 | E32: 20.52 | F32: 2865 | G32: =E32*F32 -> 58789.8 | I32: 18 | J32: 2400 | K32: =J32/I32 -> 133.33333 | L32: 18 | M32: =F32/V32*60 -> 2292 | N32: =M32/L32 -> 127.33333 | O32: =L32-I32 -> 0 | P32: =N32-K32 -> -6 | Q32: =N32/K32 -> 0.955 | S32: 0.2375 | T32: 0.28958333 | U32: =(S32-T31)*24*60 -> 30 | V32: =(T32-S32)*24*60 -> 75 | AE32: =M32-J32 -> -108 | AF32: =M32/J32 -> 0.955
A33: 新豐9線 | B33: 三明治 | C33: 醬燒烤雞三明治 | E33: 26.39 | F33: 4293 | G33: =E33*F33 -> 113292.27 | I33: 19 | J33: 2400 | K33: =J33/I33 -> 126.31579 | L33: 19 | M33: =F33/V33*60 -> 2299.8214 | N33: =M33/L33 -> 121.04323 | O33: =L33-I33 -> 0 | P33: =N33-K33 -> -5.2725564 | Q33: =N33/K33 -> 0.95825893 | S33: 0.29444444 | T33: 0.37222222 | U33: =(S33-T32)*24*60 -> 7 | V33: =(T33-S33)*24*60 -> 112 | AE33: =M33-J33 -> -100.17857 | AF33: =M33/J33 -> 0.95825893
A34: 新豐9線 | B34: 三明治 | C34: 藍莓優格三明治 | E34: 20.21 | F34: 2536 | G34: =E34*F34 -> 51252.56 | I34: 15 | J34: 2400 | K34: =J34/I34 -> 160 | L34: 15 | M34: =F34/V34*60 -> 2305.4545 | N34: =M34/L34 -> 153.69697 | O34: =L34-I34 -> 0 | P34: =N34-K34 -> -6.3030303 | Q34: =N34/K34 -> 0.96060606 | S34: 0.37708333 | T34: 0.42291667 | U34: =(S34-T33)*24*60 -> 7 | V34: =(T34-S34)*24*60 -> 66 | AE34: =M34-J34 -> -94.545455 | AF34: =M34/J34 -> 0.96060606
A35: 新豐9線 | B35: 三明治 | C35: 輕乳酪巧克力三明治 | E35: 20.52 | F35: 2390 | G35: =E35*F35 -> 49042.8 | I35: 18 | J35: 2400 | K35: =J35/I35 -> 133.33333 | L35: 18 | M35: =F35/V35*60 -> 2312.9032 | N35: =M35/L35 -> 128.49462 | O35: =L35-I35 -> 0 | P35: =N35-K35 -> -4.8387097 | Q35: =N35/K35 -> 0.96370968 | S35: 0.42638889 | T35: 0.46944444 | U35: =(S35-T34)*24*60 -> 5 | V35: =(T35-S35)*24*60 -> 62 | AE35: =M35-J35 -> -87.096774 | AF35: =M35/J35 -> 0.96370968
A36: 新豐9線 | B36: 平均 | I36: 17.6 | J36: 2400 | K36: =J36/I36 -> 136.36364 | L36: 17.6 | M36: =AVERAGE(M31:M35) -> 2300.6722 | N36: =M36/L36 -> 130.72001 | O36: =L36-I36 -> 0 | P36: =N36-K36 -> -5.6436248 | Q36: =N36/K36 -> 0.95861342 | Y36: =SUM(Y31:Y35) -> 0 | Z36: =SUM(Z31:Z35) -> 0 | AC36: 5 | AD36: =SUM(AD31:AD35) -> 0 | AE36: =M36-J36 -> -99.327796 | AF36: =M36/J36 -> 0.95861342
A37: 新豐3線 | B37: 調理麵包 | C37: 茄汁薯餅蛋堡 | E37: 34.36 | F37: 1965 | G37: =E37*F37 -> 67517.4 | I37: 10 | J37: 3000 | K37: =J37/I37 -> 300 | L37: 10 | M37: =F37/V37*60 -> 2875.6098 | N37: =M37/L37 -> 287.56098 | O37: =L37-I37 -> 0 | P37: =N37-K37 -> -12.439024 | Q37: =N37/K37 -> 0.95853659 | R37: =Q45 -> 0.96121587 | S37: 0.20833333 | T37: 0.23680556 | V37: =(T37-S37)*24*60 -> 41 | AC37: 8 | AE37: =M37-J37 -> -124.39024 | AF37: =M37/J37 -> 0.95853659 | AG37: =AF45 -> 0.96121587
A38: 新豐3線 | B38: 調理麵包 | C38: 經典雙牛起司堡(113年) | E38: 35.12 | F38: 3300 | G38: =E38*F38 -> 115896 | H38: 2 | I38: 10 | J38: 3000 | K38: =J38/I38 -> 300 | L38: 10 | M38: =F38/V38*60 -> 2869.5652 | N38: =M38/L38 -> 286.95652 | O38: =L38-I38 -> 0 | P38: =N38-K38 -> -13.043478 | Q38: =N38/K38 -> 0.95652174 | S38: 0.24166667 | T38: 0.28958333 | U38: =(S38-T37)*24*60 -> 7 | V38: =(T38-S38)*24*60 -> 69 | AE38: =M38-J38 -> -130.43478 | AF38: =M38/J38 -> 0.95652174
A39: 新豐3線 | B39: 調理麵包 | C39: 香雞蛋堡(112年) | E39: 26.78 | F39: 2309 | G39: =E39*F39 -> 61835.02 | I39: 10 | J39: 3000 | K39: =J39/I39 -> 300 | L39: 10 | M39: =F39/V39*60 -> 2886.25 | N39: =M39/L39 -> 288.625 | O39: =L39-I39 -> 0 | P39: =N39-K39 -> -11.375 | Q39: =N39/K39 -> 0.96208333 | S39: 0.29305556 | T39: 0.32638889 | U39: =(S39-T38)*24*60 -> 5 | V39: =(T39-S39)*24*60 -> 48 | AE39: =M39-J39 -> -113.75 | AF39: =M39/J39 -> 0.96208333
A40: 新豐3線 | B40: 調理麵包 | C40: 豬肉起司堡 | E40: 21.13 | F40: 4282 | G40: =E40*F40 -> 90478.66 | I40: 10 | J40: 3000 | K40: =J40/I40 -> 300 | L40: 10 | M40: =F40/V40*60 -> 2854.6667 | N40: =M40/L40 -> 285.46667 | O40: =L40-I40 -> 0 | P40: =N40-K40 -> -14.533333 | Q40: =N40/K40 -> 0.95155556 | S40: 0.33055556 | T40: 0.39305556 | U40: =(S40-T39)*24*60 -> 6 | V40: =(T40-S40)*24*60 -> 90 | AE40: =M40-J40 -> -145.33333 | AF40: =M40/J40 -> 0.95155556
A41: 新豐3線 | B41: 調理麵包 | C41: 豬肉起司蛋堡 | E41: 27.17 | F41: 3500 | G41: =E41*F41 -> 95095 | H41: 2 | I41: 10 | J41: 3000 | K41: =J41/I41 -> 300 | L41: 10 | M41: =F41/V41*60 -> 2876.7123 | N41: =M41/L41 -> 287.67123 | O41: =L41-I41 -> 0 | P41: =N41-K41 -> -12.328767 | Q41: =N41/K41 -> 0.95890411 | S41: 0.39722222 | T41: 0.44791667 | U41: =(S41-T40)*24*60 -> 6 | V41: =(T41-S41)*24*60 -> 73 | AE41: =M41-J41 -> -123.28767 | AF41: =M41/J41 -> 0.95890411
A42: 新豐3線 | B42: 調理麵包 | C42: 美式雞腿堡 | E42: 35.87 | F42: 3327 | G42: =E42*F42 -> 119339.49 | I42: 9 | J42: 3000 | K42: =J42/I42 -> 333.33333 | L42: 9 | M42: =F42/V42*60 -> 2893.0435 | N42: =M42/L42 -> 321.44928 | O42: =L42-I42 -> 0 | P42: =N42-K42 -> -11.884058 | Q42: =N42/K42 -> 0.96434783 | S42: 0.45138889 | T42: 0.49930556 | U42: =(S42-T41)*24*60 -> 5 | V42: =(T42-S42)*24*60 -> 69 | W42: =T42 -> 0.49930556 | X42: =S43 -> 0.54097222 | AE42: =M42-J42 -> -106.95652 | AF42: =M42/J42 -> 0.96434783
A43: 新豐3線 | B43: 調理麵包 | C43: 豬肉起司蛋堡 | E43: 27.17 | F43: 2182 | G43: =E43*F43 -> 59284.94 | I43: 10 | J43: 3000 | K43: =J43/I43 -> 300 | L43: 10 | M43: =F43/V43*60 -> 2909.3333 | N43: =M43/L43 -> 290.93333 | O43: =L43-I43 -> 0 | P43: =N43-K43 -> -9.0666667 | Q43: =N43/K43 -> 0.96977778 | S43: 0.54097222 | T43: 0.57222222 | U43: =(S43-T42)*24*60 -> 60 | V43: =(T43-S43)*24*60 -> 45 | AE43: =M43-J43 -> -90.666667 | AF43: =M43/J43 -> 0.96977778
A44: 新豐3線 | B44: 調理麵包 | C44: 經典雙牛起司堡(113年) | E44: 35.12 | F44: 1694 | G44: =E44*F44 -> 59493.28 | I44: 10 | J44: 3000 | K44: =J44/I44 -> 300 | L44: 10 | M44: =F44/V44*60 -> 2904 | N44: =M44/L44 -> 290.4 | O44: =L44-I44 -> 0 | P44: =N44-K44 -> -9.6 | Q44: =N44/K44 -> 0.968 | S44: 0.57777778 | T44: 0.60208333 | U44: =(S44-T43)*24*60 -> 8 | V44: =(T44-S44)*24*60 -> 35 | AE44: =M44-J44 -> -96 | AF44: =M44/J44 -> 0.968
A45: 新豐3線 | B45: 平均 | I45: 9.875 | J45: 3000 | K45: =J45/I45 -> 303.79747 | L45: 9.875 | M45: =AVERAGE(M37:M44) -> 2883.6476 | N45: =M45/L45 -> 292.01495 | O45: =L45-I45 -> 0 | P45: =N45-K45 -> -11.782522 | Q45: =N45/K45 -> 0.96121587 | Y45: =SUM(Y37:Y44) -> 0 | Z45: =SUM(Z37:Z44) -> 0 | AC45: 8 | AD45: =SUM(AD37:AD44) -> 0 | AE45: =M45-J45 -> -116.3524 | AF45: =M45/J45 -> 0.96121587
A46: 新豐1線 | B46: 沙拉 | C46: 莎莎烤雞麵沙拉 | E46: 46 | F46: 1304 | G46: =E46*F46 -> 59984 | I46: 17 | J46: 2000 | K46: =J46/I46 -> 117.64706 | L46: 17 | M46: =F46/V46*60 -> 1908.2927 | N46: =M46/L46 -> 112.25251 | O46: =L46-I46 -> 0 | P46: =N46-K46 -> -5.3945481 | Q46: =N46/K46 -> 0.95414634 | R46: =Q54 -> 0.94707903 | S46: 0.20833333 | T46: 0.23680556 | V46: =(T46-S46)*24*60 -> 41 | AC46: 8 | AE46: =M46-J46 -> -91.707317 | AF46: =M46/J46 -> 0.95414634 | AG46: =AF54 -> 0.94707903
A47: 新豐1線 | B47: 微波主食 | C47: 壹號醬雞豚雙拼 | E47: 56.43 | F47: 1620 | G47: =E47*F47 -> 91416.6 | I47: 22 | J47: 2000 | K47: =J47/I47 -> 90.909091 | L47: 22 | M47: =F47/V47*60 -> 1833.9623 | N47: =M47/L47 -> 83.361921 | O47: =L47-I47 -> 0 | P47: =N47-K47 -> -7.5471698 | Q47: =N47/K47 -> 0.91698113 | S47: 0.24097222 | T47: 0.27777778 | U47: =IF(S47=TIME(17,0,0),"",(S47-T46)*24*60) -> 6 | V47: =(T47-S47)*24*60 -> 53 | AE47: =M47-J47 -> -166.03774 | AF47: =M47/J47 -> 0.91698113
A48: 新豐1線 | B48: 微波主食 | C48: 好多蒜燒豚飯 | E48: 51.75 | F48: 1327 | G48: =E48*F48 -> 68672.25 | I48: 25 | J48: 2000 | K48: =J48/I48 -> 80 | L48: 25 | M48: =F48/V48*60 -> 1809.5455 | N48: =M48/L48 -> 72.381818 | O48: =L48-I48 -> 0 | P48: =N48-K48 -> -7.6181818 | Q48: =N48/K48 -> 0.90477273 | S48: 0.28125 | T48: 0.31180556 | U48: =IF(S48=TIME(17,0,0),"",(S48-T47)*24*60) -> 5 | V48: =(T48-S48)*24*60 -> 44 | AE48: =M48-J48 -> -190.45455 | AF48: =M48/J48 -> 0.90477273
A49: 新豐1線 | B49: 微波主食 | C49: 美乃炙烤雞肉飯 | E49: 54.09 | F49: 1712 | G49: =E49*F49 -> 92602.08 | I49: 19 | J49: 2000 | K49: =J49/I49 -> 105.26316 | L49: 19 | M49: =F49/V49*60 -> 1867.6364 | N49: =M49/L49 -> 98.296651 | O49: =L49-I49 -> 0 | P49: =N49-K49 -> -6.9665072 | Q49: =N49/K49 -> 0.93381818 | S49: 0.31666667 | T49: 0.35486111 | U49: =IF(S49=TIME(17,0,0),"",(S49-T48)*24*60) -> 7 | V49: =(T49-S49)*24*60 -> 55 | AE49: =M49-J49 -> -132.36364 | AF49: =M49/J49 -> 0.93381818
A50: 新豐1線 | B50: 微波主食 | C50: 二配香辣醬蒜味香腸蛋炒飯 | E50: 55.56 | F50: 1802 | G50: =E50*F50 -> 100119.12 | I50: 17 | J50: 2000 | K50: =J50/I50 -> 117.64706 | L50: 17 | M50: =F50/V50*60 -> 1930.7143 | N50: =M50/L50 -> 113.57143 | O50: =L50-I50 -> 0 | P50: =N50-K50 -> -4.0756303 | Q50: =N50/K50 -> 0.96535714 | S50: 0.70833333 | T50: 0.74722222 | U50: =IF(S50=TIME(17,0,0),"",(S50-T49)*24*60) | V50: =(T50-S50)*24*60 -> 56 | AE50: =M50-J50 -> -69.285714 | AF50: =M50/J50 -> 0.96535714
A51: 新豐1線 | B51: 微波主食 | C51: 二配香拌海鮮醬肉絲蛋炒飯 | E51: 55.32 | F51: 1266 | G51: =E51*F51 -> 70035.12 | I51: 15 | J51: 2000 | K51: =J51/I51 -> 133.33333 | L51: 15 | M51: =F51/V51*60 -> 1947.6923 | N51: =M51/L51 -> 129.84615 | O51: =L51-I51 -> 0 | P51: =N51-K51 -> -3.4871795 | Q51: =N51/K51 -> 0.97384615 | S51: 0.75138889 | T51: 0.77847222 | U51: =IF(S51=TIME(17,0,0),"",(S51-T50)*24*60) -> 6 | V51: =(T51-S51)*24*60 -> 39 | AE51: =M51-J51 -> -52.307692 | AF51: =M51/J51 -> 0.97384615
A52: 新豐1線 | B52: 微波主食 | C52: 二配鮭魚蛋炒飯 | E52: 54.29 | F52: 1346 | G52: =E52*F52 -> 73074.34 | I52: 20 | J52: 2000 | K52: =J52/I52 -> 100 | L52: 20 | M52: =F52/V52*60 -> 1922.8571 | N52: =M52/L52 -> 96.142857 | O52: =L52-I52 -> 0 | P52: =N52-K52 -> -3.8571429 | Q52: =N52/K52 -> 0.96142857 | S52: 0.78194444 | T52: 0.81111111 | U52: =IF(S52=TIME(17,0,0),"",(S52-T51)*24*60) -> 5 | V52: =(T52-S52)*24*60 -> 42 | AE52: =M52-J52 -> -77.142857 | AF52: =M52/J52 -> 0.96142857
A53: 新豐1線 | B53: 微波主食 | C53: 二配粗飽系雞排炒飯(114年) | E53: 57.73 | F53: 997 | G53: =E53*F53 -> 57556.81 | I53: 16 | J53: 1500 | K53: =J53/I53 -> 93.75 | L53: 16 | M53: =F53/V53*60 -> 1459.0244 | N53: =M53/L53 -> 91.189024 | O53: =L53-I53 -> 0 | P53: =N53-K53 -> -2.5609756 | Q53: =N53/K53 -> 0.97268293 | S53: 0.81597222 | T53: 0.84444444 | U53: =IF(S53=TIME(17,0,0),"",(S53-T52)*24*60) -> 7 | V53: =(T53-S53)*24*60 -> 41 | AE53: =M53-J53 -> -40.97561 | AF53: =M53/J53 -> 0.97268293
A54: 新豐1線 | B54: 平均 | I54: 18.875 | J54: 1937.5 | K54: =J54/I54 -> 102.64901 | L54: 18.875 | M54: =AVERAGE(M46:M53) -> 1834.9656 | N54: =M54/L54 -> 97.216721 | O54: =L54-I54 -> 0 | P54: =N54-K54 -> -5.4322855 | Q54: =N54/K54 -> 0.94707903 | Y54: =SUM(Y46:Y53) -> 0 | Z54: =SUM(Z46:Z53) -> 0 | AC54: 8 | AD54: =SUM(AD46:AD53) -> 0 | AE54: =M54-J54 -> -102.53439 | AF54: =M54/J54 -> 0.94707903
A55: 新豐10線 | B55: 沙拉 | C55: 溏心蛋洋芋沙拉 | E55: 26.97 | F55: 2266 | G55: =E55*F55 -> 61114.02 | I55: 8 | J55: 1500 | K55: =J55/I55 -> 187.5 | L55: 8 | M55: =F55/V55*60 -> 1431.1579 | N55: =M55/L55 -> 178.89474 | O55: =L55-I55 -> 0 | P55: =N55-K55 -> -8.6052632 | Q55: =N55/K55 -> 0.95410526 | R55: =Q61 -> 0.96039406 | S55: 0.20833333 | T55: 0.27430556 | V55: =(T55-S55)*24*60 -> 95 | AC55: 6 | AE55: =M55-J55 -> -68.842105 | AF55: =M55/J55 -> 0.95410526 | AG55: =AF61 -> 0.96039406
A56: 新豐10線 | B56: 沙拉 | C56: 焗烤洋芋沙拉 | E56: 27.4 | F56: 612 | G56: =E56*F56 -> 16768.8 | I56: 10 | J56: 1500 | K56: =J56/I56 -> 150 | L56: 10 | M56: =F56/V56*60 -> 1468.8 | N56: =M56/L56 -> 146.88 | O56: =L56-I56 -> 0 | P56: =N56-K56 -> -3.12 | Q56: =N56/K56 -> 0.9792 | S56: 0.27986111 | T56: 0.29722222 | U56: =(S56-T55)*24*60 -> 8 | V56: =(T56-S56)*24*60 -> 25 | AE56: =M56-J56 -> -31.2 | AF56: =M56/J56 -> 0.9792
A57: 新豐10線 | B57: 調理麵包 | C57: 排骨雞起司炒麵麵包 | E57: 31 | F57: 470 | G57: =E57*F57 -> 14570 | I57: 13 | J57: 2000 | K57: =J57/I57 -> 153.84615 | L57: 13 | M57: =F57/V57*60 -> 1880 | N57: =M57/L57 -> 144.61538 | O57: =L57-I57 -> 0 | P57: =N57-K57 -> -9.2307692 | Q57: =N57/K57 -> 0.94 | S57: 0.30069444 | T57: 0.31111111 | U57: =(S57-T56)*24*60 -> 5 | V57: =(T57-S57)*24*60 -> 15 | AE57: =M57-J57 -> -120 | AF57: =M57/J57 -> 0.94
A58: 新豐10線 | B58: 調理麵包 | C58: 墨西哥辣醬熱狗堡 | E58: 37.85 | F58: 1653 | G58: =E58*F58 -> 62566.05 | I58: 12 | J58: 2000 | K58: =J58/I58 -> 166.66667 | L58: 12 | M58: =F58/V58*60 -> 1907.3077 | N58: =M58/L58 -> 158.94231 | O58: =L58-I58 -> 0 | P58: =N58-K58 -> -7.724359 | Q58: =N58/K58 -> 0.95365385 | S58: 0.31388889 | T58: 0.35 | U58: =(S58-T57)*24*60 -> 4 | V58: =(T58-S58)*24*60 -> 52 | AE58: =M58-J58 -> -92.692308 | AF58: =M58/J58 -> 0.95365385
A59: 新豐10線 | B59: 調理麵包 | C59: 厚豆腐蛋白蕈菇豬肉堡 | E59: 34.36 | F59: 1350 | G59: =E59*F59 -> 46386 | I59: 10 | J59: 3000 | K59: =J59/I59 -> 300 | L59: 10 | M59: =F59/V59*60 -> 2892.8571 | N59: =M59/L59 -> 289.28571 | O59: =L59-I59 -> 0 | P59: =N59-K59 -> -10.714286 | Q59: =N59/K59 -> 0.96428571 | S59: 0.35416667 | T59: 0.37361111 | U59: =(S59-T58)*24*60 -> 6 | V59: =(T59-S59)*24*60 -> 28 | AE59: =M59-J59 -> -107.14286 | AF59: =M59/J59 -> 0.96428571
A60: 新豐10線 | B60: 調理麵包 | C60: 黃金雙層鱈魚招財堡 | E60: 44.03 | F60: 581 | G60: =E60*F60 -> 25581.43 | I60: 10 | J60: 3000 | K60: =J60/I60 -> 300 | L60: 10 | M60: =F60/V60*60 -> 2905 | N60: =M60/L60 -> 290.5 | O60: =L60-I60 -> 0 | P60: =N60-K60 -> -9.5 | Q60: =N60/K60 -> 0.96833333 | S60: 0.37916667 | T60: 0.3875 | U60: =(S60-T59)*24*60 -> 8 | V60: =(T60-S60)*24*60 -> 12 | AE60: =M60-J60 -> -95 | AF60: =M60/J60 -> 0.96833333
A61: 新豐10線 | B61: 平均 | I61: 10.5 | J61: 2166.6667 | K61: =J61/I61 -> 206.34921 | L61: 10.5 | M61: =AVERAGE(M55:M60) -> 2080.8538 | N61: =M61/L61 -> 198.17655 | O61: =L61-I61 -> 0 | P61: =N61-K61 -> -8.1726551 | Q61: =N61/K61 -> 0.96039406 | Y61: =SUM(Y55:Y60) -> 0 | Z61: =SUM(Z55:Z60) -> 0 | AC61: 6 | AD61: =SUM(AD55:AD60) -> 0 | AE61: =M61-J61 -> -85.812878 | AF61: =M61/J61 -> 0.96039406
A62: 新豐4線 | B62: 三明治 | C62: 香鬆起司蛋三明治(114年) | E62: 20.2 | F62: 1494 | G62: =E62*F62 -> 30178.8 | I62: 19 | J62: 2400 | K62: =J62/I62 -> 126.31579 | L62: 19 | M62: =F62/V62*60 -> 2298.4615 | N62: =M62/L62 -> 120.97166 | O62: =L62-I62 -> 0 | P62: =N62-K62 -> -5.3441296 | Q62: =N62/K62 -> 0.95769231 | R62: =Q67 -> 0.95634775 | S62: 0.125 | T62: 0.15208333 | V62: =(T62-S62)*24*60 -> 39 | W62: =T62 -> 0.15208333 | X62: =S63 -> 0.17083333 | AC62: 5 | AE62: =M62-J62 -> -101.53846 | AF62: =M62/J62 -> 0.95769231 | AG62: =AF67 -> 0.95634775
A63: 新豐4線 | B63: 三明治 | C63: 瘋狂起司三明治(113年) | E63: 24.45 | F63: 2083 | G63: =E63*F63 -> 50929.35 | I63: 20 | J63: 2400 | K63: =J63/I63 -> 120 | L63: 20 | M63: =F63/V63*60 -> 2314.4444 | N63: =M63/L63 -> 115.72222 | O63: =L63-I63 -> 0 | P63: =N63-K63 -> -4.2777778 | Q63: =N63/K63 -> 0.96435185 | S63: 0.17083333 | T63: 0.20833333 | U63: =(S63-T62)*24*60 -> 27 | V63: =(T63-S63)*24*60 -> 54 | AE63: =M63-J63 -> -85.555556 | AF63: =M63/J63 -> 0.96435185
A64: 新豐4線 | B64: 三明治 | C64: 經典火腿玉米蛋三明治 | E64: 24.43 | F64: 4730 | G64: =E64*F64 -> 115553.9 | I64: 14 | J64: 2400 | K64: =J64/I64 -> 171.42857 | L64: 14 | M64: =F64/V64*60 -> 2288.7097 | N64: =M64/L64 -> 163.47926 | O64: =L64-I64 -> 0 | P64: =N64-K64 -> -7.9493088 | Q64: =N64/K64 -> 0.95362903 | S64: 0.2125 | T64: 0.29861111 | U64: =(S64-T63)*24*60 -> 6 | V64: =(T64-S64)*24*60 -> 124 | AE64: =M64-J64 -> -111.29032 | AF64: =M64/J64 -> 0.95362903
A65: 新豐4線 | B65: 三明治 | C65: 覆盆莓榛果可可三明治 | E65: 22.69 | F65: 572 | G65: =E65*F65 -> 12978.68 | I65: 15 | J65: 2400 | K65: =J65/I65 -> 160 | L65: 15 | M65: =F65/V65*60 -> 2288 | N65: =M65/L65 -> 152.53333 | O65: =L65-I65 -> 0 | P65: =N65-K65 -> -7.4666667 | Q65: =N65/K65 -> 0.95333333 | S65: 0.30277778 | T65: 0.31319444 | U65: =(S65-T64)*24*60 -> 6 | V65: =(T65-S65)*24*60 -> 15 | AE65: =M65-J65 -> -112 | AF65: =M65/J65 -> 0.95333333
A66: 新豐4線 | B66: 三明治 | C66: 火腿起司蛋三明治 | E66: 19.02 | F66: 6974 | G66: =E66*F66 -> 132645.48 | I66: 15 | J66: 2400 | K66: =J66/I66 -> 160 | L66: 15 | M66: =F66/V66*60 -> 2286.5574 | N66: =M66/L66 -> 152.43716 | O66: =L66-I66 -> 0 | P66: =N66-K66 -> -7.5628415 | Q66: =N66/K66 -> 0.95273224 | S66: 0.31875 | T66: 0.44583333 | U66: =(S66-T65)*24*60 -> 8 | V66: =(T66-S66)*24*60 -> 183 | AE66: =M66-J66 -> -113.44262 | AF66: =M66/J66 -> 0.95273224
A67: 新豐4線 | B67: 平均 | I67: 16.6 | J67: 2400 | K67: =J67/I67 -> 144.57831 | L67: 16.6 | M67: =AVERAGE(M62:M66) -> 2295.2346 | N67: =M67/L67 -> 138.26715 | O67: =L67-I67 -> 0 | P67: =N67-K67 -> -6.3111682 | Q67: =N67/K67 -> 0.95634775 | Y67: =SUM(Y62:Y66) -> 0 | Z67: =SUM(Z62:Z66) -> 0 | AC67: 5 | AD67: =SUM(AD62:AD66) -> 0 | AE67: =M67-J67 -> -104.76539 | AF67: =M67/J67 -> 0.95634775

Sheet 0226
B1: 屏榮 新豐廠組合室生產人時性分析
B3: 日期 | C3: =TEXT('0226 4度C'!A2,"yyyy.mm.ddaaaa") -> 2026.02.26星期四 | E3: 訂單量 | F3: ='0226 4度C'!D1 -> 124820 | H3: 營業額 | I3: ='0226 4度C'!F1 -> 4233006.4
B4: 人時性 | C4: 項目 | E4: ➀ | G4: ➁ | I4: ➂ | K4: 異常停線 | M4: 短暫停線
C5: 組合室 | E5: 全溫層 | G5: 4度C-各編組展開 | I5: ③三明治-各編組展開 | K5: 合計次數 | L5: 時間 | M5: 合計次數 | N5: 設備次數
C6: 排關平均 | E6: =AVERAGE(D13:M13) -> 144.82437 | F6: =AVERAGE(D31:O31,D13:J13) -> 148.12385 | G6: =AVERAGE(D13:J13) -> 148.12385 | I6: =AVERAGE(K13:M13) -> 137.12558 | K6: ='0226 4度C'!Y2 -> 0 | L6: ='0226 4度C'!Z2 -> 0 | M6: ='0226 4度C'!AC2 -> 54 | N6: ='0226 4度C'!AD2 -> 0
C7: 實績平均 | E7: =AVERAGE(D14:M14) -> 138.92205 | F7: =AVERAGE(D32:O32,D14:J14) -> 142.09193 | G7: =AVERAGE(D14:J14) -> 142.09193 | I7: =AVERAGE(K14:M14) -> 131.52565
C8: 達成率平均 | E8: =AVERAGE(D15:M15) -> 0.95877325 | F8: =AVERAGE(D15:J15,D33:O33) -> 0.95861728 | G8: =AVERAGE(D15:J15) -> 0.95861728 | I8: =AVERAGE(K15:M15) -> 0.95913717
K9: ※現行日本鮮食廠以達成率80%為基本(即為現行KPI)
B10: 溫層 | D10: ➁4度C-各編組展開 | K10: ③三明治-各編組展開
B11: 編組 | D11: 1 | E11: 2 | F11: 3 | G11: 4 | H11: 5 | I11: 6 | J11: 7 | K11: 1 | L11: 2 | M11: 3
D12: 新豐6線 | E12: 新豐2線 | F12: 新豐5線 | G12: 新豐7線 | H12: 新豐3線 | I12: 新豐1線 | J12: 新豐10線 | K12: 新豐8線 | L12: 新豐9線 | M12: 新豐4線
B13: 人時性 | C13: 排關 | D13: =SUMIFS('0226 4度C'!$K:$K,'0226 4度C'!$A:$A,"新豐6線",'0226 4度C'!$B:$B,"平均") -> 112.35955 | E13: =SUMIFS('0226 4度C'!$K:$K,'0226 4度C'!$A:$A,"新豐2線",'0226 4度C'!$B:$B,"平均") -> 83.333333 | F13: =SUMIFS('0226 4度C'!$K:$K,'0226 4度C'!$A:$A,"新豐5線",'0226 4度C'!$B:$B,"平均") -> 100 | G13: =SUMIFS('0226 4度C'!$K:$K,'0226 4度C'!$A:$A,"新豐7線",'0226 4度C'!$B:$B,"平均") -> 128.37838 | H13: =SUMIFS('0226 4度C'!$K:$K,'0226 4度C'!$A:$A,"新豐3線",'0226 4度C'!$B:$B,"平均") -> 303.79747 | I13: =SUMIFS('0226 4度C'!$K:$K,'0226 4度C'!$A:$A,"新豐1線",'0226 4度C'!$B:$B,"平均") -> 102.64901 | J13: =SUMIFS('0226 4度C'!$K:$K,'0226 4度C'!$A:$A,"新豐10線",'0226 4度C'!$B:$B,"平均") -> 206.34921 | K13: =SUMIFS('0226 4度C'!$K:$K,'0226 4度C'!$A:$A,"新豐8線",'0226 4度C'!$B:$B,"平均") -> 130.43478 | L13: =SUMIFS('0226 4度C'!$K:$K,'0226 4度C'!$A:$A,"新豐9線",'0226 4度C'!$B:$B,"平均") -> 136.36364 | M13: =SUMIFS('0226 4度C'!$K:$K,'0226 4度C'!$A:$A,"新豐4線",'0226 4度C'!$B:$B,"平均") -> 144.57831
C14: 實績 | D14: =SUMIFS('0226 4度C'!$N:$N,'0226 4度C'!$A:$A,"新豐6線",'0226 4度C'!$B:$B,"平均") -> 108.81612 | E14: =SUMIFS('0226 4度C'!$N:$N,'0226 4度C'!$A:$A,"新豐2線",'0226 4度C'!$B:$B,"平均") -> 79.592473 | F14: =SUMIFS('0226 4度C'!$N:$N,'0226 4度C'!$A:$A,"新豐5線",'0226 4度C'!$B:$B,"平均") -> 96.039251 | G14: =SUMIFS('0226 4度C'!$N:$N,'0226 4度C'!$A:$A,"新豐7線",'0226 4度C'!$B:$B,"平均") -> 122.95681 | H14: =SUMIFS('0226 4度C'!$N:$N,'0226 4度C'!$A:$A,"新豐3線",'0226 4度C'!$B:$B,"平均") -> 291.53999 | I14: =SUMIFS('0226 4度C'!$N:$N,'0226 4度C'!$A:$A,"新豐1線",'0226 4度C'!$B:$B,"平均") -> 97.212635 | J14: =SUMIFS('0226 4度C'!$N:$N,'0226 4度C'!$A:$A,"新豐10線",'0226 4度C'!$B:$B,"平均") -> 198.48622 | K14: =SUMIFS('0226 4度C'!$N:$N,'0226 4度C'!$A:$A,"新豐8線",'0226 4度C'!$B:$B,"平均") -> 125.18388 | L14: =SUMIFS('0226 4度C'!$N:$N,'0226 4度C'!$A:$A,"新豐9線",'0226 4度C'!$B:$B,"平均") -> 130.47925 | M14: =SUMIFS('0226 4度C'!$N:$N,'0226 4度C'!$A:$A,"新豐4線",'0226 4度C'!$B:$B,"平均") -> 138.91383
C15: 達成率 | D15: =D14/D13 -> 0.96846344 | E15: =E14/E13 -> 0.95510968 | F15: =F14/F13 -> 0.96039251 | G15: =G14/G13 -> 0.95776887 | H15: =H14/H13 -> 0.95965247 | I15: =I14/I13 -> 0.94703922 | J15: =J14/J13 -> 0.96189474 | K15: =K14/K13 -> 0.95974308 | ... M15: =M14/M13 -> 0.96082063
B16: 作業 時間 | C16: 開始 | D16: =VLOOKUP("新豐6線",'0226 4度C'!$A:$T,19,0) -> 0.70833333 | E16: =VLOOKUP("新豐2線",'0226 4度C'!$A:$T,19,0) -> 0.20833333 | F16: =VLOOKUP("新豐5線",'0226 4度C'!$A:$T,19,0) -> 0.20833333 | G16: =VLOOKUP("新豐7線",'0226 4度C'!$A:$T,19,0) -> 0.20833333 | H16: =VLOOKUP("新豐3線",'0226 4度C'!$A:$T,19,0) -> 0.20833333 | I16: =VLOOKUP("新豐1線",'0226 4度C'!$A:$T,19,0) -> 0.20833333 | J16: =VLOOKUP("新豐10線",'0226 4度C'!$A:$T,19,0) -> 0.20833333 | K16: =VLOOKUP("新豐8線",'0226 4度C'!$A:$T,19,0) -> 0.125 | L16: =VLOOKUP("新豐9線",'0226 4度C'!$A:$T,19,0) -> 0.125 | M16: =VLOOKUP("新豐4線",'0226 4度C'!$A:$T,19,0) -> 0.125
C17: 結束 | D17: =LOOKUP(2,1/(('0226 4度C'!$A:$A="新豐6線")*('0226 4度C'!$T:$T<>"")),'0226 4度C'!$T:$T) -> 0.80763889 | E17: =LOOKUP(2,1/(('0226 4度C'!$A:$A="新豐2線")*('0226 4度C'!$T:$T<>"")),'0226 4度C'!$T:$T) -> 0.43888889 | F17: =LOOKUP(2,1/(('0226 4度C'!$A:$A="新豐5線")*('0226 4度C'!$T:$T<>"")),'0226 4度C'!$T:$T) -> 0.83402778 | G17: =LOOKUP(2,1/(('0226 4度C'!$A:$A="新豐7線")*('0226 4度C'!$T:$T<>"")),'0226 4度C'!$T:$T) -> 0.82708333 | H17: =LOOKUP(2,1/(('0226 4度C'!$A:$A="新豐3線")*('0226 4度C'!$T:$T<>"")),'0226 4度C'!$T:$T) -> 0.625 | I17: =LOOKUP(2,1/(('0226 4度C'!$A:$A="新豐1線")*('0226 4度C'!$T:$T<>"")),'0226 4度C'!$T:$T) -> 0.83680556 | J17: =LOOKUP(2,1/(('0226 4度C'!$A:$A="新豐10線")*('0226 4度C'!$T:$T<>"")),'0226 4度C'!$T:$T) -> 0.39791667 | K17: =LOOKUP(2,1/(('0226 4度C'!$A:$A="新豐8線")*('0226 4度C'!$T:$T<>"")),'0226 4度C'!$T:$T) -> 0.50902778 | L17: =LOOKUP(2,1/(('0226 4度C'!$A:$A="新豐9線")*('0226 4度C'!$T:$T<>"")),'0226 4度C'!$T:$T) -> 0.49097222 | M17: =LOOKUP(2,1/(('0226 4度C'!$A:$A="新豐4線")*('0226 4度C'!$T:$T<>"")),'0226 4度C'!$T:$T) -> 0.47986111
B18: 產線異常 (5分鐘以上) | C18: 次數 | D18: =SUMIFS('0226 4度C'!$Y:$Y,'0226 4度C'!$A:$A,"新豐6線",'0226 4度C'!$B:$B,"平均") -> 0 | E18: =SUMIFS('0226 4度C'!$Y:$Y,'0226 4度C'!$A:$A,"新豐2線",'0226 4度C'!$B:$B,"平均") -> 0 | F18: =SUMIFS('0226 4度C'!$Y:$Y,'0226 4度C'!$A:$A,"新豐5線",'0226 4度C'!$B:$B,"平均") -> 0 | G18: =SUMIFS('0226 4度C'!$Y:$Y,'0226 4度C'!$A:$A,"新豐7線",'0226 4度C'!$B:$B,"平均") -> 0 | H18: =SUMIFS('0226 4度C'!$Y:$Y,'0226 4度C'!$A:$A,"新豐3線",'0226 4度C'!$B:$B,"平均") -> 0 | I18: =SUMIFS('0226 4度C'!$Y:$Y,'0226 4度C'!$A:$A,"新豐1線",'0226 4度C'!$B:$B,"平均") -> 0 | J18: =SUMIFS('0226 4度C'!$Y:$Y,'0226 4度C'!$A:$A,"新豐10線",'0226 4度C'!$B:$B,"平均") -> 0 | K18: =SUMIFS('0226 4度C'!$Y:$Y,'0226 4度C'!$A:$A,"新豐8線",'0226 4度C'!$B:$B,"平均") -> 0 | L18: =SUMIFS('0226 4度C'!$Y:$Y,'0226 4度C'!$A:$A,"新豐9線",'0226 4度C'!$B:$B,"平均") -> 0 | M18: =SUMIFS('0226 4度C'!$Y:$Y,'0226 4度C'!$A:$A,"新豐4線",'0226 4度C'!$B:$B,"平均") -> 0
C19: 時間/分 | D19: =SUMIFS('0226 4度C'!$Z:$Z,'0226 4度C'!$A:$A,"新豐6線",'0226 4度C'!$B:$B,"平均") -> 0 | E19: =SUMIFS('0226 4度C'!$Z:$Z,'0226 4度C'!$A:$A,"新豐2線",'0226 4度C'!$B:$B,"平均") -> 0 | F19: =SUMIFS('0226 4度C'!$Z:$Z,'0226 4度C'!$A:$A,"新豐5線",'0226 4度C'!$B:$B,"平均") -> 0 | G19: =SUMIFS('0226 4度C'!$Z:$Z,'0226 4度C'!$A:$A,"新豐7線",'0226 4度C'!$B:$B,"平均") -> 0 | H19: =SUMIFS('0226 4度C'!$Z:$Z,'0226 4度C'!$A:$A,"新豐3線",'0226 4度C'!$B:$B,"平均") -> 0 | I19: =SUMIFS('0226 4度C'!$Z:$Z,'0226 4度C'!$A:$A,"新豐1線",'0226 4度C'!$B:$B,"平均") -> 0 | J19: =SUMIFS('0226 4度C'!$Z:$Z,'0226 4度C'!$A:$A,"新豐10線",'0226 4度C'!$B:$B,"平均") -> 0 | K19: =SUMIFS('0226 4度C'!$Z:$Z,'0226 4度C'!$A:$A,"新豐8線",'0226 4度C'!$B:$B,"平均") -> 0 | L19: =SUMIFS('0226 4度C'!$Z:$Z,'0226 4度C'!$A:$A,"新豐9線",'0226 4度C'!$B:$B,"平均") -> 0 | M19: =SUMIFS('0226 4度C'!$Z:$Z,'0226 4度C'!$A:$A,"新豐4線",'0226 4度C'!$B:$B,"平均") -> 0
B20: 短暫停線 (5分鐘以下) | C20: 次數 | D20: =SUMIFS('0226 4度C'!$AC:$AC,'0226 4度C'!$A:$A,"新豐6線",'0226 4度C'!$B:$B,"平均") -> 5 | E20: =SUMIFS('0226 4度C'!$AC:$AC,'0226 4度C'!$A:$A,"新豐2線",'0226 4度C'!$B:$B,"平均") -> 2 | F20: =SUMIFS('0226 4度C'!$AC:$AC,'0226 4度C'!$A:$A,"新豐5線",'0226 4度C'!$B:$B,"平均") -> 5 | G20: =SUMIFS('0226 4度C'!$AC:$AC,'0226 4度C'!$A:$A,"新豐7線",'0226 4度C'!$B:$B,"平均") -> 5 | H20: =SUMIFS('0226 4度C'!$AC:$AC,'0226 4度C'!$A:$A,"新豐3線",'0226 4度C'!$B:$B,"平均") -> 8 | I20: =SUMIFS('0226 4度C'!$AC:$AC,'0226 4度C'!$A:$A,"新豐1線",'0226 4度C'!$B:$B,"平均") -> 8 | J20: =SUMIFS('0226 4度C'!$AC:$AC,'0226 4度C'!$A:$A,"新豐10線",'0226 4度C'!$B:$B,"平均") -> 6 | K20: =SUMIFS('0226 4度C'!$AC:$AC,'0226 4度C'!$A:$A,"新豐8線",'0226 4度C'!$B:$B,"平均") -> 5 | L20: =SUMIFS('0226 4度C'!$AC:$AC,'0226 4度C'!$A:$A,"新豐9線",'0226 4度C'!$B:$B,"平均") -> 5 | M20: =SUMIFS('0226 4度C'!$AC:$AC,'0226 4度C'!$A:$A,"新豐4線",'0226 4度C'!$B:$B,"平均") -> 5
C21: 設備次數 | D21: =SUMIFS('0226 4度C'!$AD:$AD,'0226 4度C'!$A:$A,"新豐6線",'0226 4度C'!$B:$B,"平均") -> 0 | E21: =SUMIFS('0226 4度C'!$AD:$AD,'0226 4度C'!$A:$A,"新豐2線",'0226 4度C'!$B:$B,"平均") -> 0 | F21: =SUMIFS('0226 4度C'!$AD:$AD,'0226 4度C'!$A:$A,"新豐5線",'0226 4度C'!$B:$B,"平均") -> 0 | G21: =SUMIFS('0226 4度C'!$AD:$AD,'0226 4度C'!$A:$A,"新豐7線",'0226 4度C'!$B:$B,"平均") -> 0 | H21: =SUMIFS('0226 4度C'!$AD:$AD,'0226 4度C'!$A:$A,"新豐3線",'0226 4度C'!$B:$B,"平均") -> 0 | I21: =SUMIFS('0226 4度C'!$AD:$AD,'0226 4度C'!$A:$A,"新豐1線",'0226 4度C'!$B:$B,"平均") -> 0 | J21: =SUMIFS('0226 4度C'!$AD:$AD,'0226 4度C'!$A:$A,"新豐10線",'0226 4度C'!$B:$B,"平均") -> 0 | K21: =SUMIFS('0226 4度C'!$AD:$AD,'0226 4度C'!$A:$A,"新豐8線",'0226 4度C'!$B:$B,"平均") -> 0 | L21: =SUMIFS('0226 4度C'!$AD:$AD,'0226 4度C'!$A:$A,"新豐9線",'0226 4度C'!$B:$B,"平均") -> 0 | M21: =SUMIFS('0226 4度C'!$AD:$AD,'0226 4度C'!$A:$A,"新豐4線",'0226 4度C'!$B:$B,"平均") -> 0
B22: 配置人數 | D22: =SUMIFS('0226 4度C'!$I:$I,'0226 4度C'!$A:$A,"新豐6線",'0226 4度C'!$B:$B,"平均") -> 17.8 | E22: =SUMIFS('0226 4度C'!$I:$I,'0226 4度C'!$A:$A,"新豐2線",'0226 4度C'!$B:$B,"平均") -> 18 | F22: =SUMIFS('0226 4度C'!$I:$I,'0226 4度C'!$A:$A,"新豐5線",'0226 4度C'!$B:$B,"平均") -> 18 | G22: =SUMIFS('0226 4度C'!$I:$I,'0226 4度C'!$A:$A,"新豐7線",'0226 4度C'!$B:$B,"平均") -> 14.8 | H22: =SUMIFS('0226 4度C'!$I:$I,'0226 4度C'!$A:$A,"新豐3線",'0226 4度C'!$B:$B,"平均") -> 9.875 | I22: =SUMIFS('0226 4度C'!$I:$I,'0226 4度C'!$A:$A,"新豐1線",'0226 4度C'!$B:$B,"平均") -> 18.875 | J22: =SUMIFS('0226 4度C'!$I:$I,'0226 4度C'!$A:$A,"新豐10線",'0226 4度C'!$B:$B,"平均") -> 10.5 | K22: =SUMIFS('0226 4度C'!$I:$I,'0226 4度C'!$A:$A,"新豐8線",'0226 4度C'!$B:$B,"平均") -> 18.4 | L22: =SUMIFS('0226 4度C'!$I:$I,'0226 4度C'!$A:$A,"新豐9線",'0226 4度C'!$B:$B,"平均") -> 17.6 | M22: =SUMIFS('0226 4度C'!$I:$I,'0226 4度C'!$A:$A,"新豐4線",'0226 4度C'!$B:$B,"平均") -> 16.6
B23: 主要應用設備 | D23: ET-55 | E23: 熱縮爐 | F23: L型包裝機 | G23: L型包裝機 | H23: 伺服包裝機 | I23: ET-55 | J23: 伺服包裝機 | K23: 三明治包裝機 | L23: 三明治包裝機 | M23: 三明治包裝機
B24: 次要應用設備 | F24: 圓盤機 | G24: ET-55
B25: 備註 | E25: 握沙拉 | F25: 共用L型包裝機 | H25: 調理麵包 | I25: 炒飯+沙拉 | J25: 調理麵包

Sheet 0226 4度C
A1: 新豐廠四度C日報分析 | C1: 總生產量 | D1: =SUM(F5:F68) -> 124820 | E1: 營業額 | F1: =SUM(G5:G68) -> 4233006.4 | G1: 出勤人數 | H1: =L10+L13+L46+L55+L19+L62+L31+L37+L25+L68 -> 160.45 | I1: 產線配置圖 | L1: 生產實績 | O1: 人時性差異分析 | S1: 日報登錄 | Y1: 合計 次數 | Z1: 合計 時間/分 | AA1: 產線異常 分析說明(5分鐘以上) | AC1: 合計 次數 | AD1: 合計 設備次數 | AE1: 產能差異分析
A2: 46079 | B2: 星期四 | C2: 人時性 | D2: =AVERAGE(N10,N13,N46,N55,N19,N62,N25,N31,N37,N68) -> 138.92205 | E2: 平均廠價 | F2: =F1/D1 -> 33.912886 | G2: 多次生產數 | H2: =COUNT(H5:H68) -> 2 | Y2: =SUM(Y10+Y13+Y19+Y25+Y31+Y37+Y46+Y55+Y62+Y68) -> 0 | Z2: =SUM(Z10+Z13+Z19+Z25+Z31+Z37+Z46+Z55+Z62+Z68) -> 0 | AC2: 54 | AD2: =SUM(AD10+AD13+AD19+AD25+AD31+AD37+AD46+AD55+AD62+AD68) -> 0
A3: 線別 | B3: 品類 | C3: 品名 | E3: 廠價 | F3: 生產量 | G3: 營收 | H3: 多次 生產 | I3: 人數 | J3: 產能/時 | K3: 人時性 | L3: 人數 | M3: 產能/時 | N3: 人時性 | O3: 人數 | P3: 人時性 | Q3: 達成率 | R3: 達成率平均 | S3: 生產時間 | U3: 換線、休息/分 | V3: 稼動時間/分 | W3: 休息時間 | Y3: 產線異常統計 (5分鐘以上) | AA3: (新豐回填) | AC3: 短暫停線統計 (5分鐘以下) | AE3: 產能/時 | AF3: 達成率 | AG3: 達成率平均
S4: 開始 | T4: 結束 | W4: 開始 | X4: 結束 | Y4: 次數 | Z4: 時間/分 | AC4: 總次數 | AD4: 設備因素(次數)
A5: 新豐6線 | B5: 微波主食 | C5: 二配港式香滑嫩蛋牛肉燴飯 | E5: 50.67 | F5: 1269 | G5: 64300.23 | I5: 17 | J5: 2000 | K5: =J5/I5 -> 117.64706 | L5: 17 | M5: =F5/V5*60 -> 1952.3077 | N5: =M5/L5 -> 114.84163 | O5: =L5-I5 -> 0 | P5: =N5-K5 -> -2.8054299 | Q5: =N5/K5 -> 0.97615385 | R5: =Q10 -> 0.96846344 | S5: 0.70833333 | T5: 0.73541667 | V5: =(T5-S5)*24*60 -> 39 | AC5: 5 | AE5: =M5-J5 -> -47.692308 | AF5: =M5/J5 -> 0.97615385 | AG5: =AF10 -> 0.96846344
A6: 新豐6線 | B6: 微波主食 | C6: 二配美味蟹煲 | E6: 54.09 | F6: 1082 | G6: 58525.38 | I6: 19 | J6: 2000 | K6: =J6/I6 -> 105.26316 | L6: 19 | M6: =F6/V6*60 -> 1909.4118 | N6: =M6/L6 -> 100.49536 | O6: =L6-I6 -> 0 | P6: =N6-K6 -> -4.7678019 | Q6: =N6/K6 -> 0.95470588 | S6: 0.73888889 | T6: 0.7625 | U6: =IF(S6=TIME(17,0,0),"",(S6-T5)*24*60) -> 5 | V6: =(T6-S6)*24*60 -> 34 | AE6: =M6-J6 -> -90.588235 | AF6: =M6/J6 -> 0.95470588
A7: 新豐6線 | B7: 微波主食 | C7: 二配麻油雞燴飯 | E7: 50.29 | F7: 414 | G7: 20820.06 | I7: 16 | J7: 2000 | K7: =J7/I7 -> 125 | L7: 16 | M7: =F7/V7*60 -> 1910.7692 | N7: =M7/L7 -> 119.42308 | O7: =L7-I7 -> 0 | P7: =N7-K7 -> -5.5769231 | Q7: =N7/K7 -> 0.95538462 | S7: 0.76666667 | T7: 0.77569444 | U7: =IF(S7=TIME(17,0,0),"",(S7-T6)*24*60) -> 6 | V7: =(T7-S7)*24*60 -> 13 | AE7: =M7-J7 -> -89.230769 | AF7: =M7/J7 -> 0.95538462
A8: 新豐6線 | B8: 微波主食 | C8: 二配濃蕃茄火腿蛋包飯 | E8: 50.67 | F8: 420 | G8: 21281.4 | I8: 21 | J8: 2000 | K8: =J8/I8 -> 95.238095 | L8: 21 | M8: =F8/V8*60 -> 1938.4615 | N8: =M8/L8 -> 92.307692 | O8: =L8-I8 -> 0 | P8: =N8-K8 -> -2.9304029 | Q8: =N8/K8 -> 0.96923077 | S8: 0.77986111 | T8: 0.78888889 | U8: =IF(S8=TIME(17,0,0),"",(S8-T7)*24*60) -> 6 | V8: =(T8-S8)*24*60 -> 13 | AE8: =M8-J8 -> -61.538462 | AF8: =M8/J8 -> 0.96923077
A9: 新豐6線 | B9: 微波主食 | C9: 二配香炒沙茶豬肉飯 | E9: 50.67 | F9: 625 | G9: 31668.75 | I9: 16 | J9: 2000 | K9: =J9/I9 -> 125 | L9: 16 | M9: =F9/V9*60 -> 1973.6842 | N9: =M9/L9 -> 123.35526 | O9: =L9-I9 -> 0 | P9: =N9-K9 -> -1.6447368 | Q9: =N9/K9 -> 0.98684211 | S9: 0.79444444 | T9: 0.80763889 | U9: =IF(S9=TIME(17,0,0),"",(S9-T8)*24*60) -> 8 | V9: =(T9-S9)*24*60 -> 19 | AE9: =M9-J9 -> -26.315789 | AF9: =M9/J9 -> 0.98684211
A10: 新豐6線 | B10: 平均 | I10: 17.8 | J10: 2000 | K10: =J10/I10 -> 112.35955 | L10: 17.8 | M10: =AVERAGE(M5:M9) -> 1936.9269 | N10: =M10/L10 -> 108.81612 | O10: =L10-I10 -> 0 | P10: =N10-K10 -> -3.5434333 | Q10: =N10/K10 -> 0.96846344 | Y10: =SUM(Y5:Y9) -> 0 | Z10: =SUM(Z5:Z9) -> 0 | AC10: 5 | AD10: =SUM(AD5:AD9) -> 0 | AE10: =M10-J10 -> -63.073113 | AF10: =M10/J10 -> 0.96846344
A11: 新豐2線 | B11: 沙拉 | C11: 青醬優格雞肉握沙拉(113年) | E11: 39.62 | F11: 2968 | G11: 117592.16 | I11: 19 | J11: 1500 | K11: =J11/I11 -> 78.947368 | L11: 19 | M11: =F11/V11*60 -> 1436.129 | N11: =M11/L11 -> 75.585739 | O11: =L11-I11 -> 0 | P11: =N11-K11 -> -3.3616299 | Q11: =N11/K11 -> 0.95741935 | R11: =Q13 -> 0.95510968 | S11: 0.20833333 | T11: 0.29444444 | V11: =(T11-S11)*24*60 -> 124 | AC11: 2 | AE11: =M11-J11 -> -63.870968 | AF11: =M11/J11 -> 0.95741935 | AG11: =AF13 -> 0.95510968
A12: 新豐2線 | B12: 沙拉 | C12: 青檸烤雞握沙拉(113年) | E12: 39.8 | F12: 4764 | G12: 189607.2 | I12: 17 | J12: 1500 | K12: =J12/I12 -> 88.235294 | L12: 17 | M12: =F12/V12*60 -> 1429.2 | N12: =M12/L12 -> 84.070588 | O12: =L12-I12 -> 0 | P12: =N12-K12 -> -4.1647059 | Q12: =N12/K12 -> 0.9528 | S12: 0.3 | T12: 0.43888889 | U12: =IF(S12=TIME(17,0,0),"",(S12-T11)*24*60) -> 8 | V12: =(T12-S12)*24*60 -> 200 | AE12: =M12-J12 -> -70.8 | AF12: =M12/J12 -> 0.9528
A13: 新豐2線 | B13: 平均 | I13: 18 | J13: 1500 | K13: =J13/I13 -> 83.333333 | L13: 18 | M13: =AVERAGE(M11:M12) -> 1432.6645 | N13: =M13/L13 -> 79.592473 | O13: =L13-I13 -> 0 | P13: =N13-K13 -> -3.7408602 | Q13: =N13/K13 -> 0.95510968 | Y13: =SUM(Y11:Y12) -> 0 | Z13: =SUM(Z11:Z12) -> 0 | AC13: 2 | AD13: =SUM(AD11:AD12) -> 0 | AE13: =M13-J13 -> -67.335484 | AF13: =M13/J13 -> 0.95510968
A14: 新豐5線 | B14: 小吃 | C14: 剝皮辣椒雞湯 | E14: 41 | F14: 2151 | G14: 88191 | I14: 26 | J14: 1500 | K14: =J14/I14 -> 57.692308 | L14: 26 | M14: =F14/V14*60 -> 1434 | N14: =M14/L14 -> 55.153846 | O14: =L14-I14 -> 0 | P14: =N14-K14 -> -2.5384615 | Q14: =N14/K14 -> 0.956 | R14: =Q19 -> 0.96039251 | S14: 0.20833333 | T14: 0.27083333 | V14: =(T14-S14)*24*60 -> 90 | AC14: 5 | AE14: =M14-J14 -> -66 | AF14: =M14/J14 -> 0.956 | AG14: =AF19 -> 0.96039251
A15: 新豐5線 | B15: 季節調理麵 | C15: 柚子雞白湯拉麵 | E15: 72.4 | F15: 554 | G15: 40109.6 | I15: 18 | J15: 1500 | K15: =J15/I15 -> 83.333333 | L15: 18 | M15: =F15/V15*60 -> 1445.2174 | N15: =M15/L15 -> 80.289855 | O15: =L15-I15 -> 0 | P15: =N15-K15 -> -3.0434783 | Q15: =N15/K15 -> 0.96347826 | S15: 0.275 | T15: 0.29097222 | U15: =IF(S15=TIME(17,0,0),"",(S15-T14)*24*60) -> 6 | V15: =(T15-S15)*24*60 -> 23 | AE15: =M15-J15 -> -54.782609 | AF15: =M15/J15 -> 0.96347826
A16: 新豐5線 | B16: 微波主食 | C16: 二配金咖哩濃厚辛口咖哩飯 | E16: 50.98 | F16: 2172 | G16: 110728.56 | I16: 16 | J16: 2000 | K16: =J16/I16 -> 125 | L16: 16 | M16: =F16/V16*60 -> 1916.4706 | N16: =M16/L16 -> 119.77941 | O16: =L16-I16 -> 0 | P16: =N16-K16 -> -5.2205882 | Q16: =N16/K16 -> 0.95823529 | S16: 0.70833333 | T16: 0.75555556 | U16: =IF(S16=TIME(17,0,0),"",(S16-T15)*24*60) | V16: =(T16-S16)*24*60 -> 68 | AE16: =M16-J16 -> -83.529412 | AF16: =M16/J16 -> 0.95823529
A17: 新豐5線 | B17: 微波主食 | C17: 二配金咖哩果香甘口咖哩飯 | E17: 50.92 | F17: 2006 | G17: 102145.52 | I17: 15 | J17: 2000 | K17: =J17/I17 -> 133.33333 | L17: 15 | M17: =F17/V17*60 -> 1910.4762 | N17: =M17/L17 -> 127.36508 | O17: =L17-I17 -> 0 | P17: =N17-K17 -> -5.968254 | Q17: =N17/K17 -> 0.9552381 | S17: 0.76041667 | T17: 0.80416667 | U17: =IF(S17=TIME(17,0,0),"",(S17-T16)*24*60) -> 7 | V17: =(T17-S17)*24*60 -> 63 | AE17: =M17-J17 -> -89.52381 | AF17: =M17/J17 -> 0.9552381
A18: 新豐5線 | B18: 微波主食 | C18: 二配泰式綠咖哩雞 | E18: 50.67 | F18: 1227 | G18: 62172.09 | I18: 15 | J18: 2000 | K18: =J18/I18 -> 133.33333 | L18: 15 | M18: =F18/V18*60 -> 1937.3684 | N18: =M18/L18 -> 129.15789 | O18: =L18-I18 -> 0 | P18: =N18-K18 -> -4.1754386 | Q18: =N18/K18 -> 0.96868421 | S18: 0.80763889 | T18: 0.83402778 | U18: =IF(S18=TIME(17,0,0),"",(S18-T17)*24*60) -> 5 | V18: =(T18-S18)*24*60 -> 38 | AE18: =M18-J18 -> -62.631579 | AF18: =M18/J18 -> 0.96868421
A19: 新豐5線 | B19: 平均 | I19: 18 | J19: 1800 | K19: =J19/I19 -> 100 | L19: 18 | M19: =AVERAGE(M14:M18) -> 1728.7065 | N19: =M19/L19 -> 96.039251 | O19: =L19-I19 -> 0 | P19: =N19-K19 -> -3.960749 | Q19: =N19/K19 -> 0.96039251 | Y19: =SUM(Y14:Y18) -> 0 | Z19: =SUM(Z14:Z18) -> 0 | AC19: 5 | AD19: =SUM(AD14:AD18) -> 0 | AE19: =M19-J19 -> -71.293482 | AF19: =M19/J19 -> 0.96039251
A20: 新豐7線 | B20: 微波主食 | C20: 鐵板滑蛋炸豬排丼 | E20: 57.73 | F20: 2506 | G20: 144671.38 | I20: 14 | J20: 2000 | K20: =J20/I20 -> 142.85714 | L20: 14 | M20: =F20/V20*60 -> 1927.6923 | N20: =M20/L20 -> 137.69231 | O20: =L20-I20 -> 0 | P20: =N20-K20 -> -5.1648352 | Q20: =N20/K20 -> 0.96384615 | R20: =Q25 -> 0.95776887 | S20: 0.20833333 | T20: 0.2625 | V20: =(T20-S20)*24*60 -> 78 | AC20: 5 | AE20: =M20-J20 -> -72.307692 | AF20: =M20/J20 -> 0.96384615 | AG20: =AF25 -> 0.95776887
A21: 新豐7線 | B21: 微波主食 | C21: 極上炙烤親子丼 | E21: 53.68 | F21: 1334 | G21: 71609.12 | I21: 16 | J21: 2000 | K21: =J21/I21 -> 125 | L21: 16 | M21: =F21/V21*60 -> 1905.7143 | N21: =M21/L21 -> 119.10714 | O21: =L21-I21 -> 0 | P21: =N21-K21 -> -5.8928571 | Q21: =N21/K21 -> 0.95285714 | S21: 0.26736111 | T21: 0.29652778 | U21: =IF(S21=TIME(17,0,0),"",(S21-T20)*24*60) -> 7 | V21: =(T21-S21)*24*60 -> 42 | AE21: =M21-J21 -> -94.285714 | AF21: =M21/J21 -> 0.95285714
A22: 新豐7線 | B22: 微波主食 | C22: 二配川味麻婆燒豆腐燴飯 | E22: 50.49 | F22: 1593 | G22: 80430.57 | I22: 15 | J22: 2000 | K22: =J22/I22 -> 133.33333 | L22: 15 | M22: =F22/V22*60 -> 1911.6 | N22: =M22/L22 -> 127.44 | O22: =L22-I22 -> 0 | P22: =N22-K22 -> -5.8933333 | Q22: =N22/K22 -> 0.9558 | S22: 0.70833333 | T22: 0.74305556 | U22: =IF(S22=TIME(17,0,0),"",(S22-T21)*24*60) | V22: =(T22-S22)*24*60 -> 50 | AE22: =M22-J22 -> -88.4 | AF22: =M22/J22 -> 0.9558
A23: 新豐7線 | B23: 微波主食 | C23: 二配厚香料咖哩雞排飯 | E23: 57.3 | F23: 1407 | G23: 80621.1 | I23: 13 | J23: 2000 | K23: =J23/I23 -> 153.84615 | L23: 13 | M23: =F23/V23*60 -> 1918.6364 | N23: =M23/L23 -> 147.58741 | O23: =L23-I23 -> 0 | P23: =N23-K23 -> -6.2587413 | Q23: =N23/K23 -> 0.95931818 | S23: 0.74861111 | T23: 0.77916667 | U23: =IF(S23=TIME(17,0,0),"",(S23-T22)*24*60) -> 8 | V23: =(T23-S23)*24*60 -> 44 | AE23: =M23-J23 -> -81.363636 | AF23: =M23/J23 -> 0.95931818
A24: 新豐7線 | B24: 微波主食 | C24: 二配起司控培根白醬焗烤飯 | E24: 53.68 | F24: 1483 | G24: 79607.44 | I24: 16 | J24: 1500 | K24: =J24/I24 -> 93.75 | L24: 16 | M24: =F24/V24*60 -> 1435.1613 | N24: =M24/L24 -> 89.697581 | O24: =L24-I24 -> 0 | P24: =N24-K24 -> -4.0524194 | Q24: =N24/K24 -> 0.95677419 | S24: 0.78402778 | T24: 0.82708333 | U24: =IF(S24=TIME(17,0,0),"",(S24-T23)*24*60) -> 7 | V24: =(T24-S24)*24*60 -> 62 | AE24: =M24-J24 -> -64.83871 | AF24: =M24/J24 -> 0.95677419
A25: 新豐7線 | B25: 平均 | I25: 14.8 | J25: 1900 | K25: =J25/I25 -> 128.37838 | L25: 14.8 | M25: =AVERAGE(M20:M24) -> 1819.7608 | N25: =M25/L25 -> 122.95681 | O25: =L25-I25 -> 0 | P25: =N25-K25 -> -5.4215642 | Q25: =N25/K25 -> 0.95776887 | Y25: =SUM(Y20:Y24) -> 0 | Z25: =SUM(Z20:Z24) -> 0 | AC25: 5 | AD25: =SUM(AD20:AD24) -> 0 | AE25: =M25-J25 -> -80.239151 | AF25: =M25/J25 -> 0.95776887
A26: 新豐8線 | B26: 三明治 | C26: 紐奧良風味烤雞鮮蔬三明治 | E26: 31.29 | F26: 7481 | G26: 234080.49 | I26: 18 | J26: 2400 | K26: =J26/I26 -> 133.33333 | L26: 18 | M26: =F26/V26*60 -> 2290.102 | N26: =M26/L26 -> 127.22789 | O26: =L26-I26 -> 0 | P26: =N26-K26 -> -6.1054422 | Q26: =N26/K26 -> 0.95420918 | R26: =Q31 -> 0.95974308 | S26: 0.125 | T26: 0.26111111 | V26: =(T26-S26)*24*60 -> 196 | W26: =T26 -> 0.26111111 | X26: =S27 -> 0.27986111 | AC26: 5 | AE26: =M26-J26 -> -109.89796 | AF26: =M26/J26 -> 0.95420918 | AG26: =AF31 -> 0.95974308
A27: 新豐8線 | B27: 三明治 | C27: 好多菜三明治(114年) | E27: 25.98 | F27: 2396 | G27: 62248.08 | I27: 21 | J27: 2400 | K27: =J27/I27 -> 114.28571 | L27: 21 | M27: =F27/V27*60 -> 2318.7097 | N27: =M27/L27 -> 110.41475 | O27: =L27-I27 -> 0 | P27: =N27-K27 -> -3.8709677 | Q27: =N27/K27 -> 0.96612903 | S27: 0.27986111 | T27: 0.32291667 | U27: =(S27-T26)*24*60 -> 27 | V27: =(T27-S27)*24*60 -> 62 | AE27: =M27-J27 -> -81.290323 | AF27: =M27/J27 -> 0.96612903
A28: 新豐8線 | B28: 三明治 | C28: 經典總匯三明治 | E28: 26.2 | F28: 4577 | G28: 119917.4 | I28: 20 | J28: 2400 | K28: =J28/I28 -> 120 | L28: 20 | M28: =F28/V28*60 -> 2288.5 | N28: =M28/L28 -> 114.425 | O28: =L28-I28 -> 0 | P28: =N28-K28 -> -5.575 | Q28: =N28/K28 -> 0.95354167 | S28: 0.32777778 | T28: 0.41111111 | U28: =(S28-T27)*24*60 -> 7 | V28: =(T28-S28)*24*60 -> 120 | AE28: =M28-J28 -> -111.5 | AF28: =M28/J28 -> 0.95354167
A29: 新豐8線 | B29: 三明治 | C29: 雞蛋沙拉三明治(114年) | E29: 25.99 | F29: 3355 | G29: 87196.45 | I29: 14 | J29: 2400 | K29: =J29/I29 -> 171.42857 | L29: 14 | M29: =F29/V29*60 -> 2287.5 | N29: =M29/L29 -> 163.39286 | O29: =L29-I29 -> 0 | P29: =N29-K29 -> -8.0357143 | Q29: =N29/K29 -> 0.953125 | S29: 0.41597222 | T29: 0.47708333 | U29: =(S29-T28)*24*60 -> 7 | V29: =(T29-S29)*24*60 -> 88 | AE29: =M29-J29 -> -112.5 | AF29: =M29/J29 -> 0.953125
A30: 新豐8線 | B30: 三明治 | C30: 陽光地瓜總匯三明治 | E30: 26.18 | F30: 1477 | G30: 38667.86 | I30: 19 | J30: 2400 | K30: =J30/I30 -> 126.31579 | L30: 19 | M30: =F30/V30*60 -> 2332.1053 | N30: =M30/L30 -> 122.74238 | O30: =L30-I30 -> 0 | P30: =N30-K30 -> -3.5734072 | Q30: =N30/K30 -> 0.97171053 | S30: 0.48263889 | T30: 0.50902778 | U30: =(S30-T29)*24*60 -> 8 | V30: =(T30-S30)*24*60 -> 38 | AE30: =M30-J30 -> -67.894737 | AF30: =M30/J30 -> 0.97171053
A31: 新豐8線 | B31: 平均 | I31: 18.4 | J31: 2400 | K31: =J31/I31 -> 130.43478 | L31: 18.4 | M31: =AVERAGE(M26:M30) -> 2303.3834 | N31: =M31/L31 -> 125.18388 | O31: =L31-I31 -> 0 | P31: =N31-K31 -> -5.2509024 | Q31: =N31/K31 -> 0.95974308 | Y31: =SUM(Y26:Y30) -> 0 | Z31: =SUM(Z26:Z30) -> 0 | AC31: 5 | AD31: =SUM(AD26:AD30) -> 0 | AE31: =M31-J31 -> -96.616604 | AF31: =M31/J31 -> 0.95974308
A32: 新豐9線 | B32: 三明治 | C32: 鮪魚起司溏心蛋三明治 | E32: 26.2 | F32: 5226 | G32: 136921.2 | I32: 18 | J32: 2400 | K32: =J32/I32 -> 133.33333 | L32: 18 | M32: =F32/V32*60 -> 2288.7591 | N32: =M32/L32 -> 127.15328 | O32: =L32-I32 -> 0 | P32: =N32-K32 -> -6.1800487 | Q32: =N32/K32 -> 0.95364964 | R32: =Q37 -> 0.95684781 | S32: 0.125 | T32: 0.22013889 | V32: =(T32-S32)*24*60 -> 137 | W32: =T32 -> 0.22013889 | X32: =S33 -> 0.24027778 | AC32: 5 | AE32: =M32-J32 -> -111.24088 | AF32: =M32/J32 -> 0.95364964 | AG32: =AF37 -> 0.95684781
A33: 新豐9線 | B33: 三明治 | C33: 肉鬆火腿三明治 | E33: 20.52 | F33: 3024 | G33: 62052.48 | I33: 18 | J33: 2400 | K33: =J33/I33 -> 133.33333 | L33: 18 | M33: =F33/V33*60 -> 2296.7089 | N33: =M33/L33 -> 127.59494 | O33: =L33-I33 -> 0 | P33: =N33-K33 -> -5.7383966 | Q33: =N33/K33 -> 0.95696203 | S33: 0.24027778 | T33: 0.29513889 | U33: =(S33-T32)*24*60 -> 29 | V33: =(T33-S33)*24*60 -> 79 | AE33: =M33-J33 -> -103.29114 | AF33: =M33/J33 -> 0.95696203
A34: 新豐9線 | B34: 三明治 | C34: 醬燒烤雞三明治 | E34: 26.39 | F34: 4734 | G34: 124930.26 | I34: 19 | J34: 2400 | K34: =J34/I34 -> 126.31579 | L34: 19 | M34: =F34/V34*60 -> 2290.6452 | N34: =M34/L34 -> 120.56027 | O34: =L34-I34 -> 0 | P34: =N34-K34 -> -5.7555178 | Q34: =N34/K34 -> 0.95443548 | S34: 0.30069444 | T34: 0.38680556 | U34: =(S34-T33)*24*60 -> 8 | V34: =(T34-S34)*24*60 -> 124 | AE34: =M34-J34 -> -109.35484 | AF34: =M34/J34 -> 0.95443548
A35: 新豐9線 | B35: 三明治 | C35: 藍莓優格三明治 | E35: 20.21 | F35: 2752 | G35: 55617.92 | I35: 15 | J35: 2400 | K35: =J35/I35 -> 160 | L35: 15 | M35: =F35/V35*60 -> 2293.3333 | N35: =M35/L35 -> 152.88889 | O35: =L35-I35 -> 0 | P35: =N35-K35 -> -7.1111111 | Q35: =N35/K35 -> 0.95555556 | S35: 0.39027778 | T35: 0.44027778 | U35: =(S35-T34)*24*60 -> 5 | V35: =(T35-S35)*24*60 -> 72 | AE35: =M35-J35 -> -106.66667 | AF35: =M35/J35 -> 0.95555556
A36: 新豐9線 | B36: 三明治 | C36: 輕乳酪巧克力三明治 | E36: 20.52 | F36: 2544 | G36: 52202.88 | I36: 18 | J36: 2400 | K36: =J36/I36 -> 133.33333 | L36: 18 | M36: =F36/V36*60 -> 2312.7273 | N36: =M36/L36 -> 128.48485 | O36: =L36-I36 -> 0 | P36: =N36-K36 -> -4.8484848 | Q36: =N36/K36 -> 0.96363636 | S36: 0.44513889 | T36: 0.49097222 | U36: =(S36-T35)*24*60 -> 7 | V36: =(T36-S36)*24*60 -> 66 | AE36: =M36-J36 -> -87.272727 | AF36: =M36/J36 -> 0.96363636
A37: 新豐9線 | B37: 平均 | I37: 17.6 | J37: 2400 | K37: =J37/I37 -> 136.36364 | L37: 17.6 | M37: =AVERAGE(M32:M36) -> 2296.4348 | N37: =M37/L37 -> 130.47925 | O37: =L37-I37 -> 0 | P37: =N37-K37 -> -5.8843892 | Q37: =N37/K37 -> 0.95684781 | Y37: =SUM(Y32:Y36) -> 0 | Z37: =SUM(Z32:Z36) -> 0 | AC37: 5 | AD37: =SUM(AD32:AD36) -> 0 | AE37: =M37-J37 -> -103.56525 | AF37: =M37/J37 -> 0.95684781
A38: 新豐3線 | B38: 調理麵包 | C38: 茄汁薯餅蛋堡 | E38: 34.36 | F38: 2058 | G38: 70712.88 | I38: 10 | J38: 3000 | K38: =J38/I38 -> 300 | L38: 10 | M38: =F38/V38*60 -> 2871.6279 | N38: =M38/L38 -> 287.16279 | O38: =L38-I38 -> 0 | P38: =N38-K38 -> -12.837209 | Q38: =N38/K38 -> 0.9572093 | R38: =Q46 -> 0.95965247 | S38: 0.20833333 | T38: 0.23819444 | V38: =(T38-S38)*24*60 -> 43 | AC38: 8 | AE38: =M38-J38 -> -128.37209 | AF38: =M38/J38 -> 0.9572093 | AG38: =AF46 -> 0.95965247
A39: 新豐3線 | B39: 調理麵包 | C39: 經典雙牛起司堡(113年) | E39: 35.12 | F39: 3300 | G39: 115896 | H39: 2 | I39: 10 | J39: 3000 | K39: =J39/I39 -> 300 | L39: 10 | M39: =F39/V39*60 -> 2869.5652 | N39: =M39/L39 -> 286.95652 | O39: =L39-I39 -> 0 | P39: =N39-K39 -> -13.043478 | Q39: =N39/K39 -> 0.95652174 | S39: 0.24375 | T39: 0.29166667 | U39: =(S39-T38)*24*60 -> 8 | V39: =(T39-S39)*24*60 -> 69 | AE39: =M39-J39 -> -130.43478 | AF39: =M39/J39 -> 0.95652174
A40: 新豐3線 | B40: 調理麵包 | C40: 香雞蛋堡(112年) | E40: 26.78 | F40: 2513 | G40: 67298.14 | I40: 10 | J40: 3000 | K40: =J40/I40 -> 300 | L40: 10 | M40: =F40/V40*60 -> 2899.6154 | N40: =M40/L40 -> 289.96154 | O40: =L40-I40 -> 0 | P40: =N40-K40 -> -10.038462 | Q40: =N40/K40 -> 0.96653846 | S40: 0.29652778 | T40: 0.33263889 | U40: =(S40-T39)*24*60 -> 7 | V40: =(T40-S40)*24*60 -> 52 | AE40: =M40-J40 -> -100.38462 | AF40: =M40/J40 -> 0.96653846
A41: 新豐3線 | B41: 調理麵包 | C41: 豬肉起司堡 | E41: 21.13 | F41: 4524 | G41: 95592.12 | I41: 10 | J41: 3000 | K41: =J41/I41 -> 300 | L41: 10 | M41: =F41/V41*60 -> 2857.2632 | N41: =M41/L41 -> 285.72632 | O41: =L41-I41 -> 0 | P41: =N41-K41 -> -14.273684 | Q41: =N41/K41 -> 0.95242105 | S41: 0.33611111 | T41: 0.40208333 | U41: =(S41-T40)*24*60 -> 5 | V41: =(T41-S41)*24*60 -> 95 | AE41: =M41-J41 -> -142.73684 | AF41: =M41/J41 -> 0.95242105
A42: 新豐3線 | B42: 調理麵包 | C42: 豬肉起司蛋堡 | E42: 27.17 | F42: 3500 | G42: 95095 | H42: 2 | I42: 10 | J42: 3000 | K42: =J42/I42 -> 300 | L42: 10 | M42: =F42/V42*60 -> 2876.7123 | N42: =M42/L42 -> 287.67123 | O42: =L42-I42 -> 0 | P42: =N42-K42 -> -12.328767 | Q42: =N42/K42 -> 0.95890411 | S42: 0.40694444 | T42: 0.45763889 | U42: =(S42-T41)*24*60 -> 7 | V42: =(T42-S42)*24*60 -> 73 | AE42: =M42-J42 -> -123.28767 | AF42: =M42/J42 -> 0.95890411
A43: 新豐3線 | B43: 調理麵包 | C43: 美式雞腿堡 | E43: 35.87 | F43: 3449 | G43: 123715.63 | I43: 9 | J43: 3000 | K43: =J43/I43 -> 333.33333 | L43: 9 | M43: =F43/V43*60 -> 2874.1667 | N43: =M43/L43 -> 319.35185 | O43: =L43-I43 -> 0 | P43: =N43-K43 -> -13.981481 | Q43: =N43/K43 -> 0.95805556 | S43: 0.46319444 | T43: 0.51319444 | U43: =(S43-T42)*24*60 -> 8 | V43: =(T43-S43)*24*60 -> 72 | W43: =T43 -> 0.51319444 | X43: =S44 -> 0.55486111 | AE43: =M43-J43 -> -125.83333 | AF43: =M43/J43 -> 0.95805556
A44: 新豐3線 | B44: 調理麵包 | C44: 豬肉起司蛋堡 | E44: 27.17 | F44: 2375 | G44: 64528.75 | I44: 10 | J44: 3000 | K44: =J44/I44 -> 300 | L44: 10 | M44: =F44/V44*60 -> 2908.1633 | N44: =M44/L44 -> 290.81633 | O44: =L44-I44 -> 0 | P44: =N44-K44 -> -9.1836735 | Q44: =N44/K44 -> 0.96938776 | S44: 0.55486111 | T44: 0.58888889 | U44: =(S44-T43)*24*60 -> 60 | V44: =(T44-S44)*24*60 -> 49 | AE44: =M44-J44 -> -91.836735 | AF44: =M44/J44 -> 0.96938776
A45: 新豐3線 | B45: 調理麵包 | C45: 經典雙牛起司堡(113年) | E45: 35.12 | F45: 2108 | G45: 74032.96 | I45: 10 | J45: 3000 | K45: =J45/I45 -> 300 | L45: 10 | M45: =F45/V45*60 -> 2874.5455 | N45: =M45/L45 -> 287.45455 | O45: =L45-I45 -> 0 | P45: =N45-K45 -> -12.545455 | Q45: =N45/K45 -> 0.95818182 | S45: 0.59444444 | T45: 0.625 | U45: =(S45-T44)*24*60 -> 8 | V45: =(T45-S45)*24*60 -> 44 | AE45: =M45-J45 -> -125.45455 | AF45: =M45/J45 -> 0.95818182
A46: 新豐3線 | B46: 平均 | I46: 9.875 | J46: 3000 | K46: =J46/I46 -> 303.79747 | L46: 9.875 | M46: =AVERAGE(M38:M45) -> 2878.9574 | N46: =M46/L46 -> 291.53999 | O46: =L46-I46 -> 0 | P46: =N46-K46 -> -12.257476 | Q46: =N46/K46 -> 0.95965247 | Y46: =SUM(Y38:Y45) -> 0 | Z46: =SUM(Z38:Z45) -> 0 | AC46: 8 | AD46: =SUM(AD38:AD45) -> 0 | AE46: =M46-J46 -> -121.04258 | AF46: =M46/J46 -> 0.95965247
A47: 新豐1線 | B47: 沙拉 | C47: 莎莎烤雞麵沙拉 | E47: 46 | F47: 1361 | G47: 62606 | I47: 17 | J47: 2000 | K47: =J47/I47 -> 117.64706 | L47: 17 | M47: =F47/V47*60 -> 1944.2857 | N47: =M47/L47 -> 114.36975 | O47: =L47-I47 -> 0 | P47: =N47-K47 -> -3.2773109 | Q47: =N47/K47 -> 0.97214286 | R47: =Q55 -> 0.94703922 | S47: 0.20833333 | T47: 0.2375 | V47: =(T47-S47)*24*60 -> 42 | AC47: 8 | AE47: =M47-J47 -> -55.714286 | AF47: =M47/J47 -> 0.97214286 | AG47: =AF55 -> 0.94703922
A48: 新豐1線 | B48: 微波主食 | C48: 壹號醬雞豚雙拼 | E48: 56.43 | F48: 1616 | G48: 91190.88 | I48: 22 | J48: 2000 | K48: =J48/I48 -> 90.909091 | L48: 22 | M48: =F48/V48*60 -> 1829.434 | N48: =M48/L48 -> 83.156089 | O48: =L48-I48 -> 0 | P48: =N48-K48 -> -7.7530017 | Q48: =N48/K48 -> 0.91471698 | S48: 0.24097222 | T48: 0.27777778 | U48: =IF(S48=TIME(17,0,0),"",(S48-T47)*24*60) -> 5 | V48: =(T48-S48)*24*60 -> 53 | AE48: =M48-J48 -> -170.56604 | AF48: =M48/J48 -> 0.91471698
A49: 新豐1線 | B49: 微波主食 | C49: 好多蒜燒豚飯 | E49: 51.75 | F49: 1370 | G49: 70897.5 | I49: 25 | J49: 2000 | K49: =J49/I49 -> 80 | L49: 25 | M49: =F49/V49*60 -> 1826.6667 | N49: =M49/L49 -> 73.066667 | O49: =L49-I49 -> 0 | P49: =N49-K49 -> -6.9333333 | Q49: =N49/K49 -> 0.91333333 | S49: 0.28263889 | T49: 0.31388889 | U49: =IF(S49=TIME(17,0,0),"",(S49-T48)*24*60) -> 7 | V49: =(T49-S49)*24*60 -> 45 | AE49: =M49-J49 -> -173.33333 | AF49: =M49/J49 -> 0.91333333
A50: 新豐1線 | B50: 微波主食 | C50: 美乃炙烤雞肉飯 | E50: 54.09 | F50: 1077 | G50: 58254.93 | I50: 19 | J50: 2000 | K50: =J50/I50 -> 105.26316 | L50: 19 | M50: =F50/V50*60 -> 1846.2857 | N50: =M50/L50 -> 97.172932 | O50: =L50-I50 -> 0 | P50: =N50-K50 -> -8.0902256 | Q50: =N50/K50 -> 0.92314286 | S50: 0.31736111 | T50: 0.34166667 | U50: =IF(S50=TIME(17,0,0),"",(S50-T49)*24*60) -> 5 | V50: =(T50-S50)*24*60 -> 35 | AE50: =M50-J50 -> -153.71429 | AF50: =M50/J50 -> 0.92314286
A51: 新豐1線 | B51: 微波主食 | C51: 二配香辣醬蒜味香腸蛋炒飯 | E51: 55.56 | F51: 1657 | G51: 92062.92 | I51: 17 | J51: 2000 | K51: =J51/I51 -> 117.64706 | L51: 17 | M51: =F51/V51*60 -> 1911.9231 | N51: =M51/L51 -> 112.46606 | O51: =L51-I51 -> 0 | P51: =N51-K51 -> -5.1809955 | Q51: =N51/K51 -> 0.95596154 | S51: 0.70833333 | T51: 0.74444444 | U51: =IF(S51=TIME(17,0,0),"",(S51-T50)*24*60) | V51: =(T51-S51)*24*60 -> 52 | AE51: =M51-J51 -> -88.076923 | AF51: =M51/J51 -> 0.95596154
A52: 新豐1線 | B52: 微波主食 | C52: 二配香拌海鮮醬肉絲蛋炒飯 | E52: 55.32 | F52: 1174 | G52: 64945.68 | I52: 15 | J52: 2000 | K52: =J52/I52 -> 133.33333 | L52: 15 | M52: =F52/V52*60 -> 1956.6667 | N52: =M52/L52 -> 130.44444 | O52: =L52-I52 -> 0 | P52: =N52-K52 -> -2.8888889 | Q52: =N52/K52 -> 0.97833333 | S52: 0.74861111 | T52: 0.77361111 | U52: =IF(S52=TIME(17,0,0),"",(S52-T51)*24*60) -> 6 | V52: =(T52-S52)*24*60 -> 36 | AE52: =M52-J52 -> -43.333333 | AF52: =M52/J52 -> 0.97833333
A53: 新豐1線 | B53: 微波主食 | C53: 二配鮭魚蛋炒飯 | E53: 54.29 | F53: 1257 | G53: 68242.53 | I53: 20 | J53: 2000 | K53: =J53/I53 -> 100 | L53: 20 | M53: =F53/V53*60 -> 1933.8462 | N53: =M53/L53 -> 96.692308 | O53: =L53-I53 -> 0 | P53: =N53-K53 -> -3.3076923 | Q53: =N53/K53 -> 0.96692308 | S53: 0.77916667 | T53: 0.80625 | U53: =IF(S53=TIME(17,0,0),"",(S53-T52)*24*60) -> 8 | V53: =(T53-S53)*24*60 -> 39 | AE53: =M53-J53 -> -66.153846 | AF53: =M53/J53 -> 0.96692308
A54: 新豐1線 | B54: 微波主食 | C54: 二配粗飽系雞排炒飯(114年) | E54: 57.73 | F54: 858 | G54: 49532.34 | I54: 16 | J54: 1500 | K54: =J54/I54 -> 93.75 | L54: 16 | M54: =F54/V54*60 -> 1430 | N54: =M54/L54 -> 89.375 | O54: =L54-I54 -> 0 | P54: =N54-K54 -> -4.375 | Q54: =N54/K54 -> 0.95333333 | S54: 0.81180556 | T54: 0.83680556 | U54: =IF(S54=TIME(17,0,0),"",(S54-T53)*24*60) -> 8 | V54: =(T54-S54)*24*60 -> 36 | AE54: =M54-J54 -> -70 | AF54: =M54/J54 -> 0.95333333
A55: 新豐1線 | B55: 平均 | I55: 18.875 | J55: 1937.5 | K55: =J55/I55 -> 102.64901 | L55: 18.875 | M55: =AVERAGE(M47:M54) -> 1834.8885 | N55: =M55/L55 -> 97.212635 | O55: =L55-I55 -> 0 | P55: =N55-K55 -> -5.4363712 | Q55: =N55/K55 -> 0.94703922 | Y55: =SUM(Y47:Y54) -> 0 | Z55: =SUM(Z47:Z54) -> 0 | AC55: 8 | AD55: =SUM(AD47:AD54) -> 0 | AE55: =M55-J55 -> -102.61151 | AF55: =M55/J55 -> 0.94703922
A56: 新豐10線 | B56: 沙拉 | C56: 溏心蛋洋芋沙拉 | E56: 26.97 | F56: 2232 | G56: 60197.04 | I56: 8 | J56: 1500 | K56: =J56/I56 -> 187.5 | L56: 8 | M56: =F56/V56*60 -> 1440 | N56: =M56/L56 -> 180 | O56: =L56-I56 -> 0 | P56: =N56-K56 -> -7.5 | Q56: =N56/K56 -> 0.96 | R56: =Q62 -> 0.96189474 | S56: 0.20833333 | T56: 0.27291667 | V56: =(T56-S56)*24*60 -> 93 | AC56: 6 | AE56: =M56-J56 -> -60 | AF56: =M56/J56 -> 0.96 | AG56: =AF62 -> 0.96189474
A57: 新豐10線 | B57: 沙拉 | C57: 焗烤洋芋沙拉 | E57: 27.4 | F57: 721 | G57: 19755.4 | I57: 10 | J57: 1500 | K57: =J57/I57 -> 150 | L57: 10 | M57: =F57/V57*60 -> 1442 | N57: =M57/L57 -> 144.2 | O57: =L57-I57 -> 0 | P57: =N57-K57 -> -5.8 | Q57: =N57/K57 -> 0.96133333 | S57: 0.27638889 | T57: 0.29722222 | U57: =(S57-T56)*24*60 -> 5 | V57: =(T57-S57)*24*60 -> 30 | AE57: =M57-J57 -> -58 | AF57: =M57/J57 -> 0.96133333
A58: 新豐10線 | B58: 調理麵包 | C58: 排骨雞起司炒麵麵包 | E58: 31 | F58: 607 | G58: 18817 | I58: 13 | J58: 2000 | K58: =J58/I58 -> 153.84615 | L58: 13 | M58: =F58/V58*60 -> 1916.8421 | N58: =M58/L58 -> 147.44939 | O58: =L58-I58 -> 0 | P58: =N58-K58 -> -6.3967611 | Q58: =N58/K58 -> 0.95842105 | S58: 0.30138889 | T58: 0.31458333 | U58: =(S58-T57)*24*60 -> 6 | V58: =(T58-S58)*24*60 -> 19 | AE58: =M58-J58 -> -83.157895 | AF58: =M58/J58 -> 0.95842105
A59: 新豐10線 | B59: 調理麵包 | C59: 墨西哥辣醬熱狗堡 | E59: 37.85 | F59: 1820 | G59: 68887 | I59: 12 | J59: 2000 | K59: =J59/I59 -> 166.66667 | L59: 12 | M59: =F59/V59*60 -> 1915.7895 | N59: =M59/L59 -> 159.64912 | O59: =L59-I59 -> 0 | P59: =N59-K59 -> -7.0175439 | Q59: =N59/K59 -> 0.95789474 | S59: 0.31805556 | T59: 0.35763889 | U59: =(S59-T58)*24*60 -> 5 | V59: =(T59-S59)*24*60 -> 57 | AE59: =M59-J59 -> -84.210526 | AF59: =M59/J59 -> 0.95789474
A60: 新豐10線 | B60: 調理麵包 | C60: 厚豆腐蛋白蕈菇豬肉堡 | E60: 34.36 | F60: 1429 | G60: 49100.44 | I60: 10 | J60: 3000 | K60: =J60/I60 -> 300 | L60: 10 | M60: =F60/V60*60 -> 2858 | N60: =M60/L60 -> 285.8 | O60: =L60-I60 -> 0 | P60: =N60-K60 -> -14.2 | Q60: =N60/K60 -> 0.95266667 | S60: 0.36319444 | T60: 0.38402778 | U60: =(S60-T59)*24*60 -> 8 | V60: =(T60-S60)*24*60 -> 30 | AE60: =M60-J60 -> -142 | AF60: =M60/J60 -> 0.95266667
A61: 新豐10線 | B61: 調理麵包 | C61: 黃金雙層鱈魚招財堡 | E61: 44.03 | F61: 733 | G61: 32273.99 | I61: 10 | J61: 3000 | K61: =J61/I61 -> 300 | L61: 10 | M61: =F61/V61*60 -> 2932 | N61: =M61/L61 -> 293.2 | O61: =L61-I61 -> 0 | P61: =N61-K61 -> -6.8 | Q61: =N61/K61 -> 0.97733333 | S61: 0.3875 | T61: 0.39791667 | U61: =(S61-T60)*24*60 -> 5 | V61: =(T61-S61)*24*60 -> 15 | AE61: =M61-J61 -> -68 | AF61: =M61/J61 -> 0.97733333
A62: 新豐10線 | B62: 平均 | I62: 10.5 | J62: 2166.6667 | K62: =J62/I62 -> 206.34921 | L62: 10.5 | M62: =AVERAGE(M56:M61) -> 2084.1053 | N62: =M62/L62 -> 198.48622 | O62: =L62-I62 -> 0 | P62: =N62-K62 -> -7.8629908 | Q62: =N62/K62 -> 0.96189474 | Y62: =SUM(Y56:Y61) -> 0 | Z62: =SUM(Z56:Z61) -> 0 | AC62: 6 | AD62: =SUM(AD56:AD61) -> 0 | AE62: =M62-J62 -> -82.561404 | AF62: =M62/J62 -> 0.96189474
A63: 新豐4線 | B63: 三明治 | C63: 香鬆起司蛋三明治(114年) | E63: 20.2 | F63: 1602 | G63: 32360.4 | I63: 19 | J63: 2400 | K63: =J63/I63 -> 126.31579 | L63: 19 | M63: =F63/V63*60 -> 2288.5714 | N63: =M63/L63 -> 120.45113 | O63: =L63-I63 -> 0 | P63: =N63-K63 -> -5.8646617 | Q63: =N63/K63 -> 0.95357143 | R63: =Q68 -> 0.96082063 | S63: 0.125 | T63: 0.15416667 | V63: =(T63-S63)*24*60 -> 42 | W63: =T63 -> 0.15416667 | X63: =S64 -> 0.17430556 | AC63: 5 | AE63: =M63-J63 -> -111.42857 | AF63: =M63/J63 -> 0.95357143 | AG63: =AF68 -> 0.96082063
A64: 新豐4線 | B64: 三明治 | C64: 瘋狂起司三明治(113年) | E64: 24.45 | F64: 2124 | G64: 51931.8 | I64: 20 | J64: 2400 | K64: =J64/I64 -> 120 | L64: 20 | M64: =F64/V64*60 -> 2317.0909 | N64: =M64/L64 -> 115.85455 | O64: =L64-I64 -> 0 | P64: =N64-K64 -> -4.1454545 | Q64: =N64/K64 -> 0.96545455 | S64: 0.17430556 | T64: 0.2125 | U64: =(S64-T63)*24*60 -> 29 | V64: =(T64-S64)*24*60 -> 55 | AE64: =M64-J64 -> -82.909091 | AF64: =M64/J64 -> 0.96545455
A65: 新豐4線 | B65: 三明治 | C65: 經典火腿玉米蛋三明治 | E65: 24.43 | F65: 5937 | G65: 145040.91 | I65: 14 | J65: 2400 | K65: =J65/I65 -> 171.42857 | L65: 14 | M65: =F65/V65*60 -> 2283.4615 | N65: =M65/L65 -> 163.1044 | O65: =L65-I65 -> 0 | P65: =N65-K65 -> -8.3241758 | Q65: =N65/K65 -> 0.95144231 | S65: 0.21805556 | T65: 0.32638889 | U65: =(S65-T64)*24*60 -> 8 | V65: =(T65-S65)*24*60 -> 156 | AE65: =M65-J65 -> -116.53846 | AF65: =M65/J65 -> 0.95144231
A66: 新豐4線 | B66: 三明治 | C66: 覆盆莓榛果可可三明治 | E66: 22.69 | F66: 627 | G66: 14226.63 | I66: 15 | J66: 2400 | K66: =J66/I66 -> 160 | L66: 15 | M66: =F66/V66*60 -> 2351.25 | N66: =M66/L66 -> 156.75 | O66: =L66-I66 -> 0 | P66: =N66-K66 -> -3.25 | Q66: =N66/K66 -> 0.9796875 | S66: 0.33194444 | T66: 0.34305556 | U66: =(S66-T65)*24*60 -> 8 | V66: =(T66-S66)*24*60 -> 16 | AE66: =M66-J66 -> -48.75 | AF66: =M66/J66 -> 0.9796875
A67: 新豐4線 | B67: 三明治 | C67: 火腿起司蛋三明治 | E67: 19.02 | F67: 7250 | G67: 137895 | I67: 15 | J67: 2400 | K67: =J67/I67 -> 160 | L67: 15 | M67: =F67/V67*60 -> 2289.4737 | N67: =M67/L67 -> 152.63158 | O67: =L67-I67 -> 0 | P67: =N67-K67 -> -7.3684211 | Q67: =N67/K67 -> 0.95394737 | S67: 0.34791667 | T67: 0.47986111 | U67: =(S67-T66)*24*60 -> 7 | V67: =(T67-S67)*24*60 -> 190 | AE67: =M67-J67 -> -110.52632 | AF67: =M67/J67 -> 0.95394737
A68: 新豐4線 | B68: 平均 | I68: 16.6 | J68: 2400 | K68: =J68/I68 -> 144.57831 | L68: 16.6 | M68: =AVERAGE(M63:M67) -> 2305.9695 | N68: =M68/L68 -> 138.91383 | O68: =L68-I68 -> 0 | P68: =N68-K68 -> -5.6644872 | Q68: =N68/K68 -> 0.96082063 | Y68: =SUM(Y63:Y67) -> 0 | Z68: =SUM(Z63:Z67) -> 0 | AC68: 5 | AD68: =SUM(AD63:AD67) -> 0 | AE68: =M68-J68 -> -94.030488 | AF68: =M68/J68 -> 0.96082063

Sheet 0225
B1: 屏榮 新豐廠組合室生產人時性分析
B3: 日期 | C3: =TEXT('0225 4度C'!A2,"yyyy.mm.ddaaaa") -> 2026.02.25星期三 | E3: 訂單量 | F3: ='0225 4度C'!D1 -> 150786 | H3: 營業額 | I3: ='0225 4度C'!F1 -> 5058734.7
B4: 人時性 | C4: 項目 | E4: ➀ | G4: ➁ | I4: ➂ | K4: 異常停線 | M4: 短暫停線
C5: 組合室 | E5: 全溫層 | G5: 4度C-各編組展開 | I5: ③三明治-各編組展開 | K5: 合計次數 | L5: 時間 | M5: 合計次數 | N5: 設備次數
C6: 排關平均 | E6: =AVERAGE(D13:M13) -> 145.74316 | F6: =AVERAGE(D31:O31,D13:J13) -> 149.10495 | G6: =AVERAGE(D13:J13) -> 149.10495 | I6: =AVERAGE(K13:M13) -> 137.89897 | K6: ='0225 4度C'!Y2 -> 0 | L6: ='0225 4度C'!Z2 -> 0 | M6: ='0225 4度C'!AC2 -> 61 | N6: ='0225 4度C'!AD2 -> 0
C7: 實績平均 | E7: =AVERAGE(D14:M14) -> 139.84342 | F7: =AVERAGE(D32:O32,D14:J14) -> 143.22592 | G7: =AVERAGE(D14:J14) -> 143.22592 | I7: =AVERAGE(K14:M14) -> 131.95091
C8: 達成率平均 | E8: =AVERAGE(D15:M15) -> 0.95889867 | F8: =AVERAGE(D15:J15,D33:O33) -> 0.95981637 | G8: =AVERAGE(D15:J15) -> 0.95981637 | I8: =AVERAGE(K15:M15) -> 0.95675736
K9: ※現行日本鮮食廠以達成率80%為基本(即為現行KPI)
B10: 溫層 | D10: ➁4度C-各編組展開 | K10: ③三明治-各編組展開
B11: 編組 | D11: 1 | E11: 2 | F11: 3 | G11: 4 | H11: 5 | I11: 6 | J11: 7 | K11: 1 | L11: 2 | M11: 3
D12: 新豐6線 | E12: 新豐2線 | F12: 新豐5線 | G12: 新豐7線 | H12: 新豐3線 | I12: 新豐1線 | J12: 新豐10線 | K12: 新豐8線 | L12: 新豐9線 | M12: 新豐4線
B13: 人時性 | C13: 排關 | D13: =SUMIFS('0225 4度C'!$K:$K,'0225 4度C'!$A:$A,"新豐6線",'0225 4度C'!$B:$B,"平均") -> 115.38462 | E13: =SUMIFS('0225 4度C'!$K:$K,'0225 4度C'!$A:$A,"新豐2線",'0225 4度C'!$B:$B,"平均") -> 83.333333 | F13: =SUMIFS('0225 4度C'!$K:$K,'0225 4度C'!$A:$A,"新豐5線",'0225 4度C'!$B:$B,"平均") -> 100 | G13: =SUMIFS('0225 4度C'!$K:$K,'0225 4度C'!$A:$A,"新豐7線",'0225 4度C'!$B:$B,"平均") -> 128.37838 | H13: =SUMIFS('0225 4度C'!$K:$K,'0225 4度C'!$A:$A,"新豐3線",'0225 4度C'!$B:$B,"平均") -> 306.12245 | I13: =SUMIFS('0225 4度C'!$K:$K,'0225 4度C'!$A:$A,"新豐1線",'0225 4度C'!$B:$B,"平均") -> 104.16667 | J13: =SUMIFS('0225 4度C'!$K:$K,'0225 4度C'!$A:$A,"新豐10線",'0225 4度C'!$B:$B,"平均") -> 206.34921 | K13: =SUMIFS('0225 4度C'!$K:$K,'0225 4度C'!$A:$A,"新豐8線",'0225 4度C'!$B:$B,"平均") -> 130.90909 | L13: =SUMIFS('0225 4度C'!$K:$K,'0225 4度C'!$A:$A,"新豐9線",'0225 4度C'!$B:$B,"平均") -> 135.84906 | M13: =SUMIFS('0225 4度C'!$K:$K,'0225 4度C'!$A:$A,"新豐4線",'0225 4度C'!$B:$B,"平均") -> 146.93878
C14: 實績 | D14: =SUMIFS('0225 4度C'!$N:$N,'0225 4度C'!$A:$A,"新豐6線",'0225 4度C'!$B:$B,"平均") -> 111.74329 | E14: =SUMIFS('0225 4度C'!$N:$N,'0225 4度C'!$A:$A,"新豐2線",'0225 4度C'!$B:$B,"平均") -> 79.657317 | F14: =SUMIFS('0225 4度C'!$N:$N,'0225 4度C'!$A:$A,"新豐5線",'0225 4度C'!$B:$B,"平均") -> 95.840226 | G14: =SUMIFS('0225 4度C'!$N:$N,'0225 4度C'!$A:$A,"新豐7線",'0225 4度C'!$B:$B,"平均") -> 123.10656 | H14: =SUMIFS('0225 4度C'!$N:$N,'0225 4度C'!$A:$A,"新豐3線",'0225 4度C'!$B:$B,"平均") -> 293.65137 | I14: =SUMIFS('0225 4度C'!$N:$N,'0225 4度C'!$A:$A,"新豐1線",'0225 4度C'!$B:$B,"平均") -> 99.03742 | J14: =SUMIFS('0225 4度C'!$N:$N,'0225 4度C'!$A:$A,"新豐10線",'0225 4度C'!$B:$B,"平均") -> 199.54527 | K14: =SUMIFS('0225 4度C'!$N:$N,'0225 4度C'!$A:$A,"新豐8線",'0225 4度C'!$B:$B,"平均") -> 125.09958 | L14: =SUMIFS('0225 4度C'!$N:$N,'0225 4度C'!$A:$A,"新豐9線",'0225 4度C'!$B:$B,"平均") -> 129.64462 | M14: =SUMIFS('0225 4度C'!$N:$N,'0225 4度C'!$A:$A,"新豐4線",'0225 4度C'!$B:$B,"平均") -> 141.10851
C15: 達成率 | D15: =D14/D13 -> 0.96844184 | E15: =E14/E13 -> 0.9558878 | F15: =F14/F13 -> 0.95840226 | G15: =G14/G13 -> 0.95893528 | H15: =H14/H13 -> 0.95926113 | I15: =I14/I13 -> 0.95075924 | J15: =J14/J13 -> 0.96702707 | K15: =K14/K13 -> 0.9556218 | ... M15: =M14/M13 -> 0.96032182
B16: 作業 時間 | C16: 開始 | D16: =VLOOKUP("新豐6線",'0225 4度C'!$A:$T,19,0) -> 0.70833333 | E16: =VLOOKUP("新豐2線",'0225 4度C'!$A:$T,19,0) -> 0.20833333 | F16: =VLOOKUP("新豐5線",'0225 4度C'!$A:$T,19,0) -> 0.20833333 | G16: =VLOOKUP("新豐7線",'0225 4度C'!$A:$T,19,0) -> 0.20833333 | H16: =VLOOKUP("新豐3線",'0225 4度C'!$A:$T,19,0) -> 0.20833333 | I16: =VLOOKUP("新豐1線",'0225 4度C'!$A:$T,19,0) -> 0.20833333 | J16: =VLOOKUP("新豐10線",'0225 4度C'!$A:$T,19,0) -> 0.20833333 | K16: =VLOOKUP("新豐8線",'0225 4度C'!$A:$T,19,0) -> 0.125 | L16: =VLOOKUP("新豐9線",'0225 4度C'!$A:$T,19,0) -> 0.125 | M16: =VLOOKUP("新豐4線",'0225 4度C'!$A:$T,19,0) -> 0.125
C17: 結束 | D17: =LOOKUP(2,1/(('0225 4度C'!$A:$A="新豐6線")*('0225 4度C'!$T:$T<>"")),'0225 4度C'!$T:$T) -> 0.84444444 | E17: =LOOKUP(2,1/(('0225 4度C'!$A:$A="新豐2線")*('0225 4度C'!$T:$T<>"")),'0225 4度C'!$T:$T) -> 0.46111111 | F17: =LOOKUP(2,1/(('0225 4度C'!$A:$A="新豐5線")*('0225 4度C'!$T:$T<>"")),'0225 4度C'!$T:$T) -> 0.84097222 | G17: =LOOKUP(2,1/(('0225 4度C'!$A:$A="新豐7線")*('0225 4度C'!$T:$T<>"")),'0225 4度C'!$T:$T) -> 0.83888889 | H17: =LOOKUP(2,1/(('0225 4度C'!$A:$A="新豐3線")*('0225 4度C'!$T:$T<>"")),'0225 4度C'!$T:$T) -> 0.68194444 | I17: =LOOKUP(2,1/(('0225 4度C'!$A:$A="新豐1線")*('0225 4度C'!$T:$T<>"")),'0225 4度C'!$T:$T) -> 0.84583333 | J17: =LOOKUP(2,1/(('0225 4度C'!$A:$A="新豐10線")*('0225 4度C'!$T:$T<>"")),'0225 4度C'!$T:$T) -> 0.42569444 | K17: =LOOKUP(2,1/(('0225 4度C'!$A:$A="新豐8線")*('0225 4度C'!$T:$T<>"")),'0225 4度C'!$T:$T) -> 0.63680556 | L17: =LOOKUP(2,1/(('0225 4度C'!$A:$A="新豐9線")*('0225 4度C'!$T:$T<>"")),'0225 4度C'!$T:$T) -> 0.625 | M17: =LOOKUP(2,1/(('0225 4度C'!$A:$A="新豐4線")*('0225 4度C'!$T:$T<>"")),'0225 4度C'!$T:$T) -> 0.60902778
B18: 產線異常 (5分鐘以上) | C18: 次數 | D18: =SUMIFS('0225 4度C'!$Y:$Y,'0225 4度C'!$A:$A,"新豐6線",'0225 4度C'!$B:$B,"平均") -> 0 | E18: =SUMIFS('0225 4度C'!$Y:$Y,'0225 4度C'!$A:$A,"新豐2線",'0225 4度C'!$B:$B,"平均") -> 0 | F18: =SUMIFS('0225 4度C'!$Y:$Y,'0225 4度C'!$A:$A,"新豐5線",'0225 4度C'!$B:$B,"平均") -> 0 | G18: =SUMIFS('0225 4度C'!$Y:$Y,'0225 4度C'!$A:$A,"新豐7線",'0225 4度C'!$B:$B,"平均") -> 0 | H18: =SUMIFS('0225 4度C'!$Y:$Y,'0225 4度C'!$A:$A,"新豐3線",'0225 4度C'!$B:$B,"平均") -> 0 | I18: =SUMIFS('0225 4度C'!$Y:$Y,'0225 4度C'!$A:$A,"新豐1線",'0225 4度C'!$B:$B,"平均") -> 0 | J18: =SUMIFS('0225 4度C'!$Y:$Y,'0225 4度C'!$A:$A,"新豐10線",'0225 4度C'!$B:$B,"平均") -> 0 | K18: =SUMIFS('0225 4度C'!$Y:$Y,'0225 4度C'!$A:$A,"新豐8線",'0225 4度C'!$B:$B,"平均") -> 0 | L18: =SUMIFS('0225 4度C'!$Y:$Y,'0225 4度C'!$A:$A,"新豐9線",'0225 4度C'!$B:$B,"平均") -> 0 | M18: =SUMIFS('0225 4度C'!$Y:$Y,'0225 4度C'!$A:$A,"新豐4線",'0225 4度C'!$B:$B,"平均") -> 0
C19: 時間/分 | D19: =SUMIFS('0225 4度C'!$Z:$Z,'0225 4度C'!$A:$A,"新豐6線",'0225 4度C'!$B:$B,"平均") -> 0 | E19: =SUMIFS('0225 4度C'!$Z:$Z,'0225 4度C'!$A:$A,"新豐2線",'0225 4度C'!$B:$B,"平均") -> 0 | F19: =SUMIFS('0225 4度C'!$Z:$Z,'0225 4度C'!$A:$A,"新豐5線",'0225 4度C'!$B:$B,"平均") -> 0 | G19: =SUMIFS('0225 4度C'!$Z:$Z,'0225 4度C'!$A:$A,"新豐7線",'0225 4度C'!$B:$B,"平均") -> 0 | H19: =SUMIFS('0225 4度C'!$Z:$Z,'0225 4度C'!$A:$A,"新豐3線",'0225 4度C'!$B:$B,"平均") -> 0 | I19: =SUMIFS('0225 4度C'!$Z:$Z,'0225 4度C'!$A:$A,"新豐1線",'0225 4度C'!$B:$B,"平均") -> 0 | J19: =SUMIFS('0225 4度C'!$Z:$Z,'0225 4度C'!$A:$A,"新豐10線",'0225 4度C'!$B:$B,"平均") -> 0 | K19: =SUMIFS('0225 4度C'!$Z:$Z,'0225 4度C'!$A:$A,"新豐8線",'0225 4度C'!$B:$B,"平均") -> 0 | L19: =SUMIFS('0225 4度C'!$Z:$Z,'0225 4度C'!$A:$A,"新豐9線",'0225 4度C'!$B:$B,"平均") -> 0 | M19: =SUMIFS('0225 4度C'!$Z:$Z,'0225 4度C'!$A:$A,"新豐4線",'0225 4度C'!$B:$B,"平均") -> 0
B20: 短暫停線 (5分鐘以下) | C20: 次數 | D20: =SUMIFS('0225 4度C'!$AC:$AC,'0225 4度C'!$A:$A,"新豐6線",'0225 4度C'!$B:$B,"平均") -> 6 | E20: =SUMIFS('0225 4度C'!$AC:$AC,'0225 4度C'!$A:$A,"新豐2線",'0225 4度C'!$B:$B,"平均") -> 2 | F20: =SUMIFS('0225 4度C'!$AC:$AC,'0225 4度C'!$A:$A,"新豐5線",'0225 4度C'!$B:$B,"平均") -> 5 | G20: =SUMIFS('0225 4度C'!$AC:$AC,'0225 4度C'!$A:$A,"新豐7線",'0225 4度C'!$B:$B,"平均") -> 5 | H20: =SUMIFS('0225 4度C'!$AC:$AC,'0225 4度C'!$A:$A,"新豐3線",'0225 4度C'!$B:$B,"平均") -> 10 | I20: =SUMIFS('0225 4度C'!$AC:$AC,'0225 4度C'!$A:$A,"新豐1線",'0225 4度C'!$B:$B,"平均") -> 9 | J20: =SUMIFS('0225 4度C'!$AC:$AC,'0225 4度C'!$A:$A,"新豐10線",'0225 4度C'!$B:$B,"平均") -> 6 | K20: =SUMIFS('0225 4度C'!$AC:$AC,'0225 4度C'!$A:$A,"新豐8線",'0225 4度C'!$B:$B,"平均") -> 6 | L20: =SUMIFS('0225 4度C'!$AC:$AC,'0225 4度C'!$A:$A,"新豐9線",'0225 4度C'!$B:$B,"平均") -> 6 | M20: =SUMIFS('0225 4度C'!$AC:$AC,'0225 4度C'!$A:$A,"新豐4線",'0225 4度C'!$B:$B,"平均") -> 6
C21: 設備次數 | D21: =SUMIFS('0225 4度C'!$AD:$AD,'0225 4度C'!$A:$A,"新豐6線",'0225 4度C'!$B:$B,"平均") -> 0 | E21: =SUMIFS('0225 4度C'!$AD:$AD,'0225 4度C'!$A:$A,"新豐2線",'0225 4度C'!$B:$B,"平均") -> 0 | F21: =SUMIFS('0225 4度C'!$AD:$AD,'0225 4度C'!$A:$A,"新豐5線",'0225 4度C'!$B:$B,"平均") -> 0 | G21: =SUMIFS('0225 4度C'!$AD:$AD,'0225 4度C'!$A:$A,"新豐7線",'0225 4度C'!$B:$B,"平均") -> 0 | H21: =SUMIFS('0225 4度C'!$AD:$AD,'0225 4度C'!$A:$A,"新豐3線",'0225 4度C'!$B:$B,"平均") -> 0 | I21: =SUMIFS('0225 4度C'!$AD:$AD,'0225 4度C'!$A:$A,"新豐1線",'0225 4度C'!$B:$B,"平均") -> 0 | J21: =SUMIFS('0225 4度C'!$AD:$AD,'0225 4度C'!$A:$A,"新豐10線",'0225 4度C'!$B:$B,"平均") -> 0 | K21: =SUMIFS('0225 4度C'!$AD:$AD,'0225 4度C'!$A:$A,"新豐8線",'0225 4度C'!$B:$B,"平均") -> 0 | L21: =SUMIFS('0225 4度C'!$AD:$AD,'0225 4度C'!$A:$A,"新豐9線",'0225 4度C'!$B:$B,"平均") -> 0 | M21: =SUMIFS('0225 4度C'!$AD:$AD,'0225 4度C'!$A:$A,"新豐4線",'0225 4度C'!$B:$B,"平均") -> 0
B22: 配置人數 | D22: =SUMIFS('0225 4度C'!$I:$I,'0225 4度C'!$A:$A,"新豐6線",'0225 4度C'!$B:$B,"平均") -> 17.333333 | E22: =SUMIFS('0225 4度C'!$I:$I,'0225 4度C'!$A:$A,"新豐2線",'0225 4度C'!$B:$B,"平均") -> 18 | F22: =SUMIFS('0225 4度C'!$I:$I,'0225 4度C'!$A:$A,"新豐5線",'0225 4度C'!$B:$B,"平均") -> 18 | G22: =SUMIFS('0225 4度C'!$I:$I,'0225 4度C'!$A:$A,"新豐7線",'0225 4度C'!$B:$B,"平均") -> 14.8 | H22: =SUMIFS('0225 4度C'!$I:$I,'0225 4度C'!$A:$A,"新豐3線",'0225 4度C'!$B:$B,"平均") -> 9.8 | I22: =SUMIFS('0225 4度C'!$I:$I,'0225 4度C'!$A:$A,"新豐1線",'0225 4度C'!$B:$B,"平均") -> 18.666667 | J22: =SUMIFS('0225 4度C'!$I:$I,'0225 4度C'!$A:$A,"新豐10線",'0225 4度C'!$B:$B,"平均") -> 10.5 | K22: =SUMIFS('0225 4度C'!$I:$I,'0225 4度C'!$A:$A,"新豐8線",'0225 4度C'!$B:$B,"平均") -> 18.333333 | L22: =SUMIFS('0225 4度C'!$I:$I,'0225 4度C'!$A:$A,"新豐9線",'0225 4度C'!$B:$B,"平均") -> 17.666667 | M22: =SUMIFS('0225 4度C'!$I:$I,'0225 4度C'!$A:$A,"新豐4線",'0225 4度C'!$B:$B,"平均") -> 16.333333
B23: 主要應用設備 | D23: ET-55 | E23: 熱縮爐 | F23: L型包裝機 | G23: L型包裝機 | H23: 伺服包裝機 | I23: ET-55 | J23: 伺服包裝機 | K23: 三明治包裝機 | L23: 三明治包裝機 | M23: 三明治包裝機
B24: 次要應用設備 | F24: 圓盤機 | G24: ET-55
B25: 備註 | E25: 握沙拉 | F25: 共用L型包裝機 | H25: 調理麵包 | I25: 炒飯+沙拉 | J25: 調理麵包

Sheet 0225 4度C
A1: 新豐廠四度C日報分析 | C1: 總生產量 | D1: =SUM(F5:F75) -> 150786 | E1: 營業額 | F1: =SUM(G5:G75) -> 5058734.7 | G1: 出勤人數 | H1: =L11+L14+L51+L61+L20+L68+L33+L40+L26+L75 -> 159.43333 | I1: 產線配置圖 | L1: 生產實績 | O1: 人時性差異分析 | S1: 日報登錄 | Y1: 合計 次數 | Z1: 合計 時間/分 | AA1: 產線異常 分析說明(5分鐘以上) | AC1: 合計 次數 | AD1: 合計 設備次數 | AE1: 產能差異分析
A2: 46078 | B2: 星期三 | C2: 人時性 | D2: =AVERAGE(N11,N14,N51,N61,N20,N68,N26,N33,N40,N75) -> 139.84342 | E2: 平均廠價 | F2: =F1/D1 -> 33.549101 | G2: 多次生產數 | H2: =COUNT(H5:H75) -> 7 | Y2: =SUM(Y11+Y14+Y20+Y26+Y33+Y40+Y51+Y61+Y68+Y75) -> 0 | Z2: =SUM(Z11+Z14+Z20+Z26+Z33+Z40+Z51+Z61+Z68+Z75) -> 0 | AC2: 61 | AD2: =SUM(AD11+AD14+AD20+AD26+AD33+AD40+AD51+AD61+AD68+AD75) -> 0
A3: 線別 | B3: 品類 | C3: 品名 | E3: 廠價 | F3: 生產量 | G3: 營收 | H3: 多次 生產 | I3: 人數 | J3: 產能/時 | K3: 人時性 | L3: 人數 | M3: 產能/時 | N3: 人時性 | O3: 人數 | P3: 人時性 | Q3: 達成率 | R3: 達成率平均 | S3: 生產時間 | U3: 換線、休息/分 | V3: 稼動時間/分 | W3: 休息時間 | Y3: 產線異常統計 (5分鐘以上) | AA3: (新豐回填) | AC3: 短暫停線統計 (5分鐘以下) | AE3: 產能/時 | AF3: 達成率 | AG3: 達成率平均
S4: 開始 | T4: 結束 | W4: 開始 | X4: 結束 | Y4: 次數 | Z4: 時間/分 | AC4: 總次數 | AD4: 設備因素(次數)
A5: 新豐6線 | B5: 微波主食 | C5: 二配港式香滑嫩蛋牛肉燴飯 | E5: 50.67 | F5: 1385 | G5: =E5*F5 -> 70177.95 | I5: 17 | J5: 2000 | K5: =J5/I5 -> 117.64706 | L5: 17 | M5: =F5/V5*60 -> 1932.5581 | N5: =M5/L5 -> 113.67989 | O5: =L5-I5 -> 0 | P5: =N5-K5 -> -3.9671683 | Q5: =N5/K5 -> 0.96627907 | R5: =Q11 -> 0.96844184 | S5: 0.70833333 | T5: 0.73819444 | V5: =(T5-S5)*24*60 -> 43 | AC5: 6 | AE5: =M5-J5 -> -67.44186 | AF5: =M5/J5 -> 0.96627907 | AG5: =AF11 -> 0.96844184
A6: 新豐6線 | B6: 微波主食 | C6: 二配美味蟹煲 | E6: 54.09 | F6: 1114 | G6: =E6*F6 -> 60256.26 | I6: 19 | J6: 2000 | K6: =J6/I6 -> 105.26316 | L6: 19 | M6: =F6/V6*60 -> 1909.7143 | N6: =M6/L6 -> 100.51128 | O6: =L6-I6 -> 0 | P6: =N6-K6 -> -4.7518797 | Q6: =N6/K6 -> 0.95485714 | S6: 0.74166667 | T6: 0.76597222 | U6: =IF(S6=TIME(17,0,0),"",(S6-T5)*24*60) -> 5 | V6: =(T6-S6)*24*60 -> 35 | AE6: =M6-J6 -> -90.285714 | AF6: =M6/J6 -> 0.95485714
A7: 新豐6線 | B7: 微波主食 | C7: 二配麻油雞燴飯 | E7: 50.29 | F7: 476 | G7: =E7*F7 -> 23938.04 | I7: 16 | J7: 2000 | K7: =J7/I7 -> 125 | L7: 16 | M7: =F7/V7*60 -> 1904 | N7: =M7/L7 -> 119 | O7: =L7-I7 -> 0 | P7: =N7-K7 -> -6 | Q7: =N7/K7 -> 0.952 | S7: 0.76944444 | T7: 0.77986111 | U7: =IF(S7=TIME(17,0,0),"",(S7-T6)*24*60) -> 5 | V7: =(T7-S7)*24*60 -> 15 | AE7: =M7-J7 -> -96 | AF7: =M7/J7 -> 0.952
A8: 新豐6線 | B8: 微波主食 | C8: 二配紅燒牛肉燴飯 | E8: 57.3 | F8: 1066 | G8: =E8*F8 -> 61081.8 | I8: 15 | J8: 2000 | K8: =J8/I8 -> 133.33333 | L8: 15 | M8: =F8/V8*60 -> 1938.1818 | N8: =M8/L8 -> 129.21212 | O8: =L8-I8 -> 0 | P8: =N8-K8 -> -4.1212121 | Q8: =N8/K8 -> 0.96909091 | S8: 0.78472222 | T8: 0.80763889 | U8: =IF(S8=TIME(17,0,0),"",(S8-T7)*24*60) -> 7 | V8: =(T8-S8)*24*60 -> 33 | AE8: =M8-J8 -> -61.818182 | AF8: =M8/J8 -> 0.96909091
A9: 新豐6線 | B9: 微波主食 | C9: 二配濃蕃茄火腿蛋包飯 | E9: 50.67 | F9: 526 | G9: =E9*F9 -> 26652.42 | I9: 21 | J9: 2000 | K9: =J9/I9 -> 95.238095 | L9: 21 | M9: =F9/V9*60 -> 1972.5 | N9: =M9/L9 -> 93.928571 | O9: =L9-I9 -> 0 | P9: =N9-K9 -> -1.3095238 | Q9: =N9/K9 -> 0.98625 | S9: 0.81180556 | T9: 0.82291667 | U9: =IF(S9=TIME(17,0,0),"",(S9-T8)*24*60) -> 6 | V9: =(T9-S9)*24*60 -> 16 | AE9: =M9-J9 -> -27.5 | AF9: =M9/J9 -> 0.98625
A10: 新豐6線 | B10: 微波主食 | C10: 二配香炒沙茶豬肉飯 | E10: 50.67 | F10: 753 | G10: =E10*F10 -> 38154.51 | I10: 16 | J10: 2000 | K10: =J10/I10 -> 125 | L10: 16 | M10: =F10/V10*60 -> 1964.3478 | N10: =M10/L10 -> 122.77174 | O10: =L10-I10 -> 0 | P10: =N10-K10 -> -2.2282609 | Q10: =N10/K10 -> 0.98217391 | S10: 0.82847222 | T10: 0.84444444 | U10: =IF(S10=TIME(17,0,0),"",(S10-T9)*24*60) -> 8 | V10: =(T10-S10)*24*60 -> 23 | AE10: =M10-J10 -> -35.652174 | AF10: =M10/J10 -> 0.98217391
A11: 新豐6線 | B11: 平均 | I11: 17.333333 | J11: 2000 | K11: =J11/I11 -> 115.38462 | L11: 17.333333 | M11: =AVERAGE(M5:M10) -> 1936.8837 | N11: =M11/L11 -> 111.74329 | O11: =L11-I11 -> 0 | P11: =N11-K11 -> -3.6413263 | Q11: =N11/K11 -> 0.96844184 | Y11: =SUM(Y5:Y10) -> 0 | Z11: =SUM(Z5:Z10) -> 0 | AC11: 6 | AD11: =SUM(AD5:AD10) -> 0 | AE11: =M11-J11 -> -63.116322 | AF11: =M11/J11 -> 0.96844184
A12: 新豐2線 | B12: 沙拉 | C12: 青醬優格雞肉握沙拉(113年) | E12: 39.62 | F12: 3344 | G12: =E12*F12 -> 132489.28 | I12: 19 | J12: 1500 | K12: =J12/I12 -> 78.947368 | L12: 19 | M12: =F12/V12*60 -> 1433.1429 | N12: =M12/L12 -> 75.428571 | O12: =L12-I12 -> 0 | P12: =N12-K12 -> -3.518797 | Q12: =N12/K12 -> 0.95542857 | R12: =Q14 -> 0.9558878 | S12: 0.20833333 | T12: 0.30555556 | V12: =(T12-S12)*24*60 -> 140 | AC12: 2 | AE12: =M12-J12 -> -66.857143 | AF12: =M12/J12 -> 0.95542857 | AG12: =AF14 -> 0.9558878
A13: 新豐2線 | B13: 沙拉 | C13: 青檸烤雞握沙拉(113年) | E13: 39.8 | F13: 5236 | G13: =E13*F13 -> 208392.8 | I13: 17 | J13: 1500 | K13: =J13/I13 -> 88.235294 | L13: 17 | M13: =F13/V13*60 -> 1434.5205 | N13: =M13/L13 -> 84.383562 | O13: =L13-I13 -> 0 | P13: =N13-K13 -> -3.8517325 | Q13: =N13/K13 -> 0.95634703 | S13: 0.30902778 | T13: 0.46111111 | U13: =IF(S13=TIME(17,0,0),"",(S13-T12)*24*60) -> 5 | V13: =(T13-S13)*24*60 -> 219 | AE13: =M13-J13 -> -65.479452 | AF13: =M13/J13 -> 0.95634703
A14: 新豐2線 | B14: 平均 | I14: 18 | J14: 1500 | K14: =J14/I14 -> 83.333333 | L14: 18 | M14: =AVERAGE(M12:M13) -> 1433.8317 | N14: =M14/L14 -> 79.657317 | O14: =L14-I14 -> 0 | P14: =N14-K14 -> -3.6760165 | Q14: =N14/K14 -> 0.9558878 | Y14: =SUM(Y12:Y13) -> 0 | Z14: =SUM(Z12:Z13) -> 0 | AC14: 2 | AD14: =SUM(AD12:AD13) -> 0 | AE14: =M14-J14 -> -66.168297 | AF14: =M14/J14 -> 0.9558878
A15: 新豐5線 | B15: 小吃 | C15: 剝皮辣椒雞湯 | E15: 41 | F15: 2035 | G15: =E15*F15 -> 83435 | I15: 26 | J15: 1500 | K15: =J15/I15 -> 57.692308 | L15: 26 | M15: =F15/V15*60 -> 1436.4706 | N15: =M15/L15 -> 55.248869 | O15: =L15-I15 -> 0 | P15: =N15-K15 -> -2.4434389 | Q15: =N15/K15 -> 0.95764706 | R15: =Q20 -> 0.95840226 | S15: 0.20833333 | T15: 0.26736111 | V15: =(T15-S15)*24*60 -> 85 | AC15: 5 | AE15: =M15-J15 -> -63.529412 | AF15: =M15/J15 -> 0.95764706 | AG15: =AF20 -> 0.95840226
A16: 新豐5線 | B16: 季節調理麵 | C16: 柚子雞白湯拉麵 | E16: 72.4 | F16: 524 | G16: =E16*F16 -> 37937.6 | I16: 18 | J16: 1500 | K16: =J16/I16 -> 83.333333 | L16: 18 | M16: =F16/V16*60 -> 1429.0909 | N16: =M16/L16 -> 79.393939 | O16: =L16-I16 -> 0 | P16: =N16-K16 -> -3.9393939 | Q16: =N16/K16 -> 0.95272727 | S16: 0.27291667 | T16: 0.28819444 | U16: =IF(S16=TIME(17,0,0),"",(S16-T15)*24*60) -> 8 | V16: =(T16-S16)*24*60 -> 22 | AE16: =M16-J16 -> -70.909091 | AF16: =M16/J16 -> 0.95272727
A17: 新豐5線 | B17: 微波主食 | C17: 二配金咖哩濃厚辛口咖哩飯 | E17: 50.98 | F17: 2181 | G17: =E17*F17 -> 111187.38 | I17: 16 | J17: 2000 | K17: =J17/I17 -> 125 | L17: 16 | M17: =F17/V17*60 -> 1924.4118 | N17: =M17/L17 -> 120.27574 | O17: =L17-I17 -> 0 | P17: =N17-K17 -> -4.7242647 | Q17: =N17/K17 -> 0.96220588 | S17: 0.70833333 | T17: 0.75555556 | U17: =IF(S17=TIME(17,0,0),"",(S17-T16)*24*60) | V17: =(T17-S17)*24*60 -> 68 | AE17: =M17-J17 -> -75.588235 | AF17: =M17/J17 -> 0.96220588
A18: 新豐5線 | B18: 微波主食 | C18: 二配金咖哩果香甘口咖哩飯 | E18: 50.92 | F18: 2162 | G18: =E18*F18 -> 110089.04 | I18: 15 | J18: 2000 | K18: =J18/I18 -> 133.33333 | L18: 15 | M18: =F18/V18*60 -> 1907.6471 | N18: =M18/L18 -> 127.17647 | O18: =L18-I18 -> 0 | P18: =N18-K18 -> -6.1568627 | Q18: =N18/K18 -> 0.95382353 | S18: 0.75902778 | T18: 0.80625 | U18: =IF(S18=TIME(17,0,0),"",(S18-T17)*24*60) -> 5 | V18: =(T18-S18)*24*60 -> 68 | AE18: =M18-J18 -> -92.352941 | AF18: =M18/J18 -> 0.95382353
A19: 新豐5線 | B19: 微波主食 | C19: 二配泰式綠咖哩雞 | E19: 50.67 | F19: 1446 | G19: =E19*F19 -> 73268.82 | I19: 15 | J19: 2000 | K19: =J19/I19 -> 133.33333 | L19: 15 | M19: =F19/V19*60 -> 1928 | N19: =M19/L19 -> 128.53333 | O19: =L19-I19 -> 0 | P19: =N19-K19 -> -4.8 | Q19: =N19/K19 -> 0.964 | S19: 0.80972222 | T19: 0.84097222 | U19: =IF(S19=TIME(17,0,0),"",(S19-T18)*24*60) -> 5 | V19: =(T19-S19)*24*60 -> 45 | AE19: =M19-J19 -> -72 | AF19: =M19/J19 -> 0.964
A20: 新豐5線 | B20: 平均 | I20: 18 | J20: 1800 | K20: =J20/I20 -> 100 | L20: 18 | M20: =AVERAGE(M15:M19) -> 1725.1241 | N20: =M20/L20 -> 95.840226 | O20: =L20-I20 -> 0 | P20: =N20-K20 -> -4.1597742 | Q20: =N20/K20 -> 0.95840226 | Y20: =SUM(Y15:Y19) -> 0 | Z20: =SUM(Z15:Z19) -> 0 | AC20: 5 | AD20: =SUM(AD15:AD19) -> 0 | AE20: =M20-J20 -> -74.875936 | AF20: =M20/J20 -> 0.95840226
A21: 新豐7線 | B21: 微波主食 | C21: 鐵板滑蛋炸豬排丼 | E21: 57.73 | F21: 2592 | G21: =E21*F21 -> 149636.16 | I21: 14 | J21: 2000 | K21: =J21/I21 -> 142.85714 | L21: 14 | M21: =F21/V21*60 -> 1920 | N21: =M21/L21 -> 137.14286 | O21: =L21-I21 -> 0 | P21: =N21-K21 -> -5.7142857 | Q21: =N21/K21 -> 0.96 | R21: =Q26 -> 0.95893528 | S21: 0.20833333 | T21: 0.26458333 | V21: =(T21-S21)*24*60 -> 81 | AC21: 5 | AE21: =M21-J21 -> -80 | AF21: =M21/J21 -> 0.96 | AG21: =AF26 -> 0.95893528
A22: 新豐7線 | B22: 微波主食 | C22: 極上炙烤親子丼 | E22: 53.68 | F22: 1438 | G22: =E22*F22 -> 77191.84 | I22: 16 | J22: 2000 | K22: =J22/I22 -> 125 | L22: 16 | M22: =F22/V22*60 -> 1917.3333 | N22: =M22/L22 -> 119.83333 | O22: =L22-I22 -> 0 | P22: =N22-K22 -> -5.1666667 | Q22: =N22/K22 -> 0.95866667 | S22: 0.27013889 | T22: 0.30138889 | U22: =IF(S22=TIME(17,0,0),"",(S22-T21)*24*60) -> 8 | V22: =(T22-S22)*24*60 -> 45 | AE22: =M22-J22 -> -82.666667 | AF22: =M22/J22 -> 0.95866667
A23: 新豐7線 | B23: 微波主食 | C23: 二配川味麻婆燒豆腐燴飯 | E23: 50.49 | F23: 1858 | G23: =E23*F23 -> 93810.42 | I23: 15 | J23: 2000 | K23: =J23/I23 -> 133.33333 | L23: 15 | M23: =F23/V23*60 -> 1922.069 | N23: =M23/L23 -> 128.13793 | O23: =L23-I23 -> 0 | P23: =N23-K23 -> -5.1954023 | Q23: =N23/K23 -> 0.96103448 | S23: 0.70833333 | T23: 0.74861111 | U23: =IF(S23=TIME(17,0,0),"",(S23-T22)*24*60) | V23: =(T23-S23)*24*60 -> 58 | AE23: =M23-J23 -> -77.931034 | AF23: =M23/J23 -> 0.96103448
A24: 新豐7線 | B24: 微波主食 | C24: 二配厚香料咖哩雞排飯 | E24: 57.3 | F24: 1630 | G24: =E24*F24 -> 93399 | I24: 13 | J24: 2000 | K24: =J24/I24 -> 153.84615 | L24: 13 | M24: =F24/V24*60 -> 1917.6471 | N24: =M24/L24 -> 147.51131 | O24: =L24-I24 -> 0 | P24: =N24-K24 -> -6.3348416 | Q24: =N24/K24 -> 0.95882353 | S24: 0.75347222 | T24: 0.78888889 | U24: =IF(S24=TIME(17,0,0),"",(S24-T23)*24*60) -> 7 | V24: =(T24-S24)*24*60 -> 51 | AE24: =M24-J24 -> -82.352941 | AF24: =M24/J24 -> 0.95882353
A25: 新豐7線 | B25: 微波主食 | C25: 二配起司控培根白醬焗烤飯 | E25: 53.68 | F25: 1600 | G25: =E25*F25 -> 85888 | I25: 16 | J25: 1500 | K25: =J25/I25 -> 93.75 | L25: 16 | M25: =F25/V25*60 -> 1432.8358 | N25: =M25/L25 -> 89.552239 | O25: =L25-I25 -> 0 | P25: =N25-K25 -> -4.1977612 | Q25: =N25/K25 -> 0.95522388 | S25: 0.79236111 | T25: 0.83888889 | U25: =IF(S25=TIME(17,0,0),"",(S25-T24)*24*60) -> 5 | V25: =(T25-S25)*24*60 -> 67 | AE25: =M25-J25 -> -67.164179 | AF25: =M25/J25 -> 0.95522388
A26: 新豐7線 | B26: 平均 | I26: 14.8 | J26: 1900 | K26: =J26/I26 -> 128.37838 | L26: 14.8 | M26: =AVERAGE(M21:M25) -> 1821.977 | N26: =M26/L26 -> 123.10656 | O26: =L26-I26 -> 0 | P26: =N26-K26 -> -5.2718219 | Q26: =N26/K26 -> 0.95893528 | Y26: =SUM(Y21:Y25) -> 0 | Z26: =SUM(Z21:Z25) -> 0 | AC26: 5 | AD26: =SUM(AD21:AD25) -> 0 | AE26: =M26-J26 -> -78.022964 | AF26: =M26/J26 -> 0.95893528
A27: 新豐8線 | B27: 三明治 | C27: 紐奧良風味烤雞鮮蔬三明治 | E27: 31.29 | F27: 4500 | G27: =E27*F27 -> 140805 | H27: 2 | I27: 18 | J27: 2400 | K27: =J27/I27 -> 133.33333 | L27: 18 | M27: =F27/V27*60 -> 2288.1356 | N27: =M27/L27 -> 127.11864 | O27: =L27-I27 -> 0 | P27: =N27-K27 -> -6.2146893 | Q27: =N27/K27 -> 0.95338983 | R27: =Q33 -> 0.9556218 | S27: 0.125 | T27: 0.20694444 | V27: =(T27-S27)*24*60 -> 118 | W27: =T27 -> 0.20694444 | X27: =S28 -> 0.22777778 | AC27: 6 | AE27: =M27-J27 -> -111.86441 | AF27: =M27/J27 -> 0.95338983 | AG27: =AF33 -> 0.9556218
A28: 新豐8線 | B28: 三明治 | C28: 好多菜三明治(114年) | E28: 25.98 | F28: 3030 | G28: =E28*F28 -> 78719.4 | I28: 21 | J28: 2400 | K28: =J28/I28 -> 114.28571 | L28: 21 | M28: =F28/V28*60 -> 2301.2658 | N28: =M28/L28 -> 109.58409 | O28: =L28-I28 -> 0 | P28: =N28-K28 -> -4.7016275 | Q28: =N28/K28 -> 0.95886076 | S28: 0.22777778 | T28: 0.28263889 | U28: =(S28-T27)*24*60 -> 30 | V28: =(T28-S28)*24*60 -> 79 | AE28: =M28-J28 -> -98.734177 | AF28: =M28/J28 -> 0.95886076
A29: 新豐8線 | B29: 三明治 | C29: 經典總匯三明治 | E29: 26.2 | F29: 5308 | G29: =E29*F29 -> 139069.6 | I29: 20 | J29: 2400 | K29: =J29/I29 -> 120 | L29: 20 | M29: =F29/V29*60 -> 2291.223 | N29: =M29/L29 -> 114.56115 | O29: =L29-I29 -> 0 | P29: =N29-K29 -> -5.4388489 | Q29: =N29/K29 -> 0.95467626 | S29: 0.28819444 | T29: 0.38472222 | U29: =(S29-T28)*24*60 -> 8 | V29: =(T29-S29)*24*60 -> 139 | AE29: =M29-J29 -> -108.77698 | AF29: =M29/J29 -> 0.95467626
A30: 新豐8線 | B30: 三明治 | C30: 雞蛋沙拉三明治(114年) | E30: 25.99 | F30: 4192 | G30: =E30*F30 -> 108950.08 | I30: 14 | J30: 2400 | K30: =J30/I30 -> 171.42857 | L30: 14 | M30: =F30/V30*60 -> 2286.5455 | N30: =M30/L30 -> 163.32468 | O30: =L30-I30 -> 0 | P30: =N30-K30 -> -8.1038961 | Q30: =N30/K30 -> 0.95272727 | S30: 0.38888889 | T30: 0.46527778 | U30: =(S30-T29)*24*60 -> 6 | V30: =(T30-S30)*24*60 -> 110 | AE30: =M30-J30 -> -113.45455 | AF30: =M30/J30 -> 0.95272727
A31: 新豐8線 | B31: 三明治 | C31: 陽光地瓜總匯三明治 | E31: 26.18 | F31: 2038 | G31: =E31*F31 -> 53354.84 | I31: 19 | J31: 2400 | K31: =J31/I31 -> 126.31579 | L31: 19 | M31: =F31/V31*60 -> 2307.1698 | N31: =M31/L31 -> 121.42999 | O31: =L31-I31 -> 0 | P31: =N31-K31 -> -4.8857994 | Q31: =N31/K31 -> 0.96132075 | S31: 0.46944444 | T31: 0.50625 | U31: =(S31-T30)*24*60 -> 6 | V31: =(T31-S31)*24*60 -> 53 | W31: =T31 -> 0.50625 | X31: =S32 -> 0.54861111 | AE31: =M31-J31 -> -92.830189 | AF31: =M31/J31 -> 0.96132075
A32: 新豐8線 | B32: 三明治 | C32: 紐奧良風味烤雞鮮蔬三明治 | E32: 31.29 | F32: 4840 | G32: =E32*F32 -> 151443.6 | I32: 18 | J32: 2400 | K32: =J32/I32 -> 133.33333 | L32: 18 | M32: =F32/V32*60 -> 2286.6142 | N32: =M32/L32 -> 127.03412 | O32: =L32-I32 -> 0 | P32: =N32-K32 -> -6.2992126 | Q32: =N32/K32 -> 0.95275591 | S32: 0.54861111 | T32: 0.63680556 | U32: =(S32-T31)*24*60 -> 61 | V32: =(T32-S32)*24*60 -> 127 | AE32: =M32-J32 -> -113.38583 | AF32: =M32/J32 -> 0.95275591
A33: 新豐8線 | B33: 平均 | I33: 18.333333 | J33: 2400 | K33: =J33/I33 -> 130.90909 | L33: 18.333333 | M33: =AVERAGE(M27:M32) -> 2293.4923 | N33: =M33/L33 -> 125.09958 | O33: =L33-I33 -> 0 | P33: =N33-K33 -> -5.8095102 | Q33: =N33/K33 -> 0.9556218 | Y33: =SUM(Y27:Y32) -> 0 | Z33: =SUM(Z27:Z32) -> 0 | AC33: 6 | AD33: =SUM(AD27:AD32) -> 0 | AE33: =M33-J33 -> -106.50769 | AF33: =M33/J33 -> 0.9556218
A34: 新豐9線 | B34: 三明治 | C34: 鮪魚起司溏心蛋三明治 | E34: 26.2 | F34: 2900 | G34: =E34*F34 -> 75980 | H34: 2 | I34: 18 | J34: 2400 | K34: =J34/I34 -> 133.33333 | L34: 18 | M34: =F34/V34*60 -> 2289.4737 | N34: =M34/L34 -> 127.19298 | O34: =L34-I34 -> 0 | P34: =N34-K34 -> -6.1403509 | Q34: =N34/K34 -> 0.95394737 | R34: =Q40 -> 0.95432848 | S34: 0.125 | T34: 0.17777778 | V34: =(T34-S34)*24*60 -> 76 | W34: =T34 -> 0.17777778 | X34: =S35 -> 0.19722222 | AC34: 6 | AE34: =M34-J34 -> -110.52632 | AF34: =M34/J34 -> 0.95394737 | AG34: =AF40 -> 0.95432848
A35: 新豐9線 | B35: 三明治 | C35: 肉鬆火腿三明治 | E35: 20.52 | F35: 3995 | G35: =E35*F35 -> 81977.4 | I35: 18 | J35: 2400 | K35: =J35/I35 -> 133.33333 | L35: 18 | M35: =F35/V35*60 -> 2282.8571 | N35: =M35/L35 -> 126.8254 | O35: =L35-I35 -> 0 | P35: =N35-K35 -> -6.5079365 | Q35: =N35/K35 -> 0.95119048 | S35: 0.19722222 | T35: 0.27013889 | U35: =(S35-T34)*24*60 -> 28 | V35: =(T35-S35)*24*60 -> 105 | AE35: =M35-J35 -> -117.14286 | AF35: =M35/J35 -> 0.95119048
A36: 新豐9線 | B36: 三明治 | C36: 醬燒烤雞三明治 | E36: 26.39 | F36: 6063 | G36: =E36*F36 -> 160002.57 | I36: 19 | J36: 2400 | K36: =J36/I36 -> 126.31579 | L36: 19 | M36: =F36/V36*60 -> 2287.9245 | N36: =M36/L36 -> 120.41708 | O36: =L36-I36 -> 0 | P36: =N36-K36 -> -5.898709 | Q36: =N36/K36 -> 0.95330189 | S36: 0.27569444 | T36: 0.38611111 | U36: =(S36-T35)*24*60 -> 8 | V36: =(T36-S36)*24*60 -> 159 | AE36: =M36-J36 -> -112.07547 | AF36: =M36/J36 -> 0.95330189
A37: 新豐9線 | B37: 三明治 | C37: 藍莓優格三明治 | E37: 20.21 | F37: 3285 | G37: =E37*F37 -> 66389.85 | I37: 15 | J37: 2400 | K37: =J37/I37 -> 160 | L37: 15 | M37: =F37/V37*60 -> 2291.8605 | N37: =M37/L37 -> 152.7907 | O37: =L37-I37 -> 0 | P37: =N37-K37 -> -7.2093023 | Q37: =N37/K37 -> 0.95494186 | S37: 0.39027778 | T37: 0.45 | U37: =(S37-T36)*24*60 -> 6 | V37: =(T37-S37)*24*60 -> 86 | AE37: =M37-J37 -> -108.13953 | AF37: =M37/J37 -> 0.95494186
A38: 新豐9線 | B38: 三明治 | C38: 輕乳酪巧克力三明治 | E38: 20.52 | F38: 3071 | G38: =E38*F38 -> 63016.92 | I38: 18 | J38: 2400 | K38: =J38/I38 -> 133.33333 | L38: 18 | M38: =F38/V38*60 -> 2303.25 | N38: =M38/L38 -> 127.95833 | O38: =L38-I38 -> 0 | P38: =N38-K38 -> -5.375 | Q38: =N38/K38 -> 0.9596875 | S38: 0.45347222 | T38: 0.50902778 | U38: =(S38-T37)*24*60 -> 5 | V38: =(T38-S38)*24*60 -> 80 | W38: =T38 -> 0.50902778 | X38: =S39 -> 0.54722222 | AE38: =M38-J38 -> -96.75 | AF38: =M38/J38 -> 0.9596875
A39: 新豐9線 | B39: 三明治 | C39: 鮪魚起司溏心蛋三明治 | E39: 26.2 | F39: 4269 | G39: =E39*F39 -> 111847.8 | I39: 18 | J39: 2400 | K39: =J39/I39 -> 133.33333 | L39: 18 | M39: =F39/V39*60 -> 2286.9643 | N39: =M39/L39 -> 127.05357 | O39: =L39-I39 -> 0 | P39: =N39-K39 -> -6.2797619 | Q39: =N39/K39 -> 0.95290179 | S39: 0.54722222 | T39: 0.625 | U39: =(S39-T38)*24*60 -> 55 | V39: =(T39-S39)*24*60 -> 112 | AE39: =M39-J39 -> -113.03571 | AF39: =M39/J39 -> 0.95290179
A40: 新豐9線 | B40: 平均 | I40: 17.666667 | J40: 2400 | K40: =J40/I40 -> 135.84906 | L40: 17.666667 | M40: =AVERAGE(M34:M39) -> 2290.3884 | N40: =M40/L40 -> 129.64462 | O40: =L40-I40 -> 0 | P40: =N40-K40 -> -6.204433 | Q40: =N40/K40 -> 0.95432848 | Y40: =SUM(Y34:Y39) -> 0 | Z40: =SUM(Z34:Z39) -> 0 | AC40: 6 | AD40: =SUM(AD34:AD39) -> 0 | AE40: =M40-J40 -> -109.61165 | AF40: =M40/J40 -> 0.95432848
A41: 新豐3線 | B41: 調理麵包 | C41: 茄汁薯餅蛋堡 | E41: 34.36 | F41: 2538 | G41: =E41*F41 -> 87205.68 | I41: 10 | J41: 3000 | K41: =J41/I41 -> 300 | L41: 10 | M41: =F41/V41*60 -> 2873.2075 | N41: =M41/L41 -> 287.32075 | O41: =L41-I41 -> 0 | P41: =N41-K41 -> -12.679245 | Q41: =N41/K41 -> 0.95773585 | R41: =Q51 -> 0.95926113 | S41: 0.20833333 | T41: 0.24513889 | V41: =(T41-S41)*24*60 -> 53 | AC41: 10 | AE41: =M41-J41 -> -126.79245 | AF41: =M41/J41 -> 0.95773585 | AG41: =AF51 -> 0.95926113
A42: 新豐3線 | B42: 調理麵包 | C42: 經典雙牛起司堡(113年) | E42: 35.12 | F42: 3700 | G42: =E42*F42 -> 129944 | H42: 2 | I42: 10 | J42: 3000 | K42: =J42/I42 -> 300 | L42: 10 | M42: =F42/V42*60 -> 2883.1169 | N42: =M42/L42 -> 288.31169 | O42: =L42-I42 -> 0 | P42: =N42-K42 -> -11.688312 | Q42: =N42/K42 -> 0.96103896 | S42: 0.24930556 | T42: 0.30277778 | U42: =(S42-T41)*24*60 -> 6 | V42: =(T42-S42)*24*60 -> 77 | AE42: =M42-J42 -> -116.88312 | AF42: =M42/J42 -> 0.96103896
A43: 新豐3線 | B43: 調理麵包 | C43: 香雞蛋堡(112年) | E43: 26.78 | F43: 2875 | G43: =E43*F43 -> 76992.5 | I43: 10 | J43: 3000 | K43: =J43/I43 -> 300 | L43: 10 | M43: =F43/V43*60 -> 2875 | N43: =M43/L43 -> 287.5 | O43: =L43-I43 -> 0 | P43: =N43-K43 -> -12.5 | Q43: =N43/K43 -> 0.95833333 | S43: 0.30694444 | T43: 0.34861111 | U43: =(S43-T42)*24*60 -> 6 | V43: =(T43-S43)*24*60 -> 60 | AE43: =M43-J43 -> -125 | AF43: =M43/J43 -> 0.95833333
A44: 新豐3線 | B44: 調理麵包 | C44: 豬肉起司堡 | E44: 21.13 | F44: 3300 | G44: =E44*F44 -> 69729 | H44: 2 | I44: 10 | J44: 3000 | K44: =J44/I44 -> 300 | L44: 10 | M44: =F44/V44*60 -> 2869.5652 | N44: =M44/L44 -> 286.95652 | O44: =L44-I44 -> 0 | P44: =N44-K44 -> -13.043478 | Q44: =N44/K44 -> 0.95652174 | S44: 0.35277778 | T44: 0.40069444 | U44: =(S44-T43)*24*60 -> 6 | V44: =(T44-S44)*24*60 -> 69 | AE44: =M44-J44 -> -130.43478 | AF44: =M44/J44 -> 0.95652174
A45: 新豐3線 | B45: 調理麵包 | C45: 豬肉起司蛋堡 | E45: 27.17 | F45: 4500 | G45: =E45*F45 -> 122265 | H45: 2 | I45: 10 | J45: 3000 | K45: =J45/I45 -> 300 | L45: 10 | M45: =F45/V45*60 -> 2872.3404 | N45: =M45/L45 -> 287.23404 | O45: =L45-I45 -> 0 | P45: =N45-K45 -> -12.765957 | Q45: =N45/K45 -> 0.95744681 | S45: 0.40555556 | T45: 0.47083333 | U45: =(S45-T44)*24*60 -> 7 | V45: =(T45-S45)*24*60 -> 94 | AE45: =M45-J45 -> -127.65957 | AF45: =M45/J45 -> 0.95744681
A46: 新豐3線 | B46: 調理麵包 | C46: 美式雞腿堡 | E46: 35.87 | F46: 2000 | G46: =E46*F46 -> 71740 | H46: 2 | I46: 9 | J46: 3000 | K46: =J46/I46 -> 333.33333 | L46: 9 | M46: =F46/V46*60 -> 2857.1429 | N46: =M46/L46 -> 317.46032 | O46: =L46-I46 -> 0 | P46: =N46-K46 -> -15.873016 | Q46: =N46/K46 -> 0.95238095 | S46: 0.475 | T46: 0.50416667 | U46: =(S46-T45)*24*60 -> 6 | V46: =(T46-S46)*24*60 -> 42 | W46: =T46 -> 0.50416667 | X46: =S47 -> 0.54583333 | AE46: =M46-J46 -> -142.85714 | AF46: =M46/J46 -> 0.95238095
A47: 新豐3線 | B47: 調理麵包 | C47: 美式雞腿堡 | E47: 35.87 | F47: 2012 | G47: =E47*F47 -> 72170.44 | I47: 9 | J47: 3000 | K47: =J47/I47 -> 333.33333 | L47: 9 | M47: =F47/V47*60 -> 2874.2857 | N47: =M47/L47 -> 319.36508 | O47: =L47-I47 -> 0 | P47: =N47-K47 -> -13.968254 | Q47: =N47/K47 -> 0.95809524 | S47: 0.54583333 | T47: 0.575 | U47: =(S47-T46)*24*60 -> 60 | V47: =(T47-S47)*24*60 -> 42 | AE47: =M47-J47 -> -125.71429 | AF47: =M47/J47 -> 0.95809524
A48: 新豐3線 | B48: 調理麵包 | C48: 豬肉起司堡 | E48: 21.13 | F48: 1848 | G48: =E48*F48 -> 39048.24 | I48: 10 | J48: 3000 | K48: =J48/I48 -> 300 | L48: 10 | M48: =F48/V48*60 -> 2917.8947 | N48: =M48/L48 -> 291.78947 | O48: =L48-I48 -> 0 | P48: =N48-K48 -> -8.2105263 | Q48: =N48/K48 -> 0.97263158 | S48: 0.57847222 | T48: 0.60486111 | U48: =(S48-T47)*24*60 -> 5 | V48: =(T48-S48)*24*60 -> 38 | AE48: =M48-J48 -> -82.105263 | AF48: =M48/J48 -> 0.97263158
A49: 新豐3線 | B49: 調理麵包 | C49: 豬肉起司蛋堡 | E49: 27.17 | F49: 2341 | G49: =E49*F49 -> 63604.97 | I49: 10 | J49: 3000 | K49: =J49/I49 -> 300 | L49: 10 | M49: =F49/V49*60 -> 2866.5306 | N49: =M49/L49 -> 286.65306 | O49: =L49-I49 -> 0 | P49: =N49-K49 -> -13.346939 | Q49: =N49/K49 -> 0.9555102 | S49: 0.60902778 | T49: 0.64305556 | U49: =(S49-T48)*24*60 -> 6 | V49: =(T49-S49)*24*60 -> 49 | AE49: =M49-J49 -> -133.46939 | AF49: =M49/J49 -> 0.9555102
A50: 新豐3線 | B50: 調理麵包 | C50: 經典雙牛起司堡(113年) | E50: 35.12 | F50: 2311 | G50: =E50*F50 -> 81162.32 | I50: 10 | J50: 3000 | K50: =J50/I50 -> 300 | L50: 10 | M50: =F50/V50*60 -> 2888.75 | N50: =M50/L50 -> 288.875 | O50: =L50-I50 -> 0 | P50: =N50-K50 -> -11.125 | Q50: =N50/K50 -> 0.96291667 | S50: 0.64861111 | T50: 0.68194444 | U50: =(S50-T49)*24*60 -> 8 | V50: =(T50-S50)*24*60 -> 48 | AE50: =M50-J50 -> -111.25 | AF50: =M50/J50 -> 0.96291667
A51: 新豐3線 | B51: 平均 | I51: 9.8 | J51: 3000 | K51: =J51/I51 -> 306.12245 | L51: 9.8 | M51: =AVERAGE(M41:M50) -> 2877.7834 | N51: =M51/L51 -> 293.65137 | O51: =L51-I51 -> 0 | P51: =N51-K51 -> -12.471082 | Q51: =N51/K51 -> 0.95926113 | Y51: =SUM(Y41:Y50) -> 0 | Z51: =SUM(Z41:Z50) -> 0 | AC51: 10 | AD51: =SUM(AD41:AD50) -> 0 | AE51: =M51-J51 -> -122.2166 | AF51: =M51/J51 -> 0.95926113
A52: 新豐1線 | B52: 沙拉 | C52: 蔥鹽雞肉麵沙拉(114年) | E52: 46 | F52: 1598 | G52: =E52*F52 -> 73508 | I52: 17 | J52: 2000 | K52: =J52/I52 -> 117.64706 | L52: 17 | M52: =F52/V52*60 -> 1917.6 | N52: =M52/L52 -> 112.8 | O52: =L52-I52 -> 0 | P52: =N52-K52 -> -4.8470588 | Q52: =N52/K52 -> 0.9588 | R52: =Q61 -> 0.95075924 | S52: 0.20833333 | T52: 0.24305556 | V52: =(T52-S52)*24*60 -> 50 | AC52: 9 | AE52: =M52-J52 -> -82.4 | AF52: =M52/J52 -> 0.9588 | AG52: =AF61 -> 0.95075924
A53: 新豐1線 | B53: 沙拉 | C53: 莎莎烤雞麵沙拉 | E53: 46 | F53: 1734 | G53: =E53*F53 -> 79764 | I53: 17 | J53: 2000 | K53: =J53/I53 -> 117.64706 | L53: 17 | M53: =F53/V53*60 -> 1926.6667 | N53: =M53/L53 -> 113.33333 | O53: =L53-I53 -> 0 | P53: =N53-K53 -> -4.3137255 | Q53: =N53/K53 -> 0.96333333 | S53: 0.24861111 | T53: 0.28611111 | U53: =IF(S53=TIME(17,0,0),"",(S53-T52)*24*60) -> 8 | V53: =(T53-S53)*24*60 -> 54 | AE53: =M53-J53 -> -73.333333 | AF53: =M53/J53 -> 0.96333333
A54: 新豐1線 | B54: 微波主食 | C54: 壹號醬雞豚雙拼 | E54: 56.43 | F54: 1839 | G54: =E54*F54 -> 103774.77 | I54: 22 | J54: 2000 | K54: =J54/I54 -> 90.909091 | L54: 22 | M54: =F54/V54*60 -> 1839 | N54: =M54/L54 -> 83.590909 | O54: =L54-I54 -> 0 | P54: =N54-K54 -> -7.3181818 | Q54: =N54/K54 -> 0.9195 | S54: 0.29166667 | T54: 0.33333333 | U54: =IF(S54=TIME(17,0,0),"",(S54-T53)*24*60) -> 8 | V54: =(T54-S54)*24*60 -> 60 | AE54: =M54-J54 -> -161 | AF54: =M54/J54 -> 0.9195
A55: 新豐1線 | B55: 微波主食 | C55: 好多蒜燒豚飯 | E55: 51.75 | F55: 1509 | G55: =E55*F55 -> 78090.75 | I55: 25 | J55: 2000 | K55: =J55/I55 -> 80 | L55: 25 | M55: =F55/V55*60 -> 1847.7551 | N55: =M55/L55 -> 73.910204 | O55: =L55-I55 -> 0 | P55: =N55-K55 -> -6.0897959 | Q55: =N55/K55 -> 0.92387755 | S55: 0.33888889 | T55: 0.37291667 | U55: =IF(S55=TIME(17,0,0),"",(S55-T54)*24*60) -> 8 | V55: =(T55-S55)*24*60 -> 49 | AE55: =M55-J55 -> -152.2449 | AF55: =M55/J55 -> 0.92387755
A56: 新豐1線 | B56: 微波主食 | C56: 美乃炙烤雞肉飯 | E56: 54.09 | F56: 1162 | G56: =E56*F56 -> 62852.58 | I56: 19 | J56: 2000 | K56: =J56/I56 -> 105.26316 | L56: 19 | M56: =F56/V56*60 -> 1884.3243 | N56: =M56/L56 -> 99.174964 | O56: =L56-I56 -> 0 | P56: =N56-K56 -> -6.0881935 | Q56: =N56/K56 -> 0.94216216 | S56: 0.37708333 | T56: 0.40277778 | U56: =IF(S56=TIME(17,0,0),"",(S56-T55)*24*60) -> 6 | V56: =(T56-S56)*24*60 -> 37 | AE56: =M56-J56 -> -115.67568 | AF56: =M56/J56 -> 0.94216216
A57: 新豐1線 | B57: 微波主食 | C57: 二配香辣醬蒜味香腸蛋炒飯 | E57: 55.56 | F57: 1808 | G57: =E57*F57 -> 100452.48 | I57: 17 | J57: 2000 | K57: =J57/I57 -> 117.64706 | L57: 17 | M57: =F57/V57*60 -> 1903.1579 | N57: =M57/L57 -> 111.95046 | O57: =L57-I57 -> 0 | P57: =N57-K57 -> -5.6965944 | Q57: =N57/K57 -> 0.95157895 | S57: 0.70833333 | T57: 0.74791667 | U57: =IF(S57=TIME(17,0,0),"",(S57-T56)*24*60) | V57: =(T57-S57)*24*60 -> 57 | AE57: =M57-J57 -> -96.842105 | AF57: =M57/J57 -> 0.95157895
A58: 新豐1線 | B58: 微波主食 | C58: 二配香拌海鮮醬肉絲蛋炒飯 | E58: 55.32 | F58: 1281 | G58: =E58*F58 -> 70864.92 | I58: 15 | J58: 2000 | K58: =J58/I58 -> 133.33333 | L58: 15 | M58: =F58/V58*60 -> 1921.5 | N58: =M58/L58 -> 128.1 | O58: =L58-I58 -> 0 | P58: =N58-K58 -> -5.2333333 | Q58: =N58/K58 -> 0.96075 | S58: 0.75208333 | T58: 0.77986111 | U58: =IF(S58=TIME(17,0,0),"",(S58-T57)*24*60) -> 6 | V58: =(T58-S58)*24*60 -> 40 | AE58: =M58-J58 -> -78.5 | AF58: =M58/J58 -> 0.96075
A59: 新豐1線 | B59: 微波主食 | C59: 二配鮭魚蛋炒飯 | E59: 54.29 | F59: 1262 | G59: =E59*F59 -> 68513.98 | I59: 20 | J59: 2000 | K59: =J59/I59 -> 100 | L59: 20 | M59: =F59/V59*60 -> 1941.5385 | N59: =M59/L59 -> 97.076923 | O59: =L59-I59 -> 0 | P59: =N59-K59 -> -2.9230769 | Q59: =N59/K59 -> 0.97076923 | S59: 0.78472222 | T59: 0.81180556 | U59: =IF(S59=TIME(17,0,0),"",(S59-T58)*24*60) -> 7 | V59: =(T59-S59)*24*60 -> 39 | AE59: =M59-J59 -> -58.461538 | AF59: =M59/J59 -> 0.97076923
A60: 新豐1線 | B60: 微波主食 | C60: 二配粗飽系雞排炒飯(114年) | E60: 57.73 | F60: 1044 | G60: =E60*F60 -> 60270.12 | I60: 16 | J60: 1500 | K60: =J60/I60 -> 93.75 | L60: 16 | M60: =F60/V60*60 -> 1456.7442 | N60: =M60/L60 -> 91.046512 | O60: =L60-I60 -> 0 | P60: =N60-K60 -> -2.7034884 | Q60: =N60/K60 -> 0.97116279 | S60: 0.81597222 | T60: 0.84583333 | U60: =IF(S60=TIME(17,0,0),"",(S60-T59)*24*60) -> 6 | V60: =(T60-S60)*24*60 -> 43 | AE60: =M60-J60 -> -43.255814 | AF60: =M60/J60 -> 0.97116279
A61: 新豐1線 | B61: 平均 | I61: 18.666667 | J61: 1944.4444 | K61: =J61/I61 -> 104.16667 | L61: 18.666667 | M61: =AVERAGE(M52:M60) -> 1848.6985 | N61: =M61/L61 -> 99.03742 | O61: =L61-I61 -> 0 | P61: =N61-K61 -> -5.1292462 | Q61: =N61/K61 -> 0.95075924 | Y61: =SUM(Y52:Y60) -> 0 | Z61: =SUM(Z52:Z60) -> 0 | AC61: 9 | AD61: =SUM(AD52:AD60) -> 0 | AE61: =M61-J61 -> -95.745929 | AF61: =M61/J61 -> 0.95075924
A62: 新豐10線 | B62: 沙拉 | C62: 溏心蛋洋芋沙拉 | E62: 26.97 | F62: 2384 | G62: =E62*F62 -> 64296.48 | I62: 8 | J62: 1500 | K62: =J62/I62 -> 187.5 | L62: 8 | M62: =F62/V62*60 -> 1430.4 | N62: =M62/L62 -> 178.8 | O62: =L62-I62 -> 0 | P62: =N62-K62 -> -8.7 | Q62: =N62/K62 -> 0.9536 | R62: =Q68 -> 0.96702707 | S62: 0.20833333 | T62: 0.27777778 | V62: =(T62-S62)*24*60 -> 100 | AC62: 6 | AE62: =M62-J62 -> -69.6 | AF62: =M62/J62 -> 0.9536 | AG62: =AF68 -> 0.96702707
A63: 新豐10線 | B63: 沙拉 | C63: 焗烤洋芋沙拉 | E63: 27.4 | F63: 856 | G63: =E63*F63 -> 23454.4 | I63: 10 | J63: 1500 | K63: =J63/I63 -> 150 | L63: 10 | M63: =F63/V63*60 -> 1467.4286 | N63: =M63/L63 -> 146.74286 | O63: =L63-I63 -> 0 | P63: =N63-K63 -> -3.2571429 | Q63: =N63/K63 -> 0.97828571 | S63: 0.28333333 | T63: 0.30763889 | U63: =(S63-T62)*24*60 -> 8 | V63: =(T63-S63)*24*60 -> 35 | AE63: =M63-J63 -> -32.571429 | AF63: =M63/J63 -> 0.97828571
A64: 新豐10線 | B64: 調理麵包 | C64: 排骨雞起司炒麵麵包 | E64: 31 | F64: 671 | G64: =E64*F64 -> 20801 | I64: 13 | J64: 2000 | K64: =J64/I64 -> 153.84615 | L64: 13 | M64: =F64/V64*60 -> 1917.1429 | N64: =M64/L64 -> 147.47253 | O64: =L64-I64 -> 0 | P64: =N64-K64 -> -6.3736264 | Q64: =N64/K64 -> 0.95857143 | S64: 0.3125 | T64: 0.32708333 | U64: =(S64-T63)*24*60 -> 7 | V64: =(T64-S64)*24*60 -> 21 | AE64: =M64-J64 -> -82.857143 | AF64: =M64/J64 -> 0.95857143
A65: 新豐10線 | B65: 調理麵包 | C65: 墨西哥辣醬熱狗堡 | E65: 37.85 | F65: 2095 | G65: =E65*F65 -> 79295.75 | I65: 12 | J65: 2000 | K65: =J65/I65 -> 166.66667 | L65: 12 | M65: =F65/V65*60 -> 1904.5455 | N65: =M65/L65 -> 158.71212 | O65: =L65-I65 -> 0 | P65: =N65-K65 -> -7.9545455 | Q65: =N65/K65 -> 0.95227273 | S65: 0.33125 | T65: 0.37708333 | U65: =(S65-T64)*24*60 -> 6 | V65: =(T65-S65)*24*60 -> 66 | AE65: =M65-J65 -> -95.454545 | AF65: =M65/J65 -> 0.95227273
A66: 新豐10線 | B66: 調理麵包 | C66: 厚豆腐蛋白蕈菇豬肉堡 | E66: 34.36 | F66: 1782 | G66: =E66*F66 -> 61229.52 | I66: 10 | J66: 3000 | K66: =J66/I66 -> 300 | L66: 10 | M66: =F66/V66*60 -> 2889.7297 | N66: =M66/L66 -> 288.97297 | O66: =L66-I66 -> 0 | P66: =N66-K66 -> -11.027027 | Q66: =N66/K66 -> 0.96324324 | S66: 0.38194444 | T66: 0.40763889 | U66: =(S66-T65)*24*60 -> 7 | V66: =(T66-S66)*24*60 -> 37 | AE66: =M66-J66 -> -110.27027 | AF66: =M66/J66 -> 0.96324324
A67: 新豐10線 | B67: 調理麵包 | C67: 黃金雙層鱈魚招財堡 | E67: 44.03 | F67: 938 | G67: =E67*F67 -> 41300.14 | I67: 10 | J67: 3000 | K67: =J67/I67 -> 300 | L67: 10 | M67: =F67/V67*60 -> 2962.1053 | N67: =M67/L67 -> 296.21053 | O67: =L67-I67 -> 0 | P67: =N67-K67 -> -3.7894737 | Q67: =N67/K67 -> 0.98736842 | S67: 0.4125 | T67: 0.42569444 | U67: =(S67-T66)*24*60 -> 7 | V67: =(T67-S67)*24*60 -> 19 | AE67: =M67-J67 -> -37.894737 | AF67: =M67/J67 -> 0.98736842
A68: 新豐10線 | B68: 平均 | I68: 10.5 | J68: 2166.6667 | K68: =J68/I68 -> 206.34921 | L68: 10.5 | M68: =AVERAGE(M62:M67) -> 2095.2253 | N68: =M68/L68 -> 199.54527 | O68: =L68-I68 -> 0 | P68: =N68-K68 -> -6.8039385 | Q68: =N68/K68 -> 0.96702707 | Y68: =SUM(Y62:Y67) -> 0 | Z68: =SUM(Z62:Z67) -> 0 | AC68: 6 | AD68: =SUM(AD62:AD67) -> 0 | AE68: =M68-J68 -> -71.441354 | AF68: =M68/J68 -> 0.96702707
A69: 新豐4線 | B69: 三明治 | C69: 香鬆起司蛋三明治(114年) | E69: 20.2 | F69: 2193 | G69: =E69*F69 -> 44298.6 | I69: 19 | J69: 2400 | K69: =J69/I69 -> 126.31579 | L69: 19 | M69: =F69/V69*60 -> 2308.4211 | N69: =M69/L69 -> 121.49584 | O69: =L69-I69 -> 0 | P69: =N69-K69 -> -4.8199446 | Q69: =N69/K69 -> 0.96184211 | R69: =Q75 -> 0.96032182 | S69: 0.125 | T69: 0.16458333 | V69: =(T69-S69)*24*60 -> 57 | W69: =T69 -> 0.16458333 | X69: =S70 -> 0.18611111 | AC69: 6 | AE69: =M69-J69 -> -91.578947 | AF69: =M69/J69 -> 0.96184211 | AG69: =AF75 -> 0.96032182
A70: 新豐4線 | B70: 三明治 | C70: 瘋狂起司三明治(113年) | E70: 24.45 | F70: 2883 | G70: =E70*F70 -> 70489.35 | I70: 20 | J70: 2400 | K70: =J70/I70 -> 120 | L70: 20 | M70: =F70/V70*60 -> 2306.4 | N70: =M70/L70 -> 115.32 | O70: =L70-I70 -> 0 | P70: =N70-K70 -> -4.68 | Q70: =N70/K70 -> 0.961 | S70: 0.18611111 | T70: 0.23819444 | U70: =(S70-T69)*24*60 -> 31 | V70: =(T70-S70)*24*60 -> 75 | AE70: =M70-J70 -> -93.6 | AF70: =M70/J70 -> 0.961
A71: 新豐4線 | B71: 三明治 | C71: 經典火腿玉米蛋三明治 | E71: 24.43 | F71: 6948 | G71: =E71*F71 -> 169739.64 | I71: 14 | J71: 2400 | K71: =J71/I71 -> 171.42857 | L71: 14 | M71: =F71/V71*60 -> 2290.5495 | N71: =M71/L71 -> 163.61068 | O71: =L71-I71 -> 0 | P71: =N71-K71 -> -7.8178964 | Q71: =N71/K71 -> 0.9543956 | S71: 0.24236111 | T71: 0.36875 | U71: =(S71-T70)*24*60 -> 6 | V71: =(T71-S71)*24*60 -> 182 | AE71: =M71-J71 -> -109.45055 | AF71: =M71/J71 -> 0.9543956
A72: 新豐4線 | B72: 三明治 | C72: 覆盆莓榛果可可三明治 | E72: 22.69 | F72: 899 | G72: =E72*F72 -> 20398.31 | I72: 15 | J72: 2400 | K72: =J72/I72 -> 160 | L72: 15 | M72: =F72/V72*60 -> 2345.2174 | N72: =M72/L72 -> 156.34783 | O72: =L72-I72 -> 0 | P72: =N72-K72 -> -3.6521739 | Q72: =N72/K72 -> 0.97717391 | S72: 0.37222222 | T72: 0.38819444 | U72: =(S72-T71)*24*60 -> 5 | V72: =(T72-S72)*24*60 -> 23 | AE72: =M72-J72 -> -54.782609 | AF72: =M72/J72 -> 0.97717391
A73: 新豐4線 | B73: 三明治 | C73: 火腿起司蛋三明治 | E73: 19.02 | F73: 6000 | G73: =E73*F73 -> 114120 | H73: 2 | I73: 15 | J73: 2400 | K73: =J73/I73 -> 160 | L73: 15 | M73: =F73/V73*60 -> 2292.9936 | N73: =M73/L73 -> 152.86624 | O73: =L73-I73 -> 0 | P73: =N73-K73 -> -7.133758 | Q73: =N73/K73 -> 0.95541401 | S73: 0.39236111 | T73: 0.50138889 | U73: =(S73-T72)*24*60 -> 6 | V73: =(T73-S73)*24*60 -> 157 | W73: =T73 -> 0.50138889 | X73: =S74 -> 0.54305556 | AE73: =M73-J73 -> -107.00637 | AF73: =M73/J73 -> 0.95541401
A74: 新豐4線 | B74: 三明治 | C74: 火腿起司蛋三明治 | E74: 19.02 | F74: 3618 | G74: =E74*F74 -> 68814.36 | I74: 15 | J74: 2400 | K74: =J74/I74 -> 160 | L74: 15 | M74: =F74/V74*60 -> 2285.0526 | N74: =M74/L74 -> 152.33684 | O74: =L74-I74 -> 0 | P74: =N74-K74 -> -7.6631579 | Q74: =N74/K74 -> 0.95210526 | S74: 0.54305556 | T74: 0.60902778 | U74: =(S74-T73)*24*60 -> 60 | V74: =(T74-S74)*24*60 -> 95 | AE74: =M74-J74 -> -114.94737 | AF74: =M74/J74 -> 0.95210526
A75: 新豐4線 | B75: 平均 | I75: 16.333333 | J75: 2400 | K75: =J75/I75 -> 146.93878 | L75: 16.333333 | M75: =AVERAGE(M69:M74) -> 2304.7724 | N75: =M75/L75 -> 141.10851 | O75: =L75-I75 -> 0 | P75: =N75-K75 -> -5.8302637 | Q75: =N75/K75 -> 0.96032182 | Y75: =SUM(Y69:Y74) -> 0 | Z75: =SUM(Z69:Z74) -> 0 | AC75: 6 | AD75: =SUM(AD69:AD74) -> 0 | AE75: =M75-J75 -> -95.227641 | AF75: =M75/J75 -> 0.96032182

Sheet 0224
B1: 屏榮 新豐廠組合室生產人時性分析
B3: 日期 | C3: =TEXT('0224 4度C'!A2,"yyyy.mm.ddaaaa") -> 2026.02.24星期二 | E3: 訂單量 | F3: ='0224 4度C'!D1 -> 169697 | H3: 營業額 | I3: ='0224 4度C'!F1 -> 5733922.4
B4: 人時性 | C4: 項目 | E4: ➀ | G4: ➁ | I4: ➂ | K4: 異常停線 | M4: 短暫停線
C5: 組合室 | E5: 全溫層 | G5: 4度C-各編組展開 | I5: ③三明治-各編組展開 | K5: 合計次數 | L5: 時間 | M5: 合計次數 | N5: 設備次數
C6: 排關平均 | E6: =AVERAGE(D13:M13) -> 146.41188 | F6: =AVERAGE(D31:O31,D13:J13) -> 150.50704 | G6: =AVERAGE(D13:J13) -> 150.50704 | I6: =AVERAGE(K13:M13) -> 136.85651 | K6: ='0224 4度C'!Y2 -> 0 | L6: ='0224 4度C'!Z2 -> 0 | M6: ='0224 4度C'!AC2 -> 67 | N6: ='0224 4度C'!AD2 -> 0
C7: 實績平均 | E7: =AVERAGE(D14:M14) -> 140.14645 | F7: =AVERAGE(D32:O32,D14:J14) -> 144.11625 | G7: =AVERAGE(D14:J14) -> 144.11625 | I7: =AVERAGE(K14:M14) -> 130.88359
C8: 達成率平均 | E8: =AVERAGE(D15:M15) -> 0.95698583 | F8: =AVERAGE(D15:J15,D33:O33) -> 0.9572744 | G8: =AVERAGE(D15:J15) -> 0.9572744 | I8: =AVERAGE(K15:M15) -> 0.9563125
K9: ※現行日本鮮食廠以達成率80%為基本(即為現行KPI)
B10: 溫層 | D10: ➁4度C-各編組展開 | K10: ③三明治-各編組展開
B11: 編組 | D11: 1 | E11: 2 | F11: 3 | G11: 4 | H11: 5 | I11: 6 | J11: 7 | K11: 1 | L11: 2 | M11: 3
D12: 新豐6線 | E12: 新豐2線 | F12: 新豐5線 | G12: 新豐7線 | H12: 新豐3線 | I12: 新豐1線 | J12: 新豐10線 | K12: 新豐8線 | L12: 新豐9線 | M12: 新豐4線
B13: 人時性 | C13: 排關 | D13: =SUMIFS('0224 4度C'!$K:$K,'0224 4度C'!$A:$A,"新豐6線",'0224 4度C'!$B:$B,"平均") -> 113.63636 | E13: =SUMIFS('0224 4度C'!$K:$K,'0224 4度C'!$A:$A,"新豐2線",'0224 4度C'!$B:$B,"平均") -> 83.333333 | F13: =SUMIFS('0224 4度C'!$K:$K,'0224 4度C'!$A:$A,"新豐5線",'0224 4度C'!$B:$B,"平均") -> 109.48905 | G13: =SUMIFS('0224 4度C'!$K:$K,'0224 4度C'!$A:$A,"新豐7線",'0224 4度C'!$B:$B,"平均") -> 129.21348 | H13: =SUMIFS('0224 4度C'!$K:$K,'0224 4度C'!$A:$A,"新豐3線",'0224 4度C'!$B:$B,"平均") -> 306.12245 | I13: =SUMIFS('0224 4度C'!$K:$K,'0224 4度C'!$A:$A,"新豐1線",'0224 4度C'!$B:$B,"平均") -> 105.40541 | J13: =SUMIFS('0224 4度C'!$K:$K,'0224 4度C'!$A:$A,"新豐10線",'0224 4度C'!$B:$B,"平均") -> 206.34921 | K13: =SUMIFS('0224 4度C'!$K:$K,'0224 4度C'!$A:$A,"新豐8線",'0224 4度C'!$B:$B,"平均") -> 129.23077 | L13: =SUMIFS('0224 4度C'!$K:$K,'0224 4度C'!$A:$A,"新豐9線",'0224 4度C'!$B:$B,"平均") -> 134.4 | M13: =SUMIFS('0224 4度C'!$K:$K,'0224 4度C'!$A:$A,"新豐4線",'0224 4度C'!$B:$B,"平均") -> 146.93878
C14: 實績 | D14: =SUMIFS('0224 4度C'!$N:$N,'0224 4度C'!$A:$A,"新豐6線",'0224 4度C'!$B:$B,"平均") -> 109.71261 | E14: =SUMIFS('0224 4度C'!$N:$N,'0224 4度C'!$A:$A,"新豐2線",'0224 4度C'!$B:$B,"平均") -> 79.349099 | F14: =SUMIFS('0224 4度C'!$N:$N,'0224 4度C'!$A:$A,"新豐5線",'0224 4度C'!$B:$B,"平均") -> 105.29956 | G14: =SUMIFS('0224 4度C'!$N:$N,'0224 4度C'!$A:$A,"新豐7線",'0224 4度C'!$B:$B,"平均") -> 124.35749 | H14: =SUMIFS('0224 4度C'!$N:$N,'0224 4度C'!$A:$A,"新豐3線",'0224 4度C'!$B:$B,"平均") -> 293.15271 | I14: =SUMIFS('0224 4度C'!$N:$N,'0224 4度C'!$A:$A,"新豐1線",'0224 4度C'!$B:$B,"平均") -> 99.642989 | J14: =SUMIFS('0224 4度C'!$N:$N,'0224 4度C'!$A:$A,"新豐10線",'0224 4度C'!$B:$B,"平均") -> 197.29931 | K14: =SUMIFS('0224 4度C'!$N:$N,'0224 4度C'!$A:$A,"新豐8線",'0224 4度C'!$B:$B,"平均") -> 123.53242 | L14: =SUMIFS('0224 4度C'!$N:$N,'0224 4度C'!$A:$A,"新豐9線",'0224 4度C'!$B:$B,"平均") -> 128.41285 | M14: =SUMIFS('0224 4度C'!$N:$N,'0224 4度C'!$A:$A,"新豐4線",'0224 4度C'!$B:$B,"平均") -> 140.7055
C15: 達成率 | D15: =D14/D13 -> 0.96547093 | E15: =E14/E13 -> 0.95218919 | F15: =F14/F13 -> 0.96173595 | G15: =G14/G13 -> 0.9624188 | H15: =H14/H13 -> 0.95763218 | I15: =I14/I13 -> 0.94533092 | J15: =J14/J13 -> 0.9561428 | K15: =K14/K13 -> 0.95590563 | ... M15: =M14/M13 -> 0.9575791
B16: 作業 時間 | C16: 開始 | D16: =VLOOKUP("新豐6線",'0224 4度C'!$A:$T,19,0) -> 0.70833333 | E16: =VLOOKUP("新豐2線",'0224 4度C'!$A:$T,19,0) -> 0.20833333 | F16: =VLOOKUP("新豐5線",'0224 4度C'!$A:$T,19,0) -> 0.20833333 | G16: =VLOOKUP("新豐7線",'0224 4度C'!$A:$T,19,0) -> 0.20833333 | H16: =VLOOKUP("新豐3線",'0224 4度C'!$A:$T,19,0) -> 0.20833333 | I16: =VLOOKUP("新豐1線",'0224 4度C'!$A:$T,19,0) -> 0.20833333 | J16: =VLOOKUP("新豐10線",'0224 4度C'!$A:$T,19,0) -> 0.20833333 | K16: =VLOOKUP("新豐8線",'0224 4度C'!$A:$T,19,0) -> 0.125 | L16: =VLOOKUP("新豐9線",'0224 4度C'!$A:$T,19,0) -> 0.125 | M16: =VLOOKUP("新豐4線",'0224 4度C'!$A:$T,19,0) -> 0.125
C17: 結束 | D17: =LOOKUP(2,1/(('0224 4度C'!$A:$A="新豐6線")*('0224 4度C'!$T:$T<>"")),'0224 4度C'!$T:$T) -> 0.84236111 | E17: =LOOKUP(2,1/(('0224 4度C'!$A:$A="新豐2線")*('0224 4度C'!$T:$T<>"")),'0224 4度C'!$T:$T) -> 0.51180556 | F17: =LOOKUP(2,1/(('0224 4度C'!$A:$A="新豐5線")*('0224 4度C'!$T:$T<>"")),'0224 4度C'!$T:$T) -> 0.93333333 | G17: =LOOKUP(2,1/(('0224 4度C'!$A:$A="新豐7線")*('0224 4度C'!$T:$T<>"")),'0224 4度C'!$T:$T) -> 0.91041667 | H17: =LOOKUP(2,1/(('0224 4度C'!$A:$A="新豐3線")*('0224 4度C'!$T:$T<>"")),'0224 4度C'!$T:$T) -> 0.71527778 | I17: =LOOKUP(2,1/(('0224 4度C'!$A:$A="新豐1線")*('0224 4度C'!$T:$T<>"")),'0224 4度C'!$T:$T) -> 0.90972222 | J17: =LOOKUP(2,1/(('0224 4度C'!$A:$A="新豐10線")*('0224 4度C'!$T:$T<>"")),'0224 4度C'!$T:$T) -> 0.43888889 | K17: =LOOKUP(2,1/(('0224 4度C'!$A:$A="新豐8線")*('0224 4度C'!$T:$T<>"")),'0224 4度C'!$T:$T) -> 0.68680556 | L17: =LOOKUP(2,1/(('0224 4度C'!$A:$A="新豐9線")*('0224 4度C'!$T:$T<>"")),'0224 4度C'!$T:$T) -> 0.68541667 | M17: =LOOKUP(2,1/(('0224 4度C'!$A:$A="新豐4線")*('0224 4度C'!$T:$T<>"")),'0224 4度C'!$T:$T) -> 0.6625
B18: 產線異常 (5分鐘以上) | C18: 次數 | D18: =SUMIFS('0224 4度C'!$Y:$Y,'0224 4度C'!$A:$A,"新豐6線",'0224 4度C'!$B:$B,"平均") -> 0 | E18: =SUMIFS('0224 4度C'!$Y:$Y,'0224 4度C'!$A:$A,"新豐2線",'0224 4度C'!$B:$B,"平均") -> 0 | F18: =SUMIFS('0224 4度C'!$Y:$Y,'0224 4度C'!$A:$A,"新豐5線",'0224 4度C'!$B:$B,"平均") -> 0 | G18: =SUMIFS('0224 4度C'!$Y:$Y,'0224 4度C'!$A:$A,"新豐7線",'0224 4度C'!$B:$B,"平均") -> 0 | H18: =SUMIFS('0224 4度C'!$Y:$Y,'0224 4度C'!$A:$A,"新豐3線",'0224 4度C'!$B:$B,"平均") -> 0 | I18: =SUMIFS('0224 4度C'!$Y:$Y,'0224 4度C'!$A:$A,"新豐1線",'0224 4度C'!$B:$B,"平均") -> 0 | J18: =SUMIFS('0224 4度C'!$Y:$Y,'0224 4度C'!$A:$A,"新豐10線",'0224 4度C'!$B:$B,"平均") -> 0 | K18: =SUMIFS('0224 4度C'!$Y:$Y,'0224 4度C'!$A:$A,"新豐8線",'0224 4度C'!$B:$B,"平均") -> 0 | L18: =SUMIFS('0224 4度C'!$Y:$Y,'0224 4度C'!$A:$A,"新豐9線",'0224 4度C'!$B:$B,"平均") -> 0 | M18: =SUMIFS('0224 4度C'!$Y:$Y,'0224 4度C'!$A:$A,"新豐4線",'0224 4度C'!$B:$B,"平均") -> 0
C19: 時間/分 | D19: =SUMIFS('0224 4度C'!$Z:$Z,'0224 4度C'!$A:$A,"新豐6線",'0224 4度C'!$B:$B,"平均") -> 0 | E19: =SUMIFS('0224 4度C'!$Z:$Z,'0224 4度C'!$A:$A,"新豐2線",'0224 4度C'!$B:$B,"平均") -> 0 | F19: =SUMIFS('0224 4度C'!$Z:$Z,'0224 4度C'!$A:$A,"新豐5線",'0224 4度C'!$B:$B,"平均") -> 0 | G19: =SUMIFS('0224 4度C'!$Z:$Z,'0224 4度C'!$A:$A,"新豐7線",'0224 4度C'!$B:$B,"平均") -> 0 | H19: =SUMIFS('0224 4度C'!$Z:$Z,'0224 4度C'!$A:$A,"新豐3線",'0224 4度C'!$B:$B,"平均") -> 0 | I19: =SUMIFS('0224 4度C'!$Z:$Z,'0224 4度C'!$A:$A,"新豐1線",'0224 4度C'!$B:$B,"平均") -> 0 | J19: =SUMIFS('0224 4度C'!$Z:$Z,'0224 4度C'!$A:$A,"新豐10線",'0224 4度C'!$B:$B,"平均") -> 0 | K19: =SUMIFS('0224 4度C'!$Z:$Z,'0224 4度C'!$A:$A,"新豐8線",'0224 4度C'!$B:$B,"平均") -> 0 | L19: =SUMIFS('0224 4度C'!$Z:$Z,'0224 4度C'!$A:$A,"新豐9線",'0224 4度C'!$B:$B,"平均") -> 0 | M19: =SUMIFS('0224 4度C'!$Z:$Z,'0224 4度C'!$A:$A,"新豐4線",'0224 4度C'!$B:$B,"平均") -> 0
B20: 短暫停線 (5分鐘以下) | C20: 次數 | D20: =SUMIFS('0224 4度C'!$AC:$AC,'0224 4度C'!$A:$A,"新豐6線",'0224 4度C'!$B:$B,"平均") -> 5 | E20: =SUMIFS('0224 4度C'!$AC:$AC,'0224 4度C'!$A:$A,"新豐2線",'0224 4度C'!$B:$B,"平均") -> 2 | F20: =SUMIFS('0224 4度C'!$AC:$AC,'0224 4度C'!$A:$A,"新豐5線",'0224 4度C'!$B:$B,"平均") -> 8 | G20: =SUMIFS('0224 4度C'!$AC:$AC,'0224 4度C'!$A:$A,"新豐7線",'0224 4度C'!$B:$B,"平均") -> 6 | H20: =SUMIFS('0224 4度C'!$AC:$AC,'0224 4度C'!$A:$A,"新豐3線",'0224 4度C'!$B:$B,"平均") -> 10 | I20: =SUMIFS('0224 4度C'!$AC:$AC,'0224 4度C'!$A:$A,"新豐1線",'0224 4度C'!$B:$B,"平均") -> 10 | J20: =SUMIFS('0224 4度C'!$AC:$AC,'0224 4度C'!$A:$A,"新豐10線",'0224 4度C'!$B:$B,"平均") -> 6 | K20: =SUMIFS('0224 4度C'!$AC:$AC,'0224 4度C'!$A:$A,"新豐8線",'0224 4度C'!$B:$B,"平均") -> 7 | L20: =SUMIFS('0224 4度C'!$AC:$AC,'0224 4度C'!$A:$A,"新豐9線",'0224 4度C'!$B:$B,"平均") -> 7 | M20: =SUMIFS('0224 4度C'!$AC:$AC,'0224 4度C'!$A:$A,"新豐4線",'0224 4度C'!$B:$B,"平均") -> 6
C21: 設備次數 | D21: =SUMIFS('0224 4度C'!$AD:$AD,'0224 4度C'!$A:$A,"新豐6線",'0224 4度C'!$B:$B,"平均") -> 0 | E21: =SUMIFS('0224 4度C'!$AD:$AD,'0224 4度C'!$A:$A,"新豐2線",'0224 4度C'!$B:$B,"平均") -> 0 | F21: =SUMIFS('0224 4度C'!$AD:$AD,'0224 4度C'!$A:$A,"新豐5線",'0224 4度C'!$B:$B,"平均") -> 0 | G21: =SUMIFS('0224 4度C'!$AD:$AD,'0224 4度C'!$A:$A,"新豐7線",'0224 4度C'!$B:$B,"平均") -> 0 | H21: =SUMIFS('0224 4度C'!$AD:$AD,'0224 4度C'!$A:$A,"新豐3線",'0224 4度C'!$B:$B,"平均") -> 0 | I21: =SUMIFS('0224 4度C'!$AD:$AD,'0224 4度C'!$A:$A,"新豐1線",'0224 4度C'!$B:$B,"平均") -> 0 | J21: =SUMIFS('0224 4度C'!$AD:$AD,'0224 4度C'!$A:$A,"新豐10線",'0224 4度C'!$B:$B,"平均") -> 0 | K21: =SUMIFS('0224 4度C'!$AD:$AD,'0224 4度C'!$A:$A,"新豐8線",'0224 4度C'!$B:$B,"平均") -> 0 | L21: =SUMIFS('0224 4度C'!$AD:$AD,'0224 4度C'!$A:$A,"新豐9線",'0224 4度C'!$B:$B,"平均") -> 0 | M21: =SUMIFS('0224 4度C'!$AD:$AD,'0224 4度C'!$A:$A,"新豐4線",'0224 4度C'!$B:$B,"平均") -> 0
B22: 配置人數 | D22: =SUMIFS('0224 4度C'!$I:$I,'0224 4度C'!$A:$A,"新豐6線",'0224 4度C'!$B:$B,"平均") -> 17.6 | E22: =SUMIFS('0224 4度C'!$I:$I,'0224 4度C'!$A:$A,"新豐2線",'0224 4度C'!$B:$B,"平均") -> 18 | F22: =SUMIFS('0224 4度C'!$I:$I,'0224 4度C'!$A:$A,"新豐5線",'0224 4度C'!$B:$B,"平均") -> 17.125 | G22: =SUMIFS('0224 4度C'!$I:$I,'0224 4度C'!$A:$A,"新豐7線",'0224 4度C'!$B:$B,"平均") -> 14.833333 | H22: =SUMIFS('0224 4度C'!$I:$I,'0224 4度C'!$A:$A,"新豐3線",'0224 4度C'!$B:$B,"平均") -> 9.8 | I22: =SUMIFS('0224 4度C'!$I:$I,'0224 4度C'!$A:$A,"新豐1線",'0224 4度C'!$B:$B,"平均") -> 18.5 | J22: =SUMIFS('0224 4度C'!$I:$I,'0224 4度C'!$A:$A,"新豐10線",'0224 4度C'!$B:$B,"平均") -> 10.5 | K22: =SUMIFS('0224 4度C'!$I:$I,'0224 4度C'!$A:$A,"新豐8線",'0224 4度C'!$B:$B,"平均") -> 18.571429 | L22: =SUMIFS('0224 4度C'!$I:$I,'0224 4度C'!$A:$A,"新豐9線",'0224 4度C'!$B:$B,"平均") -> 17.857143 | M22: =SUMIFS('0224 4度C'!$I:$I,'0224 4度C'!$A:$A,"新豐4線",'0224 4度C'!$B:$B,"平均") -> 16.333333
B23: 主要應用設備 | D23: ET-55 | E23: 熱縮爐 | F23: L型包裝機 | G23: L型包裝機 | H23: 伺服包裝機 | I23: ET-55 | J23: 伺服包裝機 | K23: 三明治包裝機 | L23: 三明治包裝機 | M23: 三明治包裝機
B24: 次要應用設備 | F24: 圓盤機 | G24: ET-55
B25: 備註 | E25: 握沙拉 | F25: 共用L型包裝機 | H25: 調理麵包 | I25: 炒飯+沙拉 | J25: 調理麵包

Sheet 0224 4度C
A1: 新豐廠四度C日報分析 | C1: 總生產量 | D1: =SUM(F5:F81) -> 169697 | E1: 營業額 | F1: =SUM(G5:G81) -> 5733922.4 | G1: 出勤人數 | H1: =L10+L13+L56+L67+L22+L74+L37+L45+L29+L81 -> 159.12024 | I1: 產線配置圖 | L1: 生產實績 | O1: 人時性差異分析 | S1: 日報登錄 | Y1: 合計 次數 | Z1: 合計 時間/分 | AA1: 產線異常 分析說明(5分鐘以上) | AC1: 合計 次數 | AD1: 合計 設備次數 | AE1: 產能差異分析
A2: 46077 | B2: 星期二 | C2: 人時性 | D2: =AVERAGE(N10,N13,N56,N67,N22,N74,N29,N37,N45,N81) -> 140.14645 | E2: 平均廠價 | F2: =F1/D1 -> 33.789179 | G2: 多次生產數 | H2: =COUNT(H5:H81) -> 13 | Y2: =SUM(Y10+Y13+Y22+Y29+Y37+Y45+Y56+Y67+Y74+Y81) -> 0 | Z2: =SUM(Z10+Z13+Z22+Z29+Z37+Z45+Z56+Z67+Z74+Z81) -> 0 | AC2: 67 | AD2: =SUM(AD10+AD13+AD22+AD29+AD37+AD45+AD56+AD67+AD74+AD81) -> 0
A3: 線別 | B3: 品類 | C3: 品名 | E3: 廠價 | F3: 生產量 | G3: 營收 | H3: 多次 生產 | I3: 人數 | J3: 產能/時 | K3: 人時性 | L3: 人數 | M3: 產能/時 | N3: 人時性 | O3: 人數 | P3: 人時性 | Q3: 達成率 | R3: 達成率平均 | S3: 生產時間 | U3: 換線、休息/分 | V3: 稼動時間/分 | W3: 休息時間 | Y3: 產線異常統計 (5分鐘以上) | AA3: (新豐回填) | AC3: 短暫停線統計 (5分鐘以下) | AE3: 產能/時 | AF3: 達成率 | AG3: 達成率平均
S4: 開始 | T4: 結束 | W4: 開始 | X4: 結束 | Y4: 次數 | Z4: 時間/分 | AC4: 總次數 | AD4: 設備因素(次數)
A5: 新豐6線 | B5: 微波主食 | C5: 二配港式香滑嫩蛋牛肉燴飯 | E5: 50.67 | F5: 1618 | G5: =E5*F5 -> 81984.06 | I5: 17 | J5: 2000 | K5: =J5/I5 -> 117.64706 | L5: 17 | M5: =F5/V5*60 -> 1903.5294 | N5: =M5/L5 -> 111.97232 | O5: =L5-I5 -> 0 | P5: =N5-K5 -> -5.6747405 | Q5: =N5/K5 -> 0.95176471 | R5: =Q10 -> 0.96547093 | S5: 0.70833333 | T5: 0.74375 | V5: =(T5-S5)*24*60 -> 51 | AC5: 5 | AE5: =M5-J5 -> -96.470588 | AF5: =M5/J5 -> 0.95176471 | AG5: =AF10 -> 0.96547093
A6: 新豐6線 | B6: 微波主食 | C6: 二配美味蟹煲 | E6: 54.09 | F6: 1322 | G6: =E6*F6 -> 71506.98 | I6: 19 | J6: 2000 | K6: =J6/I6 -> 105.26316 | L6: 19 | M6: =F6/V6*60 -> 1934.6341 | N6: =M6/L6 -> 101.82285 | O6: =L6-I6 -> 0 | P6: =N6-K6 -> -3.4403081 | Q6: =N6/K6 -> 0.96731707 | S6: 0.74722222 | T6: 0.77569444 | U6: =IF(S6=TIME(17,0,0),"",(S6-T5)*24*60) -> 5 | V6: =(T6-S6)*24*60 -> 41 | AE6: =M6-J6 -> -65.365854 | AF6: =M6/J6 -> 0.96731707
A7: 新豐6線 | B7: 微波主食 | C7: 二配麻油雞燴飯 | E7: 50.29 | F7: 560 | G7: =E7*F7 -> 28162.4 | I7: 16 | J7: 2000 | K7: =J7/I7 -> 125 | L7: 16 | M7: =F7/V7*60 -> 1976.4706 | N7: =M7/L7 -> 123.52941 | O7: =L7-I7 -> 0 | P7: =N7-K7 -> -1.4705882 | Q7: =N7/K7 -> 0.98823529 | S7: 0.77916667 | T7: 0.79097222 | U7: =IF(S7=TIME(17,0,0),"",(S7-T6)*24*60) -> 5 | V7: =(T7-S7)*24*60 -> 17 | AE7: =M7-J7 -> -23.529412 | AF7: =M7/J7 -> 0.98823529
A8: 新豐6線 | B8: 微波主食 | C8: 二配紅燒牛肉燴飯 | E8: 57.3 | F8: 1207 | G8: =E8*F8 -> 69161.1 | I8: 15 | J8: 2000 | K8: =J8/I8 -> 133.33333 | L8: 15 | M8: =F8/V8*60 -> 1905.7895 | N8: =M8/L8 -> 127.05263 | O8: =L8-I8 -> 0 | P8: =N8-K8 -> -6.2807018 | Q8: =N8/K8 -> 0.95289474 | S8: 0.79583333 | T8: 0.82222222 | U8: =IF(S8=TIME(17,0,0),"",(S8-T7)*24*60) -> 7 | V8: =(T8-S8)*24*60 -> 38 | AE8: =M8-J8 -> -94.210526 | AF8: =M8/J8 -> 0.95289474
A9: 新豐6線 | B9: 微波主食 | C9: 二配濃蕃茄火腿蛋包飯 | E9: 50.67 | F9: 677 | G9: =E9*F9 -> 34303.59 | I9: 21 | J9: 2000 | K9: =J9/I9 -> 95.238095 | L9: 21 | M9: =F9/V9*60 -> 1934.2857 | N9: =M9/L9 -> 92.108844 | O9: =L9-I9 -> 0 | P9: =N9-K9 -> -3.1292517 | Q9: =N9/K9 -> 0.96714286 | S9: 0.82777778 | T9: 0.84236111 | U9: =IF(S9=TIME(17,0,0),"",(S9-T8)*24*60) -> 8 | V9: =(T9-S9)*24*60 -> 21 | AE9: =M9-J9 -> -65.714286 | AF9: =M9/J9 -> 0.96714286
A10: 新豐6線 | B10: 平均 | I10: 17.6 | J10: 2000 | K10: =J10/I10 -> 113.63636 | L10: 17.6 | M10: =AVERAGE(M5:M9) -> 1930.9419 | N10: =M10/L10 -> 109.71261 | O10: =L10-I10 -> 0 | P10: =N10-K10 -> -3.9237576 | Q10: =N10/K10 -> 0.96547093 | Y10: =SUM(Y5:Y9) -> 0 | Z10: =SUM(Z5:Z9) -> 0 | AC10: 5 | AD10: =SUM(AD5:AD9) -> 0 | AE10: =M10-J10 -> -69.058133 | AF10: =M10/J10 -> 0.96547093
A11: 新豐2線 | B11: 沙拉 | C11: 青醬優格雞肉握沙拉(113年) | E11: 39.62 | F11: 3785 | G11: =E11*F11 -> 149961.7 | I11: 19 | J11: 1500 | K11: =J11/I11 -> 78.947368 | L11: 19 | M11: =F11/V11*60 -> 1428.3019 | N11: =M11/L11 -> 75.173784 | O11: =L11-I11 -> 0 | P11: =N11-K11 -> -3.7735849 | Q11: =N11/K11 -> 0.95220126 | R11: =Q13 -> 0.95218919 | S11: 0.20833333 | T11: 0.31875 | V11: =(T11-S11)*24*60 -> 159 | AC11: 2 | AE11: =M11-J11 -> -71.698113 | AF11: =M11/J11 -> 0.95220126 | AG11: =AF13 -> 0.95218919
A12: 新豐2線 | B12: 沙拉 | C12: 青檸烤雞握沙拉(113年) | E12: 39.8 | F12: 6451 | G12: =E12*F12 -> 256749.8 | I12: 17 | J12: 1500 | K12: =J12/I12 -> 88.235294 | L12: 17 | M12: =F12/V12*60 -> 1428.2657 | N12: =M12/L12 -> 84.015628 | O12: =L12-I12 -> 0 | P12: =N12-K12 -> -4.2196657 | Q12: =N12/K12 -> 0.95217712 | S12: 0.32361111 | T12: 0.51180556 | U12: =IF(S12=TIME(17,0,0),"",(S12-T11)*24*60) -> 7 | V12: =(T12-S12)*24*60 -> 271 | AE12: =M12-J12 -> -71.734317 | AF12: =M12/J12 -> 0.95217712
A13: 新豐2線 | B13: 平均 | I13: 18 | J13: 1500 | K13: =J13/I13 -> 83.333333 | L13: 18 | M13: =AVERAGE(M11:M12) -> 1428.2838 | N13: =M13/L13 -> 79.349099 | O13: =L13-I13 -> 0 | P13: =N13-K13 -> -3.9842342 | Q13: =N13/K13 -> 0.95218919 | Y13: =SUM(Y11:Y12) -> 0 | Z13: =SUM(Z11:Z12) -> 0 | AC13: 2 | AD13: =SUM(AD11:AD12) -> 0 | AE13: =M13-J13 -> -71.716215 | AF13: =M13/J13 -> 0.95218919
A14: 新豐5線 | B14: 小吃 | C14: 剝皮辣椒雞湯 | E14: 41 | F14: 2242 | G14: =E14*F14 -> 91922 | I14: 26 | J14: 1500 | K14: =J14/I14 -> 57.692308 | L14: 26 | M14: =F14/V14*60 -> 1431.0638 | N14: =M14/L14 -> 55.040917 | O14: =L14-I14 -> 0 | P14: =N14-K14 -> -2.6513912 | Q14: =N14/K14 -> 0.95404255 | R14: =Q22 -> 0.96173595 | S14: 0.20833333 | T14: 0.27361111 | V14: =(T14-S14)*24*60 -> 94 | AC14: 8 | AE14: =M14-J14 -> -68.93617 | AF14: =M14/J14 -> 0.95404255 | AG14: =AF22 -> 0.96173595
A15: 新豐5線 | B15: 季節調理麵 | C15: 柚子雞白湯拉麵 | E15: 72.4 | F15: 563 | G15: =E15*F15 -> 40761.2 | I15: 18 | J15: 1500 | K15: =J15/I15 -> 83.333333 | L15: 18 | M15: =F15/V15*60 -> 1468.6957 | N15: =M15/L15 -> 81.594203 | O15: =L15-I15 -> 0 | P15: =N15-K15 -> -1.7391304 | Q15: =N15/K15 -> 0.97913043 | S15: 0.27847222 | T15: 0.29444444 | U15: =IF(S15=TIME(17,0,0),"",(S15-T14)*24*60) -> 7 | V15: =(T15-S15)*24*60 -> 23 | AE15: =M15-J15 -> -31.304348 | AF15: =M15/J15 -> 0.97913043
A16: 新豐5線 | B16: 微波主食 | C16: 二配金咖哩濃厚辛口咖哩飯 | E16: 50.98 | F16: 1000 | G16: =E16*F16 -> 50980 | H16: 2 | I16: 16 | J16: 2000 | K16: =J16/I16 -> 125 | L16: 16 | M16: =F16/V16*60 -> 1935.4839 | N16: =M16/L16 -> 120.96774 | O16: =L16-I16 -> 0 | P16: =N16-K16 -> -4.0322581 | Q16: =N16/K16 -> 0.96774194 | S16: 0.70833333 | T16: 0.72986111 | U16: =IF(S16=TIME(17,0,0),"",(S16-T15)*24*60) | V16: =(T16-S16)*24*60 -> 31 | AE16: =M16-J16 -> -64.516129 | AF16: =M16/J16 -> 0.96774194
A17: 新豐5線 | B17: 微波主食 | C17: 二配金咖哩果香甘口咖哩飯 | E17: 50.92 | F17: 1000 | G17: =E17*F17 -> 50920 | H17: 2 | I17: 15 | J17: 2000 | K17: =J17/I17 -> 133.33333 | L17: 15 | M17: =F17/V17*60 -> 1935.4839 | N17: =M17/L17 -> 129.03226 | O17: =L17-I17 -> 0 | P17: =N17-K17 -> -4.3010753 | Q17: =N17/K17 -> 0.96774194 | S17: 0.73402778 | T17: 0.75555556 | U17: =IF(S17=TIME(17,0,0),"",(S17-T16)*24*60) -> 6 | V17: =(T17-S17)*24*60 -> 31 | AE17: =M17-J17 -> -64.516129 | AF17: =M17/J17 -> 0.96774194
A18: 新豐5線 | B18: 微波主食 | C18: 二配泰式綠咖哩雞 | E18: 50.67 | F18: 1828 | G18: =E18*F18 -> 92624.76 | I18: 15 | J18: 2000 | K18: =J18/I18 -> 133.33333 | L18: 15 | M18: =F18/V18*60 -> 1924.2105 | N18: =M18/L18 -> 128.2807 | O18: =L18-I18 -> 0 | P18: =N18-K18 -> -5.0526316 | Q18: =N18/K18 -> 0.96210526 | S18: 0.75972222 | T18: 0.79930556 | U18: =IF(S18=TIME(17,0,0),"",(S18-T17)*24*60) -> 6 | V18: =(T18-S18)*24*60 -> 57 | AE18: =M18-J18 -> -75.789474 | AF18: =M18/J18 -> 0.96210526
A19: 新豐5線 | B19: 微波主食 | C19: 二配香炒沙茶豬肉飯 | E19: 50.67 | F19: 894 | G19: =E19*F19 -> 45298.98 | I19: 16 | J19: 2000 | K19: =J19/I19 -> 125 | L19: 16 | M19: =F19/V19*60 -> 1915.7143 | N19: =M19/L19 -> 119.73214 | O19: =L19-I19 -> 0 | P19: =N19-K19 -> -5.2678571 | Q19: =N19/K19 -> 0.95785714 | S19: 0.80347222 | T19: 0.82291667 | U19: =IF(S19=TIME(17,0,0),"",(S19-T18)*24*60) -> 6 | V19: =(T19-S19)*24*60 -> 28 | W19: =T19 -> 0.82291667 | X19: =S20 -> 0.86111111 | AE19: =M19-J19 -> -84.285714 | AF19: =M19/J19 -> 0.95785714
A20: 新豐5線 | B20: 微波主食 | C20: 二配金咖哩果香甘口咖哩飯 | E20: 50.92 | F20: 1588 | G20: =E20*F20 -> 80860.96 | I20: 15 | J20: 2000 | K20: =J20/I20 -> 133.33333 | L20: 15 | M20: =F20/V20*60 -> 1905.6 | N20: =M20/L20 -> 127.04 | O20: =L20-I20 -> 0 | P20: =N20-K20 -> -6.2933333 | Q20: =N20/K20 -> 0.9528 | S20: 0.86111111 | T20: 0.89583333 | U20: =IF(S20=TIME(17,0,0),"",(S20-T19)*24*60) -> 55 | V20: =(T20-S20)*24*60 -> 50 | AE20: =M20-J20 -> -94.4 | AF20: =M20/J20 -> 0.9528
A21: 新豐5線 | B21: 微波主食 | C21: 二配金咖哩濃厚辛口咖哩飯 | E21: 50.98 | F21: 1496 | G21: =E21*F21 -> 76266.08 | I21: 16 | J21: 2000 | K21: =J21/I21 -> 125 | L21: 16 | M21: =F21/V21*60 -> 1909.7872 | N21: =M21/L21 -> 119.3617 | O21: =L21-I21 -> 0 | P21: =N21-K21 -> -5.6382979 | Q21: =N21/K21 -> 0.95489362 | S21: 0.90069444 | T21: 0.93333333 | U21: =IF(S21=TIME(17,0,0),"",(S21-T20)*24*60) -> 7 | V21: =(T21-S21)*24*60 -> 47 | AE21: =M21-J21 -> -90.212766 | AF21: =M21/J21 -> 0.95489362
A22: 新豐5線 | B22: 平均 | I22: 17.125 | J22: 1875 | K22: =J22/I22 -> 109.48905 | L22: 17.125 | M22: =AVERAGE(M14:M21) -> 1803.2549 | N22: =M22/L22 -> 105.29956 | O22: =L22-I22 -> 0 | P22: =N22-K22 -> -4.1894944 | Q22: =N22/K22 -> 0.96173595 | Y22: =SUM(Y14:Y21) -> 0 | Z22: =SUM(Z14:Z21) -> 0 | AC22: 8 | AD22: =SUM(AD14:AD21) -> 0 | AE22: =M22-J22 -> -71.745091 | AF22: =M22/J22 -> 0.96173595
A23: 新豐7線 | B23: 微波主食 | C23: 鐵板滑蛋炸豬排丼 | E23: 57.73 | F23: 3096 | G23: =E23*F23 -> 178732.08 | I23: 14 | J23: 2000 | K23: =J23/I23 -> 142.85714 | L23: 14 | M23: =F23/V23*60 -> 1915.0515 | N23: =M23/L23 -> 136.7894 | O23: =L23-I23 -> 0 | P23: =N23-K23 -> -6.0677467 | Q23: =N23/K23 -> 0.95752577 | R23: =Q29 -> 0.9624188 | S23: 0.20833333 | T23: 0.27569444 | V23: =(T23-S23)*24*60 -> 97 | AC23: 6 | AE23: =M23-J23 -> -84.948454 | AF23: =M23/J23 -> 0.95752577 | AG23: =AF29 -> 0.9624188
A24: 新豐7線 | B24: 微波主食 | C24: 極上炙烤親子丼 | E24: 53.68 | F24: 1604 | G24: =E24*F24 -> 86102.72 | I24: 16 | J24: 2000 | K24: =J24/I24 -> 125 | L24: 16 | M24: =F24/V24*60 -> 1924.8 | N24: =M24/L24 -> 120.3 | O24: =L24-I24 -> 0 | P24: =N24-K24 -> -4.7 | Q24: =N24/K24 -> 0.9624 | S24: 0.27916667 | T24: 0.31388889 | U24: =IF(S24=TIME(17,0,0),"",(S24-T23)*24*60) -> 5 | V24: =(T24-S24)*24*60 -> 50 | AE24: =M24-J24 -> -75.2 | AF24: =M24/J24 -> 0.9624
A25: 新豐7線 | B25: 微波主食 | C25: 二配川味麻婆燒豆腐燴飯 | E25: 50.49 | F25: 1000 | G25: =E25*F25 -> 50490 | H25: 2 | I25: 15 | J25: 2000 | K25: =J25/I25 -> 133.33333 | L25: 15 | M25: =F25/V25*60 -> 1935.4839 | N25: =M25/L25 -> 129.03226 | O25: =L25-I25 -> 0 | P25: =N25-K25 -> -4.3010753 | Q25: =N25/K25 -> 0.96774194 | S25: 0.70833333 | T25: 0.72986111 | U25: =IF(S25=TIME(17,0,0),"",(S25-T24)*24*60) | V25: =(T25-S25)*24*60 -> 31 | AE25: =M25-J25 -> -64.516129 | AF25: =M25/J25 -> 0.96774194
A26: 新豐7線 | B26: 微波主食 | C26: 二配厚香料咖哩雞排飯 | E26: 57.3 | F26: 2114 | G26: =E26*F26 -> 121132.2 | I26: 13 | J26: 2000 | K26: =J26/I26 -> 153.84615 | L26: 13 | M26: =F26/V26*60 -> 1921.8182 | N26: =M26/L26 -> 147.83217 | O26: =L26-I26 -> 0 | P26: =N26-K26 -> -6.013986 | Q26: =N26/K26 -> 0.96090909 | S26: 0.73472222 | T26: 0.78055556 | U26: =IF(S26=TIME(17,0,0),"",(S26-T25)*24*60) -> 7 | V26: =(T26-S26)*24*60 -> 66 | AE26: =M26-J26 -> -78.181818 | AF26: =M26/J26 -> 0.96090909
A27: 新豐7線 | B27: 微波主食 | C27: 二配起司控培根白醬焗烤飯 | E27: 53.68 | F27: 1986 | G27: =E27*F27 -> 106608.48 | I27: 16 | J27: 1500 | K27: =J27/I27 -> 93.75 | L27: 16 | M27: =F27/V27*60 -> 1435.6627 | N27: =M27/L27 -> 89.728916 | O27: =L27-I27 -> 0 | P27: =N27-K27 -> -4.0210843 | Q27: =N27/K27 -> 0.95710843 | S27: 0.78472222 | T27: 0.84236111 | U27: =IF(S27=TIME(17,0,0),"",(S27-T26)*24*60) -> 6 | V27: =(T27-S27)*24*60 -> 83 | W27: =T27 -> 0.84236111 | X27: =S28 -> 0.88263889 | AE27: =M27-J27 -> -64.337349 | AF27: =M27/J27 -> 0.95710843
A28: 新豐7線 | B28: 微波主食 | C28: 二配川味麻婆燒豆腐燴飯 | E28: 50.49 | F28: 1290 | G28: =E28*F28 -> 65132.1 | I28: 15 | J28: 2000 | K28: =J28/I28 -> 133.33333 | L28: 15 | M28: =F28/V28*60 -> 1935 | N28: =M28/L28 -> 129 | O28: =L28-I28 -> 0 | P28: =N28-K28 -> -4.3333333 | Q28: =N28/K28 -> 0.9675 | S28: 0.88263889 | T28: 0.91041667 | U28: =IF(S28=TIME(17,0,0),"",(S28-T27)*24*60) -> 58 | V28: =(T28-S28)*24*60 -> 40 | AE28: =M28-J28 -> -65 | AF28: =M28/J28 -> 0.9675
A29: 新豐7線 | B29: 平均 | I29: 14.833333 | J29: 1916.6667 | K29: =J29/I29 -> 129.21348 | L29: 14.833333 | M29: =AVERAGE(M23:M28) -> 1844.636 | N29: =M29/L29 -> 124.35749 | O29: =L29-I29 -> 0 | P29: =N29-K29 -> -4.8559972 | Q29: =N29/K29 -> 0.9624188 | Y29: =SUM(Y23:Y28) -> 0 | Z29: =SUM(Z23:Z28) -> 0 | AC29: 6 | AD29: =SUM(AD23:AD28) -> 0 | AE29: =M29-J29 -> -72.030625 | AF29: =M29/J29 -> 0.9624188
A30: 新豐8線 | B30: 三明治 | C30: 紐奧良風味烤雞鮮蔬三明治 | E30: 31.29 | F30: 4800 | G30: =E30*F30 -> 150192 | H30: 2 | I30: 18 | J30: 2400 | K30: =J30/I30 -> 133.33333 | L30: 18 | M30: =F30/V30*60 -> 2285.7143 | N30: =M30/L30 -> 126.98413 | O30: =L30-I30 -> 0 | P30: =N30-K30 -> -6.3492063 | Q30: =N30/K30 -> 0.95238095 | R30: =Q37 -> 0.95590563 | S30: 0.125 | T30: 0.2125 | V30: =(T30-S30)*24*60 -> 126 | W30: =T30 -> 0.2125 | X30: =S31 -> 0.23194444 | AC30: 7 | AE30: =M30-J30 -> -114.28571 | AF30: =M30/J30 -> 0.95238095 | AG30: =AF37 -> 0.95590563
A31: 新豐8線 | B31: 三明治 | C31: 好多菜三明治(114年) | E31: 25.98 | F31: 3180 | G31: =E31*F31 -> 82616.4 | I31: 21 | J31: 2400 | K31: =J31/I31 -> 114.28571 | L31: 21 | M31: =F31/V31*60 -> 2298.7952 | N31: =M31/L31 -> 109.46644 | O31: =L31-I31 -> 0 | P31: =N31-K31 -> -4.8192771 | Q31: =N31/K31 -> 0.95783133 | S31: 0.23194444 | T31: 0.28958333 | U31: =(S31-T30)*24*60 -> 28 | V31: =(T31-S31)*24*60 -> 83 | AE31: =M31-J31 -> -101.20482 | AF31: =M31/J31 -> 0.95783133
A32: 新豐8線 | B32: 三明治 | C32: 經典總匯三明治 | E32: 26.2 | F32: 3600 | G32: =E32*F32 -> 94320 | H32: 2 | I32: 20 | J32: 2400 | K32: =J32/I32 -> 120 | L32: 20 | M32: =F32/V32*60 -> 2297.8723 | N32: =M32/L32 -> 114.89362 | O32: =L32-I32 -> 0 | P32: =N32-K32 -> -5.106383 | Q32: =N32/K32 -> 0.95744681 | S32: 0.29513889 | T32: 0.36041667 | U32: =(S32-T31)*24*60 -> 8 | V32: =(T32-S32)*24*60 -> 94 | AE32: =M32-J32 -> -102.12766 | AF32: =M32/J32 -> 0.95744681
A33: 新豐8線 | B33: 三明治 | C33: 雞蛋沙拉三明治(114年) | E33: 25.99 | F33: 4658 | G33: =E33*F33 -> 121061.42 | I33: 14 | J33: 2400 | K33: =J33/I33 -> 171.42857 | L33: 14 | M33: =F33/V33*60 -> 2290.8197 | N33: =M33/L33 -> 163.62998 | O33: =L33-I33 -> 0 | P33: =N33-K33 -> -7.7985948 | Q33: =N33/K33 -> 0.9545082 | S33: 0.36458333 | T33: 0.44930556 | U33: =(S33-T32)*24*60 -> 6 | V33: =(T33-S33)*24*60 -> 122 | AE33: =M33-J33 -> -109.18033 | AF33: =M33/J33 -> 0.9545082
A34: 新豐8線 | B34: 三明治 | C34: 陽光地瓜總匯三明治 | E34: 26.18 | F34: 2266 | G34: =E34*F34 -> 59323.88 | I34: 19 | J34: 2400 | K34: =J34/I34 -> 126.31579 | L34: 19 | M34: =F34/V34*60 -> 2304.4068 | N34: =M34/L34 -> 121.28457 | O34: =L34-I34 -> 0 | P34: =N34-K34 -> -5.0312221 | Q34: =N34/K34 -> 0.96016949 | S34: 0.45277778 | T34: 0.49375 | U34: =(S34-T33)*24*60 -> 5 | V34: =(T34-S34)*24*60 -> 59 | W34: =T34 -> 0.49375 | X34: =S35 -> 0.53541667 | AE34: =M34-J34 -> -95.59322 | AF34: =M34/J34 -> 0.96016949
A35: 新豐8線 | B35: 三明治 | C35: 紐奧良風味烤雞鮮蔬三明治 | E35: 31.29 | F35: 5701 | G35: =E35*F35 -> 178384.29 | I35: 18 | J35: 2400 | K35: =J35/I35 -> 133.33333 | L35: 18 | M35: =F35/V35*60 -> 2295.7047 | N35: =M35/L35 -> 127.53915 | O35: =L35-I35 -> 0 | P35: =N35-K35 -> -5.7941834 | Q35: =N35/K35 -> 0.95654362 | S35: 0.53541667 | T35: 0.63888889 | U35: =(S35-T34)*24*60 -> 60 | V35: =(T35-S35)*24*60 -> 149 | AE35: =M35-J35 -> -104.2953 | AF35: =M35/J35 -> 0.95654362
A36: 新豐8線 | B36: 三明治 | C36: 經典總匯三明治 | E36: 26.2 | F36: 2324 | G36: =E36*F36 -> 60888.8 | I36: 20 | J36: 2400 | K36: =J36/I36 -> 120 | L36: 20 | M36: =F36/V36*60 -> 2285.9016 | N36: =M36/L36 -> 114.29508 | O36: =L36-I36 -> 0 | P36: =N36-K36 -> -5.704918 | Q36: =N36/K36 -> 0.95245902 | S36: 0.64444444 | T36: 0.68680556 | U36: =(S36-T35)*24*60 -> 8 | V36: =(T36-S36)*24*60 -> 61 | AE36: =M36-J36 -> -114.09836 | AF36: =M36/J36 -> 0.95245902
A37: 新豐8線 | B37: 平均 | I37: 18.571429 | J37: 2400 | K37: =J37/I37 -> 129.23077 | L37: 18.571429 | M37: =AVERAGE(M30:M36) -> 2294.1735 | N37: =M37/L37 -> 123.53242 | O37: =L37-I37 -> 0 | P37: =N37-K37 -> -5.6983493 | Q37: =N37/K37 -> 0.95590563 | Y37: =SUM(Y30:Y36) -> 0 | Z37: =SUM(Z30:Z36) -> 0 | AC37: 7 | AD37: =SUM(AD30:AD36) -> 0 | AE37: =M37-J37 -> -105.82649 | AF37: =M37/J37 -> 0.95590563
A38: 新豐9線 | B38: 三明治 | C38: 鮪魚起司溏心蛋三明治 | E38: 26.2 | F38: 3500 | G38: =E38*F38 -> 91700 | H38: 2 | I38: 18 | J38: 2400 | K38: =J38/I38 -> 133.33333 | L38: 18 | M38: =F38/V38*60 -> 2282.6087 | N38: =M38/L38 -> 126.81159 | O38: =L38-I38 -> 0 | P38: =N38-K38 -> -6.5217391 | Q38: =N38/K38 -> 0.95108696 | R38: =Q45 -> 0.95545277 | S38: 0.125 | T38: 0.18888889 | V38: =(T38-S38)*24*60 -> 92 | W38: =T38 -> 0.18888889 | X38: =S39 -> 0.20972222 | AC38: 7 | AE38: =M38-J38 -> -117.3913 | AF38: =M38/J38 -> 0.95108696 | AG38: =AF45 -> 0.95545277
A39: 新豐9線 | B39: 三明治 | C39: 肉鬆火腿三明治 | E39: 20.52 | F39: 4462 | G39: =E39*F39 -> 91560.24 | I39: 18 | J39: 2400 | K39: =J39/I39 -> 133.33333 | L39: 18 | M39: =F39/V39*60 -> 2288.2051 | N39: =M39/L39 -> 127.12251 | O39: =L39-I39 -> 0 | P39: =N39-K39 -> -6.2108262 | Q39: =N39/K39 -> 0.9534188 | S39: 0.20972222 | T39: 0.29097222 | U39: =(S39-T38)*24*60 -> 30 | V39: =(T39-S39)*24*60 -> 117 | AE39: =M39-J39 -> -111.79487 | AF39: =M39/J39 -> 0.9534188
A40: 新豐9線 | B40: 三明治 | C40: 醬燒烤雞三明治 | E40: 26.39 | F40: 4000 | G40: =E40*F40 -> 105560 | H40: 2 | I40: 19 | J40: 2400 | K40: =J40/I40 -> 126.31579 | L40: 19 | M40: =F40/V40*60 -> 2285.7143 | N40: =M40/L40 -> 120.30075 | O40: =L40-I40 -> 0 | P40: =N40-K40 -> -6.0150376 | Q40: =N40/K40 -> 0.95238095 | S40: 0.29652778 | T40: 0.36944444 | U40: =(S40-T39)*24*60 -> 8 | V40: =(T40-S40)*24*60 -> 105 | AE40: =M40-J40 -> -114.28571 | AF40: =M40/J40 -> 0.95238095
A41: 新豐9線 | B41: 三明治 | C41: 藍莓優格三明治 | E41: 20.21 | F41: 3644 | G41: =E41*F41 -> 73645.24 | I41: 15 | J41: 2400 | K41: =J41/I41 -> 160 | L41: 15 | M41: =F41/V41*60 -> 2301.4737 | N41: =M41/L41 -> 153.43158 | O41: =L41-I41 -> 0 | P41: =N41-K41 -> -6.5684211 | Q41: =N41/K41 -> 0.95894737 | S41: 0.37291667 | T41: 0.43888889 | U41: =(S41-T40)*24*60 -> 5 | V41: =(T41-S41)*24*60 -> 95 | AE41: =M41-J41 -> -98.526316 | AF41: =M41/J41 -> 0.95894737
A42: 新豐9線 | B42: 三明治 | C42: 輕乳酪巧克力三明治 | E42: 20.52 | F42: 3411 | G42: =E42*F42 -> 69993.72 | I42: 18 | J42: 2400 | K42: =J42/I42 -> 133.33333 | L42: 18 | M42: =F42/V42*60 -> 2299.5506 | N42: =M42/L42 -> 127.75281 | O42: =L42-I42 -> 0 | P42: =N42-K42 -> -5.5805243 | Q42: =N42/K42 -> 0.95814607 | S42: 0.44444444 | T42: 0.50625 | U42: =(S42-T41)*24*60 -> 8 | V42: =(T42-S42)*24*60 -> 89 | W42: =T42 -> 0.50625 | X42: =S43 -> 0.54652778 | AE42: =M42-J42 -> -100.44944 | AF42: =M42/J42 -> 0.95814607
A43: 新豐9線 | B43: 三明治 | C43: 鮪魚起司溏心蛋三明治 | E43: 26.2 | F43: 4636 | G43: =E43*F43 -> 121463.2 | I43: 18 | J43: 2400 | K43: =J43/I43 -> 133.33333 | L43: 18 | M43: =F43/V43*60 -> 2298.843 | N43: =M43/L43 -> 127.7135 | O43: =L43-I43 -> 0 | P43: =N43-K43 -> -5.6198347 | Q43: =N43/K43 -> 0.95785124 | S43: 0.54652778 | T43: 0.63055556 | U43: =(S43-T42)*24*60 -> 58 | V43: =(T43-S43)*24*60 -> 121 | AE43: =M43-J43 -> -101.15702 | AF43: =M43/J43 -> 0.95785124
A44: 新豐9線 | B44: 三明治 | C44: 醬燒烤雞三明治 | E44: 26.39 | F44: 2716 | G44: =E44*F44 -> 71675.24 | I44: 19 | J44: 2400 | K44: =J44/I44 -> 126.31579 | L44: 19 | M44: =F44/V44*60 -> 2295.2113 | N44: =M44/L44 -> 120.80059 | O44: =L44-I44 -> 0 | P44: =N44-K44 -> -5.5151964 | Q44: =N44/K44 -> 0.95633803 | S44: 0.63611111 | T44: 0.68541667 | U44: =(S44-T43)*24*60 -> 8 | V44: =(T44-S44)*24*60 -> 71 | AE44: =M44-J44 -> -104.78873 | AF44: =M44/J44 -> 0.95633803
A45: 新豐9線 | B45: 平均 | I45: 17.857143 | J45: 2400 | K45: =J45/I45 -> 134.4 | L45: 17.857143 | M45: =AVERAGE(M38:M44) -> 2293.0867 | N45: =M45/L45 -> 128.41285 | O45: =L45-I45 -> 0 | P45: =N45-K45 -> -5.9871472 | Q45: =N45/K45 -> 0.95545277 | Y45: =SUM(Y38:Y44) -> 0 | Z45: =SUM(Z38:Z44) -> 0 | AC45: 7 | AD45: =SUM(AD38:AD44) -> 0 | AE45: =M45-J45 -> -106.91334 | AF45: =M45/J45 -> 0.95545277
A46: 新豐3線 | B46: 調理麵包 | C46: 茄汁薯餅蛋堡 | E46: 34.36 | F46: 2821 | G46: =E46*F46 -> 96929.56 | I46: 10 | J46: 3000 | K46: =J46/I46 -> 300 | L46: 10 | M46: =F46/V46*60 -> 2868.8136 | N46: =M46/L46 -> 286.88136 | O46: =L46-I46 -> 0 | P46: =N46-K46 -> -13.118644 | Q46: =N46/K46 -> 0.95627119 | R46: =Q56 -> 0.95763218 | S46: 0.20833333 | T46: 0.24930556 | V46: =(T46-S46)*24*60 -> 59 | AC46: 10 | AE46: =M46-J46 -> -131.18644 | AF46: =M46/J46 -> 0.95627119 | AG46: =AF56 -> 0.95763218
A47: 新豐3線 | B47: 調理麵包 | C47: 經典雙牛起司堡(113年) | E47: 35.12 | F47: 3700 | G47: =E47*F47 -> 129944 | H47: 2 | I47: 10 | J47: 3000 | K47: =J47/I47 -> 300 | L47: 10 | M47: =F47/V47*60 -> 2883.1169 | N47: =M47/L47 -> 288.31169 | O47: =L47-I47 -> 0 | P47: =N47-K47 -> -11.688312 | Q47: =N47/K47 -> 0.96103896 | S47: 0.25416667 | T47: 0.30763889 | U47: =(S47-T46)*24*60 -> 7 | V47: =(T47-S47)*24*60 -> 77 | AE47: =M47-J47 -> -116.88312 | AF47: =M47/J47 -> 0.96103896
A48: 新豐3線 | B48: 調理麵包 | C48: 香雞蛋堡(112年) | E48: 26.78 | F48: 3062 | G48: =E48*F48 -> 82000.36 | I48: 10 | J48: 3000 | K48: =J48/I48 -> 300 | L48: 10 | M48: =F48/V48*60 -> 2870.625 | N48: =M48/L48 -> 287.0625 | O48: =L48-I48 -> 0 | P48: =N48-K48 -> -12.9375 | Q48: =N48/K48 -> 0.956875 | S48: 0.31319444 | T48: 0.35763889 | U48: =(S48-T47)*24*60 -> 8 | V48: =(T48-S48)*24*60 -> 64 | AE48: =M48-J48 -> -129.375 | AF48: =M48/J48 -> 0.956875
A49: 新豐3線 | B49: 調理麵包 | C49: 豬肉起司堡 | E49: 21.13 | F49: 3300 | G49: =E49*F49 -> 69729 | H49: 2 | I49: 10 | J49: 3000 | K49: =J49/I49 -> 300 | L49: 10 | M49: =F49/V49*60 -> 2869.5652 | N49: =M49/L49 -> 286.95652 | O49: =L49-I49 -> 0 | P49: =N49-K49 -> -13.043478 | Q49: =N49/K49 -> 0.95652174 | S49: 0.36111111 | T49: 0.40902778 | U49: =(S49-T48)*24*60 -> 5 | V49: =(T49-S49)*24*60 -> 69 | AE49: =M49-J49 -> -130.43478 | AF49: =M49/J49 -> 0.95652174
A50: 新豐3線 | B50: 調理麵包 | C50: 豬肉起司蛋堡 | E50: 27.17 | F50: 4500 | G50: =E50*F50 -> 122265 | H50: 2 | I50: 10 | J50: 3000 | K50: =J50/I50 -> 300 | L50: 10 | M50: =F50/V50*60 -> 2872.3404 | N50: =M50/L50 -> 287.23404 | O50: =L50-I50 -> 0 | P50: =N50-K50 -> -12.765957 | Q50: =N50/K50 -> 0.95744681 | S50: 0.4125 | T50: 0.47777778 | U50: =(S50-T49)*24*60 -> 5 | V50: =(T50-S50)*24*60 -> 94 | AE50: =M50-J50 -> -127.65957 | AF50: =M50/J50 -> 0.95744681
A51: 新豐3線 | B51: 調理麵包 | C51: 美式雞腿堡 | E51: 35.87 | F51: 2000 | G51: =E51*F51 -> 71740 | H51: 2 | I51: 9 | J51: 3000 | K51: =J51/I51 -> 333.33333 | L51: 9 | M51: =F51/V51*60 -> 2857.1429 | N51: =M51/L51 -> 317.46032 | O51: =L51-I51 -> 0 | P51: =N51-K51 -> -15.873016 | Q51: =N51/K51 -> 0.95238095 | S51: 0.48194444 | T51: 0.51111111 | U51: =(S51-T50)*24*60 -> 6 | V51: =(T51-S51)*24*60 -> 42 | W51: =T51 -> 0.51111111 | X51: =S52 -> 0.55069444 | AE51: =M51-J51 -> -142.85714 | AF51: =M51/J51 -> 0.95238095
A52: 新豐3線 | B52: 調理麵包 | C52: 美式雞腿堡 | E52: 35.87 | F52: 2196 | G52: =E52*F52 -> 78770.52 | I52: 9 | J52: 3000 | K52: =J52/I52 -> 333.33333 | L52: 9 | M52: =F52/V52*60 -> 2864.3478 | N52: =M52/L52 -> 318.26087 | O52: =L52-I52 -> 0 | P52: =N52-K52 -> -15.072464 | Q52: =N52/K52 -> 0.95478261 | S52: 0.55069444 | T52: 0.58263889 | U52: =(S52-T51)*24*60 -> 57 | V52: =(T52-S52)*24*60 -> 46 | AE52: =M52-J52 -> -135.65217 | AF52: =M52/J52 -> 0.95478261
A53: 新豐3線 | B53: 調理麵包 | C53: 豬肉起司堡 | E53: 21.13 | F53: 2293 | G53: =E53*F53 -> 48451.09 | I53: 10 | J53: 3000 | K53: =J53/I53 -> 300 | L53: 10 | M53: =F53/V53*60 -> 2866.25 | N53: =M53/L53 -> 286.625 | O53: =L53-I53 -> 0 | P53: =N53-K53 -> -13.375 | Q53: =N53/K53 -> 0.95541667 | S53: 0.58819444 | T53: 0.62152778 | U53: =(S53-T52)*24*60 -> 8 | V53: =(T53-S53)*24*60 -> 48 | AE53: =M53-J53 -> -133.75 | AF53: =M53/J53 -> 0.95541667
A54: 新豐3線 | B54: 調理麵包 | C54: 豬肉起司蛋堡 | E54: 27.17 | F54: 3137 | G54: =E54*F54 -> 85232.29 | I54: 10 | J54: 3000 | K54: =J54/I54 -> 300 | L54: 10 | M54: =F54/V54*60 -> 2895.6923 | N54: =M54/L54 -> 289.56923 | O54: =L54-I54 -> 0 | P54: =N54-K54 -> -10.430769 | Q54: =N54/K54 -> 0.96523077 | S54: 0.62708333 | T54: 0.67222222 | U54: =(S54-T53)*24*60 -> 8 | V54: =(T54-S54)*24*60 -> 65 | AE54: =M54-J54 -> -104.30769 | AF54: =M54/J54 -> 0.96523077
A55: 新豐3線 | B55: 調理麵包 | C55: 經典雙牛起司堡(113年) | E55: 35.12 | F55: 2689 | G55: =E55*F55 -> 94437.68 | I55: 10 | J55: 3000 | K55: =J55/I55 -> 300 | L55: 10 | M55: =F55/V55*60 -> 2881.0714 | N55: =M55/L55 -> 288.10714 | O55: =L55-I55 -> 0 | P55: =N55-K55 -> -11.892857 | Q55: =N55/K55 -> 0.96035714 | S55: 0.67638889 | T55: 0.71527778 | U55: =(S55-T54)*24*60 -> 6 | V55: =(T55-S55)*24*60 -> 56 | AE55: =M55-J55 -> -118.92857 | AF55: =M55/J55 -> 0.96035714
A56: 新豐3線 | B56: 平均 | I56: 9.8 | J56: 3000 | K56: =J56/I56 -> 306.12245 | L56: 9.8 | M56: =AVERAGE(M46:M55) -> 2872.8966 | N56: =M56/L56 -> 293.15271 | O56: =L56-I56 -> 0 | P56: =N56-K56 -> -12.96974 | Q56: =N56/K56 -> 0.95763218 | Y56: =SUM(Y46:Y55) -> 0 | Z56: =SUM(Z46:Z55) -> 0 | AC56: 10 | AD56: =SUM(AD46:AD55) -> 0 | AE56: =M56-J56 -> -127.10345 | AF56: =M56/J56 -> 0.95763218
A57: 新豐1線 | B57: 沙拉 | C57: 蔥鹽雞肉麵沙拉(114年) | E57: 46 | F57: 1619 | G57: =E57*F57 -> 74474 | I57: 17 | J57: 2000 | K57: =J57/I57 -> 117.64706 | L57: 17 | M57: =F57/V57*60 -> 1904.7059 | N57: =M57/L57 -> 112.04152 | O57: =L57-I57 -> 0 | P57: =N57-K57 -> -5.6055363 | Q57: =N57/K57 -> 0.95235294 | R57: =Q67 -> 0.94533092 | S57: 0.20833333 | T57: 0.24375 | V57: =(T57-S57)*24*60 -> 51 | AC57: 10 | AE57: =M57-J57 -> -95.294118 | AF57: =M57/J57 -> 0.95235294 | AG57: =AF67 -> 0.94533092
A58: 新豐1線 | B58: 沙拉 | C58: 莎莎烤雞麵沙拉 | E58: 46 | F58: 1769 | G58: =E58*F58 -> 81374 | I58: 17 | J58: 2000 | K58: =J58/I58 -> 117.64706 | L58: 17 | M58: =F58/V58*60 -> 1929.8182 | N58: =M58/L58 -> 113.51872 | O58: =L58-I58 -> 0 | P58: =N58-K58 -> -4.1283422 | Q58: =N58/K58 -> 0.96490909 | S58: 0.24861111 | T58: 0.28680556 | U58: =IF(S58=TIME(17,0,0),"",(S58-T57)*24*60) -> 7 | V58: =(T58-S58)*24*60 -> 55 | AE58: =M58-J58 -> -70.181818 | AF58: =M58/J58 -> 0.96490909
A59: 新豐1線 | B59: 微波主食 | C59: 壹號醬雞豚雙拼 | E59: 56.43 | F59: 2118 | G59: =E59*F59 -> 119518.74 | I59: 22 | J59: 2000 | K59: =J59/I59 -> 90.909091 | L59: 22 | M59: =F59/V59*60 -> 1815.4286 | N59: =M59/L59 -> 82.519481 | O59: =L59-I59 -> 0 | P59: =N59-K59 -> -8.3896104 | Q59: =N59/K59 -> 0.90771429 | S59: 0.29097222 | T59: 0.33958333 | U59: =IF(S59=TIME(17,0,0),"",(S59-T58)*24*60) -> 6 | V59: =(T59-S59)*24*60 -> 70 | AE59: =M59-J59 -> -184.57143 | AF59: =M59/J59 -> 0.90771429
A60: 新豐1線 | B60: 微波主食 | C60: 好多蒜燒豚飯 | E60: 51.75 | F60: 1718 | G60: =E60*F60 -> 88906.5 | I60: 25 | J60: 2000 | K60: =J60/I60 -> 80 | L60: 25 | M60: =F60/V60*60 -> 1840.7143 | N60: =M60/L60 -> 73.628571 | O60: =L60-I60 -> 0 | P60: =N60-K60 -> -6.3714286 | Q60: =N60/K60 -> 0.92035714 | S60: 0.34444444 | T60: 0.38333333 | U60: =IF(S60=TIME(17,0,0),"",(S60-T59)*24*60) -> 7 | V60: =(T60-S60)*24*60 -> 56 | AE60: =M60-J60 -> -159.28571 | AF60: =M60/J60 -> 0.92035714
A61: 新豐1線 | B61: 微波主食 | C61: 美乃炙烤雞肉飯 | E61: 54.09 | F61: 1247 | G61: =E61*F61 -> 67450.23 | I61: 19 | J61: 2000 | K61: =J61/I61 -> 105.26316 | L61: 19 | M61: =F61/V61*60 -> 1824.878 | N61: =M61/L61 -> 96.046213 | O61: =L61-I61 -> 0 | P61: =N61-K61 -> -9.2169448 | Q61: =N61/K61 -> 0.91243902 | S61: 0.38819444 | T61: 0.41666667 | U61: =IF(S61=TIME(17,0,0),"",(S61-T60)*24*60) -> 7 | V61: =(T61-S61)*24*60 -> 41 | AE61: =M61-J61 -> -175.12195 | AF61: =M61/J61 -> 0.91243902
A62: 新豐1線 | B62: 微波主食 | C62: 二配香辣醬蒜味香腸蛋炒飯 | E62: 55.56 | F62: 1000 | G62: =E62*F62 -> 55560 | H62: 2 | I62: 17 | J62: 2000 | K62: =J62/I62 -> 117.64706 | L62: 17 | M62: =F62/V62*60 -> 1935.4839 | N62: =M62/L62 -> 113.85199 | O62: =L62-I62 -> 0 | P62: =N62-K62 -> -3.7950664 | Q62: =N62/K62 -> 0.96774194 | S62: 0.70833333 | T62: 0.72986111 | U62: =IF(S62=TIME(17,0,0),"",(S62-T61)*24*60) | V62: =(T62-S62)*24*60 -> 31 | AE62: =M62-J62 -> -64.516129 | AF62: =M62/J62 -> 0.96774194
A63: 新豐1線 | B63: 微波主食 | C63: 二配香拌海鮮醬肉絲蛋炒飯 | E63: 55.32 | F63: 1488 | G63: =E63*F63 -> 82316.16 | I63: 15 | J63: 2000 | K63: =J63/I63 -> 133.33333 | L63: 15 | M63: =F63/V63*60 -> 1940.8696 | N63: =M63/L63 -> 129.3913 | O63: =L63-I63 -> 0 | P63: =N63-K63 -> -3.942029 | Q63: =N63/K63 -> 0.97043478 | S63: 0.73333333 | T63: 0.76527778 | U63: =IF(S63=TIME(17,0,0),"",(S63-T62)*24*60) -> 5 | V63: =(T63-S63)*24*60 -> 46 | AE63: =M63-J63 -> -59.130435 | AF63: =M63/J63 -> 0.97043478
A64: 新豐1線 | B64: 微波主食 | C64: 二配鮭魚蛋炒飯 | E64: 54.29 | F64: 1558 | G64: =E64*F64 -> 84583.82 | I64: 20 | J64: 2000 | K64: =J64/I64 -> 100 | L64: 20 | M64: =F64/V64*60 -> 1907.7551 | N64: =M64/L64 -> 95.387755 | O64: =L64-I64 -> 0 | P64: =N64-K64 -> -4.6122449 | Q64: =N64/K64 -> 0.95387755 | S64: 0.76875 | T64: 0.80277778 | U64: =IF(S64=TIME(17,0,0),"",(S64-T63)*24*60) -> 5 | V64: =(T64-S64)*24*60 -> 49 | AE64: =M64-J64 -> -92.244898 | AF64: =M64/J64 -> 0.95387755
A65: 新豐1線 | B65: 微波主食 | C65: 二配粗飽系雞排炒飯(114年) | E65: 57.73 | F65: 1311 | G65: =E65*F65 -> 75684.03 | I65: 16 | J65: 1500 | K65: =J65/I65 -> 93.75 | L65: 16 | M65: =F65/V65*60 -> 1430.1818 | N65: =M65/L65 -> 89.386364 | O65: =L65-I65 -> 0 | P65: =N65-K65 -> -4.3636364 | Q65: =N65/K65 -> 0.95345455 | S65: 0.80625 | T65: 0.84444444 | U65: =IF(S65=TIME(17,0,0),"",(S65-T64)*24*60) -> 5 | V65: =(T65-S65)*24*60 -> 55 | W65: =T65 -> 0.84444444 | X65: =S66 -> 0.88611111 | AE65: =M65-J65 -> -69.818182 | AF65: =M65/J65 -> 0.95345455
A66: 新豐1線 | B66: 微波主食 | C66: 二配香辣醬蒜味香腸蛋炒飯 | E66: 55.56 | F66: 1079 | G66: =E66*F66 -> 59949.24 | I66: 17 | J66: 2000 | K66: =J66/I66 -> 117.64706 | L66: 17 | M66: =F66/V66*60 -> 1904.1176 | N66: =M66/L66 -> 112.00692 | O66: =L66-I66 -> 0 | P66: =N66-K66 -> -5.6401384 | Q66: =N66/K66 -> 0.95205882 | S66: 0.88611111 | T66: 0.90972222 | U66: =IF(S66=TIME(17,0,0),"",(S66-T65)*24*60) -> 60 | V66: =(T66-S66)*24*60 -> 34 | AE66: =M66-J66 -> -95.882353 | AF66: =M66/J66 -> 0.95205882
A67: 新豐1線 | B67: 平均 | I67: 18.5 | J67: 1950 | K67: =J67/I67 -> 105.40541 | L67: 18.5 | M67: =AVERAGE(M57:M66) -> 1843.3953 | N67: =M67/L67 -> 99.642989 | O67: =L67-I67 -> 0 | P67: =N67-K67 -> -5.7624164 | Q67: =N67/K67 -> 0.94533092 | Y67: =SUM(Y57:Y66) -> 0 | Z67: =SUM(Z57:Z66) -> 0 | AC67: 10 | AD67: =SUM(AD57:AD66) -> 0 | AE67: =M67-J67 -> -106.6047 | AF67: =M67/J67 -> 0.94533092
A68: 新豐10線 | B68: 沙拉 | C68: 溏心蛋洋芋沙拉 | E68: 26.97 | F68: 2679 | G68: =E68*F68 -> 72252.63 | I68: 8 | J68: 1500 | K68: =J68/I68 -> 187.5 | L68: 8 | M68: =F68/V68*60 -> 1435.1786 | N68: =M68/L68 -> 179.39732 | O68: =L68-I68 -> 0 | P68: =N68-K68 -> -8.1026786 | Q68: =N68/K68 -> 0.95678571 | R68: =Q74 -> 0.9561428 | S68: 0.20833333 | T68: 0.28611111 | V68: =(T68-S68)*24*60 -> 112 | AC68: 6 | AE68: =M68-J68 -> -64.821429 | AF68: =M68/J68 -> 0.95678571 | AG68: =AF74 -> 0.9561428
A69: 新豐10線 | B69: 沙拉 | C69: 焗烤洋芋沙拉 | E69: 27.4 | F69: 932 | G69: =E69*F69 -> 25536.8 | I69: 10 | J69: 1500 | K69: =J69/I69 -> 150 | L69: 10 | M69: =F69/V69*60 -> 1433.8462 | N69: =M69/L69 -> 143.38462 | O69: =L69-I69 -> 0 | P69: =N69-K69 -> -6.6153846 | Q69: =N69/K69 -> 0.95589744 | S69: 0.28958333 | T69: 0.31666667 | U69: =(S69-T68)*24*60 -> 5 | V69: =(T69-S69)*24*60 -> 39 | AE69: =M69-J69 -> -66.153846 | AF69: =M69/J69 -> 0.95589744
A70: 新豐10線 | B70: 調理麵包 | C70: 排骨雞起司炒麵麵包 | E70: 31 | F70: 644 | G70: =E70*F70 -> 19964 | I70: 13 | J70: 2000 | K70: =J70/I70 -> 153.84615 | L70: 13 | M70: =F70/V70*60 -> 1932 | N70: =M70/L70 -> 148.61538 | O70: =L70-I70 -> 0 | P70: =N70-K70 -> -5.2307692 | Q70: =N70/K70 -> 0.966 | S70: 0.32013889 | T70: 0.33402778 | U70: =(S70-T69)*24*60 -> 5 | V70: =(T70-S70)*24*60 -> 20 | AE70: =M70-J70 -> -68 | AF70: =M70/J70 -> 0.966
A71: 新豐10線 | B71: 調理麵包 | C71: 墨西哥辣醬熱狗堡 | E71: 37.85 | F71: 2291 | G71: =E71*F71 -> 86714.35 | I71: 12 | J71: 2000 | K71: =J71/I71 -> 166.66667 | L71: 12 | M71: =F71/V71*60 -> 1909.1667 | N71: =M71/L71 -> 159.09722 | O71: =L71-I71 -> 0 | P71: =N71-K71 -> -7.5694444 | Q71: =N71/K71 -> 0.95458333 | S71: 0.33819444 | T71: 0.38819444 | U71: =(S71-T70)*24*60 -> 6 | V71: =(T71-S71)*24*60 -> 72 | AE71: =M71-J71 -> -90.833333 | AF71: =M71/J71 -> 0.95458333
