Workbook

Sheet 0630
B1: 屏榮 新豐廠組合室生產人時性分析
B3: 日期 | C3: =TEXT('0630 4度C'!A2,"yyyy.mm.ddaaaa") -> 2026.06.30星期二 | E3: 訂單量 | F3: ='0630 4度C'!D1 -> 183717 | H3: 營業額 | I3: ='0630 4度C'!F1 -> 6251108.9
B4: 人時性 | C4: 項目 | E4: ➀ | G4: ➁ | I4: ➂ | K4: 異常停線 | M4: 短暫停線
C5: 組合室 | E5: 全溫層 | G5: 4度C-各編組展開 | I5: ③三明治-各編組展開 | K5: 合計次數 | L5: 時間 | M5: 合計次數 | N5: 設備次數
C6: 排關平均 | E6: =AVERAGE(D13:M13) -> 158.32762 | F6: =AVERAGE(D31:O31,D13:J13) -> 166.71541 | G6: =AVERAGE(D13:J13) -> 166.71541 | I6: =AVERAGE(K13:M13) -> 138.75611 | K6: ='0630 4度C'!Y2 -> 0 | L6: ='0630 4度C'!Z2 -> 0 | M6: ='0630 4度C'!AC2 -> 58 | N6: ='0630 4度C'!AD2 -> 0
C7: 實績平均 | E7: =AVERAGE(D14:M14) -> 151.63496 | F7: =AVERAGE(D32:O32,D14:J14) -> 159.83092 | G7: =AVERAGE(D14:J14) -> 159.83092 | I7: =AVERAGE(K14:M14) -> 132.51106
C8: 達成率平均 | E8: =AVERAGE(D15:M15) -> 0.95806485 | F8: =AVERAGE(D15:J15,D33:O33) -> 0.95934448 | G8: =AVERAGE(D15:J15) -> 0.95934448 | I8: =AVERAGE(K15:M15) -> 0.95507905
K9: ※現行日本鮮食廠以達成率80%為基本(即為現行KPI)
B10: 溫層 | D10: ➁4度C-各編組展開 | K10: ③三明治-各編組展開
B11: 編組 | D11: 1 | E11: 2 | F11: 3 | G11: 4 | H11: 5 | I11: 6 | J11: 7 | K11: 1 | L11: 2 | M11: 3
D12: 新豐6線 | E12: 新豐2線 | F12: 新豐5線 | G12: 新豐7線 | H12: 新豐3線 | I12: 新豐1線 | J12: 新豐10線 | K12: 新豐8線 | L12: 新豐9線 | M12: 新豐4線
B13: 人時性 | C13: 排關 | D13: =SUMIFS('0630 4度C'!$K:$K,'0630 4度C'!$A:$A,"新豐6線",'0630 4度C'!$B:$B,"平均") -> 129.03226 | E13: =SUMIFS('0630 4度C'!$K:$K,'0630 4度C'!$A:$A,"新豐2線",'0630 4度C'!$B:$B,"平均") -> 86.206897 | F13: =SUMIFS('0630 4度C'!$K:$K,'0630 4度C'!$A:$A,"新豐5線",'0630 4度C'!$B:$B,"平均") -> 87.78626 | G13: =SUMIFS('0630 4度C'!$K:$K,'0630 4度C'!$A:$A,"新豐7線",'0630 4度C'!$B:$B,"平均") -> 120 | H13: =SUMIFS('0630 4度C'!$K:$K,'0630 4度C'!$A:$A,"新豐3線",'0630 4度C'!$B:$B,"平均") -> 300 | I13: =SUMIFS('0630 4度C'!$K:$K,'0630 4度C'!$A:$A,"新豐1線",'0630 4度C'!$B:$B,"平均") -> 119.65812 | J13: =SUMIFS('0630 4度C'!$K:$K,'0630 4度C'!$A:$A,"新豐10線",'0630 4度C'!$B:$B,"平均") -> 324.32432 | K13: =SUMIFS('0630 4度C'!$K:$K,'0630 4度C'!$A:$A,"新豐8線",'0630 4度C'!$B:$B,"平均") -> 137.14286 | L13: =SUMIFS('0630 4度C'!$K:$K,'0630 4度C'!$A:$A,"新豐9線",'0630 4度C'!$B:$B,"平均") -> 120.63492 | M13: =SUMIFS('0630 4度C'!$K:$K,'0630 4度C'!$A:$A,"新豐4線",'0630 4度C'!$B:$B,"平均") -> 158.49057
C14: 實績 | D14: =SUMIFS('0630 4度C'!$N:$N,'0630 4度C'!$A:$A,"新豐6線",'0630 4度C'!$B:$B,"平均") -> 124.49084 | E14: =SUMIFS('0630 4度C'!$N:$N,'0630 4度C'!$A:$A,"新豐2線",'0630 4度C'!$B:$B,"平均") -> 82.386731 | F14: =SUMIFS('0630 4度C'!$N:$N,'0630 4度C'!$A:$A,"新豐5線",'0630 4度C'!$B:$B,"平均") -> 84.508754 | G14: =SUMIFS('0630 4度C'!$N:$N,'0630 4度C'!$A:$A,"新豐7線",'0630 4度C'!$B:$B,"平均") -> 115.28643 | H14: =SUMIFS('0630 4度C'!$N:$N,'0630 4度C'!$A:$A,"新豐3線",'0630 4度C'!$B:$B,"平均") -> 287.05905 | I14: =SUMIFS('0630 4度C'!$N:$N,'0630 4度C'!$A:$A,"新豐1線",'0630 4度C'!$B:$B,"平均") -> 114.52726 | J14: =SUMIFS('0630 4度C'!$N:$N,'0630 4度C'!$A:$A,"新豐10線",'0630 4度C'!$B:$B,"平均") -> 310.55738 | K14: =SUMIFS('0630 4度C'!$N:$N,'0630 4度C'!$A:$A,"新豐8線",'0630 4度C'!$B:$B,"平均") -> 131.34792 | L14: =SUMIFS('0630 4度C'!$N:$N,'0630 4度C'!$A:$A,"新豐9線",'0630 4度C'!$B:$B,"平均") -> 115.14921 | M14: =SUMIFS('0630 4度C'!$N:$N,'0630 4度C'!$A:$A,"新豐4線",'0630 4度C'!$B:$B,"平均") -> 151.03605
C15: 達成率 | D15: =D14/D13 -> 0.96480397 | E15: =E14/E13 -> 0.95568608 | F15: =F14/F13 -> 0.96266494 | G15: =G14/G13 -> 0.96072022 | H15: =H14/H13 -> 0.95686349 | I15: =I14/I13 -> 0.95712071 | J15: =J14/J13 -> 0.95755194 | K15: =K14/K13 -> 0.95774526 | ... M15: =M14/M13 -> 0.95296552
B16: 作業 時間 | C16: 開始 | D16: =VLOOKUP("新豐6線",'0630 4度C'!$A:$T,19,0) -> 0.70833333 | E16: =VLOOKUP("新豐2線",'0630 4度C'!$A:$T,19,0) -> 0.125 | F16: =VLOOKUP("新豐5線",'0630 4度C'!$A:$T,19,0) -> 0.083333333 | G16: =VLOOKUP("新豐7線",'0630 4度C'!$A:$T,19,0) -> 0.20833333 | H16: =VLOOKUP("新豐3線",'0630 4度C'!$A:$T,19,0) -> 0.20833333 | I16: =VLOOKUP("新豐1線",'0630 4度C'!$A:$T,19,0) -> 0.16666667 | J16: =VLOOKUP("新豐10線",'0630 4度C'!$A:$T,19,0) -> 0.20833333 | K16: =VLOOKUP("新豐8線",'0630 4度C'!$A:$T,19,0) -> 0.083333333 | L16: =VLOOKUP("新豐9線",'0630 4度C'!$A:$T,19,0) -> 0.083333333 | M16: =VLOOKUP("新豐4線",'0630 4度C'!$A:$T,19,0) -> 0.083333333
C17: 結束 | D17: =LOOKUP(2,1/(('0630 4度C'!$A:$A="新豐6線")*('0630 4度C'!$T:$T<>"")),'0630 4度C'!$T:$T) -> 0.89722222 | E17: =LOOKUP(2,1/(('0630 4度C'!$A:$A="新豐2線")*('0630 4度C'!$T:$T<>"")),'0630 4度C'!$T:$T) -> 0.65763889 | F17: =LOOKUP(2,1/(('0630 4度C'!$A:$A="新豐5線")*('0630 4度C'!$T:$T<>"")),'0630 4度C'!$T:$T) -> 0.79375 | G17: =LOOKUP(2,1/(('0630 4度C'!$A:$A="新豐7線")*('0630 4度C'!$T:$T<>"")),'0630 4度C'!$T:$T) -> 0.82777778 | H17: =LOOKUP(2,1/(('0630 4度C'!$A:$A="新豐3線")*('0630 4度C'!$T:$T<>"")),'0630 4度C'!$T:$T) -> 0.44513889 | I17: =LOOKUP(2,1/(('0630 4度C'!$A:$A="新豐1線")*('0630 4度C'!$T:$T<>"")),'0630 4度C'!$T:$T) -> 0.84236111 | J17: =LOOKUP(2,1/(('0630 4度C'!$A:$A="新豐10線")*('0630 4度C'!$T:$T<>"")),'0630 4度C'!$T:$T) -> 0.44583333 | K17: =LOOKUP(2,1/(('0630 4度C'!$A:$A="新豐8線")*('0630 4度C'!$T:$T<>"")),'0630 4度C'!$T:$T) -> 0.71944444 | L17: =LOOKUP(2,1/(('0630 4度C'!$A:$A="新豐9線")*('0630 4度C'!$T:$T<>"")),'0630 4度C'!$T:$T) -> 0.67291667 | M17: =LOOKUP(2,1/(('0630 4度C'!$A:$A="新豐4線")*('0630 4度C'!$T:$T<>"")),'0630 4度C'!$T:$T) -> 0.71180556
B18: 產線異常 (5分鐘以上) | C18: 次數 | D18: =SUMIFS('0630 4度C'!$Y:$Y,'0630 4度C'!$A:$A,"新豐6線",'0630 4度C'!$B:$B,"平均") -> 0 | E18: =SUMIFS('0630 4度C'!$Y:$Y,'0630 4度C'!$A:$A,"新豐2線",'0630 4度C'!$B:$B,"平均") -> 0 | F18: =SUMIFS('0630 4度C'!$Y:$Y,'0630 4度C'!$A:$A,"新豐5線",'0630 4度C'!$B:$B,"平均") -> 0 | G18: =SUMIFS('0630 4度C'!$Y:$Y,'0630 4度C'!$A:$A,"新豐7線",'0630 4度C'!$B:$B,"平均") -> 0 | H18: =SUMIFS('0630 4度C'!$Y:$Y,'0630 4度C'!$A:$A,"新豐3線",'0630 4度C'!$B:$B,"平均") -> 0 | I18: =SUMIFS('0630 4度C'!$Y:$Y,'0630 4度C'!$A:$A,"新豐1線",'0630 4度C'!$B:$B,"平均") -> 0 | J18: =SUMIFS('0630 4度C'!$Y:$Y,'0630 4度C'!$A:$A,"新豐10線",'0630 4度C'!$B:$B,"平均") -> 0 | K18: =SUMIFS('0630 4度C'!$Y:$Y,'0630 4度C'!$A:$A,"新豐8線",'0630 4度C'!$B:$B,"平均") -> 0 | L18: =SUMIFS('0630 4度C'!$Y:$Y,'0630 4度C'!$A:$A,"新豐9線",'0630 4度C'!$B:$B,"平均") -> 0 | M18: =SUMIFS('0630 4度C'!$Y:$Y,'0630 4度C'!$A:$A,"新豐4線",'0630 4度C'!$B:$B,"平均") -> 0
C19: 時間/分 | D19: =SUMIFS('0630 4度C'!$Z:$Z,'0630 4度C'!$A:$A,"新豐6線",'0630 4度C'!$B:$B,"平均") -> 0 | E19: =SUMIFS('0630 4度C'!$Z:$Z,'0630 4度C'!$A:$A,"新豐2線",'0630 4度C'!$B:$B,"平均") -> 0 | F19: =SUMIFS('0630 4度C'!$Z:$Z,'0630 4度C'!$A:$A,"新豐5線",'0630 4度C'!$B:$B,"平均") -> 0 | G19: =SUMIFS('0630 4度C'!$Z:$Z,'0630 4度C'!$A:$A,"新豐7線",'0630 4度C'!$B:$B,"平均") -> 0 | H19: =SUMIFS('0630 4度C'!$Z:$Z,'0630 4度C'!$A:$A,"新豐3線",'0630 4度C'!$B:$B,"平均") -> 0 | I19: =SUMIFS('0630 4度C'!$Z:$Z,'0630 4度C'!$A:$A,"新豐1線",'0630 4度C'!$B:$B,"平均") -> 0 | J19: =SUMIFS('0630 4度C'!$Z:$Z,'0630 4度C'!$A:$A,"新豐10線",'0630 4度C'!$B:$B,"平均") -> 0 | K19: =SUMIFS('0630 4度C'!$Z:$Z,'0630 4度C'!$A:$A,"新豐8線",'0630 4度C'!$B:$B,"平均") -> 0 | L19: =SUMIFS('0630 4度C'!$Z:$Z,'0630 4度C'!$A:$A,"新豐9線",'0630 4度C'!$B:$B,"平均") -> 0 | M19: =SUMIFS('0630 4度C'!$Z:$Z,'0630 4度C'!$A:$A,"新豐4線",'0630 4度C'!$B:$B,"平均") -> 0
B20: 短暫停線 (5分鐘以下) | C20: 次數 | D20: =SUMIFS('0630 4度C'!$AC:$AC,'0630 4度C'!$A:$A,"新豐6線",'0630 4度C'!$B:$B,"平均") -> 4 | E20: =SUMIFS('0630 4度C'!$AC:$AC,'0630 4度C'!$A:$A,"新豐2線",'0630 4度C'!$B:$B,"平均") -> 5 | F20: =SUMIFS('0630 4度C'!$AC:$AC,'0630 4度C'!$A:$A,"新豐5線",'0630 4度C'!$B:$B,"平均") -> 7 | G20: =SUMIFS('0630 4度C'!$AC:$AC,'0630 4度C'!$A:$A,"新豐7線",'0630 4度C'!$B:$B,"平均") -> 6 | H20: =SUMIFS('0630 4度C'!$AC:$AC,'0630 4度C'!$A:$A,"新豐3線",'0630 4度C'!$B:$B,"平均") -> 3 | I20: =SUMIFS('0630 4度C'!$AC:$AC,'0630 4度C'!$A:$A,"新豐1線",'0630 4度C'!$B:$B,"平均") -> 7 | J20: =SUMIFS('0630 4度C'!$AC:$AC,'0630 4度C'!$A:$A,"新豐10線",'0630 4度C'!$B:$B,"平均") -> 4 | K20: =SUMIFS('0630 4度C'!$AC:$AC,'0630 4度C'!$A:$A,"新豐8線",'0630 4度C'!$B:$B,"平均") -> 8 | L20: =SUMIFS('0630 4度C'!$AC:$AC,'0630 4度C'!$A:$A,"新豐9線",'0630 4度C'!$B:$B,"平均") -> 7 | M20: =SUMIFS('0630 4度C'!$AC:$AC,'0630 4度C'!$A:$A,"新豐4線",'0630 4度C'!$B:$B,"平均") -> 7
C21: 設備次數 | D21: =SUMIFS('0630 4度C'!$AD:$AD,'0630 4度C'!$A:$A,"新豐6線",'0630 4度C'!$B:$B,"平均") -> 0 | E21: =SUMIFS('0630 4度C'!$AD:$AD,'0630 4度C'!$A:$A,"新豐2線",'0630 4度C'!$B:$B,"平均") -> 0 | F21: =SUMIFS('0630 4度C'!$AD:$AD,'0630 4度C'!$A:$A,"新豐5線",'0630 4度C'!$B:$B,"平均") -> 0 | G21: =SUMIFS('0630 4度C'!$AD:$AD,'0630 4度C'!$A:$A,"新豐7線",'0630 4度C'!$B:$B,"平均") -> 0 | H21: =SUMIFS('0630 4度C'!$AD:$AD,'0630 4度C'!$A:$A,"新豐3線",'0630 4度C'!$B:$B,"平均") -> 0 | I21: =SUMIFS('0630 4度C'!$AD:$AD,'0630 4度C'!$A:$A,"新豐1線",'0630 4度C'!$B:$B,"平均") -> 0 | J21: =SUMIFS('0630 4度C'!$AD:$AD,'0630 4度C'!$A:$A,"新豐10線",'0630 4度C'!$B:$B,"平均") -> 0 | K21: =SUMIFS('0630 4度C'!$AD:$AD,'0630 4度C'!$A:$A,"新豐8線",'0630 4度C'!$B:$B,"平均") -> 0 | L21: =SUMIFS('0630 4度C'!$AD:$AD,'0630 4度C'!$A:$A,"新豐9線",'0630 4度C'!$B:$B,"平均") -> 0 | M21: =SUMIFS('0630 4度C'!$AD:$AD,'0630 4度C'!$A:$A,"新豐4線",'0630 4度C'!$B:$B,"平均") -> 0
B22: 配置人數 | D22: =SUMIFS('0630 4度C'!$I:$I,'0630 4度C'!$A:$A,"新豐6線",'0630 4度C'!$B:$B,"平均") -> 15.5 | E22: =SUMIFS('0630 4度C'!$I:$I,'0630 4度C'!$A:$A,"新豐2線",'0630 4度C'!$B:$B,"平均") -> 17.4 | F22: =SUMIFS('0630 4度C'!$I:$I,'0630 4度C'!$A:$A,"新豐5線",'0630 4度C'!$B:$B,"平均") -> 18.714286 | G22: =SUMIFS('0630 4度C'!$I:$I,'0630 4度C'!$A:$A,"新豐7線",'0630 4度C'!$B:$B,"平均") -> 16.666667 | H22: =SUMIFS('0630 4度C'!$I:$I,'0630 4度C'!$A:$A,"新豐3線",'0630 4度C'!$B:$B,"平均") -> 10 | I22: =SUMIFS('0630 4度C'!$I:$I,'0630 4度C'!$A:$A,"新豐1線",'0630 4度C'!$B:$B,"平均") -> 16.714286 | J22: =SUMIFS('0630 4度C'!$I:$I,'0630 4度C'!$A:$A,"新豐10線",'0630 4度C'!$B:$B,"平均") -> 9.25 | K22: =SUMIFS('0630 4度C'!$I:$I,'0630 4度C'!$A:$A,"新豐8線",'0630 4度C'!$B:$B,"平均") -> 17.5 | L22: =SUMIFS('0630 4度C'!$I:$I,'0630 4度C'!$A:$A,"新豐9線",'0630 4度C'!$B:$B,"平均") -> 18 | M22: =SUMIFS('0630 4度C'!$I:$I,'0630 4度C'!$A:$A,"新豐4線",'0630 4度C'!$B:$B,"平均") -> 15.142857
B23: 主要應用設備 | D23: ET-55 | E23: 熱縮爐 | F23: L型包裝機 | G23: L型包裝機 | H23: 伺服包裝機 | I23: ET-55 | J23: 伺服包裝機 | K23: 三明治包裝機 | L23: 三明治包裝機 | M23: 三明治包裝機
B24: 次要應用設備 | F24: 圓盤機 | G24: ET-55
B25: 備註 | E25: 握沙拉 | F25: 共用L型包裝機 | H25: 調理麵包 | I25: 炒飯+沙拉 | J25: 調理麵包

Sheet 0630 4度C
A1: 新豐廠四度C日報分析 | C1: 總生產量 | D1: =SUM(F5:F72) -> 183717 | E1: 營業額 | F1: =SUM(G5:G72) -> 6251108.9 | G1: 出勤人數 | H1: =L9+L15+L51+L59+L23+L64+L39+L47+L30+L72 -> 154.8881 | I1: 產線配置圖 | L1: 生產實績 | O1: 人時性差異分析 | S1: 日報登錄 | Y1: 合計 次數 | Z1: 合計 時間/分 | AA1: 產線異常 分析說明(5分鐘以上) | AC1: 合計 次數 | AD1: 合計 設備次數 | AE1: 產能差異分析
A2: 46203 | B2: 星期二 | C2: 人時性 | D2: =AVERAGE(N9,N15,N51,N59,N23,N64,N30,N39,N47,N72) -> 151.63496 | E2: 平均廠價 | F2: =F1/D1 -> 34.025751 | G2: 多次生產數 | H2: =COUNT(H5:H72) -> 10 | Y2: =SUM(Y9+Y15+Y23+Y30+Y39+Y47+Y51+Y59+Y64+Y72) -> 0 | Z2: =SUM(Z9+Z15+Z23+Z30+Z39+Z47+Z51+Z59+Z64+Z72) -> 0 | AC2: =SUM(AC9+AC15+AC23+AC30+AC39+AC47+AC51+AC59+AC64+AC72) -> 58 | AD2: =SUM(AD9+AD15+AD23+AD30+AD39+AD47+AD51+AD59+AD64+AD72) -> 0
A3: 線別 | B3: 品類 | C3: 品名 | E3: 廠價 | F3: 生產量 | G3: 營收 | H3: 多次 生產 | I3: 人數 | J3: 產能/時 | K3: 人時性 | L3: 人數 | M3: 產能/時 | N3: 人時性 | O3: 人數 | P3: 人時性 | Q3: 達成率 | R3: 達成率平均 | S3: 生產時間 | U3: 換線、休息/分 | V3: 稼動時間/分 | W3: 休息時間 | Y3: 產線異常統計 (5分鐘以上) | AA3: (新豐回填) | AC3: 短暫停線統計 (5分鐘以下) | AE3: 產能/時 | AF3: 達成率 | AG3: 達成率平均
S4: 開始 | T4: 結束 | W4: 開始 | X4: 結束 | Y4: 次數 | Z4: 時間/分 | AC4: 總次數 | AD4: 設備因素(次數)
A5: 新豐6線 | B5: 微波主食 | C5: 二配泰式綠咖哩雞 | E5: 50.67 | F5: 1546 | G5: =E5*F5 -> 78335.82 | I5: 15 | J5: 2000 | K5: =J5/I5 -> 133.33333 | L5: 15 | M5: =F5/V5*60 -> 1932.5 | N5: =M5/L5 -> 128.83333 | O5: =L5-I5 -> 0 | P5: =N5-K5 -> -4.5 | Q5: =N5/K5 -> 0.96625 | R5: =Q9 -> 0.96480397 | S5: 0.70833333 | T5: 0.74166667 | V5: =(T5-S5)*24*60 -> 48 | AC5: 4 | AE5: =M5-J5 -> -67.5 | AF5: =M5/J5 -> 0.96625 | AG5: =AF9 -> 0.96480397
A6: 新豐6線 | B6: 微波主食 | C6: 二配金咖哩果香甘口咖哩飯 | E6: 50.92 | F6: 2442 | G6: =E6*F6 -> 124346.64 | I6: 15 | J6: 2000 | K6: =J6/I6 -> 133.33333 | L6: 15 | M6: =F6/V6*60 -> 1927.8947 | N6: =M6/L6 -> 128.52632 | O6: =L6-I6 -> 0 | P6: =N6-K6 -> -4.8070175 | Q6: =N6/K6 -> 0.96394737 | S6: 0.74583333 | T6: 0.79861111 | U6: =IF(S6=TIME(17,0,0),"",(S6-T5)*24*60) -> 6 | V6: =(T6-S6)*24*60 -> 76 | AE6: =M6-J6 -> -72.105263 | AF6: =M6/J6 -> 0.96394737
A7: 新豐6線 | B7: 微波主食 | C7: 二配金咖哩濃厚辛口咖哩飯 | E7: 50.98 | F7: 1000 | G7: =E7*F7 -> 50980 | H7: 2 | I7: 16 | J7: 2000 | K7: =J7/I7 -> 125 | L7: 16 | M7: =F7/V7*60 -> 1935.4839 | N7: =M7/L7 -> 120.96774 | O7: =L7-I7 -> 0 | P7: =N7-K7 -> -4.0322581 | Q7: =N7/K7 -> 0.96774194 | S7: 0.80208333 | T7: 0.82361111 | U7: =IF(S7=TIME(17,0,0),"",(S7-T6)*24*60) -> 5 | V7: =(T7-S7)*24*60 -> 31 | W7: =T7 -> 0.82361111 | X7: =S8 -> 0.86458333 | AE7: =M7-J7 -> -64.516129 | AF7: =M7/J7 -> 0.96774194
A8: 新豐6線 | B8: 微波主食 | C8: 二配金咖哩濃厚辛口咖哩飯 | E8: 50.98 | F8: 1506 | G8: =E8*F8 -> 76775.88 | I8: 16 | J8: 2000 | K8: =J8/I8 -> 125 | L8: 16 | M8: =F8/V8*60 -> 1922.5532 | N8: =M8/L8 -> 120.15957 | O8: =L8-I8 -> 0 | P8: =N8-K8 -> -4.8404255 | Q8: =N8/K8 -> 0.9612766 | S8: 0.86458333 | T8: 0.89722222 | U8: =IF(S8=TIME(17,0,0),"",(S8-T7)*24*60) -> 59 | V8: =(T8-S8)*24*60 -> 47 | AE8: =M8-J8 -> -77.446809 | AF8: =M8/J8 -> 0.9612766
A9: 新豐6線 | B9: 平均 | I9: 15.5 | J9: 2000 | K9: =J9/I9 -> 129.03226 | L9: 15.5 | M9: =AVERAGE(M5:M8) -> 1929.6079 | N9: =M9/L9 -> 124.49084 | O9: =L9-I9 -> 0 | P9: =N9-K9 -> -4.5414226 | Q9: =N9/K9 -> 0.96480397 | Y9: =SUM(Y5:Y8) -> 0 | Z9: =SUM(Z5:Z8) -> 0 | AC9: 4 | AD9: =SUM(AD5:AD8) -> 0 | AE9: =M9-J9 -> -70.39205 | AF9: =M9/J9 -> 0.96480397
A10: 新豐2線 | B10: 沙拉 | C10: 青醬優格雞肉握沙拉(113年) | E10: 39.62 | F10: 3100 | G10: =E10*F10 -> 122822 | H10: 2 | I10: 19 | J10: 1500 | K10: =J10/I10 -> 78.947368 | L10: 19 | M10: =F10/V10*60 -> 1430.7692 | N10: =M10/L10 -> 75.303644 | O10: =L10-I10 -> 0 | P10: =N10-K10 -> -3.6437247 | Q10: =N10/K10 -> 0.95384615 | R10: =Q15 -> 0.95568608 | S10: 0.125 | T10: 0.21527778 | V10: =(T10-S10)*24*60 -> 130 | W10: =T10 -> 0.21527778 | X10: =S11 -> 0.23263889 | AC10: 5 | AE10: =M10-J10 -> -69.230769 | AF10: =M10/J10 -> 0.95384615 | AG10: =AF15 -> 0.95568608
A11: 新豐2線 | B11: 沙拉 | C11: 厚蛋時蔬握沙拉 | E11: 39.46 | F11: 3984 | G11: =E11*F11 -> 157208.64 | I11: 15 | J11: 1500 | K11: =J11/I11 -> 100 | L11: 15 | M11: =F11/V11*60 -> 1431.3772 | N11: =M11/L11 -> 95.42515 | O11: =L11-I11 -> 0 | P11: =N11-K11 -> -4.5748503 | Q11: =N11/K11 -> 0.9542515 | S11: 0.23263889 | T11: 0.34861111 | U11: =IF(S11=TIME(17,0,0),"",(S11-T10)*24*60) -> 25 | V11: =(T11-S11)*24*60 -> 167 | AE11: =M11-J11 -> -68.622754 | AF11: =M11/J11 -> 0.9542515
A12: 新豐2線 | B12: 沙拉 | C12: 青檸烤雞握沙拉(113年) | E12: 39.8 | F12: 4700 | G12: =E12*F12 -> 187060 | H12: 2 | I12: 17 | J12: 1500 | K12: =J12/I12 -> 88.235294 | L12: 17 | M12: =F12/V12*60 -> 1431.4721 | N12: =M12/L12 -> 84.20424 | O12: =L12-I12 -> 0 | P12: =N12-K12 -> -4.031054 | Q12: =N12/K12 -> 0.95431472 | S12: 0.35347222 | T12: 0.49027778 | U12: =IF(S12=TIME(17,0,0),"",(S12-T11)*24*60) -> 7 | V12: =(T12-S12)*24*60 -> 197 | W12: =T12 -> 0.49027778 | X12: =S13 -> 0.53194444 | AE12: =M12-J12 -> -68.527919 | AF12: =M12/J12 -> 0.95431472
A13: 新豐2線 | B13: 沙拉 | C13: 青檸烤雞握沙拉(113年) | E13: 39.8 | F13: 2469 | G13: =E13*F13 -> 98266.2 | I13: 17 | J13: 1500 | K13: =J13/I13 -> 88.235294 | L13: 17 | M13: =F13/V13*60 -> 1438.2524 | N13: =M13/L13 -> 84.603084 | O13: =L13-I13 -> 0 | P13: =N13-K13 -> -3.6322102 | Q13: =N13/K13 -> 0.95883495 | S13: 0.53194444 | T13: 0.60347222 | U13: =IF(S13=TIME(17,0,0),"",(S13-T12)*24*60) -> 60 | V13: =(T13-S13)*24*60 -> 103 | AE13: =M13-J13 -> -61.747573 | AF13: =M13/J13 -> 0.95883495
A14: 新豐2線 | B14: 沙拉 | C14: 青醬優格雞肉握沙拉(113年) | E14: 39.62 | F14: 1699 | G14: =E14*F14 -> 67314.38 | I14: 19 | J14: 1500 | K14: =J14/I14 -> 78.947368 | L14: 19 | M14: =F14/V14*60 -> 1435.7746 | N14: =M14/L14 -> 75.567087 | O14: =L14-I14 -> 0 | P14: =N14-K14 -> -3.3802817 | Q14: =N14/K14 -> 0.9571831 | S14: 0.60833333 | T14: 0.65763889 | U14: =IF(S14=TIME(17,0,0),"",(S14-T13)*24*60) -> 7 | V14: =(T14-S14)*24*60 -> 71 | AE14: =M14-J14 -> -64.225352 | AF14: =M14/J14 -> 0.9571831
A15: 新豐2線 | B15: 平均 | I15: 17.4 | J15: 1500 | K15: =J15/I15 -> 86.206897 | L15: 17.4 | M15: =AVERAGE(M10:M14) -> 1433.5291 | N15: =M15/L15 -> 82.386731 | O15: =L15-I15 -> 0 | P15: =N15-K15 -> -3.8201651 | Q15: =N15/K15 -> 0.95568608 | Y15: =SUM(Y10:Y14) -> 0 | Z15: =SUM(Z10:Z14) -> 0 | AC15: 5 | AD15: =SUM(AD10:AD14) -> 0 | AE15: =M15-J15 -> -66.470873 | AF15: =M15/J15 -> 0.95568608
A16: 新豐5線 | B16: 小吃 | C16: 香菇雞燉湯 | E16: 38.62 | F16: 2583 | G16: =E16*F16 -> 99755.46 | I16: 24 | J16: 1500 | K16: =J16/I16 -> 62.5 | L16: 24 | M16: =F16/V16*60 -> 1435 | N16: =M16/L16 -> 59.791667 | O16: =L16-I16 -> 0 | P16: =N16-K16 -> -2.7083333 | Q16: =N16/K16 -> 0.95666667 | R16: =Q23 -> 0.96266494 | S16: 0.083333333 | T16: 0.15833333 | V16: =(T16-S16)*24*60 -> 108 | W16: =T16 -> 0.15833333 | X16: =S17 -> 0.17638889 | AC16: 7 | AE16: =M16-J16 -> -65 | AF16: =M16/J16 -> 0.95666667 | AG16: =AF23 -> 0.96266494
A17: 新豐5線 | B17: 小吃 | C17: 剝皮辣椒雞湯 | E17: 41 | F17: 2212 | G17: =E17*F17 -> 90692 | I17: 26 | J17: 1500 | K17: =J17/I17 -> 57.692308 | L17: 26 | M17: =F17/V17*60 -> 1427.0968 | N17: =M17/L17 -> 54.888337 | O17: =L17-I17 -> 0 | P17: =N17-K17 -> -2.8039702 | Q17: =N17/K17 -> 0.95139785 | S17: 0.17638889 | T17: 0.24097222 | U17: =IF(S17=TIME(17,0,0),"",(S17-T16)*24*60) -> 26 | V17: =(T17-S17)*24*60 -> 93 | AE17: =M17-J17 -> -72.903226 | AF17: =M17/J17 -> 0.95139785
A18: 新豐5線 | B18: 微波主食 | C18: 香菇雞粥 | E18: 37.03 | F18: 3731 | G18: =E18*F18 -> 138158.93 | I18: 13 | J18: 1500 | K18: =J18/I18 -> 115.38462 | L18: 13 | M18: =F18/V18*60 -> 1425.8599 | N18: =M18/L18 -> 109.68153 | O18: =L18-I18 -> 0 | P18: =N18-K18 -> -5.7030867 | Q18: =N18/K18 -> 0.95057325 | S18: 0.24513889 | T18: 0.35416667 | U18: =IF(S18=TIME(17,0,0),"",(S18-T17)*24*60) -> 6 | V18: =(T18-S18)*24*60 -> 157 | AE18: =M18-J18 -> -74.140127 | AF18: =M18/J18 -> 0.95057325
A19: 新豐5線 | B19: 沙拉 | C19: 地瓜瓜握沙拉 | E19: 39.52 | F19: 3128 | G19: =E19*F19 -> 123618.56 | I19: 19 | J19: 1500 | K19: =J19/I19 -> 78.947368 | L19: 19 | M19: =F19/V19*60 -> 1432.6718 | N19: =M19/L19 -> 75.403777 | O19: =L19-I19 -> 0 | P19: =N19-K19 -> -3.5435918 | Q19: =N19/K19 -> 0.9551145 | S19: 0.35972222 | T19: 0.45069444 | U19: =IF(S19=TIME(17,0,0),"",(S19-T18)*24*60) -> 8 | V19: =(T19-S19)*24*60 -> 131 | AE19: =M19-J19 -> -67.328244 | AF19: =M19/J19 -> 0.9551145
A20: 新豐5線 | B20: 微波主食 | C20: 二配起司控培根白醬焗烤飯 | E20: 53.68 | F20: 1088 | G20: =E20*F20 -> 58403.84 | I20: 16 | J20: 1500 | K20: =J20/I20 -> 93.75 | L20: 16 | M20: =F20/V20*60 -> 1450.6667 | N20: =M20/L20 -> 90.666667 | O20: =L20-I20 -> 0 | P20: =N20-K20 -> -3.0833333 | Q20: =N20/K20 -> 0.96711111 | S20: 0.70833333 | T20: 0.73958333 | U20: =IF(S20=TIME(17,0,0),"",(S20-T19)*24*60) | V20: =(T20-S20)*24*60 -> 45 | AE20: =M20-J20 -> -49.333333 | AF20: =M20/J20 -> 0.96711111
A21: 新豐5線 | B21: 微波主食 | C21: 二配蔥爆牛肉燴飯 | E21: 52.86 | F21: 557 | G21: =E21*F21 -> 29443.02 | I21: 16 | J21: 2000 | K21: =J21/I21 -> 125 | L21: 16 | M21: =F21/V21*60 -> 1965.8824 | N21: =M21/L21 -> 122.86765 | O21: =L21-I21 -> 0 | P21: =N21-K21 -> -2.1323529 | Q21: =N21/K21 -> 0.98294118 | S21: 0.74375 | T21: 0.75555556 | U21: =IF(S21=TIME(17,0,0),"",(S21-T20)*24*60) -> 6 | V21: =(T21-S21)*24*60 -> 17 | AE21: =M21-J21 -> -34.117647 | AF21: =M21/J21 -> 0.98294118
A22: 新豐5線 | B22: 微波主食 | C22: 二配港式香滑嫩蛋牛肉燴飯 | E22: 50.67 | F22: 1579 | G22: =E22*F22 -> 80007.93 | I22: 17 | J22: 2000 | K22: =J22/I22 -> 117.64706 | L22: 17 | M22: =F22/V22*60 -> 1933.4694 | N22: =M22/L22 -> 113.73349 | O22: =L22-I22 -> 0 | P22: =N22-K22 -> -3.9135654 | Q22: =N22/K22 -> 0.96673469 | S22: 0.75972222 | T22: 0.79375 | U22: =IF(S22=TIME(17,0,0),"",(S22-T21)*24*60) -> 6 | V22: =(T22-S22)*24*60 -> 49 | AE22: =M22-J22 -> -66.530612 | AF22: =M22/J22 -> 0.96673469
A23: 新豐5線 | B23: 平均 | I23: 18.714286 | J23: 1642.8571 | K23: =J23/I23 -> 87.78626 | L23: 18.714286 | M23: =AVERAGE(M16:M22) -> 1581.521 | N23: =M23/L23 -> 84.508754 | O23: =L23-I23 -> 0 | P23: =N23-K23 -> -3.2775053 | Q23: =N23/K23 -> 0.96266494 | Y23: =SUM(Y16:Y22) -> 0 | Z23: =SUM(Z16:Z22) -> 0 | AC23: 7 | AD23: =SUM(AD16:AD22) -> 0 | AE23: =M23-J23 -> -61.33617 | AF23: =M23/J23 -> 0.96266494
A24: 新豐7線 | B24: 微波主食 | C24: 韓式泡菜豬肉豆腐丼飯 | E24: 50.67 | F24: 2180 | G24: =E24*F24 -> 110460.6 | I24: 17 | J24: 2000 | K24: =J24/I24 -> 117.64706 | L24: 17 | M24: =F24/V24*60 -> 1923.5294 | N24: =M24/L24 -> 113.14879 | O24: =L24-I24 -> 0 | P24: =N24-K24 -> -4.4982699 | Q24: =N24/K24 -> 0.96176471 | R24: =Q30 -> 0.96072022 | S24: 0.20833333 | T24: 0.25555556 | V24: =(T24-S24)*24*60 -> 68 | AC24: 6 | AE24: =M24-J24 -> -76.470588 | AF24: =M24/J24 -> 0.96176471 | AG24: =AF30 -> 0.96072022
A25: 新豐7線 | B25: 微波主食 | C25: 鐵板滑蛋炸豬排丼 | E25: 57.73 | F25: 2718 | G25: =E25*F25 -> 156910.14 | I25: 14 | J25: 2000 | K25: =J25/I25 -> 142.85714 | L25: 14 | M25: =F25/V25*60 -> 1918.5882 | N25: =M25/L25 -> 137.04202 | O25: =L25-I25 -> 0 | P25: =N25-K25 -> -5.8151261 | Q25: =N25/K25 -> 0.95929412 | S25: 0.25902778 | T25: 0.31805556 | U25: =IF(S25=TIME(17,0,0),"",(S25-T24)*24*60) -> 5 | V25: =(T25-S25)*24*60 -> 85 | AE25: =M25-J25 -> -81.411765 | AF25: =M25/J25 -> 0.95929412
A26: 新豐7線 | B26: 微波主食 | C26: 日式炙烤親子丼 | E26: 53.27 | F26: 1897 | G26: =E26*F26 -> 101053.19 | I26: 16 | J26: 2000 | K26: =J26/I26 -> 125 | L26: 16 | M26: =F26/V26*60 -> 1929.1525 | N26: =M26/L26 -> 120.57203 | O26: =L26-I26 -> 0 | P26: =N26-K26 -> -4.4279661 | Q26: =N26/K26 -> 0.96457627 | S26: 0.32152778 | T26: 0.3625 | U26: =IF(S26=TIME(17,0,0),"",(S26-T25)*24*60) -> 5 | V26: =(T26-S26)*24*60 -> 59 | AE26: =M26-J26 -> -70.847458 | AF26: =M26/J26 -> 0.96457627
A27: 新豐7線 | B27: 微波主食 | C27: 炙烤醬香燒豚飯 | E27: 51.44 | F27: 2269 | G27: =E27*F27 -> 116717.36 | I27: 25 | J27: 2000 | K27: =J27/I27 -> 80 | L27: 25 | M27: =F27/V27*60 -> 1917.4648 | N27: =M27/L27 -> 76.698592 | O27: =L27-I27 -> 0 | P27: =N27-K27 -> -3.3014085 | Q27: =N27/K27 -> 0.95873239 | S27: 0.36597222 | T27: 0.41527778 | U27: =IF(S27=TIME(17,0,0),"",(S27-T26)*24*60) -> 5 | V27: =(T27-S27)*24*60 -> 71 | AE27: =M27-J27 -> -82.535211 | AF27: =M27/J27 -> 0.95873239
A28: 新豐7線 | B28: 微波主食 | C28: 二配川味麻婆燒豆腐燴飯 | E28: 50.49 | F28: 2076 | G28: =E28*F28 -> 104817.24 | I28: 15 | J28: 2000 | K28: =J28/I28 -> 133.33333 | L28: 15 | M28: =F28/V28*60 -> 1916.3077 | N28: =M28/L28 -> 127.75385 | O28: =L28-I28 -> 0 | P28: =N28-K28 -> -5.5794872 | Q28: =N28/K28 -> 0.95815385 | S28: 0.70833333 | T28: 0.75347222 | U28: =IF(S28=TIME(17,0,0),"",(S28-T27)*24*60) | V28: =(T28-S28)*24*60 -> 65 | AE28: =M28-J28 -> -83.692308 | AF28: =M28/J28 -> 0.95815385
A29: 新豐7線 | B29: 微波主食 | C29: 二配打拋風味豬肉飯 | E29: 51.06 | F29: 3206 | G29: =E29*F29 -> 163698.36 | I29: 13 | J29: 2000 | K29: =J29/I29 -> 153.84615 | L29: 13 | M29: =F29/V29*60 -> 1923.6 | N29: =M29/L29 -> 147.96923 | O29: =L29-I29 -> 0 | P29: =N29-K29 -> -5.8769231 | Q29: =N29/K29 -> 0.9618 | S29: 0.75833333 | T29: 0.82777778 | U29: =IF(S29=TIME(17,0,0),"",(S29-T28)*24*60) -> 7 | V29: =(T29-S29)*24*60 -> 100 | AE29: =M29-J29 -> -76.4 | AF29: =M29/J29 -> 0.9618
A30: 新豐7線 | B30: 平均 | I30: 16.666667 | J30: 2000 | K30: =J30/I30 -> 120 | L30: 16.666667 | M30: =AVERAGE(M24:M29) -> 1921.4404 | N30: =M30/L30 -> 115.28643 | O30: =L30-I30 -> 0 | P30: =N30-K30 -> -4.7135733 | Q30: =N30/K30 -> 0.96072022 | Y30: =SUM(Y24:Y29) -> 0 | Z30: =SUM(Z24:Z29) -> 0 | AC30: 6 | AD30: =SUM(AD24:AD29) -> 0 | AE30: =M30-J30 -> -78.559555 | AF30: =M30/J30 -> 0.96072022
A31: 新豐8線 | B31: 三明治 | C31: 紐奧良風味烤雞鮮蔬三明治 | E31: 31.29 | F31: 5800 | G31: =E31*F31 -> 181482 | H31: 2 | I31: 18 | J31: 2400 | K31: =J31/I31 -> 133.33333 | L31: 18 | M31: =F31/V31*60 -> 2289.4737 | N31: =M31/L31 -> 127.19298 | O31: =L31-I31 -> 0 | P31: =N31-K31 -> -6.1403509 | Q31: =N31/K31 -> 0.95394737 | R31: =Q39 -> 0.95774526 | S31: 0.083333333 | T31: 0.18888889 | V31: =(T31-S31)*24*60 -> 152 | W31: =T31 -> 0.18888889 | X31: =S32 -> 0.20833333 | AC31: 8 | AE31: =M31-J31 -> -110.52632 | AF31: =M31/J31 -> 0.95394737 | AG31: =AF39 -> 0.95774526
A32: 新豐8線 | B32: 三明治 | C32: 醬燒烤雞三明治(115年) | E32: 26.37 | F32: 3900 | G32: =E32*F32 -> 102843 | H32: 2 | I32: 18 | J32: 2400 | K32: =J32/I32 -> 133.33333 | L32: 18 | M32: =F32/V32*60 -> 2294.1176 | N32: =M32/L32 -> 127.45098 | O32: =L32-I32 -> 0 | P32: =N32-K32 -> -5.8823529 | Q32: =N32/K32 -> 0.95588235 | S32: 0.20833333 | T32: 0.27916667 | U32: =(S32-T31)*24*60 -> 28 | V32: =(T32-S32)*24*60 -> 102 | AE32: =M32-J32 -> -105.88235 | AF32: =M32/J32 -> 0.95588235
A33: 新豐8線 | B33: 三明治 | C33: 鮪魚起司溏心蛋三明治(115年) | E33: 26.18 | F33: 4700 | G33: =E33*F33 -> 123046 | H33: 2 | I33: 18 | J33: 2400 | K33: =J33/I33 -> 133.33333 | L33: 18 | M33: =F33/V33*60 -> 2292.6829 | N33: =M33/L33 -> 127.37127 | O33: =L33-I33 -> 0 | P33: =N33-K33 -> -5.9620596 | Q33: =N33/K33 -> 0.95528455 | S33: 0.28263889 | T33: 0.36805556 | U33: =(S33-T32)*24*60 -> 5 | V33: =(T33-S33)*24*60 -> 123 | AE33: =M33-J33 -> -107.31707 | AF33: =M33/J33 -> 0.95528455
A34: 新豐8線 | B34: 三明治 | C34: 茄汁厚起司三明治 | E34: 25.99 | F34: 1778 | G34: =E34*F34 -> 46210.22 | I34: 18 | J34: 2400 | K34: =J34/I34 -> 133.33333 | L34: 18 | M34: =F34/V34*60 -> 2319.1304 | N34: =M34/L34 -> 128.84058 | O34: =L34-I34 -> 0 | P34: =N34-K34 -> -4.4927536 | Q34: =N34/K34 -> 0.96630435 | S34: 0.37291667 | T34: 0.40486111 | U34: =(S34-T33)*24*60 -> 7 | V34: =(T34-S34)*24*60 -> 46 | AE34: =M34-J34 -> -80.869565 | AF34: =M34/J34 -> 0.96630435
A35: 新豐8線 | B35: 三明治 | C35: 雞蛋沙拉三明治(114年) | E35: 25.99 | F35: 4394 | G35: =E35*F35 -> 114200.06 | I35: 14 | J35: 2400 | K35: =J35/I35 -> 171.42857 | L35: 14 | M35: =F35/V35*60 -> 2292.5217 | N35: =M35/L35 -> 163.75155 | O35: =L35-I35 -> 0 | P35: =N35-K35 -> -7.6770186 | Q35: =N35/K35 -> 0.95521739 | S35: 0.40833333 | T35: 0.48819444 | U35: =(S35-T34)*24*60 -> 5 | V35: =(T35-S35)*24*60 -> 115 | W35: =T35 -> 0.48819444 | X35: =S36 -> 0.52916667 | AE35: =M35-J35 -> -107.47826 | AF35: =M35/J35 -> 0.95521739
A36: 新豐8線 | B36: 三明治 | C36: 鮪魚起司溏心蛋三明治(115年) | E36: 26.18 | F36: 3576 | G36: =E36*F36 -> 93619.68 | I36: 18 | J36: 2400 | K36: =J36/I36 -> 133.33333 | L36: 18 | M36: =F36/V36*60 -> 2307.0968 | N36: =M36/L36 -> 128.17204 | O36: =L36-I36 -> 0 | P36: =N36-K36 -> -5.1612903 | Q36: =N36/K36 -> 0.96129032 | S36: 0.52916667 | T36: 0.59375 | U36: =(S36-T35)*24*60 -> 59 | V36: =(T36-S36)*24*60 -> 93 | AE36: =M36-J36 -> -92.903226 | AF36: =M36/J36 -> 0.96129032
A37: 新豐8線 | B37: 三明治 | C37: 醬燒烤雞三明治(115年) | E37: 26.37 | F37: 2679 | G37: =E37*F37 -> 70645.23 | I37: 18 | J37: 2400 | K37: =J37/I37 -> 133.33333 | L37: 18 | M37: =F37/V37*60 -> 2296.2857 | N37: =M37/L37 -> 127.57143 | O37: =L37-I37 -> 0 | P37: =N37-K37 -> -5.7619048 | Q37: =N37/K37 -> 0.95678571 | S37: 0.59791667 | T37: 0.64652778 | U37: =(S37-T36)*24*60 -> 6 | V37: =(T37-S37)*24*60 -> 70 | AE37: =M37-J37 -> -103.71429 | AF37: =M37/J37 -> 0.95678571
A38: 新豐8線 | B38: 三明治 | C38: 紐奧良風味烤雞鮮蔬三明治 | E38: 31.29 | F38: 3829 | G38: =E38*F38 -> 119809.41 | I38: 18 | J38: 2400 | K38: =J38/I38 -> 133.33333 | L38: 18 | M38: =F38/V38*60 -> 2297.4 | N38: =M38/L38 -> 127.63333 | O38: =L38-I38 -> 0 | P38: =N38-K38 -> -5.7 | Q38: =N38/K38 -> 0.95725 | S38: 0.65 | T38: 0.71944444 | U38: =(S38-T37)*24*60 -> 5 | V38: =(T38-S38)*24*60 -> 100 | AE38: =M38-J38 -> -102.6 | AF38: =M38/J38 -> 0.95725
A39: 新豐8線 | B39: 平均 | I39: 17.5 | J39: 2400 | K39: =J39/I39 -> 137.14286 | L39: 17.5 | M39: =AVERAGE(M31:M38) -> 2298.5886 | N39: =M39/L39 -> 131.34792 | O39: =L39-I39 -> 0 | P39: =N39-K39 -> -5.7949363 | Q39: =N39/K39 -> 0.95774526 | Y39: =SUM(Y31:Y38) -> 0 | Z39: =SUM(Z31:Z38) -> 0 | AC39: 8 | AD39: =SUM(AD31:AD38) -> 0 | AE39: =M39-J39 -> -101.41138 | AF39: =M39/J39 -> 0.95774526
A40: 新豐9線 | B40: 三明治 | C40: 經典總匯三明治(115年) | E40: 26.18 | F40: 3800 | G40: =E40*F40 -> 99484 | H40: 2 | I40: 20 | J40: 2400 | K40: =J40/I40 -> 120 | L40: 20 | M40: =F40/V40*60 -> 2303.0303 | N40: =M40/L40 -> 115.15152 | O40: =L40-I40 -> 0 | P40: =N40-K40 -> -4.8484848 | Q40: =N40/K40 -> 0.95959596 | R40: =Q47 -> 0.95452636 | S40: 0.083333333 | T40: 0.15208333 | V40: =(T40-S40)*24*60 -> 99 | W40: =T40 -> 0.15208333 | X40: =S41 -> 0.17083333 | AC40: 7 | AE40: =M40-J40 -> -96.969697 | AF40: =M40/J40 -> 0.95959596 | AG40: =AF47 -> 0.95452636
A41: 新豐9線 | B41: 三明治 | C41: 經典火腿玉米蛋三明治 | E41: 24.43 | F41: 4000 | G41: =E41*F41 -> 97720 | H41: 2 | I41: 14 | J41: 2400 | K41: =J41/I41 -> 171.42857 | L41: 14 | M41: =F41/V41*60 -> 2285.7143 | N41: =M41/L41 -> 163.26531 | O41: =L41-I41 -> 0 | P41: =N41-K41 -> -8.1632653 | Q41: =N41/K41 -> 0.95238095 | S41: 0.17083333 | T41: 0.24375 | U41: =(S41-T40)*24*60 -> 27 | V41: =(T41-S41)*24*60 -> 105 | AE41: =M41-J41 -> -114.28571 | AF41: =M41/J41 -> 0.95238095
A42: 新豐9線 | B42: 三明治 | C42: 五彩鮮蔬三明治 | E42: 25.98 | F42: 4318 | G42: =E42*F42 -> 112181.64 | I42: 20 | J42: 2400 | K42: =J42/I42 -> 120 | L42: 20 | M42: =F42/V42*60 -> 2292.7434 | N42: =M42/L42 -> 114.63717 | O42: =L42-I42 -> 0 | P42: =N42-K42 -> -5.3628319 | Q42: =N42/K42 -> 0.95530973 | S42: 0.24861111 | T42: 0.32708333 | U42: =(S42-T41)*24*60 -> 7 | V42: =(T42-S42)*24*60 -> 113 | AE42: =M42-J42 -> -107.25664 | AF42: =M42/J42 -> 0.95530973
A43: 新豐9線 | B43: 三明治 | C43: 好多蛋三明治 | E43: 34.1 | F43: 3700 | G43: =E43*F43 -> 126170 | H43: 2 | I43: 17 | J43: 1600 | K43: =J43/I43 -> 94.117647 | L43: 17 | M43: =F43/V43*60 -> 1520.5479 | N43: =M43/L43 -> 89.443997 | O43: =L43-I43 -> 0 | P43: =N43-K43 -> -4.6736503 | Q43: =N43/K43 -> 0.95034247 | S43: 0.33263889 | T43: 0.43402778 | U43: =(S43-T42)*24*60 -> 8 | V43: =(T43-S43)*24*60 -> 146 | AE43: =M43-J43 -> -79.452055 | AF43: =M43/J43 -> 0.95034247
A44: 新豐9線 | B44: 三明治 | C44: 榛果摩卡脆脆三明治 | E44: 20.21 | F44: 3277 | G44: =E44*F44 -> 66228.17 | I44: 18 | J44: 2400 | K44: =J44/I44 -> 133.33333 | L44: 18 | M44: =F44/V44*60 -> 2286.2791 | N44: =M44/L44 -> 127.0155 | O44: =L44-I44 -> 0 | P44: =N44-K44 -> -6.3178295 | Q44: =N44/K44 -> 0.95261628 | S44: 0.43888889 | T44: 0.49861111 | U44: =(S44-T43)*24*60 -> 7 | V44: =(T44-S44)*24*60 -> 86 | W44: =T44 -> 0.49861111 | X44: =S45 -> 0.53888889 | AE44: =M44-J44 -> -113.72093 | AF44: =M44/J44 -> 0.95261628
A45: 新豐9線 | B45: 三明治 | C45: 好多蛋三明治 | E45: 34.1 | F45: 3075 | G45: =E45*F45 -> 104857.5 | I45: 17 | J45: 1600 | K45: =J45/I45 -> 94.117647 | L45: 17 | M45: =F45/V45*60 -> 1524.7934 | N45: =M45/L45 -> 89.693729 | O45: =L45-I45 -> 0 | P45: =N45-K45 -> -4.4239183 | Q45: =N45/K45 -> 0.95299587 | S45: 0.53888889 | T45: 0.62291667 | U45: =(S45-T44)*24*60 -> 58 | V45: =(T45-S45)*24*60 -> 121 | AE45: =M45-J45 -> -75.206612 | AF45: =M45/J45 -> 0.95299587
A46: 新豐9線 | B46: 三明治 | C46: 經典總匯三明治(115年) | E46: 26.18 | F46: 2487 | G46: =E46*F46 -> 65109.66 | I46: 20 | J46: 2400 | K46: =J46/I46 -> 120 | L46: 20 | M46: =F46/V46*60 -> 2295.6923 | N46: =M46/L46 -> 114.78462 | O46: =L46-I46 -> 0 | P46: =N46-K46 -> -5.2153846 | Q46: =N46/K46 -> 0.95653846 | S46: 0.62777778 | T46: 0.67291667 | U46: =(S46-T45)*24*60 -> 7 | V46: =(T46-S46)*24*60 -> 65 | AE46: =M46-J46 -> -104.30769 | AF46: =M46/J46 -> 0.95653846
A47: 新豐9線 | B47: 平均 | I47: 18 | J47: 2171.4286 | K47: =J47/I47 -> 120.63492 | L47: 18 | M47: =AVERAGE(M40:M46) -> 2072.6858 | N47: =M47/L47 -> 115.14921 | O47: =L47-I47 -> 0 | P47: =N47-K47 -> -5.485709 | Q47: =N47/K47 -> 0.95452636 | Y47: =SUM(Y40:Y46) -> 0 | Z47: =SUM(Z40:Z46) -> 0 | AC47: 7 | AD47: =SUM(AD40:AD46) -> 0 | AE47: =M47-J47 -> -98.742762 | AF47: =M47/J47 -> 0.95452636
A48: 新豐3線 | B48: 調理麵包 | C48: 厚豆腐蛋白蕈菇豬肉堡 | E48: 34.36 | F48: 2398 | G48: =E48*F48 -> 82395.28 | I48: 10 | J48: 3000 | K48: =J48/I48 -> 300 | L48: 10 | M48: =F48/V48*60 -> 2877.6 | N48: =M48/L48 -> 287.76 | O48: =L48-I48 -> 0 | P48: =N48-K48 -> -12.24 | Q48: =N48/K48 -> 0.9592 | R48: =Q51 -> 0.95686349 | S48: 0.20833333 | T48: 0.24305556 | V48: =(T48-S48)*24*60 -> 50 | AC48: 3 | AE48: =M48-J48 -> -122.4 | AF48: =M48/J48 -> 0.9592 | AG48: =AF51 -> 0.95686349
A49: 新豐3線 | B49: 調理麵包 | C49: 豬肉起司堡 | E49: 21.13 | F49: 6024 | G49: =E49*F49 -> 127287.12 | I49: 10 | J49: 3000 | K49: =J49/I49 -> 300 | L49: 10 | M49: =F49/V49*60 -> 2868.5714 | N49: =M49/L49 -> 286.85714 | O49: =L49-I49 -> 0 | P49: =N49-K49 -> -13.142857 | Q49: =N49/K49 -> 0.95619048 | S49: 0.24791667 | T49: 0.33541667 | U49: =(S49-T48)*24*60 -> 7 | V49: =(T49-S49)*24*60 -> 126 | AE49: =M49-J49 -> -131.42857 | AF49: =M49/J49 -> 0.95619048
A50: 新豐3線 | B50: 調理麵包 | C50: 豬肉起司蛋堡 | E50: 27.17 | F50: 7164 | G50: =E50*F50 -> 194645.88 | I50: 10 | J50: 3000 | K50: =J50/I50 -> 300 | L50: 10 | M50: =F50/V50*60 -> 2865.6 | N50: =M50/L50 -> 286.56 | O50: =L50-I50 -> 0 | P50: =N50-K50 -> -13.44 | Q50: =N50/K50 -> 0.9552 | S50: 0.34097222 | T50: 0.44513889 | U50: =(S50-T49)*24*60 -> 8 | V50: =(T50-S50)*24*60 -> 150 | AE50: =M50-J50 -> -134.4 | AF50: =M50/J50 -> 0.9552
A51: 新豐3線 | B51: 平均 | I51: 10 | J51: 3000 | K51: =J51/I51 -> 300 | L51: 10 | M51: =AVERAGE(M48:M50) -> 2870.5905 | N51: =M51/L51 -> 287.05905 | O51: =L51-I51 -> 0 | P51: =N51-K51 -> -12.940952 | Q51: =N51/K51 -> 0.95686349 | Y51: =SUM(Y48:Y50) -> 0 | Z51: =SUM(Z48:Z50) -> 0 | AC51: 3 | AD51: =SUM(AD48:AD50) -> 0 | AE51: =M51-J51 -> -129.40952 | AF51: =M51/J51 -> 0.95686349
A52: 新豐1線 | B52: 微波主食 | C52: 爆炒雞丁飯 | E52: 59.04 | F52: 2460 | G52: =E52*F52 -> 145238.4 | I52: 19 | J52: 2000 | K52: =J52/I52 -> 105.26316 | L52: 19 | M52: =F52/V52*60 -> 1916.8831 | N52: =M52/L52 -> 100.88859 | O52: =L52-I52 -> 0 | P52: =N52-K52 -> -4.3745728 | Q52: =N52/K52 -> 0.95844156 | R52: =Q59 -> 0.95712071 | S52: 0.16666667 | T52: 0.22013889 | V52: =(T52-S52)*24*60 -> 77 | W52: =T52 -> 0.22013889 | X52: =S53 -> 0.24097222 | AC52: 7 | AE52: =M52-J52 -> -83.116883 | AF52: =M52/J52 -> 0.95844156 | AG52: =AF59 -> 0.95712071
A53: 新豐1線 | B53: 微波主食 | C53: 壹號醬雞豚雙拼 | E53: 56.43 | F53: 1574 | G53: =E53*F53 -> 88820.82 | I53: 22 | J53: 2000 | K53: =J53/I53 -> 90.909091 | L53: 22 | M53: =F53/V53*60 -> 1927.3469 | N53: =M53/L53 -> 87.606679 | O53: =L53-I53 -> 0 | P53: =N53-K53 -> -3.3024119 | Q53: =N53/K53 -> 0.96367347 | S53: 0.24097222 | T53: 0.275 | U53: =IF(S53=TIME(17,0,0),"",(S53-T52)*24*60) -> 30 | V53: =(T53-S53)*24*60 -> 49 | AE53: =M53-J53 -> -72.653061 | AF53: =M53/J53 -> 0.96367347
A54: 新豐1線 | B54: 沙拉 | C54: 蔥鹽雞肉麵沙拉(114年) | E54: 46 | F54: 2669 | G54: =E54*F54 -> 122774 | I54: 16 | J54: 2000 | K54: =J54/I54 -> 125 | L54: 16 | M54: =F54/V54*60 -> 1906.4286 | N54: =M54/L54 -> 119.15179 | O54: =L54-I54 -> 0 | P54: =N54-K54 -> -5.8482143 | Q54: =N54/K54 -> 0.95321429 | S54: 0.27916667 | T54: 0.3375 | U54: =IF(S54=TIME(17,0,0),"",(S54-T53)*24*60) -> 6 | V54: =(T54-S54)*24*60 -> 84 | AE54: =M54-J54 -> -93.571429 | AF54: =M54/J54 -> 0.95321429
A55: 新豐1線 | B55: 沙拉 | C55: 莎莎烤雞麵沙拉(115年) | E55: 46 | F55: 3218 | G55: =E55*F55 -> 148028 | I55: 17 | J55: 2000 | K55: =J55/I55 -> 117.64706 | L55: 17 | M55: =F55/V55*60 -> 1911.6832 | N55: =M55/L55 -> 112.45195 | O55: =L55-I55 -> 0 | P55: =N55-K55 -> -5.1951077 | Q55: =N55/K55 -> 0.95584158 | S55: 0.34166667 | T55: 0.41180556 | U55: =IF(S55=TIME(17,0,0),"",(S55-T54)*24*60) -> 6 | V55: =(T55-S55)*24*60 -> 101 | AE55: =M55-J55 -> -88.316832 | AF55: =M55/J55 -> 0.95584158
A56: 新豐1線 | B56: 微波主食 | C56: 二配香辣醬蒜味香腸蛋炒飯 | E56: 55.56 | F56: 2415 | G56: =E56*F56 -> 134177.4 | I56: 17 | J56: 2000 | K56: =J56/I56 -> 117.64706 | L56: 17 | M56: =F56/V56*60 -> 1906.5789 | N56: =M56/L56 -> 112.1517 | O56: =L56-I56 -> 0 | P56: =N56-K56 -> -5.495356 | Q56: =N56/K56 -> 0.95328947 | S56: 0.70833333 | T56: 0.76111111 | U56: =IF(S56=TIME(17,0,0),"",(S56-T55)*24*60) | V56: =(T56-S56)*24*60 -> 76 | AE56: =M56-J56 -> -93.421053 | AF56: =M56/J56 -> 0.95328947
A57: 新豐1線 | B57: 微波主食 | C57: 二配藤椒雞丁炒飯 | E57: 54.09 | F57: 1663 | G57: =E57*F57 -> 89951.67 | I57: 13 | J57: 2000 | K57: =J57/I57 -> 153.84615 | L57: 13 | M57: =F57/V57*60 -> 1918.8462 | N57: =M57/L57 -> 147.60355 | O57: =L57-I57 -> 0 | P57: =N57-K57 -> -6.2426036 | Q57: =N57/K57 -> 0.95942308 | S57: 0.76527778 | T57: 0.80138889 | U57: =IF(S57=TIME(17,0,0),"",(S57-T56)*24*60) -> 6 | V57: =(T57-S57)*24*60 -> 52 | AE57: =M57-J57 -> -81.153846 | AF57: =M57/J57 -> 0.95942308
A58: 新豐1線 | B58: 微波主食 | C58: 二配厚香料優格咖哩雞排飯 | E58: 56.43 | F58: 1657 | G58: =E58*F58 -> 93504.51 | I58: 13 | J58: 2000 | K58: =J58/I58 -> 153.84615 | L58: 13 | M58: =F58/V58*60 -> 1911.9231 | N58: =M58/L58 -> 147.07101 | O58: =L58-I58 -> 0 | P58: =N58-K58 -> -6.7751479 | Q58: =N58/K58 -> 0.95596154 | S58: 0.80625 | T58: 0.84236111 | U58: =IF(S58=TIME(17,0,0),"",(S58-T57)*24*60) -> 7 | V58: =(T58-S58)*24*60 -> 52 | AE58: =M58-J58 -> -88.076923 | AF58: =M58/J58 -> 0.95596154
A59: 新豐1線 | B59: 平均 | I59: 16.714286 | J59: 2000 | K59: =J59/I59 -> 119.65812 | L59: 16.714286 | M59: =AVERAGE(M52:M58) -> 1914.2414 | N59: =M59/L59 -> 114.52726 | O59: =L59-I59 -> 0 | P59: =N59-K59 -> -5.1308549 | Q59: =N59/K59 -> 0.95712071 | Y59: =SUM(Y52:Y58) -> 0 | Z59: =SUM(Z52:Z58) -> 0 | AC59: 7 | AD59: =SUM(AD52:AD58) -> 0 | AE59: =M59-J59 -> -85.758575 | AF59: =M59/J59 -> 0.95712071
A60: 新豐10線 | B60: 調理麵包 | C60: 經典雙牛起司堡(113年) | E60: 35.12 | F60: 6528 | G60: =E60*F60 -> 229263.36 | I60: 10 | J60: 3000 | K60: =J60/I60 -> 300 | L60: 10 | M60: =F60/V60*60 -> 2858.9781 | N60: =M60/L60 -> 285.89781 | O60: =L60-I60 -> 0 | P60: =N60-K60 -> -14.10219 | Q60: =N60/K60 -> 0.9529927 | R60: =Q64 -> 0.95755194 | S60: 0.20833333 | T60: 0.30347222 | V60: =(T60-S60)*24*60 -> 137 | AC60: 4 | AE60: =M60-J60 -> -141.0219 | AF60: =M60/J60 -> 0.9529927 | AG60: =AF64 -> 0.95755194
A61: 新豐10線 | B61: 調理麵包 | C61: 香雞蛋堡(112年) | E61: 26.78 | F61: 2884 | G61: =E61*F61 -> 77233.52 | I61: 10 | J61: 3000 | K61: =J61/I61 -> 300 | L61: 10 | M61: =F61/V61*60 -> 2884 | N61: =M61/L61 -> 288.4 | O61: =L61-I61 -> 0 | P61: =N61-K61 -> -11.6 | Q61: =N61/K61 -> 0.96133333 | S61: 0.30763889 | T61: 0.34930556 | U61: =(S61-T60)*24*60 -> 6 | V61: =(T61-S61)*24*60 -> 60 | AE61: =M61-J61 -> -116 | AF61: =M61/J61 -> 0.96133333
A62: 新豐10線 | B62: 調理麵包 | C62: 美式雞腿堡 | E62: 35.87 | F62: 3982 | G62: =E62*F62 -> 142834.34 | I62: 9 | J62: 3000 | K62: =J62/I62 -> 333.33333 | L62: 9 | M62: =F62/V62*60 -> 2878.5542 | N62: =M62/L62 -> 319.83936 | O62: =L62-I62 -> 0 | P62: =N62-K62 -> -13.493976 | Q62: =N62/K62 -> 0.95951807 | S62: 0.35347222 | T62: 0.41111111 | U62: =(S62-T61)*24*60 -> 6 | V62: =(T62-S62)*24*60 -> 83 | AE62: =M62-J62 -> -121.44578 | AF62: =M62/J62 -> 0.95951807
A63: 新豐10線 | B63: 調理麵包 | C63: 黃金魚堡(114年) | E63: 34.35 | F63: 2104 | G63: =E63*F63 -> 72272.4 | I63: 8 | J63: 3000 | K63: =J63/I63 -> 375 | L63: 8 | M63: =F63/V63*60 -> 2869.0909 | N63: =M63/L63 -> 358.63636 | O63: =L63-I63 -> 0 | P63: =N63-K63 -> -16.363636 | Q63: =N63/K63 -> 0.95636364 | S63: 0.41527778 | T63: 0.44583333 | U63: =(S63-T62)*24*60 -> 6 | V63: =(T63-S63)*24*60 -> 44 | AE63: =M63-J63 -> -130.90909 | AF63: =M63/J63 -> 0.95636364
A64: 新豐10線 | B64: 平均 | I64: 9.25 | J64: 3000 | K64: =J64/I64 -> 324.32432 | L64: 9.25 | M64: =AVERAGE(M60:M63) -> 2872.6558 | N64: =M64/L64 -> 310.55738 | O64: =L64-I64 -> 0 | P64: =N64-K64 -> -13.76694 | Q64: =N64/K64 -> 0.95755194 | Y64: =SUM(Y60:Y63) -> 0 | Z64: =SUM(Z60:Z63) -> 0 | AC64: 4 | AD64: =SUM(AD60:AD63) -> 0 | AE64: =M64-J64 -> -127.34419 | AF64: =M64/J64 -> 0.95755194
A65: 新豐4線 | B65: 三明治 | C65: 火腿起司蛋三明治 | E65: 19.02 | F65: 6100 | G65: =E65*F65 -> 116022 | H65: 2 | I65: 14 | J65: 2400 | K65: =J65/I65 -> 171.42857 | L65: 14 | M65: =F65/V65*60 -> 2287.5 | N65: =M65/L65 -> 163.39286 | O65: =L65-I65 -> 0 | P65: =N65-K65 -> -8.0357143 | Q65: =N65/K65 -> 0.953125 | R65: =Q72 -> 0.95296552 | S65: 0.083333333 | T65: 0.19444444 | V65: =(T65-S65)*24*60 -> 160 | W65: =T65 -> 0.19444444 | X65: =S66 -> 0.21527778 | AC65: 7 | AE65: =M65-J65 -> -112.5 | AF65: =M65/J65 -> 0.953125 | AG65: =AF72 -> 0.95296552
A66: 新豐4線 | B66: 三明治 | C66: 肉鬆火腿三明治(115年) | E66: 20.36 | F66: 4751 | G66: =E66*F66 -> 96730.36 | I66: 17 | J66: 2400 | K66: =J66/I66 -> 141.17647 | L66: 17 | M66: =F66/V66*60 -> 2280.48 | N66: =M66/L66 -> 134.14588 | O66: =L66-I66 -> 0 | P66: =N66-K66 -> -7.0305882 | Q66: =N66/K66 -> 0.9502 | S66: 0.21527778 | T66: 0.30208333 | U66: =(S66-T65)*24*60 -> 30 | V66: =(T66-S66)*24*60 -> 125 | AE66: =M66-J66 -> -119.52 | AF66: =M66/J66 -> 0.9502
A67: 新豐4線 | B67: 三明治 | C67: 藍莓優格三明治 | E67: 20.21 | F67: 3054 | G67: =E67*F67 -> 61721.34 | I67: 15 | J67: 2400 | K67: =J67/I67 -> 160 | L67: 15 | M67: =F67/V67*60 -> 2290.5 | N67: =M67/L67 -> 152.7 | O67: =L67-I67 -> 0 | P67: =N67-K67 -> -7.3 | Q67: =N67/K67 -> 0.954375 | S67: 0.30763889 | T67: 0.36319444 | U67: =(S67-T66)*24*60 -> 8 | V67: =(T67-S67)*24*60 -> 80 | AE67: =M67-J67 -> -109.5 | AF67: =M67/J67 -> 0.954375
A68: 新豐4線 | B68: 三明治 | C68: 香蕉可可三明治 | E68: 22.69 | F68: 3008 | G68: =E68*F68 -> 68251.52 | I68: 15 | J68: 2400 | K68: =J68/I68 -> 160 | L68: 15 | M68: =F68/V68*60 -> 2284.557 | N68: =M68/L68 -> 152.3038 | O68: =L68-I68 -> 0 | P68: =N68-K68 -> -7.6962025 | Q68: =N68/K68 -> 0.95189873 | S68: 0.36805556 | T68: 0.42291667 | U68: =(S68-T67)*24*60 -> 7 | V68: =(T68-S68)*24*60 -> 79 | AE68: =M68-J68 -> -115.44304 | AF68: =M68/J68 -> 0.95189873
A69: 新豐4線 | B69: 三明治 | C69: 起司芋見肉鬆三明治 | E69: 25.98 | F69: 4758 | G69: =E69*F69 -> 123612.84 | I69: 17 | J69: 2400 | K69: =J69/I69 -> 141.17647 | L69: 17 | M69: =F69/V69*60 -> 2283.84 | N69: =M69/L69 -> 134.34353 | O69: =L69-I69 -> 0 | P69: =N69-K69 -> -6.8329412 | Q69: =N69/K69 -> 0.9516 | S69: 0.42847222 | T69: 0.51527778 | U69: =(S69-T68)*24*60 -> 8 | V69: =(T69-S69)*24*60 -> 125 | W69: =T69 -> 0.51527778 | X69: =S70 -> 0.55486111 | AE69: =M69-J69 -> -116.16 | AF69: =M69/J69 -> 0.9516
A70: 新豐4線 | B70: 三明治 | C70: 經典火腿玉米蛋三明治 | E70: 24.43 | F70: 3251 | G70: =E70*F70 -> 79421.93 | I70: 14 | J70: 2400 | K70: =J70/I70 -> 171.42857 | L70: 14 | M70: =F70/V70*60 -> 2294.8235 | N70: =M70/L70 -> 163.91597 | O70: =L70-I70 -> 0 | P70: =N70-K70 -> -7.512605 | Q70: =N70/K70 -> 0.95617647 | S70: 0.55486111 | T70: 0.61388889 | U70: =(S70-T69)*24*60 -> 57 | V70: =(T70-S70)*24*60 -> 85 | AE70: =M70-J70 -> -105.17647 | AF70: =M70/J70 -> 0.95617647
A71: 新豐4線 | B71: 三明治 | C71: 火腿起司蛋三明治 | E71: 19.02 | F71: 5072 | G71: =E71*F71 -> 96469.44 | I71: 14 | J71: 2400 | K71: =J71/I71 -> 171.42857 | L71: 14 | M71: =F71/V71*60 -> 2288.1203 | N71: =M71/L71 -> 163.43716 | O71: =L71-I71 -> 0 | P71: =N71-K71 -> -7.9914071 | Q71: =N71/K71 -> 0.95338346 | S71: 0.61944444 | T71: 0.71180556 | U71: =(S71-T70)*24*60 -> 8 | V71: =(T71-S71)*24*60 -> 133 | AE71: =M71-J71 -> -111.8797 | AF71: =M71/J71 -> 0.95338346
A72: 新豐4線 | B72: 平均 | I72: 15.142857 | J72: 2400 | K72: =J72/I72 -> 158.49057 | L72: 15.142857 | M72: =AVERAGE(M65:M71) -> 2287.1173 | N72: =M72/L72 -> 151.03605 | O72: =L72-I72 -> 0 | P72: =N72-K72 -> -7.4545208 | Q72: =N72/K72 -> 0.95296552 | Y72: =SUM(Y65:Y71) -> 0 | Z72: =SUM(Z65:Z71) -> 0 | AC72: 7 | AD72: =SUM(AD65:AD71) -> 0 | AE72: =M72-J72 -> -112.88274 | AF72: =M72/J72 -> 0.95296552

Sheet 0629
B1: 屏榮 新豐廠組合室生產人時性分析
B3: 日期 | C3: =TEXT('0629 4度C'!A2,"yyyy.mm.ddaaaa") -> 2026.06.29星期一 | E3: 訂單量 | F3: ='0629 4度C'!D1 -> 196622 | H3: 營業額 | I3: ='0629 4度C'!F1 -> 6758725.1
B4: 人時性 | C4: 項目 | E4: ➀ | G4: ➁ | I4: ➂ | K4: 異常停線 | M4: 短暫停線
C5: 組合室 | E5: 全溫層 | G5: 4度C-各編組展開 | I5: ③三明治-各編組展開 | K5: 合計次數 | L5: 時間 | M5: 合計次數 | N5: 設備次數
C6: 排關平均 | E6: =AVERAGE(D13:M13) -> 158.32762 | F6: =AVERAGE(D31:O31,D13:J13) -> 166.71541 | G6: =AVERAGE(D13:J13) -> 166.71541 | I6: =AVERAGE(K13:M13) -> 138.75611 | K6: ='0629 4度C'!Y2 -> 0 | L6: ='0629 4度C'!Z2 -> 0 | M6: ='0629 4度C'!AC2 -> 58 | N6: ='0629 4度C'!AD2 -> 0
C7: 實績平均 | E7: =AVERAGE(D14:M14) -> 151.50654 | F7: =AVERAGE(D32:O32,D14:J14) -> 159.57359 | G7: =AVERAGE(D14:J14) -> 159.57359 | I7: =AVERAGE(K14:M14) -> 132.68343
C8: 達成率平均 | E8: =AVERAGE(D15:M15) -> 0.95736809 | F8: =AVERAGE(D15:J15,D33:O33) -> 0.95781634 | G8: =AVERAGE(D15:J15) -> 0.95781634 | I8: =AVERAGE(K15:M15) -> 0.95632219
K9: ※現行日本鮮食廠以達成率80%為基本(即為現行KPI)
B10: 溫層 | D10: ➁4度C-各編組展開 | K10: ③三明治-各編組展開
B11: 編組 | D11: 1 | E11: 2 | F11: 3 | G11: 4 | H11: 5 | I11: 6 | J11: 7 | K11: 1 | L11: 2 | M11: 3
D12: 新豐6線 | E12: 新豐2線 | F12: 新豐5線 | G12: 新豐7線 | H12: 新豐3線 | I12: 新豐1線 | J12: 新豐10線 | K12: 新豐8線 | L12: 新豐9線 | M12: 新豐4線
B13: 人時性 | C13: 排關 | D13: =SUMIFS('0629 4度C'!$K:$K,'0629 4度C'!$A:$A,"新豐6線",'0629 4度C'!$B:$B,"平均") -> 129.03226 | E13: =SUMIFS('0629 4度C'!$K:$K,'0629 4度C'!$A:$A,"新豐2線",'0629 4度C'!$B:$B,"平均") -> 86.206897 | F13: =SUMIFS('0629 4度C'!$K:$K,'0629 4度C'!$A:$A,"新豐5線",'0629 4度C'!$B:$B,"平均") -> 87.78626 | G13: =SUMIFS('0629 4度C'!$K:$K,'0629 4度C'!$A:$A,"新豐7線",'0629 4度C'!$B:$B,"平均") -> 120 | H13: =SUMIFS('0629 4度C'!$K:$K,'0629 4度C'!$A:$A,"新豐3線",'0629 4度C'!$B:$B,"平均") -> 300 | I13: =SUMIFS('0629 4度C'!$K:$K,'0629 4度C'!$A:$A,"新豐1線",'0629 4度C'!$B:$B,"平均") -> 119.65812 | J13: =SUMIFS('0629 4度C'!$K:$K,'0629 4度C'!$A:$A,"新豐10線",'0629 4度C'!$B:$B,"平均") -> 324.32432 | K13: =SUMIFS('0629 4度C'!$K:$K,'0629 4度C'!$A:$A,"新豐8線",'0629 4度C'!$B:$B,"平均") -> 137.14286 | L13: =SUMIFS('0629 4度C'!$K:$K,'0629 4度C'!$A:$A,"新豐9線",'0629 4度C'!$B:$B,"平均") -> 120.63492 | M13: =SUMIFS('0629 4度C'!$K:$K,'0629 4度C'!$A:$A,"新豐4線",'0629 4度C'!$B:$B,"平均") -> 158.49057
C14: 實績 | D14: =SUMIFS('0629 4度C'!$N:$N,'0629 4度C'!$A:$A,"新豐6線",'0629 4度C'!$B:$B,"平均") -> 124.01449 | E14: =SUMIFS('0629 4度C'!$N:$N,'0629 4度C'!$A:$A,"新豐2線",'0629 4度C'!$B:$B,"平均") -> 82.248168 | F14: =SUMIFS('0629 4度C'!$N:$N,'0629 4度C'!$A:$A,"新豐5線",'0629 4度C'!$B:$B,"平均") -> 84.377484 | G14: =SUMIFS('0629 4度C'!$N:$N,'0629 4度C'!$A:$A,"新豐7線",'0629 4度C'!$B:$B,"平均") -> 115.09602 | H14: =SUMIFS('0629 4度C'!$N:$N,'0629 4度C'!$A:$A,"新豐3線",'0629 4度C'!$B:$B,"平均") -> 286.74087 | I14: =SUMIFS('0629 4度C'!$N:$N,'0629 4度C'!$A:$A,"新豐1線",'0629 4度C'!$B:$B,"平均") -> 114.60878 | J14: =SUMIFS('0629 4度C'!$N:$N,'0629 4度C'!$A:$A,"新豐10線",'0629 4度C'!$B:$B,"平均") -> 309.92928 | K14: =SUMIFS('0629 4度C'!$N:$N,'0629 4度C'!$A:$A,"新豐8線",'0629 4度C'!$B:$B,"平均") -> 131.39031 | L14: =SUMIFS('0629 4度C'!$N:$N,'0629 4度C'!$A:$A,"新豐9線",'0629 4度C'!$B:$B,"平均") -> 115.36389 | M14: =SUMIFS('0629 4度C'!$N:$N,'0629 4度C'!$A:$A,"新豐4線",'0629 4度C'!$B:$B,"平均") -> 151.29609
C15: 達成率 | D15: =D14/D13 -> 0.96111234 | E15: =E14/E13 -> 0.95407875 | F15: =F14/F13 -> 0.9611696 | G15: =G14/G13 -> 0.95913351 | H15: =H14/H13 -> 0.95580289 | I15: =I14/I13 -> 0.95780198 | J15: =J14/J13 -> 0.95561528 | K15: =K14/K13 -> 0.95805436 | ... M15: =M14/M13 -> 0.95460627
B16: 作業 時間 | C16: 開始 | D16: =VLOOKUP("新豐6線",'0629 4度C'!$A:$T,19,0) -> 0.70833333 | E16: =VLOOKUP("新豐2線",'0629 4度C'!$A:$T,19,0) -> 0.125 | F16: =VLOOKUP("新豐5線",'0629 4度C'!$A:$T,19,0) -> 0.083333333 | G16: =VLOOKUP("新豐7線",'0629 4度C'!$A:$T,19,0) -> 0.20833333 | H16: =VLOOKUP("新豐3線",'0629 4度C'!$A:$T,19,0) -> 0.20833333 | I16: =VLOOKUP("新豐1線",'0629 4度C'!$A:$T,19,0) -> 0.16666667 | J16: =VLOOKUP("新豐10線",'0629 4度C'!$A:$T,19,0) -> 0.20833333 | K16: =VLOOKUP("新豐8線",'0629 4度C'!$A:$T,19,0) -> 0.083333333 | L16: =VLOOKUP("新豐9線",'0629 4度C'!$A:$T,19,0) -> 0.083333333 | M16: =VLOOKUP("新豐4線",'0629 4度C'!$A:$T,19,0) -> 0.083333333
C17: 結束 | D17: =LOOKUP(2,1/(('0629 4度C'!$A:$A="新豐6線")*('0629 4度C'!$T:$T<>"")),'0629 4度C'!$T:$T) -> 0.90208333 | E17: =LOOKUP(2,1/(('0629 4度C'!$A:$A="新豐2線")*('0629 4度C'!$T:$T<>"")),'0629 4度C'!$T:$T) -> 0.73541667 | F17: =LOOKUP(2,1/(('0629 4度C'!$A:$A="新豐5線")*('0629 4度C'!$T:$T<>"")),'0629 4度C'!$T:$T) -> 0.81527778 | G17: =LOOKUP(2,1/(('0629 4度C'!$A:$A="新豐7線")*('0629 4度C'!$T:$T<>"")),'0629 4度C'!$T:$T) -> 0.83611111 | H17: =LOOKUP(2,1/(('0629 4度C'!$A:$A="新豐3線")*('0629 4度C'!$T:$T<>"")),'0629 4度C'!$T:$T) -> 0.4625 | I17: =LOOKUP(2,1/(('0629 4度C'!$A:$A="新豐1線")*('0629 4度C'!$T:$T<>"")),'0629 4度C'!$T:$T) -> 0.84930556 | J17: =LOOKUP(2,1/(('0629 4度C'!$A:$A="新豐10線")*('0629 4度C'!$T:$T<>"")),'0629 4度C'!$T:$T) -> 0.45625 | K17: =LOOKUP(2,1/(('0629 4度C'!$A:$A="新豐8線")*('0629 4度C'!$T:$T<>"")),'0629 4度C'!$T:$T) -> 0.73611111 | L17: =LOOKUP(2,1/(('0629 4度C'!$A:$A="新豐9線")*('0629 4度C'!$T:$T<>"")),'0629 4度C'!$T:$T) -> 0.69027778 | M17: =LOOKUP(2,1/(('0629 4度C'!$A:$A="新豐4線")*('0629 4度C'!$T:$T<>"")),'0629 4度C'!$T:$T) -> 0.7125
B18: 產線異常 (5分鐘以上) | C18: 次數 | D18: =SUMIFS('0629 4度C'!$Y:$Y,'0629 4度C'!$A:$A,"新豐6線",'0629 4度C'!$B:$B,"平均") -> 0 | E18: =SUMIFS('0629 4度C'!$Y:$Y,'0629 4度C'!$A:$A,"新豐2線",'0629 4度C'!$B:$B,"平均") -> 0 | F18: =SUMIFS('0629 4度C'!$Y:$Y,'0629 4度C'!$A:$A,"新豐5線",'0629 4度C'!$B:$B,"平均") -> 0 | G18: =SUMIFS('0629 4度C'!$Y:$Y,'0629 4度C'!$A:$A,"新豐7線",'0629 4度C'!$B:$B,"平均") -> 0 | H18: =SUMIFS('0629 4度C'!$Y:$Y,'0629 4度C'!$A:$A,"新豐3線",'0629 4度C'!$B:$B,"平均") -> 0 | I18: =SUMIFS('0629 4度C'!$Y:$Y,'0629 4度C'!$A:$A,"新豐1線",'0629 4度C'!$B:$B,"平均") -> 0 | J18: =SUMIFS('0629 4度C'!$Y:$Y,'0629 4度C'!$A:$A,"新豐10線",'0629 4度C'!$B:$B,"平均") -> 0 | K18: =SUMIFS('0629 4度C'!$Y:$Y,'0629 4度C'!$A:$A,"新豐8線",'0629 4度C'!$B:$B,"平均") -> 0 | L18: =SUMIFS('0629 4度C'!$Y:$Y,'0629 4度C'!$A:$A,"新豐9線",'0629 4度C'!$B:$B,"平均") -> 0 | M18: =SUMIFS('0629 4度C'!$Y:$Y,'0629 4度C'!$A:$A,"新豐4線",'0629 4度C'!$B:$B,"平均") -> 0
C19: 時間/分 | D19: =SUMIFS('0629 4度C'!$Z:$Z,'0629 4度C'!$A:$A,"新豐6線",'0629 4度C'!$B:$B,"平均") -> 0 | E19: =SUMIFS('0629 4度C'!$Z:$Z,'0629 4度C'!$A:$A,"新豐2線",'0629 4度C'!$B:$B,"平均") -> 0 | F19: =SUMIFS('0629 4度C'!$Z:$Z,'0629 4度C'!$A:$A,"新豐5線",'0629 4度C'!$B:$B,"平均") -> 0 | G19: =SUMIFS('0629 4度C'!$Z:$Z,'0629 4度C'!$A:$A,"新豐7線",'0629 4度C'!$B:$B,"平均") -> 0 | H19: =SUMIFS('0629 4度C'!$Z:$Z,'0629 4度C'!$A:$A,"新豐3線",'0629 4度C'!$B:$B,"平均") -> 0 | I19: =SUMIFS('0629 4度C'!$Z:$Z,'0629 4度C'!$A:$A,"新豐1線",'0629 4度C'!$B:$B,"平均") -> 0 | J19: =SUMIFS('0629 4度C'!$Z:$Z,'0629 4度C'!$A:$A,"新豐10線",'0629 4度C'!$B:$B,"平均") -> 0 | K19: =SUMIFS('0629 4度C'!$Z:$Z,'0629 4度C'!$A:$A,"新豐8線",'0629 4度C'!$B:$B,"平均") -> 0 | L19: =SUMIFS('0629 4度C'!$Z:$Z,'0629 4度C'!$A:$A,"新豐9線",'0629 4度C'!$B:$B,"平均") -> 0 | M19: =SUMIFS('0629 4度C'!$Z:$Z,'0629 4度C'!$A:$A,"新豐4線",'0629 4度C'!$B:$B,"平均") -> 0
B20: 短暫停線 (5分鐘以下) | C20: 次數 | D20: =SUMIFS('0629 4度C'!$AC:$AC,'0629 4度C'!$A:$A,"新豐6線",'0629 4度C'!$B:$B,"平均") -> 4 | E20: =SUMIFS('0629 4度C'!$AC:$AC,'0629 4度C'!$A:$A,"新豐2線",'0629 4度C'!$B:$B,"平均") -> 5 | F20: =SUMIFS('0629 4度C'!$AC:$AC,'0629 4度C'!$A:$A,"新豐5線",'0629 4度C'!$B:$B,"平均") -> 7 | G20: =SUMIFS('0629 4度C'!$AC:$AC,'0629 4度C'!$A:$A,"新豐7線",'0629 4度C'!$B:$B,"平均") -> 6 | H20: =SUMIFS('0629 4度C'!$AC:$AC,'0629 4度C'!$A:$A,"新豐3線",'0629 4度C'!$B:$B,"平均") -> 3 | I20: =SUMIFS('0629 4度C'!$AC:$AC,'0629 4度C'!$A:$A,"新豐1線",'0629 4度C'!$B:$B,"平均") -> 7 | J20: =SUMIFS('0629 4度C'!$AC:$AC,'0629 4度C'!$A:$A,"新豐10線",'0629 4度C'!$B:$B,"平均") -> 4 | K20: =SUMIFS('0629 4度C'!$AC:$AC,'0629 4度C'!$A:$A,"新豐8線",'0629 4度C'!$B:$B,"平均") -> 8 | L20: =SUMIFS('0629 4度C'!$AC:$AC,'0629 4度C'!$A:$A,"新豐9線",'0629 4度C'!$B:$B,"平均") -> 7 | M20: =SUMIFS('0629 4度C'!$AC:$AC,'0629 4度C'!$A:$A,"新豐4線",'0629 4度C'!$B:$B,"平均") -> 7
C21: 設備次數 | D21: =SUMIFS('0629 4度C'!$AD:$AD,'0629 4度C'!$A:$A,"新豐6線",'0629 4度C'!$B:$B,"平均") -> 0 | E21: =SUMIFS('0629 4度C'!$AD:$AD,'0629 4度C'!$A:$A,"新豐2線",'0629 4度C'!$B:$B,"平均") -> 0 | F21: =SUMIFS('0629 4度C'!$AD:$AD,'0629 4度C'!$A:$A,"新豐5線",'0629 4度C'!$B:$B,"平均") -> 0 | G21: =SUMIFS('0629 4度C'!$AD:$AD,'0629 4度C'!$A:$A,"新豐7線",'0629 4度C'!$B:$B,"平均") -> 0 | H21: =SUMIFS('0629 4度C'!$AD:$AD,'0629 4度C'!$A:$A,"新豐3線",'0629 4度C'!$B:$B,"平均") -> 0 | I21: =SUMIFS('0629 4度C'!$AD:$AD,'0629 4度C'!$A:$A,"新豐1線",'0629 4度C'!$B:$B,"平均") -> 0 | J21: =SUMIFS('0629 4度C'!$AD:$AD,'0629 4度C'!$A:$A,"新豐10線",'0629 4度C'!$B:$B,"平均") -> 0 | K21: =SUMIFS('0629 4度C'!$AD:$AD,'0629 4度C'!$A:$A,"新豐8線",'0629 4度C'!$B:$B,"平均") -> 0 | L21: =SUMIFS('0629 4度C'!$AD:$AD,'0629 4度C'!$A:$A,"新豐9線",'0629 4度C'!$B:$B,"平均") -> 0 | M21: =SUMIFS('0629 4度C'!$AD:$AD,'0629 4度C'!$A:$A,"新豐4線",'0629 4度C'!$B:$B,"平均") -> 0
B22: 配置人數 | D22: =SUMIFS('0629 4度C'!$I:$I,'0629 4度C'!$A:$A,"新豐6線",'0629 4度C'!$B:$B,"平均") -> 15.5 | E22: =SUMIFS('0629 4度C'!$I:$I,'0629 4度C'!$A:$A,"新豐2線",'0629 4度C'!$B:$B,"平均") -> 17.4 | F22: =SUMIFS('0629 4度C'!$I:$I,'0629 4度C'!$A:$A,"新豐5線",'0629 4度C'!$B:$B,"平均") -> 18.714286 | G22: =SUMIFS('0629 4度C'!$I:$I,'0629 4度C'!$A:$A,"新豐7線",'0629 4度C'!$B:$B,"平均") -> 16.666667 | H22: =SUMIFS('0629 4度C'!$I:$I,'0629 4度C'!$A:$A,"新豐3線",'0629 4度C'!$B:$B,"平均") -> 10 | I22: =SUMIFS('0629 4度C'!$I:$I,'0629 4度C'!$A:$A,"新豐1線",'0629 4度C'!$B:$B,"平均") -> 16.714286 | J22: =SUMIFS('0629 4度C'!$I:$I,'0629 4度C'!$A:$A,"新豐10線",'0629 4度C'!$B:$B,"平均") -> 9.25 | K22: =SUMIFS('0629 4度C'!$I:$I,'0629 4度C'!$A:$A,"新豐8線",'0629 4度C'!$B:$B,"平均") -> 17.5 | L22: =SUMIFS('0629 4度C'!$I:$I,'0629 4度C'!$A:$A,"新豐9線",'0629 4度C'!$B:$B,"平均") -> 18 | M22: =SUMIFS('0629 4度C'!$I:$I,'0629 4度C'!$A:$A,"新豐4線",'0629 4度C'!$B:$B,"平均") -> 15.142857
B23: 主要應用設備 | D23: ET-55 | E23: 熱縮爐 | F23: L型包裝機 | G23: L型包裝機 | H23: 伺服包裝機 | I23: ET-55 | J23: 伺服包裝機 | K23: 三明治包裝機 | L23: 三明治包裝機 | M23: 三明治包裝機
B24: 次要應用設備 | F24: 圓盤機 | G24: ET-55
B25: 備註 | E25: 握沙拉 | F25: 共用L型包裝機 | H25: 調理麵包 | I25: 炒飯+沙拉 | J25: 調理麵包

Sheet 0629 4度C
A1: 新豐廠四度C日報分析 | C1: 總生產量 | D1: =SUM(F5:F72) -> 196622 | E1: 營業額 | F1: =SUM(G5:G72) -> 6758725.1 | G1: 出勤人數 | H1: =L9+L15+L51+L59+L23+L64+L39+L47+L30+L72 -> 154.8881 | I1: 產線配置圖 | L1: 生產實績 | O1: 人時性差異分析 | S1: 日報登錄 | Y1: 合計 次數 | Z1: 合計 時間/分 | AA1: 產線異常 分析說明(5分鐘以上) | AC1: 合計 次數 | AD1: 合計 設備次數 | AE1: 產能差異分析
A2: 46202 | B2: 星期一 | C2: 人時性 | D2: =AVERAGE(N9,N15,N51,N59,N23,N64,N30,N39,N47,N72) -> 151.50654 | E2: 平均廠價 | F2: =F1/D1 -> 34.374206 | G2: 多次生產數 | H2: =COUNT(H5:H72) -> 10 | Y2: =SUM(Y9+Y15+Y23+Y30+Y39+Y47+Y51+Y59+Y64+Y72) -> 0 | Z2: =SUM(Z9+Z15+Z23+Z30+Z39+Z47+Z51+Z59+Z64+Z72) -> 0 | AC2: 58 | AD2: =SUM(AD9+AD15+AD23+AD30+AD39+AD47+AD51+AD59+AD64+AD72) -> 0
A3: 線別 | B3: 品類 | C3: 品名 | E3: 廠價 | F3: 生產量 | G3: 營收 | H3: 多次 生產 | I3: 人數 | J3: 產能/時 | K3: 人時性 | L3: 人數 | M3: 產能/時 | N3: 人時性 | O3: 人數 | P3: 人時性 | Q3: 達成率 | R3: 達成率平均 | S3: 生產時間 | U3: 換線、休息/分 | V3: 稼動時間/分 | W3: 休息時間 | Y3: 產線異常統計 (5分鐘以上) | AA3: (新豐回填) | AC3: 短暫停線統計 (5分鐘以下) | AE3: 產能/時 | AF3: 達成率 | AG3: 達成率平均
S4: 開始 | T4: 結束 | W4: 開始 | X4: 結束 | Y4: 次數 | Z4: 時間/分 | AC4: 總次數 | AD4: 設備因素(次數)
A5: 新豐6線 | B5: 微波主食 | C5: 二配泰式綠咖哩雞 | E5: 50.67 | F5: 1532 | G5: =E5*F5 -> 77626.44 | I5: 15 | J5: 2000 | K5: =J5/I5 -> 133.33333 | L5: 15 | M5: =F5/V5*60 -> 1915 | N5: =M5/L5 -> 127.66667 | O5: =L5-I5 -> 0 | P5: =N5-K5 -> -5.6666667 | Q5: =N5/K5 -> 0.9575 | R5: =Q9 -> 0.96111234 | S5: 0.70833333 | T5: 0.74166667 | V5: =(T5-S5)*24*60 -> 48 | AC5: 4 | AE5: =M5-J5 -> -85 | AF5: =M5/J5 -> 0.9575 | AG5: =AF9 -> 0.96111234
A6: 新豐6線 | B6: 微波主食 | C6: 二配金咖哩果香甘口咖哩飯 | E6: 50.92 | F6: 2585 | G6: =E6*F6 -> 131628.2 | I6: 15 | J6: 2000 | K6: =J6/I6 -> 133.33333 | L6: 15 | M6: =F6/V6*60 -> 1914.8148 | N6: =M6/L6 -> 127.65432 | O6: =L6-I6 -> 0 | P6: =N6-K6 -> -5.6790123 | Q6: =N6/K6 -> 0.95740741 | S6: 0.74513889 | T6: 0.80138889 | U6: =IF(S6=TIME(17,0,0),"",(S6-T5)*24*60) -> 5 | V6: =(T6-S6)*24*60 -> 81 | AE6: =M6-J6 -> -85.185185 | AF6: =M6/J6 -> 0.95740741
A7: 新豐6線 | B7: 微波主食 | C7: 二配金咖哩濃厚辛口咖哩飯 | E7: 50.98 | F7: 1000 | G7: =E7*F7 -> 50980 | H7: 2 | I7: 16 | J7: 2000 | K7: =J7/I7 -> 125 | L7: 16 | M7: =F7/V7*60 -> 1935.4839 | N7: =M7/L7 -> 120.96774 | O7: =L7-I7 -> 0 | P7: =N7-K7 -> -4.0322581 | Q7: =N7/K7 -> 0.96774194 | S7: 0.80625 | T7: 0.82777778 | U7: =IF(S7=TIME(17,0,0),"",(S7-T6)*24*60) -> 7 | V7: =(T7-S7)*24*60 -> 31 | W7: =T7 -> 0.82777778 | X7: =S8 -> 0.86736111 | AE7: =M7-J7 -> -64.516129 | AF7: =M7/J7 -> 0.96774194
A8: 新豐6線 | B8: 微波主食 | C8: 二配金咖哩濃厚辛口咖哩飯 | E8: 50.98 | F8: 1603 | G8: =E8*F8 -> 81720.94 | I8: 16 | J8: 2000 | K8: =J8/I8 -> 125 | L8: 16 | M8: =F8/V8*60 -> 1923.6 | N8: =M8/L8 -> 120.225 | O8: =L8-I8 -> 0 | P8: =N8-K8 -> -4.775 | Q8: =N8/K8 -> 0.9618 | S8: 0.86736111 | T8: 0.90208333 | U8: =IF(S8=TIME(17,0,0),"",(S8-T7)*24*60) -> 57 | V8: =(T8-S8)*24*60 -> 50 | AE8: =M8-J8 -> -76.4 | AF8: =M8/J8 -> 0.9618
A9: 新豐6線 | B9: 平均 | I9: 15.5 | J9: 2000 | K9: =J9/I9 -> 129.03226 | L9: 15.5 | M9: =AVERAGE(M5:M8) -> 1922.2247 | N9: =M9/L9 -> 124.01449 | O9: =L9-I9 -> 0 | P9: =N9-K9 -> -5.0177631 | Q9: =N9/K9 -> 0.96111234 | Y9: =SUM(Y5:Y8) -> 0 | Z9: =SUM(Z5:Z8) -> 0 | AC9: 4 | AD9: =SUM(AD5:AD8) -> 0 | AE9: =M9-J9 -> -77.775329 | AF9: =M9/J9 -> 0.96111234
A10: 新豐2線 | B10: 沙拉 | C10: 青醬優格雞肉握沙拉(113年) | E10: 39.62 | F10: 3100 | G10: =E10*F10 -> 122822 | H10: 2 | I10: 19 | J10: 1500 | K10: =J10/I10 -> 78.947368 | L10: 19 | M10: =F10/V10*60 -> 1430.7692 | N10: =M10/L10 -> 75.303644 | O10: =L10-I10 -> 0 | P10: =N10-K10 -> -3.6437247 | Q10: =N10/K10 -> 0.95384615 | R10: =Q15 -> 0.95407875 | S10: 0.125 | T10: 0.21527778 | V10: =(T10-S10)*24*60 -> 130 | W10: =T10 -> 0.21527778 | X10: =S11 -> 0.23263889 | AC10: 5 | AE10: =M10-J10 -> -69.230769 | AF10: =M10/J10 -> 0.95384615 | AG10: =AF15 -> 0.95407875
A11: 新豐2線 | B11: 沙拉 | C11: 厚蛋時蔬握沙拉 | E11: 39.46 | F11: 4832 | G11: =E11*F11 -> 190670.72 | I11: 15 | J11: 1500 | K11: =J11/I11 -> 100 | L11: 15 | M11: =F11/V11*60 -> 1428.1773 | N11: =M11/L11 -> 95.211823 | O11: =L11-I11 -> 0 | P11: =N11-K11 -> -4.7881773 | Q11: =N11/K11 -> 0.95211823 | S11: 0.23263889 | T11: 0.37361111 | U11: =IF(S11=TIME(17,0,0),"",(S11-T10)*24*60) -> 25 | V11: =(T11-S11)*24*60 -> 203 | AE11: =M11-J11 -> -71.82266 | AF11: =M11/J11 -> 0.95211823
A12: 新豐2線 | B12: 沙拉 | C12: 青檸烤雞握沙拉(113年) | E12: 39.8 | F12: 4700 | G12: =E12*F12 -> 187060 | H12: 2 | I12: 17 | J12: 1500 | K12: =J12/I12 -> 88.235294 | L12: 17 | M12: =F12/V12*60 -> 1431.4721 | N12: =M12/L12 -> 84.20424 | O12: =L12-I12 -> 0 | P12: =N12-K12 -> -4.031054 | Q12: =N12/K12 -> 0.95431472 | S12: 0.37777778 | T12: 0.51458333 | U12: =IF(S12=TIME(17,0,0),"",(S12-T11)*24*60) -> 6 | V12: =(T12-S12)*24*60 -> 197 | W12: =T12 -> 0.51458333 | X12: =S13 -> 0.55486111 | AE12: =M12-J12 -> -68.527919 | AF12: =M12/J12 -> 0.95431472
A13: 新豐2線 | B13: 沙拉 | C13: 青檸烤雞握沙拉(113年) | E13: 39.8 | F13: 3630 | G13: =E13*F13 -> 144474 | I13: 17 | J13: 1500 | K13: =J13/I13 -> 88.235294 | L13: 17 | M13: =F13/V13*60 -> 1432.8947 | N13: =M13/L13 -> 84.287926 | O13: =L13-I13 -> 0 | P13: =N13-K13 -> -3.9473684 | Q13: =N13/K13 -> 0.95526316 | S13: 0.55486111 | T13: 0.66041667 | U13: =IF(S13=TIME(17,0,0),"",(S13-T12)*24*60) -> 58 | V13: =(T13-S13)*24*60 -> 152 | AE13: =M13-J13 -> -67.105263 | AF13: =M13/J13 -> 0.95526316
A14: 新豐2線 | B14: 沙拉 | C14: 青醬優格雞肉握沙拉(113年) | E14: 39.62 | F14: 2411 | G14: =E14*F14 -> 95523.82 | I14: 19 | J14: 1500 | K14: =J14/I14 -> 78.947368 | L14: 19 | M14: =F14/V14*60 -> 1432.2772 | N14: =M14/L14 -> 75.383012 | O14: =L14-I14 -> 0 | P14: =N14-K14 -> -3.5643564 | Q14: =N14/K14 -> 0.95485149 | S14: 0.66527778 | T14: 0.73541667 | U14: =IF(S14=TIME(17,0,0),"",(S14-T13)*24*60) -> 7 | V14: =(T14-S14)*24*60 -> 101 | AE14: =M14-J14 -> -67.722772 | AF14: =M14/J14 -> 0.95485149
A15: 新豐2線 | B15: 平均 | I15: 17.4 | J15: 1500 | K15: =J15/I15 -> 86.206897 | L15: 17.4 | M15: =AVERAGE(M10:M14) -> 1431.1181 | N15: =M15/L15 -> 82.248168 | O15: =L15-I15 -> 0 | P15: =N15-K15 -> -3.9587285 | Q15: =N15/K15 -> 0.95407875 | Y15: =SUM(Y10:Y14) -> 0 | Z15: =SUM(Z10:Z14) -> 0 | AC15: 5 | AD15: =SUM(AD10:AD14) -> 0 | AE15: =M15-J15 -> -68.881877 | AF15: =M15/J15 -> 0.95407875
A16: 新豐5線 | B16: 小吃 | C16: 香菇雞燉湯 | E16: 38.62 | F16: 2819 | G16: =E16*F16 -> 108869.78 | I16: 24 | J16: 1500 | K16: =J16/I16 -> 62.5 | L16: 24 | M16: =F16/V16*60 -> 1433.3898 | N16: =M16/L16 -> 59.724576 | O16: =L16-I16 -> 0 | P16: =N16-K16 -> -2.7754237 | Q16: =N16/K16 -> 0.95559322 | R16: =Q23 -> 0.9611696 | S16: 0.083333333 | T16: 0.16527778 | V16: =(T16-S16)*24*60 -> 118 | W16: =T16 -> 0.16527778 | X16: =S17 -> 0.18472222 | AC16: 7 | AE16: =M16-J16 -> -66.610169 | AF16: =M16/J16 -> 0.95559322 | AG16: =AF23 -> 0.9611696
A17: 新豐5線 | B17: 小吃 | C17: 剝皮辣椒雞湯 | E17: 41 | F17: 2332 | G17: =E17*F17 -> 95612 | I17: 26 | J17: 1500 | K17: =J17/I17 -> 57.692308 | L17: 26 | M17: =F17/V17*60 -> 1442.4742 | N17: =M17/L17 -> 55.479778 | O17: =L17-I17 -> 0 | P17: =N17-K17 -> -2.2125297 | Q17: =N17/K17 -> 0.96164948 | S17: 0.18472222 | T17: 0.25208333 | U17: =IF(S17=TIME(17,0,0),"",(S17-T16)*24*60) -> 28 | V17: =(T17-S17)*24*60 -> 97 | AE17: =M17-J17 -> -57.525773 | AF17: =M17/J17 -> 0.96164948
A18: 新豐5線 | B18: 微波主食 | C18: 香菇雞粥 | E18: 37.03 | F18: 3900 | G18: =E18*F18 -> 144417 | I18: 13 | J18: 1500 | K18: =J18/I18 -> 115.38462 | L18: 13 | M18: =F18/V18*60 -> 1435.5828 | N18: =M18/L18 -> 110.42945 | O18: =L18-I18 -> 0 | P18: =N18-K18 -> -4.9551675 | Q18: =N18/K18 -> 0.95705521 | S18: 0.25555556 | T18: 0.36875 | U18: =IF(S18=TIME(17,0,0),"",(S18-T17)*24*60) -> 5 | V18: =(T18-S18)*24*60 -> 163 | AE18: =M18-J18 -> -64.417178 | AF18: =M18/J18 -> 0.95705521
A19: 新豐5線 | B19: 沙拉 | C19: 地瓜瓜握沙拉 | E19: 39.52 | F19: 3802 | G19: =E19*F19 -> 150255.04 | I19: 19 | J19: 1500 | K19: =J19/I19 -> 78.947368 | L19: 19 | M19: =F19/V19*60 -> 1434.717 | N19: =M19/L19 -> 75.51142 | O19: =L19-I19 -> 0 | P19: =N19-K19 -> -3.4359484 | Q19: =N19/K19 -> 0.95647799 | S19: 0.37222222 | T19: 0.48263889 | U19: =IF(S19=TIME(17,0,0),"",(S19-T18)*24*60) -> 5 | V19: =(T19-S19)*24*60 -> 159 | AE19: =M19-J19 -> -65.283019 | AF19: =M19/J19 -> 0.95647799
A20: 新豐5線 | B20: 微波主食 | C20: 二配起司控培根白醬焗烤飯 | E20: 53.68 | F20: 1134 | G20: =E20*F20 -> 60873.12 | I20: 16 | J20: 1500 | K20: =J20/I20 -> 93.75 | L20: 16 | M20: =F20/V20*60 -> 1447.6596 | N20: =M20/L20 -> 90.478723 | O20: =L20-I20 -> 0 | P20: =N20-K20 -> -3.2712766 | Q20: =N20/K20 -> 0.96510638 | S20: 0.70833333 | T20: 0.74097222 | U20: =IF(S20=TIME(17,0,0),"",(S20-T19)*24*60) | V20: =(T20-S20)*24*60 -> 47 | AE20: =M20-J20 -> -52.340426 | AF20: =M20/J20 -> 0.96510638
A21: 新豐5線 | B21: 微波主食 | C21: 二配蔥爆牛肉燴飯 | E21: 52.86 | F21: 1323 | G21: =E21*F21 -> 69933.78 | I21: 16 | J21: 2000 | K21: =J21/I21 -> 125 | L21: 16 | M21: =F21/V21*60 -> 1936.0976 | N21: =M21/L21 -> 121.0061 | O21: =L21-I21 -> 0 | P21: =N21-K21 -> -3.9939024 | Q21: =N21/K21 -> 0.96804878 | S21: 0.74652778 | T21: 0.775 | U21: =IF(S21=TIME(17,0,0),"",(S21-T20)*24*60) -> 8 | V21: =(T21-S21)*24*60 -> 41 | AE21: =M21-J21 -> -63.902439 | AF21: =M21/J21 -> 0.96804878
A22: 新豐5線 | B22: 微波主食 | C22: 二配港式香滑嫩蛋牛肉燴飯 | E22: 50.67 | F22: 1635 | G22: =E22*F22 -> 82845.45 | I22: 17 | J22: 2000 | K22: =J22/I22 -> 117.64706 | L22: 17 | M22: =F22/V22*60 -> 1923.5294 | N22: =M22/L22 -> 113.14879 | O22: =L22-I22 -> 0 | P22: =N22-K22 -> -4.4982699 | Q22: =N22/K22 -> 0.96176471 | S22: 0.77986111 | T22: 0.81527778 | U22: =IF(S22=TIME(17,0,0),"",(S22-T21)*24*60) -> 7 | V22: =(T22-S22)*24*60 -> 51 | AE22: =M22-J22 -> -76.470588 | AF22: =M22/J22 -> 0.96176471
A23: 新豐5線 | B23: 平均 | I23: 18.714286 | J23: 1642.8571 | K23: =J23/I23 -> 87.78626 | L23: 18.714286 | M23: =AVERAGE(M16:M22) -> 1579.0643 | N23: =M23/L23 -> 84.377484 | O23: =L23-I23 -> 0 | P23: =N23-K23 -> -3.4087755 | Q23: =N23/K23 -> 0.9611696 | Y23: =SUM(Y16:Y22) -> 0 | Z23: =SUM(Z16:Z22) -> 0 | AC23: 7 | AD23: =SUM(AD16:AD22) -> 0 | AE23: =M23-J23 -> -63.792799 | AF23: =M23/J23 -> 0.9611696
A24: 新豐7線 | B24: 微波主食 | C24: 韓式泡菜豬肉豆腐丼飯 | E24: 50.67 | F24: 2396 | G24: =E24*F24 -> 121405.32 | I24: 17 | J24: 2000 | K24: =J24/I24 -> 117.64706 | L24: 17 | M24: =F24/V24*60 -> 1916.8 | N24: =M24/L24 -> 112.75294 | O24: =L24-I24 -> 0 | P24: =N24-K24 -> -4.8941176 | Q24: =N24/K24 -> 0.9584 | R24: =Q30 -> 0.95913351 | S24: 0.20833333 | T24: 0.26041667 | V24: =(T24-S24)*24*60 -> 75 | AC24: 6 | AE24: =M24-J24 -> -83.2 | AF24: =M24/J24 -> 0.9584 | AG24: =AF30 -> 0.95913351
A25: 新豐7線 | B25: 微波主食 | C25: 鐵板滑蛋炸豬排丼 | E25: 57.73 | F25: 2975 | G25: =E25*F25 -> 171746.75 | I25: 14 | J25: 2000 | K25: =J25/I25 -> 142.85714 | L25: 14 | M25: =F25/V25*60 -> 1919.3548 | N25: =M25/L25 -> 137.09677 | O25: =L25-I25 -> 0 | P25: =N25-K25 -> -5.7603687 | Q25: =N25/K25 -> 0.95967742 | S25: 0.26597222 | T25: 0.33055556 | U25: =IF(S25=TIME(17,0,0),"",(S25-T24)*24*60) -> 8 | V25: =(T25-S25)*24*60 -> 93 | AE25: =M25-J25 -> -80.645161 | AF25: =M25/J25 -> 0.95967742
A26: 新豐7線 | B26: 微波主食 | C26: 日式炙烤親子丼 | E26: 53.27 | F26: 1981 | G26: =E26*F26 -> 105527.87 | I26: 16 | J26: 2000 | K26: =J26/I26 -> 125 | L26: 16 | M26: =F26/V26*60 -> 1917.0968 | N26: =M26/L26 -> 119.81855 | O26: =L26-I26 -> 0 | P26: =N26-K26 -> -5.1814516 | Q26: =N26/K26 -> 0.95854839 | S26: 0.33402778 | T26: 0.37708333 | U26: =IF(S26=TIME(17,0,0),"",(S26-T25)*24*60) -> 5 | V26: =(T26-S26)*24*60 -> 62 | AE26: =M26-J26 -> -82.903226 | AF26: =M26/J26 -> 0.95854839
A27: 新豐7線 | B27: 微波主食 | C27: 炙烤醬香燒豚飯 | E27: 51.44 | F27: 2595 | G27: =E27*F27 -> 133486.8 | I27: 25 | J27: 2000 | K27: =J27/I27 -> 80 | L27: 25 | M27: =F27/V27*60 -> 1922.2222 | N27: =M27/L27 -> 76.888889 | O27: =L27-I27 -> 0 | P27: =N27-K27 -> -3.1111111 | Q27: =N27/K27 -> 0.96111111 | S27: 0.38055556 | T27: 0.43680556 | U27: =IF(S27=TIME(17,0,0),"",(S27-T26)*24*60) -> 5 | V27: =(T27-S27)*24*60 -> 81 | AE27: =M27-J27 -> -77.777778 | AF27: =M27/J27 -> 0.96111111
A28: 新豐7線 | B28: 微波主食 | C28: 二配川味麻婆燒豆腐燴飯 | E28: 50.49 | F28: 2178 | G28: =E28*F28 -> 109967.22 | I28: 15 | J28: 2000 | K28: =J28/I28 -> 133.33333 | L28: 15 | M28: =F28/V28*60 -> 1921.7647 | N28: =M28/L28 -> 128.11765 | O28: =L28-I28 -> 0 | P28: =N28-K28 -> -5.2156863 | Q28: =N28/K28 -> 0.96088235 | S28: 0.70833333 | T28: 0.75555556 | U28: =IF(S28=TIME(17,0,0),"",(S28-T27)*24*60) | V28: =(T28-S28)*24*60 -> 68 | AE28: =M28-J28 -> -78.235294 | AF28: =M28/J28 -> 0.96088235
A29: 新豐7線 | B29: 微波主食 | C29: 二配打拋風味豬肉飯 | E29: 51.06 | F29: 3506 | G29: =E29*F29 -> 179016.36 | I29: 13 | J29: 2000 | K29: =J29/I29 -> 153.84615 | L29: 13 | M29: =F29/V29*60 -> 1912.3636 | N29: =M29/L29 -> 147.1049 | O29: =L29-I29 -> 0 | P29: =N29-K29 -> -6.7412587 | Q29: =N29/K29 -> 0.95618182 | S29: 0.75972222 | T29: 0.83611111 | U29: =IF(S29=TIME(17,0,0),"",(S29-T28)*24*60) -> 6 | V29: =(T29-S29)*24*60 -> 110 | AE29: =M29-J29 -> -87.636364 | AF29: =M29/J29 -> 0.95618182
A30: 新豐7線 | B30: 平均 | I30: 16.666667 | J30: 2000 | K30: =J30/I30 -> 120 | L30: 16.666667 | M30: =AVERAGE(M24:M29) -> 1918.267 | N30: =M30/L30 -> 115.09602 | O30: =L30-I30 -> 0 | P30: =N30-K30 -> -4.9039782 | Q30: =N30/K30 -> 0.95913351 | Y30: =SUM(Y24:Y29) -> 0 | Z30: =SUM(Z24:Z29) -> 0 | AC30: 6 | AD30: =SUM(AD24:AD29) -> 0 | AE30: =M30-J30 -> -81.73297 | AF30: =M30/J30 -> 0.95913351
A31: 新豐8線 | B31: 三明治 | C31: 紐奧良風味烤雞鮮蔬三明治 | E31: 31.29 | F31: 5800 | G31: =E31*F31 -> 181482 | H31: 2 | I31: 18 | J31: 2400 | K31: =J31/I31 -> 133.33333 | L31: 18 | M31: =F31/V31*60 -> 2289.4737 | N31: =M31/L31 -> 127.19298 | O31: =L31-I31 -> 0 | P31: =N31-K31 -> -6.1403509 | Q31: =N31/K31 -> 0.95394737 | R31: =Q39 -> 0.95805436 | S31: 0.083333333 | T31: 0.18888889 | V31: =(T31-S31)*24*60 -> 152 | W31: =T31 -> 0.18888889 | X31: =S32 -> 0.20833333 | AC31: 8 | AE31: =M31-J31 -> -110.52632 | AF31: =M31/J31 -> 0.95394737 | AG31: =AF39 -> 0.95805436
A32: 新豐8線 | B32: 三明治 | C32: 醬燒烤雞三明治(115年) | E32: 26.37 | F32: 3900 | G32: =E32*F32 -> 102843 | H32: 2 | I32: 18 | J32: 2400 | K32: =J32/I32 -> 133.33333 | L32: 18 | M32: =F32/V32*60 -> 2294.1176 | N32: =M32/L32 -> 127.45098 | O32: =L32-I32 -> 0 | P32: =N32-K32 -> -5.8823529 | Q32: =N32/K32 -> 0.95588235 | S32: 0.20833333 | T32: 0.27916667 | U32: =(S32-T31)*24*60 -> 28 | V32: =(T32-S32)*24*60 -> 102 | AE32: =M32-J32 -> -105.88235 | AF32: =M32/J32 -> 0.95588235
A33: 新豐8線 | B33: 三明治 | C33: 鮪魚起司溏心蛋三明治(115年) | E33: 26.18 | F33: 4700 | G33: =E33*F33 -> 123046 | H33: 2 | I33: 18 | J33: 2400 | K33: =J33/I33 -> 133.33333 | L33: 18 | M33: =F33/V33*60 -> 2292.6829 | N33: =M33/L33 -> 127.37127 | O33: =L33-I33 -> 0 | P33: =N33-K33 -> -5.9620596 | Q33: =N33/K33 -> 0.95528455 | S33: 0.28333333 | T33: 0.36875 | U33: =(S33-T32)*24*60 -> 6 | V33: =(T33-S33)*24*60 -> 123 | AE33: =M33-J33 -> -107.31707 | AF33: =M33/J33 -> 0.95528455
A34: 新豐8線 | B34: 三明治 | C34: 茄汁厚起司三明治 | E34: 25.99 | F34: 1865 | G34: =E34*F34 -> 48471.35 | I34: 18 | J34: 2400 | K34: =J34/I34 -> 133.33333 | L34: 18 | M34: =F34/V34*60 -> 2331.25 | N34: =M34/L34 -> 129.51389 | O34: =L34-I34 -> 0 | P34: =N34-K34 -> -3.8194444 | Q34: =N34/K34 -> 0.97135417 | S34: 0.37222222 | T34: 0.40555556 | U34: =(S34-T33)*24*60 -> 5 | V34: =(T34-S34)*24*60 -> 48 | AE34: =M34-J34 -> -68.75 | AF34: =M34/J34 -> 0.97135417
A35: 新豐8線 | B35: 三明治 | C35: 雞蛋沙拉三明治(114年) | E35: 25.99 | F35: 4406 | G35: =E35*F35 -> 114511.94 | I35: 14 | J35: 2400 | K35: =J35/I35 -> 171.42857 | L35: 14 | M35: =F35/V35*60 -> 2298.7826 | N35: =M35/L35 -> 164.19876 | O35: =L35-I35 -> 0 | P35: =N35-K35 -> -7.2298137 | Q35: =N35/K35 -> 0.95782609 | S35: 0.41111111 | T35: 0.49097222 | U35: =(S35-T34)*24*60 -> 8 | V35: =(T35-S35)*24*60 -> 115 | W35: =T35 -> 0.49097222 | X35: =S36 -> 0.53055556 | AE35: =M35-J35 -> -101.21739 | AF35: =M35/J35 -> 0.95782609
A36: 新豐8線 | B36: 三明治 | C36: 鮪魚起司溏心蛋三明治(115年) | E36: 26.18 | F36: 3645 | G36: =E36*F36 -> 95426.1 | I36: 18 | J36: 2400 | K36: =J36/I36 -> 133.33333 | L36: 18 | M36: =F36/V36*60 -> 2302.1053 | N36: =M36/L36 -> 127.89474 | O36: =L36-I36 -> 0 | P36: =N36-K36 -> -5.4385965 | Q36: =N36/K36 -> 0.95921053 | S36: 0.53055556 | T36: 0.59652778 | U36: =(S36-T35)*24*60 -> 57 | V36: =(T36-S36)*24*60 -> 95 | AE36: =M36-J36 -> -97.894737 | AF36: =M36/J36 -> 0.95921053
A37: 新豐8線 | B37: 三明治 | C37: 醬燒烤雞三明治(115年) | E37: 26.37 | F37: 2867 | G37: =E37*F37 -> 75602.79 | I37: 18 | J37: 2400 | K37: =J37/I37 -> 133.33333 | L37: 18 | M37: =F37/V37*60 -> 2293.6 | N37: =M37/L37 -> 127.42222 | O37: =L37-I37 -> 0 | P37: =N37-K37 -> -5.9111111 | Q37: =N37/K37 -> 0.95566667 | S37: 0.6 | T37: 0.65208333 | U37: =(S37-T36)*24*60 -> 5 | V37: =(T37-S37)*24*60 -> 75 | AE37: =M37-J37 -> -106.4 | AF37: =M37/J37 -> 0.95566667
A38: 新豐8線 | B38: 三明治 | C38: 紐奧良風味烤雞鮮蔬三明治 | E38: 31.29 | F38: 4356 | G38: =E38*F38 -> 136299.24 | I38: 18 | J38: 2400 | K38: =J38/I38 -> 133.33333 | L38: 18 | M38: =F38/V38*60 -> 2292.6316 | N38: =M38/L38 -> 127.36842 | O38: =L38-I38 -> 0 | P38: =N38-K38 -> -5.9649123 | Q38: =N38/K38 -> 0.95526316 | S38: 0.65694444 | T38: 0.73611111 | U38: =(S38-T37)*24*60 -> 7 | V38: =(T38-S38)*24*60 -> 114 | AE38: =M38-J38 -> -107.36842 | AF38: =M38/J38 -> 0.95526316
A39: 新豐8線 | B39: 平均 | I39: 17.5 | J39: 2400 | K39: =J39/I39 -> 137.14286 | L39: 17.5 | M39: =AVERAGE(M31:M38) -> 2299.3305 | N39: =M39/L39 -> 131.39031 | O39: =L39-I39 -> 0 | P39: =N39-K39 -> -5.7525449 | Q39: =N39/K39 -> 0.95805436 | Y39: =SUM(Y31:Y38) -> 0 | Z39: =SUM(Z31:Z38) -> 0 | AC39: 8 | AD39: =SUM(AD31:AD38) -> 0 | AE39: =M39-J39 -> -100.66954 | AF39: =M39/J39 -> 0.95805436
A40: 新豐9線 | B40: 三明治 | C40: 經典總匯三明治(115年) | E40: 26.18 | F40: 3800 | G40: =E40*F40 -> 99484 | H40: 2 | I40: 20 | J40: 2400 | K40: =J40/I40 -> 120 | L40: 20 | M40: =F40/V40*60 -> 2303.0303 | N40: =M40/L40 -> 115.15152 | O40: =L40-I40 -> 0 | P40: =N40-K40 -> -4.8484848 | Q40: =N40/K40 -> 0.95959596 | R40: =Q47 -> 0.95630595 | S40: 0.083333333 | T40: 0.15208333 | V40: =(T40-S40)*24*60 -> 99 | W40: =T40 -> 0.15208333 | X40: =S41 -> 0.17083333 | AC40: 7 | AE40: =M40-J40 -> -96.969697 | AF40: =M40/J40 -> 0.95959596 | AG40: =AF47 -> 0.95630595
A41: 新豐9線 | B41: 三明治 | C41: 經典火腿玉米蛋三明治 | E41: 24.43 | F41: 4000 | G41: =E41*F41 -> 97720 | H41: 2 | I41: 14 | J41: 2400 | K41: =J41/I41 -> 171.42857 | L41: 14 | M41: =F41/V41*60 -> 2285.7143 | N41: =M41/L41 -> 163.26531 | O41: =L41-I41 -> 0 | P41: =N41-K41 -> -8.1632653 | Q41: =N41/K41 -> 0.95238095 | S41: 0.17083333 | T41: 0.24375 | U41: =(S41-T40)*24*60 -> 27 | V41: =(T41-S41)*24*60 -> 105 | AE41: =M41-J41 -> -114.28571 | AF41: =M41/J41 -> 0.95238095
A42: 新豐9線 | B42: 三明治 | C42: 五彩鮮蔬三明治 | E42: 25.98 | F42: 5173 | G42: =E42*F42 -> 134394.54 | I42: 20 | J42: 2400 | K42: =J42/I42 -> 120 | L42: 20 | M42: =F42/V42*60 -> 2299.1111 | N42: =M42/L42 -> 114.95556 | O42: =L42-I42 -> 0 | P42: =N42-K42 -> -5.0444444 | Q42: =N42/K42 -> 0.95796296 | S42: 0.24722222 | T42: 0.34097222 | U42: =(S42-T41)*24*60 -> 5 | V42: =(T42-S42)*24*60 -> 135 | AE42: =M42-J42 -> -100.88889 | AF42: =M42/J42 -> 0.95796296
A43: 新豐9線 | B43: 三明治 | C43: 好多蛋三明治 | E43: 34.1 | F43: 3700 | G43: =E43*F43 -> 126170 | H43: 2 | I43: 17 | J43: 1600 | K43: =J43/I43 -> 94.117647 | L43: 17 | M43: =F43/V43*60 -> 1531.0345 | N43: =M43/L43 -> 90.060852 | O43: =L43-I43 -> 0 | P43: =N43-K43 -> -4.0567951 | Q43: =N43/K43 -> 0.95689655 | S43: 0.34513889 | T43: 0.44583333 | U43: =(S43-T42)*24*60 -> 6 | V43: =(T43-S43)*24*60 -> 145 | AE43: =M43-J43 -> -68.965517 | AF43: =M43/J43 -> 0.95689655
A44: 新豐9線 | B44: 三明治 | C44: 榛果摩卡脆脆三明治 | E44: 20.21 | F44: 3508 | G44: =E44*F44 -> 70896.68 | I44: 18 | J44: 2400 | K44: =J44/I44 -> 133.33333 | L44: 18 | M44: =F44/V44*60 -> 2287.8261 | N44: =M44/L44 -> 127.10145 | O44: =L44-I44 -> 0 | P44: =N44-K44 -> -6.2318841 | Q44: =N44/K44 -> 0.95326087 | S44: 0.44930556 | T44: 0.51319444 | U44: =(S44-T43)*24*60 -> 5 | V44: =(T44-S44)*24*60 -> 92 | W44: =T44 -> 0.51319444 | X44: =S45 -> 0.55277778 | AE44: =M44-J44 -> -112.17391 | AF44: =M44/J44 -> 0.95326087
A45: 新豐9線 | B45: 三明治 | C45: 好多蛋三明治 | E45: 34.1 | F45: 3215 | G45: =E45*F45 -> 109631.5 | I45: 17 | J45: 1600 | K45: =J45/I45 -> 94.117647 | L45: 17 | M45: =F45/V45*60 -> 1530.9524 | N45: =M45/L45 -> 90.056022 | O45: =L45-I45 -> 0 | P45: =N45-K45 -> -4.0616246 | Q45: =N45/K45 -> 0.95684524 | S45: 0.55277778 | T45: 0.64027778 | U45: =(S45-T44)*24*60 -> 57 | V45: =(T45-S45)*24*60 -> 126 | AE45: =M45-J45 -> -69.047619 | AF45: =M45/J45 -> 0.95684524
A46: 新豐9線 | B46: 三明治 | C46: 經典總匯三明治(115年) | E46: 26.18 | F46: 2528 | G46: =E46*F46 -> 66183.04 | I46: 20 | J46: 2400 | K46: =J46/I46 -> 120 | L46: 20 | M46: =F46/V46*60 -> 2298.1818 | N46: =M46/L46 -> 114.90909 | O46: =L46-I46 -> 0 | P46: =N46-K46 -> -5.0909091 | Q46: =N46/K46 -> 0.95757576 | S46: 0.64444444 | T46: 0.69027778 | U46: =(S46-T45)*24*60 -> 6 | V46: =(T46-S46)*24*60 -> 66 | AE46: =M46-J46 -> -101.81818 | AF46: =M46/J46 -> 0.95757576
A47: 新豐9線 | B47: 平均 | I47: 18 | J47: 2171.4286 | K47: =J47/I47 -> 120.63492 | L47: 18 | M47: =AVERAGE(M40:M46) -> 2076.5501 | N47: =M47/L47 -> 115.36389 | O47: =L47-I47 -> 0 | P47: =N47-K47 -> -5.271028 | Q47: =N47/K47 -> 0.95630595 | Y47: =SUM(Y40:Y46) -> 0 | Z47: =SUM(Z40:Z46) -> 0 | AC47: 7 | AD47: =SUM(AD40:AD46) -> 0 | AE47: =M47-J47 -> -94.878504 | AF47: =M47/J47 -> 0.95630595
A48: 新豐3線 | B48: 調理麵包 | C48: 厚豆腐蛋白蕈菇豬肉堡 | E48: 34.36 | F48: 2541 | G48: =E48*F48 -> 87308.76 | I48: 10 | J48: 3000 | K48: =J48/I48 -> 300 | L48: 10 | M48: =F48/V48*60 -> 2876.6038 | N48: =M48/L48 -> 287.66038 | O48: =L48-I48 -> 0 | P48: =N48-K48 -> -12.339623 | Q48: =N48/K48 -> 0.95886792 | R48: =Q51 -> 0.95580289 | S48: 0.20833333 | T48: 0.24513889 | V48: =(T48-S48)*24*60 -> 53 | AC48: 3 | AE48: =M48-J48 -> -123.39623 | AF48: =M48/J48 -> 0.95886792 | AG48: =AF51 -> 0.95580289
A49: 新豐3線 | B49: 調理麵包 | C49: 豬肉起司堡 | E49: 21.13 | F49: 6146 | G49: =E49*F49 -> 129864.98 | I49: 10 | J49: 3000 | K49: =J49/I49 -> 300 | L49: 10 | M49: =F49/V49*60 -> 2858.6047 | N49: =M49/L49 -> 285.86047 | O49: =L49-I49 -> 0 | P49: =N49-K49 -> -14.139535 | Q49: =N49/K49 -> 0.95286822 | S49: 0.24861111 | T49: 0.33819444 | U49: =(S49-T48)*24*60 -> 5 | V49: =(T49-S49)*24*60 -> 129 | AE49: =M49-J49 -> -141.39535 | AF49: =M49/J49 -> 0.95286822
A50: 新豐3線 | B50: 調理麵包 | C50: 豬肉起司蛋堡 | E50: 27.17 | F50: 8171 | G50: =E50*F50 -> 222006.07 | I50: 10 | J50: 3000 | K50: =J50/I50 -> 300 | L50: 10 | M50: =F50/V50*60 -> 2867.0175 | N50: =M50/L50 -> 286.70175 | O50: =L50-I50 -> 0 | P50: =N50-K50 -> -13.298246 | Q50: =N50/K50 -> 0.95567251 | S50: 0.34375 | T50: 0.4625 | U50: =(S50-T49)*24*60 -> 8 | V50: =(T50-S50)*24*60 -> 171 | AE50: =M50-J50 -> -132.98246 | AF50: =M50/J50 -> 0.95567251
A51: 新豐3線 | B51: 平均 | I51: 10 | J51: 3000 | K51: =J51/I51 -> 300 | L51: 10 | M51: =AVERAGE(M48:M50) -> 2867.4087 | N51: =M51/L51 -> 286.74087 | O51: =L51-I51 -> 0 | P51: =N51-K51 -> -13.259134 | Q51: =N51/K51 -> 0.95580289 | Y51: =SUM(Y48:Y50) -> 0 | Z51: =SUM(Z48:Z50) -> 0 | AC51: 3 | AD51: =SUM(AD48:AD50) -> 0 | AE51: =M51-J51 -> -132.59134 | AF51: =M51/J51 -> 0.95580289
A52: 新豐1線 | B52: 微波主食 | C52: 爆炒雞丁飯 | E52: 59.04 | F52: 2655 | G52: =E52*F52 -> 156751.2 | I52: 19 | J52: 2000 | K52: =J52/I52 -> 105.26316 | L52: 19 | M52: =F52/V52*60 -> 1919.2771 | N52: =M52/L52 -> 101.01458 | O52: =L52-I52 -> 0 | P52: =N52-K52 -> -4.2485732 | Q52: =N52/K52 -> 0.95963855 | R52: =Q59 -> 0.95780198 | S52: 0.16666667 | T52: 0.22430556 | V52: =(T52-S52)*24*60 -> 83 | W52: =T52 -> 0.22430556 | X52: =S53 -> 0.24375 | AC52: 7 | AE52: =M52-J52 -> -80.722892 | AF52: =M52/J52 -> 0.95963855 | AG52: =AF59 -> 0.95780198
A53: 新豐1線 | B53: 微波主食 | C53: 壹號醬雞豚雙拼 | E53: 56.43 | F53: 1712 | G53: =E53*F53 -> 96608.16 | I53: 22 | J53: 2000 | K53: =J53/I53 -> 90.909091 | L53: 22 | M53: =F53/V53*60 -> 1938.1132 | N53: =M53/L53 -> 88.096055 | O53: =L53-I53 -> 0 | P53: =N53-K53 -> -2.813036 | Q53: =N53/K53 -> 0.9690566 | S53: 0.24375 | T53: 0.28055556 | U53: =IF(S53=TIME(17,0,0),"",(S53-T52)*24*60) -> 28 | V53: =(T53-S53)*24*60 -> 53 | AE53: =M53-J53 -> -61.886792 | AF53: =M53/J53 -> 0.9690566
A54: 新豐1線 | B54: 沙拉 | C54: 蔥鹽雞肉麵沙拉(114年) | E54: 46 | F54: 3241 | G54: =E54*F54 -> 149086 | I54: 16 | J54: 2000 | K54: =J54/I54 -> 125 | L54: 16 | M54: =F54/V54*60 -> 1906.4706 | N54: =M54/L54 -> 119.15441 | O54: =L54-I54 -> 0 | P54: =N54-K54 -> -5.8455882 | Q54: =N54/K54 -> 0.95323529 | S54: 0.28541667 | T54: 0.35625 | U54: =IF(S54=TIME(17,0,0),"",(S54-T53)*24*60) -> 7 | V54: =(T54-S54)*24*60 -> 102 | AE54: =M54-J54 -> -93.529412 | AF54: =M54/J54 -> 0.95323529
A55: 新豐1線 | B55: 沙拉 | C55: 莎莎烤雞麵沙拉(115年) | E55: 46 | F55: 4059 | G55: =E55*F55 -> 186714 | I55: 17 | J55: 2000 | K55: =J55/I55 -> 117.64706 | L55: 17 | M55: =F55/V55*60 -> 1902.6562 | N55: =M55/L55 -> 111.92096 | O55: =L55-I55 -> 0 | P55: =N55-K55 -> -5.7261029 | Q55: =N55/K55 -> 0.95132812 | S55: 0.35972222 | T55: 0.44861111 | U55: =IF(S55=TIME(17,0,0),"",(S55-T54)*24*60) -> 5 | V55: =(T55-S55)*24*60 -> 128 | AE55: =M55-J55 -> -97.34375 | AF55: =M55/J55 -> 0.95132812
A56: 新豐1線 | B56: 微波主食 | C56: 二配香辣醬蒜味香腸蛋炒飯 | E56: 55.56 | F56: 2574 | G56: =E56*F56 -> 143011.44 | I56: 17 | J56: 2000 | K56: =J56/I56 -> 117.64706 | L56: 17 | M56: =F56/V56*60 -> 1906.6667 | N56: =M56/L56 -> 112.15686 | O56: =L56-I56 -> 0 | P56: =N56-K56 -> -5.4901961 | Q56: =N56/K56 -> 0.95333333 | S56: 0.70833333 | T56: 0.76458333 | U56: =IF(S56=TIME(17,0,0),"",(S56-T55)*24*60) | V56: =(T56-S56)*24*60 -> 81 | AE56: =M56-J56 -> -93.333333 | AF56: =M56/J56 -> 0.95333333
A57: 新豐1線 | B57: 微波主食 | C57: 二配藤椒雞丁炒飯 | E57: 54.09 | F57: 1668 | G57: =E57*F57 -> 90222.12 | I57: 13 | J57: 2000 | K57: =J57/I57 -> 153.84615 | L57: 13 | M57: =F57/V57*60 -> 1924.6154 | N57: =M57/L57 -> 148.04734 | O57: =L57-I57 -> 0 | P57: =N57-K57 -> -5.7988166 | Q57: =N57/K57 -> 0.96230769 | S57: 0.77013889 | T57: 0.80625 | U57: =IF(S57=TIME(17,0,0),"",(S57-T56)*24*60) -> 8 | V57: =(T57-S57)*24*60 -> 52 | AE57: =M57-J57 -> -75.384615 | AF57: =M57/J57 -> 0.96230769
A58: 新豐1線 | B58: 微波主食 | C58: 二配厚香料優格咖哩雞排飯 | E58: 56.43 | F58: 1784 | G58: =E58*F58 -> 100671.12 | I58: 13 | J58: 2000 | K58: =J58/I58 -> 153.84615 | L58: 13 | M58: =F58/V58*60 -> 1911.4286 | N58: =M58/L58 -> 147.03297 | O58: =L58-I58 -> 0 | P58: =N58-K58 -> -6.8131868 | Q58: =N58/K58 -> 0.95571429 | S58: 0.81041667 | T58: 0.84930556 | U58: =IF(S58=TIME(17,0,0),"",(S58-T57)*24*60) -> 6 | V58: =(T58-S58)*24*60 -> 56 | AE58: =M58-J58 -> -88.571429 | AF58: =M58/J58 -> 0.95571429
A59: 新豐1線 | B59: 平均 | I59: 16.714286 | J59: 2000 | K59: =J59/I59 -> 119.65812 | L59: 16.714286 | M59: =AVERAGE(M52:M58) -> 1915.604 | N59: =M59/L59 -> 114.60878 | O59: =L59-I59 -> 0 | P59: =N59-K59 -> -5.0493352 | Q59: =N59/K59 -> 0.95780198 | Y59: =SUM(Y52:Y58) -> 0 | Z59: =SUM(Z52:Z58) -> 0 | AC59: 7 | AD59: =SUM(AD52:AD58) -> 0 | AE59: =M59-J59 -> -84.396032 | AF59: =M59/J59 -> 0.95780198
A60: 新豐10線 | B60: 調理麵包 | C60: 經典雙牛起司堡(113年) | E60: 35.12 | F60: 6759 | G60: =E60*F60 -> 237376.08 | I60: 10 | J60: 3000 | K60: =J60/I60 -> 300 | L60: 10 | M60: =F60/V60*60 -> 2855.9155 | N60: =M60/L60 -> 285.59155 | O60: =L60-I60 -> 0 | P60: =N60-K60 -> -14.408451 | Q60: =N60/K60 -> 0.95197183 | R60: =Q64 -> 0.95561528 | S60: 0.20833333 | T60: 0.30694444 | V60: =(T60-S60)*24*60 -> 142 | AC60: 4 | AE60: =M60-J60 -> -144.08451 | AF60: =M60/J60 -> 0.95197183 | AG60: =AF64 -> 0.95561528
A61: 新豐10線 | B61: 調理麵包 | C61: 香雞蛋堡(112年) | E61: 26.78 | F61: 2999 | G61: =E61*F61 -> 80313.22 | I61: 10 | J61: 3000 | K61: =J61/I61 -> 300 | L61: 10 | M61: =F61/V61*60 -> 2856.1905 | N61: =M61/L61 -> 285.61905 | O61: =L61-I61 -> 0 | P61: =N61-K61 -> -14.380952 | Q61: =N61/K61 -> 0.95206349 | S61: 0.31041667 | T61: 0.35416667 | U61: =(S61-T60)*24*60 -> 5 | V61: =(T61-S61)*24*60 -> 63 | AE61: =M61-J61 -> -143.80952 | AF61: =M61/J61 -> 0.95206349
A62: 新豐10線 | B62: 調理麵包 | C62: 美式雞腿堡 | E62: 35.87 | F62: 4137 | G62: =E62*F62 -> 148394.19 | I62: 9 | J62: 3000 | K62: =J62/I62 -> 333.33333 | L62: 9 | M62: =F62/V62*60 -> 2853.1034 | N62: =M62/L62 -> 317.01149 | O62: =L62-I62 -> 0 | P62: =N62-K62 -> -16.321839 | Q62: =N62/K62 -> 0.95103448 | S62: 0.35833333 | T62: 0.41875 | U62: =(S62-T61)*24*60 -> 6 | V62: =(T62-S62)*24*60 -> 87 | AE62: =M62-J62 -> -146.89655 | AF62: =M62/J62 -> 0.95103448
A63: 新豐10線 | B63: 調理麵包 | C63: 黃金魚堡(114年) | E63: 34.35 | F63: 2225 | G63: =E63*F63 -> 76428.75 | I63: 8 | J63: 3000 | K63: =J63/I63 -> 375 | L63: 8 | M63: =F63/V63*60 -> 2902.1739 | N63: =M63/L63 -> 362.77174 | O63: =L63-I63 -> 0 | P63: =N63-K63 -> -12.228261 | Q63: =N63/K63 -> 0.9673913 | S63: 0.42430556 | T63: 0.45625 | U63: =(S63-T62)*24*60 -> 8 | V63: =(T63-S63)*24*60 -> 46 | AE63: =M63-J63 -> -97.826087 | AF63: =M63/J63 -> 0.9673913
A64: 新豐10線 | B64: 平均 | I64: 9.25 | J64: 3000 | K64: =J64/I64 -> 324.32432 | L64: 9.25 | M64: =AVERAGE(M60:M63) -> 2866.8458 | N64: =M64/L64 -> 309.92928 | O64: =L64-I64 -> 0 | P64: =N64-K64 -> -14.395045 | Q64: =N64/K64 -> 0.95561528 | Y64: =SUM(Y60:Y63) -> 0 | Z64: =SUM(Z60:Z63) -> 0 | AC64: 4 | AD64: =SUM(AD60:AD63) -> 0 | AE64: =M64-J64 -> -133.15417 | AF64: =M64/J64 -> 0.95561528
A65: 新豐4線 | B65: 三明治 | C65: 火腿起司蛋三明治 | E65: 19.02 | F65: 6100 | G65: =E65*F65 -> 116022 | H65: 2 | I65: 14 | J65: 2400 | K65: =J65/I65 -> 171.42857 | L65: 14 | M65: =F65/V65*60 -> 2287.5 | N65: =M65/L65 -> 163.39286 | O65: =L65-I65 -> 0 | P65: =N65-K65 -> -8.0357143 | Q65: =N65/K65 -> 0.953125 | R65: =Q72 -> 0.95460627 | S65: 0.083333333 | T65: 0.19444444 | V65: =(T65-S65)*24*60 -> 160 | W65: =T65 -> 0.19444444 | X65: =S66 -> 0.21319444 | AC65: 7 | AE65: =M65-J65 -> -112.5 | AF65: =M65/J65 -> 0.953125 | AG65: =AF72 -> 0.95460627
A66: 新豐4線 | B66: 三明治 | C66: 肉鬆火腿三明治(115年) | E66: 20.36 | F66: 4776 | G66: =E66*F66 -> 97239.36 | I66: 17 | J66: 2400 | K66: =J66/I66 -> 141.17647 | L66: 17 | M66: =F66/V66*60 -> 2292.48 | N66: =M66/L66 -> 134.85176 | O66: =L66-I66 -> 0 | P66: =N66-K66 -> -6.3247059 | Q66: =N66/K66 -> 0.9552 | S66: 0.21319444 | T66: 0.3 | U66: =(S66-T65)*24*60 -> 27 | V66: =(T66-S66)*24*60 -> 125 | AE66: =M66-J66 -> -107.52 | AF66: =M66/J66 -> 0.9552
A67: 新豐4線 | B67: 三明治 | C67: 藍莓優格三明治 | E67: 20.21 | F67: 3240 | G67: =E67*F67 -> 65480.4 | I67: 15 | J67: 2400 | K67: =J67/I67 -> 160 | L67: 15 | M67: =F67/V67*60 -> 2287.0588 | N67: =M67/L67 -> 152.47059 | O67: =L67-I67 -> 0 | P67: =N67-K67 -> -7.5294118 | Q67: =N67/K67 -> 0.95294118 | S67: 0.30347222 | T67: 0.3625 | U67: =(S67-T66)*24*60 -> 5 | V67: =(T67-S67)*24*60 -> 85 | AE67: =M67-J67 -> -112.94118 | AF67: =M67/J67 -> 0.95294118
A68: 新豐4線 | B68: 三明治 | C68: 香蕉可可三明治 | E68: 22.69 | F68: 3051 | G68: =E68*F68 -> 69227.19 | I68: 15 | J68: 2400 | K68: =J68/I68 -> 160 | L68: 15 | M68: =F68/V68*60 -> 2288.25 | N68: =M68/L68 -> 152.55 | O68: =L68-I68 -> 0 | P68: =N68-K68 -> -7.45 | Q68: =N68/K68 -> 0.9534375 | S68: 0.36597222 | T68: 0.42152778 | U68: =(S68-T67)*24*60 -> 5 | V68: =(T68-S68)*24*60 -> 80 | AE68: =M68-J68 -> -111.75 | AF68: =M68/J68 -> 0.9534375
A69: 新豐4線 | B69: 三明治 | C69: 起司芋見肉鬆三明治 | E69: 25.98 | F69: 5132 | G69: =E69*F69 -> 133329.36 | I69: 17 | J69: 2400 | K69: =J69/I69 -> 141.17647 | L69: 17 | M69: =F69/V69*60 -> 2297.9104 | N69: =M69/L69 -> 135.1712 | O69: =L69-I69 -> 0 | P69: =N69-K69 -> -6.0052678 | Q69: =N69/K69 -> 0.95746269 | S69: 0.42638889 | T69: 0.51944444 | U69: =(S69-T68)*24*60 -> 7 | V69: =(T69-S69)*24*60 -> 134 | W69: =T69 -> 0.51944444 | X69: =S70 -> 0.55763889 | AE69: =M69-J69 -> -102.08955 | AF69: =M69/J69 -> 0.95746269
A70: 新豐4線 | B70: 三明治 | C70: 經典火腿玉米蛋三明治 | E70: 24.43 | F70: 3272 | G70: =E70*F70 -> 79934.96 | I70: 14 | J70: 2400 | K70: =J70/I70 -> 171.42857 | L70: 14 | M70: =F70/V70*60 -> 2282.7907 | N70: =M70/L70 -> 163.05648 | O70: =L70-I70 -> 0 | P70: =N70-K70 -> -8.372093 | Q70: =N70/K70 -> 0.95116279 | S70: 0.55763889 | T70: 0.61736111 | U70: =(S70-T69)*24*60 -> 55 | V70: =(T70-S70)*24*60 -> 86 | AE70: =M70-J70 -> -117.2093 | AF70: =M70/J70 -> 0.95116279
A71: 新豐4線 | B71: 三明治 | C71: 火腿起司蛋三明治 | E71: 19.02 | F71: 4948 | G71: =E71*F71 -> 94110.96 | I71: 14 | J71: 2400 | K71: =J71/I71 -> 171.42857 | L71: 14 | M71: =F71/V71*60 -> 2301.3953 | N71: =M71/L71 -> 164.38538 | O71: =L71-I71 -> 0 | P71: =N71-K71 -> -7.0431894 | Q71: =N71/K71 -> 0.95891473 | S71: 0.62291667 | T71: 0.7125 | U71: =(S71-T70)*24*60 -> 8 | V71: =(T71-S71)*24*60 -> 129 | AE71: =M71-J71 -> -98.604651 | AF71: =M71/J71 -> 0.95891473
A72: 新豐4線 | B72: 平均 | I72: 15.142857 | J72: 2400 | K72: =J72/I72 -> 158.49057 | L72: 15.142857 | M72: =AVERAGE(M65:M71) -> 2291.055 | N72: =M72/L72 -> 151.29609 | O72: =L72-I72 -> 0 | P72: =N72-K72 -> -7.1944781 | Q72: =N72/K72 -> 0.95460627 | Y72: =SUM(Y65:Y71) -> 0 | Z72: =SUM(Z65:Z71) -> 0 | AC72: 7 | AD72: =SUM(AD65:AD71) -> 0 | AE72: =M72-J72 -> -108.94495 | AF72: =M72/J72 -> 0.95460627

Sheet 0628
B1: 屏榮 新豐廠組合室生產人時性分析
B3: 日期 | C3: =TEXT('0628 4度C'!A2,"yyyy.mm.ddaaaa") -> 2026.06.28星期日 | E3: 訂單量 | F3: ='0628 4度C'!D1 -> 206309 | H3: 營業額 | I3: ='0628 4度C'!F1 -> 7066147.2
B4: 人時性 | C4: 項目 | E4: ➀ | G4: ➁ | I4: ➂ | K4: 異常停線 | M4: 短暫停線
C5: 組合室 | E5: 全溫層 | G5: 4度C-各編組展開 | I5: ③三明治-各編組展開 | K5: 合計次數 | L5: 時間 | M5: 合計次數 | N5: 設備次數
C6: 排關平均 | E6: =AVERAGE(D13:M13) -> 158.28246 | F6: =AVERAGE(D31:O31,D13:J13) -> 167.00518 | G6: =AVERAGE(D13:J13) -> 167.00518 | I6: =AVERAGE(K13:M13) -> 137.92945 | K6: ='0628 4度C'!Y2 -> 0 | L6: ='0628 4度C'!Z2 -> 0 | M6: ='0628 4度C'!AC2 -> 61 | N6: ='0628 4度C'!AD2 -> 0
C7: 實績平均 | E7: =AVERAGE(D14:M14) -> 151.54345 | F7: =AVERAGE(D32:O32,D14:J14) -> 159.95133 | G7: =AVERAGE(D14:J14) -> 159.95133 | I7: =AVERAGE(K14:M14) -> 131.92507
C8: 達成率平均 | E8: =AVERAGE(D15:M15) -> 0.95744022 | F8: =AVERAGE(D15:J15,D33:O33) -> 0.95787513 | G8: =AVERAGE(D15:J15) -> 0.95787513 | I8: =AVERAGE(K15:M15) -> 0.95642543
K9: ※現行日本鮮食廠以達成率80%為基本(即為現行KPI)
B10: 溫層 | D10: ➁4度C-各編組展開 | K10: ③三明治-各編組展開
B11: 編組 | D11: 1 | E11: 2 | F11: 3 | G11: 4 | H11: 5 | I11: 6 | J11: 7 | K11: 1 | L11: 2 | M11: 3
D12: 新豐6線 | E12: 新豐2線 | F12: 新豐5線 | G12: 新豐7線 | H12: 新豐3線 | I12: 新豐1線 | J12: 新豐10線 | K12: 新豐8線 | L12: 新豐9線 | M12: 新豐4線
B13: 人時性 | C13: 排關 | D13: =SUMIFS('0628 4度C'!$K:$K,'0628 4度C'!$A:$A,"新豐6線",'0628 4度C'!$B:$B,"平均") -> 129.03226 | E13: =SUMIFS('0628 4度C'!$K:$K,'0628 4度C'!$A:$A,"新豐2線",'0628 4度C'!$B:$B,"平均") -> 88.235294 | F13: =SUMIFS('0628 4度C'!$K:$K,'0628 4度C'!$A:$A,"新豐5線",'0628 4度C'!$B:$B,"平均") -> 87.78626 | G13: =SUMIFS('0628 4度C'!$K:$K,'0628 4度C'!$A:$A,"新豐7線",'0628 4度C'!$B:$B,"平均") -> 120 | H13: =SUMIFS('0628 4度C'!$K:$K,'0628 4度C'!$A:$A,"新豐3線",'0628 4度C'!$B:$B,"平均") -> 300 | I13: =SUMIFS('0628 4度C'!$K:$K,'0628 4度C'!$A:$A,"新豐1線",'0628 4度C'!$B:$B,"平均") -> 119.65812 | J13: =SUMIFS('0628 4度C'!$K:$K,'0628 4度C'!$A:$A,"新豐10線",'0628 4度C'!$B:$B,"平均") -> 324.32432 | K13: =SUMIFS('0628 4度C'!$K:$K,'0628 4度C'!$A:$A,"新豐8線",'0628 4度C'!$B:$B,"平均") -> 137.14286 | L13: =SUMIFS('0628 4度C'!$K:$K,'0628 4度C'!$A:$A,"新豐9線",'0628 4度C'!$B:$B,"平均") -> 120.54795 | M13: =SUMIFS('0628 4度C'!$K:$K,'0628 4度C'!$A:$A,"新豐4線",'0628 4度C'!$B:$B,"平均") -> 156.09756
C14: 實績 | D14: =SUMIFS('0628 4度C'!$N:$N,'0628 4度C'!$A:$A,"新豐6線",'0628 4度C'!$B:$B,"平均") -> 124.31656 | E14: =SUMIFS('0628 4度C'!$N:$N,'0628 4度C'!$A:$A,"新豐2線",'0628 4度C'!$B:$B,"平均") -> 84.298706 | F14: =SUMIFS('0628 4度C'!$N:$N,'0628 4度C'!$A:$A,"新豐5線",'0628 4度C'!$B:$B,"平均") -> 84.437645 | G14: =SUMIFS('0628 4度C'!$N:$N,'0628 4度C'!$A:$A,"新豐7線",'0628 4度C'!$B:$B,"平均") -> 114.47568 | H14: =SUMIFS('0628 4度C'!$N:$N,'0628 4度C'!$A:$A,"新豐3線",'0628 4度C'!$B:$B,"平均") -> 286.84131 | I14: =SUMIFS('0628 4度C'!$N:$N,'0628 4度C'!$A:$A,"新豐1線",'0628 4度C'!$B:$B,"平均") -> 114.34272 | J14: =SUMIFS('0628 4度C'!$N:$N,'0628 4度C'!$A:$A,"新豐10線",'0628 4度C'!$B:$B,"平均") -> 310.94666 | K14: =SUMIFS('0628 4度C'!$N:$N,'0628 4度C'!$A:$A,"新豐8線",'0628 4度C'!$B:$B,"平均") -> 131.0952 | L14: =SUMIFS('0628 4度C'!$N:$N,'0628 4度C'!$A:$A,"新豐9線",'0628 4度C'!$B:$B,"平均") -> 115.26942 | M14: =SUMIFS('0628 4度C'!$N:$N,'0628 4度C'!$A:$A,"新豐4線",'0628 4度C'!$B:$B,"平均") -> 149.41058
C15: 達成率 | D15: =D14/D13 -> 0.96345334 | E15: =E14/E13 -> 0.95538533 | F15: =F14/F13 -> 0.96185491 | G15: =G14/G13 -> 0.95396403 | H15: =H14/H13 -> 0.95613769 | I15: =I14/I13 -> 0.95557845 | J15: =J14/J13 -> 0.95875219 | K15: =K14/K13 -> 0.95590253 | ... M15: =M14/M13 -> 0.95716152
B16: 作業 時間 | C16: 開始 | D16: =VLOOKUP("新豐6線",'0628 4度C'!$A:$T,19,0) -> 0.70833333 | E16: =VLOOKUP("新豐2線",'0628 4度C'!$A:$T,19,0) -> 0.16666667 | F16: =VLOOKUP("新豐5線",'0628 4度C'!$A:$T,19,0) -> 0.083333333 | G16: =VLOOKUP("新豐7線",'0628 4度C'!$A:$T,19,0) -> 0.20833333 | H16: =VLOOKUP("新豐3線",'0628 4度C'!$A:$T,19,0) -> 0.20833333 | I16: =VLOOKUP("新豐1線",'0628 4度C'!$A:$T,19,0) -> 0.16666667 | J16: =VLOOKUP("新豐10線",'0628 4度C'!$A:$T,19,0) -> 0.20833333 | K16: =VLOOKUP("新豐8線",'0628 4度C'!$A:$T,19,0) -> 0.083333333 | L16: =VLOOKUP("新豐9線",'0628 4度C'!$A:$T,19,0) -> 0.083333333 | M16: =VLOOKUP("新豐4線",'0628 4度C'!$A:$T,19,0) -> 0.083333333
C17: 結束 | D17: =LOOKUP(2,1/(('0628 4度C'!$A:$A="新豐6線")*('0628 4度C'!$T:$T<>"")),'0628 4度C'!$T:$T) -> 0.9125 | E17: =LOOKUP(2,1/(('0628 4度C'!$A:$A="新豐2線")*('0628 4度C'!$T:$T<>"")),'0628 4度C'!$T:$T) -> 0.82083333 | F17: =LOOKUP(2,1/(('0628 4度C'!$A:$A="新豐5線")*('0628 4度C'!$T:$T<>"")),'0628 4度C'!$T:$T) -> 0.82152778 | G17: =LOOKUP(2,1/(('0628 4度C'!$A:$A="新豐7線")*('0628 4度C'!$T:$T<>"")),'0628 4度C'!$T:$T) -> 0.84236111 | H17: =LOOKUP(2,1/(('0628 4度C'!$A:$A="新豐3線")*('0628 4度C'!$T:$T<>"")),'0628 4度C'!$T:$T) -> 0.47291667 | I17: =LOOKUP(2,1/(('0628 4度C'!$A:$A="新豐1線")*('0628 4度C'!$T:$T<>"")),'0628 4度C'!$T:$T) -> 0.85486111 | J17: =LOOKUP(2,1/(('0628 4度C'!$A:$A="新豐10線")*('0628 4度C'!$T:$T<>"")),'0628 4度C'!$T:$T) -> 0.45416667 | K17: =LOOKUP(2,1/(('0628 4度C'!$A:$A="新豐8線")*('0628 4度C'!$T:$T<>"")),'0628 4度C'!$T:$T) -> 0.76388889 | L17: =LOOKUP(2,1/(('0628 4度C'!$A:$A="新豐9線")*('0628 4度C'!$T:$T<>"")),'0628 4度C'!$T:$T) -> 0.75486111 | M17: =LOOKUP(2,1/(('0628 4度C'!$A:$A="新豐4線")*('0628 4度C'!$T:$T<>"")),'0628 4度C'!$T:$T) -> 0.75347222
B18: 產線異常 (5分鐘以上) | C18: 次數 | D18: =SUMIFS('0628 4度C'!$Y:$Y,'0628 4度C'!$A:$A,"新豐6線",'0628 4度C'!$B:$B,"平均") -> 0 | E18: =SUMIFS('0628 4度C'!$Y:$Y,'0628 4度C'!$A:$A,"新豐2線",'0628 4度C'!$B:$B,"平均") -> 0 | F18: =SUMIFS('0628 4度C'!$Y:$Y,'0628 4度C'!$A:$A,"新豐5線",'0628 4度C'!$B:$B,"平均") -> 0 | G18: =SUMIFS('0628 4度C'!$Y:$Y,'0628 4度C'!$A:$A,"新豐7線",'0628 4度C'!$B:$B,"平均") -> 0 | H18: =SUMIFS('0628 4度C'!$Y:$Y,'0628 4度C'!$A:$A,"新豐3線",'0628 4度C'!$B:$B,"平均") -> 0 | I18: =SUMIFS('0628 4度C'!$Y:$Y,'0628 4度C'!$A:$A,"新豐1線",'0628 4度C'!$B:$B,"平均") -> 0 | J18: =SUMIFS('0628 4度C'!$Y:$Y,'0628 4度C'!$A:$A,"新豐10線",'0628 4度C'!$B:$B,"平均") -> 0 | K18: =SUMIFS('0628 4度C'!$Y:$Y,'0628 4度C'!$A:$A,"新豐8線",'0628 4度C'!$B:$B,"平均") -> 0 | L18: =SUMIFS('0628 4度C'!$Y:$Y,'0628 4度C'!$A:$A,"新豐9線",'0628 4度C'!$B:$B,"平均") -> 0 | M18: =SUMIFS('0628 4度C'!$Y:$Y,'0628 4度C'!$A:$A,"新豐4線",'0628 4度C'!$B:$B,"平均") -> 0
C19: 時間/分 | D19: =SUMIFS('0628 4度C'!$Z:$Z,'0628 4度C'!$A:$A,"新豐6線",'0628 4度C'!$B:$B,"平均") -> 0 | E19: =SUMIFS('0628 4度C'!$Z:$Z,'0628 4度C'!$A:$A,"新豐2線",'0628 4度C'!$B:$B,"平均") -> 0 | F19: =SUMIFS('0628 4度C'!$Z:$Z,'0628 4度C'!$A:$A,"新豐5線",'0628 4度C'!$B:$B,"平均") -> 0 | G19: =SUMIFS('0628 4度C'!$Z:$Z,'0628 4度C'!$A:$A,"新豐7線",'0628 4度C'!$B:$B,"平均") -> 0 | H19: =SUMIFS('0628 4度C'!$Z:$Z,'0628 4度C'!$A:$A,"新豐3線",'0628 4度C'!$B:$B,"平均") -> 0 | I19: =SUMIFS('0628 4度C'!$Z:$Z,'0628 4度C'!$A:$A,"新豐1線",'0628 4度C'!$B:$B,"平均") -> 0 | J19: =SUMIFS('0628 4度C'!$Z:$Z,'0628 4度C'!$A:$A,"新豐10線",'0628 4度C'!$B:$B,"平均") -> 0 | K19: =SUMIFS('0628 4度C'!$Z:$Z,'0628 4度C'!$A:$A,"新豐8線",'0628 4度C'!$B:$B,"平均") -> 0 | L19: =SUMIFS('0628 4度C'!$Z:$Z,'0628 4度C'!$A:$A,"新豐9線",'0628 4度C'!$B:$B,"平均") -> 0 | M19: =SUMIFS('0628 4度C'!$Z:$Z,'0628 4度C'!$A:$A,"新豐4線",'0628 4度C'!$B:$B,"平均") -> 0
B20: 短暫停線 (5分鐘以下) | C20: 次數 | D20: =SUMIFS('0628 4度C'!$AC:$AC,'0628 4度C'!$A:$A,"新豐6線",'0628 4度C'!$B:$B,"平均") -> 4 | E20: =SUMIFS('0628 4度C'!$AC:$AC,'0628 4度C'!$A:$A,"新豐2線",'0628 4度C'!$B:$B,"平均") -> 6 | F20: =SUMIFS('0628 4度C'!$AC:$AC,'0628 4度C'!$A:$A,"新豐5線",'0628 4度C'!$B:$B,"平均") -> 7 | G20: =SUMIFS('0628 4度C'!$AC:$AC,'0628 4度C'!$A:$A,"新豐7線",'0628 4度C'!$B:$B,"平均") -> 6 | H20: =SUMIFS('0628 4度C'!$AC:$AC,'0628 4度C'!$A:$A,"新豐3線",'0628 4度C'!$B:$B,"平均") -> 3 | I20: =SUMIFS('0628 4度C'!$AC:$AC,'0628 4度C'!$A:$A,"新豐1線",'0628 4度C'!$B:$B,"平均") -> 7 | J20: =SUMIFS('0628 4度C'!$AC:$AC,'0628 4度C'!$A:$A,"新豐10線",'0628 4度C'!$B:$B,"平均") -> 4 | K20: =SUMIFS('0628 4度C'!$AC:$AC,'0628 4度C'!$A:$A,"新豐8線",'0628 4度C'!$B:$B,"平均") -> 8 | L20: =SUMIFS('0628 4度C'!$AC:$AC,'0628 4度C'!$A:$A,"新豐9線",'0628 4度C'!$B:$B,"平均") -> 8 | M20: =SUMIFS('0628 4度C'!$AC:$AC,'0628 4度C'!$A:$A,"新豐4線",'0628 4度C'!$B:$B,"平均") -> 8
C21: 設備次數 | D21: =SUMIFS('0628 4度C'!$AD:$AD,'0628 4度C'!$A:$A,"新豐6線",'0628 4度C'!$B:$B,"平均") -> 0 | E21: =SUMIFS('0628 4度C'!$AD:$AD,'0628 4度C'!$A:$A,"新豐2線",'0628 4度C'!$B:$B,"平均") -> 0 | F21: =SUMIFS('0628 4度C'!$AD:$AD,'0628 4度C'!$A:$A,"新豐5線",'0628 4度C'!$B:$B,"平均") -> 0 | G21: =SUMIFS('0628 4度C'!$AD:$AD,'0628 4度C'!$A:$A,"新豐7線",'0628 4度C'!$B:$B,"平均") -> 0 | H21: =SUMIFS('0628 4度C'!$AD:$AD,'0628 4度C'!$A:$A,"新豐3線",'0628 4度C'!$B:$B,"平均") -> 0 | I21: =SUMIFS('0628 4度C'!$AD:$AD,'0628 4度C'!$A:$A,"新豐1線",'0628 4度C'!$B:$B,"平均") -> 0 | J21: =SUMIFS('0628 4度C'!$AD:$AD,'0628 4度C'!$A:$A,"新豐10線",'0628 4度C'!$B:$B,"平均") -> 0 | K21: =SUMIFS('0628 4度C'!$AD:$AD,'0628 4度C'!$A:$A,"新豐8線",'0628 4度C'!$B:$B,"平均") -> 0 | L21: =SUMIFS('0628 4度C'!$AD:$AD,'0628 4度C'!$A:$A,"新豐9線",'0628 4度C'!$B:$B,"平均") -> 0 | M21: =SUMIFS('0628 4度C'!$AD:$AD,'0628 4度C'!$A:$A,"新豐4線",'0628 4度C'!$B:$B,"平均") -> 0
B22: 配置人數 | D22: =SUMIFS('0628 4度C'!$I:$I,'0628 4度C'!$A:$A,"新豐6線",'0628 4度C'!$B:$B,"平均") -> 15.5 | E22: =SUMIFS('0628 4度C'!$I:$I,'0628 4度C'!$A:$A,"新豐2線",'0628 4度C'!$B:$B,"平均") -> 17 | F22: =SUMIFS('0628 4度C'!$I:$I,'0628 4度C'!$A:$A,"新豐5線",'0628 4度C'!$B:$B,"平均") -> 18.714286 | G22: =SUMIFS('0628 4度C'!$I:$I,'0628 4度C'!$A:$A,"新豐7線",'0628 4度C'!$B:$B,"平均") -> 16.666667 | H22: =SUMIFS('0628 4度C'!$I:$I,'0628 4度C'!$A:$A,"新豐3線",'0628 4度C'!$B:$B,"平均") -> 10 | I22: =SUMIFS('0628 4度C'!$I:$I,'0628 4度C'!$A:$A,"新豐1線",'0628 4度C'!$B:$B,"平均") -> 16.714286 | J22: =SUMIFS('0628 4度C'!$I:$I,'0628 4度C'!$A:$A,"新豐10線",'0628 4度C'!$B:$B,"平均") -> 9.25 | K22: =SUMIFS('0628 4度C'!$I:$I,'0628 4度C'!$A:$A,"新豐8線",'0628 4度C'!$B:$B,"平均") -> 17.5 | L22: =SUMIFS('0628 4度C'!$I:$I,'0628 4度C'!$A:$A,"新豐9線",'0628 4度C'!$B:$B,"平均") -> 18.25 | M22: =SUMIFS('0628 4度C'!$I:$I,'0628 4度C'!$A:$A,"新豐4線",'0628 4度C'!$B:$B,"平均") -> 15.375
B23: 主要應用設備 | D23: ET-55 | E23: 熱縮爐 | F23: L型包裝機 | G23: L型包裝機 | H23: 伺服包裝機 | I23: ET-55 | J23: 伺服包裝機 | K23: 三明治包裝機 | L23: 三明治包裝機 | M23: 三明治包裝機
B24: 次要應用設備 | F24: 圓盤機 | G24: ET-55
B25: 備註 | E25: 握沙拉 | F25: 共用L型包裝機 | H25: 調理麵包 | I25: 炒飯+沙拉 | J25: 調理麵包

Sheet 0628 4度C
A1: 新豐廠四度C日報分析 | C1: 總生產量 | D1: =SUM(F5:F75) -> 206309 | E1: 營業額 | F1: =SUM(G5:G75) -> 7066147.2 | G1: 出勤人數 | H1: =L9+L16+L53+L61+L24+L66+L40+L49+L31+L75 -> 154.97024 | I1: 產線配置圖 | L1: 生產實績 | O1: 人時性差異分析 | S1: 日報登錄 | Y1: 合計 次數 | Z1: 合計 時間/分 | AA1: 產線異常 分析說明(5分鐘以上) | AC1: 合計 次數 | AD1: 合計 設備次數 | AE1: 產能差異分析
A2: 46201 | B2: 星期日 | C2: 人時性 | D2: =AVERAGE(N9,N16,N53,N61,N24,N66,N31,N40,N49,N75) -> 151.54345 | E2: 平均廠價 | F2: =F1/D1 -> 34.25031 | G2: 多次生產數 | H2: =COUNT(H5:H75) -> 13 | Y2: =SUM(Y9+Y16+Y24+Y31+Y40+Y49+Y53+Y61+Y66+Y75) -> 0 | Z2: =SUM(Z9+Z16+Z24+Z31+Z40+Z49+Z53+Z61+Z66+Z75) -> 0 | AC2: =SUM(AC9+AC16+AC24+AC31+AC40+AC49+AC53+AC61+AC66+AC75) -> 61 | AD2: =SUM(AD9+AD16+AD24+AD31+AD40+AD49+AD53+AD61+AD66+AD75) -> 0
A3: 線別 | B3: 品類 | C3: 品名 | E3: 廠價 | F3: 生產量 | G3: 營收 | H3: 多次 生產 | I3: 人數 | J3: 產能/時 | K3: 人時性 | L3: 人數 | M3: 產能/時 | N3: 人時性 | O3: 人數 | P3: 人時性 | Q3: 達成率 | R3: 達成率平均 | S3: 生產時間 | U3: 換線、休息/分 | V3: 稼動時間/分 | W3: 休息時間 | Y3: 產線異常統計 (5分鐘以上) | AA3: (新豐回填) | AC3: 短暫停線統計 (5分鐘以下) | AE3: 產能/時 | AF3: 達成率 | AG3: 達成率平均
S4: 開始 | T4: 結束 | W4: 開始 | X4: 結束 | Y4: 次數 | Z4: 時間/分 | AC4: 總次數 | AD4: 設備因素(次數)
A5: 新豐6線 | B5: 微波主食 | C5: 二配泰式綠咖哩雞 | E5: 50.67 | F5: 1613 | G5: =E5*F5 -> 81730.71 | I5: 15 | J5: 2000 | K5: =J5/I5 -> 133.33333 | L5: 15 | M5: =F5/V5*60 -> 1935.6 | N5: =M5/L5 -> 129.04 | O5: =L5-I5 -> 0 | P5: =N5-K5 -> -4.2933333 | Q5: =N5/K5 -> 0.9678 | R5: =Q9 -> 0.96345334 | S5: 0.70833333 | T5: 0.74305556 | V5: =(T5-S5)*24*60 -> 50 | AC5: 4 | AE5: =M5-J5 -> -64.4 | AF5: =M5/J5 -> 0.9678 | AG5: =AF9 -> 0.96345334
A6: 新豐6線 | B6: 微波主食 | C6: 二配金咖哩果香甘口咖哩飯 | E6: 50.92 | F6: 2640 | G6: =E6*F6 -> 134428.8 | I6: 15 | J6: 2000 | K6: =J6/I6 -> 133.33333 | L6: 15 | M6: =F6/V6*60 -> 1908.4337 | N6: =M6/L6 -> 127.22892 | O6: =L6-I6 -> 0 | P6: =N6-K6 -> -6.1044177 | Q6: =N6/K6 -> 0.95421687 | S6: 0.74652778 | T6: 0.80416667 | U6: =IF(S6=TIME(17,0,0),"",(S6-T5)*24*60) -> 5 | V6: =(T6-S6)*24*60 -> 83 | AE6: =M6-J6 -> -91.566265 | AF6: =M6/J6 -> 0.95421687
A7: 新豐6線 | B7: 微波主食 | C7: 二配金咖哩濃厚辛口咖哩飯 | E7: 50.98 | F7: 1200 | G7: =E7*F7 -> 61176 | H7: 2 | I7: 16 | J7: 2000 | K7: =J7/I7 -> 125 | L7: 16 | M7: =F7/V7*60 -> 1945.9459 | N7: =M7/L7 -> 121.62162 | O7: =L7-I7 -> 0 | P7: =N7-K7 -> -3.3783784 | Q7: =N7/K7 -> 0.97297297 | S7: 0.80972222 | T7: 0.83541667 | U7: =IF(S7=TIME(17,0,0),"",(S7-T6)*24*60) -> 8 | V7: =(T7-S7)*24*60 -> 37 | W7: =T7 -> 0.83541667 | X7: =S8 -> 0.87708333 | AE7: =M7-J7 -> -54.054054 | AF7: =M7/J7 -> 0.97297297
A8: 新豐6線 | B8: 微波主食 | C8: 二配金咖哩濃厚辛口咖哩飯 | E8: 50.98 | F8: 1630 | G8: =E8*F8 -> 83097.4 | I8: 16 | J8: 2000 | K8: =J8/I8 -> 125 | L8: 16 | M8: =F8/V8*60 -> 1917.6471 | N8: =M8/L8 -> 119.85294 | O8: =L8-I8 -> 0 | P8: =N8-K8 -> -5.1470588 | Q8: =N8/K8 -> 0.95882353 | S8: 0.87708333 | T8: 0.9125 | U8: =IF(S8=TIME(17,0,0),"",(S8-T7)*24*60) -> 60 | V8: =(T8-S8)*24*60 -> 51 | AE8: =M8-J8 -> -82.352941 | AF8: =M8/J8 -> 0.95882353
A9: 新豐6線 | B9: 平均 | I9: 15.5 | J9: 2000 | K9: =J9/I9 -> 129.03226 | L9: 15.5 | M9: =AVERAGE(M5:M8) -> 1926.9067 | N9: =M9/L9 -> 124.31656 | O9: =L9-I9 -> 0 | P9: =N9-K9 -> -4.7156977 | Q9: =N9/K9 -> 0.96345334 | Y9: =SUM(Y5:Y8) -> 0 | Z9: =SUM(Z5:Z8) -> 0 | AC9: 4 | AD9: =SUM(AD5:AD8) -> 0 | AE9: =M9-J9 -> -73.093315 | AF9: =M9/J9 -> 0.96345334
A10: 新豐2線 | B10: 沙拉 | C10: 青醬優格雞肉握沙拉(113年) | E10: 39.62 | F10: 3300 | G10: =E10*F10 -> 130746 | H10: 2 | I10: 19 | J10: 1500 | K10: =J10/I10 -> 78.947368 | L10: 19 | M10: =F10/V10*60 -> 1434.7826 | N10: =M10/L10 -> 75.514874 | O10: =L10-I10 -> 0 | P10: =N10-K10 -> -3.4324943 | Q10: =N10/K10 -> 0.95652174 | R10: =Q16 -> 0.95538533 | S10: 0.16666667 | T10: 0.2625 | V10: =(T10-S10)*24*60 -> 138 | W10: =T10 -> 0.2625 | X10: =S11 -> 0.28125 | AC10: 6 | AE10: =M10-J10 -> -65.217391 | AF10: =M10/J10 -> 0.95652174 | AG10: =AF16 -> 0.95538533
A11: 新豐2線 | B11: 沙拉 | C11: 厚蛋時蔬握沙拉 | E11: 39.46 | F11: 3000 | G11: =E11*F11 -> 118380 | H11: 2 | I11: 15 | J11: 1500 | K11: =J11/I11 -> 100 | L11: 15 | M11: =F11/V11*60 -> 1428.5714 | N11: =M11/L11 -> 95.238095 | O11: =L11-I11 -> 0 | P11: =N11-K11 -> -4.7619048 | Q11: =N11/K11 -> 0.95238095 | S11: 0.28125 | T11: 0.36875 | U11: =IF(S11=TIME(17,0,0),"",(S11-T10)*24*60) -> 27 | V11: =(T11-S11)*24*60 -> 126 | AE11: =M11-J11 -> -71.428571 | AF11: =M11/J11 -> 0.95238095
A12: 新豐2線 | B12: 沙拉 | C12: 青檸烤雞握沙拉(113年) | E12: 39.8 | F12: 4800 | G12: =E12*F12 -> 191040 | H12: 2 | I12: 17 | J12: 1500 | K12: =J12/I12 -> 88.235294 | L12: 17 | M12: =F12/V12*60 -> 1432.8358 | N12: =M12/L12 -> 84.28446 | O12: =L12-I12 -> 0 | P12: =N12-K12 -> -3.9508341 | Q12: =N12/K12 -> 0.95522388 | S12: 0.37291667 | T12: 0.5125 | U12: =IF(S12=TIME(17,0,0),"",(S12-T11)*24*60) -> 6 | V12: =(T12-S12)*24*60 -> 201 | W12: =T12 -> 0.5125 | X12: =S13 -> 0.55277778 | AE12: =M12-J12 -> -67.164179 | AF12: =M12/J12 -> 0.95522388
A13: 新豐2線 | B13: 沙拉 | C13: 青檸烤雞握沙拉(113年) | E13: 39.8 | F13: 3980 | G13: =E13*F13 -> 158404 | I13: 17 | J13: 1500 | K13: =J13/I13 -> 88.235294 | L13: 17 | M13: =F13/V13*60 -> 1429.9401 | N13: =M13/L13 -> 84.114125 | O13: =L13-I13 -> 0 | P13: =N13-K13 -> -4.1211694 | Q13: =N13/K13 -> 0.95329341 | S13: 0.55277778 | T13: 0.66875 | U13: =IF(S13=TIME(17,0,0),"",(S13-T12)*24*60) -> 58 | V13: =(T13-S13)*24*60 -> 167 | AE13: =M13-J13 -> -70.05988 | AF13: =M13/J13 -> 0.95329341
A14: 新豐2線 | B14: 沙拉 | C14: 青醬優格雞肉握沙拉(113年) | E14: 39.62 | F14: 2700 | G14: =E14*F14 -> 106974 | I14: 19 | J14: 1500 | K14: =J14/I14 -> 78.947368 | L14: 19 | M14: =F14/V14*60 -> 1433.6283 | N14: =M14/L14 -> 75.454122 | O14: =L14-I14 -> 0 | P14: =N14-K14 -> -3.4932464 | Q14: =N14/K14 -> 0.95575221 | S14: 0.67430556 | T14: 0.75277778 | U14: =IF(S14=TIME(17,0,0),"",(S14-T13)*24*60) -> 8 | V14: =(T14-S14)*24*60 -> 113 | AE14: =M14-J14 -> -66.371681 | AF14: =M14/J14 -> 0.95575221
A15: 新豐2線 | B15: 沙拉 | C15: 厚蛋時蔬握沙拉 | E15: 39.46 | F15: 2230 | G15: =E15*F15 -> 87995.8 | I15: 15 | J15: 1500 | K15: =J15/I15 -> 100 | L15: 15 | M15: =F15/V15*60 -> 1438.7097 | N15: =M15/L15 -> 95.913978 | O15: =L15-I15 -> 0 | P15: =N15-K15 -> -4.0860215 | Q15: =N15/K15 -> 0.95913978 | S15: 0.75625 | T15: 0.82083333 | U15: =IF(S15=TIME(17,0,0),"",(S15-T14)*24*60) -> 5 | V15: =(T15-S15)*24*60 -> 93 | AE15: =M15-J15 -> -61.290323 | AF15: =M15/J15 -> 0.95913978
A16: 新豐2線 | B16: 平均 | I16: 17 | J16: 1500 | K16: =J16/I16 -> 88.235294 | L16: 17 | M16: =AVERAGE(M10:M15) -> 1433.078 | N16: =M16/L16 -> 84.298706 | O16: =L16-I16 -> 0 | P16: =N16-K16 -> -3.9365885 | Q16: =N16/K16 -> 0.95538533 | Y16: =SUM(Y10:Y15) -> 0 | Z16: =SUM(Z10:Z15) -> 0 | AC16: 6 | AD16: =SUM(AD10:AD15) -> 0 | AE16: =M16-J16 -> -66.922004 | AF16: =M16/J16 -> 0.95538533
A17: 新豐5線 | B17: 小吃 | C17: 香菇雞燉湯 | E17: 38.62 | F17: 2707 | G17: =E17*F17 -> 104544.34 | I17: 24 | J17: 1500 | K17: =J17/I17 -> 62.5 | L17: 24 | M17: =F17/V17*60 -> 1437.3451 | N17: =M17/L17 -> 59.889381 | O17: =L17-I17 -> 0 | P17: =N17-K17 -> -2.6106195 | Q17: =N17/K17 -> 0.95823009 | R17: =Q24 -> 0.96185491 | S17: 0.083333333 | T17: 0.16180556 | V17: =(T17-S17)*24*60 -> 113 | W17: =T17 -> 0.16180556 | X17: =S18 -> 0.18055556 | AC17: 7 | AE17: =M17-J17 -> -62.654867 | AF17: =M17/J17 -> 0.95823009 | AG17: =AF24 -> 0.96185491
A18: 新豐5線 | B18: 小吃 | C18: 剝皮辣椒雞湯 | E18: 41 | F18: 2283 | G18: =E18*F18 -> 93603 | I18: 26 | J18: 1500 | K18: =J18/I18 -> 57.692308 | L18: 26 | M18: =F18/V18*60 -> 1441.8947 | N18: =M18/L18 -> 55.45749 | O18: =L18-I18 -> 0 | P18: =N18-K18 -> -2.2348178 | Q18: =N18/K18 -> 0.96126316 | S18: 0.18055556 | T18: 0.24652778 | U18: =IF(S18=TIME(17,0,0),"",(S18-T17)*24*60) -> 27 | V18: =(T18-S18)*24*60 -> 95 | AE18: =M18-J18 -> -58.105263 | AF18: =M18/J18 -> 0.96126316
A19: 新豐5線 | B19: 微波主食 | C19: 香菇雞粥 | E19: 37.03 | F19: 3816 | G19: =E19*F19 -> 141306.48 | I19: 13 | J19: 1500 | K19: =J19/I19 -> 115.38462 | L19: 13 | M19: =F19/V19*60 -> 1431 | N19: =M19/L19 -> 110.07692 | O19: =L19-I19 -> 0 | P19: =N19-K19 -> -5.3076923 | Q19: =N19/K19 -> 0.954 | S19: 0.25208333 | T19: 0.36319444 | U19: =IF(S19=TIME(17,0,0),"",(S19-T18)*24*60) -> 8 | V19: =(T19-S19)*24*60 -> 160 | AE19: =M19-J19 -> -69 | AF19: =M19/J19 -> 0.954
A20: 新豐5線 | B20: 沙拉 | C20: 地瓜瓜握沙拉 | E20: 39.52 | F20: 3904 | G20: =E20*F20 -> 154286.08 | I20: 19 | J20: 1500 | K20: =J20/I20 -> 78.947368 | L20: 19 | M20: =F20/V20*60 -> 1437.0552 | N20: =M20/L20 -> 75.634485 | O20: =L20-I20 -> 0 | P20: =N20-K20 -> -3.3128834 | Q20: =N20/K20 -> 0.95803681 | S20: 0.36736111 | T20: 0.48055556 | U20: =IF(S20=TIME(17,0,0),"",(S20-T19)*24*60) -> 6 | V20: =(T20-S20)*24*60 -> 163 | AE20: =M20-J20 -> -62.944785 | AF20: =M20/J20 -> 0.95803681
A21: 新豐5線 | B21: 微波主食 | C21: 二配起司控培根白醬焗烤飯 | E21: 53.68 | F21: 1212 | G21: =E21*F21 -> 65060.16 | I21: 16 | J21: 1500 | K21: =J21/I21 -> 93.75 | L21: 16 | M21: =F21/V21*60 -> 1454.4 | N21: =M21/L21 -> 90.9 | O21: =L21-I21 -> 0 | P21: =N21-K21 -> -2.85 | Q21: =N21/K21 -> 0.9696 | S21: 0.70833333 | T21: 0.74305556 | U21: =IF(S21=TIME(17,0,0),"",(S21-T20)*24*60) | V21: =(T21-S21)*24*60 -> 50 | AE21: =M21-J21 -> -45.6 | AF21: =M21/J21 -> 0.9696
A22: 新豐5線 | B22: 微波主食 | C22: 二配蔥爆牛肉燴飯 | E22: 52.86 | F22: 1424 | G22: =E22*F22 -> 75272.64 | I22: 16 | J22: 2000 | K22: =J22/I22 -> 125 | L22: 16 | M22: =F22/V22*60 -> 1941.8182 | N22: =M22/L22 -> 121.36364 | O22: =L22-I22 -> 0 | P22: =N22-K22 -> -3.6363636 | Q22: =N22/K22 -> 0.97090909 | S22: 0.74791667 | T22: 0.77847222 | U22: =IF(S22=TIME(17,0,0),"",(S22-T21)*24*60) -> 7 | V22: =(T22-S22)*24*60 -> 44 | AE22: =M22-J22 -> -58.181818 | AF22: =M22/J22 -> 0.97090909
A23: 新豐5線 | B23: 微波主食 | C23: 二配港式香滑嫩蛋牛肉燴飯 | E23: 50.67 | F23: 1758 | G23: =E23*F23 -> 89077.86 | I23: 17 | J23: 2000 | K23: =J23/I23 -> 117.64706 | L23: 17 | M23: =F23/V23*60 -> 1917.8182 | N23: =M23/L23 -> 112.81283 | O23: =L23-I23 -> 0 | P23: =N23-K23 -> -4.8342246 | Q23: =N23/K23 -> 0.95890909 | S23: 0.78333333 | T23: 0.82152778 | U23: =IF(S23=TIME(17,0,0),"",(S23-T22)*24*60) -> 7 | V23: =(T23-S23)*24*60 -> 55 | AE23: =M23-J23 -> -82.181818 | AF23: =M23/J23 -> 0.95890909
A24: 新豐5線 | B24: 平均 | I24: 18.714286 | J24: 1642.8571 | K24: =J24/I24 -> 87.78626 | L24: 18.714286 | M24: =AVERAGE(M17:M23) -> 1580.1902 | N24: =M24/L24 -> 84.437645 | O24: =L24-I24 -> 0 | P24: =N24-K24 -> -3.3486149 | Q24: =N24/K24 -> 0.96185491 | Y24: =SUM(Y17:Y23) -> 0 | Z24: =SUM(Z17:Z23) -> 0 | AC24: 7 | AD24: =SUM(AD17:AD23) -> 0 | AE24: =M24-J24 -> -62.666936 | AF24: =M24/J24 -> 0.96185491
A25: 新豐7線 | B25: 微波主食 | C25: 韓式泡菜豬肉豆腐丼飯 | E25: 50.67 | F25: 2483 | G25: =E25*F25 -> 125813.61 | I25: 17 | J25: 2000 | K25: =J25/I25 -> 117.64706 | L25: 17 | M25: =F25/V25*60 -> 1910 | N25: =M25/L25 -> 112.35294 | O25: =L25-I25 -> 0 | P25: =N25-K25 -> -5.2941176 | Q25: =N25/K25 -> 0.955 | R25: =Q31 -> 0.95396403 | S25: 0.20833333 | T25: 0.2625 | V25: =(T25-S25)*24*60 -> 78 | AC25: 6 | AE25: =M25-J25 -> -90 | AF25: =M25/J25 -> 0.955 | AG25: =AF31 -> 0.95396403
A26: 新豐7線 | B26: 微波主食 | C26: 鐵板滑蛋炸豬排丼 | E26: 57.73 | F26: 2989 | G26: =E26*F26 -> 172554.97 | I26: 14 | J26: 2000 | K26: =J26/I26 -> 142.85714 | L26: 14 | M26: =F26/V26*60 -> 1907.8723 | N26: =M26/L26 -> 136.2766 | O26: =L26-I26 -> 0 | P26: =N26-K26 -> -6.5805471 | Q26: =N26/K26 -> 0.95393617 | S26: 0.26805556 | T26: 0.33333333 | U26: =IF(S26=TIME(17,0,0),"",(S26-T25)*24*60) -> 8 | V26: =(T26-S26)*24*60 -> 94 | AE26: =M26-J26 -> -92.12766 | AF26: =M26/J26 -> 0.95393617
A27: 新豐7線 | B27: 微波主食 | C27: 日式炙烤親子丼 | E27: 53.27 | F27: 2039 | G27: =E27*F27 -> 108617.53 | I27: 16 | J27: 2000 | K27: =J27/I27 -> 125 | L27: 16 | M27: =F27/V27*60 -> 1911.5625 | N27: =M27/L27 -> 119.47266 | O27: =L27-I27 -> 0 | P27: =N27-K27 -> -5.5273438 | Q27: =N27/K27 -> 0.95578125 | S27: 0.33680556 | T27: 0.38125 | U27: =IF(S27=TIME(17,0,0),"",(S27-T26)*24*60) -> 5 | V27: =(T27-S27)*24*60 -> 64 | AE27: =M27-J27 -> -88.4375 | AF27: =M27/J27 -> 0.95578125
A28: 新豐7線 | B28: 微波主食 | C28: 炙烤醬香燒豚飯 | E28: 51.44 | F28: 2570 | G28: =E28*F28 -> 132200.8 | I28: 25 | J28: 2000 | K28: =J28/I28 -> 80 | L28: 25 | M28: =F28/V28*60 -> 1903.7037 | N28: =M28/L28 -> 76.148148 | O28: =L28-I28 -> 0 | P28: =N28-K28 -> -3.8518519 | Q28: =N28/K28 -> 0.95185185 | S28: 0.38472222 | T28: 0.44097222 | U28: =IF(S28=TIME(17,0,0),"",(S28-T27)*24*60) -> 5 | V28: =(T28-S28)*24*60 -> 81 | AE28: =M28-J28 -> -96.296296 | AF28: =M28/J28 -> 0.95185185
A29: 新豐7線 | B29: 微波主食 | C29: 二配川味麻婆燒豆腐燴飯 | E29: 50.49 | F29: 2291 | G29: =E29*F29 -> 115672.59 | I29: 15 | J29: 2000 | K29: =J29/I29 -> 133.33333 | L29: 15 | M29: =F29/V29*60 -> 1909.1667 | N29: =M29/L29 -> 127.27778 | O29: =L29-I29 -> 0 | P29: =N29-K29 -> -6.0555556 | Q29: =N29/K29 -> 0.95458333 | S29: 0.70833333 | T29: 0.75833333 | U29: =IF(S29=TIME(17,0,0),"",(S29-T28)*24*60) | V29: =(T29-S29)*24*60 -> 72 | AE29: =M29-J29 -> -90.833333 | AF29: =M29/J29 -> 0.95458333
A30: 新豐7線 | B30: 微波主食 | C30: 二配打拋風味豬肉飯 | E30: 51.06 | F30: 3620 | G30: =E30*F30 -> 184837.2 | I30: 13 | J30: 2000 | K30: =J30/I30 -> 153.84615 | L30: 13 | M30: =F30/V30*60 -> 1905.2632 | N30: =M30/L30 -> 146.5587 | O30: =L30-I30 -> 0 | P30: =N30-K30 -> -7.2874494 | Q30: =N30/K30 -> 0.95263158 | S30: 0.76319444 | T30: 0.84236111 | U30: =IF(S30=TIME(17,0,0),"",(S30-T29)*24*60) -> 7 | V30: =(T30-S30)*24*60 -> 114 | AE30: =M30-J30 -> -94.736842 | AF30: =M30/J30 -> 0.95263158
A31: 新豐7線 | B31: 平均 | I31: 16.666667 | J31: 2000 | K31: =J31/I31 -> 120 | L31: 16.666667 | M31: =AVERAGE(M25:M30) -> 1907.9281 | N31: =M31/L31 -> 114.47568 | O31: =L31-I31 -> 0 | P31: =N31-K31 -> -5.5243163 | Q31: =N31/K31 -> 0.95396403 | Y31: =SUM(Y25:Y30) -> 0 | Z31: =SUM(Z25:Z30) -> 0 | AC31: 6 | AD31: =SUM(AD25:AD30) -> 0 | AE31: =M31-J31 -> -92.071939 | AF31: =M31/J31 -> 0.95396403
A32: 新豐8線 | B32: 三明治 | C32: 紐奧良風味烤雞鮮蔬三明治 | E32: 31.29 | F32: 6000 | G32: =E32*F32 -> 187740 | H32: 2 | I32: 18 | J32: 2400 | K32: =J32/I32 -> 133.33333 | L32: 18 | M32: =F32/V32*60 -> 2292.9936 | N32: =M32/L32 -> 127.38854 | O32: =L32-I32 -> 0 | P32: =N32-K32 -> -5.9447983 | Q32: =N32/K32 -> 0.95541401 | R32: =Q40 -> 0.95590253 | S32: 0.083333333 | T32: 0.19236111 | V32: =(T32-S32)*24*60 -> 157 | W32: =T32 -> 0.19236111 | X32: =S33 -> 0.21111111 | AC32: 8 | AE32: =M32-J32 -> -107.00637 | AF32: =M32/J32 -> 0.95541401 | AG32: =AF40 -> 0.95590253
A33: 新豐8線 | B33: 三明治 | C33: 醬燒烤雞三明治(115年) | E33: 26.37 | F33: 4100 | G33: =E33*F33 -> 108117 | H33: 2 | I33: 18 | J33: 2400 | K33: =J33/I33 -> 133.33333 | L33: 18 | M33: =F33/V33*60 -> 2299.0654 | N33: =M33/L33 -> 127.72586 | O33: =L33-I33 -> 0 | P33: =N33-K33 -> -5.6074766 | Q33: =N33/K33 -> 0.95794393 | S33: 0.21111111 | T33: 0.28541667 | U33: =(S33-T32)*24*60 -> 27 | V33: =(T33-S33)*24*60 -> 107 | AE33: =M33-J33 -> -100.93458 | AF33: =M33/J33 -> 0.95794393
A34: 新豐8線 | B34: 三明治 | C34: 鮪魚起司溏心蛋三明治(115年) | E34: 26.18 | F34: 4800 | G34: =E34*F34 -> 125664 | H34: 2 | I34: 18 | J34: 2400 | K34: =J34/I34 -> 133.33333 | L34: 18 | M34: =F34/V34*60 -> 2285.7143 | N34: =M34/L34 -> 126.98413 | O34: =L34-I34 -> 0 | P34: =N34-K34 -> -6.3492063 | Q34: =N34/K34 -> 0.95238095 | S34: 0.28888889 | T34: 0.37638889 | U34: =(S34-T33)*24*60 -> 5 | V34: =(T34-S34)*24*60 -> 126 | AE34: =M34-J34 -> -114.28571 | AF34: =M34/J34 -> 0.95238095
A35: 新豐8線 | B35: 三明治 | C35: 茄汁厚起司三明治 | E35: 25.99 | F35: 2038 | G35: =E35*F35 -> 52967.62 | I35: 18 | J35: 2400 | K35: =J35/I35 -> 133.33333 | L35: 18 | M35: =F35/V35*60 -> 2307.1698 | N35: =M35/L35 -> 128.1761 | O35: =L35-I35 -> 0 | P35: =N35-K35 -> -5.1572327 | Q35: =N35/K35 -> 0.96132075 | S35: 0.38125 | T35: 0.41805556 | U35: =(S35-T34)*24*60 -> 7 | V35: =(T35-S35)*24*60 -> 53 | AE35: =M35-J35 -> -92.830189 | AF35: =M35/J35 -> 0.96132075
A36: 新豐8線 | B36: 三明治 | C36: 雞蛋沙拉三明治(114年) | E36: 25.99 | F36: 4613 | G36: =E36*F36 -> 119891.87 | I36: 14 | J36: 2400 | K36: =J36/I36 -> 171.42857 | L36: 14 | M36: =F36/V36*60 -> 2287.438 | N36: =M36/L36 -> 163.38843 | O36: =L36-I36 -> 0 | P36: =N36-K36 -> -8.0401417 | Q36: =N36/K36 -> 0.95309917 | S36: 0.42222222 | T36: 0.50625 | U36: =(S36-T35)*24*60 -> 6 | V36: =(T36-S36)*24*60 -> 121 | W36: =T36 -> 0.50625 | X36: =S37 -> 0.54791667 | AE36: =M36-J36 -> -112.56198 | AF36: =M36/J36 -> 0.95309917
A37: 新豐8線 | B37: 三明治 | C37: 鮪魚起司溏心蛋三明治(115年) | E37: 26.18 | F37: 4061 | G37: =E37*F37 -> 106316.98 | I37: 18 | J37: 2400 | K37: =J37/I37 -> 133.33333 | L37: 18 | M37: =F37/V37*60 -> 2298.6792 | N37: =M37/L37 -> 127.7044 | O37: =L37-I37 -> 0 | P37: =N37-K37 -> -5.6289308 | Q37: =N37/K37 -> 0.95778302 | S37: 0.54791667 | T37: 0.62152778 | U37: =(S37-T36)*24*60 -> 60 | V37: =(T37-S37)*24*60 -> 106 | AE37: =M37-J37 -> -101.32075 | AF37: =M37/J37 -> 0.95778302
A38: 新豐8線 | B38: 三明治 | C38: 醬燒烤雞三明治(115年) | E38: 26.37 | F38: 2934 | G38: =E38*F38 -> 77369.58 | I38: 18 | J38: 2400 | K38: =J38/I38 -> 133.33333 | L38: 18 | M38: =F38/V38*60 -> 2286.2338 | N38: =M38/L38 -> 127.01299 | O38: =L38-I38 -> 0 | P38: =N38-K38 -> -6.3203463 | Q38: =N38/K38 -> 0.9525974 | S38: 0.62569444 | T38: 0.67916667 | U38: =(S38-T37)*24*60 -> 6 | V38: =(T38-S38)*24*60 -> 77 | AE38: =M38-J38 -> -113.76623 | AF38: =M38/J38 -> 0.9525974
A39: 新豐8線 | B39: 三明治 | C39: 紐奧良風味烤雞鮮蔬三明治 | E39: 31.29 | F39: 4439 | G39: =E39*F39 -> 138896.31 | I39: 18 | J39: 2400 | K39: =J39/I39 -> 133.33333 | L39: 18 | M39: =F39/V39*60 -> 2296.0345 | N39: =M39/L39 -> 127.55747 | O39: =L39-I39 -> 0 | P39: =N39-K39 -> -5.7758621 | Q39: =N39/K39 -> 0.95668103 | S39: 0.68333333 | T39: 0.76388889 | U39: =(S39-T38)*24*60 -> 6 | V39: =(T39-S39)*24*60 -> 116 | AE39: =M39-J39 -> -103.96552 | AF39: =M39/J39 -> 0.95668103
A40: 新豐8線 | B40: 平均 | I40: 17.5 | J40: 2400 | K40: =J40/I40 -> 137.14286 | L40: 17.5 | M40: =AVERAGE(M32:M39) -> 2294.1661 | N40: =M40/L40 -> 131.0952 | O40: =L40-I40 -> 0 | P40: =N40-K40 -> -6.0476524 | Q40: =N40/K40 -> 0.95590253 | Y40: =SUM(Y32:Y39) -> 0 | Z40: =SUM(Z32:Z39) -> 0 | AC40: 8 | AD40: =SUM(AD32:AD39) -> 0 | AE40: =M40-J40 -> -105.83392 | AF40: =M40/J40 -> 0.95590253
A41: 新豐9線 | B41: 三明治 | C41: 經典總匯三明治(115年) | E41: 26.18 | F41: 3800 | G41: =E41*F41 -> 99484 | H41: 2 | I41: 20 | J41: 2400 | K41: =J41/I41 -> 120 | L41: 20 | M41: =F41/V41*60 -> 2280 | N41: =M41/L41 -> 114 | O41: =L41-I41 -> 0 | P41: =N41-K41 -> -6 | Q41: =N41/K41 -> 0.95 | R41: =Q49 -> 0.95621223 | S41: 0.083333333 | T41: 0.15277778 | V41: =(T41-S41)*24*60 -> 100 | W41: =T41 -> 0.15277778 | X41: =S42 -> 0.17083333 | AC41: 8 | AE41: =M41-J41 -> -120 | AF41: =M41/J41 -> 0.95 | AG41: =AF49 -> 0.95621223
A42: 新豐9線 | B42: 三明治 | C42: 經典火腿玉米蛋三明治 | E42: 24.43 | F42: 4200 | G42: =E42*F42 -> 102606 | H42: 2 | I42: 14 | J42: 2400 | K42: =J42/I42 -> 171.42857 | L42: 14 | M42: =F42/V42*60 -> 2290.9091 | N42: =M42/L42 -> 163.63636 | O42: =L42-I42 -> 0 | P42: =N42-K42 -> -7.7922078 | Q42: =N42/K42 -> 0.95454545 | S42: 0.17083333 | T42: 0.24722222 | U42: =(S42-T41)*24*60 -> 26 | V42: =(T42-S42)*24*60 -> 110 | AE42: =M42-J42 -> -109.09091 | AF42: =M42/J42 -> 0.95454545
A43: 新豐9線 | B43: 三明治 | C43: 五彩鮮蔬三明治 | E43: 25.98 | F43: 4100 | G43: =E43*F43 -> 106518 | H43: 2 | I43: 20 | J43: 2400 | K43: =J43/I43 -> 120 | L43: 20 | M43: =F43/V43*60 -> 2299.0654 | N43: =M43/L43 -> 114.95327 | O43: =L43-I43 -> 0 | P43: =N43-K43 -> -5.046729 | Q43: =N43/K43 -> 0.95794393 | S43: 0.25138889 | T43: 0.32569444 | U43: =(S43-T42)*24*60 -> 6 | V43: =(T43-S43)*24*60 -> 107 | AE43: =M43-J43 -> -100.93458 | AF43: =M43/J43 -> 0.95794393
A44: 新豐9線 | B44: 三明治 | C44: 好多蛋三明治 | E44: 34.1 | F44: 4000 | G44: =E44*F44 -> 136400 | H44: 2 | I44: 17 | J44: 1600 | K44: =J44/I44 -> 94.117647 | L44: 17 | M44: =F44/V44*60 -> 1528.6624 | N44: =M44/L44 -> 89.921319 | O44: =L44-I44 -> 0 | P44: =N44-K44 -> -4.1963282 | Q44: =N44/K44 -> 0.95541401 | S44: 0.33055556 | T44: 0.43958333 | U44: =(S44-T43)*24*60 -> 7 | V44: =(T44-S44)*24*60 -> 157 | AE44: =M44-J44 -> -71.33758 | AF44: =M44/J44 -> 0.95541401
A45: 新豐9線 | B45: 三明治 | C45: 榛果摩卡脆脆三明治 | E45: 20.21 | F45: 3754 | G45: =E45*F45 -> 75868.34 | I45: 18 | J45: 2400 | K45: =J45/I45 -> 133.33333 | L45: 18 | M45: =F45/V45*60 -> 2298.3673 | N45: =M45/L45 -> 127.68707 | O45: =L45-I45 -> 0 | P45: =N45-K45 -> -5.6462585 | Q45: =N45/K45 -> 0.95765306 | S45: 0.44513889 | T45: 0.51319444 | U45: =(S45-T44)*24*60 -> 8 | V45: =(T45-S45)*24*60 -> 98 | W45: =T45 -> 0.51319444 | X45: =S46 -> 0.55277778 | AE45: =M45-J45 -> -101.63265 | AF45: =M45/J45 -> 0.95765306
A46: 新豐9線 | B46: 三明治 | C46: 好多蛋三明治 | E46: 34.1 | F46: 3227 | G46: =E46*F46 -> 110040.7 | I46: 17 | J46: 1600 | K46: =J46/I46 -> 94.117647 | L46: 17 | M46: =F46/V46*60 -> 1524.5669 | N46: =M46/L46 -> 89.680408 | O46: =L46-I46 -> 0 | P46: =N46-K46 -> -4.4372395 | Q46: =N46/K46 -> 0.95285433 | S46: 0.55277778 | T46: 0.64097222 | U46: =(S46-T45)*24*60 -> 57 | V46: =(T46-S46)*24*60 -> 127 | AE46: =M46-J46 -> -75.433071 | AF46: =M46/J46 -> 0.95285433
A47: 新豐9線 | B47: 三明治 | C47: 五彩鮮蔬三明治 | E47: 25.98 | F47: 2844 | G47: =E47*F47 -> 73887.12 | I47: 20 | J47: 2400 | K47: =J47/I47 -> 120 | L47: 20 | M47: =F47/V47*60 -> 2305.9459 | N47: =M47/L47 -> 115.2973 | O47: =L47-I47 -> 0 | P47: =N47-K47 -> -4.7027027 | Q47: =N47/K47 -> 0.96081081 | S47: 0.64444444 | T47: 0.69583333 | U47: =(S47-T46)*24*60 -> 5 | V47: =(T47-S47)*24*60 -> 74 | AE47: =M47-J47 -> -94.054054 | AF47: =M47/J47 -> 0.96081081
A48: 新豐9線 | B48: 三明治 | C48: 經典總匯三明治(115年) | E48: 26.18 | F48: 2954 | G48: =E48*F48 -> 77335.72 | I48: 20 | J48: 2400 | K48: =J48/I48 -> 120 | L48: 20 | M48: =F48/V48*60 -> 2301.8182 | N48: =M48/L48 -> 115.09091 | O48: =L48-I48 -> 0 | P48: =N48-K48 -> -4.9090909 | Q48: =N48/K48 -> 0.95909091 | S48: 0.70138889 | T48: 0.75486111 | U48: =(S48-T47)*24*60 -> 8 | V48: =(T48-S48)*24*60 -> 77 | AE48: =M48-J48 -> -98.181818 | AF48: =M48/J48 -> 0.95909091
A49: 新豐9線 | B49: 平均 | I49: 18.25 | J49: 2200 | K49: =J49/I49 -> 120.54795 | L49: 18.25 | M49: =AVERAGE(M41:M48) -> 2103.6669 | N49: =M49/L49 -> 115.26942 | O49: =L49-I49 -> 0 | P49: =N49-K49 -> -5.2785251 | Q49: =N49/K49 -> 0.95621223 | Y49: =SUM(Y41:Y48) -> 0 | Z49: =SUM(Z41:Z48) -> 0 | AC49: 8 | AD49: =SUM(AD41:AD48) -> 0 | AE49: =M49-J49 -> -96.333083 | AF49: =M49/J49 -> 0.95621223
A50: 新豐3線 | B50: 調理麵包 | C50: 厚豆腐蛋白蕈菇豬肉堡 | E50: 34.36 | F50: 2594 | G50: =E50*F50 -> 89129.84 | I50: 10 | J50: 3000 | K50: =J50/I50 -> 300 | L50: 10 | M50: =F50/V50*60 -> 2882.2222 | N50: =M50/L50 -> 288.22222 | O50: =L50-I50 -> 0 | P50: =N50-K50 -> -11.777778 | Q50: =N50/K50 -> 0.96074074 | R50: =Q53 -> 0.95613769 | S50: 0.20833333 | T50: 0.24583333 | V50: =(T50-S50)*24*60 -> 54 | AC50: 3 | AE50: =M50-J50 -> -117.77778 | AF50: =M50/J50 -> 0.96074074 | AG50: =AF53 -> 0.95613769
A51: 新豐3線 | B51: 調理麵包 | C51: 豬肉起司堡 | E51: 21.13 | F51: 6288 | G51: =E51*F51 -> 132865.44 | I51: 10 | J51: 3000 | K51: =J51/I51 -> 300 | L51: 10 | M51: =F51/V51*60 -> 2858.1818 | N51: =M51/L51 -> 285.81818 | O51: =L51-I51 -> 0 | P51: =N51-K51 -> -14.181818 | Q51: =N51/K51 -> 0.95272727 | S51: 0.24930556 | T51: 0.34097222 | U51: =(S51-T50)*24*60 -> 5 | V51: =(T51-S51)*24*60 -> 132 | AE51: =M51-J51 -> -141.81818 | AF51: =M51/J51 -> 0.95272727
A52: 新豐3線 | B52: 調理麵包 | C52: 豬肉起司蛋堡 | E52: 27.17 | F52: 8690 | G52: =E52*F52 -> 236107.3 | I52: 10 | J52: 3000 | K52: =J52/I52 -> 300 | L52: 10 | M52: =F52/V52*60 -> 2864.8352 | N52: =M52/L52 -> 286.48352 | O52: =L52-I52 -> 0 | P52: =N52-K52 -> -13.516484 | Q52: =N52/K52 -> 0.95494505 | S52: 0.34652778 | T52: 0.47291667 | U52: =(S52-T51)*24*60 -> 8 | V52: =(T52-S52)*24*60 -> 182 | AE52: =M52-J52 -> -135.16484 | AF52: =M52/J52 -> 0.95494505
A53: 新豐3線 | B53: 平均 | I53: 10 | J53: 3000 | K53: =J53/I53 -> 300 | L53: 10 | M53: =AVERAGE(M50:M52) -> 2868.4131 | N53: =M53/L53 -> 286.84131 | O53: =L53-I53 -> 0 | P53: =N53-K53 -> -13.158693 | Q53: =N53/K53 -> 0.95613769 | Y53: =SUM(Y50:Y52) -> 0 | Z53: =SUM(Z50:Z52) -> 0 | AC53: 3 | AD53: =SUM(AD50:AD52) -> 0 | AE53: =M53-J53 -> -131.58693 | AF53: =M53/J53 -> 0.95613769
A54: 新豐1線 | B54: 微波主食 | C54: 爆炒雞丁飯 | E54: 59.04 | F54: 2610 | G54: =E54*F54 -> 154094.4 | I54: 19 | J54: 2000 | K54: =J54/I54 -> 105.26316 | L54: 19 | M54: =F54/V54*60 -> 1909.7561 | N54: =M54/L54 -> 100.51348 | O54: =L54-I54 -> 0 | P54: =N54-K54 -> -4.7496791 | Q54: =N54/K54 -> 0.95487805 | R54: =Q61 -> 0.95557845 | S54: 0.16666667 | T54: 0.22361111 | V54: =(T54-S54)*24*60 -> 82 | W54: =T54 -> 0.22361111 | X54: =S55 -> 0.24305556 | AC54: 7 | AE54: =M54-J54 -> -90.243902 | AF54: =M54/J54 -> 0.95487805 | AG54: =AF61 -> 0.95557845
A55: 新豐1線 | B55: 微波主食 | C55: 壹號醬雞豚雙拼 | E55: 56.43 | F55: 1717 | G55: =E55*F55 -> 96890.31 | I55: 22 | J55: 2000 | K55: =J55/I55 -> 90.909091 | L55: 22 | M55: =F55/V55*60 -> 1907.7778 | N55: =M55/L55 -> 86.717172 | O55: =L55-I55 -> 0 | P55: =N55-K55 -> -4.1919192 | Q55: =N55/K55 -> 0.95388889 | S55: 0.24305556 | T55: 0.28055556 | U55: =IF(S55=TIME(17,0,0),"",(S55-T54)*24*60) -> 28 | V55: =(T55-S55)*24*60 -> 54 | AE55: =M55-J55 -> -92.222222 | AF55: =M55/J55 -> 0.95388889
A56: 新豐1線 | B56: 沙拉 | C56: 蔥鹽雞肉麵沙拉(114年) | E56: 46 | F56: 3405 | G56: =E56*F56 -> 156630 | I56: 16 | J56: 2000 | K56: =J56/I56 -> 125 | L56: 16 | M56: =F56/V56*60 -> 1909.3458 | N56: =M56/L56 -> 119.33411 | O56: =L56-I56 -> 0 | P56: =N56-K56 -> -5.6658879 | Q56: =N56/K56 -> 0.9546729 | S56: 0.28472222 | T56: 0.35902778 | U56: =IF(S56=TIME(17,0,0),"",(S56-T55)*24*60) -> 6 | V56: =(T56-S56)*24*60 -> 107 | AE56: =M56-J56 -> -90.654206 | AF56: =M56/J56 -> 0.9546729
A57: 新豐1線 | B57: 沙拉 | C57: 莎莎烤雞麵沙拉(115年) | E57: 46 | F57: 4440 | G57: =E57*F57 -> 204240 | I57: 17 | J57: 2000 | K57: =J57/I57 -> 117.64706 | L57: 17 | M57: =F57/V57*60 -> 1902.8571 | N57: =M57/L57 -> 111.93277 | O57: =L57-I57 -> 0 | P57: =N57-K57 -> -5.7142857 | Q57: =N57/K57 -> 0.95142857 | S57: 0.3625 | T57: 0.45972222 | U57: =IF(S57=TIME(17,0,0),"",(S57-T56)*24*60) -> 5 | V57: =(T57-S57)*24*60 -> 140 | AE57: =M57-J57 -> -97.142857 | AF57: =M57/J57 -> 0.95142857
A58: 新豐1線 | B58: 微波主食 | C58: 二配香辣醬蒜味香腸蛋炒飯 | E58: 55.56 | F58: 2676 | G58: =E58*F58 -> 148678.56 | I58: 17 | J58: 2000 | K58: =J58/I58 -> 117.64706 | L58: 17 | M58: =F58/V58*60 -> 1911.4286 | N58: =M58/L58 -> 112.43697 | O58: =L58-I58 -> 0 | P58: =N58-K58 -> -5.210084 | Q58: =N58/K58 -> 0.95571429 | S58: 0.70833333 | T58: 0.76666667 | U58: =IF(S58=TIME(17,0,0),"",(S58-T57)*24*60) | V58: =(T58-S58)*24*60 -> 84 | AE58: =M58-J58 -> -88.571429 | AF58: =M58/J58 -> 0.95571429
A59: 新豐1線 | B59: 微波主食 | C59: 二配藤椒雞丁炒飯 | E59: 54.09 | F59: 1851 | G59: =E59*F59 -> 100120.59 | I59: 13 | J59: 2000 | K59: =J59/I59 -> 153.84615 | L59: 13 | M59: =F59/V59*60 -> 1914.8276 | N59: =M59/L59 -> 147.29443 | O59: =L59-I59 -> 0 | P59: =N59-K59 -> -6.5517241 | Q59: =N59/K59 -> 0.95741379 | S59: 0.77152778 | T59: 0.81180556 | U59: =IF(S59=TIME(17,0,0),"",(S59-T58)*24*60) -> 7 | V59: =(T59-S59)*24*60 -> 58 | AE59: =M59-J59 -> -85.172414 | AF59: =M59/J59 -> 0.95741379
A60: 新豐1線 | B60: 微波主食 | C60: 二配厚香料優格咖哩雞排飯 | E60: 56.43 | F60: 1826 | G60: =E60*F60 -> 103041.18 | I60: 13 | J60: 2000 | K60: =J60/I60 -> 153.84615 | L60: 13 | M60: =F60/V60*60 -> 1922.1053 | N60: =M60/L60 -> 147.85425 | O60: =L60-I60 -> 0 | P60: =N60-K60 -> -5.9919028 | Q60: =N60/K60 -> 0.96105263 | S60: 0.81527778 | T60: 0.85486111 | U60: =IF(S60=TIME(17,0,0),"",(S60-T59)*24*60) -> 5 | V60: =(T60-S60)*24*60 -> 57 | AE60: =M60-J60 -> -77.894737 | AF60: =M60/J60 -> 0.96105263
A61: 新豐1線 | B61: 平均 | I61: 16.714286 | J61: 2000 | K61: =J61/I61 -> 119.65812 | L61: 16.714286 | M61: =AVERAGE(M54:M60) -> 1911.1569 | N61: =M61/L61 -> 114.34272 | O61: =L61-I61 -> 0 | P61: =N61-K61 -> -5.3153997 | Q61: =N61/K61 -> 0.95557845 | Y61: =SUM(Y54:Y60) -> 0 | Z61: =SUM(Z54:Z60) -> 0 | AC61: 7 | AD61: =SUM(AD54:AD60) -> 0 | AE61: =M61-J61 -> -88.84311 | AF61: =M61/J61 -> 0.95557845
A62: 新豐10線 | B62: 調理麵包 | C62: 經典雙牛起司堡(113年) | E62: 35.12 | F62: 6467 | G62: =E62*F62 -> 227121.04 | I62: 10 | J62: 3000 | K62: =J62/I62 -> 300 | L62: 10 | M62: =F62/V62*60 -> 2853.0882 | N62: =M62/L62 -> 285.30882 | O62: =L62-I62 -> 0 | P62: =N62-K62 -> -14.691176 | Q62: =N62/K62 -> 0.95102941 | R62: =Q66 -> 0.95875219 | S62: 0.20833333 | T62: 0.30277778 | V62: =(T62-S62)*24*60 -> 136 | AC62: 4 | AE62: =M62-J62 -> -146.91176 | AF62: =M62/J62 -> 0.95102941 | AG62: =AF66 -> 0.95875219
A63: 新豐10線 | B63: 調理麵包 | C63: 香雞蛋堡(112年) | E63: 26.78 | F63: 2911 | G63: =E63*F63 -> 77956.58 | I63: 10 | J63: 3000 | K63: =J63/I63 -> 300 | L63: 10 | M63: =F63/V63*60 -> 2863.2787 | N63: =M63/L63 -> 286.32787 | O63: =L63-I63 -> 0 | P63: =N63-K63 -> -13.672131 | Q63: =N63/K63 -> 0.95442623 | S63: 0.30625 | T63: 0.34861111 | U63: =(S63-T62)*24*60 -> 5 | V63: =(T63-S63)*24*60 -> 61 | AE63: =M63-J63 -> -136.72131 | AF63: =M63/J63 -> 0.95442623
A64: 新豐10線 | B64: 調理麵包 | C64: 美式雞腿堡 | E64: 35.87 | F64: 4369 | G64: =E64*F64 -> 156716.03 | I64: 9 | J64: 3000 | K64: =J64/I64 -> 333.33333 | L64: 9 | M64: =F64/V64*60 -> 2880.6593 | N64: =M64/L64 -> 320.07326 | O64: =L64-I64 -> 0 | P64: =N64-K64 -> -13.260073 | Q64: =N64/K64 -> 0.96021978 | S64: 0.35416667 | T64: 0.41736111 | U64: =(S64-T63)*24*60 -> 8 | V64: =(T64-S64)*24*60 -> 91 | AE64: =M64-J64 -> -119.34066 | AF64: =M64/J64 -> 0.96021978
A65: 新豐10線 | B65: 調理麵包 | C65: 黃金魚堡(114年) | E65: 34.35 | F65: 2181 | G65: =E65*F65 -> 74917.35 | I65: 8 | J65: 3000 | K65: =J65/I65 -> 375 | L65: 8 | M65: =F65/V65*60 -> 2908 | N65: =M65/L65 -> 363.5 | O65: =L65-I65 -> 0 | P65: =N65-K65 -> -11.5 | Q65: =N65/K65 -> 0.96933333 | S65: 0.42291667 | T65: 0.45416667 | U65: =(S65-T64)*24*60 -> 8 | V65: =(T65-S65)*24*60 -> 45 | AE65: =M65-J65 -> -92 | AF65: =M65/J65 -> 0.96933333
A66: 新豐10線 | B66: 平均 | I66: 9.25 | J66: 3000 | K66: =J66/I66 -> 324.32432 | L66: 9.25 | M66: =AVERAGE(M62:M65) -> 2876.2566 | N66: =M66/L66 -> 310.94666 | O66: =L66-I66 -> 0 | P66: =N66-K66 -> -13.377669 | Q66: =N66/K66 -> 0.95875219 | Y66: =SUM(Y62:Y65) -> 0 | Z66: =SUM(Z62:Z65) -> 0 | AC66: 4 | AD66: =SUM(AD62:AD65) -> 0 | AE66: =M66-J66 -> -123.74343 | AF66: =M66/J66 -> 0.95875219
A67: 新豐4線 | B67: 三明治 | C67: 火腿起司蛋三明治 | E67: 19.02 | F67: 6500 | G67: =E67*F67 -> 123630 | H67: 2 | I67: 14 | J67: 2400 | K67: =J67/I67 -> 171.42857 | L67: 14 | M67: =F67/V67*60 -> 2280.7018 | N67: =M67/L67 -> 162.90727 | O67: =L67-I67 -> 0 | P67: =N67-K67 -> -8.5213033 | Q67: =N67/K67 -> 0.9502924 | R67: =Q75 -> 0.95716152 | S67: 0.083333333 | T67: 0.20208333 | V67: =(T67-S67)*24*60 -> 171 | W67: =T67 -> 0.20208333 | X67: =S68 -> 0.22083333 | AC67: 8 | AE67: =M67-J67 -> -119.29825 | AF67: =M67/J67 -> 0.9502924 | AG67: =AF75 -> 0.95716152
A68: 新豐4線 | B68: 三明治 | C68: 肉鬆火腿三明治(115年) | E68: 20.36 | F68: 5095 | G68: =E68*F68 -> 103734.2 | I68: 17 | J68: 2400 | K68: =J68/I68 -> 141.17647 | L68: 17 | M68: =F68/V68*60 -> 2298.4962 | N68: =M68/L68 -> 135.20566 | O68: =L68-I68 -> 0 | P68: =N68-K68 -> -5.9708094 | Q68: =N68/K68 -> 0.95770677 | S68: 0.22083333 | T68: 0.31319444 | U68: =(S68-T67)*24*60 -> 27 | V68: =(T68-S68)*24*60 -> 133 | AE68: =M68-J68 -> -101.50376 | AF68: =M68/J68 -> 0.95770677
A69: 新豐4線 | B69: 三明治 | C69: 藍莓優格三明治 | E69: 20.21 | F69: 3373 | G69: =E69*F69 -> 68168.33 | I69: 15 | J69: 2400 | K69: =J69/I69 -> 160 | L69: 15 | M69: =F69/V69*60 -> 2299.7727 | N69: =M69/L69 -> 153.31818 | O69: =L69-I69 -> 0 | P69: =N69-K69 -> -6.6818182 | Q69: =N69/K69 -> 0.95823864 | S69: 0.31875 | T69: 0.37986111 | U69: =(S69-T68)*24*60 -> 8 | V69: =(T69-S69)*24*60 -> 88 | AE69: =M69-J69 -> -100.22727 | AF69: =M69/J69 -> 0.95823864
A70: 新豐4線 | B70: 三明治 | C70: 香蕉可可三明治 | E70: 22.69 | F70: 3249 | G70: =E70*F70 -> 73719.81 | I70: 15 | J70: 2400 | K70: =J70/I70 -> 160 | L70: 15 | M70: =F70/V70*60 -> 2293.4118 | N70: =M70/L70 -> 152.89412 | O70: =L70-I70 -> 0 | P70: =N70-K70 -> -7.1058824 | Q70: =N70/K70 -> 0.95558824 | S70: 0.38541667 | T70: 0.44444444 | U70: =(S70-T69)*24*60 -> 8 | V70: =(T70-S70)*24*60 -> 85 | AE70: =M70-J70 -> -106.58824 | AF70: =M70/J70 -> 0.95558824
A71: 新豐4線 | B71: 三明治 | C71: 起司芋見肉鬆三明治 | E71: 25.98 | F71: 3000 | G71: =E71*F71 -> 77940 | H71: 2 | I71: 17 | J71: 2400 | K71: =J71/I71 -> 141.17647 | L71: 17 | M71: =F71/V71*60 -> 2307.6923 | N71: =M71/L71 -> 135.74661 | O71: =L71-I71 -> 0 | P71: =N71-K71 -> -5.4298643 | Q71: =N71/K71 -> 0.96153846 | S71: 0.44930556 | T71: 0.50347222 | U71: =(S71-T70)*24*60 -> 7 | V71: =(T71-S71)*24*60 -> 78 | W71: =T71 -> 0.50347222 | X71: =S72 -> 0.54444444 | AE71: =M71-J71 -> -92.307692 | AF71: =M71/J71 -> 0.96153846
A72: 新豐4線 | B72: 三明治 | C72: 起司芋見肉鬆三明治 | E72: 25.98 | F72: 2357 | G72: =E72*F72 -> 61234.86 | I72: 17 | J72: 2400 | K72: =J72/I72 -> 141.17647 | L72: 17 | M72: =F72/V72*60 -> 2318.3607 | N72: =M72/L72 -> 136.37416 | O72: =L72-I72 -> 0 | P72: =N72-K72 -> -4.8023144 | Q72: =N72/K72 -> 0.96598361 | S72: 0.54444444 | T72: 0.58680556 | U72: =(S72-T71)*24*60 -> 59 | V72: =(T72-S72)*24*60 -> 61 | AE72: =M72-J72 -> -81.639344 | AF72: =M72/J72 -> 0.96598361
A73: 新豐4線 | B73: 三明治 | C73: 經典火腿玉米蛋三明治 | E73: 24.43 | F73: 3444 | G73: =E73*F73 -> 84136.92 | I73: 14 | J73: 2400 | K73: =J73/I73 -> 171.42857 | L73: 14 | M73: =F73/V73*60 -> 2296 | N73: =M73/L73 -> 164 | O73: =L73-I73 -> 0 | P73: =N73-K73 -> -7.4285714 | Q73: =N73/K73 -> 0.95666667 | S73: 0.59097222 | T73: 0.65347222 | U73: =(S73-T72)*24*60 -> 6 | V73: =(T73-S73)*24*60 -> 90 | AE73: =M73-J73 -> -104 | AF73: =M73/J73 -> 0.95666667
A74: 新豐4線 | B74: 三明治 | C74: 火腿起司蛋三明治 | E74: 19.02 | F74: 5213 | G74: =E74*F74 -> 99151.26 | I74: 14 | J74: 2400 | K74: =J74/I74 -> 171.42857 | L74: 14 | M74: =F74/V74*60 -> 2283.0657 | N74: =M74/L74 -> 163.07612 | O74: =L74-I74 -> 0 | P74: =N74-K74 -> -8.3524505 | Q74: =N74/K74 -> 0.95127737 | S74: 0.65833333 | T74: 0.75347222 | U74: =(S74-T73)*24*60 -> 7 | V74: =(T74-S74)*24*60 -> 137 | AE74: =M74-J74 -> -116.93431 | AF74: =M74/J74 -> 0.95127737
A75: 新豐4線 | B75: 平均 | I75: 15.375 | J75: 2400 | K75: =J75/I75 -> 156.09756 | L75: 15.375 | M75: =AVERAGE(M67:M74) -> 2297.1876 | N75: =M75/L75 -> 149.41058 | O75: =L75-I75 -> 0 | P75: =N75-K75 -> -6.6869826 | Q75: =N75/K75 -> 0.95716152 | Y75: =SUM(Y67:Y74) -> 0 | Z75: =SUM(Z67:Z74) -> 0 | AC75: 8 | AD75: =SUM(AD67:AD74) -> 0 | AE75: =M75-J75 -> -102.81236 | AF75: =M75/J75 -> 0.95716152

Sheet 0627
B1: 屏榮 新豐廠組合室生產人時性分析
B3: 日期 | C3: =TEXT('0627 4度C'!A2,"yyyy.mm.ddaaaa") -> 2026.06.27星期六 | E3: 訂單量 | F3: ='0627 4度C'!D1 -> 162580 | H3: 營業額 | I3: ='0627 4度C'!F1 -> 5622498.6
B4: 人時性 | C4: 項目 | E4: ➀ | G4: ➁ | I4: ➂ | K4: 異常停線 | M4: 短暫停線
C5: 組合室 | E5: 全溫層 | G5: 4度C-各編組展開 | I5: ③三明治-各編組展開 | K5: 合計次數 | L5: 時間 | M5: 合計次數 | N5: 設備次數
C6: 排關平均 | E6: =AVERAGE(D13:M13) -> 158.33814 | F6: =AVERAGE(D31:O31,D13:J13) -> 167.20554 | G6: =AVERAGE(D13:J13) -> 167.20554 | I6: =AVERAGE(K13:M13) -> 137.64754 | K6: ='0627 4度C'!Y2 -> 0 | L6: ='0627 4度C'!Z2 -> 0 | M6: ='0627 4度C'!AC2 -> 52 | N6: ='0627 4度C'!AD2 -> 0
C7: 實績平均 | E7: =AVERAGE(D14:M14) -> 151.77449 | F7: =AVERAGE(D32:O32,D14:J14) -> 160.35043 | G7: =AVERAGE(D14:J14) -> 160.35043 | I7: =AVERAGE(K14:M14) -> 131.76396
C8: 達成率平均 | E8: =AVERAGE(D15:M15) -> 0.95833537 | F8: =AVERAGE(D15:J15,D33:O33) -> 0.95881932 | G8: =AVERAGE(D15:J15) -> 0.95881932 | I8: =AVERAGE(K15:M15) -> 0.95720615
K9: ※現行日本鮮食廠以達成率80%為基本(即為現行KPI)
B10: 溫層 | D10: ➁4度C-各編組展開 | K10: ③三明治-各編組展開
B11: 編組 | D11: 1 | E11: 2 | F11: 3 | G11: 4 | H11: 5 | I11: 6 | J11: 7 | K11: 1 | L11: 2 | M11: 3
D12: 新豐6線 | E12: 新豐2線 | F12: 新豐5線 | G12: 新豐7線 | H12: 新豐3線 | I12: 新豐1線 | J12: 新豐10線 | K12: 新豐8線 | L12: 新豐9線 | M12: 新豐4線
B13: 人時性 | C13: 排關 | D13: =SUMIFS('0627 4度C'!$K:$K,'0627 4度C'!$A:$A,"新豐6線",'0627 4度C'!$B:$B,"平均") -> 130.43478 | E13: =SUMIFS('0627 4度C'!$K:$K,'0627 4度C'!$A:$A,"新豐2線",'0627 4度C'!$B:$B,"平均") -> 88.235294 | F13: =SUMIFS('0627 4度C'!$K:$K,'0627 4度C'!$A:$A,"新豐5線",'0627 4度C'!$B:$B,"平均") -> 87.78626 | G13: =SUMIFS('0627 4度C'!$K:$K,'0627 4度C'!$A:$A,"新豐7線",'0627 4度C'!$B:$B,"平均") -> 120 | H13: =SUMIFS('0627 4度C'!$K:$K,'0627 4度C'!$A:$A,"新豐3線",'0627 4度C'!$B:$B,"平均") -> 300 | I13: =SUMIFS('0627 4度C'!$K:$K,'0627 4度C'!$A:$A,"新豐1線",'0627 4度C'!$B:$B,"平均") -> 119.65812 | J13: =SUMIFS('0627 4度C'!$K:$K,'0627 4度C'!$A:$A,"新豐10線",'0627 4度C'!$B:$B,"平均") -> 324.32432 | K13: =SUMIFS('0627 4度C'!$K:$K,'0627 4度C'!$A:$A,"新豐8線",'0627 4度C'!$B:$B,"平均") -> 138.46154 | L13: =SUMIFS('0627 4度C'!$K:$K,'0627 4度C'!$A:$A,"新豐9線",'0627 4度C'!$B:$B,"平均") -> 120.63492 | M13: =SUMIFS('0627 4度C'!$K:$K,'0627 4度C'!$A:$A,"新豐4線",'0627 4度C'!$B:$B,"平均") -> 153.84615
C14: 實績 | D14: =SUMIFS('0627 4度C'!$N:$N,'0627 4度C'!$A:$A,"新豐6線",'0627 4度C'!$B:$B,"平均") -> 125.11001 | E14: =SUMIFS('0627 4度C'!$N:$N,'0627 4度C'!$A:$A,"新豐2線",'0627 4度C'!$B:$B,"平均") -> 84.265328 | F14: =SUMIFS('0627 4度C'!$N:$N,'0627 4度C'!$A:$A,"新豐5線",'0627 4度C'!$B:$B,"平均") -> 84.24084 | G14: =SUMIFS('0627 4度C'!$N:$N,'0627 4度C'!$A:$A,"新豐7線",'0627 4度C'!$B:$B,"平均") -> 115.13778 | H14: =SUMIFS('0627 4度C'!$N:$N,'0627 4度C'!$A:$A,"新豐3線",'0627 4度C'!$B:$B,"平均") -> 286.54509 | I14: =SUMIFS('0627 4度C'!$N:$N,'0627 4度C'!$A:$A,"新豐1線",'0627 4度C'!$B:$B,"平均") -> 114.95457 | J14: =SUMIFS('0627 4度C'!$N:$N,'0627 4度C'!$A:$A,"新豐10線",'0627 4度C'!$B:$B,"平均") -> 312.19938 | K14: =SUMIFS('0627 4度C'!$N:$N,'0627 4度C'!$A:$A,"新豐8線",'0627 4度C'!$B:$B,"平均") -> 132.22772 | L14: =SUMIFS('0627 4度C'!$N:$N,'0627 4度C'!$A:$A,"新豐9線",'0627 4度C'!$B:$B,"平均") -> 115.52196 | M14: =SUMIFS('0627 4度C'!$N:$N,'0627 4度C'!$A:$A,"新豐4線",'0627 4度C'!$B:$B,"平均") -> 147.54218
C15: 達成率 | D15: =D14/D13 -> 0.95917678 | E15: =E14/E13 -> 0.95500705 | F15: =F14/F13 -> 0.95961305 | G15: =G14/G13 -> 0.95948153 | H15: =H14/H13 -> 0.95515031 | I15: =I14/I13 -> 0.96069177 | J15: =J14/J13 -> 0.96261474 | K15: =K14/K13 -> 0.95497799 | ... M15: =M14/M13 -> 0.95902419
B16: 作業 時間 | C16: 開始 | D16: =VLOOKUP("新豐6線",'0627 4度C'!$A:$T,19,0) -> 0.70833333 | E16: =VLOOKUP("新豐2線",'0627 4度C'!$A:$T,19,0) -> 0.083333333 | F16: =VLOOKUP("新豐5線",'0627 4度C'!$A:$T,19,0) -> 0.083333333 | G16: =VLOOKUP("新豐7線",'0627 4度C'!$A:$T,19,0) -> 0.20833333 | H16: =VLOOKUP("新豐3線",'0627 4度C'!$A:$T,19,0) -> 0.20833333 | I16: =VLOOKUP("新豐1線",'0627 4度C'!$A:$T,19,0) -> 0.16666667 | J16: =VLOOKUP("新豐10線",'0627 4度C'!$A:$T,19,0) -> 0.20833333 | K16: =VLOOKUP("新豐8線",'0627 4度C'!$A:$T,19,0) -> 0.083333333 | L16: =VLOOKUP("新豐9線",'0627 4度C'!$A:$T,19,0) -> 0.083333333 | M16: =VLOOKUP("新豐4線",'0627 4度C'!$A:$T,19,0) -> 0.083333333
C17: 結束 | D17: =LOOKUP(2,1/(('0627 4度C'!$A:$A="新豐6線")*('0627 4度C'!$T:$T<>"")),'0627 4度C'!$T:$T) -> 0.84513889 | E17: =LOOKUP(2,1/(('0627 4度C'!$A:$A="新豐2線")*('0627 4度C'!$T:$T<>"")),'0627 4度C'!$T:$T) -> 0.62708333 | F17: =LOOKUP(2,1/(('0627 4度C'!$A:$A="新豐5線")*('0627 4度C'!$T:$T<>"")),'0627 4度C'!$T:$T) -> 0.80208333 | G17: =LOOKUP(2,1/(('0627 4度C'!$A:$A="新豐7線")*('0627 4度C'!$T:$T<>"")),'0627 4度C'!$T:$T) -> 0.82291667 | H17: =LOOKUP(2,1/(('0627 4度C'!$A:$A="新豐3線")*('0627 4度C'!$T:$T<>"")),'0627 4度C'!$T:$T) -> 0.46875 | I17: =LOOKUP(2,1/(('0627 4度C'!$A:$A="新豐1線")*('0627 4度C'!$T:$T<>"")),'0627 4度C'!$T:$T) -> 0.83263889 | J17: =LOOKUP(2,1/(('0627 4度C'!$A:$A="新豐10線")*('0627 4度C'!$T:$T<>"")),'0627 4度C'!$T:$T) -> 0.37291667 | K17: =LOOKUP(2,1/(('0627 4度C'!$A:$A="新豐8線")*('0627 4度C'!$T:$T<>"")),'0627 4度C'!$T:$T) -> 0.58958333 | L17: =LOOKUP(2,1/(('0627 4度C'!$A:$A="新豐9線")*('0627 4度C'!$T:$T<>"")),'0627 4度C'!$T:$T) -> 0.66319444 | M17: =LOOKUP(2,1/(('0627 4度C'!$A:$A="新豐4線")*('0627 4度C'!$T:$T<>"")),'0627 4度C'!$T:$T) -> 0.50208333
B18: 產線異常 (5分鐘以上) | C18: 次數 | D18: =SUMIFS('0627 4度C'!$Y:$Y,'0627 4度C'!$A:$A,"新豐6線",'0627 4度C'!$B:$B,"平均") -> 0 | E18: =SUMIFS('0627 4度C'!$Y:$Y,'0627 4度C'!$A:$A,"新豐2線",'0627 4度C'!$B:$B,"平均") -> 0 | F18: =SUMIFS('0627 4度C'!$Y:$Y,'0627 4度C'!$A:$A,"新豐5線",'0627 4度C'!$B:$B,"平均") -> 0 | G18: =SUMIFS('0627 4度C'!$Y:$Y,'0627 4度C'!$A:$A,"新豐7線",'0627 4度C'!$B:$B,"平均") -> 0 | H18: =SUMIFS('0627 4度C'!$Y:$Y,'0627 4度C'!$A:$A,"新豐3線",'0627 4度C'!$B:$B,"平均") -> 0 | I18: =SUMIFS('0627 4度C'!$Y:$Y,'0627 4度C'!$A:$A,"新豐1線",'0627 4度C'!$B:$B,"平均") -> 0 | J18: =SUMIFS('0627 4度C'!$Y:$Y,'0627 4度C'!$A:$A,"新豐10線",'0627 4度C'!$B:$B,"平均") -> 0 | K18: =SUMIFS('0627 4度C'!$Y:$Y,'0627 4度C'!$A:$A,"新豐8線",'0627 4度C'!$B:$B,"平均") -> 0 | L18: =SUMIFS('0627 4度C'!$Y:$Y,'0627 4度C'!$A:$A,"新豐9線",'0627 4度C'!$B:$B,"平均") -> 0 | M18: =SUMIFS('0627 4度C'!$Y:$Y,'0627 4度C'!$A:$A,"新豐4線",'0627 4度C'!$B:$B,"平均") -> 0
C19: 時間/分 | D19: =SUMIFS('0627 4度C'!$Z:$Z,'0627 4度C'!$A:$A,"新豐6線",'0627 4度C'!$B:$B,"平均") -> 0 | E19: =SUMIFS('0627 4度C'!$Z:$Z,'0627 4度C'!$A:$A,"新豐2線",'0627 4度C'!$B:$B,"平均") -> 0 | F19: =SUMIFS('0627 4度C'!$Z:$Z,'0627 4度C'!$A:$A,"新豐5線",'0627 4度C'!$B:$B,"平均") -> 0 | G19: =SUMIFS('0627 4度C'!$Z:$Z,'0627 4度C'!$A:$A,"新豐7線",'0627 4度C'!$B:$B,"平均") -> 0 | H19: =SUMIFS('0627 4度C'!$Z:$Z,'0627 4度C'!$A:$A,"新豐3線",'0627 4度C'!$B:$B,"平均") -> 0 | I19: =SUMIFS('0627 4度C'!$Z:$Z,'0627 4度C'!$A:$A,"新豐1線",'0627 4度C'!$B:$B,"平均") -> 0 | J19: =SUMIFS('0627 4度C'!$Z:$Z,'0627 4度C'!$A:$A,"新豐10線",'0627 4度C'!$B:$B,"平均") -> 0 | K19: =SUMIFS('0627 4度C'!$Z:$Z,'0627 4度C'!$A:$A,"新豐8線",'0627 4度C'!$B:$B,"平均") -> 0 | L19: =SUMIFS('0627 4度C'!$Z:$Z,'0627 4度C'!$A:$A,"新豐9線",'0627 4度C'!$B:$B,"平均") -> 0 | M19: =SUMIFS('0627 4度C'!$Z:$Z,'0627 4度C'!$A:$A,"新豐4線",'0627 4度C'!$B:$B,"平均") -> 0
B20: 短暫停線 (5分鐘以下) | C20: 次數 | D20: =SUMIFS('0627 4度C'!$AC:$AC,'0627 4度C'!$A:$A,"新豐6線",'0627 4度C'!$B:$B,"平均") -> 3 | E20: =SUMIFS('0627 4度C'!$AC:$AC,'0627 4度C'!$A:$A,"新豐2線",'0627 4度C'!$B:$B,"平均") -> 4 | F20: =SUMIFS('0627 4度C'!$AC:$AC,'0627 4度C'!$A:$A,"新豐5線",'0627 4度C'!$B:$B,"平均") -> 7 | G20: =SUMIFS('0627 4度C'!$AC:$AC,'0627 4度C'!$A:$A,"新豐7線",'0627 4度C'!$B:$B,"平均") -> 6 | H20: =SUMIFS('0627 4度C'!$AC:$AC,'0627 4度C'!$A:$A,"新豐3線",'0627 4度C'!$B:$B,"平均") -> 3 | I20: =SUMIFS('0627 4度C'!$AC:$AC,'0627 4度C'!$A:$A,"新豐1線",'0627 4度C'!$B:$B,"平均") -> 7 | J20: =SUMIFS('0627 4度C'!$AC:$AC,'0627 4度C'!$A:$A,"新豐10線",'0627 4度C'!$B:$B,"平均") -> 4 | K20: =SUMIFS('0627 4度C'!$AC:$AC,'0627 4度C'!$A:$A,"新豐8線",'0627 4度C'!$B:$B,"平均") -> 6 | L20: =SUMIFS('0627 4度C'!$AC:$AC,'0627 4度C'!$A:$A,"新豐9線",'0627 4度C'!$B:$B,"平均") -> 7 | M20: =SUMIFS('0627 4度C'!$AC:$AC,'0627 4度C'!$A:$A,"新豐4線",'0627 4度C'!$B:$B,"平均") -> 5
C21: 設備次數 | D21: =SUMIFS('0627 4度C'!$AD:$AD,'0627 4度C'!$A:$A,"新豐6線",'0627 4度C'!$B:$B,"平均") -> 0 | E21: =SUMIFS('0627 4度C'!$AD:$AD,'0627 4度C'!$A:$A,"新豐2線",'0627 4度C'!$B:$B,"平均") -> 0 | F21: =SUMIFS('0627 4度C'!$AD:$AD,'0627 4度C'!$A:$A,"新豐5線",'0627 4度C'!$B:$B,"平均") -> 0 | G21: =SUMIFS('0627 4度C'!$AD:$AD,'0627 4度C'!$A:$A,"新豐7線",'0627 4度C'!$B:$B,"平均") -> 0 | H21: =SUMIFS('0627 4度C'!$AD:$AD,'0627 4度C'!$A:$A,"新豐3線",'0627 4度C'!$B:$B,"平均") -> 0 | I21: =SUMIFS('0627 4度C'!$AD:$AD,'0627 4度C'!$A:$A,"新豐1線",'0627 4度C'!$B:$B,"平均") -> 0 | J21: =SUMIFS('0627 4度C'!$AD:$AD,'0627 4度C'!$A:$A,"新豐10線",'0627 4度C'!$B:$B,"平均") -> 0 | K21: =SUMIFS('0627 4度C'!$AD:$AD,'0627 4度C'!$A:$A,"新豐8線",'0627 4度C'!$B:$B,"平均") -> 0 | L21: =SUMIFS('0627 4度C'!$AD:$AD,'0627 4度C'!$A:$A,"新豐9線",'0627 4度C'!$B:$B,"平均") -> 0 | M21: =SUMIFS('0627 4度C'!$AD:$AD,'0627 4度C'!$A:$A,"新豐4線",'0627 4度C'!$B:$B,"平均") -> 0
B22: 配置人數 | D22: =SUMIFS('0627 4度C'!$I:$I,'0627 4度C'!$A:$A,"新豐6線",'0627 4度C'!$B:$B,"平均") -> 15.333333 | E22: =SUMIFS('0627 4度C'!$I:$I,'0627 4度C'!$A:$A,"新豐2線",'0627 4度C'!$B:$B,"平均") -> 17 | F22: =SUMIFS('0627 4度C'!$I:$I,'0627 4度C'!$A:$A,"新豐5線",'0627 4度C'!$B:$B,"平均") -> 18.714286 | G22: =SUMIFS('0627 4度C'!$I:$I,'0627 4度C'!$A:$A,"新豐7線",'0627 4度C'!$B:$B,"平均") -> 16.666667 | H22: =SUMIFS('0627 4度C'!$I:$I,'0627 4度C'!$A:$A,"新豐3線",'0627 4度C'!$B:$B,"平均") -> 10 | I22: =SUMIFS('0627 4度C'!$I:$I,'0627 4度C'!$A:$A,"新豐1線",'0627 4度C'!$B:$B,"平均") -> 16.714286 | J22: =SUMIFS('0627 4度C'!$I:$I,'0627 4度C'!$A:$A,"新豐10線",'0627 4度C'!$B:$B,"平均") -> 9.25 | K22: =SUMIFS('0627 4度C'!$I:$I,'0627 4度C'!$A:$A,"新豐8線",'0627 4度C'!$B:$B,"平均") -> 17.333333 | L22: =SUMIFS('0627 4度C'!$I:$I,'0627 4度C'!$A:$A,"新豐9線",'0627 4度C'!$B:$B,"平均") -> 18 | M22: =SUMIFS('0627 4度C'!$I:$I,'0627 4度C'!$A:$A,"新豐4線",'0627 4度C'!$B:$B,"平均") -> 15.6
B23: 主要應用設備 | D23: ET-55 | E23: 熱縮爐 | F23: L型包裝機 | G23: L型包裝機 | H23: 伺服包裝機 | I23: ET-55 | J23: 伺服包裝機 | K23: 三明治包裝機 | L23: 三明治包裝機 | M23: 三明治包裝機
B24: 次要應用設備 | F24: 圓盤機 | G24: ET-55
B25: 備註 | E25: 握沙拉 | F25: 共用L型包裝機 | H25: 調理麵包 | I25: 炒飯+沙拉 | J25: 調理麵包

Sheet 0627 4度C
A1: 新豐廠四度C日報分析 | C1: 總生產量 | D1: =SUM(F5:F66) -> 162580 | E1: 營業額 | F1: =SUM(G5:G66) -> 5622498.6 | G1: 出勤人數 | H1: =L8+L13+L47+L55+L21+L60+L35+L43+L28+L66 -> 154.6119 | I1: 產線配置圖 | L1: 生產實績 | O1: 人時性差異分析 | S1: 日報登錄 | Y1: 合計 次數 | Z1: 合計 時間/分 | AA1: 產線異常 分析說明(5分鐘以上) | AC1: 合計 次數 | AD1: 合計 設備次數 | AE1: 產能差異分析
A2: 46200 | B2: 星期六 | C2: 人時性 | D2: =AVERAGE(N8,N13,N47,N55,N21,N60,N28,N35,N43,N66) -> 151.77449 | E2: 平均廠價 | F2: =F1/D1 -> 34.582966 | G2: 多次生產數 | H2: =COUNT(H5:H66) -> 4 | Y2: =SUM(Y8+Y13+Y21+Y28+Y35+Y43+Y47+Y55+Y60+Y66) -> 0 | Z2: =SUM(Z8+Z13+Z21+Z28+Z35+Z43+Z47+Z55+Z60+Z66) -> 0 | AC2: 52 | AD2: =SUM(AD8+AD13+AD21+AD28+AD35+AD43+AD47+AD55+AD60+AD66) -> 0
A3: 線別 | B3: 品類 | C3: 品名 | E3: 廠價 | F3: 生產量 | G3: 營收 | H3: 多次 生產 | I3: 人數 | J3: 產能/時 | K3: 人時性 | L3: 人數 | M3: 產能/時 | N3: 人時性 | O3: 人數 | P3: 人時性 | Q3: 達成率 | R3: 達成率平均 | S3: 生產時間 | U3: 換線、休息/分 | V3: 稼動時間/分 | W3: 休息時間 | Y3: 產線異常統計 (5分鐘以上) | AA3: (新豐回填) | AC3: 短暫停線統計 (5分鐘以下) | AE3: 產能/時 | AF3: 達成率 | AG3: 達成率平均
S4: 開始 | T4: 結束 | W4: 開始 | X4: 結束 | Y4: 次數 | Z4: 時間/分 | AC4: 總次數 | AD4: 設備因素(次數)
A5: 新豐6線 | B5: 微波主食 | C5: 二配泰式綠咖哩雞 | E5: 50.67 | F5: 1315 | G5: =E5*F5 -> 66631.05 | I5: 15 | J5: 2000 | K5: =J5/I5 -> 133.33333 | L5: 15 | M5: =F5/V5*60 -> 1924.3902 | N5: =M5/L5 -> 128.29268 | O5: =L5-I5 -> 0 | P5: =N5-K5 -> -5.0406504 | Q5: =N5/K5 -> 0.96219512 | R5: =Q8 -> 0.95917678 | S5: 0.70833333 | T5: 0.73680556 | V5: =(T5-S5)*24*60 -> 41 | AC5: 3 | AE5: =M5-J5 -> -75.609756 | AF5: =M5/J5 -> 0.96219512 | AG5: =AF8 -> 0.95917678
A6: 新豐6線 | B6: 微波主食 | C6: 二配金咖哩果香甘口咖哩飯 | E6: 50.92 | F6: 2278 | G6: =E6*F6 -> 115995.76 | I6: 15 | J6: 2000 | K6: =J6/I6 -> 133.33333 | L6: 15 | M6: =F6/V6*60 -> 1925.0704 | N6: =M6/L6 -> 128.33803 | O6: =L6-I6 -> 0 | P6: =N6-K6 -> -4.9953052 | Q6: =N6/K6 -> 0.96253521 | S6: 0.74027778 | T6: 0.78958333 | U6: =IF(S6=TIME(17,0,0),"",(S6-T5)*24*60) -> 5 | V6: =(T6-S6)*24*60 -> 71 | AE6: =M6-J6 -> -74.929577 | AF6: =M6/J6 -> 0.96253521
A7: 新豐6線 | B7: 微波主食 | C7: 二配金咖哩濃厚辛口咖哩飯 | E7: 50.98 | F7: 2382 | G7: =E7*F7 -> 121434.36 | I7: 16 | J7: 2000 | K7: =J7/I7 -> 125 | L7: 16 | M7: =F7/V7*60 -> 1905.6 | N7: =M7/L7 -> 119.1 | O7: =L7-I7 -> 0 | P7: =N7-K7 -> -5.9 | Q7: =N7/K7 -> 0.9528 | S7: 0.79305556 | T7: 0.84513889 | U7: =IF(S7=TIME(17,0,0),"",(S7-T6)*24*60) -> 5 | V7: =(T7-S7)*24*60 -> 75 | AE7: =M7-J7 -> -94.4 | AF7: =M7/J7 -> 0.9528
A8: 新豐6線 | B8: 平均 | I8: 15.333333 | J8: 2000 | K8: =J8/I8 -> 130.43478 | L8: 15.333333 | M8: =AVERAGE(M5:M7) -> 1918.3536 | N8: =M8/L8 -> 125.11001 | O8: =L8-I8 -> 0 | P8: =N8-K8 -> -5.3247681 | Q8: =N8/K8 -> 0.95917678 | Y8: =SUM(Y5:Y7) -> 0 | Z8: =SUM(Z5:Z7) -> 0 | AC8: 3 | AD8: =SUM(AD5:AD7) -> 0 | AE8: =M8-J8 -> -81.646445 | AF8: =M8/J8 -> 0.95917678
A9: 新豐2線 | B9: 沙拉 | C9: 青醬優格雞肉握沙拉(113年) | E9: 39.62 | F9: 4822 | G9: =E9*F9 -> 191047.64 | I9: 19 | J9: 1500 | K9: =J9/I9 -> 78.947368 | L9: 19 | M9: =F9/V9*60 -> 1432.2772 | N9: =M9/L9 -> 75.383012 | O9: =L9-I9 -> 0 | P9: =N9-K9 -> -3.5643564 | Q9: =N9/K9 -> 0.95485149 | R9: =Q13 -> 0.95500705 | S9: 0.083333333 | T9: 0.22361111 | V9: =(T9-S9)*24*60 -> 202 | W9: =T9 -> 0.22361111 | X9: =S10 -> 0.24236111 | AC9: 4 | AE9: =M9-J9 -> -67.722772 | AF9: =M9/J9 -> 0.95485149 | AG9: =AF13 -> 0.95500705
A10: 新豐2線 | B10: 沙拉 | C10: 厚蛋時蔬握沙拉 | E10: 39.46 | F10: 4528 | G10: =E10*F10 -> 178674.88 | I10: 15 | J10: 1500 | K10: =J10/I10 -> 100 | L10: 15 | M10: =F10/V10*60 -> 1429.8947 | N10: =M10/L10 -> 95.326316 | O10: =L10-I10 -> 0 | P10: =N10-K10 -> -4.6736842 | Q10: =N10/K10 -> 0.95326316 | S10: 0.24236111 | T10: 0.37430556 | U10: =IF(S10=TIME(17,0,0),"",(S10-T9)*24*60) -> 27 | V10: =(T10-S10)*24*60 -> 190 | AE10: =M10-J10 -> -70.105263 | AF10: =M10/J10 -> 0.95326316
A11: 新豐2線 | B11: 沙拉 | C11: 青檸烤雞握沙拉(113年) | E11: 39.8 | F11: 4100 | G11: =E11*F11 -> 163180 | H11: 2 | I11: 17 | J11: 1500 | K11: =J11/I11 -> 88.235294 | L11: 17 | M11: =F11/V11*60 -> 1430.2326 | N11: =M11/L11 -> 84.131327 | O11: =L11-I11 -> 0 | P11: =N11-K11 -> -4.1039672 | Q11: =N11/K11 -> 0.95348837 | S11: 0.37777778 | T11: 0.49722222 | U11: =IF(S11=TIME(17,0,0),"",(S11-T10)*24*60) -> 5 | V11: =(T11-S11)*24*60 -> 172 | W11: =T11 -> 0.49722222 | X11: =S12 -> 0.53888889 | AE11: =M11-J11 -> -69.767442 | AF11: =M11/J11 -> 0.95348837
A12: 新豐2線 | B12: 沙拉 | C12: 青檸烤雞握沙拉(113年) | E12: 39.8 | F12: 3043 | G12: =E12*F12 -> 121111.4 | I12: 17 | J12: 1500 | K12: =J12/I12 -> 88.235294 | L12: 17 | M12: =F12/V12*60 -> 1437.6378 | N12: =M12/L12 -> 84.566929 | O12: =L12-I12 -> 0 | P12: =N12-K12 -> -3.668365 | Q12: =N12/K12 -> 0.9584252 | S12: 0.53888889 | T12: 0.62708333 | U12: =IF(S12=TIME(17,0,0),"",(S12-T11)*24*60) -> 60 | V12: =(T12-S12)*24*60 -> 127 | AE12: =M12-J12 -> -62.362205 | AF12: =M12/J12 -> 0.9584252
A13: 新豐2線 | B13: 平均 | I13: 17 | J13: 1500 | K13: =J13/I13 -> 88.235294 | L13: 17 | M13: =AVERAGE(M9:M12) -> 1432.5106 | N13: =M13/L13 -> 84.265328 | O13: =L13-I13 -> 0 | P13: =N13-K13 -> -3.9699659 | Q13: =N13/K13 -> 0.95500705 | Y13: =SUM(Y9:Y12) -> 0 | Z13: =SUM(Z9:Z12) -> 0 | AC13: 4 | AD13: =SUM(AD9:AD12) -> 0 | AE13: =M13-J13 -> -67.489421 | AF13: =M13/J13 -> 0.95500705
A14: 新豐5線 | B14: 小吃 | C14: 剝皮辣椒雞湯 | E14: 41 | F14: 2051 | G14: =E14*F14 -> 84091 | I14: 26 | J14: 1500 | K14: =J14/I14 -> 57.692308 | L14: 26 | M14: =F14/V14*60 -> 1430.9302 | N14: =M14/L14 -> 55.035778 | O14: =L14-I14 -> 0 | P14: =N14-K14 -> -2.6565295 | Q14: =N14/K14 -> 0.95395349 | R14: =Q21 -> 0.95961305 | S14: 0.083333333 | T14: 0.14305556 | V14: =(T14-S14)*24*60 -> 86 | W14: =T14 -> 0.14305556 | X14: =S15 -> 0.16180556 | AC14: 7 | AE14: =M14-J14 -> -69.069767 | AF14: =M14/J14 -> 0.95395349 | AG14: =AF21 -> 0.95961305
A15: 新豐5線 | B15: 小吃 | C15: 香菇雞燉湯 | E15: 38.62 | F15: 2372 | G15: =E15*F15 -> 91606.64 | I15: 24 | J15: 1500 | K15: =J15/I15 -> 62.5 | L15: 24 | M15: =F15/V15*60 -> 1437.5758 | N15: =M15/L15 -> 59.89899 | O15: =L15-I15 -> 0 | P15: =N15-K15 -> -2.6010101 | Q15: =N15/K15 -> 0.95838384 | S15: 0.16180556 | T15: 0.23055556 | U15: =IF(S15=TIME(17,0,0),"",(S15-T14)*24*60) -> 27 | V15: =(T15-S15)*24*60 -> 99 | AE15: =M15-J15 -> -62.424242 | AF15: =M15/J15 -> 0.95838384
A16: 新豐5線 | B16: 微波主食 | C16: 香菇雞粥 | E16: 37.03 | F16: 3223 | G16: =E16*F16 -> 119347.69 | I16: 13 | J16: 1500 | K16: =J16/I16 -> 115.38462 | L16: 13 | M16: =F16/V16*60 -> 1432.4444 | N16: =M16/L16 -> 110.18803 | O16: =L16-I16 -> 0 | P16: =N16-K16 -> -5.1965812 | Q16: =N16/K16 -> 0.95496296 | S16: 0.23472222 | T16: 0.32847222 | U16: =IF(S16=TIME(17,0,0),"",(S16-T15)*24*60) -> 6 | V16: =(T16-S16)*24*60 -> 135 | AE16: =M16-J16 -> -67.555556 | AF16: =M16/J16 -> 0.95496296
A17: 新豐5線 | B17: 沙拉 | C17: 地瓜瓜握沙拉 | E17: 39.52 | F17: 3564 | G17: =E17*F17 -> 140849.28 | I17: 19 | J17: 1500 | K17: =J17/I17 -> 78.947368 | L17: 19 | M17: =F17/V17*60 -> 1435.1678 | N17: =M17/L17 -> 75.535147 | O17: =L17-I17 -> 0 | P17: =N17-K17 -> -3.4122218 | Q17: =N17/K17 -> 0.95677852 | S17: 0.33194444 | T17: 0.43541667 | U17: =IF(S17=TIME(17,0,0),"",(S17-T16)*24*60) -> 5 | V17: =(T17-S17)*24*60 -> 149 | AE17: =M17-J17 -> -64.832215 | AF17: =M17/J17 -> 0.95677852
A18: 新豐5線 | B18: 微波主食 | C18: 二配起司控培根白醬焗烤飯 | E18: 53.68 | F18: 955 | G18: =E18*F18 -> 51264.4 | I18: 16 | J18: 1500 | K18: =J18/I18 -> 93.75 | L18: 16 | M18: =F18/V18*60 -> 1432.5 | N18: =M18/L18 -> 89.53125 | O18: =L18-I18 -> 0 | P18: =N18-K18 -> -4.21875 | Q18: =N18/K18 -> 0.955 | S18: 0.70833333 | T18: 0.73611111 | U18: =IF(S18=TIME(17,0,0),"",(S18-T17)*24*60) | V18: =(T18-S18)*24*60 -> 40 | AE18: =M18-J18 -> -67.5 | AF18: =M18/J18 -> 0.955
A19: 新豐5線 | B19: 微波主食 | C19: 二配蔥爆牛肉燴飯 | E19: 52.86 | F19: 1066 | G19: =E19*F19 -> 56348.76 | I19: 16 | J19: 2000 | K19: =J19/I19 -> 125 | L19: 16 | M19: =F19/V19*60 -> 1938.1818 | N19: =M19/L19 -> 121.13636 | O19: =L19-I19 -> 0 | P19: =N19-K19 -> -3.8636364 | Q19: =N19/K19 -> 0.96909091 | S19: 0.74166667 | T19: 0.76458333 | U19: =IF(S19=TIME(17,0,0),"",(S19-T18)*24*60) -> 8 | V19: =(T19-S19)*24*60 -> 33 | AE19: =M19-J19 -> -61.818182 | AF19: =M19/J19 -> 0.96909091
A20: 新豐5線 | B20: 微波主食 | C20: 二配港式香滑嫩蛋牛肉燴飯 | E20: 50.67 | F20: 1543 | G20: =E20*F20 -> 78183.81 | I20: 17 | J20: 2000 | K20: =J20/I20 -> 117.64706 | L20: 17 | M20: =F20/V20*60 -> 1928.75 | N20: =M20/L20 -> 113.45588 | O20: =L20-I20 -> 0 | P20: =N20-K20 -> -4.1911765 | Q20: =N20/K20 -> 0.964375 | S20: 0.76875 | T20: 0.80208333 | U20: =IF(S20=TIME(17,0,0),"",(S20-T19)*24*60) -> 6 | V20: =(T20-S20)*24*60 -> 48 | AE20: =M20-J20 -> -71.25 | AF20: =M20/J20 -> 0.964375
A21: 新豐5線 | B21: 平均 | I21: 18.714286 | J21: 1642.8571 | K21: =J21/I21 -> 87.78626 | L21: 18.714286 | M21: =AVERAGE(M14:M20) -> 1576.5071 | N21: =M21/L21 -> 84.24084 | O21: =L21-I21 -> 0 | P21: =N21-K21 -> -3.5454196 | Q21: =N21/K21 -> 0.95961305 | Y21: =SUM(Y14:Y20) -> 0 | Z21: =SUM(Z14:Z20) -> 0 | AC21: 7 | AD21: =SUM(AD14:AD20) -> 0 | AE21: =M21-J21 -> -66.349995 | AF21: =M21/J21 -> 0.95961305
A22: 新豐7線 | B22: 微波主食 | C22: 韓式泡菜豬肉豆腐丼飯 | E22: 50.67 | F22: 1760 | G22: =E22*F22 -> 89179.2 | I22: 17 | J22: 2000 | K22: =J22/I22 -> 117.64706 | L22: 17 | M22: =F22/V22*60 -> 1920 | N22: =M22/L22 -> 112.94118 | O22: =L22-I22 -> 0 | P22: =N22-K22 -> -4.7058824 | Q22: =N22/K22 -> 0.96 | R22: =Q28 -> 0.95948153 | S22: 0.20833333 | T22: 0.24652778 | V22: =(T22-S22)*24*60 -> 55 | AC22: 6 | AE22: =M22-J22 -> -80 | AF22: =M22/J22 -> 0.96 | AG22: =AF28 -> 0.95948153
A23: 新豐7線 | B23: 微波主食 | C23: 鐵板滑蛋炸豬排丼 | E23: 57.73 | F23: 2276 | G23: =E23*F23 -> 131393.48 | I23: 14 | J23: 2000 | K23: =J23/I23 -> 142.85714 | L23: 14 | M23: =F23/V23*60 -> 1923.3803 | N23: =M23/L23 -> 137.38431 | O23: =L23-I23 -> 0 | P23: =N23-K23 -> -5.472837 | Q23: =N23/K23 -> 0.96169014 | S23: 0.25069444 | T23: 0.3 | U23: =IF(S23=TIME(17,0,0),"",(S23-T22)*24*60) -> 6 | V23: =(T23-S23)*24*60 -> 71 | AE23: =M23-J23 -> -76.619718 | AF23: =M23/J23 -> 0.96169014
A24: 新豐7線 | B24: 微波主食 | C24: 日式炙烤親子丼 | E24: 53.27 | F24: 1564 | G24: =E24*F24 -> 83314.28 | I24: 16 | J24: 2000 | K24: =J24/I24 -> 125 | L24: 16 | M24: =F24/V24*60 -> 1915.102 | N24: =M24/L24 -> 119.69388 | O24: =L24-I24 -> 0 | P24: =N24-K24 -> -5.3061224 | Q24: =N24/K24 -> 0.95755102 | S24: 0.30486111 | T24: 0.33888889 | U24: =IF(S24=TIME(17,0,0),"",(S24-T23)*24*60) -> 7 | V24: =(T24-S24)*24*60 -> 49 | AE24: =M24-J24 -> -84.897959 | AF24: =M24/J24 -> 0.95755102
A25: 新豐7線 | B25: 微波主食 | C25: 炙烤醬香燒豚飯 | E25: 51.44 | F25: 1310 | G25: =E25*F25 -> 67386.4 | I25: 25 | J25: 2000 | K25: =J25/I25 -> 80 | L25: 25 | M25: =F25/V25*60 -> 1917.0732 | N25: =M25/L25 -> 76.682927 | O25: =L25-I25 -> 0 | P25: =N25-K25 -> -3.3170732 | Q25: =N25/K25 -> 0.95853659 | S25: 0.34444444 | T25: 0.37291667 | U25: =IF(S25=TIME(17,0,0),"",(S25-T24)*24*60) -> 8 | V25: =(T25-S25)*24*60 -> 41 | AE25: =M25-J25 -> -82.926829 | AF25: =M25/J25 -> 0.95853659
A26: 新豐7線 | B26: 微波主食 | C26: 二配川味麻婆燒豆腐燴飯 | E26: 50.49 | F26: 1894 | G26: =E26*F26 -> 95628.06 | I26: 15 | J26: 2000 | K26: =J26/I26 -> 133.33333 | L26: 15 | M26: =F26/V26*60 -> 1926.1017 | N26: =M26/L26 -> 128.40678 | O26: =L26-I26 -> 0 | P26: =N26-K26 -> -4.9265537 | Q26: =N26/K26 -> 0.96305085 | S26: 0.70833333 | T26: 0.74930556 | U26: =IF(S26=TIME(17,0,0),"",(S26-T25)*24*60) | V26: =(T26-S26)*24*60 -> 59 | AE26: =M26-J26 -> -73.898305 | AF26: =M26/J26 -> 0.96305085
A27: 新豐7線 | B27: 微波主食 | C27: 二配打拋風味豬肉飯 | E27: 51.06 | F27: 3155 | G27: =E27*F27 -> 161094.3 | I27: 13 | J27: 2000 | K27: =J27/I27 -> 153.84615 | L27: 13 | M27: =F27/V27*60 -> 1912.1212 | N27: =M27/L27 -> 147.08625 | O27: =L27-I27 -> 0 | P27: =N27-K27 -> -6.7599068 | Q27: =N27/K27 -> 0.95606061 | S27: 0.75416667 | T27: 0.82291667 | U27: =IF(S27=TIME(17,0,0),"",(S27-T26)*24*60) -> 7 | V27: =(T27-S27)*24*60 -> 99 | AE27: =M27-J27 -> -87.878788 | AF27: =M27/J27 -> 0.95606061
A28: 新豐7線 | B28: 平均 | I28: 16.666667 | J28: 2000 | K28: =J28/I28 -> 120 | L28: 16.666667 | M28: =AVERAGE(M22:M27) -> 1918.9631 | N28: =M28/L28 -> 115.13778 | O28: =L28-I28 -> 0 | P28: =N28-K28 -> -4.862216 | Q28: =N28/K28 -> 0.95948153 | Y28: =SUM(Y22:Y27) -> 0 | Z28: =SUM(Z22:Z27) -> 0 | AC28: 6 | AD28: =SUM(AD22:AD27) -> 0 | AE28: =M28-J28 -> -81.036933 | AF28: =M28/J28 -> 0.95948153
A29: 新豐8線 | B29: 三明治 | C29: 紐奧良風味烤雞鮮蔬三明治 | E29: 31.29 | F29: 7678 | G29: =E29*F29 -> 240244.62 | I29: 18 | J29: 2400 | K29: =J29/I29 -> 133.33333 | L29: 18 | M29: =F29/V29*60 -> 2291.9403 | N29: =M29/L29 -> 127.33002 | O29: =L29-I29 -> 0 | P29: =N29-K29 -> -6.0033167 | Q29: =N29/K29 -> 0.95497512 | R29: =Q35 -> 0.95497799 | S29: 0.083333333 | T29: 0.22291667 | V29: =(T29-S29)*24*60 -> 201 | W29: =T29 -> 0.22291667 | X29: =S30 -> 0.24236111 | AC29: 6 | AE29: =M29-J29 -> -108.0597 | AF29: =M29/J29 -> 0.95497512 | AG29: =AF35 -> 0.95497799
A30: 新豐8線 | B30: 三明治 | C30: 醬燒烤雞三明治(115年) | E30: 26.37 | F30: 5195 | G30: =E30*F30 -> 136992.15 | I30: 18 | J30: 2400 | K30: =J30/I30 -> 133.33333 | L30: 18 | M30: =F30/V30*60 -> 2291.9118 | N30: =M30/L30 -> 127.32843 | O30: =L30-I30 -> 0 | P30: =N30-K30 -> -6.004902 | Q30: =N30/K30 -> 0.95496324 | S30: 0.24236111 | T30: 0.33680556 | U30: =(S30-T29)*24*60 -> 28 | V30: =(T30-S30)*24*60 -> 136 | AE30: =M30-J30 -> -108.08824 | AF30: =M30/J30 -> 0.95496324
A31: 新豐8線 | B31: 三明治 | C31: 鮪魚起司溏心蛋三明治(115年) | E31: 26.18 | F31: 3800 | G31: =E31*F31 -> 99484 | H31: 2 | I31: 18 | J31: 2400 | K31: =J31/I31 -> 133.33333 | L31: 18 | M31: =F31/V31*60 -> 2280 | N31: =M31/L31 -> 126.66667 | O31: =L31-I31 -> 0 | P31: =N31-K31 -> -6.6666667 | Q31: =N31/K31 -> 0.95 | S31: 0.34097222 | T31: 0.41041667 | U31: =(S31-T30)*24*60 -> 6 | V31: =(T31-S31)*24*60 -> 100 | AE31: =M31-J31 -> -120 | AF31: =M31/J31 -> 0.95
A32: 新豐8線 | B32: 三明治 | C32: 茄汁厚起司三明治 | E32: 25.99 | F32: 1271 | G32: =E32*F32 -> 33033.29 | I32: 18 | J32: 2400 | K32: =J32/I32 -> 133.33333 | L32: 18 | M32: =F32/V32*60 -> 2310.9091 | N32: =M32/L32 -> 128.38384 | O32: =L32-I32 -> 0 | P32: =N32-K32 -> -4.9494949 | Q32: =N32/K32 -> 0.96287879 | S32: 0.41458333 | T32: 0.4375 | U32: =(S32-T31)*24*60 -> 6 | V32: =(T32-S32)*24*60 -> 33 | AE32: =M32-J32 -> -89.090909 | AF32: =M32/J32 -> 0.96287879
A33: 新豐8線 | B33: 三明治 | C33: 雞蛋沙拉三明治(114年) | E33: 25.99 | F33: 3240 | G33: =E33*F33 -> 84207.6 | I33: 14 | J33: 2400 | K33: =J33/I33 -> 171.42857 | L33: 14 | M33: =F33/V33*60 -> 2287.0588 | N33: =M33/L33 -> 163.36134 | O33: =L33-I33 -> 0 | P33: =N33-K33 -> -8.0672269 | Q33: =N33/K33 -> 0.95294118 | S33: 0.44097222 | T33: 0.5 | U33: =(S33-T32)*24*60 -> 5 | V33: =(T33-S33)*24*60 -> 85 | W33: =T33 -> 0.5 | X33: =S34 -> 0.53888889 | AE33: =M33-J33 -> -112.94118 | AF33: =M33/J33 -> 0.95294118
A34: 新豐8線 | B34: 三明治 | C34: 鮪魚起司溏心蛋三明治(115年) | E34: 26.18 | F34: 2786 | G34: =E34*F34 -> 72937.48 | I34: 18 | J34: 2400 | K34: =J34/I34 -> 133.33333 | L34: 18 | M34: =F34/V34*60 -> 2289.863 | N34: =M34/L34 -> 127.21461 | O34: =L34-I34 -> 0 | P34: =N34-K34 -> -6.1187215 | Q34: =N34/K34 -> 0.95410959 | S34: 0.53888889 | T34: 0.58958333 | U34: =(S34-T33)*24*60 -> 56 | V34: =(T34-S34)*24*60 -> 73 | AE34: =M34-J34 -> -110.13699 | AF34: =M34/J34 -> 0.95410959
A35: 新豐8線 | B35: 平均 | I35: 17.333333 | J35: 2400 | K35: =J35/I35 -> 138.46154 | L35: 17.333333 | M35: =AVERAGE(M29:M34) -> 2291.9472 | N35: =M35/L35 -> 132.22772 | O35: =L35-I35 -> 0 | P35: =N35-K35 -> -6.2338174 | Q35: =N35/K35 -> 0.95497799 | Y35: =SUM(Y29:Y34) -> 0 | Z35: =SUM(Z29:Z34) -> 0 | AC35: 6 | AD35: =SUM(AD29:AD34) -> 0 | AE35: =M35-J35 -> -108.05283 | AF35: =M35/J35 -> 0.95497799
A36: 新豐9線 | B36: 三明治 | C36: 經典總匯三明治(115年) | E36: 26.18 | F36: 5010 | G36: =E36*F36 -> 131161.8 | I36: 20 | J36: 2400 | K36: =J36/I36 -> 120 | L36: 20 | M36: =F36/V36*60 -> 2294.6565 | N36: =M36/L36 -> 114.73282 | O36: =L36-I36 -> 0 | P36: =N36-K36 -> -5.2671756 | Q36: =N36/K36 -> 0.95610687 | R36: =Q43 -> 0.95761627 | S36: 0.083333333 | T36: 0.17430556 | V36: =(T36-S36)*24*60 -> 131 | W36: =T36 -> 0.17430556 | X36: =S37 -> 0.19513889 | AC36: 7 | AE36: =M36-J36 -> -105.34351 | AF36: =M36/J36 -> 0.95610687 | AG36: =AF43 -> 0.95761627
A37: 新豐9線 | B37: 三明治 | C37: 經典火腿玉米蛋三明治 | E37: 24.43 | F37: 5732 | G37: =E37*F37 -> 140032.76 | I37: 14 | J37: 2400 | K37: =J37/I37 -> 171.42857 | L37: 14 | M37: =F37/V37*60 -> 2292.8 | N37: =M37/L37 -> 163.77143 | O37: =L37-I37 -> 0 | P37: =N37-K37 -> -7.6571429 | Q37: =N37/K37 -> 0.95533333 | S37: 0.19513889 | T37: 0.29930556 | U37: =(S37-T36)*24*60 -> 30 | V37: =(T37-S37)*24*60 -> 150 | AE37: =M37-J37 -> -107.2 | AF37: =M37/J37 -> 0.95533333
A38: 新豐9線 | B38: 三明治 | C38: 五彩鮮蔬三明治 | E38: 25.98 | F38: 3800 | G38: =E38*F38 -> 98724 | H38: 2 | I38: 20 | J38: 2400 | K38: =J38/I38 -> 120 | L38: 20 | M38: =F38/V38*60 -> 2303.0303 | N38: =M38/L38 -> 115.15152 | O38: =L38-I38 -> 0 | P38: =N38-K38 -> -4.8484848 | Q38: =N38/K38 -> 0.95959596 | S38: 0.30277778 | T38: 0.37152778 | U38: =(S38-T37)*24*60 -> 5 | V38: =(T38-S38)*24*60 -> 99 | AE38: =M38-J38 -> -96.969697 | AF38: =M38/J38 -> 0.95959596
A39: 新豐9線 | B39: 三明治 | C39: 好多蛋三明治 | E39: 34.1 | F39: 3000 | G39: =E39*F39 -> 102300 | H39: 2 | I39: 17 | J39: 1600 | K39: =J39/I39 -> 94.117647 | L39: 17 | M39: =F39/V39*60 -> 1525.4237 | N39: =M39/L39 -> 89.730808 | O39: =L39-I39 -> 0 | P39: =N39-K39 -> -4.3868395 | Q39: =N39/K39 -> 0.95338983 | S39: 0.375 | T39: 0.45694444 | U39: =(S39-T38)*24*60 -> 5 | V39: =(T39-S39)*24*60 -> 118 | AE39: =M39-J39 -> -74.576271 | AF39: =M39/J39 -> 0.95338983
A40: 新豐9線 | B40: 三明治 | C40: 榛果摩卡脆脆三明治 | E40: 20.21 | F40: 2700 | G40: =E40*F40 -> 54567 | I40: 18 | J40: 2400 | K40: =J40/I40 -> 133.33333 | L40: 18 | M40: =F40/V40*60 -> 2314.2857 | N40: =M40/L40 -> 128.57143 | O40: =L40-I40 -> 0 | P40: =N40-K40 -> -4.7619048 | Q40: =N40/K40 -> 0.96428571 | S40: 0.46041667 | T40: 0.50902778 | U40: =(S40-T39)*24*60 -> 5 | V40: =(T40-S40)*24*60 -> 70 | W40: =T40 -> 0.50902778 | X40: =S41 -> 0.54930556 | AE40: =M40-J40 -> -85.714286 | AF40: =M40/J40 -> 0.96428571
A41: 新豐9線 | B41: 三明治 | C41: 好多蛋三明治 | E41: 34.1 | F41: 2274 | G41: =E41*F41 -> 77543.4 | I41: 17 | J41: 1600 | K41: =J41/I41 -> 94.117647 | L41: 17 | M41: =F41/V41*60 -> 1533.0337 | N41: =M41/L41 -> 90.178453 | O41: =L41-I41 -> 0 | P41: =N41-K41 -> -3.9391937 | Q41: =N41/K41 -> 0.95814607 | S41: 0.54930556 | T41: 0.61111111 | U41: =(S41-T40)*24*60 -> 58 | V41: =(T41-S41)*24*60 -> 89 | AE41: =M41-J41 -> -66.966292 | AF41: =M41/J41 -> 0.95814607
A42: 新豐9線 | B42: 三明治 | C42: 五彩鮮蔬三明治 | E42: 25.98 | F42: 2560 | G42: =E42*F42 -> 66508.8 | I42: 20 | J42: 2400 | K42: =J42/I42 -> 120 | L42: 20 | M42: =F42/V42*60 -> 2292.5373 | N42: =M42/L42 -> 114.62687 | O42: =L42-I42 -> 0 | P42: =N42-K42 -> -5.3731343 | Q42: =N42/K42 -> 0.95522388 | S42: 0.61666667 | T42: 0.66319444 | U42: =(S42-T41)*24*60 -> 8 | V42: =(T42-S42)*24*60 -> 67 | AE42: =M42-J42 -> -107.46269 | AF42: =M42/J42 -> 0.95522388
A43: 新豐9線 | B43: 平均 | I43: 18 | J43: 2171.4286 | K43: =J43/I43 -> 120.63492 | L43: 18 | M43: =AVERAGE(M36:M42) -> 2079.3953 | N43: =M43/L43 -> 115.52196 | O43: =L43-I43 -> 0 | P43: =N43-K43 -> -5.1129583 | Q43: =N43/K43 -> 0.95761627 | Y43: =SUM(Y36:Y42) -> 0 | Z43: =SUM(Z36:Z42) -> 0 | AC43: 7 | AD43: =SUM(AD36:AD42) -> 0 | AE43: =M43-J43 -> -92.033249 | AF43: =M43/J43 -> 0.95761627
A44: 新豐3線 | B44: 調理麵包 | C44: 經典雙牛起司堡(113年) | E44: 35.12 | F44: 5526 | G44: =E44*F44 -> 194073.12 | I44: 10 | J44: 3000 | K44: =J44/I44 -> 300 | L44: 10 | M44: =F44/V44*60 -> 2858.2759 | N44: =M44/L44 -> 285.82759 | O44: =L44-I44 -> 0 | P44: =N44-K44 -> -14.172414 | Q44: =N44/K44 -> 0.95275862 | R44: =Q47 -> 0.95515031 | S44: 0.20833333 | T44: 0.28888889 | V44: =(T44-S44)*24*60 -> 116 | AC44: 3 | AE44: =M44-J44 -> -141.72414 | AF44: =M44/J44 -> 0.95275862 | AG44: =AF47 -> 0.95515031
A45: 新豐3線 | B45: 調理麵包 | C45: 豬肉起司堡 | E45: 21.13 | F45: 4980 | G45: =E45*F45 -> 105227.4 | I45: 10 | J45: 3000 | K45: =J45/I45 -> 300 | L45: 10 | M45: =F45/V45*60 -> 2873.0769 | N45: =M45/L45 -> 287.30769 | O45: =L45-I45 -> 0 | P45: =N45-K45 -> -12.692308 | Q45: =N45/K45 -> 0.95769231 | S45: 0.29444444 | T45: 0.36666667 | U45: =(S45-T44)*24*60 -> 8 | V45: =(T45-S45)*24*60 -> 104 | AE45: =M45-J45 -> -126.92308 | AF45: =M45/J45 -> 0.95769231
A46: 新豐3線 | B46: 調理麵包 | C46: 豬肉起司蛋堡 | E46: 27.17 | F46: 6685 | G46: =E46*F46 -> 181631.45 | I46: 10 | J46: 3000 | K46: =J46/I46 -> 300 | L46: 10 | M46: =F46/V46*60 -> 2865 | N46: =M46/L46 -> 286.5 | O46: =L46-I46 -> 0 | P46: =N46-K46 -> -13.5 | Q46: =N46/K46 -> 0.955 | S46: 0.37152778 | T46: 0.46875 | U46: =(S46-T45)*24*60 -> 7 | V46: =(T46-S46)*24*60 -> 140 | AE46: =M46-J46 -> -135 | AF46: =M46/J46 -> 0.955
A47: 新豐3線 | B47: 平均 | I47: 10 | J47: 3000 | K47: =J47/I47 -> 300 | L47: 10 | M47: =AVERAGE(M44:M46) -> 2865.4509 | N47: =M47/L47 -> 286.54509 | O47: =L47-I47 -> 0 | P47: =N47-K47 -> -13.454907 | Q47: =N47/K47 -> 0.95515031 | Y47: =SUM(Y44:Y46) -> 0 | Z47: =SUM(Z44:Z46) -> 0 | AC47: 3 | AD47: =SUM(AD44:AD46) -> 0 | AE47: =M47-J47 -> -134.54907 | AF47: =M47/J47 -> 0.95515031
A48: 新豐1線 | B48: 微波主食 | C48: 壹號醬雞豚雙拼 | E48: 56.43 | F48: 1293 | G48: =E48*F48 -> 72963.99 | I48: 22 | J48: 2000 | K48: =J48/I48 -> 90.909091 | L48: 22 | M48: =F48/V48*60 -> 1939.5 | N48: =M48/L48 -> 88.159091 | O48: =L48-I48 -> 0 | P48: =N48-K48 -> -2.75 | Q48: =N48/K48 -> 0.96975 | R48: =Q55 -> 0.96069177 | S48: 0.16666667 | T48: 0.19444444 | V48: =(T48-S48)*24*60 -> 40 | W48: =T48 -> 0.19444444 | X48: =S49 -> 0.21458333 | AC48: 7 | AE48: =M48-J48 -> -60.5 | AF48: =M48/J48 -> 0.96975 | AG48: =AF55 -> 0.96069177
A49: 新豐1線 | B49: 沙拉 | C49: 蔥鹽雞肉麵沙拉(114年) | E49: 46 | F49: 2751 | G49: =E49*F49 -> 126546 | I49: 16 | J49: 2000 | K49: =J49/I49 -> 125 | L49: 16 | M49: =F49/V49*60 -> 1919.3023 | N49: =M49/L49 -> 119.9564 | O49: =L49-I49 -> 0 | P49: =N49-K49 -> -5.0436047 | Q49: =N49/K49 -> 0.95965116 | S49: 0.21458333 | T49: 0.27430556 | U49: =IF(S49=TIME(17,0,0),"",(S49-T48)*24*60) -> 29 | V49: =(T49-S49)*24*60 -> 86 | AE49: =M49-J49 -> -80.697674 | AF49: =M49/J49 -> 0.95965116
A50: 新豐1線 | B50: 沙拉 | C50: 莎莎烤雞麵沙拉(115年) | E50: 46 | F50: 4053 | G50: =E50*F50 -> 186438 | I50: 17 | J50: 2000 | K50: =J50/I50 -> 117.64706 | L50: 17 | M50: =F50/V50*60 -> 1914.8031 | N50: =M50/L50 -> 112.63548 | O50: =L50-I50 -> 0 | P50: =N50-K50 -> -5.0115794 | Q50: =N50/K50 -> 0.95740157 | S50: 0.27847222 | T50: 0.36666667 | U50: =IF(S50=TIME(17,0,0),"",(S50-T49)*24*60) -> 6 | V50: =(T50-S50)*24*60 -> 127 | AE50: =M50-J50 -> -85.19685 | AF50: =M50/J50 -> 0.95740157
A51: 新豐1線 | B51: 微波主食 | C51: 爆炒雞丁飯 | E51: 59.04 | F51: 2080 | G51: =E51*F51 -> 122803.2 | I51: 19 | J51: 2000 | K51: =J51/I51 -> 105.26316 | L51: 19 | M51: =F51/V51*60 -> 1920 | N51: =M51/L51 -> 101.05263 | O51: =L51-I51 -> 0 | P51: =N51-K51 -> -4.2105263 | Q51: =N51/K51 -> 0.96 | S51: 0.37222222 | T51: 0.41736111 | U51: =IF(S51=TIME(17,0,0),"",(S51-T50)*24*60) -> 8 | V51: =(T51-S51)*24*60 -> 65 | AE51: =M51-J51 -> -80 | AF51: =M51/J51 -> 0.96
A52: 新豐1線 | B52: 微波主食 | C52: 二配香辣醬蒜味香腸蛋炒飯 | E52: 55.56 | F52: 2259 | G52: =E52*F52 -> 125510.04 | I52: 17 | J52: 2000 | K52: =J52/I52 -> 117.64706 | L52: 17 | M52: =F52/V52*60 -> 1909.0141 | N52: =M52/L52 -> 112.29495 | O52: =L52-I52 -> 0 | P52: =N52-K52 -> -5.3521127 | Q52: =N52/K52 -> 0.95450704 | S52: 0.70833333 | T52: 0.75763889 | U52: =IF(S52=TIME(17,0,0),"",(S52-T51)*24*60) | V52: =(T52-S52)*24*60 -> 71 | AE52: =M52-J52 -> -90.985915 | AF52: =M52/J52 -> 0.95450704
A53: 新豐1線 | B53: 微波主食 | C53: 二配藤椒雞丁炒飯 | E53: 54.09 | F53: 1464 | G53: =E53*F53 -> 79187.76 | I53: 13 | J53: 2000 | K53: =J53/I53 -> 153.84615 | L53: 13 | M53: =F53/V53*60 -> 1909.5652 | N53: =M53/L53 -> 146.88963 | O53: =L53-I53 -> 0 | P53: =N53-K53 -> -6.9565217 | Q53: =N53/K53 -> 0.95478261 | S53: 0.7625 | T53: 0.79444444 | U53: =IF(S53=TIME(17,0,0),"",(S53-T52)*24*60) -> 7 | V53: =(T53-S53)*24*60 -> 46 | AE53: =M53-J53 -> -90.434783 | AF53: =M53/J53 -> 0.95478261
A54: 新豐1線 | B54: 微波主食 | C54: 二配厚香料優格咖哩雞排飯 | E54: 56.43 | F54: 1550 | G54: =E54*F54 -> 87466.5 | I54: 13 | J54: 2000 | K54: =J54/I54 -> 153.84615 | L54: 13 | M54: =F54/V54*60 -> 1937.5 | N54: =M54/L54 -> 149.03846 | O54: =L54-I54 -> 0 | P54: =N54-K54 -> -4.8076923 | Q54: =N54/K54 -> 0.96875 | S54: 0.79930556 | T54: 0.83263889 | U54: =IF(S54=TIME(17,0,0),"",(S54-T53)*24*60) -> 7 | V54: =(T54-S54)*24*60 -> 48 | AE54: =M54-J54 -> -62.5 | AF54: =M54/J54 -> 0.96875
A55: 新豐1線 | B55: 平均 | I55: 16.714286 | J55: 2000 | K55: =J55/I55 -> 119.65812 | L55: 16.714286 | M55: =AVERAGE(M48:M54) -> 1921.3835 | N55: =M55/L55 -> 114.95457 | O55: =L55-I55 -> 0 | P55: =N55-K55 -> -4.7035489 | Q55: =N55/K55 -> 0.96069177 | Y55: =SUM(Y48:Y54) -> 0 | Z55: =SUM(Z48:Z54) -> 0 | AC55: 7 | AD55: =SUM(AD48:AD54) -> 0 | AE55: =M55-J55 -> -78.61646 | AF55: =M55/J55 -> 0.96069177
A56: 新豐10線 | B56: 調理麵包 | C56: 厚豆腐蛋白蕈菇豬肉堡 | E56: 34.36 | F56: 2093 | G56: =E56*F56 -> 71915.48 | I56: 10 | J56: 3000 | K56: =J56/I56 -> 300 | L56: 10 | M56: =F56/V56*60 -> 2920.4651 | N56: =M56/L56 -> 292.04651 | O56: =L56-I56 -> 0 | P56: =N56-K56 -> -7.9534884 | Q56: =N56/K56 -> 0.97348837 | R56: =Q60 -> 0.96261474 | S56: 0.20833333 | T56: 0.23819444 | V56: =(T56-S56)*24*60 -> 43 | AC56: 4 | AE56: =M56-J56 -> -79.534884 | AF56: =M56/J56 -> 0.97348837 | AG56: =AF60 -> 0.96261474
A57: 新豐10線 | B57: 調理麵包 | C57: 香雞蛋堡(112年) | E57: 26.78 | F57: 2499 | G57: =E57*F57 -> 66923.22 | I57: 10 | J57: 3000 | K57: =J57/I57 -> 300 | L57: 10 | M57: =F57/V57*60 -> 2883.4615 | N57: =M57/L57 -> 288.34615 | O57: =L57-I57 -> 0 | P57: =N57-K57 -> -11.653846 | Q57: =N57/K57 -> 0.96115385 | S57: 0.24305556 | T57: 0.27916667 | U57: =(S57-T56)*24*60 -> 7 | V57: =(T57-S57)*24*60 -> 52 | AE57: =M57-J57 -> -116.53846 | AF57: =M57/J57 -> 0.96115385
A58: 新豐10線 | B58: 調理麵包 | C58: 美式雞腿堡 | E58: 35.87 | F58: 3783 | G58: =E58*F58 -> 135696.21 | I58: 9 | J58: 3000 | K58: =J58/I58 -> 333.33333 | L58: 9 | M58: =F58/V58*60 -> 2873.1646 | N58: =M58/L58 -> 319.24051 | O58: =L58-I58 -> 0 | P58: =N58-K58 -> -14.092827 | Q58: =N58/K58 -> 0.95772152 | S58: 0.28472222 | T58: 0.33958333 | U58: =(S58-T57)*24*60 -> 8 | V58: =(T58-S58)*24*60 -> 79 | AE58: =M58-J58 -> -126.83544 | AF58: =M58/J58 -> 0.95772152
A59: 新豐10線 | B59: 調理麵包 | C59: 黃金魚堡(114年) | E59: 34.35 | F59: 2012 | G59: =E59*F59 -> 69112.2 | I59: 8 | J59: 3000 | K59: =J59/I59 -> 375 | L59: 8 | M59: =F59/V59*60 -> 2874.2857 | N59: =M59/L59 -> 359.28571 | O59: =L59-I59 -> 0 | P59: =N59-K59 -> -15.714286 | Q59: =N59/K59 -> 0.95809524 | S59: 0.34375 | T59: 0.37291667 | U59: =(S59-T58)*24*60 -> 6 | V59: =(T59-S59)*24*60 -> 42 | AE59: =M59-J59 -> -125.71429 | AF59: =M59/J59 -> 0.95809524
A60: 新豐10線 | B60: 平均 | I60: 9.25 | J60: 3000 | K60: =J60/I60 -> 324.32432 | L60: 9.25 | M60: =AVERAGE(M56:M59) -> 2887.8442 | N60: =M60/L60 -> 312.19938 | O60: =L60-I60 -> 0 | P60: =N60-K60 -> -12.124948 | Q60: =N60/K60 -> 0.96261474 | Y60: =SUM(Y56:Y59) -> 0 | Z60: =SUM(Z56:Z59) -> 0 | AC60: 4 | AD60: =SUM(AD56:AD59) -> 0 | AE60: =M60-J60 -> -112.15577 | AF60: =M60/J60 -> 0.96261474
A61: 新豐4線 | B61: 三明治 | C61: 火腿起司蛋三明治 | E61: 19.02 | F61: 8709 | G61: =E61*F61 -> 165645.18 | I61: 14 | J61: 2400 | K61: =J61/I61 -> 171.42857 | L61: 14 | M61: =F61/V61*60 -> 2291.8421 | N61: =M61/L61 -> 163.70301 | O61: =L61-I61 -> 0 | P61: =N61-K61 -> -7.7255639 | Q61: =N61/K61 -> 0.95493421 | R61: =Q66 -> 0.95902419 | S61: 0.083333333 | T61: 0.24166667 | V61: =(T61-S61)*24*60 -> 228 | W61: =T61 -> 0.24166667 | X61: =S62 -> 0.26111111 | AC61: 5 | AE61: =M61-J61 -> -108.15789 | AF61: =M61/J61 -> 0.95493421 | AG61: =AF66 -> 0.95902419
A62: 新豐4線 | B62: 三明治 | C62: 肉鬆火腿三明治(115年) | E62: 20.36 | F62: 3416 | G62: =E62*F62 -> 69549.76 | I62: 17 | J62: 2400 | K62: =J62/I62 -> 141.17647 | L62: 17 | M62: =F62/V62*60 -> 2302.9213 | N62: =M62/L62 -> 135.46596 | O62: =L62-I62 -> 0 | P62: =N62-K62 -> -5.7105089 | Q62: =N62/K62 -> 0.95955056 | S62: 0.26111111 | T62: 0.32291667 | U62: =(S62-T61)*24*60 -> 28 | V62: =(T62-S62)*24*60 -> 89 | AE62: =M62-J62 -> -97.078652 | AF62: =M62/J62 -> 0.95955056
A63: 新豐4線 | B63: 三明治 | C63: 藍莓優格三明治 | E63: 20.21 | F63: 2475 | G63: =E63*F63 -> 50019.75 | I63: 15 | J63: 2400 | K63: =J63/I63 -> 160 | L63: 15 | M63: =F63/V63*60 -> 2320.3125 | N63: =M63/L63 -> 154.6875 | O63: =L63-I63 -> 0 | P63: =N63-K63 -> -5.3125 | Q63: =N63/K63 -> 0.96679687 | S63: 0.32847222 | T63: 0.37291667 | U63: =(S63-T62)*24*60 -> 8 | V63: =(T63-S63)*24*60 -> 64 | AE63: =M63-J63 -> -79.6875 | AF63: =M63/J63 -> 0.96679687
A64: 新豐4線 | B64: 三明治 | C64: 香蕉可可三明治 | E64: 22.69 | F64: 2403 | G64: =E64*F64 -> 54524.07 | I64: 15 | J64: 2400 | K64: =J64/I64 -> 160 | L64: 15 | M64: =F64/V64*60 -> 2288.5714 | N64: =M64/L64 -> 152.57143 | O64: =L64-I64 -> 0 | P64: =N64-K64 -> -7.4285714 | Q64: =N64/K64 -> 0.95357143 | S64: 0.37638889 | T64: 0.42013889 | U64: =(S64-T63)*24*60 -> 5 | V64: =(T64-S64)*24*60 -> 63 | AE64: =M64-J64 -> -111.42857 | AF64: =M64/J64 -> 0.95357143
A65: 新豐4線 | B65: 三明治 | C65: 起司芋見肉鬆三明治 | E65: 25.98 | F65: 4302 | G65: =E65*F65 -> 111765.96 | I65: 17 | J65: 2400 | K65: =J65/I65 -> 141.17647 | L65: 17 | M65: =F65/V65*60 -> 2304.6429 | N65: =M65/L65 -> 135.56723 | O65: =L65-I65 -> 0 | P65: =N65-K65 -> -5.6092437 | Q65: =N65/K65 -> 0.96026786 | S65: 0.42430556 | T65: 0.50208333 | U65: =(S65-T64)*24*60 -> 6 | V65: =(T65-S65)*24*60 -> 112 | AE65: =M65-J65 -> -95.357143 | AF65: =M65/J65 -> 0.96026786
A66: 新豐4線 | B66: 平均 | I66: 15.6 | J66: 2400 | K66: =J66/I66 -> 153.84615 | L66: 15.6 | M66: =AVERAGE(M61:M65) -> 2301.658 | N66: =M66/L66 -> 147.54218 | O66: =L66-I66 -> 0 | P66: =N66-K66 -> -6.3039713 | Q66: =N66/K66 -> 0.95902419 | Y66: =SUM(Y61:Y65) -> 0 | Z66: =SUM(Z61:Z65) -> 0 | AC66: 5 | AD66: =SUM(AD61:AD65) -> 0 | AE66: =M66-J66 -> -98.341952 | AF66: =M66/J66 -> 0.95902419

Sheet 0626
B1: 屏榮 新豐廠組合室生產人時性分析
B3: 日期 | C3: =TEXT('0626 4度C'!A2,"yyyy.mm.ddaaaa") -> 2026.06.26星期五 | E3: 訂單量 | F3: ='0626 4度C'!D1 -> 146893 | H3: 營業額 | I3: ='0626 4度C'!F1 -> 5051396.6
B4: 人時性 | C4: 項目 | E4: ➀ | G4: ➁ | I4: ➂ | K4: 異常停線 | M4: 短暫停線
C5: 組合室 | E5: 全溫層 | G5: 4度C-各編組展開 | I5: ③三明治-各編組展開 | K5: 合計次數 | L5: 時間 | M5: 合計次數 | N5: 設備次數
C6: 排關平均 | E6: =AVERAGE(D13:M13) -> 158.45745 | F6: =AVERAGE(D31:O31,D13:J13) -> 167.20554 | G6: =AVERAGE(D13:J13) -> 167.20554 | I6: =AVERAGE(K13:M13) -> 138.04525 | K6: ='0626 4度C'!Y2 -> 0 | L6: ='0626 4度C'!Z2 -> 0 | M6: ='0626 4度C'!AC2 -> 50 | N6: ='0626 4度C'!AD2 -> 0
C7: 實績平均 | E7: =AVERAGE(D14:M14) -> 151.70776 | F7: =AVERAGE(D32:O32,D14:J14) -> 160.154 | G7: =AVERAGE(D14:J14) -> 160.154 | I7: =AVERAGE(K14:M14) -> 131.99987
C8: 達成率平均 | E8: =AVERAGE(D15:M15) -> 0.95737449 | F8: =AVERAGE(D15:J15,D33:O33) -> 0.95790861 | G8: =AVERAGE(D15:J15) -> 0.95790861 | I8: =AVERAGE(K15:M15) -> 0.9561282
K9: ※現行日本鮮食廠以達成率80%為基本(即為現行KPI)
B10: 溫層 | D10: ➁4度C-各編組展開 | K10: ③三明治-各編組展開
B11: 編組 | D11: 1 | E11: 2 | F11: 3 | G11: 4 | H11: 5 | I11: 6 | J11: 7 | K11: 1 | L11: 2 | M11: 3
D12: 新豐6線 | E12: 新豐2線 | F12: 新豐5線 | G12: 新豐7線 | H12: 新豐3線 | I12: 新豐1線 | J12: 新豐10線 | K12: 新豐8線 | L12: 新豐9線 | M12: 新豐4線
B13: 人時性 | C13: 排關 | D13: =SUMIFS('0626 4度C'!$K:$K,'0626 4度C'!$A:$A,"新豐6線",'0626 4度C'!$B:$B,"平均") -> 130.43478 | E13: =SUMIFS('0626 4度C'!$K:$K,'0626 4度C'!$A:$A,"新豐2線",'0626 4度C'!$B:$B,"平均") -> 88.235294 | F13: =SUMIFS('0626 4度C'!$K:$K,'0626 4度C'!$A:$A,"新豐5線",'0626 4度C'!$B:$B,"平均") -> 87.78626 | G13: =SUMIFS('0626 4度C'!$K:$K,'0626 4度C'!$A:$A,"新豐7線",'0626 4度C'!$B:$B,"平均") -> 120 | H13: =SUMIFS('0626 4度C'!$K:$K,'0626 4度C'!$A:$A,"新豐3線",'0626 4度C'!$B:$B,"平均") -> 300 | I13: =SUMIFS('0626 4度C'!$K:$K,'0626 4度C'!$A:$A,"新豐1線",'0626 4度C'!$B:$B,"平均") -> 119.65812 | J13: =SUMIFS('0626 4度C'!$K:$K,'0626 4度C'!$A:$A,"新豐10線",'0626 4度C'!$B:$B,"平均") -> 324.32432 | K13: =SUMIFS('0626 4度C'!$K:$K,'0626 4度C'!$A:$A,"新豐8線",'0626 4度C'!$B:$B,"平均") -> 139.53488 | L13: =SUMIFS('0626 4度C'!$K:$K,'0626 4度C'!$A:$A,"新豐9線",'0626 4度C'!$B:$B,"平均") -> 120.75472 | M13: =SUMIFS('0626 4度C'!$K:$K,'0626 4度C'!$A:$A,"新豐4線",'0626 4度C'!$B:$B,"平均") -> 153.84615
C14: 實績 | D14: =SUMIFS('0626 4度C'!$N:$N,'0626 4度C'!$A:$A,"新豐6線",'0626 4度C'!$B:$B,"平均") -> 125.17013 | E14: =SUMIFS('0626 4度C'!$N:$N,'0626 4度C'!$A:$A,"新豐2線",'0626 4度C'!$B:$B,"平均") -> 84.163972 | F14: =SUMIFS('0626 4度C'!$N:$N,'0626 4度C'!$A:$A,"新豐5線",'0626 4度C'!$B:$B,"平均") -> 83.95959 | G14: =SUMIFS('0626 4度C'!$N:$N,'0626 4度C'!$A:$A,"新豐7線",'0626 4度C'!$B:$B,"平均") -> 115.18287 | H14: =SUMIFS('0626 4度C'!$N:$N,'0626 4度C'!$A:$A,"新豐3線",'0626 4度C'!$B:$B,"平均") -> 286.13289 | I14: =SUMIFS('0626 4度C'!$N:$N,'0626 4度C'!$A:$A,"新豐1線",'0626 4度C'!$B:$B,"平均") -> 115.07369 | J14: =SUMIFS('0626 4度C'!$N:$N,'0626 4度C'!$A:$A,"新豐10線",'0626 4度C'!$B:$B,"平均") -> 311.3949 | K14: =SUMIFS('0626 4度C'!$N:$N,'0626 4度C'!$A:$A,"新豐8線",'0626 4度C'!$B:$B,"平均") -> 133.24708 | L14: =SUMIFS('0626 4度C'!$N:$N,'0626 4度C'!$A:$A,"新豐9線",'0626 4度C'!$B:$B,"平均") -> 115.39971 | M14: =SUMIFS('0626 4度C'!$N:$N,'0626 4度C'!$A:$A,"新豐4線",'0626 4度C'!$B:$B,"平均") -> 147.35282
C15: 達成率 | D15: =D14/D13 -> 0.95963764 | E15: =E14/E13 -> 0.95385835 | F15: =F14/F13 -> 0.95640924 | G15: =G14/G13 -> 0.95985724 | H15: =H14/H13 -> 0.9537763 | I15: =I14/I13 -> 0.96168723 | J15: =J14/J13 -> 0.96013427 | K15: =K14/K13 -> 0.95493737 | ... M15: =M14/M13 -> 0.95779333
B16: 作業 時間 | C16: 開始 | D16: =VLOOKUP("新豐6線",'0626 4度C'!$A:$T,19,0) -> 0.70833333 | E16: =VLOOKUP("新豐2線",'0626 4度C'!$A:$T,19,0) -> 0.083333333 | F16: =VLOOKUP("新豐5線",'0626 4度C'!$A:$T,19,0) -> 0.083333333 | G16: =VLOOKUP("新豐7線",'0626 4度C'!$A:$T,19,0) -> 0.20833333 | H16: =VLOOKUP("新豐3線",'0626 4度C'!$A:$T,19,0) -> 0.20833333 | I16: =VLOOKUP("新豐1線",'0626 4度C'!$A:$T,19,0) -> 0.16666667 | J16: =VLOOKUP("新豐10線",'0626 4度C'!$A:$T,19,0) -> 0.20833333 | K16: =VLOOKUP("新豐8線",'0626 4度C'!$A:$T,19,0) -> 0.083333333 | L16: =VLOOKUP("新豐9線",'0626 4度C'!$A:$T,19,0) -> 0.083333333 | M16: =VLOOKUP("新豐4線",'0626 4度C'!$A:$T,19,0) -> 0.083333333
C17: 結束 | D17: =LOOKUP(2,1/(('0626 4度C'!$A:$A="新豐6線")*('0626 4度C'!$T:$T<>"")),'0626 4度C'!$T:$T) -> 0.82291667 | E17: =LOOKUP(2,1/(('0626 4度C'!$A:$A="新豐2線")*('0626 4度C'!$T:$T<>"")),'0626 4度C'!$T:$T) -> 0.57847222 | F17: =LOOKUP(2,1/(('0626 4度C'!$A:$A="新豐5線")*('0626 4度C'!$T:$T<>"")),'0626 4度C'!$T:$T) -> 0.79166667 | G17: =LOOKUP(2,1/(('0626 4度C'!$A:$A="新豐7線")*('0626 4度C'!$T:$T<>"")),'0626 4度C'!$T:$T) -> 0.79791667 | H17: =LOOKUP(2,1/(('0626 4度C'!$A:$A="新豐3線")*('0626 4度C'!$T:$T<>"")),'0626 4度C'!$T:$T) -> 0.43125 | I17: =LOOKUP(2,1/(('0626 4度C'!$A:$A="新豐1線")*('0626 4度C'!$T:$T<>"")),'0626 4度C'!$T:$T) -> 0.81666667 | J17: =LOOKUP(2,1/(('0626 4度C'!$A:$A="新豐10線")*('0626 4度C'!$T:$T<>"")),'0626 4度C'!$T:$T) -> 0.35763889 | K17: =LOOKUP(2,1/(('0626 4度C'!$A:$A="新豐8線")*('0626 4度C'!$T:$T<>"")),'0626 4度C'!$T:$T) -> 0.51319444 | L17: =LOOKUP(2,1/(('0626 4度C'!$A:$A="新豐9線")*('0626 4度C'!$T:$T<>"")),'0626 4度C'!$T:$T) -> 0.61875 | M17: =LOOKUP(2,1/(('0626 4度C'!$A:$A="新豐4線")*('0626 4度C'!$T:$T<>"")),'0626 4度C'!$T:$T) -> 0.48680556
B18: 產線異常 (5分鐘以上) | C18: 次數 | D18: =SUMIFS('0626 4度C'!$Y:$Y,'0626 4度C'!$A:$A,"新豐6線",'0626 4度C'!$B:$B,"平均") -> 0 | E18: =SUMIFS('0626 4度C'!$Y:$Y,'0626 4度C'!$A:$A,"新豐2線",'0626 4度C'!$B:$B,"平均") -> 0 | F18: =SUMIFS('0626 4度C'!$Y:$Y,'0626 4度C'!$A:$A,"新豐5線",'0626 4度C'!$B:$B,"平均") -> 0 | G18: =SUMIFS('0626 4度C'!$Y:$Y,'0626 4度C'!$A:$A,"新豐7線",'0626 4度C'!$B:$B,"平均") -> 0 | H18: =SUMIFS('0626 4度C'!$Y:$Y,'0626 4度C'!$A:$A,"新豐3線",'0626 4度C'!$B:$B,"平均") -> 0 | I18: =SUMIFS('0626 4度C'!$Y:$Y,'0626 4度C'!$A:$A,"新豐1線",'0626 4度C'!$B:$B,"平均") -> 0 | J18: =SUMIFS('0626 4度C'!$Y:$Y,'0626 4度C'!$A:$A,"新豐10線",'0626 4度C'!$B:$B,"平均") -> 0 | K18: =SUMIFS('0626 4度C'!$Y:$Y,'0626 4度C'!$A:$A,"新豐8線",'0626 4度C'!$B:$B,"平均") -> 0 | L18: =SUMIFS('0626 4度C'!$Y:$Y,'0626 4度C'!$A:$A,"新豐9線",'0626 4度C'!$B:$B,"平均") -> 0 | M18: =SUMIFS('0626 4度C'!$Y:$Y,'0626 4度C'!$A:$A,"新豐4線",'0626 4度C'!$B:$B,"平均") -> 0
C19: 時間/分 | D19: =SUMIFS('0626 4度C'!$Z:$Z,'0626 4度C'!$A:$A,"新豐6線",'0626 4度C'!$B:$B,"平均") -> 0 | E19: =SUMIFS('0626 4度C'!$Z:$Z,'0626 4度C'!$A:$A,"新豐2線",'0626 4度C'!$B:$B,"平均") -> 0 | F19: =SUMIFS('0626 4度C'!$Z:$Z,'0626 4度C'!$A:$A,"新豐5線",'0626 4度C'!$B:$B,"平均") -> 0 | G19: =SUMIFS('0626 4度C'!$Z:$Z,'0626 4度C'!$A:$A,"新豐7線",'0626 4度C'!$B:$B,"平均") -> 0 | H19: =SUMIFS('0626 4度C'!$Z:$Z,'0626 4度C'!$A:$A,"新豐3線",'0626 4度C'!$B:$B,"平均") -> 0 | I19: =SUMIFS('0626 4度C'!$Z:$Z,'0626 4度C'!$A:$A,"新豐1線",'0626 4度C'!$B:$B,"平均") -> 0 | J19: =SUMIFS('0626 4度C'!$Z:$Z,'0626 4度C'!$A:$A,"新豐10線",'0626 4度C'!$B:$B,"平均") -> 0 | K19: =SUMIFS('0626 4度C'!$Z:$Z,'0626 4度C'!$A:$A,"新豐8線",'0626 4度C'!$B:$B,"平均") -> 0 | L19: =SUMIFS('0626 4度C'!$Z:$Z,'0626 4度C'!$A:$A,"新豐9線",'0626 4度C'!$B:$B,"平均") -> 0 | M19: =SUMIFS('0626 4度C'!$Z:$Z,'0626 4度C'!$A:$A,"新豐4線",'0626 4度C'!$B:$B,"平均") -> 0
B20: 短暫停線 (5分鐘以下) | C20: 次數 | D20: =SUMIFS('0626 4度C'!$AC:$AC,'0626 4度C'!$A:$A,"新豐6線",'0626 4度C'!$B:$B,"平均") -> 3 | E20: =SUMIFS('0626 4度C'!$AC:$AC,'0626 4度C'!$A:$A,"新豐2線",'0626 4度C'!$B:$B,"平均") -> 4 | F20: =SUMIFS('0626 4度C'!$AC:$AC,'0626 4度C'!$A:$A,"新豐5線",'0626 4度C'!$B:$B,"平均") -> 7 | G20: =SUMIFS('0626 4度C'!$AC:$AC,'0626 4度C'!$A:$A,"新豐7線",'0626 4度C'!$B:$B,"平均") -> 6 | H20: =SUMIFS('0626 4度C'!$AC:$AC,'0626 4度C'!$A:$A,"新豐3線",'0626 4度C'!$B:$B,"平均") -> 3 | I20: =SUMIFS('0626 4度C'!$AC:$AC,'0626 4度C'!$A:$A,"新豐1線",'0626 4度C'!$B:$B,"平均") -> 7 | J20: =SUMIFS('0626 4度C'!$AC:$AC,'0626 4度C'!$A:$A,"新豐10線",'0626 4度C'!$B:$B,"平均") -> 4 | K20: =SUMIFS('0626 4度C'!$AC:$AC,'0626 4度C'!$A:$A,"新豐8線",'0626 4度C'!$B:$B,"平均") -> 5 | L20: =SUMIFS('0626 4度C'!$AC:$AC,'0626 4度C'!$A:$A,"新豐9線",'0626 4度C'!$B:$B,"平均") -> 6 | M20: =SUMIFS('0626 4度C'!$AC:$AC,'0626 4度C'!$A:$A,"新豐4線",'0626 4度C'!$B:$B,"平均") -> 5
C21: 設備次數 | D21: =SUMIFS('0626 4度C'!$AD:$AD,'0626 4度C'!$A:$A,"新豐6線",'0626 4度C'!$B:$B,"平均") -> 0 | E21: =SUMIFS('0626 4度C'!$AD:$AD,'0626 4度C'!$A:$A,"新豐2線",'0626 4度C'!$B:$B,"平均") -> 0 | F21: =SUMIFS('0626 4度C'!$AD:$AD,'0626 4度C'!$A:$A,"新豐5線",'0626 4度C'!$B:$B,"平均") -> 0 | G21: =SUMIFS('0626 4度C'!$AD:$AD,'0626 4度C'!$A:$A,"新豐7線",'0626 4度C'!$B:$B,"平均") -> 0 | H21: =SUMIFS('0626 4度C'!$AD:$AD,'0626 4度C'!$A:$A,"新豐3線",'0626 4度C'!$B:$B,"平均") -> 0 | I21: =SUMIFS('0626 4度C'!$AD:$AD,'0626 4度C'!$A:$A,"新豐1線",'0626 4度C'!$B:$B,"平均") -> 0 | J21: =SUMIFS('0626 4度C'!$AD:$AD,'0626 4度C'!$A:$A,"新豐10線",'0626 4度C'!$B:$B,"平均") -> 0 | K21: =SUMIFS('0626 4度C'!$AD:$AD,'0626 4度C'!$A:$A,"新豐8線",'0626 4度C'!$B:$B,"平均") -> 0 | L21: =SUMIFS('0626 4度C'!$AD:$AD,'0626 4度C'!$A:$A,"新豐9線",'0626 4度C'!$B:$B,"平均") -> 0 | M21: =SUMIFS('0626 4度C'!$AD:$AD,'0626 4度C'!$A:$A,"新豐4線",'0626 4度C'!$B:$B,"平均") -> 0
B22: 配置人數 | D22: =SUMIFS('0626 4度C'!$I:$I,'0626 4度C'!$A:$A,"新豐6線",'0626 4度C'!$B:$B,"平均") -> 15.333333 | E22: =SUMIFS('0626 4度C'!$I:$I,'0626 4度C'!$A:$A,"新豐2線",'0626 4度C'!$B:$B,"平均") -> 17 | F22: =SUMIFS('0626 4度C'!$I:$I,'0626 4度C'!$A:$A,"新豐5線",'0626 4度C'!$B:$B,"平均") -> 18.714286 | G22: =SUMIFS('0626 4度C'!$I:$I,'0626 4度C'!$A:$A,"新豐7線",'0626 4度C'!$B:$B,"平均") -> 16.666667 | H22: =SUMIFS('0626 4度C'!$I:$I,'0626 4度C'!$A:$A,"新豐3線",'0626 4度C'!$B:$B,"平均") -> 10 | I22: =SUMIFS('0626 4度C'!$I:$I,'0626 4度C'!$A:$A,"新豐1線",'0626 4度C'!$B:$B,"平均") -> 16.714286 | J22: =SUMIFS('0626 4度C'!$I:$I,'0626 4度C'!$A:$A,"新豐10線",'0626 4度C'!$B:$B,"平均") -> 9.25 | K22: =SUMIFS('0626 4度C'!$I:$I,'0626 4度C'!$A:$A,"新豐8線",'0626 4度C'!$B:$B,"平均") -> 17.2 | L22: =SUMIFS('0626 4度C'!$I:$I,'0626 4度C'!$A:$A,"新豐9線",'0626 4度C'!$B:$B,"平均") -> 17.666667 | M22: =SUMIFS('0626 4度C'!$I:$I,'0626 4度C'!$A:$A,"新豐4線",'0626 4度C'!$B:$B,"平均") -> 15.6
B23: 主要應用設備 | D23: ET-55 | E23: 熱縮爐 | F23: L型包裝機 | G23: L型包裝機 | H23: 伺服包裝機 | I23: ET-55 | J23: 伺服包裝機 | K23: 三明治包裝機 | L23: 三明治包裝機 | M23: 三明治包裝機
B24: 次要應用設備 | F24: 圓盤機 | G24: ET-55
B25: 備註 | E25: 握沙拉 | F25: 共用L型包裝機 | H25: 調理麵包 | I25: 炒飯+沙拉 | J25: 調理麵包

Sheet 0626 4度C
A1: 新豐廠四度C日報分析 | C1: 總生產量 | D1: =SUM(F5:F64) -> 146893 | E1: 營業額 | F1: =SUM(G5:G64) -> 5051396.6 | G1: 出勤人數 | H1: =L8+L13+L45+L53+L21+L58+L34+L41+L28+L64 -> 154.14524 | I1: 產線配置圖 | L1: 生產實績 | O1: 人時性差異分析 | S1: 日報登錄 | Y1: 合計 次數 | Z1: 合計 時間/分 | AA1: 產線異常 分析說明(5分鐘以上) | AC1: 合計 次數 | AD1: 合計 設備次數 | AE1: 產能差異分析
A2: 46199 | B2: 星期五 | C2: 人時性 | D2: =AVERAGE(N8,N13,N45,N53,N21,N58,N28,N34,N41,N64) -> 151.70776 | E2: 平均廠價 | F2: =F1/D1 -> 34.388273 | G2: 多次生產數 | H2: =COUNT(H5:H64) -> 2 | Y2: =SUM(Y8+Y13+Y21+Y28+Y34+Y41+Y45+Y53+Y58+Y64) -> 0 | Z2: =SUM(Z8+Z13+Z21+Z28+Z34+Z41+Z45+Z53+Z58+Z64) -> 0 | AC2: 50 | AD2: =SUM(AD8+AD13+AD21+AD28+AD34+AD41+AD45+AD53+AD58+AD64) -> 0
A3: 線別 | B3: 品類 | C3: 品名 | E3: 廠價 | F3: 生產量 | G3: 營收 | H3: 多次 生產 | I3: 人數 | J3: 產能/時 | K3: 人時性 | L3: 人數 | M3: 產能/時 | N3: 人時性 | O3: 人數 | P3: 人時性 | Q3: 達成率 | R3: 達成率平均 | S3: 生產時間 | U3: 換線、休息/分 | V3: 稼動時間/分 | W3: 休息時間 | Y3: 產線異常統計 (5分鐘以上) | AA3: (新豐回填) | AC3: 短暫停線統計 (5分鐘以下) | AE3: 產能/時 | AF3: 達成率 | AG3: 達成率平均
S4: 開始 | T4: 結束 | W4: 開始 | X4: 結束 | Y4: 次數 | Z4: 時間/分 | AC4: 總次數 | AD4: 設備因素(次數)
A5: 新豐6線 | B5: 微波主食 | C5: 二配泰式綠咖哩雞 | E5: 50.67 | F5: 1148 | G5: =E5*F5 -> 58169.16 | I5: 15 | J5: 2000 | K5: =J5/I5 -> 133.33333 | L5: 15 | M5: =F5/V5*60 -> 1913.3333 | N5: =M5/L5 -> 127.55556 | O5: =L5-I5 -> 0 | P5: =N5-K5 -> -5.7777778 | Q5: =N5/K5 -> 0.95666667 | R5: =Q8 -> 0.95963764 | S5: 0.70833333 | T5: 0.73333333 | V5: =(T5-S5)*24*60 -> 36 | AC5: 3 | AE5: =M5-J5 -> -86.666667 | AF5: =M5/J5 -> 0.95666667 | AG5: =AF8 -> 0.95963764
A6: 新豐6線 | B6: 微波主食 | C6: 二配金咖哩果香甘口咖哩飯 | E6: 50.92 | F6: 1807 | G6: =E6*F6 -> 92012.44 | I6: 15 | J6: 2000 | K6: =J6/I6 -> 133.33333 | L6: 15 | M6: =F6/V6*60 -> 1936.0714 | N6: =M6/L6 -> 129.07143 | O6: =L6-I6 -> 0 | P6: =N6-K6 -> -4.2619048 | Q6: =N6/K6 -> 0.96803571 | S6: 0.73888889 | T6: 0.77777778 | U6: =IF(S6=TIME(17,0,0),"",(S6-T5)*24*60) -> 8 | V6: =(T6-S6)*24*60 -> 56 | AE6: =M6-J6 -> -63.928571 | AF6: =M6/J6 -> 0.96803571
A7: 新豐6線 | B7: 微波主食 | C7: 二配金咖哩濃厚辛口咖哩飯 | E7: 50.98 | F7: 1813 | G7: =E7*F7 -> 92426.74 | I7: 16 | J7: 2000 | K7: =J7/I7 -> 125 | L7: 16 | M7: =F7/V7*60 -> 1908.4211 | N7: =M7/L7 -> 119.27632 | O7: =L7-I7 -> 0 | P7: =N7-K7 -> -5.7236842 | Q7: =N7/K7 -> 0.95421053 | S7: 0.78333333 | T7: 0.82291667 | U7: =IF(S7=TIME(17,0,0),"",(S7-T6)*24*60) -> 8 | V7: =(T7-S7)*24*60 -> 57 | AE7: =M7-J7 -> -91.578947 | AF7: =M7/J7 -> 0.95421053
A8: 新豐6線 | B8: 平均 | I8: 15.333333 | J8: 2000 | K8: =J8/I8 -> 130.43478 | L8: 15.333333 | M8: =AVERAGE(M5:M7) -> 1919.2753 | N8: =M8/L8 -> 125.17013 | O8: =L8-I8 -> 0 | P8: =N8-K8 -> -5.2646562 | Q8: =N8/K8 -> 0.95963764 | Y8: =SUM(Y5:Y7) -> 0 | Z8: =SUM(Z5:Z7) -> 0 | AC8: 3 | AD8: =SUM(AD5:AD7) -> 0 | AE8: =M8-J8 -> -80.724728 | AF8: =M8/J8 -> 0.95963764
A9: 新豐2線 | B9: 沙拉 | C9: 青醬優格雞肉握沙拉(113年) | E9: 39.62 | F9: 4420 | G9: =E9*F9 -> 175120.4 | I9: 19 | J9: 1500 | K9: =J9/I9 -> 78.947368 | L9: 19 | M9: =F9/V9*60 -> 1425.8065 | N9: =M9/L9 -> 75.042445 | O9: =L9-I9 -> 0 | P9: =N9-K9 -> -3.9049236 | Q9: =N9/K9 -> 0.95053763 | R9: =Q13 -> 0.95385835 | S9: 0.083333333 | T9: 0.2125 | V9: =(T9-S9)*24*60 -> 186 | W9: =T9 -> 0.2125 | X9: =S10 -> 0.23055556 | AC9: 4 | AE9: =M9-J9 -> -74.193548 | AF9: =M9/J9 -> 0.95053763 | AG9: =AF13 -> 0.95385835
A10: 新豐2線 | B10: 沙拉 | C10: 厚蛋時蔬握沙拉 | E10: 39.46 | F10: 4060 | G10: =E10*F10 -> 160207.6 | I10: 15 | J10: 1500 | K10: =J10/I10 -> 100 | L10: 15 | M10: =F10/V10*60 -> 1432.9412 | N10: =M10/L10 -> 95.529412 | O10: =L10-I10 -> 0 | P10: =N10-K10 -> -4.4705882 | Q10: =N10/K10 -> 0.95529412 | S10: 0.23055556 | T10: 0.34861111 | U10: =IF(S10=TIME(17,0,0),"",(S10-T9)*24*60) -> 26 | V10: =(T10-S10)*24*60 -> 170 | AE10: =M10-J10 -> -67.058824 | AF10: =M10/J10 -> 0.95529412
A11: 新豐2線 | B11: 沙拉 | C11: 青檸烤雞握沙拉(113年) | E11: 39.8 | F11: 4200 | G11: =E11*F11 -> 167160 | H11: 2 | I11: 17 | J11: 1500 | K11: =J11/I11 -> 88.235294 | L11: 17 | M11: =F11/V11*60 -> 1431.8182 | N11: =M11/L11 -> 84.224599 | O11: =L11-I11 -> 0 | P11: =N11-K11 -> -4.0106952 | Q11: =N11/K11 -> 0.95454545 | S11: 0.35347222 | T11: 0.47569444 | U11: =IF(S11=TIME(17,0,0),"",(S11-T10)*24*60) -> 7 | V11: =(T11-S11)*24*60 -> 176 | W11: =T11 -> 0.47569444 | X11: =S12 -> 0.51666667 | AE11: =M11-J11 -> -68.181818 | AF11: =M11/J11 -> 0.95454545
A12: 新豐2線 | B12: 沙拉 | C12: 青檸烤雞握沙拉(113年) | E12: 39.8 | F12: 2125 | G12: =E12*F12 -> 84575 | I12: 17 | J12: 1500 | K12: =J12/I12 -> 88.235294 | L12: 17 | M12: =F12/V12*60 -> 1432.5843 | N12: =M12/L12 -> 84.269663 | O12: =L12-I12 -> 0 | P12: =N12-K12 -> -3.9656312 | Q12: =N12/K12 -> 0.95505618 | S12: 0.51666667 | T12: 0.57847222 | U12: =IF(S12=TIME(17,0,0),"",(S12-T11)*24*60) -> 59 | V12: =(T12-S12)*24*60 -> 89 | AE12: =M12-J12 -> -67.41573 | AF12: =M12/J12 -> 0.95505618
A13: 新豐2線 | B13: 平均 | I13: 17 | J13: 1500 | K13: =J13/I13 -> 88.235294 | L13: 17 | M13: =AVERAGE(M9:M12) -> 1430.7875 | N13: =M13/L13 -> 84.163972 | O13: =L13-I13 -> 0 | P13: =N13-K13 -> -4.0713224 | Q13: =N13/K13 -> 0.95385835 | Y13: =SUM(Y9:Y12) -> 0 | Z13: =SUM(Z9:Z12) -> 0 | AC13: 4 | AD13: =SUM(AD9:AD12) -> 0 | AE13: =M13-J13 -> -69.21248 | AF13: =M13/J13 -> 0.95385835
A14: 新豐5線 | B14: 小吃 | C14: 剝皮辣椒雞湯 | E14: 41 | F14: 1665 | G14: =E14*F14 -> 68265 | I14: 26 | J14: 1500 | K14: =J14/I14 -> 57.692308 | L14: 26 | M14: =F14/V14*60 -> 1427.1429 | N14: =M14/L14 -> 54.89011 | O14: =L14-I14 -> 0 | P14: =N14-K14 -> -2.8021978 | Q14: =N14/K14 -> 0.95142857 | R14: =Q21 -> 0.95640924 | S14: 0.083333333 | T14: 0.13194444 | V14: =(T14-S14)*24*60 -> 70 | W14: =T14 -> 0.13194444 | X14: =S15 -> 0.15208333 | AC14: 7 | AE14: =M14-J14 -> -72.857143 | AF14: =M14/J14 -> 0.95142857 | AG14: =AF21 -> 0.95640924
A15: 新豐5線 | B15: 小吃 | C15: 香菇雞燉湯 | E15: 38.62 | F15: 1931 | G15: =E15*F15 -> 74575.22 | I15: 24 | J15: 1500 | K15: =J15/I15 -> 62.5 | L15: 24 | M15: =F15/V15*60 -> 1430.3704 | N15: =M15/L15 -> 59.598765 | O15: =L15-I15 -> 0 | P15: =N15-K15 -> -2.9012346 | Q15: =N15/K15 -> 0.95358025 | S15: 0.15208333 | T15: 0.20833333 | U15: =IF(S15=TIME(17,0,0),"",(S15-T14)*24*60) -> 29 | V15: =(T15-S15)*24*60 -> 81 | AE15: =M15-J15 -> -69.62963 | AF15: =M15/J15 -> 0.95358025
A16: 新豐5線 | B16: 微波主食 | C16: 香菇雞粥 | E16: 37.03 | F16: 3035 | G16: =E16*F16 -> 112386.05 | I16: 13 | J16: 1500 | K16: =J16/I16 -> 115.38462 | L16: 13 | M16: =F16/V16*60 -> 1433.8583 | N16: =M16/L16 -> 110.29679 | O16: =L16-I16 -> 0 | P16: =N16-K16 -> -5.0878256 | Q16: =N16/K16 -> 0.95590551 | S16: 0.21319444 | T16: 0.30138889 | U16: =IF(S16=TIME(17,0,0),"",(S16-T15)*24*60) -> 7 | V16: =(T16-S16)*24*60 -> 127 | AE16: =M16-J16 -> -66.141732 | AF16: =M16/J16 -> 0.95590551
A17: 新豐5線 | B17: 沙拉 | C17: 地瓜瓜握沙拉 | E17: 39.52 | F17: 3261 | G17: =E17*F17 -> 128874.72 | I17: 19 | J17: 1500 | K17: =J17/I17 -> 78.947368 | L17: 19 | M17: =F17/V17*60 -> 1428.1752 | N17: =M17/L17 -> 75.167115 | O17: =L17-I17 -> 0 | P17: =N17-K17 -> -3.7802536 | Q17: =N17/K17 -> 0.95211679 | S17: 0.30486111 | T17: 0.4 | U17: =IF(S17=TIME(17,0,0),"",(S17-T16)*24*60) -> 5 | V17: =(T17-S17)*24*60 -> 137 | AE17: =M17-J17 -> -71.824818 | AF17: =M17/J17 -> 0.95211679
A18: 新豐5線 | B18: 微波主食 | C18: 二配起司控培根白醬焗烤飯 | E18: 53.68 | F18: 873 | G18: =E18*F18 -> 46862.64 | I18: 16 | J18: 1500 | K18: =J18/I18 -> 93.75 | L18: 16 | M18: =F18/V18*60 -> 1455 | N18: =M18/L18 -> 90.9375 | O18: =L18-I18 -> 0 | P18: =N18-K18 -> -2.8125 | Q18: =N18/K18 -> 0.97 | S18: 0.70833333 | T18: 0.73333333 | U18: =IF(S18=TIME(17,0,0),"",(S18-T17)*24*60) | V18: =(T18-S18)*24*60 -> 36 | AE18: =M18-J18 -> -45 | AF18: =M18/J18 -> 0.97
A19: 新豐5線 | B19: 微波主食 | C19: 二配蔥爆牛肉燴飯 | E19: 52.86 | F19: 983 | G19: =E19*F19 -> 51961.38 | I19: 16 | J19: 2000 | K19: =J19/I19 -> 125 | L19: 16 | M19: =F19/V19*60 -> 1902.5806 | N19: =M19/L19 -> 118.91129 | O19: =L19-I19 -> 0 | P19: =N19-K19 -> -6.0887097 | Q19: =N19/K19 -> 0.95129032 | S19: 0.73819444 | T19: 0.75972222 | U19: =IF(S19=TIME(17,0,0),"",(S19-T18)*24*60) -> 7 | V19: =(T19-S19)*24*60 -> 31 | AE19: =M19-J19 -> -97.419355 | AF19: =M19/J19 -> 0.95129032
A20: 新豐5線 | B20: 微波主食 | C20: 二配港式香滑嫩蛋牛肉燴飯 | E20: 50.67 | F20: 1217 | G20: =E20*F20 -> 61665.39 | I20: 17 | J20: 2000 | K20: =J20/I20 -> 117.64706 | L20: 17 | M20: =F20/V20*60 -> 1921.5789 | N20: =M20/L20 -> 113.03406 | O20: =L20-I20 -> 0 | P20: =N20-K20 -> -4.6130031 | Q20: =N20/K20 -> 0.96078947 | S20: 0.76527778 | T20: 0.79166667 | U20: =IF(S20=TIME(17,0,0),"",(S20-T19)*24*60) -> 8 | V20: =(T20-S20)*24*60 -> 38 | AE20: =M20-J20 -> -78.421053 | AF20: =M20/J20 -> 0.96078947
A21: 新豐5線 | B21: 平均 | I21: 18.714286 | J21: 1642.8571 | K21: =J21/I21 -> 87.78626 | L21: 18.714286 | M21: =AVERAGE(M14:M20) -> 1571.2438 | N21: =M21/L21 -> 83.95959 | O21: =L21-I21 -> 0 | P21: =N21-K21 -> -3.8266697 | Q21: =N21/K21 -> 0.95640924 | Y21: =SUM(Y14:Y20) -> 0 | Z21: =SUM(Z14:Z20) -> 0 | AC21: 7 | AD21: =SUM(AD14:AD20) -> 0 | AE21: =M21-J21 -> -71.61339 | AF21: =M21/J21 -> 0.95640924
A22: 新豐7線 | B22: 微波主食 | C22: 韓式泡菜豬肉豆腐丼飯 | E22: 50.67 | F22: 1455 | G22: =E22*F22 -> 73724.85 | I22: 17 | J22: 2000 | K22: =J22/I22 -> 117.64706 | L22: 17 | M22: =F22/V22*60 -> 1940 | N22: =M22/L22 -> 114.11765 | O22: =L22-I22 -> 0 | P22: =N22-K22 -> -3.5294118 | Q22: =N22/K22 -> 0.97 | R22: =Q28 -> 0.95985724 | S22: 0.20833333 | T22: 0.23958333 | V22: =(T22-S22)*24*60 -> 45 | AC22: 6 | AE22: =M22-J22 -> -60 | AF22: =M22/J22 -> 0.97 | AG22: =AF28 -> 0.95985724
A23: 新豐7線 | B23: 微波主食 | C23: 鐵板滑蛋炸豬排丼 | E23: 57.73 | F23: 1829 | G23: =E23*F23 -> 105588.17 | I23: 14 | J23: 2000 | K23: =J23/I23 -> 142.85714 | L23: 14 | M23: =F23/V23*60 -> 1925.2632 | N23: =M23/L23 -> 137.5188 | O23: =L23-I23 -> 0 | P23: =N23-K23 -> -5.3383459 | Q23: =N23/K23 -> 0.96263158 | S23: 0.24444444 | T23: 0.28402778 | U23: =IF(S23=TIME(17,0,0),"",(S23-T22)*24*60) -> 7 | V23: =(T23-S23)*24*60 -> 57 | AE23: =M23-J23 -> -74.736842 | AF23: =M23/J23 -> 0.96263158
A24: 新豐7線 | B24: 微波主食 | C24: 日式炙烤親子丼 | E24: 53.27 | F24: 1306 | G24: =E24*F24 -> 69570.62 | I24: 16 | J24: 2000 | K24: =J24/I24 -> 125 | L24: 16 | M24: =F24/V24*60 -> 1911.2195 | N24: =M24/L24 -> 119.45122 | O24: =L24-I24 -> 0 | P24: =N24-K24 -> -5.5487805 | Q24: =N24/K24 -> 0.95560976 | S24: 0.28819444 | T24: 0.31666667 | U24: =IF(S24=TIME(17,0,0),"",(S24-T23)*24*60) -> 6 | V24: =(T24-S24)*24*60 -> 41 | AE24: =M24-J24 -> -88.780488 | AF24: =M24/J24 -> 0.95560976
A25: 新豐7線 | B25: 微波主食 | C25: 炙烤醬香燒豚飯 | E25: 51.44 | F25: 2396 | G25: =E25*F25 -> 123250.24 | I25: 25 | J25: 2000 | K25: =J25/I25 -> 80 | L25: 25 | M25: =F25/V25*60 -> 1916.8 | N25: =M25/L25 -> 76.672 | O25: =L25-I25 -> 0 | P25: =N25-K25 -> -3.328 | Q25: =N25/K25 -> 0.9584 | S25: 0.32083333 | T25: 0.37291667 | U25: =IF(S25=TIME(17,0,0),"",(S25-T24)*24*60) -> 6 | V25: =(T25-S25)*24*60 -> 75 | AE25: =M25-J25 -> -83.2 | AF25: =M25/J25 -> 0.9584
A26: 新豐7線 | B26: 微波主食 | C26: 二配川味麻婆燒豆腐燴飯 | E26: 50.49 | F26: 1491 | G26: =E26*F26 -> 75280.59 | I26: 15 | J26: 2000 | K26: =J26/I26 -> 133.33333 | L26: 15 | M26: =F26/V26*60 -> 1903.4043 | N26: =M26/L26 -> 126.89362 | O26: =L26-I26 -> 0 | P26: =N26-K26 -> -6.4397163 | Q26: =N26/K26 -> 0.95170213 | S26: 0.70833333 | T26: 0.74097222 | U26: =IF(S26=TIME(17,0,0),"",(S26-T25)*24*60) | V26: =(T26-S26)*24*60 -> 47 | AE26: =M26-J26 -> -96.595745 | AF26: =M26/J26 -> 0.95170213
A27: 新豐7線 | B27: 微波主食 | C27: 二配打拋風味豬肉飯 | E27: 51.06 | F27: 2402 | G27: =E27*F27 -> 122646.12 | I27: 13 | J27: 2000 | K27: =J27/I27 -> 153.84615 | L27: 13 | M27: =F27/V27*60 -> 1921.6 | N27: =M27/L27 -> 147.81538 | O27: =L27-I27 -> 0 | P27: =N27-K27 -> -6.0307692 | Q27: =N27/K27 -> 0.9608 | S27: 0.74583333 | T27: 0.79791667 | U27: =IF(S27=TIME(17,0,0),"",(S27-T26)*24*60) -> 7 | V27: =(T27-S27)*24*60 -> 75 | AE27: =M27-J27 -> -78.4 | AF27: =M27/J27 -> 0.9608
A28: 新豐7線 | B28: 平均 | I28: 16.666667 | J28: 2000 | K28: =J28/I28 -> 120 | L28: 16.666667 | M28: =AVERAGE(M22:M27) -> 1919.7145 | N28: =M28/L28 -> 115.18287 | O28: =L28-I28 -> 0 | P28: =N28-K28 -> -4.8171307 | Q28: =N28/K28 -> 0.95985724 | Y28: =SUM(Y22:Y27) -> 0 | Z28: =SUM(Z22:Z27) -> 0 | AC28: 6 | AD28: =SUM(AD22:AD27) -> 0 | AE28: =M28-J28 -> -80.285512 | AF28: =M28/J28 -> 0.95985724
A29: 新豐8線 | B29: 三明治 | C29: 紐奧良風味烤雞鮮蔬三明治 | E29: 31.29 | F29: 6471 | G29: =E29*F29 -> 202477.59 | I29: 18 | J29: 2400 | K29: =J29/I29 -> 133.33333 | L29: 18 | M29: =F29/V29*60 -> 2283.8824 | N29: =M29/L29 -> 126.88235 | O29: =L29-I29 -> 0 | P29: =N29-K29 -> -6.4509804 | Q29: =N29/K29 -> 0.95161765 | R29: =Q34 -> 0.95493737 | S29: 0.083333333 | T29: 0.20138889 | V29: =(T29-S29)*24*60 -> 170 | W29: =T29 -> 0.20138889 | X29: =S30 -> 0.22083333 | AC29: 5 | AE29: =M29-J29 -> -116.11765 | AF29: =M29/J29 -> 0.95161765 | AG29: =AF34 -> 0.95493737
A30: 新豐8線 | B30: 三明治 | C30: 醬燒烤雞三明治(115年) | E30: 26.37 | F30: 4848 | G30: =E30*F30 -> 127841.76 | I30: 18 | J30: 2400 | K30: =J30/I30 -> 133.33333 | L30: 18 | M30: =F30/V30*60 -> 2290.3937 | N30: =M30/L30 -> 127.24409 | O30: =L30-I30 -> 0 | P30: =N30-K30 -> -6.0892388 | Q30: =N30/K30 -> 0.95433071 | S30: 0.22083333 | T30: 0.30902778 | U30: =(S30-T29)*24*60 -> 28 | V30: =(T30-S30)*24*60 -> 127 | AE30: =M30-J30 -> -109.6063 | AF30: =M30/J30 -> 0.95433071
A31: 新豐8線 | B31: 三明治 | C31: 鮪魚起司溏心蛋三明治(115年) | E31: 26.18 | F31: 6001 | G31: =E31*F31 -> 157106.18 | I31: 18 | J31: 2400 | K31: =J31/I31 -> 133.33333 | L31: 18 | M31: =F31/V31*60 -> 2293.3758 | N31: =M31/L31 -> 127.40977 | O31: =L31-I31 -> 0 | P31: =N31-K31 -> -5.9235669 | Q31: =N31/K31 -> 0.95557325 | S31: 0.31458333 | T31: 0.42361111 | U31: =(S31-T30)*24*60 -> 8 | V31: =(T31-S31)*24*60 -> 157 | AE31: =M31-J31 -> -106.6242 | AF31: =M31/J31 -> 0.95557325
A32: 新豐8線 | B32: 三明治 | C32: 茄汁厚起司三明治 | E32: 25.99 | F32: 1301 | G32: =E32*F32 -> 33812.99 | I32: 18 | J32: 2400 | K32: =J32/I32 -> 133.33333 | L32: 18 | M32: =F32/V32*60 -> 2295.8824 | N32: =M32/L32 -> 127.54902 | O32: =L32-I32 -> 0 | P32: =N32-K32 -> -5.7843137 | Q32: =N32/K32 -> 0.95661765 | S32: 0.42708333 | T32: 0.45069444 | U32: =(S32-T31)*24*60 -> 5 | V32: =(T32-S32)*24*60 -> 34 | AE32: =M32-J32 -> -104.11765 | AF32: =M32/J32 -> 0.95661765
A33: 新豐8線 | B33: 三明治 | C33: 雞蛋沙拉三明治(114年) | E33: 25.99 | F33: 3214 | G33: =E33*F33 -> 83531.86 | I33: 14 | J33: 2400 | K33: =J33/I33 -> 171.42857 | L33: 14 | M33: =F33/V33*60 -> 2295.7143 | N33: =M33/L33 -> 163.97959 | O33: =L33-I33 -> 0 | P33: =N33-K33 -> -7.4489796 | Q33: =N33/K33 -> 0.95654762 | S33: 0.45486111 | T33: 0.51319444 | U33: =(S33-T32)*24*60 -> 6 | V33: =(T33-S33)*24*60 -> 84 | AE33: =M33-J33 -> -104.28571 | AF33: =M33/J33 -> 0.95654762
A34: 新豐8線 | B34: 平均 | I34: 17.2 | J34: 2400 | K34: =J34/I34 -> 139.53488 | L34: 17.2 | M34: =AVERAGE(M29:M33) -> 2291.8497 | N34: =M34/L34 -> 133.24708 | O34: =L34-I34 -> 0 | P34: =N34-K34 -> -6.2878083 | Q34: =N34/K34 -> 0.95493737 | Y34: =SUM(Y29:Y33) -> 0 | Z34: =SUM(Z29:Z33) -> 0 | AC34: 5 | AD34: =SUM(AD29:AD33) -> 0 | AE34: =M34-J34 -> -108.1503 | AF34: =M34/J34 -> 0.95493737
A35: 新豐9線 | B35: 三明治 | C35: 經典總匯三明治(115年) | E35: 26.18 | F35: 4742 | G35: =E35*F35 -> 124145.56 | I35: 20 | J35: 2400 | K35: =J35/I35 -> 120 | L35: 20 | M35: =F35/V35*60 -> 2294.5161 | N35: =M35/L35 -> 114.72581 | O35: =L35-I35 -> 0 | P35: =N35-K35 -> -5.2741935 | Q35: =N35/K35 -> 0.95604839 | R35: =Q41 -> 0.95565389 | S35: 0.083333333 | T35: 0.16944444 | V35: =(T35-S35)*24*60 -> 124 | W35: =T35 -> 0.16944444 | X35: =S36 -> 0.1875 | AC35: 6 | AE35: =M35-J35 -> -105.48387 | AF35: =M35/J35 -> 0.95604839 | AG35: =AF41 -> 0.95565389
A36: 新豐9線 | B36: 三明治 | C36: 經典火腿玉米蛋三明治 | E36: 24.43 | F36: 5259 | G36: =E36*F36 -> 128477.37 | I36: 14 | J36: 2400 | K36: =J36/I36 -> 171.42857 | L36: 14 | M36: =F36/V36*60 -> 2286.5217 | N36: =M36/L36 -> 163.32298 | O36: =L36-I36 -> 0 | P36: =N36-K36 -> -8.1055901 | Q36: =N36/K36 -> 0.95271739 | S36: 0.1875 | T36: 0.28333333 | U36: =(S36-T35)*24*60 -> 26 | V36: =(T36-S36)*24*60 -> 138 | AE36: =M36-J36 -> -113.47826 | AF36: =M36/J36 -> 0.95271739
A37: 新豐9線 | B37: 三明治 | C37: 五彩鮮蔬三明治 | E37: 25.98 | F37: 5421 | G37: =E37*F37 -> 140837.58 | I37: 20 | J37: 2400 | K37: =J37/I37 -> 120 | L37: 20 | M37: =F37/V37*60 -> 2290.5634 | N37: =M37/L37 -> 114.52817 | O37: =L37-I37 -> 0 | P37: =N37-K37 -> -5.471831 | Q37: =N37/K37 -> 0.95440141 | S37: 0.28888889 | T37: 0.3875 | U37: =(S37-T36)*24*60 -> 8 | V37: =(T37-S37)*24*60 -> 142 | AE37: =M37-J37 -> -109.43662 | AF37: =M37/J37 -> 0.95440141
A38: 新豐9線 | B38: 三明治 | C38: 好多蛋三明治 | E38: 34.1 | F38: 2800 | G38: =E38*F38 -> 95480 | H38: 2 | I38: 17 | J38: 1600 | K38: =J38/I38 -> 94.117647 | L38: 17 | M38: =F38/V38*60 -> 1527.2727 | N38: =M38/L38 -> 89.839572 | O38: =L38-I38 -> 0 | P38: =N38-K38 -> -4.2780749 | Q38: =N38/K38 -> 0.95454545 | S38: 0.39097222 | T38: 0.46736111 | U38: =(S38-T37)*24*60 -> 5 | V38: =(T38-S38)*24*60 -> 110 | AE38: =M38-J38 -> -72.727273 | AF38: =M38/J38 -> 0.95454545
A39: 新豐9線 | B39: 三明治 | C39: 榛果摩卡脆脆三明治 | E39: 20.21 | F39: 2687 | G39: =E39*F39 -> 54304.27 | I39: 18 | J39: 2400 | K39: =J39/I39 -> 133.33333 | L39: 18 | M39: =F39/V39*60 -> 2303.1429 | N39: =M39/L39 -> 127.95238 | O39: =L39-I39 -> 0 | P39: =N39-K39 -> -5.3809524 | Q39: =N39/K39 -> 0.95964286 | S39: 0.47152778 | T39: 0.52013889 | U39: =(S39-T38)*24*60 -> 6 | V39: =(T39-S39)*24*60 -> 70 | W39: =T39 -> 0.52013889 | X39: =S40 -> 0.55972222 | AE39: =M39-J39 -> -96.857143 | AF39: =M39/J39 -> 0.95964286
A40: 新豐9線 | B40: 三明治 | C40: 好多蛋三明治 | E40: 34.1 | F40: 2168 | G40: =E40*F40 -> 73928.8 | I40: 17 | J40: 1600 | K40: =J40/I40 -> 94.117647 | L40: 17 | M40: =F40/V40*60 -> 1530.3529 | N40: =M40/L40 -> 90.020761 | O40: =L40-I40 -> 0 | P40: =N40-K40 -> -4.0968858 | Q40: =N40/K40 -> 0.95647059 | S40: 0.55972222 | T40: 0.61875 | U40: =(S40-T39)*24*60 -> 57 | V40: =(T40-S40)*24*60 -> 85 | AE40: =M40-J40 -> -69.647059 | AF40: =M40/J40 -> 0.95647059
A41: 新豐9線 | B41: 平均 | I41: 17.666667 | J41: 2133.3333 | K41: =J41/I41 -> 120.75472 | L41: 17.666667 | M41: =AVERAGE(M35:M40) -> 2038.7283 | N41: =M41/L41 -> 115.39971 | O41: =L41-I41 -> 0 | P41: =N41-K41 -> -5.3550021 | Q41: =N41/K41 -> 0.95565389 | Y41: =SUM(Y35:Y40) -> 0 | Z41: =SUM(Z35:Z40) -> 0 | AC41: 6 | AD41: =SUM(AD35:AD40) -> 0 | AE41: =M41-J41 -> -94.605038 | AF41: =M41/J41 -> 0.95565389
A42: 新豐3線 | B42: 調理麵包 | C42: 經典雙牛起司堡(113年) | E42: 35.12 | F42: 4662 | G42: =E42*F42 -> 163729.44 | I42: 10 | J42: 3000 | K42: =J42/I42 -> 300 | L42: 10 | M42: =F42/V42*60 -> 2854.2857 | N42: =M42/L42 -> 285.42857 | O42: =L42-I42 -> 0 | P42: =N42-K42 -> -14.571429 | Q42: =N42/K42 -> 0.95142857 | R42: =Q45 -> 0.9537763 | S42: 0.20833333 | T42: 0.27638889 | V42: =(T42-S42)*24*60 -> 98 | AC42: 3 | AE42: =M42-J42 -> -145.71429 | AF42: =M42/J42 -> 0.95142857 | AG42: =AF45 -> 0.9537763
A43: 新豐3線 | B43: 調理麵包 | C43: 豬肉起司堡 | E43: 21.13 | F43: 4245 | G43: =E43*F43 -> 89696.85 | I43: 10 | J43: 3000 | K43: =J43/I43 -> 300 | L43: 10 | M43: =F43/V43*60 -> 2861.7978 | N43: =M43/L43 -> 286.17978 | O43: =L43-I43 -> 0 | P43: =N43-K43 -> -13.820225 | Q43: =N43/K43 -> 0.95393258 | S43: 0.27986111 | T43: 0.34166667 | U43: =(S43-T42)*24*60 -> 5 | V43: =(T43-S43)*24*60 -> 89 | AE43: =M43-J43 -> -138.20225 | AF43: =M43/J43 -> 0.95393258
A44: 新豐3線 | B44: 調理麵包 | C44: 豬肉起司蛋堡 | E44: 27.17 | F44: 5927 | G44: =E44*F44 -> 161036.59 | I44: 10 | J44: 3000 | K44: =J44/I44 -> 300 | L44: 10 | M44: =F44/V44*60 -> 2867.9032 | N44: =M44/L44 -> 286.79032 | O44: =L44-I44 -> 0 | P44: =N44-K44 -> -13.209677 | Q44: =N44/K44 -> 0.95596774 | S44: 0.34513889 | T44: 0.43125 | U44: =(S44-T43)*24*60 -> 5 | V44: =(T44-S44)*24*60 -> 124 | AE44: =M44-J44 -> -132.09677 | AF44: =M44/J44 -> 0.95596774
A45: 新豐3線 | B45: 平均 | I45: 10 | J45: 3000 | K45: =J45/I45 -> 300 | L45: 10 | M45: =AVERAGE(M42:M44) -> 2861.3289 | N45: =M45/L45 -> 286.13289 | O45: =L45-I45 -> 0 | P45: =N45-K45 -> -13.86711 | Q45: =N45/K45 -> 0.9537763 | Y45: =SUM(Y42:Y44) -> 0 | Z45: =SUM(Z42:Z44) -> 0 | AC45: 3 | AD45: =SUM(AD42:AD44) -> 0 | AE45: =M45-J45 -> -138.6711 | AF45: =M45/J45 -> 0.9537763
A46: 新豐1線 | B46: 微波主食 | C46: 壹號醬雞豚雙拼 | E46: 56.43 | F46: 1105 | G46: =E46*F46 -> 62355.15 | I46: 22 | J46: 2000 | K46: =J46/I46 -> 90.909091 | L46: 22 | M46: =F46/V46*60 -> 1950 | N46: =M46/L46 -> 88.636364 | O46: =L46-I46 -> 0 | P46: =N46-K46 -> -2.2727273 | Q46: =N46/K46 -> 0.975 | R46: =Q53 -> 0.96168723 | S46: 0.16666667 | T46: 0.19027778 | V46: =(T46-S46)*24*60 -> 34 | W46: =T46 -> 0.19027778 | X46: =S47 -> 0.20972222 | AC46: 7 | AE46: =M46-J46 -> -50 | AF46: =M46/J46 -> 0.975 | AG46: =AF53 -> 0.96168723
A47: 新豐1線 | B47: 沙拉 | C47: 蔥鹽雞肉麵沙拉(114年) | E47: 46 | F47: 2491 | G47: =E47*F47 -> 114586 | I47: 16 | J47: 2000 | K47: =J47/I47 -> 125 | L47: 16 | M47: =F47/V47*60 -> 1916.1538 | N47: =M47/L47 -> 119.75962 | O47: =L47-I47 -> 0 | P47: =N47-K47 -> -5.2403846 | Q47: =N47/K47 -> 0.95807692 | S47: 0.20972222 | T47: 0.26388889 | U47: =IF(S47=TIME(17,0,0),"",(S47-T46)*24*60) -> 28 | V47: =(T47-S47)*24*60 -> 78 | AE47: =M47-J47 -> -83.846154 | AF47: =M47/J47 -> 0.95807692
A48: 新豐1線 | B48: 沙拉 | C48: 莎莎烤雞麵沙拉(115年) | E48: 46 | F48: 4030 | G48: =E48*F48 -> 185380 | I48: 17 | J48: 2000 | K48: =J48/I48 -> 117.64706 | L48: 17 | M48: =F48/V48*60 -> 1903.937 | N48: =M48/L48 -> 111.99629 | O48: =L48-I48 -> 0 | P48: =N48-K48 -> -5.6507642 | Q48: =N48/K48 -> 0.9519685 | S48: 0.26805556 | T48: 0.35625 | U48: =IF(S48=TIME(17,0,0),"",(S48-T47)*24*60) -> 6 | V48: =(T48-S48)*24*60 -> 127 | AE48: =M48-J48 -> -96.062992 | AF48: =M48/J48 -> 0.9519685
A49: 新豐1線 | B49: 微波主食 | C49: 爆炒雞丁飯 | E49: 59.04 | F49: 1930 | G49: =E49*F49 -> 113947.2 | I49: 19 | J49: 2000 | K49: =J49/I49 -> 105.26316 | L49: 19 | M49: =F49/V49*60 -> 1930 | N49: =M49/L49 -> 101.57895 | O49: =L49-I49 -> 0 | P49: =N49-K49 -> -3.6842105 | Q49: =N49/K49 -> 0.965 | S49: 0.35972222 | T49: 0.40138889 | U49: =IF(S49=TIME(17,0,0),"",(S49-T48)*24*60) -> 5 | V49: =(T49-S49)*24*60 -> 60 | AE49: =M49-J49 -> -70 | AF49: =M49/J49 -> 0.965
A50: 新豐1線 | B50: 微波主食 | C50: 二配香辣醬蒜味香腸蛋炒飯 | E50: 55.56 | F50: 1837 | G50: =E50*F50 -> 102063.72 | I50: 17 | J50: 2000 | K50: =J50/I50 -> 117.64706 | L50: 17 | M50: =F50/V50*60 -> 1933.6842 | N50: =M50/L50 -> 113.74613 | O50: =L50-I50 -> 0 | P50: =N50-K50 -> -3.9009288 | Q50: =N50/K50 -> 0.96684211 | S50: 0.70833333 | T50: 0.74791667 | U50: =IF(S50=TIME(17,0,0),"",(S50-T49)*24*60) | V50: =(T50-S50)*24*60 -> 57 | AE50: =M50-J50 -> -66.315789 | AF50: =M50/J50 -> 0.96684211
A51: 新豐1線 | B51: 微波主食 | C51: 二配藤椒雞丁炒飯 | E51: 54.09 | F51: 1437 | G51: =E51*F51 -> 77727.33 | I51: 13 | J51: 2000 | K51: =J51/I51 -> 153.84615 | L51: 13 | M51: =F51/V51*60 -> 1916 | N51: =M51/L51 -> 147.38462 | O51: =L51-I51 -> 0 | P51: =N51-K51 -> -6.4615385 | Q51: =N51/K51 -> 0.958 | S51: 0.75347222 | T51: 0.78472222 | U51: =IF(S51=TIME(17,0,0),"",(S51-T50)*24*60) -> 8 | V51: =(T51-S51)*24*60 -> 45 | AE51: =M51-J51 -> -84 | AF51: =M51/J51 -> 0.958
A52: 新豐1線 | B52: 微波主食 | C52: 二配厚香料優格咖哩雞排飯 | E52: 56.43 | F52: 1244 | G52: =E52*F52 -> 70198.92 | I52: 13 | J52: 2000 | K52: =J52/I52 -> 153.84615 | L52: 13 | M52: =F52/V52*60 -> 1913.8462 | N52: =M52/L52 -> 147.21893 | O52: =L52-I52 -> 0 | P52: =N52-K52 -> -6.6272189 | Q52: =N52/K52 -> 0.95692308 | S52: 0.78958333 | T52: 0.81666667 | U52: =IF(S52=TIME(17,0,0),"",(S52-T51)*24*60) -> 7 | V52: =(T52-S52)*24*60 -> 39 | AE52: =M52-J52 -> -86.153846 | AF52: =M52/J52 -> 0.95692308
A53: 新豐1線 | B53: 平均 | I53: 16.714286 | J53: 2000 | K53: =J53/I53 -> 119.65812 | L53: 16.714286 | M53: =AVERAGE(M46:M52) -> 1923.3745 | N53: =M53/L53 -> 115.07369 | O53: =L53-I53 -> 0 | P53: =N53-K53 -> -4.584434 | Q53: =N53/K53 -> 0.96168723 | Y53: =SUM(Y46:Y52) -> 0 | Z53: =SUM(Z46:Z52) -> 0 | AC53: 7 | AD53: =SUM(AD46:AD52) -> 0 | AE53: =M53-J53 -> -76.62554 | AF53: =M53/J53 -> 0.96168723
A54: 新豐10線 | B54: 調理麵包 | C54: 厚豆腐蛋白蕈菇豬肉堡 | E54: 34.36 | F54: 1831 | G54: =E54*F54 -> 62913.16 | I54: 10 | J54: 3000 | K54: =J54/I54 -> 300 | L54: 10 | M54: =F54/V54*60 -> 2891.0526 | N54: =M54/L54 -> 289.10526 | O54: =L54-I54 -> 0 | P54: =N54-K54 -> -10.894737 | Q54: =N54/K54 -> 0.96368421 | R54: =Q58 -> 0.96013427 | S54: 0.20833333 | T54: 0.23472222 | V54: =(T54-S54)*24*60 -> 38 | AC54: 4 | AE54: =M54-J54 -> -108.94737 | AF54: =M54/J54 -> 0.96368421 | AG54: =AF58 -> 0.96013427
A55: 新豐10線 | B55: 調理麵包 | C55: 香雞蛋堡(112年) | E55: 26.78 | F55: 2159 | G55: =E55*F55 -> 57818.02 | I55: 10 | J55: 3000 | K55: =J55/I55 -> 300 | L55: 10 | M55: =F55/V55*60 -> 2878.6667 | N55: =M55/L55 -> 287.86667 | O55: =L55-I55 -> 0 | P55: =N55-K55 -> -12.133333 | Q55: =N55/K55 -> 0.95955556 | S55: 0.23958333 | T55: 0.27083333 | U55: =(S55-T54)*24*60 -> 7 | V55: =(T55-S55)*24*60 -> 45 | AE55: =M55-J55 -> -121.33333 | AF55: =M55/J55 -> 0.95955556
