Workbook

Sheet 0731
B1: 屏榮 新豐廠組合室生產人時性分析
B3: 日期 | C3: =TEXT('0731 4度C'!A2,"yyyy.mm.ddaaaa") -> 2026.07.31星期五 | E3: 訂單量 | F3: ='0731 4度C'!D1 -> 144931 | H3: 營業額 | I3: ='0731 4度C'!F1 -> 5031860
B4: 人時性 | C4: 項目 | E4: ➀ | G4: ➁ | I4: ➂ | K4: 異常停線 | M4: 短暫停線
C5: 組合室 | E5: 全溫層 | G5: 4度C-各編組展開 | I5: ③三明治-各編組展開 | K5: 合計次數 | L5: 時間 | M5: 合計次數 | N5: 設備次數
C6: 排關平均 | E6: =AVERAGE(D13:M13) -> 157.66603 | F6: =AVERAGE(D31:O31,D13:J13) -> 166.61988 | G6: =AVERAGE(D13:J13) -> 166.61988 | I6: =AVERAGE(K13:M13) -> 136.77372 | K6: ='0731 4度C'!Y2 -> 0 | L6: ='0731 4度C'!Z2 -> 0 | M6: ='0731 4度C'!AC2 -> 55 | N6: ='0731 4度C'!AD2 -> 0
C7: 實績平均 | E7: =AVERAGE(D14:M14) -> 151.29095 | F7: =AVERAGE(D32:O32,D14:J14) -> 160.00617 | G7: =AVERAGE(D14:J14) -> 160.00617 | I7: =AVERAGE(K14:M14) -> 130.95544
C8: 達成率平均 | E8: =AVERAGE(D15:M15) -> 0.95984242 | F8: =AVERAGE(D15:J15,D33:O33) -> 0.96084861 | G8: =AVERAGE(D15:J15) -> 0.96084861 | I8: =AVERAGE(K15:M15) -> 0.95749463
K9: ※現行日本鮮食廠以達成率80%為基本(即為現行KPI)
B10: 溫層 | D10: ➁4度C-各編組展開 | K10: ③三明治-各編組展開
B11: 編組 | D11: 1 | E11: 2 | F11: 3 | G11: 4 | H11: 5 | I11: 6 | J11: 7 | K11: 1 | L11: 2 | M11: 3
D12: 新豐6線 | E12: 新豐2線 | F12: 新豐5線 | G12: 新豐7線 | H12: 新豐3線 | I12: 新豐1線 | J12: 新豐10線 | K12: 新豐8線 | L12: 新豐9線 | M12: 新豐4線
B13: 人時性 | C13: 排關 | D13: =SUMIFS('0731 4度C'!$K:$K,'0731 4度C'!$A:$A,"新豐6線",'0731 4度C'!$B:$B,"平均") -> 130.43478 | E13: =SUMIFS('0731 4度C'!$K:$K,'0731 4度C'!$A:$A,"新豐2線",'0731 4度C'!$B:$B,"平均") -> 85.714286 | F13: =SUMIFS('0731 4度C'!$K:$K,'0731 4度C'!$A:$A,"新豐5線",'0731 4度C'!$B:$B,"平均") -> 93.023256 | G13: =SUMIFS('0731 4度C'!$K:$K,'0731 4度C'!$A:$A,"新豐7線",'0731 4度C'!$B:$B,"平均") -> 127.65957 | H13: =SUMIFS('0731 4度C'!$K:$K,'0731 4度C'!$A:$A,"新豐3線",'0731 4度C'!$B:$B,"平均") -> 324.32432 | I13: =SUMIFS('0731 4度C'!$K:$K,'0731 4度C'!$A:$A,"新豐1線",'0731 4度C'!$B:$B,"平均") -> 112.5 | J13: =SUMIFS('0731 4度C'!$K:$K,'0731 4度C'!$A:$A,"新豐10線",'0731 4度C'!$B:$B,"平均") -> 292.68293 | K13: =SUMIFS('0731 4度C'!$K:$K,'0731 4度C'!$A:$A,"新豐8線",'0731 4度C'!$B:$B,"平均") -> 137.70492 | L13: =SUMIFS('0731 4度C'!$K:$K,'0731 4度C'!$A:$A,"新豐9線",'0731 4度C'!$B:$B,"平均") -> 123.94366 | M13: =SUMIFS('0731 4度C'!$K:$K,'0731 4度C'!$A:$A,"新豐4線",'0731 4度C'!$B:$B,"平均") -> 148.67257
C14: 實績 | D14: =SUMIFS('0731 4度C'!$N:$N,'0731 4度C'!$A:$A,"新豐6線",'0731 4度C'!$B:$B,"平均") -> 125.89127 | E14: =SUMIFS('0731 4度C'!$N:$N,'0731 4度C'!$A:$A,"新豐2線",'0731 4度C'!$B:$B,"平均") -> 82.04632 | F14: =SUMIFS('0731 4度C'!$N:$N,'0731 4度C'!$A:$A,"新豐5線",'0731 4度C'!$B:$B,"平均") -> 89.392938 | G14: =SUMIFS('0731 4度C'!$N:$N,'0731 4度C'!$A:$A,"新豐7線",'0731 4度C'!$B:$B,"平均") -> 122.83842 | H14: =SUMIFS('0731 4度C'!$N:$N,'0731 4度C'!$A:$A,"新豐3線",'0731 4度C'!$B:$B,"平均") -> 310.74788 | I14: =SUMIFS('0731 4度C'!$N:$N,'0731 4度C'!$A:$A,"新豐1線",'0731 4度C'!$B:$B,"平均") -> 108.3114 | J14: =SUMIFS('0731 4度C'!$N:$N,'0731 4度C'!$A:$A,"新豐10線",'0731 4度C'!$B:$B,"平均") -> 280.81497 | K14: =SUMIFS('0731 4度C'!$N:$N,'0731 4度C'!$A:$A,"新豐8線",'0731 4度C'!$B:$B,"平均") -> 132.16654 | L14: =SUMIFS('0731 4度C'!$N:$N,'0731 4度C'!$A:$A,"新豐9線",'0731 4度C'!$B:$B,"平均") -> 118.61973 | M14: =SUMIFS('0731 4度C'!$N:$N,'0731 4度C'!$A:$A,"新豐4線",'0731 4度C'!$B:$B,"平均") -> 142.08006
C15: 達成率 | D15: =D14/D13 -> 0.96516642 | E15: =E14/E13 -> 0.95720707 | F15: =F14/F13 -> 0.96097409 | G15: =G14/G13 -> 0.9622343 | H15: =H14/H13 -> 0.95813931 | I15: =I14/I13 -> 0.96276797 | J15: =J14/J13 -> 0.95945114 | K15: =K14/K13 -> 0.95978079 | ... M15: =M14/M13 -> 0.95565754
B16: 作業 時間 | C16: 開始 | D16: =VLOOKUP("新豐6線",'0731 4度C'!$A:$T,19,0) -> 0.70833333 | E16: =VLOOKUP("新豐2線",'0731 4度C'!$A:$T,19,0) -> 0.083333333 | F16: =VLOOKUP("新豐5線",'0731 4度C'!$A:$T,19,0) -> 0.083333333 | G16: =VLOOKUP("新豐7線",'0731 4度C'!$A:$T,19,0) -> 0.20833333 | H16: =VLOOKUP("新豐3線",'0731 4度C'!$A:$T,19,0) -> 0.20833333 | I16: =VLOOKUP("新豐1線",'0731 4度C'!$A:$T,19,0) -> 0.083333333 | J16: =VLOOKUP("新豐10線",'0731 4度C'!$A:$T,19,0) -> 0.20833333 | K16: =VLOOKUP("新豐8線",'0731 4度C'!$A:$T,19,0) -> 0.083333333 | L16: =VLOOKUP("新豐9線",'0731 4度C'!$A:$T,19,0) -> 0.083333333 | M16: =VLOOKUP("新豐4線",'0731 4度C'!$A:$T,19,0) -> 0.083333333
C17: 結束 | D17: =LOOKUP(2,1/(('0731 4度C'!$A:$A="新豐6線")*('0731 4度C'!$T:$T<>"")),'0731 4度C'!$T:$T) -> 0.81041667 | E17: =LOOKUP(2,1/(('0731 4度C'!$A:$A="新豐2線")*('0731 4度C'!$T:$T<>"")),'0731 4度C'!$T:$T) -> 0.49236111 | F17: =LOOKUP(2,1/(('0731 4度C'!$A:$A="新豐5線")*('0731 4度C'!$T:$T<>"")),'0731 4度C'!$T:$T) -> 0.81944444 | G17: =LOOKUP(2,1/(('0731 4度C'!$A:$A="新豐7線")*('0731 4度C'!$T:$T<>"")),'0731 4度C'!$T:$T) -> 0.82083333 | H17: =LOOKUP(2,1/(('0731 4度C'!$A:$A="新豐3線")*('0731 4度C'!$T:$T<>"")),'0731 4度C'!$T:$T) -> 0.36875 | I17: =LOOKUP(2,1/(('0731 4度C'!$A:$A="新豐1線")*('0731 4度C'!$T:$T<>"")),'0731 4度C'!$T:$T) -> 0.83888889 | J17: =LOOKUP(2,1/(('0731 4度C'!$A:$A="新豐10線")*('0731 4度C'!$T:$T<>"")),'0731 4度C'!$T:$T) -> 0.37361111 | K17: =LOOKUP(2,1/(('0731 4度C'!$A:$A="新豐8線")*('0731 4度C'!$T:$T<>"")),'0731 4度C'!$T:$T) -> 0.58333333 | L17: =LOOKUP(2,1/(('0731 4度C'!$A:$A="新豐9線")*('0731 4度C'!$T:$T<>"")),'0731 4度C'!$T:$T) -> 0.48055556 | M17: =LOOKUP(2,1/(('0731 4度C'!$A:$A="新豐4線")*('0731 4度C'!$T:$T<>"")),'0731 4度C'!$T:$T) -> 0.63680556
B18: 產線異常 (5分鐘以上) | C18: 次數 | D18: =SUMIFS('0731 4度C'!$Y:$Y,'0731 4度C'!$A:$A,"新豐6線",'0731 4度C'!$B:$B,"平均") -> 0 | E18: =SUMIFS('0731 4度C'!$Y:$Y,'0731 4度C'!$A:$A,"新豐2線",'0731 4度C'!$B:$B,"平均") -> 0 | F18: =SUMIFS('0731 4度C'!$Y:$Y,'0731 4度C'!$A:$A,"新豐5線",'0731 4度C'!$B:$B,"平均") -> 0 | G18: =SUMIFS('0731 4度C'!$Y:$Y,'0731 4度C'!$A:$A,"新豐7線",'0731 4度C'!$B:$B,"平均") -> 0 | H18: =SUMIFS('0731 4度C'!$Y:$Y,'0731 4度C'!$A:$A,"新豐3線",'0731 4度C'!$B:$B,"平均") -> 0 | I18: =SUMIFS('0731 4度C'!$Y:$Y,'0731 4度C'!$A:$A,"新豐1線",'0731 4度C'!$B:$B,"平均") -> 0 | J18: =SUMIFS('0731 4度C'!$Y:$Y,'0731 4度C'!$A:$A,"新豐10線",'0731 4度C'!$B:$B,"平均") -> 0 | K18: =SUMIFS('0731 4度C'!$Y:$Y,'0731 4度C'!$A:$A,"新豐8線",'0731 4度C'!$B:$B,"平均") -> 0 | L18: =SUMIFS('0731 4度C'!$Y:$Y,'0731 4度C'!$A:$A,"新豐9線",'0731 4度C'!$B:$B,"平均") -> 0 | M18: =SUMIFS('0731 4度C'!$Y:$Y,'0731 4度C'!$A:$A,"新豐4線",'0731 4度C'!$B:$B,"平均") -> 0
C19: 時間/分 | D19: =SUMIFS('0731 4度C'!$Z:$Z,'0731 4度C'!$A:$A,"新豐6線",'0731 4度C'!$B:$B,"平均") -> 0 | E19: =SUMIFS('0731 4度C'!$Z:$Z,'0731 4度C'!$A:$A,"新豐2線",'0731 4度C'!$B:$B,"平均") -> 0 | F19: =SUMIFS('0731 4度C'!$Z:$Z,'0731 4度C'!$A:$A,"新豐5線",'0731 4度C'!$B:$B,"平均") -> 0 | G19: =SUMIFS('0731 4度C'!$Z:$Z,'0731 4度C'!$A:$A,"新豐7線",'0731 4度C'!$B:$B,"平均") -> 0 | H19: =SUMIFS('0731 4度C'!$Z:$Z,'0731 4度C'!$A:$A,"新豐3線",'0731 4度C'!$B:$B,"平均") -> 0 | I19: =SUMIFS('0731 4度C'!$Z:$Z,'0731 4度C'!$A:$A,"新豐1線",'0731 4度C'!$B:$B,"平均") -> 0 | J19: =SUMIFS('0731 4度C'!$Z:$Z,'0731 4度C'!$A:$A,"新豐10線",'0731 4度C'!$B:$B,"平均") -> 0 | K19: =SUMIFS('0731 4度C'!$Z:$Z,'0731 4度C'!$A:$A,"新豐8線",'0731 4度C'!$B:$B,"平均") -> 0 | L19: =SUMIFS('0731 4度C'!$Z:$Z,'0731 4度C'!$A:$A,"新豐9線",'0731 4度C'!$B:$B,"平均") -> 0 | M19: =SUMIFS('0731 4度C'!$Z:$Z,'0731 4度C'!$A:$A,"新豐4線",'0731 4度C'!$B:$B,"平均") -> 0
B20: 短暫停線 (5分鐘以下) | C20: 次數 | D20: =SUMIFS('0731 4度C'!$AC:$AC,'0731 4度C'!$A:$A,"新豐6線",'0731 4度C'!$B:$B,"平均") -> 3 | E20: =SUMIFS('0731 4度C'!$AC:$AC,'0731 4度C'!$A:$A,"新豐2線",'0731 4度C'!$B:$B,"平均") -> 4 | F20: =SUMIFS('0731 4度C'!$AC:$AC,'0731 4度C'!$A:$A,"新豐5線",'0731 4度C'!$B:$B,"平均") -> 7 | G20: =SUMIFS('0731 4度C'!$AC:$AC,'0731 4度C'!$A:$A,"新豐7線",'0731 4度C'!$B:$B,"平均") -> 6 | H20: =SUMIFS('0731 4度C'!$AC:$AC,'0731 4度C'!$A:$A,"新豐3線",'0731 4度C'!$B:$B,"平均") -> 4 | I20: =SUMIFS('0731 4度C'!$AC:$AC,'0731 4度C'!$A:$A,"新豐1線",'0731 4度C'!$B:$B,"平均") -> 9 | J20: =SUMIFS('0731 4度C'!$AC:$AC,'0731 4度C'!$A:$A,"新豐10線",'0731 4度C'!$B:$B,"平均") -> 4 | K20: =SUMIFS('0731 4度C'!$AC:$AC,'0731 4度C'!$A:$A,"新豐8線",'0731 4度C'!$B:$B,"平均") -> 7 | L20: =SUMIFS('0731 4度C'!$AC:$AC,'0731 4度C'!$A:$A,"新豐9線",'0731 4度C'!$B:$B,"平均") -> 4 | M20: =SUMIFS('0731 4度C'!$AC:$AC,'0731 4度C'!$A:$A,"新豐4線",'0731 4度C'!$B:$B,"平均") -> 7
C21: 設備次數 | D21: =SUMIFS('0731 4度C'!$AD:$AD,'0731 4度C'!$A:$A,"新豐6線",'0731 4度C'!$B:$B,"平均") -> 0 | E21: =SUMIFS('0731 4度C'!$AD:$AD,'0731 4度C'!$A:$A,"新豐2線",'0731 4度C'!$B:$B,"平均") -> 0 | F21: =SUMIFS('0731 4度C'!$AD:$AD,'0731 4度C'!$A:$A,"新豐5線",'0731 4度C'!$B:$B,"平均") -> 0 | G21: =SUMIFS('0731 4度C'!$AD:$AD,'0731 4度C'!$A:$A,"新豐7線",'0731 4度C'!$B:$B,"平均") -> 0 | H21: =SUMIFS('0731 4度C'!$AD:$AD,'0731 4度C'!$A:$A,"新豐3線",'0731 4度C'!$B:$B,"平均") -> 0 | I21: =SUMIFS('0731 4度C'!$AD:$AD,'0731 4度C'!$A:$A,"新豐1線",'0731 4度C'!$B:$B,"平均") -> 0 | J21: =SUMIFS('0731 4度C'!$AD:$AD,'0731 4度C'!$A:$A,"新豐10線",'0731 4度C'!$B:$B,"平均") -> 0 | K21: =SUMIFS('0731 4度C'!$AD:$AD,'0731 4度C'!$A:$A,"新豐8線",'0731 4度C'!$B:$B,"平均") -> 0 | L21: =SUMIFS('0731 4度C'!$AD:$AD,'0731 4度C'!$A:$A,"新豐9線",'0731 4度C'!$B:$B,"平均") -> 0 | M21: =SUMIFS('0731 4度C'!$AD:$AD,'0731 4度C'!$A:$A,"新豐4線",'0731 4度C'!$B:$B,"平均") -> 0
B22: 配置人數 | D22: =SUMIFS('0731 4度C'!$I:$I,'0731 4度C'!$A:$A,"新豐6線",'0731 4度C'!$B:$B,"平均") -> 15.333333 | E22: =SUMIFS('0731 4度C'!$I:$I,'0731 4度C'!$A:$A,"新豐2線",'0731 4度C'!$B:$B,"平均") -> 17.5 | F22: =SUMIFS('0731 4度C'!$I:$I,'0731 4度C'!$A:$A,"新豐5線",'0731 4度C'!$B:$B,"平均") -> 18.428571 | G22: =SUMIFS('0731 4度C'!$I:$I,'0731 4度C'!$A:$A,"新豐7線",'0731 4度C'!$B:$B,"平均") -> 15.666667 | H22: =SUMIFS('0731 4度C'!$I:$I,'0731 4度C'!$A:$A,"新豐3線",'0731 4度C'!$B:$B,"平均") -> 9.25 | I22: =SUMIFS('0731 4度C'!$I:$I,'0731 4度C'!$A:$A,"新豐1線",'0731 4度C'!$B:$B,"平均") -> 17.777778 | J22: =SUMIFS('0731 4度C'!$I:$I,'0731 4度C'!$A:$A,"新豐10線",'0731 4度C'!$B:$B,"平均") -> 10.25 | K22: =SUMIFS('0731 4度C'!$I:$I,'0731 4度C'!$A:$A,"新豐8線",'0731 4度C'!$B:$B,"平均") -> 17.428571 | L22: =SUMIFS('0731 4度C'!$I:$I,'0731 4度C'!$A:$A,"新豐9線",'0731 4度C'!$B:$B,"平均") -> 17.75 | M22: =SUMIFS('0731 4度C'!$I:$I,'0731 4度C'!$A:$A,"新豐4線",'0731 4度C'!$B:$B,"平均") -> 16.142857
B23: 主要應用設備 | D23: ET-55 | E23: 熱縮爐 | F23: L型包裝機 | G23: L型包裝機 | H23: 伺服包裝機 | I23: ET-55 | J23: 伺服包裝機 | K23: 三明治包裝機 | L23: 三明治包裝機 | M23: 三明治包裝機
B24: 次要應用設備 | F24: 圓盤機 | G24: ET-55
B25: 備註 | E25: 握沙拉 | F25: 共用L型包裝機 | H25: 調理麵包 | I25: 炒飯+沙拉 | J25: 調理麵包

Sheet 0731 4度C
A1: 新豐廠四度C日報分析 | C1: 總生產量 | D1: =SUM(F5:F69) -> 144931 | E1: 營業額 | F1: =SUM(G5:G69) -> 5031860 | G1: 出勤人數 | H1: =L8+L13+L46+L56+L21+L61+L36+L41+L28+L69 -> 155.52778 | I1: 產線配置圖 | L1: 生產實績 | O1: 人時性差異分析 | S1: 日報登錄 | Y1: 合計 次數 | Z1: 合計 時間/分 | AA1: 產線異常 分析說明(5分鐘以上) | AC1: 合計 次數 | AD1: 合計 設備次數 | AE1: 產能差異分析
A2: 46234 | B2: 星期五 | C2: 人時性 | D2: =AVERAGE(N8,N13,N46,N56,N21,N61,N28,N36,N41,N69) -> 151.29095 | E2: 平均廠價 | F2: =F1/D1 -> 34.719004 | G2: 多次生產數 | H2: =COUNT(H5:H69) -> 2 | Y2: =SUM(Y8+Y13+Y21+Y28+Y36+Y41+Y46+Y56+Y61+Y69) -> 0 | Z2: =SUM(Z8+Z13+Z21+Z28+Z36+Z41+Z46+Z56+Z61+Z69) -> 0 | AC2: 55 | AD2: =SUM(AD8+AD13+AD21+AD28+AD36+AD41+AD46+AD56+AD61+AD69) -> 0
A3: 線別 | B3: 品類 | C3: 品名 | E3: 廠價 | F3: 生產量 | G3: 營收 | H3: 多次 生產 | I3: 人數 | J3: 產能/時 | K3: 人時性 | L3: 人數 | M3: 產能/時 | N3: 人時性 | O3: 人數 | P3: 人時性 | Q3: 達成率 | R3: 達成率平均 | S3: 生產時間 | U3: 換線、休息/分 | V3: 稼動時間/分 | W3: 休息時間 | Y3: 產線異常統計 (5分鐘以上) | AA3: (新豐回填) | AC3: 短暫停線統計 (5分鐘以下) | AE3: 產能/時 | AF3: 達成率 | AG3: 達成率平均
S4: 開始 | T4: 結束 | W4: 開始 | X4: 結束 | Y4: 次數 | Z4: 時間/分 | AC4: 總次數 | AD4: 設備因素(次數)
A5: 新豐6線 | B5: 微波主食 | C5: 二配金咖哩果香甘口咖哩飯 | E5: 50.92 | F5: 1631 | G5: =E5*F5 -> 83050.52 | I5: 15 | J5: 2000 | K5: =J5/I5 -> 133.33333 | L5: 15 | M5: =F5/V5*60 -> 1918.8235 | N5: =M5/L5 -> 127.92157 | O5: =L5-I5 -> 0 | P5: =N5-K5 -> -5.4117647 | Q5: =N5/K5 -> 0.95941176 | R5: =Q8 -> 0.96516642 | S5: 0.70833333 | T5: 0.74375 | V5: =(T5-S5)*24*60 -> 51 | AC5: 3 | AE5: =M5-J5 -> -81.176471 | AF5: =M5/J5 -> 0.95941176 | AG5: =AF8 -> 0.96516642
A6: 新豐6線 | B6: 微波主食 | C6: 二配金咖哩濃厚辛口咖哩飯 | E6: 50.98 | F6: 1619 | G6: =E6*F6 -> 82536.62 | I6: 16 | J6: 2000 | K6: =J6/I6 -> 125 | L6: 16 | M6: =F6/V6*60 -> 1942.8 | N6: =M6/L6 -> 121.425 | O6: =L6-I6 -> 0 | P6: =N6-K6 -> -3.575 | Q6: =N6/K6 -> 0.9714 | S6: 0.74930556 | T6: 0.78402778 | U6: =IF(S6=TIME(17,0,0),"",(S6-T5)*24*60) -> 8 | V6: =(T6-S6)*24*60 -> 50 | AE6: =M6-J6 -> -57.2 | AF6: =M6/J6 -> 0.9714
A7: 新豐6線 | B7: 微波主食 | C7: 二配泰式綠咖哩雞 | E7: 50.67 | F7: 1029 | G7: =E7*F7 -> 52139.43 | I7: 15 | J7: 2000 | K7: =J7/I7 -> 133.33333 | L7: 15 | M7: =F7/V7*60 -> 1929.375 | N7: =M7/L7 -> 128.625 | O7: =L7-I7 -> 0 | P7: =N7-K7 -> -4.7083333 | Q7: =N7/K7 -> 0.9646875 | S7: 0.78819444 | T7: 0.81041667 | U7: =IF(S7=TIME(17,0,0),"",(S7-T6)*24*60) -> 6 | V7: =(T7-S7)*24*60 -> 32 | AE7: =M7-J7 -> -70.625 | AF7: =M7/J7 -> 0.9646875
A8: 新豐6線 | B8: 平均 | I8: 15.333333 | J8: 2000 | K8: =J8/I8 -> 130.43478 | L8: 15.333333 | M8: =AVERAGE(M5:M7) -> 1930.3328 | N8: =M8/L8 -> 125.89127 | O8: =L8-I8 -> 0 | P8: =N8-K8 -> -4.5435102 | Q8: =N8/K8 -> 0.96516642 | Y8: =SUM(Y5:Y7) -> 0 | Z8: =SUM(Z5:Z7) -> 0 | AC8: 3 | AD8: =SUM(AD5:AD7) -> 0 | AE8: =M8-J8 -> -69.667157 | AF8: =M8/J8 -> 0.96516642
A9: 新豐2線 | B9: 沙拉 | C9: 青檸烤雞握沙拉(113年) | E9: 39.8 | F9: 5213 | G9: =E9*F9 -> 207477.4 | I9: 17 | J9: 1500 | K9: =J9/I9 -> 88.235294 | L9: 17 | M9: =F9/V9*60 -> 1434.7706 | N9: =M9/L9 -> 84.398273 | O9: =L9-I9 -> 0 | P9: =N9-K9 -> -3.837021 | Q9: =N9/K9 -> 0.95651376 | R9: =Q13 -> 0.95720707 | S9: 0.083333333 | T9: 0.23472222 | V9: =(T9-S9)*24*60 -> 218 | W9: =T9 -> 0.23472222 | X9: =S10 -> 0.25486111 | AC9: 4 | AE9: =M9-J9 -> -65.229358 | AF9: =M9/J9 -> 0.95651376 | AG9: =AF13 -> 0.95720707
A10: 新豐2線 | B10: 沙拉 | C10: 厚蛋時蔬握沙拉 | E10: 39.46 | F10: 2301 | G10: =E10*F10 -> 90797.46 | I10: 15 | J10: 1500 | K10: =J10/I10 -> 100 | L10: 15 | M10: =F10/V10*60 -> 1438.125 | N10: =M10/L10 -> 95.875 | O10: =L10-I10 -> 0 | P10: =N10-K10 -> -4.125 | Q10: =N10/K10 -> 0.95875 | S10: 0.25486111 | T10: 0.32152778 | U10: =IF(S10=TIME(17,0,0),"",(S10-T9)*24*60) -> 29 | V10: =(T10-S10)*24*60 -> 96 | AE10: =M10-J10 -> -61.875 | AF10: =M10/J10 -> 0.95875
A11: 新豐2線 | B11: 沙拉 | C11: 地瓜瓜握沙拉 | E11: 39.52 | F11: 1919 | G11: =E11*F11 -> 75838.88 | I11: 19 | J11: 1500 | K11: =J11/I11 -> 78.947368 | L11: 19 | M11: =F11/V11*60 -> 1439.25 | N11: =M11/L11 -> 75.75 | O11: =L11-I11 -> 0 | P11: =N11-K11 -> -3.1973684 | Q11: =N11/K11 -> 0.9595 | S11: 0.32569444 | T11: 0.38125 | U11: =IF(S11=TIME(17,0,0),"",(S11-T10)*24*60) -> 6 | V11: =(T11-S11)*24*60 -> 80 | AE11: =M11-J11 -> -60.75 | AF11: =M11/J11 -> 0.9595
A12: 新豐2線 | B12: 沙拉 | C12: 青醬優格雞肉握沙拉(113年) | E12: 39.62 | F12: 3697 | G12: =E12*F12 -> 146475.14 | I12: 19 | J12: 1500 | K12: =J12/I12 -> 78.947368 | L12: 19 | M12: =F12/V12*60 -> 1431.0968 | N12: =M12/L12 -> 75.320883 | O12: =L12-I12 -> 0 | P12: =N12-K12 -> -3.6264856 | Q12: =N12/K12 -> 0.95406452 | S12: 0.38472222 | T12: 0.49236111 | U12: =IF(S12=TIME(17,0,0),"",(S12-T11)*24*60) -> 5 | V12: =(T12-S12)*24*60 -> 155 | AE12: =M12-J12 -> -68.903226 | AF12: =M12/J12 -> 0.95406452
A13: 新豐2線 | B13: 平均 | I13: 17.5 | J13: 1500 | K13: =J13/I13 -> 85.714286 | L13: 17.5 | M13: =AVERAGE(M9:M12) -> 1435.8106 | N13: =M13/L13 -> 82.04632 | O13: =L13-I13 -> 0 | P13: =N13-K13 -> -3.6679655 | Q13: =N13/K13 -> 0.95720707 | Y13: =SUM(Y9:Y12) -> 0 | Z13: =SUM(Z9:Z12) -> 0 | AC13: 4 | AD13: =SUM(AD9:AD12) -> 0 | AE13: =M13-J13 -> -64.189396 | AF13: =M13/J13 -> 0.95720707
A14: 新豐5線 | B14: 季節調理麵 | C14: 台式麻醬涼麵(115年) | E14: 31.11 | F14: 3126 | G14: =E14*F14 -> 97249.86 | I14: 14 | J14: 2000 | K14: =J14/I14 -> 142.85714 | L14: 14 | M14: =F14/V14*60 -> 1913.8776 | N14: =M14/L14 -> 136.70554 | O14: =L14-I14 -> 0 | P14: =N14-K14 -> -6.1516035 | Q14: =N14/K14 -> 0.95693878 | R14: =Q21 -> 0.96097409 | S14: 0.083333333 | T14: 0.15138889 | V14: =(T14-S14)*24*60 -> 98 | W14: =T14 -> 0.15138889 | X14: =S15 -> 0.17013889 | AC14: 7 | AE14: =M14-J14 -> -86.122449 | AF14: =M14/J14 -> 0.95693878 | AG14: =AF21 -> 0.96097409
A15: 新豐5線 | B15: 小吃 | C15: 香菇雞燉湯 | E15: 38.62 | F15: 1862 | G15: =E15*F15 -> 71910.44 | I15: 24 | J15: 1500 | K15: =J15/I15 -> 62.5 | L15: 24 | M15: =F15/V15*60 -> 1432.3077 | N15: =M15/L15 -> 59.679487 | O15: =L15-I15 -> 0 | P15: =N15-K15 -> -2.8205128 | Q15: =N15/K15 -> 0.95487179 | S15: 0.17013889 | T15: 0.22430556 | U15: =IF(S15=TIME(17,0,0),"",(S15-T14)*24*60) -> 27 | V15: =(T15-S15)*24*60 -> 78 | AE15: =M15-J15 -> -67.692308 | AF15: =M15/J15 -> 0.95487179
A16: 新豐5線 | B16: 小吃 | C16: 剝皮辣椒雞湯 | E16: 41 | F16: 1537 | G16: =E16*F16 -> 63017 | I16: 26 | J16: 1500 | K16: =J16/I16 -> 57.692308 | L16: 26 | M16: =F16/V16*60 -> 1440.9375 | N16: =M16/L16 -> 55.420673 | O16: =L16-I16 -> 0 | P16: =N16-K16 -> -2.2716346 | Q16: =N16/K16 -> 0.960625 | S16: 0.22986111 | T16: 0.27430556 | U16: =IF(S16=TIME(17,0,0),"",(S16-T15)*24*60) -> 8 | V16: =(T16-S16)*24*60 -> 64 | AE16: =M16-J16 -> -59.0625 | AF16: =M16/J16 -> 0.960625
A17: 新豐5線 | B17: 微波主食 | C17: 香菇雞粥 | E17: 37.03 | F17: 2893 | G17: =E17*F17 -> 107127.79 | I17: 13 | J17: 1500 | K17: =J17/I17 -> 115.38462 | L17: 13 | M17: =F17/V17*60 -> 1434.5455 | N17: =M17/L17 -> 110.34965 | O17: =L17-I17 -> 0 | P17: =N17-K17 -> -5.034965 | Q17: =N17/K17 -> 0.95636364 | S17: 0.27916667 | T17: 0.36319444 | U17: =IF(S17=TIME(17,0,0),"",(S17-T16)*24*60) -> 7 | V17: =(T17-S17)*24*60 -> 121 | AE17: =M17-J17 -> -65.454545 | AF17: =M17/J17 -> 0.95636364
A18: 新豐5線 | B18: 微波主食 | C18: 二配港式香滑嫩蛋牛肉燴飯 | E18: 50.67 | F18: 1164 | G18: =E18*F18 -> 58979.88 | I18: 17 | J18: 2000 | K18: =J18/I18 -> 117.64706 | L18: 17 | M18: =F18/V18*60 -> 1940 | N18: =M18/L18 -> 114.11765 | O18: =L18-I18 -> 0 | P18: =N18-K18 -> -3.5294118 | Q18: =N18/K18 -> 0.97 | S18: 0.70833333 | T18: 0.73333333 | U18: =IF(S18=TIME(17,0,0),"",(S18-T17)*24*60) | V18: =(T18-S18)*24*60 -> 36 | AE18: =M18-J18 -> -60 | AF18: =M18/J18 -> 0.97
A19: 新豐5線 | B19: 微波主食 | C19: 二配玉米濃湯焗烤飯 | E19: 54.5 | F19: 1541 | G19: =E19*F19 -> 83984.5 | I19: 20 | J19: 1500 | K19: =J19/I19 -> 75 | L19: 20 | M19: =F19/V19*60 -> 1444.6875 | N19: =M19/L19 -> 72.234375 | O19: =L19-I19 -> 0 | P19: =N19-K19 -> -2.765625 | Q19: =N19/K19 -> 0.963125 | S19: 0.73819444 | T19: 0.78263889 | U19: =IF(S19=TIME(17,0,0),"",(S19-T18)*24*60) -> 7 | V19: =(T19-S19)*24*60 -> 64 | AE19: =M19-J19 -> -55.3125 | AF19: =M19/J19 -> 0.963125
A20: 新豐5線 | B20: 微波主食 | C20: 二配川味麻婆燒豆腐燴飯 | E20: 50.49 | F20: 1444 | G20: =E20*F20 -> 72907.56 | I20: 15 | J20: 2000 | K20: =J20/I20 -> 133.33333 | L20: 15 | M20: =F20/V20*60 -> 1925.3333 | N20: =M20/L20 -> 128.35556 | O20: =L20-I20 -> 0 | P20: =N20-K20 -> -4.9777778 | Q20: =N20/K20 -> 0.96266667 | S20: 0.78819444 | T20: 0.81944444 | U20: =IF(S20=TIME(17,0,0),"",(S20-T19)*24*60) -> 8 | V20: =(T20-S20)*24*60 -> 45 | AE20: =M20-J20 -> -74.666667 | AF20: =M20/J20 -> 0.96266667
A21: 新豐5線 | B21: 平均 | I21: 18.428571 | J21: 1714.2857 | K21: =J21/I21 -> 93.023256 | L21: 18.428571 | M21: =AVERAGE(M14:M20) -> 1647.3841 | N21: =M21/L21 -> 89.392938 | O21: =L21-I21 -> 0 | P21: =N21-K21 -> -3.6303176 | Q21: =N21/K21 -> 0.96097409 | Y21: =SUM(Y14:Y20) -> 0 | Z21: =SUM(Z14:Z20) -> 0 | AC21: 7 | AD21: =SUM(AD14:AD20) -> 0 | AE21: =M21-J21 -> -66.901567 | AF21: =M21/J21 -> 0.96097409
A22: 新豐7線 | B22: 微波主食 | C22: 韓式泡菜豬肉豆腐丼飯 | E22: 50.67 | F22: 1296 | G22: =E22*F22 -> 65668.32 | I22: 17 | J22: 2000 | K22: =J22/I22 -> 117.64706 | L22: 17 | M22: =F22/V22*60 -> 1944 | N22: =M22/L22 -> 114.35294 | O22: =L22-I22 -> 0 | P22: =N22-K22 -> -3.2941176 | Q22: =N22/K22 -> 0.972 | R22: =Q28 -> 0.9622343 | S22: 0.20833333 | T22: 0.23611111 | V22: =(T22-S22)*24*60 -> 40 | AC22: 6 | AE22: =M22-J22 -> -56 | AF22: =M22/J22 -> 0.972 | AG22: =AF28 -> 0.9622343
A23: 新豐7線 | B23: 微波主食 | C23: 鐵板滑蛋炸豬排丼 | E23: 57.73 | F23: 1857 | G23: =E23*F23 -> 107204.61 | I23: 14 | J23: 2000 | K23: =J23/I23 -> 142.85714 | L23: 14 | M23: =F23/V23*60 -> 1921.0345 | N23: =M23/L23 -> 137.21675 | O23: =L23-I23 -> 0 | P23: =N23-K23 -> -5.6403941 | Q23: =N23/K23 -> 0.96051724 | S23: 0.24097222 | T23: 0.28125 | U23: =IF(S23=TIME(17,0,0),"",(S23-T22)*24*60) -> 7 | V23: =(T23-S23)*24*60 -> 58 | AE23: =M23-J23 -> -78.965517 | AF23: =M23/J23 -> 0.96051724
A24: 新豐7線 | B24: 微波主食 | C24: 日式炙烤親子丼 | E24: 53.27 | F24: 1086 | G24: =E24*F24 -> 57851.22 | I24: 16 | J24: 2000 | K24: =J24/I24 -> 125 | L24: 16 | M24: =F24/V24*60 -> 1916.4706 | N24: =M24/L24 -> 119.77941 | O24: =L24-I24 -> 0 | P24: =N24-K24 -> -5.2205882 | Q24: =N24/K24 -> 0.95823529 | S24: 0.28541667 | T24: 0.30902778 | U24: =IF(S24=TIME(17,0,0),"",(S24-T23)*24*60) -> 6 | V24: =(T24-S24)*24*60 -> 34 | AE24: =M24-J24 -> -83.529412 | AF24: =M24/J24 -> 0.95823529
A25: 新豐7線 | B25: 微波主食 | C25: 二配厚香料優格咖哩雞排飯 | E25: 56.43 | F25: 1157 | G25: =E25*F25 -> 65289.51 | I25: 13 | J25: 2000 | K25: =J25/I25 -> 153.84615 | L25: 13 | M25: =F25/V25*60 -> 1928.3333 | N25: =M25/L25 -> 148.33333 | O25: =L25-I25 -> 0 | P25: =N25-K25 -> -5.5128205 | Q25: =N25/K25 -> 0.96416667 | S25: 0.70833333 | T25: 0.73333333 | U25: =IF(S25=TIME(17,0,0),"",(S25-T24)*24*60) | V25: =(T25-S25)*24*60 -> 36 | AE25: =M25-J25 -> -71.666667 | AF25: =M25/J25 -> 0.96416667
A26: 新豐7線 | B26: 微波主食 | C26: 二配美味蟹煲 | E26: 54.09 | F26: 1852 | G26: =E26*F26 -> 100174.68 | I26: 18 | J26: 2000 | K26: =J26/I26 -> 111.11111 | L26: 18 | M26: =F26/V26*60 -> 1915.8621 | N26: =M26/L26 -> 106.43678 | O26: =L26-I26 -> 0 | P26: =N26-K26 -> -4.6743295 | Q26: =N26/K26 -> 0.95793103 | S26: 0.73888889 | T26: 0.77916667 | U26: =IF(S26=TIME(17,0,0),"",(S26-T25)*24*60) -> 8 | V26: =(T26-S26)*24*60 -> 58 | AE26: =M26-J26 -> -84.137931 | AF26: =M26/J26 -> 0.95793103
A27: 新豐7線 | B27: 微波主食 | C27: 二配泰式檸檬魚飯 | E27: 57.3 | F27: 1729 | G27: =E27*F27 -> 99071.7 | I27: 16 | J27: 2000 | K27: =J27/I27 -> 125 | L27: 16 | M27: =F27/V27*60 -> 1921.1111 | N27: =M27/L27 -> 120.06944 | O27: =L27-I27 -> 0 | P27: =N27-K27 -> -4.9305556 | Q27: =N27/K27 -> 0.96055556 | S27: 0.78333333 | T27: 0.82083333 | U27: =IF(S27=TIME(17,0,0),"",(S27-T26)*24*60) -> 6 | V27: =(T27-S27)*24*60 -> 54 | AE27: =M27-J27 -> -78.888889 | AF27: =M27/J27 -> 0.96055556
A28: 新豐7線 | B28: 平均 | I28: 15.666667 | J28: 2000 | K28: =J28/I28 -> 127.65957 | L28: 15.666667 | M28: =AVERAGE(M22:M27) -> 1924.4686 | N28: =M28/L28 -> 122.83842 | O28: =L28-I28 -> 0 | P28: =N28-K28 -> -4.8211534 | Q28: =N28/K28 -> 0.9622343 | Y28: =SUM(Y22:Y27) -> 0 | Z28: =SUM(Z22:Z27) -> 0 | AC28: 6 | AD28: =SUM(AD22:AD27) -> 0 | AE28: =M28-J28 -> -75.531403 | AF28: =M28/J28 -> 0.9622343
A29: 新豐8線 | B29: 三明治 | C29: 紐奧良風味烤雞鮮蔬三明治 | E29: 31.29 | F29: 6590 | G29: =E29*F29 -> 206201.1 | I29: 18 | J29: 2400 | K29: =J29/I29 -> 133.33333 | L29: 18 | M29: =F29/V29*60 -> 2285.5491 | N29: =M29/L29 -> 126.97495 | O29: =L29-I29 -> 0 | P29: =N29-K29 -> -6.3583815 | Q29: =N29/K29 -> 0.95231214 | R29: =Q36 -> 0.95978079 | S29: 0.083333333 | T29: 0.20347222 | V29: =(T29-S29)*24*60 -> 173 | W29: =T29 -> 0.20347222 | X29: =S30 -> 0.22361111 | AC29: 7 | AE29: =M29-J29 -> -114.45087 | AF29: =M29/J29 -> 0.95231214 | AG29: =AF36 -> 0.95978079
A30: 新豐8線 | B30: 三明治 | C30: 醬燒烤雞三明治(115年) | E30: 26.37 | F30: 4918 | G30: =E30*F30 -> 129687.66 | I30: 18 | J30: 2400 | K30: =J30/I30 -> 133.33333 | L30: 18 | M30: =F30/V30*60 -> 2287.4419 | N30: =M30/L30 -> 127.0801 | O30: =L30-I30 -> 0 | P30: =N30-K30 -> -6.25323 | Q30: =N30/K30 -> 0.95310078 | S30: 0.22361111 | T30: 0.31319444 | U30: =(S30-T29)*24*60 -> 29 | V30: =(T30-S30)*24*60 -> 129 | AE30: =M30-J30 -> -112.55814 | AF30: =M30/J30 -> 0.95310078
A31: 新豐8線 | B31: 三明治 | C31: 鮪魚起司溏心蛋三明治(115年) | E31: 26.18 | F31: 3500 | G31: =E31*F31 -> 91630 | H31: 2 | I31: 18 | J31: 2400 | K31: =J31/I31 -> 133.33333 | L31: 18 | M31: =F31/V31*60 -> 2307.6923 | N31: =M31/L31 -> 128.20513 | O31: =L31-I31 -> 0 | P31: =N31-K31 -> -5.1282051 | Q31: =N31/K31 -> 0.96153846 | S31: 0.31666667 | T31: 0.37986111 | U31: =(S31-T30)*24*60 -> 5 | V31: =(T31-S31)*24*60 -> 91 | AE31: =M31-J31 -> -92.307692 | AF31: =M31/J31 -> 0.96153846
A32: 新豐8線 | B32: 三明治 | C32: 茄汁厚起司三明治 | E32: 25.99 | F32: 931 | G32: =E32*F32 -> 24196.69 | I32: 18 | J32: 2400 | K32: =J32/I32 -> 133.33333 | L32: 18 | M32: =F32/V32*60 -> 2327.5 | N32: =M32/L32 -> 129.30556 | O32: =L32-I32 -> 0 | P32: =N32-K32 -> -4.0277778 | Q32: =N32/K32 -> 0.96979167 | S32: 0.38402778 | T32: 0.40069444 | U32: =(S32-T31)*24*60 -> 6 | V32: =(T32-S32)*24*60 -> 24 | AE32: =M32-J32 -> -72.5 | AF32: =M32/J32 -> 0.96979167
A33: 新豐8線 | B33: 三明治 | C33: 雞蛋沙拉三明治(114年) | E33: 25.99 | F33: 3070 | G33: =E33*F33 -> 79789.3 | I33: 14 | J33: 2400 | K33: =J33/I33 -> 171.42857 | L33: 14 | M33: =F33/V33*60 -> 2302.5 | N33: =M33/L33 -> 164.46429 | O33: =L33-I33 -> 0 | P33: =N33-K33 -> -6.9642857 | Q33: =N33/K33 -> 0.959375 | S33: 0.40416667 | T33: 0.45972222 | U33: =(S33-T32)*24*60 -> 5 | V33: =(T33-S33)*24*60 -> 80 | AE33: =M33-J33 -> -97.5 | AF33: =M33/J33 -> 0.959375
A34: 新豐8線 | B34: 三明治 | C34: 榛果摩卡脆脆三明治 | E34: 20.21 | F34: 1785 | G34: =E34*F34 -> 36074.85 | I34: 18 | J34: 2400 | K34: =J34/I34 -> 133.33333 | L34: 18 | M34: =F34/V34*60 -> 2328.2609 | N34: =M34/L34 -> 129.34783 | O34: =L34-I34 -> 0 | P34: =N34-K34 -> -3.9855072 | Q34: =N34/K34 -> 0.9701087 | S34: 0.46388889 | T34: 0.49583333 | U34: =(S34-T33)*24*60 -> 6 | V34: =(T34-S34)*24*60 -> 46 | W34: =T34 -> 0.49583333 | X34: =S35 -> 0.53680556 | AE34: =M34-J34 -> -71.73913 | AF34: =M34/J34 -> 0.9701087
A35: 新豐8線 | B35: 三明治 | C35: 鮪魚起司溏心蛋三明治(115年) | E35: 26.18 | F35: 2552 | G35: =E35*F35 -> 66811.36 | I35: 18 | J35: 2400 | K35: =J35/I35 -> 133.33333 | L35: 18 | M35: =F35/V35*60 -> 2285.3731 | N35: =M35/L35 -> 126.96517 | O35: =L35-I35 -> 0 | P35: =N35-K35 -> -6.3681592 | Q35: =N35/K35 -> 0.95223881 | S35: 0.53680556 | T35: 0.58333333 | U35: =(S35-T34)*24*60 -> 59 | V35: =(T35-S35)*24*60 -> 67 | AE35: =M35-J35 -> -114.62687 | AF35: =M35/J35 -> 0.95223881
A36: 新豐8線 | B36: 平均 | I36: 17.428571 | J36: 2400 | K36: =J36/I36 -> 137.70492 | L36: 17.428571 | M36: =AVERAGE(M29:M35) -> 2303.4739 | N36: =M36/L36 -> 132.16654 | O36: =L36-I36 -> 0 | P36: =N36-K36 -> -5.5383827 | Q36: =N36/K36 -> 0.95978079 | Y36: =SUM(Y29:Y35) -> 0 | Z36: =SUM(Z29:Z35) -> 0 | AC36: 7 | AD36: =SUM(AD29:AD35) -> 0 | AE36: =M36-J36 -> -96.526099 | AF36: =M36/J36 -> 0.95978079
A37: 新豐9線 | B37: 三明治 | C37: 經典總匯三明治(115年) | E37: 26.18 | F37: 4645 | G37: =E37*F37 -> 121606.1 | I37: 20 | J37: 2400 | K37: =J37/I37 -> 120 | L37: 20 | M37: =F37/V37*60 -> 2284.4262 | N37: =M37/L37 -> 114.22131 | O37: =L37-I37 -> 0 | P37: =N37-K37 -> -5.7786885 | Q37: =N37/K37 -> 0.95184426 | R37: =Q41 -> 0.95704557 | S37: 0.083333333 | T37: 0.16805556 | V37: =(T37-S37)*24*60 -> 122 | W37: =T37 -> 0.16805556 | X37: =S38 -> 0.18680556 | AC37: 4 | AE37: =M37-J37 -> -115.57377 | AF37: =M37/J37 -> 0.95184426 | AG37: =AF41 -> 0.95704557
A38: 新豐9線 | B38: 三明治 | C38: 經典火腿玉米蛋三明治 | E38: 24.43 | F38: 5498 | G38: =E38*F38 -> 134316.14 | I38: 14 | J38: 2400 | K38: =J38/I38 -> 171.42857 | L38: 14 | M38: =F38/V38*60 -> 2290.8333 | N38: =M38/L38 -> 163.63095 | O38: =L38-I38 -> 0 | P38: =N38-K38 -> -7.797619 | Q38: =N38/K38 -> 0.95451389 | S38: 0.18680556 | T38: 0.28680556 | U38: =(S38-T37)*24*60 -> 27 | V38: =(T38-S38)*24*60 -> 144 | AE38: =M38-J38 -> -109.16667 | AF38: =M38/J38 -> 0.95451389
A39: 新豐9線 | B39: 三明治 | C39: 五彩鮮蔬三明治 | E39: 25.98 | F39: 2817 | G39: =E39*F39 -> 73185.66 | I39: 20 | J39: 2400 | K39: =J39/I39 -> 120 | L39: 20 | M39: =F39/V39*60 -> 2315.3425 | N39: =M39/L39 -> 115.76712 | O39: =L39-I39 -> 0 | P39: =N39-K39 -> -4.2328767 | Q39: =N39/K39 -> 0.96472603 | S39: 0.29097222 | T39: 0.34166667 | U39: =(S39-T38)*24*60 -> 6 | V39: =(T39-S39)*24*60 -> 73 | AE39: =M39-J39 -> -84.657534 | AF39: =M39/J39 -> 0.96472603
A40: 新豐9線 | B40: 三明治 | C40: 好多蛋三明治 | E40: 34.1 | F40: 4926 | G40: =E40*F40 -> 167976.6 | I40: 17 | J40: 1600 | K40: =J40/I40 -> 94.117647 | L40: 17 | M40: =F40/V40*60 -> 1531.399 | N40: =M40/L40 -> 90.082292 | O40: =L40-I40 -> 0 | P40: =N40-K40 -> -4.0353551 | Q40: =N40/K40 -> 0.95712435 | S40: 0.34652778 | T40: 0.48055556 | U40: =(S40-T39)*24*60 -> 7 | V40: =(T40-S40)*24*60 -> 193 | AE40: =M40-J40 -> -68.601036 | AF40: =M40/J40 -> 0.95712435
A41: 新豐9線 | B41: 平均 | I41: 17.75 | J41: 2200 | K41: =J41/I41 -> 123.94366 | L41: 17.75 | M41: =AVERAGE(M37:M40) -> 2105.5002 | N41: =M41/L41 -> 118.61973 | O41: =L41-I41 -> 0 | P41: =N41-K41 -> -5.3239297 | Q41: =N41/K41 -> 0.95704557 | Y41: =SUM(Y37:Y40) -> 0 | Z41: =SUM(Z37:Z40) -> 0 | AC41: 4 | AD41: =SUM(AD37:AD40) -> 0 | AE41: =M41-J41 -> -94.499752 | AF41: =M41/J41 -> 0.95704557
A42: 新豐3線 | B42: 調理麵包 | C42: 豬肉起司堡 | E42: 21.13 | F42: 4301 | G42: =E42*F42 -> 90880.13 | I42: 10 | J42: 3000 | K42: =J42/I42 -> 300 | L42: 10 | M42: =F42/V42*60 -> 2867.3333 | N42: =M42/L42 -> 286.73333 | O42: =L42-I42 -> 0 | P42: =N42-K42 -> -13.266667 | Q42: =N42/K42 -> 0.95577778 | R42: =Q46 -> 0.95813931 | S42: 0.20833333 | T42: 0.27083333 | V42: =(T42-S42)*24*60 -> 90 | AC42: 4 | AE42: =M42-J42 -> -132.66667 | AF42: =M42/J42 -> 0.95577778 | AG42: =AF46 -> 0.95813931
A43: 新豐3線 | B43: 調理麵包 | C43: 豬肉起司蛋堡 | E43: 27.17 | F43: 3701 | G43: =E43*F43 -> 100556.17 | I43: 10 | J43: 3000 | K43: =J43/I43 -> 300 | L43: 10 | M43: =F43/V43*60 -> 2883.8961 | N43: =M43/L43 -> 288.38961 | O43: =L43-I43 -> 0 | P43: =N43-K43 -> -11.61039 | Q43: =N43/K43 -> 0.9612987 | S43: 0.27430556 | T43: 0.32777778 | U43: =(S43-T42)*24*60 -> 5 | V43: =(T43-S43)*24*60 -> 77 | AE43: =M43-J43 -> -116.1039 | AF43: =M43/J43 -> 0.9612987
A44: 新豐3線 | B44: 調理麵包 | C44: 美式雞腿堡 | E44: 35.87 | F44: 1546 | G44: =E44*F44 -> 55455.02 | I44: 9 | J44: 3000 | K44: =J44/I44 -> 333.33333 | L44: 9 | M44: =F44/V44*60 -> 2898.75 | N44: =M44/L44 -> 322.08333 | O44: =L44-I44 -> 0 | P44: =N44-K44 -> -11.25 | Q44: =N44/K44 -> 0.96625 | S44: 0.33263889 | T44: 0.35486111 | U44: =(S44-T43)*24*60 -> 7 | V44: =(T44-S44)*24*60 -> 32 | AE44: =M44-J44 -> -101.25 | AF44: =M44/J44 -> 0.96625
A45: 新豐3線 | B45: 調理麵包 | C45: 黃金魚堡(114年) | E45: 34.35 | F45: 617 | G45: =E45*F45 -> 21193.95 | I45: 8 | J45: 3000 | K45: =J45/I45 -> 375 | L45: 8 | M45: =F45/V45*60 -> 2847.6923 | N45: =M45/L45 -> 355.96154 | O45: =L45-I45 -> 0 | P45: =N45-K45 -> -19.038462 | Q45: =N45/K45 -> 0.94923077 | S45: 0.35972222 | T45: 0.36875 | U45: =(S45-T44)*24*60 -> 7 | V45: =(T45-S45)*24*60 -> 13 | AE45: =M45-J45 -> -152.30769 | AF45: =M45/J45 -> 0.94923077
A46: 新豐3線 | B46: 平均 | I46: 9.25 | J46: 3000 | K46: =J46/I46 -> 324.32432 | L46: 9.25 | M46: =AVERAGE(M42:M45) -> 2874.4179 | N46: =M46/L46 -> 310.74788 | O46: =L46-I46 -> 0 | P46: =N46-K46 -> -13.576439 | Q46: =N46/K46 -> 0.95813931 | Y46: =SUM(Y42:Y45) -> 0 | Z46: =SUM(Z42:Z45) -> 0 | AC46: 4 | AD46: =SUM(AD42:AD45) -> 0 | AE46: =M46-J46 -> -125.58206 | AF46: =M46/J46 -> 0.95813931
A47: 新豐1線 | B47: 小吃 | C47: 泰式炒河粉 | E47: 51.44 | F47: 5041 | G47: =E47*F47 -> 259309.04 | I47: 18 | J47: 2000 | K47: =J47/I47 -> 111.11111 | L47: 18 | M47: =F47/V47*60 -> 1902.2642 | N47: =M47/L47 -> 105.68134 | O47: =L47-I47 -> 0 | P47: =N47-K47 -> -5.4297694 | Q47: =N47/K47 -> 0.95113208 | R47: =Q56 -> 0.96276797 | S47: 0.083333333 | T47: 0.19375 | V47: =(T47-S47)*24*60 -> 159 | W47: =T47 -> 0.19375 | X47: =S48 -> 0.21319444 | AC47: 9 | AE47: =M47-J47 -> -97.735849 | AF47: =M47/J47 -> 0.95113208 | AG47: =AF56 -> 0.96276797
A48: 新豐1線 | B48: 微波主食 | C48: 爆炒雞丁飯 | E48: 59.04 | F48: 1313 | G48: =E48*F48 -> 77519.52 | I48: 19 | J48: 2000 | K48: =J48/I48 -> 105.26316 | L48: 19 | M48: =F48/V48*60 -> 1921.4634 | N48: =M48/L48 -> 101.12965 | O48: =L48-I48 -> 0 | P48: =N48-K48 -> -4.1335045 | Q48: =N48/K48 -> 0.96073171 | S48: 0.21319444 | T48: 0.24166667 | U48: =IF(S48=TIME(17,0,0),"",(S48-T47)*24*60) -> 28 | V48: =(T48-S48)*24*60 -> 41 | AE48: =M48-J48 -> -78.536585 | AF48: =M48/J48 -> 0.96073171
A49: 新豐1線 | B49: 微波主食 | C49: 壹號醬雞豚雙拼 | E49: 56.43 | F49: 927 | G49: =E49*F49 -> 52310.61 | I49: 22 | J49: 2000 | K49: =J49/I49 -> 90.909091 | L49: 22 | M49: =F49/V49*60 -> 1917.931 | N49: =M49/L49 -> 87.178683 | O49: =L49-I49 -> 0 | P49: =N49-K49 -> -3.7304075 | Q49: =N49/K49 -> 0.95896552 | S49: 0.24583333 | T49: 0.26597222 | U49: =IF(S49=TIME(17,0,0),"",(S49-T48)*24*60) -> 6 | V49: =(T49-S49)*24*60 -> 29 | AE49: =M49-J49 -> -82.068966 | AF49: =M49/J49 -> 0.95896552
A50: 新豐1線 | B50: 微波主食 | C50: 炙烤醬香燒豚飯 | E50: 51.44 | F50: 1344 | G50: =E50*F50 -> 69135.36 | I50: 25 | J50: 2000 | K50: =J50/I50 -> 80 | L50: 25 | M50: =F50/V50*60 -> 1920 | N50: =M50/L50 -> 76.8 | O50: =L50-I50 -> 0 | P50: =N50-K50 -> -3.2 | Q50: =N50/K50 -> 0.96 | S50: 0.27013889 | T50: 0.29930556 | U50: =IF(S50=TIME(17,0,0),"",(S50-T49)*24*60) -> 6 | V50: =(T50-S50)*24*60 -> 42 | AE50: =M50-J50 -> -80 | AF50: =M50/J50 -> 0.96
A51: 新豐1線 | B51: 沙拉 | C51: 蔥鹽雞肉麵沙拉(114年) | E51: 46 | F51: 1353 | G51: =E51*F51 -> 62238 | I51: 16 | J51: 2000 | K51: =J51/I51 -> 125 | L51: 16 | M51: =F51/V51*60 -> 1932.8571 | N51: =M51/L51 -> 120.80357 | O51: =L51-I51 -> 0 | P51: =N51-K51 -> -4.1964286 | Q51: =N51/K51 -> 0.96642857 | S51: 0.30486111 | T51: 0.33402778 | U51: =IF(S51=TIME(17,0,0),"",(S51-T50)*24*60) -> 8 | V51: =(T51-S51)*24*60 -> 42 | AE51: =M51-J51 -> -67.142857 | AF51: =M51/J51 -> 0.96642857
A52: 新豐1線 | B52: 沙拉 | C52: 莎莎烤雞麵沙拉(115年) | E52: 46 | F52: 1615 | G52: =E52*F52 -> 74290 | I52: 17 | J52: 2000 | K52: =J52/I52 -> 117.64706 | L52: 17 | M52: =F52/V52*60 -> 1938 | N52: =M52/L52 -> 114 | O52: =L52-I52 -> 0 | P52: =N52-K52 -> -3.6470588 | Q52: =N52/K52 -> 0.969 | S52: 0.33819444 | T52: 0.37291667 | U52: =IF(S52=TIME(17,0,0),"",(S52-T51)*24*60) -> 6 | V52: =(T52-S52)*24*60 -> 50 | AE52: =M52-J52 -> -62 | AF52: =M52/J52 -> 0.969
A53: 新豐1線 | B53: 微波主食 | C53: 二配香辣醬蒜味香腸蛋炒飯 | E53: 55.56 | F53: 2413 | G53: =E53*F53 -> 134066.28 | I53: 17 | J53: 2000 | K53: =J53/I53 -> 117.64706 | L53: 17 | M53: =F53/V53*60 -> 1905 | N53: =M53/L53 -> 112.05882 | O53: =L53-I53 -> 0 | P53: =N53-K53 -> -5.5882353 | Q53: =N53/K53 -> 0.9525 | S53: 0.70833333 | T53: 0.76111111 | U53: =IF(S53=TIME(17,0,0),"",(S53-T52)*24*60) | V53: =(T53-S53)*24*60 -> 76 | AE53: =M53-J53 -> -95 | AF53: =M53/J53 -> 0.9525
A54: 新豐1線 | B54: 微波主食 | C54: 二配藤椒雞丁炒飯 | E54: 54.09 | F54: 693 | G54: =E54*F54 -> 37484.37 | I54: 13 | J54: 2000 | K54: =J54/I54 -> 153.84615 | L54: 13 | M54: =F54/V54*60 -> 1980 | N54: =M54/L54 -> 152.30769 | O54: =L54-I54 -> 0 | P54: =N54-K54 -> -1.5384615 | Q54: =N54/K54 -> 0.99 | S54: 0.76597222 | T54: 0.78055556 | U54: =IF(S54=TIME(17,0,0),"",(S54-T53)*24*60) -> 7 | V54: =(T54-S54)*24*60 -> 21 | AE54: =M54-J54 -> -20 | AF54: =M54/J54 -> 0.99
A55: 新豐1線 | B55: 微波主食 | C55: 二配打拋風味豬肉飯 | E55: 51.06 | F55: 2486 | G55: =E55*F55 -> 126935.16 | I55: 13 | J55: 2000 | K55: =J55/I55 -> 153.84615 | L55: 13 | M55: =F55/V55*60 -> 1912.3077 | N55: =M55/L55 -> 147.10059 | O55: =L55-I55 -> 0 | P55: =N55-K55 -> -6.7455621 | Q55: =N55/K55 -> 0.95615385 | S55: 0.78472222 | T55: 0.83888889 | U55: =IF(S55=TIME(17,0,0),"",(S55-T54)*24*60) -> 6 | V55: =(T55-S55)*24*60 -> 78 | AE55: =M55-J55 -> -87.692308 | AF55: =M55/J55 -> 0.95615385
A56: 新豐1線 | B56: 平均 | I56: 17.777778 | J56: 2000 | K56: =J56/I56 -> 112.5 | L56: 17.777778 | M56: =AVERAGE(M47:M55) -> 1925.5359 | N56: =M56/L56 -> 108.3114 | O56: =L56-I56 -> 0 | P56: =N56-K56 -> -4.1886035 | Q56: =N56/K56 -> 0.96276797 | Y56: =SUM(Y47:Y55) -> 0 | Z56: =SUM(Z47:Z55) -> 0 | AC56: 9 | AD56: =SUM(AD47:AD55) -> 0 | AE56: =M56-J56 -> -74.464063 | AF56: =M56/J56 -> 0.96276797
A57: 新豐10線 | B57: 調理麵包 | C57: 經典雙牛起司堡(113年) | E57: 35.12 | F57: 3191 | G57: =E57*F57 -> 112067.92 | I57: 10 | J57: 3000 | K57: =J57/I57 -> 300 | L57: 10 | M57: =F57/V57*60 -> 2857.6119 | N57: =M57/L57 -> 285.76119 | O57: =L57-I57 -> 0 | P57: =N57-K57 -> -14.238806 | Q57: =N57/K57 -> 0.95253731 | R57: =Q61 -> 0.95945114 | S57: 0.20833333 | T57: 0.25486111 | V57: =(T57-S57)*24*60 -> 67 | AC57: 4 | AE57: =M57-J57 -> -142.38806 | AF57: =M57/J57 -> 0.95253731 | AG57: =AF61 -> 0.95945114
A58: 新豐10線 | B58: 調理麵包 | C58: 香雞蛋堡(112年) | E58: 26.78 | F58: 1931 | G58: =E58*F58 -> 51712.18 | I58: 10 | J58: 3000 | K58: =J58/I58 -> 300 | L58: 10 | M58: =F58/V58*60 -> 2896.5 | N58: =M58/L58 -> 289.65 | O58: =L58-I58 -> 0 | P58: =N58-K58 -> -10.35 | Q58: =N58/K58 -> 0.9655 | S58: 0.25902778 | T58: 0.28680556 | U58: =(S58-T57)*24*60 -> 6 | V58: =(T58-S58)*24*60 -> 40 | AE58: =M58-J58 -> -103.5 | AF58: =M58/J58 -> 0.9655
A59: 新豐10線 | B59: 調理麵包 | C59: 元氣起司鱈魚堡 | E59: 36.14 | F59: 1400 | G59: =E59*F59 -> 50596 | I59: 11 | J59: 3000 | K59: =J59/I59 -> 272.72727 | L59: 11 | M59: =F59/V59*60 -> 2896.5517 | N59: =M59/L59 -> 263.32288 | O59: =L59-I59 -> 0 | P59: =N59-K59 -> -9.4043887 | Q59: =N59/K59 -> 0.96551724 | S59: 0.29236111 | T59: 0.3125 | U59: =(S59-T58)*24*60 -> 8 | V59: =(T59-S59)*24*60 -> 29 | AE59: =M59-J59 -> -103.44828 | AF59: =M59/J59 -> 0.96551724
A60: 新豐10線 | B60: 調理麵包 | C60: 超HOT雞腿堡 | E60: 35.87 | F60: 3817 | G60: =E60*F60 -> 136915.79 | I60: 10 | J60: 3000 | K60: =J60/I60 -> 300 | L60: 10 | M60: =F60/V60*60 -> 2862.75 | N60: =M60/L60 -> 286.275 | O60: =L60-I60 -> 0 | P60: =N60-K60 -> -13.725 | Q60: =N60/K60 -> 0.95425 | S60: 0.31805556 | T60: 0.37361111 | U60: =(S60-T59)*24*60 -> 8 | V60: =(T60-S60)*24*60 -> 80 | AE60: =M60-J60 -> -137.25 | AF60: =M60/J60 -> 0.95425
A61: 新豐10線 | B61: 平均 | I61: 10.25 | J61: 3000 | K61: =J61/I61 -> 292.68293 | L61: 10.25 | M61: =AVERAGE(M57:M60) -> 2878.3534 | N61: =M61/L61 -> 280.81497 | O61: =L61-I61 -> 0 | P61: =N61-K61 -> -11.867959 | Q61: =N61/K61 -> 0.95945114 | Y61: =SUM(Y57:Y60) -> 0 | Z61: =SUM(Z57:Z60) -> 0 | AC61: 4 | AD61: =SUM(AD57:AD60) -> 0 | AE61: =M61-J61 -> -121.64658 | AF61: =M61/J61 -> 0.95945114
A62: 新豐4線 | B62: 三明治 | C62: 火腿起司蛋三明治 | E62: 19.02 | F62: 3000 | G62: =E62*F62 -> 57060 | H62: 2 | I62: 14 | J62: 2400 | K62: =J62/I62 -> 171.42857 | L62: 14 | M62: =F62/V62*60 -> 2307.6923 | N62: =M62/L62 -> 164.83516 | O62: =L62-I62 -> 0 | P62: =N62-K62 -> -6.5934066 | Q62: =N62/K62 -> 0.96153846 | R62: =Q69 -> 0.95565754 | S62: 0.083333333 | T62: 0.1375 | V62: =(T62-S62)*24*60 -> 78 | W62: =T62 -> 0.1375 | X62: =S63 -> 0.15902778 | AC62: 7 | AE62: =M62-J62 -> -92.307692 | AF62: =M62/J62 -> 0.96153846 | AG62: =AF69 -> 0.95565754
A63: 新豐4線 | B63: 三明治 | C63: 肉鬆火腿三明治(115年) | E63: 20.36 | F63: 3131 | G63: =E63*F63 -> 63747.16 | I63: 17 | J63: 2400 | K63: =J63/I63 -> 141.17647 | L63: 17 | M63: =F63/V63*60 -> 2290.9756 | N63: =M63/L63 -> 134.76327 | O63: =L63-I63 -> 0 | P63: =N63-K63 -> -6.4131994 | Q63: =N63/K63 -> 0.95457317 | S63: 0.15902778 | T63: 0.21597222 | U63: =(S63-T62)*24*60 -> 31 | V63: =(T63-S63)*24*60 -> 82 | AE63: =M63-J63 -> -109.02439 | AF63: =M63/J63 -> 0.95457317
A64: 新豐4線 | B64: 三明治 | C64: 起司芋見肉鬆三明治 | E64: 25.98 | F64: 2333 | G64: =E64*F64 -> 60611.34 | I64: 17 | J64: 2400 | K64: =J64/I64 -> 141.17647 | L64: 17 | M64: =F64/V64*60 -> 2294.7541 | N64: =M64/L64 -> 134.98554 | O64: =L64-I64 -> 0 | P64: =N64-K64 -> -6.1909354 | Q64: =N64/K64 -> 0.95614754 | S64: 0.22013889 | T64: 0.2625 | U64: =(S64-T63)*24*60 -> 6 | V64: =(T64-S64)*24*60 -> 61 | AE64: =M64-J64 -> -105.2459 | AF64: =M64/J64 -> 0.95614754
A65: 新豐4線 | B65: 三明治 | C65: 水果聖代三明治 | E65: 28.29 | F65: 3679 | G65: =E65*F65 -> 104078.91 | I65: 21 | J65: 2400 | K65: =J65/I65 -> 114.28571 | L65: 21 | M65: =F65/V65*60 -> 2299.375 | N65: =M65/L65 -> 109.49405 | O65: =L65-I65 -> 0 | P65: =N65-K65 -> -4.7916667 | Q65: =N65/K65 -> 0.95807292 | S65: 0.26736111 | T65: 0.33402778 | U65: =(S65-T64)*24*60 -> 7 | V65: =(T65-S65)*24*60 -> 96 | AE65: =M65-J65 -> -100.625 | AF65: =M65/J65 -> 0.95807292
A66: 新豐4線 | B66: 三明治 | C66: 金黃玉米蛋三明治 | E66: 24.25 | F66: 4121 | G66: =E66*F66 -> 99934.25 | I66: 17 | J66: 2400 | K66: =J66/I66 -> 141.17647 | L66: 17 | M66: =F66/V66*60 -> 2289.4444 | N66: =M66/L66 -> 134.6732 | O66: =L66-I66 -> 0 | P66: =N66-K66 -> -6.503268 | Q66: =N66/K66 -> 0.95393519 | S66: 0.3375 | T66: 0.4125 | U66: =(S66-T65)*24*60 -> 5 | V66: =(T66-S66)*24*60 -> 108 | AE66: =M66-J66 -> -110.55556 | AF66: =M66/J66 -> 0.95393519
A67: 新豐4線 | B67: 三明治 | C67: 雙泰奶QQ三明治 | E67: 23.89 | F67: 5600 | G67: =E67*F67 -> 133784 | I67: 13 | J67: 2400 | K67: =J67/I67 -> 184.61538 | L67: 13 | M67: =F67/V67*60 -> 2285.7143 | N67: =M67/L67 -> 175.82418 | O67: =L67-I67 -> 0 | P67: =N67-K67 -> -8.7912088 | Q67: =N67/K67 -> 0.95238095 | S67: 0.41805556 | T67: 0.52013889 | U67: =(S67-T66)*24*60 -> 8 | V67: =(T67-S67)*24*60 -> 147 | W67: =T67 -> 0.52013889 | X67: =S68 -> 0.56041667 | AE67: =M67-J67 -> -114.28571 | AF67: =M67/J67 -> 0.95238095
A68: 新豐4線 | B68: 三明治 | C68: 火腿起司蛋三明治 | E68: 19.02 | F68: 4193 | G68: =E68*F68 -> 79750.86 | I68: 14 | J68: 2400 | K68: =J68/I68 -> 171.42857 | L68: 14 | M68: =F68/V68*60 -> 2287.0909 | N68: =M68/L68 -> 163.36364 | O68: =L68-I68 -> 0 | P68: =N68-K68 -> -8.0649351 | Q68: =N68/K68 -> 0.95295455 | S68: 0.56041667 | T68: 0.63680556 | U68: =(S68-T67)*24*60 -> 58 | V68: =(T68-S68)*24*60 -> 110 | AE68: =M68-J68 -> -112.90909 | AF68: =M68/J68 -> 0.95295455
A69: 新豐4線 | B69: 平均 | I69: 16.142857 | J69: 2400 | K69: =J69/I69 -> 148.67257 | L69: 16.142857 | M69: =AVERAGE(M62:M68) -> 2293.5781 | N69: =M69/L69 -> 142.08006 | O69: =L69-I69 -> 0 | P69: =N69-K69 -> -6.5925075 | Q69: =N69/K69 -> 0.95565754 | Y69: =SUM(Y62:Y68) -> 0 | Z69: =SUM(Z62:Z68) -> 0 | AC69: 7 | AD69: =SUM(AD62:AD68) -> 0 | AE69: =M69-J69 -> -106.42191 | AF69: =M69/J69 -> 0.95565754

Sheet 0730
B1: 屏榮 新豐廠組合室生產人時性分析
B3: 日期 | C3: =TEXT('0730 4度C'!A2,"yyyy.mm.ddaaaa") -> 2026.07.30星期四 | E3: 訂單量 | F3: ='0730 4度C'!D1 -> 172118 | H3: 營業額 | I3: ='0730 4度C'!F1 -> 5885033.6
B4: 人時性 | C4: 項目 | E4: ➀ | G4: ➁ | I4: ➂ | K4: 異常停線 | M4: 短暫停線
C5: 組合室 | E5: 全溫層 | G5: 4度C-各編組展開 | I5: ③三明治-各編組展開 | K5: 合計次數 | L5: 時間 | M5: 合計次數 | N5: 設備次數
C6: 排關平均 | E6: =AVERAGE(D13:M13) -> 158.79229 | F6: =AVERAGE(D31:O31,D13:J13) -> 166.69025 | G6: =AVERAGE(D13:J13) -> 166.69025 | I6: =AVERAGE(K13:M13) -> 140.36372 | K6: ='0730 4度C'!Y2 -> 0 | L6: ='0730 4度C'!Z2 -> 0 | M6: ='0730 4度C'!AC2 -> 62 | N6: ='0730 4度C'!AD2 -> 0
C7: 實績平均 | E7: =AVERAGE(D14:M14) -> 152.47129 | F7: =AVERAGE(D32:O32,D14:J14) -> 160.19018 | G7: =AVERAGE(D14:J14) -> 160.19018 | I7: =AVERAGE(K14:M14) -> 134.46054
C8: 達成率平均 | E8: =AVERAGE(D15:M15) -> 0.96014685 | F8: =AVERAGE(D15:J15,D33:O33) -> 0.96110053 | G8: =AVERAGE(D15:J15) -> 0.96110053 | I8: =AVERAGE(K15:M15) -> 0.95792159
K9: ※現行日本鮮食廠以達成率80%為基本(即為現行KPI)
B10: 溫層 | D10: ➁4度C-各編組展開 | K10: ③三明治-各編組展開
B11: 編組 | D11: 1 | E11: 2 | F11: 3 | G11: 4 | H11: 5 | I11: 6 | J11: 7 | K11: 1 | L11: 2 | M11: 3
D12: 新豐6線 | E12: 新豐2線 | F12: 新豐5線 | G12: 新豐7線 | H12: 新豐3線 | I12: 新豐1線 | J12: 新豐10線 | K12: 新豐8線 | L12: 新豐9線 | M12: 新豐4線
B13: 人時性 | C13: 排關 | D13: =SUMIFS('0730 4度C'!$K:$K,'0730 4度C'!$A:$A,"新豐6線",'0730 4度C'!$B:$B,"平均") -> 130.43478 | E13: =SUMIFS('0730 4度C'!$K:$K,'0730 4度C'!$A:$A,"新豐2線",'0730 4度C'!$B:$B,"平均") -> 86.206897 | F13: =SUMIFS('0730 4度C'!$K:$K,'0730 4度C'!$A:$A,"新豐5線",'0730 4度C'!$B:$B,"平均") -> 93.023256 | G13: =SUMIFS('0730 4度C'!$K:$K,'0730 4度C'!$A:$A,"新豐7線",'0730 4度C'!$B:$B,"平均") -> 127.65957 | H13: =SUMIFS('0730 4度C'!$K:$K,'0730 4度C'!$A:$A,"新豐3線",'0730 4度C'!$B:$B,"平均") -> 324.32432 | I13: =SUMIFS('0730 4度C'!$K:$K,'0730 4度C'!$A:$A,"新豐1線",'0730 4度C'!$B:$B,"平均") -> 112.5 | J13: =SUMIFS('0730 4度C'!$K:$K,'0730 4度C'!$A:$A,"新豐10線",'0730 4度C'!$B:$B,"平均") -> 292.68293 | K13: =SUMIFS('0730 4度C'!$K:$K,'0730 4度C'!$A:$A,"新豐8線",'0730 4度C'!$B:$B,"平均") -> 136.70886 | L13: =SUMIFS('0730 4度C'!$K:$K,'0730 4度C'!$A:$A,"新豐9線",'0730 4度C'!$B:$B,"平均") -> 133.33333 | M13: =SUMIFS('0730 4度C'!$K:$K,'0730 4度C'!$A:$A,"新豐4線",'0730 4度C'!$B:$B,"平均") -> 151.04895
C14: 實績 | D14: =SUMIFS('0730 4度C'!$N:$N,'0730 4度C'!$A:$A,"新豐6線",'0730 4度C'!$B:$B,"平均") -> 125.54973 | E14: =SUMIFS('0730 4度C'!$N:$N,'0730 4度C'!$A:$A,"新豐2線",'0730 4度C'!$B:$B,"平均") -> 82.363281 | F14: =SUMIFS('0730 4度C'!$N:$N,'0730 4度C'!$A:$A,"新豐5線",'0730 4度C'!$B:$B,"平均") -> 89.466159 | G14: =SUMIFS('0730 4度C'!$N:$N,'0730 4度C'!$A:$A,"新豐7線",'0730 4度C'!$B:$B,"平均") -> 123.34369 | H14: =SUMIFS('0730 4度C'!$N:$N,'0730 4度C'!$A:$A,"新豐3線",'0730 4度C'!$B:$B,"平均") -> 311.47519 | I14: =SUMIFS('0730 4度C'!$N:$N,'0730 4度C'!$A:$A,"新豐1線",'0730 4度C'!$B:$B,"平均") -> 108.15862 | J14: =SUMIFS('0730 4度C'!$N:$N,'0730 4度C'!$A:$A,"新豐10線",'0730 4度C'!$B:$B,"平均") -> 280.97456 | K14: =SUMIFS('0730 4度C'!$N:$N,'0730 4度C'!$A:$A,"新豐8線",'0730 4度C'!$B:$B,"平均") -> 131.28405 | L14: =SUMIFS('0730 4度C'!$N:$N,'0730 4度C'!$A:$A,"新豐9線",'0730 4度C'!$B:$B,"平均") -> 127.39397 | M14: =SUMIFS('0730 4度C'!$N:$N,'0730 4度C'!$A:$A,"新豐4線",'0730 4度C'!$B:$B,"平均") -> 144.70361
C15: 達成率 | D15: =D14/D13 -> 0.96254795 | E15: =E14/E13 -> 0.95541407 | F15: =F14/F13 -> 0.96176121 | G15: =G14/G13 -> 0.96619225 | H15: =H14/H13 -> 0.96038184 | I15: =I14/I13 -> 0.96140997 | J15: =J14/J13 -> 0.9599964 | K15: =K14/K13 -> 0.96031849 | ... M15: =M14/M13 -> 0.95799149
B16: 作業 時間 | C16: 開始 | D16: =VLOOKUP("新豐6線",'0730 4度C'!$A:$T,19,0) -> 0.70833333 | E16: =VLOOKUP("新豐2線",'0730 4度C'!$A:$T,19,0) -> 0.083333333 | F16: =VLOOKUP("新豐5線",'0730 4度C'!$A:$T,19,0) -> 0.083333333 | G16: =VLOOKUP("新豐7線",'0730 4度C'!$A:$T,19,0) -> 0.20833333 | H16: =VLOOKUP("新豐3線",'0730 4度C'!$A:$T,19,0) -> 0.20833333 | I16: =VLOOKUP("新豐1線",'0730 4度C'!$A:$T,19,0) -> 0.083333333 | J16: =VLOOKUP("新豐10線",'0730 4度C'!$A:$T,19,0) -> 0.20833333 | K16: =VLOOKUP("新豐8線",'0730 4度C'!$A:$T,19,0) -> 0.083333333 | L16: =VLOOKUP("新豐9線",'0730 4度C'!$A:$T,19,0) -> 0.083333333 | M16: =VLOOKUP("新豐4線",'0730 4度C'!$A:$T,19,0) -> 0.083333333
C17: 結束 | D17: =LOOKUP(2,1/(('0730 4度C'!$A:$A="新豐6線")*('0730 4度C'!$T:$T<>"")),'0730 4度C'!$T:$T) -> 0.81666667 | E17: =LOOKUP(2,1/(('0730 4度C'!$A:$A="新豐2線")*('0730 4度C'!$T:$T<>"")),'0730 4度C'!$T:$T) -> 0.57638889 | F17: =LOOKUP(2,1/(('0730 4度C'!$A:$A="新豐5線")*('0730 4度C'!$T:$T<>"")),'0730 4度C'!$T:$T) -> 0.81736111 | G17: =LOOKUP(2,1/(('0730 4度C'!$A:$A="新豐7線")*('0730 4度C'!$T:$T<>"")),'0730 4度C'!$T:$T) -> 0.82638889 | H17: =LOOKUP(2,1/(('0730 4度C'!$A:$A="新豐3線")*('0730 4度C'!$T:$T<>"")),'0730 4度C'!$T:$T) -> 0.40555556 | I17: =LOOKUP(2,1/(('0730 4度C'!$A:$A="新豐1線")*('0730 4度C'!$T:$T<>"")),'0730 4度C'!$T:$T) -> 0.84791667 | J17: =LOOKUP(2,1/(('0730 4度C'!$A:$A="新豐10線")*('0730 4度C'!$T:$T<>"")),'0730 4度C'!$T:$T) -> 0.41527778 | K17: =LOOKUP(2,1/(('0730 4度C'!$A:$A="新豐8線")*('0730 4度C'!$T:$T<>"")),'0730 4度C'!$T:$T) -> 0.68402778 | L17: =LOOKUP(2,1/(('0730 4度C'!$A:$A="新豐9線")*('0730 4度C'!$T:$T<>"")),'0730 4度C'!$T:$T) -> 0.63125 | M17: =LOOKUP(2,1/(('0730 4度C'!$A:$A="新豐4線")*('0730 4度C'!$T:$T<>"")),'0730 4度C'!$T:$T) -> 0.74444444
B18: 產線異常 (5分鐘以上) | C18: 次數 | D18: =SUMIFS('0730 4度C'!$Y:$Y,'0730 4度C'!$A:$A,"新豐6線",'0730 4度C'!$B:$B,"平均") -> 0 | E18: =SUMIFS('0730 4度C'!$Y:$Y,'0730 4度C'!$A:$A,"新豐2線",'0730 4度C'!$B:$B,"平均") -> 0 | F18: =SUMIFS('0730 4度C'!$Y:$Y,'0730 4度C'!$A:$A,"新豐5線",'0730 4度C'!$B:$B,"平均") -> 0 | G18: =SUMIFS('0730 4度C'!$Y:$Y,'0730 4度C'!$A:$A,"新豐7線",'0730 4度C'!$B:$B,"平均") -> 0 | H18: =SUMIFS('0730 4度C'!$Y:$Y,'0730 4度C'!$A:$A,"新豐3線",'0730 4度C'!$B:$B,"平均") -> 0 | I18: =SUMIFS('0730 4度C'!$Y:$Y,'0730 4度C'!$A:$A,"新豐1線",'0730 4度C'!$B:$B,"平均") -> 0 | J18: =SUMIFS('0730 4度C'!$Y:$Y,'0730 4度C'!$A:$A,"新豐10線",'0730 4度C'!$B:$B,"平均") -> 0 | K18: =SUMIFS('0730 4度C'!$Y:$Y,'0730 4度C'!$A:$A,"新豐8線",'0730 4度C'!$B:$B,"平均") -> 0 | L18: =SUMIFS('0730 4度C'!$Y:$Y,'0730 4度C'!$A:$A,"新豐9線",'0730 4度C'!$B:$B,"平均") -> 0 | M18: =SUMIFS('0730 4度C'!$Y:$Y,'0730 4度C'!$A:$A,"新豐4線",'0730 4度C'!$B:$B,"平均") -> 0
C19: 時間/分 | D19: =SUMIFS('0730 4度C'!$Z:$Z,'0730 4度C'!$A:$A,"新豐6線",'0730 4度C'!$B:$B,"平均") -> 0 | E19: =SUMIFS('0730 4度C'!$Z:$Z,'0730 4度C'!$A:$A,"新豐2線",'0730 4度C'!$B:$B,"平均") -> 0 | F19: =SUMIFS('0730 4度C'!$Z:$Z,'0730 4度C'!$A:$A,"新豐5線",'0730 4度C'!$B:$B,"平均") -> 0 | G19: =SUMIFS('0730 4度C'!$Z:$Z,'0730 4度C'!$A:$A,"新豐7線",'0730 4度C'!$B:$B,"平均") -> 0 | H19: =SUMIFS('0730 4度C'!$Z:$Z,'0730 4度C'!$A:$A,"新豐3線",'0730 4度C'!$B:$B,"平均") -> 0 | I19: =SUMIFS('0730 4度C'!$Z:$Z,'0730 4度C'!$A:$A,"新豐1線",'0730 4度C'!$B:$B,"平均") -> 0 | J19: =SUMIFS('0730 4度C'!$Z:$Z,'0730 4度C'!$A:$A,"新豐10線",'0730 4度C'!$B:$B,"平均") -> 0 | K19: =SUMIFS('0730 4度C'!$Z:$Z,'0730 4度C'!$A:$A,"新豐8線",'0730 4度C'!$B:$B,"平均") -> 0 | L19: =SUMIFS('0730 4度C'!$Z:$Z,'0730 4度C'!$A:$A,"新豐9線",'0730 4度C'!$B:$B,"平均") -> 0 | M19: =SUMIFS('0730 4度C'!$Z:$Z,'0730 4度C'!$A:$A,"新豐4線",'0730 4度C'!$B:$B,"平均") -> 0
B20: 短暫停線 (5分鐘以下) | C20: 次數 | D20: =SUMIFS('0730 4度C'!$AC:$AC,'0730 4度C'!$A:$A,"新豐6線",'0730 4度C'!$B:$B,"平均") -> 3 | E20: =SUMIFS('0730 4度C'!$AC:$AC,'0730 4度C'!$A:$A,"新豐2線",'0730 4度C'!$B:$B,"平均") -> 5 | F20: =SUMIFS('0730 4度C'!$AC:$AC,'0730 4度C'!$A:$A,"新豐5線",'0730 4度C'!$B:$B,"平均") -> 7 | G20: =SUMIFS('0730 4度C'!$AC:$AC,'0730 4度C'!$A:$A,"新豐7線",'0730 4度C'!$B:$B,"平均") -> 6 | H20: =SUMIFS('0730 4度C'!$AC:$AC,'0730 4度C'!$A:$A,"新豐3線",'0730 4度C'!$B:$B,"平均") -> 4 | I20: =SUMIFS('0730 4度C'!$AC:$AC,'0730 4度C'!$A:$A,"新豐1線",'0730 4度C'!$B:$B,"平均") -> 9 | J20: =SUMIFS('0730 4度C'!$AC:$AC,'0730 4度C'!$A:$A,"新豐10線",'0730 4度C'!$B:$B,"平均") -> 4 | K20: =SUMIFS('0730 4度C'!$AC:$AC,'0730 4度C'!$A:$A,"新豐8線",'0730 4度C'!$B:$B,"平均") -> 9 | L20: =SUMIFS('0730 4度C'!$AC:$AC,'0730 4度C'!$A:$A,"新豐9線",'0730 4度C'!$B:$B,"平均") -> 6 | M20: =SUMIFS('0730 4度C'!$AC:$AC,'0730 4度C'!$A:$A,"新豐4線",'0730 4度C'!$B:$B,"平均") -> 9
C21: 設備次數 | D21: =SUMIFS('0730 4度C'!$AD:$AD,'0730 4度C'!$A:$A,"新豐6線",'0730 4度C'!$B:$B,"平均") -> 0 | E21: =SUMIFS('0730 4度C'!$AD:$AD,'0730 4度C'!$A:$A,"新豐2線",'0730 4度C'!$B:$B,"平均") -> 0 | F21: =SUMIFS('0730 4度C'!$AD:$AD,'0730 4度C'!$A:$A,"新豐5線",'0730 4度C'!$B:$B,"平均") -> 0 | G21: =SUMIFS('0730 4度C'!$AD:$AD,'0730 4度C'!$A:$A,"新豐7線",'0730 4度C'!$B:$B,"平均") -> 0 | H21: =SUMIFS('0730 4度C'!$AD:$AD,'0730 4度C'!$A:$A,"新豐3線",'0730 4度C'!$B:$B,"平均") -> 0 | I21: =SUMIFS('0730 4度C'!$AD:$AD,'0730 4度C'!$A:$A,"新豐1線",'0730 4度C'!$B:$B,"平均") -> 0 | J21: =SUMIFS('0730 4度C'!$AD:$AD,'0730 4度C'!$A:$A,"新豐10線",'0730 4度C'!$B:$B,"平均") -> 0 | K21: =SUMIFS('0730 4度C'!$AD:$AD,'0730 4度C'!$A:$A,"新豐8線",'0730 4度C'!$B:$B,"平均") -> 0 | L21: =SUMIFS('0730 4度C'!$AD:$AD,'0730 4度C'!$A:$A,"新豐9線",'0730 4度C'!$B:$B,"平均") -> 0 | M21: =SUMIFS('0730 4度C'!$AD:$AD,'0730 4度C'!$A:$A,"新豐4線",'0730 4度C'!$B:$B,"平均") -> 0
B22: 配置人數 | D22: =SUMIFS('0730 4度C'!$I:$I,'0730 4度C'!$A:$A,"新豐6線",'0730 4度C'!$B:$B,"平均") -> 15.333333 | E22: =SUMIFS('0730 4度C'!$I:$I,'0730 4度C'!$A:$A,"新豐2線",'0730 4度C'!$B:$B,"平均") -> 17.4 | F22: =SUMIFS('0730 4度C'!$I:$I,'0730 4度C'!$A:$A,"新豐5線",'0730 4度C'!$B:$B,"平均") -> 18.428571 | G22: =SUMIFS('0730 4度C'!$I:$I,'0730 4度C'!$A:$A,"新豐7線",'0730 4度C'!$B:$B,"平均") -> 15.666667 | H22: =SUMIFS('0730 4度C'!$I:$I,'0730 4度C'!$A:$A,"新豐3線",'0730 4度C'!$B:$B,"平均") -> 9.25 | I22: =SUMIFS('0730 4度C'!$I:$I,'0730 4度C'!$A:$A,"新豐1線",'0730 4度C'!$B:$B,"平均") -> 17.777778 | J22: =SUMIFS('0730 4度C'!$I:$I,'0730 4度C'!$A:$A,"新豐10線",'0730 4度C'!$B:$B,"平均") -> 10.25 | K22: =SUMIFS('0730 4度C'!$I:$I,'0730 4度C'!$A:$A,"新豐8線",'0730 4度C'!$B:$B,"平均") -> 17.555556 | L22: =SUMIFS('0730 4度C'!$I:$I,'0730 4度C'!$A:$A,"新豐9線",'0730 4度C'!$B:$B,"平均") -> 17 | M22: =SUMIFS('0730 4度C'!$I:$I,'0730 4度C'!$A:$A,"新豐4線",'0730 4度C'!$B:$B,"平均") -> 15.888889
B23: 主要應用設備 | D23: ET-55 | E23: 熱縮爐 | F23: L型包裝機 | G23: L型包裝機 | H23: 伺服包裝機 | I23: ET-55 | J23: 伺服包裝機 | K23: 三明治包裝機 | L23: 三明治包裝機 | M23: 三明治包裝機
B24: 次要應用設備 | F24: 圓盤機 | G24: ET-55
B25: 備註 | E25: 握沙拉 | F25: 共用L型包裝機 | H25: 調理麵包 | I25: 炒飯+沙拉 | J25: 調理麵包

Sheet 0730 4度C
A1: 新豐廠四度C日報分析 | C1: 總生產量 | D1: =SUM(F5:F76) -> 172118 | E1: 營業額 | F1: =SUM(G5:G76) -> 5885033.6 | G1: 出勤人數 | H1: =L8+L14+L51+L61+L22+L66+L39+L46+L29+L76 -> 154.55079 | I1: 產線配置圖 | L1: 生產實績 | O1: 人時性差異分析 | S1: 日報登錄 | Y1: 合計 次數 | Z1: 合計 時間/分 | AA1: 產線異常 分析說明(5分鐘以上) | AC1: 合計 次數 | AD1: 合計 設備次數 | AE1: 產能差異分析
A2: 46233 | B2: 星期四 | C2: 人時性 | D2: =AVERAGE(N8,N14,N51,N61,N22,N66,N29,N39,N46,N76) -> 152.47129 | E2: 平均廠價 | F2: =F1/D1 -> 34.191854 | G2: 多次生產數 | H2: =COUNT(H5:H76) -> 9 | Y2: =SUM(Y8+Y14+Y22+Y29+Y39+Y46+Y51+Y61+Y66+Y76) -> 0 | Z2: =SUM(Z8+Z14+Z22+Z29+Z39+Z46+Z51+Z61+Z66+Z76) -> 0 | AC2: 62 | AD2: =SUM(AD8+AD14+AD22+AD29+AD39+AD46+AD51+AD61+AD66+AD76) -> 0
A3: 線別 | B3: 品類 | C3: 品名 | E3: 廠價 | F3: 生產量 | G3: 營收 | H3: 多次 生產 | I3: 人數 | J3: 產能/時 | K3: 人時性 | L3: 人數 | M3: 產能/時 | N3: 人時性 | O3: 人數 | P3: 人時性 | Q3: 達成率 | R3: 達成率平均 | S3: 生產時間 | U3: 換線、休息/分 | V3: 稼動時間/分 | W3: 休息時間 | Y3: 產線異常統計 (5分鐘以上) | AA3: (新豐回填) | AC3: 短暫停線統計 (5分鐘以下) | AE3: 產能/時 | AF3: 達成率 | AG3: 達成率平均
S4: 開始 | T4: 結束 | W4: 開始 | X4: 結束 | Y4: 次數 | Z4: 時間/分 | AC4: 總次數 | AD4: 設備因素(次數)
A5: 新豐6線 | B5: 微波主食 | C5: 二配金咖哩果香甘口咖哩飯 | E5: 50.92 | F5: 1708 | G5: =E5*F5 -> 86971.36 | I5: 15 | J5: 2000 | K5: =J5/I5 -> 133.33333 | L5: 15 | M5: =F5/V5*60 -> 1933.5849 | N5: =M5/L5 -> 128.90566 | O5: =L5-I5 -> 0 | P5: =N5-K5 -> -4.427673 | Q5: =N5/K5 -> 0.96679245 | R5: =Q8 -> 0.96254795 | S5: 0.70833333 | T5: 0.74513889 | V5: =(T5-S5)*24*60 -> 53 | AC5: 3 | AE5: =M5-J5 -> -66.415094 | AF5: =M5/J5 -> 0.96679245 | AG5: =AF8 -> 0.96254795
A6: 新豐6線 | B6: 微波主食 | C6: 二配金咖哩濃厚辛口咖哩飯 | E6: 50.98 | F6: 1834 | G6: =E6*F6 -> 93497.32 | I6: 16 | J6: 2000 | K6: =J6/I6 -> 125 | L6: 16 | M6: =F6/V6*60 -> 1930.5263 | N6: =M6/L6 -> 120.65789 | O6: =L6-I6 -> 0 | P6: =N6-K6 -> -4.3421053 | Q6: =N6/K6 -> 0.96526316 | S6: 0.75 | T6: 0.78958333 | U6: =IF(S6=TIME(17,0,0),"",(S6-T5)*24*60) -> 7 | V6: =(T6-S6)*24*60 -> 57 | AE6: =M6-J6 -> -69.473684 | AF6: =M6/J6 -> 0.96526316
A7: 新豐6線 | B7: 微波主食 | C7: 二配泰式綠咖哩雞 | E7: 50.67 | F7: 1083 | G7: =E7*F7 -> 54875.61 | I7: 15 | J7: 2000 | K7: =J7/I7 -> 133.33333 | L7: 15 | M7: =F7/V7*60 -> 1911.1765 | N7: =M7/L7 -> 127.41176 | O7: =L7-I7 -> 0 | P7: =N7-K7 -> -5.9215686 | Q7: =N7/K7 -> 0.95558824 | S7: 0.79305556 | T7: 0.81666667 | U7: =IF(S7=TIME(17,0,0),"",(S7-T6)*24*60) -> 5 | V7: =(T7-S7)*24*60 -> 34 | AE7: =M7-J7 -> -88.823529 | AF7: =M7/J7 -> 0.95558824
A8: 新豐6線 | B8: 平均 | I8: 15.333333 | J8: 2000 | K8: =J8/I8 -> 130.43478 | L8: 15.333333 | M8: =AVERAGE(M5:M7) -> 1925.0959 | N8: =M8/L8 -> 125.54973 | O8: =L8-I8 -> 0 | P8: =N8-K8 -> -4.8850502 | Q8: =N8/K8 -> 0.96254795 | Y8: =SUM(Y5:Y7) -> 0 | Z8: =SUM(Z5:Z7) -> 0 | AC8: 3 | AD8: =SUM(AD5:AD7) -> 0 | AE8: =M8-J8 -> -74.904103 | AF8: =M8/J8 -> 0.96254795
A9: 新豐2線 | B9: 沙拉 | C9: 青檸烤雞握沙拉(113年) | E9: 39.8 | F9: 3700 | G9: =E9*F9 -> 147260 | H9: 2 | I9: 17 | J9: 1500 | K9: =J9/I9 -> 88.235294 | L9: 17 | M9: =F9/V9*60 -> 1432.2581 | N9: =M9/L9 -> 84.250474 | O9: =L9-I9 -> 0 | P9: =N9-K9 -> -3.9848197 | Q9: =N9/K9 -> 0.95483871 | R9: =Q14 -> 0.95541407 | S9: 0.083333333 | T9: 0.19097222 | V9: =(T9-S9)*24*60 -> 155 | W9: =T9 -> 0.19097222 | X9: =S10 -> 0.20972222 | AC9: 5 | AE9: =M9-J9 -> -67.741935 | AF9: =M9/J9 -> 0.95483871 | AG9: =AF14 -> 0.95541407
A10: 新豐2線 | B10: 沙拉 | C10: 厚蛋時蔬握沙拉 | E10: 39.46 | F10: 2654 | G10: =E10*F10 -> 104726.84 | I10: 15 | J10: 1500 | K10: =J10/I10 -> 100 | L10: 15 | M10: =F10/V10*60 -> 1434.5946 | N10: =M10/L10 -> 95.63964 | O10: =L10-I10 -> 0 | P10: =N10-K10 -> -4.3603604 | Q10: =N10/K10 -> 0.9563964 | S10: 0.20972222 | T10: 0.28680556 | U10: =IF(S10=TIME(17,0,0),"",(S10-T9)*24*60) -> 27 | V10: =(T10-S10)*24*60 -> 111 | AE10: =M10-J10 -> -65.405405 | AF10: =M10/J10 -> 0.9563964
A11: 新豐2線 | B11: 沙拉 | C11: 地瓜瓜握沙拉 | E11: 39.52 | F11: 2311 | G11: =E11*F11 -> 91330.72 | I11: 19 | J11: 1500 | K11: =J11/I11 -> 78.947368 | L11: 19 | M11: =F11/V11*60 -> 1429.4845 | N11: =M11/L11 -> 75.236028 | O11: =L11-I11 -> 0 | P11: =N11-K11 -> -3.7113402 | Q11: =N11/K11 -> 0.95298969 | S11: 0.29027778 | T11: 0.35763889 | U11: =IF(S11=TIME(17,0,0),"",(S11-T10)*24*60) -> 5 | V11: =(T11-S11)*24*60 -> 97 | AE11: =M11-J11 -> -70.515464 | AF11: =M11/J11 -> 0.95298969
A12: 新豐2線 | B12: 沙拉 | C12: 青醬優格雞肉握沙拉(113年) | E12: 39.62 | F12: 4004 | G12: =E12*F12 -> 158638.48 | I12: 19 | J12: 1500 | K12: =J12/I12 -> 78.947368 | L12: 19 | M12: =F12/V12*60 -> 1430 | N12: =M12/L12 -> 75.263158 | O12: =L12-I12 -> 0 | P12: =N12-K12 -> -3.6842105 | Q12: =N12/K12 -> 0.95333333 | S12: 0.3625 | T12: 0.47916667 | U12: =IF(S12=TIME(17,0,0),"",(S12-T11)*24*60) -> 7 | V12: =(T12-S12)*24*60 -> 168 | W12: =T12 -> 0.47916667 | X12: =S13 -> 0.51944444 | AE12: =M12-J12 -> -70 | AF12: =M12/J12 -> 0.95333333
A13: 新豐2線 | B13: 沙拉 | C13: 青檸烤雞握沙拉(113年) | E13: 39.8 | F13: 1967 | G13: =E13*F13 -> 78286.6 | I13: 17 | J13: 1500 | K13: =J13/I13 -> 88.235294 | L13: 17 | M13: =F13/V13*60 -> 1439.2683 | N13: =M13/L13 -> 84.662841 | O13: =L13-I13 -> 0 | P13: =N13-K13 -> -3.5724534 | Q13: =N13/K13 -> 0.9595122 | S13: 0.51944444 | T13: 0.57638889 | U13: =IF(S13=TIME(17,0,0),"",(S13-T12)*24*60) -> 58 | V13: =(T13-S13)*24*60 -> 82 | AE13: =M13-J13 -> -60.731707 | AF13: =M13/J13 -> 0.9595122
A14: 新豐2線 | B14: 平均 | I14: 17.4 | J14: 1500 | K14: =J14/I14 -> 86.206897 | L14: 17.4 | M14: =AVERAGE(M9:M13) -> 1433.1211 | N14: =M14/L14 -> 82.363281 | O14: =L14-I14 -> 0 | P14: =N14-K14 -> -3.8436151 | Q14: =N14/K14 -> 0.95541407 | Y14: =SUM(Y9:Y13) -> 0 | Z14: =SUM(Z9:Z13) -> 0 | AC14: 5 | AD14: =SUM(AD9:AD13) -> 0 | AE14: =M14-J14 -> -66.878902 | AF14: =M14/J14 -> 0.95541407
A15: 新豐5線 | B15: 季節調理麵 | C15: 台式麻醬涼麵(115年) | E15: 31.11 | F15: 3138 | G15: =E15*F15 -> 97623.18 | I15: 14 | J15: 2000 | K15: =J15/I15 -> 142.85714 | L15: 14 | M15: =F15/V15*60 -> 1921.2245 | N15: =M15/L15 -> 137.23032 | O15: =L15-I15 -> 0 | P15: =N15-K15 -> -5.6268222 | Q15: =N15/K15 -> 0.96061224 | R15: =Q22 -> 0.96176121 | S15: 0.083333333 | T15: 0.15138889 | V15: =(T15-S15)*24*60 -> 98 | W15: =T15 -> 0.15138889 | X15: =S16 -> 0.17222222 | AC15: 7 | AE15: =M15-J15 -> -78.77551 | AF15: =M15/J15 -> 0.96061224 | AG15: =AF22 -> 0.96176121
A16: 新豐5線 | B16: 小吃 | C16: 香菇雞燉湯 | E16: 38.62 | F16: 2110 | G16: =E16*F16 -> 81488.2 | I16: 24 | J16: 1500 | K16: =J16/I16 -> 62.5 | L16: 24 | M16: =F16/V16*60 -> 1438.6364 | N16: =M16/L16 -> 59.943182 | O16: =L16-I16 -> 0 | P16: =N16-K16 -> -2.5568182 | Q16: =N16/K16 -> 0.95909091 | S16: 0.17222222 | T16: 0.23333333 | U16: =IF(S16=TIME(17,0,0),"",(S16-T15)*24*60) -> 30 | V16: =(T16-S16)*24*60 -> 88 | AE16: =M16-J16 -> -61.363636 | AF16: =M16/J16 -> 0.95909091
A17: 新豐5線 | B17: 小吃 | C17: 剝皮辣椒雞湯 | E17: 41 | F17: 1802 | G17: =E17*F17 -> 73882 | I17: 26 | J17: 1500 | K17: =J17/I17 -> 57.692308 | L17: 26 | M17: =F17/V17*60 -> 1441.6 | N17: =M17/L17 -> 55.446154 | O17: =L17-I17 -> 0 | P17: =N17-K17 -> -2.2461538 | Q17: =N17/K17 -> 0.96106667 | S17: 0.23888889 | T17: 0.29097222 | U17: =IF(S17=TIME(17,0,0),"",(S17-T16)*24*60) -> 8 | V17: =(T17-S17)*24*60 -> 75 | AE17: =M17-J17 -> -58.4 | AF17: =M17/J17 -> 0.96106667
A18: 新豐5線 | B18: 微波主食 | C18: 香菇雞粥 | E18: 37.03 | F18: 3232 | G18: =E18*F18 -> 119680.96 | I18: 13 | J18: 1500 | K18: =J18/I18 -> 115.38462 | L18: 13 | M18: =F18/V18*60 -> 1436.4444 | N18: =M18/L18 -> 110.49573 | O18: =L18-I18 -> 0 | P18: =N18-K18 -> -4.8888889 | Q18: =N18/K18 -> 0.95762963 | S18: 0.29652778 | T18: 0.39027778 | U18: =IF(S18=TIME(17,0,0),"",(S18-T17)*24*60) -> 8 | V18: =(T18-S18)*24*60 -> 135 | AE18: =M18-J18 -> -63.555556 | AF18: =M18/J18 -> 0.95762963
A19: 新豐5線 | B19: 微波主食 | C19: 二配港式香滑嫩蛋牛肉燴飯 | E19: 50.67 | F19: 1171 | G19: =E19*F19 -> 59334.57 | I19: 17 | J19: 2000 | K19: =J19/I19 -> 117.64706 | L19: 17 | M19: =F19/V19*60 -> 1951.6667 | N19: =M19/L19 -> 114.80392 | O19: =L19-I19 -> 0 | P19: =N19-K19 -> -2.8431373 | Q19: =N19/K19 -> 0.97583333 | S19: 0.70833333 | T19: 0.73333333 | U19: =IF(S19=TIME(17,0,0),"",(S19-T18)*24*60) | V19: =(T19-S19)*24*60 -> 36 | AE19: =M19-J19 -> -48.333333 | AF19: =M19/J19 -> 0.97583333
A20: 新豐5線 | B20: 微波主食 | C20: 二配玉米濃湯焗烤飯 | E20: 54.5 | F20: 1527 | G20: =E20*F20 -> 83221.5 | I20: 20 | J20: 1500 | K20: =J20/I20 -> 75 | L20: 20 | M20: =F20/V20*60 -> 1431.5625 | N20: =M20/L20 -> 71.578125 | O20: =L20-I20 -> 0 | P20: =N20-K20 -> -3.421875 | Q20: =N20/K20 -> 0.954375 | S20: 0.73819444 | T20: 0.78263889 | U20: =IF(S20=TIME(17,0,0),"",(S20-T19)*24*60) -> 7 | V20: =(T20-S20)*24*60 -> 64 | AE20: =M20-J20 -> -68.4375 | AF20: =M20/J20 -> 0.954375
A21: 新豐5線 | B21: 微波主食 | C21: 二配川味麻婆燒豆腐燴飯 | E21: 50.49 | F21: 1440 | G21: =E21*F21 -> 72705.6 | I21: 15 | J21: 2000 | K21: =J21/I21 -> 133.33333 | L21: 15 | M21: =F21/V21*60 -> 1920 | N21: =M21/L21 -> 128 | O21: =L21-I21 -> 0 | P21: =N21-K21 -> -5.3333333 | Q21: =N21/K21 -> 0.96 | S21: 0.78611111 | T21: 0.81736111 | U21: =IF(S21=TIME(17,0,0),"",(S21-T20)*24*60) -> 5 | V21: =(T21-S21)*24*60 -> 45 | AE21: =M21-J21 -> -80 | AF21: =M21/J21 -> 0.96
A22: 新豐5線 | B22: 平均 | I22: 18.428571 | J22: 1714.2857 | K22: =J22/I22 -> 93.023256 | L22: 18.428571 | M22: =AVERAGE(M15:M21) -> 1648.7335 | N22: =M22/L22 -> 89.466159 | O22: =L22-I22 -> 0 | P22: =N22-K22 -> -3.5570972 | Q22: =N22/K22 -> 0.96176121 | Y22: =SUM(Y15:Y21) -> 0 | Z22: =SUM(Z15:Z21) -> 0 | AC22: 7 | AD22: =SUM(AD15:AD21) -> 0 | AE22: =M22-J22 -> -65.552219 | AF22: =M22/J22 -> 0.96176121
A23: 新豐7線 | B23: 微波主食 | C23: 韓式泡菜豬肉豆腐丼飯 | E23: 50.67 | F23: 1710 | G23: =E23*F23 -> 86645.7 | I23: 17 | J23: 2000 | K23: =J23/I23 -> 117.64706 | L23: 17 | M23: =F23/V23*60 -> 1935.8491 | N23: =M23/L23 -> 113.87347 | O23: =L23-I23 -> 0 | P23: =N23-K23 -> -3.7735849 | Q23: =N23/K23 -> 0.96792453 | R23: =Q29 -> 0.96619225 | S23: 0.20833333 | T23: 0.24513889 | V23: =(T23-S23)*24*60 -> 53 | AC23: 6 | AE23: =M23-J23 -> -64.150943 | AF23: =M23/J23 -> 0.96792453 | AG23: =AF29 -> 0.96619225
A24: 新豐7線 | B24: 微波主食 | C24: 鐵板滑蛋炸豬排丼 | E24: 57.73 | F24: 2047 | G24: =E24*F24 -> 118173.31 | I24: 14 | J24: 2000 | K24: =J24/I24 -> 142.85714 | L24: 14 | M24: =F24/V24*60 -> 1919.0625 | N24: =M24/L24 -> 137.07589 | O24: =L24-I24 -> 0 | P24: =N24-K24 -> -5.78125 | Q24: =N24/K24 -> 0.95953125 | S24: 0.25 | T24: 0.29444444 | U24: =IF(S24=TIME(17,0,0),"",(S24-T23)*24*60) -> 7 | V24: =(T24-S24)*24*60 -> 64 | AE24: =M24-J24 -> -80.9375 | AF24: =M24/J24 -> 0.95953125
A25: 新豐7線 | B25: 微波主食 | C25: 日式炙烤親子丼 | E25: 53.27 | F25: 1427 | G25: =E25*F25 -> 76016.29 | I25: 16 | J25: 2000 | K25: =J25/I25 -> 125 | L25: 16 | M25: =F25/V25*60 -> 1945.9091 | N25: =M25/L25 -> 121.61932 | O25: =L25-I25 -> 0 | P25: =N25-K25 -> -3.3806818 | Q25: =N25/K25 -> 0.97295455 | S25: 0.3 | T25: 0.33055556 | U25: =IF(S25=TIME(17,0,0),"",(S25-T24)*24*60) -> 8 | V25: =(T25-S25)*24*60 -> 44 | AE25: =M25-J25 -> -54.090909 | AF25: =M25/J25 -> 0.97295455
A26: 新豐7線 | B26: 微波主食 | C26: 二配厚香料優格咖哩雞排飯 | E26: 56.43 | F26: 1165 | G26: =E26*F26 -> 65740.95 | I26: 13 | J26: 2000 | K26: =J26/I26 -> 153.84615 | L26: 13 | M26: =F26/V26*60 -> 1941.6667 | N26: =M26/L26 -> 149.35897 | O26: =L26-I26 -> 0 | P26: =N26-K26 -> -4.4871795 | Q26: =N26/K26 -> 0.97083333 | S26: 0.70833333 | T26: 0.73333333 | U26: =IF(S26=TIME(17,0,0),"",(S26-T25)*24*60) | V26: =(T26-S26)*24*60 -> 36 | AE26: =M26-J26 -> -58.333333 | AF26: =M26/J26 -> 0.97083333
A27: 新豐7線 | B27: 微波主食 | C27: 二配美味蟹煲 | E27: 54.09 | F27: 1921 | G27: =E27*F27 -> 103906.89 | I27: 18 | J27: 2000 | K27: =J27/I27 -> 111.11111 | L27: 18 | M27: =F27/V27*60 -> 1921 | N27: =M27/L27 -> 106.72222 | O27: =L27-I27 -> 0 | P27: =N27-K27 -> -4.3888889 | Q27: =N27/K27 -> 0.9605 | S27: 0.73888889 | T27: 0.78055556 | U27: =IF(S27=TIME(17,0,0),"",(S27-T26)*24*60) -> 8 | V27: =(T27-S27)*24*60 -> 60 | AE27: =M27-J27 -> -79 | AF27: =M27/J27 -> 0.9605
A28: 新豐7線 | B28: 微波主食 | C28: 二配泰式檸檬魚飯 | E28: 57.3 | F28: 1963 | G28: =E28*F28 -> 112479.9 | I28: 16 | J28: 2000 | K28: =J28/I28 -> 125 | L28: 16 | M28: =F28/V28*60 -> 1930.8197 | N28: =M28/L28 -> 120.67623 | O28: =L28-I28 -> 0 | P28: =N28-K28 -> -4.3237705 | Q28: =N28/K28 -> 0.96540984 | S28: 0.78402778 | T28: 0.82638889 | U28: =IF(S28=TIME(17,0,0),"",(S28-T27)*24*60) -> 5 | V28: =(T28-S28)*24*60 -> 61 | AE28: =M28-J28 -> -69.180328 | AF28: =M28/J28 -> 0.96540984
A29: 新豐7線 | B29: 平均 | I29: 15.666667 | J29: 2000 | K29: =J29/I29 -> 127.65957 | L29: 15.666667 | M29: =AVERAGE(M23:M28) -> 1932.3845 | N29: =M29/L29 -> 123.34369 | O29: =L29-I29 -> 0 | P29: =N29-K29 -> -4.3158831 | Q29: =N29/K29 -> 0.96619225 | Y29: =SUM(Y23:Y28) -> 0 | Z29: =SUM(Z23:Z28) -> 0 | AC29: 6 | AD29: =SUM(AD23:AD28) -> 0 | AE29: =M29-J29 -> -67.615502 | AF29: =M29/J29 -> 0.96619225
A30: 新豐8線 | B30: 三明治 | C30: 紐奧良風味烤雞鮮蔬三明治 | E30: 31.29 | F30: 4700 | G30: =E30*F30 -> 147063 | H30: 2 | I30: 18 | J30: 2400 | K30: =J30/I30 -> 133.33333 | L30: 18 | M30: =F30/V30*60 -> 2292.6829 | N30: =M30/L30 -> 127.37127 | O30: =L30-I30 -> 0 | P30: =N30-K30 -> -5.9620596 | Q30: =N30/K30 -> 0.95528455 | R30: =Q39 -> 0.96031849 | S30: 0.083333333 | T30: 0.16875 | V30: =(T30-S30)*24*60 -> 123 | W30: =T30 -> 0.16875 | X30: =S31 -> 0.18819444 | AC30: 9 | AE30: =M30-J30 -> -107.31707 | AF30: =M30/J30 -> 0.95528455 | AG30: =AF39 -> 0.96031849
A31: 新豐8線 | B31: 三明治 | C31: 醬燒烤雞三明治(115年) | E31: 26.37 | F31: 3500 | G31: =E31*F31 -> 92295 | H31: 2 | I31: 18 | J31: 2400 | K31: =J31/I31 -> 133.33333 | L31: 18 | M31: =F31/V31*60 -> 2307.6923 | N31: =M31/L31 -> 128.20513 | O31: =L31-I31 -> 0 | P31: =N31-K31 -> -5.1282051 | Q31: =N31/K31 -> 0.96153846 | S31: 0.18819444 | T31: 0.25138889 | U31: =(S31-T30)*24*60 -> 28 | V31: =(T31-S31)*24*60 -> 91 | AE31: =M31-J31 -> -92.307692 | AF31: =M31/J31 -> 0.96153846
A32: 新豐8線 | B32: 三明治 | C32: 鮪魚起司溏心蛋三明治(115年) | E32: 26.18 | F32: 4200 | G32: =E32*F32 -> 109956 | H32: 2 | I32: 18 | J32: 2400 | K32: =J32/I32 -> 133.33333 | L32: 18 | M32: =F32/V32*60 -> 2290.9091 | N32: =M32/L32 -> 127.27273 | O32: =L32-I32 -> 0 | P32: =N32-K32 -> -6.0606061 | Q32: =N32/K32 -> 0.95454545 | S32: 0.25625 | T32: 0.33263889 | U32: =(S32-T31)*24*60 -> 7 | V32: =(T32-S32)*24*60 -> 110 | AE32: =M32-J32 -> -109.09091 | AF32: =M32/J32 -> 0.95454545
A33: 新豐8線 | B33: 三明治 | C33: 茄汁厚起司三明治 | E33: 25.99 | F33: 1212 | G33: =E33*F33 -> 31499.88 | I33: 18 | J33: 2400 | K33: =J33/I33 -> 133.33333 | L33: 18 | M33: =F33/V33*60 -> 2345.8065 | N33: =M33/L33 -> 130.32258 | O33: =L33-I33 -> 0 | P33: =N33-K33 -> -3.0107527 | Q33: =N33/K33 -> 0.97741935 | S33: 0.33680556 | T33: 0.35833333 | U33: =(S33-T32)*24*60 -> 6 | V33: =(T33-S33)*24*60 -> 31 | AE33: =M33-J33 -> -54.193548 | AF33: =M33/J33 -> 0.97741935
A34: 新豐8線 | B34: 三明治 | C34: 雞蛋沙拉三明治(114年) | E34: 25.99 | F34: 3638 | G34: =E34*F34 -> 94551.62 | I34: 14 | J34: 2400 | K34: =J34/I34 -> 171.42857 | L34: 14 | M34: =F34/V34*60 -> 2297.6842 | N34: =M34/L34 -> 164.1203 | O34: =L34-I34 -> 0 | P34: =N34-K34 -> -7.3082707 | Q34: =N34/K34 -> 0.95736842 | S34: 0.36388889 | T34: 0.42986111 | U34: =(S34-T33)*24*60 -> 8 | V34: =(T34-S34)*24*60 -> 95 | AE34: =M34-J34 -> -102.31579 | AF34: =M34/J34 -> 0.95736842
A35: 新豐8線 | B35: 三明治 | C35: 榛果摩卡脆脆三明治 | E35: 20.21 | F35: 2358 | G35: =E35*F35 -> 47655.18 | I35: 18 | J35: 2400 | K35: =J35/I35 -> 133.33333 | L35: 18 | M35: =F35/V35*60 -> 2319.3443 | N35: =M35/L35 -> 128.85246 | O35: =L35-I35 -> 0 | P35: =N35-K35 -> -4.4808743 | Q35: =N35/K35 -> 0.96639344 | S35: 0.43333333 | T35: 0.47569444 | U35: =(S35-T34)*24*60 -> 5 | V35: =(T35-S35)*24*60 -> 61 | W35: =T35 -> 0.47569444 | X35: =S36 -> 0.51458333 | AE35: =M35-J35 -> -80.655738 | AF35: =M35/J35 -> 0.96639344
A36: 新豐8線 | B36: 三明治 | C36: 紐奧良風味烤雞鮮蔬三明治 | E36: 31.29 | F36: 3339 | G36: =E36*F36 -> 104477.31 | I36: 18 | J36: 2400 | K36: =J36/I36 -> 133.33333 | L36: 18 | M36: =F36/V36*60 -> 2302.7586 | N36: =M36/L36 -> 127.93103 | O36: =L36-I36 -> 0 | P36: =N36-K36 -> -5.4022989 | Q36: =N36/K36 -> 0.95948276 | S36: 0.51458333 | T36: 0.575 | U36: =(S36-T35)*24*60 -> 56 | V36: =(T36-S36)*24*60 -> 87 | AE36: =M36-J36 -> -97.241379 | AF36: =M36/J36 -> 0.95948276
A37: 新豐8線 | B37: 三明治 | C37: 鮪魚起司溏心蛋三明治(115年) | E37: 26.18 | F37: 3177 | G37: =E37*F37 -> 83173.86 | I37: 18 | J37: 2400 | K37: =J37/I37 -> 133.33333 | L37: 18 | M37: =F37/V37*60 -> 2296.6265 | N37: =M37/L37 -> 127.59036 | O37: =L37-I37 -> 0 | P37: =N37-K37 -> -5.7429719 | Q37: =N37/K37 -> 0.95692771 | S37: 0.57847222 | T37: 0.63611111 | U37: =(S37-T36)*24*60 -> 5 | V37: =(T37-S37)*24*60 -> 83 | AE37: =M37-J37 -> -103.37349 | AF37: =M37/J37 -> 0.95692771
A38: 新豐8線 | B38: 三明治 | C38: 醬燒烤雞三明治(115年) | E38: 26.37 | F38: 2442 | G38: =E38*F38 -> 64395.54 | I38: 18 | J38: 2400 | K38: =J38/I38 -> 133.33333 | L38: 18 | M38: =F38/V38*60 -> 2289.375 | N38: =M38/L38 -> 127.1875 | O38: =L38-I38 -> 0 | P38: =N38-K38 -> -6.1458333 | Q38: =N38/K38 -> 0.95390625 | S38: 0.63958333 | T38: 0.68402778 | U38: =(S38-T37)*24*60 -> 5 | V38: =(T38-S38)*24*60 -> 64 | AE38: =M38-J38 -> -110.625 | AF38: =M38/J38 -> 0.95390625
A39: 新豐8線 | B39: 平均 | I39: 17.555556 | J39: 2400 | K39: =J39/I39 -> 136.70886 | L39: 17.555556 | M39: =AVERAGE(M30:M38) -> 2304.7644 | N39: =M39/L39 -> 131.28405 | O39: =L39-I39 -> 0 | P39: =N39-K39 -> -5.4248141 | Q39: =N39/K39 -> 0.96031849 | Y39: =SUM(Y30:Y38) -> 0 | Z39: =SUM(Z30:Z38) -> 0 | AC39: 9 | AD39: =SUM(AD30:AD38) -> 0 | AE39: =M39-J39 -> -95.235625 | AF39: =M39/J39 -> 0.96031849
A40: 新豐9線 | B40: 三明治 | C40: 經典總匯三明治(115年) | E40: 26.18 | F40: 5671 | G40: =E40*F40 -> 148466.78 | I40: 20 | J40: 2400 | K40: =J40/I40 -> 120 | L40: 20 | M40: =F40/V40*60 -> 2283.6242 | N40: =M40/L40 -> 114.18121 | O40: =L40-I40 -> 0 | P40: =N40-K40 -> -5.8187919 | Q40: =N40/K40 -> 0.95151007 | R40: =Q46 -> 0.95545479 | S40: 0.083333333 | T40: 0.18680556 | V40: =(T40-S40)*24*60 -> 149 | W40: =T40 -> 0.18680556 | X40: =S41 -> 0.20555556 | AC40: 6 | AE40: =M40-J40 -> -116.37584 | AF40: =M40/J40 -> 0.95151007 | AG40: =AF46 -> 0.95545479
A41: 新豐9線 | B41: 三明治 | C41: 經典火腿玉米蛋三明治 | E41: 24.43 | F41: 3700 | G41: =E41*F41 -> 90391 | H41: 2 | I41: 14 | J41: 2400 | K41: =J41/I41 -> 171.42857 | L41: 14 | M41: =F41/V41*60 -> 2288.6598 | N41: =M41/L41 -> 163.4757 | O41: =L41-I41 -> 0 | P41: =N41-K41 -> -7.9528719 | Q41: =N41/K41 -> 0.95360825 | S41: 0.20555556 | T41: 0.27291667 | U41: =(S41-T40)*24*60 -> 27 | V41: =(T41-S41)*24*60 -> 97 | AE41: =M41-J41 -> -111.34021 | AF41: =M41/J41 -> 0.95360825
A42: 新豐9線 | B42: 三明治 | C42: 五彩鮮蔬三明治 | E42: 25.98 | F42: 3526 | G42: =E42*F42 -> 91605.48 | I42: 20 | J42: 2400 | K42: =J42/I42 -> 120 | L42: 20 | M42: =F42/V42*60 -> 2299.5652 | N42: =M42/L42 -> 114.97826 | O42: =L42-I42 -> 0 | P42: =N42-K42 -> -5.0217391 | Q42: =N42/K42 -> 0.95815217 | S42: 0.27777778 | T42: 0.34166667 | U42: =(S42-T41)*24*60 -> 7 | V42: =(T42-S42)*24*60 -> 92 | AE42: =M42-J42 -> -100.43478 | AF42: =M42/J42 -> 0.95815217
A43: 新豐9線 | B43: 三明治 | C43: 好多蛋三明治 | E43: 34.1 | F43: 6073 | G43: =E43*F43 -> 207089.3 | I43: 17 | J43: 1600 | K43: =J43/I43 -> 94.117647 | L43: 17 | M43: =F43/V43*60 -> 1524.6025 | N43: =M43/L43 -> 89.682501 | O43: =L43-I43 -> 0 | P43: =N43-K43 -> -4.4351464 | Q43: =N43/K43 -> 0.95287657 | S43: 0.34513889 | T43: 0.51111111 | U43: =(S43-T42)*24*60 -> 5 | V43: =(T43-S43)*24*60 -> 239 | W43: =T43 -> 0.51111111 | X43: =S44 -> 0.55208333 | AE43: =M43-J43 -> -75.39749 | AF43: =M43/J43 -> 0.95287657
A44: 新豐9線 | B44: 三明治 | C44: 經典火腿玉米蛋三明治 | E44: 24.43 | F44: 2800 | G44: =E44*F44 -> 68404 | I44: 14 | J44: 2400 | K44: =J44/I44 -> 171.42857 | L44: 14 | M44: =F44/V44*60 -> 2301.3699 | N44: =M44/L44 -> 164.38356 | O44: =L44-I44 -> 0 | P44: =N44-K44 -> -7.0450098 | Q44: =N44/K44 -> 0.95890411 | S44: 0.55208333 | T44: 0.60277778 | U44: =(S44-T43)*24*60 -> 59 | V44: =(T44-S44)*24*60 -> 73 | AE44: =M44-J44 -> -98.630137 | AF44: =M44/J44 -> 0.95890411
A45: 新豐9線 | B45: 三明治 | C45: 起司芋見肉鬆三明治 | E45: 25.98 | F45: 1263 | G45: =E45*F45 -> 32812.74 | I45: 17 | J45: 2400 | K45: =J45/I45 -> 141.17647 | L45: 17 | M45: =F45/V45*60 -> 2296.3636 | N45: =M45/L45 -> 135.08021 | O45: =L45-I45 -> 0 | P45: =N45-K45 -> -6.0962567 | Q45: =N45/K45 -> 0.95681818 | S45: 0.60833333 | T45: 0.63125 | U45: =(S45-T44)*24*60 -> 8 | V45: =(T45-S45)*24*60 -> 33 | AE45: =M45-J45 -> -103.63636 | AF45: =M45/J45 -> 0.95681818
A46: 新豐9線 | B46: 平均 | I46: 17 | J46: 2266.6667 | K46: =J46/I46 -> 133.33333 | L46: 17 | M46: =AVERAGE(M40:M45) -> 2165.6975 | N46: =M46/L46 -> 127.39397 | O46: =L46-I46 -> 0 | P46: =N46-K46 -> -5.939361 | Q46: =N46/K46 -> 0.95545479 | Y46: =SUM(Y40:Y45) -> 0 | Z46: =SUM(Z40:Z45) -> 0 | AC46: 6 | AD46: =SUM(AD40:AD45) -> 0 | AE46: =M46-J46 -> -100.96914 | AF46: =M46/J46 -> 0.95545479
A47: 新豐3線 | B47: 調理麵包 | C47: 豬肉起司堡 | E47: 21.13 | F47: 5164 | G47: =E47*F47 -> 109115.32 | I47: 10 | J47: 3000 | K47: =J47/I47 -> 300 | L47: 10 | M47: =F47/V47*60 -> 2868.8889 | N47: =M47/L47 -> 286.88889 | O47: =L47-I47 -> 0 | P47: =N47-K47 -> -13.111111 | Q47: =N47/K47 -> 0.9562963 | R47: =Q51 -> 0.96038184 | S47: 0.20833333 | T47: 0.28333333 | V47: =(T47-S47)*24*60 -> 108 | AC47: 4 | AE47: =M47-J47 -> -131.11111 | AF47: =M47/J47 -> 0.9562963 | AG47: =AF51 -> 0.96038184
A48: 新豐3線 | B48: 調理麵包 | C48: 豬肉起司蛋堡 | E48: 27.17 | F48: 4547 | G48: =E48*F48 -> 123541.99 | I48: 10 | J48: 3000 | K48: =J48/I48 -> 300 | L48: 10 | M48: =F48/V48*60 -> 2871.7895 | N48: =M48/L48 -> 287.17895 | O48: =L48-I48 -> 0 | P48: =N48-K48 -> -12.821053 | Q48: =N48/K48 -> 0.95726316 | S48: 0.2875 | T48: 0.35347222 | U48: =(S48-T47)*24*60 -> 6 | V48: =(T48-S48)*24*60 -> 95 | AE48: =M48-J48 -> -128.21053 | AF48: =M48/J48 -> 0.95726316
A49: 新豐3線 | B49: 調理麵包 | C49: 美式雞腿堡 | E49: 35.87 | F49: 2114 | G49: =E49*F49 -> 75829.18 | I49: 9 | J49: 3000 | K49: =J49/I49 -> 333.33333 | L49: 9 | M49: =F49/V49*60 -> 2882.7273 | N49: =M49/L49 -> 320.30303 | O49: =L49-I49 -> 0 | P49: =N49-K49 -> -13.030303 | Q49: =N49/K49 -> 0.96090909 | S49: 0.35833333 | T49: 0.38888889 | U49: =(S49-T48)*24*60 -> 7 | V49: =(T49-S49)*24*60 -> 44 | AE49: =M49-J49 -> -117.27273 | AF49: =M49/J49 -> 0.96090909
A50: 新豐3線 | B50: 調理麵包 | C50: 黃金魚堡(114年) | E50: 34.35 | F50: 822 | G50: =E50*F50 -> 28235.7 | I50: 8 | J50: 3000 | K50: =J50/I50 -> 375 | L50: 8 | M50: =F50/V50*60 -> 2901.1765 | N50: =M50/L50 -> 362.64706 | O50: =L50-I50 -> 0 | P50: =N50-K50 -> -12.352941 | Q50: =N50/K50 -> 0.96705882 | S50: 0.39375 | T50: 0.40555556 | U50: =(S50-T49)*24*60 -> 7 | V50: =(T50-S50)*24*60 -> 17 | AE50: =M50-J50 -> -98.823529 | AF50: =M50/J50 -> 0.96705882
A51: 新豐3線 | B51: 平均 | I51: 9.25 | J51: 3000 | K51: =J51/I51 -> 324.32432 | L51: 9.25 | M51: =AVERAGE(M47:M50) -> 2881.1455 | N51: =M51/L51 -> 311.47519 | O51: =L51-I51 -> 0 | P51: =N51-K51 -> -12.849132 | Q51: =N51/K51 -> 0.96038184 | Y51: =SUM(Y47:Y50) -> 0 | Z51: =SUM(Z47:Z50) -> 0 | AC51: 4 | AD51: =SUM(AD47:AD50) -> 0 | AE51: =M51-J51 -> -118.85447 | AF51: =M51/J51 -> 0.96038184
A52: 新豐1線 | B52: 小吃 | C52: 泰式炒河粉 | E52: 51.44 | F52: 5175 | G52: =E52*F52 -> 266202 | I52: 18 | J52: 2000 | K52: =J52/I52 -> 111.11111 | L52: 18 | M52: =F52/V52*60 -> 1904.908 | N52: =M52/L52 -> 105.82822 | O52: =L52-I52 -> 0 | P52: =N52-K52 -> -5.2828903 | Q52: =N52/K52 -> 0.95245399 | R52: =Q61 -> 0.96140997 | S52: 0.083333333 | T52: 0.19652778 | V52: =(T52-S52)*24*60 -> 163 | W52: =T52 -> 0.19652778 | X52: =S53 -> 0.21527778 | AC52: 9 | AE52: =M52-J52 -> -95.092025 | AF52: =M52/J52 -> 0.95245399 | AG52: =AF61 -> 0.96140997
A53: 新豐1線 | B53: 微波主食 | C53: 爆炒雞丁飯 | E53: 59.04 | F53: 1768 | G53: =E53*F53 -> 104382.72 | I53: 19 | J53: 2000 | K53: =J53/I53 -> 105.26316 | L53: 19 | M53: =F53/V53*60 -> 1928.7273 | N53: =M53/L53 -> 101.51196 | O53: =L53-I53 -> 0 | P53: =N53-K53 -> -3.7511962 | Q53: =N53/K53 -> 0.96436364 | S53: 0.21527778 | T53: 0.25347222 | U53: =IF(S53=TIME(17,0,0),"",(S53-T52)*24*60) -> 27 | V53: =(T53-S53)*24*60 -> 55 | AE53: =M53-J53 -> -71.272727 | AF53: =M53/J53 -> 0.96436364
A54: 新豐1線 | B54: 微波主食 | C54: 壹號醬雞豚雙拼 | E54: 56.43 | F54: 1125 | G54: =E54*F54 -> 63483.75 | I54: 22 | J54: 2000 | K54: =J54/I54 -> 90.909091 | L54: 22 | M54: =F54/V54*60 -> 1928.5714 | N54: =M54/L54 -> 87.662338 | O54: =L54-I54 -> 0 | P54: =N54-K54 -> -3.2467532 | Q54: =N54/K54 -> 0.96428571 | S54: 0.25694444 | T54: 0.28125 | U54: =IF(S54=TIME(17,0,0),"",(S54-T53)*24*60) -> 5 | V54: =(T54-S54)*24*60 -> 35 | AE54: =M54-J54 -> -71.428571 | AF54: =M54/J54 -> 0.96428571
A55: 新豐1線 | B55: 微波主食 | C55: 炙烤醬香燒豚飯 | E55: 51.44 | F55: 1592 | G55: =E55*F55 -> 81892.48 | I55: 25 | J55: 2000 | K55: =J55/I55 -> 80 | L55: 25 | M55: =F55/V55*60 -> 1910.4 | N55: =M55/L55 -> 76.416 | O55: =L55-I55 -> 0 | P55: =N55-K55 -> -3.584 | Q55: =N55/K55 -> 0.9552 | S55: 0.28541667 | T55: 0.32013889 | U55: =IF(S55=TIME(17,0,0),"",(S55-T54)*24*60) -> 6 | V55: =(T55-S55)*24*60 -> 50 | AE55: =M55-J55 -> -89.6 | AF55: =M55/J55 -> 0.9552
A56: 新豐1線 | B56: 沙拉 | C56: 蔥鹽雞肉麵沙拉(114年) | E56: 46 | F56: 1576 | G56: =E56*F56 -> 72496 | I56: 16 | J56: 2000 | K56: =J56/I56 -> 125 | L56: 16 | M56: =F56/V56*60 -> 1929.7959 | N56: =M56/L56 -> 120.61224 | O56: =L56-I56 -> 0 | P56: =N56-K56 -> -4.3877551 | Q56: =N56/K56 -> 0.96489796 | S56: 0.325 | T56: 0.35902778 | U56: =IF(S56=TIME(17,0,0),"",(S56-T55)*24*60) -> 7 | V56: =(T56-S56)*24*60 -> 49 | AE56: =M56-J56 -> -70.204082 | AF56: =M56/J56 -> 0.96489796
A57: 新豐1線 | B57: 沙拉 | C57: 莎莎烤雞麵沙拉(115年) | E57: 46 | F57: 1996 | G57: =E57*F57 -> 91816 | I57: 17 | J57: 2000 | K57: =J57/I57 -> 117.64706 | L57: 17 | M57: =F57/V57*60 -> 1931.6129 | N57: =M57/L57 -> 113.62429 | O57: =L57-I57 -> 0 | P57: =N57-K57 -> -4.0227704 | Q57: =N57/K57 -> 0.96580645 | S57: 0.36319444 | T57: 0.40625 | U57: =IF(S57=TIME(17,0,0),"",(S57-T56)*24*60) -> 6 | V57: =(T57-S57)*24*60 -> 62 | AE57: =M57-J57 -> -68.387097 | AF57: =M57/J57 -> 0.96580645
A58: 新豐1線 | B58: 微波主食 | C58: 二配香辣醬蒜味香腸蛋炒飯 | E58: 55.56 | F58: 2328 | G58: =E58*F58 -> 129343.68 | I58: 17 | J58: 2000 | K58: =J58/I58 -> 117.64706 | L58: 17 | M58: =F58/V58*60 -> 1913.4247 | N58: =M58/L58 -> 112.55439 | O58: =L58-I58 -> 0 | P58: =N58-K58 -> -5.0926672 | Q58: =N58/K58 -> 0.95671233 | S58: 0.70833333 | T58: 0.75902778 | U58: =IF(S58=TIME(17,0,0),"",(S58-T57)*24*60) | V58: =(T58-S58)*24*60 -> 73 | AE58: =M58-J58 -> -86.575342 | AF58: =M58/J58 -> 0.95671233
A59: 新豐1線 | B59: 微波主食 | C59: 二配藤椒雞丁炒飯 | E59: 54.09 | F59: 714 | G59: =E59*F59 -> 38620.26 | I59: 13 | J59: 2000 | K59: =J59/I59 -> 153.84615 | L59: 13 | M59: =F59/V59*60 -> 1947.2727 | N59: =M59/L59 -> 149.79021 | O59: =L59-I59 -> 0 | P59: =N59-K59 -> -4.0559441 | Q59: =N59/K59 -> 0.97363636 | S59: 0.76458333 | T59: 0.77986111 | U59: =IF(S59=TIME(17,0,0),"",(S59-T58)*24*60) -> 8 | V59: =(T59-S59)*24*60 -> 22 | AE59: =M59-J59 -> -52.727273 | AF59: =M59/J59 -> 0.97363636
A60: 新豐1線 | B60: 微波主食 | C60: 二配打拋風味豬肉飯 | E60: 51.06 | F60: 2866 | G60: =E60*F60 -> 146337.96 | I60: 13 | J60: 2000 | K60: =J60/I60 -> 153.84615 | L60: 13 | M60: =F60/V60*60 -> 1910.6667 | N60: =M60/L60 -> 146.97436 | O60: =L60-I60 -> 0 | P60: =N60-K60 -> -6.8717949 | Q60: =N60/K60 -> 0.95533333 | S60: 0.78541667 | T60: 0.84791667 | U60: =IF(S60=TIME(17,0,0),"",(S60-T59)*24*60) -> 8 | V60: =(T60-S60)*24*60 -> 90 | AE60: =M60-J60 -> -89.333333 | AF60: =M60/J60 -> 0.95533333
A61: 新豐1線 | B61: 平均 | I61: 17.777778 | J61: 2000 | K61: =J61/I61 -> 112.5 | L61: 17.777778 | M61: =AVERAGE(M52:M60) -> 1922.8199 | N61: =M61/L61 -> 108.15862 | O61: =L61-I61 -> 0 | P61: =N61-K61 -> -4.3413778 | Q61: =N61/K61 -> 0.96140997 | Y61: =SUM(Y52:Y60) -> 0 | Z61: =SUM(Z52:Z60) -> 0 | AC61: 9 | AD61: =SUM(AD52:AD60) -> 0 | AE61: =M61-J61 -> -77.18005 | AF61: =M61/J61 -> 0.96140997
A62: 新豐10線 | B62: 調理麵包 | C62: 經典雙牛起司堡(113年) | E62: 35.12 | F62: 4054 | G62: =E62*F62 -> 142376.48 | I62: 10 | J62: 3000 | K62: =J62/I62 -> 300 | L62: 10 | M62: =F62/V62*60 -> 2861.6471 | N62: =M62/L62 -> 286.16471 | O62: =L62-I62 -> 0 | P62: =N62-K62 -> -13.835294 | Q62: =N62/K62 -> 0.95388235 | R62: =Q66 -> 0.9599964 | S62: 0.20833333 | T62: 0.26736111 | V62: =(T62-S62)*24*60 -> 85 | AC62: 4 | AE62: =M62-J62 -> -138.35294 | AF62: =M62/J62 -> 0.95388235 | AG62: =AF66 -> 0.9599964
A63: 新豐10線 | B63: 調理麵包 | C63: 香雞蛋堡(112年) | E63: 26.78 | F63: 2423 | G63: =E63*F63 -> 64887.94 | I63: 10 | J63: 3000 | K63: =J63/I63 -> 300 | L63: 10 | M63: =F63/V63*60 -> 2907.6 | N63: =M63/L63 -> 290.76 | O63: =L63-I63 -> 0 | P63: =N63-K63 -> -9.24 | Q63: =N63/K63 -> 0.9692 | S63: 0.27291667 | T63: 0.30763889 | U63: =(S63-T62)*24*60 -> 8 | V63: =(T63-S63)*24*60 -> 50 | AE63: =M63-J63 -> -92.4 | AF63: =M63/J63 -> 0.9692
A64: 新豐10線 | B64: 調理麵包 | C64: 元氣起司鱈魚堡 | E64: 36.14 | F64: 1772 | G64: =E64*F64 -> 64040.08 | I64: 11 | J64: 3000 | K64: =J64/I64 -> 272.72727 | L64: 11 | M64: =F64/V64*60 -> 2873.5135 | N64: =M64/L64 -> 261.2285 | O64: =L64-I64 -> 0 | P64: =N64-K64 -> -11.498771 | Q64: =N64/K64 -> 0.95783784 | S64: 0.31180556 | T64: 0.3375 | U64: =(S64-T63)*24*60 -> 6 | V64: =(T64-S64)*24*60 -> 37 | AE64: =M64-J64 -> -126.48649 | AF64: =M64/J64 -> 0.95783784
A65: 新豐10線 | B65: 調理麵包 | C65: 超HOT雞腿堡 | E65: 35.87 | F65: 5131 | G65: =E65*F65 -> 184048.97 | I65: 10 | J65: 3000 | K65: =J65/I65 -> 300 | L65: 10 | M65: =F65/V65*60 -> 2877.1963 | N65: =M65/L65 -> 287.71963 | O65: =L65-I65 -> 0 | P65: =N65-K65 -> -12.280374 | Q65: =N65/K65 -> 0.95906542 | S65: 0.34097222 | T65: 0.41527778 | U65: =(S65-T64)*24*60 -> 5 | V65: =(T65-S65)*24*60 -> 107 | AE65: =M65-J65 -> -122.80374 | AF65: =M65/J65 -> 0.95906542
A66: 新豐10線 | B66: 平均 | I66: 10.25 | J66: 3000 | K66: =J66/I66 -> 292.68293 | L66: 10.25 | M66: =AVERAGE(M62:M65) -> 2879.9892 | N66: =M66/L66 -> 280.97456 | O66: =L66-I66 -> 0 | P66: =N66-K66 -> -11.70837 | Q66: =N66/K66 -> 0.9599964 | Y66: =SUM(Y62:Y65) -> 0 | Z66: =SUM(Z62:Z65) -> 0 | AC66: 4 | AD66: =SUM(AD62:AD65) -> 0 | AE66: =M66-J66 -> -120.01079 | AF66: =M66/J66 -> 0.9599964
A67: 新豐4線 | B67: 三明治 | C67: 火腿起司蛋三明治 | E67: 19.02 | F67: 4700 | G67: =E67*F67 -> 89394 | H67: 2 | I67: 14 | J67: 2400 | K67: =J67/I67 -> 171.42857 | L67: 14 | M67: =F67/V67*60 -> 2292.6829 | N67: =M67/L67 -> 163.76307 | O67: =L67-I67 -> 0 | P67: =N67-K67 -> -7.6655052 | Q67: =N67/K67 -> 0.95528455 | R67: =Q76 -> 0.95799149 | S67: 0.083333333 | T67: 0.16875 | V67: =(T67-S67)*24*60 -> 123 | W67: =T67 -> 0.16875 | X67: =S68 -> 0.18958333 | AC67: 9 | AE67: =M67-J67 -> -107.31707 | AF67: =M67/J67 -> 0.95528455 | AG67: =AF76 -> 0.95799149
A68: 新豐4線 | B68: 三明治 | C68: 肉鬆火腿三明治(115年) | E68: 20.36 | F68: 4118 | G68: =E68*F68 -> 83842.48 | I68: 17 | J68: 2400 | K68: =J68/I68 -> 141.17647 | L68: 17 | M68: =F68/V68*60 -> 2287.7778 | N68: =M68/L68 -> 134.57516 | O68: =L68-I68 -> 0 | P68: =N68-K68 -> -6.6013072 | Q68: =N68/K68 -> 0.95324074 | S68: 0.18958333 | T68: 0.26458333 | U68: =(S68-T67)*24*60 -> 30 | V68: =(T68-S68)*24*60 -> 108 | AE68: =M68-J68 -> -112.22222 | AF68: =M68/J68 -> 0.95324074
A69: 新豐4線 | B69: 三明治 | C69: 起司芋見肉鬆三明治 | E69: 25.98 | F69: 1700 | G69: =E69*F69 -> 44166 | H69: 2 | I69: 17 | J69: 2400 | K69: =J69/I69 -> 141.17647 | L69: 17 | M69: =F69/V69*60 -> 2318.1818 | N69: =M69/L69 -> 136.36364 | O69: =L69-I69 -> 0 | P69: =N69-K69 -> -4.8128342 | Q69: =N69/K69 -> 0.96590909 | S69: 0.27013889 | T69: 0.30069444 | U69: =(S69-T68)*24*60 -> 8 | V69: =(T69-S69)*24*60 -> 44 | AE69: =M69-J69 -> -81.818182 | AF69: =M69/J69 -> 0.96590909
A70: 新豐4線 | B70: 三明治 | C70: 水果聖代三明治 | E70: 28.29 | F70: 4404 | G70: =E70*F70 -> 124589.16 | I70: 21 | J70: 2400 | K70: =J70/I70 -> 114.28571 | L70: 21 | M70: =F70/V70*60 -> 2297.7391 | N70: =M70/L70 -> 109.41615 | O70: =L70-I70 -> 0 | P70: =N70-K70 -> -4.8695652 | Q70: =N70/K70 -> 0.9573913 | S70: 0.30486111 | T70: 0.38472222 | U70: =(S70-T69)*24*60 -> 6 | V70: =(T70-S70)*24*60 -> 115 | AE70: =M70-J70 -> -102.26087 | AF70: =M70/J70 -> 0.9573913
A71: 新豐4線 | B71: 三明治 | C71: 金黃玉米蛋三明治 | E71: 24.25 | F71: 3000 | G71: =E71*F71 -> 72750 | H71: 2 | I71: 17 | J71: 2400 | K71: =J71/I71 -> 141.17647 | L71: 17 | M71: =F71/V71*60 -> 2307.6923 | N71: =M71/L71 -> 135.74661 | O71: =L71-I71 -> 0 | P71: =N71-K71 -> -5.4298643 | Q71: =N71/K71 -> 0.96153846 | S71: 0.38958333 | T71: 0.44375 | U71: =(S71-T70)*24*60 -> 7 | V71: =(T71-S71)*24*60 -> 78 | AE71: =M71-J71 -> -92.307692 | AF71: =M71/J71 -> 0.96153846
A72: 新豐4線 | B72: 三明治 | C72: 雙泰奶QQ三明治 | E72: 23.89 | F72: 3000 | G72: =E72*F72 -> 71670 | H72: 2 | I72: 13 | J72: 2400 | K72: =J72/I72 -> 184.61538 | L72: 13 | M72: =F72/V72*60 -> 2307.6923 | N72: =M72/L72 -> 177.51479 | O72: =L72-I72 -> 0 | P72: =N72-K72 -> -7.1005917 | Q72: =N72/K72 -> 0.96153846 | S72: 0.44722222 | T72: 0.50138889 | U72: =(S72-T71)*24*60 -> 5 | V72: =(T72-S72)*24*60 -> 78 | W72: =T72 -> 0.50138889 | X72: =S73 -> 0.54305556 | AE72: =M72-J72 -> -92.307692 | AF72: =M72/J72 -> 0.96153846
A73: 新豐4線 | B73: 三明治 | C73: 雙泰奶QQ三明治 | E73: 23.89 | F73: 4160 | G73: =E73*F73 -> 99382.4 | I73: 13 | J73: 2400 | K73: =J73/I73 -> 184.61538 | L73: 13 | M73: =F73/V73*60 -> 2289.9083 | N73: =M73/L73 -> 176.14679 | O73: =L73-I73 -> 0 | P73: =N73-K73 -> -8.4685956 | Q73: =N73/K73 -> 0.95412844 | S73: 0.54305556 | T73: 0.61875 | U73: =(S73-T72)*24*60 -> 60 | V73: =(T73-S73)*24*60 -> 109 | AE73: =M73-J73 -> -110.09174 | AF73: =M73/J73 -> 0.95412844
A74: 新豐4線 | B74: 三明治 | C74: 金黃玉米蛋三明治 | E74: 24.25 | F74: 2175 | G74: =E74*F74 -> 52743.75 | I74: 17 | J74: 2400 | K74: =J74/I74 -> 141.17647 | L74: 17 | M74: =F74/V74*60 -> 2289.4737 | N74: =M74/L74 -> 134.67492 | O74: =L74-I74 -> 0 | P74: =N74-K74 -> -6.501548 | Q74: =N74/K74 -> 0.95394737 | S74: 0.62361111 | T74: 0.66319444 | U74: =(S74-T73)*24*60 -> 7 | V74: =(T74-S74)*24*60 -> 57 | AE74: =M74-J74 -> -110.52632 | AF74: =M74/J74 -> 0.95394737
A75: 新豐4線 | B75: 三明治 | C75: 火腿起司蛋三明治 | E75: 19.02 | F75: 4181 | G75: =E75*F75 -> 79522.62 | I75: 14 | J75: 2400 | K75: =J75/I75 -> 171.42857 | L75: 14 | M75: =F75/V75*60 -> 2301.4679 | N75: =M75/L75 -> 164.39056 | O75: =L75-I75 -> 0 | P75: =N75-K75 -> -7.0380079 | Q75: =N75/K75 -> 0.95894495 | S75: 0.66875 | T75: 0.74444444 | U75: =(S75-T74)*24*60 -> 8 | V75: =(T75-S75)*24*60 -> 109 | AE75: =M75-J75 -> -98.53211 | AF75: =M75/J75 -> 0.95894495
A76: 新豐4線 | B76: 平均 | I76: 15.888889 | J76: 2400 | K76: =J76/I76 -> 151.04895 | L76: 15.888889 | M76: =AVERAGE(M67:M75) -> 2299.1796 | N76: =M76/L76 -> 144.70361 | O76: =L76-I76 -> 0 | P76: =N76-K76 -> -6.345342 | Q76: =N76/K76 -> 0.95799149 | Y76: =SUM(Y67:Y75) -> 0 | Z76: =SUM(Z67:Z75) -> 0 | AC76: 9 | AD76: =SUM(AD67:AD75) -> 0 | AE76: =M76-J76 -> -100.82043 | AF76: =M76/J76 -> 0.95799149

Sheet 0729
B1: 屏榮 新豐廠組合室生產人時性分析
B3: 日期 | C3: =TEXT('0729 4度C'!A2,"yyyy.mm.ddaaaa") -> 2026.07.29星期三 | E3: 訂單量 | F3: ='0729 4度C'!D1 -> 184768 | H3: 營業額 | I3: ='0729 4度C'!F1 -> 6407406.5
B4: 人時性 | C4: 項目 | E4: ➀ | G4: ➁ | I4: ➂ | K4: 異常停線 | M4: 短暫停線
C5: 組合室 | E5: 全溫層 | G5: 4度C-各編組展開 | I5: ③三明治-各編組展開 | K5: 合計次數 | L5: 時間 | M5: 合計次數 | N5: 設備次數
C6: 排關平均 | E6: =AVERAGE(D13:M13) -> 158.22539 | F6: =AVERAGE(D31:O31,D13:J13) -> 166.70561 | G6: =AVERAGE(D13:J13) -> 166.70561 | I6: =AVERAGE(K13:M13) -> 138.43823 | K6: ='0729 4度C'!Y2 -> 0 | L6: ='0729 4度C'!Z2 -> 0 | M6: ='0729 4度C'!AC2 -> 66 | N6: ='0729 4度C'!AD2 -> 0
C7: 實績平均 | E7: =AVERAGE(D14:M14) -> 151.64966 | F7: =AVERAGE(D32:O32,D14:J14) -> 159.8658 | G7: =AVERAGE(D14:J14) -> 159.8658 | I7: =AVERAGE(K14:M14) -> 132.47865
C8: 達成率平均 | E8: =AVERAGE(D15:M15) -> 0.95818156 | F8: =AVERAGE(D15:J15,D33:O33) -> 0.95869706 | G8: =AVERAGE(D15:J15) -> 0.95869706 | I8: =AVERAGE(K15:M15) -> 0.95697873
K9: ※現行日本鮮食廠以達成率80%為基本(即為現行KPI)
B10: 溫層 | D10: ➁4度C-各編組展開 | K10: ③三明治-各編組展開
B11: 編組 | D11: 1 | E11: 2 | F11: 3 | G11: 4 | H11: 5 | I11: 6 | J11: 7 | K11: 1 | L11: 2 | M11: 3
D12: 新豐6線 | E12: 新豐2線 | F12: 新豐5線 | G12: 新豐7線 | H12: 新豐3線 | I12: 新豐1線 | J12: 新豐10線 | K12: 新豐8線 | L12: 新豐9線 | M12: 新豐4線
B13: 人時性 | C13: 排關 | D13: =SUMIFS('0729 4度C'!$K:$K,'0729 4度C'!$A:$A,"新豐6線",'0729 4度C'!$B:$B,"平均") -> 130.43478 | E13: =SUMIFS('0729 4度C'!$K:$K,'0729 4度C'!$A:$A,"新豐2線",'0729 4度C'!$B:$B,"平均") -> 86.206897 | F13: =SUMIFS('0729 4度C'!$K:$K,'0729 4度C'!$A:$A,"新豐5線",'0729 4度C'!$B:$B,"平均") -> 93.023256 | G13: =SUMIFS('0729 4度C'!$K:$K,'0729 4度C'!$A:$A,"新豐7線",'0729 4度C'!$B:$B,"平均") -> 127.27273 | H13: =SUMIFS('0729 4度C'!$K:$K,'0729 4度C'!$A:$A,"新豐3線",'0729 4度C'!$B:$B,"平均") -> 324.32432 | I13: =SUMIFS('0729 4度C'!$K:$K,'0729 4度C'!$A:$A,"新豐1線",'0729 4度C'!$B:$B,"平均") -> 112.99435 | J13: =SUMIFS('0729 4度C'!$K:$K,'0729 4度C'!$A:$A,"新豐10線",'0729 4度C'!$B:$B,"平均") -> 292.68293 | K13: =SUMIFS('0729 4度C'!$K:$K,'0729 4度C'!$A:$A,"新豐8線",'0729 4度C'!$B:$B,"平均") -> 134.26573 | L13: =SUMIFS('0729 4度C'!$K:$K,'0729 4度C'!$A:$A,"新豐9線",'0729 4度C'!$B:$B,"平均") -> 130 | M13: =SUMIFS('0729 4度C'!$K:$K,'0729 4度C'!$A:$A,"新豐4線",'0729 4度C'!$B:$B,"平均") -> 151.04895
C14: 實績 | D14: =SUMIFS('0729 4度C'!$N:$N,'0729 4度C'!$A:$A,"新豐6線",'0729 4度C'!$B:$B,"平均") -> 124.88264 | E14: =SUMIFS('0729 4度C'!$N:$N,'0729 4度C'!$A:$A,"新豐2線",'0729 4度C'!$B:$B,"平均") -> 82.485956 | F14: =SUMIFS('0729 4度C'!$N:$N,'0729 4度C'!$A:$A,"新豐5線",'0729 4度C'!$B:$B,"平均") -> 88.997965 | G14: =SUMIFS('0729 4度C'!$N:$N,'0729 4度C'!$A:$A,"新豐7線",'0729 4度C'!$B:$B,"平均") -> 122.47938 | H14: =SUMIFS('0729 4度C'!$N:$N,'0729 4度C'!$A:$A,"新豐3線",'0729 4度C'!$B:$B,"平均") -> 311.67074 | I14: =SUMIFS('0729 4度C'!$N:$N,'0729 4度C'!$A:$A,"新豐1線",'0729 4度C'!$B:$B,"平均") -> 108.41093 | J14: =SUMIFS('0729 4度C'!$N:$N,'0729 4度C'!$A:$A,"新豐10線",'0729 4度C'!$B:$B,"平均") -> 280.13301 | K14: =SUMIFS('0729 4度C'!$N:$N,'0729 4度C'!$A:$A,"新豐8線",'0729 4度C'!$B:$B,"平均") -> 128.27402 | L14: =SUMIFS('0729 4度C'!$N:$N,'0729 4度C'!$A:$A,"新豐9線",'0729 4度C'!$B:$B,"平均") -> 124.6437 | M14: =SUMIFS('0729 4度C'!$N:$N,'0729 4度C'!$A:$A,"新豐4線",'0729 4度C'!$B:$B,"平均") -> 144.51825
C15: 達成率 | D15: =D14/D13 -> 0.95743357 | E15: =E14/E13 -> 0.95683709 | F15: =F14/F13 -> 0.95672812 | G15: =G14/G13 -> 0.96233801 | H15: =H14/H13 -> 0.96098477 | I15: =I14/I13 -> 0.95943673 | J15: =J14/J13 -> 0.95712112 | K15: =K14/K13 -> 0.95537422 | ... M15: =M14/M13 -> 0.95676432
B16: 作業 時間 | C16: 開始 | D16: =VLOOKUP("新豐6線",'0729 4度C'!$A:$T,19,0) -> 0.70833333 | E16: =VLOOKUP("新豐2線",'0729 4度C'!$A:$T,19,0) -> 0.083333333 | F16: =VLOOKUP("新豐5線",'0729 4度C'!$A:$T,19,0) -> 0.083333333 | G16: =VLOOKUP("新豐7線",'0729 4度C'!$A:$T,19,0) -> 0.20833333 | H16: =VLOOKUP("新豐3線",'0729 4度C'!$A:$T,19,0) -> 0.20833333 | I16: =VLOOKUP("新豐1線",'0729 4度C'!$A:$T,19,0) -> 0.083333333 | J16: =VLOOKUP("新豐10線",'0729 4度C'!$A:$T,19,0) -> 0.20833333 | K16: =VLOOKUP("新豐8線",'0729 4度C'!$A:$T,19,0) -> 0.083333333 | L16: =VLOOKUP("新豐9線",'0729 4度C'!$A:$T,19,0) -> 0.083333333 | M16: =VLOOKUP("新豐4線",'0729 4度C'!$A:$T,19,0) -> 0.083333333
C17: 結束 | D17: =LOOKUP(2,1/(('0729 4度C'!$A:$A="新豐6線")*('0729 4度C'!$T:$T<>"")),'0729 4度C'!$T:$T) -> 0.84930556 | E17: =LOOKUP(2,1/(('0729 4度C'!$A:$A="新豐2線")*('0729 4度C'!$T:$T<>"")),'0729 4度C'!$T:$T) -> 0.59305556 | F17: =LOOKUP(2,1/(('0729 4度C'!$A:$A="新豐5線")*('0729 4度C'!$T:$T<>"")),'0729 4度C'!$T:$T) -> 0.84861111 | G17: =LOOKUP(2,1/(('0729 4度C'!$A:$A="新豐7線")*('0729 4度C'!$T:$T<>"")),'0729 4度C'!$T:$T) -> 0.90277778 | H17: =LOOKUP(2,1/(('0729 4度C'!$A:$A="新豐3線")*('0729 4度C'!$T:$T<>"")),'0729 4度C'!$T:$T) -> 0.41666667 | I17: =LOOKUP(2,1/(('0729 4度C'!$A:$A="新豐1線")*('0729 4度C'!$T:$T<>"")),'0729 4度C'!$T:$T) -> 0.90208333 | J17: =LOOKUP(2,1/(('0729 4度C'!$A:$A="新豐10線")*('0729 4度C'!$T:$T<>"")),'0729 4度C'!$T:$T) -> 0.43055556 | K17: =LOOKUP(2,1/(('0729 4度C'!$A:$A="新豐8線")*('0729 4度C'!$T:$T<>"")),'0729 4度C'!$T:$T) -> 0.69930556 | L17: =LOOKUP(2,1/(('0729 4度C'!$A:$A="新豐9線")*('0729 4度C'!$T:$T<>"")),'0729 4度C'!$T:$T) -> 0.70416667 | M17: =LOOKUP(2,1/(('0729 4度C'!$A:$A="新豐4線")*('0729 4度C'!$T:$T<>"")),'0729 4度C'!$T:$T) -> 0.72222222
B18: 產線異常 (5分鐘以上) | C18: 次數 | D18: =SUMIFS('0729 4度C'!$Y:$Y,'0729 4度C'!$A:$A,"新豐6線",'0729 4度C'!$B:$B,"平均") -> 0 | E18: =SUMIFS('0729 4度C'!$Y:$Y,'0729 4度C'!$A:$A,"新豐2線",'0729 4度C'!$B:$B,"平均") -> 0 | F18: =SUMIFS('0729 4度C'!$Y:$Y,'0729 4度C'!$A:$A,"新豐5線",'0729 4度C'!$B:$B,"平均") -> 0 | G18: =SUMIFS('0729 4度C'!$Y:$Y,'0729 4度C'!$A:$A,"新豐7線",'0729 4度C'!$B:$B,"平均") -> 0 | H18: =SUMIFS('0729 4度C'!$Y:$Y,'0729 4度C'!$A:$A,"新豐3線",'0729 4度C'!$B:$B,"平均") -> 0 | I18: =SUMIFS('0729 4度C'!$Y:$Y,'0729 4度C'!$A:$A,"新豐1線",'0729 4度C'!$B:$B,"平均") -> 0 | J18: =SUMIFS('0729 4度C'!$Y:$Y,'0729 4度C'!$A:$A,"新豐10線",'0729 4度C'!$B:$B,"平均") -> 0 | K18: =SUMIFS('0729 4度C'!$Y:$Y,'0729 4度C'!$A:$A,"新豐8線",'0729 4度C'!$B:$B,"平均") -> 0 | L18: =SUMIFS('0729 4度C'!$Y:$Y,'0729 4度C'!$A:$A,"新豐9線",'0729 4度C'!$B:$B,"平均") -> 0 | M18: =SUMIFS('0729 4度C'!$Y:$Y,'0729 4度C'!$A:$A,"新豐4線",'0729 4度C'!$B:$B,"平均") -> 0
C19: 時間/分 | D19: =SUMIFS('0729 4度C'!$Z:$Z,'0729 4度C'!$A:$A,"新豐6線",'0729 4度C'!$B:$B,"平均") -> 0 | E19: =SUMIFS('0729 4度C'!$Z:$Z,'0729 4度C'!$A:$A,"新豐2線",'0729 4度C'!$B:$B,"平均") -> 0 | F19: =SUMIFS('0729 4度C'!$Z:$Z,'0729 4度C'!$A:$A,"新豐5線",'0729 4度C'!$B:$B,"平均") -> 0 | G19: =SUMIFS('0729 4度C'!$Z:$Z,'0729 4度C'!$A:$A,"新豐7線",'0729 4度C'!$B:$B,"平均") -> 0 | H19: =SUMIFS('0729 4度C'!$Z:$Z,'0729 4度C'!$A:$A,"新豐3線",'0729 4度C'!$B:$B,"平均") -> 0 | I19: =SUMIFS('0729 4度C'!$Z:$Z,'0729 4度C'!$A:$A,"新豐1線",'0729 4度C'!$B:$B,"平均") -> 0 | J19: =SUMIFS('0729 4度C'!$Z:$Z,'0729 4度C'!$A:$A,"新豐10線",'0729 4度C'!$B:$B,"平均") -> 0 | K19: =SUMIFS('0729 4度C'!$Z:$Z,'0729 4度C'!$A:$A,"新豐8線",'0729 4度C'!$B:$B,"平均") -> 0 | L19: =SUMIFS('0729 4度C'!$Z:$Z,'0729 4度C'!$A:$A,"新豐9線",'0729 4度C'!$B:$B,"平均") -> 0 | M19: =SUMIFS('0729 4度C'!$Z:$Z,'0729 4度C'!$A:$A,"新豐4線",'0729 4度C'!$B:$B,"平均") -> 0
B20: 短暫停線 (5分鐘以下) | C20: 次數 | D20: =SUMIFS('0729 4度C'!$AC:$AC,'0729 4度C'!$A:$A,"新豐6線",'0729 4度C'!$B:$B,"平均") -> 3 | E20: =SUMIFS('0729 4度C'!$AC:$AC,'0729 4度C'!$A:$A,"新豐2線",'0729 4度C'!$B:$B,"平均") -> 5 | F20: =SUMIFS('0729 4度C'!$AC:$AC,'0729 4度C'!$A:$A,"新豐5線",'0729 4度C'!$B:$B,"平均") -> 7 | G20: =SUMIFS('0729 4度C'!$AC:$AC,'0729 4度C'!$A:$A,"新豐7線",'0729 4度C'!$B:$B,"平均") -> 7 | H20: =SUMIFS('0729 4度C'!$AC:$AC,'0729 4度C'!$A:$A,"新豐3線",'0729 4度C'!$B:$B,"平均") -> 4 | I20: =SUMIFS('0729 4度C'!$AC:$AC,'0729 4度C'!$A:$A,"新豐1線",'0729 4度C'!$B:$B,"平均") -> 10 | J20: =SUMIFS('0729 4度C'!$AC:$AC,'0729 4度C'!$A:$A,"新豐10線",'0729 4度C'!$B:$B,"平均") -> 4 | K20: =SUMIFS('0729 4度C'!$AC:$AC,'0729 4度C'!$A:$A,"新豐8線",'0729 4度C'!$B:$B,"平均") -> 8 | L20: =SUMIFS('0729 4度C'!$AC:$AC,'0729 4度C'!$A:$A,"新豐9線",'0729 4度C'!$B:$B,"平均") -> 9 | M20: =SUMIFS('0729 4度C'!$AC:$AC,'0729 4度C'!$A:$A,"新豐4線",'0729 4度C'!$B:$B,"平均") -> 9
C21: 設備次數 | D21: =SUMIFS('0729 4度C'!$AD:$AD,'0729 4度C'!$A:$A,"新豐6線",'0729 4度C'!$B:$B,"平均") -> 0 | E21: =SUMIFS('0729 4度C'!$AD:$AD,'0729 4度C'!$A:$A,"新豐2線",'0729 4度C'!$B:$B,"平均") -> 0 | F21: =SUMIFS('0729 4度C'!$AD:$AD,'0729 4度C'!$A:$A,"新豐5線",'0729 4度C'!$B:$B,"平均") -> 0 | G21: =SUMIFS('0729 4度C'!$AD:$AD,'0729 4度C'!$A:$A,"新豐7線",'0729 4度C'!$B:$B,"平均") -> 0 | H21: =SUMIFS('0729 4度C'!$AD:$AD,'0729 4度C'!$A:$A,"新豐3線",'0729 4度C'!$B:$B,"平均") -> 0 | I21: =SUMIFS('0729 4度C'!$AD:$AD,'0729 4度C'!$A:$A,"新豐1線",'0729 4度C'!$B:$B,"平均") -> 0 | J21: =SUMIFS('0729 4度C'!$AD:$AD,'0729 4度C'!$A:$A,"新豐10線",'0729 4度C'!$B:$B,"平均") -> 0 | K21: =SUMIFS('0729 4度C'!$AD:$AD,'0729 4度C'!$A:$A,"新豐8線",'0729 4度C'!$B:$B,"平均") -> 0 | L21: =SUMIFS('0729 4度C'!$AD:$AD,'0729 4度C'!$A:$A,"新豐9線",'0729 4度C'!$B:$B,"平均") -> 0 | M21: =SUMIFS('0729 4度C'!$AD:$AD,'0729 4度C'!$A:$A,"新豐4線",'0729 4度C'!$B:$B,"平均") -> 0
B22: 配置人數 | D22: =SUMIFS('0729 4度C'!$I:$I,'0729 4度C'!$A:$A,"新豐6線",'0729 4度C'!$B:$B,"平均") -> 15.333333 | E22: =SUMIFS('0729 4度C'!$I:$I,'0729 4度C'!$A:$A,"新豐2線",'0729 4度C'!$B:$B,"平均") -> 17.4 | F22: =SUMIFS('0729 4度C'!$I:$I,'0729 4度C'!$A:$A,"新豐5線",'0729 4度C'!$B:$B,"平均") -> 18.428571 | G22: =SUMIFS('0729 4度C'!$I:$I,'0729 4度C'!$A:$A,"新豐7線",'0729 4度C'!$B:$B,"平均") -> 15.714286 | H22: =SUMIFS('0729 4度C'!$I:$I,'0729 4度C'!$A:$A,"新豐3線",'0729 4度C'!$B:$B,"平均") -> 9.25 | I22: =SUMIFS('0729 4度C'!$I:$I,'0729 4度C'!$A:$A,"新豐1線",'0729 4度C'!$B:$B,"平均") -> 17.7 | J22: =SUMIFS('0729 4度C'!$I:$I,'0729 4度C'!$A:$A,"新豐10線",'0729 4度C'!$B:$B,"平均") -> 10.25 | K22: =SUMIFS('0729 4度C'!$I:$I,'0729 4度C'!$A:$A,"新豐8線",'0729 4度C'!$B:$B,"平均") -> 17.875 | L22: =SUMIFS('0729 4度C'!$I:$I,'0729 4度C'!$A:$A,"新豐9線",'0729 4度C'!$B:$B,"平均") -> 17.777778 | M22: =SUMIFS('0729 4度C'!$I:$I,'0729 4度C'!$A:$A,"新豐4線",'0729 4度C'!$B:$B,"平均") -> 15.888889
B23: 主要應用設備 | D23: ET-55 | E23: 熱縮爐 | F23: L型包裝機 | G23: L型包裝機 | H23: 伺服包裝機 | I23: ET-55 | J23: 伺服包裝機 | K23: 三明治包裝機 | L23: 三明治包裝機 | M23: 三明治包裝機
B24: 次要應用設備 | F24: 圓盤機 | G24: ET-55
B25: 備註 | E25: 握沙拉 | F25: 共用L型包裝機 | H25: 調理麵包 | I25: 炒飯+沙拉 | J25: 調理麵包

Sheet 0729 4度C
A1: 新豐廠四度C日報分析 | C1: 總生產量 | D1: =SUM(F5:F80) -> 184768 | E1: 營業額 | F1: =SUM(G5:G80) -> 6407406.5 | G1: 出勤人數 | H1: =L8+L14+L54+L65+L22+L70+L39+L49+L30+L80 -> 155.61786 | I1: 產線配置圖 | L1: 生產實績 | O1: 人時性差異分析 | S1: 日報登錄 | Y1: 合計 次數 | Z1: 合計 時間/分 | AA1: 產線異常 分析說明(5分鐘以上) | AC1: 合計 次數 | AD1: 合計 設備次數 | AE1: 產能差異分析
A2: 46232 | B2: 星期三 | C2: 人時性 | D2: =AVERAGE(N8,N14,N54,N65,N22,N70,N30,N39,N49,N80) -> 151.64966 | E2: 平均廠價 | F2: =F1/D1 -> 34.678118 | G2: 多次生產數 | H2: =COUNT(H5:H80) -> 13 | Y2: =SUM(Y8+Y14+Y22+Y30+Y39+Y49+Y54+Y65+Y70+Y80) -> 0 | Z2: =SUM(Z8+Z14+Z22+Z30+Z39+Z49+Z54+Z65+Z70+Z80) -> 0 | AC2: 66 | AD2: =SUM(AD8+AD14+AD22+AD30+AD39+AD49+AD54+AD65+AD70+AD80) -> 0
A3: 線別 | B3: 品類 | C3: 品名 | E3: 廠價 | F3: 生產量 | G3: 營收 | H3: 多次 生產 | I3: 人數 | J3: 產能/時 | K3: 人時性 | L3: 人數 | M3: 產能/時 | N3: 人時性 | O3: 人數 | P3: 人時性 | Q3: 達成率 | R3: 達成率平均 | S3: 生產時間 | U3: 換線、休息/分 | V3: 稼動時間/分 | W3: 休息時間 | Y3: 產線異常統計 (5分鐘以上) | AA3: (新豐回填) | AC3: 短暫停線統計 (5分鐘以下) | AE3: 產能/時 | AF3: 達成率 | AG3: 達成率平均
S4: 開始 | T4: 結束 | W4: 開始 | X4: 結束 | Y4: 次數 | Z4: 時間/分 | AC4: 總次數 | AD4: 設備因素(次數)
A5: 新豐6線 | B5: 微波主食 | C5: 二配金咖哩果香甘口咖哩飯 | E5: 50.92 | F5: 2197 | G5: =E5*F5 -> 111871.24 | I5: 15 | J5: 2000 | K5: =J5/I5 -> 133.33333 | L5: 15 | M5: =F5/V5*60 -> 1910.4348 | N5: =M5/L5 -> 127.36232 | O5: =L5-I5 -> 0 | P5: =N5-K5 -> -5.9710145 | Q5: =N5/K5 -> 0.95521739 | R5: =Q8 -> 0.95743357 | S5: 0.70833333 | T5: 0.75625 | V5: =(T5-S5)*24*60 -> 69 | AC5: 3 | AE5: =M5-J5 -> -89.565217 | AF5: =M5/J5 -> 0.95521739 | AG5: =AF8 -> 0.95743357
A6: 新豐6線 | B6: 微波主食 | C6: 二配金咖哩濃厚辛口咖哩飯 | E6: 50.98 | F6: 2315 | G6: =E6*F6 -> 118018.7 | I6: 16 | J6: 2000 | K6: =J6/I6 -> 125 | L6: 16 | M6: =F6/V6*60 -> 1929.1667 | N6: =M6/L6 -> 120.57292 | O6: =L6-I6 -> 0 | P6: =N6-K6 -> -4.4270833 | Q6: =N6/K6 -> 0.96458333 | S6: 0.76180556 | T6: 0.81180556 | U6: =IF(S6=TIME(17,0,0),"",(S6-T5)*24*60) -> 8 | V6: =(T6-S6)*24*60 -> 72 | AE6: =M6-J6 -> -70.833333 | AF6: =M6/J6 -> 0.96458333
A7: 新豐6線 | B7: 微波主食 | C7: 二配泰式綠咖哩雞 | E7: 50.67 | F7: 1524 | G7: =E7*F7 -> 77221.08 | I7: 15 | J7: 2000 | K7: =J7/I7 -> 133.33333 | L7: 15 | M7: =F7/V7*60 -> 1905 | N7: =M7/L7 -> 127 | O7: =L7-I7 -> 0 | P7: =N7-K7 -> -6.3333333 | Q7: =N7/K7 -> 0.9525 | S7: 0.81597222 | T7: 0.84930556 | U7: =IF(S7=TIME(17,0,0),"",(S7-T6)*24*60) -> 6 | V7: =(T7-S7)*24*60 -> 48 | AE7: =M7-J7 -> -95 | AF7: =M7/J7 -> 0.9525
A8: 新豐6線 | B8: 平均 | I8: 15.333333 | J8: 2000 | K8: =J8/I8 -> 130.43478 | L8: 15.333333 | M8: =AVERAGE(M5:M7) -> 1914.8671 | N8: =M8/L8 -> 124.88264 | O8: =L8-I8 -> 0 | P8: =N8-K8 -> -5.5521424 | Q8: =N8/K8 -> 0.95743357 | Y8: =SUM(Y5:Y7) -> 0 | Z8: =SUM(Z5:Z7) -> 0 | AC8: 3 | AD8: =SUM(AD5:AD7) -> 0 | AE8: =M8-J8 -> -85.13285 | AF8: =M8/J8 -> 0.95743357
A9: 新豐2線 | B9: 沙拉 | C9: 青檸烤雞握沙拉(113年) | E9: 39.8 | F9: 3700 | G9: =E9*F9 -> 147260 | H9: 2 | I9: 17 | J9: 1500 | K9: =J9/I9 -> 88.235294 | L9: 17 | M9: =F9/V9*60 -> 1432.2581 | N9: =M9/L9 -> 84.250474 | O9: =L9-I9 -> 0 | P9: =N9-K9 -> -3.9848197 | Q9: =N9/K9 -> 0.95483871 | R9: =Q14 -> 0.95683709 | S9: 0.083333333 | T9: 0.19097222 | V9: =(T9-S9)*24*60 -> 155 | W9: =T9 -> 0.19097222 | X9: =S10 -> 0.20902778 | AC9: 5 | AE9: =M9-J9 -> -67.741935 | AF9: =M9/J9 -> 0.95483871 | AG9: =AF14 -> 0.95683709
A10: 新豐2線 | B10: 沙拉 | C10: 厚蛋時蔬握沙拉 | E10: 39.46 | F10: 2753 | G10: =E10*F10 -> 108633.38 | I10: 15 | J10: 1500 | K10: =J10/I10 -> 100 | L10: 15 | M10: =F10/V10*60 -> 1436.3478 | N10: =M10/L10 -> 95.756522 | O10: =L10-I10 -> 0 | P10: =N10-K10 -> -4.2434783 | Q10: =N10/K10 -> 0.95756522 | S10: 0.20902778 | T10: 0.28888889 | U10: =IF(S10=TIME(17,0,0),"",(S10-T9)*24*60) -> 26 | V10: =(T10-S10)*24*60 -> 115 | AE10: =M10-J10 -> -63.652174 | AF10: =M10/J10 -> 0.95756522
A11: 新豐2線 | B11: 沙拉 | C11: 地瓜瓜握沙拉 | E11: 39.52 | F11: 2308 | G11: =E11*F11 -> 91212.16 | I11: 19 | J11: 1500 | K11: =J11/I11 -> 78.947368 | L11: 19 | M11: =F11/V11*60 -> 1442.5 | N11: =M11/L11 -> 75.921053 | O11: =L11-I11 -> 0 | P11: =N11-K11 -> -3.0263158 | Q11: =N11/K11 -> 0.96166667 | S11: 0.29444444 | T11: 0.36111111 | U11: =IF(S11=TIME(17,0,0),"",(S11-T10)*24*60) -> 8 | V11: =(T11-S11)*24*60 -> 96 | AE11: =M11-J11 -> -57.5 | AF11: =M11/J11 -> 0.96166667
A12: 新豐2線 | B12: 沙拉 | C12: 青醬優格雞肉握沙拉(113年) | E12: 39.62 | F12: 4207 | G12: =E12*F12 -> 166681.34 | I12: 19 | J12: 1500 | K12: =J12/I12 -> 78.947368 | L12: 19 | M12: =F12/V12*60 -> 1434.2045 | N12: =M12/L12 -> 75.48445 | O12: =L12-I12 -> 0 | P12: =N12-K12 -> -3.4629187 | Q12: =N12/K12 -> 0.95613636 | S12: 0.36666667 | T12: 0.48888889 | U12: =IF(S12=TIME(17,0,0),"",(S12-T11)*24*60) -> 8 | V12: =(T12-S12)*24*60 -> 176 | W12: =T12 -> 0.48888889 | X12: =S13 -> 0.52847222 | AE12: =M12-J12 -> -65.795455 | AF12: =M12/J12 -> 0.95613636
A13: 新豐2線 | B13: 沙拉 | C13: 青檸烤雞握沙拉(113年) | E13: 39.8 | F13: 2218 | G13: =E13*F13 -> 88276.4 | I13: 17 | J13: 1500 | K13: =J13/I13 -> 88.235294 | L13: 17 | M13: =F13/V13*60 -> 1430.9677 | N13: =M13/L13 -> 84.174573 | O13: =L13-I13 -> 0 | P13: =N13-K13 -> -4.0607211 | Q13: =N13/K13 -> 0.95397849 | S13: 0.52847222 | T13: 0.59305556 | U13: =IF(S13=TIME(17,0,0),"",(S13-T12)*24*60) -> 57 | V13: =(T13-S13)*24*60 -> 93 | AE13: =M13-J13 -> -69.032258 | AF13: =M13/J13 -> 0.95397849
A14: 新豐2線 | B14: 平均 | I14: 17.4 | J14: 1500 | K14: =J14/I14 -> 86.206897 | L14: 17.4 | M14: =AVERAGE(M9:M13) -> 1435.2556 | N14: =M14/L14 -> 82.485956 | O14: =L14-I14 -> 0 | P14: =N14-K14 -> -3.7209405 | Q14: =N14/K14 -> 0.95683709 | Y14: =SUM(Y9:Y13) -> 0 | Z14: =SUM(Z9:Z13) -> 0 | AC14: 5 | AD14: =SUM(AD9:AD13) -> 0 | AE14: =M14-J14 -> -64.744364 | AF14: =M14/J14 -> 0.95683709
A15: 新豐5線 | B15: 季節調理麵 | C15: 台式麻醬涼麵(115年) | E15: 31.11 | F15: 3304 | G15: =E15*F15 -> 102787.44 | I15: 14 | J15: 2000 | K15: =J15/I15 -> 142.85714 | L15: 14 | M15: =F15/V15*60 -> 1906.1538 | N15: =M15/L15 -> 136.15385 | O15: =L15-I15 -> 0 | P15: =N15-K15 -> -6.7032967 | Q15: =N15/K15 -> 0.95307692 | R15: =Q22 -> 0.95672812 | S15: 0.083333333 | T15: 0.15555556 | V15: =(T15-S15)*24*60 -> 104 | W15: =T15 -> 0.15555556 | X15: =S16 -> 0.17430556 | AC15: 7 | AE15: =M15-J15 -> -93.846154 | AF15: =M15/J15 -> 0.95307692 | AG15: =AF22 -> 0.95672812
A16: 新豐5線 | B16: 小吃 | C16: 香菇雞燉湯 | E16: 38.62 | F16: 2302 | G16: =E16*F16 -> 88903.24 | I16: 24 | J16: 1500 | K16: =J16/I16 -> 62.5 | L16: 24 | M16: =F16/V16*60 -> 1438.75 | N16: =M16/L16 -> 59.947917 | O16: =L16-I16 -> 0 | P16: =N16-K16 -> -2.5520833 | Q16: =N16/K16 -> 0.95916667 | S16: 0.17430556 | T16: 0.24097222 | U16: =IF(S16=TIME(17,0,0),"",(S16-T15)*24*60) -> 27 | V16: =(T16-S16)*24*60 -> 96 | AE16: =M16-J16 -> -61.25 | AF16: =M16/J16 -> 0.95916667
A17: 新豐5線 | B17: 小吃 | C17: 剝皮辣椒雞湯 | E17: 41 | F17: 1921 | G17: =E17*F17 -> 78761 | I17: 26 | J17: 1500 | K17: =J17/I17 -> 57.692308 | L17: 26 | M17: =F17/V17*60 -> 1440.75 | N17: =M17/L17 -> 55.413462 | O17: =L17-I17 -> 0 | P17: =N17-K17 -> -2.2788462 | Q17: =N17/K17 -> 0.9605 | S17: 0.24513889 | T17: 0.30069444 | U17: =IF(S17=TIME(17,0,0),"",(S17-T16)*24*60) -> 6 | V17: =(T17-S17)*24*60 -> 80 | AE17: =M17-J17 -> -59.25 | AF17: =M17/J17 -> 0.9605
A18: 新豐5線 | B18: 微波主食 | C18: 香菇雞粥 | E18: 37.03 | F18: 3383 | G18: =E18*F18 -> 125272.49 | I18: 13 | J18: 1500 | K18: =J18/I18 -> 115.38462 | L18: 13 | M18: =F18/V18*60 -> 1429.4366 | N18: =M18/L18 -> 109.95666 | O18: =L18-I18 -> 0 | P18: =N18-K18 -> -5.4279523 | Q18: =N18/K18 -> 0.95295775 | S18: 0.30625 | T18: 0.40486111 | U18: =IF(S18=TIME(17,0,0),"",(S18-T17)*24*60) -> 8 | V18: =(T18-S18)*24*60 -> 142 | AE18: =M18-J18 -> -70.56338 | AF18: =M18/J18 -> 0.95295775
A19: 新豐5線 | B19: 微波主食 | C19: 二配港式香滑嫩蛋牛肉燴飯 | E19: 50.67 | F19: 1528 | G19: =E19*F19 -> 77423.76 | I19: 17 | J19: 2000 | K19: =J19/I19 -> 117.64706 | L19: 17 | M19: =F19/V19*60 -> 1910 | N19: =M19/L19 -> 112.35294 | O19: =L19-I19 -> 0 | P19: =N19-K19 -> -5.2941176 | Q19: =N19/K19 -> 0.955 | S19: 0.70833333 | T19: 0.74166667 | U19: =IF(S19=TIME(17,0,0),"",(S19-T18)*24*60) | V19: =(T19-S19)*24*60 -> 48 | AE19: =M19-J19 -> -90 | AF19: =M19/J19 -> 0.955
A20: 新豐5線 | B20: 微波主食 | C20: 二配玉米濃湯焗烤飯 | E20: 54.5 | F20: 1969 | G20: =E20*F20 -> 107310.5 | I20: 20 | J20: 1500 | K20: =J20/I20 -> 75 | L20: 20 | M20: =F20/V20*60 -> 1440.7317 | N20: =M20/L20 -> 72.036585 | O20: =L20-I20 -> 0 | P20: =N20-K20 -> -2.9634146 | Q20: =N20/K20 -> 0.9604878 | S20: 0.74652778 | T20: 0.80347222 | U20: =IF(S20=TIME(17,0,0),"",(S20-T19)*24*60) -> 7 | V20: =(T20-S20)*24*60 -> 82 | AE20: =M20-J20 -> -59.268293 | AF20: =M20/J20 -> 0.9604878
A21: 新豐5線 | B21: 微波主食 | C21: 二配川味麻婆燒豆腐燴飯 | E21: 50.49 | F21: 1883 | G21: =E21*F21 -> 95072.67 | I21: 15 | J21: 2000 | K21: =J21/I21 -> 133.33333 | L21: 15 | M21: =F21/V21*60 -> 1914.9153 | N21: =M21/L21 -> 127.66102 | O21: =L21-I21 -> 0 | P21: =N21-K21 -> -5.6723164 | Q21: =N21/K21 -> 0.95745763 | S21: 0.80763889 | T21: 0.84861111 | U21: =IF(S21=TIME(17,0,0),"",(S21-T20)*24*60) -> 6 | V21: =(T21-S21)*24*60 -> 59 | AE21: =M21-J21 -> -85.084746 | AF21: =M21/J21 -> 0.95745763
A22: 新豐5線 | B22: 平均 | I22: 18.428571 | J22: 1714.2857 | K22: =J22/I22 -> 93.023256 | L22: 18.428571 | M22: =AVERAGE(M15:M21) -> 1640.1053 | N22: =M22/L22 -> 88.997965 | O22: =L22-I22 -> 0 | P22: =N22-K22 -> -4.0252913 | Q22: =N22/K22 -> 0.95672812 | Y22: =SUM(Y15:Y21) -> 0 | Z22: =SUM(Z15:Z21) -> 0 | AC22: 7 | AD22: =SUM(AD15:AD21) -> 0 | AE22: =M22-J22 -> -74.180368 | AF22: =M22/J22 -> 0.95672812
A23: 新豐7線 | B23: 微波主食 | C23: 韓式泡菜豬肉豆腐丼飯 | E23: 50.67 | F23: 1776 | G23: =E23*F23 -> 89989.92 | I23: 17 | J23: 2000 | K23: =J23/I23 -> 117.64706 | L23: 17 | M23: =F23/V23*60 -> 1937.4545 | N23: =M23/L23 -> 113.96791 | O23: =L23-I23 -> 0 | P23: =N23-K23 -> -3.6791444 | Q23: =N23/K23 -> 0.96872727 | R23: =Q30 -> 0.96233801 | S23: 0.20833333 | T23: 0.24652778 | V23: =(T23-S23)*24*60 -> 55 | AC23: 7 | AE23: =M23-J23 -> -62.545455 | AF23: =M23/J23 -> 0.96872727 | AG23: =AF30 -> 0.96233801
A24: 新豐7線 | B24: 微波主食 | C24: 鐵板滑蛋炸豬排丼 | E24: 57.73 | F24: 2298 | G24: =E24*F24 -> 132663.54 | I24: 14 | J24: 2000 | K24: =J24/I24 -> 142.85714 | L24: 14 | M24: =F24/V24*60 -> 1915 | N24: =M24/L24 -> 136.78571 | O24: =L24-I24 -> 0 | P24: =N24-K24 -> -6.0714286 | Q24: =N24/K24 -> 0.9575 | S24: 0.25069444 | T24: 0.30069444 | U24: =IF(S24=TIME(17,0,0),"",(S24-T23)*24*60) -> 6 | V24: =(T24-S24)*24*60 -> 72 | AE24: =M24-J24 -> -85 | AF24: =M24/J24 -> 0.9575
A25: 新豐7線 | B25: 微波主食 | C25: 日式炙烤親子丼 | E25: 53.27 | F25: 1558 | G25: =E25*F25 -> 82994.66 | I25: 16 | J25: 2000 | K25: =J25/I25 -> 125 | L25: 16 | M25: =F25/V25*60 -> 1907.7551 | N25: =M25/L25 -> 119.23469 | O25: =L25-I25 -> 0 | P25: =N25-K25 -> -5.7653061 | Q25: =N25/K25 -> 0.95387755 | S25: 0.30625 | T25: 0.34027778 | U25: =IF(S25=TIME(17,0,0),"",(S25-T24)*24*60) -> 8 | V25: =(T25-S25)*24*60 -> 49 | AE25: =M25-J25 -> -92.244898 | AF25: =M25/J25 -> 0.95387755
A26: 新豐7線 | B26: 微波主食 | C26: 二配厚香料優格咖哩雞排飯 | E26: 56.43 | F26: 1613 | G26: =E26*F26 -> 91021.59 | I26: 13 | J26: 2000 | K26: =J26/I26 -> 153.84615 | L26: 13 | M26: =F26/V26*60 -> 1935.6 | N26: =M26/L26 -> 148.89231 | O26: =L26-I26 -> 0 | P26: =N26-K26 -> -4.9538462 | Q26: =N26/K26 -> 0.9678 | S26: 0.70833333 | T26: 0.74305556 | U26: =IF(S26=TIME(17,0,0),"",(S26-T25)*24*60) | V26: =(T26-S26)*24*60 -> 50 | AE26: =M26-J26 -> -64.4 | AF26: =M26/J26 -> 0.9678
A27: 新豐7線 | B27: 微波主食 | C27: 二配美味蟹煲 | E27: 54.09 | F27: 2454 | G27: =E27*F27 -> 132736.86 | I27: 18 | J27: 2000 | K27: =J27/I27 -> 111.11111 | L27: 18 | M27: =F27/V27*60 -> 1912.2078 | N27: =M27/L27 -> 106.23377 | O27: =L27-I27 -> 0 | P27: =N27-K27 -> -4.8773449 | Q27: =N27/K27 -> 0.9561039 | S27: 0.74722222 | T27: 0.80069444 | U27: =IF(S27=TIME(17,0,0),"",(S27-T26)*24*60) -> 6 | V27: =(T27-S27)*24*60 -> 77 | AE27: =M27-J27 -> -87.792208 | AF27: =M27/J27 -> 0.9561039
A28: 新豐7線 | B28: 微波主食 | C28: 二配泰式檸檬魚飯 | E28: 57.3 | F28: 1000 | G28: =E28*F28 -> 57300 | H28: 2 | I28: 16 | J28: 2000 | K28: =J28/I28 -> 125 | L28: 16 | M28: =F28/V28*60 -> 1935.4839 | N28: =M28/L28 -> 120.96774 | O28: =L28-I28 -> 0 | P28: =N28-K28 -> -4.0322581 | Q28: =N28/K28 -> 0.96774194 | S28: 0.80486111 | T28: 0.82638889 | U28: =IF(S28=TIME(17,0,0),"",(S28-T27)*24*60) -> 6 | V28: =(T28-S28)*24*60 -> 31 | W28: =T28 -> 0.82638889 | X28: =S29 -> 0.86666667 | AE28: =M28-J28 -> -64.516129 | AF28: =M28/J28 -> 0.96774194
A29: 新豐7線 | B29: 微波主食 | C29: 二配泰式檸檬魚飯 | E29: 57.3 | F29: 1672 | G29: =E29*F29 -> 95805.6 | I29: 16 | J29: 2000 | K29: =J29/I29 -> 125 | L29: 16 | M29: =F29/V29*60 -> 1929.2308 | N29: =M29/L29 -> 120.57692 | O29: =L29-I29 -> 0 | P29: =N29-K29 -> -4.4230769 | Q29: =N29/K29 -> 0.96461538 | S29: 0.86666667 | T29: 0.90277778 | U29: =IF(S29=TIME(17,0,0),"",(S29-T28)*24*60) -> 58 | V29: =(T29-S29)*24*60 -> 52 | AE29: =M29-J29 -> -70.769231 | AF29: =M29/J29 -> 0.96461538
A30: 新豐7線 | B30: 平均 | I30: 15.714286 | J30: 2000 | K30: =J30/I30 -> 127.27273 | L30: 15.714286 | M30: =AVERAGE(M23:M29) -> 1924.676 | N30: =M30/L30 -> 122.47938 | O30: =L30-I30 -> 0 | P30: =N30-K30 -> -4.7933447 | Q30: =N30/K30 -> 0.96233801 | Y30: =SUM(Y23:Y29) -> 0 | Z30: =SUM(Z23:Z29) -> 0 | AC30: 7 | AD30: =SUM(AD23:AD29) -> 0 | AE30: =M30-J30 -> -75.323989 | AF30: =M30/J30 -> 0.96233801
A31: 新豐8線 | B31: 三明治 | C31: 紐奧良風味烤雞鮮蔬三明治 | E31: 31.29 | F31: 4800 | G31: =E31*F31 -> 150192 | H31: 2 | I31: 18 | J31: 2400 | K31: =J31/I31 -> 133.33333 | L31: 18 | M31: =F31/V31*60 -> 2285.7143 | N31: =M31/L31 -> 126.98413 | O31: =L31-I31 -> 0 | P31: =N31-K31 -> -6.3492063 | Q31: =N31/K31 -> 0.95238095 | R31: =Q39 -> 0.95537422 | S31: 0.083333333 | T31: 0.17083333 | V31: =(T31-S31)*24*60 -> 126 | W31: =T31 -> 0.17083333 | X31: =S32 -> 0.18888889 | AC31: 8 | AE31: =M31-J31 -> -114.28571 | AF31: =M31/J31 -> 0.95238095 | AG31: =AF39 -> 0.95537422
A32: 新豐8線 | B32: 三明治 | C32: 醬燒烤雞三明治(115年) | E32: 26.37 | F32: 6363 | G32: =E32*F32 -> 167792.31 | I32: 18 | J32: 2400 | K32: =J32/I32 -> 133.33333 | L32: 18 | M32: =F32/V32*60 -> 2286.1078 | N32: =M32/L32 -> 127.00599 | O32: =L32-I32 -> 0 | P32: =N32-K32 -> -6.3273453 | Q32: =N32/K32 -> 0.95254491 | S32: 0.18888889 | T32: 0.30486111 | U32: =(S32-T31)*24*60 -> 26 | V32: =(T32-S32)*24*60 -> 167 | AE32: =M32-J32 -> -113.89222 | AF32: =M32/J32 -> 0.95254491
A33: 新豐8線 | B33: 三明治 | C33: 鮪魚起司溏心蛋三明治(115年) | E33: 26.18 | F33: 4400 | G33: =E33*F33 -> 115192 | H33: 2 | I33: 18 | J33: 2400 | K33: =J33/I33 -> 133.33333 | L33: 18 | M33: =F33/V33*60 -> 2295.6522 | N33: =M33/L33 -> 127.53623 | O33: =L33-I33 -> 0 | P33: =N33-K33 -> -5.7971014 | Q33: =N33/K33 -> 0.95652174 | S33: 0.30833333 | T33: 0.38819444 | U33: =(S33-T32)*24*60 -> 5 | V33: =(T33-S33)*24*60 -> 115 | AE33: =M33-J33 -> -104.34783 | AF33: =M33/J33 -> 0.95652174
A34: 新豐8線 | B34: 三明治 | C34: 茄汁厚起司三明治 | E34: 25.99 | F34: 1340 | G34: =E34*F34 -> 34826.6 | I34: 18 | J34: 2400 | K34: =J34/I34 -> 133.33333 | L34: 18 | M34: =F34/V34*60 -> 2297.1429 | N34: =M34/L34 -> 127.61905 | O34: =L34-I34 -> 0 | P34: =N34-K34 -> -5.7142857 | Q34: =N34/K34 -> 0.95714286 | S34: 0.39166667 | T34: 0.41597222 | U34: =(S34-T33)*24*60 -> 5 | V34: =(T34-S34)*24*60 -> 35 | AE34: =M34-J34 -> -102.85714 | AF34: =M34/J34 -> 0.95714286
A35: 新豐8線 | B35: 三明治 | C35: 雞蛋沙拉三明治(114年) | E35: 25.99 | F35: 3746 | G35: =E35*F35 -> 97358.54 | I35: 14 | J35: 2400 | K35: =J35/I35 -> 171.42857 | L35: 14 | M35: =F35/V35*60 -> 2293.4694 | N35: =M35/L35 -> 163.81924 | O35: =L35-I35 -> 0 | P35: =N35-K35 -> -7.6093294 | Q35: =N35/K35 -> 0.95561224 | S35: 0.42083333 | T35: 0.48888889 | U35: =(S35-T34)*24*60 -> 7 | V35: =(T35-S35)*24*60 -> 98 | W35: =T35 -> 0.48888889 | X35: =S36 -> 0.52777778 | AE35: =M35-J35 -> -106.53061 | AF35: =M35/J35 -> 0.95561224
A36: 新豐8線 | B36: 三明治 | C36: 紐奧良風味烤雞鮮蔬三明治 | E36: 31.29 | F36: 3546 | G36: =E36*F36 -> 110954.34 | I36: 18 | J36: 2400 | K36: =J36/I36 -> 133.33333 | L36: 18 | M36: =F36/V36*60 -> 2287.7419 | N36: =M36/L36 -> 127.09677 | O36: =L36-I36 -> 0 | P36: =N36-K36 -> -6.2365591 | Q36: =N36/K36 -> 0.95322581 | S36: 0.52777778 | T36: 0.59236111 | U36: =(S36-T35)*24*60 -> 56 | V36: =(T36-S36)*24*60 -> 93 | AE36: =M36-J36 -> -112.25806 | AF36: =M36/J36 -> 0.95322581
A37: 新豐8線 | B37: 三明治 | C37: 鮪魚起司溏心蛋三明治(115年) | E37: 26.18 | F37: 3522 | G37: =E37*F37 -> 92205.96 | I37: 18 | J37: 2400 | K37: =J37/I37 -> 133.33333 | L37: 18 | M37: =F37/V37*60 -> 2296.9565 | N37: =M37/L37 -> 127.6087 | O37: =L37-I37 -> 0 | P37: =N37-K37 -> -5.7246377 | Q37: =N37/K37 -> 0.95706522 | S37: 0.59583333 | T37: 0.65972222 | U37: =(S37-T36)*24*60 -> 5 | V37: =(T37-S37)*24*60 -> 92 | AE37: =M37-J37 -> -103.04348 | AF37: =M37/J37 -> 0.95706522
A38: 新豐8線 | B38: 三明治 | C38: 水果聖代三明治 | E38: 28.29 | F38: 1917 | G38: =E38*F38 -> 54231.93 | I38: 21 | J38: 2400 | K38: =J38/I38 -> 114.28571 | L38: 21 | M38: =F38/V38*60 -> 2300.4 | N38: =M38/L38 -> 109.54286 | O38: =L38-I38 -> 0 | P38: =N38-K38 -> -4.7428571 | Q38: =N38/K38 -> 0.9585 | S38: 0.66458333 | T38: 0.69930556 | U38: =(S38-T37)*24*60 -> 7 | V38: =(T38-S38)*24*60 -> 50 | AE38: =M38-J38 -> -99.6 | AF38: =M38/J38 -> 0.9585
A39: 新豐8線 | B39: 平均 | I39: 17.875 | J39: 2400 | K39: =J39/I39 -> 134.26573 | L39: 17.875 | M39: =AVERAGE(M31:M38) -> 2292.8981 | N39: =M39/L39 -> 128.27402 | O39: =L39-I39 -> 0 | P39: =N39-K39 -> -5.9917137 | Q39: =N39/K39 -> 0.95537422 | Y39: =SUM(Y31:Y38) -> 0 | Z39: =SUM(Z31:Z38) -> 0 | AC39: 8 | AD39: =SUM(AD31:AD38) -> 0 | AE39: =M39-J39 -> -107.10188 | AF39: =M39/J39 -> 0.95537422
A40: 新豐9線 | B40: 三明治 | C40: 經典總匯三明治(115年) | E40: 26.18 | F40: 3400 | G40: =E40*F40 -> 89012 | H40: 2 | I40: 20 | J40: 2400 | K40: =J40/I40 -> 120 | L40: 20 | M40: =F40/V40*60 -> 2292.1348 | N40: =M40/L40 -> 114.60674 | O40: =L40-I40 -> 0 | P40: =N40-K40 -> -5.3932584 | Q40: =N40/K40 -> 0.95505618 | R40: =Q49 -> 0.95879766 | S40: 0.083333333 | T40: 0.14513889 | V40: =(T40-S40)*24*60 -> 89 | W40: =T40 -> 0.14513889 | X40: =S41 -> 0.16388889 | AC40: 9 | AE40: =M40-J40 -> -107.86517 | AF40: =M40/J40 -> 0.95505618 | AG40: =AF49 -> 0.95879766
A41: 新豐9線 | B41: 三明治 | C41: 經典火腿玉米蛋三明治 | E41: 24.43 | F41: 3600 | G41: =E41*F41 -> 87948 | H41: 2 | I41: 14 | J41: 2400 | K41: =J41/I41 -> 171.42857 | L41: 14 | M41: =F41/V41*60 -> 2297.8723 | N41: =M41/L41 -> 164.13374 | O41: =L41-I41 -> 0 | P41: =N41-K41 -> -7.2948328 | Q41: =N41/K41 -> 0.95744681 | S41: 0.16388889 | T41: 0.22916667 | U41: =(S41-T40)*24*60 -> 27 | V41: =(T41-S41)*24*60 -> 94 | AE41: =M41-J41 -> -102.12766 | AF41: =M41/J41 -> 0.95744681
A42: 新豐9線 | B42: 三明治 | C42: 五彩鮮蔬三明治 | E42: 25.98 | F42: 2200 | G42: =E42*F42 -> 57156 | H42: 2 | I42: 20 | J42: 2400 | K42: =J42/I42 -> 120 | L42: 20 | M42: =F42/V42*60 -> 2315.7895 | N42: =M42/L42 -> 115.78947 | O42: =L42-I42 -> 0 | P42: =N42-K42 -> -4.2105263 | Q42: =N42/K42 -> 0.96491228 | S42: 0.23263889 | T42: 0.27222222 | U42: =(S42-T41)*24*60 -> 5 | V42: =(T42-S42)*24*60 -> 57 | AE42: =M42-J42 -> -84.210526 | AF42: =M42/J42 -> 0.96491228
A43: 新豐9線 | B43: 三明治 | C43: 好多蛋三明治 | E43: 34.1 | F43: 6354 | G43: =E43*F43 -> 216671.4 | I43: 17 | J43: 1600 | K43: =J43/I43 -> 94.117647 | L43: 17 | M43: =F43/V43*60 -> 1531.0843 | N43: =M43/L43 -> 90.063785 | O43: =L43-I43 -> 0 | P43: =N43-K43 -> -4.0538625 | Q43: =N43/K43 -> 0.95692771 | S43: 0.27638889 | T43: 0.44930556 | U43: =(S43-T42)*24*60 -> 6 | V43: =(T43-S43)*24*60 -> 249 | AE43: =M43-J43 -> -68.915663 | AF43: =M43/J43 -> 0.95692771
A44: 新豐9線 | B44: 三明治 | C44: 榛果摩卡脆脆三明治 | E44: 20.21 | F44: 2445 | G44: =E44*F44 -> 49413.45 | I44: 18 | J44: 2400 | K44: =J44/I44 -> 133.33333 | L44: 18 | M44: =F44/V44*60 -> 2292.1875 | N44: =M44/L44 -> 127.34375 | O44: =L44-I44 -> 0 | P44: =N44-K44 -> -5.9895833 | Q44: =N44/K44 -> 0.95507812 | S44: 0.45277778 | T44: 0.49722222 | U44: =(S44-T43)*24*60 -> 5 | V44: =(T44-S44)*24*60 -> 64 | W44: =T44 -> 0.49722222 | X44: =S45 -> 0.53680556 | AE44: =M44-J44 -> -107.8125 | AF44: =M44/J44 -> 0.95507812
A45: 新豐9線 | B45: 三明治 | C45: 經典總匯三明治(115年) | E45: 26.18 | F45: 2627 | G45: =E45*F45 -> 68774.86 | I45: 20 | J45: 2400 | K45: =J45/I45 -> 120 | L45: 20 | M45: =F45/V45*60 -> 2284.3478 | N45: =M45/L45 -> 114.21739 | O45: =L45-I45 -> 0 | P45: =N45-K45 -> -5.7826087 | Q45: =N45/K45 -> 0.95181159 | S45: 0.53680556 | T45: 0.58472222 | U45: =(S45-T44)*24*60 -> 57 | V45: =(T45-S45)*24*60 -> 69 | AE45: =M45-J45 -> -115.65217 | AF45: =M45/J45 -> 0.95181159
A46: 新豐9線 | B46: 三明治 | C46: 經典火腿玉米蛋三明治 | E46: 24.43 | F46: 2930 | G46: =E46*F46 -> 71579.9 | I46: 14 | J46: 2400 | K46: =J46/I46 -> 171.42857 | L46: 14 | M46: =F46/V46*60 -> 2283.1169 | N46: =M46/L46 -> 163.07978 | O46: =L46-I46 -> 0 | P46: =N46-K46 -> -8.3487941 | Q46: =N46/K46 -> 0.9512987 | S46: 0.58888889 | T46: 0.64236111 | U46: =(S46-T45)*24*60 -> 6 | V46: =(T46-S46)*24*60 -> 77 | AE46: =M46-J46 -> -116.88312 | AF46: =M46/J46 -> 0.9512987
A47: 新豐9線 | B47: 三明治 | C47: 五彩鮮蔬三明治 | E47: 25.98 | F47: 1470 | G47: =E47*F47 -> 38190.6 | I47: 20 | J47: 2400 | K47: =J47/I47 -> 120 | L47: 20 | M47: =F47/V47*60 -> 2321.0526 | N47: =M47/L47 -> 116.05263 | O47: =L47-I47 -> 0 | P47: =N47-K47 -> -3.9473684 | Q47: =N47/K47 -> 0.96710526 | S47: 0.64722222 | T47: 0.67361111 | U47: =(S47-T46)*24*60 -> 7 | V47: =(T47-S47)*24*60 -> 38 | AE47: =M47-J47 -> -78.947368 | AF47: =M47/J47 -> 0.96710526
A48: 新豐9線 | B48: 三明治 | C48: 起司芋見肉鬆三明治 | E48: 25.98 | F48: 1434 | G48: =E48*F48 -> 37255.32 | I48: 17 | J48: 2400 | K48: =J48/I48 -> 141.17647 | L48: 17 | M48: =F48/V48*60 -> 2325.4054 | N48: =M48/L48 -> 136.78855 | O48: =L48-I48 -> 0 | P48: =N48-K48 -> -4.3879173 | Q48: =N48/K48 -> 0.96891892 | S48: 0.67847222 | T48: 0.70416667 | U48: =(S48-T47)*24*60 -> 7 | V48: =(T48-S48)*24*60 -> 37 | AE48: =M48-J48 -> -74.594595 | AF48: =M48/J48 -> 0.96891892
A49: 新豐9線 | B49: 平均 | I49: 17.777778 | J49: 2311.1111 | K49: =J49/I49 -> 130 | L49: 17.777778 | M49: =AVERAGE(M40:M48) -> 2215.8879 | N49: =M49/L49 -> 124.6437 | O49: =L49-I49 -> 0 | P49: =N49-K49 -> -5.3563048 | Q49: =N49/K49 -> 0.95879766 | Y49: =SUM(Y40:Y48) -> 0 | Z49: =SUM(Z40:Z48) -> 0 | AC49: 9 | AD49: =SUM(AD40:AD48) -> 0 | AE49: =M49-J49 -> -95.223197 | AF49: =M49/J49 -> 0.95879766
A50: 新豐3線 | B50: 調理麵包 | C50: 豬肉起司堡 | E50: 21.13 | F50: 5354 | G50: =E50*F50 -> 113130.02 | I50: 10 | J50: 3000 | K50: =J50/I50 -> 300 | L50: 10 | M50: =F50/V50*60 -> 2868.2143 | N50: =M50/L50 -> 286.82143 | O50: =L50-I50 -> 0 | P50: =N50-K50 -> -13.178571 | Q50: =N50/K50 -> 0.95607143 | R50: =Q54 -> 0.96098477 | S50: 0.20833333 | T50: 0.28611111 | V50: =(T50-S50)*24*60 -> 112 | AC50: 4 | AE50: =M50-J50 -> -131.78571 | AF50: =M50/J50 -> 0.95607143 | AG50: =AF54 -> 0.96098477
A51: 新豐3線 | B51: 調理麵包 | C51: 豬肉起司蛋堡 | E51: 27.17 | F51: 4866 | G51: =E51*F51 -> 132209.22 | I51: 10 | J51: 3000 | K51: =J51/I51 -> 300 | L51: 10 | M51: =F51/V51*60 -> 2862.3529 | N51: =M51/L51 -> 286.23529 | O51: =L51-I51 -> 0 | P51: =N51-K51 -> -13.764706 | Q51: =N51/K51 -> 0.95411765 | S51: 0.28958333 | T51: 0.36041667 | U51: =(S51-T50)*24*60 -> 5 | V51: =(T51-S51)*24*60 -> 102 | AE51: =M51-J51 -> -137.64706 | AF51: =M51/J51 -> 0.95411765
A52: 新豐3線 | B52: 調理麵包 | C52: 美式雞腿堡 | E52: 35.87 | F52: 2325 | G52: =E52*F52 -> 83397.75 | I52: 9 | J52: 3000 | K52: =J52/I52 -> 333.33333 | L52: 9 | M52: =F52/V52*60 -> 2906.25 | N52: =M52/L52 -> 322.91667 | O52: =L52-I52 -> 0 | P52: =N52-K52 -> -10.416667 | Q52: =N52/K52 -> 0.96875 | S52: 0.36458333 | T52: 0.39791667 | U52: =(S52-T51)*24*60 -> 6 | V52: =(T52-S52)*24*60 -> 48 | AE52: =M52-J52 -> -93.75 | AF52: =M52/J52 -> 0.96875
A53: 新豐3線 | B53: 調理麵包 | C53: 黃金魚堡(114年) | E53: 34.35 | F53: 965 | G53: =E53*F53 -> 33147.75 | I53: 8 | J53: 3000 | K53: =J53/I53 -> 375 | L53: 8 | M53: =F53/V53*60 -> 2895 | N53: =M53/L53 -> 361.875 | O53: =L53-I53 -> 0 | P53: =N53-K53 -> -13.125 | Q53: =N53/K53 -> 0.965 | S53: 0.40277778 | T53: 0.41666667 | U53: =(S53-T52)*24*60 -> 7 | V53: =(T53-S53)*24*60 -> 20 | AE53: =M53-J53 -> -105 | AF53: =M53/J53 -> 0.965
A54: 新豐3線 | B54: 平均 | I54: 9.25 | J54: 3000 | K54: =J54/I54 -> 324.32432 | L54: 9.25 | M54: =AVERAGE(M50:M53) -> 2882.9543 | N54: =M54/L54 -> 311.67074 | O54: =L54-I54 -> 0 | P54: =N54-K54 -> -12.653588 | Q54: =N54/K54 -> 0.96098477 | Y54: =SUM(Y50:Y53) -> 0 | Z54: =SUM(Z50:Z53) -> 0 | AC54: 4 | AD54: =SUM(AD50:AD53) -> 0 | AE54: =M54-J54 -> -117.04569 | AF54: =M54/J54 -> 0.96098477
A55: 新豐1線 | B55: 小吃 | C55: 泰式炒河粉 | E55: 51.44 | F55: 5378 | G55: =E55*F55 -> 276644.32 | I55: 18 | J55: 2000 | K55: =J55/I55 -> 111.11111 | L55: 18 | M55: =F55/V55*60 -> 1909.3491 | N55: =M55/L55 -> 106.07495 | O55: =L55-I55 -> 0 | P55: =N55-K55 -> -5.0361604 | Q55: =N55/K55 -> 0.95467456 | R55: =Q65 -> 0.95943673 | S55: 0.083333333 | T55: 0.20069444 | V55: =(T55-S55)*24*60 -> 169 | W55: =T55 -> 0.20069444 | X55: =S56 -> 0.21875 | AC55: 10 | AE55: =M55-J55 -> -90.650888 | AF55: =M55/J55 -> 0.95467456 | AG55: =AF65 -> 0.95943673
A56: 新豐1線 | B56: 微波主食 | C56: 爆炒雞丁飯 | E56: 59.04 | F56: 1812 | G56: =E56*F56 -> 106980.48 | I56: 19 | J56: 2000 | K56: =J56/I56 -> 105.26316 | L56: 19 | M56: =F56/V56*60 -> 1907.3684 | N56: =M56/L56 -> 100.38781 | O56: =L56-I56 -> 0 | P56: =N56-K56 -> -4.8753463 | Q56: =N56/K56 -> 0.95368421 | S56: 0.21875 | T56: 0.25833333 | U56: =IF(S56=TIME(17,0,0),"",(S56-T55)*24*60) -> 26 | V56: =(T56-S56)*24*60 -> 57 | AE56: =M56-J56 -> -92.631579 | AF56: =M56/J56 -> 0.95368421
A57: 新豐1線 | B57: 微波主食 | C57: 壹號醬雞豚雙拼 | E57: 56.43 | F57: 1218 | G57: =E57*F57 -> 68731.74 | I57: 22 | J57: 2000 | K57: =J57/I57 -> 90.909091 | L57: 22 | M57: =F57/V57*60 -> 1923.1579 | N57: =M57/L57 -> 87.416268 | O57: =L57-I57 -> 0 | P57: =N57-K57 -> -3.492823 | Q57: =N57/K57 -> 0.96157895 | S57: 0.26388889 | T57: 0.29027778 | U57: =IF(S57=TIME(17,0,0),"",(S57-T56)*24*60) -> 8 | V57: =(T57-S57)*24*60 -> 38 | AE57: =M57-J57 -> -76.842105 | AF57: =M57/J57 -> 0.96157895
A58: 新豐1線 | B58: 微波主食 | C58: 炙烤醬香燒豚飯 | E58: 51.44 | F58: 1748 | G58: =E58*F58 -> 89917.12 | I58: 25 | J58: 2000 | K58: =J58/I58 -> 80 | L58: 25 | M58: =F58/V58*60 -> 1906.9091 | N58: =M58/L58 -> 76.276364 | O58: =L58-I58 -> 0 | P58: =N58-K58 -> -3.7236364 | Q58: =N58/K58 -> 0.95345455 | S58: 0.29513889 | T58: 0.33333333 | U58: =IF(S58=TIME(17,0,0),"",(S58-T57)*24*60) -> 7 | V58: =(T58-S58)*24*60 -> 55 | AE58: =M58-J58 -> -93.090909 | AF58: =M58/J58 -> 0.95345455
A59: 新豐1線 | B59: 沙拉 | C59: 蔥鹽雞肉麵沙拉(114年) | E59: 46 | F59: 1674 | G59: =E59*F59 -> 77004 | I59: 16 | J59: 2000 | K59: =J59/I59 -> 125 | L59: 16 | M59: =F59/V59*60 -> 1931.5385 | N59: =M59/L59 -> 120.72115 | O59: =L59-I59 -> 0 | P59: =N59-K59 -> -4.2788462 | Q59: =N59/K59 -> 0.96576923 | S59: 0.33888889 | T59: 0.375 | U59: =IF(S59=TIME(17,0,0),"",(S59-T58)*24*60) -> 8 | V59: =(T59-S59)*24*60 -> 52 | AE59: =M59-J59 -> -68.461538 | AF59: =M59/J59 -> 0.96576923
A60: 新豐1線 | B60: 沙拉 | C60: 莎莎烤雞麵沙拉(115年) | E60: 46 | F60: 2039 | G60: =E60*F60 -> 93794 | I60: 17 | J60: 2000 | K60: =J60/I60 -> 117.64706 | L60: 17 | M60: =F60/V60*60 -> 1911.5625 | N60: =M60/L60 -> 112.44485 | O60: =L60-I60 -> 0 | P60: =N60-K60 -> -5.2022059 | Q60: =N60/K60 -> 0.95578125 | S60: 0.37847222 | T60: 0.42291667 | U60: =IF(S60=TIME(17,0,0),"",(S60-T59)*24*60) -> 5 | V60: =(T60-S60)*24*60 -> 64 | AE60: =M60-J60 -> -88.4375 | AF60: =M60/J60 -> 0.95578125
A61: 新豐1線 | B61: 微波主食 | C61: 二配香辣醬蒜味香腸蛋炒飯 | E61: 55.56 | F61: 1000 | G61: =E61*F61 -> 55560 | H61: 2 | I61: 17 | J61: 2000 | K61: =J61/I61 -> 117.64706 | L61: 17 | M61: =F61/V61*60 -> 1935.4839 | N61: =M61/L61 -> 113.85199 | O61: =L61-I61 -> 0 | P61: =N61-K61 -> -3.7950664 | Q61: =N61/K61 -> 0.96774194 | S61: 0.70833333 | T61: 0.72986111 | U61: =IF(S61=TIME(17,0,0),"",(S61-T60)*24*60) | V61: =(T61-S61)*24*60 -> 31 | AE61: =M61-J61 -> -64.516129 | AF61: =M61/J61 -> 0.96774194
A62: 新豐1線 | B62: 微波主食 | C62: 二配藤椒雞丁炒飯 | E62: 54.09 | F62: 1024 | G62: =E62*F62 -> 55388.16 | I62: 13 | J62: 2000 | K62: =J62/I62 -> 153.84615 | L62: 13 | M62: =F62/V62*60 -> 1920 | N62: =M62/L62 -> 147.69231 | O62: =L62-I62 -> 0 | P62: =N62-K62 -> -6.1538462 | Q62: =N62/K62 -> 0.96 | S62: 0.73472222 | T62: 0.75694444 | U62: =IF(S62=TIME(17,0,0),"",(S62-T61)*24*60) -> 7 | V62: =(T62-S62)*24*60 -> 32 | AE62: =M62-J62 -> -80 | AF62: =M62/J62 -> 0.96
A63: 新豐1線 | B63: 微波主食 | C63: 二配打拋風味豬肉飯 | E63: 51.06 | F63: 3246 | G63: =E63*F63 -> 165740.76 | I63: 13 | J63: 2000 | K63: =J63/I63 -> 153.84615 | L63: 13 | M63: =F63/V63*60 -> 1909.4118 | N63: =M63/L63 -> 146.87783 | O63: =L63-I63 -> 0 | P63: =N63-K63 -> -6.9683258 | Q63: =N63/K63 -> 0.95470588 | S63: 0.76111111 | T63: 0.83194444 | U63: =IF(S63=TIME(17,0,0),"",(S63-T62)*24*60) -> 6 | V63: =(T63-S63)*24*60 -> 102 | W63: =T63 -> 0.83194444 | X63: =S64 -> 0.87222222 | AE63: =M63-J63 -> -90.588235 | AF63: =M63/J63 -> 0.95470588
A64: 新豐1線 | B64: 微波主食 | C64: 二配香辣醬蒜味香腸蛋炒飯 | E64: 55.56 | F64: 1386 | G64: =E64*F64 -> 77006.16 | I64: 17 | J64: 2000 | K64: =J64/I64 -> 117.64706 | L64: 17 | M64: =F64/V64*60 -> 1933.9535 | N64: =M64/L64 -> 113.76197 | O64: =L64-I64 -> 0 | P64: =N64-K64 -> -3.8850889 | Q64: =N64/K64 -> 0.96697674 | S64: 0.87222222 | T64: 0.90208333 | U64: =IF(S64=TIME(17,0,0),"",(S64-T63)*24*60) -> 58 | V64: =(T64-S64)*24*60 -> 43 | AE64: =M64-J64 -> -66.046512 | AF64: =M64/J64 -> 0.96697674
A65: 新豐1線 | B65: 平均 | I65: 17.7 | J65: 2000 | K65: =J65/I65 -> 112.99435 | L65: 17.7 | M65: =AVERAGE(M55:M64) -> 1918.8735 | N65: =M65/L65 -> 108.41093 | O65: =L65-I65 -> 0 | P65: =N65-K65 -> -4.5834203 | Q65: =N65/K65 -> 0.95943673 | Y65: =SUM(Y55:Y64) -> 0 | Z65: =SUM(Z55:Z64) -> 0 | AC65: 10 | AD65: =SUM(AD55:AD64) -> 0 | AE65: =M65-J65 -> -81.12654 | AF65: =M65/J65 -> 0.95943673
A66: 新豐10線 | B66: 調理麵包 | C66: 經典雙牛起司堡(113年) | E66: 35.12 | F66: 4341 | G66: =E66*F66 -> 152455.92 | I66: 10 | J66: 3000 | K66: =J66/I66 -> 300 | L66: 10 | M66: =F66/V66*60 -> 2862.1978 | N66: =M66/L66 -> 286.21978 | O66: =L66-I66 -> 0 | P66: =N66-K66 -> -13.78022 | Q66: =N66/K66 -> 0.95406593 | R66: =Q70 -> 0.95712112 | S66: 0.20833333 | T66: 0.27152778 | V66: =(T66-S66)*24*60 -> 91 | AC66: 4 | AE66: =M66-J66 -> -137.8022 | AF66: =M66/J66 -> 0.95406593 | AG66: =AF70 -> 0.95712112
A67: 新豐10線 | B67: 調理麵包 | C67: 香雞蛋堡(112年) | E67: 26.78 | F67: 2443 | G67: =E67*F67 -> 65423.54 | I67: 10 | J67: 3000 | K67: =J67/I67 -> 300 | L67: 10 | M67: =F67/V67*60 -> 2874.1176 | N67: =M67/L67 -> 287.41176 | O67: =L67-I67 -> 0 | P67: =N67-K67 -> -12.588235 | Q67: =N67/K67 -> 0.95803922 | S67: 0.27708333 | T67: 0.3125 | U67: =(S67-T66)*24*60 -> 8 | V67: =(T67-S67)*24*60 -> 51 | AE67: =M67-J67 -> -125.88235 | AF67: =M67/J67 -> 0.95803922
A68: 新豐10線 | B68: 調理麵包 | C68: 元氣起司鱈魚堡 | E68: 36.14 | F68: 1930 | G68: =E68*F68 -> 69750.2 | I68: 11 | J68: 3000 | K68: =J68/I68 -> 272.72727 | L68: 11 | M68: =F68/V68*60 -> 2895 | N68: =M68/L68 -> 263.18182 | O68: =L68-I68 -> 0 | P68: =N68-K68 -> -9.5454545 | Q68: =N68/K68 -> 0.965 | S68: 0.31736111 | T68: 0.34513889 | U68: =(S68-T67)*24*60 -> 7 | V68: =(T68-S68)*24*60 -> 40 | AE68: =M68-J68 -> -105 | AF68: =M68/J68 -> 0.965
A69: 新豐10線 | B69: 調理麵包 | C69: 超HOT雞腿堡 | E69: 35.87 | F69: 5518 | G69: =E69*F69 -> 197930.66 | I69: 10 | J69: 3000 | K69: =J69/I69 -> 300 | L69: 10 | M69: =F69/V69*60 -> 2854.1379 | N69: =M69/L69 -> 285.41379 | O69: =L69-I69 -> 0 | P69: =N69-K69 -> -14.586207 | Q69: =N69/K69 -> 0.95137931 | S69: 0.35 | T69: 0.43055556 | U69: =(S69-T68)*24*60 -> 7 | V69: =(T69-S69)*24*60 -> 116 | AE69: =M69-J69 -> -145.86207 | AF69: =M69/J69 -> 0.95137931
A70: 新豐10線 | B70: 平均 | I70: 10.25 | J70: 3000 | K70: =J70/I70 -> 292.68293 | L70: 10.25 | M70: =AVERAGE(M66:M69) -> 2871.3633 | N70: =M70/L70 -> 280.13301 | O70: =L70-I70 -> 0 | P70: =N70-K70 -> -12.549918 | Q70: =N70/K70 -> 0.95712112 | Y70: =SUM(Y66:Y69) -> 0 | Z70: =SUM(Z66:Z69) -> 0 | AC70: 4 | AD70: =SUM(AD66:AD69) -> 0 | AE70: =M70-J70 -> -128.63665 | AF70: =M70/J70 -> 0.95712112
A71: 新豐4線 | B71: 三明治 | C71: 火腿起司蛋三明治 | E71: 19.02 | F71: 4900 | G71: =E71*F71 -> 93198 | H71: 2 | I71: 14 | J71: 2400 | K71: =J71/I71 -> 171.42857 | L71: 14 | M71: =F71/V71*60 -> 2296.875 | N71: =M71/L71 -> 164.0625 | O71: =L71-I71 -> 0 | P71: =N71-K71 -> -7.3660714 | Q71: =N71/K71 -> 0.95703125 | R71: =Q80 -> 0.95676432 | S71: 0.083333333 | T71: 0.17222222 | V71: =(T71-S71)*24*60 -> 128 | W71: =T71 -> 0.17222222 | X71: =S72 -> 0.18958333 | AC71: 9 | AE71: =M71-J71 -> -103.125 | AF71: =M71/J71 -> 0.95703125 | AG71: =AF80 -> 0.95676432
A72: 新豐4線 | B72: 三明治 | C72: 肉鬆火腿三明治(115年) | E72: 20.36 | F72: 4331 | G72: =E72*F72 -> 88179.16 | I72: 17 | J72: 2400 | K72: =J72/I72 -> 141.17647 | L72: 17 | M72: =F72/V72*60 -> 2299.646 | N72: =M72/L72 -> 135.2733 | O72: =L72-I72 -> 0 | P72: =N72-K72 -> -5.9031754 | Q72: =N72/K72 -> 0.95818584 | S72: 0.18958333 | T72: 0.26805556 | U72: =(S72-T71)*24*60 -> 25 | V72: =(T72-S72)*24*60 -> 113 | AE72: =M72-J72 -> -100.35398 | AF72: =M72/J72 -> 0.95818584
A73: 新豐4線 | B73: 三明治 | C73: 起司芋見肉鬆三明治 | E73: 25.98 | F73: 1700 | G73: =E73*F73 -> 44166 | H73: 2 | I73: 17 | J73: 2400 | K73: =J73/I73 -> 141.17647 | L73: 17 | M73: =F73/V73*60 -> 2318.1818 | N73: =M73/L73 -> 136.36364 | O73: =L73-I73 -> 0 | P73: =N73-K73 -> -4.8128342 | Q73: =N73/K73 -> 0.96590909 | S73: 0.27291667 | T73: 0.30347222 | U73: =(S73-T72)*24*60 -> 7 | V73: =(T73-S73)*24*60 -> 44 | AE73: =M73-J73 -> -81.818182 | AF73: =M73/J73 -> 0.96590909
A74: 新豐4線 | B74: 三明治 | C74: 水果聖代三明治 | E74: 28.29 | F74: 2600 | G74: =E74*F74 -> 73554 | H74: 2 | I74: 21 | J74: 2400 | K74: =J74/I74 -> 114.28571 | L74: 21 | M74: =F74/V74*60 -> 2294.1176 | N74: =M74/L74 -> 109.2437 | O74: =L74-I74 -> 0 | P74: =N74-K74 -> -5.0420168 | Q74: =N74/K74 -> 0.95588235 | S74: 0.30694444 | T74: 0.35416667 | U74: =(S74-T73)*24*60 -> 5 | V74: =(T74-S74)*24*60 -> 68 | AE74: =M74-J74 -> -105.88235 | AF74: =M74/J74 -> 0.95588235
A75: 新豐4線 | B75: 三明治 | C75: 金黃玉米蛋三明治 | E75: 24.25 | F75: 2900 | G75: =E75*F75 -> 70325 | H75: 2 | I75: 17 | J75: 2400 | K75: =J75/I75 -> 141.17647 | L75: 17 | M75: =F75/V75*60 -> 2289.4737 | N75: =M75/L75 -> 134.67492 | O75: =L75-I75 -> 0 | P75: =N75-K75 -> -6.501548 | Q75: =N75/K75 -> 0.95394737 | S75: 0.35763889 | T75: 0.41041667 | U75: =(S75-T74)*24*60 -> 5 | V75: =(T75-S75)*24*60 -> 76 | AE75: =M75-J75 -> -110.52632 | AF75: =M75/J75 -> 0.95394737
A76: 新豐4線 | B76: 三明治 | C76: 雙泰奶QQ三明治 | E76: 23.89 | F76: 4500 | G76: =E76*F76 -> 107505 | H76: 2 | I76: 13 | J76: 2400 | K76: =J76/I76 -> 184.61538 | L76: 13 | M76: =F76/V76*60 -> 2288.1356 | N76: =M76/L76 -> 176.01043 | O76: =L76-I76 -> 0 | P76: =N76-K76 -> -8.6049544 | Q76: =N76/K76 -> 0.95338983 | S76: 0.41597222 | T76: 0.49791667 | U76: =(S76-T75)*24*60 -> 8 | V76: =(T76-S76)*24*60 -> 118 | W76: =T76 -> 0.49791667 | X76: =S77 -> 0.5375 | AE76: =M76-J76 -> -111.86441 | AF76: =M76/J76 -> 0.95338983
A77: 新豐4線 | B77: 三明治 | C77: 火腿起司蛋三明治 | E77: 19.02 | F77: 4038 | G77: =E77*F77 -> 76802.76 | I77: 14 | J77: 2400 | K77: =J77/I77 -> 171.42857 | L77: 14 | M77: =F77/V77*60 -> 2285.6604 | N77: =M77/L77 -> 163.26146 | O77: =L77-I77 -> 0 | P77: =N77-K77 -> -8.1671159 | Q77: =N77/K77 -> 0.95235849 | S77: 0.5375 | T77: 0.61111111 | U77: =(S77-T76)*24*60 -> 57 | V77: =(T77-S77)*24*60 -> 106 | AE77: =M77-J77 -> -114.33962 | AF77: =M77/J77 -> 0.95235849
A78: 新豐4線 | B78: 三明治 | C78: 金黃玉米蛋三明治 | E78: 24.25 | F78: 2175 | G78: =E78*F78 -> 52743.75 | I78: 17 | J78: 2400 | K78: =J78/I78 -> 141.17647 | L78: 17 | M78: =F78/V78*60 -> 2289.4737 | N78: =M78/L78 -> 134.67492 | O78: =L78-I78 -> 0 | P78: =N78-K78 -> -6.501548 | Q78: =N78/K78 -> 0.95394737 | S78: 0.61666667 | T78: 0.65625 | U78: =(S78-T77)*24*60 -> 8 | V78: =(T78-S78)*24*60 -> 57 | AE78: =M78-J78 -> -110.52632 | AF78: =M78/J78 -> 0.95394737
A79: 新豐4線 | B79: 三明治 | C79: 雙泰奶QQ三明治 | E79: 23.89 | F79: 3380 | G79: =E79*F79 -> 80748.2 | I79: 13 | J79: 2400 | K79: =J79/I79 -> 184.61538 | L79: 13 | M79: =F79/V79*60 -> 2304.5455 | N79: =M79/L79 -> 177.27273 | O79: =L79-I79 -> 0 | P79: =N79-K79 -> -7.3426573 | Q79: =N79/K79 -> 0.96022727 | S79: 0.66111111 | T79: 0.72222222 | U79: =(S79-T78)*24*60 -> 7 | V79: =(T79-S79)*24*60 -> 88 | AE79: =M79-J79 -> -95.454545 | AF79: =M79/J79 -> 0.96022727
A80: 新豐4線 | B80: 平均 | I80: 15.888889 | J80: 2400 | K80: =J80/I80 -> 151.04895 | L80: 15.888889 | M80: =AVERAGE(M71:M79) -> 2296.2344 | N80: =M80/L80 -> 144.51825 | O80: =L80-I80 -> 0 | P80: =N80-K80 -> -6.5307044 | Q80: =N80/K80 -> 0.95676432 | Y80: =SUM(Y71:Y79) -> 0 | Z80: =SUM(Z71:Z79) -> 0 | AC80: 9 | AD80: =SUM(AD71:AD79) -> 0 | AE80: =M80-J80 -> -103.76564 | AF80: =M80/J80 -> 0.95676432

Sheet 0728
B1: 屏榮 新豐廠組合室生產人時性分析
B3: 日期 | C3: =TEXT('0728 4度C'!A2,"yyyy.mm.ddaaaa") -> 2026.07.28星期二 | E3: 訂單量 | F3: ='0728 4度C'!D1 -> 208783 | H3: 營業額 | I3: ='0728 4度C'!F1 -> 7261248.2
B4: 人時性 | C4: 項目 | E4: ➀ | G4: ➁ | I4: ➂ | K4: 異常停線 | M4: 短暫停線
C5: 組合室 | E5: 全溫層 | G5: 4度C-各編組展開 | I5: ③三明治-各編組展開 | K5: 合計次數 | L5: 時間 | M5: 合計次數 | N5: 設備次數
C6: 排關平均 | E6: =AVERAGE(D13:M13) -> 157.47475 | F6: =AVERAGE(D31:O31,D13:J13) -> 165.4203 | G6: =AVERAGE(D13:J13) -> 165.4203 | I6: =AVERAGE(K13:M13) -> 138.93512 | K6: ='0728 4度C'!Y2 -> 0 | L6: ='0728 4度C'!Z2 -> 0 | M6: ='0728 4度C'!AC2 -> 71 | N6: ='0728 4度C'!AD2 -> 0
C7: 實績平均 | E7: =AVERAGE(D14:M14) -> 151.00026 | F7: =AVERAGE(D32:O32,D14:J14) -> 158.70111 | G7: =AVERAGE(D14:J14) -> 158.70111 | I7: =AVERAGE(K14:M14) -> 133.0316
C8: 達成率平均 | E8: =AVERAGE(D15:M15) -> 0.95867846 | F8: =AVERAGE(D15:J15,D33:O33) -> 0.95916888 | G8: =AVERAGE(D15:J15) -> 0.95916888 | I8: =AVERAGE(K15:M15) -> 0.95753415
K9: ※現行日本鮮食廠以達成率80%為基本(即為現行KPI)
B10: 溫層 | D10: ➁4度C-各編組展開 | K10: ③三明治-各編組展開
B11: 編組 | D11: 1 | E11: 2 | F11: 3 | G11: 4 | H11: 5 | I11: 6 | J11: 7 | K11: 1 | L11: 2 | M11: 3
D12: 新豐6線 | E12: 新豐2線 | F12: 新豐5線 | G12: 新豐7線 | H12: 新豐3線 | I12: 新豐1線 | J12: 新豐10線 | K12: 新豐8線 | L12: 新豐9線 | M12: 新豐4線
B13: 人時性 | C13: 排關 | D13: =SUMIFS('0728 4度C'!$K:$K,'0728 4度C'!$A:$A,"新豐6線",'0728 4度C'!$B:$B,"平均") -> 129.03226 | E13: =SUMIFS('0728 4度C'!$K:$K,'0728 4度C'!$A:$A,"新豐2線",'0728 4度C'!$B:$B,"平均") -> 86.206897 | F13: =SUMIFS('0728 4度C'!$K:$K,'0728 4度C'!$A:$A,"新豐5線",'0728 4度C'!$B:$B,"平均") -> 90.604027 | G13: =SUMIFS('0728 4度C'!$K:$K,'0728 4度C'!$A:$A,"新豐7線",'0728 4度C'!$B:$B,"平均") -> 127.27273 | H13: =SUMIFS('0728 4度C'!$K:$K,'0728 4度C'!$A:$A,"新豐3線",'0728 4度C'!$B:$B,"平均") -> 319.14894 | I13: =SUMIFS('0728 4度C'!$K:$K,'0728 4度C'!$A:$A,"新豐1線",'0728 4度C'!$B:$B,"平均") -> 112.99435 | J13: =SUMIFS('0728 4度C'!$K:$K,'0728 4度C'!$A:$A,"新豐10線",'0728 4度C'!$B:$B,"平均") -> 292.68293 | K13: =SUMIFS('0728 4度C'!$K:$K,'0728 4度C'!$A:$A,"新豐8線",'0728 4度C'!$B:$B,"平均") -> 137.57962 | L13: =SUMIFS('0728 4度C'!$K:$K,'0728 4度C'!$A:$A,"新豐9線",'0728 4度C'!$B:$B,"平均") -> 128.1768 | M13: =SUMIFS('0728 4度C'!$K:$K,'0728 4度C'!$A:$A,"新豐4線",'0728 4度C'!$B:$B,"平均") -> 151.04895
C14: 實績 | D14: =SUMIFS('0728 4度C'!$N:$N,'0728 4度C'!$A:$A,"新豐6線",'0728 4度C'!$B:$B,"平均") -> 124.0257 | E14: =SUMIFS('0728 4度C'!$N:$N,'0728 4度C'!$A:$A,"新豐2線",'0728 4度C'!$B:$B,"平均") -> 82.334511 | F14: =SUMIFS('0728 4度C'!$N:$N,'0728 4度C'!$A:$A,"新豐5線",'0728 4度C'!$B:$B,"平均") -> 86.605482 | G14: =SUMIFS('0728 4度C'!$N:$N,'0728 4度C'!$A:$A,"新豐7線",'0728 4度C'!$B:$B,"平均") -> 122.40845 | H14: =SUMIFS('0728 4度C'!$N:$N,'0728 4度C'!$A:$A,"新豐3線",'0728 4度C'!$B:$B,"平均") -> 306.8137 | I14: =SUMIFS('0728 4度C'!$N:$N,'0728 4度C'!$A:$A,"新豐1線",'0728 4度C'!$B:$B,"平均") -> 108.73214 | J14: =SUMIFS('0728 4度C'!$N:$N,'0728 4度C'!$A:$A,"新豐10線",'0728 4度C'!$B:$B,"平均") -> 279.98781 | K14: =SUMIFS('0728 4度C'!$N:$N,'0728 4度C'!$A:$A,"新豐8線",'0728 4度C'!$B:$B,"平均") -> 131.69101 | L14: =SUMIFS('0728 4度C'!$N:$N,'0728 4度C'!$A:$A,"新豐9線",'0728 4度C'!$B:$B,"平均") -> 122.81816 | M14: =SUMIFS('0728 4度C'!$N:$N,'0728 4度C'!$A:$A,"新豐4線",'0728 4度C'!$B:$B,"平均") -> 144.58564
C15: 達成率 | D15: =D14/D13 -> 0.96119918 | E15: =E14/E13 -> 0.95508033 | F15: =F14/F13 -> 0.95586791 | G15: =G14/G13 -> 0.96178066 | H15: =H14/H13 -> 0.96134959 | I15: =I14/I13 -> 0.96227946 | J15: =J14/J13 -> 0.95662503 | K15: =K14/K13 -> 0.95719858 | ... M15: =M14/M13 -> 0.95721049
B16: 作業 時間 | C16: 開始 | D16: =VLOOKUP("新豐6線",'0728 4度C'!$A:$T,19,0) -> 0.70833333 | E16: =VLOOKUP("新豐2線",'0728 4度C'!$A:$T,19,0) -> 0.083333333 | F16: =VLOOKUP("新豐5線",'0728 4度C'!$A:$T,19,0) -> 0.083333333 | G16: =VLOOKUP("新豐7線",'0728 4度C'!$A:$T,19,0) -> 0.20833333 | H16: =VLOOKUP("新豐3線",'0728 4度C'!$A:$T,19,0) -> 0.20833333 | I16: =VLOOKUP("新豐1線",'0728 4度C'!$A:$T,19,0) -> 0.083333333 | J16: =VLOOKUP("新豐10線",'0728 4度C'!$A:$T,19,0) -> 0.20833333 | K16: =VLOOKUP("新豐8線",'0728 4度C'!$A:$T,19,0) -> 0.083333333 | L16: =VLOOKUP("新豐9線",'0728 4度C'!$A:$T,19,0) -> 0.083333333 | M16: =VLOOKUP("新豐4線",'0728 4度C'!$A:$T,19,0) -> 0.083333333
C17: 結束 | D17: =LOOKUP(2,1/(('0728 4度C'!$A:$A="新豐6線")*('0728 4度C'!$T:$T<>"")),'0728 4度C'!$T:$T) -> 0.89861111 | E17: =LOOKUP(2,1/(('0728 4度C'!$A:$A="新豐2線")*('0728 4度C'!$T:$T<>"")),'0728 4度C'!$T:$T) -> 0.64027778 | F17: =LOOKUP(2,1/(('0728 4度C'!$A:$A="新豐5線")*('0728 4度C'!$T:$T<>"")),'0728 4度C'!$T:$T) -> 0.89236111 | G17: =LOOKUP(2,1/(('0728 4度C'!$A:$A="新豐7線")*('0728 4度C'!$T:$T<>"")),'0728 4度C'!$T:$T) -> 0.90833333 | H17: =LOOKUP(2,1/(('0728 4度C'!$A:$A="新豐3線")*('0728 4度C'!$T:$T<>"")),'0728 4度C'!$T:$T) -> 0.46875 | I17: =LOOKUP(2,1/(('0728 4度C'!$A:$A="新豐1線")*('0728 4度C'!$T:$T<>"")),'0728 4度C'!$T:$T) -> 0.90416667 | J17: =LOOKUP(2,1/(('0728 4度C'!$A:$A="新豐10線")*('0728 4度C'!$T:$T<>"")),'0728 4度C'!$T:$T) -> 0.49166667 | K17: =LOOKUP(2,1/(('0728 4度C'!$A:$A="新豐8線")*('0728 4度C'!$T:$T<>"")),'0728 4度C'!$T:$T) -> 0.75486111 | L17: =LOOKUP(2,1/(('0728 4度C'!$A:$A="新豐9線")*('0728 4度C'!$T:$T<>"")),'0728 4度C'!$T:$T) -> 0.77986111 | M17: =LOOKUP(2,1/(('0728 4度C'!$A:$A="新豐4線")*('0728 4度C'!$T:$T<>"")),'0728 4度C'!$T:$T) -> 0.75833333
B18: 產線異常 (5分鐘以上) | C18: 次數 | D18: =SUMIFS('0728 4度C'!$Y:$Y,'0728 4度C'!$A:$A,"新豐6線",'0728 4度C'!$B:$B,"平均") -> 0 | E18: =SUMIFS('0728 4度C'!$Y:$Y,'0728 4度C'!$A:$A,"新豐2線",'0728 4度C'!$B:$B,"平均") -> 0 | F18: =SUMIFS('0728 4度C'!$Y:$Y,'0728 4度C'!$A:$A,"新豐5線",'0728 4度C'!$B:$B,"平均") -> 0 | G18: =SUMIFS('0728 4度C'!$Y:$Y,'0728 4度C'!$A:$A,"新豐7線",'0728 4度C'!$B:$B,"平均") -> 0 | H18: =SUMIFS('0728 4度C'!$Y:$Y,'0728 4度C'!$A:$A,"新豐3線",'0728 4度C'!$B:$B,"平均") -> 0 | I18: =SUMIFS('0728 4度C'!$Y:$Y,'0728 4度C'!$A:$A,"新豐1線",'0728 4度C'!$B:$B,"平均") -> 0 | J18: =SUMIFS('0728 4度C'!$Y:$Y,'0728 4度C'!$A:$A,"新豐10線",'0728 4度C'!$B:$B,"平均") -> 0 | K18: =SUMIFS('0728 4度C'!$Y:$Y,'0728 4度C'!$A:$A,"新豐8線",'0728 4度C'!$B:$B,"平均") -> 0 | L18: =SUMIFS('0728 4度C'!$Y:$Y,'0728 4度C'!$A:$A,"新豐9線",'0728 4度C'!$B:$B,"平均") -> 0 | M18: =SUMIFS('0728 4度C'!$Y:$Y,'0728 4度C'!$A:$A,"新豐4線",'0728 4度C'!$B:$B,"平均") -> 0
C19: 時間/分 | D19: =SUMIFS('0728 4度C'!$Z:$Z,'0728 4度C'!$A:$A,"新豐6線",'0728 4度C'!$B:$B,"平均") -> 0 | E19: =SUMIFS('0728 4度C'!$Z:$Z,'0728 4度C'!$A:$A,"新豐2線",'0728 4度C'!$B:$B,"平均") -> 0 | F19: =SUMIFS('0728 4度C'!$Z:$Z,'0728 4度C'!$A:$A,"新豐5線",'0728 4度C'!$B:$B,"平均") -> 0 | G19: =SUMIFS('0728 4度C'!$Z:$Z,'0728 4度C'!$A:$A,"新豐7線",'0728 4度C'!$B:$B,"平均") -> 0 | H19: =SUMIFS('0728 4度C'!$Z:$Z,'0728 4度C'!$A:$A,"新豐3線",'0728 4度C'!$B:$B,"平均") -> 0 | I19: =SUMIFS('0728 4度C'!$Z:$Z,'0728 4度C'!$A:$A,"新豐1線",'0728 4度C'!$B:$B,"平均") -> 0 | J19: =SUMIFS('0728 4度C'!$Z:$Z,'0728 4度C'!$A:$A,"新豐10線",'0728 4度C'!$B:$B,"平均") -> 0 | K19: =SUMIFS('0728 4度C'!$Z:$Z,'0728 4度C'!$A:$A,"新豐8線",'0728 4度C'!$B:$B,"平均") -> 0 | L19: =SUMIFS('0728 4度C'!$Z:$Z,'0728 4度C'!$A:$A,"新豐9線",'0728 4度C'!$B:$B,"平均") -> 0 | M19: =SUMIFS('0728 4度C'!$Z:$Z,'0728 4度C'!$A:$A,"新豐4線",'0728 4度C'!$B:$B,"平均") -> 0
B20: 短暫停線 (5分鐘以下) | C20: 次數 | D20: =SUMIFS('0728 4度C'!$AC:$AC,'0728 4度C'!$A:$A,"新豐6線",'0728 4度C'!$B:$B,"平均") -> 4 | E20: =SUMIFS('0728 4度C'!$AC:$AC,'0728 4度C'!$A:$A,"新豐2線",'0728 4度C'!$B:$B,"平均") -> 5 | F20: =SUMIFS('0728 4度C'!$AC:$AC,'0728 4度C'!$A:$A,"新豐5線",'0728 4度C'!$B:$B,"平均") -> 8 | G20: =SUMIFS('0728 4度C'!$AC:$AC,'0728 4度C'!$A:$A,"新豐7線",'0728 4度C'!$B:$B,"平均") -> 7 | H20: =SUMIFS('0728 4度C'!$AC:$AC,'0728 4度C'!$A:$A,"新豐3線",'0728 4度C'!$B:$B,"平均") -> 5 | I20: =SUMIFS('0728 4度C'!$AC:$AC,'0728 4度C'!$A:$A,"新豐1線",'0728 4度C'!$B:$B,"平均") -> 10 | J20: =SUMIFS('0728 4度C'!$AC:$AC,'0728 4度C'!$A:$A,"新豐10線",'0728 4度C'!$B:$B,"平均") -> 4 | K20: =SUMIFS('0728 4度C'!$AC:$AC,'0728 4度C'!$A:$A,"新豐8線",'0728 4度C'!$B:$B,"平均") -> 9 | L20: =SUMIFS('0728 4度C'!$AC:$AC,'0728 4度C'!$A:$A,"新豐9線",'0728 4度C'!$B:$B,"平均") -> 10 | M20: =SUMIFS('0728 4度C'!$AC:$AC,'0728 4度C'!$A:$A,"新豐4線",'0728 4度C'!$B:$B,"平均") -> 9
C21: 設備次數 | D21: =SUMIFS('0728 4度C'!$AD:$AD,'0728 4度C'!$A:$A,"新豐6線",'0728 4度C'!$B:$B,"平均") -> 0 | E21: =SUMIFS('0728 4度C'!$AD:$AD,'0728 4度C'!$A:$A,"新豐2線",'0728 4度C'!$B:$B,"平均") -> 0 | F21: =SUMIFS('0728 4度C'!$AD:$AD,'0728 4度C'!$A:$A,"新豐5線",'0728 4度C'!$B:$B,"平均") -> 0 | G21: =SUMIFS('0728 4度C'!$AD:$AD,'0728 4度C'!$A:$A,"新豐7線",'0728 4度C'!$B:$B,"平均") -> 0 | H21: =SUMIFS('0728 4度C'!$AD:$AD,'0728 4度C'!$A:$A,"新豐3線",'0728 4度C'!$B:$B,"平均") -> 0 | I21: =SUMIFS('0728 4度C'!$AD:$AD,'0728 4度C'!$A:$A,"新豐1線",'0728 4度C'!$B:$B,"平均") -> 0 | J21: =SUMIFS('0728 4度C'!$AD:$AD,'0728 4度C'!$A:$A,"新豐10線",'0728 4度C'!$B:$B,"平均") -> 0 | K21: =SUMIFS('0728 4度C'!$AD:$AD,'0728 4度C'!$A:$A,"新豐8線",'0728 4度C'!$B:$B,"平均") -> 0 | L21: =SUMIFS('0728 4度C'!$AD:$AD,'0728 4度C'!$A:$A,"新豐9線",'0728 4度C'!$B:$B,"平均") -> 0 | M21: =SUMIFS('0728 4度C'!$AD:$AD,'0728 4度C'!$A:$A,"新豐4線",'0728 4度C'!$B:$B,"平均") -> 0
B22: 配置人數 | D22: =SUMIFS('0728 4度C'!$I:$I,'0728 4度C'!$A:$A,"新豐6線",'0728 4度C'!$B:$B,"平均") -> 15.5 | E22: =SUMIFS('0728 4度C'!$I:$I,'0728 4度C'!$A:$A,"新豐2線",'0728 4度C'!$B:$B,"平均") -> 17.4 | F22: =SUMIFS('0728 4度C'!$I:$I,'0728 4度C'!$A:$A,"新豐5線",'0728 4度C'!$B:$B,"平均") -> 18.625 | G22: =SUMIFS('0728 4度C'!$I:$I,'0728 4度C'!$A:$A,"新豐7線",'0728 4度C'!$B:$B,"平均") -> 15.714286 | H22: =SUMIFS('0728 4度C'!$I:$I,'0728 4度C'!$A:$A,"新豐3線",'0728 4度C'!$B:$B,"平均") -> 9.4 | I22: =SUMIFS('0728 4度C'!$I:$I,'0728 4度C'!$A:$A,"新豐1線",'0728 4度C'!$B:$B,"平均") -> 17.7 | J22: =SUMIFS('0728 4度C'!$I:$I,'0728 4度C'!$A:$A,"新豐10線",'0728 4度C'!$B:$B,"平均") -> 10.25 | K22: =SUMIFS('0728 4度C'!$I:$I,'0728 4度C'!$A:$A,"新豐8線",'0728 4度C'!$B:$B,"平均") -> 17.444444 | L22: =SUMIFS('0728 4度C'!$I:$I,'0728 4度C'!$A:$A,"新豐9線",'0728 4度C'!$B:$B,"平均") -> 18.1 | M22: =SUMIFS('0728 4度C'!$I:$I,'0728 4度C'!$A:$A,"新豐4線",'0728 4度C'!$B:$B,"平均") -> 15.888889
B23: 主要應用設備 | D23: ET-55 | E23: 熱縮爐 | F23: L型包裝機 | G23: L型包裝機 | H23: 伺服包裝機 | I23: ET-55 | J23: 伺服包裝機 | K23: 三明治包裝機 | L23: 三明治包裝機 | M23: 三明治包裝機
B24: 次要應用設備 | F24: 圓盤機 | G24: ET-55
B25: 備註 | E25: 握沙拉 | F25: 共用L型包裝機 | H25: 調理麵包 | I25: 炒飯+沙拉 | J25: 調理麵包

Sheet 0728 4度C
A1: 新豐廠四度C日報分析 | C1: 總生產量 | D1: =SUM(F5:F85) -> 208783 | E1: 營業額 | F1: =SUM(G5:G85) -> 7261248.2 | G1: 出勤人數 | H1: =L9+L15+L59+L70+L24+L75+L42+L53+L32+L85 -> 156.02262 | I1: 產線配置圖 | L1: 生產實績 | O1: 人時性差異分析 | S1: 日報登錄 | Y1: 合計 次數 | Z1: 合計 時間/分 | AA1: 產線異常 分析說明(5分鐘以上) | AC1: 合計 次數 | AD1: 合計 設備次數 | AE1: 產能差異分析
A2: 46231 | B2: 星期二 | C2: 人時性 | D2: =AVERAGE(N9,N15,N59,N70,N24,N75,N32,N42,N53,N85) -> 151.00026 | E2: 平均廠價 | F2: =F1/D1 -> 34.778924 | G2: 多次生產數 | H2: =COUNT(H5:H85) -> 17 | Y2: =SUM(Y9+Y15+Y24+Y32+Y42+Y53+Y59+Y70+Y75+Y85) -> 0 | Z2: =SUM(Z9+Z15+Z24+Z32+Z42+Z53+Z59+Z70+Z75+Z85) -> 0 | AC2: 71 | AD2: =SUM(AD9+AD15+AD24+AD32+AD42+AD53+AD59+AD70+AD75+AD85) -> 0
A3: 線別 | B3: 品類 | C3: 品名 | E3: 廠價 | F3: 生產量 | G3: 營收 | H3: 多次 生產 | I3: 人數 | J3: 產能/時 | K3: 人時性 | L3: 人數 | M3: 產能/時 | N3: 人時性 | O3: 人數 | P3: 人時性 | Q3: 達成率 | R3: 達成率平均 | S3: 生產時間 | U3: 換線、休息/分 | V3: 稼動時間/分 | W3: 休息時間 | Y3: 產線異常統計 (5分鐘以上) | AA3: (新豐回填) | AC3: 短暫停線統計 (5分鐘以下) | AE3: 產能/時 | AF3: 達成率 | AG3: 達成率平均
S4: 開始 | T4: 結束 | W4: 開始 | X4: 結束 | Y4: 次數 | Z4: 時間/分 | AC4: 總次數 | AD4: 設備因素(次數)
A5: 新豐6線 | B5: 微波主食 | C5: 二配金咖哩果香甘口咖哩飯 | E5: 50.92 | F5: 2341 | G5: =E5*F5 -> 119203.72 | I5: 15 | J5: 2000 | K5: =J5/I5 -> 133.33333 | L5: 15 | M5: =F5/V5*60 -> 1924.1096 | N5: =M5/L5 -> 128.27397 | O5: =L5-I5 -> 0 | P5: =N5-K5 -> -5.0593607 | Q5: =N5/K5 -> 0.96205479 | R5: =Q9 -> 0.96119918 | S5: 0.70833333 | T5: 0.75902778 | V5: =(T5-S5)*24*60 -> 73 | AC5: 4 | AE5: =M5-J5 -> -75.890411 | AF5: =M5/J5 -> 0.96205479 | AG5: =AF9 -> 0.96119918
A6: 新豐6線 | B6: 微波主食 | C6: 二配金咖哩濃厚辛口咖哩飯 | E6: 50.98 | F6: 1000 | G6: =E6*F6 -> 50980 | H6: 2 | I6: 16 | J6: 2000 | K6: =J6/I6 -> 125 | L6: 16 | M6: =F6/V6*60 -> 1935.4839 | N6: =M6/L6 -> 120.96774 | O6: =L6-I6 -> 0 | P6: =N6-K6 -> -4.0322581 | Q6: =N6/K6 -> 0.96774194 | S6: 0.7625 | T6: 0.78402778 | U6: =IF(S6=TIME(17,0,0),"",(S6-T5)*24*60) -> 5 | V6: =(T6-S6)*24*60 -> 31 | AE6: =M6-J6 -> -64.516129 | AF6: =M6/J6 -> 0.96774194
A7: 新豐6線 | B7: 微波主食 | C7: 二配泰式綠咖哩雞 | E7: 50.67 | F7: 1524 | G7: =E7*F7 -> 77221.08 | I7: 15 | J7: 2000 | K7: =J7/I7 -> 133.33333 | L7: 15 | M7: =F7/V7*60 -> 1905 | N7: =M7/L7 -> 127 | O7: =L7-I7 -> 0 | P7: =N7-K7 -> -6.3333333 | Q7: =N7/K7 -> 0.9525 | S7: 0.78958333 | T7: 0.82291667 | U7: =IF(S7=TIME(17,0,0),"",(S7-T6)*24*60) -> 8 | V7: =(T7-S7)*24*60 -> 48 | W7: =T7 -> 0.82291667 | X7: =S8 -> 0.86527778 | AE7: =M7-J7 -> -95 | AF7: =M7/J7 -> 0.9525
A8: 新豐6線 | B8: 微波主食 | C8: 二配金咖哩濃厚辛口咖哩飯 | E8: 50.98 | F8: 1540 | G8: =E8*F8 -> 78509.2 | I8: 16 | J8: 2000 | K8: =J8/I8 -> 125 | L8: 16 | M8: =F8/V8*60 -> 1925 | N8: =M8/L8 -> 120.3125 | O8: =L8-I8 -> 0 | P8: =N8-K8 -> -4.6875 | Q8: =N8/K8 -> 0.9625 | S8: 0.86527778 | T8: 0.89861111 | U8: =IF(S8=TIME(17,0,0),"",(S8-T7)*24*60) -> 61 | V8: =(T8-S8)*24*60 -> 48 | AE8: =M8-J8 -> -75 | AF8: =M8/J8 -> 0.9625
A9: 新豐6線 | B9: 平均 | I9: 15.5 | J9: 2000 | K9: =J9/I9 -> 129.03226 | L9: 15.5 | M9: =AVERAGE(M5:M8) -> 1922.3984 | N9: =M9/L9 -> 124.0257 | O9: =L9-I9 -> 0 | P9: =N9-K9 -> -5.0065571 | Q9: =N9/K9 -> 0.96119918 | Y9: =SUM(Y5:Y8) -> 0 | Z9: =SUM(Z5:Z8) -> 0 | AC9: 4 | AD9: =SUM(AD5:AD8) -> 0 | AE9: =M9-J9 -> -77.601635 | AF9: =M9/J9 -> 0.96119918
A10: 新豐2線 | B10: 沙拉 | C10: 青檸烤雞握沙拉(113年) | E10: 39.8 | F10: 3700 | G10: =E10*F10 -> 147260 | H10: 2 | I10: 17 | J10: 1500 | K10: =J10/I10 -> 88.235294 | L10: 17 | M10: =F10/V10*60 -> 1432.2581 | N10: =M10/L10 -> 84.250474 | O10: =L10-I10 -> 0 | P10: =N10-K10 -> -3.9848197 | Q10: =N10/K10 -> 0.95483871 | R10: =Q15 -> 0.95508033 | S10: 0.083333333 | T10: 0.19097222 | V10: =(T10-S10)*24*60 -> 155 | W10: =T10 -> 0.19097222 | X10: =S11 -> 0.20972222 | AC10: 5 | AE10: =M10-J10 -> -67.741935 | AF10: =M10/J10 -> 0.95483871 | AG10: =AF15 -> 0.95508033
A11: 新豐2線 | B11: 沙拉 | C11: 厚蛋時蔬握沙拉 | E11: 39.46 | F11: 3029 | G11: =E11*F11 -> 119524.34 | I11: 15 | J11: 1500 | K11: =J11/I11 -> 100 | L11: 15 | M11: =F11/V11*60 -> 1431.0236 | N11: =M11/L11 -> 95.401575 | O11: =L11-I11 -> 0 | P11: =N11-K11 -> -4.5984252 | Q11: =N11/K11 -> 0.95401575 | S11: 0.20972222 | T11: 0.29791667 | U11: =IF(S11=TIME(17,0,0),"",(S11-T10)*24*60) -> 27 | V11: =(T11-S11)*24*60 -> 127 | AE11: =M11-J11 -> -68.976378 | AF11: =M11/J11 -> 0.95401575
A12: 新豐2線 | B12: 沙拉 | C12: 地瓜瓜握沙拉 | E12: 39.52 | F12: 2438 | G12: =E12*F12 -> 96349.76 | I12: 19 | J12: 1500 | K12: =J12/I12 -> 78.947368 | L12: 19 | M12: =F12/V12*60 -> 1434.1176 | N12: =M12/L12 -> 75.479876 | O12: =L12-I12 -> 0 | P12: =N12-K12 -> -3.4674923 | Q12: =N12/K12 -> 0.95607843 | S12: 0.30138889 | T12: 0.37222222 | U12: =IF(S12=TIME(17,0,0),"",(S12-T11)*24*60) -> 5 | V12: =(T12-S12)*24*60 -> 102 | AE12: =M12-J12 -> -65.882353 | AF12: =M12/J12 -> 0.95607843
A13: 新豐2線 | B13: 沙拉 | C13: 青醬優格雞肉握沙拉(113年) | E13: 39.62 | F13: 4740 | G13: =E13*F13 -> 187798.8 | I13: 19 | J13: 1500 | K13: =J13/I13 -> 78.947368 | L13: 19 | M13: =F13/V13*60 -> 1429.1457 | N13: =M13/L13 -> 75.218196 | O13: =L13-I13 -> 0 | P13: =N13-K13 -> -3.7291722 | Q13: =N13/K13 -> 0.95276382 | S13: 0.37569444 | T13: 0.51388889 | U13: =IF(S13=TIME(17,0,0),"",(S13-T12)*24*60) -> 5 | V13: =(T13-S13)*24*60 -> 199 | W13: =T13 -> 0.51388889 | X13: =S14 -> 0.55555556 | AE13: =M13-J13 -> -70.854271 | AF13: =M13/J13 -> 0.95276382
A14: 新豐2線 | B14: 沙拉 | C14: 青檸烤雞握沙拉(113年) | E14: 39.8 | F14: 2921 | G14: =E14*F14 -> 116255.8 | I14: 17 | J14: 1500 | K14: =J14/I14 -> 88.235294 | L14: 17 | M14: =F14/V14*60 -> 1436.5574 | N14: =M14/L14 -> 84.503375 | O14: =L14-I14 -> 0 | P14: =N14-K14 -> -3.731919 | Q14: =N14/K14 -> 0.95770492 | S14: 0.55555556 | T14: 0.64027778 | U14: =IF(S14=TIME(17,0,0),"",(S14-T13)*24*60) -> 60 | V14: =(T14-S14)*24*60 -> 122 | AE14: =M14-J14 -> -63.442623 | AF14: =M14/J14 -> 0.95770492
A15: 新豐2線 | B15: 平均 | I15: 17.4 | J15: 1500 | K15: =J15/I15 -> 86.206897 | L15: 17.4 | M15: =AVERAGE(M10:M14) -> 1432.6205 | N15: =M15/L15 -> 82.334511 | O15: =L15-I15 -> 0 | P15: =N15-K15 -> -3.8723858 | Q15: =N15/K15 -> 0.95508033 | Y15: =SUM(Y10:Y14) -> 0 | Z15: =SUM(Z10:Z14) -> 0 | AC15: 5 | AD15: =SUM(AD10:AD14) -> 0 | AE15: =M15-J15 -> -67.379512 | AF15: =M15/J15 -> 0.95508033
A16: 新豐5線 | B16: 季節調理麵 | C16: 台式麻醬涼麵(115年) | E16: 31.11 | F16: 3247 | G16: =E16*F16 -> 101014.17 | I16: 14 | J16: 2000 | K16: =J16/I16 -> 142.85714 | L16: 14 | M16: =F16/V16*60 -> 1910 | N16: =M16/L16 -> 136.42857 | O16: =L16-I16 -> 0 | P16: =N16-K16 -> -6.4285714 | Q16: =N16/K16 -> 0.955 | R16: =Q24 -> 0.95586791 | S16: 0.083333333 | T16: 0.15416667 | V16: =(T16-S16)*24*60 -> 102 | W16: =T16 -> 0.15416667 | X16: =S17 -> 0.17291667 | AC16: 8 | AE16: =M16-J16 -> -90 | AF16: =M16/J16 -> 0.955 | AG16: =AF24 -> 0.95586791
A17: 新豐5線 | B17: 小吃 | C17: 香菇雞燉湯 | E17: 38.62 | F17: 2357 | G17: =E17*F17 -> 91027.34 | I17: 24 | J17: 1500 | K17: =J17/I17 -> 62.5 | L17: 24 | M17: =F17/V17*60 -> 1428.4848 | N17: =M17/L17 -> 59.520202 | O17: =L17-I17 -> 0 | P17: =N17-K17 -> -2.979798 | Q17: =N17/K17 -> 0.95232323 | S17: 0.17291667 | T17: 0.24166667 | U17: =IF(S17=TIME(17,0,0),"",(S17-T16)*24*60) -> 27 | V17: =(T17-S17)*24*60 -> 99 | AE17: =M17-J17 -> -71.515152 | AF17: =M17/J17 -> 0.95232323
A18: 新豐5線 | B18: 小吃 | C18: 剝皮辣椒雞湯 | E18: 41 | F18: 1954 | G18: =E18*F18 -> 80114 | I18: 26 | J18: 1500 | K18: =J18/I18 -> 57.692308 | L18: 26 | M18: =F18/V18*60 -> 1429.7561 | N18: =M18/L18 -> 54.990619 | O18: =L18-I18 -> 0 | P18: =N18-K18 -> -2.7016886 | Q18: =N18/K18 -> 0.95317073 | S18: 0.24583333 | T18: 0.30277778 | U18: =IF(S18=TIME(17,0,0),"",(S18-T17)*24*60) -> 6 | V18: =(T18-S18)*24*60 -> 82 | AE18: =M18-J18 -> -70.243902 | AF18: =M18/J18 -> 0.95317073
A19: 新豐5線 | B19: 微波主食 | C19: 香菇雞粥 | E19: 37.03 | F19: 3501 | G19: =E19*F19 -> 129642.03 | I19: 13 | J19: 1500 | K19: =J19/I19 -> 115.38462 | L19: 13 | M19: =F19/V19*60 -> 1428.9796 | N19: =M19/L19 -> 109.92151 | O19: =L19-I19 -> 0 | P19: =N19-K19 -> -5.4631083 | Q19: =N19/K19 -> 0.95265306 | S19: 0.30625 | T19: 0.40833333 | U19: =IF(S19=TIME(17,0,0),"",(S19-T18)*24*60) -> 5 | V19: =(T19-S19)*24*60 -> 147 | AE19: =M19-J19 -> -71.020408 | AF19: =M19/J19 -> 0.95265306
A20: 新豐5線 | B20: 微波主食 | C20: 二配港式香滑嫩蛋牛肉燴飯 | E20: 50.67 | F20: 1609 | G20: =E20*F20 -> 81528.03 | I20: 17 | J20: 2000 | K20: =J20/I20 -> 117.64706 | L20: 17 | M20: =F20/V20*60 -> 1930.8 | N20: =M20/L20 -> 113.57647 | O20: =L20-I20 -> 0 | P20: =N20-K20 -> -4.0705882 | Q20: =N20/K20 -> 0.9654 | S20: 0.70833333 | T20: 0.74305556 | U20: =IF(S20=TIME(17,0,0),"",(S20-T19)*24*60) | V20: =(T20-S20)*24*60 -> 50 | AE20: =M20-J20 -> -69.2 | AF20: =M20/J20 -> 0.9654
A21: 新豐5線 | B21: 微波主食 | C21: 二配玉米濃湯焗烤飯 | E21: 54.5 | F21: 1000 | G21: =E21*F21 -> 54500 | H21: 2 | I21: 20 | J21: 1500 | K21: =J21/I21 -> 75 | L21: 20 | M21: =F21/V21*60 -> 1428.5714 | N21: =M21/L21 -> 71.428571 | O21: =L21-I21 -> 0 | P21: =N21-K21 -> -3.5714286 | Q21: =N21/K21 -> 0.95238095 | S21: 0.74652778 | T21: 0.77569444 | U21: =IF(S21=TIME(17,0,0),"",(S21-T20)*24*60) -> 5 | V21: =(T21-S21)*24*60 -> 42 | AE21: =M21-J21 -> -71.428571 | AF21: =M21/J21 -> 0.95238095
A22: 新豐5線 | B22: 微波主食 | C22: 二配川味麻婆燒豆腐燴飯 | E22: 50.49 | F22: 1938 | G22: =E22*F22 -> 97849.62 | I22: 15 | J22: 2000 | K22: =J22/I22 -> 133.33333 | L22: 15 | M22: =F22/V22*60 -> 1906.2295 | N22: =M22/L22 -> 127.08197 | O22: =L22-I22 -> 0 | P22: =N22-K22 -> -6.2513661 | Q22: =N22/K22 -> 0.95311475 | S22: 0.77986111 | T22: 0.82222222 | U22: =IF(S22=TIME(17,0,0),"",(S22-T21)*24*60) -> 6 | V22: =(T22-S22)*24*60 -> 61 | W22: =T22 -> 0.82222222 | X22: =S23 -> 0.8625 | AE22: =M22-J22 -> -93.770492 | AF22: =M22/J22 -> 0.95311475
A23: 新豐5線 | B23: 微波主食 | C23: 二配玉米濃湯焗烤飯 | E23: 54.5 | F23: 1033 | G23: =E23*F23 -> 56298.5 | I23: 20 | J23: 1500 | K23: =J23/I23 -> 75 | L23: 20 | M23: =F23/V23*60 -> 1441.3953 | N23: =M23/L23 -> 72.069767 | O23: =L23-I23 -> 0 | P23: =N23-K23 -> -2.9302326 | Q23: =N23/K23 -> 0.96093023 | S23: 0.8625 | T23: 0.89236111 | U23: =IF(S23=TIME(17,0,0),"",(S23-T22)*24*60) -> 58 | V23: =(T23-S23)*24*60 -> 43 | AE23: =M23-J23 -> -58.604651 | AF23: =M23/J23 -> 0.96093023
A24: 新豐5線 | B24: 平均 | I24: 18.625 | J24: 1687.5 | K24: =J24/I24 -> 90.604027 | L24: 18.625 | M24: =AVERAGE(M16:M23) -> 1613.0271 | N24: =M24/L24 -> 86.605482 | O24: =L24-I24 -> 0 | P24: =N24-K24 -> -3.9985448 | Q24: =N24/K24 -> 0.95586791 | Y24: =SUM(Y16:Y23) -> 0 | Z24: =SUM(Z16:Z23) -> 0 | AC24: 8 | AD24: =SUM(AD16:AD23) -> 0 | AE24: =M24-J24 -> -74.472897 | AF24: =M24/J24 -> 0.95586791
A25: 新豐7線 | B25: 微波主食 | C25: 韓式泡菜豬肉豆腐丼飯 | E25: 50.67 | F25: 1931 | G25: =E25*F25 -> 97843.77 | I25: 17 | J25: 2000 | K25: =J25/I25 -> 117.64706 | L25: 17 | M25: =F25/V25*60 -> 1931 | N25: =M25/L25 -> 113.58824 | O25: =L25-I25 -> 0 | P25: =N25-K25 -> -4.0588235 | Q25: =N25/K25 -> 0.9655 | R25: =Q32 -> 0.96178066 | S25: 0.20833333 | T25: 0.25 | V25: =(T25-S25)*24*60 -> 60 | AC25: 7 | AE25: =M25-J25 -> -69 | AF25: =M25/J25 -> 0.9655 | AG25: =AF32 -> 0.96178066
A26: 新豐7線 | B26: 微波主食 | C26: 鐵板滑蛋炸豬排丼 | E26: 57.73 | F26: 2575 | G26: =E26*F26 -> 148654.75 | I26: 14 | J26: 2000 | K26: =J26/I26 -> 142.85714 | L26: 14 | M26: =F26/V26*60 -> 1907.4074 | N26: =M26/L26 -> 136.24339 | O26: =L26-I26 -> 0 | P26: =N26-K26 -> -6.6137566 | Q26: =N26/K26 -> 0.9537037 | S26: 0.25486111 | T26: 0.31111111 | U26: =IF(S26=TIME(17,0,0),"",(S26-T25)*24*60) -> 7 | V26: =(T26-S26)*24*60 -> 81 | AE26: =M26-J26 -> -92.592593 | AF26: =M26/J26 -> 0.9537037
A27: 新豐7線 | B27: 微波主食 | C27: 日式炙烤親子丼 | E27: 53.27 | F27: 1625 | G27: =E27*F27 -> 86563.75 | I27: 16 | J27: 2000 | K27: =J27/I27 -> 125 | L27: 16 | M27: =F27/V27*60 -> 1911.7647 | N27: =M27/L27 -> 119.48529 | O27: =L27-I27 -> 0 | P27: =N27-K27 -> -5.5147059 | Q27: =N27/K27 -> 0.95588235 | S27: 0.31666667 | T27: 0.35208333 | U27: =IF(S27=TIME(17,0,0),"",(S27-T26)*24*60) -> 8 | V27: =(T27-S27)*24*60 -> 51 | AE27: =M27-J27 -> -88.235294 | AF27: =M27/J27 -> 0.95588235
A28: 新豐7線 | B28: 微波主食 | C28: 二配厚香料優格咖哩雞排飯 | E28: 56.43 | F28: 1612 | G28: =E28*F28 -> 90965.16 | I28: 13 | J28: 2000 | K28: =J28/I28 -> 153.84615 | L28: 13 | M28: =F28/V28*60 -> 1934.4 | N28: =M28/L28 -> 148.8 | O28: =L28-I28 -> 0 | P28: =N28-K28 -> -5.0461538 | Q28: =N28/K28 -> 0.9672 | S28: 0.70833333 | T28: 0.74305556 | U28: =IF(S28=TIME(17,0,0),"",(S28-T27)*24*60) | V28: =(T28-S28)*24*60 -> 50 | AE28: =M28-J28 -> -65.6 | AF28: =M28/J28 -> 0.9672
A29: 新豐7線 | B29: 微波主食 | C29: 二配美味蟹煲 | E29: 54.09 | F29: 2600 | G29: =E29*F29 -> 140634 | I29: 18 | J29: 2000 | K29: =J29/I29 -> 111.11111 | L29: 18 | M29: =F29/V29*60 -> 1925.9259 | N29: =M29/L29 -> 106.99588 | O29: =L29-I29 -> 0 | P29: =N29-K29 -> -4.1152263 | Q29: =N29/K29 -> 0.96296296 | S29: 0.74791667 | T29: 0.80416667 | U29: =IF(S29=TIME(17,0,0),"",(S29-T28)*24*60) -> 7 | V29: =(T29-S29)*24*60 -> 81 | AE29: =M29-J29 -> -74.074074 | AF29: =M29/J29 -> 0.96296296
A30: 新豐7線 | B30: 微波主食 | C30: 二配泰式檸檬魚飯 | E30: 57.3 | F30: 1000 | G30: =E30*F30 -> 57300 | H30: 2 | I30: 16 | J30: 2000 | K30: =J30/I30 -> 125 | L30: 16 | M30: =F30/V30*60 -> 1935.4839 | N30: =M30/L30 -> 120.96774 | O30: =L30-I30 -> 0 | P30: =N30-K30 -> -4.0322581 | Q30: =N30/K30 -> 0.96774194 | S30: 0.80902778 | T30: 0.83055556 | U30: =IF(S30=TIME(17,0,0),"",(S30-T29)*24*60) -> 7 | V30: =(T30-S30)*24*60 -> 31 | W30: =T30 -> 0.83055556 | X30: =S31 -> 0.86875 | AE30: =M30-J30 -> -64.516129 | AF30: =M30/J30 -> 0.96774194
A31: 新豐7線 | B31: 微波主食 | C31: 二配泰式檸檬魚飯 | E31: 57.3 | F31: 1823 | G31: =E31*F31 -> 104457.9 | I31: 16 | J31: 2000 | K31: =J31/I31 -> 125 | L31: 16 | M31: =F31/V31*60 -> 1918.9474 | N31: =M31/L31 -> 119.93421 | O31: =L31-I31 -> 0 | P31: =N31-K31 -> -5.0657895 | Q31: =N31/K31 -> 0.95947368 | S31: 0.86875 | T31: 0.90833333 | U31: =IF(S31=TIME(17,0,0),"",(S31-T30)*24*60) -> 55 | V31: =(T31-S31)*24*60 -> 57 | AE31: =M31-J31 -> -81.052632 | AF31: =M31/J31 -> 0.95947368
A32: 新豐7線 | B32: 平均 | I32: 15.714286 | J32: 2000 | K32: =J32/I32 -> 127.27273 | L32: 15.714286 | M32: =AVERAGE(M25:M31) -> 1923.5613 | N32: =M32/L32 -> 122.40845 | O32: =L32-I32 -> 0 | P32: =N32-K32 -> -4.8642793 | Q32: =N32/K32 -> 0.96178066 | Y32: =SUM(Y25:Y31) -> 0 | Z32: =SUM(Z25:Z31) -> 0 | AC32: 7 | AD32: =SUM(AD25:AD31) -> 0 | AE32: =M32-J32 -> -76.438674 | AF32: =M32/J32 -> 0.96178066
A33: 新豐8線 | B33: 三明治 | C33: 紐奧良風味烤雞鮮蔬三明治 | E33: 31.29 | F33: 5800 | G33: =E33*F33 -> 181482 | H33: 2 | I33: 18 | J33: 2400 | K33: =J33/I33 -> 133.33333 | L33: 18 | M33: =F33/V33*60 -> 2289.4737 | N33: =M33/L33 -> 127.19298 | O33: =L33-I33 -> 0 | P33: =N33-K33 -> -6.1403509 | Q33: =N33/K33 -> 0.95394737 | R33: =Q42 -> 0.95719858 | S33: 0.083333333 | T33: 0.18888889 | V33: =(T33-S33)*24*60 -> 152 | W33: =T33 -> 0.18888889 | X33: =S34 -> 0.20833333 | AC33: 9 | AE33: =M33-J33 -> -110.52632 | AF33: =M33/J33 -> 0.95394737 | AG33: =AF42 -> 0.95719858
A34: 新豐8線 | B34: 三明治 | C34: 醬燒烤雞三明治(115年) | E34: 26.37 | F34: 3800 | G34: =E34*F34 -> 100206 | H34: 2 | I34: 18 | J34: 2400 | K34: =J34/I34 -> 133.33333 | L34: 18 | M34: =F34/V34*60 -> 2303.0303 | N34: =M34/L34 -> 127.94613 | O34: =L34-I34 -> 0 | P34: =N34-K34 -> -5.3872054 | Q34: =N34/K34 -> 0.95959596 | S34: 0.20833333 | T34: 0.27708333 | U34: =(S34-T33)*24*60 -> 28 | V34: =(T34-S34)*24*60 -> 99 | AE34: =M34-J34 -> -96.969697 | AF34: =M34/J34 -> 0.95959596
A35: 新豐8線 | B35: 三明治 | C35: 鮪魚起司溏心蛋三明治(115年) | E35: 26.18 | F35: 5000 | G35: =E35*F35 -> 130900 | H35: 2 | I35: 18 | J35: 2400 | K35: =J35/I35 -> 133.33333 | L35: 18 | M35: =F35/V35*60 -> 2290.0763 | N35: =M35/L35 -> 127.22646 | O35: =L35-I35 -> 0 | P35: =N35-K35 -> -6.1068702 | Q35: =N35/K35 -> 0.95419847 | S35: 0.28194444 | T35: 0.37291667 | U35: =(S35-T34)*24*60 -> 7 | V35: =(T35-S35)*24*60 -> 131 | AE35: =M35-J35 -> -109.92366 | AF35: =M35/J35 -> 0.95419847
A36: 新豐8線 | B36: 三明治 | C36: 茄汁厚起司三明治 | E36: 25.99 | F36: 1349 | G36: =E36*F36 -> 35060.51 | I36: 18 | J36: 2400 | K36: =J36/I36 -> 133.33333 | L36: 18 | M36: =F36/V36*60 -> 2312.5714 | N36: =M36/L36 -> 128.47619 | O36: =L36-I36 -> 0 | P36: =N36-K36 -> -4.8571429 | Q36: =N36/K36 -> 0.96357143 | S36: 0.37638889 | T36: 0.40069444 | U36: =(S36-T35)*24*60 -> 5 | V36: =(T36-S36)*24*60 -> 35 | AE36: =M36-J36 -> -87.428571 | AF36: =M36/J36 -> 0.96357143
A37: 新豐8線 | B37: 三明治 | C37: 雞蛋沙拉三明治(114年) | E37: 25.99 | F37: 4036 | G37: =E37*F37 -> 104895.64 | I37: 14 | J37: 2400 | K37: =J37/I37 -> 171.42857 | L37: 14 | M37: =F37/V37*60 -> 2284.5283 | N37: =M37/L37 -> 163.18059 | O37: =L37-I37 -> 0 | P37: =N37-K37 -> -8.2479784 | Q37: =N37/K37 -> 0.95188679 | S37: 0.40486111 | T37: 0.47847222 | U37: =(S37-T36)*24*60 -> 6 | V37: =(T37-S37)*24*60 -> 106 | W37: =T37 -> 0.47847222 | X37: =S38 -> 0.51736111 | AE37: =M37-J37 -> -115.4717 | AF37: =M37/J37 -> 0.95188679
A38: 新豐8線 | B38: 三明治 | C38: 紐奧良風味烤雞鮮蔬三明治 | E38: 31.29 | F38: 4133 | G38: =E38*F38 -> 129321.57 | I38: 18 | J38: 2400 | K38: =J38/I38 -> 133.33333 | L38: 18 | M38: =F38/V38*60 -> 2296.1111 | N38: =M38/L38 -> 127.56173 | O38: =L38-I38 -> 0 | P38: =N38-K38 -> -5.7716049 | Q38: =N38/K38 -> 0.95671296 | S38: 0.51736111 | T38: 0.59236111 | U38: =(S38-T37)*24*60 -> 56 | V38: =(T38-S38)*24*60 -> 108 | AE38: =M38-J38 -> -103.88889 | AF38: =M38/J38 -> 0.95671296
A39: 新豐8線 | B39: 三明治 | C39: 醬燒烤雞三明治(115年) | E39: 26.37 | F39: 2860 | G39: =E39*F39 -> 75418.2 | I39: 18 | J39: 2400 | K39: =J39/I39 -> 133.33333 | L39: 18 | M39: =F39/V39*60 -> 2288 | N39: =M39/L39 -> 127.11111 | O39: =L39-I39 -> 0 | P39: =N39-K39 -> -6.2222222 | Q39: =N39/K39 -> 0.95333333 | S39: 0.59722222 | T39: 0.64930556 | U39: =(S39-T38)*24*60 -> 7 | V39: =(T39-S39)*24*60 -> 75 | AE39: =M39-J39 -> -112 | AF39: =M39/J39 -> 0.95333333
A40: 新豐8線 | B40: 三明治 | C40: 鮪魚起司溏心蛋三明治(115年) | E40: 26.18 | F40: 3335 | G40: =E40*F40 -> 87310.3 | I40: 18 | J40: 2400 | K40: =J40/I40 -> 133.33333 | L40: 18 | M40: =F40/V40*60 -> 2300 | N40: =M40/L40 -> 127.77778 | O40: =L40-I40 -> 0 | P40: =N40-K40 -> -5.5555556 | Q40: =N40/K40 -> 0.95833333 | S40: 0.65416667 | T40: 0.71458333 | U40: =(S40-T39)*24*60 -> 7 | V40: =(T40-S40)*24*60 -> 87 | AE40: =M40-J40 -> -100 | AF40: =M40/J40 -> 0.95833333
A41: 新豐8線 | B41: 三明治 | C41: 肉鬆火腿三明治(115年) | E41: 20.36 | F41: 2042 | G41: =E41*F41 -> 41575.12 | I41: 17 | J41: 2400 | K41: =J41/I41 -> 141.17647 | L41: 17 | M41: =F41/V41*60 -> 2311.6981 | N41: =M41/L41 -> 135.98224 | O41: =L41-I41 -> 0 | P41: =N41-K41 -> -5.1942286 | Q41: =N41/K41 -> 0.96320755 | S41: 0.71805556 | T41: 0.75486111 | U41: =(S41-T40)*24*60 -> 5 | V41: =(T41-S41)*24*60 -> 53 | AE41: =M41-J41 -> -88.301887 | AF41: =M41/J41 -> 0.96320755
A42: 新豐8線 | B42: 平均 | I42: 17.444444 | J42: 2400 | K42: =J42/I42 -> 137.57962 | L42: 17.444444 | M42: =AVERAGE(M33:M41) -> 2297.2766 | N42: =M42/L42 -> 131.69101 | O42: =L42-I42 -> 0 | P42: =N42-K42 -> -5.8886033 | Q42: =N42/K42 -> 0.95719858 | Y42: =SUM(Y33:Y41) -> 0 | Z42: =SUM(Z33:Z41) -> 0 | AC42: 9 | AD42: =SUM(AD33:AD41) -> 0 | AE42: =M42-J42 -> -102.72341 | AF42: =M42/J42 -> 0.95719858
A43: 新豐9線 | B43: 三明治 | C43: 經典總匯三明治(115年) | E43: 26.18 | F43: 3600 | G43: =E43*F43 -> 94248 | H43: 2 | I43: 20 | J43: 2400 | K43: =J43/I43 -> 120 | L43: 20 | M43: =F43/V43*60 -> 2297.8723 | N43: =M43/L43 -> 114.89362 | O43: =L43-I43 -> 0 | P43: =N43-K43 -> -5.106383 | Q43: =N43/K43 -> 0.95744681 | R43: =Q53 -> 0.95819339 | S43: 0.083333333 | T43: 0.14861111 | V43: =(T43-S43)*24*60 -> 94 | W43: =T43 -> 0.14861111 | X43: =S44 -> 0.16736111 | AC43: 10 | AE43: =M43-J43 -> -102.12766 | AF43: =M43/J43 -> 0.95744681 | AG43: =AF53 -> 0.95819339
A44: 新豐9線 | B44: 三明治 | C44: 經典火腿玉米蛋三明治 | E44: 24.43 | F44: 4300 | G44: =E44*F44 -> 105049 | H44: 2 | I44: 14 | J44: 2400 | K44: =J44/I44 -> 171.42857 | L44: 14 | M44: =F44/V44*60 -> 2303.5714 | N44: =M44/L44 -> 164.54082 | O44: =L44-I44 -> 0 | P44: =N44-K44 -> -6.8877551 | Q44: =N44/K44 -> 0.95982143 | S44: 0.16736111 | T44: 0.24513889 | U44: =(S44-T43)*24*60 -> 27 | V44: =(T44-S44)*24*60 -> 112 | AE44: =M44-J44 -> -96.428571 | AF44: =M44/J44 -> 0.95982143
A45: 新豐9線 | B45: 三明治 | C45: 五彩鮮蔬三明治 | E45: 25.98 | F45: 2200 | G45: =E45*F45 -> 57156 | H45: 2 | I45: 20 | J45: 2400 | K45: =J45/I45 -> 120 | L45: 20 | M45: =F45/V45*60 -> 2315.7895 | N45: =M45/L45 -> 115.78947 | O45: =L45-I45 -> 0 | P45: =N45-K45 -> -4.2105263 | Q45: =N45/K45 -> 0.96491228 | S45: 0.24861111 | T45: 0.28819444 | U45: =(S45-T44)*24*60 -> 5 | V45: =(T45-S45)*24*60 -> 57 | AE45: =M45-J45 -> -84.210526 | AF45: =M45/J45 -> 0.96491228
A46: 新豐9線 | B46: 三明治 | C46: 好多蛋三明治 | E46: 34.1 | F46: 6592 | G46: =E46*F46 -> 224787.2 | I46: 17 | J46: 1600 | K46: =J46/I46 -> 94.117647 | L46: 17 | M46: =F46/V46*60 -> 1521.2308 | N46: =M46/L46 -> 89.484163 | O46: =L46-I46 -> 0 | P46: =N46-K46 -> -4.6334842 | Q46: =N46/K46 -> 0.95076923 | S46: 0.29236111 | T46: 0.47291667 | U46: =(S46-T45)*24*60 -> 6 | V46: =(T46-S46)*24*60 -> 260 | AE46: =M46-J46 -> -78.769231 | AF46: =M46/J46 -> 0.95076923
A47: 新豐9線 | B47: 三明治 | C47: 榛果摩卡脆脆三明治 | E47: 20.21 | F47: 2465 | G47: =E47*F47 -> 49817.65 | I47: 18 | J47: 2400 | K47: =J47/I47 -> 133.33333 | L47: 18 | M47: =F47/V47*60 -> 2310.9375 | N47: =M47/L47 -> 128.38542 | O47: =L47-I47 -> 0 | P47: =N47-K47 -> -4.9479167 | Q47: =N47/K47 -> 0.96289063 | S47: 0.47638889 | T47: 0.52083333 | U47: =(S47-T46)*24*60 -> 5 | V47: =(T47-S47)*24*60 -> 64 | W47: =T47 -> 0.52083333 | X47: =S48 -> 0.55902778 | AE47: =M47-J47 -> -89.0625 | AF47: =M47/J47 -> 0.96289063
A48: 新豐9線 | B48: 三明治 | C48: 經典總匯三明治(115年) | E48: 26.18 | F48: 2673 | G48: =E48*F48 -> 69979.14 | I48: 20 | J48: 2400 | K48: =J48/I48 -> 120 | L48: 20 | M48: =F48/V48*60 -> 2291.1429 | N48: =M48/L48 -> 114.55714 | O48: =L48-I48 -> 0 | P48: =N48-K48 -> -5.4428571 | Q48: =N48/K48 -> 0.95464286 | S48: 0.55902778 | T48: 0.60763889 | U48: =(S48-T47)*24*60 -> 55 | V48: =(T48-S48)*24*60 -> 70 | AE48: =M48-J48 -> -108.85714 | AF48: =M48/J48 -> 0.95464286
A49: 新豐9線 | B49: 三明治 | C49: 經典火腿玉米蛋三明治 | E49: 24.43 | F49: 3465 | G49: =E49*F49 -> 84649.95 | I49: 14 | J49: 2400 | K49: =J49/I49 -> 171.42857 | L49: 14 | M49: =F49/V49*60 -> 2284.6154 | N49: =M49/L49 -> 163.18681 | O49: =L49-I49 -> 0 | P49: =N49-K49 -> -8.2417582 | Q49: =N49/K49 -> 0.95192308 | S49: 0.61111111 | T49: 0.67430556 | U49: =(S49-T48)*24*60 -> 5 | V49: =(T49-S49)*24*60 -> 91 | AE49: =M49-J49 -> -115.38462 | AF49: =M49/J49 -> 0.95192308
A50: 新豐9線 | B50: 三明治 | C50: 五彩鮮蔬三明治 | E50: 25.98 | F50: 1545 | G50: =E50*F50 -> 40139.1 | I50: 20 | J50: 2400 | K50: =J50/I50 -> 120 | L50: 20 | M50: =F50/V50*60 -> 2317.5 | N50: =M50/L50 -> 115.875 | O50: =L50-I50 -> 0 | P50: =N50-K50 -> -4.125 | Q50: =N50/K50 -> 0.965625 | S50: 0.67777778 | T50: 0.70555556 | U50: =(S50-T49)*24*60 -> 5 | V50: =(T50-S50)*24*60 -> 40 | AE50: =M50-J50 -> -82.5 | AF50: =M50/J50 -> 0.965625
A51: 新豐9線 | B51: 三明治 | C51: 水果聖代三明治 | E51: 28.29 | F51: 2071 | G51: =E51*F51 -> 58588.59 | I51: 21 | J51: 2400 | K51: =J51/I51 -> 114.28571 | L51: 21 | M51: =F51/V51*60 -> 2301.1111 | N51: =M51/L51 -> 109.57672 | O51: =L51-I51 -> 0 | P51: =N51-K51 -> -4.7089947 | Q51: =N51/K51 -> 0.9587963 | S51: 0.71041667 | T51: 0.74791667 | U51: =(S51-T50)*24*60 -> 7 | V51: =(T51-S51)*24*60 -> 54 | AE51: =M51-J51 -> -98.888889 | AF51: =M51/J51 -> 0.9587963
A52: 新豐9線 | B52: 三明治 | C52: 起司芋見肉鬆三明治 | E52: 25.98 | F52: 1448 | G52: =E52*F52 -> 37619.04 | I52: 17 | J52: 2400 | K52: =J52/I52 -> 141.17647 | L52: 17 | M52: =F52/V52*60 -> 2286.3158 | N52: =M52/L52 -> 134.48916 | O52: =L52-I52 -> 0 | P52: =N52-K52 -> -6.6873065 | Q52: =N52/K52 -> 0.95263158 | S52: 0.75347222 | T52: 0.77986111 | U52: =(S52-T51)*24*60 -> 8 | V52: =(T52-S52)*24*60 -> 38 | AE52: =M52-J52 -> -113.68421 | AF52: =M52/J52 -> 0.95263158
A53: 新豐9線 | B53: 平均 | I53: 18.1 | J53: 2320 | K53: =J53/I53 -> 128.1768 | L53: 18.1 | M53: =AVERAGE(M43:M52) -> 2223.0087 | N53: =M53/L53 -> 122.81816 | O53: =L53-I53 -> 0 | P53: =N53-K53 -> -5.3586373 | Q53: =N53/K53 -> 0.95819339 | Y53: =SUM(Y43:Y52) -> 0 | Z53: =SUM(Z43:Z52) -> 0 | AC53: 10 | AD53: =SUM(AD43:AD52) -> 0 | AE53: =M53-J53 -> -96.991335 | AF53: =M53/J53 -> 0.95819339
A54: 新豐3線 | B54: 調理麵包 | C54: 厚豆腐蛋白蕈菇豬肉堡 | E54: 34.36 | F54: 2207 | G54: =E54*F54 -> 75832.52 | I54: 10 | J54: 3000 | K54: =J54/I54 -> 300 | L54: 10 | M54: =F54/V54*60 -> 2878.6957 | N54: =M54/L54 -> 287.86957 | O54: =L54-I54 -> 0 | P54: =N54-K54 -> -12.130435 | Q54: =N54/K54 -> 0.95956522 | R54: =Q59 -> 0.96134959 | S54: 0.20833333 | T54: 0.24027778 | V54: =(T54-S54)*24*60 -> 46 | AC54: 5 | AE54: =M54-J54 -> -121.30435 | AF54: =M54/J54 -> 0.95956522 | AG54: =AF59 -> 0.96134959
A55: 新豐3線 | B55: 調理麵包 | C55: 豬肉起司堡 | E55: 21.13 | F55: 5930 | G55: =E55*F55 -> 125300.9 | I55: 10 | J55: 3000 | K55: =J55/I55 -> 300 | L55: 10 | M55: =F55/V55*60 -> 2869.3548 | N55: =M55/L55 -> 286.93548 | O55: =L55-I55 -> 0 | P55: =N55-K55 -> -13.064516 | Q55: =N55/K55 -> 0.95645161 | S55: 0.24444444 | T55: 0.33055556 | U55: =(S55-T54)*24*60 -> 6 | V55: =(T55-S55)*24*60 -> 124 | AE55: =M55-J55 -> -130.64516 | AF55: =M55/J55 -> 0.95645161
A56: 新豐3線 | B56: 調理麵包 | C56: 豬肉起司蛋堡 | E56: 27.17 | F56: 5341 | G56: =E56*F56 -> 145114.97 | I56: 10 | J56: 3000 | K56: =J56/I56 -> 300 | L56: 10 | M56: =F56/V56*60 -> 2861.25 | N56: =M56/L56 -> 286.125 | O56: =L56-I56 -> 0 | P56: =N56-K56 -> -13.875 | Q56: =N56/K56 -> 0.95375 | S56: 0.33402778 | T56: 0.41180556 | U56: =(S56-T55)*24*60 -> 5 | V56: =(T56-S56)*24*60 -> 112 | AE56: =M56-J56 -> -138.75 | AF56: =M56/J56 -> 0.95375
A57: 新豐3線 | B57: 調理麵包 | C57: 美式雞腿堡 | E57: 35.87 | F57: 2536 | G57: =E57*F57 -> 90966.32 | I57: 9 | J57: 3000 | K57: =J57/I57 -> 333.33333 | L57: 9 | M57: =F57/V57*60 -> 2870.9434 | N57: =M57/L57 -> 318.99371 | O57: =L57-I57 -> 0 | P57: =N57-K57 -> -14.339623 | Q57: =N57/K57 -> 0.95698113 | S57: 0.41527778 | T57: 0.45208333 | U57: =(S57-T56)*24*60 -> 5 | V57: =(T57-S57)*24*60 -> 53 | AE57: =M57-J57 -> -129.0566 | AF57: =M57/J57 -> 0.95698113
A58: 新豐3線 | B58: 調理麵包 | C58: 黃金魚堡(114年) | E58: 34.35 | F58: 931 | G58: =E58*F58 -> 31979.85 | I58: 8 | J58: 3000 | K58: =J58/I58 -> 375 | L58: 8 | M58: =F58/V58*60 -> 2940 | N58: =M58/L58 -> 367.5 | O58: =L58-I58 -> 0 | P58: =N58-K58 -> -7.5 | Q58: =N58/K58 -> 0.98 | S58: 0.45555556 | T58: 0.46875 | U58: =(S58-T57)*24*60 -> 5 | V58: =(T58-S58)*24*60 -> 19 | AE58: =M58-J58 -> -60 | AF58: =M58/J58 -> 0.98
A59: 新豐3線 | B59: 平均 | I59: 9.4 | J59: 3000 | K59: =J59/I59 -> 319.14894 | L59: 9.4 | M59: =AVERAGE(M54:M58) -> 2884.0488 | N59: =M59/L59 -> 306.8137 | O59: =L59-I59 -> 0 | P59: =N59-K59 -> -12.335236 | Q59: =N59/K59 -> 0.96134959 | Y59: =SUM(Y54:Y58) -> 0 | Z59: =SUM(Z54:Z58) -> 0 | AC59: 5 | AD59: =SUM(AD54:AD58) -> 0 | AE59: =M59-J59 -> -115.95122 | AF59: =M59/J59 -> 0.96134959
A60: 新豐1線 | B60: 小吃 | C60: 泰式炒河粉 | E60: 51.44 | F60: 9278 | G60: =E60*F60 -> 477260.32 | I60: 18 | J60: 2000 | K60: =J60/I60 -> 111.11111 | L60: 18 | M60: =F60/V60*60 -> 1906.4384 | N60: =M60/L60 -> 105.91324 | O60: =L60-I60 -> 0 | P60: =N60-K60 -> -5.1978691 | Q60: =N60/K60 -> 0.95321918 | R60: =Q70 -> 0.96227946 | S60: 0.083333333 | T60: 0.28611111 | V60: =(T60-S60)*24*60 -> 292 | W60: =T60 -> 0.28611111 | X60: =S61 -> 0.30625 | AC60: 10 | AE60: =M60-J60 -> -93.561644 | AF60: =M60/J60 -> 0.95321918 | AG60: =AF70 -> 0.96227946
A61: 新豐1線 | B61: 微波主食 | C61: 爆炒雞丁飯 | E61: 59.04 | F61: 1888 | G61: =E61*F61 -> 111467.52 | I61: 19 | J61: 2000 | K61: =J61/I61 -> 105.26316 | L61: 19 | M61: =F61/V61*60 -> 1920 | N61: =M61/L61 -> 101.05263 | O61: =L61-I61 -> 0 | P61: =N61-K61 -> -4.2105263 | Q61: =N61/K61 -> 0.96 | S61: 0.30625 | T61: 0.34722222 | U61: =IF(S61=TIME(17,0,0),"",(S61-T60)*24*60) -> 29 | V61: =(T61-S61)*24*60 -> 59 | AE61: =M61-J61 -> -80 | AF61: =M61/J61 -> 0.96
A62: 新豐1線 | B62: 微波主食 | C62: 壹號醬雞豚雙拼 | E62: 56.43 | F62: 1325 | G62: =E62*F62 -> 74769.75 | I62: 22 | J62: 2000 | K62: =J62/I62 -> 90.909091 | L62: 22 | M62: =F62/V62*60 -> 1939.0244 | N62: =M62/L62 -> 88.137472 | O62: =L62-I62 -> 0 | P62: =N62-K62 -> -2.7716186 | Q62: =N62/K62 -> 0.9695122 | S62: 0.35208333 | T62: 0.38055556 | U62: =IF(S62=TIME(17,0,0),"",(S62-T61)*24*60) -> 7 | V62: =(T62-S62)*24*60 -> 41 | AE62: =M62-J62 -> -60.97561 | AF62: =M62/J62 -> 0.9695122
A63: 新豐1線 | B63: 微波主食 | C63: 炙烤醬香燒豚飯 | E63: 51.44 | F63: 1914 | G63: =E63*F63 -> 98456.16 | I63: 25 | J63: 2000 | K63: =J63/I63 -> 80 | L63: 25 | M63: =F63/V63*60 -> 1914 | N63: =M63/L63 -> 76.56 | O63: =L63-I63 -> 0 | P63: =N63-K63 -> -3.44 | Q63: =N63/K63 -> 0.957 | S63: 0.38611111 | T63: 0.42777778 | U63: =IF(S63=TIME(17,0,0),"",(S63-T62)*24*60) -> 8 | V63: =(T63-S63)*24*60 -> 60 | AE63: =M63-J63 -> -86 | AF63: =M63/J63 -> 0.957
A64: 新豐1線 | B64: 沙拉 | C64: 蔥鹽雞肉麵沙拉(114年) | E64: 46 | F64: 1905 | G64: =E64*F64 -> 87630 | I64: 16 | J64: 2000 | K64: =J64/I64 -> 125 | L64: 16 | M64: =F64/V64*60 -> 1905 | N64: =M64/L64 -> 119.0625 | O64: =L64-I64 -> 0 | P64: =N64-K64 -> -5.9375 | Q64: =N64/K64 -> 0.9525 | S64: 0.43125 | T64: 0.47291667 | U64: =IF(S64=TIME(17,0,0),"",(S64-T63)*24*60) -> 5 | V64: =(T64-S64)*24*60 -> 60 | AE64: =M64-J64 -> -95 | AF64: =M64/J64 -> 0.9525
A65: 新豐1線 | B65: 沙拉 | C65: 莎莎烤雞麵沙拉(115年) | E65: 46 | F65: 2153 | G65: =E65*F65 -> 99038 | I65: 17 | J65: 2000 | K65: =J65/I65 -> 117.64706 | L65: 17 | M65: =F65/V65*60 -> 1928.0597 | N65: =M65/L65 -> 113.41528 | O65: =L65-I65 -> 0 | P65: =N65-K65 -> -4.2317823 | Q65: =N65/K65 -> 0.96402985 | S65: 0.47708333 | T65: 0.52361111 | U65: =IF(S65=TIME(17,0,0),"",(S65-T64)*24*60) -> 6 | V65: =(T65-S65)*24*60 -> 67 | AE65: =M65-J65 -> -71.940299 | AF65: =M65/J65 -> 0.96402985
A66: 新豐1線 | B66: 微波主食 | C66: 二配香辣醬蒜味香腸蛋炒飯 | E66: 55.56 | F66: 1000 | G66: =E66*F66 -> 55560 | H66: 2 | I66: 17 | J66: 2000 | K66: =J66/I66 -> 117.64706 | L66: 17 | M66: =F66/V66*60 -> 1935.4839 | N66: =M66/L66 -> 113.85199 | O66: =L66-I66 -> 0 | P66: =N66-K66 -> -3.7950664 | Q66: =N66/K66 -> 0.96774194 | S66: 0.70833333 | T66: 0.72986111 | U66: =IF(S66=TIME(17,0,0),"",(S66-T65)*24*60) | V66: =(T66-S66)*24*60 -> 31 | AE66: =M66-J66 -> -64.516129 | AF66: =M66/J66 -> 0.96774194
A67: 新豐1線 | B67: 微波主食 | C67: 二配藤椒雞丁炒飯 | E67: 54.09 | F67: 1106 | G67: =E67*F67 -> 59823.54 | I67: 13 | J67: 2000 | K67: =J67/I67 -> 153.84615 | L67: 13 | M67: =F67/V67*60 -> 1951.7647 | N67: =M67/L67 -> 150.13575 | O67: =L67-I67 -> 0 | P67: =N67-K67 -> -3.7104072 | Q67: =N67/K67 -> 0.97588235 | S67: 0.73541667 | T67: 0.75902778 | U67: =IF(S67=TIME(17,0,0),"",(S67-T66)*24*60) -> 8 | V67: =(T67-S67)*24*60 -> 34 | AE67: =M67-J67 -> -48.235294 | AF67: =M67/J67 -> 0.97588235
A68: 新豐1線 | B68: 微波主食 | C68: 二配打拋風味豬肉飯 | E68: 51.06 | F68: 3160 | G68: =E68*F68 -> 161349.6 | I68: 13 | J68: 2000 | K68: =J68/I68 -> 153.84615 | L68: 13 | M68: =F68/V68*60 -> 1915.1515 | N68: =M68/L68 -> 147.31935 | O68: =L68-I68 -> 0 | P68: =N68-K68 -> -6.5268065 | Q68: =N68/K68 -> 0.95757576 | S68: 0.76388889 | T68: 0.83263889 | U68: =IF(S68=TIME(17,0,0),"",(S68-T67)*24*60) -> 7 | V68: =(T68-S68)*24*60 -> 99 | W68: =T68 -> 0.83263889 | X68: =S69 -> 0.87291667 | AE68: =M68-J68 -> -84.848485 | AF68: =M68/J68 -> 0.95757576
A69: 新豐1線 | B69: 微波主食 | C69: 二配香辣醬蒜味香腸蛋炒飯 | E69: 55.56 | F69: 1448 | G69: =E69*F69 -> 80450.88 | I69: 17 | J69: 2000 | K69: =J69/I69 -> 117.64706 | L69: 17 | M69: =F69/V69*60 -> 1930.6667 | N69: =M69/L69 -> 113.56863 | O69: =L69-I69 -> 0 | P69: =N69-K69 -> -4.0784314 | Q69: =N69/K69 -> 0.96533333 | S69: 0.87291667 | T69: 0.90416667 | U69: =IF(S69=TIME(17,0,0),"",(S69-T68)*24*60) -> 58 | V69: =(T69-S69)*24*60 -> 45 | AE69: =M69-J69 -> -69.333333 | AF69: =M69/J69 -> 0.96533333
A70: 新豐1線 | B70: 平均 | I70: 17.7 | J70: 2000 | K70: =J70/I70 -> 112.99435 | L70: 17.7 | M70: =AVERAGE(M60:M69) -> 1924.5589 | N70: =M70/L70 -> 108.73214 | O70: =L70-I70 -> 0 | P70: =N70-K70 -> -4.2622079 | Q70: =N70/K70 -> 0.96227946 | Y70: =SUM(Y60:Y69) -> 0 | Z70: =SUM(Z60:Z69) -> 0 | AC70: 10 | AD70: =SUM(AD60:AD69) -> 0 | AE70: =M70-J70 -> -75.441079 | AF70: =M70/J70 -> 0.96227946
A71: 新豐10線 | B71: 調理麵包 | C71: 經典雙牛起司堡(113年) | E71: 35.12 | F71: 4874 | G71: =E71*F71 -> 171174.88 | I71: 10 | J71: 3000 | K71: =J71/I71 -> 300 | L71: 10 | M71: =F71/V71*60 -> 2867.0588 | N71: =M71/L71 -> 286.70588 | O71: =L71-I71 -> 0 | P71: =N71-K71 -> -13.294118 | Q71: =N71/K71 -> 0.95568627 | R71: =Q75 -> 0.95662503 | S71: 0.20833333 | T71: 0.27916667 | V71: =(T71-S71)*24*60 -> 102 | AC71: 4 | AE71: =M71-J71 -> -132.94118 | AF71: =M71/J71 -> 0.95568627 | AG71: =AF75 -> 0.95662503
A72: 新豐10線 | B72: 調理麵包 | C72: 香雞蛋堡(112年) | E72: 26.78 | F72: 2591 | G72: =E72*F72 -> 69386.98 | I72: 10 | J72: 3000 | K72: =J72/I72 -> 300 | L72: 10 | M72: =F72/V72*60 -> 2878.8889 | N72: =M72/L72 -> 287.88889 | O72: =L72-I72 -> 0 | P72: =N72-K72 -> -12.111111 | Q72: =N72/K72 -> 0.95962963 | S72: 0.28402778 | T72: 0.32152778 | U72: =(S72-T71)*24*60 -> 7 | V72: =(T72-S72)*24*60 -> 54 | AE72: =M72-J72 -> -121.11111 | AF72: =M72/J72 -> 0.95962963
A73: 新豐10線 | B73: 調理麵包 | C73: 元氣起司鱈魚堡 | E73: 36.14 | F73: 1919 | G73: =E73*F73 -> 69352.66 | I73: 11 | J73: 3000 | K73: =J73/I73 -> 272.72727 | L73: 11 | M73: =F73/V73*60 -> 2878.5 | N73: =M73/L73 -> 261.68182 | O73: =L73-I73 -> 0 | P73: =N73-K73 -> -11.045455 | Q73: =N73/K73 -> 0.9595 | S73: 0.32638889 | T73: 0.35416667 | U73: =(S73-T72)*24*60 -> 7 | V73: =(T73-S73)*24*60 -> 40 | AE73: =M73-J73 -> -121.5 | AF73: =M73/J73 -> 0.9595
A74: 新豐10線 | B74: 調理麵包 | C74: 超HOT雞腿堡 | E74: 35.87 | F74: 9041 | G74: =E74*F74 -> 324300.67 | I74: 10 | J74: 3000 | K74: =J74/I74 -> 300 | L74: 10 | M74: =F74/V74*60 -> 2855.0526 | N74: =M74/L74 -> 285.50526 | O74: =L74-I74 -> 0 | P74: =N74-K74 -> -14.494737 | Q74: =N74/K74 -> 0.95168421 | S74: 0.35972222 | T74: 0.49166667 | U74: =(S74-T73)*24*60 -> 8 | V74: =(T74-S74)*24*60 -> 190 | AE74: =M74-J74 -> -144.94737 | AF74: =M74/J74 -> 0.95168421
A75: 新豐10線 | B75: 平均 | I75: 10.25 | J75: 3000 | K75: =J75/I75 -> 292.68293 | L75: 10.25 | M75: =AVERAGE(M71:M74) -> 2869.8751 | N75: =M75/L75 -> 279.98781 | O75: =L75-I75 -> 0 | P75: =N75-K75 -> -12.695114 | Q75: =N75/K75 -> 0.95662503 | Y75: =SUM(Y71:Y74) -> 0 | Z75: =SUM(Z71:Z74) -> 0 | AC75: 4 | AD75: =SUM(AD71:AD74) -> 0 | AE75: =M75-J75 -> -130.12491 | AF75: =M75/J75 -> 0.95662503
A76: 新豐4線 | B76: 三明治 | C76: 火腿起司蛋三明治 | E76: 19.02 | F76: 5900 | G76: =E76*F76 -> 112218 | H76: 2 | I76: 14 | J76: 2400 | K76: =J76/I76 -> 171.42857 | L76: 14 | M76: =F76/V76*60 -> 2298.7013 | N76: =M76/L76 -> 164.19295 | O76: =L76-I76 -> 0 | P76: =N76-K76 -> -7.2356215 | Q76: =N76/K76 -> 0.95779221 | R76: =Q85 -> 0.95721049 | S76: 0.083333333 | T76: 0.19027778 | V76: =(T76-S76)*24*60 -> 154 | W76: =T76 -> 0.19027778 | X76: =S77 -> 0.20833333 | AC76: 9 | AE76: =M76-J76 -> -101.2987 | AF76: =M76/J76 -> 0.95779221 | AG76: =AF85 -> 0.95721049
A77: 新豐4線 | B77: 三明治 | C77: 肉鬆火腿三明治(115年) | E77: 20.36 | F77: 2500 | G77: =E77*F77 -> 50900 | H77: 2 | I77: 17 | J77: 2400 | K77: =J77/I77 -> 141.17647 | L77: 17 | M77: =F77/V77*60 -> 2307.6923 | N77: =M77/L77 -> 135.74661 | O77: =L77-I77 -> 0 | P77: =N77-K77 -> -5.4298643 | Q77: =N77/K77 -> 0.96153846 | S77: 0.20833333 | T77: 0.25347222 | U77: =(S77-T76)*24*60 -> 26 | V77: =(T77-S77)*24*60 -> 65 | AE77: =M77-J77 -> -92.307692 | AF77: =M77/J77 -> 0.96153846
A78: 新豐4線 | B78: 三明治 | C78: 起司芋見肉鬆三明治 | E78: 25.98 | F78: 1800 | G78: =E78*F78 -> 46764 | H78: 2 | I78: 17 | J78: 2400 | K78: =J78/I78 -> 141.17647 | L78: 17 | M78: =F78/V78*60 -> 2297.8723 | N78: =M78/L78 -> 135.16896 | O78: =L78-I78 -> 0 | P78: =N78-K78 -> -6.0075094 | Q78: =N78/K78 -> 0.95744681 | S78: 0.25833333 | T78: 0.29097222 | U78: =(S78-T77)*24*60 -> 7 | V78: =(T78-S78)*24*60 -> 47 | AE78: =M78-J78 -> -102.12766 | AF78: =M78/J78 -> 0.95744681
A79: 新豐4線 | B79: 三明治 | C79: 水果聖代三明治 | E79: 28.29 | F79: 2800 | G79: =E79*F79 -> 79212 | H79: 2 | I79: 21 | J79: 2400 | K79: =J79/I79 -> 114.28571 | L79: 21 | M79: =F79/V79*60 -> 2301.3699 | N79: =M79/L79 -> 109.58904 | O79: =L79-I79 -> 0 | P79: =N79-K79 -> -4.6966732 | Q79: =N79/K79 -> 0.95890411 | S79: 0.29444444 | T79: 0.34513889 | U79: =(S79-T78)*24*60 -> 5 | V79: =(T79-S79)*24*60 -> 73 | AE79: =M79-J79 -> -98.630137 | AF79: =M79/J79 -> 0.95890411
A80: 新豐4線 | B80: 三明治 | C80: 金黃玉米蛋三明治 | E80: 24.25 | F80: 2600 | G80: =E80*F80 -> 63050 | H80: 2 | I80: 17 | J80: 2400 | K80: =J80/I80 -> 141.17647 | L80: 17 | M80: =F80/V80*60 -> 2294.1176 | N80: =M80/L80 -> 134.9481 | O80: =L80-I80 -> 0 | P80: =N80-K80 -> -6.2283737 | Q80: =N80/K80 -> 0.95588235 | S80: 0.34861111 | T80: 0.39583333 | U80: =(S80-T79)*24*60 -> 5 | V80: =(T80-S80)*24*60 -> 68 | AE80: =M80-J80 -> -105.88235 | AF80: =M80/J80 -> 0.95588235
A81: 新豐4線 | B81: 三明治 | C81: 雙泰奶QQ三明治 | E81: 23.89 | F81: 5700 | G81: =E81*F81 -> 136173 | H81: 2 | I81: 13 | J81: 2400 | K81: =J81/I81 -> 184.61538 | L81: 13 | M81: =F81/V81*60 -> 2295.302 | N81: =M81/L81 -> 176.56169 | O81: =L81-I81 -> 0 | P81: =N81-K81 -> -8.0536913 | Q81: =N81/K81 -> 0.95637584 | S81: 0.4 | T81: 0.50347222 | U81: =(S81-T80)*24*60 -> 6 | V81: =(T81-S81)*24*60 -> 149 | W81: =T81 -> 0.50347222 | X81: =S82 -> 0.54375 | AE81: =M81-J81 -> -104.69799 | AF81: =M81/J81 -> 0.95637584
A82: 新豐4線 | B82: 三明治 | C82: 火腿起司蛋三明治 | E82: 19.02 | F82: 4911 | G82: =E82*F82 -> 93407.22 | I82: 14 | J82: 2400 | K82: =J82/I82 -> 171.42857 | L82: 14 | M82: =F82/V82*60 -> 2284.186 | N82: =M82/L82 -> 163.15615 | O82: =L82-I82 -> 0 | P82: =N82-K82 -> -8.2724252 | Q82: =N82/K82 -> 0.95174419 | S82: 0.54375 | T82: 0.63333333 | U82: =(S82-T81)*24*60 -> 58 | V82: =(T82-S82)*24*60 -> 129 | AE82: =M82-J82 -> -115.81395 | AF82: =M82/J82 -> 0.95174419
A83: 新豐4線 | B83: 三明治 | C83: 金黃玉米蛋三明治 | E83: 24.25 | F83: 2077 | G83: =E83*F83 -> 50367.25 | I83: 17 | J83: 2400 | K83: =J83/I83 -> 141.17647 | L83: 17 | M83: =F83/V83*60 -> 2307.7778 | N83: =M83/L83 -> 135.75163 | O83: =L83-I83 -> 0 | P83: =N83-K83 -> -5.4248366 | Q83: =N83/K83 -> 0.96157407 | S83: 0.63888889 | T83: 0.67638889 | U83: =(S83-T82)*24*60 -> 8 | V83: =(T83-S83)*24*60 -> 54 | AE83: =M83-J83 -> -92.222222 | AF83: =M83/J83 -> 0.96157407
A84: 新豐4線 | B84: 三明治 | C84: 雙泰奶QQ三明治 | E84: 23.89 | F84: 4196 | G84: =E84*F84 -> 100242.44 | I84: 13 | J84: 2400 | K84: =J84/I84 -> 184.61538 | L84: 13 | M84: =F84/V84*60 -> 2288.7273 | N84: =M84/L84 -> 176.05594 | O84: =L84-I84 -> 0 | P84: =N84-K84 -> -8.5594406 | Q84: =N84/K84 -> 0.95363636 | S84: 0.68194444 | T84: 0.75833333 | U84: =(S84-T83)*24*60 -> 8 | V84: =(T84-S84)*24*60 -> 110 | AE84: =M84-J84 -> -111.27273 | AF84: =M84/J84 -> 0.95363636
A85: 新豐4線 | B85: 平均 | I85: 15.888889 | J85: 2400 | K85: =J85/I85 -> 151.04895 | L85: 15.888889 | M85: =AVERAGE(M76:M84) -> 2297.3052 | N85: =M85/L85 -> 144.58564 | O85: =L85-I85 -> 0 | P85: =N85-K85 -> -6.4633107 | Q85: =N85/K85 -> 0.95721049 | Y85: =SUM(Y76:Y84) -> 0 | Z85: =SUM(Z76:Z84) -> 0 | AC85: 9 | AD85: =SUM(AD76:AD84) -> 0 | AE85: =M85-J85 -> -102.69483 | AF85: =M85/J85 -> 0.95721049

Sheet 0727
B1: 屏榮 新豐廠組合室生產人時性分析
B3: 日期 | C3: =TEXT('0727 4度C'!A2,"yyyy.mm.ddaaaa") -> 2026.07.27星期一 | E3: 訂單量 | F3: ='0727 4度C'!D1 -> 194231 | H3: 營業額 | I3: ='0727 4度C'!F1 -> 6714522.5
B4: 人時性 | C4: 項目 | E4: ➀ | G4: ➁ | I4: ➂ | K4: 異常停線 | M4: 短暫停線
C5: 組合室 | E5: 全溫層 | G5: 4度C-各編組展開 | I5: ③三明治-各編組展開 | K5: 合計次數 | L5: 時間 | M5: 合計次數 | N5: 設備次數
C6: 排關平均 | E6: =AVERAGE(D13:M13) -> 156.23944 | F6: =AVERAGE(D31:O31,D13:J13) -> 165.77241 | G6: =AVERAGE(D13:J13) -> 165.77241 | I6: =AVERAGE(K13:M13) -> 133.99586 | K6: ='0727 4度C'!Y2 -> 0 | L6: ='0727 4度C'!Z2 -> 0 | M6: ='0727 4度C'!AC2 -> 66 | N6: ='0727 4度C'!AD2 -> 0
C7: 實績平均 | E7: =AVERAGE(D14:M14) -> 149.93272 | F7: =AVERAGE(D32:O32,D14:J14) -> 159.27942 | G7: =AVERAGE(D14:J14) -> 159.27942 | I7: =AVERAGE(K14:M14) -> 128.12376
C8: 達成率平均 | E8: =AVERAGE(D15:M15) -> 0.95879806 | F8: =AVERAGE(D15:J15,D33:O33) -> 0.95993508 | G8: =AVERAGE(D15:J15) -> 0.95993508 | I8: =AVERAGE(K15:M15) -> 0.95614501
K9: ※現行日本鮮食廠以達成率80%為基本(即為現行KPI)
B10: 溫層 | D10: ➁4度C-各編組展開 | K10: ③三明治-各編組展開
B11: 編組 | D11: 1 | E11: 2 | F11: 3 | G11: 4 | H11: 5 | I11: 6 | J11: 7 | K11: 1 | L11: 2 | M11: 3
D12: 新豐6線 | E12: 新豐2線 | F12: 新豐5線 | G12: 新豐7線 | H12: 新豐3線 | I12: 新豐1線 | J12: 新豐10線 | K12: 新豐8線 | L12: 新豐9線 | M12: 新豐4線
B13: 人時性 | C13: 排關 | D13: =SUMIFS('0727 4度C'!$K:$K,'0727 4度C'!$A:$A,"新豐6線",'0727 4度C'!$B:$B,"平均") -> 129.03226 | E13: =SUMIFS('0727 4度C'!$K:$K,'0727 4度C'!$A:$A,"新豐2線",'0727 4度C'!$B:$B,"平均") -> 84.90566 | F13: =SUMIFS('0727 4度C'!$K:$K,'0727 4度C'!$A:$A,"新豐5線",'0727 4度C'!$B:$B,"平均") -> 90.604027 | G13: =SUMIFS('0727 4度C'!$K:$K,'0727 4度C'!$A:$A,"新豐7線",'0727 4度C'!$B:$B,"平均") -> 127.27273 | H13: =SUMIFS('0727 4度C'!$K:$K,'0727 4度C'!$A:$A,"新豐3線",'0727 4度C'!$B:$B,"平均") -> 307.69231 | I13: =SUMIFS('0727 4度C'!$K:$K,'0727 4度C'!$A:$A,"新豐1線",'0727 4度C'!$B:$B,"平均") -> 113.20755 | J13: =SUMIFS('0727 4度C'!$K:$K,'0727 4度C'!$A:$A,"新豐10線",'0727 4度C'!$B:$B,"平均") -> 307.69231 | K13: =SUMIFS('0727 4度C'!$K:$K,'0727 4度C'!$A:$A,"新豐8線",'0727 4度C'!$B:$B,"平均") -> 137.14286 | L13: =SUMIFS('0727 4度C'!$K:$K,'0727 4度C'!$A:$A,"新豐9線",'0727 4度C'!$B:$B,"平均") -> 125.71429 | M13: =SUMIFS('0727 4度C'!$K:$K,'0727 4度C'!$A:$A,"新豐4線",'0727 4度C'!$B:$B,"平均") -> 139.13043
C14: 實績 | D14: =SUMIFS('0727 4度C'!$N:$N,'0727 4度C'!$A:$A,"新豐6線",'0727 4度C'!$B:$B,"平均") -> 123.92499 | E14: =SUMIFS('0727 4度C'!$N:$N,'0727 4度C'!$A:$A,"新豐2線",'0727 4度C'!$B:$B,"平均") -> 81.033774 | F14: =SUMIFS('0727 4度C'!$N:$N,'0727 4度C'!$A:$A,"新豐5線",'0727 4度C'!$B:$B,"平均") -> 86.922426 | G14: =SUMIFS('0727 4度C'!$N:$N,'0727 4度C'!$A:$A,"新豐7線",'0727 4度C'!$B:$B,"平均") -> 122.1773 | H14: =SUMIFS('0727 4度C'!$N:$N,'0727 4度C'!$A:$A,"新豐3線",'0727 4度C'!$B:$B,"平均") -> 295.80681 | I14: =SUMIFS('0727 4度C'!$N:$N,'0727 4度C'!$A:$A,"新豐1線",'0727 4度C'!$B:$B,"平均") -> 108.80274 | J14: =SUMIFS('0727 4度C'!$N:$N,'0727 4度C'!$A:$A,"新豐10線",'0727 4度C'!$B:$B,"平均") -> 296.28787 | K14: =SUMIFS('0727 4度C'!$N:$N,'0727 4度C'!$A:$A,"新豐8線",'0727 4度C'!$B:$B,"平均") -> 131.18172 | L14: =SUMIFS('0727 4度C'!$N:$N,'0727 4度C'!$A:$A,"新豐9線",'0727 4度C'!$B:$B,"平均") -> 120.07322 | M14: =SUMIFS('0727 4度C'!$N:$N,'0727 4度C'!$A:$A,"新豐4線",'0727 4度C'!$B:$B,"平均") -> 133.11636
C15: 達成率 | D15: =D14/D13 -> 0.96041864 | E15: =E14/E13 -> 0.95439779 | F15: =F14/F13 -> 0.95936603 | G15: =G14/G13 -> 0.95996452 | H15: =H14/H13 -> 0.96137214 | I15: =I14/I13 -> 0.96109091 | J15: =J14/J13 -> 0.96293558 | K15: =K14/K13 -> 0.95653334 | ... M15: =M14/M13 -> 0.95677385
B16: 作業 時間 | C16: 開始 | D16: =VLOOKUP("新豐6線",'0727 4度C'!$A:$T,19,0) -> 0.70833333 | E16: =VLOOKUP("新豐2線",'0727 4度C'!$A:$T,19,0) -> 0.083333333 | F16: =VLOOKUP("新豐5線",'0727 4度C'!$A:$T,19,0) -> 0.083333333 | G16: =VLOOKUP("新豐7線",'0727 4度C'!$A:$T,19,0) -> 0.20833333 | H16: =VLOOKUP("新豐3線",'0727 4度C'!$A:$T,19,0) -> 0.20833333 | I16: =VLOOKUP("新豐1線",'0727 4度C'!$A:$T,19,0) -> 0.20833333 | J16: =VLOOKUP("新豐10線",'0727 4度C'!$A:$T,19,0) -> 0.20833333 | K16: =VLOOKUP("新豐8線",'0727 4度C'!$A:$T,19,0) -> 0.083333333 | L16: =VLOOKUP("新豐9線",'0727 4度C'!$A:$T,19,0) -> 0.083333333 | M16: =VLOOKUP("新豐4線",'0727 4度C'!$A:$T,19,0) -> 0.083333333
C17: 結束 | D17: =LOOKUP(2,1/(('0727 4度C'!$A:$A="新豐6線")*('0727 4度C'!$T:$T<>"")),'0727 4度C'!$T:$T) -> 0.9 | E17: =LOOKUP(2,1/(('0727 4度C'!$A:$A="新豐2線")*('0727 4度C'!$T:$T<>"")),'0727 4度C'!$T:$T) -> 0.70347222 | F17: =LOOKUP(2,1/(('0727 4度C'!$A:$A="新豐5線")*('0727 4度C'!$T:$T<>"")),'0727 4度C'!$T:$T) -> 0.89930556 | G17: =LOOKUP(2,1/(('0727 4度C'!$A:$A="新豐7線")*('0727 4度C'!$T:$T<>"")),'0727 4度C'!$T:$T) -> 0.90694444 | H17: =LOOKUP(2,1/(('0727 4度C'!$A:$A="新豐3線")*('0727 4度C'!$T:$T<>"")),'0727 4度C'!$T:$T) -> 0.47708333 | I17: =LOOKUP(2,1/(('0727 4度C'!$A:$A="新豐1線")*('0727 4度C'!$T:$T<>"")),'0727 4度C'!$T:$T) -> 0.92222222 | J17: =LOOKUP(2,1/(('0727 4度C'!$A:$A="新豐10線")*('0727 4度C'!$T:$T<>"")),'0727 4度C'!$T:$T) -> 0.39652778 | K17: =LOOKUP(2,1/(('0727 4度C'!$A:$A="新豐8線")*('0727 4度C'!$T:$T<>"")),'0727 4度C'!$T:$T) -> 0.725 | L17: =LOOKUP(2,1/(('0727 4度C'!$A:$A="新豐9線")*('0727 4度C'!$T:$T<>"")),'0727 4度C'!$T:$T) -> 0.73680556 | M17: =LOOKUP(2,1/(('0727 4度C'!$A:$A="新豐4線")*('0727 4度C'!$T:$T<>"")),'0727 4度C'!$T:$T) -> 0.72986111
B18: 產線異常 (5分鐘以上) | C18: 次數 | D18: =SUMIFS('0727 4度C'!$Y:$Y,'0727 4度C'!$A:$A,"新豐6線",'0727 4度C'!$B:$B,"平均") -> 0 | E18: =SUMIFS('0727 4度C'!$Y:$Y,'0727 4度C'!$A:$A,"新豐2線",'0727 4度C'!$B:$B,"平均") -> 0 | F18: =SUMIFS('0727 4度C'!$Y:$Y,'0727 4度C'!$A:$A,"新豐5線",'0727 4度C'!$B:$B,"平均") -> 0 | G18: =SUMIFS('0727 4度C'!$Y:$Y,'0727 4度C'!$A:$A,"新豐7線",'0727 4度C'!$B:$B,"平均") -> 0 | H18: =SUMIFS('0727 4度C'!$Y:$Y,'0727 4度C'!$A:$A,"新豐3線",'0727 4度C'!$B:$B,"平均") -> 0 | I18: =SUMIFS('0727 4度C'!$Y:$Y,'0727 4度C'!$A:$A,"新豐1線",'0727 4度C'!$B:$B,"平均") -> 0 | J18: =SUMIFS('0727 4度C'!$Y:$Y,'0727 4度C'!$A:$A,"新豐10線",'0727 4度C'!$B:$B,"平均") -> 0 | K18: =SUMIFS('0727 4度C'!$Y:$Y,'0727 4度C'!$A:$A,"新豐8線",'0727 4度C'!$B:$B,"平均") -> 0 | L18: =SUMIFS('0727 4度C'!$Y:$Y,'0727 4度C'!$A:$A,"新豐9線",'0727 4度C'!$B:$B,"平均") -> 0 | M18: =SUMIFS('0727 4度C'!$Y:$Y,'0727 4度C'!$A:$A,"新豐4線",'0727 4度C'!$B:$B,"平均") -> 0
C19: 時間/分 | D19: =SUMIFS('0727 4度C'!$Z:$Z,'0727 4度C'!$A:$A,"新豐6線",'0727 4度C'!$B:$B,"平均") -> 0 | E19: =SUMIFS('0727 4度C'!$Z:$Z,'0727 4度C'!$A:$A,"新豐2線",'0727 4度C'!$B:$B,"平均") -> 0 | F19: =SUMIFS('0727 4度C'!$Z:$Z,'0727 4度C'!$A:$A,"新豐5線",'0727 4度C'!$B:$B,"平均") -> 0 | G19: =SUMIFS('0727 4度C'!$Z:$Z,'0727 4度C'!$A:$A,"新豐7線",'0727 4度C'!$B:$B,"平均") -> 0 | H19: =SUMIFS('0727 4度C'!$Z:$Z,'0727 4度C'!$A:$A,"新豐3線",'0727 4度C'!$B:$B,"平均") -> 0 | I19: =SUMIFS('0727 4度C'!$Z:$Z,'0727 4度C'!$A:$A,"新豐1線",'0727 4度C'!$B:$B,"平均") -> 0 | J19: =SUMIFS('0727 4度C'!$Z:$Z,'0727 4度C'!$A:$A,"新豐10線",'0727 4度C'!$B:$B,"平均") -> 0 | K19: =SUMIFS('0727 4度C'!$Z:$Z,'0727 4度C'!$A:$A,"新豐8線",'0727 4度C'!$B:$B,"平均") -> 0 | L19: =SUMIFS('0727 4度C'!$Z:$Z,'0727 4度C'!$A:$A,"新豐9線",'0727 4度C'!$B:$B,"平均") -> 0 | M19: =SUMIFS('0727 4度C'!$Z:$Z,'0727 4度C'!$A:$A,"新豐4線",'0727 4度C'!$B:$B,"平均") -> 0
B20: 短暫停線 (5分鐘以下) | C20: 次數 | D20: =SUMIFS('0727 4度C'!$AC:$AC,'0727 4度C'!$A:$A,"新豐6線",'0727 4度C'!$B:$B,"平均") -> 4 | E20: =SUMIFS('0727 4度C'!$AC:$AC,'0727 4度C'!$A:$A,"新豐2線",'0727 4度C'!$B:$B,"平均") -> 6 | F20: =SUMIFS('0727 4度C'!$AC:$AC,'0727 4度C'!$A:$A,"新豐5線",'0727 4度C'!$B:$B,"平均") -> 8 | G20: =SUMIFS('0727 4度C'!$AC:$AC,'0727 4度C'!$A:$A,"新豐7線",'0727 4度C'!$B:$B,"平均") -> 7 | H20: =SUMIFS('0727 4度C'!$AC:$AC,'0727 4度C'!$A:$A,"新豐3線",'0727 4度C'!$B:$B,"平均") -> 4 | I20: =SUMIFS('0727 4度C'!$AC:$AC,'0727 4度C'!$A:$A,"新豐1線",'0727 4度C'!$B:$B,"平均") -> 9 | J20: =SUMIFS('0727 4度C'!$AC:$AC,'0727 4度C'!$A:$A,"新豐10線",'0727 4度C'!$B:$B,"平均") -> 4 | K20: =SUMIFS('0727 4度C'!$AC:$AC,'0727 4度C'!$A:$A,"新豐8線",'0727 4度C'!$B:$B,"平均") -> 8 | L20: =SUMIFS('0727 4度C'!$AC:$AC,'0727 4度C'!$A:$A,"新豐9線",'0727 4度C'!$B:$B,"平均") -> 8 | M20: =SUMIFS('0727 4度C'!$AC:$AC,'0727 4度C'!$A:$A,"新豐4線",'0727 4度C'!$B:$B,"平均") -> 8
C21: 設備次數 | D21: =SUMIFS('0727 4度C'!$AD:$AD,'0727 4度C'!$A:$A,"新豐6線",'0727 4度C'!$B:$B,"平均") -> 0 | E21: =SUMIFS('0727 4度C'!$AD:$AD,'0727 4度C'!$A:$A,"新豐2線",'0727 4度C'!$B:$B,"平均") -> 0 | F21: =SUMIFS('0727 4度C'!$AD:$AD,'0727 4度C'!$A:$A,"新豐5線",'0727 4度C'!$B:$B,"平均") -> 0 | G21: =SUMIFS('0727 4度C'!$AD:$AD,'0727 4度C'!$A:$A,"新豐7線",'0727 4度C'!$B:$B,"平均") -> 0 | H21: =SUMIFS('0727 4度C'!$AD:$AD,'0727 4度C'!$A:$A,"新豐3線",'0727 4度C'!$B:$B,"平均") -> 0 | I21: =SUMIFS('0727 4度C'!$AD:$AD,'0727 4度C'!$A:$A,"新豐1線",'0727 4度C'!$B:$B,"平均") -> 0 | J21: =SUMIFS('0727 4度C'!$AD:$AD,'0727 4度C'!$A:$A,"新豐10線",'0727 4度C'!$B:$B,"平均") -> 0 | K21: =SUMIFS('0727 4度C'!$AD:$AD,'0727 4度C'!$A:$A,"新豐8線",'0727 4度C'!$B:$B,"平均") -> 0 | L21: =SUMIFS('0727 4度C'!$AD:$AD,'0727 4度C'!$A:$A,"新豐9線",'0727 4度C'!$B:$B,"平均") -> 0 | M21: =SUMIFS('0727 4度C'!$AD:$AD,'0727 4度C'!$A:$A,"新豐4線",'0727 4度C'!$B:$B,"平均") -> 0
B22: 配置人數 | D22: =SUMIFS('0727 4度C'!$I:$I,'0727 4度C'!$A:$A,"新豐6線",'0727 4度C'!$B:$B,"平均") -> 15.5 | E22: =SUMIFS('0727 4度C'!$I:$I,'0727 4度C'!$A:$A,"新豐2線",'0727 4度C'!$B:$B,"平均") -> 17.666667 | F22: =SUMIFS('0727 4度C'!$I:$I,'0727 4度C'!$A:$A,"新豐5線",'0727 4度C'!$B:$B,"平均") -> 18.625 | G22: =SUMIFS('0727 4度C'!$I:$I,'0727 4度C'!$A:$A,"新豐7線",'0727 4度C'!$B:$B,"平均") -> 15.714286 | H22: =SUMIFS('0727 4度C'!$I:$I,'0727 4度C'!$A:$A,"新豐3線",'0727 4度C'!$B:$B,"平均") -> 9.75 | I22: =SUMIFS('0727 4度C'!$I:$I,'0727 4度C'!$A:$A,"新豐1線",'0727 4度C'!$B:$B,"平均") -> 17.666667 | J22: =SUMIFS('0727 4度C'!$I:$I,'0727 4度C'!$A:$A,"新豐10線",'0727 4度C'!$B:$B,"平均") -> 9.75 | K22: =SUMIFS('0727 4度C'!$I:$I,'0727 4度C'!$A:$A,"新豐8線",'0727 4度C'!$B:$B,"平均") -> 17.5 | L22: =SUMIFS('0727 4度C'!$I:$I,'0727 4度C'!$A:$A,"新豐9線",'0727 4度C'!$B:$B,"平均") -> 17.5 | M22: =SUMIFS('0727 4度C'!$I:$I,'0727 4度C'!$A:$A,"新豐4線",'0727 4度C'!$B:$B,"平均") -> 17.25
B23: 主要應用設備 | D23: ET-55 | E23: 熱縮爐 | F23: L型包裝機 | G23: L型包裝機 | H23: 伺服包裝機 | I23: ET-55 | J23: 伺服包裝機 | K23: 三明治包裝機 | L23: 三明治包裝機 | M23: 三明治包裝機
B24: 次要應用設備 | F24: 圓盤機 | G24: ET-55
B25: 備註 | E25: 握沙拉 | F25: 共用L型包裝機 | H25: 調理麵包 | I25: 炒飯+沙拉 | J25: 調理麵包

Sheet 0727 4度C
A1: 新豐廠四度C日報分析 | C1: 總生產量 | D1: =SUM(F5:F80) -> 194231 | E1: 營業額 | F1: =SUM(G5:G80) -> 6714522.5 | G1: 出勤人數 | H1: =L9+L16+L56+L66+L25+L71+L42+L51+L33+L80 -> 156.92262 | I1: 產線配置圖 | L1: 生產實績 | O1: 人時性差異分析 | S1: 日報登錄 | Y1: 合計 次數 | Z1: 合計 時間/分 | AA1: 產線異常 分析說明(5分鐘以上) | AC1: 合計 次數 | AD1: 合計 設備次數 | AE1: 產能差異分析
A2: 46230 | B2: 星期一 | C2: 人時性 | D2: =AVERAGE(N9,N16,N56,N66,N25,N71,N33,N42,N51,N80) -> 149.93272 | E2: 平均廠價 | F2: =F1/D1 -> 34.569778 | G2: 多次生產數 | H2: =COUNT(H5:H80) -> 15 | Y2: =SUM(Y9+Y16+Y25+Y33+Y42+Y51+Y56+Y66+Y71+Y80) -> 0 | Z2: =SUM(Z9+Z16+Z25+Z33+Z42+Z51+Z56+Z66+Z71+Z80) -> 0 | AC2: 66 | AD2: =SUM(AD9+AD16+AD25+AD33+AD42+AD51+AD56+AD66+AD71+AD80) -> 0
A3: 線別 | B3: 品類 | C3: 品名 | E3: 廠價 | F3: 生產量 | G3: 營收 | H3: 多次 生產 | I3: 人數 | J3: 產能/時 | K3: 人時性 | L3: 人數 | M3: 產能/時 | N3: 人時性 | O3: 人數 | P3: 人時性 | Q3: 達成率 | R3: 達成率平均 | S3: 生產時間 | U3: 換線、休息/分 | V3: 稼動時間/分 | W3: 休息時間 | Y3: 產線異常統計 (5分鐘以上) | AA3: (新豐回填) | AC3: 短暫停線統計 (5分鐘以下) | AE3: 產能/時 | AF3: 達成率 | AG3: 達成率平均
S4: 開始 | T4: 結束 | W4: 開始 | X4: 結束 | Y4: 次數 | Z4: 時間/分 | AC4: 總次數 | AD4: 設備因素(次數)
A5: 新豐6線 | B5: 微波主食 | C5: 二配金咖哩果香甘口咖哩飯 | E5: 50.92 | F5: 2355 | G5: =E5*F5 -> 119916.6 | I5: 15 | J5: 2000 | K5: =J5/I5 -> 133.33333 | L5: 15 | M5: =F5/V5*60 -> 1909.4595 | N5: =M5/L5 -> 127.2973 | O5: =L5-I5 -> 0 | P5: =N5-K5 -> -6.036036 | Q5: =N5/K5 -> 0.95472973 | R5: =Q9 -> 0.96041864 | S5: 0.70833333 | T5: 0.75972222 | V5: =(T5-S5)*24*60 -> 74 | AC5: 4 | AE5: =M5-J5 -> -90.540541 | AF5: =M5/J5 -> 0.95472973 | AG5: =AF9 -> 0.96041864
A6: 新豐6線 | B6: 微波主食 | C6: 二配金咖哩濃厚辛口咖哩飯 | E6: 50.98 | F6: 1000 | G6: =E6*F6 -> 50980 | H6: 2 | I6: 16 | J6: 2000 | K6: =J6/I6 -> 125 | L6: 16 | M6: =F6/V6*60 -> 1935.4839 | N6: =M6/L6 -> 120.96774 | O6: =L6-I6 -> 0 | P6: =N6-K6 -> -4.0322581 | Q6: =N6/K6 -> 0.96774194 | S6: 0.76319444 | T6: 0.78472222 | U6: =IF(S6=TIME(17,0,0),"",(S6-T5)*24*60) -> 5 | V6: =(T6-S6)*24*60 -> 31 | AE6: =M6-J6 -> -64.516129 | AF6: =M6/J6 -> 0.96774194
A7: 新豐6線 | B7: 微波主食 | C7: 二配泰式綠咖哩雞 | E7: 50.67 | F7: 1481 | G7: =E7*F7 -> 75042.27 | I7: 15 | J7: 2000 | K7: =J7/I7 -> 133.33333 | L7: 15 | M7: =F7/V7*60 -> 1931.7391 | N7: =M7/L7 -> 128.78261 | O7: =L7-I7 -> 0 | P7: =N7-K7 -> -4.5507246 | Q7: =N7/K7 -> 0.96586957 | S7: 0.79027778 | T7: 0.82222222 | U7: =IF(S7=TIME(17,0,0),"",(S7-T6)*24*60) -> 8 | V7: =(T7-S7)*24*60 -> 46 | W7: =T7 -> 0.82222222 | X7: =S8 -> 0.8625 | AE7: =M7-J7 -> -68.26087 | AF7: =M7/J7 -> 0.96586957
A8: 新豐6線 | B8: 微波主食 | C8: 二配金咖哩濃厚辛口咖哩飯 | E8: 50.98 | F8: 1716 | G8: =E8*F8 -> 87481.68 | I8: 16 | J8: 2000 | K8: =J8/I8 -> 125 | L8: 16 | M8: =F8/V8*60 -> 1906.6667 | N8: =M8/L8 -> 119.16667 | O8: =L8-I8 -> 0 | P8: =N8-K8 -> -5.8333333 | Q8: =N8/K8 -> 0.95333333 | S8: 0.8625 | T8: 0.9 | U8: =IF(S8=TIME(17,0,0),"",(S8-T7)*24*60) -> 58 | V8: =(T8-S8)*24*60 -> 54 | AE8: =M8-J8 -> -93.333333 | AF8: =M8/J8 -> 0.95333333
A9: 新豐6線 | B9: 平均 | I9: 15.5 | J9: 2000 | K9: =J9/I9 -> 129.03226 | L9: 15.5 | M9: =AVERAGE(M5:M8) -> 1920.8373 | N9: =M9/L9 -> 123.92499 | O9: =L9-I9 -> 0 | P9: =N9-K9 -> -5.1072721 | Q9: =N9/K9 -> 0.96041864 | Y9: =SUM(Y5:Y8) -> 0 | Z9: =SUM(Z5:Z8) -> 0 | AC9: 4 | AD9: =SUM(AD5:AD8) -> 0 | AE9: =M9-J9 -> -79.162718 | AF9: =M9/J9 -> 0.96041864
A10: 新豐2線 | B10: 沙拉 | C10: 青檸烤雞握沙拉(113年) | E10: 39.8 | F10: 3900 | G10: =E10*F10 -> 155220 | H10: 2 | I10: 17 | J10: 1500 | K10: =J10/I10 -> 88.235294 | L10: 17 | M10: =F10/V10*60 -> 1435.5828 | N10: =M10/L10 -> 84.446048 | O10: =L10-I10 -> 0 | P10: =N10-K10 -> -3.7892458 | Q10: =N10/K10 -> 0.95705521 | R10: =Q16 -> 0.95439779 | S10: 0.083333333 | T10: 0.19652778 | V10: =(T10-S10)*24*60 -> 163 | W10: =T10 -> 0.19652778 | X10: =S11 -> 0.21597222 | AC10: 6 | AE10: =M10-J10 -> -64.417178 | AF10: =M10/J10 -> 0.95705521 | AG10: =AF16 -> 0.95439779
A11: 新豐2線 | B11: 沙拉 | C11: 厚蛋時蔬握沙拉 | E11: 39.46 | F11: 3515 | G11: =E11*F11 -> 138701.9 | I11: 15 | J11: 1500 | K11: =J11/I11 -> 100 | L11: 15 | M11: =F11/V11*60 -> 1425 | N11: =M11/L11 -> 95 | O11: =L11-I11 -> 0 | P11: =N11-K11 -> -5 | Q11: =N11/K11 -> 0.95 | S11: 0.21597222 | T11: 0.31875 | U11: =IF(S11=TIME(17,0,0),"",(S11-T10)*24*60) -> 28 | V11: =(T11-S11)*24*60 -> 148 | AE11: =M11-J11 -> -75 | AF11: =M11/J11 -> 0.95
A12: 新豐2線 | B12: 沙拉 | C12: 地瓜瓜握沙拉 | E12: 39.52 | F12: 2844 | G12: =E12*F12 -> 112394.88 | I12: 19 | J12: 1500 | K12: =J12/I12 -> 78.947368 | L12: 19 | M12: =F12/V12*60 -> 1433.9496 | N12: =M12/L12 -> 75.471031 | O12: =L12-I12 -> 0 | P12: =N12-K12 -> -3.4763379 | Q12: =N12/K12 -> 0.95596639 | S12: 0.32291667 | T12: 0.40555556 | U12: =IF(S12=TIME(17,0,0),"",(S12-T11)*24*60) -> 6 | V12: =(T12-S12)*24*60 -> 119 | AE12: =M12-J12 -> -66.05042 | AF12: =M12/J12 -> 0.95596639
A13: 新豐2線 | B13: 沙拉 | C13: 青醬優格雞肉握沙拉(113年) | E13: 39.62 | F13: 2900 | G13: =E13*F13 -> 114898 | H13: 2 | I13: 19 | J13: 1500 | K13: =J13/I13 -> 78.947368 | L13: 19 | M13: =F13/V13*60 -> 1426.2295 | N13: =M13/L13 -> 75.064711 | O13: =L13-I13 -> 0 | P13: =N13-K13 -> -3.8826575 | Q13: =N13/K13 -> 0.95081967 | S13: 0.41111111 | T13: 0.49583333 | U13: =IF(S13=TIME(17,0,0),"",(S13-T12)*24*60) -> 8 | V13: =(T13-S13)*24*60 -> 122 | W13: =T13 -> 0.49583333 | X13: =S14 -> 0.53680556 | AE13: =M13-J13 -> -73.770492 | AF13: =M13/J13 -> 0.95081967
A14: 新豐2線 | B14: 沙拉 | C14: 青檸烤雞握沙拉(113年) | E14: 39.8 | F14: 3150 | G14: =E14*F14 -> 125370 | I14: 17 | J14: 1500 | K14: =J14/I14 -> 88.235294 | L14: 17 | M14: =F14/V14*60 -> 1431.8182 | N14: =M14/L14 -> 84.224599 | O14: =L14-I14 -> 0 | P14: =N14-K14 -> -4.0106952 | Q14: =N14/K14 -> 0.95454545 | S14: 0.53680556 | T14: 0.62847222 | U14: =IF(S14=TIME(17,0,0),"",(S14-T13)*24*60) -> 59 | V14: =(T14-S14)*24*60 -> 132 | AE14: =M14-J14 -> -68.181818 | AF14: =M14/J14 -> 0.95454545
A15: 新豐2線 | B15: 沙拉 | C15: 青醬優格雞肉握沙拉(113年) | E15: 39.62 | F15: 2395 | G15: =E15*F15 -> 94889.9 | I15: 19 | J15: 1500 | K15: =J15/I15 -> 78.947368 | L15: 19 | M15: =F15/V15*60 -> 1437 | N15: =M15/L15 -> 75.631579 | O15: =L15-I15 -> 0 | P15: =N15-K15 -> -3.3157895 | Q15: =N15/K15 -> 0.958 | S15: 0.63402778 | T15: 0.70347222 | U15: =IF(S15=TIME(17,0,0),"",(S15-T14)*24*60) -> 8 | V15: =(T15-S15)*24*60 -> 100 | AE15: =M15-J15 -> -63 | AF15: =M15/J15 -> 0.958
A16: 新豐2線 | B16: 平均 | I16: 17.666667 | J16: 1500 | K16: =J16/I16 -> 84.90566 | L16: 17.666667 | M16: =AVERAGE(M10:M15) -> 1431.5967 | N16: =M16/L16 -> 81.033774 | O16: =L16-I16 -> 0 | P16: =N16-K16 -> -3.8718859 | Q16: =N16/K16 -> 0.95439779 | Y16: =SUM(Y10:Y15) -> 0 | Z16: =SUM(Z10:Z15) -> 0 | AC16: 6 | AD16: =SUM(AD10:AD15) -> 0 | AE16: =M16-J16 -> -68.403318 | AF16: =M16/J16 -> 0.95439779
A17: 新豐5線 | B17: 季節調理麵 | C17: 台式麻醬涼麵(115年) | E17: 31.11 | F17: 3520 | G17: =E17*F17 -> 109507.2 | I17: 14 | J17: 2000 | K17: =J17/I17 -> 142.85714 | L17: 14 | M17: =F17/V17*60 -> 1902.7027 | N17: =M17/L17 -> 135.90734 | O17: =L17-I17 -> 0 | P17: =N17-K17 -> -6.9498069 | Q17: =N17/K17 -> 0.95135135 | R17: =Q25 -> 0.95936603 | S17: 0.083333333 | T17: 0.16041667 | V17: =(T17-S17)*24*60 -> 111 | W17: =T17 -> 0.16041667 | X17: =S18 -> 0.17916667 | AC17: 8 | AE17: =M17-J17 -> -97.297297 | AF17: =M17/J17 -> 0.95135135 | AG17: =AF25 -> 0.95936603
A18: 新豐5線 | B18: 小吃 | C18: 香菇雞燉湯 | E18: 38.62 | F18: 2581 | G18: =E18*F18 -> 99678.22 | I18: 24 | J18: 1500 | K18: =J18/I18 -> 62.5 | L18: 24 | M18: =F18/V18*60 -> 1433.8889 | N18: =M18/L18 -> 59.74537 | O18: =L18-I18 -> 0 | P18: =N18-K18 -> -2.7546296 | Q18: =N18/K18 -> 0.95592593 | S18: 0.17916667 | T18: 0.25416667 | U18: =IF(S18=TIME(17,0,0),"",(S18-T17)*24*60) -> 27 | V18: =(T18-S18)*24*60 -> 108 | AE18: =M18-J18 -> -66.111111 | AF18: =M18/J18 -> 0.95592593
A19: 新豐5線 | B19: 小吃 | C19: 剝皮辣椒雞湯 | E19: 41 | F19: 2237 | G19: =E19*F19 -> 91717 | I19: 26 | J19: 1500 | K19: =J19/I19 -> 57.692308 | L19: 26 | M19: =F19/V19*60 -> 1443.2258 | N19: =M19/L19 -> 55.508685 | O19: =L19-I19 -> 0 | P19: =N19-K19 -> -2.1836228 | Q19: =N19/K19 -> 0.96215054 | S19: 0.25833333 | T19: 0.32291667 | U19: =IF(S19=TIME(17,0,0),"",(S19-T18)*24*60) -> 6 | V19: =(T19-S19)*24*60 -> 93 | AE19: =M19-J19 -> -56.774194 | AF19: =M19/J19 -> 0.96215054
A20: 新豐5線 | B20: 微波主食 | C20: 香菇雞粥 | E20: 37.03 | F20: 3595 | G20: =E20*F20 -> 133122.85 | I20: 13 | J20: 1500 | K20: =J20/I20 -> 115.38462 | L20: 13 | M20: =F20/V20*60 -> 1438 | N20: =M20/L20 -> 110.61538 | O20: =L20-I20 -> 0 | P20: =N20-K20 -> -4.7692308 | Q20: =N20/K20 -> 0.95866667 | S20: 0.32638889 | T20: 0.43055556 | U20: =IF(S20=TIME(17,0,0),"",(S20-T19)*24*60) -> 5 | V20: =(T20-S20)*24*60 -> 150 | AE20: =M20-J20 -> -62 | AF20: =M20/J20 -> 0.95866667
A21: 新豐5線 | B21: 微波主食 | C21: 二配港式香滑嫩蛋牛肉燴飯 | E21: 50.67 | F21: 1633 | G21: =E21*F21 -> 82744.11 | I21: 17 | J21: 2000 | K21: =J21/I21 -> 117.64706 | L21: 17 | M21: =F21/V21*60 -> 1921.1765 | N21: =M21/L21 -> 113.01038 | O21: =L21-I21 -> 0 | P21: =N21-K21 -> -4.6366782 | Q21: =N21/K21 -> 0.96058824 | S21: 0.70833333 | T21: 0.74375 | U21: =IF(S21=TIME(17,0,0),"",(S21-T20)*24*60) | V21: =(T21-S21)*24*60 -> 51 | AE21: =M21-J21 -> -78.823529 | AF21: =M21/J21 -> 0.96058824
A22: 新豐5線 | B22: 微波主食 | C22: 二配玉米濃湯焗烤飯 | E22: 54.5 | F22: 1000 | G22: =E22*F22 -> 54500 | H22: 2 | I22: 20 | J22: 1500 | K22: =J22/I22 -> 75 | L22: 20 | M22: =F22/V22*60 -> 1463.4146 | N22: =M22/L22 -> 73.170732 | O22: =L22-I22 -> 0 | P22: =N22-K22 -> -1.8292683 | Q22: =N22/K22 -> 0.97560976 | S22: 0.74861111 | T22: 0.77708333 | U22: =IF(S22=TIME(17,0,0),"",(S22-T21)*24*60) -> 7 | V22: =(T22-S22)*24*60 -> 41 | AE22: =M22-J22 -> -36.585366 | AF22: =M22/J22 -> 0.97560976
A23: 新豐5線 | B23: 微波主食 | C23: 二配川味麻婆燒豆腐燴飯 | E23: 50.49 | F23: 1883 | G23: =E23*F23 -> 95072.67 | I23: 15 | J23: 2000 | K23: =J23/I23 -> 133.33333 | L23: 15 | M23: =F23/V23*60 -> 1914.9153 | N23: =M23/L23 -> 127.66102 | O23: =L23-I23 -> 0 | P23: =N23-K23 -> -5.6723164 | Q23: =N23/K23 -> 0.95745763 | S23: 0.78263889 | T23: 0.82361111 | U23: =IF(S23=TIME(17,0,0),"",(S23-T22)*24*60) -> 8 | V23: =(T23-S23)*24*60 -> 59 | W23: =T23 -> 0.82361111 | X23: =S24 -> 0.86388889 | AE23: =M23-J23 -> -85.084746 | AF23: =M23/J23 -> 0.95745763
A24: 新豐5線 | B24: 微波主食 | C24: 二配玉米濃湯焗烤飯 | E24: 54.5 | F24: 1219 | G24: =E24*F24 -> 66435.5 | I24: 20 | J24: 1500 | K24: =J24/I24 -> 75 | L24: 20 | M24: =F24/V24*60 -> 1434.1176 | N24: =M24/L24 -> 71.705882 | O24: =L24-I24 -> 0 | P24: =N24-K24 -> -3.2941176 | Q24: =N24/K24 -> 0.95607843 | S24: 0.86388889 | T24: 0.89930556 | U24: =IF(S24=TIME(17,0,0),"",(S24-T23)*24*60) -> 58 | V24: =(T24-S24)*24*60 -> 51 | AE24: =M24-J24 -> -65.882353 | AF24: =M24/J24 -> 0.95607843
A25: 新豐5線 | B25: 平均 | I25: 18.625 | J25: 1687.5 | K25: =J25/I25 -> 90.604027 | L25: 18.625 | M25: =AVERAGE(M17:M24) -> 1618.9302 | N25: =M25/L25 -> 86.922426 | O25: =L25-I25 -> 0 | P25: =N25-K25 -> -3.6816013 | Q25: =N25/K25 -> 0.95936603 | Y25: =SUM(Y17:Y24) -> 0 | Z25: =SUM(Z17:Z24) -> 0 | AC25: 8 | AD25: =SUM(AD17:AD24) -> 0 | AE25: =M25-J25 -> -68.569824 | AF25: =M25/J25 -> 0.95936603
A26: 新豐7線 | B26: 微波主食 | C26: 韓式泡菜豬肉豆腐丼飯 | E26: 50.67 | F26: 2119 | G26: =E26*F26 -> 107369.73 | I26: 17 | J26: 2000 | K26: =J26/I26 -> 117.64706 | L26: 17 | M26: =F26/V26*60 -> 1926.3636 | N26: =M26/L26 -> 113.31551 | O26: =L26-I26 -> 0 | P26: =N26-K26 -> -4.3315508 | Q26: =N26/K26 -> 0.96318182 | R26: =Q33 -> 0.95996452 | S26: 0.20833333 | T26: 0.25416667 | V26: =(T26-S26)*24*60 -> 66 | AC26: 7 | AE26: =M26-J26 -> -73.636364 | AF26: =M26/J26 -> 0.96318182 | AG26: =AF33 -> 0.95996452
A27: 新豐7線 | B27: 微波主食 | C27: 鐵板滑蛋炸豬排丼 | E27: 57.73 | F27: 2765 | G27: =E27*F27 -> 159623.45 | I27: 14 | J27: 2000 | K27: =J27/I27 -> 142.85714 | L27: 14 | M27: =F27/V27*60 -> 1906.8966 | N27: =M27/L27 -> 136.2069 | O27: =L27-I27 -> 0 | P27: =N27-K27 -> -6.6502463 | Q27: =N27/K27 -> 0.95344828 | S27: 0.25763889 | T27: 0.31805556 | U27: =IF(S27=TIME(17,0,0),"",(S27-T26)*24*60) -> 5 | V27: =(T27-S27)*24*60 -> 87 | AE27: =M27-J27 -> -93.103448 | AF27: =M27/J27 -> 0.95344828
A28: 新豐7線 | B28: 微波主食 | C28: 日式炙烤親子丼 | E28: 53.27 | F28: 1874 | G28: =E28*F28 -> 99827.98 | I28: 16 | J28: 2000 | K28: =J28/I28 -> 125 | L28: 16 | M28: =F28/V28*60 -> 1905.7627 | N28: =M28/L28 -> 119.11017 | O28: =L28-I28 -> 0 | P28: =N28-K28 -> -5.8898305 | Q28: =N28/K28 -> 0.95288136 | S28: 0.32361111 | T28: 0.36458333 | U28: =IF(S28=TIME(17,0,0),"",(S28-T27)*24*60) -> 8 | V28: =(T28-S28)*24*60 -> 59 | AE28: =M28-J28 -> -94.237288 | AF28: =M28/J28 -> 0.95288136
A29: 新豐7線 | B29: 微波主食 | C29: 二配厚香料優格咖哩雞排飯 | E29: 56.43 | F29: 1413 | G29: =E29*F29 -> 79735.59 | I29: 13 | J29: 2000 | K29: =J29/I29 -> 153.84615 | L29: 13 | M29: =F29/V29*60 -> 1926.8182 | N29: =M29/L29 -> 148.21678 | O29: =L29-I29 -> 0 | P29: =N29-K29 -> -5.6293706 | Q29: =N29/K29 -> 0.96340909 | S29: 0.70833333 | T29: 0.73888889 | U29: =IF(S29=TIME(17,0,0),"",(S29-T28)*24*60) | V29: =(T29-S29)*24*60 -> 44 | AE29: =M29-J29 -> -73.181818 | AF29: =M29/J29 -> 0.96340909
