Workbook

Sheet 0928
B1: 屏榮 新豐廠組合室生產人時性分析
B3: 日期 | C3: =TEXT('0928 4度C'!A2,"yyyy.mm.ddaaaa") -> 2026.09.28星期一 | E3: 訂單量 | F3: ='0928 4度C'!D1 -> 189843 | H3: 營業額 | I3: ='0928 4度C'!F1 -> 6454757.6
B4: 人時性 | C4: 項目 | E4: ➀ | G4: ➁ | I4: ➂ | K4: 異常停線 | M4: 短暫停線
C5: 組合室 | E5: 全溫層 | G5: 4度C-各編組展開 | I5: ③三明治-各編組展開 | K5: 合計次數 | L5: 時間 | M5: 合計次數 | N5: 設備次數
C6: 排關平均 | E6: =AVERAGE(D13:M13) -> 150.27499 | F6: =AVERAGE(D31:O31,D13:J13) -> 155.4995 | G6: =AVERAGE(D13:J13) -> 155.4995 | I6: =AVERAGE(K13:M13) -> 138.08446 | K6: ='0928 4度C'!Y2 -> 0 | L6: ='0928 4度C'!Z2 -> 0 | M6: ='0928 4度C'!AC2 -> 60 | N6: ='0928 4度C'!AD2 -> 0
C7: 實績平均 | E7: =AVERAGE(D14:M14) -> 144.11362 | F7: =AVERAGE(D32:O32,D14:J14) -> 149.15211 | G7: =AVERAGE(D14:J14) -> 149.15211 | I7: =AVERAGE(K14:M14) -> 132.35717
C8: 達成率平均 | E8: =AVERAGE(D15:M15) -> 0.95879388 | F8: =AVERAGE(D15:J15,D33:O33) -> 0.95893061 | G8: =AVERAGE(D15:J15) -> 0.95893061 | I8: =AVERAGE(K15:M15) -> 0.95847485
K9: ※現行日本鮮食廠以達成率80%為基本(即為現行KPI)
B10: 溫層 | D10: ➁4度C-各編組展開 | K10: ③三明治-各編組展開
B11: 編組 | D11: 1 | E11: 2 | F11: 3 | G11: 4 | H11: 5 | I11: 6 | J11: 7 | K11: 1 | L11: 2 | M11: 3
D12: 新豐6線 | E12: 新豐2線 | F12: 新豐5線 | G12: 新豐7線 | H12: 新豐3線 | I12: 新豐1線 | J12: 新豐10線 | K12: 新豐8線 | L12: 新豐9線 | M12: 新豐4線
B13: 人時性 | C13: 排關 | D13: =SUMIFS('0928 4度C'!$K:$K,'0928 4度C'!$A:$A,"新豐6線",'0928 4度C'!$B:$B,"平均") -> 129.03226 | E13: =SUMIFS('0928 4度C'!$K:$K,'0928 4度C'!$A:$A,"新豐2線",'0928 4度C'!$B:$B,"平均") -> 83.333333 | F13: =SUMIFS('0928 4度C'!$K:$K,'0928 4度C'!$A:$A,"新豐5線",'0928 4度C'!$B:$B,"平均") -> 105 | G13: =SUMIFS('0928 4度C'!$K:$K,'0928 4度C'!$A:$A,"新豐7線",'0928 4度C'!$B:$B,"平均") -> 125 | H13: =SUMIFS('0928 4度C'!$K:$K,'0928 4度C'!$A:$A,"新豐3線",'0928 4度C'!$B:$B,"平均") -> 242.42424 | I13: =SUMIFS('0928 4度C'!$K:$K,'0928 4度C'!$A:$A,"新豐1線",'0928 4度C'!$B:$B,"平均") -> 109.58904 | J13: =SUMIFS('0928 4度C'!$K:$K,'0928 4度C'!$A:$A,"新豐10線",'0928 4度C'!$B:$B,"平均") -> 294.11765 | K13: =SUMIFS('0928 4度C'!$K:$K,'0928 4度C'!$A:$A,"新豐8線",'0928 4度C'!$B:$B,"平均") -> 141.17647 | L13: =SUMIFS('0928 4度C'!$K:$K,'0928 4度C'!$A:$A,"新豐9線",'0928 4度C'!$B:$B,"平均") -> 123.07692 | M13: =SUMIFS('0928 4度C'!$K:$K,'0928 4度C'!$A:$A,"新豐4線",'0928 4度C'!$B:$B,"平均") -> 150
C14: 實績 | D14: =SUMIFS('0928 4度C'!$N:$N,'0928 4度C'!$A:$A,"新豐6線",'0928 4度C'!$B:$B,"平均") -> 124.09133 | E14: =SUMIFS('0928 4度C'!$N:$N,'0928 4度C'!$A:$A,"新豐2線",'0928 4度C'!$B:$B,"平均") -> 79.361316 | F14: =SUMIFS('0928 4度C'!$N:$N,'0928 4度C'!$A:$A,"新豐5線",'0928 4度C'!$B:$B,"平均") -> 100.78582 | G14: =SUMIFS('0928 4度C'!$N:$N,'0928 4度C'!$A:$A,"新豐7線",'0928 4度C'!$B:$B,"平均") -> 120.16999 | H14: =SUMIFS('0928 4度C'!$N:$N,'0928 4度C'!$A:$A,"新豐3線",'0928 4度C'!$B:$B,"平均") -> 231.84101 | I14: =SUMIFS('0928 4度C'!$N:$N,'0928 4度C'!$A:$A,"新豐1線",'0928 4度C'!$B:$B,"平均") -> 105.21044 | J14: =SUMIFS('0928 4度C'!$N:$N,'0928 4度C'!$A:$A,"新豐10線",'0928 4度C'!$B:$B,"平均") -> 282.60484 | K14: =SUMIFS('0928 4度C'!$N:$N,'0928 4度C'!$A:$A,"新豐8線",'0928 4度C'!$B:$B,"平均") -> 134.84569 | L14: =SUMIFS('0928 4度C'!$N:$N,'0928 4度C'!$A:$A,"新豐9線",'0928 4度C'!$B:$B,"平均") -> 118.00834 | M14: =SUMIFS('0928 4度C'!$N:$N,'0928 4度C'!$A:$A,"新豐4線",'0928 4度C'!$B:$B,"平均") -> 144.21747
C15: 達成率 | D15: =D14/D13 -> 0.96170777 | E15: =E14/E13 -> 0.95233579 | F15: =F14/F13 -> 0.95986496 | G15: =G14/G13 -> 0.96135993 | H15: =H14/H13 -> 0.95634415 | I15: =I14/I13 -> 0.96004522 | J15: =J14/J13 -> 0.96085646 | K15: =K14/K13 -> 0.95515697 | ... M15: =M14/M13 -> 0.96144978
B16: 作業 時間 | C16: 開始 | D16: =VLOOKUP("新豐6線",'0928 4度C'!$A:$T,19,0) -> 0.70833333 | E16: =VLOOKUP("新豐2線",'0928 4度C'!$A:$T,19,0) -> 0.083333333 | F16: =VLOOKUP("新豐5線",'0928 4度C'!$A:$T,19,0) -> 0.20833333 | G16: =VLOOKUP("新豐7線",'0928 4度C'!$A:$T,19,0) -> 0.25 | H16: =VLOOKUP("新豐3線",'0928 4度C'!$A:$T,19,0) -> 0.20833333 | I16: =VLOOKUP("新豐1線",'0928 4度C'!$A:$T,19,0) -> 0.20833333 | J16: =VLOOKUP("新豐10線",'0928 4度C'!$A:$T,19,0) -> 0.20833333 | K16: =VLOOKUP("新豐8線",'0928 4度C'!$A:$T,19,0) -> 0.083333333 | L16: =VLOOKUP("新豐9線",'0928 4度C'!$A:$T,19,0) -> 0.083333333 | M16: =VLOOKUP("新豐4線",'0928 4度C'!$A:$T,19,0) -> 0.083333333
C17: 結束 | D17: =LOOKUP(2,1/(('0928 4度C'!$A:$A="新豐6線")*('0928 4度C'!$T:$T<>"")),'0928 4度C'!$T:$T) -> 0.91666667 | E17: =LOOKUP(2,1/(('0928 4度C'!$A:$A="新豐2線")*('0928 4度C'!$T:$T<>"")),'0928 4度C'!$T:$T) -> 0.48541667 | F17: =LOOKUP(2,1/(('0928 4度C'!$A:$A="新豐5線")*('0928 4度C'!$T:$T<>"")),'0928 4度C'!$T:$T) -> 0.83680556 | G17: =LOOKUP(2,1/(('0928 4度C'!$A:$A="新豐7線")*('0928 4度C'!$T:$T<>"")),'0928 4度C'!$T:$T) -> 0.91805556 | H17: =LOOKUP(2,1/(('0928 4度C'!$A:$A="新豐3線")*('0928 4度C'!$T:$T<>"")),'0928 4度C'!$T:$T) -> 0.49791667 | I17: =LOOKUP(2,1/(('0928 4度C'!$A:$A="新豐1線")*('0928 4度C'!$T:$T<>"")),'0928 4度C'!$T:$T) -> 0.85416667 | J17: =LOOKUP(2,1/(('0928 4度C'!$A:$A="新豐10線")*('0928 4度C'!$T:$T<>"")),'0928 4度C'!$T:$T) -> 0.4875 | K17: =LOOKUP(2,1/(('0928 4度C'!$A:$A="新豐8線")*('0928 4度C'!$T:$T<>"")),'0928 4度C'!$T:$T) -> 0.74027778 | L17: =LOOKUP(2,1/(('0928 4度C'!$A:$A="新豐9線")*('0928 4度C'!$T:$T<>"")),'0928 4度C'!$T:$T) -> 0.75902778 | M17: =LOOKUP(2,1/(('0928 4度C'!$A:$A="新豐4線")*('0928 4度C'!$T:$T<>"")),'0928 4度C'!$T:$T) -> 0.73402778
B18: 產線異常 (5分鐘以上) | C18: 次數 | D18: =SUMIFS('0928 4度C'!$Y:$Y,'0928 4度C'!$A:$A,"新豐6線",'0928 4度C'!$B:$B,"平均") -> 0 | E18: =SUMIFS('0928 4度C'!$Y:$Y,'0928 4度C'!$A:$A,"新豐2線",'0928 4度C'!$B:$B,"平均") -> 0 | F18: =SUMIFS('0928 4度C'!$Y:$Y,'0928 4度C'!$A:$A,"新豐5線",'0928 4度C'!$B:$B,"平均") -> 0 | G18: =SUMIFS('0928 4度C'!$Y:$Y,'0928 4度C'!$A:$A,"新豐7線",'0928 4度C'!$B:$B,"平均") -> 0 | H18: =SUMIFS('0928 4度C'!$Y:$Y,'0928 4度C'!$A:$A,"新豐3線",'0928 4度C'!$B:$B,"平均") -> 0 | I18: =SUMIFS('0928 4度C'!$Y:$Y,'0928 4度C'!$A:$A,"新豐1線",'0928 4度C'!$B:$B,"平均") -> 0 | J18: =SUMIFS('0928 4度C'!$Y:$Y,'0928 4度C'!$A:$A,"新豐10線",'0928 4度C'!$B:$B,"平均") -> 0 | K18: =SUMIFS('0928 4度C'!$Y:$Y,'0928 4度C'!$A:$A,"新豐8線",'0928 4度C'!$B:$B,"平均") -> 0 | L18: =SUMIFS('0928 4度C'!$Y:$Y,'0928 4度C'!$A:$A,"新豐9線",'0928 4度C'!$B:$B,"平均") -> 0 | M18: =SUMIFS('0928 4度C'!$Y:$Y,'0928 4度C'!$A:$A,"新豐4線",'0928 4度C'!$B:$B,"平均") -> 0
C19: 時間/分 | D19: =SUMIFS('0928 4度C'!$Z:$Z,'0928 4度C'!$A:$A,"新豐6線",'0928 4度C'!$B:$B,"平均") -> 0 | E19: =SUMIFS('0928 4度C'!$Z:$Z,'0928 4度C'!$A:$A,"新豐2線",'0928 4度C'!$B:$B,"平均") -> 0 | F19: =SUMIFS('0928 4度C'!$Z:$Z,'0928 4度C'!$A:$A,"新豐5線",'0928 4度C'!$B:$B,"平均") -> 0 | G19: =SUMIFS('0928 4度C'!$Z:$Z,'0928 4度C'!$A:$A,"新豐7線",'0928 4度C'!$B:$B,"平均") -> 0 | H19: =SUMIFS('0928 4度C'!$Z:$Z,'0928 4度C'!$A:$A,"新豐3線",'0928 4度C'!$B:$B,"平均") -> 0 | I19: =SUMIFS('0928 4度C'!$Z:$Z,'0928 4度C'!$A:$A,"新豐1線",'0928 4度C'!$B:$B,"平均") -> 0 | J19: =SUMIFS('0928 4度C'!$Z:$Z,'0928 4度C'!$A:$A,"新豐10線",'0928 4度C'!$B:$B,"平均") -> 0 | K19: =SUMIFS('0928 4度C'!$Z:$Z,'0928 4度C'!$A:$A,"新豐8線",'0928 4度C'!$B:$B,"平均") -> 0 | L19: =SUMIFS('0928 4度C'!$Z:$Z,'0928 4度C'!$A:$A,"新豐9線",'0928 4度C'!$B:$B,"平均") -> 0 | M19: =SUMIFS('0928 4度C'!$Z:$Z,'0928 4度C'!$A:$A,"新豐4線",'0928 4度C'!$B:$B,"平均") -> 0
B20: 短暫停線 (5分鐘以下) | C20: 次數 | D20: =SUMIFS('0928 4度C'!$AC:$AC,'0928 4度C'!$A:$A,"新豐6線",'0928 4度C'!$B:$B,"平均") -> 4 | E20: =SUMIFS('0928 4度C'!$AC:$AC,'0928 4度C'!$A:$A,"新豐2線",'0928 4度C'!$B:$B,"平均") -> 2 | F20: =SUMIFS('0928 4度C'!$AC:$AC,'0928 4度C'!$A:$A,"新豐5線",'0928 4度C'!$B:$B,"平均") -> 6 | G20: =SUMIFS('0928 4度C'!$AC:$AC,'0928 4度C'!$A:$A,"新豐7線",'0928 4度C'!$B:$B,"平均") -> 7 | H20: =SUMIFS('0928 4度C'!$AC:$AC,'0928 4度C'!$A:$A,"新豐3線",'0928 4度C'!$B:$B,"平均") -> 3 | I20: =SUMIFS('0928 4度C'!$AC:$AC,'0928 4度C'!$A:$A,"新豐1線",'0928 4度C'!$B:$B,"平均") -> 8 | J20: =SUMIFS('0928 4度C'!$AC:$AC,'0928 4度C'!$A:$A,"新豐10線",'0928 4度C'!$B:$B,"平均") -> 5 | K20: =SUMIFS('0928 4度C'!$AC:$AC,'0928 4度C'!$A:$A,"新豐8線",'0928 4度C'!$B:$B,"平均") -> 7 | L20: =SUMIFS('0928 4度C'!$AC:$AC,'0928 4度C'!$A:$A,"新豐9線",'0928 4度C'!$B:$B,"平均") -> 8 | M20: =SUMIFS('0928 4度C'!$AC:$AC,'0928 4度C'!$A:$A,"新豐4線",'0928 4度C'!$B:$B,"平均") -> 10
C21: 設備次數 | D21: =SUMIFS('0928 4度C'!$AD:$AD,'0928 4度C'!$A:$A,"新豐6線",'0928 4度C'!$B:$B,"平均") -> 0 | E21: =SUMIFS('0928 4度C'!$AD:$AD,'0928 4度C'!$A:$A,"新豐2線",'0928 4度C'!$B:$B,"平均") -> 0 | F21: =SUMIFS('0928 4度C'!$AD:$AD,'0928 4度C'!$A:$A,"新豐5線",'0928 4度C'!$B:$B,"平均") -> 0 | G21: =SUMIFS('0928 4度C'!$AD:$AD,'0928 4度C'!$A:$A,"新豐7線",'0928 4度C'!$B:$B,"平均") -> 0 | H21: =SUMIFS('0928 4度C'!$AD:$AD,'0928 4度C'!$A:$A,"新豐3線",'0928 4度C'!$B:$B,"平均") -> 0 | I21: =SUMIFS('0928 4度C'!$AD:$AD,'0928 4度C'!$A:$A,"新豐1線",'0928 4度C'!$B:$B,"平均") -> 0 | J21: =SUMIFS('0928 4度C'!$AD:$AD,'0928 4度C'!$A:$A,"新豐10線",'0928 4度C'!$B:$B,"平均") -> 0 | K21: =SUMIFS('0928 4度C'!$AD:$AD,'0928 4度C'!$A:$A,"新豐8線",'0928 4度C'!$B:$B,"平均") -> 0 | L21: =SUMIFS('0928 4度C'!$AD:$AD,'0928 4度C'!$A:$A,"新豐9線",'0928 4度C'!$B:$B,"平均") -> 0 | M21: =SUMIFS('0928 4度C'!$AD:$AD,'0928 4度C'!$A:$A,"新豐4線",'0928 4度C'!$B:$B,"平均") -> 0
B22: 配置人數 | D22: =SUMIFS('0928 4度C'!$I:$I,'0928 4度C'!$A:$A,"新豐6線",'0928 4度C'!$B:$B,"平均") -> 15.5 | E22: =SUMIFS('0928 4度C'!$I:$I,'0928 4度C'!$A:$A,"新豐2線",'0928 4度C'!$B:$B,"平均") -> 18 | F22: =SUMIFS('0928 4度C'!$I:$I,'0928 4度C'!$A:$A,"新豐5線",'0928 4度C'!$B:$B,"平均") -> 16.666667 | G22: =SUMIFS('0928 4度C'!$I:$I,'0928 4度C'!$A:$A,"新豐7線",'0928 4度C'!$B:$B,"平均") -> 16 | H22: =SUMIFS('0928 4度C'!$I:$I,'0928 4度C'!$A:$A,"新豐3線",'0928 4度C'!$B:$B,"平均") -> 11 | I22: =SUMIFS('0928 4度C'!$I:$I,'0928 4度C'!$A:$A,"新豐1線",'0928 4度C'!$B:$B,"平均") -> 18.25 | J22: =SUMIFS('0928 4度C'!$I:$I,'0928 4度C'!$A:$A,"新豐10線",'0928 4度C'!$B:$B,"平均") -> 10.2 | K22: =SUMIFS('0928 4度C'!$I:$I,'0928 4度C'!$A:$A,"新豐8線",'0928 4度C'!$B:$B,"平均") -> 17 | L22: =SUMIFS('0928 4度C'!$I:$I,'0928 4度C'!$A:$A,"新豐9線",'0928 4度C'!$B:$B,"平均") -> 17.875 | M22: =SUMIFS('0928 4度C'!$I:$I,'0928 4度C'!$A:$A,"新豐4線",'0928 4度C'!$B:$B,"平均") -> 16
B23: 主要應用設備 | D23: ET-55 | E23: 熱縮爐 | F23: L型包裝機 | G23: L型包裝機 | H23: 伺服包裝機 | I23: ET-55 | J23: 伺服包裝機 | K23: 三明治包裝機 | L23: 三明治包裝機 | M23: 三明治包裝機
B24: 次要應用設備 | F24: 圓盤機 | G24: ET-55
B25: 備註 | E25: 握沙拉 | F25: 共用L型包裝機 | H25: 調理麵包 | I25: 炒飯+沙拉 | J25: 調理麵包

Sheet 0928 4度C
A1: 新豐廠四度C日報分析 | C1: 總生產量 | D1: =SUM(F5:F74) -> 189843 | E1: 營業額 | F1: =SUM(G5:G74) -> 6454757.6 | G1: 出勤人數 | H1: =L9+L12+L48+L57+L19+L63+L35+L44+L27+L74 -> 156.49167 | I1: 產線配置圖 | L1: 生產實績 | O1: 人時性差異分析 | S1: 日報登錄 | Y1: 合計 次數 | Z1: 合計 時間/分 | AA1: 產線異常 分析說明(5分鐘以上) | AC1: 合計 次數 | AD1: 合計 設備次數 | AE1: 產能差異分析
A2: 46293 | B2: 星期一 | C2: 人時性 | D2: =AVERAGE(N9,N12,N48,N57,N19,N63,N27,N35,N44,N74) -> 144.11362 | E2: 平均廠價 | F2: =F1/D1 -> 34.000504 | G2: 多次生產數 | H2: =COUNT(H5:H74) -> 11 | Y2: =SUM(Y9+Y12+Y19+Y27+Y35+Y44+Y48+Y57+Y63+Y74) -> 0 | Z2: =SUM(Z9+Z12+Z19+Z27+Z35+Z44+Z48+Z57+Z63+Z74) -> 0 | AC2: 60 | AD2: =SUM(AD9+AD12+AD19+AD27+AD35+AD44+AD48+AD57+AD63+AD74) -> 0
A3: 線別 | B3: 品類 | C3: 品名 | E3: 廠價 | F3: 生產量 | G3: 營收 | H3: 多次 生產 | I3: 人數 | J3: 產能/時 | K3: 人時性 | L3: 人數 | M3: 產能/時 | N3: 人時性 | O3: 人數 | P3: 人時性 | Q3: 達成率 | R3: 達成率平均 | S3: 生產時間 | U3: 換線、休息/分 | V3: 稼動時間/分 | W3: 休息時間 | Y3: 產線異常統計 (5分鐘以上) | AA3: (新豐回填) | AC3: 短暫停線統計 (5分鐘以下) | AE3: 產能/時 | AF3: 達成率 | AG3: 達成率平均
S4: 開始 | T4: 結束 | W4: 開始 | X4: 結束 | Y4: 次數 | Z4: 時間/分 | AC4: 總次數 | AD4: 設備因素(次數)
A5: 新豐6線 | B5: 微波主食 | C5: 二配金咖哩果香甘口咖哩飯 | E5: 50.92 | F5: 2715 | G5: =E5*F5 -> 138247.8 | I5: 15 | J5: 2000 | K5: =J5/I5 -> 133.33333 | L5: 15 | M5: =F5/V5*60 -> 1916.4706 | N5: =M5/L5 -> 127.76471 | O5: =L5-I5 -> 0 | P5: =N5-K5 -> -5.5686275 | Q5: =N5/K5 -> 0.95823529 | R5: =Q9 -> 0.96170777 | S5: 0.70833333 | T5: 0.76736111 | V5: =(T5-S5)*24*60 -> 85 | AC5: 4 | AE5: =M5-J5 -> -83.529412 | AF5: =M5/J5 -> 0.95823529 | AG5: =AF9 -> 0.96170777
A6: 新豐6線 | B6: 微波主食 | C6: 二配金咖哩濃厚辛口咖哩飯 | E6: 50.98 | F6: 1000 | G6: =E6*F6 -> 50980 | H6: 2 | I6: 16 | J6: 2000 | K6: =J6/I6 -> 125 | L6: 16 | M6: =F6/V6*60 -> 1935.4839 | N6: =M6/L6 -> 120.96774 | O6: =L6-I6 -> 0 | P6: =N6-K6 -> -4.0322581 | Q6: =N6/K6 -> 0.96774194 | S6: 0.77083333 | T6: 0.79236111 | U6: =IF(S6=TIME(17,0,0),"",(S6-T5)*24*60) -> 5 | V6: =(T6-S6)*24*60 -> 31 | AE6: =M6-J6 -> -64.516129 | AF6: =M6/J6 -> 0.96774194
A7: 新豐6線 | B7: 微波主食 | C7: 二配泰式綠咖哩雞 | E7: 50.67 | F7: 1702 | G7: =E7*F7 -> 86240.34 | I7: 15 | J7: 2000 | K7: =J7/I7 -> 133.33333 | L7: 15 | M7: =F7/V7*60 -> 1926.7925 | N7: =M7/L7 -> 128.45283 | O7: =L7-I7 -> 0 | P7: =N7-K7 -> -4.8805031 | Q7: =N7/K7 -> 0.96339623 | S7: 0.79652778 | T7: 0.83333333 | U7: =IF(S7=TIME(17,0,0),"",(S7-T6)*24*60) -> 6 | V7: =(T7-S7)*24*60 -> 53 | W7: =T7 -> 0.83333333 | X7: =S8 -> 0.87569444 | AE7: =M7-J7 -> -73.207547 | AF7: =M7/J7 -> 0.96339623
A8: 新豐6線 | B8: 微波主食 | C8: 二配金咖哩濃厚辛口咖哩飯 | E8: 50.98 | F8: 1883 | G8: =E8*F8 -> 95995.34 | I8: 16 | J8: 2000 | K8: =J8/I8 -> 125 | L8: 16 | M8: =F8/V8*60 -> 1914.9153 | N8: =M8/L8 -> 119.6822 | O8: =L8-I8 -> 0 | P8: =N8-K8 -> -5.3177966 | Q8: =N8/K8 -> 0.95745763 | S8: 0.87569444 | T8: 0.91666667 | U8: =IF(S8=TIME(17,0,0),"",(S8-T7)*24*60) -> 61 | V8: =(T8-S8)*24*60 -> 59 | AE8: =M8-J8 -> -85.084746 | AF8: =M8/J8 -> 0.95745763
A9: 新豐6線 | B9: 平均 | I9: 15.5 | J9: 2000 | K9: =J9/I9 -> 129.03226 | L9: 15.5 | M9: =AVERAGE(M5:M8) -> 1923.4155 | N9: =M9/L9 -> 124.09133 | O9: =L9-I9 -> 0 | P9: =N9-K9 -> -4.9409328 | Q9: =N9/K9 -> 0.96170777 | Y9: =SUM(Y5:Y8) -> 0 | Z9: =SUM(Z5:Z8) -> 0 | AC9: 4 | AD9: =SUM(AD5:AD8) -> 0 | AE9: =M9-J9 -> -76.584458 | AF9: =M9/J9 -> 0.96170777
A10: 新豐2線 | B10: 沙拉 | C10: 青醬優格雞肉握沙拉(113年) | E10: 39.62 | F10: 5288 | G10: =E10*F10 -> 209510.56 | I10: 19 | J10: 1500 | K10: =J10/I10 -> 78.947368 | L10: 19 | M10: =F10/V10*60 -> 1429.1892 | N10: =M10/L10 -> 75.220484 | O10: =L10-I10 -> 0 | P10: =N10-K10 -> -3.7268848 | Q10: =N10/K10 -> 0.95279279 | R10: =Q12 -> 0.95233579 | S10: 0.083333333 | T10: 0.2375 | V10: =(T10-S10)*24*60 -> 222 | W10: =T10 -> 0.2375 | X10: =S11 -> 0.25625 | AC10: 2 | AE10: =M10-J10 -> -70.810811 | AF10: =M10/J10 -> 0.95279279 | AG10: =AF12 -> 0.95233579
A11: 新豐2線 | B11: 沙拉 | C11: 青檸烤雞握沙拉(113年) | E11: 39.8 | F11: 7853 | G11: =E11*F11 -> 312549.4 | I11: 17 | J11: 1500 | K11: =J11/I11 -> 88.235294 | L11: 17 | M11: =F11/V11*60 -> 1427.8182 | N11: =M11/L11 -> 83.989305 | O11: =L11-I11 -> 0 | P11: =N11-K11 -> -4.2459893 | Q11: =N11/K11 -> 0.95187879 | S11: 0.25625 | T11: 0.48541667 | U11: =IF(S11=TIME(17,0,0),"",(S11-T10)*24*60) -> 27 | V11: =(T11-S11)*24*60 -> 330 | AE11: =M11-J11 -> -72.181818 | AF11: =M11/J11 -> 0.95187879
A12: 新豐2線 | B12: 平均 | I12: 18 | J12: 1500 | K12: =J12/I12 -> 83.333333 | L12: 18 | M12: =AVERAGE(M10:M11) -> 1428.5037 | N12: =M12/L12 -> 79.361316 | O12: =L12-I12 -> 0 | P12: =N12-K12 -> -3.9720175 | Q12: =N12/K12 -> 0.95233579 | Y12: =SUM(Y10:Y11) -> 0 | Z12: =SUM(Z10:Z11) -> 0 | AC12: 2 | AD12: =SUM(AD10:AD11) -> 0 | AE12: =M12-J12 -> -71.496314 | AF12: =M12/J12 -> 0.95233579
A13: 新豐5線 | B13: 季節調理麵 | C13: 台式麻醬涼麵(115年) | E13: 31.11 | F13: 2567 | G13: =E13*F13 -> 79859.37 | I13: 14 | J13: 2000 | K13: =J13/I13 -> 142.85714 | L13: 14 | M13: =F13/V13*60 -> 1901.4815 | N13: =M13/L13 -> 135.82011 | O13: =L13-I13 -> 0 | P13: =N13-K13 -> -7.037037 | Q13: =N13/K13 -> 0.95074074 | R13: =Q19 -> 0.95986496 | S13: 0.20833333 | T13: 0.26458333 | V13: =(T13-S13)*24*60 -> 81 | AC13: 6 | AE13: =M13-J13 -> -98.518519 | AF13: =M13/J13 -> 0.95074074 | AG13: =AF19 -> 0.95986496
A14: 新豐5線 | B14: 小吃 | C14: 剝皮辣椒雞湯 | E14: 41 | F14: 2180 | G14: =E14*F14 -> 89380 | I14: 26 | J14: 1500 | K14: =J14/I14 -> 57.692308 | L14: 26 | M14: =F14/V14*60 -> 1437.3626 | N14: =M14/L14 -> 55.283178 | O14: =L14-I14 -> 0 | P14: =N14-K14 -> -2.4091293 | Q14: =N14/K14 -> 0.95824176 | S14: 0.26805556 | T14: 0.33125 | U14: =IF(S14=TIME(17,0,0),"",(S14-T13)*24*60) -> 5 | V14: =(T14-S14)*24*60 -> 91 | AE14: =M14-J14 -> -62.637363 | AF14: =M14/J14 -> 0.95824176
A15: 新豐5線 | B15: 沙拉 | C15: 厚蛋時蔬握沙拉 | E15: 39.46 | F15: 2615 | G15: =E15*F15 -> 103187.9 | I15: 15 | J15: 1500 | K15: =J15/I15 -> 100 | L15: 15 | M15: =F15/V15*60 -> 1439.4495 | N15: =M15/L15 -> 95.963303 | O15: =L15-I15 -> 0 | P15: =N15-K15 -> -4.0366972 | Q15: =N15/K15 -> 0.95963303 | S15: 0.33541667 | T15: 0.41111111 | U15: =IF(S15=TIME(17,0,0),"",(S15-T14)*24*60) -> 6 | V15: =(T15-S15)*24*60 -> 109 | AE15: =M15-J15 -> -60.550459 | AF15: =M15/J15 -> 0.95963303
A16: 新豐5線 | B16: 微波主食 | C16: 二配打拋風味豬肉飯 | E16: 51.06 | F16: 3197 | G16: =E16*F16 -> 163238.82 | I16: 13 | J16: 2000 | K16: =J16/I16 -> 153.84615 | L16: 13 | M16: =F16/V16*60 -> 1918.2 | N16: =M16/L16 -> 147.55385 | O16: =L16-I16 -> 0 | P16: =N16-K16 -> -6.2923077 | Q16: =N16/K16 -> 0.9591 | S16: 0.70833333 | T16: 0.77777778 | U16: =IF(S16=TIME(17,0,0),"",(S16-T15)*24*60) | V16: =(T16-S16)*24*60 -> 100 | AE16: =M16-J16 -> -81.8 | AF16: =M16/J16 -> 0.9591
A17: 新豐5線 | B17: 微波主食 | C17: 二配厚香料優格咖哩雞排飯 | E17: 56.43 | F17: 1313 | G17: =E17*F17 -> 74092.59 | I17: 13 | J17: 2000 | K17: =J17/I17 -> 153.84615 | L17: 13 | M17: =F17/V17*60 -> 1921.4634 | N17: =M17/L17 -> 147.80488 | O17: =L17-I17 -> 0 | P17: =N17-K17 -> -6.0412758 | Q17: =N17/K17 -> 0.96073171 | S17: 0.78194444 | T17: 0.81041667 | U17: =IF(S17=TIME(17,0,0),"",(S17-T16)*24*60) -> 6 | V17: =(T17-S17)*24*60 -> 41 | AE17: =M17-J17 -> -78.536585 | AF17: =M17/J17 -> 0.96073171
A18: 新豐5線 | B18: 微波主食 | C18: 二配玉米濃湯焗烤飯 | E18: 54.5 | F18: 779 | G18: =E18*F18 -> 42455.5 | I18: 19 | J18: 1500 | K18: =J18/I18 -> 78.947368 | L18: 19 | M18: =F18/V18*60 -> 1460.625 | N18: =M18/L18 -> 76.875 | O18: =L18-I18 -> 0 | P18: =N18-K18 -> -2.0723684 | Q18: =N18/K18 -> 0.97375 | S18: 0.81458333 | T18: 0.83680556 | U18: =IF(S18=TIME(17,0,0),"",(S18-T17)*24*60) -> 6 | V18: =(T18-S18)*24*60 -> 32 | AE18: =M18-J18 -> -39.375 | AF18: =M18/J18 -> 0.97375
A19: 新豐5線 | B19: 平均 | I19: 16.666667 | J19: 1750 | K19: =J19/I19 -> 105 | L19: 16.666667 | M19: =AVERAGE(M13:M18) -> 1679.7637 | N19: =M19/L19 -> 100.78582 | O19: =L19-I19 -> 0 | P19: =N19-K19 -> -4.2141793 | Q19: =N19/K19 -> 0.95986496 | Y19: =SUM(Y13:Y18) -> 0 | Z19: =SUM(Z13:Z18) -> 0 | AC19: 6 | AD19: =SUM(AD13:AD18) -> 0 | AE19: =M19-J19 -> -70.236321 | AF19: =M19/J19 -> 0.95986496
A20: 新豐7線 | B20: 微波主食 | C20: 韓式泡菜豬肉豆腐丼飯 | E20: 50.67 | F20: 1929 | G20: =E20*F20 -> 97742.43 | I20: 17 | J20: 2000 | K20: =J20/I20 -> 117.64706 | L20: 17 | M20: =F20/V20*60 -> 1929 | N20: =M20/L20 -> 113.47059 | O20: =L20-I20 -> 0 | P20: =N20-K20 -> -4.1764706 | Q20: =N20/K20 -> 0.9645 | R20: =Q27 -> 0.96135993 | S20: 0.25 | T20: 0.29166667 | V20: =(T20-S20)*24*60 -> 60 | AC20: 7 | AE20: =M20-J20 -> -71 | AF20: =M20/J20 -> 0.9645 | AG20: =AF27 -> 0.96135993
A21: 新豐7線 | B21: 微波主食 | C21: 鐵板滑蛋炸豬排丼 | E21: 57.73 | F21: 3116 | G21: =E21*F21 -> 179886.68 | I21: 14 | J21: 2000 | K21: =J21/I21 -> 142.85714 | L21: 14 | M21: =F21/V21*60 -> 1907.7551 | N21: =M21/L21 -> 136.26822 | O21: =L21-I21 -> 0 | P21: =N21-K21 -> -6.5889213 | Q21: =N21/K21 -> 0.95387755 | S21: 0.29722222 | T21: 0.36527778 | U21: =IF(S21=TIME(17,0,0),"",(S21-T20)*24*60) -> 8 | V21: =(T21-S21)*24*60 -> 98 | AE21: =M21-J21 -> -92.244898 | AF21: =M21/J21 -> 0.95387755
A22: 新豐7線 | B22: 微波主食 | C22: 日式炙烤親子丼 | E22: 53.27 | F22: 1753 | G22: =E22*F22 -> 93382.31 | I22: 16 | J22: 2000 | K22: =J22/I22 -> 125 | L22: 16 | M22: =F22/V22*60 -> 1912.3636 | N22: =M22/L22 -> 119.52273 | O22: =L22-I22 -> 0 | P22: =N22-K22 -> -5.4772727 | Q22: =N22/K22 -> 0.95618182 | S22: 0.37013889 | T22: 0.40833333 | U22: =IF(S22=TIME(17,0,0),"",(S22-T21)*24*60) -> 7 | V22: =(T22-S22)*24*60 -> 55 | AE22: =M22-J22 -> -87.636364 | AF22: =M22/J22 -> 0.95618182
A23: 新豐7線 | B23: 微波主食 | C23: 二配川味麻婆燒豆腐燴飯 | E23: 50.49 | F23: 2401 | G23: =E23*F23 -> 121226.49 | I23: 15 | J23: 2000 | K23: =J23/I23 -> 133.33333 | L23: 15 | M23: =F23/V23*60 -> 1920.8 | N23: =M23/L23 -> 128.05333 | O23: =L23-I23 -> 0 | P23: =N23-K23 -> -5.28 | Q23: =N23/K23 -> 0.9604 | S23: 0.70833333 | T23: 0.76041667 | U23: =IF(S23=TIME(17,0,0),"",(S23-T22)*24*60) | V23: =(T23-S23)*24*60 -> 75 | AE23: =M23-J23 -> -79.2 | AF23: =M23/J23 -> 0.9604
A24: 新豐7線 | B24: 微波主食 | C24: 二配美味蟹煲 | E24: 54.09 | F24: 2127 | G24: =E24*F24 -> 115049.43 | I24: 18 | J24: 2000 | K24: =J24/I24 -> 111.11111 | L24: 18 | M24: =F24/V24*60 -> 1933.6364 | N24: =M24/L24 -> 107.42424 | O24: =L24-I24 -> 0 | P24: =N24-K24 -> -3.6868687 | Q24: =N24/K24 -> 0.96681818 | S24: 0.76458333 | T24: 0.81041667 | U24: =IF(S24=TIME(17,0,0),"",(S24-T23)*24*60) -> 6 | V24: =(T24-S24)*24*60 -> 66 | AE24: =M24-J24 -> -66.363636 | AF24: =M24/J24 -> 0.96681818
A25: 新豐7線 | B25: 微波主食 | C25: 二配港式滑蛋牛肉燴飯 | E25: 50.67 | F25: 1000 | G25: =E25*F25 -> 50670 | H25: 2 | I25: 16 | J25: 2000 | K25: =J25/I25 -> 125 | L25: 16 | M25: =F25/V25*60 -> 1935.4839 | N25: =M25/L25 -> 120.96774 | O25: =L25-I25 -> 0 | P25: =N25-K25 -> -4.0322581 | Q25: =N25/K25 -> 0.96774194 | S25: 0.81388889 | T25: 0.83541667 | U25: =IF(S25=TIME(17,0,0),"",(S25-T24)*24*60) -> 5 | V25: =(T25-S25)*24*60 -> 31 | W25: =T25 -> 0.83541667 | X25: =S26 -> 0.87638889 | AE25: =M25-J25 -> -64.516129 | AF25: =M25/J25 -> 0.96774194
A26: 新豐7線 | B26: 微波主食 | C26: 二配港式滑蛋牛肉燴飯 | E26: 50.67 | F26: 1920 | G26: =E26*F26 -> 97286.4 | I26: 16 | J26: 2000 | K26: =J26/I26 -> 125 | L26: 16 | M26: =F26/V26*60 -> 1920 | N26: =M26/L26 -> 120 | O26: =L26-I26 -> 0 | P26: =N26-K26 -> -5 | Q26: =N26/K26 -> 0.96 | S26: 0.87638889 | T26: 0.91805556 | U26: =IF(S26=TIME(17,0,0),"",(S26-T25)*24*60) -> 59 | V26: =(T26-S26)*24*60 -> 60 | AE26: =M26-J26 -> -80 | AF26: =M26/J26 -> 0.96
A27: 新豐7線 | B27: 平均 | I27: 16 | J27: 2000 | K27: =J27/I27 -> 125 | L27: 16 | M27: =AVERAGE(M20:M26) -> 1922.7199 | N27: =M27/L27 -> 120.16999 | O27: =L27-I27 -> 0 | P27: =N27-K27 -> -4.8300092 | Q27: =N27/K27 -> 0.96135993 | Y27: =SUM(Y20:Y26) -> 0 | Z27: =SUM(Z20:Z26) -> 0 | AC27: 7 | AD27: =SUM(AD20:AD26) -> 0 | AE27: =M27-J27 -> -77.280147 | AF27: =M27/J27 -> 0.96135993
A28: 新豐8線 | B28: 三明治 | C28: 紐奧良風味烤雞鮮蔬三明治 | E28: 31.29 | F28: 6300 | G28: =E28*F28 -> 197127 | H28: 2 | I28: 18 | J28: 2400 | K28: =J28/I28 -> 133.33333 | L28: 18 | M28: =F28/V28*60 -> 2290.9091 | N28: =M28/L28 -> 127.27273 | O28: =L28-I28 -> 0 | P28: =N28-K28 -> -6.0606061 | Q28: =N28/K28 -> 0.95454545 | R28: =Q35 -> 0.95515697 | S28: 0.083333333 | T28: 0.19791667 | V28: =(T28-S28)*24*60 -> 165 | W28: =T28 -> 0.19791667 | X28: =S29 -> 0.21736111 | AC28: 7 | AE28: =M28-J28 -> -109.09091 | AF28: =M28/J28 -> 0.95454545 | AG28: =AF35 -> 0.95515697
A29: 新豐8線 | B29: 三明治 | C29: 醬燒烤雞三明治(115年) | E29: 26.37 | F29: 4600 | G29: =E29*F29 -> 121302 | H29: 2 | I29: 18 | J29: 2400 | K29: =J29/I29 -> 133.33333 | L29: 18 | M29: =F29/V29*60 -> 2300 | N29: =M29/L29 -> 127.77778 | O29: =L29-I29 -> 0 | P29: =N29-K29 -> -5.5555556 | Q29: =N29/K29 -> 0.95833333 | S29: 0.21736111 | T29: 0.30069444 | U29: =(S29-T28)*24*60 -> 28 | V29: =(T29-S29)*24*60 -> 120 | AE29: =M29-J29 -> -100 | AF29: =M29/J29 -> 0.95833333
A30: 新豐8線 | B30: 三明治 | C30: 經典火腿玉米蛋三明治 | E30: 24.43 | F30: 5100 | G30: =E30*F30 -> 124593 | H30: 2 | I30: 14 | J30: 2400 | K30: =J30/I30 -> 171.42857 | L30: 14 | M30: =F30/V30*60 -> 2283.5821 | N30: =M30/L30 -> 163.11301 | O30: =L30-I30 -> 0 | P30: =N30-K30 -> -8.315565 | Q30: =N30/K30 -> 0.95149254 | S30: 0.30486111 | T30: 0.39791667 | U30: =(S30-T29)*24*60 -> 6 | V30: =(T30-S30)*24*60 -> 134 | AE30: =M30-J30 -> -116.41791 | AF30: =M30/J30 -> 0.95149254
A31: 新豐8線 | B31: 三明治 | C31: 好多菜三明治 | E31: 25.98 | F31: 4393 | G31: =E31*F31 -> 114130.14 | I31: 19 | J31: 2400 | K31: =J31/I31 -> 126.31579 | L31: 19 | M31: =F31/V31*60 -> 2292 | N31: =M31/L31 -> 120.63158 | O31: =L31-I31 -> 0 | P31: =N31-K31 -> -5.6842105 | Q31: =N31/K31 -> 0.955 | S31: 0.40208333 | T31: 0.48194444 | U31: =(S31-T30)*24*60 -> 6 | V31: =(T31-S31)*24*60 -> 115 | W31: =T31 -> 0.48194444 | X31: =S32 -> 0.52083333 | AE31: =M31-J31 -> -108 | AF31: =M31/J31 -> 0.955
A32: 新豐8線 | B32: 三明治 | C32: 紐奧良風味烤雞鮮蔬三明治 | E32: 31.29 | F32: 4586 | G32: =E32*F32 -> 143495.94 | I32: 18 | J32: 2400 | K32: =J32/I32 -> 133.33333 | L32: 18 | M32: =F32/V32*60 -> 2293 | N32: =M32/L32 -> 127.38889 | O32: =L32-I32 -> 0 | P32: =N32-K32 -> -5.9444444 | Q32: =N32/K32 -> 0.95541667 | S32: 0.52083333 | T32: 0.60416667 | U32: =(S32-T31)*24*60 -> 56 | V32: =(T32-S32)*24*60 -> 120 | AE32: =M32-J32 -> -107 | AF32: =M32/J32 -> 0.95541667
A33: 新豐8線 | B33: 三明治 | C33: 醬燒烤雞三明治(115年) | E33: 26.37 | F33: 3094 | G33: =E33*F33 -> 81588.78 | I33: 18 | J33: 2400 | K33: =J33/I33 -> 133.33333 | L33: 18 | M33: =F33/V33*60 -> 2291.8519 | N33: =M33/L33 -> 127.3251 | O33: =L33-I33 -> 0 | P33: =N33-K33 -> -6.0082305 | Q33: =N33/K33 -> 0.95493827 | S33: 0.60833333 | T33: 0.66458333 | U33: =(S33-T32)*24*60 -> 6 | V33: =(T33-S33)*24*60 -> 81 | AE33: =M33-J33 -> -108.14815 | AF33: =M33/J33 -> 0.95493827
A34: 新豐8線 | B34: 三明治 | C34: 經典火腿玉米蛋三明治 | E34: 24.43 | F34: 3902 | G34: =E34*F34 -> 95325.86 | I34: 14 | J34: 2400 | K34: =J34/I34 -> 171.42857 | L34: 14 | M34: =F34/V34*60 -> 2295.2941 | N34: =M34/L34 -> 163.94958 | O34: =L34-I34 -> 0 | P34: =N34-K34 -> -7.4789916 | Q34: =N34/K34 -> 0.95637255 | S34: 0.66944444 | T34: 0.74027778 | U34: =(S34-T33)*24*60 -> 7 | V34: =(T34-S34)*24*60 -> 102 | AE34: =M34-J34 -> -104.70588 | AF34: =M34/J34 -> 0.95637255
A35: 新豐8線 | B35: 平均 | I35: 17 | J35: 2400 | K35: =J35/I35 -> 141.17647 | L35: 17 | M35: =AVERAGE(M28:M34) -> 2292.3767 | N35: =M35/L35 -> 134.84569 | O35: =L35-I35 -> 0 | P35: =N35-K35 -> -6.3307803 | Q35: =N35/K35 -> 0.95515697 | Y35: =SUM(Y28:Y34) -> 0 | Z35: =SUM(Z28:Z34) -> 0 | AC35: 7 | AD35: =SUM(AD28:AD34) -> 0 | AE35: =M35-J35 -> -107.62326 | AF35: =M35/J35 -> 0.95515697
A36: 新豐9線 | B36: 三明治 | C36: 經典總匯三明治(115年) | E36: 26.18 | F36: 4100 | G36: =E36*F36 -> 107338 | H36: 2 | I36: 20 | J36: 2400 | K36: =J36/I36 -> 120 | L36: 20 | M36: =F36/V36*60 -> 2299.0654 | N36: =M36/L36 -> 114.95327 | O36: =L36-I36 -> 0 | P36: =N36-K36 -> -5.046729 | Q36: =N36/K36 -> 0.95794393 | R36: =Q44 -> 0.95881778 | S36: 0.083333333 | T36: 0.15763889 | V36: =(T36-S36)*24*60 -> 107 | W36: =T36 -> 0.15763889 | X36: =S37 -> 0.17708333 | AC36: 8 | AE36: =M36-J36 -> -100.93458 | AF36: =M36/J36 -> 0.95794393 | AG36: =AF44 -> 0.95881778
A37: 新豐9線 | B37: 三明治 | C37: 鮪魚起司溏心蛋三明治(115年) | E37: 26.18 | F37: 5400 | G37: =E37*F37 -> 141372 | H37: 2 | I37: 18 | J37: 2400 | K37: =J37/I37 -> 133.33333 | L37: 18 | M37: =F37/V37*60 -> 2297.8723 | N37: =M37/L37 -> 127.65957 | O37: =L37-I37 -> 0 | P37: =N37-K37 -> -5.6737589 | Q37: =N37/K37 -> 0.95744681 | S37: 0.17708333 | T37: 0.275 | U37: =(S37-T36)*24*60 -> 28 | V37: =(T37-S37)*24*60 -> 141 | AE37: =M37-J37 -> -102.12766 | AF37: =M37/J37 -> 0.95744681
A38: 新豐9線 | B38: 三明治 | C38: 好多蛋三明治 | E38: 34.1 | F38: 4100 | G38: =E38*F38 -> 139810 | H38: 2 | I38: 17 | J38: 1600 | K38: =J38/I38 -> 94.117647 | L38: 17 | M38: =F38/V38*60 -> 1527.9503 | N38: =M38/L38 -> 89.87943 | O38: =L38-I38 -> 0 | P38: =N38-K38 -> -4.238217 | Q38: =N38/K38 -> 0.95496894 | S38: 0.27847222 | T38: 0.39027778 | U38: =(S38-T37)*24*60 -> 5 | V38: =(T38-S38)*24*60 -> 161 | AE38: =M38-J38 -> -72.049689 | AF38: =M38/J38 -> 0.95496894
A39: 新豐9線 | B39: 三明治 | C39: 金黃玉米蛋三明治 | E39: 24.25 | F39: 1779 | G39: =E39*F39 -> 43140.75 | I39: 16 | J39: 2400 | K39: =J39/I39 -> 150 | L39: 16 | M39: =F39/V39*60 -> 2320.4348 | N39: =M39/L39 -> 145.02717 | O39: =L39-I39 -> 0 | P39: =N39-K39 -> -4.9728261 | Q39: =N39/K39 -> 0.96684783 | S39: 0.39583333 | T39: 0.42777778 | U39: =(S39-T38)*24*60 -> 8 | V39: =(T39-S39)*24*60 -> 46 | AE39: =M39-J39 -> -79.565217 | AF39: =M39/J39 -> 0.96684783
A40: 新豐9線 | B40: 三明治 | C40: 巧克力肉鬆三明治 | E40: 23.89 | F40: 3187 | G40: =E40*F40 -> 76137.43 | I40: 17 | J40: 2400 | K40: =J40/I40 -> 141.17647 | L40: 17 | M40: =F40/V40*60 -> 2303.8554 | N40: =M40/L40 -> 135.52091 | O40: =L40-I40 -> 0 | P40: =N40-K40 -> -5.6555634 | Q40: =N40/K40 -> 0.95993976 | S40: 0.43333333 | T40: 0.49097222 | U40: =(S40-T39)*24*60 -> 8 | V40: =(T40-S40)*24*60 -> 83 | W40: =T40 -> 0.49097222 | X40: =S41 -> 0.53125 | AE40: =M40-J40 -> -96.144578 | AF40: =M40/J40 -> 0.95993976
A41: 新豐9線 | B41: 三明治 | C41: 經典總匯三明治(115年) | E41: 26.18 | F41: 3039 | G41: =E41*F41 -> 79561.02 | I41: 20 | J41: 2400 | K41: =J41/I41 -> 120 | L41: 20 | M41: =F41/V41*60 -> 2308.1013 | N41: =M41/L41 -> 115.40506 | O41: =L41-I41 -> 0 | P41: =N41-K41 -> -4.5949367 | Q41: =N41/K41 -> 0.96170886 | S41: 0.53125 | T41: 0.58611111 | U41: =(S41-T40)*24*60 -> 58 | V41: =(T41-S41)*24*60 -> 79 | AE41: =M41-J41 -> -91.898734 | AF41: =M41/J41 -> 0.96170886
A42: 新豐9線 | B42: 三明治 | C42: 鮪魚起司溏心蛋三明治(115年) | E42: 26.18 | F42: 4198 | G42: =E42*F42 -> 109903.64 | I42: 18 | J42: 2400 | K42: =J42/I42 -> 133.33333 | L42: 18 | M42: =F42/V42*60 -> 2289.8182 | N42: =M42/L42 -> 127.21212 | O42: =L42-I42 -> 0 | P42: =N42-K42 -> -6.1212121 | Q42: =N42/K42 -> 0.95409091 | S42: 0.58958333 | T42: 0.66597222 | U42: =(S42-T41)*24*60 -> 5 | V42: =(T42-S42)*24*60 -> 110 | AE42: =M42-J42 -> -110.18182 | AF42: =M42/J42 -> 0.95409091
A43: 新豐9線 | B43: 三明治 | C43: 好多蛋三明治 | E43: 34.1 | F43: 3209 | G43: =E43*F43 -> 109426.9 | I43: 17 | J43: 1600 | K43: =J43/I43 -> 94.117647 | L43: 17 | M43: =F43/V43*60 -> 1528.0952 | N43: =M43/L43 -> 89.887955 | O43: =L43-I43 -> 0 | P43: =N43-K43 -> -4.2296919 | Q43: =N43/K43 -> 0.95505952 | S43: 0.67152778 | T43: 0.75902778 | U43: =(S43-T42)*24*60 -> 8 | V43: =(T43-S43)*24*60 -> 126 | AE43: =M43-J43 -> -71.904762 | AF43: =M43/J43 -> 0.95505952
A44: 新豐9線 | B44: 平均 | I44: 17.875 | J44: 2200 | K44: =J44/I44 -> 123.07692 | L44: 17.875 | M44: =AVERAGE(M36:M43) -> 2109.3991 | N44: =M44/L44 -> 118.00834 | O44: =L44-I44 -> 0 | P44: =N44-K44 -> -5.0685807 | Q44: =N44/K44 -> 0.95881778 | Y44: =SUM(Y36:Y43) -> 0 | Z44: =SUM(Z36:Z43) -> 0 | AC44: 8 | AD44: =SUM(AD36:AD43) -> 0 | AE44: =M44-J44 -> -90.60088 | AF44: =M44/J44 -> 0.95881778
A45: 新豐3線 | B45: 調理麵包 | C45: 豬肉起司堡 | E45: 21.13 | F45: 6401 | G45: =E45*F45 -> 135253.13 | I45: 10 | J45: 3000 | K45: =J45/I45 -> 300 | L45: 10 | M45: =F45/V45*60 -> 2866.1194 | N45: =M45/L45 -> 286.61194 | O45: =L45-I45 -> 0 | P45: =N45-K45 -> -13.38806 | Q45: =N45/K45 -> 0.95537313 | R45: =Q48 -> 0.95634415 | S45: 0.20833333 | T45: 0.30138889 | V45: =(T45-S45)*24*60 -> 134 | AC45: 3 | AE45: =M45-J45 -> -133.8806 | AF45: =M45/J45 -> 0.95537313 | AG45: =AF48 -> 0.95634415
A46: 新豐3線 | B46: 調理麵包 | C46: 豬肉起司蛋堡 | E46: 27.17 | F46: 7552 | G46: =E46*F46 -> 205187.84 | I46: 10 | J46: 3000 | K46: =J46/I46 -> 300 | L46: 10 | M46: =F46/V46*60 -> 2867.8481 | N46: =M46/L46 -> 286.78481 | O46: =L46-I46 -> 0 | P46: =N46-K46 -> -13.21519 | Q46: =N46/K46 -> 0.95594937 | S46: 0.30555556 | T46: 0.41527778 | U46: =(S46-T45)*24*60 -> 6 | V46: =(T46-S46)*24*60 -> 158 | AE46: =M46-J46 -> -132.1519 | AF46: =M46/J46 -> 0.95594937
A47: 新豐3線 | B47: 調理麵包 | C47: 墨西哥辣醬熱狗堡 | E47: 37.88 | F47: 3578 | G47: =E47*F47 -> 135534.64 | I47: 13 | J47: 2000 | K47: =J47/I47 -> 153.84615 | L47: 13 | M47: =F47/V47*60 -> 1916.7857 | N47: =M47/L47 -> 147.44505 | O47: =L47-I47 -> 0 | P47: =N47-K47 -> -6.4010989 | Q47: =N47/K47 -> 0.95839286 | S47: 0.42013889 | T47: 0.49791667 | U47: =(S47-T46)*24*60 -> 7 | V47: =(T47-S47)*24*60 -> 112 | AE47: =M47-J47 -> -83.214286 | AF47: =M47/J47 -> 0.95839286
A48: 新豐3線 | B48: 平均 | I48: 11 | J48: 2666.6667 | K48: =J48/I48 -> 242.42424 | L48: 11 | M48: =AVERAGE(M45:M47) -> 2550.2511 | N48: =M48/L48 -> 231.84101 | O48: =L48-I48 -> 0 | P48: =N48-K48 -> -10.583236 | Q48: =N48/K48 -> 0.95634415 | Y48: =SUM(Y45:Y47) -> 0 | Z48: =SUM(Z45:Z47) -> 0 | AC48: 3 | AD48: =SUM(AD45:AD47) -> 0 | AE48: =M48-J48 -> -116.41559 | AF48: =M48/J48 -> 0.95634415
A49: 新豐1線 | B49: 沙拉 | C49: 蔥鹽雞肉麵沙拉(114年) | E49: 46 | F49: 1515 | G49: =E49*F49 -> 69690 | I49: 16 | J49: 2000 | K49: =J49/I49 -> 125 | L49: 16 | M49: =F49/V49*60 -> 1934.0426 | N49: =M49/L49 -> 120.87766 | O49: =L49-I49 -> 0 | P49: =N49-K49 -> -4.1223404 | Q49: =N49/K49 -> 0.96702128 | R49: =Q57 -> 0.96004522 | S49: 0.20833333 | T49: 0.24097222 | V49: =(T49-S49)*24*60 -> 47 | AC49: 8 | AE49: =M49-J49 -> -65.957447 | AF49: =M49/J49 -> 0.96702128 | AG49: =AF57 -> 0.96004522
A50: 新豐1線 | B50: 沙拉 | C50: 莎莎烤雞麵沙拉(115年) | E50: 46 | F50: 1619 | G50: =E50*F50 -> 74474 | I50: 17 | J50: 2000 | K50: =J50/I50 -> 117.64706 | L50: 17 | M50: =F50/V50*60 -> 1904.7059 | N50: =M50/L50 -> 112.04152 | O50: =L50-I50 -> 0 | P50: =N50-K50 -> -5.6055363 | Q50: =N50/K50 -> 0.95235294 | S50: 0.24513889 | T50: 0.28055556 | U50: =IF(S50=TIME(17,0,0),"",(S50-T49)*24*60) -> 6 | V50: =(T50-S50)*24*60 -> 51 | AE50: =M50-J50 -> -95.294118 | AF50: =M50/J50 -> 0.95235294
A51: 新豐1線 | B51: 微波主食 | C51: 炙烤醬香燒豚飯 | E51: 51.44 | F51: 1773 | G51: =E51*F51 -> 91203.12 | I51: 25 | J51: 2000 | K51: =J51/I51 -> 80 | L51: 25 | M51: =F51/V51*60 -> 1934.1818 | N51: =M51/L51 -> 77.367273 | O51: =L51-I51 -> 0 | P51: =N51-K51 -> -2.6327273 | Q51: =N51/K51 -> 0.96709091 | S51: 0.28472222 | T51: 0.32291667 | U51: =IF(S51=TIME(17,0,0),"",(S51-T50)*24*60) -> 6 | V51: =(T51-S51)*24*60 -> 55 | AE51: =M51-J51 -> -65.818182 | AF51: =M51/J51 -> 0.96709091
A52: 新豐1線 | B52: 微波主食 | C52: 金沙醬牛豚雙饗飯 | E52: 56.43 | F52: 1310 | G52: =E52*F52 -> 73923.3 | I52: 23 | J52: 2000 | K52: =J52/I52 -> 86.956522 | L52: 23 | M52: =F52/V52*60 -> 1917.0732 | N52: =M52/L52 -> 83.351007 | O52: =L52-I52 -> 0 | P52: =N52-K52 -> -3.6055143 | Q52: =N52/K52 -> 0.95853659 | S52: 0.32638889 | T52: 0.35486111 | U52: =IF(S52=TIME(17,0,0),"",(S52-T51)*24*60) -> 5 | V52: =(T52-S52)*24*60 -> 41 | AE52: =M52-J52 -> -82.926829 | AF52: =M52/J52 -> 0.95853659
A53: 新豐1線 | B53: 微波主食 | C53: 壹號醬泡菜鹽蔥雞豚雙拼 | E53: 56.43 | F53: 2288 | G53: =E53*F53 -> 129111.84 | I53: 21 | J53: 2000 | K53: =J53/I53 -> 95.238095 | L53: 21 | M53: =F53/V53*60 -> 1906.6667 | N53: =M53/L53 -> 90.793651 | O53: =L53-I53 -> 0 | P53: =N53-K53 -> -4.4444444 | Q53: =N53/K53 -> 0.95333333 | S53: 0.35833333 | T53: 0.40833333 | U53: =IF(S53=TIME(17,0,0),"",(S53-T52)*24*60) -> 5 | V53: =(T53-S53)*24*60 -> 72 | AE53: =M53-J53 -> -93.333333 | AF53: =M53/J53 -> 0.95333333
A54: 新豐1線 | B54: 微波主食 | C54: 二配香辣醬蒜味香腸蛋炒飯 | E54: 55.56 | F54: 2870 | G54: =E54*F54 -> 159457.2 | I54: 17 | J54: 2000 | K54: =J54/I54 -> 117.64706 | L54: 17 | M54: =F54/V54*60 -> 1913.3333 | N54: =M54/L54 -> 112.54902 | O54: =L54-I54 -> 0 | P54: =N54-K54 -> -5.0980392 | Q54: =N54/K54 -> 0.95666667 | S54: 0.70833333 | T54: 0.77083333 | U54: =IF(S54=TIME(17,0,0),"",(S54-T53)*24*60) | V54: =(T54-S54)*24*60 -> 90 | AE54: =M54-J54 -> -86.666667 | AF54: =M54/J54 -> 0.95666667
A55: 新豐1線 | B55: 微波主食 | C55: 二配排骨蛋炒飯 | E55: 58.17 | F55: 2033 | G55: =E55*F55 -> 118259.61 | I55: 13 | J55: 2000 | K55: =J55/I55 -> 153.84615 | L55: 13 | M55: =F55/V55*60 -> 1905.9375 | N55: =M55/L55 -> 146.61058 | O55: =L55-I55 -> 0 | P55: =N55-K55 -> -7.2355769 | Q55: =N55/K55 -> 0.95296875 | S55: 0.77430556 | T55: 0.81875 | U55: =IF(S55=TIME(17,0,0),"",(S55-T54)*24*60) -> 5 | V55: =(T55-S55)*24*60 -> 64 | AE55: =M55-J55 -> -94.0625 | AF55: =M55/J55 -> 0.95296875
A56: 新豐1線 | B56: 微波主食 | C56: 二配叉燒蛋炒飯 | E56: 54.09 | F56: 1491 | G56: =E56*F56 -> 80648.19 | I56: 14 | J56: 2000 | K56: =J56/I56 -> 142.85714 | L56: 14 | M56: =F56/V56*60 -> 1944.7826 | N56: =M56/L56 -> 138.91304 | O56: =L56-I56 -> 0 | P56: =N56-K56 -> -3.9440994 | Q56: =N56/K56 -> 0.9723913 | S56: 0.82222222 | T56: 0.85416667 | U56: =IF(S56=TIME(17,0,0),"",(S56-T55)*24*60) -> 5 | V56: =(T56-S56)*24*60 -> 46 | AE56: =M56-J56 -> -55.217391 | AF56: =M56/J56 -> 0.9723913
A57: 新豐1線 | B57: 平均 | I57: 18.25 | J57: 2000 | K57: =J57/I57 -> 109.58904 | L57: 18.25 | M57: =AVERAGE(M49:M56) -> 1920.0904 | N57: =M57/L57 -> 105.21044 | O57: =L57-I57 -> 0 | P57: =N57-K57 -> -4.3786059 | Q57: =N57/K57 -> 0.96004522 | Y57: =SUM(Y49:Y56) -> 0 | Z57: =SUM(Z49:Z56) -> 0 | AC57: 8 | AD57: =SUM(AD49:AD56) -> 0 | AE57: =M57-J57 -> -79.909558 | AF57: =M57/J57 -> 0.96004522
A58: 新豐10線 | B58: 調理麵包 | C58: 經典雙牛起司堡(113年) | E58: 35.12 | F58: 6126 | G58: =E58*F58 -> 215145.12 | I58: 10 | J58: 3000 | K58: =J58/I58 -> 300 | L58: 10 | M58: =F58/V58*60 -> 2871.5625 | N58: =M58/L58 -> 287.15625 | O58: =L58-I58 -> 0 | P58: =N58-K58 -> -12.84375 | Q58: =N58/K58 -> 0.9571875 | R58: =Q63 -> 0.96085646 | S58: 0.20833333 | T58: 0.29722222 | V58: =(T58-S58)*24*60 -> 128 | AC58: 5 | AE58: =M58-J58 -> -128.4375 | AF58: =M58/J58 -> 0.9571875 | AG58: =AF63 -> 0.96085646
A59: 新豐10線 | B59: 調理麵包 | C59: 香雞蛋堡(112年) | E59: 26.78 | F59: 3121 | G59: =E59*F59 -> 83580.38 | I59: 10 | J59: 3000 | K59: =J59/I59 -> 300 | L59: 10 | M59: =F59/V59*60 -> 2880.9231 | N59: =M59/L59 -> 288.09231 | O59: =L59-I59 -> 0 | P59: =N59-K59 -> -11.907692 | Q59: =N59/K59 -> 0.96030769 | S59: 0.30069444 | T59: 0.34583333 | U59: =(S59-T58)*24*60 -> 5 | V59: =(T59-S59)*24*60 -> 65 | AE59: =M59-J59 -> -119.07692 | AF59: =M59/J59 -> 0.96030769
A60: 新豐10線 | B60: 調理麵包 | C60: 超HOT雞腿堡 | E60: 35.87 | F60: 3552 | G60: =E60*F60 -> 127410.24 | I60: 10 | J60: 3000 | K60: =J60/I60 -> 300 | L60: 10 | M60: =F60/V60*60 -> 2880 | N60: =M60/L60 -> 288 | O60: =L60-I60 -> 0 | P60: =N60-K60 -> -12 | Q60: =N60/K60 -> 0.96 | S60: 0.35138889 | T60: 0.40277778 | U60: =(S60-T59)*24*60 -> 8 | V60: =(T60-S60)*24*60 -> 74 | AE60: =M60-J60 -> -120 | AF60: =M60/J60 -> 0.96
A61: 新豐10線 | B61: 調理麵包 | C61: 美式雞腿堡 | E61: 35.87 | F61: 1501 | G61: =E61*F61 -> 53840.87 | I61: 9 | J61: 3000 | K61: =J61/I61 -> 333.33333 | L61: 9 | M61: =F61/V61*60 -> 2905.1613 | N61: =M61/L61 -> 322.7957 | O61: =L61-I61 -> 0 | P61: =N61-K61 -> -10.537634 | Q61: =N61/K61 -> 0.9683871 | S61: 0.40833333 | T61: 0.42986111 | U61: =(S61-T60)*24*60 -> 8 | V61: =(T61-S61)*24*60 -> 31 | AE61: =M61-J61 -> -94.83871 | AF61: =M61/J61 -> 0.9683871
A62: 新豐10線 | B62: 調理麵包 | C62: 益活雞力能量堡 | E62: 33.77 | F62: 3594 | G62: =E62*F62 -> 121369.38 | I62: 12 | J62: 3000 | K62: =J62/I62 -> 250 | L62: 12 | M62: =F62/V62*60 -> 2875.2 | N62: =M62/L62 -> 239.6 | O62: =L62-I62 -> 0 | P62: =N62-K62 -> -10.4 | Q62: =N62/K62 -> 0.9584 | S62: 0.43541667 | T62: 0.4875 | U62: =(S62-T61)*24*60 -> 8 | V62: =(T62-S62)*24*60 -> 75 | AE62: =M62-J62 -> -124.8 | AF62: =M62/J62 -> 0.9584
A63: 新豐10線 | B63: 平均 | I63: 10.2 | J63: 3000 | K63: =J63/I63 -> 294.11765 | L63: 10.2 | M63: =AVERAGE(M58:M62) -> 2882.5694 | N63: =M63/L63 -> 282.60484 | O63: =L63-I63 -> 0 | P63: =N63-K63 -> -11.512807 | Q63: =N63/K63 -> 0.96085646 | Y63: =SUM(Y58:Y62) -> 0 | Z63: =SUM(Z58:Z62) -> 0 | AC63: 5 | AD63: =SUM(AD58:AD62) -> 0 | AE63: =M63-J63 -> -117.43063 | AF63: =M63/J63 -> 0.96085646
A64: 新豐4線 | B64: 三明治 | C64: 火腿起司蛋三明治 | E64: 19.02 | F64: 6800 | G64: =E64*F64 -> 129336 | H64: 2 | I64: 14 | J64: 2400 | K64: =J64/I64 -> 171.42857 | L64: 14 | M64: =F64/V64*60 -> 2292.1348 | N64: =M64/L64 -> 163.72392 | O64: =L64-I64 -> 0 | P64: =N64-K64 -> -7.7046549 | Q64: =N64/K64 -> 0.95505618 | R64: =Q74 -> 0.96144978 | S64: 0.083333333 | T64: 0.20694444 | V64: =(T64-S64)*24*60 -> 178 | W64: =T64 -> 0.20694444 | X64: =S65 -> 0.22430556 | AC64: 10 | AE64: =M64-J64 -> -107.86517 | AF64: =M64/J64 -> 0.95505618 | AG64: =AF74 -> 0.96144978
A65: 新豐4線 | B65: 三明治 | C65: 肉鬆火腿三明治(115年) | E65: 20.36 | F65: 2700 | G65: =E65*F65 -> 54972 | H65: 2 | I65: 17 | J65: 2400 | K65: =J65/I65 -> 141.17647 | L65: 17 | M65: =F65/V65*60 -> 2314.2857 | N65: =M65/L65 -> 136.13445 | O65: =L65-I65 -> 0 | P65: =N65-K65 -> -5.0420168 | Q65: =N65/K65 -> 0.96428571 | S65: 0.22430556 | T65: 0.27291667 | U65: =(S65-T64)*24*60 -> 25 | V65: =(T65-S65)*24*60 -> 70 | AE65: =M65-J65 -> -85.714286 | AF65: =M65/J65 -> 0.96428571
A66: 新豐4線 | B66: 三明治 | C66: 紅豆黑糖麻糬三明治 | E66: 23.8 | F66: 3104 | G66: =E66*F66 -> 73875.2 | I66: 16 | J66: 2400 | K66: =J66/I66 -> 150 | L66: 16 | M66: =F66/V66*60 -> 2299.2593 | N66: =M66/L66 -> 143.7037 | O66: =L66-I66 -> 0 | P66: =N66-K66 -> -6.2962963 | Q66: =N66/K66 -> 0.95802469 | S66: 0.27777778 | T66: 0.33402778 | U66: =(S66-T65)*24*60 -> 7 | V66: =(T66-S66)*24*60 -> 81 | AE66: =M66-J66 -> -100.74074 | AF66: =M66/J66 -> 0.95802469
A67: 新豐4線 | B67: 三明治 | C67: 茄汁厚起司三明治 | E67: 25.99 | F67: 1589 | G67: =E67*F67 -> 41298.11 | I67: 18 | J67: 2400 | K67: =J67/I67 -> 133.33333 | L67: 18 | M67: =F67/V67*60 -> 2325.3659 | N67: =M67/L67 -> 129.18699 | O67: =L67-I67 -> 0 | P67: =N67-K67 -> -4.1463415 | Q67: =N67/K67 -> 0.96890244 | S67: 0.33958333 | T67: 0.36805556 | U67: =(S67-T66)*24*60 -> 8 | V67: =(T67-S67)*24*60 -> 41 | AE67: =M67-J67 -> -74.634146 | AF67: =M67/J67 -> 0.96890244
A68: 新豐4線 | B68: 三明治 | C68: 水果聖代三明治 | E68: 28.29 | F68: 2771 | G68: =E68*F68 -> 78391.59 | I68: 19 | J68: 2400 | K68: =J68/I68 -> 126.31579 | L68: 19 | M68: =F68/V68*60 -> 2309.1667 | N68: =M68/L68 -> 121.53509 | O68: =L68-I68 -> 0 | P68: =N68-K68 -> -4.7807018 | Q68: =N68/K68 -> 0.96215278 | S68: 0.37152778 | T68: 0.42152778 | U68: =(S68-T67)*24*60 -> 5 | V68: =(T68-S68)*24*60 -> 72 | AE68: =M68-J68 -> -90.833333 | AF68: =M68/J68 -> 0.96215278
A69: 新豐4線 | B69: 三明治 | C69: 起司芋見肉鬆三明治 | E69: 25.98 | F69: 1932 | G69: =E69*F69 -> 50193.36 | I69: 17 | J69: 2400 | K69: =J69/I69 -> 141.17647 | L69: 17 | M69: =F69/V69*60 -> 2318.4 | N69: =M69/L69 -> 136.37647 | O69: =L69-I69 -> 0 | P69: =N69-K69 -> -4.8 | Q69: =N69/K69 -> 0.966 | S69: 0.425 | T69: 0.45972222 | U69: =(S69-T68)*24*60 -> 5 | V69: =(T69-S69)*24*60 -> 50 | AE69: =M69-J69 -> -81.6 | AF69: =M69/J69 -> 0.966
A70: 新豐4線 | B70: 三明治 | C70: 雞蛋沙拉三明治(114年) | E70: 25.99 | F70: 2400 | G70: =E70*F70 -> 62376 | H70: 2 | I70: 14 | J70: 2400 | K70: =J70/I70 -> 171.42857 | L70: 14 | M70: =F70/V70*60 -> 2285.7143 | N70: =M70/L70 -> 163.26531 | O70: =L70-I70 -> 0 | P70: =N70-K70 -> -8.1632653 | Q70: =N70/K70 -> 0.95238095 | S70: 0.46319444 | T70: 0.50694444 | U70: =(S70-T69)*24*60 -> 5 | V70: =(T70-S70)*24*60 -> 63 | W70: =T70 -> 0.50694444 | X70: =S71 -> 0.54722222 | AE70: =M70-J70 -> -114.28571 | AF70: =M70/J70 -> 0.95238095
A71: 新豐4線 | B71: 三明治 | C71: 火腿起司蛋三明治 | E71: 19.02 | F71: 5566 | G71: =E71*F71 -> 105865.32 | I71: 14 | J71: 2400 | K71: =J71/I71 -> 171.42857 | L71: 14 | M71: =F71/V71*60 -> 2287.3973 | N71: =M71/L71 -> 163.38552 | O71: =L71-I71 -> 0 | P71: =N71-K71 -> -8.0430528 | Q71: =N71/K71 -> 0.95308219 | S71: 0.54722222 | T71: 0.64861111 | U71: =(S71-T70)*24*60 -> 58 | V71: =(T71-S71)*24*60 -> 146 | AE71: =M71-J71 -> -112.60274 | AF71: =M71/J71 -> 0.95308219
A72: 新豐4線 | B72: 三明治 | C72: 肉鬆火腿三明治(115年) | E72: 20.36 | F72: 2391 | G72: =E72*F72 -> 48680.76 | I72: 17 | J72: 2400 | K72: =J72/I72 -> 141.17647 | L72: 17 | M72: =F72/V72*60 -> 2313.871 | N72: =M72/L72 -> 136.11006 | O72: =L72-I72 -> 0 | P72: =N72-K72 -> -5.0664137 | Q72: =N72/K72 -> 0.9641129 | S72: 0.65277778 | T72: 0.69583333 | U72: =(S72-T71)*24*60 -> 6 | V72: =(T72-S72)*24*60 -> 62 | AE72: =M72-J72 -> -86.129032 | AF72: =M72/J72 -> 0.9641129
A73: 新豐4線 | B73: 三明治 | C73: 雞蛋沙拉三明治(114年) | E73: 25.99 | F73: 1941 | G73: =E73*F73 -> 50446.59 | I73: 14 | J73: 2400 | K73: =J73/I73 -> 171.42857 | L73: 14 | M73: =F73/V73*60 -> 2329.2 | N73: =M73/L73 -> 166.37143 | O73: =L73-I73 -> 0 | P73: =N73-K73 -> -5.0571429 | Q73: =N73/K73 -> 0.9705 | S73: 0.69930556 | T73: 0.73402778 | U73: =(S73-T72)*24*60 -> 5 | V73: =(T73-S73)*24*60 -> 50 | AE73: =M73-J73 -> -70.8 | AF73: =M73/J73 -> 0.9705
A74: 新豐4線 | B74: 平均 | I74: 16 | J74: 2400 | K74: =J74/I74 -> 150 | L74: 16 | M74: =AVERAGE(M64:M73) -> 2307.4795 | N74: =M74/L74 -> 144.21747 | O74: =L74-I74 -> 0 | P74: =N74-K74 -> -5.7825323 | Q74: =N74/K74 -> 0.96144978 | Y74: =SUM(Y64:Y73) -> 0 | Z74: =SUM(Z64:Z73) -> 0 | AC74: 10 | AD74: =SUM(AD64:AD73) -> 0 | AE74: =M74-J74 -> -92.520516 | AF74: =M74/J74 -> 0.96144978

Sheet 0927
B1: 屏榮 新豐廠組合室生產人時性分析
B3: 日期 | C3: =TEXT('0927 4度C'!A2,"yyyy.mm.ddaaaa") -> 2026.09.27星期日 | E3: 訂單量 | F3: ='0927 4度C'!D1 -> 130438 | H3: 營業額 | I3: ='0927 4度C'!F1 -> 4560731
B4: 人時性 | C4: 項目 | E4: ➀ | G4: ➁ | I4: ➂ | K4: 異常停線 | M4: 短暫停線
C5: 組合室 | E5: 全溫層 | G5: 4度C-各編組展開 | I5: ③三明治-各編組展開 | K5: 合計次數 | L5: 時間 | M5: 合計次數 | N5: 設備次數
C6: 排關平均 | E6: =AVERAGE(D13:M13) -> 150.23892 | F6: =AVERAGE(D31:O31,D13:J13) -> 155.69986 | G6: =AVERAGE(D13:J13) -> 155.69986 | I6: =AVERAGE(K13:M13) -> 137.49671 | K6: ='0927 4度C'!Y2 -> 0 | L6: ='0927 4度C'!Z2 -> 0 | M6: ='0927 4度C'!AC2 -> 50 | N6: ='0927 4度C'!AD2 -> 0
C7: 實績平均 | E7: =AVERAGE(D14:M14) -> 144.07146 | F7: =AVERAGE(D32:O32,D14:J14) -> 149.37564 | G7: =AVERAGE(D14:J14) -> 149.37564 | I7: =AVERAGE(K14:M14) -> 131.69505
C8: 達成率平均 | E8: =AVERAGE(D15:M15) -> 0.95916789 | F8: =AVERAGE(D15:J15,D33:O33) -> 0.95975334 | G8: =AVERAGE(D15:J15) -> 0.95975334 | I8: =AVERAGE(K15:M15) -> 0.95780183
K9: ※現行日本鮮食廠以達成率80%為基本(即為現行KPI)
B10: 溫層 | D10: ➁4度C-各編組展開 | K10: ③三明治-各編組展開
B11: 編組 | D11: 1 | E11: 2 | F11: 3 | G11: 4 | H11: 5 | I11: 6 | J11: 7 | K11: 1 | L11: 2 | M11: 3
D12: 新豐6線 | E12: 新豐2線 | F12: 新豐5線 | G12: 新豐7線 | H12: 新豐3線 | I12: 新豐1線 | J12: 新豐10線 | K12: 新豐8線 | L12: 新豐9線 | M12: 新豐4線
B13: 人時性 | C13: 排關 | D13: =SUMIFS('0927 4度C'!$K:$K,'0927 4度C'!$A:$A,"新豐6線",'0927 4度C'!$B:$B,"平均") -> 130.43478 | E13: =SUMIFS('0927 4度C'!$K:$K,'0927 4度C'!$A:$A,"新豐2線",'0927 4度C'!$B:$B,"平均") -> 83.333333 | F13: =SUMIFS('0927 4度C'!$K:$K,'0927 4度C'!$A:$A,"新豐5線",'0927 4度C'!$B:$B,"平均") -> 105 | G13: =SUMIFS('0927 4度C'!$K:$K,'0927 4度C'!$A:$A,"新豐7線",'0927 4度C'!$B:$B,"平均") -> 125 | H13: =SUMIFS('0927 4度C'!$K:$K,'0927 4度C'!$A:$A,"新豐3線",'0927 4度C'!$B:$B,"平均") -> 242.42424 | I13: =SUMIFS('0927 4度C'!$K:$K,'0927 4度C'!$A:$A,"新豐1線",'0927 4度C'!$B:$B,"平均") -> 109.58904 | J13: =SUMIFS('0927 4度C'!$K:$K,'0927 4度C'!$A:$A,"新豐10線",'0927 4度C'!$B:$B,"平均") -> 294.11765 | K13: =SUMIFS('0927 4度C'!$K:$K,'0927 4度C'!$A:$A,"新豐8線",'0927 4度C'!$B:$B,"平均") -> 139.13043 | L13: =SUMIFS('0927 4度C'!$K:$K,'0927 4度C'!$A:$A,"新豐9線",'0927 4度C'!$B:$B,"平均") -> 127.27273 | M13: =SUMIFS('0927 4度C'!$K:$K,'0927 4度C'!$A:$A,"新豐4線",'0927 4度C'!$B:$B,"平均") -> 146.08696
C14: 實績 | D14: =SUMIFS('0927 4度C'!$N:$N,'0927 4度C'!$A:$A,"新豐6線",'0927 4度C'!$B:$B,"平均") -> 125.42014 | E14: =SUMIFS('0927 4度C'!$N:$N,'0927 4度C'!$A:$A,"新豐2線",'0927 4度C'!$B:$B,"平均") -> 79.460853 | F14: =SUMIFS('0927 4度C'!$N:$N,'0927 4度C'!$A:$A,"新豐5線",'0927 4度C'!$B:$B,"平均") -> 101.00814 | G14: =SUMIFS('0927 4度C'!$N:$N,'0927 4度C'!$A:$A,"新豐7線",'0927 4度C'!$B:$B,"平均") -> 120.0601 | H14: =SUMIFS('0927 4度C'!$N:$N,'0927 4度C'!$A:$A,"新豐3線",'0927 4度C'!$B:$B,"平均") -> 231.91662 | I14: =SUMIFS('0927 4度C'!$N:$N,'0927 4度C'!$A:$A,"新豐1線",'0927 4度C'!$B:$B,"平均") -> 105.79448 | J14: =SUMIFS('0927 4度C'!$N:$N,'0927 4度C'!$A:$A,"新豐10線",'0927 4度C'!$B:$B,"平均") -> 281.96913 | K14: =SUMIFS('0927 4度C'!$N:$N,'0927 4度C'!$A:$A,"新豐8線",'0927 4度C'!$B:$B,"平均") -> 132.56295 | L14: =SUMIFS('0927 4度C'!$N:$N,'0927 4度C'!$A:$A,"新豐9線",'0927 4度C'!$B:$B,"平均") -> 122.12841 | M14: =SUMIFS('0927 4度C'!$N:$N,'0927 4度C'!$A:$A,"新豐4線",'0927 4度C'!$B:$B,"平均") -> 140.3938
C15: 達成率 | D15: =D14/D13 -> 0.96155437 | E15: =E14/E13 -> 0.95353023 | F15: =F14/F13 -> 0.96198224 | G15: =G14/G13 -> 0.96048084 | H15: =H14/H13 -> 0.95665604 | I15: =I14/I13 -> 0.96537461 | J15: =J14/J13 -> 0.95869503 | K15: =K14/K13 -> 0.95279617 | ... M15: =M14/M13 -> 0.96102898
B16: 作業 時間 | C16: 開始 | D16: =VLOOKUP("新豐6線",'0927 4度C'!$A:$T,19,0) -> 0.70833333 | E16: =VLOOKUP("新豐2線",'0927 4度C'!$A:$T,19,0) -> 0.083333333 | F16: =VLOOKUP("新豐5線",'0927 4度C'!$A:$T,19,0) -> 0.20833333 | G16: =VLOOKUP("新豐7線",'0927 4度C'!$A:$T,19,0) -> 0.25 | H16: =VLOOKUP("新豐3線",'0927 4度C'!$A:$T,19,0) -> 0.20833333 | I16: =VLOOKUP("新豐1線",'0927 4度C'!$A:$T,19,0) -> 0.20833333 | J16: =VLOOKUP("新豐10線",'0927 4度C'!$A:$T,19,0) -> 0.20833333 | K16: =VLOOKUP("新豐8線",'0927 4度C'!$A:$T,19,0) -> 0.083333333 | L16: =VLOOKUP("新豐9線",'0927 4度C'!$A:$T,19,0) -> 0.083333333 | M16: =VLOOKUP("新豐4線",'0927 4度C'!$A:$T,19,0) -> 0.083333333
C17: 結束 | D17: =LOOKUP(2,1/(('0927 4度C'!$A:$A="新豐6線")*('0927 4度C'!$T:$T<>"")),'0927 4度C'!$T:$T) -> 0.85416667 | E17: =LOOKUP(2,1/(('0927 4度C'!$A:$A="新豐2線")*('0927 4度C'!$T:$T<>"")),'0927 4度C'!$T:$T) -> 0.32708333 | F17: =LOOKUP(2,1/(('0927 4度C'!$A:$A="新豐5線")*('0927 4度C'!$T:$T<>"")),'0927 4度C'!$T:$T) -> 0.83958333 | G17: =LOOKUP(2,1/(('0927 4度C'!$A:$A="新豐7線")*('0927 4度C'!$T:$T<>"")),'0927 4度C'!$T:$T) -> 0.90763889 | H17: =LOOKUP(2,1/(('0927 4度C'!$A:$A="新豐3線")*('0927 4度C'!$T:$T<>"")),'0927 4度C'!$T:$T) -> 0.39444444 | I17: =LOOKUP(2,1/(('0927 4度C'!$A:$A="新豐1線")*('0927 4度C'!$T:$T<>"")),'0927 4度C'!$T:$T) -> 0.84791667 | J17: =LOOKUP(2,1/(('0927 4度C'!$A:$A="新豐10線")*('0927 4度C'!$T:$T<>"")),'0927 4度C'!$T:$T) -> 0.40208333 | K17: =LOOKUP(2,1/(('0927 4度C'!$A:$A="新豐8線")*('0927 4度C'!$T:$T<>"")),'0927 4度C'!$T:$T) -> 0.49097222 | L17: =LOOKUP(2,1/(('0927 4度C'!$A:$A="新豐9線")*('0927 4度C'!$T:$T<>"")),'0927 4度C'!$T:$T) -> 0.50069444 | M17: =LOOKUP(2,1/(('0927 4度C'!$A:$A="新豐4線")*('0927 4度C'!$T:$T<>"")),'0927 4度C'!$T:$T) -> 0.49861111
B18: 產線異常 (5分鐘以上) | C18: 次數 | D18: =SUMIFS('0927 4度C'!$Y:$Y,'0927 4度C'!$A:$A,"新豐6線",'0927 4度C'!$B:$B,"平均") -> 0 | E18: =SUMIFS('0927 4度C'!$Y:$Y,'0927 4度C'!$A:$A,"新豐2線",'0927 4度C'!$B:$B,"平均") -> 0 | F18: =SUMIFS('0927 4度C'!$Y:$Y,'0927 4度C'!$A:$A,"新豐5線",'0927 4度C'!$B:$B,"平均") -> 0 | G18: =SUMIFS('0927 4度C'!$Y:$Y,'0927 4度C'!$A:$A,"新豐7線",'0927 4度C'!$B:$B,"平均") -> 0 | H18: =SUMIFS('0927 4度C'!$Y:$Y,'0927 4度C'!$A:$A,"新豐3線",'0927 4度C'!$B:$B,"平均") -> 0 | I18: =SUMIFS('0927 4度C'!$Y:$Y,'0927 4度C'!$A:$A,"新豐1線",'0927 4度C'!$B:$B,"平均") -> 0 | J18: =SUMIFS('0927 4度C'!$Y:$Y,'0927 4度C'!$A:$A,"新豐10線",'0927 4度C'!$B:$B,"平均") -> 0 | K18: =SUMIFS('0927 4度C'!$Y:$Y,'0927 4度C'!$A:$A,"新豐8線",'0927 4度C'!$B:$B,"平均") -> 0 | L18: =SUMIFS('0927 4度C'!$Y:$Y,'0927 4度C'!$A:$A,"新豐9線",'0927 4度C'!$B:$B,"平均") -> 0 | M18: =SUMIFS('0927 4度C'!$Y:$Y,'0927 4度C'!$A:$A,"新豐4線",'0927 4度C'!$B:$B,"平均") -> 0
C19: 時間/分 | D19: =SUMIFS('0927 4度C'!$Z:$Z,'0927 4度C'!$A:$A,"新豐6線",'0927 4度C'!$B:$B,"平均") -> 0 | E19: =SUMIFS('0927 4度C'!$Z:$Z,'0927 4度C'!$A:$A,"新豐2線",'0927 4度C'!$B:$B,"平均") -> 0 | F19: =SUMIFS('0927 4度C'!$Z:$Z,'0927 4度C'!$A:$A,"新豐5線",'0927 4度C'!$B:$B,"平均") -> 0 | G19: =SUMIFS('0927 4度C'!$Z:$Z,'0927 4度C'!$A:$A,"新豐7線",'0927 4度C'!$B:$B,"平均") -> 0 | H19: =SUMIFS('0927 4度C'!$Z:$Z,'0927 4度C'!$A:$A,"新豐3線",'0927 4度C'!$B:$B,"平均") -> 0 | I19: =SUMIFS('0927 4度C'!$Z:$Z,'0927 4度C'!$A:$A,"新豐1線",'0927 4度C'!$B:$B,"平均") -> 0 | J19: =SUMIFS('0927 4度C'!$Z:$Z,'0927 4度C'!$A:$A,"新豐10線",'0927 4度C'!$B:$B,"平均") -> 0 | K19: =SUMIFS('0927 4度C'!$Z:$Z,'0927 4度C'!$A:$A,"新豐8線",'0927 4度C'!$B:$B,"平均") -> 0 | L19: =SUMIFS('0927 4度C'!$Z:$Z,'0927 4度C'!$A:$A,"新豐9線",'0927 4度C'!$B:$B,"平均") -> 0 | M19: =SUMIFS('0927 4度C'!$Z:$Z,'0927 4度C'!$A:$A,"新豐4線",'0927 4度C'!$B:$B,"平均") -> 0
B20: 短暫停線 (5分鐘以下) | C20: 次數 | D20: =SUMIFS('0927 4度C'!$AC:$AC,'0927 4度C'!$A:$A,"新豐6線",'0927 4度C'!$B:$B,"平均") -> 3 | E20: =SUMIFS('0927 4度C'!$AC:$AC,'0927 4度C'!$A:$A,"新豐2線",'0927 4度C'!$B:$B,"平均") -> 2 | F20: =SUMIFS('0927 4度C'!$AC:$AC,'0927 4度C'!$A:$A,"新豐5線",'0927 4度C'!$B:$B,"平均") -> 6 | G20: =SUMIFS('0927 4度C'!$AC:$AC,'0927 4度C'!$A:$A,"新豐7線",'0927 4度C'!$B:$B,"平均") -> 7 | H20: =SUMIFS('0927 4度C'!$AC:$AC,'0927 4度C'!$A:$A,"新豐3線",'0927 4度C'!$B:$B,"平均") -> 3 | I20: =SUMIFS('0927 4度C'!$AC:$AC,'0927 4度C'!$A:$A,"新豐1線",'0927 4度C'!$B:$B,"平均") -> 8 | J20: =SUMIFS('0927 4度C'!$AC:$AC,'0927 4度C'!$A:$A,"新豐10線",'0927 4度C'!$B:$B,"平均") -> 5 | K20: =SUMIFS('0927 4度C'!$AC:$AC,'0927 4度C'!$A:$A,"新豐8線",'0927 4度C'!$B:$B,"平均") -> 4 | L20: =SUMIFS('0927 4度C'!$AC:$AC,'0927 4度C'!$A:$A,"新豐9線",'0927 4度C'!$B:$B,"平均") -> 5 | M20: =SUMIFS('0927 4度C'!$AC:$AC,'0927 4度C'!$A:$A,"新豐4線",'0927 4度C'!$B:$B,"平均") -> 7
C21: 設備次數 | D21: =SUMIFS('0927 4度C'!$AD:$AD,'0927 4度C'!$A:$A,"新豐6線",'0927 4度C'!$B:$B,"平均") -> 0 | E21: =SUMIFS('0927 4度C'!$AD:$AD,'0927 4度C'!$A:$A,"新豐2線",'0927 4度C'!$B:$B,"平均") -> 0 | F21: =SUMIFS('0927 4度C'!$AD:$AD,'0927 4度C'!$A:$A,"新豐5線",'0927 4度C'!$B:$B,"平均") -> 0 | G21: =SUMIFS('0927 4度C'!$AD:$AD,'0927 4度C'!$A:$A,"新豐7線",'0927 4度C'!$B:$B,"平均") -> 0 | H21: =SUMIFS('0927 4度C'!$AD:$AD,'0927 4度C'!$A:$A,"新豐3線",'0927 4度C'!$B:$B,"平均") -> 0 | I21: =SUMIFS('0927 4度C'!$AD:$AD,'0927 4度C'!$A:$A,"新豐1線",'0927 4度C'!$B:$B,"平均") -> 0 | J21: =SUMIFS('0927 4度C'!$AD:$AD,'0927 4度C'!$A:$A,"新豐10線",'0927 4度C'!$B:$B,"平均") -> 0 | K21: =SUMIFS('0927 4度C'!$AD:$AD,'0927 4度C'!$A:$A,"新豐8線",'0927 4度C'!$B:$B,"平均") -> 0 | L21: =SUMIFS('0927 4度C'!$AD:$AD,'0927 4度C'!$A:$A,"新豐9線",'0927 4度C'!$B:$B,"平均") -> 0 | M21: =SUMIFS('0927 4度C'!$AD:$AD,'0927 4度C'!$A:$A,"新豐4線",'0927 4度C'!$B:$B,"平均") -> 0
B22: 配置人數 | D22: =SUMIFS('0927 4度C'!$I:$I,'0927 4度C'!$A:$A,"新豐6線",'0927 4度C'!$B:$B,"平均") -> 15.333333 | E22: =SUMIFS('0927 4度C'!$I:$I,'0927 4度C'!$A:$A,"新豐2線",'0927 4度C'!$B:$B,"平均") -> 18 | F22: =SUMIFS('0927 4度C'!$I:$I,'0927 4度C'!$A:$A,"新豐5線",'0927 4度C'!$B:$B,"平均") -> 16.666667 | G22: =SUMIFS('0927 4度C'!$I:$I,'0927 4度C'!$A:$A,"新豐7線",'0927 4度C'!$B:$B,"平均") -> 16 | H22: =SUMIFS('0927 4度C'!$I:$I,'0927 4度C'!$A:$A,"新豐3線",'0927 4度C'!$B:$B,"平均") -> 11 | I22: =SUMIFS('0927 4度C'!$I:$I,'0927 4度C'!$A:$A,"新豐1線",'0927 4度C'!$B:$B,"平均") -> 18.25 | J22: =SUMIFS('0927 4度C'!$I:$I,'0927 4度C'!$A:$A,"新豐10線",'0927 4度C'!$B:$B,"平均") -> 10.2 | K22: =SUMIFS('0927 4度C'!$I:$I,'0927 4度C'!$A:$A,"新豐8線",'0927 4度C'!$B:$B,"平均") -> 17.25 | L22: =SUMIFS('0927 4度C'!$I:$I,'0927 4度C'!$A:$A,"新豐9線",'0927 4度C'!$B:$B,"平均") -> 17.6 | M22: =SUMIFS('0927 4度C'!$I:$I,'0927 4度C'!$A:$A,"新豐4線",'0927 4度C'!$B:$B,"平均") -> 16.428571
B23: 主要應用設備 | D23: ET-55 | E23: 熱縮爐 | F23: L型包裝機 | G23: L型包裝機 | H23: 伺服包裝機 | I23: ET-55 | J23: 伺服包裝機 | K23: 三明治包裝機 | L23: 三明治包裝機 | M23: 三明治包裝機
B24: 次要應用設備 | F24: 圓盤機 | G24: ET-55
B25: 備註 | E25: 握沙拉 | F25: 共用L型包裝機 | H25: 調理麵包 | I25: 炒飯+沙拉 | J25: 調理麵包

Sheet 0927 4度C
A1: 新豐廠四度C日報分析 | C1: 總生產量 | D1: =SUM(F5:F64) -> 130438 | E1: 營業額 | F1: =SUM(G5:G64) -> 4560731 | G1: 出勤人數 | H1: =L8+L11+L41+L50+L18+L56+L31+L37+L26+L64 -> 156.72857 | I1: 產線配置圖 | L1: 生產實績 | O1: 人時性差異分析 | S1: 日報登錄 | Y1: 合計 次數 | Z1: 合計 時間/分 | AA1: 產線異常 分析說明(5分鐘以上) | AC1: 合計 次數 | AD1: 合計 設備次數 | AE1: 產能差異分析
A2: 46292 | B2: 星期日 | C2: 人時性 | D2: =AVERAGE(N8,N11,N41,N50,N18,N56,N26,N31,N37,N64) -> 144.07146 | E2: 平均廠價 | F2: =F1/D1 -> 34.964742 | G2: 多次生產數 | H2: =COUNT(H5:H64) -> 1 | Y2: =SUM(Y8+Y11+Y18+Y26+Y31+Y37+Y41+Y50+Y56+Y64) -> 0 | Z2: =SUM(Z8+Z11+Z18+Z26+Z31+Z37+Z41+Z50+Z56+Z64) -> 0 | AC2: 50 | AD2: =SUM(AD8+AD11+AD18+AD26+AD31+AD37+AD41+AD50+AD56+AD64) -> 0
A3: 線別 | B3: 品類 | C3: 品名 | E3: 廠價 | F3: 生產量 | G3: 營收 | H3: 多次 生產 | I3: 人數 | J3: 產能/時 | K3: 人時性 | L3: 人數 | M3: 產能/時 | N3: 人時性 | O3: 人數 | P3: 人時性 | Q3: 達成率 | R3: 達成率平均 | S3: 生產時間 | U3: 換線、休息/分 | V3: 稼動時間/分 | W3: 休息時間 | Y3: 產線異常統計 (5分鐘以上) | AA3: (新豐回填) | AC3: 短暫停線統計 (5分鐘以下) | AE3: 產能/時 | AF3: 達成率 | AG3: 達成率平均
S4: 開始 | T4: 結束 | W4: 開始 | X4: 結束 | Y4: 次數 | Z4: 時間/分 | AC4: 總次數 | AD4: 設備因素(次數)
A5: 新豐6線 | B5: 微波主食 | C5: 二配金咖哩果香甘口咖哩飯 | E5: 50.92 | F5: 2306 | G5: =E5*F5 -> 117421.52 | I5: 15 | J5: 2000 | K5: =J5/I5 -> 133.33333 | L5: 15 | M5: =F5/V5*60 -> 1921.6667 | N5: =M5/L5 -> 128.11111 | O5: =L5-I5 -> 0 | P5: =N5-K5 -> -5.2222222 | Q5: =N5/K5 -> 0.96083333 | R5: =Q8 -> 0.96155437 | S5: 0.70833333 | T5: 0.75833333 | V5: =(T5-S5)*24*60 -> 72 | AC5: 3 | AE5: =M5-J5 -> -78.333333 | AF5: =M5/J5 -> 0.96083333 | AG5: =AF8 -> 0.96155437
A6: 新豐6線 | B6: 微波主食 | C6: 二配金咖哩濃厚辛口咖哩飯 | E6: 50.98 | F6: 2528 | G6: =E6*F6 -> 128877.44 | I6: 16 | J6: 2000 | K6: =J6/I6 -> 125 | L6: 16 | M6: =F6/V6*60 -> 1920 | N6: =M6/L6 -> 120 | O6: =L6-I6 -> 0 | P6: =N6-K6 -> -5 | Q6: =N6/K6 -> 0.96 | S6: 0.76180556 | T6: 0.81666667 | U6: =IF(S6=TIME(17,0,0),"",(S6-T5)*24*60) -> 5 | V6: =(T6-S6)*24*60 -> 79 | AE6: =M6-J6 -> -80 | AF6: =M6/J6 -> 0.96
A7: 新豐6線 | B7: 微波主食 | C7: 二配泰式綠咖哩雞 | E7: 50.67 | F7: 1510 | G7: =E7*F7 -> 76511.7 | I7: 15 | J7: 2000 | K7: =J7/I7 -> 133.33333 | L7: 15 | M7: =F7/V7*60 -> 1927.6596 | N7: =M7/L7 -> 128.51064 | O7: =L7-I7 -> 0 | P7: =N7-K7 -> -4.822695 | Q7: =N7/K7 -> 0.96382979 | S7: 0.82152778 | T7: 0.85416667 | U7: =IF(S7=TIME(17,0,0),"",(S7-T6)*24*60) -> 7 | V7: =(T7-S7)*24*60 -> 47 | AE7: =M7-J7 -> -72.340426 | AF7: =M7/J7 -> 0.96382979
A8: 新豐6線 | B8: 平均 | I8: 15.333333 | J8: 2000 | K8: =J8/I8 -> 130.43478 | L8: 15.333333 | M8: =AVERAGE(M5:M7) -> 1923.1087 | N8: =M8/L8 -> 125.42014 | O8: =L8-I8 -> 0 | P8: =N8-K8 -> -5.0146469 | Q8: =N8/K8 -> 0.96155437 | Y8: =SUM(Y5:Y7) -> 0 | Z8: =SUM(Z5:Z7) -> 0 | AC8: 3 | AD8: =SUM(AD5:AD7) -> 0 | AE8: =M8-J8 -> -76.891253 | AF8: =M8/J8 -> 0.96155437
A9: 新豐2線 | B9: 沙拉 | C9: 青醬優格雞肉握沙拉(113年) | E9: 39.62 | F9: 3127 | G9: =E9*F9 -> 123891.74 | I9: 19 | J9: 1500 | K9: =J9/I9 -> 78.947368 | L9: 19 | M9: =F9/V9*60 -> 1432.2137 | N9: =M9/L9 -> 75.379671 | O9: =L9-I9 -> 0 | P9: =N9-K9 -> -3.5676979 | Q9: =N9/K9 -> 0.95480916 | R9: =Q11 -> 0.95353023 | S9: 0.083333333 | T9: 0.17430556 | V9: =(T9-S9)*24*60 -> 131 | W9: =T9 -> 0.17430556 | X9: =S10 -> 0.19444444 | AC9: 2 | AE9: =M9-J9 -> -67.78626 | AF9: =M9/J9 -> 0.95480916 | AG9: =AF11 -> 0.95353023
A10: 新豐2線 | B10: 沙拉 | C10: 青檸烤雞握沙拉(113年) | E10: 39.8 | F10: 4547 | G10: =E10*F10 -> 180970.6 | I10: 17 | J10: 1500 | K10: =J10/I10 -> 88.235294 | L10: 17 | M10: =F10/V10*60 -> 1428.377 | N10: =M10/L10 -> 84.022174 | O10: =L10-I10 -> 0 | P10: =N10-K10 -> -4.2131198 | Q10: =N10/K10 -> 0.95225131 | S10: 0.19444444 | T10: 0.32708333 | U10: =IF(S10=TIME(17,0,0),"",(S10-T9)*24*60) -> 29 | V10: =(T10-S10)*24*60 -> 191 | AE10: =M10-J10 -> -71.623037 | AF10: =M10/J10 -> 0.95225131
A11: 新豐2線 | B11: 平均 | I11: 18 | J11: 1500 | K11: =J11/I11 -> 83.333333 | L11: 18 | M11: =AVERAGE(M9:M10) -> 1430.2954 | N11: =M11/L11 -> 79.460853 | O11: =L11-I11 -> 0 | P11: =N11-K11 -> -3.8724804 | Q11: =N11/K11 -> 0.95353023 | Y11: =SUM(Y9:Y10) -> 0 | Z11: =SUM(Z9:Z10) -> 0 | AC11: 2 | AD11: =SUM(AD9:AD10) -> 0 | AE11: =M11-J11 -> -69.704648 | AF11: =M11/J11 -> 0.95353023
A12: 新豐5線 | B12: 季節調理麵 | C12: 台式麻醬涼麵(115年) | E12: 31.11 | F12: 2183 | G12: =E12*F12 -> 67913.13 | I12: 14 | J12: 2000 | K12: =J12/I12 -> 142.85714 | L12: 14 | M12: =F12/V12*60 -> 1926.1765 | N12: =M12/L12 -> 137.58403 | O12: =L12-I12 -> 0 | P12: =N12-K12 -> -5.2731092 | Q12: =N12/K12 -> 0.96308824 | R12: =Q18 -> 0.96198224 | S12: 0.20833333 | T12: 0.25555556 | V12: =(T12-S12)*24*60 -> 68 | AC12: 6 | AE12: =M12-J12 -> -73.823529 | AF12: =M12/J12 -> 0.96308824 | AG12: =AF18 -> 0.96198224
A13: 新豐5線 | B13: 小吃 | C13: 剝皮辣椒雞湯 | E13: 41 | F13: 1333 | G13: =E13*F13 -> 54653 | I13: 26 | J13: 1500 | K13: =J13/I13 -> 57.692308 | L13: 26 | M13: =F13/V13*60 -> 1454.1818 | N13: =M13/L13 -> 55.93007 | O13: =L13-I13 -> 0 | P13: =N13-K13 -> -1.7622378 | Q13: =N13/K13 -> 0.96945455 | S13: 0.26041667 | T13: 0.29861111 | U13: =IF(S13=TIME(17,0,0),"",(S13-T12)*24*60) -> 7 | V13: =(T13-S13)*24*60 -> 55 | AE13: =M13-J13 -> -45.818182 | AF13: =M13/J13 -> 0.96945455
A14: 新豐5線 | B14: 沙拉 | C14: 厚蛋時蔬握沙拉 | E14: 39.46 | F14: 1626 | G14: =E14*F14 -> 64161.96 | I14: 15 | J14: 1500 | K14: =J14/I14 -> 100 | L14: 15 | M14: =F14/V14*60 -> 1434.7059 | N14: =M14/L14 -> 95.647059 | O14: =L14-I14 -> 0 | P14: =N14-K14 -> -4.3529412 | Q14: =N14/K14 -> 0.95647059 | S14: 0.30277778 | T14: 0.35 | U14: =IF(S14=TIME(17,0,0),"",(S14-T13)*24*60) -> 6 | V14: =(T14-S14)*24*60 -> 68 | AE14: =M14-J14 -> -65.294118 | AF14: =M14/J14 -> 0.95647059
A15: 新豐5線 | B15: 微波主食 | C15: 二配打拋風味豬肉飯 | E15: 51.06 | F15: 2986 | G15: =E15*F15 -> 152465.16 | I15: 13 | J15: 2000 | K15: =J15/I15 -> 153.84615 | L15: 13 | M15: =F15/V15*60 -> 1905.9574 | N15: =M15/L15 -> 146.61211 | O15: =L15-I15 -> 0 | P15: =N15-K15 -> -7.2340426 | Q15: =N15/K15 -> 0.95297872 | S15: 0.70833333 | T15: 0.77361111 | U15: =IF(S15=TIME(17,0,0),"",(S15-T14)*24*60) | V15: =(T15-S15)*24*60 -> 94 | AE15: =M15-J15 -> -94.042553 | AF15: =M15/J15 -> 0.95297872
A16: 新豐5線 | B16: 微波主食 | C16: 二配厚香料優格咖哩雞排飯 | E16: 56.43 | F16: 1380 | G16: =E16*F16 -> 77873.4 | I16: 13 | J16: 2000 | K16: =J16/I16 -> 153.84615 | L16: 13 | M16: =F16/V16*60 -> 1925.5814 | N16: =M16/L16 -> 148.12165 | O16: =L16-I16 -> 0 | P16: =N16-K16 -> -5.7245081 | Q16: =N16/K16 -> 0.9627907 | S16: 0.77916667 | T16: 0.80902778 | U16: =IF(S16=TIME(17,0,0),"",(S16-T15)*24*60) -> 8 | V16: =(T16-S16)*24*60 -> 43 | AE16: =M16-J16 -> -74.418605 | AF16: =M16/J16 -> 0.9627907
A17: 新豐5線 | B17: 微波主食 | C17: 二配玉米濃湯焗烤飯 | E17: 54.5 | F17: 921 | G17: =E17*F17 -> 50194.5 | I17: 19 | J17: 1500 | K17: =J17/I17 -> 78.947368 | L17: 19 | M17: =F17/V17*60 -> 1454.2105 | N17: =M17/L17 -> 76.537396 | O17: =L17-I17 -> 0 | P17: =N17-K17 -> -2.4099723 | Q17: =N17/K17 -> 0.96947368 | S17: 0.81319444 | T17: 0.83958333 | U17: =IF(S17=TIME(17,0,0),"",(S17-T16)*24*60) -> 6 | V17: =(T17-S17)*24*60 -> 38 | AE17: =M17-J17 -> -45.789474 | AF17: =M17/J17 -> 0.96947368
A18: 新豐5線 | B18: 平均 | I18: 16.666667 | J18: 1750 | K18: =J18/I18 -> 105 | L18: 16.666667 | M18: =AVERAGE(M12:M17) -> 1683.4689 | N18: =M18/L18 -> 101.00814 | O18: =L18-I18 -> 0 | P18: =N18-K18 -> -3.9918646 | Q18: =N18/K18 -> 0.96198224 | Y18: =SUM(Y12:Y17) -> 0 | Z18: =SUM(Z12:Z17) -> 0 | AC18: 6 | AD18: =SUM(AD12:AD17) -> 0 | AE18: =M18-J18 -> -66.531077 | AF18: =M18/J18 -> 0.96198224
A19: 新豐7線 | B19: 微波主食 | C19: 韓式泡菜豬肉豆腐丼飯 | E19: 50.67 | F19: 1218 | G19: =E19*F19 -> 61716.06 | I19: 17 | J19: 2000 | K19: =J19/I19 -> 117.64706 | L19: 17 | M19: =F19/V19*60 -> 1923.1579 | N19: =M19/L19 -> 113.12693 | O19: =L19-I19 -> 0 | P19: =N19-K19 -> -4.5201238 | Q19: =N19/K19 -> 0.96157895 | R19: =Q26 -> 0.96048084 | S19: 0.25 | T19: 0.27638889 | V19: =(T19-S19)*24*60 -> 38 | AC19: 7 | AE19: =M19-J19 -> -76.842105 | AF19: =M19/J19 -> 0.96157895 | AG19: =AF26 -> 0.96048084
A20: 新豐7線 | B20: 微波主食 | C20: 鐵板滑蛋炸豬排丼 | E20: 57.73 | F20: 2050 | G20: =E20*F20 -> 118346.5 | I20: 14 | J20: 2000 | K20: =J20/I20 -> 142.85714 | L20: 14 | M20: =F20/V20*60 -> 1921.875 | N20: =M20/L20 -> 137.27679 | O20: =L20-I20 -> 0 | P20: =N20-K20 -> -5.5803571 | Q20: =N20/K20 -> 0.9609375 | S20: 0.27986111 | T20: 0.32430556 | U20: =IF(S20=TIME(17,0,0),"",(S20-T19)*24*60) -> 5 | V20: =(T20-S20)*24*60 -> 64 | AE20: =M20-J20 -> -78.125 | AF20: =M20/J20 -> 0.9609375
A21: 新豐7線 | B21: 微波主食 | C21: 日式炙烤親子丼 | E21: 53.27 | F21: 1232 | G21: =E21*F21 -> 65628.64 | I21: 16 | J21: 2000 | K21: =J21/I21 -> 125 | L21: 16 | M21: =F21/V21*60 -> 1945.2632 | N21: =M21/L21 -> 121.57895 | O21: =L21-I21 -> 0 | P21: =N21-K21 -> -3.4210526 | Q21: =N21/K21 -> 0.97263158 | S21: 0.32986111 | T21: 0.35625 | U21: =IF(S21=TIME(17,0,0),"",(S21-T20)*24*60) -> 8 | V21: =(T21-S21)*24*60 -> 38 | AE21: =M21-J21 -> -54.736842 | AF21: =M21/J21 -> 0.97263158
A22: 新豐7線 | B22: 微波主食 | C22: 二配川味麻婆燒豆腐燴飯 | E22: 50.49 | F22: 2129 | G22: =E22*F22 -> 107493.21 | I22: 15 | J22: 2000 | K22: =J22/I22 -> 133.33333 | L22: 15 | M22: =F22/V22*60 -> 1906.5672 | N22: =M22/L22 -> 127.10448 | O22: =L22-I22 -> 0 | P22: =N22-K22 -> -6.2288557 | Q22: =N22/K22 -> 0.95328358 | S22: 0.70833333 | T22: 0.75486111 | U22: =IF(S22=TIME(17,0,0),"",(S22-T21)*24*60) | V22: =(T22-S22)*24*60 -> 67 | AE22: =M22-J22 -> -93.432836 | AF22: =M22/J22 -> 0.95328358
A23: 新豐7線 | B23: 微波主食 | C23: 二配美味蟹煲 | E23: 54.09 | F23: 2066 | G23: =E23*F23 -> 111749.94 | I23: 18 | J23: 2000 | K23: =J23/I23 -> 111.11111 | L23: 18 | M23: =F23/V23*60 -> 1907.0769 | N23: =M23/L23 -> 105.94872 | O23: =L23-I23 -> 0 | P23: =N23-K23 -> -5.1623932 | Q23: =N23/K23 -> 0.95353846 | S23: 0.75833333 | T23: 0.80347222 | U23: =IF(S23=TIME(17,0,0),"",(S23-T22)*24*60) -> 5 | V23: =(T23-S23)*24*60 -> 65 | AE23: =M23-J23 -> -92.923077 | AF23: =M23/J23 -> 0.95353846
A24: 新豐7線 | B24: 微波主食 | C24: 二配港式滑蛋牛肉燴飯 | E24: 50.67 | F24: 1000 | G24: =E24*F24 -> 50670 | H24: 2 | I24: 16 | J24: 2000 | K24: =J24/I24 -> 125 | L24: 16 | M24: =F24/V24*60 -> 1935.4839 | N24: =M24/L24 -> 120.96774 | O24: =L24-I24 -> 0 | P24: =N24-K24 -> -4.0322581 | Q24: =N24/K24 -> 0.96774194 | S24: 0.80902778 | T24: 0.83055556 | U24: =IF(S24=TIME(17,0,0),"",(S24-T23)*24*60) -> 8 | V24: =(T24-S24)*24*60 -> 31 | W24: =T24 -> 0.83055556 | X24: =S25 -> 0.87152778 | AE24: =M24-J24 -> -64.516129 | AF24: =M24/J24 -> 0.96774194
A25: 新豐7線 | B25: 微波主食 | C25: 二配港式滑蛋牛肉燴飯 | E25: 50.67 | F25: 1653 | G25: =E25*F25 -> 83757.51 | I25: 16 | J25: 2000 | K25: =J25/I25 -> 125 | L25: 16 | M25: =F25/V25*60 -> 1907.3077 | N25: =M25/L25 -> 119.20673 | O25: =L25-I25 -> 0 | P25: =N25-K25 -> -5.7932692 | Q25: =N25/K25 -> 0.95365385 | S25: 0.87152778 | T25: 0.90763889 | U25: =IF(S25=TIME(17,0,0),"",(S25-T24)*24*60) -> 59 | V25: =(T25-S25)*24*60 -> 52 | AE25: =M25-J25 -> -92.692308 | AF25: =M25/J25 -> 0.95365385
A26: 新豐7線 | B26: 平均 | I26: 16 | J26: 2000 | K26: =J26/I26 -> 125 | L26: 16 | M26: =AVERAGE(M19:M25) -> 1920.9617 | N26: =M26/L26 -> 120.0601 | O26: =L26-I26 -> 0 | P26: =N26-K26 -> -4.9398955 | Q26: =N26/K26 -> 0.96048084 | Y26: =SUM(Y19:Y25) -> 0 | Z26: =SUM(Z19:Z25) -> 0 | AC26: 7 | AD26: =SUM(AD19:AD25) -> 0 | AE26: =M26-J26 -> -79.038328 | AF26: =M26/J26 -> 0.96048084
A27: 新豐8線 | B27: 三明治 | C27: 紐奧良風味烤雞鮮蔬三明治 | E27: 31.29 | F27: 7310 | G27: =E27*F27 -> 228729.9 | I27: 18 | J27: 2400 | K27: =J27/I27 -> 133.33333 | L27: 18 | M27: =F27/V27*60 -> 2284.375 | N27: =M27/L27 -> 126.90972 | O27: =L27-I27 -> 0 | P27: =N27-K27 -> -6.4236111 | Q27: =N27/K27 -> 0.95182292 | R27: =Q31 -> 0.95279617 | S27: 0.083333333 | T27: 0.21666667 | V27: =(T27-S27)*24*60 -> 192 | W27: =T27 -> 0.21666667 | X27: =S28 -> 0.23611111 | AC27: 4 | AE27: =M27-J27 -> -115.625 | AF27: =M27/J27 -> 0.95182292 | AG27: =AF31 -> 0.95279617
A28: 新豐8線 | B28: 三明治 | C28: 醬燒烤雞三明治(115年) | E28: 26.37 | F28: 4922 | G28: =E28*F28 -> 129793.14 | I28: 18 | J28: 2400 | K28: =J28/I28 -> 133.33333 | L28: 18 | M28: =F28/V28*60 -> 2289.3023 | N28: =M28/L28 -> 127.18346 | O28: =L28-I28 -> 0 | P28: =N28-K28 -> -6.1498708 | Q28: =N28/K28 -> 0.95387597 | S28: 0.23611111 | T28: 0.32569444 | U28: =(S28-T27)*24*60 -> 28 | V28: =(T28-S28)*24*60 -> 129 | AE28: =M28-J28 -> -110.69767 | AF28: =M28/J28 -> 0.95387597
A29: 新豐8線 | B29: 三明治 | C29: 經典火腿玉米蛋三明治 | E29: 24.43 | F29: 5553 | G29: =E29*F29 -> 135659.79 | I29: 14 | J29: 2400 | K29: =J29/I29 -> 171.42857 | L29: 14 | M29: =F29/V29*60 -> 2282.0548 | N29: =M29/L29 -> 163.00391 | O29: =L29-I29 -> 0 | P29: =N29-K29 -> -8.4246575 | Q29: =N29/K29 -> 0.95085616 | S29: 0.32916667 | T29: 0.43055556 | U29: =(S29-T28)*24*60 -> 5 | V29: =(T29-S29)*24*60 -> 146 | AE29: =M29-J29 -> -117.94521 | AF29: =M29/J29 -> 0.95085616
A30: 新豐8線 | B30: 三明治 | C30: 好多菜三明治 | E30: 25.98 | F30: 3093 | G30: =E30*F30 -> 80356.14 | I30: 19 | J30: 2400 | K30: =J30/I30 -> 126.31579 | L30: 19 | M30: =F30/V30*60 -> 2291.1111 | N30: =M30/L30 -> 120.5848 | O30: =L30-I30 -> 0 | P30: =N30-K30 -> -5.7309942 | Q30: =N30/K30 -> 0.95462963 | S30: 0.43472222 | T30: 0.49097222 | U30: =(S30-T29)*24*60 -> 6 | V30: =(T30-S30)*24*60 -> 81 | AE30: =M30-J30 -> -108.88889 | AF30: =M30/J30 -> 0.95462963
A31: 新豐8線 | B31: 平均 | I31: 17.25 | J31: 2400 | K31: =J31/I31 -> 139.13043 | L31: 17.25 | M31: =AVERAGE(M27:M30) -> 2286.7108 | N31: =M31/L31 -> 132.56295 | O31: =L31-I31 -> 0 | P31: =N31-K31 -> -6.5674894 | Q31: =N31/K31 -> 0.95279617 | Y31: =SUM(Y27:Y30) -> 0 | Z31: =SUM(Z27:Z30) -> 0 | AC31: 4 | AD31: =SUM(AD27:AD30) -> 0 | AE31: =M31-J31 -> -113.28919 | AF31: =M31/J31 -> 0.95279617
A32: 新豐9線 | B32: 三明治 | C32: 經典總匯三明治(115年) | E32: 26.18 | F32: 4652 | G32: =E32*F32 -> 121789.36 | I32: 20 | J32: 2400 | K32: =J32/I32 -> 120 | L32: 20 | M32: =F32/V32*60 -> 2287.8689 | N32: =M32/L32 -> 114.39344 | O32: =L32-I32 -> 0 | P32: =N32-K32 -> -5.6065574 | Q32: =N32/K32 -> 0.95327869 | R32: =Q37 -> 0.95958034 | S32: 0.083333333 | T32: 0.16805556 | V32: =(T32-S32)*24*60 -> 122 | W32: =T32 -> 0.16805556 | X32: =S33 -> 0.18541667 | AC32: 5 | AE32: =M32-J32 -> -112.13115 | AF32: =M32/J32 -> 0.95327869 | AG32: =AF37 -> 0.95958034
A33: 新豐9線 | B33: 三明治 | C33: 鮪魚起司溏心蛋三明治(115年) | E33: 26.18 | F33: 6019 | G33: =E33*F33 -> 157577.42 | I33: 18 | J33: 2400 | K33: =J33/I33 -> 133.33333 | L33: 18 | M33: =F33/V33*60 -> 2285.6962 | N33: =M33/L33 -> 126.98312 | O33: =L33-I33 -> 0 | P33: =N33-K33 -> -6.350211 | Q33: =N33/K33 -> 0.95237342 | S33: 0.18541667 | T33: 0.29513889 | U33: =(S33-T32)*24*60 -> 25 | V33: =(T33-S33)*24*60 -> 158 | AE33: =M33-J33 -> -114.3038 | AF33: =M33/J33 -> 0.95237342
A34: 新豐9線 | B34: 三明治 | C34: 好多蛋三明治 | E34: 34.1 | F34: 4916 | G34: =E34*F34 -> 167635.6 | I34: 17 | J34: 1600 | K34: =J34/I34 -> 94.117647 | L34: 17 | M34: =F34/V34*60 -> 1528.2902 | N34: =M34/L34 -> 89.899421 | O34: =L34-I34 -> 0 | P34: =N34-K34 -> -4.2182262 | Q34: =N34/K34 -> 0.95518135 | S34: 0.3 | T34: 0.43402778 | U34: =(S34-T33)*24*60 -> 7 | V34: =(T34-S34)*24*60 -> 193 | AE34: =M34-J34 -> -71.709845 | AF34: =M34/J34 -> 0.95518135
A35: 新豐9線 | B35: 三明治 | C35: 金黃玉米蛋三明治 | E35: 24.25 | F35: 1126 | G35: =E35*F35 -> 27305.5 | I35: 16 | J35: 2400 | K35: =J35/I35 -> 150 | L35: 16 | M35: =F35/V35*60 -> 2329.6552 | N35: =M35/L35 -> 145.60345 | O35: =L35-I35 -> 0 | P35: =N35-K35 -> -4.3965517 | Q35: =N35/K35 -> 0.97068966 | S35: 0.4375 | T35: 0.45763889 | U35: =(S35-T34)*24*60 -> 5 | V35: =(T35-S35)*24*60 -> 29 | AE35: =M35-J35 -> -70.344828 | AF35: =M35/J35 -> 0.97068966
A36: 新豐9線 | B36: 三明治 | C36: 巧克力肉鬆三明治 | E36: 23.89 | F36: 2200 | G36: =E36*F36 -> 52558 | I36: 17 | J36: 2400 | K36: =J36/I36 -> 141.17647 | L36: 17 | M36: =F36/V36*60 -> 2315.7895 | N36: =M36/L36 -> 136.22291 | O36: =L36-I36 -> 0 | P36: =N36-K36 -> -4.9535604 | Q36: =N36/K36 -> 0.96491228 | S36: 0.46111111 | T36: 0.50069444 | U36: =(S36-T35)*24*60 -> 5 | V36: =(T36-S36)*24*60 -> 57 | AE36: =M36-J36 -> -84.210526 | AF36: =M36/J36 -> 0.96491228
A37: 新豐9線 | B37: 平均 | I37: 17.6 | J37: 2240 | K37: =J37/I37 -> 127.27273 | L37: 17.6 | M37: =AVERAGE(M32:M36) -> 2149.46 | N37: =M37/L37 -> 122.12841 | O37: =L37-I37 -> 0 | P37: =N37-K37 -> -5.1443198 | Q37: =N37/K37 -> 0.95958034 | Y37: =SUM(Y32:Y36) -> 0 | Z37: =SUM(Z32:Z36) -> 0 | AC37: 5 | AD37: =SUM(AD32:AD36) -> 0 | AE37: =M37-J37 -> -90.540029 | AF37: =M37/J37 -> 0.95958034
A38: 新豐3線 | B38: 調理麵包 | C38: 豬肉起司堡 | E38: 21.13 | F38: 4014 | G38: =E38*F38 -> 84815.82 | I38: 10 | J38: 3000 | K38: =J38/I38 -> 300 | L38: 10 | M38: =F38/V38*60 -> 2867.1429 | N38: =M38/L38 -> 286.71429 | O38: =L38-I38 -> 0 | P38: =N38-K38 -> -13.285714 | Q38: =N38/K38 -> 0.95571429 | R38: =Q41 -> 0.95665604 | S38: 0.20833333 | T38: 0.26666667 | V38: =(T38-S38)*24*60 -> 84 | AC38: 3 | AE38: =M38-J38 -> -132.85714 | AF38: =M38/J38 -> 0.95571429 | AG38: =AF41 -> 0.95665604
A39: 新豐3線 | B39: 調理麵包 | C39: 豬肉起司蛋堡 | E39: 27.17 | F39: 4699 | G39: =E39*F39 -> 127671.83 | I39: 10 | J39: 3000 | K39: =J39/I39 -> 300 | L39: 10 | M39: =F39/V39*60 -> 2876.9388 | N39: =M39/L39 -> 287.69388 | O39: =L39-I39 -> 0 | P39: =N39-K39 -> -12.306122 | Q39: =N39/K39 -> 0.95897959 | S39: 0.27152778 | T39: 0.33958333 | U39: =(S39-T38)*24*60 -> 7 | V39: =(T39-S39)*24*60 -> 98 | AE39: =M39-J39 -> -123.06122 | AF39: =M39/J39 -> 0.95897959
A40: 新豐3線 | B40: 調理麵包 | C40: 墨西哥辣醬熱狗堡 | E40: 37.88 | F40: 2291 | G40: =E40*F40 -> 86783.08 | I40: 13 | J40: 2000 | K40: =J40/I40 -> 153.84615 | L40: 13 | M40: =F40/V40*60 -> 1909.1667 | N40: =M40/L40 -> 146.85897 | O40: =L40-I40 -> 0 | P40: =N40-K40 -> -6.9871795 | Q40: =N40/K40 -> 0.95458333 | S40: 0.34444444 | T40: 0.39444444 | U40: =(S40-T39)*24*60 -> 7 | V40: =(T40-S40)*24*60 -> 72 | AE40: =M40-J40 -> -90.833333 | AF40: =M40/J40 -> 0.95458333
A41: 新豐3線 | B41: 平均 | I41: 11 | J41: 2666.6667 | K41: =J41/I41 -> 242.42424 | L41: 11 | M41: =AVERAGE(M38:M40) -> 2551.0828 | N41: =M41/L41 -> 231.91662 | O41: =L41-I41 -> 0 | P41: =N41-K41 -> -10.507627 | Q41: =N41/K41 -> 0.95665604 | Y41: =SUM(Y38:Y40) -> 0 | Z41: =SUM(Z38:Z40) -> 0 | AC41: 3 | AD41: =SUM(AD38:AD40) -> 0 | AE41: =M41-J41 -> -115.5839 | AF41: =M41/J41 -> 0.95665604
A42: 新豐1線 | B42: 沙拉 | C42: 蔥鹽雞肉麵沙拉(114年) | E42: 46 | F42: 724 | G42: =E42*F42 -> 33304 | I42: 16 | J42: 2000 | K42: =J42/I42 -> 125 | L42: 16 | M42: =F42/V42*60 -> 1974.5455 | N42: =M42/L42 -> 123.40909 | O42: =L42-I42 -> 0 | P42: =N42-K42 -> -1.5909091 | Q42: =N42/K42 -> 0.98727273 | R42: =Q50 -> 0.96537461 | S42: 0.20833333 | T42: 0.22361111 | V42: =(T42-S42)*24*60 -> 22 | AC42: 8 | AE42: =M42-J42 -> -25.454545 | AF42: =M42/J42 -> 0.98727273 | AG42: =AF50 -> 0.96537461
A43: 新豐1線 | B43: 沙拉 | C43: 莎莎烤雞麵沙拉(115年) | E43: 46 | F43: 859 | G43: =E43*F43 -> 39514 | I43: 17 | J43: 2000 | K43: =J43/I43 -> 117.64706 | L43: 17 | M43: =F43/V43*60 -> 1908.8889 | N43: =M43/L43 -> 112.28758 | O43: =L43-I43 -> 0 | P43: =N43-K43 -> -5.3594771 | Q43: =N43/K43 -> 0.95444444 | S43: 0.22916667 | T43: 0.24791667 | U43: =IF(S43=TIME(17,0,0),"",(S43-T42)*24*60) -> 8 | V43: =(T43-S43)*24*60 -> 27 | AE43: =M43-J43 -> -91.111111 | AF43: =M43/J43 -> 0.95444444
A44: 新豐1線 | B44: 微波主食 | C44: 炙烤醬香燒豚飯 | E44: 51.44 | F44: 1180 | G44: =E44*F44 -> 60699.2 | I44: 25 | J44: 2000 | K44: =J44/I44 -> 80 | L44: 25 | M44: =F44/V44*60 -> 1913.5135 | N44: =M44/L44 -> 76.540541 | O44: =L44-I44 -> 0 | P44: =N44-K44 -> -3.4594595 | Q44: =N44/K44 -> 0.95675676 | S44: 0.25138889 | T44: 0.27708333 | U44: =IF(S44=TIME(17,0,0),"",(S44-T43)*24*60) -> 5 | V44: =(T44-S44)*24*60 -> 37 | AE44: =M44-J44 -> -86.486486 | AF44: =M44/J44 -> 0.95675676
A45: 新豐1線 | B45: 微波主食 | C45: 金沙醬牛豚雙饗飯 | E45: 56.43 | F45: 630 | G45: =E45*F45 -> 35550.9 | I45: 23 | J45: 2000 | K45: =J45/I45 -> 86.956522 | L45: 23 | M45: =F45/V45*60 -> 1989.4737 | N45: =M45/L45 -> 86.498856 | O45: =L45-I45 -> 0 | P45: =N45-K45 -> -0.4576659 | Q45: =N45/K45 -> 0.99473684 | S45: 0.28194444 | T45: 0.29513889 | U45: =IF(S45=TIME(17,0,0),"",(S45-T44)*24*60) -> 7 | V45: =(T45-S45)*24*60 -> 19 | AE45: =M45-J45 -> -10.526316 | AF45: =M45/J45 -> 0.99473684
A46: 新豐1線 | B46: 微波主食 | C46: 壹號醬泡菜鹽蔥雞豚雙拼 | E46: 56.43 | F46: 1593 | G46: =E46*F46 -> 89892.99 | I46: 21 | J46: 2000 | K46: =J46/I46 -> 95.238095 | L46: 21 | M46: =F46/V46*60 -> 1911.6 | N46: =M46/L46 -> 91.028571 | O46: =L46-I46 -> 0 | P46: =N46-K46 -> -4.2095238 | Q46: =N46/K46 -> 0.9558 | S46: 0.3 | T46: 0.33472222 | U46: =IF(S46=TIME(17,0,0),"",(S46-T45)*24*60) -> 7 | V46: =(T46-S46)*24*60 -> 50 | AE46: =M46-J46 -> -88.4 | AF46: =M46/J46 -> 0.9558
A47: 新豐1線 | B47: 微波主食 | C47: 二配香辣醬蒜味香腸蛋炒飯 | E47: 55.56 | F47: 2595 | G47: =E47*F47 -> 144178.2 | I47: 17 | J47: 2000 | K47: =J47/I47 -> 117.64706 | L47: 17 | M47: =F47/V47*60 -> 1922.2222 | N47: =M47/L47 -> 113.0719 | O47: =L47-I47 -> 0 | P47: =N47-K47 -> -4.5751634 | Q47: =N47/K47 -> 0.96111111 | S47: 0.70833333 | T47: 0.76458333 | U47: =IF(S47=TIME(17,0,0),"",(S47-T46)*24*60) | V47: =(T47-S47)*24*60 -> 81 | AE47: =M47-J47 -> -77.777778 | AF47: =M47/J47 -> 0.96111111
A48: 新豐1線 | B48: 微波主食 | C48: 二配排骨蛋炒飯 | E48: 58.17 | F48: 1902 | G48: =E48*F48 -> 110639.34 | I48: 13 | J48: 2000 | K48: =J48/I48 -> 153.84615 | L48: 13 | M48: =F48/V48*60 -> 1902 | N48: =M48/L48 -> 146.30769 | O48: =L48-I48 -> 0 | P48: =N48-K48 -> -7.5384615 | Q48: =N48/K48 -> 0.951 | S48: 0.76875 | T48: 0.81041667 | U48: =IF(S48=TIME(17,0,0),"",(S48-T47)*24*60) -> 6 | V48: =(T48-S48)*24*60 -> 60 | AE48: =M48-J48 -> -98 | AF48: =M48/J48 -> 0.951
A49: 新豐1線 | B49: 微波主食 | C49: 二配叉燒蛋炒飯 | E49: 54.09 | F49: 1539 | G49: =E49*F49 -> 83244.51 | I49: 14 | J49: 2000 | K49: =J49/I49 -> 142.85714 | L49: 14 | M49: =F49/V49*60 -> 1923.75 | N49: =M49/L49 -> 137.41071 | O49: =L49-I49 -> 0 | P49: =N49-K49 -> -5.4464286 | Q49: =N49/K49 -> 0.961875 | S49: 0.81458333 | T49: 0.84791667 | U49: =IF(S49=TIME(17,0,0),"",(S49-T48)*24*60) -> 6 | V49: =(T49-S49)*24*60 -> 48 | AE49: =M49-J49 -> -76.25 | AF49: =M49/J49 -> 0.961875
A50: 新豐1線 | B50: 平均 | I50: 18.25 | J50: 2000 | K50: =J50/I50 -> 109.58904 | L50: 18.25 | M50: =AVERAGE(M42:M49) -> 1930.7492 | N50: =M50/L50 -> 105.79448 | O50: =L50-I50 -> 0 | P50: =N50-K50 -> -3.7945633 | Q50: =N50/K50 -> 0.96537461 | Y50: =SUM(Y42:Y49) -> 0 | Z50: =SUM(Z42:Z49) -> 0 | AC50: 8 | AD50: =SUM(AD42:AD49) -> 0 | AE50: =M50-J50 -> -69.25078 | AF50: =M50/J50 -> 0.96537461
A51: 新豐10線 | B51: 調理麵包 | C51: 經典雙牛起司堡(113年) | E51: 35.12 | F51: 4362 | G51: =E51*F51 -> 153193.44 | I51: 10 | J51: 3000 | K51: =J51/I51 -> 300 | L51: 10 | M51: =F51/V51*60 -> 2876.044 | N51: =M51/L51 -> 287.6044 | O51: =L51-I51 -> 0 | P51: =N51-K51 -> -12.395604 | Q51: =N51/K51 -> 0.95868132 | R51: =Q56 -> 0.95869503 | S51: 0.20833333 | T51: 0.27152778 | V51: =(T51-S51)*24*60 -> 91 | AC51: 5 | AE51: =M51-J51 -> -123.95604 | AF51: =M51/J51 -> 0.95868132 | AG51: =AF56 -> 0.95869503
A52: 新豐10線 | B52: 調理麵包 | C52: 香雞蛋堡(112年) | E52: 26.78 | F52: 1952 | G52: =E52*F52 -> 52274.56 | I52: 10 | J52: 3000 | K52: =J52/I52 -> 300 | L52: 10 | M52: =F52/V52*60 -> 2856.5854 | N52: =M52/L52 -> 285.65854 | O52: =L52-I52 -> 0 | P52: =N52-K52 -> -14.341463 | Q52: =N52/K52 -> 0.95219512 | S52: 0.27638889 | T52: 0.30486111 | U52: =(S52-T51)*24*60 -> 7 | V52: =(T52-S52)*24*60 -> 41 | AE52: =M52-J52 -> -143.41463 | AF52: =M52/J52 -> 0.95219512
A53: 新豐10線 | B53: 調理麵包 | C53: 超HOT雞腿堡 | E53: 35.87 | F53: 2423 | G53: =E53*F53 -> 86913.01 | I53: 10 | J53: 3000 | K53: =J53/I53 -> 300 | L53: 10 | M53: =F53/V53*60 -> 2907.6 | N53: =M53/L53 -> 290.76 | O53: =L53-I53 -> 0 | P53: =N53-K53 -> -9.24 | Q53: =N53/K53 -> 0.9692 | S53: 0.31041667 | T53: 0.34513889 | U53: =(S53-T52)*24*60 -> 8 | V53: =(T53-S53)*24*60 -> 50 | AE53: =M53-J53 -> -92.4 | AF53: =M53/J53 -> 0.9692
A54: 新豐10線 | B54: 調理麵包 | C54: 美式雞腿堡 | E54: 35.87 | F54: 863 | G54: =E54*F54 -> 30955.81 | I54: 9 | J54: 3000 | K54: =J54/I54 -> 333.33333 | L54: 9 | M54: =F54/V54*60 -> 2876.6667 | N54: =M54/L54 -> 319.62963 | O54: =L54-I54 -> 0 | P54: =N54-K54 -> -13.703704 | Q54: =N54/K54 -> 0.95888889 | S54: 0.34930556 | T54: 0.36180556 | U54: =(S54-T53)*24*60 -> 6 | V54: =(T54-S54)*24*60 -> 18 | AE54: =M54-J54 -> -123.33333 | AF54: =M54/J54 -> 0.95888889
A55: 新豐10線 | B55: 調理麵包 | C55: 益活雞力能量堡 | E55: 33.77 | F55: 2434 | G55: =E55*F55 -> 82196.18 | I55: 12 | J55: 3000 | K55: =J55/I55 -> 250 | L55: 12 | M55: =F55/V55*60 -> 2863.5294 | N55: =M55/L55 -> 238.62745 | O55: =L55-I55 -> 0 | P55: =N55-K55 -> -11.372549 | Q55: =N55/K55 -> 0.9545098 | S55: 0.36666667 | T55: 0.40208333 | U55: =(S55-T54)*24*60 -> 7 | V55: =(T55-S55)*24*60 -> 51 | AE55: =M55-J55 -> -136.47059 | AF55: =M55/J55 -> 0.9545098
A56: 新豐10線 | B56: 平均 | I56: 10.2 | J56: 3000 | K56: =J56/I56 -> 294.11765 | L56: 10.2 | M56: =AVERAGE(M51:M55) -> 2876.0851 | N56: =M56/L56 -> 281.96913 | O56: =L56-I56 -> 0 | P56: =N56-K56 -> -12.148522 | Q56: =N56/K56 -> 0.95869503 | Y56: =SUM(Y51:Y55) -> 0 | Z56: =SUM(Z51:Z55) -> 0 | AC56: 5 | AD56: =SUM(AD51:AD55) -> 0 | AE56: =M56-J56 -> -123.91492 | AF56: =M56/J56 -> 0.95869503
A57: 新豐4線 | B57: 三明治 | C57: 火腿起司蛋三明治 | E57: 19.02 | F57: 8504 | G57: =E57*F57 -> 161746.08 | I57: 14 | J57: 2400 | K57: =J57/I57 -> 171.42857 | L57: 14 | M57: =F57/V57*60 -> 2288.0717 | N57: =M57/L57 -> 163.4337 | O57: =L57-I57 -> 0 | P57: =N57-K57 -> -7.9948751 | Q57: =N57/K57 -> 0.95336323 | R57: =Q64 -> 0.96102898 | S57: 0.083333333 | T57: 0.23819444 | V57: =(T57-S57)*24*60 -> 223 | W57: =T57 -> 0.23819444 | X57: =S58 -> 0.25625 | AC57: 7 | AE57: =M57-J57 -> -111.92825 | AF57: =M57/J57 -> 0.95336323 | AG57: =AF64 -> 0.96102898
A58: 新豐4線 | B58: 三明治 | C58: 肉鬆火腿三明治(115年) | E58: 20.36 | F58: 3163 | G58: =E58*F58 -> 64398.68 | I58: 17 | J58: 2400 | K58: =J58/I58 -> 141.17647 | L58: 17 | M58: =F58/V58*60 -> 2286.506 | N58: =M58/L58 -> 134.50035 | O58: =L58-I58 -> 0 | P58: =N58-K58 -> -6.6761162 | Q58: =N58/K58 -> 0.95271084 | S58: 0.25625 | T58: 0.31388889 | U58: =(S58-T57)*24*60 -> 26 | V58: =(T58-S58)*24*60 -> 83 | AE58: =M58-J58 -> -113.49398 | AF58: =M58/J58 -> 0.95271084
A59: 新豐4線 | B59: 三明治 | C59: 紅豆黑糖麻糬三明治 | E59: 23.8 | F59: 2150 | G59: =E59*F59 -> 51170 | I59: 16 | J59: 2400 | K59: =J59/I59 -> 150 | L59: 16 | M59: =F59/V59*60 -> 2303.5714 | N59: =M59/L59 -> 143.97321 | O59: =L59-I59 -> 0 | P59: =N59-K59 -> -6.0267857 | Q59: =N59/K59 -> 0.95982143 | S59: 0.31736111 | T59: 0.35625 | U59: =(S59-T58)*24*60 -> 5 | V59: =(T59-S59)*24*60 -> 56 | AE59: =M59-J59 -> -96.428571 | AF59: =M59/J59 -> 0.95982143
A60: 新豐4線 | B60: 三明治 | C60: 茄汁厚起司三明治 | E60: 25.99 | F60: 891 | G60: =E60*F60 -> 23157.09 | I60: 18 | J60: 2400 | K60: =J60/I60 -> 133.33333 | L60: 18 | M60: =F60/V60*60 -> 2324.3478 | N60: =M60/L60 -> 129.13043 | O60: =L60-I60 -> 0 | P60: =N60-K60 -> -4.2028986 | Q60: =N60/K60 -> 0.96847826 | S60: 0.35972222 | T60: 0.37569444 | U60: =(S60-T59)*24*60 -> 5 | V60: =(T60-S60)*24*60 -> 23 | AE60: =M60-J60 -> -75.652174 | AF60: =M60/J60 -> 0.96847826
A61: 新豐4線 | B61: 三明治 | C61: 水果聖代三明治 | E61: 28.29 | F61: 2009 | G61: =E61*F61 -> 56834.61 | I61: 19 | J61: 2400 | K61: =J61/I61 -> 126.31579 | L61: 19 | M61: =F61/V61*60 -> 2318.0769 | N61: =M61/L61 -> 122.00405 | O61: =L61-I61 -> 0 | P61: =N61-K61 -> -4.3117409 | Q61: =N61/K61 -> 0.96586538 | S61: 0.37986111 | T61: 0.41597222 | U61: =(S61-T60)*24*60 -> 6 | V61: =(T61-S61)*24*60 -> 52 | AE61: =M61-J61 -> -81.923077 | AF61: =M61/J61 -> 0.96586538
A62: 新豐4線 | B62: 三明治 | C62: 起司芋見肉鬆三明治 | E62: 25.98 | F62: 1241 | G62: =E62*F62 -> 32241.18 | I62: 17 | J62: 2400 | K62: =J62/I62 -> 141.17647 | L62: 17 | M62: =F62/V62*60 -> 2326.875 | N62: =M62/L62 -> 136.875 | O62: =L62-I62 -> 0 | P62: =N62-K62 -> -4.3014706 | Q62: =N62/K62 -> 0.96953125 | S62: 0.42083333 | T62: 0.44305556 | U62: =(S62-T61)*24*60 -> 7 | V62: =(T62-S62)*24*60 -> 32 | AE62: =M62-J62 -> -73.125 | AF62: =M62/J62 -> 0.96953125
A63: 新豐4線 | B63: 三明治 | C63: 雞蛋沙拉三明治(114年) | E63: 25.99 | F63: 2834 | G63: =E63*F63 -> 73655.66 | I63: 14 | J63: 2400 | K63: =J63/I63 -> 171.42857 | L63: 14 | M63: =F63/V63*60 -> 2297.8378 | N63: =M63/L63 -> 164.13127 | O63: =L63-I63 -> 0 | P63: =N63-K63 -> -7.2972973 | Q63: =N63/K63 -> 0.95743243 | S63: 0.44722222 | T63: 0.49861111 | U63: =(S63-T62)*24*60 -> 6 | V63: =(T63-S63)*24*60 -> 74 | AE63: =M63-J63 -> -102.16216 | AF63: =M63/J63 -> 0.95743243
A64: 新豐4線 | B64: 平均 | I64: 16.428571 | J64: 2400 | K64: =J64/I64 -> 146.08696 | L64: 16.428571 | M64: =AVERAGE(M57:M63) -> 2306.4695 | N64: =M64/L64 -> 140.3938 | O64: =L64-I64 -> 0 | P64: =N64-K64 -> -5.6931584 | Q64: =N64/K64 -> 0.96102898 | Y64: =SUM(Y57:Y63) -> 0 | Z64: =SUM(Z57:Z63) -> 0 | AC64: 7 | AD64: =SUM(AD57:AD63) -> 0 | AE64: =M64-J64 -> -93.530459 | AF64: =M64/J64 -> 0.96102898

Sheet 0926
B1: 屏榮 新豐廠組合室生產人時性分析
B3: 日期 | C3: =TEXT('0926 4度C'!A2,"yyyy.mm.ddaaaa") -> 2026.09.26星期六 | E3: 訂單量 | F3: ='0926 4度C'!D1 -> 117582 | H3: 營業額 | I3: ='0926 4度C'!F1 -> 3999174.8
B4: 人時性 | C4: 項目 | E4: ➀ | G4: ➁ | I4: ➂ | K4: 異常停線 | M4: 短暫停線
C5: 組合室 | E5: 全溫層 | G5: 4度C-各編組展開 | I5: ③三明治-各編組展開 | K5: 合計次數 | L5: 時間 | M5: 合計次數 | N5: 設備次數
C6: 排關平均 | E6: =AVERAGE(D13:M13) -> 151.16939 | F6: =AVERAGE(D31:O31,D13:J13) -> 155.88783 | G6: =AVERAGE(D13:J13) -> 155.88783 | I6: =AVERAGE(K13:M13) -> 140.15968 | K6: ='0926 4度C'!Y2 -> 0 | L6: ='0926 4度C'!Z2 -> 0 | M6: ='0926 4度C'!AC2 -> 50 | N6: ='0926 4度C'!AD2 -> 0
C7: 實績平均 | E7: =AVERAGE(D14:M14) -> 145.1635 | F7: =AVERAGE(D32:O32,D14:J14) -> 149.71467 | G7: =AVERAGE(D14:J14) -> 149.71467 | I7: =AVERAGE(K14:M14) -> 134.54412
C8: 達成率平均 | E8: =AVERAGE(D15:M15) -> 0.96071083 | F8: =AVERAGE(D15:J15,D33:O33) -> 0.96099551 | G8: =AVERAGE(D15:J15) -> 0.96099551 | I8: =AVERAGE(K15:M15) -> 0.96004659
K9: ※現行日本鮮食廠以達成率80%為基本(即為現行KPI)
B10: 溫層 | D10: ➁4度C-各編組展開 | K10: ③三明治-各編組展開
B11: 編組 | D11: 1 | E11: 2 | F11: 3 | G11: 4 | H11: 5 | I11: 6 | J11: 7 | K11: 1 | L11: 2 | M11: 3
D12: 新豐6線 | E12: 新豐2線 | F12: 新豐5線 | G12: 新豐7線 | H12: 新豐3線 | I12: 新豐1線 | J12: 新豐10線 | K12: 新豐8線 | L12: 新豐9線 | M12: 新豐4線
B13: 人時性 | C13: 排關 | D13: =SUMIFS('0926 4度C'!$K:$K,'0926 4度C'!$A:$A,"新豐6線",'0926 4度C'!$B:$B,"平均") -> 130.43478 | E13: =SUMIFS('0926 4度C'!$K:$K,'0926 4度C'!$A:$A,"新豐2線",'0926 4度C'!$B:$B,"平均") -> 83.333333 | F13: =SUMIFS('0926 4度C'!$K:$K,'0926 4度C'!$A:$A,"新豐5線",'0926 4度C'!$B:$B,"平均") -> 105 | G13: =SUMIFS('0926 4度C'!$K:$K,'0926 4度C'!$A:$A,"新豐7線",'0926 4度C'!$B:$B,"平均") -> 126.31579 | H13: =SUMIFS('0926 4度C'!$K:$K,'0926 4度C'!$A:$A,"新豐3線",'0926 4度C'!$B:$B,"平均") -> 242.42424 | I13: =SUMIFS('0926 4度C'!$K:$K,'0926 4度C'!$A:$A,"新豐1線",'0926 4度C'!$B:$B,"平均") -> 109.58904 | J13: =SUMIFS('0926 4度C'!$K:$K,'0926 4度C'!$A:$A,"新豐10線",'0926 4度C'!$B:$B,"平均") -> 294.11765 | K13: =SUMIFS('0926 4度C'!$K:$K,'0926 4度C'!$A:$A,"新豐8線",'0926 4度C'!$B:$B,"平均") -> 146.34146 | L13: =SUMIFS('0926 4度C'!$K:$K,'0926 4度C'!$A:$A,"新豐9線",'0926 4度C'!$B:$B,"平均") -> 131.76471 | M13: =SUMIFS('0926 4度C'!$K:$K,'0926 4度C'!$A:$A,"新豐4線",'0926 4度C'!$B:$B,"平均") -> 142.37288
C14: 實績 | D14: =SUMIFS('0926 4度C'!$N:$N,'0926 4度C'!$A:$A,"新豐6線",'0926 4度C'!$B:$B,"平均") -> 125.81398 | E14: =SUMIFS('0926 4度C'!$N:$N,'0926 4度C'!$A:$A,"新豐2線",'0926 4度C'!$B:$B,"平均") -> 79.43166 | F14: =SUMIFS('0926 4度C'!$N:$N,'0926 4度C'!$A:$A,"新豐5線",'0926 4度C'!$B:$B,"平均") -> 101.28758 | G14: =SUMIFS('0926 4度C'!$N:$N,'0926 4度C'!$A:$A,"新豐7線",'0926 4度C'!$B:$B,"平均") -> 121.08184 | H14: =SUMIFS('0926 4度C'!$N:$N,'0926 4度C'!$A:$A,"新豐3線",'0926 4度C'!$B:$B,"平均") -> 231.72561 | I14: =SUMIFS('0926 4度C'!$N:$N,'0926 4度C'!$A:$A,"新豐1線",'0926 4度C'!$B:$B,"平均") -> 106.32099 | J14: =SUMIFS('0926 4度C'!$N:$N,'0926 4度C'!$A:$A,"新豐10線",'0926 4度C'!$B:$B,"平均") -> 282.34101 | K14: =SUMIFS('0926 4度C'!$N:$N,'0926 4度C'!$A:$A,"新豐8線",'0926 4度C'!$B:$B,"平均") -> 139.45001 | L14: =SUMIFS('0926 4度C'!$N:$N,'0926 4度C'!$A:$A,"新豐9線",'0926 4度C'!$B:$B,"平均") -> 126.73379 | M14: =SUMIFS('0926 4度C'!$N:$N,'0926 4度C'!$A:$A,"新豐4線",'0926 4度C'!$B:$B,"平均") -> 137.44855
C15: 達成率 | D15: =D14/D13 -> 0.96457385 | E15: =E14/E13 -> 0.95317992 | F15: =F14/F13 -> 0.96464364 | G15: =G14/G13 -> 0.95856453 | H15: =H14/H13 -> 0.95586813 | I15: =I14/I13 -> 0.97017905 | J15: =J14/J13 -> 0.95995943 | K15: =K14/K13 -> 0.95290838 | ... M15: =M14/M13 -> 0.96541241
B16: 作業 時間 | C16: 開始 | D16: =VLOOKUP("新豐6線",'0926 4度C'!$A:$T,19,0) -> 0.70833333 | E16: =VLOOKUP("新豐2線",'0926 4度C'!$A:$T,19,0) -> 0.083333333 | F16: =VLOOKUP("新豐5線",'0926 4度C'!$A:$T,19,0) -> 0.20833333 | G16: =VLOOKUP("新豐7線",'0926 4度C'!$A:$T,19,0) -> 0.25 | H16: =VLOOKUP("新豐3線",'0926 4度C'!$A:$T,19,0) -> 0.20833333 | I16: =VLOOKUP("新豐1線",'0926 4度C'!$A:$T,19,0) -> 0.20833333 | J16: =VLOOKUP("新豐10線",'0926 4度C'!$A:$T,19,0) -> 0.20833333 | K16: =VLOOKUP("新豐8線",'0926 4度C'!$A:$T,19,0) -> 0.083333333 | L16: =VLOOKUP("新豐9線",'0926 4度C'!$A:$T,19,0) -> 0.083333333 | M16: =VLOOKUP("新豐4線",'0926 4度C'!$A:$T,19,0) -> 0.083333333
C17: 結束 | D17: =LOOKUP(2,1/(('0926 4度C'!$A:$A="新豐6線")*('0926 4度C'!$T:$T<>"")),'0926 4度C'!$T:$T) -> 0.81597222 | E17: =LOOKUP(2,1/(('0926 4度C'!$A:$A="新豐2線")*('0926 4度C'!$T:$T<>"")),'0926 4度C'!$T:$T) -> 0.32291667 | F17: =LOOKUP(2,1/(('0926 4度C'!$A:$A="新豐5線")*('0926 4度C'!$T:$T<>"")),'0926 4度C'!$T:$T) -> 0.79513889 | G17: =LOOKUP(2,1/(('0926 4度C'!$A:$A="新豐7線")*('0926 4度C'!$T:$T<>"")),'0926 4度C'!$T:$T) -> 0.83125 | H17: =LOOKUP(2,1/(('0926 4度C'!$A:$A="新豐3線")*('0926 4度C'!$T:$T<>"")),'0926 4度C'!$T:$T) -> 0.37708333 | I17: =LOOKUP(2,1/(('0926 4度C'!$A:$A="新豐1線")*('0926 4度C'!$T:$T<>"")),'0926 4度C'!$T:$T) -> 0.80625 | J17: =LOOKUP(2,1/(('0926 4度C'!$A:$A="新豐10線")*('0926 4度C'!$T:$T<>"")),'0926 4度C'!$T:$T) -> 0.4 | K17: =LOOKUP(2,1/(('0926 4度C'!$A:$A="新豐8線")*('0926 4度C'!$T:$T<>"")),'0926 4度C'!$T:$T) -> 0.48333333 | L17: =LOOKUP(2,1/(('0926 4度C'!$A:$A="新豐9線")*('0926 4度C'!$T:$T<>"")),'0926 4度C'!$T:$T) -> 0.49027778 | M17: =LOOKUP(2,1/(('0926 4度C'!$A:$A="新豐4線")*('0926 4度C'!$T:$T<>"")),'0926 4度C'!$T:$T) -> 0.47083333
B18: 產線異常 (5分鐘以上) | C18: 次數 | D18: =SUMIFS('0926 4度C'!$Y:$Y,'0926 4度C'!$A:$A,"新豐6線",'0926 4度C'!$B:$B,"平均") -> 0 | E18: =SUMIFS('0926 4度C'!$Y:$Y,'0926 4度C'!$A:$A,"新豐2線",'0926 4度C'!$B:$B,"平均") -> 0 | F18: =SUMIFS('0926 4度C'!$Y:$Y,'0926 4度C'!$A:$A,"新豐5線",'0926 4度C'!$B:$B,"平均") -> 0 | G18: =SUMIFS('0926 4度C'!$Y:$Y,'0926 4度C'!$A:$A,"新豐7線",'0926 4度C'!$B:$B,"平均") -> 0 | H18: =SUMIFS('0926 4度C'!$Y:$Y,'0926 4度C'!$A:$A,"新豐3線",'0926 4度C'!$B:$B,"平均") -> 0 | I18: =SUMIFS('0926 4度C'!$Y:$Y,'0926 4度C'!$A:$A,"新豐1線",'0926 4度C'!$B:$B,"平均") -> 0 | J18: =SUMIFS('0926 4度C'!$Y:$Y,'0926 4度C'!$A:$A,"新豐10線",'0926 4度C'!$B:$B,"平均") -> 0 | K18: =SUMIFS('0926 4度C'!$Y:$Y,'0926 4度C'!$A:$A,"新豐8線",'0926 4度C'!$B:$B,"平均") -> 0 | L18: =SUMIFS('0926 4度C'!$Y:$Y,'0926 4度C'!$A:$A,"新豐9線",'0926 4度C'!$B:$B,"平均") -> 0 | M18: =SUMIFS('0926 4度C'!$Y:$Y,'0926 4度C'!$A:$A,"新豐4線",'0926 4度C'!$B:$B,"平均") -> 0
C19: 時間/分 | D19: =SUMIFS('0926 4度C'!$Z:$Z,'0926 4度C'!$A:$A,"新豐6線",'0926 4度C'!$B:$B,"平均") -> 0 | E19: =SUMIFS('0926 4度C'!$Z:$Z,'0926 4度C'!$A:$A,"新豐2線",'0926 4度C'!$B:$B,"平均") -> 0 | F19: =SUMIFS('0926 4度C'!$Z:$Z,'0926 4度C'!$A:$A,"新豐5線",'0926 4度C'!$B:$B,"平均") -> 0 | G19: =SUMIFS('0926 4度C'!$Z:$Z,'0926 4度C'!$A:$A,"新豐7線",'0926 4度C'!$B:$B,"平均") -> 0 | H19: =SUMIFS('0926 4度C'!$Z:$Z,'0926 4度C'!$A:$A,"新豐3線",'0926 4度C'!$B:$B,"平均") -> 0 | I19: =SUMIFS('0926 4度C'!$Z:$Z,'0926 4度C'!$A:$A,"新豐1線",'0926 4度C'!$B:$B,"平均") -> 0 | J19: =SUMIFS('0926 4度C'!$Z:$Z,'0926 4度C'!$A:$A,"新豐10線",'0926 4度C'!$B:$B,"平均") -> 0 | K19: =SUMIFS('0926 4度C'!$Z:$Z,'0926 4度C'!$A:$A,"新豐8線",'0926 4度C'!$B:$B,"平均") -> 0 | L19: =SUMIFS('0926 4度C'!$Z:$Z,'0926 4度C'!$A:$A,"新豐9線",'0926 4度C'!$B:$B,"平均") -> 0 | M19: =SUMIFS('0926 4度C'!$Z:$Z,'0926 4度C'!$A:$A,"新豐4線",'0926 4度C'!$B:$B,"平均") -> 0
B20: 短暫停線 (5分鐘以下) | C20: 次數 | D20: =SUMIFS('0926 4度C'!$AC:$AC,'0926 4度C'!$A:$A,"新豐6線",'0926 4度C'!$B:$B,"平均") -> 3 | E20: =SUMIFS('0926 4度C'!$AC:$AC,'0926 4度C'!$A:$A,"新豐2線",'0926 4度C'!$B:$B,"平均") -> 2 | F20: =SUMIFS('0926 4度C'!$AC:$AC,'0926 4度C'!$A:$A,"新豐5線",'0926 4度C'!$B:$B,"平均") -> 6 | G20: =SUMIFS('0926 4度C'!$AC:$AC,'0926 4度C'!$A:$A,"新豐7線",'0926 4度C'!$B:$B,"平均") -> 6 | H20: =SUMIFS('0926 4度C'!$AC:$AC,'0926 4度C'!$A:$A,"新豐3線",'0926 4度C'!$B:$B,"平均") -> 3 | I20: =SUMIFS('0926 4度C'!$AC:$AC,'0926 4度C'!$A:$A,"新豐1線",'0926 4度C'!$B:$B,"平均") -> 8 | J20: =SUMIFS('0926 4度C'!$AC:$AC,'0926 4度C'!$A:$A,"新豐10線",'0926 4度C'!$B:$B,"平均") -> 5 | K20: =SUMIFS('0926 4度C'!$AC:$AC,'0926 4度C'!$A:$A,"新豐8線",'0926 4度C'!$B:$B,"平均") -> 5 | L20: =SUMIFS('0926 4度C'!$AC:$AC,'0926 4度C'!$A:$A,"新豐9線",'0926 4度C'!$B:$B,"平均") -> 5 | M20: =SUMIFS('0926 4度C'!$AC:$AC,'0926 4度C'!$A:$A,"新豐4線",'0926 4度C'!$B:$B,"平均") -> 7
C21: 設備次數 | D21: =SUMIFS('0926 4度C'!$AD:$AD,'0926 4度C'!$A:$A,"新豐6線",'0926 4度C'!$B:$B,"平均") -> 0 | E21: =SUMIFS('0926 4度C'!$AD:$AD,'0926 4度C'!$A:$A,"新豐2線",'0926 4度C'!$B:$B,"平均") -> 0 | F21: =SUMIFS('0926 4度C'!$AD:$AD,'0926 4度C'!$A:$A,"新豐5線",'0926 4度C'!$B:$B,"平均") -> 0 | G21: =SUMIFS('0926 4度C'!$AD:$AD,'0926 4度C'!$A:$A,"新豐7線",'0926 4度C'!$B:$B,"平均") -> 0 | H21: =SUMIFS('0926 4度C'!$AD:$AD,'0926 4度C'!$A:$A,"新豐3線",'0926 4度C'!$B:$B,"平均") -> 0 | I21: =SUMIFS('0926 4度C'!$AD:$AD,'0926 4度C'!$A:$A,"新豐1線",'0926 4度C'!$B:$B,"平均") -> 0 | J21: =SUMIFS('0926 4度C'!$AD:$AD,'0926 4度C'!$A:$A,"新豐10線",'0926 4度C'!$B:$B,"平均") -> 0 | K21: =SUMIFS('0926 4度C'!$AD:$AD,'0926 4度C'!$A:$A,"新豐8線",'0926 4度C'!$B:$B,"平均") -> 0 | L21: =SUMIFS('0926 4度C'!$AD:$AD,'0926 4度C'!$A:$A,"新豐9線",'0926 4度C'!$B:$B,"平均") -> 0 | M21: =SUMIFS('0926 4度C'!$AD:$AD,'0926 4度C'!$A:$A,"新豐4線",'0926 4度C'!$B:$B,"平均") -> 0
B22: 配置人數 | D22: =SUMIFS('0926 4度C'!$I:$I,'0926 4度C'!$A:$A,"新豐6線",'0926 4度C'!$B:$B,"平均") -> 15.333333 | E22: =SUMIFS('0926 4度C'!$I:$I,'0926 4度C'!$A:$A,"新豐2線",'0926 4度C'!$B:$B,"平均") -> 18 | F22: =SUMIFS('0926 4度C'!$I:$I,'0926 4度C'!$A:$A,"新豐5線",'0926 4度C'!$B:$B,"平均") -> 16.666667 | G22: =SUMIFS('0926 4度C'!$I:$I,'0926 4度C'!$A:$A,"新豐7線",'0926 4度C'!$B:$B,"平均") -> 15.833333 | H22: =SUMIFS('0926 4度C'!$I:$I,'0926 4度C'!$A:$A,"新豐3線",'0926 4度C'!$B:$B,"平均") -> 11 | I22: =SUMIFS('0926 4度C'!$I:$I,'0926 4度C'!$A:$A,"新豐1線",'0926 4度C'!$B:$B,"平均") -> 18.25 | J22: =SUMIFS('0926 4度C'!$I:$I,'0926 4度C'!$A:$A,"新豐10線",'0926 4度C'!$B:$B,"平均") -> 10.2 | K22: =SUMIFS('0926 4度C'!$I:$I,'0926 4度C'!$A:$A,"新豐8線",'0926 4度C'!$B:$B,"平均") -> 16.4 | L22: =SUMIFS('0926 4度C'!$I:$I,'0926 4度C'!$A:$A,"新豐9線",'0926 4度C'!$B:$B,"平均") -> 17 | M22: =SUMIFS('0926 4度C'!$I:$I,'0926 4度C'!$A:$A,"新豐4線",'0926 4度C'!$B:$B,"平均") -> 16.857143
B23: 主要應用設備 | D23: ET-55 | E23: 熱縮爐 | F23: L型包裝機 | G23: L型包裝機 | H23: 伺服包裝機 | I23: ET-55 | J23: 伺服包裝機 | K23: 三明治包裝機 | L23: 三明治包裝機 | M23: 三明治包裝機
B24: 次要應用設備 | F24: 圓盤機 | G24: ET-55
B25: 備註 | E25: 握沙拉 | F25: 共用L型包裝機 | H25: 調理麵包 | I25: 炒飯+沙拉 | J25: 調理麵包

Sheet 0926 4度C
A1: 新豐廠四度C日報分析 | C1: 總生產量 | D1: =SUM(F5:F64) -> 117582 | E1: 營業額 | F1: =SUM(G5:G64) -> 3999174.8 | G1: 出勤人數 | H1: =L8+L11+L41+L50+L18+L56+L31+L37+L25+L64 -> 155.54048 | I1: 產線配置圖 | L1: 生產實績 | O1: 人時性差異分析 | S1: 日報登錄 | Y1: 合計 次數 | Z1: 合計 時間/分 | AA1: 產線異常 分析說明(5分鐘以上) | AC1: 合計 次數 | AD1: 合計 設備次數 | AE1: 產能差異分析
A2: 46291 | B2: 星期六 | C2: 人時性 | D2: =AVERAGE(N8,N11,N41,N50,N18,N56,N25,N31,N37,N64) -> 145.1635 | E2: 平均廠價 | F2: =F1/D1 -> 34.011794 | G2: 多次生產數 | H2: =COUNT(H5:H64) -> 0 | Y2: =SUM(Y8+Y11+Y18+Y25+Y31+Y37+Y41+Y50+Y56+Y64) -> 0 | Z2: =SUM(Z8+Z11+Z18+Z25+Z31+Z37+Z41+Z50+Z56+Z64) -> 0 | AC2: 50 | AD2: =SUM(AD8+AD11+AD18+AD25+AD31+AD37+AD41+AD50+AD56+AD64) -> 0
A3: 線別 | B3: 品類 | C3: 品名 | E3: 廠價 | F3: 生產量 | G3: 營收 | H3: 多次 生產 | I3: 人數 | J3: 產能/時 | K3: 人時性 | L3: 人數 | M3: 產能/時 | N3: 人時性 | O3: 人數 | P3: 人時性 | Q3: 達成率 | R3: 達成率平均 | S3: 生產時間 | U3: 換線、休息/分 | V3: 稼動時間/分 | W3: 休息時間 | Y3: 產線異常統計 (5分鐘以上) | AA3: (新豐回填) | AC3: 短暫停線統計 (5分鐘以下) | AE3: 產能/時 | AF3: 達成率 | AG3: 達成率平均
S4: 開始 | T4: 結束 | W4: 開始 | X4: 結束 | Y4: 次數 | Z4: 時間/分 | AC4: 總次數 | AD4: 設備因素(次數)
A5: 新豐6線 | B5: 微波主食 | C5: 二配金咖哩果香甘口咖哩飯 | E5: 50.92 | F5: 1691 | G5: =E5*F5 -> 86105.72 | I5: 15 | J5: 2000 | K5: =J5/I5 -> 133.33333 | L5: 15 | M5: =F5/V5*60 -> 1914.3396 | N5: =M5/L5 -> 127.62264 | O5: =L5-I5 -> 0 | P5: =N5-K5 -> -5.7106918 | Q5: =N5/K5 -> 0.95716981 | R5: =Q8 -> 0.96457385 | S5: 0.70833333 | T5: 0.74513889 | V5: =(T5-S5)*24*60 -> 53 | AC5: 3 | AE5: =M5-J5 -> -85.660377 | AF5: =M5/J5 -> 0.95716981 | AG5: =AF8 -> 0.96457385
A6: 新豐6線 | B6: 微波主食 | C6: 二配金咖哩濃厚辛口咖哩飯 | E6: 50.98 | F6: 1952 | G6: =E6*F6 -> 99512.96 | I6: 16 | J6: 2000 | K6: =J6/I6 -> 125 | L6: 16 | M6: =F6/V6*60 -> 1920 | N6: =M6/L6 -> 120 | O6: =L6-I6 -> 0 | P6: =N6-K6 -> -5 | Q6: =N6/K6 -> 0.96 | S6: 0.74930556 | T6: 0.79166667 | U6: =IF(S6=TIME(17,0,0),"",(S6-T5)*24*60) -> 6 | V6: =(T6-S6)*24*60 -> 61 | AE6: =M6-J6 -> -80 | AF6: =M6/J6 -> 0.96
A7: 新豐6線 | B7: 微波主食 | C7: 二配泰式綠咖哩雞 | E7: 50.67 | F7: 944 | G7: =E7*F7 -> 47832.48 | I7: 15 | J7: 2000 | K7: =J7/I7 -> 133.33333 | L7: 15 | M7: =F7/V7*60 -> 1953.1034 | N7: =M7/L7 -> 130.2069 | O7: =L7-I7 -> 0 | P7: =N7-K7 -> -3.1264368 | Q7: =N7/K7 -> 0.97655172 | S7: 0.79583333 | T7: 0.81597222 | U7: =IF(S7=TIME(17,0,0),"",(S7-T6)*24*60) -> 6 | V7: =(T7-S7)*24*60 -> 29 | AE7: =M7-J7 -> -46.896552 | AF7: =M7/J7 -> 0.97655172
A8: 新豐6線 | B8: 平均 | I8: 15.333333 | J8: 2000 | K8: =J8/I8 -> 130.43478 | L8: 15.333333 | M8: =AVERAGE(M5:M7) -> 1929.1477 | N8: =M8/L8 -> 125.81398 | O8: =L8-I8 -> 0 | P8: =N8-K8 -> -4.6208028 | Q8: =N8/K8 -> 0.96457385 | Y8: =SUM(Y5:Y7) -> 0 | Z8: =SUM(Z5:Z7) -> 0 | AC8: 3 | AD8: =SUM(AD5:AD7) -> 0 | AE8: =M8-J8 -> -70.85231 | AF8: =M8/J8 -> 0.96457385
A9: 新豐2線 | B9: 沙拉 | C9: 青醬優格雞肉握沙拉(113年) | E9: 39.62 | F9: 3077 | G9: =E9*F9 -> 121910.74 | I9: 19 | J9: 1500 | K9: =J9/I9 -> 78.947368 | L9: 19 | M9: =F9/V9*60 -> 1431.1628 | N9: =M9/L9 -> 75.324357 | O9: =L9-I9 -> 0 | P9: =N9-K9 -> -3.623011 | Q9: =N9/K9 -> 0.95410853 | R9: =Q11 -> 0.95317992 | S9: 0.083333333 | T9: 0.17291667 | V9: =(T9-S9)*24*60 -> 129 | W9: =T9 -> 0.17291667 | X9: =S10 -> 0.19027778 | AC9: 2 | AE9: =M9-J9 -> -68.837209 | AF9: =M9/J9 -> 0.95410853 | AG9: =AF11 -> 0.95317992
A10: 新豐2線 | B10: 沙拉 | C10: 青檸烤雞握沙拉(113年) | E10: 39.8 | F10: 4547 | G10: =E10*F10 -> 180970.6 | I10: 17 | J10: 1500 | K10: =J10/I10 -> 88.235294 | L10: 17 | M10: =F10/V10*60 -> 1428.377 | N10: =M10/L10 -> 84.022174 | O10: =L10-I10 -> 0 | P10: =N10-K10 -> -4.2131198 | Q10: =N10/K10 -> 0.95225131 | S10: 0.19027778 | T10: 0.32291667 | U10: =IF(S10=TIME(17,0,0),"",(S10-T9)*24*60) -> 25 | V10: =(T10-S10)*24*60 -> 191 | AE10: =M10-J10 -> -71.623037 | AF10: =M10/J10 -> 0.95225131
A11: 新豐2線 | B11: 平均 | I11: 18 | J11: 1500 | K11: =J11/I11 -> 83.333333 | L11: 18 | M11: =AVERAGE(M9:M10) -> 1429.7699 | N11: =M11/L11 -> 79.43166 | O11: =L11-I11 -> 0 | P11: =N11-K11 -> -3.9016735 | Q11: =N11/K11 -> 0.95317992 | Y11: =SUM(Y9:Y10) -> 0 | Z11: =SUM(Z9:Z10) -> 0 | AC11: 2 | AD11: =SUM(AD9:AD10) -> 0 | AE11: =M11-J11 -> -70.230123 | AF11: =M11/J11 -> 0.95317992
A12: 新豐5線 | B12: 季節調理麵 | C12: 台式麻醬涼麵(115年) | E12: 31.11 | F12: 2032 | G12: =E12*F12 -> 63215.52 | I12: 14 | J12: 2000 | K12: =J12/I12 -> 142.85714 | L12: 14 | M12: =F12/V12*60 -> 1905 | N12: =M12/L12 -> 136.07143 | O12: =L12-I12 -> 0 | P12: =N12-K12 -> -6.7857143 | Q12: =N12/K12 -> 0.9525 | R12: =Q18 -> 0.96464364 | S12: 0.20833333 | T12: 0.25277778 | V12: =(T12-S12)*24*60 -> 64 | AC12: 6 | AE12: =M12-J12 -> -95 | AF12: =M12/J12 -> 0.9525 | AG12: =AF18 -> 0.96464364
A13: 新豐5線 | B13: 小吃 | C13: 剝皮辣椒雞湯 | E13: 41 | F13: 1169 | G13: =E13*F13 -> 47929 | I13: 26 | J13: 1500 | K13: =J13/I13 -> 57.692308 | L13: 26 | M13: =F13/V13*60 -> 1431.4286 | N13: =M13/L13 -> 55.054945 | O13: =L13-I13 -> 0 | P13: =N13-K13 -> -2.6373626 | Q13: =N13/K13 -> 0.95428571 | S13: 0.25763889 | T13: 0.29166667 | U13: =IF(S13=TIME(17,0,0),"",(S13-T12)*24*60) -> 7 | V13: =(T13-S13)*24*60 -> 49 | AE13: =M13-J13 -> -68.571429 | AF13: =M13/J13 -> 0.95428571
A14: 新豐5線 | B14: 沙拉 | C14: 厚蛋時蔬握沙拉 | E14: 39.46 | F14: 1571 | G14: =E14*F14 -> 61991.66 | I14: 15 | J14: 1500 | K14: =J14/I14 -> 100 | L14: 15 | M14: =F14/V14*60 -> 1450.1538 | N14: =M14/L14 -> 96.676923 | O14: =L14-I14 -> 0 | P14: =N14-K14 -> -3.3230769 | Q14: =N14/K14 -> 0.96676923 | S14: 0.29652778 | T14: 0.34166667 | U14: =IF(S14=TIME(17,0,0),"",(S14-T13)*24*60) -> 7 | V14: =(T14-S14)*24*60 -> 65 | AE14: =M14-J14 -> -49.846154 | AF14: =M14/J14 -> 0.96676923
A15: 新豐5線 | B15: 微波主食 | C15: 二配打拋風味豬肉飯 | E15: 51.06 | F15: 2072 | G15: =E15*F15 -> 105796.32 | I15: 13 | J15: 2000 | K15: =J15/I15 -> 153.84615 | L15: 13 | M15: =F15/V15*60 -> 1912.6154 | N15: =M15/L15 -> 147.12426 | O15: =L15-I15 -> 0 | P15: =N15-K15 -> -6.7218935 | Q15: =N15/K15 -> 0.95630769 | S15: 0.70833333 | T15: 0.75347222 | U15: =IF(S15=TIME(17,0,0),"",(S15-T14)*24*60) | V15: =(T15-S15)*24*60 -> 65 | AE15: =M15-J15 -> -87.384615 | AF15: =M15/J15 -> 0.95630769
A16: 新豐5線 | B16: 微波主食 | C16: 二配厚香料優格咖哩雞排飯 | E16: 56.43 | F16: 851 | G16: =E16*F16 -> 48021.93 | I16: 13 | J16: 2000 | K16: =J16/I16 -> 153.84615 | L16: 13 | M16: =F16/V16*60 -> 1963.8462 | N16: =M16/L16 -> 151.06509 | O16: =L16-I16 -> 0 | P16: =N16-K16 -> -2.7810651 | Q16: =N16/K16 -> 0.98192308 | S16: 0.75902778 | T16: 0.77708333 | U16: =IF(S16=TIME(17,0,0),"",(S16-T15)*24*60) -> 8 | V16: =(T16-S16)*24*60 -> 26 | AE16: =M16-J16 -> -36.153846 | AF16: =M16/J16 -> 0.98192308
A17: 新豐5線 | B17: 微波主食 | C17: 二配玉米濃湯焗烤飯 | E17: 54.5 | F17: 513 | G17: =E17*F17 -> 27958.5 | I17: 19 | J17: 1500 | K17: =J17/I17 -> 78.947368 | L17: 19 | M17: =F17/V17*60 -> 1465.7143 | N17: =M17/L17 -> 77.142857 | O17: =L17-I17 -> 0 | P17: =N17-K17 -> -1.8045113 | Q17: =N17/K17 -> 0.97714286 | S17: 0.78055556 | T17: 0.79513889 | U17: =IF(S17=TIME(17,0,0),"",(S17-T16)*24*60) -> 5 | V17: =(T17-S17)*24*60 -> 21 | AE17: =M17-J17 -> -34.285714 | AF17: =M17/J17 -> 0.97714286
A18: 新豐5線 | B18: 平均 | I18: 16.666667 | J18: 1750 | K18: =J18/I18 -> 105 | L18: 16.666667 | M18: =AVERAGE(M12:M17) -> 1688.1264 | N18: =M18/L18 -> 101.28758 | O18: =L18-I18 -> 0 | P18: =N18-K18 -> -3.7124176 | Q18: =N18/K18 -> 0.96464364 | Y18: =SUM(Y12:Y17) -> 0 | Z18: =SUM(Z12:Z17) -> 0 | AC18: 6 | AD18: =SUM(AD12:AD17) -> 0 | AE18: =M18-J18 -> -61.873626 | AF18: =M18/J18 -> 0.96464364
A19: 新豐7線 | B19: 微波主食 | C19: 韓式泡菜豬肉豆腐丼飯 | E19: 50.67 | F19: 1088 | G19: =E19*F19 -> 55128.96 | I19: 17 | J19: 2000 | K19: =J19/I19 -> 117.64706 | L19: 17 | M19: =F19/V19*60 -> 1920 | N19: =M19/L19 -> 112.94118 | O19: =L19-I19 -> 0 | P19: =N19-K19 -> -4.7058824 | Q19: =N19/K19 -> 0.96 | R19: =Q25 -> 0.95856453 | S19: 0.25 | T19: 0.27361111 | V19: =(T19-S19)*24*60 -> 34 | AC19: 6 | AE19: =M19-J19 -> -80 | AF19: =M19/J19 -> 0.96 | AG19: =AF25 -> 0.95856453
A20: 新豐7線 | B20: 微波主食 | C20: 鐵板滑蛋炸豬排丼 | E20: 57.73 | F20: 1910 | G20: =E20*F20 -> 110264.3 | I20: 14 | J20: 2000 | K20: =J20/I20 -> 142.85714 | L20: 14 | M20: =F20/V20*60 -> 1910 | N20: =M20/L20 -> 136.42857 | O20: =L20-I20 -> 0 | P20: =N20-K20 -> -6.4285714 | Q20: =N20/K20 -> 0.955 | S20: 0.27708333 | T20: 0.31875 | U20: =IF(S20=TIME(17,0,0),"",(S20-T19)*24*60) -> 5 | V20: =(T20-S20)*24*60 -> 60 | AE20: =M20-J20 -> -90 | AF20: =M20/J20 -> 0.955
A21: 新豐7線 | B21: 微波主食 | C21: 日式炙烤親子丼 | E21: 53.27 | F21: 1111 | G21: =E21*F21 -> 59182.97 | I21: 16 | J21: 2000 | K21: =J21/I21 -> 125 | L21: 16 | M21: =F21/V21*60 -> 1904.5714 | N21: =M21/L21 -> 119.03571 | O21: =L21-I21 -> 0 | P21: =N21-K21 -> -5.9642857 | Q21: =N21/K21 -> 0.95228571 | S21: 0.32222222 | T21: 0.34652778 | U21: =IF(S21=TIME(17,0,0),"",(S21-T20)*24*60) -> 5 | V21: =(T21-S21)*24*60 -> 35 | AE21: =M21-J21 -> -95.428571 | AF21: =M21/J21 -> 0.95228571
A22: 新豐7線 | B22: 微波主食 | C22: 二配川味麻婆燒豆腐燴飯 | E22: 50.49 | F22: 1438 | G22: =E22*F22 -> 72604.62 | I22: 15 | J22: 2000 | K22: =J22/I22 -> 133.33333 | L22: 15 | M22: =F22/V22*60 -> 1917.3333 | N22: =M22/L22 -> 127.82222 | O22: =L22-I22 -> 0 | P22: =N22-K22 -> -5.5111111 | Q22: =N22/K22 -> 0.95866667 | S22: 0.70833333 | T22: 0.73958333 | U22: =IF(S22=TIME(17,0,0),"",(S22-T21)*24*60) | V22: =(T22-S22)*24*60 -> 45 | AE22: =M22-J22 -> -82.666667 | AF22: =M22/J22 -> 0.95866667
A23: 新豐7線 | B23: 微波主食 | C23: 二配美味蟹煲 | E23: 54.09 | F23: 1544 | G23: =E23*F23 -> 83514.96 | I23: 18 | J23: 2000 | K23: =J23/I23 -> 111.11111 | L23: 18 | M23: =F23/V23*60 -> 1930 | N23: =M23/L23 -> 107.22222 | O23: =L23-I23 -> 0 | P23: =N23-K23 -> -3.8888889 | Q23: =N23/K23 -> 0.965 | S23: 0.74513889 | T23: 0.77847222 | U23: =IF(S23=TIME(17,0,0),"",(S23-T22)*24*60) -> 8 | V23: =(T23-S23)*24*60 -> 48 | AE23: =M23-J23 -> -70 | AF23: =M23/J23 -> 0.965
A24: 新豐7線 | B24: 微波主食 | C24: 二配港式滑蛋牛肉燴飯 | E24: 50.67 | F24: 2209 | G24: =E24*F24 -> 111930.03 | I24: 15 | J24: 2000 | K24: =J24/I24 -> 133.33333 | L24: 15 | M24: =F24/V24*60 -> 1920.8696 | N24: =M24/L24 -> 128.05797 | O24: =L24-I24 -> 0 | P24: =N24-K24 -> -5.2753623 | Q24: =N24/K24 -> 0.96043478 | S24: 0.78333333 | T24: 0.83125 | U24: =IF(S24=TIME(17,0,0),"",(S24-T23)*24*60) -> 7 | V24: =(T24-S24)*24*60 -> 69 | AE24: =M24-J24 -> -79.130435 | AF24: =M24/J24 -> 0.96043478
A25: 新豐7線 | B25: 平均 | I25: 15.833333 | J25: 2000 | K25: =J25/I25 -> 126.31579 | L25: 15.833333 | M25: =AVERAGE(M19:M24) -> 1917.1291 | N25: =M25/L25 -> 121.08184 | O25: =L25-I25 -> 0 | P25: =N25-K25 -> -5.2339545 | Q25: =N25/K25 -> 0.95856453 | Y25: =SUM(Y19:Y24) -> 0 | Z25: =SUM(Z19:Z24) -> 0 | AC25: 6 | AD25: =SUM(AD19:AD24) -> 0 | AE25: =M25-J25 -> -82.870945 | AF25: =M25/J25 -> 0.95856453
A26: 新豐8線 | B26: 三明治 | C26: 紐奧良風味烤雞鮮蔬三明治 | E26: 31.29 | F26: 6987 | G26: =E26*F26 -> 218623.23 | I26: 18 | J26: 2400 | K26: =J26/I26 -> 133.33333 | L26: 18 | M26: =F26/V26*60 -> 2290.8197 | N26: =M26/L26 -> 127.26776 | O26: =L26-I26 -> 0 | P26: =N26-K26 -> -6.0655738 | Q26: =N26/K26 -> 0.9545082 | R26: =Q31 -> 0.95290838 | S26: 0.083333333 | T26: 0.21041667 | V26: =(T26-S26)*24*60 -> 183 | W26: =T26 -> 0.21041667 | X26: =S27 -> 0.22916667 | AC26: 5 | AE26: =M26-J26 -> -109.18033 | AF26: =M26/J26 -> 0.9545082 | AG26: =AF31 -> 0.95290838
A27: 新豐8線 | B27: 三明治 | C27: 醬燒烤雞三明治(115年) | E27: 26.37 | F27: 4497 | G27: =E27*F27 -> 118585.89 | I27: 18 | J27: 2400 | K27: =J27/I27 -> 133.33333 | L27: 18 | M27: =F27/V27*60 -> 2286.6102 | N27: =M27/L27 -> 127.0339 | O27: =L27-I27 -> 0 | P27: =N27-K27 -> -6.299435 | Q27: =N27/K27 -> 0.95275424 | S27: 0.22916667 | T27: 0.31111111 | U27: =(S27-T26)*24*60 -> 27 | V27: =(T27-S27)*24*60 -> 118 | AE27: =M27-J27 -> -113.38983 | AF27: =M27/J27 -> 0.95275424
A28: 新豐8線 | B28: 三明治 | C28: 經典火腿玉米蛋三明治 | E28: 24.43 | F28: 5403 | G28: =E28*F28 -> 131995.29 | I28: 14 | J28: 2400 | K28: =J28/I28 -> 171.42857 | L28: 14 | M28: =F28/V28*60 -> 2282.9577 | N28: =M28/L28 -> 163.06841 | O28: =L28-I28 -> 0 | P28: =N28-K28 -> -8.360161 | Q28: =N28/K28 -> 0.95123239 | S28: 0.31597222 | T28: 0.41458333 | U28: =(S28-T27)*24*60 -> 7 | V28: =(T28-S28)*24*60 -> 142 | AE28: =M28-J28 -> -117.04225 | AF28: =M28/J28 -> 0.95123239
A29: 新豐8線 | B29: 三明治 | C29: 好多菜三明治 | E29: 25.98 | F29: 2935 | G29: =E29*F29 -> 76251.3 | I29: 19 | J29: 2400 | K29: =J29/I29 -> 126.31579 | L29: 19 | M29: =F29/V29*60 -> 2287.013 | N29: =M29/L29 -> 120.3691 | O29: =L29-I29 -> 0 | P29: =N29-K29 -> -5.9466849 | Q29: =N29/K29 -> 0.95292208 | S29: 0.41875 | T29: 0.47222222 | U29: =(S29-T28)*24*60 -> 6 | V29: =(T29-S29)*24*60 -> 77 | AE29: =M29-J29 -> -112.98701 | AF29: =M29/J29 -> 0.95292208
A30: 新豐8線 | B30: 三明治 | C30: 雙泰奶QQ三明治 | E30: 23.89 | F30: 305 | G30: =E30*F30 -> 7286.45 | I30: 13 | J30: 2400 | K30: =J30/I30 -> 184.61538 | L30: 13 | M30: =F30/V30*60 -> 2287.5 | N30: =M30/L30 -> 175.96154 | O30: =L30-I30 -> 0 | P30: =N30-K30 -> -8.6538462 | Q30: =N30/K30 -> 0.953125 | S30: 0.47777778 | T30: 0.48333333 | U30: =(S30-T29)*24*60 -> 8 | V30: =(T30-S30)*24*60 -> 8 | AE30: =M30-J30 -> -112.5 | AF30: =M30/J30 -> 0.953125
A31: 新豐8線 | B31: 平均 | I31: 16.4 | J31: 2400 | K31: =J31/I31 -> 146.34146 | L31: 16.4 | M31: =AVERAGE(M26:M30) -> 2286.9801 | N31: =M31/L31 -> 139.45001 | O31: =L31-I31 -> 0 | P31: =N31-K31 -> -6.8914564 | Q31: =N31/K31 -> 0.95290838 | Y31: =SUM(Y26:Y30) -> 0 | Z31: =SUM(Z26:Z30) -> 0 | AC31: 5 | AD31: =SUM(AD26:AD30) -> 0 | AE31: =M31-J31 -> -113.01988 | AF31: =M31/J31 -> 0.95290838
A32: 新豐9線 | B32: 三明治 | C32: 經典總匯三明治(115年) | E32: 26.18 | F32: 4328 | G32: =E32*F32 -> 113307.04 | I32: 20 | J32: 2400 | K32: =J32/I32 -> 120 | L32: 20 | M32: =F32/V32*60 -> 2298.0531 | N32: =M32/L32 -> 114.90265 | O32: =L32-I32 -> 0 | P32: =N32-K32 -> -5.0973451 | Q32: =N32/K32 -> 0.95752212 | R32: =Q37 -> 0.96181898 | S32: 0.083333333 | T32: 0.16180556 | V32: =(T32-S32)*24*60 -> 113 | W32: =T32 -> 0.16180556 | X32: =S33 -> 0.18333333 | AC32: 5 | AE32: =M32-J32 -> -101.9469 | AF32: =M32/J32 -> 0.95752212 | AG32: =AF37 -> 0.96181898
A33: 新豐9線 | B33: 三明治 | C33: 鮪魚起司溏心蛋三明治(115年) | E33: 26.18 | F33: 5588 | G33: =E33*F33 -> 146293.84 | I33: 18 | J33: 2400 | K33: =J33/I33 -> 133.33333 | L33: 18 | M33: =F33/V33*60 -> 2296.4384 | N33: =M33/L33 -> 127.57991 | O33: =L33-I33 -> 0 | P33: =N33-K33 -> -5.7534247 | Q33: =N33/K33 -> 0.95684932 | S33: 0.18333333 | T33: 0.28472222 | U33: =(S33-T32)*24*60 -> 31 | V33: =(T33-S33)*24*60 -> 146 | AE33: =M33-J33 -> -103.56164 | AF33: =M33/J33 -> 0.95684932
A34: 新豐9線 | B34: 三明治 | C34: 好多蛋三明治 | E34: 34.1 | F34: 4539 | G34: =E34*F34 -> 154779.9 | I34: 17 | J34: 1600 | K34: =J34/I34 -> 94.117647 | L34: 17 | M34: =F34/V34*60 -> 1521.4525 | N34: =M34/L34 -> 89.497207 | O34: =L34-I34 -> 0 | P34: =N34-K34 -> -4.6204404 | Q34: =N34/K34 -> 0.95090782 | S34: 0.28958333 | T34: 0.41388889 | U34: =(S34-T33)*24*60 -> 7 | V34: =(T34-S34)*24*60 -> 179 | AE34: =M34-J34 -> -78.547486 | AF34: =M34/J34 -> 0.95090782
A35: 新豐9線 | B35: 三明治 | C35: 金黃玉米蛋三明治 | E35: 24.25 | F35: 1102 | G35: =E35*F35 -> 26723.5 | I35: 16 | J35: 2400 | K35: =J35/I35 -> 150 | L35: 16 | M35: =F35/V35*60 -> 2361.4286 | N35: =M35/L35 -> 147.58929 | O35: =L35-I35 -> 0 | P35: =N35-K35 -> -2.4107143 | Q35: =N35/K35 -> 0.98392857 | S35: 0.41944444 | T35: 0.43888889 | U35: =(S35-T34)*24*60 -> 8 | V35: =(T35-S35)*24*60 -> 28 | AE35: =M35-J35 -> -38.571429 | AF35: =M35/J35 -> 0.98392857
A36: 新豐9線 | B36: 三明治 | C36: 雞蛋沙拉三明治(114年) | E36: 25.99 | F36: 2601 | G36: =E36*F36 -> 67599.99 | I36: 14 | J36: 2400 | K36: =J36/I36 -> 171.42857 | L36: 14 | M36: =F36/V36*60 -> 2295 | N36: =M36/L36 -> 163.92857 | O36: =L36-I36 -> 0 | P36: =N36-K36 -> -7.5 | Q36: =N36/K36 -> 0.95625 | S36: 0.44305556 | T36: 0.49027778 | U36: =(S36-T35)*24*60 -> 6 | V36: =(T36-S36)*24*60 -> 68 | AE36: =M36-J36 -> -105 | AF36: =M36/J36 -> 0.95625
A37: 新豐9線 | B37: 平均 | I37: 17 | J37: 2240 | K37: =J37/I37 -> 131.76471 | L37: 17 | M37: =AVERAGE(M32:M36) -> 2154.4745 | N37: =M37/L37 -> 126.73379 | O37: =L37-I37 -> 0 | P37: =N37-K37 -> -5.0309113 | Q37: =N37/K37 -> 0.96181898 | Y37: =SUM(Y32:Y36) -> 0 | Z37: =SUM(Z32:Z36) -> 0 | AC37: 5 | AD37: =SUM(AD32:AD36) -> 0 | AE37: =M37-J37 -> -85.525492 | AF37: =M37/J37 -> 0.96181898
A38: 新豐3線 | B38: 調理麵包 | C38: 豬肉起司堡 | E38: 21.13 | F38: 3730 | G38: =E38*F38 -> 78814.9 | I38: 10 | J38: 3000 | K38: =J38/I38 -> 300 | L38: 10 | M38: =F38/V38*60 -> 2869.2308 | N38: =M38/L38 -> 286.92308 | O38: =L38-I38 -> 0 | P38: =N38-K38 -> -13.076923 | Q38: =N38/K38 -> 0.95641026 | R38: =Q41 -> 0.95586813 | S38: 0.20833333 | T38: 0.2625 | V38: =(T38-S38)*24*60 -> 78 | AC38: 3 | AE38: =M38-J38 -> -130.76923 | AF38: =M38/J38 -> 0.95641026 | AG38: =AF41 -> 0.95586813
A39: 新豐3線 | B39: 調理麵包 | C39: 豬肉起司蛋堡 | E39: 27.17 | F39: 4298 | G39: =E39*F39 -> 116776.66 | I39: 10 | J39: 3000 | K39: =J39/I39 -> 300 | L39: 10 | M39: =F39/V39*60 -> 2865.3333 | N39: =M39/L39 -> 286.53333 | O39: =L39-I39 -> 0 | P39: =N39-K39 -> -13.466667 | Q39: =N39/K39 -> 0.95511111 | S39: 0.26597222 | T39: 0.32847222 | U39: =(S39-T38)*24*60 -> 5 | V39: =(T39-S39)*24*60 -> 90 | AE39: =M39-J39 -> -134.66667 | AF39: =M39/J39 -> 0.95511111
A40: 新豐3線 | B40: 調理麵包 | C40: 墨西哥辣醬熱狗堡 | E40: 37.88 | F40: 2008 | G40: =E40*F40 -> 76063.04 | I40: 13 | J40: 2000 | K40: =J40/I40 -> 153.84615 | L40: 13 | M40: =F40/V40*60 -> 1912.381 | N40: =M40/L40 -> 147.10623 | O40: =L40-I40 -> 0 | P40: =N40-K40 -> -6.7399267 | Q40: =N40/K40 -> 0.95619048 | S40: 0.33333333 | T40: 0.37708333 | U40: =(S40-T39)*24*60 -> 7 | V40: =(T40-S40)*24*60 -> 63 | AE40: =M40-J40 -> -87.619048 | AF40: =M40/J40 -> 0.95619048
A41: 新豐3線 | B41: 平均 | I41: 11 | J41: 2666.6667 | K41: =J41/I41 -> 242.42424 | L41: 11 | M41: =AVERAGE(M38:M40) -> 2548.9817 | N41: =M41/L41 -> 231.72561 | O41: =L41-I41 -> 0 | P41: =N41-K41 -> -10.698635 | Q41: =N41/K41 -> 0.95586813 | Y41: =SUM(Y38:Y40) -> 0 | Z41: =SUM(Z38:Z40) -> 0 | AC41: 3 | AD41: =SUM(AD38:AD40) -> 0 | AE41: =M41-J41 -> -117.68498 | AF41: =M41/J41 -> 0.95586813
A42: 新豐1線 | B42: 沙拉 | C42: 蔥鹽雞肉麵沙拉(114年) | E42: 46 | F42: 697 | G42: =E42*F42 -> 32062 | I42: 16 | J42: 2000 | K42: =J42/I42 -> 125 | L42: 16 | M42: =F42/V42*60 -> 1991.4286 | N42: =M42/L42 -> 124.46429 | O42: =L42-I42 -> 0 | P42: =N42-K42 -> -0.53571429 | Q42: =N42/K42 -> 0.99571429 | R42: =Q50 -> 0.97017905 | S42: 0.20833333 | T42: 0.22291667 | V42: =(T42-S42)*24*60 -> 21 | AC42: 8 | AE42: =M42-J42 -> -8.5714286 | AF42: =M42/J42 -> 0.99571429 | AG42: =AF50 -> 0.97017905
A43: 新豐1線 | B43: 沙拉 | C43: 莎莎烤雞麵沙拉(115年) | E43: 46 | F43: 811 | G43: =E43*F43 -> 37306 | I43: 17 | J43: 2000 | K43: =J43/I43 -> 117.64706 | L43: 17 | M43: =F43/V43*60 -> 1946.4 | N43: =M43/L43 -> 114.49412 | O43: =L43-I43 -> 0 | P43: =N43-K43 -> -3.1529412 | Q43: =N43/K43 -> 0.9732 | S43: 0.22638889 | T43: 0.24375 | U43: =IF(S43=TIME(17,0,0),"",(S43-T42)*24*60) -> 5 | V43: =(T43-S43)*24*60 -> 25 | AE43: =M43-J43 -> -53.6 | AF43: =M43/J43 -> 0.9732
A44: 新豐1線 | B44: 微波主食 | C44: 炙烤醬香燒豚飯 | E44: 51.44 | F44: 1075 | G44: =E44*F44 -> 55298 | I44: 25 | J44: 2000 | K44: =J44/I44 -> 80 | L44: 25 | M44: =F44/V44*60 -> 1954.5455 | N44: =M44/L44 -> 78.181818 | O44: =L44-I44 -> 0 | P44: =N44-K44 -> -1.8181818 | Q44: =N44/K44 -> 0.97727273 | S44: 0.24722222 | T44: 0.27013889 | U44: =IF(S44=TIME(17,0,0),"",(S44-T43)*24*60) -> 5 | V44: =(T44-S44)*24*60 -> 33 | AE44: =M44-J44 -> -45.454545 | AF44: =M44/J44 -> 0.97727273
A45: 新豐1線 | B45: 微波主食 | C45: 金沙醬牛豚雙饗飯 | E45: 56.43 | F45: 670 | G45: =E45*F45 -> 37808.1 | I45: 23 | J45: 2000 | K45: =J45/I45 -> 86.956522 | L45: 23 | M45: =F45/V45*60 -> 1914.2857 | N45: =M45/L45 -> 83.229814 | O45: =L45-I45 -> 0 | P45: =N45-K45 -> -3.7267081 | Q45: =N45/K45 -> 0.95714286 | S45: 0.27430556 | T45: 0.28888889 | U45: =IF(S45=TIME(17,0,0),"",(S45-T44)*24*60) -> 6 | V45: =(T45-S45)*24*60 -> 21 | AE45: =M45-J45 -> -85.714286 | AF45: =M45/J45 -> 0.95714286
A46: 新豐1線 | B46: 微波主食 | C46: 壹號醬泡菜鹽蔥雞豚雙拼 | E46: 56.43 | F46: 1203 | G46: =E46*F46 -> 67885.29 | I46: 21 | J46: 2000 | K46: =J46/I46 -> 95.238095 | L46: 21 | M46: =F46/V46*60 -> 1950.8108 | N46: =M46/L46 -> 92.895753 | O46: =L46-I46 -> 0 | P46: =N46-K46 -> -2.3423423 | Q46: =N46/K46 -> 0.97540541 | S46: 0.29444444 | T46: 0.32013889 | U46: =IF(S46=TIME(17,0,0),"",(S46-T45)*24*60) -> 8 | V46: =(T46-S46)*24*60 -> 37 | AE46: =M46-J46 -> -49.189189 | AF46: =M46/J46 -> 0.97540541
A47: 新豐1線 | B47: 微波主食 | C47: 二配香辣醬蒜味香腸蛋炒飯 | E47: 55.56 | F47: 1924 | G47: =E47*F47 -> 106897.44 | I47: 17 | J47: 2000 | K47: =J47/I47 -> 117.64706 | L47: 17 | M47: =F47/V47*60 -> 1924 | N47: =M47/L47 -> 113.17647 | O47: =L47-I47 -> 0 | P47: =N47-K47 -> -4.4705882 | Q47: =N47/K47 -> 0.962 | S47: 0.70833333 | T47: 0.75 | U47: =IF(S47=TIME(17,0,0),"",(S47-T46)*24*60) | V47: =(T47-S47)*24*60 -> 60 | AE47: =M47-J47 -> -76 | AF47: =M47/J47 -> 0.962
A48: 新豐1線 | B48: 微波主食 | C48: 二配排骨蛋炒飯 | E48: 58.17 | F48: 1255 | G48: =E48*F48 -> 73003.35 | I48: 13 | J48: 2000 | K48: =J48/I48 -> 153.84615 | L48: 13 | M48: =F48/V48*60 -> 1930.7692 | N48: =M48/L48 -> 148.52071 | O48: =L48-I48 -> 0 | P48: =N48-K48 -> -5.3254438 | Q48: =N48/K48 -> 0.96538462 | S48: 0.75347222 | T48: 0.78055556 | U48: =IF(S48=TIME(17,0,0),"",(S48-T47)*24*60) -> 5 | V48: =(T48-S48)*24*60 -> 39 | AE48: =M48-J48 -> -69.230769 | AF48: =M48/J48 -> 0.96538462
A49: 新豐1線 | B49: 微波主食 | C49: 二配叉燒蛋炒飯 | E49: 54.09 | F49: 1019 | G49: =E49*F49 -> 55117.71 | I49: 14 | J49: 2000 | K49: =J49/I49 -> 142.85714 | L49: 14 | M49: =F49/V49*60 -> 1910.625 | N49: =M49/L49 -> 136.47321 | O49: =L49-I49 -> 0 | P49: =N49-K49 -> -6.3839286 | Q49: =N49/K49 -> 0.9553125 | S49: 0.78402778 | T49: 0.80625 | U49: =IF(S49=TIME(17,0,0),"",(S49-T48)*24*60) -> 5 | V49: =(T49-S49)*24*60 -> 32 | AE49: =M49-J49 -> -89.375 | AF49: =M49/J49 -> 0.9553125
A50: 新豐1線 | B50: 平均 | I50: 18.25 | J50: 2000 | K50: =J50/I50 -> 109.58904 | L50: 18.25 | M50: =AVERAGE(M42:M49) -> 1940.3581 | N50: =M50/L50 -> 106.32099 | O50: =L50-I50 -> 0 | P50: =N50-K50 -> -3.2680494 | Q50: =N50/K50 -> 0.97017905 | Y50: =SUM(Y42:Y49) -> 0 | Z50: =SUM(Z42:Z49) -> 0 | AC50: 8 | AD50: =SUM(AD42:AD49) -> 0 | AE50: =M50-J50 -> -59.641902 | AF50: =M50/J50 -> 0.97017905
A51: 新豐10線 | B51: 調理麵包 | C51: 經典雙牛起司堡(113年) | E51: 35.12 | F51: 4051 | G51: =E51*F51 -> 142271.12 | I51: 10 | J51: 3000 | K51: =J51/I51 -> 300 | L51: 10 | M51: =F51/V51*60 -> 2859.5294 | N51: =M51/L51 -> 285.95294 | O51: =L51-I51 -> 0 | P51: =N51-K51 -> -14.047059 | Q51: =N51/K51 -> 0.95317647 | R51: =Q56 -> 0.95995943 | S51: 0.20833333 | T51: 0.26736111 | V51: =(T51-S51)*24*60 -> 85 | AC51: 5 | AE51: =M51-J51 -> -140.47059 | AF51: =M51/J51 -> 0.95317647 | AG51: =AF56 -> 0.95995943
A52: 新豐10線 | B52: 調理麵包 | C52: 香雞蛋堡(112年) | E52: 26.78 | F52: 1823 | G52: =E52*F52 -> 48819.94 | I52: 10 | J52: 3000 | K52: =J52/I52 -> 300 | L52: 10 | M52: =F52/V52*60 -> 2878.4211 | N52: =M52/L52 -> 287.84211 | O52: =L52-I52 -> 0 | P52: =N52-K52 -> -12.157895 | Q52: =N52/K52 -> 0.95947368 | S52: 0.27152778 | T52: 0.29791667 | U52: =(S52-T51)*24*60 -> 6 | V52: =(T52-S52)*24*60 -> 38 | AE52: =M52-J52 -> -121.57895 | AF52: =M52/J52 -> 0.95947368
A53: 新豐10線 | B53: 調理麵包 | C53: 超HOT雞腿堡 | E53: 35.87 | F53: 2224 | G53: =E53*F53 -> 79774.88 | I53: 10 | J53: 3000 | K53: =J53/I53 -> 300 | L53: 10 | M53: =F53/V53*60 -> 2900.8696 | N53: =M53/L53 -> 290.08696 | O53: =L53-I53 -> 0 | P53: =N53-K53 -> -9.9130435 | Q53: =N53/K53 -> 0.96695652 | S53: 0.30347222 | T53: 0.33541667 | U53: =(S53-T52)*24*60 -> 8 | V53: =(T53-S53)*24*60 -> 46 | AE53: =M53-J53 -> -99.130435 | AF53: =M53/J53 -> 0.96695652
A54: 新豐10線 | B54: 調理麵包 | C54: 美式雞腿堡 | E54: 35.87 | F54: 723 | G54: =E54*F54 -> 25934.01 | I54: 9 | J54: 3000 | K54: =J54/I54 -> 333.33333 | L54: 9 | M54: =F54/V54*60 -> 2892 | N54: =M54/L54 -> 321.33333 | O54: =L54-I54 -> 0 | P54: =N54-K54 -> -12 | Q54: =N54/K54 -> 0.964 | S54: 0.34097222 | T54: 0.35138889 | U54: =(S54-T53)*24*60 -> 8 | V54: =(T54-S54)*24*60 -> 15 | AE54: =M54-J54 -> -108 | AF54: =M54/J54 -> 0.964
A55: 新豐10線 | B55: 調理麵包 | C55: 益活雞力能量堡 | E55: 33.77 | F55: 3012 | G55: =E55*F55 -> 101715.24 | I55: 12 | J55: 3000 | K55: =J55/I55 -> 250 | L55: 12 | M55: =F55/V55*60 -> 2868.5714 | N55: =M55/L55 -> 239.04762 | O55: =L55-I55 -> 0 | P55: =N55-K55 -> -10.952381 | Q55: =N55/K55 -> 0.95619048 | S55: 0.35625 | T55: 0.4 | U55: =(S55-T54)*24*60 -> 7 | V55: =(T55-S55)*24*60 -> 63 | AE55: =M55-J55 -> -131.42857 | AF55: =M55/J55 -> 0.95619048
A56: 新豐10線 | B56: 平均 | I56: 10.2 | J56: 3000 | K56: =J56/I56 -> 294.11765 | L56: 10.2 | M56: =AVERAGE(M51:M55) -> 2879.8783 | N56: =M56/L56 -> 282.34101 | O56: =L56-I56 -> 0 | P56: =N56-K56 -> -11.776638 | Q56: =N56/K56 -> 0.95995943 | Y56: =SUM(Y51:Y55) -> 0 | Z56: =SUM(Z51:Z55) -> 0 | AC56: 5 | AD56: =SUM(AD51:AD55) -> 0 | AE56: =M56-J56 -> -120.12171 | AF56: =M56/J56 -> 0.95995943
A57: 新豐4線 | B57: 三明治 | C57: 火腿起司蛋三明治 | E57: 19.02 | F57: 8055 | G57: =E57*F57 -> 153206.1 | I57: 14 | J57: 2400 | K57: =J57/I57 -> 171.42857 | L57: 14 | M57: =F57/V57*60 -> 2290.5213 | N57: =M57/L57 -> 163.60867 | O57: =L57-I57 -> 0 | P57: =N57-K57 -> -7.8199052 | Q57: =N57/K57 -> 0.95438389 | R57: =Q64 -> 0.96541241 | S57: 0.083333333 | T57: 0.22986111 | V57: =(T57-S57)*24*60 -> 211 | W57: =T57 -> 0.22986111 | X57: =S58 -> 0.25 | AC57: 7 | AE57: =M57-J57 -> -109.47867 | AF57: =M57/J57 -> 0.95438389 | AG57: =AF64 -> 0.96541241
A58: 新豐4線 | B58: 三明治 | C58: 肉鬆火腿三明治(115年) | E58: 20.36 | F58: 2851 | G58: =E58*F58 -> 58046.36 | I58: 17 | J58: 2400 | K58: =J58/I58 -> 141.17647 | L58: 17 | M58: =F58/V58*60 -> 2311.6216 | N58: =M58/L58 -> 135.97774 | O58: =L58-I58 -> 0 | P58: =N58-K58 -> -5.1987281 | Q58: =N58/K58 -> 0.96317568 | S58: 0.25 | T58: 0.30138889 | U58: =(S58-T57)*24*60 -> 29 | V58: =(T58-S58)*24*60 -> 74 | AE58: =M58-J58 -> -88.378378 | AF58: =M58/J58 -> 0.96317568
A59: 新豐4線 | B59: 三明治 | C59: 紅豆黑糖麻糬三明治 | E59: 23.8 | F59: 2092 | G59: =E59*F59 -> 49789.6 | I59: 16 | J59: 2400 | K59: =J59/I59 -> 150 | L59: 16 | M59: =F59/V59*60 -> 2324.4444 | N59: =M59/L59 -> 145.27778 | O59: =L59-I59 -> 0 | P59: =N59-K59 -> -4.7222222 | Q59: =N59/K59 -> 0.96851852 | S59: 0.30694444 | T59: 0.34444444 | U59: =(S59-T58)*24*60 -> 8 | V59: =(T59-S59)*24*60 -> 54 | AE59: =M59-J59 -> -75.555556 | AF59: =M59/J59 -> 0.96851852
A60: 新豐4線 | B60: 三明治 | C60: 茄汁厚起司三明治 | E60: 25.99 | F60: 781 | G60: =E60*F60 -> 20298.19 | I60: 18 | J60: 2400 | K60: =J60/I60 -> 133.33333 | L60: 18 | M60: =F60/V60*60 -> 2343 | N60: =M60/L60 -> 130.16667 | O60: =L60-I60 -> 0 | P60: =N60-K60 -> -3.1666667 | Q60: =N60/K60 -> 0.97625 | S60: 0.35 | T60: 0.36388889 | U60: =(S60-T59)*24*60 -> 8 | V60: =(T60-S60)*24*60 -> 20 | AE60: =M60-J60 -> -57 | AF60: =M60/J60 -> 0.97625
A61: 新豐4線 | B61: 三明治 | C61: 水果聖代三明治 | E61: 28.29 | F61: 1905 | G61: =E61*F61 -> 53892.45 | I61: 19 | J61: 2400 | K61: =J61/I61 -> 126.31579 | L61: 19 | M61: =F61/V61*60 -> 2286 | N61: =M61/L61 -> 120.31579 | O61: =L61-I61 -> 0 | P61: =N61-K61 -> -6 | Q61: =N61/K61 -> 0.9525 | S61: 0.36875 | T61: 0.40347222 | U61: =(S61-T60)*24*60 -> 7 | V61: =(T61-S61)*24*60 -> 50 | AE61: =M61-J61 -> -114 | AF61: =M61/J61 -> 0.9525
A62: 新豐4線 | B62: 三明治 | C62: 起司芋見肉鬆三明治 | E62: 25.98 | F62: 1217 | G62: =E62*F62 -> 31617.66 | I62: 17 | J62: 2400 | K62: =J62/I62 -> 141.17647 | L62: 17 | M62: =F62/V62*60 -> 2355.4839 | N62: =M62/L62 -> 138.55787 | O62: =L62-I62 -> 0 | P62: =N62-K62 -> -2.6185958 | Q62: =N62/K62 -> 0.98145161 | S62: 0.40694444 | T62: 0.42847222 | U62: =(S62-T61)*24*60 -> 5 | V62: =(T62-S62)*24*60 -> 31 | AE62: =M62-J62 -> -44.516129 | AF62: =M62/J62 -> 0.98145161
A63: 新豐4線 | B63: 三明治 | C63: 巧克力肉鬆三明治 | E63: 23.89 | F63: 2154 | G63: =E63*F63 -> 51459.06 | I63: 17 | J63: 2400 | K63: =J63/I63 -> 141.17647 | L63: 17 | M63: =F63/V63*60 -> 2307.8571 | N63: =M63/L63 -> 135.7563 | O63: =L63-I63 -> 0 | P63: =N63-K63 -> -5.4201681 | Q63: =N63/K63 -> 0.96160714 | S63: 0.43194444 | T63: 0.47083333 | U63: =(S63-T62)*24*60 -> 5 | V63: =(T63-S63)*24*60 -> 56 | AE63: =M63-J63 -> -92.142857 | AF63: =M63/J63 -> 0.96160714
A64: 新豐4線 | B64: 平均 | I64: 16.857143 | J64: 2400 | K64: =J64/I64 -> 142.37288 | L64: 16.857143 | M64: =AVERAGE(M57:M63) -> 2316.9898 | N64: =M64/L64 -> 137.44855 | O64: =L64-I64 -> 0 | P64: =N64-K64 -> -4.9243355 | Q64: =N64/K64 -> 0.96541241 | Y64: =SUM(Y57:Y63) -> 0 | Z64: =SUM(Z57:Z63) -> 0 | AC64: 7 | AD64: =SUM(AD57:AD63) -> 0 | AE64: =M64-J64 -> -83.010228 | AF64: =M64/J64 -> 0.96541241

Sheet 0925
B1: 屏榮 新豐廠組合室生產人時性分析
B3: 日期 | C3: =TEXT('0925 4度C'!A2,"yyyy.mm.ddaaaa") -> 2026.09.25星期五 | E3: 訂單量 | F3: ='0925 4度C'!D1 -> 117707 | H3: 營業額 | I3: ='0925 4度C'!F1 -> 3981502
B4: 人時性 | C4: 項目 | E4: ➀ | G4: ➁ | I4: ➂ | K4: 異常停線 | M4: 短暫停線
C5: 組合室 | E5: 全溫層 | G5: 4度C-各編組展開 | I5: ③三明治-各編組展開 | K5: 合計次數 | L5: 時間 | M5: 合計次數 | N5: 設備次數
C6: 排關平均 | E6: =AVERAGE(D13:M13) -> 151.16939 | F6: =AVERAGE(D31:O31,D13:J13) -> 155.88783 | G6: =AVERAGE(D13:J13) -> 155.88783 | I6: =AVERAGE(K13:M13) -> 140.15968 | K6: ='0925 4度C'!Y2 -> 0 | L6: ='0925 4度C'!Z2 -> 0 | M6: ='0925 4度C'!AC2 -> 50 | N6: ='0925 4度C'!AD2 -> 0
C7: 實績平均 | E7: =AVERAGE(D14:M14) -> 145.09617 | F7: =AVERAGE(D32:O32,D14:J14) -> 149.8444 | G7: =AVERAGE(D14:J14) -> 149.8444 | I7: =AVERAGE(K14:M14) -> 134.01698
C8: 達成率平均 | E8: =AVERAGE(D15:M15) -> 0.96031362 | F8: =AVERAGE(D15:J15,D33:O33) -> 0.96211523 | G8: =AVERAGE(D15:J15) -> 0.96211523 | I8: =AVERAGE(K15:M15) -> 0.95610987
K9: ※現行日本鮮食廠以達成率80%為基本(即為現行KPI)
B10: 溫層 | D10: ➁4度C-各編組展開 | K10: ③三明治-各編組展開
B11: 編組 | D11: 1 | E11: 2 | F11: 3 | G11: 4 | H11: 5 | I11: 6 | J11: 7 | K11: 1 | L11: 2 | M11: 3
D12: 新豐6線 | E12: 新豐2線 | F12: 新豐5線 | G12: 新豐7線 | H12: 新豐3線 | I12: 新豐1線 | J12: 新豐10線 | K12: 新豐8線 | L12: 新豐9線 | M12: 新豐4線
B13: 人時性 | C13: 排關 | D13: =SUMIFS('0925 4度C'!$K:$K,'0925 4度C'!$A:$A,"新豐6線",'0925 4度C'!$B:$B,"平均") -> 130.43478 | E13: =SUMIFS('0925 4度C'!$K:$K,'0925 4度C'!$A:$A,"新豐2線",'0925 4度C'!$B:$B,"平均") -> 83.333333 | F13: =SUMIFS('0925 4度C'!$K:$K,'0925 4度C'!$A:$A,"新豐5線",'0925 4度C'!$B:$B,"平均") -> 105 | G13: =SUMIFS('0925 4度C'!$K:$K,'0925 4度C'!$A:$A,"新豐7線",'0925 4度C'!$B:$B,"平均") -> 126.31579 | H13: =SUMIFS('0925 4度C'!$K:$K,'0925 4度C'!$A:$A,"新豐3線",'0925 4度C'!$B:$B,"平均") -> 242.42424 | I13: =SUMIFS('0925 4度C'!$K:$K,'0925 4度C'!$A:$A,"新豐1線",'0925 4度C'!$B:$B,"平均") -> 109.58904 | J13: =SUMIFS('0925 4度C'!$K:$K,'0925 4度C'!$A:$A,"新豐10線",'0925 4度C'!$B:$B,"平均") -> 294.11765 | K13: =SUMIFS('0925 4度C'!$K:$K,'0925 4度C'!$A:$A,"新豐8線",'0925 4度C'!$B:$B,"平均") -> 146.34146 | L13: =SUMIFS('0925 4度C'!$K:$K,'0925 4度C'!$A:$A,"新豐9線",'0925 4度C'!$B:$B,"平均") -> 131.76471 | M13: =SUMIFS('0925 4度C'!$K:$K,'0925 4度C'!$A:$A,"新豐4線",'0925 4度C'!$B:$B,"平均") -> 142.37288
C14: 實績 | D14: =SUMIFS('0925 4度C'!$N:$N,'0925 4度C'!$A:$A,"新豐6線",'0925 4度C'!$B:$B,"平均") -> 126.30667 | E14: =SUMIFS('0925 4度C'!$N:$N,'0925 4度C'!$A:$A,"新豐2線",'0925 4度C'!$B:$B,"平均") -> 79.720163 | F14: =SUMIFS('0925 4度C'!$N:$N,'0925 4度C'!$A:$A,"新豐5線",'0925 4度C'!$B:$B,"平均") -> 101.34272 | G14: =SUMIFS('0925 4度C'!$N:$N,'0925 4度C'!$A:$A,"新豐7線",'0925 4度C'!$B:$B,"平均") -> 121.11938 | H14: =SUMIFS('0925 4度C'!$N:$N,'0925 4度C'!$A:$A,"新豐3線",'0925 4度C'!$B:$B,"平均") -> 231.81464 | I14: =SUMIFS('0925 4度C'!$N:$N,'0925 4度C'!$A:$A,"新豐1線",'0925 4度C'!$B:$B,"平均") -> 106.25032 | J14: =SUMIFS('0925 4度C'!$N:$N,'0925 4度C'!$A:$A,"新豐10線",'0925 4度C'!$B:$B,"平均") -> 282.35689 | K14: =SUMIFS('0925 4度C'!$N:$N,'0925 4度C'!$A:$A,"新豐8線",'0925 4度C'!$B:$B,"平均") -> 139.87816 | L14: =SUMIFS('0925 4度C'!$N:$N,'0925 4度C'!$A:$A,"新豐9線",'0925 4度C'!$B:$B,"平均") -> 125.63544 | M14: =SUMIFS('0925 4度C'!$N:$N,'0925 4度C'!$A:$A,"新豐4線",'0925 4度C'!$B:$B,"平均") -> 136.53734
C15: 達成率 | D15: =D14/D13 -> 0.96835114 | E15: =E14/E13 -> 0.95664196 | F15: =F14/F13 -> 0.96516879 | G15: =G14/G13 -> 0.95886172 | H15: =H14/H13 -> 0.95623537 | I15: =I14/I13 -> 0.96953416 | J15: =J14/J13 -> 0.96001343 | K15: =K14/K13 -> 0.9558341 | ... M15: =M14/M13 -> 0.95901226
B16: 作業 時間 | C16: 開始 | D16: =VLOOKUP("新豐6線",'0925 4度C'!$A:$T,19,0) -> 0.70833333 | E16: =VLOOKUP("新豐2線",'0925 4度C'!$A:$T,19,0) -> 0.083333333 | F16: =VLOOKUP("新豐5線",'0925 4度C'!$A:$T,19,0) -> 0.20833333 | G16: =VLOOKUP("新豐7線",'0925 4度C'!$A:$T,19,0) -> 0.25 | H16: =VLOOKUP("新豐3線",'0925 4度C'!$A:$T,19,0) -> 0.20833333 | I16: =VLOOKUP("新豐1線",'0925 4度C'!$A:$T,19,0) -> 0.20833333 | J16: =VLOOKUP("新豐10線",'0925 4度C'!$A:$T,19,0) -> 0.20833333 | K16: =VLOOKUP("新豐8線",'0925 4度C'!$A:$T,19,0) -> 0.083333333 | L16: =VLOOKUP("新豐9線",'0925 4度C'!$A:$T,19,0) -> 0.083333333 | M16: =VLOOKUP("新豐4線",'0925 4度C'!$A:$T,19,0) -> 0.083333333
C17: 結束 | D17: =LOOKUP(2,1/(('0925 4度C'!$A:$A="新豐6線")*('0925 4度C'!$T:$T<>"")),'0925 4度C'!$T:$T) -> 0.80555556 | E17: =LOOKUP(2,1/(('0925 4度C'!$A:$A="新豐2線")*('0925 4度C'!$T:$T<>"")),'0925 4度C'!$T:$T) -> 0.33611111 | F17: =LOOKUP(2,1/(('0925 4度C'!$A:$A="新豐5線")*('0925 4度C'!$T:$T<>"")),'0925 4度C'!$T:$T) -> 0.79097222 | G17: =LOOKUP(2,1/(('0925 4度C'!$A:$A="新豐7線")*('0925 4度C'!$T:$T<>"")),'0925 4度C'!$T:$T) -> 0.81875 | H17: =LOOKUP(2,1/(('0925 4度C'!$A:$A="新豐3線")*('0925 4度C'!$T:$T<>"")),'0925 4度C'!$T:$T) -> 0.42013889 | I17: =LOOKUP(2,1/(('0925 4度C'!$A:$A="新豐1線")*('0925 4度C'!$T:$T<>"")),'0925 4度C'!$T:$T) -> 0.79930556 | J17: =LOOKUP(2,1/(('0925 4度C'!$A:$A="新豐10線")*('0925 4度C'!$T:$T<>"")),'0925 4度C'!$T:$T) -> 0.38472222 | K17: =LOOKUP(2,1/(('0925 4度C'!$A:$A="新豐8線")*('0925 4度C'!$T:$T<>"")),'0925 4度C'!$T:$T) -> 0.48402778 | L17: =LOOKUP(2,1/(('0925 4度C'!$A:$A="新豐9線")*('0925 4度C'!$T:$T<>"")),'0925 4度C'!$T:$T) -> 0.48611111 | M17: =LOOKUP(2,1/(('0925 4度C'!$A:$A="新豐4線")*('0925 4度C'!$T:$T<>"")),'0925 4度C'!$T:$T) -> 0.46736111
B18: 產線異常 (5分鐘以上) | C18: 次數 | D18: =SUMIFS('0925 4度C'!$Y:$Y,'0925 4度C'!$A:$A,"新豐6線",'0925 4度C'!$B:$B,"平均") -> 0 | E18: =SUMIFS('0925 4度C'!$Y:$Y,'0925 4度C'!$A:$A,"新豐2線",'0925 4度C'!$B:$B,"平均") -> 0 | F18: =SUMIFS('0925 4度C'!$Y:$Y,'0925 4度C'!$A:$A,"新豐5線",'0925 4度C'!$B:$B,"平均") -> 0 | G18: =SUMIFS('0925 4度C'!$Y:$Y,'0925 4度C'!$A:$A,"新豐7線",'0925 4度C'!$B:$B,"平均") -> 0 | H18: =SUMIFS('0925 4度C'!$Y:$Y,'0925 4度C'!$A:$A,"新豐3線",'0925 4度C'!$B:$B,"平均") -> 0 | I18: =SUMIFS('0925 4度C'!$Y:$Y,'0925 4度C'!$A:$A,"新豐1線",'0925 4度C'!$B:$B,"平均") -> 0 | J18: =SUMIFS('0925 4度C'!$Y:$Y,'0925 4度C'!$A:$A,"新豐10線",'0925 4度C'!$B:$B,"平均") -> 0 | K18: =SUMIFS('0925 4度C'!$Y:$Y,'0925 4度C'!$A:$A,"新豐8線",'0925 4度C'!$B:$B,"平均") -> 0 | L18: =SUMIFS('0925 4度C'!$Y:$Y,'0925 4度C'!$A:$A,"新豐9線",'0925 4度C'!$B:$B,"平均") -> 0 | M18: =SUMIFS('0925 4度C'!$Y:$Y,'0925 4度C'!$A:$A,"新豐4線",'0925 4度C'!$B:$B,"平均") -> 0
C19: 時間/分 | D19: =SUMIFS('0925 4度C'!$Z:$Z,'0925 4度C'!$A:$A,"新豐6線",'0925 4度C'!$B:$B,"平均") -> 0 | E19: =SUMIFS('0925 4度C'!$Z:$Z,'0925 4度C'!$A:$A,"新豐2線",'0925 4度C'!$B:$B,"平均") -> 0 | F19: =SUMIFS('0925 4度C'!$Z:$Z,'0925 4度C'!$A:$A,"新豐5線",'0925 4度C'!$B:$B,"平均") -> 0 | G19: =SUMIFS('0925 4度C'!$Z:$Z,'0925 4度C'!$A:$A,"新豐7線",'0925 4度C'!$B:$B,"平均") -> 0 | H19: =SUMIFS('0925 4度C'!$Z:$Z,'0925 4度C'!$A:$A,"新豐3線",'0925 4度C'!$B:$B,"平均") -> 0 | I19: =SUMIFS('0925 4度C'!$Z:$Z,'0925 4度C'!$A:$A,"新豐1線",'0925 4度C'!$B:$B,"平均") -> 0 | J19: =SUMIFS('0925 4度C'!$Z:$Z,'0925 4度C'!$A:$A,"新豐10線",'0925 4度C'!$B:$B,"平均") -> 0 | K19: =SUMIFS('0925 4度C'!$Z:$Z,'0925 4度C'!$A:$A,"新豐8線",'0925 4度C'!$B:$B,"平均") -> 0 | L19: =SUMIFS('0925 4度C'!$Z:$Z,'0925 4度C'!$A:$A,"新豐9線",'0925 4度C'!$B:$B,"平均") -> 0 | M19: =SUMIFS('0925 4度C'!$Z:$Z,'0925 4度C'!$A:$A,"新豐4線",'0925 4度C'!$B:$B,"平均") -> 0
B20: 短暫停線 (5分鐘以下) | C20: 次數 | D20: =SUMIFS('0925 4度C'!$AC:$AC,'0925 4度C'!$A:$A,"新豐6線",'0925 4度C'!$B:$B,"平均") -> 3 | E20: =SUMIFS('0925 4度C'!$AC:$AC,'0925 4度C'!$A:$A,"新豐2線",'0925 4度C'!$B:$B,"平均") -> 2 | F20: =SUMIFS('0925 4度C'!$AC:$AC,'0925 4度C'!$A:$A,"新豐5線",'0925 4度C'!$B:$B,"平均") -> 6 | G20: =SUMIFS('0925 4度C'!$AC:$AC,'0925 4度C'!$A:$A,"新豐7線",'0925 4度C'!$B:$B,"平均") -> 6 | H20: =SUMIFS('0925 4度C'!$AC:$AC,'0925 4度C'!$A:$A,"新豐3線",'0925 4度C'!$B:$B,"平均") -> 3 | I20: =SUMIFS('0925 4度C'!$AC:$AC,'0925 4度C'!$A:$A,"新豐1線",'0925 4度C'!$B:$B,"平均") -> 8 | J20: =SUMIFS('0925 4度C'!$AC:$AC,'0925 4度C'!$A:$A,"新豐10線",'0925 4度C'!$B:$B,"平均") -> 5 | K20: =SUMIFS('0925 4度C'!$AC:$AC,'0925 4度C'!$A:$A,"新豐8線",'0925 4度C'!$B:$B,"平均") -> 5 | L20: =SUMIFS('0925 4度C'!$AC:$AC,'0925 4度C'!$A:$A,"新豐9線",'0925 4度C'!$B:$B,"平均") -> 5 | M20: =SUMIFS('0925 4度C'!$AC:$AC,'0925 4度C'!$A:$A,"新豐4線",'0925 4度C'!$B:$B,"平均") -> 7
C21: 設備次數 | D21: =SUMIFS('0925 4度C'!$AD:$AD,'0925 4度C'!$A:$A,"新豐6線",'0925 4度C'!$B:$B,"平均") -> 0 | E21: =SUMIFS('0925 4度C'!$AD:$AD,'0925 4度C'!$A:$A,"新豐2線",'0925 4度C'!$B:$B,"平均") -> 0 | F21: =SUMIFS('0925 4度C'!$AD:$AD,'0925 4度C'!$A:$A,"新豐5線",'0925 4度C'!$B:$B,"平均") -> 0 | G21: =SUMIFS('0925 4度C'!$AD:$AD,'0925 4度C'!$A:$A,"新豐7線",'0925 4度C'!$B:$B,"平均") -> 0 | H21: =SUMIFS('0925 4度C'!$AD:$AD,'0925 4度C'!$A:$A,"新豐3線",'0925 4度C'!$B:$B,"平均") -> 0 | I21: =SUMIFS('0925 4度C'!$AD:$AD,'0925 4度C'!$A:$A,"新豐1線",'0925 4度C'!$B:$B,"平均") -> 0 | J21: =SUMIFS('0925 4度C'!$AD:$AD,'0925 4度C'!$A:$A,"新豐10線",'0925 4度C'!$B:$B,"平均") -> 0 | K21: =SUMIFS('0925 4度C'!$AD:$AD,'0925 4度C'!$A:$A,"新豐8線",'0925 4度C'!$B:$B,"平均") -> 0 | L21: =SUMIFS('0925 4度C'!$AD:$AD,'0925 4度C'!$A:$A,"新豐9線",'0925 4度C'!$B:$B,"平均") -> 0 | M21: =SUMIFS('0925 4度C'!$AD:$AD,'0925 4度C'!$A:$A,"新豐4線",'0925 4度C'!$B:$B,"平均") -> 0
B22: 配置人數 | D22: =SUMIFS('0925 4度C'!$I:$I,'0925 4度C'!$A:$A,"新豐6線",'0925 4度C'!$B:$B,"平均") -> 15.333333 | E22: =SUMIFS('0925 4度C'!$I:$I,'0925 4度C'!$A:$A,"新豐2線",'0925 4度C'!$B:$B,"平均") -> 18 | F22: =SUMIFS('0925 4度C'!$I:$I,'0925 4度C'!$A:$A,"新豐5線",'0925 4度C'!$B:$B,"平均") -> 16.666667 | G22: =SUMIFS('0925 4度C'!$I:$I,'0925 4度C'!$A:$A,"新豐7線",'0925 4度C'!$B:$B,"平均") -> 15.833333 | H22: =SUMIFS('0925 4度C'!$I:$I,'0925 4度C'!$A:$A,"新豐3線",'0925 4度C'!$B:$B,"平均") -> 11 | I22: =SUMIFS('0925 4度C'!$I:$I,'0925 4度C'!$A:$A,"新豐1線",'0925 4度C'!$B:$B,"平均") -> 18.25 | J22: =SUMIFS('0925 4度C'!$I:$I,'0925 4度C'!$A:$A,"新豐10線",'0925 4度C'!$B:$B,"平均") -> 10.2 | K22: =SUMIFS('0925 4度C'!$I:$I,'0925 4度C'!$A:$A,"新豐8線",'0925 4度C'!$B:$B,"平均") -> 16.4 | L22: =SUMIFS('0925 4度C'!$I:$I,'0925 4度C'!$A:$A,"新豐9線",'0925 4度C'!$B:$B,"平均") -> 17 | M22: =SUMIFS('0925 4度C'!$I:$I,'0925 4度C'!$A:$A,"新豐4線",'0925 4度C'!$B:$B,"平均") -> 16.857143
B23: 主要應用設備 | D23: ET-55 | E23: 熱縮爐 | F23: L型包裝機 | G23: L型包裝機 | H23: 伺服包裝機 | I23: ET-55 | J23: 伺服包裝機 | K23: 三明治包裝機 | L23: 三明治包裝機 | M23: 三明治包裝機
B24: 次要應用設備 | F24: 圓盤機 | G24: ET-55
B25: 備註 | E25: 握沙拉 | F25: 共用L型包裝機 | H25: 調理麵包 | I25: 炒飯+沙拉 | J25: 調理麵包

Sheet 0925 4度C
A1: 新豐廠四度C日報分析 | C1: 總生產量 | D1: =SUM(F5:F64) -> 117707 | E1: 營業額 | F1: =SUM(G5:G64) -> 3981502 | G1: 出勤人數 | H1: =L8+L11+L41+L50+L18+L56+L31+L37+L25+L64 -> 155.54048 | I1: 產線配置圖 | L1: 生產實績 | O1: 人時性差異分析 | S1: 日報登錄 | Y1: 合計 次數 | Z1: 合計 時間/分 | AA1: 產線異常 分析說明(5分鐘以上) | AC1: 合計 次數 | AD1: 合計 設備次數 | AE1: 產能差異分析
A2: 46290 | B2: 星期五 | C2: 人時性 | D2: =AVERAGE(N8,N11,N41,N50,N18,N56,N25,N31,N37,N64) -> 145.09617 | E2: 平均廠價 | F2: =F1/D1 -> 33.825533 | G2: 多次生產數 | H2: =COUNT(H5:H64) -> 0 | Y2: =SUM(Y8+Y11+Y18+Y25+Y31+Y37+Y41+Y50+Y56+Y64) -> 0 | Z2: =SUM(Z8+Z11+Z18+Z25+Z31+Z37+Z41+Z50+Z56+Z64) -> 0 | AC2: 50 | AD2: =SUM(AD8+AD11+AD18+AD25+AD31+AD37+AD41+AD50+AD56+AD64) -> 0
A3: 線別 | B3: 品類 | C3: 品名 | E3: 廠價 | F3: 生產量 | G3: 營收 | H3: 多次 生產 | I3: 人數 | J3: 產能/時 | K3: 人時性 | L3: 人數 | M3: 產能/時 | N3: 人時性 | O3: 人數 | P3: 人時性 | Q3: 達成率 | R3: 達成率平均 | S3: 生產時間 | U3: 換線、休息/分 | V3: 稼動時間/分 | W3: 休息時間 | Y3: 產線異常統計 (5分鐘以上) | AA3: (新豐回填) | AC3: 短暫停線統計 (5分鐘以下) | AE3: 產能/時 | AF3: 達成率 | AG3: 達成率平均
S4: 開始 | T4: 結束 | W4: 開始 | X4: 結束 | Y4: 次數 | Z4: 時間/分 | AC4: 總次數 | AD4: 設備因素(次數)
A5: 新豐6線 | B5: 微波主食 | C5: 二配金咖哩果香甘口咖哩飯 | E5: 50.92 | F5: 1530 | G5: =E5*F5 -> 77907.6 | I5: 15 | J5: 2000 | K5: =J5/I5 -> 133.33333 | L5: 15 | M5: =F5/V5*60 -> 1912.5 | N5: =M5/L5 -> 127.5 | O5: =L5-I5 -> 0 | P5: =N5-K5 -> -5.8333333 | Q5: =N5/K5 -> 0.95625 | R5: =Q8 -> 0.96835114 | S5: 0.70833333 | T5: 0.74166667 | V5: =(T5-S5)*24*60 -> 48 | AC5: 3 | AE5: =M5-J5 -> -87.5 | AF5: =M5/J5 -> 0.95625 | AG5: =AF8 -> 0.96835114
A6: 新豐6線 | B6: 微波主食 | C6: 二配金咖哩濃厚辛口咖哩飯 | E6: 50.98 | F6: 1730 | G6: =E6*F6 -> 88195.4 | I6: 16 | J6: 2000 | K6: =J6/I6 -> 125 | L6: 16 | M6: =F6/V6*60 -> 1922.2222 | N6: =M6/L6 -> 120.13889 | O6: =L6-I6 -> 0 | P6: =N6-K6 -> -4.8611111 | Q6: =N6/K6 -> 0.96111111 | S6: 0.74513889 | T6: 0.78263889 | U6: =IF(S6=TIME(17,0,0),"",(S6-T5)*24*60) -> 5 | V6: =(T6-S6)*24*60 -> 54 | AE6: =M6-J6 -> -77.777778 | AF6: =M6/J6 -> 0.96111111
A7: 新豐6線 | B7: 微波主食 | C7: 二配泰式綠咖哩雞 | E7: 50.67 | F7: 856 | G7: =E7*F7 -> 43373.52 | I7: 15 | J7: 2000 | K7: =J7/I7 -> 133.33333 | L7: 15 | M7: =F7/V7*60 -> 1975.3846 | N7: =M7/L7 -> 131.69231 | O7: =L7-I7 -> 0 | P7: =N7-K7 -> -1.6410256 | Q7: =N7/K7 -> 0.98769231 | S7: 0.7875 | T7: 0.80555556 | U7: =IF(S7=TIME(17,0,0),"",(S7-T6)*24*60) -> 7 | V7: =(T7-S7)*24*60 -> 26 | AE7: =M7-J7 -> -24.615385 | AF7: =M7/J7 -> 0.98769231
A8: 新豐6線 | B8: 平均 | I8: 15.333333 | J8: 2000 | K8: =J8/I8 -> 130.43478 | L8: 15.333333 | M8: =AVERAGE(M5:M7) -> 1936.7023 | N8: =M8/L8 -> 126.30667 | O8: =L8-I8 -> 0 | P8: =N8-K8 -> -4.1281122 | Q8: =N8/K8 -> 0.96835114 | Y8: =SUM(Y5:Y7) -> 0 | Z8: =SUM(Z5:Z7) -> 0 | AC8: 3 | AD8: =SUM(AD5:AD7) -> 0 | AE8: =M8-J8 -> -63.297721 | AF8: =M8/J8 -> 0.96835114
A9: 新豐2線 | B9: 沙拉 | C9: 青醬優格雞肉握沙拉(113年) | E9: 39.62 | F9: 3326 | G9: =E9*F9 -> 131776.12 | I9: 19 | J9: 1500 | K9: =J9/I9 -> 78.947368 | L9: 19 | M9: =F9/V9*60 -> 1435.6835 | N9: =M9/L9 -> 75.562287 | O9: =L9-I9 -> 0 | P9: =N9-K9 -> -3.3850814 | Q9: =N9/K9 -> 0.9571223 | R9: =Q11 -> 0.95664196 | S9: 0.083333333 | T9: 0.17986111 | V9: =(T9-S9)*24*60 -> 139 | W9: =T9 -> 0.17986111 | X9: =S10 -> 0.19861111 | AC9: 2 | AE9: =M9-J9 -> -64.316547 | AF9: =M9/J9 -> 0.9571223 | AG9: =AF11 -> 0.95664196
A10: 新豐2線 | B10: 沙拉 | C10: 青檸烤雞握沙拉(113年) | E10: 39.8 | F10: 4733 | G10: =E10*F10 -> 188373.4 | I10: 17 | J10: 1500 | K10: =J10/I10 -> 88.235294 | L10: 17 | M10: =F10/V10*60 -> 1434.2424 | N10: =M10/L10 -> 84.367201 | O10: =L10-I10 -> 0 | P10: =N10-K10 -> -3.8680927 | Q10: =N10/K10 -> 0.95616162 | S10: 0.19861111 | T10: 0.33611111 | U10: =IF(S10=TIME(17,0,0),"",(S10-T9)*24*60) -> 27 | V10: =(T10-S10)*24*60 -> 198 | AE10: =M10-J10 -> -65.757576 | AF10: =M10/J10 -> 0.95616162
A11: 新豐2線 | B11: 平均 | I11: 18 | J11: 1500 | K11: =J11/I11 -> 83.333333 | L11: 18 | M11: =AVERAGE(M9:M10) -> 1434.9629 | N11: =M11/L11 -> 79.720163 | O11: =L11-I11 -> 0 | P11: =N11-K11 -> -3.6131701 | Q11: =N11/K11 -> 0.95664196 | Y11: =SUM(Y9:Y10) -> 0 | Z11: =SUM(Z9:Z10) -> 0 | AC11: 2 | AD11: =SUM(AD9:AD10) -> 0 | AE11: =M11-J11 -> -65.037061 | AF11: =M11/J11 -> 0.95664196
A12: 新豐5線 | B12: 季節調理麵 | C12: 台式麻醬涼麵(115年) | E12: 31.11 | F12: 1886 | G12: =E12*F12 -> 58673.46 | I12: 14 | J12: 2000 | K12: =J12/I12 -> 142.85714 | L12: 14 | M12: =F12/V12*60 -> 1917.9661 | N12: =M12/L12 -> 136.99758 | O12: =L12-I12 -> 0 | P12: =N12-K12 -> -5.8595642 | Q12: =N12/K12 -> 0.95898305 | R12: =Q18 -> 0.96516879 | S12: 0.20833333 | T12: 0.24930556 | V12: =(T12-S12)*24*60 -> 59 | AC12: 6 | AE12: =M12-J12 -> -82.033898 | AF12: =M12/J12 -> 0.95898305 | AG12: =AF18 -> 0.96516879
A13: 新豐5線 | B13: 小吃 | C13: 剝皮辣椒雞湯 | E13: 41 | F13: 1230 | G13: =E13*F13 -> 50430 | I13: 26 | J13: 1500 | K13: =J13/I13 -> 57.692308 | L13: 26 | M13: =F13/V13*60 -> 1447.0588 | N13: =M13/L13 -> 55.656109 | O13: =L13-I13 -> 0 | P13: =N13-K13 -> -2.0361991 | Q13: =N13/K13 -> 0.96470588 | S13: 0.25416667 | T13: 0.28958333 | U13: =IF(S13=TIME(17,0,0),"",(S13-T12)*24*60) -> 7 | V13: =(T13-S13)*24*60 -> 51 | AE13: =M13-J13 -> -52.941176 | AF13: =M13/J13 -> 0.96470588
A14: 新豐5線 | B14: 沙拉 | C14: 厚蛋時蔬握沙拉 | E14: 39.46 | F14: 1595 | G14: =E14*F14 -> 62938.7 | I14: 15 | J14: 1500 | K14: =J14/I14 -> 100 | L14: 15 | M14: =F14/V14*60 -> 1450 | N14: =M14/L14 -> 96.666667 | O14: =L14-I14 -> 0 | P14: =N14-K14 -> -3.3333333 | Q14: =N14/K14 -> 0.96666667 | S14: 0.29444444 | T14: 0.34027778 | U14: =IF(S14=TIME(17,0,0),"",(S14-T13)*24*60) -> 7 | V14: =(T14-S14)*24*60 -> 66 | AE14: =M14-J14 -> -50 | AF14: =M14/J14 -> 0.96666667
A15: 新豐5線 | B15: 微波主食 | C15: 二配打拋風味豬肉飯 | E15: 51.06 | F15: 1948 | G15: =E15*F15 -> 99464.88 | I15: 13 | J15: 2000 | K15: =J15/I15 -> 153.84615 | L15: 13 | M15: =F15/V15*60 -> 1916.0656 | N15: =M15/L15 -> 147.38966 | O15: =L15-I15 -> 0 | P15: =N15-K15 -> -6.4564943 | Q15: =N15/K15 -> 0.95803279 | S15: 0.70833333 | T15: 0.75069444 | U15: =IF(S15=TIME(17,0,0),"",(S15-T14)*24*60) | V15: =(T15-S15)*24*60 -> 61 | AE15: =M15-J15 -> -83.934426 | AF15: =M15/J15 -> 0.95803279
A16: 新豐5線 | B16: 微波主食 | C16: 二配厚香料優格咖哩雞排飯 | E16: 56.43 | F16: 782 | G16: =E16*F16 -> 44128.26 | I16: 13 | J16: 2000 | K16: =J16/I16 -> 153.84615 | L16: 13 | M16: =F16/V16*60 -> 1955 | N16: =M16/L16 -> 150.38462 | O16: =L16-I16 -> 0 | P16: =N16-K16 -> -3.4615385 | Q16: =N16/K16 -> 0.9775 | S16: 0.75416667 | T16: 0.77083333 | U16: =IF(S16=TIME(17,0,0),"",(S16-T15)*24*60) -> 5 | V16: =(T16-S16)*24*60 -> 24 | AE16: =M16-J16 -> -45 | AF16: =M16/J16 -> 0.9775
A17: 新豐5線 | B17: 微波主食 | C17: 二配玉米濃湯焗烤飯 | E17: 54.5 | F17: 531 | G17: =E17*F17 -> 28939.5 | I17: 19 | J17: 1500 | K17: =J17/I17 -> 78.947368 | L17: 19 | M17: =F17/V17*60 -> 1448.1818 | N17: =M17/L17 -> 76.220096 | O17: =L17-I17 -> 0 | P17: =N17-K17 -> -2.7272727 | Q17: =N17/K17 -> 0.96545455 | S17: 0.77569444 | T17: 0.79097222 | U17: =IF(S17=TIME(17,0,0),"",(S17-T16)*24*60) -> 7 | V17: =(T17-S17)*24*60 -> 22 | AE17: =M17-J17 -> -51.818182 | AF17: =M17/J17 -> 0.96545455
A18: 新豐5線 | B18: 平均 | I18: 16.666667 | J18: 1750 | K18: =J18/I18 -> 105 | L18: 16.666667 | M18: =AVERAGE(M12:M17) -> 1689.0454 | N18: =M18/L18 -> 101.34272 | O18: =L18-I18 -> 0 | P18: =N18-K18 -> -3.6572768 | Q18: =N18/K18 -> 0.96516879 | Y18: =SUM(Y12:Y17) -> 0 | Z18: =SUM(Z12:Z17) -> 0 | AC18: 6 | AD18: =SUM(AD12:AD17) -> 0 | AE18: =M18-J18 -> -60.954614 | AF18: =M18/J18 -> 0.96516879
A19: 新豐7線 | B19: 微波主食 | C19: 韓式泡菜豬肉豆腐丼飯 | E19: 50.67 | F19: 1175 | G19: =E19*F19 -> 59537.25 | I19: 17 | J19: 2000 | K19: =J19/I19 -> 117.64706 | L19: 17 | M19: =F19/V19*60 -> 1905.4054 | N19: =M19/L19 -> 112.08267 | O19: =L19-I19 -> 0 | P19: =N19-K19 -> -5.5643879 | Q19: =N19/K19 -> 0.9527027 | R19: =Q25 -> 0.95886172 | S19: 0.25 | T19: 0.27569444 | V19: =(T19-S19)*24*60 -> 37 | AC19: 6 | AE19: =M19-J19 -> -94.594595 | AF19: =M19/J19 -> 0.9527027 | AG19: =AF25 -> 0.95886172
A20: 新豐7線 | B20: 微波主食 | C20: 鐵板滑蛋炸豬排丼 | E20: 57.73 | F20: 1843 | G20: =E20*F20 -> 106396.39 | I20: 14 | J20: 2000 | K20: =J20/I20 -> 142.85714 | L20: 14 | M20: =F20/V20*60 -> 1906.5517 | N20: =M20/L20 -> 136.18227 | O20: =L20-I20 -> 0 | P20: =N20-K20 -> -6.6748768 | Q20: =N20/K20 -> 0.95327586 | S20: 0.28125 | T20: 0.32152778 | U20: =IF(S20=TIME(17,0,0),"",(S20-T19)*24*60) -> 8 | V20: =(T20-S20)*24*60 -> 58 | AE20: =M20-J20 -> -93.448276 | AF20: =M20/J20 -> 0.95327586
A21: 新豐7線 | B21: 微波主食 | C21: 日式炙烤親子丼 | E21: 53.27 | F21: 1035 | G21: =E21*F21 -> 55134.45 | I21: 16 | J21: 2000 | K21: =J21/I21 -> 125 | L21: 16 | M21: =F21/V21*60 -> 1940.625 | N21: =M21/L21 -> 121.28906 | O21: =L21-I21 -> 0 | P21: =N21-K21 -> -3.7109375 | Q21: =N21/K21 -> 0.9703125 | S21: 0.32569444 | T21: 0.34791667 | U21: =IF(S21=TIME(17,0,0),"",(S21-T20)*24*60) -> 6 | V21: =(T21-S21)*24*60 -> 32 | AE21: =M21-J21 -> -59.375 | AF21: =M21/J21 -> 0.9703125
A22: 新豐7線 | B22: 微波主食 | C22: 二配川味麻婆燒豆腐燴飯 | E22: 50.49 | F22: 1288 | G22: =E22*F22 -> 65031.12 | I22: 15 | J22: 2000 | K22: =J22/I22 -> 133.33333 | L22: 15 | M22: =F22/V22*60 -> 1932 | N22: =M22/L22 -> 128.8 | O22: =L22-I22 -> 0 | P22: =N22-K22 -> -4.5333333 | Q22: =N22/K22 -> 0.966 | S22: 0.70833333 | T22: 0.73611111 | U22: =IF(S22=TIME(17,0,0),"",(S22-T21)*24*60) | V22: =(T22-S22)*24*60 -> 40 | AE22: =M22-J22 -> -68 | AF22: =M22/J22 -> 0.966
A23: 新豐7線 | B23: 微波主食 | C23: 二配美味蟹煲 | E23: 54.09 | F23: 1404 | G23: =E23*F23 -> 75942.36 | I23: 18 | J23: 2000 | K23: =J23/I23 -> 111.11111 | L23: 18 | M23: =F23/V23*60 -> 1914.5455 | N23: =M23/L23 -> 106.36364 | O23: =L23-I23 -> 0 | P23: =N23-K23 -> -4.7474747 | Q23: =N23/K23 -> 0.95727273 | S23: 0.74027778 | T23: 0.77083333 | U23: =IF(S23=TIME(17,0,0),"",(S23-T22)*24*60) -> 6 | V23: =(T23-S23)*24*60 -> 44 | AE23: =M23-J23 -> -85.454545 | AF23: =M23/J23 -> 0.95727273
A24: 新豐7線 | B24: 微波主食 | C24: 二配港式滑蛋牛肉燴飯 | E24: 50.67 | F24: 1939 | G24: =E24*F24 -> 98249.13 | I24: 15 | J24: 2000 | K24: =J24/I24 -> 133.33333 | L24: 15 | M24: =F24/V24*60 -> 1907.2131 | N24: =M24/L24 -> 127.14754 | O24: =L24-I24 -> 0 | P24: =N24-K24 -> -6.1857923 | Q24: =N24/K24 -> 0.95360656 | S24: 0.77638889 | T24: 0.81875 | U24: =IF(S24=TIME(17,0,0),"",(S24-T23)*24*60) -> 8 | V24: =(T24-S24)*24*60 -> 61 | AE24: =M24-J24 -> -92.786885 | AF24: =M24/J24 -> 0.95360656
A25: 新豐7線 | B25: 平均 | I25: 15.833333 | J25: 2000 | K25: =J25/I25 -> 126.31579 | L25: 15.833333 | M25: =AVERAGE(M19:M24) -> 1917.7234 | N25: =M25/L25 -> 121.11938 | O25: =L25-I25 -> 0 | P25: =N25-K25 -> -5.1964137 | Q25: =N25/K25 -> 0.95886172 | Y25: =SUM(Y19:Y24) -> 0 | Z25: =SUM(Z19:Z24) -> 0 | AC25: 6 | AD25: =SUM(AD19:AD24) -> 0 | AE25: =M25-J25 -> -82.27655 | AF25: =M25/J25 -> 0.95886172
A26: 新豐8線 | B26: 三明治 | C26: 紐奧良風味烤雞鮮蔬三明治 | E26: 31.29 | F26: 6504 | G26: =E26*F26 -> 203510.16 | I26: 18 | J26: 2400 | K26: =J26/I26 -> 133.33333 | L26: 18 | M26: =F26/V26*60 -> 2295.5294 | N26: =M26/L26 -> 127.52941 | O26: =L26-I26 -> 0 | P26: =N26-K26 -> -5.8039216 | Q26: =N26/K26 -> 0.95647059 | R26: =Q31 -> 0.9558341 | S26: 0.083333333 | T26: 0.20138889 | V26: =(T26-S26)*24*60 -> 170 | W26: =T26 -> 0.20138889 | X26: =S27 -> 0.22013889 | AC26: 5 | AE26: =M26-J26 -> -104.47059 | AF26: =M26/J26 -> 0.95647059 | AG26: =AF31 -> 0.9558341
A27: 新豐8線 | B27: 三明治 | C27: 醬燒烤雞三明治(115年) | E27: 26.37 | F27: 4439 | G27: =E27*F27 -> 117056.43 | I27: 18 | J27: 2400 | K27: =J27/I27 -> 133.33333 | L27: 18 | M27: =F27/V27*60 -> 2296.0345 | N27: =M27/L27 -> 127.55747 | O27: =L27-I27 -> 0 | P27: =N27-K27 -> -5.7758621 | Q27: =N27/K27 -> 0.95668103 | S27: 0.22013889 | T27: 0.30069444 | U27: =(S27-T26)*24*60 -> 27 | V27: =(T27-S27)*24*60 -> 116 | AE27: =M27-J27 -> -103.96552 | AF27: =M27/J27 -> 0.95668103
A28: 新豐8線 | B28: 三明治 | C28: 經典火腿玉米蛋三明治 | E28: 24.43 | F28: 5938 | G28: =E28*F28 -> 145065.34 | I28: 14 | J28: 2400 | K28: =J28/I28 -> 171.42857 | L28: 14 | M28: =F28/V28*60 -> 2283.8462 | N28: =M28/L28 -> 163.13187 | O28: =L28-I28 -> 0 | P28: =N28-K28 -> -8.2967033 | Q28: =N28/K28 -> 0.95160256 | S28: 0.30555556 | T28: 0.41388889 | U28: =(S28-T27)*24*60 -> 7 | V28: =(T28-S28)*24*60 -> 156 | AE28: =M28-J28 -> -116.15385 | AF28: =M28/J28 -> 0.95160256
A29: 新豐8線 | B29: 三明治 | C29: 好多菜三明治 | E29: 25.98 | F29: 3030 | G29: =E29*F29 -> 78719.4 | I29: 19 | J29: 2400 | K29: =J29/I29 -> 126.31579 | L29: 19 | M29: =F29/V29*60 -> 2301.2658 | N29: =M29/L29 -> 121.11925 | O29: =L29-I29 -> 0 | P29: =N29-K29 -> -5.1965356 | Q29: =N29/K29 -> 0.95886076 | S29: 0.41944444 | T29: 0.47430556 | U29: =(S29-T28)*24*60 -> 8 | V29: =(T29-S29)*24*60 -> 79 | AE29: =M29-J29 -> -98.734177 | AF29: =M29/J29 -> 0.95886076
A30: 新豐8線 | B30: 三明治 | C30: 雙泰奶QQ三明治 | E30: 23.89 | F30: 344 | G30: =E30*F30 -> 8218.16 | I30: 13 | J30: 2400 | K30: =J30/I30 -> 184.61538 | L30: 13 | M30: =F30/V30*60 -> 2293.3333 | N30: =M30/L30 -> 176.41026 | O30: =L30-I30 -> 0 | P30: =N30-K30 -> -8.2051282 | Q30: =N30/K30 -> 0.95555556 | S30: 0.47777778 | T30: 0.48402778 | U30: =(S30-T29)*24*60 -> 5 | V30: =(T30-S30)*24*60 -> 9 | AE30: =M30-J30 -> -106.66667 | AF30: =M30/J30 -> 0.95555556
A31: 新豐8線 | B31: 平均 | I31: 16.4 | J31: 2400 | K31: =J31/I31 -> 146.34146 | L31: 16.4 | M31: =AVERAGE(M26:M30) -> 2294.0018 | N31: =M31/L31 -> 139.87816 | O31: =L31-I31 -> 0 | P31: =N31-K31 -> -6.4633024 | Q31: =N31/K31 -> 0.9558341 | Y31: =SUM(Y26:Y30) -> 0 | Z31: =SUM(Z26:Z30) -> 0 | AC31: 5 | AD31: =SUM(AD26:AD30) -> 0 | AE31: =M31-J31 -> -105.99816 | AF31: =M31/J31 -> 0.9558341
A32: 新豐9線 | B32: 三明治 | C32: 經典總匯三明治(115年) | E32: 26.18 | F32: 4269 | G32: =E32*F32 -> 111762.42 | I32: 20 | J32: 2400 | K32: =J32/I32 -> 120 | L32: 20 | M32: =F32/V32*60 -> 2286.9643 | N32: =M32/L32 -> 114.34821 | O32: =L32-I32 -> 0 | P32: =N32-K32 -> -5.6517857 | Q32: =N32/K32 -> 0.95290179 | R32: =Q37 -> 0.95348325 | S32: 0.083333333 | T32: 0.16111111 | V32: =(T32-S32)*24*60 -> 112 | W32: =T32 -> 0.16111111 | X32: =S33 -> 0.18055556 | AC32: 5 | AE32: =M32-J32 -> -113.03571 | AF32: =M32/J32 -> 0.95290179 | AG32: =AF37 -> 0.95348325
A33: 新豐9線 | B33: 三明治 | C33: 鮪魚起司溏心蛋三明治(115年) | E33: 26.18 | F33: 5404 | G33: =E33*F33 -> 141476.72 | I33: 18 | J33: 2400 | K33: =J33/I33 -> 133.33333 | L33: 18 | M33: =F33/V33*60 -> 2283.3803 | N33: =M33/L33 -> 126.85446 | O33: =L33-I33 -> 0 | P33: =N33-K33 -> -6.4788732 | Q33: =N33/K33 -> 0.95140845 | S33: 0.18055556 | T33: 0.27916667 | U33: =(S33-T32)*24*60 -> 28 | V33: =(T33-S33)*24*60 -> 142 | AE33: =M33-J33 -> -116.61972 | AF33: =M33/J33 -> 0.95140845
A34: 新豐9線 | B34: 三明治 | C34: 好多蛋三明治 | E34: 34.1 | F34: 4376 | G34: =E34*F34 -> 149221.6 | I34: 17 | J34: 1600 | K34: =J34/I34 -> 94.117647 | L34: 17 | M34: =F34/V34*60 -> 1526.5116 | N34: =M34/L34 -> 89.794802 | O34: =L34-I34 -> 0 | P34: =N34-K34 -> -4.3228454 | Q34: =N34/K34 -> 0.95406977 | S34: 0.28333333 | T34: 0.40277778 | U34: =(S34-T33)*24*60 -> 6 | V34: =(T34-S34)*24*60 -> 172 | AE34: =M34-J34 -> -73.488372 | AF34: =M34/J34 -> 0.95406977
A35: 新豐9線 | B35: 三明治 | C35: 金黃玉米蛋三明治 | E35: 24.25 | F35: 1187 | G35: =E35*F35 -> 28784.75 | I35: 16 | J35: 2400 | K35: =J35/I35 -> 150 | L35: 16 | M35: =F35/V35*60 -> 2297.4194 | N35: =M35/L35 -> 143.58871 | O35: =L35-I35 -> 0 | P35: =N35-K35 -> -6.4112903 | Q35: =N35/K35 -> 0.95725806 | S35: 0.40763889 | T35: 0.42916667 | U35: =(S35-T34)*24*60 -> 7 | V35: =(T35-S35)*24*60 -> 31 | AE35: =M35-J35 -> -102.58065 | AF35: =M35/J35 -> 0.95725806
A36: 新豐9線 | B36: 三明治 | C36: 雞蛋沙拉三明治(114年) | E36: 25.99 | F36: 2894 | G36: =E36*F36 -> 75215.06 | I36: 14 | J36: 2400 | K36: =J36/I36 -> 171.42857 | L36: 14 | M36: =F36/V36*60 -> 2284.7368 | N36: =M36/L36 -> 163.19549 | O36: =L36-I36 -> 0 | P36: =N36-K36 -> -8.2330827 | Q36: =N36/K36 -> 0.95197368 | S36: 0.43333333 | T36: 0.48611111 | U36: =(S36-T35)*24*60 -> 6 | V36: =(T36-S36)*24*60 -> 76 | AE36: =M36-J36 -> -115.26316 | AF36: =M36/J36 -> 0.95197368
A37: 新豐9線 | B37: 平均 | I37: 17 | J37: 2240 | K37: =J37/I37 -> 131.76471 | L37: 17 | M37: =AVERAGE(M32:M36) -> 2135.8025 | N37: =M37/L37 -> 125.63544 | O37: =L37-I37 -> 0 | P37: =N37-K37 -> -6.129266 | Q37: =N37/K37 -> 0.95348325 | Y37: =SUM(Y32:Y36) -> 0 | Z37: =SUM(Z32:Z36) -> 0 | AC37: 5 | AD37: =SUM(AD32:AD36) -> 0 | AE37: =M37-J37 -> -104.19752 | AF37: =M37/J37 -> 0.95348325
A38: 新豐3線 | B38: 調理麵包 | C38: 豬肉起司堡 | E38: 21.13 | F38: 4122 | G38: =E38*F38 -> 87097.86 | I38: 10 | J38: 3000 | K38: =J38/I38 -> 300 | L38: 10 | M38: =F38/V38*60 -> 2875.814 | N38: =M38/L38 -> 287.5814 | O38: =L38-I38 -> 0 | P38: =N38-K38 -> -12.418605 | Q38: =N38/K38 -> 0.95860465 | R38: =Q41 -> 0.95623537 | S38: 0.20833333 | T38: 0.26805556 | V38: =(T38-S38)*24*60 -> 86 | AC38: 3 | AE38: =M38-J38 -> -124.18605 | AF38: =M38/J38 -> 0.95860465 | AG38: =AF41 -> 0.95623537
A39: 新豐3線 | B39: 調理麵包 | C39: 豬肉起司蛋堡 | E39: 27.17 | F39: 4822 | G39: =E39*F39 -> 131013.74 | I39: 10 | J39: 3000 | K39: =J39/I39 -> 300 | L39: 10 | M39: =F39/V39*60 -> 2864.5545 | N39: =M39/L39 -> 286.45545 | O39: =L39-I39 -> 0 | P39: =N39-K39 -> -13.544554 | Q39: =N39/K39 -> 0.95485149 | S39: 0.27361111 | T39: 0.34375 | U39: =(S39-T38)*24*60 -> 8 | V39: =(T39-S39)*24*60 -> 101 | AE39: =M39-J39 -> -135.44554 | AF39: =M39/J39 -> 0.95485149
A40: 新豐3線 | B40: 調理麵包 | C40: 墨西哥辣醬熱狗堡 | E40: 37.88 | F40: 3278 | G40: =E40*F40 -> 124170.64 | I40: 13 | J40: 2000 | K40: =J40/I40 -> 153.84615 | L40: 13 | M40: =F40/V40*60 -> 1909.5146 | N40: =M40/L40 -> 146.88574 | O40: =L40-I40 -> 0 | P40: =N40-K40 -> -6.9604182 | Q40: =N40/K40 -> 0.95475728 | S40: 0.34861111 | T40: 0.42013889 | U40: =(S40-T39)*24*60 -> 7 | V40: =(T40-S40)*24*60 -> 103 | AE40: =M40-J40 -> -90.485437 | AF40: =M40/J40 -> 0.95475728
A41: 新豐3線 | B41: 平均 | I41: 11 | J41: 2666.6667 | K41: =J41/I41 -> 242.42424 | L41: 11 | M41: =AVERAGE(M38:M40) -> 2549.961 | N41: =M41/L41 -> 231.81464 | O41: =L41-I41 -> 0 | P41: =N41-K41 -> -10.609607 | Q41: =N41/K41 -> 0.95623537 | Y41: =SUM(Y38:Y40) -> 0 | Z41: =SUM(Z38:Z40) -> 0 | AC41: 3 | AD41: =SUM(AD38:AD40) -> 0 | AE41: =M41-J41 -> -116.70568 | AF41: =M41/J41 -> 0.95623537
A42: 新豐1線 | B42: 沙拉 | C42: 蔥鹽雞肉麵沙拉(114年) | E42: 46 | F42: 745 | G42: =E42*F42 -> 34270 | I42: 16 | J42: 2000 | K42: =J42/I42 -> 125 | L42: 16 | M42: =F42/V42*60 -> 1943.4783 | N42: =M42/L42 -> 121.46739 | O42: =L42-I42 -> 0 | P42: =N42-K42 -> -3.5326087 | Q42: =N42/K42 -> 0.97173913 | R42: =Q50 -> 0.96953416 | S42: 0.20833333 | T42: 0.22430556 | V42: =(T42-S42)*24*60 -> 23 | AC42: 8 | AE42: =M42-J42 -> -56.521739 | AF42: =M42/J42 -> 0.97173913 | AG42: =AF50 -> 0.96953416
A43: 新豐1線 | B43: 沙拉 | C43: 莎莎烤雞麵沙拉(115年) | E43: 46 | F43: 858 | G43: =E43*F43 -> 39468 | I43: 17 | J43: 2000 | K43: =J43/I43 -> 117.64706 | L43: 17 | M43: =F43/V43*60 -> 1906.6667 | N43: =M43/L43 -> 112.15686 | O43: =L43-I43 -> 0 | P43: =N43-K43 -> -5.4901961 | Q43: =N43/K43 -> 0.95333333 | S43: 0.22777778 | T43: 0.24652778 | U43: =IF(S43=TIME(17,0,0),"",(S43-T42)*24*60) -> 5 | V43: =(T43-S43)*24*60 -> 27 | AE43: =M43-J43 -> -93.333333 | AF43: =M43/J43 -> 0.95333333
A44: 新豐1線 | B44: 微波主食 | C44: 炙烤醬香燒豚飯 | E44: 51.44 | F44: 998 | G44: =E44*F44 -> 51337.12 | I44: 25 | J44: 2000 | K44: =J44/I44 -> 80 | L44: 25 | M44: =F44/V44*60 -> 1931.6129 | N44: =M44/L44 -> 77.264516 | O44: =L44-I44 -> 0 | P44: =N44-K44 -> -2.7354839 | Q44: =N44/K44 -> 0.96580645 | S44: 0.25208333 | T44: 0.27361111 | U44: =IF(S44=TIME(17,0,0),"",(S44-T43)*24*60) -> 8 | V44: =(T44-S44)*24*60 -> 31 | AE44: =M44-J44 -> -68.387097 | AF44: =M44/J44 -> 0.96580645
A45: 新豐1線 | B45: 微波主食 | C45: 金沙醬牛豚雙饗飯 | E45: 56.43 | F45: 599 | G45: =E45*F45 -> 33801.57 | I45: 23 | J45: 2000 | K45: =J45/I45 -> 86.956522 | L45: 23 | M45: =F45/V45*60 -> 1996.6667 | N45: =M45/L45 -> 86.811594 | O45: =L45-I45 -> 0 | P45: =N45-K45 -> -0.14492754 | Q45: =N45/K45 -> 0.99833333 | S45: 0.27777778 | T45: 0.29027778 | U45: =IF(S45=TIME(17,0,0),"",(S45-T44)*24*60) -> 6 | V45: =(T45-S45)*24*60 -> 18 | AE45: =M45-J45 -> -3.3333333 | AF45: =M45/J45 -> 0.99833333
A46: 新豐1線 | B46: 微波主食 | C46: 壹號醬泡菜鹽蔥雞豚雙拼 | E46: 56.43 | F46: 1703 | G46: =E46*F46 -> 96100.29 | I46: 21 | J46: 2000 | K46: =J46/I46 -> 95.238095 | L46: 21 | M46: =F46/V46*60 -> 1927.9245 | N46: =M46/L46 -> 91.80593 | O46: =L46-I46 -> 0 | P46: =N46-K46 -> -3.4321653 | Q46: =N46/K46 -> 0.96396226 | S46: 0.29375 | T46: 0.33055556 | U46: =IF(S46=TIME(17,0,0),"",(S46-T45)*24*60) -> 5 | V46: =(T46-S46)*24*60 -> 53 | AE46: =M46-J46 -> -72.075472 | AF46: =M46/J46 -> 0.96396226
A47: 新豐1線 | B47: 微波主食 | C47: 二配香辣醬蒜味香腸蛋炒飯 | E47: 55.56 | F47: 1706 | G47: =E47*F47 -> 94785.36 | I47: 17 | J47: 2000 | K47: =J47/I47 -> 117.64706 | L47: 17 | M47: =F47/V47*60 -> 1931.3208 | N47: =M47/L47 -> 113.6071 | O47: =L47-I47 -> 0 | P47: =N47-K47 -> -4.0399556 | Q47: =N47/K47 -> 0.96566038 | S47: 0.70833333 | T47: 0.74513889 | U47: =IF(S47=TIME(17,0,0),"",(S47-T46)*24*60) | V47: =(T47-S47)*24*60 -> 53 | AE47: =M47-J47 -> -68.679245 | AF47: =M47/J47 -> 0.96566038
A48: 新豐1線 | B48: 微波主食 | C48: 二配排骨蛋炒飯 | E48: 58.17 | F48: 1115 | G48: =E48*F48 -> 64859.55 | I48: 13 | J48: 2000 | K48: =J48/I48 -> 153.84615 | L48: 13 | M48: =F48/V48*60 -> 1911.4286 | N48: =M48/L48 -> 147.03297 | O48: =L48-I48 -> 0 | P48: =N48-K48 -> -6.8131868 | Q48: =N48/K48 -> 0.95571429 | S48: 0.75069444 | T48: 0.775 | U48: =IF(S48=TIME(17,0,0),"",(S48-T47)*24*60) -> 8 | V48: =(T48-S48)*24*60 -> 35 | AE48: =M48-J48 -> -88.571429 | AF48: =M48/J48 -> 0.95571429
A49: 新豐1線 | B49: 微波主食 | C49: 二配叉燒蛋炒飯 | E49: 54.09 | F49: 949 | G49: =E49*F49 -> 51331.41 | I49: 14 | J49: 2000 | K49: =J49/I49 -> 142.85714 | L49: 14 | M49: =F49/V49*60 -> 1963.4483 | N49: =M49/L49 -> 140.24631 | O49: =L49-I49 -> 0 | P49: =N49-K49 -> -2.6108374 | Q49: =N49/K49 -> 0.98172414 | S49: 0.77916667 | T49: 0.79930556 | U49: =IF(S49=TIME(17,0,0),"",(S49-T48)*24*60) -> 6 | V49: =(T49-S49)*24*60 -> 29 | AE49: =M49-J49 -> -36.551724 | AF49: =M49/J49 -> 0.98172414
A50: 新豐1線 | B50: 平均 | I50: 18.25 | J50: 2000 | K50: =J50/I50 -> 109.58904 | L50: 18.25 | M50: =AVERAGE(M42:M49) -> 1939.0683 | N50: =M50/L50 -> 106.25032 | O50: =L50-I50 -> 0 | P50: =N50-K50 -> -3.3387217 | Q50: =N50/K50 -> 0.96953416 | Y50: =SUM(Y42:Y49) -> 0 | Z50: =SUM(Z42:Z49) -> 0 | AC50: 8 | AD50: =SUM(AD42:AD49) -> 0 | AE50: =M50-J50 -> -60.931672 | AF50: =M50/J50 -> 0.96953416
A51: 新豐10線 | B51: 調理麵包 | C51: 經典雙牛起司堡(113年) | E51: 35.12 | F51: 3805 | G51: =E51*F51 -> 133631.6 | I51: 10 | J51: 3000 | K51: =J51/I51 -> 300 | L51: 10 | M51: =F51/V51*60 -> 2853.75 | N51: =M51/L51 -> 285.375 | O51: =L51-I51 -> 0 | P51: =N51-K51 -> -14.625 | Q51: =N51/K51 -> 0.95125 | R51: =Q56 -> 0.96001343 | S51: 0.20833333 | T51: 0.26388889 | V51: =(T51-S51)*24*60 -> 80 | AC51: 5 | AE51: =M51-J51 -> -146.25 | AF51: =M51/J51 -> 0.95125 | AG51: =AF56 -> 0.96001343
A52: 新豐10線 | B52: 調理麵包 | C52: 香雞蛋堡(112年) | E52: 26.78 | F52: 1859 | G52: =E52*F52 -> 49784.02 | I52: 10 | J52: 3000 | K52: =J52/I52 -> 300 | L52: 10 | M52: =F52/V52*60 -> 2860 | N52: =M52/L52 -> 286 | O52: =L52-I52 -> 0 | P52: =N52-K52 -> -14 | Q52: =N52/K52 -> 0.95333333 | S52: 0.26944444 | T52: 0.29652778 | U52: =(S52-T51)*24*60 -> 8 | V52: =(T52-S52)*24*60 -> 39 | AE52: =M52-J52 -> -140 | AF52: =M52/J52 -> 0.95333333
A53: 新豐10線 | B53: 調理麵包 | C53: 超HOT雞腿堡 | E53: 35.87 | F53: 2189 | G53: =E53*F53 -> 78519.43 | I53: 10 | J53: 3000 | K53: =J53/I53 -> 300 | L53: 10 | M53: =F53/V53*60 -> 2855.2174 | N53: =M53/L53 -> 285.52174 | O53: =L53-I53 -> 0 | P53: =N53-K53 -> -14.478261 | Q53: =N53/K53 -> 0.95173913 | S53: 0.3 | T53: 0.33194444 | U53: =(S53-T52)*24*60 -> 5 | V53: =(T53-S53)*24*60 -> 46 | AE53: =M53-J53 -> -144.78261 | AF53: =M53/J53 -> 0.95173913
A54: 新豐10線 | B54: 調理麵包 | C54: 美式雞腿堡 | E54: 35.87 | F54: 741 | G54: =E54*F54 -> 26579.67 | I54: 9 | J54: 3000 | K54: =J54/I54 -> 333.33333 | L54: 9 | M54: =F54/V54*60 -> 2964 | N54: =M54/L54 -> 329.33333 | O54: =L54-I54 -> 0 | P54: =N54-K54 -> -4 | Q54: =N54/K54 -> 0.988 | S54: 0.3375 | T54: 0.34791667 | U54: =(S54-T53)*24*60 -> 8 | V54: =(T54-S54)*24*60 -> 15 | AE54: =M54-J54 -> -36 | AF54: =M54/J54 -> 0.988
A55: 新豐10線 | B55: 調理麵包 | C55: 益活雞力能量堡 | E55: 33.77 | F55: 2246 | G55: =E55*F55 -> 75847.42 | I55: 12 | J55: 3000 | K55: =J55/I55 -> 250 | L55: 12 | M55: =F55/V55*60 -> 2867.234 | N55: =M55/L55 -> 238.93617 | O55: =L55-I55 -> 0 | P55: =N55-K55 -> -11.06383 | Q55: =N55/K55 -> 0.95574468 | S55: 0.35208333 | T55: 0.38472222 | U55: =(S55-T54)*24*60 -> 6 | V55: =(T55-S55)*24*60 -> 47 | AE55: =M55-J55 -> -132.76596 | AF55: =M55/J55 -> 0.95574468
A56: 新豐10線 | B56: 平均 | I56: 10.2 | J56: 3000 | K56: =J56/I56 -> 294.11765 | L56: 10.2 | M56: =AVERAGE(M51:M55) -> 2880.0403 | N56: =M56/L56 -> 282.35689 | O56: =L56-I56 -> 0 | P56: =N56-K56 -> -11.760756 | Q56: =N56/K56 -> 0.96001343 | Y56: =SUM(Y51:Y55) -> 0 | Z56: =SUM(Z51:Z55) -> 0 | AC56: 5 | AD56: =SUM(AD51:AD55) -> 0 | AE56: =M56-J56 -> -119.95971 | AF56: =M56/J56 -> 0.96001343
A57: 新豐4線 | B57: 三明治 | C57: 火腿起司蛋三明治 | E57: 19.02 | F57: 7285 | G57: =E57*F57 -> 138560.7 | I57: 14 | J57: 2400 | K57: =J57/I57 -> 171.42857 | L57: 14 | M57: =F57/V57*60 -> 2288.4817 | N57: =M57/L57 -> 163.46298 | O57: =L57-I57 -> 0 | P57: =N57-K57 -> -7.9655946 | Q57: =N57/K57 -> 0.95353403 | R57: =Q64 -> 0.95901226 | S57: 0.083333333 | T57: 0.21597222 | V57: =(T57-S57)*24*60 -> 191 | W57: =T57 -> 0.21597222 | X57: =S58 -> 0.23402778 | AC57: 7 | AE57: =M57-J57 -> -111.51832 | AF57: =M57/J57 -> 0.95353403 | AG57: =AF64 -> 0.95901226
A58: 新豐4線 | B58: 三明治 | C58: 肉鬆火腿三明治(115年) | E58: 20.36 | F58: 2829 | G58: =E58*F58 -> 57598.44 | I58: 17 | J58: 2400 | K58: =J58/I58 -> 141.17647 | L58: 17 | M58: =F58/V58*60 -> 2293.7838 | N58: =M58/L58 -> 134.92846 | O58: =L58-I58 -> 0 | P58: =N58-K58 -> -6.2480127 | Q58: =N58/K58 -> 0.95574324 | S58: 0.23402778 | T58: 0.28541667 | U58: =(S58-T57)*24*60 -> 26 | V58: =(T58-S58)*24*60 -> 74 | AE58: =M58-J58 -> -106.21622 | AF58: =M58/J58 -> 0.95574324
A59: 新豐4線 | B59: 三明治 | C59: 紅豆黑糖麻糬三明治 | E59: 23.8 | F59: 2015 | G59: =E59*F59 -> 47957 | I59: 16 | J59: 2400 | K59: =J59/I59 -> 150 | L59: 16 | M59: =F59/V59*60 -> 2325 | N59: =M59/L59 -> 145.3125 | O59: =L59-I59 -> 0 | P59: =N59-K59 -> -4.6875 | Q59: =N59/K59 -> 0.96875 | S59: 0.29027778 | T59: 0.32638889 | U59: =(S59-T58)*24*60 -> 7 | V59: =(T59-S59)*24*60 -> 52 | AE59: =M59-J59 -> -75 | AF59: =M59/J59 -> 0.96875
A60: 新豐4線 | B60: 三明治 | C60: 茄汁厚起司三明治 | E60: 25.99 | F60: 813 | G60: =E60*F60 -> 21129.87 | I60: 18 | J60: 2400 | K60: =J60/I60 -> 133.33333 | L60: 18 | M60: =F60/V60*60 -> 2322.8571 | N60: =M60/L60 -> 129.04762 | O60: =L60-I60 -> 0 | P60: =N60-K60 -> -4.2857143 | Q60: =N60/K60 -> 0.96785714 | S60: 0.33194444 | T60: 0.34652778 | U60: =(S60-T59)*24*60 -> 8 | V60: =(T60-S60)*24*60 -> 21 | AE60: =M60-J60 -> -77.142857 | AF60: =M60/J60 -> 0.96785714
A61: 新豐4線 | B61: 三明治 | C61: 水果聖代三明治 | E61: 28.29 | F61: 1958 | G61: =E61*F61 -> 55391.82 | I61: 19 | J61: 2400 | K61: =J61/I61 -> 126.31579 | L61: 19 | M61: =F61/V61*60 -> 2303.5294 | N61: =M61/L61 -> 121.23839 | O61: =L61-I61 -> 0 | P61: =N61-K61 -> -5.0773994 | Q61: =N61/K61 -> 0.95980392 | S61: 0.35138889 | T61: 0.38680556 | U61: =(S61-T60)*24*60 -> 7 | V61: =(T61-S61)*24*60 -> 51 | AE61: =M61-J61 -> -96.470588 | AF61: =M61/J61 -> 0.95980392
A62: 新豐4線 | B62: 三明治 | C62: 起司芋見肉鬆三明治 | E62: 25.98 | F62: 1256 | G62: =E62*F62 -> 32630.88 | I62: 17 | J62: 2400 | K62: =J62/I62 -> 141.17647 | L62: 17 | M62: =F62/V62*60 -> 2283.6364 | N62: =M62/L62 -> 134.33155 | O62: =L62-I62 -> 0 | P62: =N62-K62 -> -6.8449198 | Q62: =N62/K62 -> 0.95151515 | S62: 0.39166667 | T62: 0.41458333 | U62: =(S62-T61)*24*60 -> 7 | V62: =(T62-S62)*24*60 -> 33 | AE62: =M62-J62 -> -116.36364 | AF62: =M62/J62 -> 0.95151515
A63: 新豐4線 | B63: 三明治 | C63: 巧克力肉鬆三明治 | E63: 23.89 | F63: 2600 | G63: =E63*F63 -> 62114 | I63: 17 | J63: 2400 | K63: =J63/I63 -> 141.17647 | L63: 17 | M63: =F63/V63*60 -> 2294.1176 | N63: =M63/L63 -> 134.9481 | O63: =L63-I63 -> 0 | P63: =N63-K63 -> -6.2283737 | Q63: =N63/K63 -> 0.95588235 | S63: 0.42013889 | T63: 0.46736111 | U63: =(S63-T62)*24*60 -> 8 | V63: =(T63-S63)*24*60 -> 68 | AE63: =M63-J63 -> -105.88235 | AF63: =M63/J63 -> 0.95588235
A64: 新豐4線 | B64: 平均 | I64: 16.857143 | J64: 2400 | K64: =J64/I64 -> 142.37288 | L64: 16.857143 | M64: =AVERAGE(M57:M63) -> 2301.6294 | N64: =M64/L64 -> 136.53734 | O64: =L64-I64 -> 0 | P64: =N64-K64 -> -5.8355422 | Q64: =N64/K64 -> 0.95901226 | Y64: =SUM(Y57:Y63) -> 0 | Z64: =SUM(Z57:Z63) -> 0 | AC64: 7 | AD64: =SUM(AD57:AD63) -> 0 | AE64: =M64-J64 -> -98.370568 | AF64: =M64/J64 -> 0.95901226

Sheet 0924
B1: 屏榮 新豐廠組合室生產人時性分析
B3: 日期 | C3: =TEXT('0924 4度C'!A2,"yyyy.mm.ddaaaa") -> 2026.09.24星期四 | E3: 訂單量 | F3: ='0924 4度C'!D1 -> 120650 | H3: 營業額 | I3: ='0924 4度C'!F1 -> 4079492.5
B4: 人時性 | C4: 項目 | E4: ➀ | G4: ➁ | I4: ➂ | K4: 異常停線 | M4: 短暫停線
C5: 組合室 | E5: 全溫層 | G5: 4度C-各編組展開 | I5: ③三明治-各編組展開 | K5: 合計次數 | L5: 時間 | M5: 合計次數 | N5: 設備次數
C6: 排關平均 | E6: =AVERAGE(D13:M13) -> 151.16939 | F6: =AVERAGE(D31:O31,D13:J13) -> 155.88783 | G6: =AVERAGE(D13:J13) -> 155.88783 | I6: =AVERAGE(K13:M13) -> 140.15968 | K6: ='0924 4度C'!Y2 -> 0 | L6: ='0924 4度C'!Z2 -> 0 | M6: ='0924 4度C'!AC2 -> 50 | N6: ='0924 4度C'!AD2 -> 0
C7: 實績平均 | E7: =AVERAGE(D14:M14) -> 145.21734 | F7: =AVERAGE(D32:O32,D14:J14) -> 150.16539 | G7: =AVERAGE(D14:J14) -> 150.16539 | I7: =AVERAGE(K14:M14) -> 133.67191
C8: 達成率平均 | E8: =AVERAGE(D15:M15) -> 0.9599293 | F8: =AVERAGE(D15:J15,D33:O33) -> 0.96254309 | G8: =AVERAGE(D15:J15) -> 0.96254309 | I8: =AVERAGE(K15:M15) -> 0.95383043
K9: ※現行日本鮮食廠以達成率80%為基本(即為現行KPI)
B10: 溫層 | D10: ➁4度C-各編組展開 | K10: ③三明治-各編組展開
B11: 編組 | D11: 1 | E11: 2 | F11: 3 | G11: 4 | H11: 5 | I11: 6 | J11: 7 | K11: 1 | L11: 2 | M11: 3
D12: 新豐6線 | E12: 新豐2線 | F12: 新豐5線 | G12: 新豐7線 | H12: 新豐3線 | I12: 新豐1線 | J12: 新豐10線 | K12: 新豐8線 | L12: 新豐9線 | M12: 新豐4線
B13: 人時性 | C13: 排關 | D13: =SUMIFS('0924 4度C'!$K:$K,'0924 4度C'!$A:$A,"新豐6線",'0924 4度C'!$B:$B,"平均") -> 130.43478 | E13: =SUMIFS('0924 4度C'!$K:$K,'0924 4度C'!$A:$A,"新豐2線",'0924 4度C'!$B:$B,"平均") -> 83.333333 | F13: =SUMIFS('0924 4度C'!$K:$K,'0924 4度C'!$A:$A,"新豐5線",'0924 4度C'!$B:$B,"平均") -> 105 | G13: =SUMIFS('0924 4度C'!$K:$K,'0924 4度C'!$A:$A,"新豐7線",'0924 4度C'!$B:$B,"平均") -> 126.31579 | H13: =SUMIFS('0924 4度C'!$K:$K,'0924 4度C'!$A:$A,"新豐3線",'0924 4度C'!$B:$B,"平均") -> 242.42424 | I13: =SUMIFS('0924 4度C'!$K:$K,'0924 4度C'!$A:$A,"新豐1線",'0924 4度C'!$B:$B,"平均") -> 109.58904 | J13: =SUMIFS('0924 4度C'!$K:$K,'0924 4度C'!$A:$A,"新豐10線",'0924 4度C'!$B:$B,"平均") -> 294.11765 | K13: =SUMIFS('0924 4度C'!$K:$K,'0924 4度C'!$A:$A,"新豐8線",'0924 4度C'!$B:$B,"平均") -> 146.34146 | L13: =SUMIFS('0924 4度C'!$K:$K,'0924 4度C'!$A:$A,"新豐9線",'0924 4度C'!$B:$B,"平均") -> 131.76471 | M13: =SUMIFS('0924 4度C'!$K:$K,'0924 4度C'!$A:$A,"新豐4線",'0924 4度C'!$B:$B,"平均") -> 142.37288
C14: 實績 | D14: =SUMIFS('0924 4度C'!$N:$N,'0924 4度C'!$A:$A,"新豐6線",'0924 4度C'!$B:$B,"平均") -> 125.97035 | E14: =SUMIFS('0924 4度C'!$N:$N,'0924 4度C'!$A:$A,"新豐2線",'0924 4度C'!$B:$B,"平均") -> 79.580964 | F14: =SUMIFS('0924 4度C'!$N:$N,'0924 4度C'!$A:$A,"新豐5線",'0924 4度C'!$B:$B,"平均") -> 101.06374 | G14: =SUMIFS('0924 4度C'!$N:$N,'0924 4度C'!$A:$A,"新豐7線",'0924 4度C'!$B:$B,"平均") -> 121.33653 | H14: =SUMIFS('0924 4度C'!$N:$N,'0924 4度C'!$A:$A,"新豐3線",'0924 4度C'!$B:$B,"平均") -> 232.52514 | I14: =SUMIFS('0924 4度C'!$N:$N,'0924 4度C'!$A:$A,"新豐1線",'0924 4度C'!$B:$B,"平均") -> 105.93592 | J14: =SUMIFS('0924 4度C'!$N:$N,'0924 4度C'!$A:$A,"新豐10線",'0924 4度C'!$B:$B,"平均") -> 284.74506 | K14: =SUMIFS('0924 4度C'!$N:$N,'0924 4度C'!$A:$A,"新豐8線",'0924 4度C'!$B:$B,"平均") -> 138.15889 | L14: =SUMIFS('0924 4度C'!$N:$N,'0924 4度C'!$A:$A,"新豐9線",'0924 4度C'!$B:$B,"平均") -> 125.82168 | M14: =SUMIFS('0924 4度C'!$N:$N,'0924 4度C'!$A:$A,"新豐4線",'0924 4度C'!$B:$B,"平均") -> 137.03516
C15: 達成率 | D15: =D14/D13 -> 0.96577269 | E15: =E14/E13 -> 0.95497157 | F15: =F14/F13 -> 0.96251183 | G15: =G14/G13 -> 0.9605809 | H15: =H14/H13 -> 0.95916619 | I15: =I14/I13 -> 0.96666529 | J15: =J14/J13 -> 0.9681332 | K15: =K14/K13 -> 0.94408577 | ... M15: =M14/M13 -> 0.96250888
B16: 作業 時間 | C16: 開始 | D16: =VLOOKUP("新豐6線",'0924 4度C'!$A:$T,19,0) -> 0.70833333 | E16: =VLOOKUP("新豐2線",'0924 4度C'!$A:$T,19,0) -> 0.083333333 | F16: =VLOOKUP("新豐5線",'0924 4度C'!$A:$T,19,0) -> 0.20833333 | G16: =VLOOKUP("新豐7線",'0924 4度C'!$A:$T,19,0) -> 0.25 | H16: =VLOOKUP("新豐3線",'0924 4度C'!$A:$T,19,0) -> 0.20833333 | I16: =VLOOKUP("新豐1線",'0924 4度C'!$A:$T,19,0) -> 0.20833333 | J16: =VLOOKUP("新豐10線",'0924 4度C'!$A:$T,19,0) -> 0.20833333 | K16: =VLOOKUP("新豐8線",'0924 4度C'!$A:$T,19,0) -> 0.083333333 | L16: =VLOOKUP("新豐9線",'0924 4度C'!$A:$T,19,0) -> 0.083333333 | M16: =VLOOKUP("新豐4線",'0924 4度C'!$A:$T,19,0) -> 0.083333333
C17: 結束 | D17: =LOOKUP(2,1/(('0924 4度C'!$A:$A="新豐6線")*('0924 4度C'!$T:$T<>"")),'0924 4度C'!$T:$T) -> 0.80763889 | E17: =LOOKUP(2,1/(('0924 4度C'!$A:$A="新豐2線")*('0924 4度C'!$T:$T<>"")),'0924 4度C'!$T:$T) -> 0.33819444 | F17: =LOOKUP(2,1/(('0924 4度C'!$A:$A="新豐5線")*('0924 4度C'!$T:$T<>"")),'0924 4度C'!$T:$T) -> 0.79027778 | G17: =LOOKUP(2,1/(('0924 4度C'!$A:$A="新豐7線")*('0924 4度C'!$T:$T<>"")),'0924 4度C'!$T:$T) -> 0.82777778 | H17: =LOOKUP(2,1/(('0924 4度C'!$A:$A="新豐3線")*('0924 4度C'!$T:$T<>"")),'0924 4度C'!$T:$T) -> 0.40277778 | I17: =LOOKUP(2,1/(('0924 4度C'!$A:$A="新豐1線")*('0924 4度C'!$T:$T<>"")),'0924 4度C'!$T:$T) -> 0.79791667 | J17: =LOOKUP(2,1/(('0924 4度C'!$A:$A="新豐10線")*('0924 4度C'!$T:$T<>"")),'0924 4度C'!$T:$T) -> 0.39027778 | K17: =LOOKUP(2,1/(('0924 4度C'!$A:$A="新豐8線")*('0924 4度C'!$T:$T<>"")),'0924 4度C'!$T:$T) -> 0.49861111 | L17: =LOOKUP(2,1/(('0924 4度C'!$A:$A="新豐9線")*('0924 4度C'!$T:$T<>"")),'0924 4度C'!$T:$T) -> 0.48819444 | M17: =LOOKUP(2,1/(('0924 4度C'!$A:$A="新豐4線")*('0924 4度C'!$T:$T<>"")),'0924 4度C'!$T:$T) -> 0.48055556
B18: 產線異常 (5分鐘以上) | C18: 次數 | D18: =SUMIFS('0924 4度C'!$Y:$Y,'0924 4度C'!$A:$A,"新豐6線",'0924 4度C'!$B:$B,"平均") -> 0 | E18: =SUMIFS('0924 4度C'!$Y:$Y,'0924 4度C'!$A:$A,"新豐2線",'0924 4度C'!$B:$B,"平均") -> 0 | F18: =SUMIFS('0924 4度C'!$Y:$Y,'0924 4度C'!$A:$A,"新豐5線",'0924 4度C'!$B:$B,"平均") -> 0 | G18: =SUMIFS('0924 4度C'!$Y:$Y,'0924 4度C'!$A:$A,"新豐7線",'0924 4度C'!$B:$B,"平均") -> 0 | H18: =SUMIFS('0924 4度C'!$Y:$Y,'0924 4度C'!$A:$A,"新豐3線",'0924 4度C'!$B:$B,"平均") -> 0 | I18: =SUMIFS('0924 4度C'!$Y:$Y,'0924 4度C'!$A:$A,"新豐1線",'0924 4度C'!$B:$B,"平均") -> 0 | J18: =SUMIFS('0924 4度C'!$Y:$Y,'0924 4度C'!$A:$A,"新豐10線",'0924 4度C'!$B:$B,"平均") -> 0 | K18: =SUMIFS('0924 4度C'!$Y:$Y,'0924 4度C'!$A:$A,"新豐8線",'0924 4度C'!$B:$B,"平均") -> 0 | L18: =SUMIFS('0924 4度C'!$Y:$Y,'0924 4度C'!$A:$A,"新豐9線",'0924 4度C'!$B:$B,"平均") -> 0 | M18: =SUMIFS('0924 4度C'!$Y:$Y,'0924 4度C'!$A:$A,"新豐4線",'0924 4度C'!$B:$B,"平均") -> 0
C19: 時間/分 | D19: =SUMIFS('0924 4度C'!$Z:$Z,'0924 4度C'!$A:$A,"新豐6線",'0924 4度C'!$B:$B,"平均") -> 0 | E19: =SUMIFS('0924 4度C'!$Z:$Z,'0924 4度C'!$A:$A,"新豐2線",'0924 4度C'!$B:$B,"平均") -> 0 | F19: =SUMIFS('0924 4度C'!$Z:$Z,'0924 4度C'!$A:$A,"新豐5線",'0924 4度C'!$B:$B,"平均") -> 0 | G19: =SUMIFS('0924 4度C'!$Z:$Z,'0924 4度C'!$A:$A,"新豐7線",'0924 4度C'!$B:$B,"平均") -> 0 | H19: =SUMIFS('0924 4度C'!$Z:$Z,'0924 4度C'!$A:$A,"新豐3線",'0924 4度C'!$B:$B,"平均") -> 0 | I19: =SUMIFS('0924 4度C'!$Z:$Z,'0924 4度C'!$A:$A,"新豐1線",'0924 4度C'!$B:$B,"平均") -> 0 | J19: =SUMIFS('0924 4度C'!$Z:$Z,'0924 4度C'!$A:$A,"新豐10線",'0924 4度C'!$B:$B,"平均") -> 0 | K19: =SUMIFS('0924 4度C'!$Z:$Z,'0924 4度C'!$A:$A,"新豐8線",'0924 4度C'!$B:$B,"平均") -> 0 | L19: =SUMIFS('0924 4度C'!$Z:$Z,'0924 4度C'!$A:$A,"新豐9線",'0924 4度C'!$B:$B,"平均") -> 0 | M19: =SUMIFS('0924 4度C'!$Z:$Z,'0924 4度C'!$A:$A,"新豐4線",'0924 4度C'!$B:$B,"平均") -> 0
B20: 短暫停線 (5分鐘以下) | C20: 次數 | D20: =SUMIFS('0924 4度C'!$AC:$AC,'0924 4度C'!$A:$A,"新豐6線",'0924 4度C'!$B:$B,"平均") -> 3 | E20: =SUMIFS('0924 4度C'!$AC:$AC,'0924 4度C'!$A:$A,"新豐2線",'0924 4度C'!$B:$B,"平均") -> 2 | F20: =SUMIFS('0924 4度C'!$AC:$AC,'0924 4度C'!$A:$A,"新豐5線",'0924 4度C'!$B:$B,"平均") -> 6 | G20: =SUMIFS('0924 4度C'!$AC:$AC,'0924 4度C'!$A:$A,"新豐7線",'0924 4度C'!$B:$B,"平均") -> 6 | H20: =SUMIFS('0924 4度C'!$AC:$AC,'0924 4度C'!$A:$A,"新豐3線",'0924 4度C'!$B:$B,"平均") -> 3 | I20: =SUMIFS('0924 4度C'!$AC:$AC,'0924 4度C'!$A:$A,"新豐1線",'0924 4度C'!$B:$B,"平均") -> 8 | J20: =SUMIFS('0924 4度C'!$AC:$AC,'0924 4度C'!$A:$A,"新豐10線",'0924 4度C'!$B:$B,"平均") -> 5 | K20: =SUMIFS('0924 4度C'!$AC:$AC,'0924 4度C'!$A:$A,"新豐8線",'0924 4度C'!$B:$B,"平均") -> 5 | L20: =SUMIFS('0924 4度C'!$AC:$AC,'0924 4度C'!$A:$A,"新豐9線",'0924 4度C'!$B:$B,"平均") -> 5 | M20: =SUMIFS('0924 4度C'!$AC:$AC,'0924 4度C'!$A:$A,"新豐4線",'0924 4度C'!$B:$B,"平均") -> 7
C21: 設備次數 | D21: =SUMIFS('0924 4度C'!$AD:$AD,'0924 4度C'!$A:$A,"新豐6線",'0924 4度C'!$B:$B,"平均") -> 0 | E21: =SUMIFS('0924 4度C'!$AD:$AD,'0924 4度C'!$A:$A,"新豐2線",'0924 4度C'!$B:$B,"平均") -> 0 | F21: =SUMIFS('0924 4度C'!$AD:$AD,'0924 4度C'!$A:$A,"新豐5線",'0924 4度C'!$B:$B,"平均") -> 0 | G21: =SUMIFS('0924 4度C'!$AD:$AD,'0924 4度C'!$A:$A,"新豐7線",'0924 4度C'!$B:$B,"平均") -> 0 | H21: =SUMIFS('0924 4度C'!$AD:$AD,'0924 4度C'!$A:$A,"新豐3線",'0924 4度C'!$B:$B,"平均") -> 0 | I21: =SUMIFS('0924 4度C'!$AD:$AD,'0924 4度C'!$A:$A,"新豐1線",'0924 4度C'!$B:$B,"平均") -> 0 | J21: =SUMIFS('0924 4度C'!$AD:$AD,'0924 4度C'!$A:$A,"新豐10線",'0924 4度C'!$B:$B,"平均") -> 0 | K21: =SUMIFS('0924 4度C'!$AD:$AD,'0924 4度C'!$A:$A,"新豐8線",'0924 4度C'!$B:$B,"平均") -> 0 | L21: =SUMIFS('0924 4度C'!$AD:$AD,'0924 4度C'!$A:$A,"新豐9線",'0924 4度C'!$B:$B,"平均") -> 0 | M21: =SUMIFS('0924 4度C'!$AD:$AD,'0924 4度C'!$A:$A,"新豐4線",'0924 4度C'!$B:$B,"平均") -> 0
B22: 配置人數 | D22: =SUMIFS('0924 4度C'!$I:$I,'0924 4度C'!$A:$A,"新豐6線",'0924 4度C'!$B:$B,"平均") -> 15.333333 | E22: =SUMIFS('0924 4度C'!$I:$I,'0924 4度C'!$A:$A,"新豐2線",'0924 4度C'!$B:$B,"平均") -> 18 | F22: =SUMIFS('0924 4度C'!$I:$I,'0924 4度C'!$A:$A,"新豐5線",'0924 4度C'!$B:$B,"平均") -> 16.666667 | G22: =SUMIFS('0924 4度C'!$I:$I,'0924 4度C'!$A:$A,"新豐7線",'0924 4度C'!$B:$B,"平均") -> 15.833333 | H22: =SUMIFS('0924 4度C'!$I:$I,'0924 4度C'!$A:$A,"新豐3線",'0924 4度C'!$B:$B,"平均") -> 11 | I22: =SUMIFS('0924 4度C'!$I:$I,'0924 4度C'!$A:$A,"新豐1線",'0924 4度C'!$B:$B,"平均") -> 18.25 | J22: =SUMIFS('0924 4度C'!$I:$I,'0924 4度C'!$A:$A,"新豐10線",'0924 4度C'!$B:$B,"平均") -> 10.2 | K22: =SUMIFS('0924 4度C'!$I:$I,'0924 4度C'!$A:$A,"新豐8線",'0924 4度C'!$B:$B,"平均") -> 16.4 | L22: =SUMIFS('0924 4度C'!$I:$I,'0924 4度C'!$A:$A,"新豐9線",'0924 4度C'!$B:$B,"平均") -> 17 | M22: =SUMIFS('0924 4度C'!$I:$I,'0924 4度C'!$A:$A,"新豐4線",'0924 4度C'!$B:$B,"平均") -> 16.857143
B23: 主要應用設備 | D23: ET-55 | E23: 熱縮爐 | F23: L型包裝機 | G23: L型包裝機 | H23: 伺服包裝機 | I23: ET-55 | J23: 伺服包裝機 | K23: 三明治包裝機 | L23: 三明治包裝機 | M23: 三明治包裝機
B24: 次要應用設備 | F24: 圓盤機 | G24: ET-55
B25: 備註 | E25: 握沙拉 | F25: 共用L型包裝機 | H25: 調理麵包 | I25: 炒飯+沙拉 | J25: 調理麵包

Sheet 0924 4度C
A1: 新豐廠四度C日報分析 | C1: 總生產量 | D1: =SUM(F5:F64) -> 120650 | E1: 營業額 | F1: =SUM(G5:G64) -> 4079492.5 | G1: 出勤人數 | H1: =L8+L11+L41+L50+L18+L56+L31+L37+L25+L64 -> 155.54048 | I1: 產線配置圖 | L1: 生產實績 | O1: 人時性差異分析 | S1: 日報登錄 | Y1: 合計 次數 | Z1: 合計 時間/分 | AA1: 產線異常 分析說明(5分鐘以上) | AC1: 合計 次數 | AD1: 合計 設備次數 | AE1: 產能差異分析
A2: 46289 | B2: 星期四 | C2: 人時性 | D2: =AVERAGE(N8,N11,N41,N50,N18,N56,N25,N31,N37,N64) -> 145.21734 | E2: 平均廠價 | F2: =F1/D1 -> 33.81262 | G2: 多次生產數 | H2: =COUNT(H5:H64) -> 0 | Y2: =SUM(Y8+Y11+Y18+Y25+Y31+Y37+Y41+Y50+Y56+Y64) -> 0 | Z2: =SUM(Z8+Z11+Z18+Z25+Z31+Z37+Z41+Z50+Z56+Z64) -> 0 | AC2: 50 | AD2: =SUM(AD8+AD11+AD18+AD25+AD31+AD37+AD41+AD50+AD56+AD64) -> 0
A3: 線別 | B3: 品類 | C3: 品名 | E3: 廠價 | F3: 生產量 | G3: 營收 | H3: 多次 生產 | I3: 人數 | J3: 產能/時 | K3: 人時性 | L3: 人數 | M3: 產能/時 | N3: 人時性 | O3: 人數 | P3: 人時性 | Q3: 達成率 | R3: 達成率平均 | S3: 生產時間 | U3: 換線、休息/分 | V3: 稼動時間/分 | W3: 休息時間 | Y3: 產線異常統計 (5分鐘以上) | AA3: (新豐回填) | AC3: 短暫停線統計 (5分鐘以下) | AE3: 產能/時 | AF3: 達成率 | AG3: 達成率平均
S4: 開始 | T4: 結束 | W4: 開始 | X4: 結束 | Y4: 次數 | Z4: 時間/分 | AC4: 總次數 | AD4: 設備因素(次數)
A5: 新豐6線 | B5: 微波主食 | C5: 二配金咖哩果香甘口咖哩飯 | E5: 50.92 | F5: 1540 | G5: =E5*F5 -> 78416.8 | I5: 15 | J5: 2000 | K5: =J5/I5 -> 133.33333 | L5: 15 | M5: =F5/V5*60 -> 1925 | N5: =M5/L5 -> 128.33333 | O5: =L5-I5 -> 0 | P5: =N5-K5 -> -5 | Q5: =N5/K5 -> 0.9625 | R5: =Q8 -> 0.96577269 | S5: 0.70833333 | T5: 0.74166667 | V5: =(T5-S5)*24*60 -> 48 | AC5: 3 | AE5: =M5-J5 -> -75 | AF5: =M5/J5 -> 0.9625 | AG5: =AF8 -> 0.96577269
A6: 新豐6線 | B6: 微波主食 | C6: 二配金咖哩濃厚辛口咖哩飯 | E6: 50.98 | F6: 1690 | G6: =E6*F6 -> 86156.2 | I6: 16 | J6: 2000 | K6: =J6/I6 -> 125 | L6: 16 | M6: =F6/V6*60 -> 1913.2075 | N6: =M6/L6 -> 119.57547 | O6: =L6-I6 -> 0 | P6: =N6-K6 -> -5.4245283 | Q6: =N6/K6 -> 0.95660377 | S6: 0.74583333 | T6: 0.78263889 | U6: =IF(S6=TIME(17,0,0),"",(S6-T5)*24*60) -> 6 | V6: =(T6-S6)*24*60 -> 53 | AE6: =M6-J6 -> -86.792453 | AF6: =M6/J6 -> 0.95660377
A7: 新豐6線 | B7: 微波主食 | C7: 二配泰式綠咖哩雞 | E7: 50.67 | F7: 913 | G7: =E7*F7 -> 46261.71 | I7: 15 | J7: 2000 | K7: =J7/I7 -> 133.33333 | L7: 15 | M7: =F7/V7*60 -> 1956.4286 | N7: =M7/L7 -> 130.42857 | O7: =L7-I7 -> 0 | P7: =N7-K7 -> -2.9047619 | Q7: =N7/K7 -> 0.97821429 | S7: 0.78819444 | T7: 0.80763889 | U7: =IF(S7=TIME(17,0,0),"",(S7-T6)*24*60) -> 8 | V7: =(T7-S7)*24*60 -> 28 | AE7: =M7-J7 -> -43.571429 | AF7: =M7/J7 -> 0.97821429
A8: 新豐6線 | B8: 平均 | I8: 15.333333 | J8: 2000 | K8: =J8/I8 -> 130.43478 | L8: 15.333333 | M8: =AVERAGE(M5:M7) -> 1931.5454 | N8: =M8/L8 -> 125.97035 | O8: =L8-I8 -> 0 | P8: =N8-K8 -> -4.4644322 | Q8: =N8/K8 -> 0.96577269 | Y8: =SUM(Y5:Y7) -> 0 | Z8: =SUM(Z5:Z7) -> 0 | AC8: 3 | AD8: =SUM(AD5:AD7) -> 0 | AE8: =M8-J8 -> -68.454627 | AF8: =M8/J8 -> 0.96577269
A9: 新豐2線 | B9: 沙拉 | C9: 青醬優格雞肉握沙拉(113年) | E9: 39.62 | F9: 3345 | G9: =E9*F9 -> 132528.9 | I9: 19 | J9: 1500 | K9: =J9/I9 -> 78.947368 | L9: 19 | M9: =F9/V9*60 -> 1433.5714 | N9: =M9/L9 -> 75.451128 | O9: =L9-I9 -> 0 | P9: =N9-K9 -> -3.4962406 | Q9: =N9/K9 -> 0.95571429 | R9: =Q11 -> 0.95497157 | S9: 0.083333333 | T9: 0.18055556 | V9: =(T9-S9)*24*60 -> 140 | W9: =T9 -> 0.18055556 | X9: =S10 -> 0.19861111 | AC9: 2 | AE9: =M9-J9 -> -66.428571 | AF9: =M9/J9 -> 0.95571429 | AG9: =AF11 -> 0.95497157
A10: 新豐2線 | B10: 沙拉 | C10: 青檸烤雞握沙拉(113年) | E10: 39.8 | F10: 4795 | G10: =E10*F10 -> 190841 | I10: 17 | J10: 1500 | K10: =J10/I10 -> 88.235294 | L10: 17 | M10: =F10/V10*60 -> 1431.3433 | N10: =M10/L10 -> 84.196664 | O10: =L10-I10 -> 0 | P10: =N10-K10 -> -4.0386304 | Q10: =N10/K10 -> 0.95422886 | S10: 0.19861111 | T10: 0.33819444 | U10: =IF(S10=TIME(17,0,0),"",(S10-T9)*24*60) -> 26 | V10: =(T10-S10)*24*60 -> 201 | AE10: =M10-J10 -> -68.656716 | AF10: =M10/J10 -> 0.95422886
A11: 新豐2線 | B11: 平均 | I11: 18 | J11: 1500 | K11: =J11/I11 -> 83.333333 | L11: 18 | M11: =AVERAGE(M9:M10) -> 1432.4574 | N11: =M11/L11 -> 79.580964 | O11: =L11-I11 -> 0 | P11: =N11-K11 -> -3.7523691 | Q11: =N11/K11 -> 0.95497157 | Y11: =SUM(Y9:Y10) -> 0 | Z11: =SUM(Z9:Z10) -> 0 | AC11: 2 | AD11: =SUM(AD9:AD10) -> 0 | AE11: =M11-J11 -> -67.542644 | AF11: =M11/J11 -> 0.95497157
A12: 新豐5線 | B12: 季節調理麵 | C12: 台式麻醬涼麵(115年) | E12: 31.11 | F12: 1770 | G12: =E12*F12 -> 55064.7 | I12: 14 | J12: 2000 | K12: =J12/I12 -> 142.85714 | L12: 14 | M12: =F12/V12*60 -> 1930.9091 | N12: =M12/L12 -> 137.92208 | O12: =L12-I12 -> 0 | P12: =N12-K12 -> -4.9350649 | Q12: =N12/K12 -> 0.96545455 | R12: =Q18 -> 0.96251183 | S12: 0.20833333 | T12: 0.24652778 | V12: =(T12-S12)*24*60 -> 55 | AC12: 6 | AE12: =M12-J12 -> -69.090909 | AF12: =M12/J12 -> 0.96545455 | AG12: =AF18 -> 0.96251183
A13: 新豐5線 | B13: 小吃 | C13: 剝皮辣椒雞湯 | E13: 41 | F13: 1269 | G13: =E13*F13 -> 52029 | I13: 26 | J13: 1500 | K13: =J13/I13 -> 57.692308 | L13: 26 | M13: =F13/V13*60 -> 1436.6038 | N13: =M13/L13 -> 55.253991 | O13: =L13-I13 -> 0 | P13: =N13-K13 -> -2.4383164 | Q13: =N13/K13 -> 0.95773585 | S13: 0.25069444 | T13: 0.2875 | U13: =IF(S13=TIME(17,0,0),"",(S13-T12)*24*60) -> 6 | V13: =(T13-S13)*24*60 -> 53 | AE13: =M13-J13 -> -63.396226 | AF13: =M13/J13 -> 0.95773585
A14: 新豐5線 | B14: 沙拉 | C14: 厚蛋時蔬握沙拉 | E14: 39.46 | F14: 1635 | G14: =E14*F14 -> 64517.1 | I14: 15 | J14: 1500 | K14: =J14/I14 -> 100 | L14: 15 | M14: =F14/V14*60 -> 1442.6471 | N14: =M14/L14 -> 96.176471 | O14: =L14-I14 -> 0 | P14: =N14-K14 -> -3.8235294 | Q14: =N14/K14 -> 0.96176471 | S14: 0.29097222 | T14: 0.33819444 | U14: =IF(S14=TIME(17,0,0),"",(S14-T13)*24*60) -> 5 | V14: =(T14-S14)*24*60 -> 68 | AE14: =M14-J14 -> -57.352941 | AF14: =M14/J14 -> 0.96176471
A15: 新豐5線 | B15: 微波主食 | C15: 二配打拋風味豬肉飯 | E15: 51.06 | F15: 1908 | G15: =E15*F15 -> 97422.48 | I15: 13 | J15: 2000 | K15: =J15/I15 -> 153.84615 | L15: 13 | M15: =F15/V15*60 -> 1908 | N15: =M15/L15 -> 146.76923 | O15: =L15-I15 -> 0 | P15: =N15-K15 -> -7.0769231 | Q15: =N15/K15 -> 0.954 | S15: 0.70833333 | T15: 0.75 | U15: =IF(S15=TIME(17,0,0),"",(S15-T14)*24*60) | V15: =(T15-S15)*24*60 -> 60 | AE15: =M15-J15 -> -92 | AF15: =M15/J15 -> 0.954
A16: 新豐5線 | B16: 微波主食 | C16: 二配厚香料優格咖哩雞排飯 | E16: 56.43 | F16: 777 | G16: =E16*F16 -> 43846.11 | I16: 13 | J16: 2000 | K16: =J16/I16 -> 153.84615 | L16: 13 | M16: =F16/V16*60 -> 1942.5 | N16: =M16/L16 -> 149.42308 | O16: =L16-I16 -> 0 | P16: =N16-K16 -> -4.4230769 | Q16: =N16/K16 -> 0.97125 | S16: 0.75416667 | T16: 0.77083333 | U16: =IF(S16=TIME(17,0,0),"",(S16-T15)*24*60) -> 6 | V16: =(T16-S16)*24*60 -> 24 | AE16: =M16-J16 -> -57.5 | AF16: =M16/J16 -> 0.97125
A17: 新豐5線 | B17: 微波主食 | C17: 二配玉米濃湯焗烤飯 | E17: 54.5 | F17: 506 | G17: =E17*F17 -> 27577 | I17: 19 | J17: 1500 | K17: =J17/I17 -> 78.947368 | L17: 19 | M17: =F17/V17*60 -> 1445.7143 | N17: =M17/L17 -> 76.090226 | O17: =L17-I17 -> 0 | P17: =N17-K17 -> -2.8571429 | Q17: =N17/K17 -> 0.96380952 | S17: 0.77569444 | T17: 0.79027778 | U17: =IF(S17=TIME(17,0,0),"",(S17-T16)*24*60) -> 7 | V17: =(T17-S17)*24*60 -> 21 | AE17: =M17-J17 -> -54.285714 | AF17: =M17/J17 -> 0.96380952
A18: 新豐5線 | B18: 平均 | I18: 16.666667 | J18: 1750 | K18: =J18/I18 -> 105 | L18: 16.666667 | M18: =AVERAGE(M12:M17) -> 1684.3957 | N18: =M18/L18 -> 101.06374 | O18: =L18-I18 -> 0 | P18: =N18-K18 -> -3.9362579 | Q18: =N18/K18 -> 0.96251183 | Y18: =SUM(Y12:Y17) -> 0 | Z18: =SUM(Z12:Z17) -> 0 | AC18: 6 | AD18: =SUM(AD12:AD17) -> 0 | AE18: =M18-J18 -> -65.604298 | AF18: =M18/J18 -> 0.96251183
A19: 新豐7線 | B19: 微波主食 | C19: 韓式泡菜豬肉豆腐丼飯 | E19: 50.67 | F19: 1333 | G19: =E19*F19 -> 67543.11 | I19: 17 | J19: 2000 | K19: =J19/I19 -> 117.64706 | L19: 17 | M19: =F19/V19*60 -> 1904.2857 | N19: =M19/L19 -> 112.01681 | O19: =L19-I19 -> 0 | P19: =N19-K19 -> -5.6302521 | Q19: =N19/K19 -> 0.95214286 | R19: =Q25 -> 0.9605809 | S19: 0.25 | T19: 0.27916667 | V19: =(T19-S19)*24*60 -> 42 | AC19: 6 | AE19: =M19-J19 -> -95.714286 | AF19: =M19/J19 -> 0.95214286 | AG19: =AF25 -> 0.9605809
A20: 新豐7線 | B20: 微波主食 | C20: 鐵板滑蛋炸豬排丼 | E20: 57.73 | F20: 1902 | G20: =E20*F20 -> 109802.46 | I20: 14 | J20: 2000 | K20: =J20/I20 -> 142.85714 | L20: 14 | M20: =F20/V20*60 -> 1934.2373 | N20: =M20/L20 -> 138.15981 | O20: =L20-I20 -> 0 | P20: =N20-K20 -> -4.6973366 | Q20: =N20/K20 -> 0.96711864 | S20: 0.28472222 | T20: 0.32569444 | U20: =IF(S20=TIME(17,0,0),"",(S20-T19)*24*60) -> 8 | V20: =(T20-S20)*24*60 -> 59 | AE20: =M20-J20 -> -65.762712 | AF20: =M20/J20 -> 0.96711864
A21: 新豐7線 | B21: 微波主食 | C21: 日式炙烤親子丼 | E21: 53.27 | F21: 1110 | G21: =E21*F21 -> 59129.7 | I21: 16 | J21: 2000 | K21: =J21/I21 -> 125 | L21: 16 | M21: =F21/V21*60 -> 1958.8235 | N21: =M21/L21 -> 122.42647 | O21: =L21-I21 -> 0 | P21: =N21-K21 -> -2.5735294 | Q21: =N21/K21 -> 0.97941176 | S21: 0.32916667 | T21: 0.35277778 | U21: =IF(S21=TIME(17,0,0),"",(S21-T20)*24*60) -> 5 | V21: =(T21-S21)*24*60 -> 34 | AE21: =M21-J21 -> -41.176471 | AF21: =M21/J21 -> 0.97941176
A22: 新豐7線 | B22: 微波主食 | C22: 二配川味麻婆燒豆腐燴飯 | E22: 50.49 | F22: 1301 | G22: =E22*F22 -> 65687.49 | I22: 15 | J22: 2000 | K22: =J22/I22 -> 133.33333 | L22: 15 | M22: =F22/V22*60 -> 1903.9024 | N22: =M22/L22 -> 126.92683 | O22: =L22-I22 -> 0 | P22: =N22-K22 -> -6.4065041 | Q22: =N22/K22 -> 0.95195122 | S22: 0.70833333 | T22: 0.73680556 | U22: =IF(S22=TIME(17,0,0),"",(S22-T21)*24*60) | V22: =(T22-S22)*24*60 -> 41 | AE22: =M22-J22 -> -96.097561 | AF22: =M22/J22 -> 0.95195122
A23: 新豐7線 | B23: 微波主食 | C23: 二配美味蟹煲 | E23: 54.09 | F23: 1310 | G23: =E23*F23 -> 70857.9 | I23: 18 | J23: 2000 | K23: =J23/I23 -> 111.11111 | L23: 18 | M23: =F23/V23*60 -> 1917.0732 | N23: =M23/L23 -> 106.50407 | O23: =L23-I23 -> 0 | P23: =N23-K23 -> -4.6070461 | Q23: =N23/K23 -> 0.95853659 | S23: 0.74236111 | T23: 0.77083333 | U23: =IF(S23=TIME(17,0,0),"",(S23-T22)*24*60) -> 8 | V23: =(T23-S23)*24*60 -> 41 | AE23: =M23-J23 -> -82.926829 | AF23: =M23/J23 -> 0.95853659
A24: 新豐7線 | B24: 微波主食 | C24: 二配港式滑蛋牛肉燴飯 | E24: 50.67 | F24: 2354 | G24: =E24*F24 -> 119277.18 | I24: 15 | J24: 2000 | K24: =J24/I24 -> 133.33333 | L24: 15 | M24: =F24/V24*60 -> 1908.6486 | N24: =M24/L24 -> 127.24324 | O24: =L24-I24 -> 0 | P24: =N24-K24 -> -6.0900901 | Q24: =N24/K24 -> 0.95432432 | S24: 0.77638889 | T24: 0.82777778 | U24: =IF(S24=TIME(17,0,0),"",(S24-T23)*24*60) -> 8 | V24: =(T24-S24)*24*60 -> 74 | AE24: =M24-J24 -> -91.351351 | AF24: =M24/J24 -> 0.95432432
A25: 新豐7線 | B25: 平均 | I25: 15.833333 | J25: 2000 | K25: =J25/I25 -> 126.31579 | L25: 15.833333 | M25: =AVERAGE(M19:M24) -> 1921.1618 | N25: =M25/L25 -> 121.33653 | O25: =L25-I25 -> 0 | P25: =N25-K25 -> -4.9792548 | Q25: =N25/K25 -> 0.9605809 | Y25: =SUM(Y19:Y24) -> 0 | Z25: =SUM(Z19:Z24) -> 0 | AC25: 6 | AD25: =SUM(AD19:AD24) -> 0 | AE25: =M25-J25 -> -78.838202 | AF25: =M25/J25 -> 0.9605809
A26: 新豐8線 | B26: 三明治 | C26: 紐奧良風味烤雞鮮蔬三明治 | E26: 31.29 | F26: 6561 | G26: =E26*F26 -> 205293.69 | I26: 18 | J26: 2400 | K26: =J26/I26 -> 133.33333 | L26: 18 | M26: =F26/V26*60 -> 2288.7209 | N26: =M26/L26 -> 127.15116 | O26: =L26-I26 -> 0 | P26: =N26-K26 -> -6.1821705 | Q26: =N26/K26 -> 0.95363372 | R26: =Q31 -> 0.94408577 | S26: 0.083333333 | T26: 0.20277778 | V26: =(T26-S26)*24*60 -> 172 | W26: =T26 -> 0.20277778 | X26: =S27 -> 0.22291667 | AC26: 5 | AE26: =M26-J26 -> -111.27907 | AF26: =M26/J26 -> 0.95363372 | AG26: =AF31 -> 0.94408577
A27: 新豐8線 | B27: 三明治 | C27: 醬燒烤雞三明治(115年) | E27: 26.37 | F27: 4606 | G27: =E27*F27 -> 121460.22 | I27: 18 | J27: 2400 | K27: =J27/I27 -> 133.33333 | L27: 18 | M27: =F27/V27*60 -> 2283.9669 | N27: =M27/L27 -> 126.88705 | O27: =L27-I27 -> 0 | P27: =N27-K27 -> -6.446281 | Q27: =N27/K27 -> 0.95165289 | S27: 0.22291667 | T27: 0.30694444 | U27: =(S27-T26)*24*60 -> 29 | V27: =(T27-S27)*24*60 -> 121 | AE27: =M27-J27 -> -116.03306 | AF27: =M27/J27 -> 0.95165289
A28: 新豐8線 | B28: 三明治 | C28: 經典火腿玉米蛋三明治 | E28: 24.43 | F28: 6335 | G28: =E28*F28 -> 154764.05 | I28: 14 | J28: 2400 | K28: =J28/I28 -> 171.42857 | L28: 14 | M28: =F28/V28*60 -> 2289.759 | N28: =M28/L28 -> 163.55422 | O28: =L28-I28 -> 0 | P28: =N28-K28 -> -7.8743546 | Q28: =N28/K28 -> 0.95406627 | S28: 0.3125 | T28: 0.42777778 | U28: =(S28-T27)*24*60 -> 8 | V28: =(T28-S28)*24*60 -> 166 | AE28: =M28-J28 -> -110.24096 | AF28: =M28/J28 -> 0.95406627
A29: 新豐8線 | B29: 三明治 | C29: 好多菜三明治 | E29: 25.98 | F29: 3037 | G29: =E29*F29 -> 78901.26 | I29: 19 | J29: 2400 | K29: =J29/I29 -> 126.31579 | L29: 19 | M29: =F29/V29*60 -> 2306.5823 | N29: =M29/L29 -> 121.39907 | O29: =L29-I29 -> 0 | P29: =N29-K29 -> -4.9167222 | Q29: =N29/K29 -> 0.96107595 | S29: 0.43263889 | T29: 0.4875 | U29: =(S29-T28)*24*60 -> 7 | V29: =(T29-S29)*24*60 -> 79 | AE29: =M29-J29 -> -93.417722 | AF29: =M29/J29 -> 0.96107595
A30: 新豐8線 | B30: 三明治 | C30: 雙泰奶QQ三明治 | E30: 23.89 | F30: 324 | G30: =E30*F30 -> 7740.36 | I30: 13 | J30: 2400 | K30: =J30/I30 -> 184.61538 | L30: 13 | M30: =F30/V30*60 -> 2160 | N30: =M30/L30 -> 166.15385 | O30: =L30-I30 -> 0 | P30: =N30-K30 -> -18.461538 | Q30: =N30/K30 -> 0.9 | S30: 0.49236111 | T30: 0.49861111 | U30: =(S30-T29)*24*60 -> 7 | V30: =(T30-S30)*24*60 -> 9 | AE30: =M30-J30 -> -240 | AF30: =M30/J30 -> 0.9
A31: 新豐8線 | B31: 平均 | I31: 16.4 | J31: 2400 | K31: =J31/I31 -> 146.34146 | L31: 16.4 | M31: =AVERAGE(M26:M30) -> 2265.8058 | N31: =M31/L31 -> 138.15889 | O31: =L31-I31 -> 0 | P31: =N31-K31 -> -8.1825709 | Q31: =N31/K31 -> 0.94408577 | Y31: =SUM(Y26:Y30) -> 0 | Z31: =SUM(Z26:Z30) -> 0 | AC31: 5 | AD31: =SUM(AD26:AD30) -> 0 | AE31: =M31-J31 -> -134.19416 | AF31: =M31/J31 -> 0.94408577
A32: 新豐9線 | B32: 三明治 | C32: 經典總匯三明治(115年) | E32: 26.18 | F32: 4342 | G32: =E32*F32 -> 113673.56 | I32: 20 | J32: 2400 | K32: =J32/I32 -> 120 | L32: 20 | M32: =F32/V32*60 -> 2285.2632 | N32: =M32/L32 -> 114.26316 | O32: =L32-I32 -> 0 | P32: =N32-K32 -> -5.7368421 | Q32: =N32/K32 -> 0.95219298 | R32: =Q37 -> 0.95489665 | S32: 0.083333333 | T32: 0.1625 | V32: =(T32-S32)*24*60 -> 114 | W32: =T32 -> 0.1625 | X32: =S33 -> 0.18055556 | AC32: 5 | AE32: =M32-J32 -> -114.73684 | AF32: =M32/J32 -> 0.95219298 | AG32: =AF37 -> 0.95489665
A33: 新豐9線 | B33: 三明治 | C33: 鮪魚起司溏心蛋三明治(115年) | E33: 26.18 | F33: 5455 | G33: =E33*F33 -> 142811.9 | I33: 18 | J33: 2400 | K33: =J33/I33 -> 133.33333 | L33: 18 | M33: =F33/V33*60 -> 2288.8112 | N33: =M33/L33 -> 127.15618 | O33: =L33-I33 -> 0 | P33: =N33-K33 -> -6.1771562 | Q33: =N33/K33 -> 0.95367133 | S33: 0.18055556 | T33: 0.27986111 | U33: =(S33-T32)*24*60 -> 26 | V33: =(T33-S33)*24*60 -> 143 | AE33: =M33-J33 -> -111.18881 | AF33: =M33/J33 -> 0.95367133
A34: 新豐9線 | B34: 三明治 | C34: 好多蛋三明治 | E34: 34.1 | F34: 4475 | G34: =E34*F34 -> 152597.5 | I34: 17 | J34: 1600 | K34: =J34/I34 -> 94.117647 | L34: 17 | M34: =F34/V34*60 -> 1525.5682 | N34: =M34/L34 -> 89.739305 | O34: =L34-I34 -> 0 | P34: =N34-K34 -> -4.3783422 | Q34: =N34/K34 -> 0.95348011 | S34: 0.28402778 | T34: 0.40625 | U34: =(S34-T33)*24*60 -> 6 | V34: =(T34-S34)*24*60 -> 176 | AE34: =M34-J34 -> -74.431818 | AF34: =M34/J34 -> 0.95348011
A35: 新豐9線 | B35: 三明治 | C35: 金黃玉米蛋三明治 | E35: 24.25 | F35: 1142 | G35: =E35*F35 -> 27693.5 | I35: 16 | J35: 2400 | K35: =J35/I35 -> 150 | L35: 16 | M35: =F35/V35*60 -> 2284 | N35: =M35/L35 -> 142.75 | O35: =L35-I35 -> 0 | P35: =N35-K35 -> -7.25 | Q35: =N35/K35 -> 0.95166667 | S35: 0.40972222 | T35: 0.43055556 | U35: =(S35-T34)*24*60 -> 5 | V35: =(T35-S35)*24*60 -> 30 | AE35: =M35-J35 -> -116 | AF35: =M35/J35 -> 0.95166667
A36: 新豐9線 | B36: 三明治 | C36: 雞蛋沙拉三明治(114年) | E36: 25.99 | F36: 2889 | G36: =E36*F36 -> 75085.11 | I36: 14 | J36: 2400 | K36: =J36/I36 -> 171.42857 | L36: 14 | M36: =F36/V36*60 -> 2311.2 | N36: =M36/L36 -> 165.08571 | O36: =L36-I36 -> 0 | P36: =N36-K36 -> -6.3428571 | Q36: =N36/K36 -> 0.963 | S36: 0.43611111 | T36: 0.48819444 | U36: =(S36-T35)*24*60 -> 8 | V36: =(T36-S36)*24*60 -> 75 | AE36: =M36-J36 -> -88.8 | AF36: =M36/J36 -> 0.963
A37: 新豐9線 | B37: 平均 | I37: 17 | J37: 2240 | K37: =J37/I37 -> 131.76471 | L37: 17 | M37: =AVERAGE(M32:M36) -> 2138.9685 | N37: =M37/L37 -> 125.82168 | O37: =L37-I37 -> 0 | P37: =N37-K37 -> -5.9430291 | Q37: =N37/K37 -> 0.95489665 | Y37: =SUM(Y32:Y36) -> 0 | Z37: =SUM(Z32:Z36) -> 0 | AC37: 5 | AD37: =SUM(AD32:AD36) -> 0 | AE37: =M37-J37 -> -101.03149 | AF37: =M37/J37 -> 0.95489665
A38: 新豐3線 | B38: 調理麵包 | C38: 豬肉起司堡 | E38: 21.13 | F38: 4262 | G38: =E38*F38 -> 90056.06 | I38: 10 | J38: 3000 | K38: =J38/I38 -> 300 | L38: 10 | M38: =F38/V38*60 -> 2873.2584 | N38: =M38/L38 -> 287.32584 | O38: =L38-I38 -> 0 | P38: =N38-K38 -> -12.674157 | Q38: =N38/K38 -> 0.95775281 | R38: =Q41 -> 0.95916619 | S38: 0.20833333 | T38: 0.27013889 | V38: =(T38-S38)*24*60 -> 89 | AC38: 3 | AE38: =M38-J38 -> -126.74157 | AF38: =M38/J38 -> 0.95775281 | AG38: =AF41 -> 0.95916619
A39: 新豐3線 | B39: 調理麵包 | C39: 豬肉起司蛋堡 | E39: 27.17 | F39: 4985 | G39: =E39*F39 -> 135442.45 | I39: 10 | J39: 3000 | K39: =J39/I39 -> 300 | L39: 10 | M39: =F39/V39*60 -> 2875.9615 | N39: =M39/L39 -> 287.59615 | O39: =L39-I39 -> 0 | P39: =N39-K39 -> -12.403846 | Q39: =N39/K39 -> 0.95865385 | S39: 0.27569444 | T39: 0.34791667 | U39: =(S39-T38)*24*60 -> 8 | V39: =(T39-S39)*24*60 -> 104 | AE39: =M39-J39 -> -124.03846 | AF39: =M39/J39 -> 0.95865385
A40: 新豐3線 | B40: 調理麵包 | C40: 墨西哥辣醬熱狗堡 | E40: 37.88 | F40: 2341 | G40: =E40*F40 -> 88677.08 | I40: 13 | J40: 2000 | K40: =J40/I40 -> 153.84615 | L40: 13 | M40: =F40/V40*60 -> 1924.1096 | N40: =M40/L40 -> 148.00843 | O40: =L40-I40 -> 0 | P40: =N40-K40 -> -5.8377239 | Q40: =N40/K40 -> 0.96205479 | S40: 0.35208333 | T40: 0.40277778 | U40: =(S40-T39)*24*60 -> 6 | V40: =(T40-S40)*24*60 -> 73 | AE40: =M40-J40 -> -75.890411 | AF40: =M40/J40 -> 0.96205479
A41: 新豐3線 | B41: 平均 | I41: 11 | J41: 2666.6667 | K41: =J41/I41 -> 242.42424 | L41: 11 | M41: =AVERAGE(M38:M40) -> 2557.7765 | N41: =M41/L41 -> 232.52514 | O41: =L41-I41 -> 0 | P41: =N41-K41 -> -9.8991044 | Q41: =N41/K41 -> 0.95916619 | Y41: =SUM(Y38:Y40) -> 0 | Z41: =SUM(Z38:Z40) -> 0 | AC41: 3 | AD41: =SUM(AD38:AD40) -> 0 | AE41: =M41-J41 -> -108.89015 | AF41: =M41/J41 -> 0.95916619
A42: 新豐1線 | B42: 沙拉 | C42: 蔥鹽雞肉麵沙拉(114年) | E42: 46 | F42: 722 | G42: =E42*F42 -> 33212 | I42: 16 | J42: 2000 | K42: =J42/I42 -> 125 | L42: 16 | M42: =F42/V42*60 -> 1969.0909 | N42: =M42/L42 -> 123.06818 | O42: =L42-I42 -> 0 | P42: =N42-K42 -> -1.9318182 | Q42: =N42/K42 -> 0.98454545 | R42: =Q50 -> 0.96666529 | S42: 0.20833333 | T42: 0.22361111 | V42: =(T42-S42)*24*60 -> 22 | AC42: 8 | AE42: =M42-J42 -> -30.909091 | AF42: =M42/J42 -> 0.98454545 | AG42: =AF50 -> 0.96666529
A43: 新豐1線 | B43: 沙拉 | C43: 莎莎烤雞麵沙拉(115年) | E43: 46 | F43: 959 | G43: =E43*F43 -> 44114 | I43: 17 | J43: 2000 | K43: =J43/I43 -> 117.64706 | L43: 17 | M43: =F43/V43*60 -> 1918 | N43: =M43/L43 -> 112.82353 | O43: =L43-I43 -> 0 | P43: =N43-K43 -> -4.8235294 | Q43: =N43/K43 -> 0.959 | S43: 0.22916667 | T43: 0.25 | U43: =IF(S43=TIME(17,0,0),"",(S43-T42)*24*60) -> 8 | V43: =(T43-S43)*24*60 -> 30 | AE43: =M43-J43 -> -82 | AF43: =M43/J43 -> 0.959
A44: 新豐1線 | B44: 微波主食 | C44: 炙烤醬香燒豚飯 | E44: 51.44 | F44: 1058 | G44: =E44*F44 -> 54423.52 | I44: 25 | J44: 2000 | K44: =J44/I44 -> 80 | L44: 25 | M44: =F44/V44*60 -> 1923.6364 | N44: =M44/L44 -> 76.945455 | O44: =L44-I44 -> 0 | P44: =N44-K44 -> -3.0545455 | Q44: =N44/K44 -> 0.96181818 | S44: 0.25486111 | T44: 0.27777778 | U44: =IF(S44=TIME(17,0,0),"",(S44-T43)*24*60) -> 7 | V44: =(T44-S44)*24*60 -> 33 | AE44: =M44-J44 -> -76.363636 | AF44: =M44/J44 -> 0.96181818
A45: 新豐1線 | B45: 微波主食 | C45: 金沙醬牛豚雙饗飯 | E45: 56.43 | F45: 755 | G45: =E45*F45 -> 42604.65 | I45: 23 | J45: 2000 | K45: =J45/I45 -> 86.956522 | L45: 23 | M45: =F45/V45*60 -> 1969.5652 | N45: =M45/L45 -> 85.63327 | O45: =L45-I45 -> 0 | P45: =N45-K45 -> -1.3232514 | Q45: =N45/K45 -> 0.98478261 | S45: 0.28263889 | T45: 0.29861111 | U45: =IF(S45=TIME(17,0,0),"",(S45-T44)*24*60) -> 7 | V45: =(T45-S45)*24*60 -> 23 | AE45: =M45-J45 -> -30.434783 | AF45: =M45/J45 -> 0.98478261
A46: 新豐1線 | B46: 微波主食 | C46: 壹號醬泡菜鹽蔥雞豚雙拼 | E46: 56.43 | F46: 2109 | G46: =E46*F46 -> 119010.87 | I46: 21 | J46: 2000 | K46: =J46/I46 -> 95.238095 | L46: 21 | M46: =F46/V46*60 -> 1917.2727 | N46: =M46/L46 -> 91.298701 | O46: =L46-I46 -> 0 | P46: =N46-K46 -> -3.9393939 | Q46: =N46/K46 -> 0.95863636 | S46: 0.30208333 | T46: 0.34791667 | U46: =IF(S46=TIME(17,0,0),"",(S46-T45)*24*60) -> 5 | V46: =(T46-S46)*24*60 -> 66 | AE46: =M46-J46 -> -82.727273 | AF46: =M46/J46 -> 0.95863636
A47: 新豐1線 | B47: 微波主食 | C47: 二配香辣醬蒜味香腸蛋炒飯 | E47: 55.56 | F47: 1730 | G47: =E47*F47 -> 96118.8 | I47: 17 | J47: 2000 | K47: =J47/I47 -> 117.64706 | L47: 17 | M47: =F47/V47*60 -> 1922.2222 | N47: =M47/L47 -> 113.0719 | O47: =L47-I47 -> 0 | P47: =N47-K47 -> -4.5751634 | Q47: =N47/K47 -> 0.96111111 | S47: 0.70833333 | T47: 0.74583333 | U47: =IF(S47=TIME(17,0,0),"",(S47-T46)*24*60) | V47: =(T47-S47)*24*60 -> 54 | AE47: =M47-J47 -> -77.777778 | AF47: =M47/J47 -> 0.96111111
A48: 新豐1線 | B48: 微波主食 | C48: 二配排骨蛋炒飯 | E48: 58.17 | F48: 1124 | G48: =E48*F48 -> 65383.08 | I48: 13 | J48: 2000 | K48: =J48/I48 -> 153.84615 | L48: 13 | M48: =F48/V48*60 -> 1926.8571 | N48: =M48/L48 -> 148.21978 | O48: =L48-I48 -> 0 | P48: =N48-K48 -> -5.6263736 | Q48: =N48/K48 -> 0.96342857 | S48: 0.75069444 | T48: 0.775 | U48: =IF(S48=TIME(17,0,0),"",(S48-T47)*24*60) -> 7 | V48: =(T48-S48)*24*60 -> 35 | AE48: =M48-J48 -> -73.142857 | AF48: =M48/J48 -> 0.96342857
A49: 新豐1線 | B49: 微波主食 | C49: 二配叉燒蛋炒飯 | E49: 54.09 | F49: 864 | G49: =E49*F49 -> 46733.76 | I49: 14 | J49: 2000 | K49: =J49/I49 -> 142.85714 | L49: 14 | M49: =F49/V49*60 -> 1920 | N49: =M49/L49 -> 137.14286 | O49: =L49-I49 -> 0 | P49: =N49-K49 -> -5.7142857 | Q49: =N49/K49 -> 0.96 | S49: 0.77916667 | T49: 0.79791667 | U49: =IF(S49=TIME(17,0,0),"",(S49-T48)*24*60) -> 6 | V49: =(T49-S49)*24*60 -> 27 | AE49: =M49-J49 -> -80 | AF49: =M49/J49 -> 0.96
A50: 新豐1線 | B50: 平均 | I50: 18.25 | J50: 2000 | K50: =J50/I50 -> 109.58904 | L50: 18.25 | M50: =AVERAGE(M42:M49) -> 1933.3306 | N50: =M50/L50 -> 105.93592 | O50: =L50-I50 -> 0 | P50: =N50-K50 -> -3.6531193 | Q50: =N50/K50 -> 0.96666529 | Y50: =SUM(Y42:Y49) -> 0 | Z50: =SUM(Z42:Z49) -> 0 | AC50: 8 | AD50: =SUM(AD42:AD49) -> 0 | AE50: =M50-J50 -> -66.669427 | AF50: =M50/J50 -> 0.96666529
A51: 新豐10線 | B51: 調理麵包 | C51: 經典雙牛起司堡(113年) | E51: 35.12 | F51: 4001 | G51: =E51*F51 -> 140515.12 | I51: 10 | J51: 3000 | K51: =J51/I51 -> 300 | L51: 10 | M51: =F51/V51*60 -> 2857.8571 | N51: =M51/L51 -> 285.78571 | O51: =L51-I51 -> 0 | P51: =N51-K51 -> -14.214286 | Q51: =N51/K51 -> 0.95261905 | R51: =Q56 -> 0.9681332 | S51: 0.20833333 | T51: 0.26666667 | V51: =(T51-S51)*24*60 -> 84 | AC51: 5 | AE51: =M51-J51 -> -142.14286 | AF51: =M51/J51 -> 0.95261905 | AG51: =AF56 -> 0.9681332
A52: 新豐10線 | B52: 調理麵包 | C52: 香雞蛋堡(112年) | E52: 26.78 | F52: 2043 | G52: =E52*F52 -> 54711.54 | I52: 10 | J52: 3000 | K52: =J52/I52 -> 300 | L52: 10 | M52: =F52/V52*60 -> 2918.5714 | N52: =M52/L52 -> 291.85714 | O52: =L52-I52 -> 0 | P52: =N52-K52 -> -8.1428571 | Q52: =N52/K52 -> 0.97285714 | S52: 0.27083333 | T52: 0.3 | U52: =(S52-T51)*24*60 -> 6 | V52: =(T52-S52)*24*60 -> 42 | AE52: =M52-J52 -> -81.428571 | AF52: =M52/J52 -> 0.97285714
A53: 新豐10線 | B53: 調理麵包 | C53: 超HOT雞腿堡 | E53: 35.87 | F53: 2373 | G53: =E53*F53 -> 85119.51 | I53: 10 | J53: 3000 | K53: =J53/I53 -> 300 | L53: 10 | M53: =F53/V53*60 -> 2905.7143 | N53: =M53/L53 -> 290.57143 | O53: =L53-I53 -> 0 | P53: =N53-K53 -> -9.4285714 | Q53: =N53/K53 -> 0.96857143 | S53: 0.30416667 | T53: 0.33819444 | U53: =(S53-T52)*24*60 -> 6 | V53: =(T53-S53)*24*60 -> 49 | AE53: =M53-J53 -> -94.285714 | AF53: =M53/J53 -> 0.96857143
A54: 新豐10線 | B54: 調理麵包 | C54: 美式雞腿堡 | E54: 35.87 | F54: 886 | G54: =E54*F54 -> 31780.82 | I54: 9 | J54: 3000 | K54: =J54/I54 -> 333.33333 | L54: 9 | M54: =F54/V54*60 -> 2953.3333 | N54: =M54/L54 -> 328.14815 | O54: =L54-I54 -> 0 | P54: =N54-K54 -> -5.1851852 | Q54: =N54/K54 -> 0.98444444 | S54: 0.34236111 | T54: 0.35486111 | U54: =(S54-T53)*24*60 -> 6 | V54: =(T54-S54)*24*60 -> 18 | AE54: =M54-J54 -> -46.666667 | AF54: =M54/J54 -> 0.98444444
A55: 新豐10線 | B55: 調理麵包 | C55: 益活雞力能量堡 | E55: 33.77 | F55: 2213 | G55: =E55*F55 -> 74733.01 | I55: 12 | J55: 3000 | K55: =J55/I55 -> 250 | L55: 12 | M55: =F55/V55*60 -> 2886.5217 | N55: =M55/L55 -> 240.54348 | O55: =L55-I55 -> 0 | P55: =N55-K55 -> -9.4565217 | Q55: =N55/K55 -> 0.96217391 | S55: 0.35833333 | T55: 0.39027778 | U55: =(S55-T54)*24*60 -> 5 | V55: =(T55-S55)*24*60 -> 46 | AE55: =M55-J55 -> -113.47826 | AF55: =M55/J55 -> 0.96217391
A56: 新豐10線 | B56: 平均 | I56: 10.2 | J56: 3000 | K56: =J56/I56 -> 294.11765 | L56: 10.2 | M56: =AVERAGE(M51:M55) -> 2904.3996 | N56: =M56/L56 -> 284.74506 | O56: =L56-I56 -> 0 | P56: =N56-K56 -> -9.3725896 | Q56: =N56/K56 -> 0.9681332 | Y56: =SUM(Y51:Y55) -> 0 | Z56: =SUM(Z51:Z55) -> 0 | AC56: 5 | AD56: =SUM(AD51:AD55) -> 0 | AE56: =M56-J56 -> -95.600414 | AF56: =M56/J56 -> 0.9681332
A57: 新豐4線 | B57: 三明治 | C57: 火腿起司蛋三明治 | E57: 19.02 | F57: 8448 | G57: =E57*F57 -> 160680.96 | I57: 14 | J57: 2400 | K57: =J57/I57 -> 171.42857 | L57: 14 | M57: =F57/V57*60 -> 2293.5747 | N57: =M57/L57 -> 163.82676 | O57: =L57-I57 -> 0 | P57: =N57-K57 -> -7.60181 | Q57: =N57/K57 -> 0.95565611 | R57: =Q64 -> 0.96250888 | S57: 0.083333333 | T57: 0.23680556 | V57: =(T57-S57)*24*60 -> 221 | W57: =T57 -> 0.23680556 | X57: =S58 -> 0.25625 | AC57: 7 | AE57: =M57-J57 -> -106.42534 | AF57: =M57/J57 -> 0.95565611 | AG57: =AF64 -> 0.96250888
A58: 新豐4線 | B58: 三明治 | C58: 肉鬆火腿三明治(115年) | E58: 20.36 | F58: 2888 | G58: =E58*F58 -> 58799.68 | I58: 17 | J58: 2400 | K58: =J58/I58 -> 141.17647 | L58: 17 | M58: =F58/V58*60 -> 2310.4 | N58: =M58/L58 -> 135.90588 | O58: =L58-I58 -> 0 | P58: =N58-K58 -> -5.2705882 | Q58: =N58/K58 -> 0.96266667 | S58: 0.25625 | T58: 0.30833333 | U58: =(S58-T57)*24*60 -> 28 | V58: =(T58-S58)*24*60 -> 75 | AE58: =M58-J58 -> -89.6 | AF58: =M58/J58 -> 0.96266667
A59: 新豐4線 | B59: 三明治 | C59: 紅豆黑糖麻糬三明治 | E59: 23.8 | F59: 2061 | G59: =E59*F59 -> 49051.8 | I59: 16 | J59: 2400 | K59: =J59/I59 -> 150 | L59: 16 | M59: =F59/V59*60 -> 2290 | N59: =M59/L59 -> 143.125 | O59: =L59-I59 -> 0 | P59: =N59-K59 -> -6.875 | Q59: =N59/K59 -> 0.95416667 | S59: 0.31180556 | T59: 0.34930556 | U59: =(S59-T58)*24*60 -> 5 | V59: =(T59-S59)*24*60 -> 54 | AE59: =M59-J59 -> -110 | AF59: =M59/J59 -> 0.95416667
A60: 新豐4線 | B60: 三明治 | C60: 茄汁厚起司三明治 | E60: 25.99 | F60: 817 | G60: =E60*F60 -> 21233.83 | I60: 18 | J60: 2400 | K60: =J60/I60 -> 133.33333 | L60: 18 | M60: =F60/V60*60 -> 2334.2857 | N60: =M60/L60 -> 129.68254 | O60: =L60-I60 -> 0 | P60: =N60-K60 -> -3.6507937 | Q60: =N60/K60 -> 0.97261905 | S60: 0.35486111 | T60: 0.36944444 | U60: =(S60-T59)*24*60 -> 8 | V60: =(T60-S60)*24*60 -> 21 | AE60: =M60-J60 -> -65.714286 | AF60: =M60/J60 -> 0.97261905
A61: 新豐4線 | B61: 三明治 | C61: 水果聖代三明治 | E61: 28.29 | F61: 2000 | G61: =E61*F61 -> 56580 | I61: 19 | J61: 2400 | K61: =J61/I61 -> 126.31579 | L61: 19 | M61: =F61/V61*60 -> 2307.6923 | N61: =M61/L61 -> 121.45749 | O61: =L61-I61 -> 0 | P61: =N61-K61 -> -4.8582996 | Q61: =N61/K61 -> 0.96153846 | S61: 0.37361111 | T61: 0.40972222 | U61: =(S61-T60)*24*60 -> 6 | V61: =(T61-S61)*24*60 -> 52 | AE61: =M61-J61 -> -92.307692 | AF61: =M61/J61 -> 0.96153846
A62: 新豐4線 | B62: 三明治 | C62: 起司芋見肉鬆三明治 | E62: 25.98 | F62: 1251 | G62: =E62*F62 -> 32500.98 | I62: 17 | J62: 2400 | K62: =J62/I62 -> 141.17647 | L62: 17 | M62: =F62/V62*60 -> 2345.625 | N62: =M62/L62 -> 137.97794 | O62: =L62-I62 -> 0 | P62: =N62-K62 -> -3.1985294 | Q62: =N62/K62 -> 0.97734375 | S62: 0.41388889 | T62: 0.43611111 | U62: =(S62-T61)*24*60 -> 6 | V62: =(T62-S62)*24*60 -> 32 | AE62: =M62-J62 -> -54.375 | AF62: =M62/J62 -> 0.97734375
A63: 新豐4線 | B63: 三明治 | C63: 巧克力肉鬆三明治 | E63: 23.89 | F63: 2136 | G63: =E63*F63 -> 51029.04 | I63: 17 | J63: 2400 | K63: =J63/I63 -> 141.17647 | L63: 17 | M63: =F63/V63*60 -> 2288.5714 | N63: =M63/L63 -> 134.62185 | O63: =L63-I63 -> 0 | P63: =N63-K63 -> -6.5546218 | Q63: =N63/K63 -> 0.95357143 | S63: 0.44166667 | T63: 0.48055556 | U63: =(S63-T62)*24*60 -> 8 | V63: =(T63-S63)*24*60 -> 56 | AE63: =M63-J63 -> -111.42857 | AF63: =M63/J63 -> 0.95357143
A64: 新豐4線 | B64: 平均 | I64: 16.857143 | J64: 2400 | K64: =J64/I64 -> 142.37288 | L64: 16.857143 | M64: =AVERAGE(M57:M63) -> 2310.0213 | N64: =M64/L64 -> 137.03516 | O64: =L64-I64 -> 0 | P64: =N64-K64 -> -5.3377194 | Q64: =N64/K64 -> 0.96250888 | Y64: =SUM(Y57:Y63) -> 0 | Z64: =SUM(Z57:Z63) -> 0 | AC64: 7 | AD64: =SUM(AD57:AD63) -> 0 | AE64: =M64-J64 -> -89.978698 | AF64: =M64/J64 -> 0.96250888

Sheet 0923
B1: 屏榮 新豐廠組合室生產人時性分析
B3: 日期 | C3: =TEXT('0923 4度C'!A2,"yyyy.mm.ddaaaa") -> 2026.09.23星期三 | E3: 訂單量 | F3: ='0923 4度C'!D1 -> 155107 | H3: 營業額 | I3: ='0923 4度C'!F1 -> 5202468.9
B4: 人時性 | C4: 項目 | E4: ➀ | G4: ➁ | I4: ➂ | K4: 異常停線 | M4: 短暫停線
C5: 組合室 | E5: 全溫層 | G5: 4度C-各編組展開 | I5: ③三明治-各編組展開 | K5: 合計次數 | L5: 時間 | M5: 合計次數 | N5: 設備次數
C6: 排關平均 | E6: =AVERAGE(D13:M13) -> 150.70136 | F6: =AVERAGE(D31:O31,D13:J13) -> 155.4303 | G6: =AVERAGE(D13:J13) -> 155.4303 | I6: =AVERAGE(K13:M13) -> 139.66718 | K6: ='0923 4度C'!Y2 -> 0 | L6: ='0923 4度C'!Z2 -> 0 | M6: ='0923 4度C'!AC2 -> 58 | N6: ='0923 4度C'!AD2 -> 0
C7: 實績平均 | E7: =AVERAGE(D14:M14) -> 144.58475 | F7: =AVERAGE(D32:O32,D14:J14) -> 149.19276 | G7: =AVERAGE(D14:J14) -> 149.19276 | I7: =AVERAGE(K14:M14) -> 133.83273
C8: 達成率平均 | E8: =AVERAGE(D15:M15) -> 0.95957476 | F8: =AVERAGE(D15:J15,D33:O33) -> 0.96014441 | G8: =AVERAGE(D15:J15) -> 0.96014441 | I8: =AVERAGE(K15:M15) -> 0.95824555
K9: ※現行日本鮮食廠以達成率80%為基本(即為現行KPI)
B10: 溫層 | D10: ➁4度C-各編組展開 | K10: ③三明治-各編組展開
B11: 編組 | D11: 1 | E11: 2 | F11: 3 | G11: 4 | H11: 5 | I11: 6 | J11: 7 | K11: 1 | L11: 2 | M11: 3
D12: 新豐6線 | E12: 新豐2線 | F12: 新豐5線 | G12: 新豐7線 | H12: 新豐3線 | I12: 新豐1線 | J12: 新豐10線 | K12: 新豐8線 | L12: 新豐9線 | M12: 新豐4線
B13: 人時性 | C13: 排關 | D13: =SUMIFS('0923 4度C'!$K:$K,'0923 4度C'!$A:$A,"新豐6線",'0923 4度C'!$B:$B,"平均") -> 130.43478 | E13: =SUMIFS('0923 4度C'!$K:$K,'0923 4度C'!$A:$A,"新豐2線",'0923 4度C'!$B:$B,"平均") -> 83.333333 | F13: =SUMIFS('0923 4度C'!$K:$K,'0923 4度C'!$A:$A,"新豐5線",'0923 4度C'!$B:$B,"平均") -> 100.84034 | G13: =SUMIFS('0923 4度C'!$K:$K,'0923 4度C'!$A:$A,"新豐7線",'0923 4度C'!$B:$B,"平均") -> 127.27273 | H13: =SUMIFS('0923 4度C'!$K:$K,'0923 4度C'!$A:$A,"新豐3線",'0923 4度C'!$B:$B,"平均") -> 242.42424 | I13: =SUMIFS('0923 4度C'!$K:$K,'0923 4度C'!$A:$A,"新豐1線",'0923 4度C'!$B:$B,"平均") -> 109.58904 | J13: =SUMIFS('0923 4度C'!$K:$K,'0923 4度C'!$A:$A,"新豐10線",'0923 4度C'!$B:$B,"平均") -> 294.11765 | K13: =SUMIFS('0923 4度C'!$K:$K,'0923 4度C'!$A:$A,"新豐8線",'0923 4度C'!$B:$B,"平均") -> 147.36842 | L13: =SUMIFS('0923 4度C'!$K:$K,'0923 4度C'!$A:$A,"新豐9線",'0923 4度C'!$B:$B,"平均") -> 126.66667 | M13: =SUMIFS('0923 4度C'!$K:$K,'0923 4度C'!$A:$A,"新豐4線",'0923 4度C'!$B:$B,"平均") -> 144.96644
C14: 實績 | D14: =SUMIFS('0923 4度C'!$N:$N,'0923 4度C'!$A:$A,"新豐6線",'0923 4度C'!$B:$B,"平均") -> 126.15862 | E14: =SUMIFS('0923 4度C'!$N:$N,'0923 4度C'!$A:$A,"新豐2線",'0923 4度C'!$B:$B,"平均") -> 79.530664 | F14: =SUMIFS('0923 4度C'!$N:$N,'0923 4度C'!$A:$A,"新豐5線",'0923 4度C'!$B:$B,"平均") -> 96.810281 | G14: =SUMIFS('0923 4度C'!$N:$N,'0923 4度C'!$A:$A,"新豐7線",'0923 4度C'!$B:$B,"平均") -> 122.52563 | H14: =SUMIFS('0923 4度C'!$N:$N,'0923 4度C'!$A:$A,"新豐3線",'0923 4度C'!$B:$B,"平均") -> 231.85612 | I14: =SUMIFS('0923 4度C'!$N:$N,'0923 4度C'!$A:$A,"新豐1線",'0923 4度C'!$B:$B,"平均") -> 105.30872 | J14: =SUMIFS('0923 4度C'!$N:$N,'0923 4度C'!$A:$A,"新豐10線",'0923 4度C'!$B:$B,"平均") -> 282.15932 | K14: =SUMIFS('0923 4度C'!$N:$N,'0923 4度C'!$A:$A,"新豐8線",'0923 4度C'!$B:$B,"平均") -> 141.18688 | L14: =SUMIFS('0923 4度C'!$N:$N,'0923 4度C'!$A:$A,"新豐9線",'0923 4度C'!$B:$B,"平均") -> 121.43108 | M14: =SUMIFS('0923 4度C'!$N:$N,'0923 4度C'!$A:$A,"新豐4線",'0923 4度C'!$B:$B,"平均") -> 138.88024
C15: 達成率 | D15: =D14/D13 -> 0.96721608 | E15: =E14/E13 -> 0.95436797 | F15: =F14/F13 -> 0.96003529 | G15: =G14/G13 -> 0.96270136 | H15: =H14/H13 -> 0.95640649 | I15: =I14/I13 -> 0.96094203 | J15: =J14/J13 -> 0.95934168 | K15: =K14/K13 -> 0.95805384 | ... M15: =M14/M13 -> 0.95801644
B16: 作業 時間 | C16: 開始 | D16: =VLOOKUP("新豐6線",'0923 4度C'!$A:$T,19,0) -> 0.70833333 | E16: =VLOOKUP("新豐2線",'0923 4度C'!$A:$T,19,0) -> 0.083333333 | F16: =VLOOKUP("新豐5線",'0923 4度C'!$A:$T,19,0) -> 0.20833333 | G16: =VLOOKUP("新豐7線",'0923 4度C'!$A:$T,19,0) -> 0.25 | H16: =VLOOKUP("新豐3線",'0923 4度C'!$A:$T,19,0) -> 0.20833333 | I16: =VLOOKUP("新豐1線",'0923 4度C'!$A:$T,19,0) -> 0.20833333 | J16: =VLOOKUP("新豐10線",'0923 4度C'!$A:$T,19,0) -> 0.20833333 | K16: =VLOOKUP("新豐8線",'0923 4度C'!$A:$T,19,0) -> 0.083333333 | L16: =VLOOKUP("新豐9線",'0923 4度C'!$A:$T,19,0) -> 0.083333333 | M16: =VLOOKUP("新豐4線",'0923 4度C'!$A:$T,19,0) -> 0.083333333
C17: 結束 | D17: =LOOKUP(2,1/(('0923 4度C'!$A:$A="新豐6線")*('0923 4度C'!$T:$T<>"")),'0923 4度C'!$T:$T) -> 0.82430556 | E17: =LOOKUP(2,1/(('0923 4度C'!$A:$A="新豐2線")*('0923 4度C'!$T:$T<>"")),'0923 4度C'!$T:$T) -> 0.39236111 | F17: =LOOKUP(2,1/(('0923 4度C'!$A:$A="新豐5線")*('0923 4度C'!$T:$T<>"")),'0923 4度C'!$T:$T) -> 0.80902778 | G17: =LOOKUP(2,1/(('0923 4度C'!$A:$A="新豐7線")*('0923 4度C'!$T:$T<>"")),'0923 4度C'!$T:$T) -> 0.91597222 | H17: =LOOKUP(2,1/(('0923 4度C'!$A:$A="新豐3線")*('0923 4度C'!$T:$T<>"")),'0923 4度C'!$T:$T) -> 0.43472222 | I17: =LOOKUP(2,1/(('0923 4度C'!$A:$A="新豐1線")*('0923 4度C'!$T:$T<>"")),'0923 4度C'!$T:$T) -> 0.81458333 | J17: =LOOKUP(2,1/(('0923 4度C'!$A:$A="新豐10線")*('0923 4度C'!$T:$T<>"")),'0923 4度C'!$T:$T) -> 0.42361111 | K17: =LOOKUP(2,1/(('0923 4度C'!$A:$A="新豐8線")*('0923 4度C'!$T:$T<>"")),'0923 4度C'!$T:$T) -> 0.65694444 | L17: =LOOKUP(2,1/(('0923 4度C'!$A:$A="新豐9線")*('0923 4度C'!$T:$T<>"")),'0923 4度C'!$T:$T) -> 0.66527778 | M17: =LOOKUP(2,1/(('0923 4度C'!$A:$A="新豐4線")*('0923 4度C'!$T:$T<>"")),'0923 4度C'!$T:$T) -> 0.65277778
B18: 產線異常 (5分鐘以上) | C18: 次數 | D18: =SUMIFS('0923 4度C'!$Y:$Y,'0923 4度C'!$A:$A,"新豐6線",'0923 4度C'!$B:$B,"平均") -> 0 | E18: =SUMIFS('0923 4度C'!$Y:$Y,'0923 4度C'!$A:$A,"新豐2線",'0923 4度C'!$B:$B,"平均") -> 0 | F18: =SUMIFS('0923 4度C'!$Y:$Y,'0923 4度C'!$A:$A,"新豐5線",'0923 4度C'!$B:$B,"平均") -> 0 | G18: =SUMIFS('0923 4度C'!$Y:$Y,'0923 4度C'!$A:$A,"新豐7線",'0923 4度C'!$B:$B,"平均") -> 0 | H18: =SUMIFS('0923 4度C'!$Y:$Y,'0923 4度C'!$A:$A,"新豐3線",'0923 4度C'!$B:$B,"平均") -> 0 | I18: =SUMIFS('0923 4度C'!$Y:$Y,'0923 4度C'!$A:$A,"新豐1線",'0923 4度C'!$B:$B,"平均") -> 0 | J18: =SUMIFS('0923 4度C'!$Y:$Y,'0923 4度C'!$A:$A,"新豐10線",'0923 4度C'!$B:$B,"平均") -> 0 | K18: =SUMIFS('0923 4度C'!$Y:$Y,'0923 4度C'!$A:$A,"新豐8線",'0923 4度C'!$B:$B,"平均") -> 0 | L18: =SUMIFS('0923 4度C'!$Y:$Y,'0923 4度C'!$A:$A,"新豐9線",'0923 4度C'!$B:$B,"平均") -> 0 | M18: =SUMIFS('0923 4度C'!$Y:$Y,'0923 4度C'!$A:$A,"新豐4線",'0923 4度C'!$B:$B,"平均") -> 0
C19: 時間/分 | D19: =SUMIFS('0923 4度C'!$Z:$Z,'0923 4度C'!$A:$A,"新豐6線",'0923 4度C'!$B:$B,"平均") -> 0 | E19: =SUMIFS('0923 4度C'!$Z:$Z,'0923 4度C'!$A:$A,"新豐2線",'0923 4度C'!$B:$B,"平均") -> 0 | F19: =SUMIFS('0923 4度C'!$Z:$Z,'0923 4度C'!$A:$A,"新豐5線",'0923 4度C'!$B:$B,"平均") -> 0 | G19: =SUMIFS('0923 4度C'!$Z:$Z,'0923 4度C'!$A:$A,"新豐7線",'0923 4度C'!$B:$B,"平均") -> 0 | H19: =SUMIFS('0923 4度C'!$Z:$Z,'0923 4度C'!$A:$A,"新豐3線",'0923 4度C'!$B:$B,"平均") -> 0 | I19: =SUMIFS('0923 4度C'!$Z:$Z,'0923 4度C'!$A:$A,"新豐1線",'0923 4度C'!$B:$B,"平均") -> 0 | J19: =SUMIFS('0923 4度C'!$Z:$Z,'0923 4度C'!$A:$A,"新豐10線",'0923 4度C'!$B:$B,"平均") -> 0 | K19: =SUMIFS('0923 4度C'!$Z:$Z,'0923 4度C'!$A:$A,"新豐8線",'0923 4度C'!$B:$B,"平均") -> 0 | L19: =SUMIFS('0923 4度C'!$Z:$Z,'0923 4度C'!$A:$A,"新豐9線",'0923 4度C'!$B:$B,"平均") -> 0 | M19: =SUMIFS('0923 4度C'!$Z:$Z,'0923 4度C'!$A:$A,"新豐4線",'0923 4度C'!$B:$B,"平均") -> 0
