Workbook

Sheet 0430
B1: 屏榮 新豐廠組合室生產人時性分析
B3: 日期 | C3: =TEXT('0430 4度C'!A2,"yyyy.mm.ddaaaa") -> 2026.04.30星期四 | E3: 訂單量 | F3: ='0430 4度C'!D1 -> 145179 | H3: 營業額 | I3: ='0430 4度C'!F1 -> 4913951.9
B4: 人時性 | C4: 項目 | E4: ➀ | G4: ➁ | I4: ➂ | K4: 異常停線 | M4: 短暫停線
C5: 組合室 | E5: 全溫層 | G5: 4度C-各編組展開 | I5: ③三明治-各編組展開 | K5: 合計次數 | L5: 時間 | M5: 合計次數 | N5: 設備次數
C6: 排關平均 | E6: =AVERAGE(D13:M13) -> 151.17421 | F6: =AVERAGE(D31:O31,D13:J13) -> 157.40334 | G6: =AVERAGE(D13:J13) -> 157.40334 | I6: =AVERAGE(K13:M13) -> 136.63956 | K6: ='0430 4度C'!Y2 -> 0 | L6: ='0430 4度C'!Z2 -> 0 | M6: ='0430 4度C'!AC2 -> 53 | N6: ='0430 4度C'!AD2 -> 0
C7: 實績平均 | E7: =AVERAGE(D14:M14) -> 145.22076 | F7: =AVERAGE(D32:O32,D14:J14) -> 151.45037 | G7: =AVERAGE(D14:J14) -> 151.45037 | I7: =AVERAGE(K14:M14) -> 130.685
C8: 達成率平均 | E8: =AVERAGE(D15:M15) -> 0.96100495 | F8: =AVERAGE(D15:J15,D33:O33) -> 0.96300115 | G8: =AVERAGE(D15:J15) -> 0.96300115 | I8: =AVERAGE(K15:M15) -> 0.95634714
K9: ※現行日本鮮食廠以達成率80%為基本(即為現行KPI)
B10: 溫層 | D10: ➁4度C-各編組展開 | K10: ③三明治-各編組展開
B11: 編組 | D11: 1 | E11: 2 | F11: 3 | G11: 4 | H11: 5 | I11: 6 | J11: 7 | K11: 1 | L11: 2 | M11: 3
D12: 新豐6線 | E12: 新豐2線 | F12: 新豐5線 | G12: 新豐7線 | H12: 新豐3線 | I12: 新豐1線 | J12: 新豐10線 | K12: 新豐8線 | L12: 新豐9線 | M12: 新豐4線
B13: 人時性 | C13: 排關 | D13: =SUMIFS('0430 4度C'!$K:$K,'0430 4度C'!$A:$A,"新豐6線",'0430 4度C'!$B:$B,"平均") -> 119.40299 | E13: =SUMIFS('0430 4度C'!$K:$K,'0430 4度C'!$A:$A,"新豐2線",'0430 4度C'!$B:$B,"平均") -> 83.333333 | F13: =SUMIFS('0430 4度C'!$K:$K,'0430 4度C'!$A:$A,"新豐5線",'0430 4度C'!$B:$B,"平均") -> 100 | G13: =SUMIFS('0430 4度C'!$K:$K,'0430 4度C'!$A:$A,"新豐7線",'0430 4度C'!$B:$B,"平均") -> 123.45679 | H13: =SUMIFS('0430 4度C'!$K:$K,'0430 4度C'!$A:$A,"新豐3線",'0430 4度C'!$B:$B,"平均") -> 255.81395 | I13: =SUMIFS('0430 4度C'!$K:$K,'0430 4度C'!$A:$A,"新豐1線",'0430 4度C'!$B:$B,"平均") -> 104.02685 | J13: =SUMIFS('0430 4度C'!$K:$K,'0430 4度C'!$A:$A,"新豐10線",'0430 4度C'!$B:$B,"平均") -> 315.78947 | K13: =SUMIFS('0430 4度C'!$K:$K,'0430 4度C'!$A:$A,"新豐8線",'0430 4度C'!$B:$B,"平均") -> 134.57944 | L13: =SUMIFS('0430 4度C'!$K:$K,'0430 4度C'!$A:$A,"新豐9線",'0430 4度C'!$B:$B,"平均") -> 126.66667 | M13: =SUMIFS('0430 4度C'!$K:$K,'0430 4度C'!$A:$A,"新豐4線",'0430 4度C'!$B:$B,"平均") -> 148.67257
C14: 實績 | D14: =SUMIFS('0430 4度C'!$N:$N,'0430 4度C'!$A:$A,"新豐6線",'0430 4度C'!$B:$B,"平均") -> 116.40681 | E14: =SUMIFS('0430 4度C'!$N:$N,'0430 4度C'!$A:$A,"新豐2線",'0430 4度C'!$B:$B,"平均") -> 79.397381 | F14: =SUMIFS('0430 4度C'!$N:$N,'0430 4度C'!$A:$A,"新豐5線",'0430 4度C'!$B:$B,"平均") -> 96.735627 | G14: =SUMIFS('0430 4度C'!$N:$N,'0430 4度C'!$A:$A,"新豐7線",'0430 4度C'!$B:$B,"平均") -> 118.3966 | H14: =SUMIFS('0430 4度C'!$N:$N,'0430 4度C'!$A:$A,"新豐3線",'0430 4度C'!$B:$B,"平均") -> 244.69778 | I14: =SUMIFS('0430 4度C'!$N:$N,'0430 4度C'!$A:$A,"新豐1線",'0430 4度C'!$B:$B,"平均") -> 100.74761 | J14: =SUMIFS('0430 4度C'!$N:$N,'0430 4度C'!$A:$A,"新豐10線",'0430 4度C'!$B:$B,"平均") -> 303.77079 | K14: =SUMIFS('0430 4度C'!$N:$N,'0430 4度C'!$A:$A,"新豐8線",'0430 4度C'!$B:$B,"平均") -> 128.63837 | L14: =SUMIFS('0430 4度C'!$N:$N,'0430 4度C'!$A:$A,"新豐9線",'0430 4度C'!$B:$B,"平均") -> 121.00196 | M14: =SUMIFS('0430 4度C'!$N:$N,'0430 4度C'!$A:$A,"新豐4線",'0430 4度C'!$B:$B,"平均") -> 142.41468
C15: 達成率 | D15: =D14/D13 -> 0.97490706 | E15: =E14/E13 -> 0.95276857 | F15: =F14/F13 -> 0.96735627 | G15: =G14/G13 -> 0.95901248 | H15: =H14/H13 -> 0.95654587 | I15: =I14/I13 -> 0.968477 | J15: =J14/J13 -> 0.96194083 | K15: =K14/K13 -> 0.95585452 | ... M15: =M14/M13 -> 0.95790829
B16: 作業 時間 | C16: 開始 | D16: =VLOOKUP("新豐6線",'0430 4度C'!$A:$T,19,0) -> 0.70833333 | E16: =VLOOKUP("新豐2線",'0430 4度C'!$A:$T,19,0) -> 0.20833333 | F16: =VLOOKUP("新豐5線",'0430 4度C'!$A:$T,19,0) -> 0.20833333 | G16: =VLOOKUP("新豐7線",'0430 4度C'!$A:$T,19,0) -> 0.20833333 | H16: =VLOOKUP("新豐3線",'0430 4度C'!$A:$T,19,0) -> 0.083333333 | I16: =VLOOKUP("新豐1線",'0430 4度C'!$A:$T,19,0) -> 0.20833333 | J16: =VLOOKUP("新豐10線",'0430 4度C'!$A:$T,19,0) -> 0.20833333 | K16: =VLOOKUP("新豐8線",'0430 4度C'!$A:$T,19,0) -> 0.083333333 | L16: =VLOOKUP("新豐9線",'0430 4度C'!$A:$T,19,0) -> 0.083333333 | M16: =VLOOKUP("新豐4線",'0430 4度C'!$A:$T,19,0) -> 0.083333333
C17: 結束 | D17: =LOOKUP(2,1/(('0430 4度C'!$A:$A="新豐6線")*('0430 4度C'!$T:$T<>"")),'0430 4度C'!$T:$T) -> 0.80625 | E17: =LOOKUP(2,1/(('0430 4度C'!$A:$A="新豐2線")*('0430 4度C'!$T:$T<>"")),'0430 4度C'!$T:$T) -> 0.47152778 | F17: =LOOKUP(2,1/(('0430 4度C'!$A:$A="新豐5線")*('0430 4度C'!$T:$T<>"")),'0430 4度C'!$T:$T) -> 0.79930556 | G17: =LOOKUP(2,1/(('0430 4度C'!$A:$A="新豐7線")*('0430 4度C'!$T:$T<>"")),'0430 4度C'!$T:$T) -> 0.77916667 | H17: =LOOKUP(2,1/(('0430 4度C'!$A:$A="新豐3線")*('0430 4度C'!$T:$T<>"")),'0430 4度C'!$T:$T) -> 0.4125 | I17: =LOOKUP(2,1/(('0430 4度C'!$A:$A="新豐1線")*('0430 4度C'!$T:$T<>"")),'0430 4度C'!$T:$T) -> 0.78402778 | J17: =LOOKUP(2,1/(('0430 4度C'!$A:$A="新豐10線")*('0430 4度C'!$T:$T<>"")),'0430 4度C'!$T:$T) -> 0.37361111 | K17: =LOOKUP(2,1/(('0430 4度C'!$A:$A="新豐8線")*('0430 4度C'!$T:$T<>"")),'0430 4度C'!$T:$T) -> 0.62569444 | L17: =LOOKUP(2,1/(('0430 4度C'!$A:$A="新豐9線")*('0430 4度C'!$T:$T<>"")),'0430 4度C'!$T:$T) -> 0.65347222 | M17: =LOOKUP(2,1/(('0430 4度C'!$A:$A="新豐4線")*('0430 4度C'!$T:$T<>"")),'0430 4度C'!$T:$T) -> 0.62361111
B18: 產線異常 (5分鐘以上) | C18: 次數 | D18: =SUMIFS('0430 4度C'!$Y:$Y,'0430 4度C'!$A:$A,"新豐6線",'0430 4度C'!$B:$B,"平均") -> 0 | E18: =SUMIFS('0430 4度C'!$Y:$Y,'0430 4度C'!$A:$A,"新豐2線",'0430 4度C'!$B:$B,"平均") -> 0 | F18: =SUMIFS('0430 4度C'!$Y:$Y,'0430 4度C'!$A:$A,"新豐5線",'0430 4度C'!$B:$B,"平均") -> 0 | G18: =SUMIFS('0430 4度C'!$Y:$Y,'0430 4度C'!$A:$A,"新豐7線",'0430 4度C'!$B:$B,"平均") -> 0 | H18: =SUMIFS('0430 4度C'!$Y:$Y,'0430 4度C'!$A:$A,"新豐3線",'0430 4度C'!$B:$B,"平均") -> 0 | I18: =SUMIFS('0430 4度C'!$Y:$Y,'0430 4度C'!$A:$A,"新豐1線",'0430 4度C'!$B:$B,"平均") -> 0 | J18: =SUMIFS('0430 4度C'!$Y:$Y,'0430 4度C'!$A:$A,"新豐10線",'0430 4度C'!$B:$B,"平均") -> 0 | K18: =SUMIFS('0430 4度C'!$Y:$Y,'0430 4度C'!$A:$A,"新豐8線",'0430 4度C'!$B:$B,"平均") -> 0 | L18: =SUMIFS('0430 4度C'!$Y:$Y,'0430 4度C'!$A:$A,"新豐9線",'0430 4度C'!$B:$B,"平均") -> 0 | M18: =SUMIFS('0430 4度C'!$Y:$Y,'0430 4度C'!$A:$A,"新豐4線",'0430 4度C'!$B:$B,"平均") -> 0
C19: 時間/分 | D19: =SUMIFS('0430 4度C'!$Z:$Z,'0430 4度C'!$A:$A,"新豐6線",'0430 4度C'!$B:$B,"平均") -> 0 | E19: =SUMIFS('0430 4度C'!$Z:$Z,'0430 4度C'!$A:$A,"新豐2線",'0430 4度C'!$B:$B,"平均") -> 0 | F19: =SUMIFS('0430 4度C'!$Z:$Z,'0430 4度C'!$A:$A,"新豐5線",'0430 4度C'!$B:$B,"平均") -> 0 | G19: =SUMIFS('0430 4度C'!$Z:$Z,'0430 4度C'!$A:$A,"新豐7線",'0430 4度C'!$B:$B,"平均") -> 0 | H19: =SUMIFS('0430 4度C'!$Z:$Z,'0430 4度C'!$A:$A,"新豐3線",'0430 4度C'!$B:$B,"平均") -> 0 | I19: =SUMIFS('0430 4度C'!$Z:$Z,'0430 4度C'!$A:$A,"新豐1線",'0430 4度C'!$B:$B,"平均") -> 0 | J19: =SUMIFS('0430 4度C'!$Z:$Z,'0430 4度C'!$A:$A,"新豐10線",'0430 4度C'!$B:$B,"平均") -> 0 | K19: =SUMIFS('0430 4度C'!$Z:$Z,'0430 4度C'!$A:$A,"新豐8線",'0430 4度C'!$B:$B,"平均") -> 0 | L19: =SUMIFS('0430 4度C'!$Z:$Z,'0430 4度C'!$A:$A,"新豐9線",'0430 4度C'!$B:$B,"平均") -> 0 | M19: =SUMIFS('0430 4度C'!$Z:$Z,'0430 4度C'!$A:$A,"新豐4線",'0430 4度C'!$B:$B,"平均") -> 0
B20: 短暫停線 (5分鐘以下) | C20: 次數 | D20: =SUMIFS('0430 4度C'!$AC:$AC,'0430 4度C'!$A:$A,"新豐6線",'0430 4度C'!$B:$B,"平均") -> 4 | E20: =SUMIFS('0430 4度C'!$AC:$AC,'0430 4度C'!$A:$A,"新豐2線",'0430 4度C'!$B:$B,"平均") -> 2 | F20: =SUMIFS('0430 4度C'!$AC:$AC,'0430 4度C'!$A:$A,"新豐5線",'0430 4度C'!$B:$B,"平均") -> 4 | G20: =SUMIFS('0430 4度C'!$AC:$AC,'0430 4度C'!$A:$A,"新豐7線",'0430 4度C'!$B:$B,"平均") -> 5 | H20: =SUMIFS('0430 4度C'!$AC:$AC,'0430 4度C'!$A:$A,"新豐3線",'0430 4度C'!$B:$B,"平均") -> 4 | I20: =SUMIFS('0430 4度C'!$AC:$AC,'0430 4度C'!$A:$A,"新豐1線",'0430 4度C'!$B:$B,"平均") -> 8 | J20: =SUMIFS('0430 4度C'!$AC:$AC,'0430 4度C'!$A:$A,"新豐10線",'0430 4度C'!$B:$B,"平均") -> 6 | K20: =SUMIFS('0430 4度C'!$AC:$AC,'0430 4度C'!$A:$A,"新豐8線",'0430 4度C'!$B:$B,"平均") -> 6 | L20: =SUMIFS('0430 4度C'!$AC:$AC,'0430 4度C'!$A:$A,"新豐9線",'0430 4度C'!$B:$B,"平均") -> 7 | M20: =SUMIFS('0430 4度C'!$AC:$AC,'0430 4度C'!$A:$A,"新豐4線",'0430 4度C'!$B:$B,"平均") -> 7
C21: 設備次數 | D21: =SUMIFS('0430 4度C'!$AD:$AD,'0430 4度C'!$A:$A,"新豐6線",'0430 4度C'!$B:$B,"平均") -> 0 | E21: =SUMIFS('0430 4度C'!$AD:$AD,'0430 4度C'!$A:$A,"新豐2線",'0430 4度C'!$B:$B,"平均") -> 0 | F21: =SUMIFS('0430 4度C'!$AD:$AD,'0430 4度C'!$A:$A,"新豐5線",'0430 4度C'!$B:$B,"平均") -> 0 | G21: =SUMIFS('0430 4度C'!$AD:$AD,'0430 4度C'!$A:$A,"新豐7線",'0430 4度C'!$B:$B,"平均") -> 0 | H21: =SUMIFS('0430 4度C'!$AD:$AD,'0430 4度C'!$A:$A,"新豐3線",'0430 4度C'!$B:$B,"平均") -> 0 | I21: =SUMIFS('0430 4度C'!$AD:$AD,'0430 4度C'!$A:$A,"新豐1線",'0430 4度C'!$B:$B,"平均") -> 0 | J21: =SUMIFS('0430 4度C'!$AD:$AD,'0430 4度C'!$A:$A,"新豐10線",'0430 4度C'!$B:$B,"平均") -> 0 | K21: =SUMIFS('0430 4度C'!$AD:$AD,'0430 4度C'!$A:$A,"新豐8線",'0430 4度C'!$B:$B,"平均") -> 0 | L21: =SUMIFS('0430 4度C'!$AD:$AD,'0430 4度C'!$A:$A,"新豐9線",'0430 4度C'!$B:$B,"平均") -> 0 | M21: =SUMIFS('0430 4度C'!$AD:$AD,'0430 4度C'!$A:$A,"新豐4線",'0430 4度C'!$B:$B,"平均") -> 0
B22: 配置人數 | D22: =SUMIFS('0430 4度C'!$I:$I,'0430 4度C'!$A:$A,"新豐6線",'0430 4度C'!$B:$B,"平均") -> 16.75 | E22: =SUMIFS('0430 4度C'!$I:$I,'0430 4度C'!$A:$A,"新豐2線",'0430 4度C'!$B:$B,"平均") -> 18 | F22: =SUMIFS('0430 4度C'!$I:$I,'0430 4度C'!$A:$A,"新豐5線",'0430 4度C'!$B:$B,"平均") -> 17.5 | G22: =SUMIFS('0430 4度C'!$I:$I,'0430 4度C'!$A:$A,"新豐7線",'0430 4度C'!$B:$B,"平均") -> 16.2 | H22: =SUMIFS('0430 4度C'!$I:$I,'0430 4度C'!$A:$A,"新豐3線",'0430 4度C'!$B:$B,"平均") -> 10.75 | I22: =SUMIFS('0430 4度C'!$I:$I,'0430 4度C'!$A:$A,"新豐1線",'0430 4度C'!$B:$B,"平均") -> 18.625 | J22: =SUMIFS('0430 4度C'!$I:$I,'0430 4度C'!$A:$A,"新豐10線",'0430 4度C'!$B:$B,"平均") -> 9.5 | K22: =SUMIFS('0430 4度C'!$I:$I,'0430 4度C'!$A:$A,"新豐8線",'0430 4度C'!$B:$B,"平均") -> 17.833333 | L22: =SUMIFS('0430 4度C'!$I:$I,'0430 4度C'!$A:$A,"新豐9線",'0430 4度C'!$B:$B,"平均") -> 17.142857 | M22: =SUMIFS('0430 4度C'!$I:$I,'0430 4度C'!$A:$A,"新豐4線",'0430 4度C'!$B:$B,"平均") -> 16.142857
B23: 主要應用設備 | D23: ET-55 | E23: 熱縮爐 | F23: L型包裝機 | G23: L型包裝機 | H23: 伺服包裝機 | I23: ET-55 | J23: 伺服包裝機 | K23: 三明治包裝機 | L23: 三明治包裝機 | M23: 三明治包裝機
B24: 次要應用設備 | F24: 圓盤機 | G24: ET-55
B25: 備註 | E25: 握沙拉 | F25: 共用L型包裝機 | H25: 調理麵包 | I25: 炒飯+沙拉 | J25: 調理麵包

Sheet 0430 4度C
A1: 新豐廠四度C日報分析 | C1: 總生產量 | D1: =SUM(F5:F67) -> 145179 | E1: 營業額 | F1: =SUM(G5:G67) -> 4913951.9 | G1: 出勤人數 | H1: =L9+L12+L43+L52+L17+L59+L30+L38+L23+L67 -> 158.44405 | I1: 產線配置圖 | L1: 生產實績 | O1: 人時性差異分析 | S1: 日報登錄 | Y1: 合計 次數 | Z1: 合計 時間/分 | AA1: 產線異常 分析說明(5分鐘以上) | AC1: 合計 次數 | AD1: 合計 設備次數 | AE1: 產能差異分析
A2: 46142 | B2: 星期四 | C2: 人時性 | D2: =AVERAGE(N9,N12,N43,N52,N17,N59,N23,N30,N38,N67) -> 145.22076 | E2: 平均廠價 | F2: =F1/D1 -> 33.847539 | G2: 多次生產數 | H2: =COUNT(H5:H67) -> 5 | Y2: =SUM(Y9+Y12+Y17+Y23+Y30+Y38+Y43+Y52+Y59+Y67) -> 0 | Z2: =SUM(Z9+Z12+Z17+Z23+Z30+Z38+Z43+Z52+Z59+Z67) -> 0 | AC2: =SUM(AC9+AC12+AC17+AC23+AC30+AC38+AC43+AC52+AC59+AC67) -> 53 | AD2: =SUM(AD9+AD12+AD17+AD23+AD30+AD38+AD43+AD52+AD59+AD67) -> 0
A3: 線別 | B3: 品類 | C3: 品名 | E3: 廠價 | F3: 生產量 | G3: 營收 | H3: 多次 生產 | I3: 人數 | J3: 產能/時 | K3: 人時性 | L3: 人數 | M3: 產能/時 | N3: 人時性 | O3: 人數 | P3: 人時性 | Q3: 達成率 | R3: 達成率平均 | S3: 生產時間 | U3: 換線、休息/分 | V3: 稼動時間/分 | W3: 休息時間 | Y3: 產線異常統計 (5分鐘以上) | AA3: (新豐回填) | AC3: 短暫停線統計 (5分鐘以下) | AE3: 產能/時 | AF3: 達成率 | AG3: 達成率平均
S4: 開始 | T4: 結束 | W4: 開始 | X4: 結束 | Y4: 次數 | Z4: 時間/分 | AC4: 總次數 | AD4: 設備因素(次數)
A5: 新豐6線 | B5: 微波主食 | C5: 二配港式香滑嫩蛋牛肉燴飯 | E5: 50.67 | F5: 1001 | G5: =E5*F5 -> 50720.67 | I5: 17 | J5: 2000 | K5: =J5/I5 -> 117.64706 | L5: 17 | M5: =F5/V5*60 -> 1937.4194 | N5: =M5/L5 -> 113.96584 | O5: =L5-I5 -> 0 | P5: =N5-K5 -> -3.6812144 | Q5: =N5/K5 -> 0.96870968 | R5: =Q9 -> 0.97490706 | S5: 0.70833333 | T5: 0.72986111 | V5: =(T5-S5)*24*60 -> 31 | AC5: 4 | AE5: =M5-J5 -> -62.580645 | AF5: =M5/J5 -> 0.96870968 | AG5: =AF9 -> 0.97490706
A6: 新豐6線 | B6: 微波主食 | C6: 二配美味蟹煲 | E6: 54.09 | F6: 846 | G6: =E6*F6 -> 45760.14 | I6: 19 | J6: 2000 | K6: =J6/I6 -> 105.26316 | L6: 19 | M6: =F6/V6*60 -> 1952.3077 | N6: =M6/L6 -> 102.75304 | O6: =L6-I6 -> 0 | P6: =N6-K6 -> -2.5101215 | Q6: =N6/K6 -> 0.97615385 | S6: 0.73402778 | T6: 0.75208333 | U6: =IF(S6=TIME(17,0,0),"",(S6-T5)*24*60) -> 6 | V6: =(T6-S6)*24*60 -> 26 | AE6: =M6-J6 -> -47.692308 | AF6: =M6/J6 -> 0.97615385
A7: 新豐6線 | B7: 微波主食 | C7: 二配泰式綠咖哩雞 | E7: 50.67 | F7: 978 | G7: =E7*F7 -> 49555.26 | I7: 15 | J7: 2000 | K7: =J7/I7 -> 133.33333 | L7: 15 | M7: =F7/V7*60 -> 1956 | N7: =M7/L7 -> 130.4 | O7: =L7-I7 -> 0 | P7: =N7-K7 -> -2.9333333 | Q7: =N7/K7 -> 0.978 | S7: 0.75694444 | T7: 0.77777778 | U7: =IF(S7=TIME(17,0,0),"",(S7-T6)*24*60) -> 7 | V7: =(T7-S7)*24*60 -> 30 | AE7: =M7-J7 -> -44 | AF7: =M7/J7 -> 0.978
A8: 新豐6線 | B8: 微波主食 | C8: 二配蔥爆牛肉燴飯 | E8: 52.86 | F8: 1107 | G8: =E8*F8 -> 58516.02 | I8: 16 | J8: 2000 | K8: =J8/I8 -> 125 | L8: 16 | M8: =F8/V8*60 -> 1953.5294 | N8: =M8/L8 -> 122.09559 | O8: =L8-I8 -> 0 | P8: =N8-K8 -> -2.9044118 | Q8: =N8/K8 -> 0.97676471 | S8: 0.78263889 | T8: 0.80625 | U8: =IF(S8=TIME(17,0,0),"",(S8-T7)*24*60) -> 7 | V8: =(T8-S8)*24*60 -> 34 | AE8: =M8-J8 -> -46.470588 | AF8: =M8/J8 -> 0.97676471
A9: 新豐6線 | B9: 平均 | I9: 16.75 | J9: 2000 | K9: =J9/I9 -> 119.40299 | L9: 16.75 | M9: =AVERAGE(M5:M8) -> 1949.8141 | N9: =M9/L9 -> 116.40681 | O9: =L9-I9 -> 0 | P9: =N9-K9 -> -2.9961723 | Q9: =N9/K9 -> 0.97490706 | Y9: =SUM(Y5:Y8) -> 0 | Z9: =SUM(Z5:Z8) -> 0 | AC9: =SUM(AC5:AC8) -> 4 | AD9: =SUM(AD5:AD8) -> 0 | AE9: =M9-J9 -> -50.185885 | AF9: =M9/J9 -> 0.97490706
A10: 新豐2線 | B10: 沙拉 | C10: 青醬優格雞肉握沙拉(113年) | E10: 39.62 | F10: 3594 | G10: =E10*F10 -> 142394.28 | I10: 19 | J10: 1500 | K10: =J10/I10 -> 78.947368 | L10: 19 | M10: =F10/V10*60 -> 1428.0795 | N10: =M10/L10 -> 75.162077 | O10: =L10-I10 -> 0 | P10: =N10-K10 -> -3.785291 | Q10: =N10/K10 -> 0.95205298 | R10: =Q12 -> 0.95276857 | S10: 0.20833333 | T10: 0.31319444 | V10: =(T10-S10)*24*60 -> 151 | AC10: 2 | AE10: =M10-J10 -> -71.92053 | AF10: =M10/J10 -> 0.95205298 | AG10: =AF12 -> 0.95276857
A11: 新豐2線 | B11: 沙拉 | C11: 青檸烤雞握沙拉(113年) | E11: 39.8 | F11: 5268 | G11: =E11*F11 -> 209666.4 | I11: 17 | J11: 1500 | K11: =J11/I11 -> 88.235294 | L11: 17 | M11: =F11/V11*60 -> 1430.2262 | N11: =M11/L11 -> 84.130956 | O11: =L11-I11 -> 0 | P11: =N11-K11 -> -4.1043386 | Q11: =N11/K11 -> 0.95348416 | S11: 0.31805556 | T11: 0.47152778 | U11: =IF(S11=TIME(17,0,0),"",(S11-T10)*24*60) -> 7 | V11: =(T11-S11)*24*60 -> 221 | AE11: =M11-J11 -> -69.773756 | AF11: =M11/J11 -> 0.95348416
A12: 新豐2線 | B12: 平均 | I12: 18 | J12: 1500 | K12: =J12/I12 -> 83.333333 | L12: 18 | M12: =AVERAGE(M10:M11) -> 1429.1529 | N12: =M12/L12 -> 79.397381 | O12: =L12-I12 -> 0 | P12: =N12-K12 -> -3.9359524 | Q12: =N12/K12 -> 0.95276857 | Y12: =SUM(Y10:Y11) -> 0 | Z12: =SUM(Z10:Z11) -> 0 | AC12: =SUM(AC10:AC11) -> 2 | AD12: =SUM(AD10:AD11) -> 0 | AE12: =M12-J12 -> -70.847143 | AF12: =M12/J12 -> 0.95276857
A13: 新豐5線 | B13: 小吃 | C13: 剝皮辣椒雞湯 | E13: 41 | F13: 1605 | G13: =E13*F13 -> 65805 | I13: 26 | J13: 1500 | K13: =J13/I13 -> 57.692308 | L13: 26 | M13: =F13/V13*60 -> 1437.3134 | N13: =M13/L13 -> 55.281286 | O13: =L13-I13 -> 0 | P13: =N13-K13 -> -2.4110218 | Q13: =N13/K13 -> 0.95820896 | R13: =Q17 -> 0.96735627 | S13: 0.20833333 | T13: 0.25486111 | V13: =(T13-S13)*24*60 -> 67 | AC13: 4 | AE13: =M13-J13 -> -62.686567 | AF13: =M13/J13 -> 0.95820896 | AG13: =AF17 -> 0.96735627
A14: 新豐5線 | B14: 微波主食 | C14: 二配起司控培根白醬焗烤飯 | E14: 53.68 | F14: 905 | G14: =E14*F14 -> 48580.4 | I14: 16 | J14: 1500 | K14: =J14/I14 -> 93.75 | L14: 16 | M14: =F14/V14*60 -> 1467.5676 | N14: =M14/L14 -> 91.722973 | O14: =L14-I14 -> 0 | P14: =N14-K14 -> -2.027027 | Q14: =N14/K14 -> 0.97837838 | S14: 0.70833333 | T14: 0.73402778 | U14: =IF(S14=TIME(17,0,0),"",(S14-T13)*24*60) | V14: =(T14-S14)*24*60 -> 37 | AE14: =M14-J14 -> -32.432432 | AF14: =M14/J14 -> 0.97837838
A15: 新豐5線 | B15: 微波主食 | C15: 二配金咖哩果香甘口咖哩飯 | E15: 50.92 | F15: 1548 | G15: =E15*F15 -> 78824.16 | I15: 15 | J15: 2000 | K15: =J15/I15 -> 133.33333 | L15: 15 | M15: =F15/V15*60 -> 1935 | N15: =M15/L15 -> 129 | O15: =L15-I15 -> 0 | P15: =N15-K15 -> -4.3333333 | Q15: =N15/K15 -> 0.9675 | S15: 0.73958333 | T15: 0.77291667 | U15: =IF(S15=TIME(17,0,0),"",(S15-T14)*24*60) -> 8 | V15: =(T15-S15)*24*60 -> 48 | AE15: =M15-J15 -> -65 | AF15: =M15/J15 -> 0.9675
A16: 新豐5線 | B16: 微波主食 | C16: 二配厚香料咖哩雞排飯 | E16: 57.3 | F16: 998 | G16: =E16*F16 -> 57185.4 | I16: 13 | J16: 2000 | K16: =J16/I16 -> 153.84615 | L16: 13 | M16: =F16/V16*60 -> 1931.6129 | N16: =M16/L16 -> 148.58561 | O16: =L16-I16 -> 0 | P16: =N16-K16 -> -5.2605459 | Q16: =N16/K16 -> 0.96580645 | S16: 0.77777778 | T16: 0.79930556 | U16: =IF(S16=TIME(17,0,0),"",(S16-T15)*24*60) -> 7 | V16: =(T16-S16)*24*60 -> 31 | AE16: =M16-J16 -> -68.387097 | AF16: =M16/J16 -> 0.96580645
A17: 新豐5線 | B17: 平均 | I17: 17.5 | J17: 1750 | K17: =J17/I17 -> 100 | L17: 17.5 | M17: =AVERAGE(M13:M16) -> 1692.8735 | N17: =M17/L17 -> 96.735627 | O17: =L17-I17 -> 0 | P17: =N17-K17 -> -3.2643728 | Q17: =N17/K17 -> 0.96735627 | Y17: =SUM(Y13:Y16) -> 0 | Z17: =SUM(Z13:Z16) -> 0 | AC17: =SUM(AC13:AC16) -> 4 | AD17: =SUM(AD13:AD16) -> 0 | AE17: =M17-J17 -> -57.126524 | AF17: =M17/J17 -> 0.96735627
A18: 新豐7線 | B18: 微波主食 | C18: 爆炒雞丁飯 | E18: 59.04 | F18: 7516 | G18: =E18*F18 -> 443744.64 | I18: 19 | J18: 2000 | K18: =J18/I18 -> 105.26316 | L18: 19 | M18: =F18/V18*60 -> 1902.7848 | N18: =M18/L18 -> 100.14657 | O18: =L18-I18 -> 0 | P18: =N18-K18 -> -5.1165889 | Q18: =N18/K18 -> 0.95139241 | R18: =Q23 -> 0.95901248 | S18: 0.20833333 | T18: 0.37291667 | V18: =(T18-S18)*24*60 -> 237 | AC18: 5 | AE18: =M18-J18 -> -97.21519 | AF18: =M18/J18 -> 0.95139241 | AG18: =AF23 -> 0.95901248
A19: 新豐7線 | B19: 微波主食 | C19: 韓式泡菜豬肉豆腐丼飯 | E19: 50.67 | F19: 1662 | G19: =E19*F19 -> 84213.54 | I19: 17 | J19: 2000 | K19: =J19/I19 -> 117.64706 | L19: 17 | M19: =F19/V19*60 -> 1917.6923 | N19: =M19/L19 -> 112.80543 | O19: =L19-I19 -> 0 | P19: =N19-K19 -> -4.841629 | Q19: =N19/K19 -> 0.95884615 | S19: 0.37708333 | T19: 0.41319444 | U19: =IF(S19=TIME(17,0,0),"",(S19-T18)*24*60) -> 6 | V19: =(T19-S19)*24*60 -> 52 | AE19: =M19-J19 -> -82.307692 | AF19: =M19/J19 -> 0.95884615
A20: 新豐7線 | B20: 微波主食 | C20: 鐵板滑蛋炸豬排丼 | E20: 57.73 | F20: 1737 | G20: =E20*F20 -> 100277.01 | I20: 14 | J20: 2000 | K20: =J20/I20 -> 142.85714 | L20: 14 | M20: =F20/V20*60 -> 1930 | N20: =M20/L20 -> 137.85714 | O20: =L20-I20 -> 0 | P20: =N20-K20 -> -5 | Q20: =N20/K20 -> 0.965 | S20: 0.41805556 | T20: 0.45555556 | U20: =IF(S20=TIME(17,0,0),"",(S20-T19)*24*60) -> 7 | V20: =(T20-S20)*24*60 -> 54 | AE20: =M20-J20 -> -70 | AF20: =M20/J20 -> 0.965
A21: 新豐7線 | B21: 微波主食 | C21: 二配川味麻婆燒豆腐燴飯 | E21: 50.49 | F21: 1311 | G21: =E21*F21 -> 66192.39 | I21: 15 | J21: 2000 | K21: =J21/I21 -> 133.33333 | L21: 15 | M21: =F21/V21*60 -> 1918.5366 | N21: =M21/L21 -> 127.90244 | O21: =L21-I21 -> 0 | P21: =N21-K21 -> -5.4308943 | Q21: =N21/K21 -> 0.95926829 | S21: 0.70833333 | T21: 0.73680556 | U21: =IF(S21=TIME(17,0,0),"",(S21-T20)*24*60) | V21: =(T21-S21)*24*60 -> 41 | AE21: =M21-J21 -> -81.463415 | AF21: =M21/J21 -> 0.95926829
A22: 新豐7線 | B22: 微波主食 | C22: 二配金咖哩濃厚辛口咖哩飯 | E22: 50.98 | F22: 1729 | G22: =E22*F22 -> 88144.42 | I22: 16 | J22: 2000 | K22: =J22/I22 -> 125 | L22: 16 | M22: =F22/V22*60 -> 1921.1111 | N22: =M22/L22 -> 120.06944 | O22: =L22-I22 -> 0 | P22: =N22-K22 -> -4.9305556 | Q22: =N22/K22 -> 0.96055556 | S22: 0.74166667 | T22: 0.77916667 | U22: =IF(S22=TIME(17,0,0),"",(S22-T21)*24*60) -> 7 | V22: =(T22-S22)*24*60 -> 54 | AE22: =M22-J22 -> -78.888889 | AF22: =M22/J22 -> 0.96055556
A23: 新豐7線 | B23: 平均 | I23: 16.2 | J23: 2000 | K23: =J23/I23 -> 123.45679 | L23: 16.2 | M23: =AVERAGE(M18:M22) -> 1918.025 | N23: =M23/L23 -> 118.3966 | O23: =L23-I23 -> 0 | P23: =N23-K23 -> -5.0601875 | Q23: =N23/K23 -> 0.95901248 | Y23: =SUM(Y18:Y22) -> 0 | Z23: =SUM(Z18:Z22) -> 0 | AC23: =SUM(AC18:AC22) -> 5 | AD23: =SUM(AD18:AD22) -> 0 | AE23: =M23-J23 -> -81.975037 | AF23: =M23/J23 -> 0.95901248
A24: 新豐8線 | B24: 三明治 | C24: 紐奧良風味烤雞鮮蔬三明治 | E24: 31.29 | F24: 5600 | G24: =E24*F24 -> 175224 | H24: 2 | I24: 18 | J24: 2400 | K24: =J24/I24 -> 133.33333 | L24: 18 | M24: =F24/V24*60 -> 2285.7143 | N24: =M24/L24 -> 126.98413 | O24: =L24-I24 -> 0 | P24: =N24-K24 -> -6.3492063 | Q24: =N24/K24 -> 0.95238095 | R24: =Q30 -> 0.95585452 | S24: 0.083333333 | T24: 0.18541667 | V24: =(T24-S24)*24*60 -> 147 | W24: =T24 -> 0.18541667 | X24: =S25 -> 0.20347222 | AC24: 6 | AE24: =M24-J24 -> -114.28571 | AF24: =M24/J24 -> 0.95238095 | AG24: =AF30 -> 0.95585452
A25: 新豐8線 | B25: 三明治 | C25: 經典總匯三明治 | E25: 26.2 | F25: 4855 | G25: =E25*F25 -> 127201 | I25: 20 | J25: 2400 | K25: =J25/I25 -> 120 | L25: 20 | M25: =F25/V25*60 -> 2293.7008 | N25: =M25/L25 -> 114.68504 | O25: =L25-I25 -> 0 | P25: =N25-K25 -> -5.3149606 | Q25: =N25/K25 -> 0.95570866 | S25: 0.20347222 | T25: 0.29166667 | U25: =(S25-T24)*24*60 -> 26 | V25: =(T25-S25)*24*60 -> 127 | AE25: =M25-J25 -> -106.29921 | AF25: =M25/J25 -> 0.95570866
A26: 新豐8線 | B26: 三明治 | C26: 醬燒烤雞三明治(115年) | E26: 26.37 | F26: 6714 | G26: =E26*F26 -> 177048.18 | I26: 19 | J26: 2400 | K26: =J26/I26 -> 126.31579 | L26: 19 | M26: =F26/V26*60 -> 2288.8636 | N26: =M26/L26 -> 120.46651 | O26: =L26-I26 -> 0 | P26: =N26-K26 -> -5.8492823 | Q26: =N26/K26 -> 0.95369318 | S26: 0.29652778 | T26: 0.41875 | U26: =(S26-T25)*24*60 -> 7 | V26: =(T26-S26)*24*60 -> 176 | AE26: =M26-J26 -> -111.13636 | AF26: =M26/J26 -> 0.95369318
A27: 新豐8線 | B27: 三明治 | C27: 雞蛋沙拉三明治(114年) | E27: 25.99 | F27: 3856 | G27: =E27*F27 -> 100217.44 | I27: 14 | J27: 2400 | K27: =J27/I27 -> 171.42857 | L27: 14 | M27: =F27/V27*60 -> 2290.6931 | N27: =M27/L27 -> 163.62093 | O27: =L27-I27 -> 0 | P27: =N27-K27 -> -7.8076379 | Q27: =N27/K27 -> 0.95445545 | S27: 0.42291667 | T27: 0.49305556 | U27: =(S27-T26)*24*60 -> 6 | V27: =(T27-S27)*24*60 -> 101 | W27: =T27 -> 0.49305556 | X27: =S28 -> 0.53472222 | AE27: =M27-J27 -> -109.30693 | AF27: =M27/J27 -> 0.95445545
A28: 新豐8線 | B28: 三明治 | C28: 紐奧良風味烤雞鮮蔬三明治 | E28: 31.29 | F28: 3458 | G28: =E28*F28 -> 108200.82 | I28: 18 | J28: 2400 | K28: =J28/I28 -> 133.33333 | L28: 18 | M28: =F28/V28*60 -> 2305.3333 | N28: =M28/L28 -> 128.07407 | O28: =L28-I28 -> 0 | P28: =N28-K28 -> -5.2592593 | Q28: =N28/K28 -> 0.96055556 | S28: 0.53472222 | T28: 0.59722222 | U28: =(S28-T27)*24*60 -> 60 | V28: =(T28-S28)*24*60 -> 90 | AE28: =M28-J28 -> -94.666667 | AF28: =M28/J28 -> 0.96055556
A29: 新豐8線 | B29: 三明治 | C29: 鮪魚起司溏心蛋三明治 | E29: 26.2 | F29: 1380 | G29: =E29*F29 -> 36156 | I29: 18 | J29: 2400 | K29: =J29/I29 -> 133.33333 | L29: 18 | M29: =F29/V29*60 -> 2300 | N29: =M29/L29 -> 127.77778 | O29: =L29-I29 -> 0 | P29: =N29-K29 -> -5.5555556 | Q29: =N29/K29 -> 0.95833333 | S29: 0.60069444 | T29: 0.62569444 | U29: =(S29-T28)*24*60 -> 5 | V29: =(T29-S29)*24*60 -> 36 | AE29: =M29-J29 -> -100 | AF29: =M29/J29 -> 0.95833333
A30: 新豐8線 | B30: 平均 | I30: 17.833333 | J30: 2400 | K30: =J30/I30 -> 134.57944 | L30: 17.833333 | M30: =AVERAGE(M24:M29) -> 2294.0509 | N30: =M30/L30 -> 128.63837 | O30: =L30-I30 -> 0 | P30: =N30-K30 -> -5.9410737 | Q30: =N30/K30 -> 0.95585452 | Y30: =SUM(Y24:Y29) -> 0 | Z30: =SUM(Z24:Z29) -> 0 | AC30: =SUM(AC24:AC29) -> 6 | AD30: =SUM(AD24:AD29) -> 0 | AE30: =M30-J30 -> -105.94915 | AF30: =M30/J30 -> 0.95585452
A31: 新豐9線 | B31: 三明治 | C31: 肉鬆火腿三明治(115年) | E31: 20.36 | F31: 3900 | G31: =E31*F31 -> 79404 | H31: 2 | I31: 18 | J31: 2400 | K31: =J31/I31 -> 133.33333 | L31: 18 | M31: =F31/V31*60 -> 2294.1176 | N31: =M31/L31 -> 127.45098 | O31: =L31-I31 -> 0 | P31: =N31-K31 -> -5.8823529 | Q31: =N31/K31 -> 0.95588235 | R31: =Q38 -> 0.95527862 | S31: 0.083333333 | T31: 0.15416667 | V31: =(T31-S31)*24*60 -> 102 | W31: =T31 -> 0.15416667 | X31: =S32 -> 0.17430556 | AC31: 7 | AE31: =M31-J31 -> -105.88235 | AF31: =M31/J31 -> 0.95588235 | AG31: =AF38 -> 0.95527862
A32: 新豐9線 | B32: 三明治 | C32: 經典火腿玉米蛋三明治 | E32: 24.43 | F32: 5859 | G32: =E32*F32 -> 143135.37 | I32: 14 | J32: 2400 | K32: =J32/I32 -> 171.42857 | L32: 14 | M32: =F32/V32*60 -> 2282.7273 | N32: =M32/L32 -> 163.05195 | O32: =L32-I32 -> 0 | P32: =N32-K32 -> -8.3766234 | Q32: =N32/K32 -> 0.95113636 | S32: 0.17430556 | T32: 0.28125 | U32: =(S32-T31)*24*60 -> 29 | V32: =(T32-S32)*24*60 -> 154 | AE32: =M32-J32 -> -117.27273 | AF32: =M32/J32 -> 0.95113636
A33: 新豐9線 | B33: 三明治 | C33: 好多菜三明治(114年) | E33: 25.98 | F33: 2793 | G33: =E33*F33 -> 72562.14 | I33: 21 | J33: 2400 | K33: =J33/I33 -> 114.28571 | L33: 21 | M33: =F33/V33*60 -> 2295.6164 | N33: =M33/L33 -> 109.31507 | O33: =L33-I33 -> 0 | P33: =N33-K33 -> -4.9706458 | Q33: =N33/K33 -> 0.95650685 | S33: 0.28541667 | T33: 0.33611111 | U33: =(S33-T32)*24*60 -> 6 | V33: =(T33-S33)*24*60 -> 73 | AE33: =M33-J33 -> -104.38356 | AF33: =M33/J33 -> 0.95650685
A34: 新豐9線 | B34: 三明治 | C34: 好多蛋三明治 | E34: 34.1 | F34: 4000 | G34: =E34*F34 -> 136400 | H34: 2 | I34: 17 | J34: 1600 | K34: =J34/I34 -> 94.117647 | L34: 17 | M34: =F34/V34*60 -> 1528.6624 | N34: =M34/L34 -> 89.921319 | O34: =L34-I34 -> 0 | P34: =N34-K34 -> -4.1963282 | Q34: =N34/K34 -> 0.95541401 | S34: 0.34097222 | T34: 0.45 | U34: =(S34-T33)*24*60 -> 7 | V34: =(T34-S34)*24*60 -> 157 | AE34: =M34-J34 -> -71.33758 | AF34: =M34/J34 -> 0.95541401
A35: 新豐9線 | B35: 三明治 | C35: 香鬆起司蛋三明治(114年) | E35: 20.2 | F35: 1760 | G35: =E35*F35 -> 35552 | I35: 15 | J35: 2400 | K35: =J35/I35 -> 160 | L35: 15 | M35: =F35/V35*60 -> 2295.6522 | N35: =M35/L35 -> 153.04348 | O35: =L35-I35 -> 0 | P35: =N35-K35 -> -6.9565217 | Q35: =N35/K35 -> 0.95652174 | S35: 0.45555556 | T35: 0.4875 | U35: =(S35-T34)*24*60 -> 8 | V35: =(T35-S35)*24*60 -> 46 | W35: =T35 -> 0.4875 | X35: =S36 -> 0.52638889 | AE35: =M35-J35 -> -104.34783 | AF35: =M35/J35 -> 0.95652174
A36: 新豐9線 | B36: 三明治 | C36: 好多蛋三明治 | E36: 34.1 | F36: 2715 | G36: =E36*F36 -> 92581.5 | I36: 17 | J36: 1600 | K36: =J36/I36 -> 94.117647 | L36: 17 | M36: =F36/V36*60 -> 1536.7925 | N36: =M36/L36 -> 90.399556 | O36: =L36-I36 -> 0 | P36: =N36-K36 -> -3.718091 | Q36: =N36/K36 -> 0.96049528 | S36: 0.52638889 | T36: 0.6 | U36: =(S36-T35)*24*60 -> 56 | V36: =(T36-S36)*24*60 -> 106 | AE36: =M36-J36 -> -63.207547 | AF36: =M36/J36 -> 0.96049528
A37: 新豐9線 | B37: 三明治 | C37: 肉鬆火腿三明治(115年) | E37: 20.36 | F37: 2744 | G37: =E37*F37 -> 55867.84 | I37: 18 | J37: 2400 | K37: =J37/I37 -> 133.33333 | L37: 18 | M37: =F37/V37*60 -> 2286.6667 | N37: =M37/L37 -> 127.03704 | O37: =L37-I37 -> 0 | P37: =N37-K37 -> -6.2962963 | Q37: =N37/K37 -> 0.95277778 | S37: 0.60347222 | T37: 0.65347222 | U37: =(S37-T36)*24*60 -> 5 | V37: =(T37-S37)*24*60 -> 72 | AE37: =M37-J37 -> -113.33333 | AF37: =M37/J37 -> 0.95277778
A38: 新豐9線 | B38: 平均 | I38: 17.142857 | J38: 2171.4286 | K38: =J38/I38 -> 126.66667 | L38: 17.142857 | M38: =AVERAGE(M31:M37) -> 2074.3193 | N38: =M38/L38 -> 121.00196 | O38: =L38-I38 -> 0 | P38: =N38-K38 -> -5.6647077 | Q38: =N38/K38 -> 0.95527862 | Y38: =SUM(Y31:Y37) -> 0 | Z38: =SUM(Z31:Z37) -> 0 | AC38: =SUM(AC31:AC37) -> 7 | AD38: =SUM(AD31:AD37) -> 0 | AE38: =M38-J38 -> -97.109275 | AF38: =M38/J38 -> 0.95527862
A39: 新豐3線 | B39: 調理麵包 | C39: 黑胡椒豬肉鐵板炒麵麵包 | E39: 37.88 | F39: 5050 | G39: =E39*F39 -> 191294 | I39: 13 | J39: 2000 | K39: =J39/I39 -> 153.84615 | L39: 13 | M39: =F39/V39*60 -> 1905.6604 | N39: =M39/L39 -> 146.58926 | O39: =L39-I39 -> 0 | P39: =N39-K39 -> -7.256894 | Q39: =N39/K39 -> 0.95283019 | R39: =Q43 -> 0.95654587 | S39: 0.083333333 | T39: 0.19375 | V39: =(T39-S39)*24*60 -> 159 | W39: =T39 -> 0.19375 | X39: =S40 -> 0.2125 | AC39: 4 | AE39: =M39-J39 -> -94.339623 | AF39: =M39/J39 -> 0.95283019 | AG39: =AF43 -> 0.95654587
A40: 新豐3線 | B40: 調理麵包 | C40: 經典雙牛起司堡(113年) | E40: 35.12 | F40: 3884 | G40: =E40*F40 -> 136406.08 | I40: 10 | J40: 3000 | K40: =J40/I40 -> 300 | L40: 10 | M40: =F40/V40*60 -> 2877.037 | N40: =M40/L40 -> 287.7037 | O40: =L40-I40 -> 0 | P40: =N40-K40 -> -12.296296 | Q40: =N40/K40 -> 0.95901235 | S40: 0.2125 | T40: 0.26875 | U40: =(S40-T39)*24*60 -> 27 | V40: =(T40-S40)*24*60 -> 81 | AE40: =M40-J40 -> -122.96296 | AF40: =M40/J40 -> 0.95901235
A41: 新豐3線 | B41: 調理麵包 | C41: 豬肉起司堡 | E41: 21.13 | F41: 4068 | G41: =E41*F41 -> 85956.84 | I41: 10 | J41: 3000 | K41: =J41/I41 -> 300 | L41: 10 | M41: =F41/V41*60 -> 2871.5294 | N41: =M41/L41 -> 287.15294 | O41: =L41-I41 -> 0 | P41: =N41-K41 -> -12.847059 | Q41: =N41/K41 -> 0.95717647 | S41: 0.27291667 | T41: 0.33194444 | U41: =(S41-T40)*24*60 -> 6 | V41: =(T41-S41)*24*60 -> 85 | AE41: =M41-J41 -> -128.47059 | AF41: =M41/J41 -> 0.95717647
A42: 新豐3線 | B42: 調理麵包 | C42: 豬肉起司蛋堡 | E42: 27.17 | F42: 5162 | G42: =E42*F42 -> 140251.54 | I42: 10 | J42: 3000 | K42: =J42/I42 -> 300 | L42: 10 | M42: =F42/V42*60 -> 2867.7778 | N42: =M42/L42 -> 286.77778 | O42: =L42-I42 -> 0 | P42: =N42-K42 -> -13.222222 | Q42: =N42/K42 -> 0.95592593 | S42: 0.3375 | T42: 0.4125 | U42: =(S42-T41)*24*60 -> 8 | V42: =(T42-S42)*24*60 -> 108 | AE42: =M42-J42 -> -132.22222 | AF42: =M42/J42 -> 0.95592593
A43: 新豐3線 | B43: 平均 | I43: 10.75 | J43: 2750 | K43: =J43/I43 -> 255.81395 | L43: 10.75 | M43: =AVERAGE(M39:M42) -> 2630.5012 | N43: =M43/L43 -> 244.69778 | O43: =L43-I43 -> 0 | P43: =N43-K43 -> -11.116172 | Q43: =N43/K43 -> 0.95654587 | Y43: =SUM(Y39:Y42) -> 0 | Z43: =SUM(Z39:Z42) -> 0 | AC43: =SUM(AC39:AC42) -> 4 | AD43: =SUM(AD39:AD42) -> 0 | AE43: =M43-J43 -> -119.49885 | AF43: =M43/J43 -> 0.95654587
A44: 新豐1線 | B44: 沙拉 | C44: 莎莎烤雞麵沙拉 | E44: 46 | F44: 1678 | G44: =E44*F44 -> 77188 | I44: 17 | J44: 2000 | K44: =J44/I44 -> 117.64706 | L44: 17 | M44: =F44/V44*60 -> 1936.1538 | N44: =M44/L44 -> 113.8914 | O44: =L44-I44 -> 0 | P44: =N44-K44 -> -3.7556561 | Q44: =N44/K44 -> 0.96807692 | R44: =Q52 -> 0.968477 | S44: 0.20833333 | T44: 0.24444444 | V44: =(T44-S44)*24*60 -> 52 | AC44: 8 | AE44: =M44-J44 -> -63.846154 | AF44: =M44/J44 -> 0.96807692 | AG44: =AF52 -> 0.968477
A45: 新豐1線 | B45: 微波主食 | C45: 壹號醬雞豚雙拼 | E45: 56.43 | F45: 1057 | G45: =E45*F45 -> 59646.51 | I45: 22 | J45: 2000 | K45: =J45/I45 -> 90.909091 | L45: 22 | M45: =F45/V45*60 -> 1921.8182 | N45: =M45/L45 -> 87.355372 | O45: =L45-I45 -> 0 | P45: =N45-K45 -> -3.553719 | Q45: =N45/K45 -> 0.96090909 | S45: 0.24791667 | T45: 0.27083333 | U45: =IF(S45=TIME(17,0,0),"",(S45-T44)*24*60) -> 5 | V45: =(T45-S45)*24*60 -> 33 | AE45: =M45-J45 -> -78.181818 | AF45: =M45/J45 -> 0.96090909
A46: 新豐1線 | B46: 微波主食 | C46: 好多蒜燒豚飯 | E46: 51.75 | F46: 657 | G46: =E46*F46 -> 33999.75 | I46: 25 | J46: 2000 | K46: =J46/I46 -> 80 | L46: 25 | M46: =F46/V46*60 -> 1971 | N46: =M46/L46 -> 78.84 | O46: =L46-I46 -> 0 | P46: =N46-K46 -> -1.16 | Q46: =N46/K46 -> 0.9855 | S46: 0.275 | T46: 0.28888889 | U46: =IF(S46=TIME(17,0,0),"",(S46-T45)*24*60) -> 6 | V46: =(T46-S46)*24*60 -> 20 | AE46: =M46-J46 -> -29 | AF46: =M46/J46 -> 0.9855
A47: 新豐1線 | B47: 微波主食 | C47: 極上炙烤親子丼 | E47: 53.68 | F47: 891 | G47: =E47*F47 -> 47828.88 | I47: 16 | J47: 2000 | K47: =J47/I47 -> 125 | L47: 16 | M47: =F47/V47*60 -> 1909.2857 | N47: =M47/L47 -> 119.33036 | O47: =L47-I47 -> 0 | P47: =N47-K47 -> -5.6696429 | Q47: =N47/K47 -> 0.95464286 | S47: 0.29236111 | T47: 0.31180556 | U47: =IF(S47=TIME(17,0,0),"",(S47-T46)*24*60) -> 5 | V47: =(T47-S47)*24*60 -> 28 | AE47: =M47-J47 -> -90.714286 | AF47: =M47/J47 -> 0.95464286
A48: 新豐1線 | B48: 微波主食 | C48: 韓式燒肉拌飯 | E48: 54.09 | F48: 2832 | G48: =E48*F48 -> 153182.88 | I48: 17 | J48: 1500 | K48: =J48/I48 -> 88.235294 | L48: 17 | M48: =F48/V48*60 -> 1427.8992 | N48: =M48/L48 -> 83.994068 | O48: =L48-I48 -> 0 | P48: =N48-K48 -> -4.2412259 | Q48: =N48/K48 -> 0.95193277 | S48: 0.31527778 | T48: 0.39791667 | U48: =IF(S48=TIME(17,0,0),"",(S48-T47)*24*60) -> 5 | V48: =(T48-S48)*24*60 -> 119 | AE48: =M48-J48 -> -72.10084 | AF48: =M48/J48 -> 0.95193277
A49: 新豐1線 | B49: 微波主食 | C49: 二配香拌海鮮醬肉絲蛋炒飯 | E49: 55.32 | F49: 1009 | G49: =E49*F49 -> 55817.88 | I49: 15 | J49: 2000 | K49: =J49/I49 -> 133.33333 | L49: 15 | M49: =F49/V49*60 -> 1952.9032 | N49: =M49/L49 -> 130.19355 | O49: =L49-I49 -> 0 | P49: =N49-K49 -> -3.1397849 | Q49: =N49/K49 -> 0.97645161 | S49: 0.70833333 | T49: 0.72986111 | U49: =IF(S49=TIME(17,0,0),"",(S49-T48)*24*60) | V49: =(T49-S49)*24*60 -> 31 | AE49: =M49-J49 -> -47.096774 | AF49: =M49/J49 -> 0.97645161
A50: 新豐1線 | B50: 微波主食 | C50: 二配香辣醬蒜味香腸蛋炒飯 | E50: 55.56 | F50: 1441 | G50: =E50*F50 -> 80061.96 | I50: 17 | J50: 2000 | K50: =J50/I50 -> 117.64706 | L50: 17 | M50: =F50/V50*60 -> 1921.3333 | N50: =M50/L50 -> 113.01961 | O50: =L50-I50 -> 0 | P50: =N50-K50 -> -4.627451 | Q50: =N50/K50 -> 0.96066667 | S50: 0.73472222 | T50: 0.76597222 | U50: =IF(S50=TIME(17,0,0),"",(S50-T49)*24*60) -> 7 | V50: =(T50-S50)*24*60 -> 45 | AE50: =M50-J50 -> -78.666667 | AF50: =M50/J50 -> 0.96066667
A51: 新豐1線 | B51: 微波主食 | C51: 二配鮭魚蛋炒飯 | E51: 54.29 | F51: 657 | G51: =E51*F51 -> 35668.53 | I51: 20 | J51: 2000 | K51: =J51/I51 -> 100 | L51: 20 | M51: =F51/V51*60 -> 1971 | N51: =M51/L51 -> 98.55 | O51: =L51-I51 -> 0 | P51: =N51-K51 -> -1.45 | Q51: =N51/K51 -> 0.9855 | S51: 0.77013889 | T51: 0.78402778 | U51: =IF(S51=TIME(17,0,0),"",(S51-T50)*24*60) -> 6 | V51: =(T51-S51)*24*60 -> 20 | AE51: =M51-J51 -> -29 | AF51: =M51/J51 -> 0.9855
A52: 新豐1線 | B52: 平均 | I52: 18.625 | J52: 1937.5 | K52: =J52/I52 -> 104.02685 | L52: 18.625 | M52: =AVERAGE(M44:M51) -> 1876.4242 | N52: =M52/L52 -> 100.74761 | O52: =L52-I52 -> 0 | P52: =N52-K52 -> -3.2792385 | Q52: =N52/K52 -> 0.968477 | Y52: =SUM(Y44:Y51) -> 0 | Z52: =SUM(Z44:Z51) -> 0 | AC52: =SUM(AC44:AC51) -> 8 | AD52: =SUM(AD44:AD51) -> 0 | AE52: =M52-J52 -> -61.075817 | AF52: =M52/J52 -> 0.968477
A53: 新豐10線 | B53: 調理麵包 | C53: 厚豆腐蛋白蕈菇豬肉堡 | E53: 34.36 | F53: 1571 | G53: =E53*F53 -> 53979.56 | I53: 10 | J53: 3000 | K53: =J53/I53 -> 300 | L53: 10 | M53: =F53/V53*60 -> 2856.3636 | N53: =M53/L53 -> 285.63636 | O53: =L53-I53 -> 0 | P53: =N53-K53 -> -14.363636 | Q53: =N53/K53 -> 0.95212121 | R53: =Q59 -> 0.96194083 | S53: 0.20833333 | T53: 0.23125 | V53: =(T53-S53)*24*60 -> 33 | AC53: 6 | AE53: =M53-J53 -> -143.63636 | AF53: =M53/J53 -> 0.95212121 | AG53: =AF59 -> 0.96194083
A54: 新豐10線 | B54: 調理麵包 | C54: 茄汁薯餅蛋堡 | E54: 34.36 | F54: 916 | G54: =E54*F54 -> 31473.76 | I54: 10 | J54: 3000 | K54: =J54/I54 -> 300 | L54: 10 | M54: =F54/V54*60 -> 2892.6316 | N54: =M54/L54 -> 289.26316 | O54: =L54-I54 -> 0 | P54: =N54-K54 -> -10.736842 | Q54: =N54/K54 -> 0.96421053 | S54: 0.23472222 | T54: 0.24791667 | U54: =(S54-T53)*24*60 -> 5 | V54: =(T54-S54)*24*60 -> 19 | AE54: =M54-J54 -> -107.36842 | AF54: =M54/J54 -> 0.96421053
A55: 新豐10線 | B55: 調理麵包 | C55: 香雞蛋堡(112年) | E55: 26.78 | F55: 1812 | G55: =E55*F55 -> 48525.36 | I55: 10 | J55: 3000 | K55: =J55/I55 -> 300 | L55: 10 | M55: =F55/V55*60 -> 2861.0526 | N55: =M55/L55 -> 286.10526 | O55: =L55-I55 -> 0 | P55: =N55-K55 -> -13.894737 | Q55: =N55/K55 -> 0.95368421 | S55: 0.25277778 | T55: 0.27916667 | U55: =(S55-T54)*24*60 -> 7 | V55: =(T55-S55)*24*60 -> 38 | AE55: =M55-J55 -> -138.94737 | AF55: =M55/J55 -> 0.95368421
A56: 新豐10線 | B56: 調理麵包 | C56: 魔王愛吃辣雞堡 | E56: 37.88 | F56: 1180 | G56: =E56*F56 -> 44698.4 | I56: 10 | J56: 3000 | K56: =J56/I56 -> 300 | L56: 10 | M56: =F56/V56*60 -> 2950 | N56: =M56/L56 -> 295 | O56: =L56-I56 -> 0 | P56: =N56-K56 -> -5 | Q56: =N56/K56 -> 0.98333333 | S56: 0.28333333 | T56: 0.3 | U56: =(S56-T55)*24*60 -> 6 | V56: =(T56-S56)*24*60 -> 24 | AE56: =M56-J56 -> -50 | AF56: =M56/J56 -> 0.98333333
A57: 新豐10線 | B57: 調理麵包 | C57: 美式雞腿堡 | E57: 35.87 | F57: 2845 | G57: =E57*F57 -> 102050.15 | I57: 9 | J57: 3000 | K57: =J57/I57 -> 333.33333 | L57: 9 | M57: =F57/V57*60 -> 2893.2203 | N57: =M57/L57 -> 321.46893 | O57: =L57-I57 -> 0 | P57: =N57-K57 -> -11.864407 | Q57: =N57/K57 -> 0.96440678 | S57: 0.30347222 | T57: 0.34444444 | U57: =(S57-T56)*24*60 -> 5 | V57: =(T57-S57)*24*60 -> 59 | AE57: =M57-J57 -> -106.77966 | AF57: =M57/J57 -> 0.96440678
A58: 新豐10線 | B58: 調理麵包 | C58: 黃金魚堡(114年) | E58: 34.35 | F58: 1717 | G58: =E58*F58 -> 58978.95 | I58: 8 | J58: 3000 | K58: =J58/I58 -> 375 | L58: 8 | M58: =F58/V58*60 -> 2861.6667 | N58: =M58/L58 -> 357.70833 | O58: =L58-I58 -> 0 | P58: =N58-K58 -> -17.291667 | Q58: =N58/K58 -> 0.95388889 | S58: 0.34861111 | T58: 0.37361111 | U58: =(S58-T57)*24*60 -> 6 | V58: =(T58-S58)*24*60 -> 36 | AE58: =M58-J58 -> -138.33333 | AF58: =M58/J58 -> 0.95388889
A59: 新豐10線 | B59: 平均 | I59: 9.5 | J59: 3000 | K59: =J59/I59 -> 315.78947 | L59: 9.5 | M59: =AVERAGE(M53:M58) -> 2885.8225 | N59: =M59/L59 -> 303.77079 | O59: =L59-I59 -> 0 | P59: =N59-K59 -> -12.018687 | Q59: =N59/K59 -> 0.96194083 | Y59: =SUM(Y53:Y58) -> 0 | Z59: =SUM(Z53:Z58) -> 0 | AC59: =SUM(AC53:AC58) -> 6 | AD59: =SUM(AD53:AD58) -> 0 | AE59: =M59-J59 -> -114.17752 | AF59: =M59/J59 -> 0.96194083
A60: 新豐4線 | B60: 三明治 | C60: 鮪魚起司溏心蛋三明治 | E60: 26.2 | F60: 4700 | G60: =E60*F60 -> 123140 | H60: 2 | I60: 18 | J60: 2400 | K60: =J60/I60 -> 133.33333 | L60: 18 | M60: =F60/V60*60 -> 2292.6829 | N60: =M60/L60 -> 127.37127 | O60: =L60-I60 -> 0 | P60: =N60-K60 -> -5.9620596 | Q60: =N60/K60 -> 0.95528455 | R60: =Q67 -> 0.95790829 | S60: 0.083333333 | T60: 0.16875 | V60: =(T60-S60)*24*60 -> 123 | W60: =T60 -> 0.16875 | X60: =S61 -> 0.18958333 | AC60: 7 | AE60: =M60-J60 -> -107.31707 | AF60: =M60/J60 -> 0.95528455 | AG60: =AF67 -> 0.95790829
A61: 新豐4線 | B61: 三明治 | C61: 輕乳酪巧克力三明治 | E61: 20.52 | F61: 2586 | G61: =E61*F61 -> 53064.72 | I61: 18 | J61: 2400 | K61: =J61/I61 -> 133.33333 | L61: 18 | M61: =F61/V61*60 -> 2315.8209 | N61: =M61/L61 -> 128.65672 | O61: =L61-I61 -> 0 | P61: =N61-K61 -> -4.6766169 | Q61: =N61/K61 -> 0.96492537 | S61: 0.18958333 | T61: 0.23611111 | U61: =(S61-T60)*24*60 -> 30 | V61: =(T61-S61)*24*60 -> 67 | AE61: =M61-J61 -> -84.179104 | AF61: =M61/J61 -> 0.96492537
A62: 新豐4線 | B62: 三明治 | C62: 瘋狂起司三明治(113年) | E62: 24.45 | F62: 2143 | G62: =E62*F62 -> 52396.35 | I62: 19 | J62: 2400 | K62: =J62/I62 -> 126.31579 | L62: 19 | M62: =F62/V62*60 -> 2296.0714 | N62: =M62/L62 -> 120.84586 | O62: =L62-I62 -> 0 | P62: =N62-K62 -> -5.4699248 | Q62: =N62/K62 -> 0.95669643 | S62: 0.23958333 | T62: 0.27847222 | U62: =(S62-T61)*24*60 -> 5 | V62: =(T62-S62)*24*60 -> 56 | AE62: =M62-J62 -> -103.92857 | AF62: =M62/J62 -> 0.95669643
A63: 新豐4線 | B63: 三明治 | C63: 藍莓優格三明治 | E63: 20.21 | F63: 2729 | G63: =E63*F63 -> 55153.09 | I63: 15 | J63: 2400 | K63: =J63/I63 -> 160 | L63: 15 | M63: =F63/V63*60 -> 2306.1972 | N63: =M63/L63 -> 153.74648 | O63: =L63-I63 -> 0 | P63: =N63-K63 -> -6.2535211 | Q63: =N63/K63 -> 0.96091549 | S63: 0.28402778 | T63: 0.33333333 | U63: =(S63-T62)*24*60 -> 8 | V63: =(T63-S63)*24*60 -> 71 | AE63: =M63-J63 -> -93.802817 | AF63: =M63/J63 -> 0.96091549
A64: 新豐4線 | B64: 三明治 | C64: 香蕉可可三明治 | E64: 22.69 | F64: 3774 | G64: =E64*F64 -> 85632.06 | I64: 15 | J64: 2400 | K64: =J64/I64 -> 160 | L64: 15 | M64: =F64/V64*60 -> 2287.2727 | N64: =M64/L64 -> 152.48485 | O64: =L64-I64 -> 0 | P64: =N64-K64 -> -7.5151515 | Q64: =N64/K64 -> 0.9530303 | S64: 0.33888889 | T64: 0.40763889 | U64: =(S64-T63)*24*60 -> 8 | V64: =(T64-S64)*24*60 -> 99 | AE64: =M64-J64 -> -112.72727 | AF64: =M64/J64 -> 0.9530303
A65: 新豐4線 | B65: 三明治 | C65: 火腿起司蛋三明治 | E65: 19.02 | F65: 4700 | G65: =E65*F65 -> 89394 | H65: 2 | I65: 14 | J65: 2400 | K65: =J65/I65 -> 171.42857 | L65: 14 | M65: =F65/V65*60 -> 2292.6829 | N65: =M65/L65 -> 163.76307 | O65: =L65-I65 -> 0 | P65: =N65-K65 -> -7.6655052 | Q65: =N65/K65 -> 0.95528455 | S65: 0.4125 | T65: 0.49791667 | U65: =(S65-T64)*24*60 -> 7 | V65: =(T65-S65)*24*60 -> 123 | W65: =T65 -> 0.49791667 | X65: =S66 -> 0.53888889 | AE65: =M65-J65 -> -107.31707 | AF65: =M65/J65 -> 0.95528455
A66: 新豐4線 | B66: 三明治 | C66: 火腿起司蛋三明治 | E66: 19.02 | F66: 4681 | G66: =E66*F66 -> 89032.62 | I66: 14 | J66: 2400 | K66: =J66/I66 -> 171.42857 | L66: 14 | M66: =F66/V66*60 -> 2302.1311 | N66: =M66/L66 -> 164.43794 | O66: =L66-I66 -> 0 | P66: =N66-K66 -> -6.9906323 | Q66: =N66/K66 -> 0.95922131 | S66: 0.53888889 | T66: 0.62361111 | U66: =(S66-T65)*24*60 -> 59 | V66: =(T66-S66)*24*60 -> 122 | AE66: =M66-J66 -> -97.868852 | AF66: =M66/J66 -> 0.95922131
A67: 新豐4線 | B67: 平均 | I67: 16.142857 | J67: 2400 | K67: =J67/I67 -> 148.67257 | L67: 16.142857 | M67: =AVERAGE(M60:M66) -> 2298.9799 | N67: =M67/L67 -> 142.41468 | O67: =L67-I67 -> 0 | P67: =N67-K67 -> -6.2578829 | Q67: =N67/K67 -> 0.95790829 | Y67: =SUM(Y60:Y66) -> 0 | Z67: =SUM(Z60:Z66) -> 0 | AC67: =SUM(AC60:AC66) -> 7 | AD67: =SUM(AD60:AD66) -> 0 | AE67: =M67-J67 -> -101.02011 | AF67: =M67/J67 -> 0.95790829

Sheet 0429
B1: 屏榮 新豐廠組合室生產人時性分析
B3: 日期 | C3: =TEXT('0429 4度C'!A2,"yyyy.mm.ddaaaa") -> 2026.04.29星期三 | E3: 訂單量 | F3: ='0429 4度C'!D1 -> 178103 | H3: 營業額 | I3: ='0429 4度C'!F1 -> 5954445.1
B4: 人時性 | C4: 項目 | E4: ➀ | G4: ➁ | I4: ➂ | K4: 異常停線 | M4: 短暫停線
C5: 組合室 | E5: 全溫層 | G5: 4度C-各編組展開 | I5: ③三明治-各編組展開 | K5: 合計次數 | L5: 時間 | M5: 合計次數 | N5: 設備次數
C6: 排關平均 | E6: =AVERAGE(D13:M13) -> 151.07581 | F6: =AVERAGE(D31:O31,D13:J13) -> 157.40334 | G6: =AVERAGE(D13:J13) -> 157.40334 | I6: =AVERAGE(K13:M13) -> 136.31158 | K6: ='0429 4度C'!Y2 -> 0 | L6: ='0429 4度C'!Z2 -> 0 | M6: ='0429 4度C'!AC2 -> 58 | N6: ='0429 4度C'!AD2 -> 0
C7: 實績平均 | E7: =AVERAGE(D14:M14) -> 144.8514 | F7: =AVERAGE(D32:O32,D14:J14) -> 151.06614 | G7: =AVERAGE(D14:J14) -> 151.06614 | I7: =AVERAGE(K14:M14) -> 130.35032
C8: 達成率平均 | E8: =AVERAGE(D15:M15) -> 0.958816 | F8: =AVERAGE(D15:J15,D33:O33) -> 0.95995787 | G8: =AVERAGE(D15:J15) -> 0.95995787 | I8: =AVERAGE(K15:M15) -> 0.95615165
K9: ※現行日本鮮食廠以達成率80%為基本(即為現行KPI)
B10: 溫層 | D10: ➁4度C-各編組展開 | K10: ③三明治-各編組展開
B11: 編組 | D11: 1 | E11: 2 | F11: 3 | G11: 4 | H11: 5 | I11: 6 | J11: 7 | K11: 1 | L11: 2 | M11: 3
D12: 新豐6線 | E12: 新豐2線 | F12: 新豐5線 | G12: 新豐7線 | H12: 新豐3線 | I12: 新豐1線 | J12: 新豐10線 | K12: 新豐8線 | L12: 新豐9線 | M12: 新豐4線
B13: 人時性 | C13: 排關 | D13: =SUMIFS('0429 4度C'!$K:$K,'0429 4度C'!$A:$A,"新豐6線",'0429 4度C'!$B:$B,"平均") -> 119.40299 | E13: =SUMIFS('0429 4度C'!$K:$K,'0429 4度C'!$A:$A,"新豐2線",'0429 4度C'!$B:$B,"平均") -> 83.333333 | F13: =SUMIFS('0429 4度C'!$K:$K,'0429 4度C'!$A:$A,"新豐5線",'0429 4度C'!$B:$B,"平均") -> 100 | G13: =SUMIFS('0429 4度C'!$K:$K,'0429 4度C'!$A:$A,"新豐7線",'0429 4度C'!$B:$B,"平均") -> 123.45679 | H13: =SUMIFS('0429 4度C'!$K:$K,'0429 4度C'!$A:$A,"新豐3線",'0429 4度C'!$B:$B,"平均") -> 255.81395 | I13: =SUMIFS('0429 4度C'!$K:$K,'0429 4度C'!$A:$A,"新豐1線",'0429 4度C'!$B:$B,"平均") -> 104.02685 | J13: =SUMIFS('0429 4度C'!$K:$K,'0429 4度C'!$A:$A,"新豐10線",'0429 4度C'!$B:$B,"平均") -> 315.78947 | K13: =SUMIFS('0429 4度C'!$K:$K,'0429 4度C'!$A:$A,"新豐8線",'0429 4度C'!$B:$B,"平均") -> 131.25 | L13: =SUMIFS('0429 4度C'!$K:$K,'0429 4度C'!$A:$A,"新豐9線",'0429 4度C'!$B:$B,"平均") -> 131.34328 | M13: =SUMIFS('0429 4度C'!$K:$K,'0429 4度C'!$A:$A,"新豐4線",'0429 4度C'!$B:$B,"平均") -> 146.34146
C14: 實績 | D14: =SUMIFS('0429 4度C'!$N:$N,'0429 4度C'!$A:$A,"新豐6線",'0429 4度C'!$B:$B,"平均") -> 114.16627 | E14: =SUMIFS('0429 4度C'!$N:$N,'0429 4度C'!$A:$A,"新豐2線",'0429 4度C'!$B:$B,"平均") -> 79.629357 | F14: =SUMIFS('0429 4度C'!$N:$N,'0429 4度C'!$A:$A,"新豐5線",'0429 4度C'!$B:$B,"平均") -> 96.654847 | G14: =SUMIFS('0429 4度C'!$N:$N,'0429 4度C'!$A:$A,"新豐7線",'0429 4度C'!$B:$B,"平均") -> 118.24046 | H14: =SUMIFS('0429 4度C'!$N:$N,'0429 4度C'!$A:$A,"新豐3線",'0429 4度C'!$B:$B,"平均") -> 244.17454 | I14: =SUMIFS('0429 4度C'!$N:$N,'0429 4度C'!$A:$A,"新豐1線",'0429 4度C'!$B:$B,"平均") -> 100.52192 | J14: =SUMIFS('0429 4度C'!$N:$N,'0429 4度C'!$A:$A,"新豐10線",'0429 4度C'!$B:$B,"平均") -> 304.07561 | K14: =SUMIFS('0429 4度C'!$N:$N,'0429 4度C'!$A:$A,"新豐8線",'0429 4度C'!$B:$B,"平均") -> 125.18267 | L14: =SUMIFS('0429 4度C'!$N:$N,'0429 4度C'!$A:$A,"新豐9線",'0429 4度C'!$B:$B,"平均") -> 125.48409 | M14: =SUMIFS('0429 4度C'!$N:$N,'0429 4度C'!$A:$A,"新豐4線",'0429 4度C'!$B:$B,"平均") -> 140.38419
C15: 達成率 | D15: =D14/D13 -> 0.95614252 | E15: =E14/E13 -> 0.95555228 | F15: =F14/F13 -> 0.96654847 | G15: =G14/G13 -> 0.95774771 | H15: =H14/H13 -> 0.95450046 | I15: =I14/I13 -> 0.96630753 | J15: =J14/J13 -> 0.96290609 | K15: =K14/K13 -> 0.95377274 | ... M15: =M14/M13 -> 0.95929197
B16: 作業 時間 | C16: 開始 | D16: =VLOOKUP("新豐6線",'0429 4度C'!$A:$T,19,0) -> 0.70833333 | E16: =VLOOKUP("新豐2線",'0429 4度C'!$A:$T,19,0) -> 0.20833333 | F16: =VLOOKUP("新豐5線",'0429 4度C'!$A:$T,19,0) -> 0.20833333 | G16: =VLOOKUP("新豐7線",'0429 4度C'!$A:$T,19,0) -> 0.20833333 | H16: =VLOOKUP("新豐3線",'0429 4度C'!$A:$T,19,0) -> 0.083333333 | I16: =VLOOKUP("新豐1線",'0429 4度C'!$A:$T,19,0) -> 0.20833333 | J16: =VLOOKUP("新豐10線",'0429 4度C'!$A:$T,19,0) -> 0.20833333 | K16: =VLOOKUP("新豐8線",'0429 4度C'!$A:$T,19,0) -> 0.083333333 | L16: =VLOOKUP("新豐9線",'0429 4度C'!$A:$T,19,0) -> 0.083333333 | M16: =VLOOKUP("新豐4線",'0429 4度C'!$A:$T,19,0) -> 0.083333333
C17: 結束 | D17: =LOOKUP(2,1/(('0429 4度C'!$A:$A="新豐6線")*('0429 4度C'!$T:$T<>"")),'0429 4度C'!$T:$T) -> 0.825 | E17: =LOOKUP(2,1/(('0429 4度C'!$A:$A="新豐2線")*('0429 4度C'!$T:$T<>"")),'0429 4度C'!$T:$T) -> 0.52013889 | F17: =LOOKUP(2,1/(('0429 4度C'!$A:$A="新豐5線")*('0429 4度C'!$T:$T<>"")),'0429 4度C'!$T:$T) -> 0.81805556 | G17: =LOOKUP(2,1/(('0429 4度C'!$A:$A="新豐7線")*('0429 4度C'!$T:$T<>"")),'0429 4度C'!$T:$T) -> 0.79236111 | H17: =LOOKUP(2,1/(('0429 4度C'!$A:$A="新豐3線")*('0429 4度C'!$T:$T<>"")),'0429 4度C'!$T:$T) -> 0.47569444 | I17: =LOOKUP(2,1/(('0429 4度C'!$A:$A="新豐1線")*('0429 4度C'!$T:$T<>"")),'0429 4度C'!$T:$T) -> 0.79444444 | J17: =LOOKUP(2,1/(('0429 4度C'!$A:$A="新豐10線")*('0429 4度C'!$T:$T<>"")),'0429 4度C'!$T:$T) -> 0.41597222 | K17: =LOOKUP(2,1/(('0429 4度C'!$A:$A="新豐8線")*('0429 4度C'!$T:$T<>"")),'0429 4度C'!$T:$T) -> 0.75763889 | L17: =LOOKUP(2,1/(('0429 4度C'!$A:$A="新豐9線")*('0429 4度C'!$T:$T<>"")),'0429 4度C'!$T:$T) -> 0.74722222 | M17: =LOOKUP(2,1/(('0429 4度C'!$A:$A="新豐4線")*('0429 4度C'!$T:$T<>"")),'0429 4度C'!$T:$T) -> 0.78263889
B18: 產線異常 (5分鐘以上) | C18: 次數 | D18: =SUMIFS('0429 4度C'!$Y:$Y,'0429 4度C'!$A:$A,"新豐6線",'0429 4度C'!$B:$B,"平均") -> 0 | E18: =SUMIFS('0429 4度C'!$Y:$Y,'0429 4度C'!$A:$A,"新豐2線",'0429 4度C'!$B:$B,"平均") -> 0 | F18: =SUMIFS('0429 4度C'!$Y:$Y,'0429 4度C'!$A:$A,"新豐5線",'0429 4度C'!$B:$B,"平均") -> 0 | G18: =SUMIFS('0429 4度C'!$Y:$Y,'0429 4度C'!$A:$A,"新豐7線",'0429 4度C'!$B:$B,"平均") -> 0 | H18: =SUMIFS('0429 4度C'!$Y:$Y,'0429 4度C'!$A:$A,"新豐3線",'0429 4度C'!$B:$B,"平均") -> 0 | I18: =SUMIFS('0429 4度C'!$Y:$Y,'0429 4度C'!$A:$A,"新豐1線",'0429 4度C'!$B:$B,"平均") -> 0 | J18: =SUMIFS('0429 4度C'!$Y:$Y,'0429 4度C'!$A:$A,"新豐10線",'0429 4度C'!$B:$B,"平均") -> 0 | K18: =SUMIFS('0429 4度C'!$Y:$Y,'0429 4度C'!$A:$A,"新豐8線",'0429 4度C'!$B:$B,"平均") -> 0 | L18: =SUMIFS('0429 4度C'!$Y:$Y,'0429 4度C'!$A:$A,"新豐9線",'0429 4度C'!$B:$B,"平均") -> 0 | M18: =SUMIFS('0429 4度C'!$Y:$Y,'0429 4度C'!$A:$A,"新豐4線",'0429 4度C'!$B:$B,"平均") -> 0
C19: 時間/分 | D19: =SUMIFS('0429 4度C'!$Z:$Z,'0429 4度C'!$A:$A,"新豐6線",'0429 4度C'!$B:$B,"平均") -> 0 | E19: =SUMIFS('0429 4度C'!$Z:$Z,'0429 4度C'!$A:$A,"新豐2線",'0429 4度C'!$B:$B,"平均") -> 0 | F19: =SUMIFS('0429 4度C'!$Z:$Z,'0429 4度C'!$A:$A,"新豐5線",'0429 4度C'!$B:$B,"平均") -> 0 | G19: =SUMIFS('0429 4度C'!$Z:$Z,'0429 4度C'!$A:$A,"新豐7線",'0429 4度C'!$B:$B,"平均") -> 0 | H19: =SUMIFS('0429 4度C'!$Z:$Z,'0429 4度C'!$A:$A,"新豐3線",'0429 4度C'!$B:$B,"平均") -> 0 | I19: =SUMIFS('0429 4度C'!$Z:$Z,'0429 4度C'!$A:$A,"新豐1線",'0429 4度C'!$B:$B,"平均") -> 0 | J19: =SUMIFS('0429 4度C'!$Z:$Z,'0429 4度C'!$A:$A,"新豐10線",'0429 4度C'!$B:$B,"平均") -> 0 | K19: =SUMIFS('0429 4度C'!$Z:$Z,'0429 4度C'!$A:$A,"新豐8線",'0429 4度C'!$B:$B,"平均") -> 0 | L19: =SUMIFS('0429 4度C'!$Z:$Z,'0429 4度C'!$A:$A,"新豐9線",'0429 4度C'!$B:$B,"平均") -> 0 | M19: =SUMIFS('0429 4度C'!$Z:$Z,'0429 4度C'!$A:$A,"新豐4線",'0429 4度C'!$B:$B,"平均") -> 0
B20: 短暫停線 (5分鐘以下) | C20: 次數 | D20: =SUMIFS('0429 4度C'!$AC:$AC,'0429 4度C'!$A:$A,"新豐6線",'0429 4度C'!$B:$B,"平均") -> 4 | E20: =SUMIFS('0429 4度C'!$AC:$AC,'0429 4度C'!$A:$A,"新豐2線",'0429 4度C'!$B:$B,"平均") -> 2 | F20: =SUMIFS('0429 4度C'!$AC:$AC,'0429 4度C'!$A:$A,"新豐5線",'0429 4度C'!$B:$B,"平均") -> 4 | G20: =SUMIFS('0429 4度C'!$AC:$AC,'0429 4度C'!$A:$A,"新豐7線",'0429 4度C'!$B:$B,"平均") -> 5 | H20: =SUMIFS('0429 4度C'!$AC:$AC,'0429 4度C'!$A:$A,"新豐3線",'0429 4度C'!$B:$B,"平均") -> 4 | I20: =SUMIFS('0429 4度C'!$AC:$AC,'0429 4度C'!$A:$A,"新豐1線",'0429 4度C'!$B:$B,"平均") -> 8 | J20: =SUMIFS('0429 4度C'!$AC:$AC,'0429 4度C'!$A:$A,"新豐10線",'0429 4度C'!$B:$B,"平均") -> 6 | K20: =SUMIFS('0429 4度C'!$AC:$AC,'0429 4度C'!$A:$A,"新豐8線",'0429 4度C'!$B:$B,"平均") -> 7 | L20: =SUMIFS('0429 4度C'!$AC:$AC,'0429 4度C'!$A:$A,"新豐9線",'0429 4度C'!$B:$B,"平均") -> 8 | M20: =SUMIFS('0429 4度C'!$AC:$AC,'0429 4度C'!$A:$A,"新豐4線",'0429 4度C'!$B:$B,"平均") -> 10
C21: 設備次數 | D21: =SUMIFS('0429 4度C'!$AD:$AD,'0429 4度C'!$A:$A,"新豐6線",'0429 4度C'!$B:$B,"平均") -> 0 | E21: =SUMIFS('0429 4度C'!$AD:$AD,'0429 4度C'!$A:$A,"新豐2線",'0429 4度C'!$B:$B,"平均") -> 0 | F21: =SUMIFS('0429 4度C'!$AD:$AD,'0429 4度C'!$A:$A,"新豐5線",'0429 4度C'!$B:$B,"平均") -> 0 | G21: =SUMIFS('0429 4度C'!$AD:$AD,'0429 4度C'!$A:$A,"新豐7線",'0429 4度C'!$B:$B,"平均") -> 0 | H21: =SUMIFS('0429 4度C'!$AD:$AD,'0429 4度C'!$A:$A,"新豐3線",'0429 4度C'!$B:$B,"平均") -> 0 | I21: =SUMIFS('0429 4度C'!$AD:$AD,'0429 4度C'!$A:$A,"新豐1線",'0429 4度C'!$B:$B,"平均") -> 0 | J21: =SUMIFS('0429 4度C'!$AD:$AD,'0429 4度C'!$A:$A,"新豐10線",'0429 4度C'!$B:$B,"平均") -> 0 | K21: =SUMIFS('0429 4度C'!$AD:$AD,'0429 4度C'!$A:$A,"新豐8線",'0429 4度C'!$B:$B,"平均") -> 0 | L21: =SUMIFS('0429 4度C'!$AD:$AD,'0429 4度C'!$A:$A,"新豐9線",'0429 4度C'!$B:$B,"平均") -> 0 | M21: =SUMIFS('0429 4度C'!$AD:$AD,'0429 4度C'!$A:$A,"新豐4線",'0429 4度C'!$B:$B,"平均") -> 0
B22: 配置人數 | D22: =SUMIFS('0429 4度C'!$I:$I,'0429 4度C'!$A:$A,"新豐6線",'0429 4度C'!$B:$B,"平均") -> 16.75 | E22: =SUMIFS('0429 4度C'!$I:$I,'0429 4度C'!$A:$A,"新豐2線",'0429 4度C'!$B:$B,"平均") -> 18 | F22: =SUMIFS('0429 4度C'!$I:$I,'0429 4度C'!$A:$A,"新豐5線",'0429 4度C'!$B:$B,"平均") -> 17.5 | G22: =SUMIFS('0429 4度C'!$I:$I,'0429 4度C'!$A:$A,"新豐7線",'0429 4度C'!$B:$B,"平均") -> 16.2 | H22: =SUMIFS('0429 4度C'!$I:$I,'0429 4度C'!$A:$A,"新豐3線",'0429 4度C'!$B:$B,"平均") -> 10.75 | I22: =SUMIFS('0429 4度C'!$I:$I,'0429 4度C'!$A:$A,"新豐1線",'0429 4度C'!$B:$B,"平均") -> 18.625 | J22: =SUMIFS('0429 4度C'!$I:$I,'0429 4度C'!$A:$A,"新豐10線",'0429 4度C'!$B:$B,"平均") -> 9.5 | K22: =SUMIFS('0429 4度C'!$I:$I,'0429 4度C'!$A:$A,"新豐8線",'0429 4度C'!$B:$B,"平均") -> 18.285714 | L22: =SUMIFS('0429 4度C'!$I:$I,'0429 4度C'!$A:$A,"新豐9線",'0429 4度C'!$B:$B,"平均") -> 16.75 | M22: =SUMIFS('0429 4度C'!$I:$I,'0429 4度C'!$A:$A,"新豐4線",'0429 4度C'!$B:$B,"平均") -> 16.4
B23: 主要應用設備 | D23: ET-55 | E23: 熱縮爐 | F23: L型包裝機 | G23: L型包裝機 | H23: 伺服包裝機 | I23: ET-55 | J23: 伺服包裝機 | K23: 三明治包裝機 | L23: 三明治包裝機 | M23: 三明治包裝機
B24: 次要應用設備 | F24: 圓盤機 | G24: ET-55
B25: 備註 | E25: 握沙拉 | F25: 共用L型包裝機 | H25: 調理麵包 | I25: 炒飯+沙拉 | J25: 調理麵包

Sheet 0429 4度C
A1: 新豐廠四度C日報分析 | C1: 總生產量 | D1: =SUM(F5:F72) -> 178103 | E1: 營業額 | F1: =SUM(G5:G72) -> 5954445.1 | G1: 出勤人數 | H1: =L9+L12+L45+L54+L17+L61+L31+L40+L23+L72 -> 158.76071 | I1: 產線配置圖 | L1: 生產實績 | O1: 人時性差異分析 | S1: 日報登錄 | Y1: 合計 次數 | Z1: 合計 時間/分 | AA1: 產線異常 分析說明(5分鐘以上) | AC1: 合計 次數 | AD1: 合計 設備次數 | AE1: 產能差異分析
A2: 46141 | B2: 星期三 | C2: 人時性 | D2: =AVERAGE(N9,N12,N45,N54,N17,N61,N23,N31,N40,N72) -> 144.8514 | E2: 平均廠價 | F2: =F1/D1 -> 33.432593 | G2: 多次生產數 | H2: =COUNT(H5:H72) -> 10 | Y2: =SUM(Y9+Y12+Y17+Y23+Y31+Y40+Y45+Y54+Y61+Y72) -> 0 | Z2: =SUM(Z9+Z12+Z17+Z23+Z31+Z40+Z45+Z54+Z61+Z72) -> 0 | AC2: 58 | AD2: =SUM(AD9+AD12+AD17+AD23+AD31+AD40+AD45+AD54+AD61+AD72) -> 0
A3: 線別 | B3: 品類 | C3: 品名 | E3: 廠價 | F3: 生產量 | G3: 營收 | H3: 多次 生產 | I3: 人數 | J3: 產能/時 | K3: 人時性 | L3: 人數 | M3: 產能/時 | N3: 人時性 | O3: 人數 | P3: 人時性 | Q3: 達成率 | R3: 達成率平均 | S3: 生產時間 | U3: 換線、休息/分 | V3: 稼動時間/分 | W3: 休息時間 | Y3: 產線異常統計 (5分鐘以上) | AA3: (新豐回填) | AC3: 短暫停線統計 (5分鐘以下) | AE3: 產能/時 | AF3: 達成率 | AG3: 達成率平均
S4: 開始 | T4: 結束 | W4: 開始 | X4: 結束 | Y4: 次數 | Z4: 時間/分 | AC4: 總次數 | AD4: 設備因素(次數)
A5: 新豐6線 | B5: 微波主食 | C5: 二配港式香滑嫩蛋牛肉燴飯 | E5: 50.67 | F5: 1151 | G5: =E5*F5 -> 58321.17 | I5: 17 | J5: 2000 | K5: =J5/I5 -> 117.64706 | L5: 17 | M5: =F5/V5*60 -> 1918.3333 | N5: =M5/L5 -> 112.84314 | O5: =L5-I5 -> 0 | P5: =N5-K5 -> -4.8039216 | Q5: =N5/K5 -> 0.95916667 | R5: =Q9 -> 0.95614252 | S5: 0.70833333 | T5: 0.73333333 | V5: =(T5-S5)*24*60 -> 36 | AC5: 4 | AE5: =M5-J5 -> -81.666667 | AF5: =M5/J5 -> 0.95916667 | AG5: =AF9 -> 0.95614252
A6: 新豐6線 | B6: 微波主食 | C6: 二配美味蟹煲 | E6: 54.09 | F6: 984 | G6: =E6*F6 -> 53224.56 | I6: 19 | J6: 2000 | K6: =J6/I6 -> 105.26316 | L6: 19 | M6: =F6/V6*60 -> 1904.5161 | N6: =M6/L6 -> 100.23769 | O6: =L6-I6 -> 0 | P6: =N6-K6 -> -5.0254669 | Q6: =N6/K6 -> 0.95225806 | S6: 0.73819444 | T6: 0.75972222 | U6: =IF(S6=TIME(17,0,0),"",(S6-T5)*24*60) -> 7 | V6: =(T6-S6)*24*60 -> 31 | AE6: =M6-J6 -> -95.483871 | AF6: =M6/J6 -> 0.95225806
A7: 新豐6線 | B7: 微波主食 | C7: 二配泰式綠咖哩雞 | E7: 50.67 | F7: 1269 | G7: =E7*F7 -> 64300.23 | I7: 15 | J7: 2000 | K7: =J7/I7 -> 133.33333 | L7: 15 | M7: =F7/V7*60 -> 1903.5 | N7: =M7/L7 -> 126.9 | O7: =L7-I7 -> 0 | P7: =N7-K7 -> -6.4333333 | Q7: =N7/K7 -> 0.95175 | S7: 0.76388889 | T7: 0.79166667 | U7: =IF(S7=TIME(17,0,0),"",(S7-T6)*24*60) -> 6 | V7: =(T7-S7)*24*60 -> 40 | AE7: =M7-J7 -> -96.5 | AF7: =M7/J7 -> 0.95175
A8: 新豐6線 | B8: 微波主食 | C8: 二配蔥爆牛肉燴飯 | E8: 52.86 | F8: 1378 | G8: =E8*F8 -> 72841.08 | I8: 16 | J8: 2000 | K8: =J8/I8 -> 125 | L8: 16 | M8: =F8/V8*60 -> 1922.7907 | N8: =M8/L8 -> 120.17442 | O8: =L8-I8 -> 0 | P8: =N8-K8 -> -4.8255814 | Q8: =N8/K8 -> 0.96139535 | S8: 0.79513889 | T8: 0.825 | U8: =IF(S8=TIME(17,0,0),"",(S8-T7)*24*60) -> 5 | V8: =(T8-S8)*24*60 -> 43 | AE8: =M8-J8 -> -77.209302 | AF8: =M8/J8 -> 0.96139535
A9: 新豐6線 | B9: 平均 | I9: 16.75 | J9: 2000 | K9: =J9/I9 -> 119.40299 | L9: 16.75 | M9: =AVERAGE(M5:M8) -> 1912.285 | N9: =M9/L9 -> 114.16627 | O9: =L9-I9 -> 0 | P9: =N9-K9 -> -5.236714 | Q9: =N9/K9 -> 0.95614252 | Y9: =SUM(Y5:Y8) -> 0 | Z9: =SUM(Z5:Z8) -> 0 | AC9: 4 | AD9: =SUM(AD5:AD8) -> 0 | AE9: =M9-J9 -> -87.71496 | AF9: =M9/J9 -> 0.95614252
A10: 新豐2線 | B10: 沙拉 | C10: 青醬優格雞肉握沙拉(113年) | E10: 39.62 | F10: 4169 | G10: =E10*F10 -> 165175.78 | I10: 19 | J10: 1500 | K10: =J10/I10 -> 78.947368 | L10: 19 | M10: =F10/V10*60 -> 1437.5862 | N10: =M10/L10 -> 75.662432 | O10: =L10-I10 -> 0 | P10: =N10-K10 -> -3.2849365 | Q10: =N10/K10 -> 0.9583908 | R10: =Q12 -> 0.95555228 | S10: 0.20833333 | T10: 0.32916667 | V10: =(T10-S10)*24*60 -> 174 | AC10: 2 | AE10: =M10-J10 -> -62.413793 | AF10: =M10/J10 -> 0.9583908 | AG10: =AF12 -> 0.95555228
A11: 新豐2線 | B11: 沙拉 | C11: 青檸烤雞握沙拉(113年) | E11: 39.8 | F11: 6407 | G11: =E11*F11 -> 254998.6 | I11: 17 | J11: 1500 | K11: =J11/I11 -> 88.235294 | L11: 17 | M11: =F11/V11*60 -> 1429.0706 | N11: =M11/L11 -> 84.062978 | O11: =L11-I11 -> 0 | P11: =N11-K11 -> -4.1723158 | Q11: =N11/K11 -> 0.95271375 | S11: 0.33333333 | T11: 0.52013889 | U11: =IF(S11=TIME(17,0,0),"",(S11-T10)*24*60) -> 6 | V11: =(T11-S11)*24*60 -> 269 | AE11: =M11-J11 -> -70.929368 | AF11: =M11/J11 -> 0.95271375
A12: 新豐2線 | B12: 平均 | I12: 18 | J12: 1500 | K12: =J12/I12 -> 83.333333 | L12: 18 | M12: =AVERAGE(M10:M11) -> 1433.3284 | N12: =M12/L12 -> 79.629357 | O12: =L12-I12 -> 0 | P12: =N12-K12 -> -3.7039767 | Q12: =N12/K12 -> 0.95555228 | Y12: =SUM(Y10:Y11) -> 0 | Z12: =SUM(Z10:Z11) -> 0 | AC12: 2 | AD12: =SUM(AD10:AD11) -> 0 | AE12: =M12-J12 -> -66.671581 | AF12: =M12/J12 -> 0.95555228
A13: 新豐5線 | B13: 小吃 | C13: 剝皮辣椒雞湯 | E13: 41 | F13: 1836 | G13: =E13*F13 -> 75276 | I13: 26 | J13: 1500 | K13: =J13/I13 -> 57.692308 | L13: 26 | M13: =F13/V13*60 -> 1430.6494 | N13: =M13/L13 -> 55.024975 | O13: =L13-I13 -> 0 | P13: =N13-K13 -> -2.6673327 | Q13: =N13/K13 -> 0.95376623 | R13: =Q17 -> 0.96654847 | S13: 0.20833333 | T13: 0.26180556 | V13: =(T13-S13)*24*60 -> 77 | AC13: 4 | AE13: =M13-J13 -> -69.350649 | AF13: =M13/J13 -> 0.95376623 | AG13: =AF17 -> 0.96654847
A14: 新豐5線 | B14: 微波主食 | C14: 二配起司控培根白醬焗烤飯 | E14: 53.68 | F14: 1115 | G14: =E14*F14 -> 59853.2 | I14: 16 | J14: 1500 | K14: =J14/I14 -> 93.75 | L14: 16 | M14: =F14/V14*60 -> 1454.3478 | N14: =M14/L14 -> 90.896739 | O14: =L14-I14 -> 0 | P14: =N14-K14 -> -2.8532609 | Q14: =N14/K14 -> 0.96956522 | S14: 0.70833333 | T14: 0.74027778 | U14: =IF(S14=TIME(17,0,0),"",(S14-T13)*24*60) | V14: =(T14-S14)*24*60 -> 46 | AE14: =M14-J14 -> -45.652174 | AF14: =M14/J14 -> 0.96956522
A15: 新豐5線 | B15: 微波主食 | C15: 二配金咖哩果香甘口咖哩飯 | E15: 50.92 | F15: 1840 | G15: =E15*F15 -> 93692.8 | I15: 15 | J15: 2000 | K15: =J15/I15 -> 133.33333 | L15: 15 | M15: =F15/V15*60 -> 1936.8421 | N15: =M15/L15 -> 129.12281 | O15: =L15-I15 -> 0 | P15: =N15-K15 -> -4.2105263 | Q15: =N15/K15 -> 0.96842105 | S15: 0.74513889 | T15: 0.78472222 | U15: =IF(S15=TIME(17,0,0),"",(S15-T14)*24*60) -> 7 | V15: =(T15-S15)*24*60 -> 57 | AE15: =M15-J15 -> -63.157895 | AF15: =M15/J15 -> 0.96842105
A16: 新豐5線 | B16: 微波主食 | C16: 二配厚香料咖哩雞排飯 | E16: 57.3 | F16: 1296 | G16: =E16*F16 -> 74260.8 | I16: 13 | J16: 2000 | K16: =J16/I16 -> 153.84615 | L16: 13 | M16: =F16/V16*60 -> 1944 | N16: =M16/L16 -> 149.53846 | O16: =L16-I16 -> 0 | P16: =N16-K16 -> -4.3076923 | Q16: =N16/K16 -> 0.972 | S16: 0.79027778 | T16: 0.81805556 | U16: =IF(S16=TIME(17,0,0),"",(S16-T15)*24*60) -> 8 | V16: =(T16-S16)*24*60 -> 40 | AE16: =M16-J16 -> -56 | AF16: =M16/J16 -> 0.972
A17: 新豐5線 | B17: 平均 | I17: 17.5 | J17: 1750 | K17: =J17/I17 -> 100 | L17: 17.5 | M17: =AVERAGE(M13:M16) -> 1691.4598 | N17: =M17/L17 -> 96.654847 | O17: =L17-I17 -> 0 | P17: =N17-K17 -> -3.3451531 | Q17: =N17/K17 -> 0.96654847 | Y17: =SUM(Y13:Y16) -> 0 | Z17: =SUM(Z13:Z16) -> 0 | AC17: 4 | AD17: =SUM(AD13:AD16) -> 0 | AE17: =M17-J17 -> -58.54018 | AF17: =M17/J17 -> 0.96654847
A18: 新豐7線 | B18: 微波主食 | C18: 爆炒雞丁飯 | E18: 59.04 | F18: 7910 | G18: =E18*F18 -> 467006.4 | I18: 19 | J18: 2000 | K18: =J18/I18 -> 105.26316 | L18: 19 | M18: =F18/V18*60 -> 1906.0241 | N18: =M18/L18 -> 100.31706 | O18: =L18-I18 -> 0 | P18: =N18-K18 -> -4.9461002 | Q18: =N18/K18 -> 0.95301205 | R18: =Q23 -> 0.95774771 | S18: 0.20833333 | T18: 0.38125 | V18: =(T18-S18)*24*60 -> 249 | AC18: 5 | AE18: =M18-J18 -> -93.975904 | AF18: =M18/J18 -> 0.95301205 | AG18: =AF23 -> 0.95774771
A19: 新豐7線 | B19: 微波主食 | C19: 韓式泡菜豬肉豆腐丼飯 | E19: 50.67 | F19: 1973 | G19: =E19*F19 -> 99971.91 | I19: 17 | J19: 2000 | K19: =J19/I19 -> 117.64706 | L19: 17 | M19: =F19/V19*60 -> 1909.3548 | N19: =M19/L19 -> 112.31499 | O19: =L19-I19 -> 0 | P19: =N19-K19 -> -5.3320683 | Q19: =N19/K19 -> 0.95467742 | S19: 0.38472222 | T19: 0.42777778 | U19: =IF(S19=TIME(17,0,0),"",(S19-T18)*24*60) -> 5 | V19: =(T19-S19)*24*60 -> 62 | AE19: =M19-J19 -> -90.645161 | AF19: =M19/J19 -> 0.95467742
A20: 新豐7線 | B20: 微波主食 | C20: 鐵板滑蛋炸豬排丼 | E20: 57.73 | F20: 1886 | G20: =E20*F20 -> 108878.78 | I20: 14 | J20: 2000 | K20: =J20/I20 -> 142.85714 | L20: 14 | M20: =F20/V20*60 -> 1917.9661 | N20: =M20/L20 -> 136.99758 | O20: =L20-I20 -> 0 | P20: =N20-K20 -> -5.8595642 | Q20: =N20/K20 -> 0.95898305 | S20: 0.43194444 | T20: 0.47291667 | U20: =IF(S20=TIME(17,0,0),"",(S20-T19)*24*60) -> 6 | V20: =(T20-S20)*24*60 -> 59 | AE20: =M20-J20 -> -82.033898 | AF20: =M20/J20 -> 0.95898305
A21: 新豐7線 | B21: 微波主食 | C21: 二配川味麻婆燒豆腐燴飯 | E21: 50.49 | F21: 1697 | G21: =E21*F21 -> 85681.53 | I21: 15 | J21: 2000 | K21: =J21/I21 -> 133.33333 | L21: 15 | M21: =F21/V21*60 -> 1921.1321 | N21: =M21/L21 -> 128.07547 | O21: =L21-I21 -> 0 | P21: =N21-K21 -> -5.2578616 | Q21: =N21/K21 -> 0.96056604 | S21: 0.70833333 | T21: 0.74513889 | U21: =IF(S21=TIME(17,0,0),"",(S21-T20)*24*60) | V21: =(T21-S21)*24*60 -> 53 | AE21: =M21-J21 -> -78.867925 | AF21: =M21/J21 -> 0.96056604
A22: 新豐7線 | B22: 微波主食 | C22: 二配金咖哩濃厚辛口咖哩飯 | E22: 50.98 | F22: 1923 | G22: =E22*F22 -> 98034.54 | I22: 16 | J22: 2000 | K22: =J22/I22 -> 125 | L22: 16 | M22: =F22/V22*60 -> 1923 | N22: =M22/L22 -> 120.1875 | O22: =L22-I22 -> 0 | P22: =N22-K22 -> -4.8125 | Q22: =N22/K22 -> 0.9615 | S22: 0.75069444 | T22: 0.79236111 | U22: =IF(S22=TIME(17,0,0),"",(S22-T21)*24*60) -> 8 | V22: =(T22-S22)*24*60 -> 60 | AE22: =M22-J22 -> -77 | AF22: =M22/J22 -> 0.9615
A23: 新豐7線 | B23: 平均 | I23: 16.2 | J23: 2000 | K23: =J23/I23 -> 123.45679 | L23: 16.2 | M23: =AVERAGE(M18:M22) -> 1915.4954 | N23: =M23/L23 -> 118.24046 | O23: =L23-I23 -> 0 | P23: =N23-K23 -> -5.2163319 | Q23: =N23/K23 -> 0.95774771 | Y23: =SUM(Y18:Y22) -> 0 | Z23: =SUM(Z18:Z22) -> 0 | AC23: 5 | AD23: =SUM(AD18:AD22) -> 0 | AE23: =M23-J23 -> -84.504578 | AF23: =M23/J23 -> 0.95774771
A24: 新豐8線 | B24: 三明治 | C24: 紐奧良風味烤雞鮮蔬三明治 | E24: 31.29 | F24: 7000 | G24: =E24*F24 -> 219030 | H24: 2 | I24: 18 | J24: 2400 | K24: =J24/I24 -> 133.33333 | L24: 18 | M24: =F24/V24*60 -> 2282.6087 | N24: =M24/L24 -> 126.81159 | O24: =L24-I24 -> 0 | P24: =N24-K24 -> -6.5217391 | Q24: =N24/K24 -> 0.95108696 | R24: =Q31 -> 0.95377274 | S24: 0.083333333 | T24: 0.21111111 | V24: =(T24-S24)*24*60 -> 184 | W24: =T24 -> 0.21111111 | X24: =S25 -> 0.23263889 | AC24: 7 | AE24: =M24-J24 -> -117.3913 | AF24: =M24/J24 -> 0.95108696 | AG24: =AF31 -> 0.95377274
A25: 新豐8線 | B25: 三明治 | C25: 經典總匯三明治 | E25: 26.2 | F25: 3600 | G25: =E25*F25 -> 94320 | H25: 2 | I25: 20 | J25: 2400 | K25: =J25/I25 -> 120 | L25: 20 | M25: =F25/V25*60 -> 2297.8723 | N25: =M25/L25 -> 114.89362 | O25: =L25-I25 -> 0 | P25: =N25-K25 -> -5.106383 | Q25: =N25/K25 -> 0.95744681 | S25: 0.23263889 | T25: 0.29791667 | U25: =(S25-T24)*24*60 -> 31 | V25: =(T25-S25)*24*60 -> 94 | AE25: =M25-J25 -> -102.12766 | AF25: =M25/J25 -> 0.95744681
A26: 新豐8線 | B26: 三明治 | C26: 醬燒烤雞三明治(115年) | E26: 26.37 | F26: 5700 | G26: =E26*F26 -> 150309 | H26: 2 | I26: 19 | J26: 2400 | K26: =J26/I26 -> 126.31579 | L26: 19 | M26: =F26/V26*60 -> 2295.302 | N26: =M26/L26 -> 120.80537 | O26: =L26-I26 -> 0 | P26: =N26-K26 -> -5.5104203 | Q26: =N26/K26 -> 0.95637584 | S26: 0.30208333 | T26: 0.40555556 | U26: =(S26-T25)*24*60 -> 6 | V26: =(T26-S26)*24*60 -> 149 | AE26: =M26-J26 -> -104.69799 | AF26: =M26/J26 -> 0.95637584
A27: 新豐8線 | B27: 三明治 | C27: 雞蛋沙拉三明治(114年) | E27: 25.99 | F27: 4911 | G27: =E27*F27 -> 127636.89 | I27: 14 | J27: 2400 | K27: =J27/I27 -> 171.42857 | L27: 14 | M27: =F27/V27*60 -> 2284.186 | N27: =M27/L27 -> 163.15615 | O27: =L27-I27 -> 0 | P27: =N27-K27 -> -8.2724252 | Q27: =N27/K27 -> 0.95174419 | S27: 0.41111111 | T27: 0.50069444 | U27: =(S27-T26)*24*60 -> 8 | V27: =(T27-S27)*24*60 -> 129 | W27: =T27 -> 0.50069444 | X27: =S28 -> 0.54305556 | AE27: =M27-J27 -> -115.81395 | AF27: =M27/J27 -> 0.95174419
A28: 新豐8線 | B28: 三明治 | C28: 醬燒烤雞三明治(115年) | E28: 26.37 | F28: 4003 | G28: =E28*F28 -> 105559.11 | I28: 19 | J28: 2400 | K28: =J28/I28 -> 126.31579 | L28: 19 | M28: =F28/V28*60 -> 2287.4286 | N28: =M28/L28 -> 120.39098 | O28: =L28-I28 -> 0 | P28: =N28-K28 -> -5.924812 | Q28: =N28/K28 -> 0.95309524 | S28: 0.54305556 | T28: 0.61597222 | U28: =(S28-T27)*24*60 -> 61 | V28: =(T28-S28)*24*60 -> 105 | AE28: =M28-J28 -> -112.57143 | AF28: =M28/J28 -> 0.95309524
A29: 新豐8線 | B29: 三明治 | C29: 紐奧良風味烤雞鮮蔬三明治 | E29: 31.29 | F29: 4616 | G29: =E29*F29 -> 144434.64 | I29: 18 | J29: 2400 | K29: =J29/I29 -> 133.33333 | L29: 18 | M29: =F29/V29*60 -> 2288.9256 | N29: =M29/L29 -> 127.16253 | O29: =L29-I29 -> 0 | P29: =N29-K29 -> -6.1707989 | Q29: =N29/K29 -> 0.95371901 | S29: 0.62083333 | T29: 0.70486111 | U29: =(S29-T28)*24*60 -> 7 | V29: =(T29-S29)*24*60 -> 121 | AE29: =M29-J29 -> -111.07438 | AF29: =M29/J29 -> 0.95371901
A30: 新豐8線 | B30: 三明治 | C30: 經典總匯三明治 | E30: 26.2 | F30: 2592 | G30: =E30*F30 -> 67910.4 | I30: 20 | J30: 2400 | K30: =J30/I30 -> 120 | L30: 20 | M30: =F30/V30*60 -> 2287.0588 | N30: =M30/L30 -> 114.35294 | O30: =L30-I30 -> 0 | P30: =N30-K30 -> -5.6470588 | Q30: =N30/K30 -> 0.95294118 | S30: 0.71041667 | T30: 0.75763889 | U30: =(S30-T29)*24*60 -> 8 | V30: =(T30-S30)*24*60 -> 68 | AE30: =M30-J30 -> -112.94118 | AF30: =M30/J30 -> 0.95294118
A31: 新豐8線 | B31: 平均 | I31: 18.285714 | J31: 2400 | K31: =J31/I31 -> 131.25 | L31: 18.285714 | M31: =AVERAGE(M24:M30) -> 2289.0546 | N31: =M31/L31 -> 125.18267 | O31: =L31-I31 -> 0 | P31: =N31-K31 -> -6.0673273 | Q31: =N31/K31 -> 0.95377274 | Y31: =SUM(Y24:Y30) -> 0 | Z31: =SUM(Z24:Z30) -> 0 | AC31: 7 | AD31: =SUM(AD24:AD30) -> 0 | AE31: =M31-J31 -> -110.94541 | AF31: =M31/J31 -> 0.95377274
A32: 新豐9線 | B32: 三明治 | C32: 肉鬆火腿三明治(115年) | E32: 20.36 | F32: 4300 | G32: =E32*F32 -> 87548 | H32: 2 | I32: 18 | J32: 2400 | K32: =J32/I32 -> 133.33333 | L32: 18 | M32: =F32/V32*60 -> 2283.1858 | N32: =M32/L32 -> 126.84366 | O32: =L32-I32 -> 0 | P32: =N32-K32 -> -6.4896755 | Q32: =N32/K32 -> 0.95132743 | R32: =Q40 -> 0.95539023 | S32: 0.083333333 | T32: 0.16180556 | V32: =(T32-S32)*24*60 -> 113 | W32: =T32 -> 0.16180556 | X32: =S33 -> 0.18055556 | AC32: 8 | AE32: =M32-J32 -> -116.81416 | AF32: =M32/J32 -> 0.95132743 | AG32: =AF40 -> 0.95539023
A33: 新豐9線 | B33: 三明治 | C33: 經典火腿玉米蛋三明治 | E33: 24.43 | F33: 4300 | G33: =E33*F33 -> 105049 | H33: 2 | I33: 14 | J33: 2400 | K33: =J33/I33 -> 171.42857 | L33: 14 | M33: =F33/V33*60 -> 2283.1858 | N33: =M33/L33 -> 163.0847 | O33: =L33-I33 -> 0 | P33: =N33-K33 -> -8.3438685 | Q33: =N33/K33 -> 0.95132743 | S33: 0.18055556 | T33: 0.25902778 | U33: =(S33-T32)*24*60 -> 27 | V33: =(T33-S33)*24*60 -> 113 | AE33: =M33-J33 -> -116.81416 | AF33: =M33/J33 -> 0.95132743
A34: 新豐9線 | B34: 三明治 | C34: 好多菜三明治(114年) | E34: 25.98 | F34: 3418 | G34: =E34*F34 -> 88799.64 | I34: 21 | J34: 2400 | K34: =J34/I34 -> 114.28571 | L34: 21 | M34: =F34/V34*60 -> 2304.2697 | N34: =M34/L34 -> 109.72713 | O34: =L34-I34 -> 0 | P34: =N34-K34 -> -4.5585875 | Q34: =N34/K34 -> 0.96011236 | S34: 0.26458333 | T34: 0.32638889 | U34: =(S34-T33)*24*60 -> 8 | V34: =(T34-S34)*24*60 -> 89 | AE34: =M34-J34 -> -95.730337 | AF34: =M34/J34 -> 0.96011236
A35: 新豐9線 | B35: 三明治 | C35: 好多蛋三明治 | E35: 34.1 | F35: 4300 | G35: =E35*F35 -> 146630 | H35: 2 | I35: 17 | J35: 1600 | K35: =J35/I35 -> 94.117647 | L35: 17 | M35: =F35/V35*60 -> 1526.6272 | N35: =M35/L35 -> 89.801601 | O35: =L35-I35 -> 0 | P35: =N35-K35 -> -4.3160459 | Q35: =N35/K35 -> 0.95414201 | S35: 0.32986111 | T35: 0.44722222 | U35: =(S35-T34)*24*60 -> 5 | V35: =(T35-S35)*24*60 -> 169 | AE35: =M35-J35 -> -73.372781 | AF35: =M35/J35 -> 0.95414201
A36: 新豐9線 | B36: 三明治 | C36: 香鬆起司蛋三明治(114年) | E36: 20.2 | F36: 2279 | G36: =E36*F36 -> 46035.8 | I36: 15 | J36: 2400 | K36: =J36/I36 -> 160 | L36: 15 | M36: =F36/V36*60 -> 2317.6271 | N36: =M36/L36 -> 154.50847 | O36: =L36-I36 -> 0 | P36: =N36-K36 -> -5.4915254 | Q36: =N36/K36 -> 0.96567797 | S36: 0.45138889 | T36: 0.49236111 | U36: =(S36-T35)*24*60 -> 6 | V36: =(T36-S36)*24*60 -> 59 | W36: =T36 -> 0.49236111 | X36: =S37 -> 0.53194444 | AE36: =M36-J36 -> -82.372881 | AF36: =M36/J36 -> 0.96567797
A37: 新豐9線 | B37: 三明治 | C37: 好多蛋三明治 | E37: 34.1 | F37: 3197 | G37: =E37*F37 -> 109017.7 | I37: 17 | J37: 1600 | K37: =J37/I37 -> 94.117647 | L37: 17 | M37: =F37/V37*60 -> 1522.381 | N37: =M37/L37 -> 89.551821 | O37: =L37-I37 -> 0 | P37: =N37-K37 -> -4.5658263 | Q37: =N37/K37 -> 0.9514881 | S37: 0.53194444 | T37: 0.61944444 | U37: =(S37-T36)*24*60 -> 57 | V37: =(T37-S37)*24*60 -> 126 | AE37: =M37-J37 -> -77.619048 | AF37: =M37/J37 -> 0.9514881
A38: 新豐9線 | B38: 三明治 | C38: 肉鬆火腿三明治(115年) | E38: 20.36 | F38: 3284 | G38: =E38*F38 -> 66862.24 | I38: 18 | J38: 2400 | K38: =J38/I38 -> 133.33333 | L38: 18 | M38: =F38/V38*60 -> 2291.1628 | N38: =M38/L38 -> 127.28682 | O38: =L38-I38 -> 0 | P38: =N38-K38 -> -6.0465116 | Q38: =N38/K38 -> 0.95465116 | S38: 0.625 | T38: 0.68472222 | U38: =(S38-T37)*24*60 -> 8 | V38: =(T38-S38)*24*60 -> 86 | AE38: =M38-J38 -> -108.83721 | AF38: =M38/J38 -> 0.95465116
A39: 新豐9線 | B39: 三明治 | C39: 經典火腿玉米蛋三明治 | E39: 24.43 | F39: 3201 | G39: =E39*F39 -> 78200.43 | I39: 14 | J39: 2400 | K39: =J39/I39 -> 171.42857 | L39: 14 | M39: =F39/V39*60 -> 2286.4286 | N39: =M39/L39 -> 163.31633 | O39: =L39-I39 -> 0 | P39: =N39-K39 -> -8.1122449 | Q39: =N39/K39 -> 0.95267857 | S39: 0.68888889 | T39: 0.74722222 | U39: =(S39-T38)*24*60 -> 6 | V39: =(T39-S39)*24*60 -> 84 | AE39: =M39-J39 -> -113.57143 | AF39: =M39/J39 -> 0.95267857
A40: 新豐9線 | B40: 平均 | I40: 16.75 | J40: 2200 | K40: =J40/I40 -> 131.34328 | L40: 16.75 | M40: =AVERAGE(M32:M39) -> 2101.8585 | N40: =M40/L40 -> 125.48409 | O40: =L40-I40 -> 0 | P40: =N40-K40 -> -5.8591941 | Q40: =N40/K40 -> 0.95539023 | Y40: =SUM(Y32:Y39) -> 0 | Z40: =SUM(Z32:Z39) -> 0 | AC40: 8 | AD40: =SUM(AD32:AD39) -> 0 | AE40: =M40-J40 -> -98.1415 | AF40: =M40/J40 -> 0.95539023
A41: 新豐3線 | B41: 調理麵包 | C41: 黑胡椒豬肉鐵板炒麵麵包 | E41: 37.88 | F41: 5815 | G41: =E41*F41 -> 220272.2 | I41: 13 | J41: 2000 | K41: =J41/I41 -> 153.84615 | L41: 13 | M41: =F41/V41*60 -> 1906.5574 | N41: =M41/L41 -> 146.65826 | O41: =L41-I41 -> 0 | P41: =N41-K41 -> -7.1878941 | Q41: =N41/K41 -> 0.95327869 | R41: =Q45 -> 0.95450046 | S41: 0.083333333 | T41: 0.21041667 | V41: =(T41-S41)*24*60 -> 183 | W41: =T41 -> 0.21041667 | X41: =S42 -> 0.22986111 | AC41: 4 | AE41: =M41-J41 -> -93.442623 | AF41: =M41/J41 -> 0.95327869 | AG41: =AF45 -> 0.95450046
A42: 新豐3線 | B42: 調理麵包 | C42: 經典雙牛起司堡(113年) | E42: 35.12 | F42: 5003 | G42: =E42*F42 -> 175705.36 | I42: 10 | J42: 3000 | K42: =J42/I42 -> 300 | L42: 10 | M42: =F42/V42*60 -> 2858.8571 | N42: =M42/L42 -> 285.88571 | O42: =L42-I42 -> 0 | P42: =N42-K42 -> -14.114286 | Q42: =N42/K42 -> 0.95295238 | S42: 0.22986111 | T42: 0.30277778 | U42: =(S42-T41)*24*60 -> 28 | V42: =(T42-S42)*24*60 -> 105 | AE42: =M42-J42 -> -141.14286 | AF42: =M42/J42 -> 0.95295238
A43: 新豐3線 | B43: 調理麵包 | C43: 豬肉起司堡 | E43: 21.13 | F43: 4923 | G43: =E43*F43 -> 104022.99 | I43: 10 | J43: 3000 | K43: =J43/I43 -> 300 | L43: 10 | M43: =F43/V43*60 -> 2867.767 | N43: =M43/L43 -> 286.7767 | O43: =L43-I43 -> 0 | P43: =N43-K43 -> -13.223301 | Q43: =N43/K43 -> 0.95592233 | S43: 0.30625 | T43: 0.37777778 | U43: =(S43-T42)*24*60 -> 5 | V43: =(T43-S43)*24*60 -> 103 | AE43: =M43-J43 -> -132.23301 | AF43: =M43/J43 -> 0.95592233
A44: 新豐3線 | B44: 調理麵包 | C44: 豬肉起司蛋堡 | E44: 27.17 | F44: 6497 | G44: =E44*F44 -> 176523.49 | I44: 10 | J44: 3000 | K44: =J44/I44 -> 300 | L44: 10 | M44: =F44/V44*60 -> 2866.3235 | N44: =M44/L44 -> 286.63235 | O44: =L44-I44 -> 0 | P44: =N44-K44 -> -13.367647 | Q44: =N44/K44 -> 0.95544118 | S44: 0.38125 | T44: 0.47569444 | U44: =(S44-T43)*24*60 -> 5 | V44: =(T44-S44)*24*60 -> 136 | AE44: =M44-J44 -> -133.67647 | AF44: =M44/J44 -> 0.95544118
A45: 新豐3線 | B45: 平均 | I45: 10.75 | J45: 2750 | K45: =J45/I45 -> 255.81395 | L45: 10.75 | M45: =AVERAGE(M41:M44) -> 2624.8763 | N45: =M45/L45 -> 244.17454 | O45: =L45-I45 -> 0 | P45: =N45-K45 -> -11.639418 | Q45: =N45/K45 -> 0.95450046 | Y45: =SUM(Y41:Y44) -> 0 | Z45: =SUM(Z41:Z44) -> 0 | AC45: 4 | AD45: =SUM(AD41:AD44) -> 0 | AE45: =M45-J45 -> -125.12374 | AF45: =M45/J45 -> 0.95450046
A46: 新豐1線 | B46: 沙拉 | C46: 莎莎烤雞麵沙拉 | E46: 46 | F46: 2078 | G46: =E46*F46 -> 95588 | I46: 17 | J46: 2000 | K46: =J46/I46 -> 117.64706 | L46: 17 | M46: =F46/V46*60 -> 1918.1538 | N46: =M46/L46 -> 112.83258 | O46: =L46-I46 -> 0 | P46: =N46-K46 -> -4.8144796 | Q46: =N46/K46 -> 0.95907692 | R46: =Q54 -> 0.96630753 | S46: 0.20833333 | T46: 0.25347222 | V46: =(T46-S46)*24*60 -> 65 | AC46: 8 | AE46: =M46-J46 -> -81.846154 | AF46: =M46/J46 -> 0.95907692 | AG46: =AF54 -> 0.96630753
A47: 新豐1線 | B47: 微波主食 | C47: 壹號醬雞豚雙拼 | E47: 56.43 | F47: 1296 | G47: =E47*F47 -> 73133.28 | I47: 22 | J47: 2000 | K47: =J47/I47 -> 90.909091 | L47: 22 | M47: =F47/V47*60 -> 1944 | N47: =M47/L47 -> 88.363636 | O47: =L47-I47 -> 0 | P47: =N47-K47 -> -2.5454545 | Q47: =N47/K47 -> 0.972 | S47: 0.25694444 | T47: 0.28472222 | U47: =IF(S47=TIME(17,0,0),"",(S47-T46)*24*60) -> 5 | V47: =(T47-S47)*24*60 -> 40 | AE47: =M47-J47 -> -56 | AF47: =M47/J47 -> 0.972
A48: 新豐1線 | B48: 微波主食 | C48: 好多蒜燒豚飯 | E48: 51.75 | F48: 740 | G48: =E48*F48 -> 38295 | I48: 25 | J48: 2000 | K48: =J48/I48 -> 80 | L48: 25 | M48: =F48/V48*60 -> 1930.4348 | N48: =M48/L48 -> 77.217391 | O48: =L48-I48 -> 0 | P48: =N48-K48 -> -2.7826087 | Q48: =N48/K48 -> 0.96521739 | S48: 0.28819444 | T48: 0.30416667 | U48: =IF(S48=TIME(17,0,0),"",(S48-T47)*24*60) -> 5 | V48: =(T48-S48)*24*60 -> 23 | AE48: =M48-J48 -> -69.565217 | AF48: =M48/J48 -> 0.96521739
A49: 新豐1線 | B49: 微波主食 | C49: 極上炙烤親子丼 | E49: 53.68 | F49: 937 | G49: =E49*F49 -> 50298.16 | I49: 16 | J49: 2000 | K49: =J49/I49 -> 125 | L49: 16 | M49: =F49/V49*60 -> 1938.6207 | N49: =M49/L49 -> 121.16379 | O49: =L49-I49 -> 0 | P49: =N49-K49 -> -3.8362069 | Q49: =N49/K49 -> 0.96931034 | S49: 0.30833333 | T49: 0.32847222 | U49: =IF(S49=TIME(17,0,0),"",(S49-T48)*24*60) -> 6 | V49: =(T49-S49)*24*60 -> 29 | AE49: =M49-J49 -> -61.37931 | AF49: =M49/J49 -> 0.96931034
A50: 新豐1線 | B50: 微波主食 | C50: 韓式燒肉拌飯 | E50: 54.09 | F50: 3302 | G50: =E50*F50 -> 178605.18 | I50: 17 | J50: 1500 | K50: =J50/I50 -> 88.235294 | L50: 17 | M50: =F50/V50*60 -> 1435.6522 | N50: =M50/L50 -> 84.450128 | O50: =L50-I50 -> 0 | P50: =N50-K50 -> -3.7851662 | Q50: =N50/K50 -> 0.95710145 | S50: 0.33333333 | T50: 0.42916667 | U50: =IF(S50=TIME(17,0,0),"",(S50-T49)*24*60) -> 7 | V50: =(T50-S50)*24*60 -> 138 | AE50: =M50-J50 -> -64.347826 | AF50: =M50/J50 -> 0.95710145
A51: 新豐1線 | B51: 微波主食 | C51: 二配香拌海鮮醬肉絲蛋炒飯 | E51: 55.32 | F51: 1230 | G51: =E51*F51 -> 68043.6 | I51: 15 | J51: 2000 | K51: =J51/I51 -> 133.33333 | L51: 15 | M51: =F51/V51*60 -> 1942.1053 | N51: =M51/L51 -> 129.47368 | O51: =L51-I51 -> 0 | P51: =N51-K51 -> -3.8596491 | Q51: =N51/K51 -> 0.97105263 | S51: 0.70833333 | T51: 0.73472222 | U51: =IF(S51=TIME(17,0,0),"",(S51-T50)*24*60) | V51: =(T51-S51)*24*60 -> 38 | AE51: =M51-J51 -> -57.894737 | AF51: =M51/J51 -> 0.97105263
A52: 新豐1線 | B52: 微波主食 | C52: 二配香辣醬蒜味香腸蛋炒飯 | E52: 55.56 | F52: 1590 | G52: =E52*F52 -> 88340.4 | I52: 17 | J52: 2000 | K52: =J52/I52 -> 117.64706 | L52: 17 | M52: =F52/V52*60 -> 1908 | N52: =M52/L52 -> 112.23529 | O52: =L52-I52 -> 0 | P52: =N52-K52 -> -5.4117647 | Q52: =N52/K52 -> 0.954 | S52: 0.73888889 | T52: 0.77361111 | U52: =IF(S52=TIME(17,0,0),"",(S52-T51)*24*60) -> 6 | V52: =(T52-S52)*24*60 -> 50 | AE52: =M52-J52 -> -92 | AF52: =M52/J52 -> 0.954
A53: 新豐1線 | B53: 微波主食 | C53: 二配鮭魚蛋炒飯 | E53: 54.29 | F53: 817 | G53: =E53*F53 -> 44354.93 | I53: 20 | J53: 2000 | K53: =J53/I53 -> 100 | L53: 20 | M53: =F53/V53*60 -> 1960.8 | N53: =M53/L53 -> 98.04 | O53: =L53-I53 -> 0 | P53: =N53-K53 -> -1.96 | Q53: =N53/K53 -> 0.9804 | S53: 0.77708333 | T53: 0.79444444 | U53: =IF(S53=TIME(17,0,0),"",(S53-T52)*24*60) -> 5 | V53: =(T53-S53)*24*60 -> 25 | AE53: =M53-J53 -> -39.2 | AF53: =M53/J53 -> 0.9804
A54: 新豐1線 | B54: 平均 | I54: 18.625 | J54: 1937.5 | K54: =J54/I54 -> 104.02685 | L54: 18.625 | M54: =AVERAGE(M46:M53) -> 1872.2208 | N54: =M54/L54 -> 100.52192 | O54: =L54-I54 -> 0 | P54: =N54-K54 -> -3.5049211 | Q54: =N54/K54 -> 0.96630753 | Y54: =SUM(Y46:Y53) -> 0 | Z54: =SUM(Z46:Z53) -> 0 | AC54: 8 | AD54: =SUM(AD46:AD53) -> 0 | AE54: =M54-J54 -> -65.279156 | AF54: =M54/J54 -> 0.96630753
A55: 新豐10線 | B55: 調理麵包 | C55: 厚豆腐蛋白蕈菇豬肉堡 | E55: 34.36 | F55: 1931 | G55: =E55*F55 -> 66349.16 | I55: 10 | J55: 3000 | K55: =J55/I55 -> 300 | L55: 10 | M55: =F55/V55*60 -> 2896.5 | N55: =M55/L55 -> 289.65 | O55: =L55-I55 -> 0 | P55: =N55-K55 -> -10.35 | Q55: =N55/K55 -> 0.9655 | R55: =Q61 -> 0.96290609 | S55: 0.20833333 | T55: 0.23611111 | V55: =(T55-S55)*24*60 -> 40 | AC55: 6 | AE55: =M55-J55 -> -103.5 | AF55: =M55/J55 -> 0.9655 | AG55: =AF61 -> 0.96290609
A56: 新豐10線 | B56: 調理麵包 | C56: 茄汁薯餅蛋堡 | E56: 34.36 | F56: 1168 | G56: =E56*F56 -> 40132.48 | I56: 10 | J56: 3000 | K56: =J56/I56 -> 300 | L56: 10 | M56: =F56/V56*60 -> 2920 | N56: =M56/L56 -> 292 | O56: =L56-I56 -> 0 | P56: =N56-K56 -> -8 | Q56: =N56/K56 -> 0.97333333 | S56: 0.24027778 | T56: 0.25694444 | U56: =(S56-T55)*24*60 -> 6 | V56: =(T56-S56)*24*60 -> 24 | AE56: =M56-J56 -> -80 | AF56: =M56/J56 -> 0.97333333
A57: 新豐10線 | B57: 調理麵包 | C57: 香雞蛋堡(112年) | E57: 26.78 | F57: 2139 | G57: =E57*F57 -> 57282.42 | I57: 10 | J57: 3000 | K57: =J57/I57 -> 300 | L57: 10 | M57: =F57/V57*60 -> 2852 | N57: =M57/L57 -> 285.2 | O57: =L57-I57 -> 0 | P57: =N57-K57 -> -14.8 | Q57: =N57/K57 -> 0.95066667 | S57: 0.26111111 | T57: 0.29236111 | U57: =(S57-T56)*24*60 -> 6 | V57: =(T57-S57)*24*60 -> 45 | AE57: =M57-J57 -> -148 | AF57: =M57/J57 -> 0.95066667
A58: 新豐10線 | B58: 調理麵包 | C58: 魔王愛吃辣雞堡 | E58: 37.88 | F58: 1873 | G58: =E58*F58 -> 70949.24 | I58: 10 | J58: 3000 | K58: =J58/I58 -> 300 | L58: 10 | M58: =F58/V58*60 -> 2881.5385 | N58: =M58/L58 -> 288.15385 | O58: =L58-I58 -> 0 | P58: =N58-K58 -> -11.846154 | Q58: =N58/K58 -> 0.96051282 | S58: 0.29652778 | T58: 0.32361111 | U58: =(S58-T57)*24*60 -> 6 | V58: =(T58-S58)*24*60 -> 39 | AE58: =M58-J58 -> -118.46154 | AF58: =M58/J58 -> 0.96051282
A59: 新豐10線 | B59: 調理麵包 | C59: 美式雞腿堡 | E59: 35.87 | F59: 3424 | G59: =E59*F59 -> 122818.88 | I59: 9 | J59: 3000 | K59: =J59/I59 -> 333.33333 | L59: 9 | M59: =F59/V59*60 -> 2893.5211 | N59: =M59/L59 -> 321.50235 | O59: =L59-I59 -> 0 | P59: =N59-K59 -> -11.830986 | Q59: =N59/K59 -> 0.96450704 | S59: 0.32847222 | T59: 0.37777778 | U59: =(S59-T58)*24*60 -> 7 | V59: =(T59-S59)*24*60 -> 71 | AE59: =M59-J59 -> -106.47887 | AF59: =M59/J59 -> 0.96450704
A60: 新豐10線 | B60: 調理麵包 | C60: 黃金魚堡(114年) | E60: 34.35 | F60: 2311 | G60: =E60*F60 -> 79382.85 | I60: 8 | J60: 3000 | K60: =J60/I60 -> 375 | L60: 8 | M60: =F60/V60*60 -> 2888.75 | N60: =M60/L60 -> 361.09375 | O60: =L60-I60 -> 0 | P60: =N60-K60 -> -13.90625 | Q60: =N60/K60 -> 0.96291667 | S60: 0.38263889 | T60: 0.41597222 | U60: =(S60-T59)*24*60 -> 7 | V60: =(T60-S60)*24*60 -> 48 | AE60: =M60-J60 -> -111.25 | AF60: =M60/J60 -> 0.96291667
A61: 新豐10線 | B61: 平均 | I61: 9.5 | J61: 3000 | K61: =J61/I61 -> 315.78947 | L61: 9.5 | M61: =AVERAGE(M55:M60) -> 2888.7183 | N61: =M61/L61 -> 304.07561 | O61: =L61-I61 -> 0 | P61: =N61-K61 -> -11.713867 | Q61: =N61/K61 -> 0.96290609 | Y61: =SUM(Y55:Y60) -> 0 | Z61: =SUM(Z55:Z60) -> 0 | AC61: 6 | AD61: =SUM(AD55:AD60) -> 0 | AE61: =M61-J61 -> -111.28174 | AF61: =M61/J61 -> 0.96290609
A62: 新豐4線 | B62: 三明治 | C62: 鮪魚起司溏心蛋三明治 | E62: 26.2 | F62: 4700 | G62: =E62*F62 -> 123140 | H62: 2 | I62: 18 | J62: 2400 | K62: =J62/I62 -> 133.33333 | L62: 18 | M62: =F62/V62*60 -> 2292.6829 | N62: =M62/L62 -> 127.37127 | O62: =L62-I62 -> 0 | P62: =N62-K62 -> -5.9620596 | Q62: =N62/K62 -> 0.95528455 | R62: =Q72 -> 0.95929197 | S62: 0.083333333 | T62: 0.16875 | V62: =(T62-S62)*24*60 -> 123 | W62: =T62 -> 0.16875 | X62: =S63 -> 0.18819444 | AC62: 10 | AE62: =M62-J62 -> -107.31707 | AF62: =M62/J62 -> 0.95528455 | AG62: =AF72 -> 0.95929197
A63: 新豐4線 | B63: 三明治 | C63: 輕乳酪巧克力三明治 | E63: 20.52 | F63: 2000 | G63: =E63*F63 -> 41040 | H63: 2 | I63: 18 | J63: 2400 | K63: =J63/I63 -> 133.33333 | L63: 18 | M63: =F63/V63*60 -> 2307.6923 | N63: =M63/L63 -> 128.20513 | O63: =L63-I63 -> 0 | P63: =N63-K63 -> -5.1282051 | Q63: =N63/K63 -> 0.96153846 | S63: 0.18819444 | T63: 0.22430556 | U63: =(S63-T62)*24*60 -> 28 | V63: =(T63-S63)*24*60 -> 52 | AE63: =M63-J63 -> -92.307692 | AF63: =M63/J63 -> 0.96153846
A64: 新豐4線 | B64: 三明治 | C64: 瘋狂起司三明治(113年) | E64: 24.45 | F64: 2735 | G64: =E64*F64 -> 66870.75 | I64: 19 | J64: 2400 | K64: =J64/I64 -> 126.31579 | L64: 19 | M64: =F64/V64*60 -> 2311.2676 | N64: =M64/L64 -> 121.64566 | O64: =L64-I64 -> 0 | P64: =N64-K64 -> -4.670126 | Q64: =N64/K64 -> 0.96302817 | S64: 0.22916667 | T64: 0.27847222 | U64: =(S64-T63)*24*60 -> 7 | V64: =(T64-S64)*24*60 -> 71 | AE64: =M64-J64 -> -88.732394 | AF64: =M64/J64 -> 0.96302817
A65: 新豐4線 | B65: 三明治 | C65: 藍莓優格三明治 | E65: 20.21 | F65: 3171 | G65: =E65*F65 -> 64085.91 | I65: 15 | J65: 2400 | K65: =J65/I65 -> 160 | L65: 15 | M65: =F65/V65*60 -> 2292.2892 | N65: =M65/L65 -> 152.81928 | O65: =L65-I65 -> 0 | P65: =N65-K65 -> -7.1807229 | Q65: =N65/K65 -> 0.95512048 | S65: 0.28333333 | T65: 0.34097222 | U65: =(S65-T64)*24*60 -> 7 | V65: =(T65-S65)*24*60 -> 83 | AE65: =M65-J65 -> -107.71084 | AF65: =M65/J65 -> 0.95512048
A66: 新豐4線 | B66: 三明治 | C66: 香蕉可可三明治 | E66: 22.69 | F66: 3000 | G66: =E66*F66 -> 68070 | H66: 2 | I66: 15 | J66: 2400 | K66: =J66/I66 -> 160 | L66: 15 | M66: =F66/V66*60 -> 2307.6923 | N66: =M66/L66 -> 153.84615 | O66: =L66-I66 -> 0 | P66: =N66-K66 -> -6.1538462 | Q66: =N66/K66 -> 0.96153846 | S66: 0.34583333 | T66: 0.4 | U66: =(S66-T65)*24*60 -> 7 | V66: =(T66-S66)*24*60 -> 78 | AE66: =M66-J66 -> -92.307692 | AF66: =M66/J66 -> 0.96153846
A67: 新豐4線 | B67: 三明治 | C67: 火腿起司蛋三明治 | E67: 19.02 | F67: 4700 | G67: =E67*F67 -> 89394 | H67: 2 | I67: 14 | J67: 2400 | K67: =J67/I67 -> 171.42857 | L67: 14 | M67: =F67/V67*60 -> 2292.6829 | N67: =M67/L67 -> 163.76307 | O67: =L67-I67 -> 0 | P67: =N67-K67 -> -7.6655052 | Q67: =N67/K67 -> 0.95528455 | S67: 0.40555556 | T67: 0.49097222 | U67: =(S67-T66)*24*60 -> 8 | V67: =(T67-S67)*24*60 -> 123 | W67: =T67 -> 0.49097222 | X67: =S68 -> 0.52916667 | AE67: =M67-J67 -> -107.31707 | AF67: =M67/J67 -> 0.95528455
A68: 新豐4線 | B68: 三明治 | C68: 火腿起司蛋三明治 | E68: 19.02 | F68: 6853 | G68: =E68*F68 -> 130344.06 | I68: 14 | J68: 2400 | K68: =J68/I68 -> 171.42857 | L68: 14 | M68: =F68/V68*60 -> 2297.095 | N68: =M68/L68 -> 164.07821 | O68: =L68-I68 -> 0 | P68: =N68-K68 -> -7.3503591 | Q68: =N68/K68 -> 0.95712291 | S68: 0.52916667 | T68: 0.65347222 | U68: =(S68-T67)*24*60 -> 55 | V68: =(T68-S68)*24*60 -> 179 | AE68: =M68-J68 -> -102.90503 | AF68: =M68/J68 -> 0.95712291
A69: 新豐4線 | B69: 三明治 | C69: 香蕉可可三明治 | E69: 22.69 | F69: 1939 | G69: =E69*F69 -> 43995.91 | I69: 15 | J69: 2400 | K69: =J69/I69 -> 160 | L69: 15 | M69: =F69/V69*60 -> 2281.1765 | N69: =M69/L69 -> 152.07843 | O69: =L69-I69 -> 0 | P69: =N69-K69 -> -7.9215686 | Q69: =N69/K69 -> 0.9504902 | S69: 0.65833333 | T69: 0.69375 | U69: =(S69-T68)*24*60 -> 7 | V69: =(T69-S69)*24*60 -> 51 | AE69: =M69-J69 -> -118.82353 | AF69: =M69/J69 -> 0.9504902
A70: 新豐4線 | B70: 三明治 | C70: 鮪魚起司溏心蛋三明治 | E70: 26.2 | F70: 3229 | G70: =E70*F70 -> 84599.8 | I70: 18 | J70: 2400 | K70: =J70/I70 -> 133.33333 | L70: 18 | M70: =F70/V70*60 -> 2306.4286 | N70: =M70/L70 -> 128.13492 | O70: =L70-I70 -> 0 | P70: =N70-K70 -> -5.1984127 | Q70: =N70/K70 -> 0.9610119 | S70: 0.69930556 | T70: 0.75763889 | U70: =(S70-T69)*24*60 -> 8 | V70: =(T70-S70)*24*60 -> 84 | AE70: =M70-J70 -> -93.571429 | AF70: =M70/J70 -> 0.9610119
A71: 新豐4線 | B71: 三明治 | C71: 輕乳酪巧克力三明治 | E71: 20.52 | F71: 1167 | G71: =E71*F71 -> 23946.84 | I71: 18 | J71: 2400 | K71: =J71/I71 -> 133.33333 | L71: 18 | M71: =F71/V71*60 -> 2334 | N71: =M71/L71 -> 129.66667 | O71: =L71-I71 -> 0 | P71: =N71-K71 -> -3.6666667 | Q71: =N71/K71 -> 0.9725 | S71: 0.76180556 | T71: 0.78263889 | U71: =(S71-T70)*24*60 -> 6 | V71: =(T71-S71)*24*60 -> 30 | AE71: =M71-J71 -> -66 | AF71: =M71/J71 -> 0.9725
A72: 新豐4線 | B72: 平均 | I72: 16.4 | J72: 2400 | K72: =J72/I72 -> 146.34146 | L72: 16.4 | M72: =AVERAGE(M62:M71) -> 2302.3007 | N72: =M72/L72 -> 140.38419 | O72: =L72-I72 -> 0 | P72: =N72-K72 -> -5.9572729 | Q72: =N72/K72 -> 0.95929197 | Y72: =SUM(Y62:Y71) -> 0 | Z72: =SUM(Z62:Z71) -> 0 | AC72: 10 | AD72: =SUM(AD62:AD71) -> 0 | AE72: =M72-J72 -> -97.699275 | AF72: =M72/J72 -> 0.95929197

Sheet 0428
B1: 屏榮 新豐廠組合室生產人時性分析
B3: 日期 | C3: =TEXT('0428 4度C'!A2,"yyyy.mm.ddaaaa") -> 2026.04.28星期二 | E3: 訂單量 | F3: ='0428 4度C'!D1 -> 223497 | H3: 營業額 | I3: ='0428 4度C'!F1 -> 7569445.1
B4: 人時性 | C4: 項目 | E4: ➀ | G4: ➁ | I4: ➂ | K4: 異常停線 | M4: 短暫停線
C5: 組合室 | E5: 全溫層 | G5: 4度C-各編組展開 | I5: ③三明治-各編組展開 | K5: 合計次數 | L5: 時間 | M5: 合計次數 | N5: 設備次數
C6: 排關平均 | E6: =AVERAGE(D13:M13) -> 149.98611 | F6: =AVERAGE(D31:O31,D13:J13) -> 157.5994 | G6: =AVERAGE(D13:J13) -> 157.5994 | I6: =AVERAGE(K13:M13) -> 132.22177 | K6: ='0428 4度C'!Y2 -> 0 | L6: ='0428 4度C'!Z2 -> 0 | M6: ='0428 4度C'!AC2 -> 62 | N6: ='0428 4度C'!AD2 -> 0
C7: 實績平均 | E7: =AVERAGE(D14:M14) -> 143.71983 | F7: =AVERAGE(D32:O32,D14:J14) -> 151.19283 | G7: =AVERAGE(D14:J14) -> 151.19283 | I7: =AVERAGE(K14:M14) -> 126.28281
C8: 達成率平均 | E8: =AVERAGE(D15:M15) -> 0.95767833 | F8: =AVERAGE(D15:J15,D33:O33) -> 0.95887797 | G8: =AVERAGE(D15:J15) -> 0.95887797 | I8: =AVERAGE(K15:M15) -> 0.95487919
K9: ※現行日本鮮食廠以達成率80%為基本(即為現行KPI)
B10: 溫層 | D10: ➁4度C-各編組展開 | K10: ③三明治-各編組展開
B11: 編組 | D11: 1 | E11: 2 | F11: 3 | G11: 4 | H11: 5 | I11: 6 | J11: 7 | K11: 1 | L11: 2 | M11: 3
D12: 新豐6線 | E12: 新豐2線 | F12: 新豐5線 | G12: 新豐7線 | H12: 新豐3線 | I12: 新豐1線 | J12: 新豐10線 | K12: 新豐8線 | L12: 新豐9線 | M12: 新豐4線
B13: 人時性 | C13: 排關 | D13: =SUMIFS('0428 4度C'!$K:$K,'0428 4度C'!$A:$A,"新豐6線",'0428 4度C'!$B:$B,"平均") -> 119.40299 | E13: =SUMIFS('0428 4度C'!$K:$K,'0428 4度C'!$A:$A,"新豐2線",'0428 4度C'!$B:$B,"平均") -> 83.333333 | F13: =SUMIFS('0428 4度C'!$K:$K,'0428 4度C'!$A:$A,"新豐5線",'0428 4度C'!$B:$B,"平均") -> 128.37838 | G13: =SUMIFS('0428 4度C'!$K:$K,'0428 4度C'!$A:$A,"新豐7線",'0428 4度C'!$B:$B,"平均") -> 121.73913 | H13: =SUMIFS('0428 4度C'!$K:$K,'0428 4度C'!$A:$A,"新豐3線",'0428 4度C'!$B:$B,"平均") -> 232.14286 | I13: =SUMIFS('0428 4度C'!$K:$K,'0428 4度C'!$A:$A,"新豐1線",'0428 4度C'!$B:$B,"平均") -> 102.40964 | J13: =SUMIFS('0428 4度C'!$K:$K,'0428 4度C'!$A:$A,"新豐10線",'0428 4度C'!$B:$B,"平均") -> 315.78947 | K13: =SUMIFS('0428 4度C'!$K:$K,'0428 4度C'!$A:$A,"新豐8線",'0428 4度C'!$B:$B,"平均") -> 132.11009 | L13: =SUMIFS('0428 4度C'!$K:$K,'0428 4度C'!$A:$A,"新豐9線",'0428 4度C'!$B:$B,"平均") -> 111.82796 | M13: =SUMIFS('0428 4度C'!$K:$K,'0428 4度C'!$A:$A,"新豐4線",'0428 4度C'!$B:$B,"平均") -> 152.72727
C14: 實績 | D14: =SUMIFS('0428 4度C'!$N:$N,'0428 4度C'!$A:$A,"新豐6線",'0428 4度C'!$B:$B,"平均") -> 115.06372 | E14: =SUMIFS('0428 4度C'!$N:$N,'0428 4度C'!$A:$A,"新豐2線",'0428 4度C'!$B:$B,"平均") -> 79.651332 | F14: =SUMIFS('0428 4度C'!$N:$N,'0428 4度C'!$A:$A,"新豐5線",'0428 4度C'!$B:$B,"平均") -> 122.81704 | G14: =SUMIFS('0428 4度C'!$N:$N,'0428 4度C'!$A:$A,"新豐7線",'0428 4度C'!$B:$B,"平均") -> 116.32189 | H14: =SUMIFS('0428 4度C'!$N:$N,'0428 4度C'!$A:$A,"新豐3線",'0428 4度C'!$B:$B,"平均") -> 221.73744 | I14: =SUMIFS('0428 4度C'!$N:$N,'0428 4度C'!$A:$A,"新豐1線",'0428 4度C'!$B:$B,"平均") -> 98.500706 | J14: =SUMIFS('0428 4度C'!$N:$N,'0428 4度C'!$A:$A,"新豐10線",'0428 4度C'!$B:$B,"平均") -> 304.2577 | K14: =SUMIFS('0428 4度C'!$N:$N,'0428 4度C'!$A:$A,"新豐8線",'0428 4度C'!$B:$B,"平均") -> 126.21782 | L14: =SUMIFS('0428 4度C'!$N:$N,'0428 4度C'!$A:$A,"新豐9線",'0428 4度C'!$B:$B,"平均") -> 106.53151 | M14: =SUMIFS('0428 4度C'!$N:$N,'0428 4度C'!$A:$A,"新豐4線",'0428 4度C'!$B:$B,"平均") -> 146.0991
C15: 達成率 | D15: =D14/D13 -> 0.96365864 | E15: =E14/E13 -> 0.95581598 | F15: =F14/F13 -> 0.95668012 | G15: =G14/G13 -> 0.9555012 | H15: =H14/H13 -> 0.95517665 | I15: =I14/I13 -> 0.96183042 | J15: =J14/J13 -> 0.96348273 | K15: =K14/K13 -> 0.95539878 | ... M15: =M14/M13 -> 0.95660124
B16: 作業 時間 | C16: 開始 | D16: =VLOOKUP("新豐6線",'0428 4度C'!$A:$T,19,0) -> 0.70833333 | E16: =VLOOKUP("新豐2線",'0428 4度C'!$A:$T,19,0) -> 0.20833333 | F16: =VLOOKUP("新豐5線",'0428 4度C'!$A:$T,19,0) -> 0.083333333 | G16: =VLOOKUP("新豐7線",'0428 4度C'!$A:$T,19,0) -> 0.20833333 | H16: =VLOOKUP("新豐3線",'0428 4度C'!$A:$T,19,0) -> 0.083333333 | I16: =VLOOKUP("新豐1線",'0428 4度C'!$A:$T,19,0) -> 0.20833333 | J16: =VLOOKUP("新豐10線",'0428 4度C'!$A:$T,19,0) -> 0.20833333 | K16: =VLOOKUP("新豐8線",'0428 4度C'!$A:$T,19,0) -> 0.083333333 | L16: =VLOOKUP("新豐9線",'0428 4度C'!$A:$T,19,0) -> 0.083333333 | M16: =VLOOKUP("新豐4線",'0428 4度C'!$A:$T,19,0) -> 0.083333333
C17: 結束 | D17: =LOOKUP(2,1/(('0428 4度C'!$A:$A="新豐6線")*('0428 4度C'!$T:$T<>"")),'0428 4度C'!$T:$T) -> 0.84444444 | E17: =LOOKUP(2,1/(('0428 4度C'!$A:$A="新豐2線")*('0428 4度C'!$T:$T<>"")),'0428 4度C'!$T:$T) -> 0.64305556 | F17: =LOOKUP(2,1/(('0428 4度C'!$A:$A="新豐5線")*('0428 4度C'!$T:$T<>"")),'0428 4度C'!$T:$T) -> 0.84027778 | G17: =LOOKUP(2,1/(('0428 4度C'!$A:$A="新豐7線")*('0428 4度C'!$T:$T<>"")),'0428 4度C'!$T:$T) -> 0.83263889 | H17: =LOOKUP(2,1/(('0428 4度C'!$A:$A="新豐3線")*('0428 4度C'!$T:$T<>"")),'0428 4度C'!$T:$T) -> 0.64583333 | I17: =LOOKUP(2,1/(('0428 4度C'!$A:$A="新豐1線")*('0428 4度C'!$T:$T<>"")),'0428 4度C'!$T:$T) -> 0.81944444 | J17: =LOOKUP(2,1/(('0428 4度C'!$A:$A="新豐10線")*('0428 4度C'!$T:$T<>"")),'0428 4度C'!$T:$T) -> 0.44861111 | K17: =LOOKUP(2,1/(('0428 4度C'!$A:$A="新豐8線")*('0428 4度C'!$T:$T<>"")),'0428 4度C'!$T:$T) -> 0.74722222 | L17: =LOOKUP(2,1/(('0428 4度C'!$A:$A="新豐9線")*('0428 4度C'!$T:$T<>"")),'0428 4度C'!$T:$T) -> 0.75763889 | M17: =LOOKUP(2,1/(('0428 4度C'!$A:$A="新豐4線")*('0428 4度C'!$T:$T<>"")),'0428 4度C'!$T:$T) -> 0.72013889
B18: 產線異常 (5分鐘以上) | C18: 次數 | D18: =SUMIFS('0428 4度C'!$Y:$Y,'0428 4度C'!$A:$A,"新豐6線",'0428 4度C'!$B:$B,"平均") -> 0 | E18: =SUMIFS('0428 4度C'!$Y:$Y,'0428 4度C'!$A:$A,"新豐2線",'0428 4度C'!$B:$B,"平均") -> 0 | F18: =SUMIFS('0428 4度C'!$Y:$Y,'0428 4度C'!$A:$A,"新豐5線",'0428 4度C'!$B:$B,"平均") -> 0 | G18: =SUMIFS('0428 4度C'!$Y:$Y,'0428 4度C'!$A:$A,"新豐7線",'0428 4度C'!$B:$B,"平均") -> 0 | H18: =SUMIFS('0428 4度C'!$Y:$Y,'0428 4度C'!$A:$A,"新豐3線",'0428 4度C'!$B:$B,"平均") -> 0 | I18: =SUMIFS('0428 4度C'!$Y:$Y,'0428 4度C'!$A:$A,"新豐1線",'0428 4度C'!$B:$B,"平均") -> 0 | J18: =SUMIFS('0428 4度C'!$Y:$Y,'0428 4度C'!$A:$A,"新豐10線",'0428 4度C'!$B:$B,"平均") -> 0 | K18: =SUMIFS('0428 4度C'!$Y:$Y,'0428 4度C'!$A:$A,"新豐8線",'0428 4度C'!$B:$B,"平均") -> 0 | L18: =SUMIFS('0428 4度C'!$Y:$Y,'0428 4度C'!$A:$A,"新豐9線",'0428 4度C'!$B:$B,"平均") -> 0 | M18: =SUMIFS('0428 4度C'!$Y:$Y,'0428 4度C'!$A:$A,"新豐4線",'0428 4度C'!$B:$B,"平均") -> 0
C19: 時間/分 | D19: =SUMIFS('0428 4度C'!$Z:$Z,'0428 4度C'!$A:$A,"新豐6線",'0428 4度C'!$B:$B,"平均") -> 0 | E19: =SUMIFS('0428 4度C'!$Z:$Z,'0428 4度C'!$A:$A,"新豐2線",'0428 4度C'!$B:$B,"平均") -> 0 | F19: =SUMIFS('0428 4度C'!$Z:$Z,'0428 4度C'!$A:$A,"新豐5線",'0428 4度C'!$B:$B,"平均") -> 0 | G19: =SUMIFS('0428 4度C'!$Z:$Z,'0428 4度C'!$A:$A,"新豐7線",'0428 4度C'!$B:$B,"平均") -> 0 | H19: =SUMIFS('0428 4度C'!$Z:$Z,'0428 4度C'!$A:$A,"新豐3線",'0428 4度C'!$B:$B,"平均") -> 0 | I19: =SUMIFS('0428 4度C'!$Z:$Z,'0428 4度C'!$A:$A,"新豐1線",'0428 4度C'!$B:$B,"平均") -> 0 | J19: =SUMIFS('0428 4度C'!$Z:$Z,'0428 4度C'!$A:$A,"新豐10線",'0428 4度C'!$B:$B,"平均") -> 0 | K19: =SUMIFS('0428 4度C'!$Z:$Z,'0428 4度C'!$A:$A,"新豐8線",'0428 4度C'!$B:$B,"平均") -> 0 | L19: =SUMIFS('0428 4度C'!$Z:$Z,'0428 4度C'!$A:$A,"新豐9線",'0428 4度C'!$B:$B,"平均") -> 0 | M19: =SUMIFS('0428 4度C'!$Z:$Z,'0428 4度C'!$A:$A,"新豐4線",'0428 4度C'!$B:$B,"平均") -> 0
B20: 短暫停線 (5分鐘以下) | C20: 次數 | D20: =SUMIFS('0428 4度C'!$AC:$AC,'0428 4度C'!$A:$A,"新豐6線",'0428 4度C'!$B:$B,"平均") -> 4 | E20: =SUMIFS('0428 4度C'!$AC:$AC,'0428 4度C'!$A:$A,"新豐2線",'0428 4度C'!$B:$B,"平均") -> 4 | F20: =SUMIFS('0428 4度C'!$AC:$AC,'0428 4度C'!$A:$A,"新豐5線",'0428 4度C'!$B:$B,"平均") -> 9 | G20: =SUMIFS('0428 4度C'!$AC:$AC,'0428 4度C'!$A:$A,"新豐7線",'0428 4度C'!$B:$B,"平均") -> 7 | H20: =SUMIFS('0428 4度C'!$AC:$AC,'0428 4度C'!$A:$A,"新豐3線",'0428 4度C'!$B:$B,"平均") -> 5 | I20: =SUMIFS('0428 4度C'!$AC:$AC,'0428 4度C'!$A:$A,"新豐1線",'0428 4度C'!$B:$B,"平均") -> 9 | J20: =SUMIFS('0428 4度C'!$AC:$AC,'0428 4度C'!$A:$A,"新豐10線",'0428 4度C'!$B:$B,"平均") -> 6 | K20: =SUMIFS('0428 4度C'!$AC:$AC,'0428 4度C'!$A:$A,"新豐8線",'0428 4度C'!$B:$B,"平均") -> 6 | L20: =SUMIFS('0428 4度C'!$AC:$AC,'0428 4度C'!$A:$A,"新豐9線",'0428 4度C'!$B:$B,"平均") -> 5 | M20: =SUMIFS('0428 4度C'!$AC:$AC,'0428 4度C'!$A:$A,"新豐4線",'0428 4度C'!$B:$B,"平均") -> 7
C21: 設備次數 | D21: =SUMIFS('0428 4度C'!$AD:$AD,'0428 4度C'!$A:$A,"新豐6線",'0428 4度C'!$B:$B,"平均") -> 0 | E21: =SUMIFS('0428 4度C'!$AD:$AD,'0428 4度C'!$A:$A,"新豐2線",'0428 4度C'!$B:$B,"平均") -> 0 | F21: =SUMIFS('0428 4度C'!$AD:$AD,'0428 4度C'!$A:$A,"新豐5線",'0428 4度C'!$B:$B,"平均") -> 0 | G21: =SUMIFS('0428 4度C'!$AD:$AD,'0428 4度C'!$A:$A,"新豐7線",'0428 4度C'!$B:$B,"平均") -> 0 | H21: =SUMIFS('0428 4度C'!$AD:$AD,'0428 4度C'!$A:$A,"新豐3線",'0428 4度C'!$B:$B,"平均") -> 0 | I21: =SUMIFS('0428 4度C'!$AD:$AD,'0428 4度C'!$A:$A,"新豐1線",'0428 4度C'!$B:$B,"平均") -> 0 | J21: =SUMIFS('0428 4度C'!$AD:$AD,'0428 4度C'!$A:$A,"新豐10線",'0428 4度C'!$B:$B,"平均") -> 0 | K21: =SUMIFS('0428 4度C'!$AD:$AD,'0428 4度C'!$A:$A,"新豐8線",'0428 4度C'!$B:$B,"平均") -> 0 | L21: =SUMIFS('0428 4度C'!$AD:$AD,'0428 4度C'!$A:$A,"新豐9線",'0428 4度C'!$B:$B,"平均") -> 0 | M21: =SUMIFS('0428 4度C'!$AD:$AD,'0428 4度C'!$A:$A,"新豐4線",'0428 4度C'!$B:$B,"平均") -> 0
B22: 配置人數 | D22: =SUMIFS('0428 4度C'!$I:$I,'0428 4度C'!$A:$A,"新豐6線",'0428 4度C'!$B:$B,"平均") -> 16.75 | E22: =SUMIFS('0428 4度C'!$I:$I,'0428 4度C'!$A:$A,"新豐2線",'0428 4度C'!$B:$B,"平均") -> 18 | F22: =SUMIFS('0428 4度C'!$I:$I,'0428 4度C'!$A:$A,"新豐5線",'0428 4度C'!$B:$B,"平均") -> 16.444444 | G22: =SUMIFS('0428 4度C'!$I:$I,'0428 4度C'!$A:$A,"新豐7線",'0428 4度C'!$B:$B,"平均") -> 16.428571 | H22: =SUMIFS('0428 4度C'!$I:$I,'0428 4度C'!$A:$A,"新豐3線",'0428 4度C'!$B:$B,"平均") -> 11.2 | I22: =SUMIFS('0428 4度C'!$I:$I,'0428 4度C'!$A:$A,"新豐1線",'0428 4度C'!$B:$B,"平均") -> 18.444444 | J22: =SUMIFS('0428 4度C'!$I:$I,'0428 4度C'!$A:$A,"新豐10線",'0428 4度C'!$B:$B,"平均") -> 9.5 | K22: =SUMIFS('0428 4度C'!$I:$I,'0428 4度C'!$A:$A,"新豐8線",'0428 4度C'!$B:$B,"平均") -> 18.166667 | L22: =SUMIFS('0428 4度C'!$I:$I,'0428 4度C'!$A:$A,"新豐9線",'0428 4度C'!$B:$B,"平均") -> 18.6 | M22: =SUMIFS('0428 4度C'!$I:$I,'0428 4度C'!$A:$A,"新豐4線",'0428 4度C'!$B:$B,"平均") -> 15.714286
B23: 主要應用設備 | D23: ET-55 | E23: 熱縮爐 | F23: L型包裝機 | G23: L型包裝機 | H23: 伺服包裝機 | I23: ET-55 | J23: 伺服包裝機 | K23: 三明治包裝機 | L23: 三明治包裝機 | M23: 三明治包裝機
B24: 次要應用設備 | F24: 圓盤機 | G24: ET-55
B25: 備註 | E25: 握沙拉 | F25: 共用L型包裝機 | H25: 調理麵包 | I25: 炒飯+沙拉 | J25: 調理麵包

Sheet 0428 4度C
A1: 新豐廠四度C日報分析 | C1: 總生產量 | D1: =SUM(F5:F76) -> 223497 | E1: 營業額 | F1: =SUM(G5:G76) -> 7569445.1 | G1: 出勤人數 | H1: =L9+L14+L51+L61+L24+L68+L39+L45+L32+L76 -> 159.24841 | I1: 產線配置圖 | L1: 生產實績 | O1: 人時性差異分析 | S1: 日報登錄 | Y1: 合計 次數 | Z1: 合計 時間/分 | AA1: 產線異常 分析說明(5分鐘以上) | AC1: 合計 次數 | AD1: 合計 設備次數 | AE1: 產能差異分析
A2: 46140 | B2: 星期二 | C2: 人時性 | D2: =AVERAGE(N9,N14,N51,N61,N24,N68,N32,N39,N45,N76) -> 143.71983 | E2: 平均廠價 | F2: =F1/D1 -> 33.868218 | G2: 多次生產數 | H2: =COUNT(H5:H76) -> 14 | Y2: =SUM(Y9+Y14+Y24+Y32+Y39+Y45+Y51+Y61+Y68+Y76) -> 0 | Z2: =SUM(Z9+Z14+Z24+Z32+Z39+Z45+Z51+Z61+Z68+Z76) -> 0 | AC2: 62 | AD2: =SUM(AD9+AD14+AD24+AD32+AD39+AD45+AD51+AD61+AD68+AD76) -> 0
A3: 線別 | B3: 品類 | C3: 品名 | E3: 廠價 | F3: 生產量 | G3: 營收 | H3: 多次 生產 | I3: 人數 | J3: 產能/時 | K3: 人時性 | L3: 人數 | M3: 產能/時 | N3: 人時性 | O3: 人數 | P3: 人時性 | Q3: 達成率 | R3: 達成率平均 | S3: 生產時間 | U3: 換線、休息/分 | V3: 稼動時間/分 | W3: 休息時間 | Y3: 產線異常統計 (5分鐘以上) | AA3: (新豐回填) | AC3: 短暫停線統計 (5分鐘以下) | AE3: 產能/時 | AF3: 達成率 | AG3: 達成率平均
S4: 開始 | T4: 結束 | W4: 開始 | X4: 結束 | Y4: 次數 | Z4: 時間/分 | AC4: 總次數 | AD4: 設備因素(次數)
A5: 新豐6線 | B5: 微波主食 | C5: 二配港式香滑嫩蛋牛肉燴飯 | E5: 50.67 | F5: 1478 | G5: =E5*F5 -> 74890.26 | I5: 17 | J5: 2000 | K5: =J5/I5 -> 117.64706 | L5: 17 | M5: =F5/V5*60 -> 1927.8261 | N5: =M5/L5 -> 113.40153 | O5: =L5-I5 -> 0 | P5: =N5-K5 -> -4.2455243 | Q5: =N5/K5 -> 0.96391304 | R5: =Q9 -> 0.96365864 | S5: 0.70833333 | T5: 0.74027778 | V5: =(T5-S5)*24*60 -> 46 | AC5: 4 | AE5: =M5-J5 -> -72.173913 | AF5: =M5/J5 -> 0.96391304 | AG5: =AF9 -> 0.96365864
A6: 新豐6線 | B6: 微波主食 | C6: 二配美味蟹煲 | E6: 54.09 | F6: 1185 | G6: =E6*F6 -> 64096.65 | I6: 19 | J6: 2000 | K6: =J6/I6 -> 105.26316 | L6: 19 | M6: =F6/V6*60 -> 1921.6216 | N6: =M6/L6 -> 101.13798 | O6: =L6-I6 -> 0 | P6: =N6-K6 -> -4.1251778 | Q6: =N6/K6 -> 0.96081081 | S6: 0.74444444 | T6: 0.77013889 | U6: =IF(S6=TIME(17,0,0),"",(S6-T5)*24*60) -> 6 | V6: =(T6-S6)*24*60 -> 37 | AE6: =M6-J6 -> -78.378378 | AF6: =M6/J6 -> 0.96081081
A7: 新豐6線 | B7: 微波主食 | C7: 二配泰式綠咖哩雞 | E7: 50.67 | F7: 900 | G7: =E7*F7 -> 45603 | H7: 2 | I7: 15 | J7: 2000 | K7: =J7/I7 -> 133.33333 | L7: 15 | M7: =F7/V7*60 -> 1928.5714 | N7: =M7/L7 -> 128.57143 | O7: =L7-I7 -> 0 | P7: =N7-K7 -> -4.7619048 | Q7: =N7/K7 -> 0.96428571 | S7: 0.775 | T7: 0.79444444 | U7: =IF(S7=TIME(17,0,0),"",(S7-T6)*24*60) -> 7 | V7: =(T7-S7)*24*60 -> 28 | AE7: =M7-J7 -> -71.428571 | AF7: =M7/J7 -> 0.96428571
A8: 新豐6線 | B8: 微波主食 | C8: 二配蔥爆牛肉燴飯 | E8: 52.86 | F8: 2060 | G8: =E8*F8 -> 108891.6 | I8: 16 | J8: 2000 | K8: =J8/I8 -> 125 | L8: 16 | M8: =F8/V8*60 -> 1931.25 | N8: =M8/L8 -> 120.70313 | O8: =L8-I8 -> 0 | P8: =N8-K8 -> -4.296875 | Q8: =N8/K8 -> 0.965625 | S8: 0.8 | T8: 0.84444444 | U8: =IF(S8=TIME(17,0,0),"",(S8-T7)*24*60) -> 8 | V8: =(T8-S8)*24*60 -> 64 | AE8: =M8-J8 -> -68.75 | AF8: =M8/J8 -> 0.965625
A9: 新豐6線 | B9: 平均 | I9: 16.75 | J9: 2000 | K9: =J9/I9 -> 119.40299 | L9: 16.75 | M9: =AVERAGE(M5:M8) -> 1927.3173 | N9: =M9/L9 -> 115.06372 | O9: =L9-I9 -> 0 | P9: =N9-K9 -> -4.3392666 | Q9: =N9/K9 -> 0.96365864 | Y9: =SUM(Y5:Y8) -> 0 | Z9: =SUM(Z5:Z8) -> 0 | AC9: 4 | AD9: =SUM(AD5:AD8) -> 0 | AE9: =M9-J9 -> -72.682716 | AF9: =M9/J9 -> 0.96365864
A10: 新豐2線 | B10: 沙拉 | C10: 青醬優格雞肉握沙拉(113年) | E10: 39.62 | F10: 3500 | G10: =E10*F10 -> 138670 | H10: 2 | I10: 19 | J10: 1500 | K10: =J10/I10 -> 78.947368 | L10: 19 | M10: =F10/V10*60 -> 1438.3562 | N10: =M10/L10 -> 75.702956 | O10: =L10-I10 -> 0 | P10: =N10-K10 -> -3.2444124 | Q10: =N10/K10 -> 0.95890411 | R10: =Q14 -> 0.95581598 | S10: 0.20833333 | T10: 0.30972222 | V10: =(T10-S10)*24*60 -> 146 | AC10: 4 | AE10: =M10-J10 -> -61.643836 | AF10: =M10/J10 -> 0.95890411 | AG10: =AF14 -> 0.95581598
A11: 新豐2線 | B11: 沙拉 | C11: 青檸烤雞握沙拉(113年) | E11: 39.8 | F11: 6000 | G11: =E11*F11 -> 238800 | H11: 2 | I11: 17 | J11: 1500 | K11: =J11/I11 -> 88.235294 | L11: 17 | M11: =F11/V11*60 -> 1428.5714 | N11: =M11/L11 -> 84.033613 | O11: =L11-I11 -> 0 | P11: =N11-K11 -> -4.2016807 | Q11: =N11/K11 -> 0.95238095 | S11: 0.31458333 | T11: 0.48958333 | U11: =IF(S11=TIME(17,0,0),"",(S11-T10)*24*60) -> 7 | V11: =(T11-S11)*24*60 -> 252 | W11: =T11 -> 0.48958333 | X11: =S12 -> 0.53055556 | AE11: =M11-J11 -> -71.428571 | AF11: =M11/J11 -> 0.95238095
A12: 新豐2線 | B12: 沙拉 | C12: 青檸烤雞握沙拉(113年) | E12: 39.8 | F12: 1989 | G12: =E12*F12 -> 79162.2 | I12: 17 | J12: 1500 | K12: =J12/I12 -> 88.235294 | L12: 17 | M12: =F12/V12*60 -> 1437.8313 | N12: =M12/L12 -> 84.578313 | O12: =L12-I12 -> 0 | P12: =N12-K12 -> -3.6569809 | Q12: =N12/K12 -> 0.95855422 | S12: 0.53055556 | T12: 0.58819444 | U12: =IF(S12=TIME(17,0,0),"",(S12-T11)*24*60) -> 59 | V12: =(T12-S12)*24*60 -> 83 | AE12: =M12-J12 -> -62.168675 | AF12: =M12/J12 -> 0.95855422
A13: 新豐2線 | B13: 沙拉 | C13: 青醬優格雞肉握沙拉(113年) | E13: 39.62 | F13: 1740 | G13: =E13*F13 -> 68938.8 | I13: 19 | J13: 1500 | K13: =J13/I13 -> 78.947368 | L13: 19 | M13: =F13/V13*60 -> 1430.137 | N13: =M13/L13 -> 75.270368 | O13: =L13-I13 -> 0 | P13: =N13-K13 -> -3.6770007 | Q13: =N13/K13 -> 0.95342466 | S13: 0.59236111 | T13: 0.64305556 | U13: =IF(S13=TIME(17,0,0),"",(S13-T12)*24*60) -> 6 | V13: =(T13-S13)*24*60 -> 73 | AE13: =M13-J13 -> -69.863014 | AF13: =M13/J13 -> 0.95342466
A14: 新豐2線 | B14: 平均 | I14: 18 | J14: 1500 | K14: =J14/I14 -> 83.333333 | L14: 18 | M14: =AVERAGE(M10:M13) -> 1433.724 | N14: =M14/L14 -> 79.651332 | O14: =L14-I14 -> 0 | P14: =N14-K14 -> -3.6820013 | Q14: =N14/K14 -> 0.95581598 | Y14: =SUM(Y10:Y13) -> 0 | Z14: =SUM(Z10:Z13) -> 0 | AC14: 4 | AD14: =SUM(AD10:AD13) -> 0 | AE14: =M14-J14 -> -66.276024 | AF14: =M14/J14 -> 0.95581598
A15: 新豐5線 | B15: 小吃 | C15: 剝皮辣椒雞湯 | E15: 41 | F15: 2222 | G15: =E15*F15 -> 91102 | I15: 26 | J15: 1500 | K15: =J15/I15 -> 57.692308 | L15: 26 | M15: =F15/V15*60 -> 1433.5484 | N15: =M15/L15 -> 55.136476 | O15: =L15-I15 -> 0 | P15: =N15-K15 -> -2.5558313 | Q15: =N15/K15 -> 0.95569892 | R15: =Q24 -> 0.95668012 | S15: 0.083333333 | T15: 0.14791667 | V15: =(T15-S15)*24*60 -> 93 | W15: =T15 -> 0.14791667 | X15: =S16 -> 0.16736111 | AC15: 9 | AE15: =M15-J15 -> -66.451613 | AF15: =M15/J15 -> 0.95569892 | AG15: =AF24 -> 0.95668012
A16: 新豐5線 | B16: 三明治 | C16: 經典火腿玉米蛋三明治 | E16: 24.43 | F16: 5300 | G16: =E16*F16 -> 129479 | H16: 2 | I16: 14 | J16: 2400 | K16: =J16/I16 -> 171.42857 | L16: 14 | M16: =F16/V16*60 -> 2287.7698 | N16: =M16/L16 -> 163.41213 | O16: =L16-I16 -> 0 | P16: =N16-K16 -> -8.016444 | Q16: =N16/K16 -> 0.95323741 | S16: 0.16736111 | T16: 0.26388889 | U16: =IF(S16=TIME(17,0,0),"",(S16-T15)*24*60) -> 28 | V16: =(T16-S16)*24*60 -> 139 | AE16: =M16-J16 -> -112.23022 | AF16: =M16/J16 -> 0.95323741
A17: 新豐5線 | B17: 三明治 | C17: 雞蛋沙拉三明治(114年) | E17: 25.99 | F17: 5943 | G17: =E17*F17 -> 154458.57 | I17: 14 | J17: 2400 | K17: =J17/I17 -> 171.42857 | L17: 14 | M17: =F17/V17*60 -> 2285.7692 | N17: =M17/L17 -> 163.26923 | O17: =L17-I17 -> 0 | P17: =N17-K17 -> -8.1593407 | Q17: =N17/K17 -> 0.95240385 | S17: 0.26805556 | T17: 0.37638889 | U17: =IF(S17=TIME(17,0,0),"",(S17-T16)*24*60) -> 6 | V17: =(T17-S17)*24*60 -> 156 | AE17: =M17-J17 -> -114.23077 | AF17: =M17/J17 -> 0.95240385
A18: 新豐5線 | B18: 三明治 | C18: 鮪魚起司溏心蛋三明治 | E18: 26.2 | F18: 3900 | G18: =E18*F18 -> 102180 | H18: 2 | I18: 18 | J18: 2400 | K18: =J18/I18 -> 133.33333 | L18: 18 | M18: =F18/V18*60 -> 2294.1176 | N18: =M18/L18 -> 127.45098 | O18: =L18-I18 -> 0 | P18: =N18-K18 -> -5.8823529 | Q18: =N18/K18 -> 0.95588235 | S18: 0.38125 | T18: 0.45208333 | U18: =IF(S18=TIME(17,0,0),"",(S18-T17)*24*60) -> 7 | V18: =(T18-S18)*24*60 -> 102 | W18: =T18 -> 0.45208333 | X18: =S19 -> 0.49305556 | AE18: =M18-J18 -> -105.88235 | AF18: =M18/J18 -> 0.95588235
A19: 新豐5線 | B19: 三明治 | C19: 鮪魚起司溏心蛋三明治 | E19: 26.2 | F19: 5822 | G19: =E19*F19 -> 152536.4 | I19: 18 | J19: 2400 | K19: =J19/I19 -> 133.33333 | L19: 18 | M19: =F19/V19*60 -> 2283.1373 | N19: =M19/L19 -> 126.84096 | O19: =L19-I19 -> 0 | P19: =N19-K19 -> -6.4923747 | Q19: =N19/K19 -> 0.95130719 | S19: 0.49305556 | T19: 0.59930556 | U19: =IF(S19=TIME(17,0,0),"",(S19-T18)*24*60) -> 59 | V19: =(T19-S19)*24*60 -> 153 | AE19: =M19-J19 -> -116.86275 | AF19: =M19/J19 -> 0.95130719
A20: 新豐5線 | B20: 三明治 | C20: 經典火腿玉米蛋三明治 | E20: 24.43 | F20: 3845 | G20: =E20*F20 -> 93933.35 | I20: 14 | J20: 2400 | K20: =J20/I20 -> 171.42857 | L20: 14 | M20: =F20/V20*60 -> 2284.1584 | N20: =M20/L20 -> 163.15417 | O20: =L20-I20 -> 0 | P20: =N20-K20 -> -8.2743989 | Q20: =N20/K20 -> 0.95173267 | S20: 0.60486111 | T20: 0.675 | U20: =IF(S20=TIME(17,0,0),"",(S20-T19)*24*60) -> 8 | V20: =(T20-S20)*24*60 -> 101 | AE20: =M20-J20 -> -115.84158 | AF20: =M20/J20 -> 0.95173267
A21: 新豐5線 | B21: 微波主食 | C21: 二配起司控培根白醬焗烤飯 | E21: 53.68 | F21: 1305 | G21: =E21*F21 -> 70052.4 | I21: 16 | J21: 1500 | K21: =J21/I21 -> 93.75 | L21: 16 | M21: =F21/V21*60 -> 1450 | N21: =M21/L21 -> 90.625 | O21: =L21-I21 -> 0 | P21: =N21-K21 -> -3.125 | Q21: =N21/K21 -> 0.96666667 | S21: 0.70833333 | T21: 0.74583333 | U21: =IF(S21=TIME(17,0,0),"",(S21-T20)*24*60) | V21: =(T21-S21)*24*60 -> 54 | AE21: =M21-J21 -> -50 | AF21: =M21/J21 -> 0.96666667
A22: 新豐5線 | B22: 微波主食 | C22: 二配金咖哩果香甘口咖哩飯 | E22: 50.92 | F22: 2370 | G22: =E22*F22 -> 120680.4 | I22: 15 | J22: 2000 | K22: =J22/I22 -> 133.33333 | L22: 15 | M22: =F22/V22*60 -> 1921.6216 | N22: =M22/L22 -> 128.10811 | O22: =L22-I22 -> 0 | P22: =N22-K22 -> -5.2252252 | Q22: =N22/K22 -> 0.96081081 | S22: 0.75069444 | T22: 0.80208333 | U22: =IF(S22=TIME(17,0,0),"",(S22-T21)*24*60) -> 7 | V22: =(T22-S22)*24*60 -> 74 | AE22: =M22-J22 -> -78.378378 | AF22: =M22/J22 -> 0.96081081
A23: 新豐5線 | B23: 微波主食 | C23: 二配厚香料咖哩雞排飯 | E23: 57.3 | F23: 1614 | G23: =E23*F23 -> 92482.2 | I23: 13 | J23: 2000 | K23: =J23/I23 -> 153.84615 | L23: 13 | M23: =F23/V23*60 -> 1936.8 | N23: =M23/L23 -> 148.98462 | O23: =L23-I23 -> 0 | P23: =N23-K23 -> -4.8615385 | Q23: =N23/K23 -> 0.9684 | S23: 0.80555556 | T23: 0.84027778 | U23: =IF(S23=TIME(17,0,0),"",(S23-T22)*24*60) -> 5 | V23: =(T23-S23)*24*60 -> 50 | AE23: =M23-J23 -> -63.2 | AF23: =M23/J23 -> 0.9684
A24: 新豐5線 | B24: 平均 | I24: 16.444444 | J24: 2111.1111 | K24: =J24/I24 -> 128.37838 | L24: 16.444444 | M24: =AVERAGE(M15:M23) -> 2019.658 | N24: =M24/L24 -> 122.81704 | O24: =L24-I24 -> 0 | P24: =N24-K24 -> -5.5613355 | Q24: =N24/K24 -> 0.95668012 | Y24: =SUM(Y15:Y23) -> 0 | Z24: =SUM(Z15:Z23) -> 0 | AC24: 9 | AD24: =SUM(AD15:AD23) -> 0 | AE24: =M24-J24 -> -91.453073 | AF24: =M24/J24 -> 0.95668012
A25: 新豐7線 | B25: 微波主食 | C25: 爆炒雞丁飯 | E25: 59.04 | F25: 6000 | G25: =E25*F25 -> 354240 | H25: 2 | I25: 19 | J25: 2000 | K25: =J25/I25 -> 105.26316 | L25: 19 | M25: =F25/V25*60 -> 1904.7619 | N25: =M25/L25 -> 100.25063 | O25: =L25-I25 -> 0 | P25: =N25-K25 -> -5.0125313 | Q25: =N25/K25 -> 0.95238095 | R25: =Q32 -> 0.9555012 | S25: 0.20833333 | T25: 0.33958333 | V25: =(T25-S25)*24*60 -> 189 | AC25: 7 | AE25: =M25-J25 -> -95.238095 | AF25: =M25/J25 -> 0.95238095 | AG25: =AF32 -> 0.9555012
A26: 新豐7線 | B26: 微波主食 | C26: 韓式泡菜豬肉豆腐丼飯 | E26: 50.67 | F26: 2380 | G26: =E26*F26 -> 120594.6 | I26: 17 | J26: 2000 | K26: =J26/I26 -> 117.64706 | L26: 17 | M26: =F26/V26*60 -> 1904 | N26: =M26/L26 -> 112 | O26: =L26-I26 -> 0 | P26: =N26-K26 -> -5.6470588 | Q26: =N26/K26 -> 0.952 | S26: 0.34305556 | T26: 0.39513889 | U26: =IF(S26=TIME(17,0,0),"",(S26-T25)*24*60) -> 5 | V26: =(T26-S26)*24*60 -> 75 | AE26: =M26-J26 -> -96 | AF26: =M26/J26 -> 0.952
A27: 新豐7線 | B27: 微波主食 | C27: 鐵板滑蛋炸豬排丼 | E27: 57.73 | F27: 2438 | G27: =E27*F27 -> 140745.74 | I27: 14 | J27: 2000 | K27: =J27/I27 -> 142.85714 | L27: 14 | M27: =F27/V27*60 -> 1924.7368 | N27: =M27/L27 -> 137.4812 | O27: =L27-I27 -> 0 | P27: =N27-K27 -> -5.3759398 | Q27: =N27/K27 -> 0.96236842 | S27: 0.40069444 | T27: 0.45347222 | U27: =IF(S27=TIME(17,0,0),"",(S27-T26)*24*60) -> 8 | V27: =(T27-S27)*24*60 -> 76 | W27: =T27 -> 0.45347222 | X27: =S28 -> 0.49236111 | AE27: =M27-J27 -> -75.263158 | AF27: =M27/J27 -> 0.96236842
A28: 新豐7線 | B28: 微波主食 | C28: 爆炒雞丁飯 | E28: 59.04 | F28: 4544 | G28: =E28*F28 -> 268277.76 | I28: 19 | J28: 2000 | K28: =J28/I28 -> 105.26316 | L28: 19 | M28: =F28/V28*60 -> 1906.5734 | N28: =M28/L28 -> 100.34597 | O28: =L28-I28 -> 0 | P28: =N28-K28 -> -4.9171881 | Q28: =N28/K28 -> 0.95328671 | S28: 0.49236111 | T28: 0.59166667 | U28: =IF(S28=TIME(17,0,0),"",(S28-T27)*24*60) -> 56 | V28: =(T28-S28)*24*60 -> 143 | AE28: =M28-J28 -> -93.426573 | AF28: =M28/J28 -> 0.95328671
A29: 新豐7線 | B29: 微波主食 | C29: 二配川味麻婆燒豆腐燴飯 | E29: 50.49 | F29: 2061 | G29: =E29*F29 -> 104059.89 | I29: 15 | J29: 2000 | K29: =J29/I29 -> 133.33333 | L29: 15 | M29: =F29/V29*60 -> 1902.4615 | N29: =M29/L29 -> 126.83077 | O29: =L29-I29 -> 0 | P29: =N29-K29 -> -6.5025641 | Q29: =N29/K29 -> 0.95123077 | S29: 0.70833333 | T29: 0.75347222 | U29: =IF(S29=TIME(17,0,0),"",(S29-T28)*24*60) | V29: =(T29-S29)*24*60 -> 65 | AE29: =M29-J29 -> -97.538462 | AF29: =M29/J29 -> 0.95123077
A30: 新豐7線 | B30: 微波主食 | C30: 二配金咖哩濃厚辛口咖哩飯 | E30: 50.98 | F30: 2460 | G30: =E30*F30 -> 125410.8 | I30: 16 | J30: 2000 | K30: =J30/I30 -> 125 | L30: 16 | M30: =F30/V30*60 -> 1916.8831 | N30: =M30/L30 -> 119.80519 | O30: =L30-I30 -> 0 | P30: =N30-K30 -> -5.1948052 | Q30: =N30/K30 -> 0.95844156 | S30: 0.75763889 | T30: 0.81111111 | U30: =IF(S30=TIME(17,0,0),"",(S30-T29)*24*60) -> 6 | V30: =(T30-S30)*24*60 -> 77 | AE30: =M30-J30 -> -83.116883 | AF30: =M30/J30 -> 0.95844156
A31: 新豐7線 | B31: 微波主食 | C31: 二配泰式綠咖哩雞 | E31: 50.67 | F31: 799 | G31: =E31*F31 -> 40485.33 | I31: 15 | J31: 2000 | K31: =J31/I31 -> 133.33333 | L31: 15 | M31: =F31/V31*60 -> 1917.6 | N31: =M31/L31 -> 127.84 | O31: =L31-I31 -> 0 | P31: =N31-K31 -> -5.4933333 | Q31: =N31/K31 -> 0.9588 | S31: 0.81527778 | T31: 0.83263889 | U31: =IF(S31=TIME(17,0,0),"",(S31-T30)*24*60) -> 6 | V31: =(T31-S31)*24*60 -> 25 | AE31: =M31-J31 -> -82.4 | AF31: =M31/J31 -> 0.9588
A32: 新豐7線 | B32: 平均 | I32: 16.428571 | J32: 2000 | K32: =J32/I32 -> 121.73913 | L32: 16.428571 | M32: =AVERAGE(M25:M31) -> 1911.0024 | N32: =M32/L32 -> 116.32189 | O32: =L32-I32 -> 0 | P32: =N32-K32 -> -5.417245 | Q32: =N32/K32 -> 0.9555012 | Y32: =SUM(Y25:Y31) -> 0 | Z32: =SUM(Z25:Z31) -> 0 | AC32: 7 | AD32: =SUM(AD25:AD31) -> 0 | AE32: =M32-J32 -> -88.997596 | AF32: =M32/J32 -> 0.9555012
A33: 新豐8線 | B33: 三明治 | C33: 紐奧良風味烤雞鮮蔬三明治 | E33: 31.29 | F33: 5900 | G33: =E33*F33 -> 184611 | H33: 2 | I33: 18 | J33: 2400 | K33: =J33/I33 -> 133.33333 | L33: 18 | M33: =F33/V33*60 -> 2298.7013 | N33: =M33/L33 -> 127.70563 | O33: =L33-I33 -> 0 | P33: =N33-K33 -> -5.6277056 | Q33: =N33/K33 -> 0.95779221 | R33: =Q39 -> 0.95539878 | S33: 0.083333333 | T33: 0.19027778 | V33: =(T33-S33)*24*60 -> 154 | W33: =T33 -> 0.19027778 | X33: =S34 -> 0.20972222 | AC33: 6 | AE33: =M33-J33 -> -101.2987 | AF33: =M33/J33 -> 0.95779221 | AG33: =AF39 -> 0.95539878
A34: 新豐8線 | B34: 三明治 | C34: 經典總匯三明治 | E34: 26.2 | F34: 5000 | G34: =E34*F34 -> 131000 | H34: 2 | I34: 20 | J34: 2400 | K34: =J34/I34 -> 120 | L34: 20 | M34: =F34/V34*60 -> 2290.0763 | N34: =M34/L34 -> 114.50382 | O34: =L34-I34 -> 0 | P34: =N34-K34 -> -5.4961832 | Q34: =N34/K34 -> 0.95419847 | S34: 0.20972222 | T34: 0.30069444 | U34: =(S34-T33)*24*60 -> 28 | V34: =(T34-S34)*24*60 -> 131 | AE34: =M34-J34 -> -109.92366 | AF34: =M34/J34 -> 0.95419847
A35: 新豐8線 | B35: 三明治 | C35: 醬燒烤雞三明治(115年) | E35: 26.37 | F35: 6300 | G35: =E35*F35 -> 166131 | H35: 2 | I35: 19 | J35: 2400 | K35: =J35/I35 -> 126.31579 | L35: 19 | M35: =F35/V35*60 -> 2290.9091 | N35: =M35/L35 -> 120.57416 | O35: =L35-I35 -> 0 | P35: =N35-K35 -> -5.7416268 | Q35: =N35/K35 -> 0.95454545 | S35: 0.30555556 | T35: 0.42013889 | U35: =(S35-T34)*24*60 -> 7 | V35: =(T35-S35)*24*60 -> 165 | AE35: =M35-J35 -> -109.09091 | AF35: =M35/J35 -> 0.95454545
A36: 新豐8線 | B36: 三明治 | C36: 香鬆起司蛋三明治(114年) | E36: 20.2 | F36: 2916 | G36: =E36*F36 -> 58903.2 | I36: 15 | J36: 2400 | K36: =J36/I36 -> 160 | L36: 15 | M36: =F36/V36*60 -> 2302.1053 | N36: =M36/L36 -> 153.47368 | O36: =L36-I36 -> 0 | P36: =N36-K36 -> -6.5263158 | Q36: =N36/K36 -> 0.95921053 | S36: 0.42569444 | T36: 0.47847222 | U36: =(S36-T35)*24*60 -> 8 | V36: =(T36-S36)*24*60 -> 76 | W36: =T36 -> 0.47847222 | X36: =S37 -> 0.51944444 | AE36: =M36-J36 -> -97.894737 | AF36: =M36/J36 -> 0.95921053
A37: 新豐8線 | B37: 三明治 | C37: 紐奧良風味烤雞鮮蔬三明治 | E37: 31.29 | F37: 7735 | G37: =E37*F37 -> 242028.15 | I37: 18 | J37: 2400 | K37: =J37/I37 -> 133.33333 | L37: 18 | M37: =F37/V37*60 -> 2286.2069 | N37: =M37/L37 -> 127.01149 | O37: =L37-I37 -> 0 | P37: =N37-K37 -> -6.3218391 | Q37: =N37/K37 -> 0.95258621 | S37: 0.51944444 | T37: 0.66041667 | U37: =(S37-T36)*24*60 -> 59 | V37: =(T37-S37)*24*60 -> 203 | AE37: =M37-J37 -> -113.7931 | AF37: =M37/J37 -> 0.95258621
A38: 新豐8線 | B38: 三明治 | C38: 醬燒烤雞三明治(115年) | E38: 26.37 | F38: 4465 | G38: =E38*F38 -> 117742.05 | I38: 19 | J38: 2400 | K38: =J38/I38 -> 126.31579 | L38: 19 | M38: =F38/V38*60 -> 2289.7436 | N38: =M38/L38 -> 120.51282 | O38: =L38-I38 -> 0 | P38: =N38-K38 -> -5.802969 | Q38: =N38/K38 -> 0.95405983 | S38: 0.66597222 | T38: 0.74722222 | U38: =(S38-T37)*24*60 -> 8 | V38: =(T38-S38)*24*60 -> 117 | AE38: =M38-J38 -> -110.25641 | AF38: =M38/J38 -> 0.95405983
A39: 新豐8線 | B39: 平均 | I39: 18.166667 | J39: 2400 | K39: =J39/I39 -> 132.11009 | L39: 18.166667 | M39: =AVERAGE(M33:M38) -> 2292.9571 | N39: =M39/L39 -> 126.21782 | O39: =L39-I39 -> 0 | P39: =N39-K39 -> -5.8922709 | Q39: =N39/K39 -> 0.95539878 | Y39: =SUM(Y33:Y38) -> 0 | Z39: =SUM(Z33:Z38) -> 0 | AC39: 6 | AD39: =SUM(AD33:AD38) -> 0 | AE39: =M39-J39 -> -107.04292 | AF39: =M39/J39 -> 0.95539878
A40: 新豐9線 | B40: 三明治 | C40: 肉鬆火腿三明治(115年) | E40: 20.36 | F40: 10613 | G40: =E40*F40 -> 216080.68 | I40: 18 | J40: 2400 | K40: =J40/I40 -> 133.33333 | L40: 18 | M40: =F40/V40*60 -> 2282.3656 | N40: =M40/L40 -> 126.79809 | O40: =L40-I40 -> 0 | P40: =N40-K40 -> -6.5352449 | Q40: =N40/K40 -> 0.95098566 | R40: =Q45 -> 0.95263756 | S40: 0.083333333 | T40: 0.27708333 | V40: =(T40-S40)*24*60 -> 279 | W40: =T40 -> 0.27708333 | X40: =S41 -> 0.29722222 | AC40: 5 | AE40: =M40-J40 -> -117.63441 | AF40: =M40/J40 -> 0.95098566 | AG40: =AF45 -> 0.95263756
A41: 新豐9線 | B41: 三明治 | C41: 好多菜三明治(114年) | E41: 25.98 | F41: 3980 | G41: =E41*F41 -> 103400.4 | I41: 21 | J41: 2400 | K41: =J41/I41 -> 114.28571 | L41: 21 | M41: =F41/V41*60 -> 2296.1538 | N41: =M41/L41 -> 109.34066 | O41: =L41-I41 -> 0 | P41: =N41-K41 -> -4.9450549 | Q41: =N41/K41 -> 0.95673077 | S41: 0.29722222 | T41: 0.36944444 | U41: =(S41-T40)*24*60 -> 29 | V41: =(T41-S41)*24*60 -> 104 | AE41: =M41-J41 -> -103.84615 | AF41: =M41/J41 -> 0.95673077
A42: 新豐9線 | B42: 三明治 | C42: 好多蛋三明治 | E42: 34.1 | F42: 4700 | G42: =E42*F42 -> 160270 | H42: 2 | I42: 17 | J42: 1600 | K42: =J42/I42 -> 94.117647 | L42: 17 | M42: =F42/V42*60 -> 1524.3243 | N42: =M42/L42 -> 89.666137 | O42: =L42-I42 -> 0 | P42: =N42-K42 -> -4.4515103 | Q42: =N42/K42 -> 0.9527027 | S42: 0.375 | T42: 0.50347222 | U42: =(S42-T41)*24*60 -> 8 | V42: =(T42-S42)*24*60 -> 185 | W42: =T42 -> 0.50347222 | X42: =S43 -> 0.54375 | AE42: =M42-J42 -> -75.675676 | AF42: =M42/J42 -> 0.9527027
A43: 新豐9線 | B43: 三明治 | C43: 好多蛋三明治 | E43: 34.1 | F43: 6058 | G43: =E43*F43 -> 206577.8 | I43: 17 | J43: 1600 | K43: =J43/I43 -> 94.117647 | L43: 17 | M43: =F43/V43*60 -> 1520.8368 | N43: =M43/L43 -> 89.460989 | O43: =L43-I43 -> 0 | P43: =N43-K43 -> -4.6566576 | Q43: =N43/K43 -> 0.95052301 | S43: 0.54375 | T43: 0.70972222 | U43: =(S43-T42)*24*60 -> 58 | V43: =(T43-S43)*24*60 -> 239 | AE43: =M43-J43 -> -79.16318 | AF43: =M43/J43 -> 0.95052301
A44: 新豐9線 | B44: 三明治 | C44: 經典總匯三明治 | E44: 26.2 | F44: 2436 | G44: =E44*F44 -> 63823.2 | I44: 20 | J44: 2400 | K44: =J44/I44 -> 120 | L44: 20 | M44: =F44/V44*60 -> 2283.75 | N44: =M44/L44 -> 114.1875 | O44: =L44-I44 -> 0 | P44: =N44-K44 -> -5.8125 | Q44: =N44/K44 -> 0.9515625 | S44: 0.71319444 | T44: 0.75763889 | U44: =(S44-T43)*24*60 -> 5 | V44: =(T44-S44)*24*60 -> 64 | AE44: =M44-J44 -> -116.25 | AF44: =M44/J44 -> 0.9515625
A45: 新豐9線 | B45: 平均 | I45: 18.6 | J45: 2080 | K45: =J45/I45 -> 111.82796 | L45: 18.6 | M45: =AVERAGE(M40:M44) -> 1981.4861 | N45: =M45/L45 -> 106.53151 | O45: =L45-I45 -> 0 | P45: =N45-K45 -> -5.2964454 | Q45: =N45/K45 -> 0.95263756 | Y45: =SUM(Y40:Y44) -> 0 | Z45: =SUM(Z40:Z44) -> 0 | AC45: 5 | AD45: =SUM(AD40:AD44) -> 0 | AE45: =M45-J45 -> -98.513884 | AF45: =M45/J45 -> 0.95263756
A46: 新豐3線 | B46: 調理麵包 | C46: 黑胡椒豬肉鐵板炒麵麵包 | E46: 37.88 | F46: 4200 | G46: =E46*F46 -> 159096 | H46: 2 | I46: 13 | J46: 2000 | K46: =J46/I46 -> 153.84615 | L46: 13 | M46: =F46/V46*60 -> 1909.0909 | N46: =M46/L46 -> 146.85315 | O46: =L46-I46 -> 0 | P46: =N46-K46 -> -6.993007 | Q46: =N46/K46 -> 0.95454545 | R46: =Q51 -> 0.95517665 | S46: 0.083333333 | T46: 0.175 | V46: =(T46-S46)*24*60 -> 132 | W46: =T46 -> 0.175 | X46: =S47 -> 0.19305556 | AC46: 5 | AE46: =M46-J46 -> -90.909091 | AF46: =M46/J46 -> 0.95454545 | AG46: =AF51 -> 0.95517665
A47: 新豐3線 | B47: 調理麵包 | C47: 經典雙牛起司堡(113年) | E47: 35.12 | F47: 5886 | G47: =E47*F47 -> 206716.32 | I47: 10 | J47: 3000 | K47: =J47/I47 -> 300 | L47: 10 | M47: =F47/V47*60 -> 2871.2195 | N47: =M47/L47 -> 287.12195 | O47: =L47-I47 -> 0 | P47: =N47-K47 -> -12.878049 | Q47: =N47/K47 -> 0.95707317 | S47: 0.19305556 | T47: 0.27847222 | U47: =(S47-T46)*24*60 -> 26 | V47: =(T47-S47)*24*60 -> 123 | AE47: =M47-J47 -> -128.78049 | AF47: =M47/J47 -> 0.95707317
A48: 新豐3線 | B48: 調理麵包 | C48: 豬肉起司堡 | E48: 21.13 | F48: 5858 | G48: =E48*F48 -> 123779.54 | I48: 10 | J48: 3000 | K48: =J48/I48 -> 300 | L48: 10 | M48: =F48/V48*60 -> 2857.561 | N48: =M48/L48 -> 285.7561 | O48: =L48-I48 -> 0 | P48: =N48-K48 -> -14.243902 | Q48: =N48/K48 -> 0.95252033 | S48: 0.28402778 | T48: 0.36944444 | U48: =(S48-T47)*24*60 -> 8 | V48: =(T48-S48)*24*60 -> 123 | AE48: =M48-J48 -> -142.43902 | AF48: =M48/J48 -> 0.95252033
A49: 新豐3線 | B49: 調理麵包 | C49: 豬肉起司蛋堡 | E49: 27.17 | F49: 7699 | G49: =E49*F49 -> 209181.83 | I49: 10 | J49: 3000 | K49: =J49/I49 -> 300 | L49: 10 | M49: =F49/V49*60 -> 2869.1925 | N49: =M49/L49 -> 286.91925 | O49: =L49-I49 -> 0 | P49: =N49-K49 -> -13.080745 | Q49: =N49/K49 -> 0.95639752 | S49: 0.37430556 | T49: 0.48611111 | U49: =(S49-T48)*24*60 -> 7 | V49: =(T49-S49)*24*60 -> 161 | W49: =T49 -> 0.48611111 | X49: =S50 -> 0.52638889 | AE49: =M49-J49 -> -130.80745 | AF49: =M49/J49 -> 0.95639752
A50: 新豐3線 | B50: 調理麵包 | C50: 黑胡椒豬肉鐵板炒麵麵包 | E50: 37.88 | F50: 5476 | G50: =E50*F50 -> 207430.88 | I50: 13 | J50: 2000 | K50: =J50/I50 -> 153.84615 | L50: 13 | M50: =F50/V50*60 -> 1910.2326 | N50: =M50/L50 -> 146.94097 | O50: =L50-I50 -> 0 | P50: =N50-K50 -> -6.9051878 | Q50: =N50/K50 -> 0.95511628 | S50: 0.52638889 | T50: 0.64583333 | U50: =(S50-T49)*24*60 -> 58 | V50: =(T50-S50)*24*60 -> 172 | AE50: =M50-J50 -> -89.767442 | AF50: =M50/J50 -> 0.95511628
A51: 新豐3線 | B51: 平均 | I51: 11.2 | J51: 2600 | K51: =J51/I51 -> 232.14286 | L51: 11.2 | M51: =AVERAGE(M46:M50) -> 2483.4593 | N51: =M51/L51 -> 221.73744 | O51: =L51-I51 -> 0 | P51: =N51-K51 -> -10.40542 | Q51: =N51/K51 -> 0.95517665 | Y51: =SUM(Y46:Y50) -> 0 | Z51: =SUM(Z46:Z50) -> 0 | AC51: 5 | AD51: =SUM(AD46:AD50) -> 0 | AE51: =M51-J51 -> -116.5407 | AF51: =M51/J51 -> 0.95517665
A52: 新豐1線 | B52: 沙拉 | C52: 莎莎烤雞麵沙拉 | E52: 46 | F52: 2643 | G52: =E52*F52 -> 121578 | I52: 17 | J52: 2000 | K52: =J52/I52 -> 117.64706 | L52: 17 | M52: =F52/V52*60 -> 1910.6024 | N52: =M52/L52 -> 112.38838 | O52: =L52-I52 -> 0 | P52: =N52-K52 -> -5.2586818 | Q52: =N52/K52 -> 0.9553012 | R52: =Q61 -> 0.96183042 | S52: 0.20833333 | T52: 0.26597222 | V52: =(T52-S52)*24*60 -> 83 | AC52: 9 | AE52: =M52-J52 -> -89.39759 | AF52: =M52/J52 -> 0.9553012 | AG52: =AF61 -> 0.96183042
A53: 新豐1線 | B53: 微波主食 | C53: 壹號醬雞豚雙拼 | E53: 56.43 | F53: 1613 | G53: =E53*F53 -> 91021.59 | I53: 22 | J53: 2000 | K53: =J53/I53 -> 90.909091 | L53: 22 | M53: =F53/V53*60 -> 1935.6 | N53: =M53/L53 -> 87.981818 | O53: =L53-I53 -> 0 | P53: =N53-K53 -> -2.9272727 | Q53: =N53/K53 -> 0.9678 | S53: 0.27083333 | T53: 0.30555556 | U53: =IF(S53=TIME(17,0,0),"",(S53-T52)*24*60) -> 7 | V53: =(T53-S53)*24*60 -> 50 | AE53: =M53-J53 -> -64.4 | AF53: =M53/J53 -> 0.9678
A54: 新豐1線 | B54: 微波主食 | C54: 好多蒜燒豚飯 | E54: 51.75 | F54: 985 | G54: =E54*F54 -> 50973.75 | I54: 25 | J54: 2000 | K54: =J54/I54 -> 80 | L54: 25 | M54: =F54/V54*60 -> 1906.4516 | N54: =M54/L54 -> 76.258065 | O54: =L54-I54 -> 0 | P54: =N54-K54 -> -3.7419355 | Q54: =N54/K54 -> 0.95322581 | S54: 0.30972222 | T54: 0.33125 | U54: =IF(S54=TIME(17,0,0),"",(S54-T53)*24*60) -> 6 | V54: =(T54-S54)*24*60 -> 31 | AE54: =M54-J54 -> -93.548387 | AF54: =M54/J54 -> 0.95322581
A55: 新豐1線 | B55: 微波主食 | C55: 極上炙烤親子丼 | E55: 53.68 | F55: 1295 | G55: =E55*F55 -> 69515.6 | I55: 16 | J55: 2000 | K55: =J55/I55 -> 125 | L55: 16 | M55: =F55/V55*60 -> 1942.5 | N55: =M55/L55 -> 121.40625 | O55: =L55-I55 -> 0 | P55: =N55-K55 -> -3.59375 | Q55: =N55/K55 -> 0.97125 | S55: 0.33472222 | T55: 0.3625 | U55: =IF(S55=TIME(17,0,0),"",(S55-T54)*24*60) -> 5 | V55: =(T55-S55)*24*60 -> 40 | AE55: =M55-J55 -> -57.5 | AF55: =M55/J55 -> 0.97125
A56: 新豐1線 | B56: 微波主食 | C56: 韓式燒肉拌飯 | E56: 54.09 | F56: 3000 | G56: =E56*F56 -> 162270 | H56: 2 | I56: 17 | J56: 1500 | K56: =J56/I56 -> 88.235294 | L56: 17 | M56: =F56/V56*60 -> 1440 | N56: =M56/L56 -> 84.705882 | O56: =L56-I56 -> 0 | P56: =N56-K56 -> -3.5294118 | Q56: =N56/K56 -> 0.96 | S56: 0.36666667 | T56: 0.45347222 | U56: =IF(S56=TIME(17,0,0),"",(S56-T55)*24*60) -> 6 | V56: =(T56-S56)*24*60 -> 125 | W56: =T56 -> 0.45347222 | X56: =S57 -> 0.49444444 | AE56: =M56-J56 -> -60 | AF56: =M56/J56 -> 0.96
A57: 新豐1線 | B57: 微波主食 | C57: 韓式燒肉拌飯 | E57: 54.09 | F57: 2452 | G57: =E57*F57 -> 132628.68 | I57: 17 | J57: 1500 | K57: =J57/I57 -> 88.235294 | L57: 17 | M57: =F57/V57*60 -> 1428.3495 | N57: =M57/L57 -> 84.02056 | O57: =L57-I57 -> 0 | P57: =N57-K57 -> -4.2147344 | Q57: =N57/K57 -> 0.95223301 | S57: 0.49444444 | T57: 0.56597222 | U57: =IF(S57=TIME(17,0,0),"",(S57-T56)*24*60) -> 59 | V57: =(T57-S57)*24*60 -> 103 | AE57: =M57-J57 -> -71.650485 | AF57: =M57/J57 -> 0.95223301
A58: 新豐1線 | B58: 微波主食 | C58: 二配香拌海鮮醬肉絲蛋炒飯 | E58: 55.32 | F58: 1529 | G58: =E58*F58 -> 84584.28 | I58: 15 | J58: 2000 | K58: =J58/I58 -> 133.33333 | L58: 15 | M58: =F58/V58*60 -> 1911.25 | N58: =M58/L58 -> 127.41667 | O58: =L58-I58 -> 0 | P58: =N58-K58 -> -5.9166667 | Q58: =N58/K58 -> 0.955625 | S58: 0.70833333 | T58: 0.74166667 | U58: =IF(S58=TIME(17,0,0),"",(S58-T57)*24*60) | V58: =(T58-S58)*24*60 -> 48 | AE58: =M58-J58 -> -88.75 | AF58: =M58/J58 -> 0.955625
A59: 新豐1線 | B59: 微波主食 | C59: 二配香辣醬蒜味香腸蛋炒飯 | E59: 55.56 | F59: 2110 | G59: =E59*F59 -> 117231.6 | I59: 17 | J59: 2000 | K59: =J59/I59 -> 117.64706 | L59: 17 | M59: =F59/V59*60 -> 1918.1818 | N59: =M59/L59 -> 112.83422 | O59: =L59-I59 -> 0 | P59: =N59-K59 -> -4.8128342 | Q59: =N59/K59 -> 0.95909091 | S59: 0.74583333 | T59: 0.79166667 | U59: =IF(S59=TIME(17,0,0),"",(S59-T58)*24*60) -> 6 | V59: =(T59-S59)*24*60 -> 66 | AE59: =M59-J59 -> -81.818182 | AF59: =M59/J59 -> 0.95909091
A60: 新豐1線 | B60: 微波主食 | C60: 二配鮭魚蛋炒飯 | E60: 54.29 | F60: 1077 | G60: =E60*F60 -> 58470.33 | I60: 20 | J60: 2000 | K60: =J60/I60 -> 100 | L60: 20 | M60: =F60/V60*60 -> 1958.1818 | N60: =M60/L60 -> 97.909091 | O60: =L60-I60 -> 0 | P60: =N60-K60 -> -2.0909091 | Q60: =N60/K60 -> 0.97909091 | S60: 0.79652778 | T60: 0.81944444 | U60: =IF(S60=TIME(17,0,0),"",(S60-T59)*24*60) -> 7 | V60: =(T60-S60)*24*60 -> 33 | AE60: =M60-J60 -> -41.818182 | AF60: =M60/J60 -> 0.97909091
A61: 新豐1線 | B61: 平均 | I61: 18.444444 | J61: 1888.8889 | K61: =J61/I61 -> 102.40964 | L61: 18.444444 | M61: =AVERAGE(M52:M60) -> 1816.7908 | N61: =M61/L61 -> 98.500706 | O61: =L61-I61 -> 0 | P61: =N61-K61 -> -3.9089327 | Q61: =N61/K61 -> 0.96183042 | Y61: =SUM(Y52:Y60) -> 0 | Z61: =SUM(Z52:Z60) -> 0 | AC61: 9 | AD61: =SUM(AD52:AD60) -> 0 | AE61: =M61-J61 -> -72.098092 | AF61: =M61/J61 -> 0.96183042
A62: 新豐10線 | B62: 調理麵包 | C62: 厚豆腐蛋白蕈菇豬肉堡 | E62: 34.36 | F62: 2451 | G62: =E62*F62 -> 84216.36 | I62: 10 | J62: 3000 | K62: =J62/I62 -> 300 | L62: 10 | M62: =F62/V62*60 -> 2883.5294 | N62: =M62/L62 -> 288.35294 | O62: =L62-I62 -> 0 | P62: =N62-K62 -> -11.647059 | Q62: =N62/K62 -> 0.96117647 | R62: =Q68 -> 0.96348273 | S62: 0.20833333 | T62: 0.24375 | V62: =(T62-S62)*24*60 -> 51 | AC62: 6 | AE62: =M62-J62 -> -116.47059 | AF62: =M62/J62 -> 0.96117647 | AG62: =AF68 -> 0.96348273
A63: 新豐10線 | B63: 調理麵包 | C63: 茄汁薯餅蛋堡 | E63: 34.36 | F63: 1367 | G63: =E63*F63 -> 46970.12 | I63: 10 | J63: 3000 | K63: =J63/I63 -> 300 | L63: 10 | M63: =F63/V63*60 -> 2929.2857 | N63: =M63/L63 -> 292.92857 | O63: =L63-I63 -> 0 | P63: =N63-K63 -> -7.0714286 | Q63: =N63/K63 -> 0.97642857 | S63: 0.24791667 | T63: 0.26736111 | U63: =(S63-T62)*24*60 -> 6 | V63: =(T63-S63)*24*60 -> 28 | AE63: =M63-J63 -> -70.714286 | AF63: =M63/J63 -> 0.97642857
A64: 新豐10線 | B64: 調理麵包 | C64: 香雞蛋堡(112年) | E64: 26.78 | F64: 2560 | G64: =E64*F64 -> 68556.8 | I64: 10 | J64: 3000 | K64: =J64/I64 -> 300 | L64: 10 | M64: =F64/V64*60 -> 2898.1132 | N64: =M64/L64 -> 289.81132 | O64: =L64-I64 -> 0 | P64: =N64-K64 -> -10.188679 | Q64: =N64/K64 -> 0.96603774 | S64: 0.27083333 | T64: 0.30763889 | U64: =(S64-T63)*24*60 -> 5 | V64: =(T64-S64)*24*60 -> 53 | AE64: =M64-J64 -> -101.88679 | AF64: =M64/J64 -> 0.96603774
A65: 新豐10線 | B65: 調理麵包 | C65: 魔王愛吃辣雞堡 | E65: 37.88 | F65: 2054 | G65: =E65*F65 -> 77805.52 | I65: 10 | J65: 3000 | K65: =J65/I65 -> 300 | L65: 10 | M65: =F65/V65*60 -> 2866.0465 | N65: =M65/L65 -> 286.60465 | O65: =L65-I65 -> 0 | P65: =N65-K65 -> -13.395349 | Q65: =N65/K65 -> 0.95534884 | S65: 0.31319444 | T65: 0.34305556 | U65: =(S65-T64)*24*60 -> 8 | V65: =(T65-S65)*24*60 -> 43 | AE65: =M65-J65 -> -133.95349 | AF65: =M65/J65 -> 0.95534884
A66: 新豐10線 | B66: 調理麵包 | C66: 美式雞腿堡 | E66: 35.87 | F66: 4026 | G66: =E66*F66 -> 144412.62 | I66: 9 | J66: 3000 | K66: =J66/I66 -> 333.33333 | L66: 9 | M66: =F66/V66*60 -> 2875.7143 | N66: =M66/L66 -> 319.52381 | O66: =L66-I66 -> 0 | P66: =N66-K66 -> -13.809524 | Q66: =N66/K66 -> 0.95857143 | S66: 0.34861111 | T66: 0.40694444 | U66: =(S66-T65)*24*60 -> 8 | V66: =(T66-S66)*24*60 -> 84 | AE66: =M66-J66 -> -124.28571 | AF66: =M66/J66 -> 0.95857143
A67: 新豐10線 | B67: 調理麵包 | C67: 黃金魚堡(114年) | E67: 34.35 | F67: 2601 | G67: =E67*F67 -> 89344.35 | I67: 8 | J67: 3000 | K67: =J67/I67 -> 375 | L67: 8 | M67: =F67/V67*60 -> 2890 | N67: =M67/L67 -> 361.25 | O67: =L67-I67 -> 0 | P67: =N67-K67 -> -13.75 | Q67: =N67/K67 -> 0.96333333 | S67: 0.41111111 | T67: 0.44861111 | U67: =(S67-T66)*24*60 -> 6 | V67: =(T67-S67)*24*60 -> 54 | AE67: =M67-J67 -> -110 | AF67: =M67/J67 -> 0.96333333
A68: 新豐10線 | B68: 平均 | I68: 9.5 | J68: 3000 | K68: =J68/I68 -> 315.78947 | L68: 9.5 | M68: =AVERAGE(M62:M67) -> 2890.4482 | N68: =M68/L68 -> 304.2577 | O68: =L68-I68 -> 0 | P68: =N68-K68 -> -11.53177 | Q68: =N68/K68 -> 0.96348273 | Y68: =SUM(Y62:Y67) -> 0 | Z68: =SUM(Z62:Z67) -> 0 | AC68: 6 | AD68: =SUM(AD62:AD67) -> 0 | AE68: =M68-J68 -> -109.55181 | AF68: =M68/J68 -> 0.96348273
A69: 新豐4線 | B69: 三明治 | C69: 火腿起司蛋三明治 | E69: 19.02 | F69: 5600 | G69: =E69*F69 -> 106512 | H69: 2 | I69: 14 | J69: 2400 | K69: =J69/I69 -> 171.42857 | L69: 14 | M69: =F69/V69*60 -> 2285.7143 | N69: =M69/L69 -> 163.26531 | O69: =L69-I69 -> 0 | P69: =N69-K69 -> -8.1632653 | Q69: =N69/K69 -> 0.95238095 | R69: =Q76 -> 0.95660124 | S69: 0.083333333 | T69: 0.18541667 | V69: =(T69-S69)*24*60 -> 147 | W69: =T69 -> 0.18541667 | X69: =S70 -> 0.20625 | AC69: 7 | AE69: =M69-J69 -> -114.28571 | AF69: =M69/J69 -> 0.95238095 | AG69: =AF76 -> 0.95660124
A70: 新豐4線 | B70: 三明治 | C70: 輕乳酪巧克力三明治 | E70: 20.52 | F70: 3832 | G70: =E70*F70 -> 78632.64 | I70: 18 | J70: 2400 | K70: =J70/I70 -> 133.33333 | L70: 18 | M70: =F70/V70*60 -> 2299.2 | N70: =M70/L70 -> 127.73333 | O70: =L70-I70 -> 0 | P70: =N70-K70 -> -5.6 | Q70: =N70/K70 -> 0.958 | S70: 0.20625 | T70: 0.27569444 | U70: =(S70-T69)*24*60 -> 30 | V70: =(T70-S70)*24*60 -> 100 | AE70: =M70-J70 -> -100.8 | AF70: =M70/J70 -> 0.958
A71: 新豐4線 | B71: 三明治 | C71: 瘋狂起司三明治(113年) | E71: 24.45 | F71: 3407 | G71: =E71*F71 -> 83301.15 | I71: 19 | J71: 2400 | K71: =J71/I71 -> 126.31579 | L71: 19 | M71: =F71/V71*60 -> 2296.8539 | N71: =M71/L71 -> 120.88705 | O71: =L71-I71 -> 0 | P71: =N71-K71 -> -5.4287404 | Q71: =N71/K71 -> 0.95702247 | S71: 0.27916667 | T71: 0.34097222 | U71: =(S71-T70)*24*60 -> 5 | V71: =(T71-S71)*24*60 -> 89 | AE71: =M71-J71 -> -103.14607 | AF71: =M71/J71 -> 0.95702247
A72: 新豐4線 | B72: 三明治 | C72: 藍莓優格三明治 | E72: 20.21 | F72: 3826 | G72: =E72*F72 -> 77323.46 | I72: 15 | J72: 2400 | K72: =J72/I72 -> 160 | L72: 15 | M72: =F72/V72*60 -> 2295.6 | N72: =M72/L72 -> 153.04 | O72: =L72-I72 -> 0 | P72: =N72-K72 -> -6.96 | Q72: =N72/K72 -> 0.9565 | S72: 0.34652778 | T72: 0.41597222 | U72: =(S72-T71)*24*60 -> 8 | V72: =(T72-S72)*24*60 -> 100 | AE72: =M72-J72 -> -104.4 | AF72: =M72/J72 -> 0.9565
A73: 新豐4線 | B73: 三明治 | C73: 香蕉可可三明治 | E73: 22.69 | F73: 3500 | G73: =E73*F73 -> 79415 | H73: 2 | I73: 15 | J73: 2400 | K73: =J73/I73 -> 160 | L73: 15 | M73: =F73/V73*60 -> 2307.6923 | N73: =M73/L73 -> 153.84615 | O73: =L73-I73 -> 0 | P73: =N73-K73 -> -6.1538462 | Q73: =N73/K73 -> 0.96153846 | S73: 0.42083333 | T73: 0.48402778 | U73: =(S73-T72)*24*60 -> 7 | V73: =(T73-S73)*24*60 -> 91 | W73: =T73 -> 0.48402778 | X73: =S74 -> 0.52430556 | AE73: =M73-J73 -> -92.307692 | AF73: =M73/J73 -> 0.96153846
A74: 新豐4線 | B74: 三明治 | C74: 火腿起司蛋三明治 | E74: 19.02 | F74: 8154 | G74: =E74*F74 -> 155089.08 | I74: 14 | J74: 2400 | K74: =J74/I74 -> 171.42857 | L74: 14 | M74: =F74/V74*60 -> 2286.1682 | N74: =M74/L74 -> 163.29773 | O74: =L74-I74 -> 0 | P74: =N74-K74 -> -8.1308411 | Q74: =N74/K74 -> 0.95257009 | S74: 0.52430556 | T74: 0.67291667 | U74: =(S74-T73)*24*60 -> 58 | V74: =(T74-S74)*24*60 -> 214 | AE74: =M74-J74 -> -113.83178 | AF74: =M74/J74 -> 0.95257009
A75: 新豐4線 | B75: 三明治 | C75: 香蕉可可三明治 | E75: 22.69 | F75: 2338 | G75: =E75*F75 -> 53049.22 | I75: 15 | J75: 2400 | K75: =J75/I75 -> 160 | L75: 15 | M75: =F75/V75*60 -> 2299.6721 | N75: =M75/L75 -> 153.31148 | O75: =L75-I75 -> 0 | P75: =N75-K75 -> -6.6885246 | Q75: =N75/K75 -> 0.95819672 | S75: 0.67777778 | T75: 0.72013889 | U75: =(S75-T74)*24*60 -> 7 | V75: =(T75-S75)*24*60 -> 61 | AE75: =M75-J75 -> -100.32787 | AF75: =M75/J75 -> 0.95819672
A76: 新豐4線 | B76: 平均 | I76: 15.714286 | J76: 2400 | K76: =J76/I76 -> 152.72727 | L76: 15.714286 | M76: =AVERAGE(M69:M75) -> 2295.843 | N76: =M76/L76 -> 146.0991 | O76: =L76-I76 -> 0 | P76: =N76-K76 -> -6.6281738 | Q76: =N76/K76 -> 0.95660124 | Y76: =SUM(Y69:Y75) -> 0 | Z76: =SUM(Z69:Z75) -> 0 | AC76: 7 | AD76: =SUM(AD69:AD75) -> 0 | AE76: =M76-J76 -> -104.15702 | AF76: =M76/J76 -> 0.95660124

Sheet 0427
B1: 屏榮 新豐廠組合室生產人時性分析
B3: 日期 | C3: =TEXT('0427 4度C'!A2,"yyyy.mm.ddaaaa") -> 2026.04.27星期一 | E3: 訂單量 | F3: ='0427 4度C'!D1 -> 164039 | H3: 營業額 | I3: ='0427 4度C'!F1 -> 5509537.7
B4: 人時性 | C4: 項目 | E4: ➀ | G4: ➁ | I4: ➂ | K4: 異常停線 | M4: 短暫停線
C5: 組合室 | E5: 全溫層 | G5: 4度C-各編組展開 | I5: ③三明治-各編組展開 | K5: 合計次數 | L5: 時間 | M5: 合計次數 | N5: 設備次數
C6: 排關平均 | E6: =AVERAGE(D13:M13) -> 156.3541 | F6: =AVERAGE(D31:O31,D13:J13) -> 161.53911 | G6: =AVERAGE(D13:J13) -> 161.53911 | I6: =AVERAGE(K13:M13) -> 144.25574 | K6: ='0427 4度C'!Y2 -> 0 | L6: ='0427 4度C'!Z2 -> 0 | M6: ='0427 4度C'!AC2 -> 51 | N6: ='0427 4度C'!AD2 -> 0
C7: 實績平均 | E7: =AVERAGE(D14:M14) -> 149.97635 | F7: =AVERAGE(D32:O32,D14:J14) -> 155.07596 | G7: =AVERAGE(D14:J14) -> 155.07596 | I7: =AVERAGE(K14:M14) -> 138.07726
C8: 達成率平均 | E8: =AVERAGE(D15:M15) -> 0.9590535 | F8: =AVERAGE(D15:J15,D33:O33) -> 0.95987931 | G8: =AVERAGE(D15:J15) -> 0.95987931 | I8: =AVERAGE(K15:M15) -> 0.9571266
K9: ※現行日本鮮食廠以達成率80%為基本(即為現行KPI)
B10: 溫層 | D10: ➁4度C-各編組展開 | K10: ③三明治-各編組展開
B11: 編組 | D11: 1 | E11: 2 | F11: 3 | G11: 4 | H11: 5 | I11: 6 | J11: 7 | K11: 1 | L11: 2 | M11: 3
D12: 新豐6線 | E12: 新豐2線 | F12: 新豐5線 | G12: 新豐7線 | H12: 新豐3線 | I12: 新豐1線 | J12: 新豐10線 | K12: 新豐8線 | L12: 新豐9線 | M12: 新豐4線
B13: 人時性 | C13: 排關 | D13: =SUMIFS('0427 4度C'!$K:$K,'0427 4度C'!$A:$A,"新豐6線",'0427 4度C'!$B:$B,"平均") -> 120.48193 | E13: =SUMIFS('0427 4度C'!$K:$K,'0427 4度C'!$A:$A,"新豐2線",'0427 4度C'!$B:$B,"平均") -> 83.333333 | F13: =SUMIFS('0427 4度C'!$K:$K,'0427 4度C'!$A:$A,"新豐5線",'0427 4度C'!$B:$B,"平均") -> 100 | G13: =SUMIFS('0427 4度C'!$K:$K,'0427 4度C'!$A:$A,"新豐7線",'0427 4度C'!$B:$B,"平均") -> 129.03226 | H13: =SUMIFS('0427 4度C'!$K:$K,'0427 4度C'!$A:$A,"新豐3線",'0427 4度C'!$B:$B,"平均") -> 315.78947 | I13: =SUMIFS('0427 4度C'!$K:$K,'0427 4度C'!$A:$A,"新豐1線",'0427 4度C'!$B:$B,"平均") -> 103.44828 | J13: =SUMIFS('0427 4度C'!$K:$K,'0427 4度C'!$A:$A,"新豐10線",'0427 4度C'!$B:$B,"平均") -> 278.68852 | K13: =SUMIFS('0427 4度C'!$K:$K,'0427 4度C'!$A:$A,"新豐8線",'0427 4度C'!$B:$B,"平均") -> 129.23077 | L13: =SUMIFS('0427 4度C'!$K:$K,'0427 4度C'!$A:$A,"新豐9線",'0427 4度C'!$B:$B,"平均") -> 147.69231 | M13: =SUMIFS('0427 4度C'!$K:$K,'0427 4度C'!$A:$A,"新豐4線",'0427 4度C'!$B:$B,"平均") -> 155.84416
C14: 實績 | D14: =SUMIFS('0427 4度C'!$N:$N,'0427 4度C'!$A:$A,"新豐6線",'0427 4度C'!$B:$B,"平均") -> 116.34416 | E14: =SUMIFS('0427 4度C'!$N:$N,'0427 4度C'!$A:$A,"新豐2線",'0427 4度C'!$B:$B,"平均") -> 79.622722 | F14: =SUMIFS('0427 4度C'!$N:$N,'0427 4度C'!$A:$A,"新豐5線",'0427 4度C'!$B:$B,"平均") -> 95.976886 | G14: =SUMIFS('0427 4度C'!$N:$N,'0427 4度C'!$A:$A,"新豐7線",'0427 4度C'!$B:$B,"平均") -> 123.62994 | H14: =SUMIFS('0427 4度C'!$N:$N,'0427 4度C'!$A:$A,"新豐3線",'0427 4度C'!$B:$B,"平均") -> 302.04639 | I14: =SUMIFS('0427 4度C'!$N:$N,'0427 4度C'!$A:$A,"新豐1線",'0427 4度C'!$B:$B,"平均") -> 99.284088 | J14: =SUMIFS('0427 4度C'!$N:$N,'0427 4度C'!$A:$A,"新豐10線",'0427 4度C'!$B:$B,"平均") -> 268.62752 | K14: =SUMIFS('0427 4度C'!$N:$N,'0427 4度C'!$A:$A,"新豐8線",'0427 4度C'!$B:$B,"平均") -> 123.65075 | L14: =SUMIFS('0427 4度C'!$N:$N,'0427 4度C'!$A:$A,"新豐9線",'0427 4度C'!$B:$B,"平均") -> 141.16782 | M14: =SUMIFS('0427 4度C'!$N:$N,'0427 4度C'!$A:$A,"新豐4線",'0427 4度C'!$B:$B,"平均") -> 149.41321
C15: 達成率 | D15: =D14/D13 -> 0.96565651 | E15: =E14/E13 -> 0.95547266 | F15: =F14/F13 -> 0.95976886 | G15: =G14/G13 -> 0.95813201 | H15: =H14/H13 -> 0.95648025 | I15: =I14/I13 -> 0.95974618 | J15: =J14/J13 -> 0.96389873 | K15: =K14/K13 -> 0.95682125 | ... M15: =M14/M13 -> 0.95873478
B16: 作業 時間 | C16: 開始 | D16: =VLOOKUP("新豐6線",'0427 4度C'!$A:$T,19,0) -> 0.70833333 | E16: =VLOOKUP("新豐2線",'0427 4度C'!$A:$T,19,0) -> 0.20833333 | F16: =VLOOKUP("新豐5線",'0427 4度C'!$A:$T,19,0) -> 0.20833333 | G16: =VLOOKUP("新豐7線",'0427 4度C'!$A:$T,19,0) -> 0.29166667 | H16: =VLOOKUP("新豐3線",'0427 4度C'!$A:$T,19,0) -> 0.083333333 | I16: =VLOOKUP("新豐1線",'0427 4度C'!$A:$T,19,0) -> 0.33333333 | J16: =VLOOKUP("新豐10線",'0427 4度C'!$A:$T,19,0) -> 0.20833333 | K16: =VLOOKUP("新豐8線",'0427 4度C'!$A:$T,19,0) -> 0.083333333 | L16: =VLOOKUP("新豐9線",'0427 4度C'!$A:$T,19,0) -> 0.083333333 | M16: =VLOOKUP("新豐4線",'0427 4度C'!$A:$T,19,0) -> 0.083333333
C17: 結束 | D17: =LOOKUP(2,1/(('0427 4度C'!$A:$A="新豐6線")*('0427 4度C'!$T:$T<>"")),'0427 4度C'!$T:$T) -> 0.89375 | E17: =LOOKUP(2,1/(('0427 4度C'!$A:$A="新豐2線")*('0427 4度C'!$T:$T<>"")),'0427 4度C'!$T:$T) -> 0.65208333 | F17: =LOOKUP(2,1/(('0427 4度C'!$A:$A="新豐5線")*('0427 4度C'!$T:$T<>"")),'0427 4度C'!$T:$T) -> 0.85347222 | G17: =LOOKUP(2,1/(('0427 4度C'!$A:$A="新豐7線")*('0427 4度C'!$T:$T<>"")),'0427 4度C'!$T:$T) -> 0.84513889 | H17: =LOOKUP(2,1/(('0427 4度C'!$A:$A="新豐3線")*('0427 4度C'!$T:$T<>"")),'0427 4度C'!$T:$T) -> 0.43958333 | I17: =LOOKUP(2,1/(('0427 4度C'!$A:$A="新豐1線")*('0427 4度C'!$T:$T<>"")),'0427 4度C'!$T:$T) -> 0.82638889 | J17: =LOOKUP(2,1/(('0427 4度C'!$A:$A="新豐10線")*('0427 4度C'!$T:$T<>"")),'0427 4度C'!$T:$T) -> 0.45416667 | K17: =LOOKUP(2,1/(('0427 4度C'!$A:$A="新豐8線")*('0427 4度C'!$T:$T<>"")),'0427 4度C'!$T:$T) -> 0.68680556 | L17: =LOOKUP(2,1/(('0427 4度C'!$A:$A="新豐9線")*('0427 4度C'!$T:$T<>"")),'0427 4度C'!$T:$T) -> 0.51597222 | M17: =LOOKUP(2,1/(('0427 4度C'!$A:$A="新豐4線")*('0427 4度C'!$T:$T<>"")),'0427 4度C'!$T:$T) -> 0.58125
B18: 產線異常 (5分鐘以上) | C18: 次數 | D18: =SUMIFS('0427 4度C'!$Y:$Y,'0427 4度C'!$A:$A,"新豐6線",'0427 4度C'!$B:$B,"平均") -> 0 | E18: =SUMIFS('0427 4度C'!$Y:$Y,'0427 4度C'!$A:$A,"新豐2線",'0427 4度C'!$B:$B,"平均") -> 0 | F18: =SUMIFS('0427 4度C'!$Y:$Y,'0427 4度C'!$A:$A,"新豐5線",'0427 4度C'!$B:$B,"平均") -> 0 | G18: =SUMIFS('0427 4度C'!$Y:$Y,'0427 4度C'!$A:$A,"新豐7線",'0427 4度C'!$B:$B,"平均") -> 0 | H18: =SUMIFS('0427 4度C'!$Y:$Y,'0427 4度C'!$A:$A,"新豐3線",'0427 4度C'!$B:$B,"平均") -> 0 | I18: =SUMIFS('0427 4度C'!$Y:$Y,'0427 4度C'!$A:$A,"新豐1線",'0427 4度C'!$B:$B,"平均") -> 0 | J18: =SUMIFS('0427 4度C'!$Y:$Y,'0427 4度C'!$A:$A,"新豐10線",'0427 4度C'!$B:$B,"平均") -> 0 | K18: =SUMIFS('0427 4度C'!$Y:$Y,'0427 4度C'!$A:$A,"新豐8線",'0427 4度C'!$B:$B,"平均") -> 0 | L18: =SUMIFS('0427 4度C'!$Y:$Y,'0427 4度C'!$A:$A,"新豐9線",'0427 4度C'!$B:$B,"平均") -> 0 | M18: =SUMIFS('0427 4度C'!$Y:$Y,'0427 4度C'!$A:$A,"新豐4線",'0427 4度C'!$B:$B,"平均") -> 0
C19: 時間/分 | D19: =SUMIFS('0427 4度C'!$Z:$Z,'0427 4度C'!$A:$A,"新豐6線",'0427 4度C'!$B:$B,"平均") -> 0 | E19: =SUMIFS('0427 4度C'!$Z:$Z,'0427 4度C'!$A:$A,"新豐2線",'0427 4度C'!$B:$B,"平均") -> 0 | F19: =SUMIFS('0427 4度C'!$Z:$Z,'0427 4度C'!$A:$A,"新豐5線",'0427 4度C'!$B:$B,"平均") -> 0 | G19: =SUMIFS('0427 4度C'!$Z:$Z,'0427 4度C'!$A:$A,"新豐7線",'0427 4度C'!$B:$B,"平均") -> 0 | H19: =SUMIFS('0427 4度C'!$Z:$Z,'0427 4度C'!$A:$A,"新豐3線",'0427 4度C'!$B:$B,"平均") -> 0 | I19: =SUMIFS('0427 4度C'!$Z:$Z,'0427 4度C'!$A:$A,"新豐1線",'0427 4度C'!$B:$B,"平均") -> 0 | J19: =SUMIFS('0427 4度C'!$Z:$Z,'0427 4度C'!$A:$A,"新豐10線",'0427 4度C'!$B:$B,"平均") -> 0 | K19: =SUMIFS('0427 4度C'!$Z:$Z,'0427 4度C'!$A:$A,"新豐8線",'0427 4度C'!$B:$B,"平均") -> 0 | L19: =SUMIFS('0427 4度C'!$Z:$Z,'0427 4度C'!$A:$A,"新豐9線",'0427 4度C'!$B:$B,"平均") -> 0 | M19: =SUMIFS('0427 4度C'!$Z:$Z,'0427 4度C'!$A:$A,"新豐4線",'0427 4度C'!$B:$B,"平均") -> 0
B20: 短暫停線 (5分鐘以下) | C20: 次數 | D20: =SUMIFS('0427 4度C'!$AC:$AC,'0427 4度C'!$A:$A,"新豐6線",'0427 4度C'!$B:$B,"平均") -> 5 | E20: =SUMIFS('0427 4度C'!$AC:$AC,'0427 4度C'!$A:$A,"新豐2線",'0427 4度C'!$B:$B,"平均") -> 4 | F20: =SUMIFS('0427 4度C'!$AC:$AC,'0427 4度C'!$A:$A,"新豐5線",'0427 4度C'!$B:$B,"平均") -> 4 | G20: =SUMIFS('0427 4度C'!$AC:$AC,'0427 4度C'!$A:$A,"新豐7線",'0427 4度C'!$B:$B,"平均") -> 6 | H20: =SUMIFS('0427 4度C'!$AC:$AC,'0427 4度C'!$A:$A,"新豐3線",'0427 4度C'!$B:$B,"平均") -> 4 | I20: =SUMIFS('0427 4度C'!$AC:$AC,'0427 4度C'!$A:$A,"新豐1線",'0427 4度C'!$B:$B,"平均") -> 6 | J20: =SUMIFS('0427 4度C'!$AC:$AC,'0427 4度C'!$A:$A,"新豐10線",'0427 4度C'!$B:$B,"平均") -> 6 | K20: =SUMIFS('0427 4度C'!$AC:$AC,'0427 4度C'!$A:$A,"新豐8線",'0427 4度C'!$B:$B,"平均") -> 7 | L20: =SUMIFS('0427 4度C'!$AC:$AC,'0427 4度C'!$A:$A,"新豐9線",'0427 4度C'!$B:$B,"平均") -> 4 | M20: =SUMIFS('0427 4度C'!$AC:$AC,'0427 4度C'!$A:$A,"新豐4線",'0427 4度C'!$B:$B,"平均") -> 5
C21: 設備次數 | D21: =SUMIFS('0427 4度C'!$AD:$AD,'0427 4度C'!$A:$A,"新豐6線",'0427 4度C'!$B:$B,"平均") -> 0 | E21: =SUMIFS('0427 4度C'!$AD:$AD,'0427 4度C'!$A:$A,"新豐2線",'0427 4度C'!$B:$B,"平均") -> 0 | F21: =SUMIFS('0427 4度C'!$AD:$AD,'0427 4度C'!$A:$A,"新豐5線",'0427 4度C'!$B:$B,"平均") -> 0 | G21: =SUMIFS('0427 4度C'!$AD:$AD,'0427 4度C'!$A:$A,"新豐7線",'0427 4度C'!$B:$B,"平均") -> 0 | H21: =SUMIFS('0427 4度C'!$AD:$AD,'0427 4度C'!$A:$A,"新豐3線",'0427 4度C'!$B:$B,"平均") -> 0 | I21: =SUMIFS('0427 4度C'!$AD:$AD,'0427 4度C'!$A:$A,"新豐1線",'0427 4度C'!$B:$B,"平均") -> 0 | J21: =SUMIFS('0427 4度C'!$AD:$AD,'0427 4度C'!$A:$A,"新豐10線",'0427 4度C'!$B:$B,"平均") -> 0 | K21: =SUMIFS('0427 4度C'!$AD:$AD,'0427 4度C'!$A:$A,"新豐8線",'0427 4度C'!$B:$B,"平均") -> 0 | L21: =SUMIFS('0427 4度C'!$AD:$AD,'0427 4度C'!$A:$A,"新豐9線",'0427 4度C'!$B:$B,"平均") -> 0 | M21: =SUMIFS('0427 4度C'!$AD:$AD,'0427 4度C'!$A:$A,"新豐4線",'0427 4度C'!$B:$B,"平均") -> 0
B22: 配置人數 | D22: =SUMIFS('0427 4度C'!$I:$I,'0427 4度C'!$A:$A,"新豐6線",'0427 4度C'!$B:$B,"平均") -> 16.6 | E22: =SUMIFS('0427 4度C'!$I:$I,'0427 4度C'!$A:$A,"新豐2線",'0427 4度C'!$B:$B,"平均") -> 18 | F22: =SUMIFS('0427 4度C'!$I:$I,'0427 4度C'!$A:$A,"新豐5線",'0427 4度C'!$B:$B,"平均") -> 17.5 | G22: =SUMIFS('0427 4度C'!$I:$I,'0427 4度C'!$A:$A,"新豐7線",'0427 4度C'!$B:$B,"平均") -> 15.5 | H22: =SUMIFS('0427 4度C'!$I:$I,'0427 4度C'!$A:$A,"新豐3線",'0427 4度C'!$B:$B,"平均") -> 9.5 | I22: =SUMIFS('0427 4度C'!$I:$I,'0427 4度C'!$A:$A,"新豐1線",'0427 4度C'!$B:$B,"平均") -> 19.333333 | J22: =SUMIFS('0427 4度C'!$I:$I,'0427 4度C'!$A:$A,"新豐10線",'0427 4度C'!$B:$B,"平均") -> 10.166667 | K22: =SUMIFS('0427 4度C'!$I:$I,'0427 4度C'!$A:$A,"新豐8線",'0427 4度C'!$B:$B,"平均") -> 18.571429 | L22: =SUMIFS('0427 4度C'!$I:$I,'0427 4度C'!$A:$A,"新豐9線",'0427 4度C'!$B:$B,"平均") -> 16.25 | M22: =SUMIFS('0427 4度C'!$I:$I,'0427 4度C'!$A:$A,"新豐4線",'0427 4度C'!$B:$B,"平均") -> 15.4
B23: 主要應用設備 | D23: ET-55 | E23: 熱縮爐 | F23: L型包裝機 | G23: L型包裝機 | H23: 伺服包裝機 | I23: ET-55 | J23: 伺服包裝機 | K23: 三明治包裝機 | L23: 三明治包裝機 | M23: 三明治包裝機
B24: 次要應用設備 | F24: 圓盤機 | G24: ET-55
B25: 備註 | E25: 握沙拉 | F25: 共用L型包裝機 | H25: 調理麵包 | I25: 炒飯+沙拉 | J25: 調理麵包

Sheet 0427 4度C
A1: 新豐廠四度C日報分析 | C1: 總生產量 | D1: =SUM(F5:F65) -> 164039 | E1: 營業額 | F1: =SUM(G5:G65) -> 5509537.7 | G1: 出勤人數 | H1: =L10+L15+L45+L52+L20+L59+L35+L40+L27+L65 -> 156.82143 | I1: 產線配置圖 | L1: 生產實績 | O1: 人時性差異分析 | S1: 日報登錄 | Y1: 合計 次數 | Z1: 合計 時間/分 | AA1: 產線異常 分析說明(5分鐘以上) | AC1: 合計 次數 | AD1: 合計 設備次數 | AE1: 產能差異分析
A2: 46139 | B2: 星期一 | C2: 人時性 | D2: =AVERAGE(N10,N15,N45,N52,N20,N59,N27,N35,N40,N65) -> 149.97635 | E2: 平均廠價 | F2: =F1/D1 -> 33.586755 | G2: 多次生產數 | H2: =COUNT(H5:H65) -> 7 | Y2: =SUM(Y10+Y15+Y20+Y27+Y35+Y40+Y45+Y52+Y59+Y65) -> 0 | Z2: =SUM(Z10+Z15+Z20+Z27+Z35+Z40+Z45+Z52+Z59+Z65) -> 0 | AC2: 51 | AD2: =SUM(AD10+AD15+AD20+AD27+AD35+AD40+AD45+AD52+AD59+AD65) -> 0
A3: 線別 | B3: 品類 | C3: 品名 | E3: 廠價 | F3: 生產量 | G3: 營收 | H3: 多次 生產 | I3: 人數 | J3: 產能/時 | K3: 人時性 | L3: 人數 | M3: 產能/時 | N3: 人時性 | O3: 人數 | P3: 人時性 | Q3: 達成率 | R3: 達成率平均 | S3: 生產時間 | U3: 換線、休息/分 | V3: 稼動時間/分 | W3: 休息時間 | Y3: 產線異常統計 (5分鐘以上) | AA3: (新豐回填) | AC3: 短暫停線統計 (5分鐘以下) | AE3: 產能/時 | AF3: 達成率 | AG3: 達成率平均
S4: 開始 | T4: 結束 | W4: 開始 | X4: 結束 | Y4: 次數 | Z4: 時間/分 | AC4: 總次數 | AD4: 設備因素(次數)
A5: 新豐6線 | B5: 微波主食 | C5: 二配港式香滑嫩蛋牛肉燴飯 | E5: 50.67 | F5: 1607 | G5: =E5*F5 -> 81426.69 | I5: 17 | J5: 2000 | K5: =J5/I5 -> 117.64706 | L5: 17 | M5: =F5/V5*60 -> 1928.4 | N5: =M5/L5 -> 113.43529 | O5: =L5-I5 -> 0 | P5: =N5-K5 -> -4.2117647 | Q5: =N5/K5 -> 0.9642 | R5: =Q10 -> 0.96565651 | S5: 0.70833333 | T5: 0.74305556 | V5: =(T5-S5)*24*60 -> 50 | AC5: 5 | AE5: =M5-J5 -> -71.6 | AF5: =M5/J5 -> 0.9642 | AG5: =AF10 -> 0.96565651
A6: 新豐6線 | B6: 微波主食 | C6: 二配美味蟹煲 | E6: 54.09 | F6: 1309 | G6: =E6*F6 -> 70803.81 | I6: 19 | J6: 2000 | K6: =J6/I6 -> 105.26316 | L6: 19 | M6: =F6/V6*60 -> 1915.6098 | N6: =M6/L6 -> 100.82157 | O6: =L6-I6 -> 0 | P6: =N6-K6 -> -4.4415918 | Q6: =N6/K6 -> 0.95780488 | S6: 0.74861111 | T6: 0.77708333 | U6: =IF(S6=TIME(17,0,0),"",(S6-T5)*24*60) -> 8 | V6: =(T6-S6)*24*60 -> 41 | AE6: =M6-J6 -> -84.390244 | AF6: =M6/J6 -> 0.95780488
A7: 新豐6線 | B7: 微波主食 | C7: 二配泰式綠咖哩雞 | E7: 50.67 | F7: 900 | G7: =E7*F7 -> 45603 | H7: 2 | I7: 15 | J7: 2000 | K7: =J7/I7 -> 133.33333 | L7: 15 | M7: =F7/V7*60 -> 1928.5714 | N7: =M7/L7 -> 128.57143 | O7: =L7-I7 -> 0 | P7: =N7-K7 -> -4.7619048 | Q7: =N7/K7 -> 0.96428571 | S7: 0.78055556 | T7: 0.8 | U7: =IF(S7=TIME(17,0,0),"",(S7-T6)*24*60) -> 5 | V7: =(T7-S7)*24*60 -> 28 | AE7: =M7-J7 -> -71.428571 | AF7: =M7/J7 -> 0.96428571
A8: 新豐6線 | B8: 微波主食 | C8: 二配蔥爆牛肉燴飯 | E8: 52.86 | F8: 1000 | G8: =E8*F8 -> 52860 | H8: 2 | I8: 16 | J8: 2000 | K8: =J8/I8 -> 125 | L8: 16 | M8: =F8/V8*60 -> 1935.4839 | N8: =M8/L8 -> 120.96774 | O8: =L8-I8 -> 0 | P8: =N8-K8 -> -4.0322581 | Q8: =N8/K8 -> 0.96774194 | S8: 0.80347222 | T8: 0.825 | U8: =IF(S8=TIME(17,0,0),"",(S8-T7)*24*60) -> 5 | V8: =(T8-S8)*24*60 -> 31 | W8: =T8 -> 0.825 | X8: =S9 -> 0.86597222 | AE8: =M8-J8 -> -64.516129 | AF8: =M8/J8 -> 0.96774194
A9: 新豐6線 | B9: 微波主食 | C9: 二配蔥爆牛肉燴飯 | E9: 52.86 | F9: 1299 | G9: =E9*F9 -> 68665.14 | I9: 16 | J9: 2000 | K9: =J9/I9 -> 125 | L9: 16 | M9: =F9/V9*60 -> 1948.5 | N9: =M9/L9 -> 121.78125 | O9: =L9-I9 -> 0 | P9: =N9-K9 -> -3.21875 | Q9: =N9/K9 -> 0.97425 | S9: 0.86597222 | T9: 0.89375 | U9: =IF(S9=TIME(17,0,0),"",(S9-T8)*24*60) -> 59 | V9: =(T9-S9)*24*60 -> 40 | AE9: =M9-J9 -> -51.5 | AF9: =M9/J9 -> 0.97425
A10: 新豐6線 | B10: 平均 | I10: 16.6 | J10: 2000 | K10: =J10/I10 -> 120.48193 | L10: 16.6 | M10: =AVERAGE(M5:M9) -> 1931.313 | N10: =M10/L10 -> 116.34416 | O10: =L10-I10 -> 0 | P10: =N10-K10 -> -4.1377704 | Q10: =N10/K10 -> 0.96565651 | Y10: =SUM(Y5:Y9) -> 0 | Z10: =SUM(Z5:Z9) -> 0 | AC10: 5 | AD10: =SUM(AD5:AD9) -> 0 | AE10: =M10-J10 -> -68.686989 | AF10: =M10/J10 -> 0.96565651
A11: 新豐2線 | B11: 沙拉 | C11: 青醬優格雞肉握沙拉(113年) | E11: 39.62 | F11: 3500 | G11: =E11*F11 -> 138670 | H11: 2 | I11: 19 | J11: 1500 | K11: =J11/I11 -> 78.947368 | L11: 19 | M11: =F11/V11*60 -> 1438.3562 | N11: =M11/L11 -> 75.702956 | O11: =L11-I11 -> 0 | P11: =N11-K11 -> -3.2444124 | Q11: =N11/K11 -> 0.95890411 | R11: =Q15 -> 0.95547266 | S11: 0.20833333 | T11: 0.30972222 | V11: =(T11-S11)*24*60 -> 146 | AC11: 4 | AE11: =M11-J11 -> -61.643836 | AF11: =M11/J11 -> 0.95890411 | AG11: =AF15 -> 0.95547266
A12: 新豐2線 | B12: 沙拉 | C12: 青檸烤雞握沙拉(113年) | E12: 39.8 | F12: 6000 | G12: =E12*F12 -> 238800 | H12: 2 | I12: 17 | J12: 1500 | K12: =J12/I12 -> 88.235294 | L12: 17 | M12: =F12/V12*60 -> 1434.2629 | N12: =M12/L12 -> 84.368409 | O12: =L12-I12 -> 0 | P12: =N12-K12 -> -3.8668854 | Q12: =N12/K12 -> 0.9561753 | S12: 0.31388889 | T12: 0.48819444 | U12: =IF(S12=TIME(17,0,0),"",(S12-T11)*24*60) -> 6 | V12: =(T12-S12)*24*60 -> 251 | W12: =T12 -> 0.48819444 | X12: =S13 -> 0.52847222 | AE12: =M12-J12 -> -65.737052 | AF12: =M12/J12 -> 0.9561753
A13: 新豐2線 | B13: 沙拉 | C13: 青檸烤雞握沙拉(113年) | E13: 39.8 | F13: 2139 | G13: =E13*F13 -> 85132.2 | I13: 17 | J13: 1500 | K13: =J13/I13 -> 88.235294 | L13: 17 | M13: =F13/V13*60 -> 1426 | N13: =M13/L13 -> 83.882353 | O13: =L13-I13 -> 0 | P13: =N13-K13 -> -4.3529412 | Q13: =N13/K13 -> 0.95066667 | S13: 0.52847222 | T13: 0.59097222 | U13: =IF(S13=TIME(17,0,0),"",(S13-T12)*24*60) -> 58 | V13: =(T13-S13)*24*60 -> 90 | AE13: =M13-J13 -> -74 | AF13: =M13/J13 -> 0.95066667
A14: 新豐2線 | B14: 沙拉 | C14: 青醬優格雞肉握沙拉(113年) | E14: 39.62 | F14: 1984 | G14: =E14*F14 -> 78606.08 | I14: 19 | J14: 1500 | K14: =J14/I14 -> 78.947368 | L14: 19 | M14: =F14/V14*60 -> 1434.2169 | N14: =M14/L14 -> 75.485098 | O14: =L14-I14 -> 0 | P14: =N14-K14 -> -3.4622701 | Q14: =N14/K14 -> 0.95614458 | S14: 0.59444444 | T14: 0.65208333 | U14: =IF(S14=TIME(17,0,0),"",(S14-T13)*24*60) -> 5 | V14: =(T14-S14)*24*60 -> 83 | AE14: =M14-J14 -> -65.783133 | AF14: =M14/J14 -> 0.95614458
A15: 新豐2線 | B15: 平均 | I15: 18 | J15: 1500 | K15: =J15/I15 -> 83.333333 | L15: 18 | M15: =AVERAGE(M11:M14) -> 1433.209 | N15: =M15/L15 -> 79.622722 | O15: =L15-I15 -> 0 | P15: =N15-K15 -> -3.7106114 | Q15: =N15/K15 -> 0.95547266 | Y15: =SUM(Y11:Y14) -> 0 | Z15: =SUM(Z11:Z14) -> 0 | AC15: 4 | AD15: =SUM(AD11:AD14) -> 0 | AE15: =M15-J15 -> -66.791005 | AF15: =M15/J15 -> 0.95547266
A16: 新豐5線 | B16: 小吃 | C16: 剝皮辣椒雞湯 | E16: 41 | F16: 2353 | G16: =E16*F16 -> 96473 | I16: 26 | J16: 1500 | K16: =J16/I16 -> 57.692308 | L16: 26 | M16: =F16/V16*60 -> 1440.6122 | N16: =M16/L16 -> 55.408163 | O16: =L16-I16 -> 0 | P16: =N16-K16 -> -2.2841444 | Q16: =N16/K16 -> 0.96040816 | R16: =Q20 -> 0.95976886 | S16: 0.20833333 | T16: 0.27638889 | V16: =(T16-S16)*24*60 -> 98 | AC16: 4 | AE16: =M16-J16 -> -59.387755 | AF16: =M16/J16 -> 0.96040816 | AG16: =AF20 -> 0.95976886
A17: 新豐5線 | B17: 微波主食 | C17: 二配起司控培根白醬焗烤飯 | E17: 53.68 | F17: 1442 | G17: =E17*F17 -> 77406.56 | I17: 16 | J17: 1500 | K17: =J17/I17 -> 93.75 | L17: 16 | M17: =F17/V17*60 -> 1442 | N17: =M17/L17 -> 90.125 | O17: =L17-I17 -> 0 | P17: =N17-K17 -> -3.625 | Q17: =N17/K17 -> 0.96133333 | S17: 0.70833333 | T17: 0.75 | U17: =IF(S17=TIME(17,0,0),"",(S17-T16)*24*60) | V17: =(T17-S17)*24*60 -> 60 | AE17: =M17-J17 -> -58 | AF17: =M17/J17 -> 0.96133333
A18: 新豐5線 | B18: 微波主食 | C18: 二配金咖哩果香甘口咖哩飯 | E18: 50.92 | F18: 2644 | G18: =E18*F18 -> 134632.48 | I18: 15 | J18: 2000 | K18: =J18/I18 -> 133.33333 | L18: 15 | M18: =F18/V18*60 -> 1911.3253 | N18: =M18/L18 -> 127.42169 | O18: =L18-I18 -> 0 | P18: =N18-K18 -> -5.9116466 | Q18: =N18/K18 -> 0.95566265 | S18: 0.75347222 | T18: 0.81111111 | U18: =IF(S18=TIME(17,0,0),"",(S18-T17)*24*60) -> 5 | V18: =(T18-S18)*24*60 -> 83 | AE18: =M18-J18 -> -88.674699 | AF18: =M18/J18 -> 0.95566265
A19: 新豐5線 | B19: 微波主食 | C19: 二配厚香料咖哩雞排飯 | E19: 57.3 | F19: 1732 | G19: =E19*F19 -> 99243.6 | I19: 13 | J19: 2000 | K19: =J19/I19 -> 153.84615 | L19: 13 | M19: =F19/V19*60 -> 1924.4444 | N19: =M19/L19 -> 148.03419 | O19: =L19-I19 -> 0 | P19: =N19-K19 -> -5.8119658 | Q19: =N19/K19 -> 0.96222222 | S19: 0.81597222 | T19: 0.85347222 | U19: =IF(S19=TIME(17,0,0),"",(S19-T18)*24*60) -> 7 | V19: =(T19-S19)*24*60 -> 54 | AE19: =M19-J19 -> -75.555556 | AF19: =M19/J19 -> 0.96222222
A20: 新豐5線 | B20: 平均 | I20: 17.5 | J20: 1750 | K20: =J20/I20 -> 100 | L20: 17.5 | M20: =AVERAGE(M16:M19) -> 1679.5955 | N20: =M20/L20 -> 95.976886 | O20: =L20-I20 -> 0 | P20: =N20-K20 -> -4.0231144 | Q20: =N20/K20 -> 0.95976886 | Y20: =SUM(Y16:Y19) -> 0 | Z20: =SUM(Z16:Z19) -> 0 | AC20: 4 | AD20: =SUM(AD16:AD19) -> 0 | AE20: =M20-J20 -> -70.404502 | AF20: =M20/J20 -> 0.95976886
A21: 新豐7線 | B21: 微波主食 | C21: 鐵板滑蛋炸豬排丼 | E21: 57.73 | F21: 2740 | G21: =E21*F21 -> 158180.2 | I21: 14 | J21: 2000 | K21: =J21/I21 -> 142.85714 | L21: 14 | M21: =F21/V21*60 -> 1911.6279 | N21: =M21/L21 -> 136.54485 | O21: =L21-I21 -> 0 | P21: =N21-K21 -> -6.3122924 | Q21: =N21/K21 -> 0.95581395 | R21: =Q27 -> 0.95813201 | S21: 0.29166667 | T21: 0.35138889 | V21: =(T21-S21)*24*60 -> 86 | AC21: 6 | AE21: =M21-J21 -> -88.372093 | AF21: =M21/J21 -> 0.95581395 | AG21: =AF27 -> 0.95813201
A22: 新豐7線 | B22: 微波主食 | C22: 極上炙烤親子丼 | E22: 53.68 | F22: 1469 | G22: =E22*F22 -> 78855.92 | I22: 16 | J22: 2000 | K22: =J22/I22 -> 125 | L22: 16 | M22: =F22/V22*60 -> 1916.087 | N22: =M22/L22 -> 119.75543 | O22: =L22-I22 -> 0 | P22: =N22-K22 -> -5.2445652 | Q22: =N22/K22 -> 0.95804348 | S22: 0.35555556 | T22: 0.3875 | U22: =IF(S22=TIME(17,0,0),"",(S22-T21)*24*60) -> 6 | V22: =(T22-S22)*24*60 -> 46 | AE22: =M22-J22 -> -83.913043 | AF22: =M22/J22 -> 0.95804348
A23: 新豐7線 | B23: 微波主食 | C23: 韓式泡菜豬肉豆腐丼飯 | E23: 50.67 | F23: 2727 | G23: =E23*F23 -> 138177.09 | I23: 17 | J23: 2000 | K23: =J23/I23 -> 117.64706 | L23: 17 | M23: =F23/V23*60 -> 1902.5581 | N23: =M23/L23 -> 111.91518 | O23: =L23-I23 -> 0 | P23: =N23-K23 -> -5.7318741 | Q23: =N23/K23 -> 0.95127907 | S23: 0.39305556 | T23: 0.45277778 | U23: =IF(S23=TIME(17,0,0),"",(S23-T22)*24*60) -> 8 | V23: =(T23-S23)*24*60 -> 86 | AE23: =M23-J23 -> -97.44186 | AF23: =M23/J23 -> 0.95127907
A24: 新豐7線 | B24: 微波主食 | C24: 二配川味麻婆燒豆腐燴飯 | E24: 50.49 | F24: 2311 | G24: =E24*F24 -> 116682.39 | I24: 15 | J24: 2000 | K24: =J24/I24 -> 133.33333 | L24: 15 | M24: =F24/V24*60 -> 1925.8333 | N24: =M24/L24 -> 128.38889 | O24: =L24-I24 -> 0 | P24: =N24-K24 -> -4.9444444 | Q24: =N24/K24 -> 0.96291667 | S24: 0.70833333 | T24: 0.75833333 | U24: =IF(S24=TIME(17,0,0),"",(S24-T23)*24*60) | V24: =(T24-S24)*24*60 -> 72 | AE24: =M24-J24 -> -74.166667 | AF24: =M24/J24 -> 0.96291667
A25: 新豐7線 | B25: 微波主食 | C25: 二配金咖哩濃厚辛口咖哩飯 | E25: 50.98 | F25: 2664 | G25: =E25*F25 -> 135810.72 | I25: 16 | J25: 2000 | K25: =J25/I25 -> 125 | L25: 16 | M25: =F25/V25*60 -> 1902.8571 | N25: =M25/L25 -> 118.92857 | O25: =L25-I25 -> 0 | P25: =N25-K25 -> -6.0714286 | Q25: =N25/K25 -> 0.95142857 | S25: 0.7625 | T25: 0.82083333 | U25: =IF(S25=TIME(17,0,0),"",(S25-T24)*24*60) -> 6 | V25: =(T25-S25)*24*60 -> 84 | AE25: =M25-J25 -> -97.142857 | AF25: =M25/J25 -> 0.95142857
A26: 新豐7線 | B26: 微波主食 | C26: 二配泰式綠咖哩雞 | E26: 50.67 | F26: 937 | G26: =E26*F26 -> 47477.79 | I26: 15 | J26: 2000 | K26: =J26/I26 -> 133.33333 | L26: 15 | M26: =F26/V26*60 -> 1938.6207 | N26: =M26/L26 -> 129.24138 | O26: =L26-I26 -> 0 | P26: =N26-K26 -> -4.091954 | Q26: =N26/K26 -> 0.96931034 | S26: 0.825 | T26: 0.84513889 | U26: =IF(S26=TIME(17,0,0),"",(S26-T25)*24*60) -> 6 | V26: =(T26-S26)*24*60 -> 29 | AE26: =M26-J26 -> -61.37931 | AF26: =M26/J26 -> 0.96931034
A27: 新豐7線 | B27: 平均 | I27: 15.5 | J27: 2000 | K27: =J27/I27 -> 129.03226 | L27: 15.5 | M27: =AVERAGE(M21:M26) -> 1916.264 | N27: =M27/L27 -> 123.62994 | O27: =L27-I27 -> 0 | P27: =N27-K27 -> -5.4023208 | Q27: =N27/K27 -> 0.95813201 | Y27: =SUM(Y21:Y26) -> 0 | Z27: =SUM(Z21:Z26) -> 0 | AC27: 6 | AD27: =SUM(AD21:AD26) -> 0 | AE27: =M27-J27 -> -83.735972 | AF27: =M27/J27 -> 0.95813201
A28: 新豐8線 | B28: 三明治 | C28: 紐奧良風味烤雞鮮蔬三明治 | E28: 31.29 | F28: 6800 | G28: =E28*F28 -> 212772 | H28: 2 | I28: 18 | J28: 2400 | K28: =J28/I28 -> 133.33333 | L28: 18 | M28: =F28/V28*60 -> 2292.1348 | N28: =M28/L28 -> 127.34082 | O28: =L28-I28 -> 0 | P28: =N28-K28 -> -5.9925094 | Q28: =N28/K28 -> 0.95505618 | R28: =Q35 -> 0.95682125 | S28: 0.083333333 | T28: 0.20694444 | V28: =(T28-S28)*24*60 -> 178 | W28: =T28 -> 0.20694444 | X28: =S29 -> 0.225 | AC28: 7 | AE28: =M28-J28 -> -107.86517 | AF28: =M28/J28 -> 0.95505618 | AG28: =AF35 -> 0.95682125
A29: 新豐8線 | B29: 三明治 | C29: 好多菜三明治(114年) | E29: 25.98 | F29: 3682 | G29: =E29*F29 -> 95658.36 | I29: 21 | J29: 2400 | K29: =J29/I29 -> 114.28571 | L29: 21 | M29: =F29/V29*60 -> 2301.25 | N29: =M29/L29 -> 109.58333 | O29: =L29-I29 -> 0 | P29: =N29-K29 -> -4.702381 | Q29: =N29/K29 -> 0.95885417 | S29: 0.225 | T29: 0.29166667 | U29: =(S29-T28)*24*60 -> 26 | V29: =(T29-S29)*24*60 -> 96 | AE29: =M29-J29 -> -98.75 | AF29: =M29/J29 -> 0.95885417
A30: 新豐8線 | B30: 三明治 | C30: 雞蛋沙拉三明治(114年) | E30: 25.99 | F30: 5519 | G30: =E30*F30 -> 143438.81 | I30: 14 | J30: 2400 | K30: =J30/I30 -> 171.42857 | L30: 14 | M30: =F30/V30*60 -> 2283.7241 | N30: =M30/L30 -> 163.12315 | O30: =L30-I30 -> 0 | P30: =N30-K30 -> -8.3054187 | Q30: =N30/K30 -> 0.95155172 | S30: 0.29722222 | T30: 0.39791667 | U30: =(S30-T29)*24*60 -> 8 | V30: =(T30-S30)*24*60 -> 145 | AE30: =M30-J30 -> -116.27586 | AF30: =M30/J30 -> 0.95155172
A31: 新豐8線 | B31: 三明治 | C31: 陽光地瓜總匯三明治 | E31: 26.18 | F31: 1815 | G31: =E31*F31 -> 47516.7 | I31: 19 | J31: 2400 | K31: =J31/I31 -> 126.31579 | L31: 19 | M31: =F31/V31*60 -> 2317.0213 | N31: =M31/L31 -> 121.94849 | O31: =L31-I31 -> 0 | P31: =N31-K31 -> -4.3673012 | Q31: =N31/K31 -> 0.96542553 | S31: 0.40208333 | T31: 0.43472222 | U31: =(S31-T30)*24*60 -> 6 | V31: =(T31-S31)*24*60 -> 47 | AE31: =M31-J31 -> -82.978723 | AF31: =M31/J31 -> 0.96542553
A32: 新豐8線 | B32: 三明治 | C32: 經典總匯三明治 | E32: 26.2 | F32: 3800 | G32: =E32*F32 -> 99560 | H32: 2 | I32: 20 | J32: 2400 | K32: =J32/I32 -> 120 | L32: 20 | M32: =F32/V32*60 -> 2303.0303 | N32: =M32/L32 -> 115.15152 | O32: =L32-I32 -> 0 | P32: =N32-K32 -> -4.8484848 | Q32: =N32/K32 -> 0.95959596 | S32: 0.43819444 | T32: 0.50694444 | U32: =(S32-T31)*24*60 -> 5 | V32: =(T32-S32)*24*60 -> 99 | W32: =T32 -> 0.50694444 | X32: =S33 -> 0.54513889 | AE32: =M32-J32 -> -96.969697 | AF32: =M32/J32 -> 0.95959596
A33: 新豐8線 | B33: 三明治 | C33: 紐奧良風味烤雞鮮蔬三明治 | E33: 31.29 | F33: 4797 | G33: =E33*F33 -> 150098.13 | I33: 18 | J33: 2400 | K33: =J33/I33 -> 133.33333 | L33: 18 | M33: =F33/V33*60 -> 2284.2857 | N33: =M33/L33 -> 126.90476 | O33: =L33-I33 -> 0 | P33: =N33-K33 -> -6.4285714 | Q33: =N33/K33 -> 0.95178571 | S33: 0.54513889 | T33: 0.63263889 | U33: =(S33-T32)*24*60 -> 55 | V33: =(T33-S33)*24*60 -> 126 | AE33: =M33-J33 -> -115.71429 | AF33: =M33/J33 -> 0.95178571
A34: 新豐8線 | B34: 三明治 | C34: 經典總匯三明治 | E34: 26.2 | F34: 2790 | G34: =E34*F34 -> 73098 | I34: 20 | J34: 2400 | K34: =J34/I34 -> 120 | L34: 20 | M34: =F34/V34*60 -> 2293.1507 | N34: =M34/L34 -> 114.65753 | O34: =L34-I34 -> 0 | P34: =N34-K34 -> -5.3424658 | Q34: =N34/K34 -> 0.95547945 | S34: 0.63611111 | T34: 0.68680556 | U34: =(S34-T33)*24*60 -> 5 | V34: =(T34-S34)*24*60 -> 73 | AE34: =M34-J34 -> -106.84932 | AF34: =M34/J34 -> 0.95547945
A35: 新豐8線 | B35: 平均 | I35: 18.571429 | J35: 2400 | K35: =J35/I35 -> 129.23077 | L35: 18.571429 | M35: =AVERAGE(M28:M34) -> 2296.371 | N35: =M35/L35 -> 123.65075 | O35: =L35-I35 -> 0 | P35: =N35-K35 -> -5.5800235 | Q35: =N35/K35 -> 0.95682125 | Y35: =SUM(Y28:Y34) -> 0 | Z35: =SUM(Z28:Z34) -> 0 | AC35: 7 | AD35: =SUM(AD28:AD34) -> 0 | AE35: =M35-J35 -> -103.62901 | AF35: =M35/J35 -> 0.95682125
A36: 新豐9線 | B36: 三明治 | C36: 鮪魚起司溏心蛋三明治 | E36: 26.2 | F36: 8567 | G36: =E36*F36 -> 224455.4 | I36: 18 | J36: 2400 | K36: =J36/I36 -> 133.33333 | L36: 18 | M36: =F36/V36*60 -> 2284.5333 | N36: =M36/L36 -> 126.91852 | O36: =L36-I36 -> 0 | P36: =N36-K36 -> -6.4148148 | Q36: =N36/K36 -> 0.95188889 | R36: =Q40 -> 0.95582378 | S36: 0.083333333 | T36: 0.23958333 | V36: =(T36-S36)*24*60 -> 225 | W36: =T36 -> 0.23958333 | X36: =S37 -> 0.25902778 | AC36: 4 | AE36: =M36-J36 -> -115.46667 | AF36: =M36/J36 -> 0.95188889 | AG36: =AF40 -> 0.95582378
A37: 新豐9線 | B37: 三明治 | C37: 香鬆起司蛋三明治(114年) | E37: 20.2 | F37: 2497 | G37: =E37*F37 -> 50439.4 | I37: 15 | J37: 2400 | K37: =J37/I37 -> 160 | L37: 15 | M37: =F37/V37*60 -> 2304.9231 | N37: =M37/L37 -> 153.66154 | O37: =L37-I37 -> 0 | P37: =N37-K37 -> -6.3384615 | Q37: =N37/K37 -> 0.96038462 | S37: 0.25902778 | T37: 0.30416667 | U37: =(S37-T36)*24*60 -> 28 | V37: =(T37-S37)*24*60 -> 65 | AE37: =M37-J37 -> -95.076923 | AF37: =M37/J37 -> 0.96038462
A38: 新豐9線 | B38: 三明治 | C38: 輕乳酪巧克力三明治 | E38: 20.52 | F38: 3364 | G38: =E38*F38 -> 69029.28 | I38: 18 | J38: 2400 | K38: =J38/I38 -> 133.33333 | L38: 18 | M38: =F38/V38*60 -> 2293.6364 | N38: =M38/L38 -> 127.42424 | O38: =L38-I38 -> 0 | P38: =N38-K38 -> -5.9090909 | Q38: =N38/K38 -> 0.95568182 | S38: 0.30763889 | T38: 0.36875 | U38: =(S38-T37)*24*60 -> 5 | V38: =(T38-S38)*24*60 -> 88 | AE38: =M38-J38 -> -106.36364 | AF38: =M38/J38 -> 0.95568182
A39: 新豐9線 | B39: 三明治 | C39: 經典火腿玉米蛋三明治 | E39: 24.43 | F39: 7872 | G39: =E39*F39 -> 192312.96 | I39: 14 | J39: 2400 | K39: =J39/I39 -> 171.42857 | L39: 14 | M39: =F39/V39*60 -> 2292.8155 | N39: =M39/L39 -> 163.77254 | O39: =L39-I39 -> 0 | P39: =N39-K39 -> -7.6560333 | Q39: =N39/K39 -> 0.95533981 | S39: 0.37291667 | T39: 0.51597222 | U39: =(S39-T38)*24*60 -> 6 | V39: =(T39-S39)*24*60 -> 206 | AE39: =M39-J39 -> -107.18447 | AF39: =M39/J39 -> 0.95533981
A40: 新豐9線 | B40: 平均 | I40: 16.25 | J40: 2400 | K40: =J40/I40 -> 147.69231 | L40: 16.25 | M40: =AVERAGE(M36:M39) -> 2293.9771 | N40: =M40/L40 -> 141.16782 | O40: =L40-I40 -> 0 | P40: =N40-K40 -> -6.5244876 | Q40: =N40/K40 -> 0.95582378 | Y40: =SUM(Y36:Y39) -> 0 | Z40: =SUM(Z36:Z39) -> 0 | AC40: 4 | AD40: =SUM(AD36:AD39) -> 0 | AE40: =M40-J40 -> -106.02292 | AF40: =M40/J40 -> 0.95582378
A41: 新豐3線 | B41: 調理麵包 | C41: 黃金魚堡(114年) | E41: 34.35 | F41: 2739 | G41: =E41*F41 -> 94084.65 | I41: 8 | J41: 3000 | K41: =J41/I41 -> 375 | L41: 8 | M41: =F41/V41*60 -> 2883.1579 | N41: =M41/L41 -> 360.39474 | O41: =L41-I41 -> 0 | P41: =N41-K41 -> -14.605263 | Q41: =N41/K41 -> 0.96105263 | R41: =Q45 -> 0.95648025 | S41: 0.083333333 | T41: 0.12291667 | V41: =(T41-S41)*24*60 -> 57 | W41: =T41 -> 0.12291667 | X41: =S42 -> 0.14166667 | AC41: 4 | AE41: =M41-J41 -> -116.84211 | AF41: =M41/J41 -> 0.96105263 | AG41: =AF45 -> 0.95648025
A42: 新豐3線 | B42: 調理麵包 | C42: 經典雙牛起司堡(113年) | E42: 35.12 | F42: 6016 | G42: =E42*F42 -> 211281.92 | I42: 10 | J42: 3000 | K42: =J42/I42 -> 300 | L42: 10 | M42: =F42/V42*60 -> 2864.7619 | N42: =M42/L42 -> 286.47619 | O42: =L42-I42 -> 0 | P42: =N42-K42 -> -13.52381 | Q42: =N42/K42 -> 0.95492063 | S42: 0.14166667 | T42: 0.22916667 | U42: =(S42-T41)*24*60 -> 27 | V42: =(T42-S42)*24*60 -> 126 | AE42: =M42-J42 -> -135.2381 | AF42: =M42/J42 -> 0.95492063
A43: 新豐3線 | B43: 調理麵包 | C43: 豬肉起司堡 | E43: 21.13 | F43: 6030 | G43: =E43*F43 -> 127413.9 | I43: 10 | J43: 3000 | K43: =J43/I43 -> 300 | L43: 10 | M43: =F43/V43*60 -> 2871.4286 | N43: =M43/L43 -> 287.14286 | O43: =L43-I43 -> 0 | P43: =N43-K43 -> -12.857143 | Q43: =N43/K43 -> 0.95714286 | S43: 0.23333333 | T43: 0.32083333 | U43: =(S43-T42)*24*60 -> 6 | V43: =(T43-S43)*24*60 -> 126 | AE43: =M43-J43 -> -128.57143 | AF43: =M43/J43 -> 0.95714286
A44: 新豐3線 | B44: 調理麵包 | C44: 豬肉起司蛋堡 | E44: 27.17 | F44: 7813 | G44: =E44*F44 -> 212279.21 | I44: 10 | J44: 3000 | K44: =J44/I44 -> 300 | L44: 10 | M44: =F44/V44*60 -> 2858.4146 | N44: =M44/L44 -> 285.84146 | O44: =L44-I44 -> 0 | P44: =N44-K44 -> -14.158537 | Q44: =N44/K44 -> 0.95280488 | S44: 0.32569444 | T44: 0.43958333 | U44: =(S44-T43)*24*60 -> 7 | V44: =(T44-S44)*24*60 -> 164 | AE44: =M44-J44 -> -141.58537 | AF44: =M44/J44 -> 0.95280488
A45: 新豐3線 | B45: 平均 | I45: 9.5 | J45: 3000 | K45: =J45/I45 -> 315.78947 | L45: 9.5 | M45: =AVERAGE(M41:M44) -> 2869.4408 | N45: =M45/L45 -> 302.04639 | O45: =L45-I45 -> 0 | P45: =N45-K45 -> -13.743079 | Q45: =N45/K45 -> 0.95648025 | Y45: =SUM(Y41:Y44) -> 0 | Z45: =SUM(Z41:Z44) -> 0 | AC45: 4 | AD45: =SUM(AD41:AD44) -> 0 | AE45: =M45-J45 -> -130.55925 | AF45: =M45/J45 -> 0.95648025
A46: 新豐1線 | B46: 微波主食 | C46: 好多蒜燒豚飯 | E46: 51.75 | F46: 1125 | G46: =E46*F46 -> 58218.75 | I46: 25 | J46: 2000 | K46: =J46/I46 -> 80 | L46: 25 | M46: =F46/V46*60 -> 1928.5714 | N46: =M46/L46 -> 77.142857 | O46: =L46-I46 -> 0 | P46: =N46-K46 -> -2.8571429 | Q46: =N46/K46 -> 0.96428571 | R46: =Q52 -> 0.95974618 | S46: 0.33333333 | T46: 0.35763889 | V46: =(T46-S46)*24*60 -> 35 | AC46: 6 | AE46: =M46-J46 -> -71.428571 | AF46: =M46/J46 -> 0.96428571 | AG46: =AF52 -> 0.95974618
A47: 新豐1線 | B47: 微波主食 | C47: 壹號醬雞豚雙拼 | E47: 56.43 | F47: 1743 | G47: =E47*F47 -> 98357.49 | I47: 22 | J47: 2000 | K47: =J47/I47 -> 90.909091 | L47: 22 | M47: =F47/V47*60 -> 1901.4545 | N47: =M47/L47 -> 86.429752 | O47: =L47-I47 -> 0 | P47: =N47-K47 -> -4.4793388 | Q47: =N47/K47 -> 0.95072727 | S47: 0.36180556 | T47: 0.4 | U47: =IF(S47=TIME(17,0,0),"",(S47-T46)*24*60) -> 6 | V47: =(T47-S47)*24*60 -> 55 | AE47: =M47-J47 -> -98.545455 | AF47: =M47/J47 -> 0.95072727
A48: 新豐1線 | B48: 沙拉 | C48: 莎莎烤雞麵沙拉 | E48: 46 | F48: 2790 | G48: =E48*F48 -> 128340 | I48: 17 | J48: 2000 | K48: =J48/I48 -> 117.64706 | L48: 17 | M48: =F48/V48*60 -> 1902.2727 | N48: =M48/L48 -> 111.8984 | O48: =L48-I48 -> 0 | P48: =N48-K48 -> -5.7486631 | Q48: =N48/K48 -> 0.95113636 | S48: 0.40347222 | T48: 0.46458333 | U48: =IF(S48=TIME(17,0,0),"",(S48-T47)*24*60) -> 5 | V48: =(T48-S48)*24*60 -> 88 | AE48: =M48-J48 -> -97.727273 | AF48: =M48/J48 -> 0.95113636
A49: 新豐1線 | B49: 微波主食 | C49: 二配香拌海鮮醬肉絲蛋炒飯 | E49: 55.32 | F49: 1626 | G49: =E49*F49 -> 89950.32 | I49: 15 | J49: 2000 | K49: =J49/I49 -> 133.33333 | L49: 15 | M49: =F49/V49*60 -> 1912.9412 | N49: =M49/L49 -> 127.52941 | O49: =L49-I49 -> 0 | P49: =N49-K49 -> -5.8039216 | Q49: =N49/K49 -> 0.95647059 | S49: 0.70833333 | T49: 0.74375 | U49: =IF(S49=TIME(17,0,0),"",(S49-T48)*24*60) | V49: =(T49-S49)*24*60 -> 51 | AE49: =M49-J49 -> -87.058824 | AF49: =M49/J49 -> 0.95647059
A50: 新豐1線 | B50: 微波主食 | C50: 二配香辣醬蒜味香腸蛋炒飯 | E50: 55.56 | F50: 2243 | G50: =E50*F50 -> 124621.08 | I50: 17 | J50: 2000 | K50: =J50/I50 -> 117.64706 | L50: 17 | M50: =F50/V50*60 -> 1922.5714 | N50: =M50/L50 -> 113.09244 | O50: =L50-I50 -> 0 | P50: =N50-K50 -> -4.5546218 | Q50: =N50/K50 -> 0.96128571 | S50: 0.74930556 | T50: 0.79791667 | U50: =IF(S50=TIME(17,0,0),"",(S50-T49)*24*60) -> 8 | V50: =(T50-S50)*24*60 -> 70 | AE50: =M50-J50 -> -77.428571 | AF50: =M50/J50 -> 0.96128571
A51: 新豐1線 | B51: 微波主食 | C51: 二配鮭魚蛋炒飯 | E51: 54.29 | F51: 1137 | G51: =E51*F51 -> 61727.73 | I51: 20 | J51: 2000 | K51: =J51/I51 -> 100 | L51: 20 | M51: =F51/V51*60 -> 1949.1429 | N51: =M51/L51 -> 97.457143 | O51: =L51-I51 -> 0 | P51: =N51-K51 -> -2.5428571 | Q51: =N51/K51 -> 0.97457143 | S51: 0.80208333 | T51: 0.82638889 | U51: =IF(S51=TIME(17,0,0),"",(S51-T50)*24*60) -> 6 | V51: =(T51-S51)*24*60 -> 35 | AE51: =M51-J51 -> -50.857143 | AF51: =M51/J51 -> 0.97457143
A52: 新豐1線 | B52: 平均 | I52: 19.333333 | J52: 2000 | K52: =J52/I52 -> 103.44828 | L52: 19.333333 | M52: =AVERAGE(M46:M51) -> 1919.4924 | N52: =M52/L52 -> 99.284088 | O52: =L52-I52 -> 0 | P52: =N52-K52 -> -4.1641882 | Q52: =N52/K52 -> 0.95974618 | Y52: =SUM(Y46:Y51) -> 0 | Z52: =SUM(Z46:Z51) -> 0 | AC52: 6 | AD52: =SUM(AD46:AD51) -> 0 | AE52: =M52-J52 -> -80.507639 | AF52: =M52/J52 -> 0.95974618
A53: 新豐10線 | B53: 調理麵包 | C53: 墨西哥辣醬熱狗堡 | E53: 37.85 | F53: 1284 | G53: =E53*F53 -> 48599.4 | I53: 12 | J53: 2000 | K53: =J53/I53 -> 166.66667 | L53: 12 | M53: =F53/V53*60 -> 1926 | N53: =M53/L53 -> 160.5 | O53: =L53-I53 -> 0 | P53: =N53-K53 -> -6.1666667 | Q53: =N53/K53 -> 0.963 | R53: =Q59 -> 0.96389873 | S53: 0.20833333 | T53: 0.23611111 | V53: =(T53-S53)*24*60 -> 40 | AC53: 6 | AE53: =M53-J53 -> -74 | AF53: =M53/J53 -> 0.963 | AG53: =AF59 -> 0.96389873
A54: 新豐10線 | B54: 調理麵包 | C54: 厚豆腐蛋白蕈菇豬肉堡 | E54: 34.36 | F54: 2649 | G54: =E54*F54 -> 91019.64 | I54: 10 | J54: 3000 | K54: =J54/I54 -> 300 | L54: 10 | M54: =F54/V54*60 -> 2889.8182 | N54: =M54/L54 -> 288.98182 | O54: =L54-I54 -> 0 | P54: =N54-K54 -> -11.018182 | Q54: =N54/K54 -> 0.96327273 | S54: 0.24097222 | T54: 0.27916667 | U54: =(S54-T53)*24*60 -> 7 | V54: =(T54-S54)*24*60 -> 55 | AE54: =M54-J54 -> -110.18182 | AF54: =M54/J54 -> 0.96327273
A55: 新豐10線 | B55: 調理麵包 | C55: 茄汁薯餅蛋堡 | E55: 34.36 | F55: 1612 | G55: =E55*F55 -> 55388.32 | I55: 10 | J55: 3000 | K55: =J55/I55 -> 300 | L55: 10 | M55: =F55/V55*60 -> 2930.9091 | N55: =M55/L55 -> 293.09091 | O55: =L55-I55 -> 0 | P55: =N55-K55 -> -6.9090909 | Q55: =N55/K55 -> 0.9769697 | S55: 0.28263889 | T55: 0.30555556 | U55: =(S55-T54)*24*60 -> 5 | V55: =(T55-S55)*24*60 -> 33 | AE55: =M55-J55 -> -69.090909 | AF55: =M55/J55 -> 0.9769697
A56: 新豐10線 | B56: 調理麵包 | C56: 香雞蛋堡(112年) | E56: 26.78 | F56: 2691 | G56: =E56*F56 -> 72064.98 | I56: 10 | J56: 3000 | K56: =J56/I56 -> 300 | L56: 10 | M56: =F56/V56*60 -> 2883.2143 | N56: =M56/L56 -> 288.32143 | O56: =L56-I56 -> 0 | P56: =N56-K56 -> -11.678571 | Q56: =N56/K56 -> 0.96107143 | S56: 0.30902778 | T56: 0.34791667 | U56: =(S56-T55)*24*60 -> 5 | V56: =(T56-S56)*24*60 -> 56 | AE56: =M56-J56 -> -116.78571 | AF56: =M56/J56 -> 0.96107143
A57: 新豐10線 | B57: 調理麵包 | C57: 魔王愛吃辣雞堡 | E57: 37.88 | F57: 2453 | G57: =E57*F57 -> 92919.64 | I57: 10 | J57: 3000 | K57: =J57/I57 -> 300 | L57: 10 | M57: =F57/V57*60 -> 2885.8824 | N57: =M57/L57 -> 288.58824 | O57: =L57-I57 -> 0 | P57: =N57-K57 -> -11.411765 | Q57: =N57/K57 -> 0.96196078 | S57: 0.35208333 | T57: 0.3875 | U57: =(S57-T56)*24*60 -> 6 | V57: =(T57-S57)*24*60 -> 51 | AE57: =M57-J57 -> -114.11765 | AF57: =M57/J57 -> 0.96196078
A58: 新豐10線 | B58: 調理麵包 | C58: 美式雞腿堡 | E58: 35.87 | F58: 4210 | G58: =E58*F58 -> 151012.7 | I58: 9 | J58: 3000 | K58: =J58/I58 -> 333.33333 | L58: 9 | M58: =F58/V58*60 -> 2870.4545 | N58: =M58/L58 -> 318.93939 | O58: =L58-I58 -> 0 | P58: =N58-K58 -> -14.393939 | Q58: =N58/K58 -> 0.95681818 | S58: 0.39305556 | T58: 0.45416667 | U58: =(S58-T57)*24*60 -> 8 | V58: =(T58-S58)*24*60 -> 88 | AE58: =M58-J58 -> -129.54545 | AF58: =M58/J58 -> 0.95681818
A59: 新豐10線 | B59: 平均 | I59: 10.166667 | J59: 2833.3333 | K59: =J59/I59 -> 278.68852 | L59: 10.166667 | M59: =AVERAGE(M53:M58) -> 2731.0464 | N59: =M59/L59 -> 268.62752 | O59: =L59-I59 -> 0 | P59: =N59-K59 -> -10.061009 | Q59: =N59/K59 -> 0.96389873 | Y59: =SUM(Y53:Y58) -> 0 | Z59: =SUM(Z53:Z58) -> 0 | AC59: 6 | AD59: =SUM(AD53:AD58) -> 0 | AE59: =M59-J59 -> -102.28692 | AF59: =M59/J59 -> 0.96389873
A60: 新豐4線 | B60: 三明治 | C60: 火腿起司蛋三明治 | E60: 19.02 | F60: 9000 | G60: =E60*F60 -> 171180 | H60: 2 | I60: 14 | J60: 2400 | K60: =J60/I60 -> 171.42857 | L60: 14 | M60: =F60/V60*60 -> 2288.1356 | N60: =M60/L60 -> 163.43826 | O60: =L60-I60 -> 0 | P60: =N60-K60 -> -7.9903148 | Q60: =N60/K60 -> 0.95338983 | R60: =Q65 -> 0.95873478 | S60: 0.083333333 | T60: 0.24722222 | V60: =(T60-S60)*24*60 -> 236 | W60: =T60 -> 0.24722222 | X60: =S61 -> 0.26736111 | AC60: 5 | AE60: =M60-J60 -> -111.86441 | AF60: =M60/J60 -> 0.95338983 | AG60: =AF65 -> 0.95873478
A61: 新豐4線 | B61: 三明治 | C61: 瘋狂起司三明治(113年) | E61: 24.45 | F61: 3144 | G61: =E61*F61 -> 76870.8 | I61: 19 | J61: 2400 | K61: =J61/I61 -> 126.31579 | L61: 19 | M61: =F61/V61*60 -> 2300.4878 | N61: =M61/L61 -> 121.07831 | O61: =L61-I61 -> 0 | P61: =N61-K61 -> -5.237484 | Q61: =N61/K61 -> 0.95853659 | S61: 0.26736111 | T61: 0.32430556 | U61: =(S61-T60)*24*60 -> 29 | V61: =(T61-S61)*24*60 -> 82 | AE61: =M61-J61 -> -99.512195 | AF61: =M61/J61 -> 0.95853659
A62: 新豐4線 | B62: 三明治 | C62: 藍莓優格三明治 | E62: 20.21 | F62: 3383 | G62: =E62*F62 -> 68370.43 | I62: 15 | J62: 2400 | K62: =J62/I62 -> 160 | L62: 15 | M62: =F62/V62*60 -> 2306.5909 | N62: =M62/L62 -> 153.77273 | O62: =L62-I62 -> 0 | P62: =N62-K62 -> -6.2272727 | Q62: =N62/K62 -> 0.96107955 | S62: 0.32986111 | T62: 0.39097222 | U62: =(S62-T61)*24*60 -> 8 | V62: =(T62-S62)*24*60 -> 88 | AE62: =M62-J62 -> -93.409091 | AF62: =M62/J62 -> 0.96107955
A63: 新豐4線 | B63: 三明治 | C63: 香蕉可可三明治 | E63: 22.69 | F63: 5466 | G63: =E63*F63 -> 124023.54 | I63: 15 | J63: 2400 | K63: =J63/I63 -> 160 | L63: 15 | M63: =F63/V63*60 -> 2293.4266 | N63: =M63/L63 -> 152.8951 | O63: =L63-I63 -> 0 | P63: =N63-K63 -> -7.1048951 | Q63: =N63/K63 -> 0.95559441 | S63: 0.39513889 | T63: 0.49444444 | U63: =(S63-T62)*24*60 -> 6 | V63: =(T63-S63)*24*60 -> 143 | W63: =T63 -> 0.49444444 | X63: =S64 -> 0.53402778 | AE63: =M63-J63 -> -106.57343 | AF63: =M63/J63 -> 0.95559441
A64: 新豐4線 | B64: 三明治 | C64: 火腿起司蛋三明治 | E64: 19.02 | F64: 2625 | G64: =E64*F64 -> 49927.5 | I64: 14 | J64: 2400 | K64: =J64/I64 -> 171.42857 | L64: 14 | M64: =F64/V64*60 -> 2316.1765 | N64: =M64/L64 -> 165.44118 | O64: =L64-I64 -> 0 | P64: =N64-K64 -> -5.987395 | Q64: =N64/K64 -> 0.96507353 | S64: 0.53402778 | T64: 0.58125 | U64: =(S64-T63)*24*60 -> 57 | V64: =(T64-S64)*24*60 -> 68 | AE64: =M64-J64 -> -83.823529 | AF64: =M64/J64 -> 0.96507353
A65: 新豐4線 | B65: 平均 | I65: 15.4 | J65: 2400 | K65: =J65/I65 -> 155.84416 | L65: 15.4 | M65: =AVERAGE(M60:M64) -> 2300.9635 | N65: =M65/L65 -> 149.41321 | O65: =L65-I65 -> 0 | P65: =N65-K65 -> -6.4309435 | Q65: =N65/K65 -> 0.95873478 | Y65: =SUM(Y60:Y64) -> 0 | Z65: =SUM(Z60:Z64) -> 0 | AC65: 5 | AD65: =SUM(AD60:AD64) -> 0 | AE65: =M65-J65 -> -99.03653 | AF65: =M65/J65 -> 0.95873478

Sheet 0426
B1: 屏榮 新豐廠組合室生產人時性分析
B3: 日期 | C3: =TEXT('0426 4度C'!A2,"yyyy.mm.ddaaaa") -> 2026.04.26星期日 | E3: 訂單量 | F3: ='0426 4度C'!D1 -> 186632 | H3: 營業額 | I3: ='0426 4度C'!F1 -> 6136087.4
B4: 人時性 | C4: 項目 | E4: ➀ | G4: ➁ | I4: ➂ | K4: 異常停線 | M4: 短暫停線
C5: 組合室 | E5: 全溫層 | G5: 4度C-各編組展開 | I5: ③三明治-各編組展開 | K5: 合計次數 | L5: 時間 | M5: 合計次數 | N5: 設備次數
C6: 排關平均 | E6: =AVERAGE(D13:M13) -> 156.33516 | F6: =AVERAGE(D31:O31,D13:J13) -> 162.5423 | G6: =AVERAGE(D13:J13) -> 162.5423 | I6: =AVERAGE(K13:M13) -> 141.85185 | K6: ='0426 4度C'!Y2 -> 0 | L6: ='0426 4度C'!Z2 -> 0 | M6: ='0426 4度C'!AC2 -> 60 | N6: ='0426 4度C'!AD2 -> 0
C7: 實績平均 | E7: =AVERAGE(D14:M14) -> 150.00305 | F7: =AVERAGE(D32:O32,D14:J14) -> 156.07886 | G7: =AVERAGE(D14:J14) -> 156.07886 | I7: =AVERAGE(K14:M14) -> 135.82616
C8: 達成率平均 | E8: =AVERAGE(D15:M15) -> 0.95956075 | F8: =AVERAGE(D15:J15,D33:O33) -> 0.96041781 | G8: =AVERAGE(D15:J15) -> 0.96041781 | I8: =AVERAGE(K15:M15) -> 0.95756095
K9: ※現行日本鮮食廠以達成率80%為基本(即為現行KPI)
B10: 溫層 | D10: ➁4度C-各編組展開 | K10: ③三明治-各編組展開
B11: 編組 | D11: 1 | E11: 2 | F11: 3 | G11: 4 | H11: 5 | I11: 6 | J11: 7 | K11: 1 | L11: 2 | M11: 3
D12: 新豐6線 | E12: 新豐2線 | F12: 新豐5線 | G12: 新豐7線 | H12: 新豐3線 | I12: 新豐1線 | J12: 新豐10線 | K12: 新豐8線 | L12: 新豐9線 | M12: 新豐4線
B13: 人時性 | C13: 排關 | D13: =SUMIFS('0426 4度C'!$K:$K,'0426 4度C'!$A:$A,"新豐6線",'0426 4度C'!$B:$B,"平均") -> 122.44898 | E13: =SUMIFS('0426 4度C'!$K:$K,'0426 4度C'!$A:$A,"新豐2線",'0426 4度C'!$B:$B,"平均") -> 83.333333 | F13: =SUMIFS('0426 4度C'!$K:$K,'0426 4度C'!$A:$A,"新豐5線",'0426 4度C'!$B:$B,"平均") -> 105.88235 | G13: =SUMIFS('0426 4度C'!$K:$K,'0426 4度C'!$A:$A,"新豐7線",'0426 4度C'!$B:$B,"平均") -> 128.20513 | H13: =SUMIFS('0426 4度C'!$K:$K,'0426 4度C'!$A:$A,"新豐3線",'0426 4度C'!$B:$B,"平均") -> 315.78947 | I13: =SUMIFS('0426 4度C'!$K:$K,'0426 4度C'!$A:$A,"新豐1線",'0426 4度C'!$B:$B,"平均") -> 103.44828 | J13: =SUMIFS('0426 4度C'!$K:$K,'0426 4度C'!$A:$A,"新豐10線",'0426 4度C'!$B:$B,"平均") -> 278.68852 | K13: =SUMIFS('0426 4度C'!$K:$K,'0426 4度C'!$A:$A,"新豐8線",'0426 4度C'!$B:$B,"平均") -> 133.33333 | L13: =SUMIFS('0426 4度C'!$K:$K,'0426 4度C'!$A:$A,"新豐9線",'0426 4度C'!$B:$B,"平均") -> 142.22222 | M13: =SUMIFS('0426 4度C'!$K:$K,'0426 4度C'!$A:$A,"新豐4線",'0426 4度C'!$B:$B,"平均") -> 150
C14: 實績 | D14: =SUMIFS('0426 4度C'!$N:$N,'0426 4度C'!$A:$A,"新豐6線",'0426 4度C'!$B:$B,"平均") -> 117.89927 | E14: =SUMIFS('0426 4度C'!$N:$N,'0426 4度C'!$A:$A,"新豐2線",'0426 4度C'!$B:$B,"平均") -> 79.656368 | F14: =SUMIFS('0426 4度C'!$N:$N,'0426 4度C'!$A:$A,"新豐5線",'0426 4度C'!$B:$B,"平均") -> 102.16459 | G14: =SUMIFS('0426 4度C'!$N:$N,'0426 4度C'!$A:$A,"新豐7線",'0426 4度C'!$B:$B,"平均") -> 123.00715 | H14: =SUMIFS('0426 4度C'!$N:$N,'0426 4度C'!$A:$A,"新豐3線",'0426 4度C'!$B:$B,"平均") -> 302.54193 | I14: =SUMIFS('0426 4度C'!$N:$N,'0426 4度C'!$A:$A,"新豐1線",'0426 4度C'!$B:$B,"平均") -> 99.35366 | J14: =SUMIFS('0426 4度C'!$N:$N,'0426 4度C'!$A:$A,"新豐10線",'0426 4度C'!$B:$B,"平均") -> 267.92904 | K14: =SUMIFS('0426 4度C'!$N:$N,'0426 4度C'!$A:$A,"新豐8線",'0426 4度C'!$B:$B,"平均") -> 127.93984 | L14: =SUMIFS('0426 4度C'!$N:$N,'0426 4度C'!$A:$A,"新豐9線",'0426 4度C'!$B:$B,"平均") -> 135.8899 | M14: =SUMIFS('0426 4度C'!$N:$N,'0426 4度C'!$A:$A,"新豐4線",'0426 4度C'!$B:$B,"平均") -> 143.64872
C15: 達成率 | D15: =D14/D13 -> 0.96284407 | E15: =E14/E13 -> 0.95587642 | F15: =F14/F13 -> 0.96488781 | G15: =G14/G13 -> 0.9594558 | H15: =H14/H13 -> 0.95804945 | I15: =I14/I13 -> 0.96041871 | J15: =J14/J13 -> 0.96139242 | K15: =K14/K13 -> 0.9595488 | ... M15: =M14/M13 -> 0.95765815
B16: 作業 時間 | C16: 開始 | D16: =VLOOKUP("新豐6線",'0426 4度C'!$A:$T,19,0) -> 0.70833333 | E16: =VLOOKUP("新豐2線",'0426 4度C'!$A:$T,19,0) -> 0.20833333 | F16: =VLOOKUP("新豐5線",'0426 4度C'!$A:$T,19,0) -> 0.20833333 | G16: =VLOOKUP("新豐7線",'0426 4度C'!$A:$T,19,0) -> 0.29166667 | H16: =VLOOKUP("新豐3線",'0426 4度C'!$A:$T,19,0) -> 0.083333333 | I16: =VLOOKUP("新豐1線",'0426 4度C'!$A:$T,19,0) -> 0.33333333 | J16: =VLOOKUP("新豐10線",'0426 4度C'!$A:$T,19,0) -> 0.20833333 | K16: =VLOOKUP("新豐8線",'0426 4度C'!$A:$T,19,0) -> 0.083333333 | L16: =VLOOKUP("新豐9線",'0426 4度C'!$A:$T,19,0) -> 0.083333333 | M16: =VLOOKUP("新豐4線",'0426 4度C'!$A:$T,19,0) -> 0.083333333
C17: 結束 | D17: =LOOKUP(2,1/(('0426 4度C'!$A:$A="新豐6線")*('0426 4度C'!$T:$T<>"")),'0426 4度C'!$T:$T) -> 0.93055556 | E17: =LOOKUP(2,1/(('0426 4度C'!$A:$A="新豐2線")*('0426 4度C'!$T:$T<>"")),'0426 4度C'!$T:$T) -> 0.69305556 | F17: =LOOKUP(2,1/(('0426 4度C'!$A:$A="新豐5線")*('0426 4度C'!$T:$T<>"")),'0426 4度C'!$T:$T) -> 0.9 | G17: =LOOKUP(2,1/(('0426 4度C'!$A:$A="新豐7線")*('0426 4度C'!$T:$T<>"")),'0426 4度C'!$T:$T) -> 0.82777778 | H17: =LOOKUP(2,1/(('0426 4度C'!$A:$A="新豐3線")*('0426 4度C'!$T:$T<>"")),'0426 4度C'!$T:$T) -> 0.46666667 | I17: =LOOKUP(2,1/(('0426 4度C'!$A:$A="新豐1線")*('0426 4度C'!$T:$T<>"")),'0426 4度C'!$T:$T) -> 0.83333333 | J17: =LOOKUP(2,1/(('0426 4度C'!$A:$A="新豐10線")*('0426 4度C'!$T:$T<>"")),'0426 4度C'!$T:$T) -> 0.44930556 | K17: =LOOKUP(2,1/(('0426 4度C'!$A:$A="新豐8線")*('0426 4度C'!$T:$T<>"")),'0426 4度C'!$T:$T) -> 0.7 | L17: =LOOKUP(2,1/(('0426 4度C'!$A:$A="新豐9線")*('0426 4度C'!$T:$T<>"")),'0426 4度C'!$T:$T) -> 0.76458333 | M17: =LOOKUP(2,1/(('0426 4度C'!$A:$A="新豐4線")*('0426 4度C'!$T:$T<>"")),'0426 4度C'!$T:$T) -> 0.72152778
B18: 產線異常 (5分鐘以上) | C18: 次數 | D18: =SUMIFS('0426 4度C'!$Y:$Y,'0426 4度C'!$A:$A,"新豐6線",'0426 4度C'!$B:$B,"平均") -> 0 | E18: =SUMIFS('0426 4度C'!$Y:$Y,'0426 4度C'!$A:$A,"新豐2線",'0426 4度C'!$B:$B,"平均") -> 0 | F18: =SUMIFS('0426 4度C'!$Y:$Y,'0426 4度C'!$A:$A,"新豐5線",'0426 4度C'!$B:$B,"平均") -> 0 | G18: =SUMIFS('0426 4度C'!$Y:$Y,'0426 4度C'!$A:$A,"新豐7線",'0426 4度C'!$B:$B,"平均") -> 0 | H18: =SUMIFS('0426 4度C'!$Y:$Y,'0426 4度C'!$A:$A,"新豐3線",'0426 4度C'!$B:$B,"平均") -> 0 | I18: =SUMIFS('0426 4度C'!$Y:$Y,'0426 4度C'!$A:$A,"新豐1線",'0426 4度C'!$B:$B,"平均") -> 0 | J18: =SUMIFS('0426 4度C'!$Y:$Y,'0426 4度C'!$A:$A,"新豐10線",'0426 4度C'!$B:$B,"平均") -> 0 | K18: =SUMIFS('0426 4度C'!$Y:$Y,'0426 4度C'!$A:$A,"新豐8線",'0426 4度C'!$B:$B,"平均") -> 0 | L18: =SUMIFS('0426 4度C'!$Y:$Y,'0426 4度C'!$A:$A,"新豐9線",'0426 4度C'!$B:$B,"平均") -> 0 | M18: =SUMIFS('0426 4度C'!$Y:$Y,'0426 4度C'!$A:$A,"新豐4線",'0426 4度C'!$B:$B,"平均") -> 0
C19: 時間/分 | D19: =SUMIFS('0426 4度C'!$Z:$Z,'0426 4度C'!$A:$A,"新豐6線",'0426 4度C'!$B:$B,"平均") -> 0 | E19: =SUMIFS('0426 4度C'!$Z:$Z,'0426 4度C'!$A:$A,"新豐2線",'0426 4度C'!$B:$B,"平均") -> 0 | F19: =SUMIFS('0426 4度C'!$Z:$Z,'0426 4度C'!$A:$A,"新豐5線",'0426 4度C'!$B:$B,"平均") -> 0 | G19: =SUMIFS('0426 4度C'!$Z:$Z,'0426 4度C'!$A:$A,"新豐7線",'0426 4度C'!$B:$B,"平均") -> 0 | H19: =SUMIFS('0426 4度C'!$Z:$Z,'0426 4度C'!$A:$A,"新豐3線",'0426 4度C'!$B:$B,"平均") -> 0 | I19: =SUMIFS('0426 4度C'!$Z:$Z,'0426 4度C'!$A:$A,"新豐1線",'0426 4度C'!$B:$B,"平均") -> 0 | J19: =SUMIFS('0426 4度C'!$Z:$Z,'0426 4度C'!$A:$A,"新豐10線",'0426 4度C'!$B:$B,"平均") -> 0 | K19: =SUMIFS('0426 4度C'!$Z:$Z,'0426 4度C'!$A:$A,"新豐8線",'0426 4度C'!$B:$B,"平均") -> 0 | L19: =SUMIFS('0426 4度C'!$Z:$Z,'0426 4度C'!$A:$A,"新豐9線",'0426 4度C'!$B:$B,"平均") -> 0 | M19: =SUMIFS('0426 4度C'!$Z:$Z,'0426 4度C'!$A:$A,"新豐4線",'0426 4度C'!$B:$B,"平均") -> 0
B20: 短暫停線 (5分鐘以下) | C20: 次數 | D20: =SUMIFS('0426 4度C'!$AC:$AC,'0426 4度C'!$A:$A,"新豐6線",'0426 4度C'!$B:$B,"平均") -> 6 | E20: =SUMIFS('0426 4度C'!$AC:$AC,'0426 4度C'!$A:$A,"新豐2線",'0426 4度C'!$B:$B,"平均") -> 4 | F20: =SUMIFS('0426 4度C'!$AC:$AC,'0426 4度C'!$A:$A,"新豐5線",'0426 4度C'!$B:$B,"平均") -> 5 | G20: =SUMIFS('0426 4度C'!$AC:$AC,'0426 4度C'!$A:$A,"新豐7線",'0426 4度C'!$B:$B,"平均") -> 5 | H20: =SUMIFS('0426 4度C'!$AC:$AC,'0426 4度C'!$A:$A,"新豐3線",'0426 4度C'!$B:$B,"平均") -> 4 | I20: =SUMIFS('0426 4度C'!$AC:$AC,'0426 4度C'!$A:$A,"新豐1線",'0426 4度C'!$B:$B,"平均") -> 6 | J20: =SUMIFS('0426 4度C'!$AC:$AC,'0426 4度C'!$A:$A,"新豐10線",'0426 4度C'!$B:$B,"平均") -> 6 | K20: =SUMIFS('0426 4度C'!$AC:$AC,'0426 4度C'!$A:$A,"新豐8線",'0426 4度C'!$B:$B,"平均") -> 8 | L20: =SUMIFS('0426 4度C'!$AC:$AC,'0426 4度C'!$A:$A,"新豐9線",'0426 4度C'!$B:$B,"平均") -> 8 | M20: =SUMIFS('0426 4度C'!$AC:$AC,'0426 4度C'!$A:$A,"新豐4線",'0426 4度C'!$B:$B,"平均") -> 8
C21: 設備次數 | D21: =SUMIFS('0426 4度C'!$AD:$AD,'0426 4度C'!$A:$A,"新豐6線",'0426 4度C'!$B:$B,"平均") -> 0 | E21: =SUMIFS('0426 4度C'!$AD:$AD,'0426 4度C'!$A:$A,"新豐2線",'0426 4度C'!$B:$B,"平均") -> 0 | F21: =SUMIFS('0426 4度C'!$AD:$AD,'0426 4度C'!$A:$A,"新豐5線",'0426 4度C'!$B:$B,"平均") -> 0 | G21: =SUMIFS('0426 4度C'!$AD:$AD,'0426 4度C'!$A:$A,"新豐7線",'0426 4度C'!$B:$B,"平均") -> 0 | H21: =SUMIFS('0426 4度C'!$AD:$AD,'0426 4度C'!$A:$A,"新豐3線",'0426 4度C'!$B:$B,"平均") -> 0 | I21: =SUMIFS('0426 4度C'!$AD:$AD,'0426 4度C'!$A:$A,"新豐1線",'0426 4度C'!$B:$B,"平均") -> 0 | J21: =SUMIFS('0426 4度C'!$AD:$AD,'0426 4度C'!$A:$A,"新豐10線",'0426 4度C'!$B:$B,"平均") -> 0 | K21: =SUMIFS('0426 4度C'!$AD:$AD,'0426 4度C'!$A:$A,"新豐8線",'0426 4度C'!$B:$B,"平均") -> 0 | L21: =SUMIFS('0426 4度C'!$AD:$AD,'0426 4度C'!$A:$A,"新豐9線",'0426 4度C'!$B:$B,"平均") -> 0 | M21: =SUMIFS('0426 4度C'!$AD:$AD,'0426 4度C'!$A:$A,"新豐4線",'0426 4度C'!$B:$B,"平均") -> 0
B22: 配置人數 | D22: =SUMIFS('0426 4度C'!$I:$I,'0426 4度C'!$A:$A,"新豐6線",'0426 4度C'!$B:$B,"平均") -> 16.333333 | E22: =SUMIFS('0426 4度C'!$I:$I,'0426 4度C'!$A:$A,"新豐2線",'0426 4度C'!$B:$B,"平均") -> 18 | F22: =SUMIFS('0426 4度C'!$I:$I,'0426 4度C'!$A:$A,"新豐5線",'0426 4度C'!$B:$B,"平均") -> 17 | G22: =SUMIFS('0426 4度C'!$I:$I,'0426 4度C'!$A:$A,"新豐7線",'0426 4度C'!$B:$B,"平均") -> 15.6 | H22: =SUMIFS('0426 4度C'!$I:$I,'0426 4度C'!$A:$A,"新豐3線",'0426 4度C'!$B:$B,"平均") -> 9.5 | I22: =SUMIFS('0426 4度C'!$I:$I,'0426 4度C'!$A:$A,"新豐1線",'0426 4度C'!$B:$B,"平均") -> 19.333333 | J22: =SUMIFS('0426 4度C'!$I:$I,'0426 4度C'!$A:$A,"新豐10線",'0426 4度C'!$B:$B,"平均") -> 10.166667 | K22: =SUMIFS('0426 4度C'!$I:$I,'0426 4度C'!$A:$A,"新豐8線",'0426 4度C'!$B:$B,"平均") -> 18 | L22: =SUMIFS('0426 4度C'!$I:$I,'0426 4度C'!$A:$A,"新豐9線",'0426 4度C'!$B:$B,"平均") -> 16.875 | M22: =SUMIFS('0426 4度C'!$I:$I,'0426 4度C'!$A:$A,"新豐4線",'0426 4度C'!$B:$B,"平均") -> 16
B23: 主要應用設備 | D23: ET-55 | E23: 熱縮爐 | F23: L型包裝機 | G23: L型包裝機 | H23: 伺服包裝機 | I23: ET-55 | J23: 伺服包裝機 | K23: 三明治包裝機 | L23: 三明治包裝機 | M23: 三明治包裝機
B24: 次要應用設備 | F24: 圓盤機 | G24: ET-55
B25: 備註 | E25: 握沙拉 | F25: 共用L型包裝機 | H25: 調理麵包 | I25: 炒飯+沙拉 | J25: 調理麵包

Sheet 0426 4度C
A1: 新豐廠四度C日報分析 | C1: 總生產量 | D1: =SUM(F5:F74) -> 186632 | E1: 營業額 | F1: =SUM(G5:G74) -> 6136087.4 | G1: 出勤人數 | H1: =L11+L16+L51+L58+L22+L65+L37+L46+L28+L74 -> 156.80833 | I1: 產線配置圖 | L1: 生產實績 | O1: 人時性差異分析 | S1: 日報登錄 | Y1: 合計 次數 | Z1: 合計 時間/分 | AA1: 產線異常 分析說明(5分鐘以上) | AC1: 合計 次數 | AD1: 合計 設備次數 | AE1: 產能差異分析
A2: 46138 | B2: 星期日 | C2: 人時性 | D2: =AVERAGE(N11,N16,N51,N58,N22,N65,N28,N37,N46,N74) -> 150.00305 | E2: 平均廠價 | F2: =F1/D1 -> 32.878003 | G2: 多次生產數 | H2: =COUNT(H5:H74) -> 14 | Y2: =SUM(Y11+Y16+Y22+Y28+Y37+Y46+Y51+Y58+Y65+Y74) -> 0 | Z2: =SUM(Z11+Z16+Z22+Z28+Z37+Z46+Z51+Z58+Z65+Z74) -> 0 | AC2: 60 | AD2: =SUM(AD11+AD16+AD22+AD28+AD37+AD46+AD51+AD58+AD65+AD74) -> 0
A3: 線別 | B3: 品類 | C3: 品名 | E3: 廠價 | F3: 生產量 | G3: 營收 | H3: 多次 生產 | I3: 人數 | J3: 產能/時 | K3: 人時性 | L3: 人數 | M3: 產能/時 | N3: 人時性 | O3: 人數 | P3: 人時性 | Q3: 達成率 | R3: 達成率平均 | S3: 生產時間 | U3: 換線、休息/分 | V3: 稼動時間/分 | W3: 休息時間 | Y3: 產線異常統計 (5分鐘以上) | AA3: (新豐回填) | AC3: 短暫停線統計 (5分鐘以下) | AE3: 產能/時 | AF3: 達成率 | AG3: 達成率平均
S4: 開始 | T4: 結束 | W4: 開始 | X4: 結束 | Y4: 次數 | Z4: 時間/分 | AC4: 總次數 | AD4: 設備因素(次數)
A5: 新豐6線 | B5: 微波主食 | C5: 二配港式香滑嫩蛋牛肉燴飯 | E5: 50.67 | F5: 1765 | G5: =E5*F5 -> 89432.55 | I5: 17 | J5: 2000 | K5: =J5/I5 -> 117.64706 | L5: 17 | M5: =F5/V5*60 -> 1925.4545 | N5: =M5/L5 -> 113.26203 | O5: =L5-I5 -> 0 | P5: =N5-K5 -> -4.3850267 | Q5: =N5/K5 -> 0.96272727 | R5: =Q11 -> 0.96284407 | S5: 0.70833333 | T5: 0.74652778 | V5: =(T5-S5)*24*60 -> 55 | AC5: 6 | AE5: =M5-J5 -> -74.545455 | AF5: =M5/J5 -> 0.96272727 | AG5: =AF11 -> 0.96284407
A6: 新豐6線 | B6: 微波主食 | C6: 二配美味蟹煲 | E6: 54.09 | F6: 1444 | G6: =E6*F6 -> 78105.96 | I6: 19 | J6: 2000 | K6: =J6/I6 -> 105.26316 | L6: 19 | M6: =F6/V6*60 -> 1925.3333 | N6: =M6/L6 -> 101.33333 | O6: =L6-I6 -> 0 | P6: =N6-K6 -> -3.9298246 | Q6: =N6/K6 -> 0.96266667 | S6: 0.75208333 | T6: 0.78333333 | U6: =IF(S6=TIME(17,0,0),"",(S6-T5)*24*60) -> 8 | V6: =(T6-S6)*24*60 -> 45 | AE6: =M6-J6 -> -74.666667 | AF6: =M6/J6 -> 0.96266667
A7: 新豐6線 | B7: 微波主食 | C7: 二配泰式綠咖哩雞 | E7: 50.67 | F7: 900 | G7: =E7*F7 -> 45603 | H7: 2 | I7: 15 | J7: 2000 | K7: =J7/I7 -> 133.33333 | L7: 15 | M7: =F7/V7*60 -> 1928.5714 | N7: =M7/L7 -> 128.57143 | O7: =L7-I7 -> 0 | P7: =N7-K7 -> -4.7619048 | Q7: =N7/K7 -> 0.96428571 | S7: 0.78888889 | T7: 0.80833333 | U7: =IF(S7=TIME(17,0,0),"",(S7-T6)*24*60) -> 8 | V7: =(T7-S7)*24*60 -> 28 | AE7: =M7-J7 -> -71.428571 | AF7: =M7/J7 -> 0.96428571
A8: 新豐6線 | B8: 微波主食 | C8: 二配蔥爆牛肉燴飯 | E8: 52.86 | F8: 1000 | G8: =E8*F8 -> 52860 | H8: 2 | I8: 16 | J8: 2000 | K8: =J8/I8 -> 125 | L8: 16 | M8: =F8/V8*60 -> 1935.4839 | N8: =M8/L8 -> 120.96774 | O8: =L8-I8 -> 0 | P8: =N8-K8 -> -4.0322581 | Q8: =N8/K8 -> 0.96774194 | S8: 0.81388889 | T8: 0.83541667 | U8: =IF(S8=TIME(17,0,0),"",(S8-T7)*24*60) -> 8 | V8: =(T8-S8)*24*60 -> 31 | W8: =T8 -> 0.83541667 | X8: =S9 -> 0.875 | AE8: =M8-J8 -> -64.516129 | AF8: =M8/J8 -> 0.96774194
A9: 新豐6線 | B9: 微波主食 | C9: 二配蔥爆牛肉燴飯 | E9: 52.86 | F9: 1354 | G9: =E9*F9 -> 71572.44 | I9: 16 | J9: 2000 | K9: =J9/I9 -> 125 | L9: 16 | M9: =F9/V9*60 -> 1934.2857 | N9: =M9/L9 -> 120.89286 | O9: =L9-I9 -> 0 | P9: =N9-K9 -> -4.1071429 | Q9: =N9/K9 -> 0.96714286 | S9: 0.875 | T9: 0.90416667 | U9: =IF(S9=TIME(17,0,0),"",(S9-T8)*24*60) -> 57 | V9: =(T9-S9)*24*60 -> 42 | AE9: =M9-J9 -> -65.714286 | AF9: =M9/J9 -> 0.96714286
A10: 新豐6線 | B10: 微波主食 | C10: 二配泰式綠咖哩雞 | E10: 50.67 | F10: 1016 | G10: =E10*F10 -> 51480.72 | I10: 15 | J10: 2000 | K10: =J10/I10 -> 133.33333 | L10: 15 | M10: =F10/V10*60 -> 1905 | N10: =M10/L10 -> 127 | O10: =L10-I10 -> 0 | P10: =N10-K10 -> -6.3333333 | Q10: =N10/K10 -> 0.9525 | S10: 0.90833333 | T10: 0.93055556 | U10: =IF(S10=TIME(17,0,0),"",(S10-T9)*24*60) -> 6 | V10: =(T10-S10)*24*60 -> 32 | AE10: =M10-J10 -> -95 | AF10: =M10/J10 -> 0.9525
A11: 新豐6線 | B11: 平均 | I11: 16.333333 | J11: 2000 | K11: =J11/I11 -> 122.44898 | L11: 16.333333 | M11: =AVERAGE(M5:M10) -> 1925.6881 | N11: =M11/L11 -> 117.89927 | O11: =L11-I11 -> 0 | P11: =N11-K11 -> -4.5497052 | Q11: =N11/K11 -> 0.96284407 | Y11: =SUM(Y5:Y10) -> 0 | Z11: =SUM(Z5:Z10) -> 0 | AC11: 6 | AD11: =SUM(AD5:AD10) -> 0 | AE11: =M11-J11 -> -74.311851 | AF11: =M11/J11 -> 0.96284407
A12: 新豐2線 | B12: 沙拉 | C12: 青醬優格雞肉握沙拉(113年) | E12: 39.62 | F12: 3400 | G12: =E12*F12 -> 134708 | H12: 2 | I12: 19 | J12: 1500 | K12: =J12/I12 -> 78.947368 | L12: 19 | M12: =F12/V12*60 -> 1436.6197 | N12: =M12/L12 -> 75.611564 | O12: =L12-I12 -> 0 | P12: =N12-K12 -> -3.3358043 | Q12: =N12/K12 -> 0.95774648 | R12: =Q16 -> 0.95587642 | S12: 0.20833333 | T12: 0.30694444 | V12: =(T12-S12)*24*60 -> 142 | AC12: 4 | AE12: =M12-J12 -> -63.380282 | AF12: =M12/J12 -> 0.95774648 | AG12: =AF16 -> 0.95587642
A13: 新豐2線 | B13: 沙拉 | C13: 青檸烤雞握沙拉(113年) | E13: 39.8 | F13: 5100 | G13: =E13*F13 -> 202980 | H13: 2 | I13: 17 | J13: 1500 | K13: =J13/I13 -> 88.235294 | L13: 17 | M13: =F13/V13*60 -> 1429.9065 | N13: =M13/L13 -> 84.11215 | O13: =L13-I13 -> 0 | P13: =N13-K13 -> -4.1231446 | Q13: =N13/K13 -> 0.95327103 | S13: 0.31111111 | T13: 0.45972222 | U13: =IF(S13=TIME(17,0,0),"",(S13-T12)*24*60) -> 6 | V13: =(T13-S13)*24*60 -> 214 | W13: =T13 -> 0.45972222 | X13: =S14 -> 0.49930556 | AE13: =M13-J13 -> -70.093458 | AF13: =M13/J13 -> 0.95327103
A14: 新豐2線 | B14: 沙拉 | C14: 青檸烤雞握沙拉(113年) | E14: 39.8 | F14: 3983 | G14: =E14*F14 -> 158523.4 | I14: 17 | J14: 1500 | K14: =J14/I14 -> 88.235294 | L14: 17 | M14: =F14/V14*60 -> 1431.018 | N14: =M14/L14 -> 84.177527 | O14: =L14-I14 -> 0 | P14: =N14-K14 -> -4.0577668 | Q14: =N14/K14 -> 0.95401198 | S14: 0.49930556 | T14: 0.61527778 | U14: =IF(S14=TIME(17,0,0),"",(S14-T13)*24*60) -> 57 | V14: =(T14-S14)*24*60 -> 167 | AE14: =M14-J14 -> -68.982036 | AF14: =M14/J14 -> 0.95401198
A15: 新豐2線 | B15: 沙拉 | C15: 青醬優格雞肉握沙拉(113年) | E15: 39.62 | F15: 2516 | G15: =E15*F15 -> 99683.92 | I15: 19 | J15: 1500 | K15: =J15/I15 -> 78.947368 | L15: 19 | M15: =F15/V15*60 -> 1437.7143 | N15: =M15/L15 -> 75.669173 | O15: =L15-I15 -> 0 | P15: =N15-K15 -> -3.2781955 | Q15: =N15/K15 -> 0.95847619 | S15: 0.62013889 | T15: 0.69305556 | U15: =IF(S15=TIME(17,0,0),"",(S15-T14)*24*60) -> 7 | V15: =(T15-S15)*24*60 -> 105 | AE15: =M15-J15 -> -62.285714 | AF15: =M15/J15 -> 0.95847619
A16: 新豐2線 | B16: 平均 | I16: 18 | J16: 1500 | K16: =J16/I16 -> 83.333333 | L16: 18 | M16: =AVERAGE(M12:M15) -> 1433.8146 | N16: =M16/L16 -> 79.656368 | O16: =L16-I16 -> 0 | P16: =N16-K16 -> -3.6769651 | Q16: =N16/K16 -> 0.95587642 | Y16: =SUM(Y12:Y15) -> 0 | Z16: =SUM(Z12:Z15) -> 0 | AC16: 4 | AD16: =SUM(AD12:AD15) -> 0 | AE16: =M16-J16 -> -66.185372 | AF16: =M16/J16 -> 0.95587642
A17: 新豐5線 | B17: 小吃 | C17: 剝皮辣椒雞湯 | E17: 41 | F17: 2276 | G17: =E17*F17 -> 93316 | I17: 26 | J17: 1500 | K17: =J17/I17 -> 57.692308 | L17: 26 | M17: =F17/V17*60 -> 1437.4737 | N17: =M17/L17 -> 55.287449 | O17: =L17-I17 -> 0 | P17: =N17-K17 -> -2.4048583 | Q17: =N17/K17 -> 0.95831579 | R17: =Q22 -> 0.96488781 | S17: 0.20833333 | T17: 0.27430556 | V17: =(T17-S17)*24*60 -> 95 | AC17: 5 | AE17: =M17-J17 -> -62.526316 | AF17: =M17/J17 -> 0.95831579 | AG17: =AF22 -> 0.96488781
A18: 新豐5線 | B18: 微波主食 | C18: 二配起司控培根白醬焗烤飯 | E18: 53.68 | F18: 1543 | G18: =E18*F18 -> 82828.24 | I18: 16 | J18: 1500 | K18: =J18/I18 -> 93.75 | L18: 16 | M18: =F18/V18*60 -> 1446.5625 | N18: =M18/L18 -> 90.410156 | O18: =L18-I18 -> 0 | P18: =N18-K18 -> -3.3398437 | Q18: =N18/K18 -> 0.964375 | S18: 0.70833333 | T18: 0.75277778 | U18: =IF(S18=TIME(17,0,0),"",(S18-T17)*24*60) | V18: =(T18-S18)*24*60 -> 64 | AE18: =M18-J18 -> -53.4375 | AF18: =M18/J18 -> 0.964375
A19: 新豐5線 | B19: 微波主食 | C19: 二配金咖哩果香甘口咖哩飯 | E19: 50.92 | F19: 1000 | G19: =E19*F19 -> 50920 | H19: 2 | I19: 15 | J19: 2000 | K19: =J19/I19 -> 133.33333 | L19: 15 | M19: =F19/V19*60 -> 1935.4839 | N19: =M19/L19 -> 129.03226 | O19: =L19-I19 -> 0 | P19: =N19-K19 -> -4.3010753 | Q19: =N19/K19 -> 0.96774194 | S19: 0.75763889 | T19: 0.77916667 | U19: =IF(S19=TIME(17,0,0),"",(S19-T18)*24*60) -> 7 | V19: =(T19-S19)*24*60 -> 31 | AE19: =M19-J19 -> -64.516129 | AF19: =M19/J19 -> 0.96774194
A20: 新豐5線 | B20: 微波主食 | C20: 二配厚香料咖哩雞排飯 | E20: 57.3 | F20: 1867 | G20: =E20*F20 -> 106979.1 | I20: 13 | J20: 2000 | K20: =J20/I20 -> 153.84615 | L20: 13 | M20: =F20/V20*60 -> 1931.3793 | N20: =M20/L20 -> 148.56764 | O20: =L20-I20 -> 0 | P20: =N20-K20 -> -5.2785146 | Q20: =N20/K20 -> 0.96568966 | S20: 0.78263889 | T20: 0.82291667 | U20: =IF(S20=TIME(17,0,0),"",(S20-T19)*24*60) -> 5 | V20: =(T20-S20)*24*60 -> 58 | W20: =T20 -> 0.82291667 | X20: =S21 -> 0.86180556 | AE20: =M20-J20 -> -68.62069 | AF20: =M20/J20 -> 0.96568966
A21: 新豐5線 | B21: 微波主食 | C21: 二配金咖哩果香甘口咖哩飯 | E21: 50.92 | F21: 1772 | G21: =E21*F21 -> 90230.24 | I21: 15 | J21: 2000 | K21: =J21/I21 -> 133.33333 | L21: 15 | M21: =F21/V21*60 -> 1933.0909 | N21: =M21/L21 -> 128.87273 | O21: =L21-I21 -> 0 | P21: =N21-K21 -> -4.4606061 | Q21: =N21/K21 -> 0.96654545 | S21: 0.86180556 | T21: 0.9 | U21: =IF(S21=TIME(17,0,0),"",(S21-T20)*24*60) -> 56 | V21: =(T21-S21)*24*60 -> 55 | AE21: =M21-J21 -> -66.909091 | AF21: =M21/J21 -> 0.96654545
A22: 新豐5線 | B22: 平均 | I22: 17 | J22: 1800 | K22: =J22/I22 -> 105.88235 | L22: 17 | M22: =AVERAGE(M17:M21) -> 1736.7981 | N22: =M22/L22 -> 102.16459 | O22: =L22-I22 -> 0 | P22: =N22-K22 -> -3.7177615 | Q22: =N22/K22 -> 0.96488781 | Y22: =SUM(Y17:Y21) -> 0 | Z22: =SUM(Z17:Z21) -> 0 | AC22: 5 | AD22: =SUM(AD17:AD21) -> 0 | AE22: =M22-J22 -> -63.201945 | AF22: =M22/J22 -> 0.96488781
A23: 新豐7線 | B23: 微波主食 | C23: 鐵板滑蛋炸豬排丼 | E23: 57.73 | F23: 2942 | G23: =E23*F23 -> 169841.66 | I23: 14 | J23: 2000 | K23: =J23/I23 -> 142.85714 | L23: 14 | M23: =F23/V23*60 -> 1918.6957 | N23: =M23/L23 -> 137.04969 | O23: =L23-I23 -> 0 | P23: =N23-K23 -> -5.8074534 | Q23: =N23/K23 -> 0.95934783 | R23: =Q28 -> 0.9594558 | S23: 0.29166667 | T23: 0.35555556 | V23: =(T23-S23)*24*60 -> 92 | AC23: 5 | AE23: =M23-J23 -> -81.304348 | AF23: =M23/J23 -> 0.95934783 | AG23: =AF28 -> 0.9594558
A24: 新豐7線 | B24: 微波主食 | C24: 極上炙烤親子丼 | E24: 53.68 | F24: 1480 | G24: =E24*F24 -> 79446.4 | I24: 16 | J24: 2000 | K24: =J24/I24 -> 125 | L24: 16 | M24: =F24/V24*60 -> 1930.4348 | N24: =M24/L24 -> 120.65217 | O24: =L24-I24 -> 0 | P24: =N24-K24 -> -4.3478261 | Q24: =N24/K24 -> 0.96521739 | S24: 0.36111111 | T24: 0.39305556 | U24: =IF(S24=TIME(17,0,0),"",(S24-T23)*24*60) -> 8 | V24: =(T24-S24)*24*60 -> 46 | AE24: =M24-J24 -> -69.565217 | AF24: =M24/J24 -> 0.96521739
A25: 新豐7線 | B25: 微波主食 | C25: 韓式泡菜豬肉豆腐丼飯 | E25: 50.67 | F25: 3066 | G25: =E25*F25 -> 155354.22 | I25: 17 | J25: 2000 | K25: =J25/I25 -> 117.64706 | L25: 17 | M25: =F25/V25*60 -> 1916.25 | N25: =M25/L25 -> 112.72059 | O25: =L25-I25 -> 0 | P25: =N25-K25 -> -4.9264706 | Q25: =N25/K25 -> 0.958125 | S25: 0.39861111 | T25: 0.46527778 | U25: =IF(S25=TIME(17,0,0),"",(S25-T24)*24*60) -> 8 | V25: =(T25-S25)*24*60 -> 96 | AE25: =M25-J25 -> -83.75 | AF25: =M25/J25 -> 0.958125
A26: 新豐7線 | B26: 微波主食 | C26: 二配川味麻婆燒豆腐燴飯 | E26: 50.49 | F26: 2389 | G26: =E26*F26 -> 120620.61 | I26: 15 | J26: 2000 | K26: =J26/I26 -> 133.33333 | L26: 15 | M26: =F26/V26*60 -> 1911.2 | N26: =M26/L26 -> 127.41333 | O26: =L26-I26 -> 0 | P26: =N26-K26 -> -5.92 | Q26: =N26/K26 -> 0.9556 | S26: 0.70833333 | T26: 0.76041667 | U26: =IF(S26=TIME(17,0,0),"",(S26-T25)*24*60) | V26: =(T26-S26)*24*60 -> 75 | AE26: =M26-J26 -> -88.8 | AF26: =M26/J26 -> 0.9556
A27: 新豐7線 | B27: 微波主食 | C27: 二配金咖哩濃厚辛口咖哩飯 | E27: 50.98 | F27: 2845 | G27: =E27*F27 -> 145038.1 | I27: 16 | J27: 2000 | K27: =J27/I27 -> 125 | L27: 16 | M27: =F27/V27*60 -> 1917.9775 | N27: =M27/L27 -> 119.8736 | O27: =L27-I27 -> 0 | P27: =N27-K27 -> -5.1264045 | Q27: =N27/K27 -> 0.95898876 | S27: 0.76597222 | T27: 0.82777778 | U27: =IF(S27=TIME(17,0,0),"",(S27-T26)*24*60) -> 8 | V27: =(T27-S27)*24*60 -> 89 | AE27: =M27-J27 -> -82.022472 | AF27: =M27/J27 -> 0.95898876
A28: 新豐7線 | B28: 平均 | I28: 15.6 | J28: 2000 | K28: =J28/I28 -> 128.20513 | L28: 15.6 | M28: =AVERAGE(M23:M27) -> 1918.9116 | N28: =M28/L28 -> 123.00715 | O28: =L28-I28 -> 0 | P28: =N28-K28 -> -5.1979748 | Q28: =N28/K28 -> 0.9594558 | Y28: =SUM(Y23:Y27) -> 0 | Z28: =SUM(Z23:Z27) -> 0 | AC28: 5 | AD28: =SUM(AD23:AD27) -> 0 | AE28: =M28-J28 -> -81.088407 | AF28: =M28/J28 -> 0.9594558
A29: 新豐8線 | B29: 三明治 | C29: 紐奧良風味烤雞鮮蔬三明治 | E29: 31.29 | F29: 6800 | G29: =E29*F29 -> 212772 | H29: 2 | I29: 18 | J29: 2400 | K29: =J29/I29 -> 133.33333 | L29: 18 | M29: =F29/V29*60 -> 2292.1348 | N29: =M29/L29 -> 127.34082 | O29: =L29-I29 -> 0 | P29: =N29-K29 -> -5.9925094 | Q29: =N29/K29 -> 0.95505618 | R29: =Q37 -> 0.9595488 | S29: 0.083333333 | T29: 0.20694444 | V29: =(T29-S29)*24*60 -> 178 | W29: =T29 -> 0.20694444 | X29: =S30 -> 0.22638889 | AC29: 8 | AE29: =M29-J29 -> -107.86517 | AF29: =M29/J29 -> 0.95505618 | AG29: =AF37 -> 0.9595488
A30: 新豐8線 | B30: 三明治 | C30: 好多菜三明治(114年) | E30: 25.98 | F30: 3658 | G30: =E30*F30 -> 95034.84 | I30: 21 | J30: 2400 | K30: =J30/I30 -> 114.28571 | L30: 21 | M30: =F30/V30*60 -> 2286.25 | N30: =M30/L30 -> 108.86905 | O30: =L30-I30 -> 0 | P30: =N30-K30 -> -5.4166667 | Q30: =N30/K30 -> 0.95260417 | S30: 0.22638889 | T30: 0.29305556 | U30: =(S30-T29)*24*60 -> 28 | V30: =(T30-S30)*24*60 -> 96 | AE30: =M30-J30 -> -113.75 | AF30: =M30/J30 -> 0.95260417
A31: 新豐8線 | B31: 三明治 | C31: 雞蛋沙拉三明治(114年) | E31: 25.99 | F31: 3000 | G31: =E31*F31 -> 77970 | H31: 2 | I31: 14 | J31: 2400 | K31: =J31/I31 -> 171.42857 | L31: 14 | M31: =F31/V31*60 -> 2307.6923 | N31: =M31/L31 -> 164.83516 | O31: =L31-I31 -> 0 | P31: =N31-K31 -> -6.5934066 | Q31: =N31/K31 -> 0.96153846 | S31: 0.29652778 | T31: 0.35069444 | U31: =(S31-T30)*24*60 -> 5 | V31: =(T31-S31)*24*60 -> 78 | AE31: =M31-J31 -> -92.307692 | AF31: =M31/J31 -> 0.96153846
A32: 新豐8線 | B32: 三明治 | C32: 陽光地瓜總匯三明治 | E32: 26.18 | F32: 1977 | G32: =E32*F32 -> 51757.86 | I32: 19 | J32: 2400 | K32: =J32/I32 -> 126.31579 | L32: 19 | M32: =F32/V32*60 -> 2325.8824 | N32: =M32/L32 -> 122.41486 | O32: =L32-I32 -> 0 | P32: =N32-K32 -> -3.9009288 | Q32: =N32/K32 -> 0.96911765 | S32: 0.35625 | T32: 0.39166667 | U32: =(S32-T31)*24*60 -> 8 | V32: =(T32-S32)*24*60 -> 51 | AE32: =M32-J32 -> -74.117647 | AF32: =M32/J32 -> 0.96911765
A33: 新豐8線 | B33: 三明治 | C33: 經典總匯三明治 | E33: 26.2 | F33: 3800 | G33: =E33*F33 -> 99560 | H33: 2 | I33: 20 | J33: 2400 | K33: =J33/I33 -> 120 | L33: 20 | M33: =F33/V33*60 -> 2303.0303 | N33: =M33/L33 -> 115.15152 | O33: =L33-I33 -> 0 | P33: =N33-K33 -> -4.8484848 | Q33: =N33/K33 -> 0.95959596 | S33: 0.39583333 | T33: 0.46458333 | U33: =(S33-T32)*24*60 -> 6 | V33: =(T33-S33)*24*60 -> 99 | W33: =T33 -> 0.46458333 | X33: =S34 -> 0.50486111 | AE33: =M33-J33 -> -96.969697 | AF33: =M33/J33 -> 0.95959596
A34: 新豐8線 | B34: 三明治 | C34: 紐奧良風味烤雞鮮蔬三明治 | E34: 31.29 | F34: 4993 | G34: =E34*F34 -> 156230.97 | I34: 18 | J34: 2400 | K34: =J34/I34 -> 133.33333 | L34: 18 | M34: =F34/V34*60 -> 2286.8702 | N34: =M34/L34 -> 127.04835 | O34: =L34-I34 -> 0 | P34: =N34-K34 -> -6.2849873 | Q34: =N34/K34 -> 0.9528626 | S34: 0.50486111 | T34: 0.59583333 | U34: =(S34-T33)*24*60 -> 58 | V34: =(T34-S34)*24*60 -> 131 | AE34: =M34-J34 -> -113.12977 | AF34: =M34/J34 -> 0.9528626
A35: 新豐8線 | B35: 三明治 | C35: 經典總匯三明治 | E35: 26.2 | F35: 2883 | G35: =E35*F35 -> 75534.6 | I35: 20 | J35: 2400 | K35: =J35/I35 -> 120 | L35: 20 | M35: =F35/V35*60 -> 2306.4 | N35: =M35/L35 -> 115.32 | O35: =L35-I35 -> 0 | P35: =N35-K35 -> -4.68 | Q35: =N35/K35 -> 0.961 | S35: 0.59930556 | T35: 0.65138889 | U35: =(S35-T34)*24*60 -> 5 | V35: =(T35-S35)*24*60 -> 75 | AE35: =M35-J35 -> -93.6 | AF35: =M35/J35 -> 0.961
A36: 新豐8線 | B36: 三明治 | C36: 雞蛋沙拉三明治(114年) | E36: 25.99 | F36: 2508 | G36: =E36*F36 -> 65182.92 | I36: 14 | J36: 2400 | K36: =J36/I36 -> 171.42857 | L36: 14 | M36: =F36/V36*60 -> 2315.0769 | N36: =M36/L36 -> 165.36264 | O36: =L36-I36 -> 0 | P36: =N36-K36 -> -6.0659341 | Q36: =N36/K36 -> 0.96461538 | S36: 0.65486111 | T36: 0.7 | U36: =(S36-T35)*24*60 -> 5 | V36: =(T36-S36)*24*60 -> 65 | AE36: =M36-J36 -> -84.923077 | AF36: =M36/J36 -> 0.96461538
A37: 新豐8線 | B37: 平均 | I37: 18 | J37: 2400 | K37: =J37/I37 -> 133.33333 | L37: 18 | M37: =AVERAGE(M29:M36) -> 2302.9171 | N37: =M37/L37 -> 127.93984 | O37: =L37-I37 -> 0 | P37: =N37-K37 -> -5.3934934 | Q37: =N37/K37 -> 0.9595488 | Y37: =SUM(Y29:Y36) -> 0 | Z37: =SUM(Z29:Z36) -> 0 | AC37: 8 | AD37: =SUM(AD29:AD36) -> 0 | AE37: =M37-J37 -> -97.082882 | AF37: =M37/J37 -> 0.9595488
A38: 新豐9線 | B38: 三明治 | C38: 鮪魚起司溏心蛋三明治 | E38: 26.2 | F38: 5000 | G38: =E38*F38 -> 131000 | H38: 2 | I38: 18 | J38: 2400 | K38: =J38/I38 -> 133.33333 | L38: 18 | M38: =F38/V38*60 -> 2290.0763 | N38: =M38/L38 -> 127.22646 | O38: =L38-I38 -> 0 | P38: =N38-K38 -> -6.1068702 | Q38: =N38/K38 -> 0.95419847 | R38: =Q46 -> 0.95547589 | S38: 0.083333333 | T38: 0.17430556 | V38: =(T38-S38)*24*60 -> 131 | W38: =T38 -> 0.17430556 | X38: =S39 -> 0.19513889 | AC38: 8 | AE38: =M38-J38 -> -109.92366 | AF38: =M38/J38 -> 0.95419847 | AG38: =AF46 -> 0.95547589
A39: 新豐9線 | B39: 三明治 | C39: 香鬆起司蛋三明治(114年) | E39: 20.2 | F39: 2594 | G39: =E39*F39 -> 52398.8 | I39: 15 | J39: 2400 | K39: =J39/I39 -> 160 | L39: 15 | M39: =F39/V39*60 -> 2288.8235 | N39: =M39/L39 -> 152.58824 | O39: =L39-I39 -> 0 | P39: =N39-K39 -> -7.4117647 | Q39: =N39/K39 -> 0.95367647 | S39: 0.19513889 | T39: 0.24236111 | U39: =(S39-T38)*24*60 -> 30 | V39: =(T39-S39)*24*60 -> 68 | AE39: =M39-J39 -> -111.17647 | AF39: =M39/J39 -> 0.95367647
A40: 新豐9線 | B40: 三明治 | C40: 輕乳酪巧克力三明治 | E40: 20.52 | F40: 3400 | G40: =E40*F40 -> 69768 | I40: 18 | J40: 2400 | K40: =J40/I40 -> 133.33333 | L40: 18 | M40: =F40/V40*60 -> 2292.1348 | N40: =M40/L40 -> 127.34082 | O40: =L40-I40 -> 0 | P40: =N40-K40 -> -5.9925094 | Q40: =N40/K40 -> 0.95505618 | S40: 0.24791667 | T40: 0.30972222 | U40: =(S40-T39)*24*60 -> 8 | V40: =(T40-S40)*24*60 -> 89 | AE40: =M40-J40 -> -107.86517 | AF40: =M40/J40 -> 0.95505618
A41: 新豐9線 | B41: 三明治 | C41: 醬燒烤雞三明治 | E41: 26.39 | F41: 5800 | G41: =E41*F41 -> 153062 | H41: 2 | I41: 19 | J41: 2400 | K41: =J41/I41 -> 126.31579 | L41: 19 | M41: =F41/V41*60 -> 2289.4737 | N41: =M41/L41 -> 120.49861 | O41: =L41-I41 -> 0 | P41: =N41-K41 -> -5.8171745 | Q41: =N41/K41 -> 0.95394737 | S41: 0.31319444 | T41: 0.41875 | U41: =(S41-T40)*24*60 -> 5 | V41: =(T41-S41)*24*60 -> 152 | AE41: =M41-J41 -> -110.52632 | AF41: =M41/J41 -> 0.95394737
A42: 新豐9線 | B42: 三明治 | C42: 經典火腿玉米蛋三明治 | E42: 24.43 | F42: 4600 | G42: =E42*F42 -> 112378 | H42: 2 | I42: 14 | J42: 2400 | K42: =J42/I42 -> 171.42857 | L42: 14 | M42: =F42/V42*60 -> 2300 | N42: =M42/L42 -> 164.28571 | O42: =L42-I42 -> 0 | P42: =N42-K42 -> -7.1428571 | Q42: =N42/K42 -> 0.95833333 | S42: 0.42361111 | T42: 0.50694444 | U42: =(S42-T41)*24*60 -> 7 | V42: =(T42-S42)*24*60 -> 120 | W42: =T42 -> 0.50694444 | X42: =S43 -> 0.54861111 | AE42: =M42-J42 -> -100 | AF42: =M42/J42 -> 0.95833333
A43: 新豐9線 | B43: 三明治 | C43: 醬燒烤雞三明治 | E43: 26.39 | F43: 4010 | G43: =E43*F43 -> 105823.9 | I43: 19 | J43: 2400 | K43: =J43/I43 -> 126.31579 | L43: 19 | M43: =F43/V43*60 -> 2291.4286 | N43: =M43/L43 -> 120.6015 | O43: =L43-I43 -> 0 | P43: =N43-K43 -> -5.7142857 | Q43: =N43/K43 -> 0.9547619 | S43: 0.54861111 | T43: 0.62152778 | U43: =(S43-T42)*24*60 -> 60 | V43: =(T43-S43)*24*60 -> 105 | AE43: =M43-J43 -> -108.57143 | AF43: =M43/J43 -> 0.9547619
A44: 新豐9線 | B44: 三明治 | C44: 鮪魚起司溏心蛋三明治 | E44: 26.2 | F44: 3707 | G44: =E44*F44 -> 97123.4 | I44: 18 | J44: 2400 | K44: =J44/I44 -> 133.33333 | L44: 18 | M44: =F44/V44*60 -> 2292.9897 | N44: =M44/L44 -> 127.38832 | O44: =L44-I44 -> 0 | P44: =N44-K44 -> -5.9450172 | Q44: =N44/K44 -> 0.95541237 | S44: 0.62638889 | T44: 0.69375 | U44: =(S44-T43)*24*60 -> 7 | V44: =(T44-S44)*24*60 -> 97 | AE44: =M44-J44 -> -107.01031 | AF44: =M44/J44 -> 0.95541237
A45: 新豐9線 | B45: 三明治 | C45: 經典火腿玉米蛋三明治 | E45: 24.43 | F45: 3642 | G45: =E45*F45 -> 88974.06 | I45: 14 | J45: 2400 | K45: =J45/I45 -> 171.42857 | L45: 14 | M45: =F45/V45*60 -> 2300.2105 | N45: =M45/L45 -> 164.30075 | O45: =L45-I45 -> 0 | P45: =N45-K45 -> -7.1278195 | Q45: =N45/K45 -> 0.95842105 | S45: 0.69861111 | T45: 0.76458333 | U45: =(S45-T44)*24*60 -> 7 | V45: =(T45-S45)*24*60 -> 95 | AE45: =M45-J45 -> -99.789474 | AF45: =M45/J45 -> 0.95842105
A46: 新豐9線 | B46: 平均 | I46: 16.875 | J46: 2400 | K46: =J46/I46 -> 142.22222 | L46: 16.875 | M46: =AVERAGE(M38:M45) -> 2293.1421 | N46: =M46/L46 -> 135.8899 | O46: =L46-I46 -> 0 | P46: =N46-K46 -> -6.3323173 | Q46: =N46/K46 -> 0.95547589 | Y46: =SUM(Y38:Y45) -> 0 | Z46: =SUM(Z38:Z45) -> 0 | AC46: 8 | AD46: =SUM(AD38:AD45) -> 0 | AE46: =M46-J46 -> -106.85785 | AF46: =M46/J46 -> 0.95547589
A47: 新豐3線 | B47: 調理麵包 | C47: 黃金魚堡(114年) | E47: 34.35 | F47: 2701 | G47: =E47*F47 -> 92779.35 | I47: 8 | J47: 3000 | K47: =J47/I47 -> 375 | L47: 8 | M47: =F47/V47*60 -> 2893.9286 | N47: =M47/L47 -> 361.74107 | O47: =L47-I47 -> 0 | P47: =N47-K47 -> -13.258929 | Q47: =N47/K47 -> 0.96464286 | R47: =Q51 -> 0.95804945 | S47: 0.083333333 | T47: 0.12222222 | V47: =(T47-S47)*24*60 -> 56 | W47: =T47 -> 0.12222222 | X47: =S48 -> 0.14097222 | AC47: 4 | AE47: =M47-J47 -> -106.07143 | AF47: =M47/J47 -> 0.96464286 | AG47: =AF51 -> 0.95804945
A48: 新豐3線 | B48: 調理麵包 | C48: 經典雙牛起司堡(113年) | E48: 35.12 | F48: 6494 | G48: =E48*F48 -> 228069.28 | I48: 10 | J48: 3000 | K48: =J48/I48 -> 300 | L48: 10 | M48: =F48/V48*60 -> 2865 | N48: =M48/L48 -> 286.5 | O48: =L48-I48 -> 0 | P48: =N48-K48 -> -13.5 | Q48: =N48/K48 -> 0.955 | S48: 0.14097222 | T48: 0.23541667 | U48: =(S48-T47)*24*60 -> 27 | V48: =(T48-S48)*24*60 -> 136 | AE48: =M48-J48 -> -135 | AF48: =M48/J48 -> 0.955
A49: 新豐3線 | B49: 調理麵包 | C49: 豬肉起司堡 | E49: 21.13 | F49: 6511 | G49: =E49*F49 -> 137577.43 | I49: 10 | J49: 3000 | K49: =J49/I49 -> 300 | L49: 10 | M49: =F49/V49*60 -> 2872.5 | N49: =M49/L49 -> 287.25 | O49: =L49-I49 -> 0 | P49: =N49-K49 -> -12.75 | Q49: =N49/K49 -> 0.9575 | S49: 0.24027778 | T49: 0.33472222 | U49: =(S49-T48)*24*60 -> 7 | V49: =(T49-S49)*24*60 -> 136 | AE49: =M49-J49 -> -127.5 | AF49: =M49/J49 -> 0.9575
A50: 新豐3線 | B50: 調理麵包 | C50: 豬肉起司蛋堡 | E50: 27.17 | F50: 8691 | G50: =E50*F50 -> 236134.47 | I50: 10 | J50: 3000 | K50: =J50/I50 -> 300 | L50: 10 | M50: =F50/V50*60 -> 2865.1648 | N50: =M50/L50 -> 286.51648 | O50: =L50-I50 -> 0 | P50: =N50-K50 -> -13.483516 | Q50: =N50/K50 -> 0.95505495 | S50: 0.34027778 | T50: 0.46666667 | U50: =(S50-T49)*24*60 -> 8 | V50: =(T50-S50)*24*60 -> 182 | AE50: =M50-J50 -> -134.83516 | AF50: =M50/J50 -> 0.95505495
A51: 新豐3線 | B51: 平均 | I51: 9.5 | J51: 3000 | K51: =J51/I51 -> 315.78947 | L51: 9.5 | M51: =AVERAGE(M47:M50) -> 2874.1484 | N51: =M51/L51 -> 302.54193 | O51: =L51-I51 -> 0 | P51: =N51-K51 -> -13.247542 | Q51: =N51/K51 -> 0.95804945 | Y51: =SUM(Y47:Y50) -> 0 | Z51: =SUM(Z47:Z50) -> 0 | AC51: 4 | AD51: =SUM(AD47:AD50) -> 0 | AE51: =M51-J51 -> -125.85165 | AF51: =M51/J51 -> 0.95804945
A52: 新豐1線 | B52: 微波主食 | C52: 好多蒜燒豚飯 | E52: 51.75 | F52: 1048 | G52: =E52*F52 -> 54234 | I52: 25 | J52: 2000 | K52: =J52/I52 -> 80 | L52: 25 | M52: =F52/V52*60 -> 1905.4545 | N52: =M52/L52 -> 76.218182 | O52: =L52-I52 -> 0 | P52: =N52-K52 -> -3.7818182 | Q52: =N52/K52 -> 0.95272727 | R52: =Q58 -> 0.96041871 | S52: 0.33333333 | T52: 0.35625 | V52: =(T52-S52)*24*60 -> 33 | AC52: 6 | AE52: =M52-J52 -> -94.545455 | AF52: =M52/J52 -> 0.95272727 | AG52: =AF58 -> 0.96041871
A53: 新豐1線 | B53: 微波主食 | C53: 壹號醬雞豚雙拼 | E53: 56.43 | F53: 1767 | G53: =E53*F53 -> 99711.81 | I53: 22 | J53: 2000 | K53: =J53/I53 -> 90.909091 | L53: 22 | M53: =F53/V53*60 -> 1927.6364 | N53: =M53/L53 -> 87.619835 | O53: =L53-I53 -> 0 | P53: =N53-K53 -> -3.2892562 | Q53: =N53/K53 -> 0.96381818 | S53: 0.36180556 | T53: 0.4 | U53: =IF(S53=TIME(17,0,0),"",(S53-T52)*24*60) -> 8 | V53: =(T53-S53)*24*60 -> 55 | AE53: =M53-J53 -> -72.363636 | AF53: =M53/J53 -> 0.96381818
A54: 新豐1線 | B54: 沙拉 | C54: 莎莎烤雞麵沙拉 | E54: 46 | F54: 2819 | G54: =E54*F54 -> 129674 | I54: 17 | J54: 2000 | K54: =J54/I54 -> 117.64706 | L54: 17 | M54: =F54/V54*60 -> 1922.0455 | N54: =M54/L54 -> 113.0615 | O54: =L54-I54 -> 0 | P54: =N54-K54 -> -4.5855615 | Q54: =N54/K54 -> 0.96102273 | S54: 0.40486111 | T54: 0.46597222 | U54: =IF(S54=TIME(17,0,0),"",(S54-T53)*24*60) -> 7 | V54: =(T54-S54)*24*60 -> 88 | AE54: =M54-J54 -> -77.954545 | AF54: =M54/J54 -> 0.96102273
A55: 新豐1線 | B55: 微波主食 | C55: 二配香拌海鮮醬肉絲蛋炒飯 | E55: 55.32 | F55: 1772 | G55: =E55*F55 -> 98027.04 | I55: 15 | J55: 2000 | K55: =J55/I55 -> 133.33333 | L55: 15 | M55: =F55/V55*60 -> 1933.0909 | N55: =M55/L55 -> 128.87273 | O55: =L55-I55 -> 0 | P55: =N55-K55 -> -4.4606061 | Q55: =N55/K55 -> 0.96654545 | S55: 0.70833333 | T55: 0.74652778 | U55: =IF(S55=TIME(17,0,0),"",(S55-T54)*24*60) | V55: =(T55-S55)*24*60 -> 55 | AE55: =M55-J55 -> -66.909091 | AF55: =M55/J55 -> 0.96654545
A56: 新豐1線 | B56: 微波主食 | C56: 二配香辣醬蒜味香腸蛋炒飯 | E56: 55.56 | F56: 2377 | G56: =E56*F56 -> 132066.12 | I56: 17 | J56: 2000 | K56: =J56/I56 -> 117.64706 | L56: 17 | M56: =F56/V56*60 -> 1927.2973 | N56: =M56/L56 -> 113.37043 | O56: =L56-I56 -> 0 | P56: =N56-K56 -> -4.2766296 | Q56: =N56/K56 -> 0.96364865 | S56: 0.75 | T56: 0.80138889 | U56: =IF(S56=TIME(17,0,0),"",(S56-T55)*24*60) -> 5 | V56: =(T56-S56)*24*60 -> 74 | AE56: =M56-J56 -> -72.702703 | AF56: =M56/J56 -> 0.96364865
A57: 新豐1線 | B57: 微波主食 | C57: 二配鮭魚蛋炒飯 | E57: 54.29 | F57: 1273 | G57: =E57*F57 -> 69111.17 | I57: 20 | J57: 2000 | K57: =J57/I57 -> 100 | L57: 20 | M57: =F57/V57*60 -> 1909.5 | N57: =M57/L57 -> 95.475 | O57: =L57-I57 -> 0 | P57: =N57-K57 -> -4.525 | Q57: =N57/K57 -> 0.95475 | S57: 0.80555556 | T57: 0.83333333 | U57: =IF(S57=TIME(17,0,0),"",(S57-T56)*24*60) -> 6 | V57: =(T57-S57)*24*60 -> 40 | AE57: =M57-J57 -> -90.5 | AF57: =M57/J57 -> 0.95475
A58: 新豐1線 | B58: 平均 | I58: 19.333333 | J58: 2000 | K58: =J58/I58 -> 103.44828 | L58: 19.333333 | M58: =AVERAGE(M52:M57) -> 1920.8374 | N58: =M58/L58 -> 99.35366 | O58: =L58-I58 -> 0 | P58: =N58-K58 -> -4.0946158 | Q58: =N58/K58 -> 0.96041871 | Y58: =SUM(Y52:Y57) -> 0 | Z58: =SUM(Z52:Z57) -> 0 | AC58: 6 | AD58: =SUM(AD52:AD57) -> 0 | AE58: =M58-J58 -> -79.162572 | AF58: =M58/J58 -> 0.96041871
A59: 新豐10線 | B59: 調理麵包 | C59: 墨西哥辣醬熱狗堡 | E59: 37.85 | F59: 1135 | G59: =E59*F59 -> 42959.75 | I59: 12 | J59: 2000 | K59: =J59/I59 -> 166.66667 | L59: 12 | M59: =F59/V59*60 -> 1945.7143 | N59: =M59/L59 -> 162.14286 | O59: =L59-I59 -> 0 | P59: =N59-K59 -> -4.5238095 | Q59: =N59/K59 -> 0.97285714 | R59: =Q65 -> 0.96139242 | S59: 0.20833333 | T59: 0.23263889 | V59: =(T59-S59)*24*60 -> 35 | AC59: 6 | AE59: =M59-J59 -> -54.285714 | AF59: =M59/J59 -> 0.97285714 | AG59: =AF65 -> 0.96139242
A60: 新豐10線 | B60: 調理麵包 | C60: 厚豆腐蛋白蕈菇豬肉堡 | E60: 34.36 | F60: 2509 | G60: =E60*F60 -> 86209.24 | I60: 10 | J60: 3000 | K60: =J60/I60 -> 300 | L60: 10 | M60: =F60/V60*60 -> 2895 | N60: =M60/L60 -> 289.5 | O60: =L60-I60 -> 0 | P60: =N60-K60 -> -10.5 | Q60: =N60/K60 -> 0.965 | S60: 0.23611111 | T60: 0.27222222 | U60: =(S60-T59)*24*60 -> 5 | V60: =(T60-S60)*24*60 -> 52 | AE60: =M60-J60 -> -105 | AF60: =M60/J60 -> 0.965
A61: 新豐10線 | B61: 調理麵包 | C61: 茄汁薯餅蛋堡 | E61: 34.36 | F61: 1366 | G61: =E61*F61 -> 46935.76 | I61: 10 | J61: 3000 | K61: =J61/I61 -> 300 | L61: 10 | M61: =F61/V61*60 -> 2927.1429 | N61: =M61/L61 -> 292.71429 | O61: =L61-I61 -> 0 | P61: =N61-K61 -> -7.2857143 | Q61: =N61/K61 -> 0.97571429 | S61: 0.27569444 | T61: 0.29513889 | U61: =(S61-T60)*24*60 -> 5 | V61: =(T61-S61)*24*60 -> 28 | AE61: =M61-J61 -> -72.857143 | AF61: =M61/J61 -> 0.97571429
