Workbook

Sheet 0831
B1: 屏榮 新豐廠組合室生產人時性分析
B3: 日期 | C3: =TEXT('0831 4度C'!A2,"yyyy.mm.ddaaaa") -> 2026.08.31星期一 | E3: 訂單量 | F3: ='0831 4度C'!D1 -> 188787 | H3: 營業額 | I3: ='0831 4度C'!F1 -> 6748732.9
B4: 人時性 | C4: 項目 | E4: ➀ | G4: ➁ | I4: ➂ | K4: 異常停線 | M4: 短暫停線
C5: 組合室 | E5: 全溫層 | G5: 4度C-各編組展開 | I5: ③三明治-各編組展開 | K5: 合計次數 | L5: 時間 | M5: 合計次數 | N5: 設備次數
C6: 排關平均 | E6: =AVERAGE(D13:M13) -> 156.32947 | F6: =AVERAGE(D31:O31,D13:J13) -> 163.93399 | G6: =AVERAGE(D13:J13) -> 163.93399 | I6: =AVERAGE(K13:M13) -> 138.58559 | K6: ='0831 4度C'!Y2 -> 0 | L6: ='0831 4度C'!Z2 -> 0 | M6: ='0831 4度C'!AC2 -> 61 | N6: ='0831 4度C'!AD2 -> 0
C7: 實績平均 | E7: =AVERAGE(D14:M14) -> 149.73016 | F7: =AVERAGE(D32:O32,D14:J14) -> 157.04748 | G7: =AVERAGE(D14:J14) -> 157.04748 | I7: =AVERAGE(K14:M14) -> 132.65642
C8: 達成率平均 | E8: =AVERAGE(D15:M15) -> 0.95811089 | F8: =AVERAGE(D15:J15,D33:O33) -> 0.95854161 | G8: =AVERAGE(D15:J15) -> 0.95854161 | I8: =AVERAGE(K15:M15) -> 0.95710587
K9: ※現行日本鮮食廠以達成率80%為基本(即為現行KPI)
B10: 溫層 | D10: ➁4度C-各編組展開 | K10: ③三明治-各編組展開
B11: 編組 | D11: 1 | E11: 2 | F11: 3 | G11: 4 | H11: 5 | I11: 6 | J11: 7 | K11: 1 | L11: 2 | M11: 3
D12: 新豐6線 | E12: 新豐2線 | F12: 新豐5線 | G12: 新豐7線 | H12: 新豐3線 | I12: 新豐1線 | J12: 新豐10線 | K12: 新豐8線 | L12: 新豐9線 | M12: 新豐4線
B13: 人時性 | C13: 排關 | D13: =SUMIFS('0831 4度C'!$K:$K,'0831 4度C'!$A:$A,"新豐6線",'0831 4度C'!$B:$B,"平均") -> 135.59322 | E13: =SUMIFS('0831 4度C'!$K:$K,'0831 4度C'!$A:$A,"新豐2線",'0831 4度C'!$B:$B,"平均") -> 81.081081 | F13: =SUMIFS('0831 4度C'!$K:$K,'0831 4度C'!$A:$A,"新豐5線",'0831 4度C'!$B:$B,"平均") -> 106.61765 | G13: =SUMIFS('0831 4度C'!$K:$K,'0831 4度C'!$A:$A,"新豐7線",'0831 4度C'!$B:$B,"平均") -> 128 | H13: =SUMIFS('0831 4度C'!$K:$K,'0831 4度C'!$A:$A,"新豐3線",'0831 4度C'!$B:$B,"平均") -> 300 | I13: =SUMIFS('0831 4度C'!$K:$K,'0831 4度C'!$A:$A,"新豐1線",'0831 4度C'!$B:$B,"平均") -> 107.78443 | J13: =SUMIFS('0831 4度C'!$K:$K,'0831 4度C'!$A:$A,"新豐10線",'0831 4度C'!$B:$B,"平均") -> 288.46154 | K13: =SUMIFS('0831 4度C'!$K:$K,'0831 4度C'!$A:$A,"新豐8線",'0831 4度C'!$B:$B,"平均") -> 125.4902 | L13: =SUMIFS('0831 4度C'!$K:$K,'0831 4度C'!$A:$A,"新豐9線",'0831 4度C'!$B:$B,"平均") -> 147.69231 | M13: =SUMIFS('0831 4度C'!$K:$K,'0831 4度C'!$A:$A,"新豐4線",'0831 4度C'!$B:$B,"平均") -> 142.57426
C14: 實績 | D14: =SUMIFS('0831 4度C'!$N:$N,'0831 4度C'!$A:$A,"新豐6線",'0831 4度C'!$B:$B,"平均") -> 130.48099 | E14: =SUMIFS('0831 4度C'!$N:$N,'0831 4度C'!$A:$A,"新豐2線",'0831 4度C'!$B:$B,"平均") -> 77.595821 | F14: =SUMIFS('0831 4度C'!$N:$N,'0831 4度C'!$A:$A,"新豐5線",'0831 4度C'!$B:$B,"平均") -> 102.11329 | G14: =SUMIFS('0831 4度C'!$N:$N,'0831 4度C'!$A:$A,"新豐7線",'0831 4度C'!$B:$B,"平均") -> 122.72052 | H14: =SUMIFS('0831 4度C'!$N:$N,'0831 4度C'!$A:$A,"新豐3線",'0831 4度C'!$B:$B,"平均") -> 286.93747 | I14: =SUMIFS('0831 4度C'!$N:$N,'0831 4度C'!$A:$A,"新豐1線",'0831 4度C'!$B:$B,"平均") -> 103.5893 | J14: =SUMIFS('0831 4度C'!$N:$N,'0831 4度C'!$A:$A,"新豐10線",'0831 4度C'!$B:$B,"平均") -> 275.89494 | K14: =SUMIFS('0831 4度C'!$N:$N,'0831 4度C'!$A:$A,"新豐8線",'0831 4度C'!$B:$B,"平均") -> 119.83564 | L14: =SUMIFS('0831 4度C'!$N:$N,'0831 4度C'!$A:$A,"新豐9線",'0831 4度C'!$B:$B,"平均") -> 141.61739 | M14: =SUMIFS('0831 4度C'!$N:$N,'0831 4度C'!$A:$A,"新豐4線",'0831 4度C'!$B:$B,"平均") -> 136.51622
C15: 達成率 | D15: =D14/D13 -> 0.96229733 | E15: =E14/E13 -> 0.95701512 | F15: =F14/F13 -> 0.95775227 | G15: =G14/G13 -> 0.95875408 | H15: =H14/H13 -> 0.95645822 | I15: =I14/I13 -> 0.96107848 | J15: =J14/J13 -> 0.95643579 | K15: =K14/K13 -> 0.95494026 | ... M15: =M14/M13 -> 0.95750962
B16: 作業 時間 | C16: 開始 | D16: =VLOOKUP("新豐6線",'0831 4度C'!$A:$T,19,0) -> 0.70833333 | E16: =VLOOKUP("新豐2線",'0831 4度C'!$A:$T,19,0) -> 0.083333333 | F16: =VLOOKUP("新豐5線",'0831 4度C'!$A:$T,19,0) -> 0.20833333 | G16: =VLOOKUP("新豐7線",'0831 4度C'!$A:$T,19,0) -> 0.20833333 | H16: =VLOOKUP("新豐3線",'0831 4度C'!$A:$T,19,0) -> 0.20833333 | I16: =VLOOKUP("新豐1線",'0831 4度C'!$A:$T,19,0) -> 0.20833333 | J16: =VLOOKUP("新豐10線",'0831 4度C'!$A:$T,19,0) -> 0.20833333 | K16: =VLOOKUP("新豐8線",'0831 4度C'!$A:$T,19,0) -> 0.083333333 | L16: =VLOOKUP("新豐9線",'0831 4度C'!$A:$T,19,0) -> 0.083333333 | M16: =VLOOKUP("新豐4線",'0831 4度C'!$A:$T,19,0) -> 0.083333333
C17: 結束 | D17: =LOOKUP(2,1/(('0831 4度C'!$A:$A="新豐6線")*('0831 4度C'!$T:$T<>"")),'0831 4度C'!$T:$T) -> 0.92291667 | E17: =LOOKUP(2,1/(('0831 4度C'!$A:$A="新豐2線")*('0831 4度C'!$T:$T<>"")),'0831 4度C'!$T:$T) -> 0.56875 | F17: =LOOKUP(2,1/(('0831 4度C'!$A:$A="新豐5線")*('0831 4度C'!$T:$T<>"")),'0831 4度C'!$T:$T) -> 0.95277778 | G17: =LOOKUP(2,1/(('0831 4度C'!$A:$A="新豐7線")*('0831 4度C'!$T:$T<>"")),'0831 4度C'!$T:$T) -> 0.93125 | H17: =LOOKUP(2,1/(('0831 4度C'!$A:$A="新豐3線")*('0831 4度C'!$T:$T<>"")),'0831 4度C'!$T:$T) -> 0.44930556 | I17: =LOOKUP(2,1/(('0831 4度C'!$A:$A="新豐1線")*('0831 4度C'!$T:$T<>"")),'0831 4度C'!$T:$T) -> 0.90486111 | J17: =LOOKUP(2,1/(('0831 4度C'!$A:$A="新豐10線")*('0831 4度C'!$T:$T<>"")),'0831 4度C'!$T:$T) -> 0.46805556 | K17: =LOOKUP(2,1/(('0831 4度C'!$A:$A="新豐8線")*('0831 4度C'!$T:$T<>"")),'0831 4度C'!$T:$T) -> 0.72083333 | L17: =LOOKUP(2,1/(('0831 4度C'!$A:$A="新豐9線")*('0831 4度C'!$T:$T<>"")),'0831 4度C'!$T:$T) -> 0.69444444 | M17: =LOOKUP(2,1/(('0831 4度C'!$A:$A="新豐4線")*('0831 4度C'!$T:$T<>"")),'0831 4度C'!$T:$T) -> 0.62222222
B18: 產線異常 (5分鐘以上) | C18: 次數 | D18: =SUMIFS('0831 4度C'!$Y:$Y,'0831 4度C'!$A:$A,"新豐6線",'0831 4度C'!$B:$B,"平均") -> 0 | E18: =SUMIFS('0831 4度C'!$Y:$Y,'0831 4度C'!$A:$A,"新豐2線",'0831 4度C'!$B:$B,"平均") -> 0 | F18: =SUMIFS('0831 4度C'!$Y:$Y,'0831 4度C'!$A:$A,"新豐5線",'0831 4度C'!$B:$B,"平均") -> 0 | G18: =SUMIFS('0831 4度C'!$Y:$Y,'0831 4度C'!$A:$A,"新豐7線",'0831 4度C'!$B:$B,"平均") -> 0 | H18: =SUMIFS('0831 4度C'!$Y:$Y,'0831 4度C'!$A:$A,"新豐3線",'0831 4度C'!$B:$B,"平均") -> 0 | I18: =SUMIFS('0831 4度C'!$Y:$Y,'0831 4度C'!$A:$A,"新豐1線",'0831 4度C'!$B:$B,"平均") -> 0 | J18: =SUMIFS('0831 4度C'!$Y:$Y,'0831 4度C'!$A:$A,"新豐10線",'0831 4度C'!$B:$B,"平均") -> 0 | K18: =SUMIFS('0831 4度C'!$Y:$Y,'0831 4度C'!$A:$A,"新豐8線",'0831 4度C'!$B:$B,"平均") -> 0 | L18: =SUMIFS('0831 4度C'!$Y:$Y,'0831 4度C'!$A:$A,"新豐9線",'0831 4度C'!$B:$B,"平均") -> 0 | M18: =SUMIFS('0831 4度C'!$Y:$Y,'0831 4度C'!$A:$A,"新豐4線",'0831 4度C'!$B:$B,"平均") -> 0
C19: 時間/分 | D19: =SUMIFS('0831 4度C'!$Z:$Z,'0831 4度C'!$A:$A,"新豐6線",'0831 4度C'!$B:$B,"平均") -> 0 | E19: =SUMIFS('0831 4度C'!$Z:$Z,'0831 4度C'!$A:$A,"新豐2線",'0831 4度C'!$B:$B,"平均") -> 0 | F19: =SUMIFS('0831 4度C'!$Z:$Z,'0831 4度C'!$A:$A,"新豐5線",'0831 4度C'!$B:$B,"平均") -> 0 | G19: =SUMIFS('0831 4度C'!$Z:$Z,'0831 4度C'!$A:$A,"新豐7線",'0831 4度C'!$B:$B,"平均") -> 0 | H19: =SUMIFS('0831 4度C'!$Z:$Z,'0831 4度C'!$A:$A,"新豐3線",'0831 4度C'!$B:$B,"平均") -> 0 | I19: =SUMIFS('0831 4度C'!$Z:$Z,'0831 4度C'!$A:$A,"新豐1線",'0831 4度C'!$B:$B,"平均") -> 0 | J19: =SUMIFS('0831 4度C'!$Z:$Z,'0831 4度C'!$A:$A,"新豐10線",'0831 4度C'!$B:$B,"平均") -> 0 | K19: =SUMIFS('0831 4度C'!$Z:$Z,'0831 4度C'!$A:$A,"新豐8線",'0831 4度C'!$B:$B,"平均") -> 0 | L19: =SUMIFS('0831 4度C'!$Z:$Z,'0831 4度C'!$A:$A,"新豐9線",'0831 4度C'!$B:$B,"平均") -> 0 | M19: =SUMIFS('0831 4度C'!$Z:$Z,'0831 4度C'!$A:$A,"新豐4線",'0831 4度C'!$B:$B,"平均") -> 0
B20: 短暫停線 (5分鐘以下) | C20: 次數 | D20: =SUMIFS('0831 4度C'!$AC:$AC,'0831 4度C'!$A:$A,"新豐6線",'0831 4度C'!$B:$B,"平均") -> 4 | E20: =SUMIFS('0831 4度C'!$AC:$AC,'0831 4度C'!$A:$A,"新豐2線",'0831 4度C'!$B:$B,"平均") -> 4 | F20: =SUMIFS('0831 4度C'!$AC:$AC,'0831 4度C'!$A:$A,"新豐5線",'0831 4度C'!$B:$B,"平均") -> 8 | G20: =SUMIFS('0831 4度C'!$AC:$AC,'0831 4度C'!$A:$A,"新豐7線",'0831 4度C'!$B:$B,"平均") -> 8 | H20: =SUMIFS('0831 4度C'!$AC:$AC,'0831 4度C'!$A:$A,"新豐3線",'0831 4度C'!$B:$B,"平均") -> 3 | I20: =SUMIFS('0831 4度C'!$AC:$AC,'0831 4度C'!$A:$A,"新豐1線",'0831 4度C'!$B:$B,"平均") -> 9 | J20: =SUMIFS('0831 4度C'!$AC:$AC,'0831 4度C'!$A:$A,"新豐10線",'0831 4度C'!$B:$B,"平均") -> 5 | K20: =SUMIFS('0831 4度C'!$AC:$AC,'0831 4度C'!$A:$A,"新豐8線",'0831 4度C'!$B:$B,"平均") -> 6 | L20: =SUMIFS('0831 4度C'!$AC:$AC,'0831 4度C'!$A:$A,"新豐9線",'0831 4度C'!$B:$B,"平均") -> 8 | M20: =SUMIFS('0831 4度C'!$AC:$AC,'0831 4度C'!$A:$A,"新豐4線",'0831 4度C'!$B:$B,"平均") -> 6
C21: 設備次數 | D21: =SUMIFS('0831 4度C'!$AD:$AD,'0831 4度C'!$A:$A,"新豐6線",'0831 4度C'!$B:$B,"平均") -> 0 | E21: =SUMIFS('0831 4度C'!$AD:$AD,'0831 4度C'!$A:$A,"新豐2線",'0831 4度C'!$B:$B,"平均") -> 0 | F21: =SUMIFS('0831 4度C'!$AD:$AD,'0831 4度C'!$A:$A,"新豐5線",'0831 4度C'!$B:$B,"平均") -> 0 | G21: =SUMIFS('0831 4度C'!$AD:$AD,'0831 4度C'!$A:$A,"新豐7線",'0831 4度C'!$B:$B,"平均") -> 0 | H21: =SUMIFS('0831 4度C'!$AD:$AD,'0831 4度C'!$A:$A,"新豐3線",'0831 4度C'!$B:$B,"平均") -> 0 | I21: =SUMIFS('0831 4度C'!$AD:$AD,'0831 4度C'!$A:$A,"新豐1線",'0831 4度C'!$B:$B,"平均") -> 0 | J21: =SUMIFS('0831 4度C'!$AD:$AD,'0831 4度C'!$A:$A,"新豐10線",'0831 4度C'!$B:$B,"平均") -> 0 | K21: =SUMIFS('0831 4度C'!$AD:$AD,'0831 4度C'!$A:$A,"新豐8線",'0831 4度C'!$B:$B,"平均") -> 0 | L21: =SUMIFS('0831 4度C'!$AD:$AD,'0831 4度C'!$A:$A,"新豐9線",'0831 4度C'!$B:$B,"平均") -> 0 | M21: =SUMIFS('0831 4度C'!$AD:$AD,'0831 4度C'!$A:$A,"新豐4線",'0831 4度C'!$B:$B,"平均") -> 0
B22: 配置人數 | D22: =SUMIFS('0831 4度C'!$I:$I,'0831 4度C'!$A:$A,"新豐6線",'0831 4度C'!$B:$B,"平均") -> 14.75 | E22: =SUMIFS('0831 4度C'!$I:$I,'0831 4度C'!$A:$A,"新豐2線",'0831 4度C'!$B:$B,"平均") -> 18.5 | F22: =SUMIFS('0831 4度C'!$I:$I,'0831 4度C'!$A:$A,"新豐5線",'0831 4度C'!$B:$B,"平均") -> 17 | G22: =SUMIFS('0831 4度C'!$I:$I,'0831 4度C'!$A:$A,"新豐7線",'0831 4度C'!$B:$B,"平均") -> 15.625 | H22: =SUMIFS('0831 4度C'!$I:$I,'0831 4度C'!$A:$A,"新豐3線",'0831 4度C'!$B:$B,"平均") -> 10 | I22: =SUMIFS('0831 4度C'!$I:$I,'0831 4度C'!$A:$A,"新豐1線",'0831 4度C'!$B:$B,"平均") -> 18.555556 | J22: =SUMIFS('0831 4度C'!$I:$I,'0831 4度C'!$A:$A,"新豐10線",'0831 4度C'!$B:$B,"平均") -> 10.4 | K22: =SUMIFS('0831 4度C'!$I:$I,'0831 4度C'!$A:$A,"新豐8線",'0831 4度C'!$B:$B,"平均") -> 17 | L22: =SUMIFS('0831 4度C'!$I:$I,'0831 4度C'!$A:$A,"新豐9線",'0831 4度C'!$B:$B,"平均") -> 16.25 | M22: =SUMIFS('0831 4度C'!$I:$I,'0831 4度C'!$A:$A,"新豐4線",'0831 4度C'!$B:$B,"平均") -> 16.833333
B23: 主要應用設備 | D23: ET-55 | E23: 熱縮爐 | F23: L型包裝機 | G23: L型包裝機 | H23: 伺服包裝機 | I23: ET-55 | J23: 伺服包裝機 | K23: 三明治包裝機 | L23: 三明治包裝機 | M23: 三明治包裝機
B24: 次要應用設備 | F24: 圓盤機 | G24: ET-55
B25: 備註 | E25: 握沙拉 | F25: 共用L型包裝機 | H25: 調理麵包 | I25: 炒飯+沙拉 | J25: 調理麵包

Sheet 0831 4度C
A1: 新豐廠四度C日報分析 | C1: 總生產量 | D1: =SUM(F5:F75) -> 188787 | E1: 營業額 | F1: =SUM(G5:G75) -> 6748732.9 | G1: 出勤人數 | H1: =L9+L14+L52+L62+L23+L68+L39+L48+L32+L75 -> 154.91389 | I1: 產線配置圖 | L1: 生產實績 | O1: 人時性差異分析 | S1: 日報登錄 | Y1: 合計 次數 | Z1: 合計 時間/分 | AA1: 產線異常 分析說明(5分鐘以上) | AC1: 合計 次數 | AD1: 合計 設備次數 | AE1: 產能差異分析
A2: 46265 | B2: 星期一 | C2: 人時性 | D2: =AVERAGE(N9,N14,N52,N62,N23,N68,N32,N39,N48,N75) -> 149.73016 | E2: 平均廠價 | F2: =F1/D1 -> 35.747869 | G2: 多次生產數 | H2: =COUNT(H5:H75) -> 10 | Y2: =SUM(Y9+Y14+Y23+Y32+Y39+Y48+Y52+Y62+Y68+Y75) -> 0 | Z2: =SUM(Z9+Z14+Z23+Z32+Z39+Z48+Z52+Z62+Z68+Z75) -> 0 | AC2: 61 | AD2: =SUM(AD9+AD14+AD23+AD32+AD39+AD48+AD52+AD62+AD68+AD75) -> 0
A3: 線別 | B3: 品類 | C3: 品名 | E3: 廠價 | F3: 生產量 | G3: 營收 | H3: 多次 生產 | I3: 人數 | J3: 產能/時 | K3: 人時性 | L3: 人數 | M3: 產能/時 | N3: 人時性 | O3: 人數 | P3: 人時性 | Q3: 達成率 | R3: 達成率平均 | S3: 生產時間 | U3: 換線、休息/分 | V3: 稼動時間/分 | W3: 休息時間 | Y3: 產線異常統計 (5分鐘以上) | AA3: (新豐回填) | AC3: 短暫停線統計 (5分鐘以下) | AE3: 產能/時 | AF3: 達成率 | AG3: 達成率平均
S4: 開始 | T4: 結束 | W4: 開始 | X4: 結束 | Y4: 次數 | Z4: 時間/分 | AC4: 總次數 | AD4: 設備因素(次數)
A5: 新豐6線 | B5: 微波主食 | C5: 二配金咖哩果香甘口咖哩飯 | E5: 50.92 | F5: 1000 | G5: =E5*F5 -> 50920 | H5: 2 | I5: 15 | J5: 2000 | K5: =J5/I5 -> 133.33333 | L5: 15 | M5: =F5/V5*60 -> 1935.4839 | N5: =M5/L5 -> 129.03226 | O5: =L5-I5 -> 0 | P5: =N5-K5 -> -4.3010753 | Q5: =N5/K5 -> 0.96774194 | R5: =Q9 -> 0.96229733 | S5: 0.70833333 | T5: 0.72986111 | V5: =(T5-S5)*24*60 -> 31 | AC5: 4 | AE5: =M5-J5 -> -64.516129 | AF5: =M5/J5 -> 0.96774194 | AG5: =AF9 -> 0.96229733
A6: 新豐6線 | B6: 微波主食 | C6: 二配金咖哩濃厚辛口咖哩飯 | E6: 50.98 | F6: 3644 | G6: =E6*F6 -> 185771.12 | I6: 16 | J6: 2000 | K6: =J6/I6 -> 125 | L6: 16 | M6: =F6/V6*60 -> 1917.8947 | N6: =M6/L6 -> 119.86842 | O6: =L6-I6 -> 0 | P6: =N6-K6 -> -5.1315789 | Q6: =N6/K6 -> 0.95894737 | S6: 0.73402778 | T6: 0.81319444 | U6: =IF(S6=TIME(17,0,0),"",(S6-T5)*24*60) -> 6 | V6: =(T6-S6)*24*60 -> 114 | AE6: =M6-J6 -> -82.105263 | AF6: =M6/J6 -> 0.95894737
A7: 新豐6線 | B7: 微波主食 | C7: 二配厚香料優格咖哩雞排飯 | E7: 56.43 | F7: 1419 | G7: =E7*F7 -> 80074.17 | I7: 13 | J7: 2000 | K7: =J7/I7 -> 153.84615 | L7: 13 | M7: =F7/V7*60 -> 1935 | N7: =M7/L7 -> 148.84615 | O7: =L7-I7 -> 0 | P7: =N7-K7 -> -5 | Q7: =N7/K7 -> 0.9675 | S7: 0.81666667 | T7: 0.84722222 | U7: =IF(S7=TIME(17,0,0),"",(S7-T6)*24*60) -> 5 | V7: =(T7-S7)*24*60 -> 44 | W7: =T7 -> 0.84722222 | X7: =S8 -> 0.88541667 | AE7: =M7-J7 -> -65 | AF7: =M7/J7 -> 0.9675
A8: 新豐6線 | B8: 微波主食 | C8: 二配金咖哩果香甘口咖哩飯 | E8: 50.92 | F8: 1719 | G8: =E8*F8 -> 87531.48 | I8: 15 | J8: 2000 | K8: =J8/I8 -> 133.33333 | L8: 15 | M8: =F8/V8*60 -> 1910 | N8: =M8/L8 -> 127.33333 | O8: =L8-I8 -> 0 | P8: =N8-K8 -> -6 | Q8: =N8/K8 -> 0.955 | S8: 0.88541667 | T8: 0.92291667 | U8: =IF(S8=TIME(17,0,0),"",(S8-T7)*24*60) -> 55 | V8: =(T8-S8)*24*60 -> 54 | AE8: =M8-J8 -> -90 | AF8: =M8/J8 -> 0.955
A9: 新豐6線 | B9: 平均 | I9: 14.75 | J9: 2000 | K9: =J9/I9 -> 135.59322 | L9: 14.75 | M9: =AVERAGE(M5:M8) -> 1924.5947 | N9: =M9/L9 -> 130.48099 | O9: =L9-I9 -> 0 | P9: =N9-K9 -> -5.112227 | Q9: =N9/K9 -> 0.96229733 | Y9: =SUM(Y5:Y8) -> 0 | Z9: =SUM(Z5:Z8) -> 0 | AC9: 4 | AD9: =SUM(AD5:AD8) -> 0 | AE9: =M9-J9 -> -75.405348 | AF9: =M9/J9 -> 0.96229733
A10: 新豐2線 | B10: 沙拉 | C10: 青醬優格雞肉握沙拉(113年) | E10: 39.62 | F10: 2800 | G10: =E10*F10 -> 110936 | H10: 2 | I10: 19 | J10: 1500 | K10: =J10/I10 -> 78.947368 | L10: 19 | M10: =F10/V10*60 -> 1435.8974 | N10: =M10/L10 -> 75.573549 | O10: =L10-I10 -> 0 | P10: =N10-K10 -> -3.3738192 | Q10: =N10/K10 -> 0.95726496 | R10: =Q14 -> 0.95701512 | S10: 0.083333333 | T10: 0.16458333 | V10: =(T10-S10)*24*60 -> 117 | W10: =T10 -> 0.16458333 | X10: =S11 -> 0.18402778 | AC10: 4 | AE10: =M10-J10 -> -64.102564 | AF10: =M10/J10 -> 0.95726496 | AG10: =AF14 -> 0.95701512
A11: 新豐2線 | B11: 沙拉 | C11: 青檸烤雞握沙拉(113年) | E11: 39.8 | F11: 7169 | G11: =E11*F11 -> 285326.2 | I11: 17 | J11: 1500 | K11: =J11/I11 -> 88.235294 | L11: 17 | M11: =F11/V11*60 -> 1433.8 | N11: =M11/L11 -> 84.341176 | O11: =L11-I11 -> 0 | P11: =N11-K11 -> -3.8941176 | Q11: =N11/K11 -> 0.95586667 | S11: 0.18402778 | T11: 0.39236111 | U11: =IF(S11=TIME(17,0,0),"",(S11-T10)*24*60) -> 28 | V11: =(T11-S11)*24*60 -> 300 | AE11: =M11-J11 -> -66.2 | AF11: =M11/J11 -> 0.95586667
A12: 新豐2線 | B12: 沙拉 | C12: 地瓜瓜握沙拉 | E12: 39.52 | F12: 2417 | G12: =E12*F12 -> 95519.84 | I12: 19 | J12: 1500 | K12: =J12/I12 -> 78.947368 | L12: 19 | M12: =F12/V12*60 -> 1435.8416 | N12: =M12/L12 -> 75.57061 | O12: =L12-I12 -> 0 | P12: =N12-K12 -> -3.3767587 | Q12: =N12/K12 -> 0.95722772 | S12: 0.39791667 | T12: 0.46805556 | U12: =IF(S12=TIME(17,0,0),"",(S12-T11)*24*60) -> 8 | V12: =(T12-S12)*24*60 -> 101 | W12: =T12 -> 0.46805556 | X12: =S13 -> 0.50833333 | AE12: =M12-J12 -> -64.158416 | AF12: =M12/J12 -> 0.95722772
A13: 新豐2線 | B13: 沙拉 | C13: 青醬優格雞肉握沙拉(113年) | E13: 39.62 | F13: 2083 | G13: =E13*F13 -> 82528.46 | I13: 19 | J13: 1500 | K13: =J13/I13 -> 78.947368 | L13: 19 | M13: =F13/V13*60 -> 1436.5517 | N13: =M13/L13 -> 75.607985 | O13: =L13-I13 -> 0 | P13: =N13-K13 -> -3.3393829 | Q13: =N13/K13 -> 0.95770115 | S13: 0.50833333 | T13: 0.56875 | U13: =IF(S13=TIME(17,0,0),"",(S13-T12)*24*60) -> 58 | V13: =(T13-S13)*24*60 -> 87 | AE13: =M13-J13 -> -63.448276 | AF13: =M13/J13 -> 0.95770115
A14: 新豐2線 | B14: 平均 | I14: 18.5 | J14: 1500 | K14: =J14/I14 -> 81.081081 | L14: 18.5 | M14: =AVERAGE(M10:M13) -> 1435.5227 | N14: =M14/L14 -> 77.595821 | O14: =L14-I14 -> 0 | P14: =N14-K14 -> -3.4852602 | Q14: =N14/K14 -> 0.95701512 | Y14: =SUM(Y10:Y13) -> 0 | Z14: =SUM(Z10:Z13) -> 0 | AC14: 4 | AD14: =SUM(AD10:AD13) -> 0 | AE14: =M14-J14 -> -64.477314 | AF14: =M14/J14 -> 0.95701512
A15: 新豐5線 | B15: 季節調理麵 | C15: 台式麻醬涼麵(115年) | E15: 31.11 | F15: 3253 | G15: =E15*F15 -> 101200.83 | I15: 14 | J15: 2000 | K15: =J15/I15 -> 142.85714 | L15: 14 | M15: =F15/V15*60 -> 1913.5294 | N15: =M15/L15 -> 136.68067 | O15: =L15-I15 -> 0 | P15: =N15-K15 -> -6.1764706 | Q15: =N15/K15 -> 0.95676471 | R15: =Q23 -> 0.95775227 | S15: 0.20833333 | T15: 0.27916667 | V15: =(T15-S15)*24*60 -> 102 | AC15: 8 | AE15: =M15-J15 -> -86.470588 | AF15: =M15/J15 -> 0.95676471 | AG15: =AF23 -> 0.95775227
A16: 新豐5線 | B16: 小吃 | C16: 剝皮辣椒雞湯 | E16: 41 | F16: 2010 | G16: =E16*F16 -> 82410 | I16: 26 | J16: 1500 | K16: =J16/I16 -> 57.692308 | L16: 26 | M16: =F16/V16*60 -> 1435.7143 | N16: =M16/L16 -> 55.21978 | O16: =L16-I16 -> 0 | P16: =N16-K16 -> -2.4725275 | Q16: =N16/K16 -> 0.95714286 | S16: 0.28333333 | T16: 0.34166667 | U16: =IF(S16=TIME(17,0,0),"",(S16-T15)*24*60) -> 6 | V16: =(T16-S16)*24*60 -> 84 | AE16: =M16-J16 -> -64.285714 | AF16: =M16/J16 -> 0.95714286
A17: 新豐5線 | B17: 季節調理麵 | C17: 嫩烤魚排佐花椰菜義大利麵 | E17: 68.88 | F17: 1885 | G17: =E17*F17 -> 129838.8 | I17: 16 | J17: 2000 | K17: =J17/I17 -> 125 | L17: 16 | M17: =F17/V17*60 -> 1916.9492 | N17: =M17/L17 -> 119.80932 | O17: =L17-I17 -> 0 | P17: =N17-K17 -> -5.190678 | Q17: =N17/K17 -> 0.95847458 | S17: 0.34513889 | T17: 0.38611111 | U17: =IF(S17=TIME(17,0,0),"",(S17-T16)*24*60) -> 5 | V17: =(T17-S17)*24*60 -> 59 | AE17: =M17-J17 -> -83.050847 | AF17: =M17/J17 -> 0.95847458
A18: 新豐5線 | B18: 沙拉 | C18: 厚蛋時蔬握沙拉 | E18: 39.46 | F18: 2571 | G18: =E18*F18 -> 101451.66 | I18: 15 | J18: 1500 | K18: =J18/I18 -> 100 | L18: 15 | M18: =F18/V18*60 -> 1428.3333 | N18: =M18/L18 -> 95.222222 | O18: =L18-I18 -> 0 | P18: =N18-K18 -> -4.7777778 | Q18: =N18/K18 -> 0.95222222 | S18: 0.39027778 | T18: 0.46527778 | U18: =IF(S18=TIME(17,0,0),"",(S18-T17)*24*60) -> 6 | V18: =(T18-S18)*24*60 -> 108 | AE18: =M18-J18 -> -71.666667 | AF18: =M18/J18 -> 0.95222222
A19: 新豐5線 | B19: 微波主食 | C19: 二配玉米濃湯焗烤飯 | E19: 54.5 | F19: 1260 | G19: =E19*F19 -> 68670 | I19: 19 | J19: 1500 | K19: =J19/I19 -> 78.947368 | L19: 19 | M19: =F19/V19*60 -> 1426.4151 | N19: =M19/L19 -> 75.074479 | O19: =L19-I19 -> 0 | P19: =N19-K19 -> -3.8728898 | Q19: =N19/K19 -> 0.9509434 | S19: 0.70833333 | T19: 0.74513889 | U19: =IF(S19=TIME(17,0,0),"",(S19-T18)*24*60) | V19: =(T19-S19)*24*60 -> 53 | AE19: =M19-J19 -> -73.584906 | AF19: =M19/J19 -> 0.9509434
A20: 新豐5線 | B20: 微波主食 | C20: 二配港式香滑嫩蛋牛肉燴飯 | E20: 50.67 | F20: 1794 | G20: =E20*F20 -> 90901.98 | I20: 17 | J20: 2000 | K20: =J20/I20 -> 117.64706 | L20: 17 | M20: =F20/V20*60 -> 1922.1429 | N20: =M20/L20 -> 113.06723 | O20: =L20-I20 -> 0 | P20: =N20-K20 -> -4.5798319 | Q20: =N20/K20 -> 0.96107143 | S20: 0.74861111 | T20: 0.7875 | U20: =IF(S20=TIME(17,0,0),"",(S20-T19)*24*60) -> 5 | V20: =(T20-S20)*24*60 -> 56 | AE20: =M20-J20 -> -77.857143 | AF20: =M20/J20 -> 0.96107143
A21: 新豐5線 | B21: 微波主食 | C21: 二配泰式綠咖哩雞 | E21: 50.67 | F21: 1604 | G21: =E21*F21 -> 81274.68 | I21: 15 | J21: 2000 | K21: =J21/I21 -> 133.33333 | L21: 15 | M21: =F21/V21*60 -> 1924.8 | N21: =M21/L21 -> 128.32 | O21: =L21-I21 -> 0 | P21: =N21-K21 -> -5.0133333 | Q21: =N21/K21 -> 0.9624 | S21: 0.79097222 | T21: 0.82569444 | U21: =IF(S21=TIME(17,0,0),"",(S21-T20)*24*60) -> 5 | V21: =(T21-S21)*24*60 -> 50 | W21: =T21 -> 0.82569444 | X21: =S22 -> 0.86527778 | AE21: =M21-J21 -> -75.2 | AF21: =M21/J21 -> 0.9624
A22: 新豐5線 | B22: 微波主食 | C22: 二配叉燒蛋炒飯 | E22: 54.09 | F22: 4031 | G22: =E22*F22 -> 218036.79 | I22: 14 | J22: 2000 | K22: =J22/I22 -> 142.85714 | L22: 14 | M22: =F22/V22*60 -> 1919.5238 | N22: =M22/L22 -> 137.10884 | O22: =L22-I22 -> 0 | P22: =N22-K22 -> -5.7482993 | Q22: =N22/K22 -> 0.9597619 | S22: 0.86527778 | T22: 0.95277778 | U22: =IF(S22=TIME(17,0,0),"",(S22-T21)*24*60) -> 57 | V22: =(T22-S22)*24*60 -> 126 | AE22: =M22-J22 -> -80.47619 | AF22: =M22/J22 -> 0.9597619
A23: 新豐5線 | B23: 平均 | I23: 17 | J23: 1812.5 | K23: =J23/I23 -> 106.61765 | L23: 17 | M23: =AVERAGE(M15:M22) -> 1735.926 | N23: =M23/L23 -> 102.11329 | O23: =L23-I23 -> 0 | P23: =N23-K23 -> -4.5043534 | Q23: =N23/K23 -> 0.95775227 | Y23: =SUM(Y15:Y22) -> 0 | Z23: =SUM(Z15:Z22) -> 0 | AC23: 8 | AD23: =SUM(AD15:AD22) -> 0 | AE23: =M23-J23 -> -76.574007 | AF23: =M23/J23 -> 0.95775227
A24: 新豐7線 | B24: 微波主食 | C24: 韓式泡菜豬肉豆腐丼飯 | E24: 50.67 | F24: 2032 | G24: =E24*F24 -> 102961.44 | I24: 17 | J24: 2000 | K24: =J24/I24 -> 117.64706 | L24: 17 | M24: =F24/V24*60 -> 1905 | N24: =M24/L24 -> 112.05882 | O24: =L24-I24 -> 0 | P24: =N24-K24 -> -5.5882353 | Q24: =N24/K24 -> 0.9525 | R24: =Q32 -> 0.95875408 | S24: 0.20833333 | T24: 0.25277778 | V24: =(T24-S24)*24*60 -> 64 | AC24: 8 | AE24: =M24-J24 -> -95 | AF24: =M24/J24 -> 0.9525 | AG24: =AF32 -> 0.95875408
A25: 新豐7線 | B25: 微波主食 | C25: 鐵板滑蛋炸豬排丼 | E25: 57.73 | F25: 3138 | G25: =E25*F25 -> 181156.74 | I25: 14 | J25: 2000 | K25: =J25/I25 -> 142.85714 | L25: 14 | M25: =F25/V25*60 -> 1901.8182 | N25: =M25/L25 -> 135.84416 | O25: =L25-I25 -> 0 | P25: =N25-K25 -> -7.012987 | Q25: =N25/K25 -> 0.95090909 | S25: 0.25625 | T25: 0.325 | U25: =IF(S25=TIME(17,0,0),"",(S25-T24)*24*60) -> 5 | V25: =(T25-S25)*24*60 -> 99 | AE25: =M25-J25 -> -98.181818 | AF25: =M25/J25 -> 0.95090909
A26: 新豐7線 | B26: 微波主食 | C26: 日式炙烤親子丼 | E26: 53.27 | F26: 1906 | G26: =E26*F26 -> 101532.62 | I26: 16 | J26: 2000 | K26: =J26/I26 -> 125 | L26: 16 | M26: =F26/V26*60 -> 1906 | N26: =M26/L26 -> 119.125 | O26: =L26-I26 -> 0 | P26: =N26-K26 -> -5.875 | Q26: =N26/K26 -> 0.953 | S26: 0.32916667 | T26: 0.37083333 | U26: =IF(S26=TIME(17,0,0),"",(S26-T25)*24*60) -> 6 | V26: =(T26-S26)*24*60 -> 60 | AE26: =M26-J26 -> -94 | AF26: =M26/J26 -> 0.953
A27: 新豐7線 | B27: 微波主食 | C27: 爆炒雞丁飯 | E27: 59.04 | F27: 1599 | G27: =E27*F27 -> 94404.96 | I27: 19 | J27: 2000 | K27: =J27/I27 -> 105.26316 | L27: 19 | M27: =F27/V27*60 -> 1918.8 | N27: =M27/L27 -> 100.98947 | O27: =L27-I27 -> 0 | P27: =N27-K27 -> -4.2736842 | Q27: =N27/K27 -> 0.9594 | S27: 0.37430556 | T27: 0.40902778 | U27: =IF(S27=TIME(17,0,0),"",(S27-T26)*24*60) -> 5 | V27: =(T27-S27)*24*60 -> 50 | AE27: =M27-J27 -> -81.2 | AF27: =M27/J27 -> 0.9594
A28: 新豐7線 | B28: 微波主食 | C28: 二配川味麻婆燒豆腐燴飯 | E28: 50.49 | F28: 2316 | G28: =E28*F28 -> 116934.84 | I28: 15 | J28: 2000 | K28: =J28/I28 -> 133.33333 | L28: 15 | M28: =F28/V28*60 -> 1930 | N28: =M28/L28 -> 128.66667 | O28: =L28-I28 -> 0 | P28: =N28-K28 -> -4.6666667 | Q28: =N28/K28 -> 0.965 | S28: 0.70833333 | T28: 0.75833333 | U28: =IF(S28=TIME(17,0,0),"",(S28-T27)*24*60) | V28: =(T28-S28)*24*60 -> 72 | AE28: =M28-J28 -> -70 | AF28: =M28/J28 -> 0.965
A29: 新豐7線 | B29: 微波主食 | C29: 二配美味蟹煲 | E29: 54.09 | F29: 2330 | G29: =E29*F29 -> 126029.7 | I29: 18 | J29: 2000 | K29: =J29/I29 -> 111.11111 | L29: 18 | M29: =F29/V29*60 -> 1915.0685 | N29: =M29/L29 -> 106.39269 | O29: =L29-I29 -> 0 | P29: =N29-K29 -> -4.718417 | Q29: =N29/K29 -> 0.95753425 | S29: 0.7625 | T29: 0.81319444 | U29: =IF(S29=TIME(17,0,0),"",(S29-T28)*24*60) -> 6 | V29: =(T29-S29)*24*60 -> 73 | AE29: =M29-J29 -> -84.931507 | AF29: =M29/J29 -> 0.95753425
A30: 新豐7線 | B30: 微波主食 | C30: 二配打拋風味豬肉飯 | E30: 51.06 | F30: 1000 | G30: =E30*F30 -> 51060 | H30: 2 | I30: 13 | J30: 2000 | K30: =J30/I30 -> 153.84615 | L30: 13 | M30: =F30/V30*60 -> 1935.4839 | N30: =M30/L30 -> 148.88337 | O30: =L30-I30 -> 0 | P30: =N30-K30 -> -4.9627792 | Q30: =N30/K30 -> 0.96774194 | S30: 0.81736111 | T30: 0.83888889 | U30: =IF(S30=TIME(17,0,0),"",(S30-T29)*24*60) -> 6 | V30: =(T30-S30)*24*60 -> 31 | W30: =T30 -> 0.83888889 | X30: =S31 -> 0.87847222 | AE30: =M30-J30 -> -64.516129 | AF30: =M30/J30 -> 0.96774194
A31: 新豐7線 | B31: 微波主食 | C31: 二配打拋風味豬肉飯 | E31: 51.06 | F31: 2442 | G31: =E31*F31 -> 124688.52 | I31: 13 | J31: 2000 | K31: =J31/I31 -> 153.84615 | L31: 13 | M31: =F31/V31*60 -> 1927.8947 | N31: =M31/L31 -> 148.2996 | O31: =L31-I31 -> 0 | P31: =N31-K31 -> -5.5465587 | Q31: =N31/K31 -> 0.96394737 | S31: 0.87847222 | T31: 0.93125 | U31: =IF(S31=TIME(17,0,0),"",(S31-T30)*24*60) -> 57 | V31: =(T31-S31)*24*60 -> 76 | AE31: =M31-J31 -> -72.105263 | AF31: =M31/J31 -> 0.96394737
A32: 新豐7線 | B32: 平均 | I32: 15.625 | J32: 2000 | K32: =J32/I32 -> 128 | L32: 15.625 | M32: =AVERAGE(M24:M31) -> 1917.5082 | N32: =M32/L32 -> 122.72052 | O32: =L32-I32 -> 0 | P32: =N32-K32 -> -5.2794777 | Q32: =N32/K32 -> 0.95875408 | Y32: =SUM(Y24:Y31) -> 0 | Z32: =SUM(Z24:Z31) -> 0 | AC32: 8 | AD32: =SUM(AD24:AD31) -> 0 | AE32: =M32-J32 -> -82.49184 | AF32: =M32/J32 -> 0.95875408
A33: 新豐8線 | B33: 三明治 | C33: 紐奧良風味烤雞鮮蔬三明治 | E33: 31.29 | F33: 5600 | G33: =E33*F33 -> 175224 | H33: 2 | I33: 18 | J33: 2400 | K33: =J33/I33 -> 133.33333 | L33: 18 | M33: =F33/V33*60 -> 2285.7143 | N33: =M33/L33 -> 126.98413 | O33: =L33-I33 -> 0 | P33: =N33-K33 -> -6.3492063 | Q33: =N33/K33 -> 0.95238095 | R33: =Q39 -> 0.95494026 | S33: 0.083333333 | T33: 0.18541667 | V33: =(T33-S33)*24*60 -> 147 | W33: =T33 -> 0.18541667 | X33: =S34 -> 0.20277778 | AC33: 6 | AE33: =M33-J33 -> -114.28571 | AF33: =M33/J33 -> 0.95238095 | AG33: =AF39 -> 0.95494026
A34: 新豐8線 | B34: 三明治 | C34: 醬燒烤雞三明治(115年) | E34: 26.37 | F34: 6818 | G34: =E34*F34 -> 179790.66 | I34: 18 | J34: 2400 | K34: =J34/I34 -> 133.33333 | L34: 18 | M34: =F34/V34*60 -> 2285.3631 | N34: =M34/L34 -> 126.96462 | O34: =L34-I34 -> 0 | P34: =N34-K34 -> -6.3687151 | Q34: =N34/K34 -> 0.95223464 | S34: 0.20277778 | T34: 0.32708333 | U34: =(S34-T33)*24*60 -> 25 | V34: =(T34-S34)*24*60 -> 179 | AE34: =M34-J34 -> -114.63687 | AF34: =M34/J34 -> 0.95223464
A35: 新豐8線 | B35: 三明治 | C35: 經典火腿玉米蛋三明治 | E35: 24.43 | F35: 4200 | G35: =E35*F35 -> 102606 | H35: 2 | I35: 14 | J35: 2400 | K35: =J35/I35 -> 171.42857 | L35: 14 | M35: =F35/V35*60 -> 2290.9091 | N35: =M35/L35 -> 163.63636 | O35: =L35-I35 -> 0 | P35: =N35-K35 -> -7.7922078 | Q35: =N35/K35 -> 0.95454545 | S35: 0.33194444 | T35: 0.40833333 | U35: =(S35-T34)*24*60 -> 7 | V35: =(T35-S35)*24*60 -> 110 | AE35: =M35-J35 -> -109.09091 | AF35: =M35/J35 -> 0.95454545
A36: 新豐8線 | B36: 三明治 | C36: 好多蛋三明治 | E36: 34.1 | F36: 3700 | G36: =E36*F36 -> 126170 | H36: 2 | I36: 17 | J36: 1600 | K36: =J36/I36 -> 94.117647 | L36: 17 | M36: =F36/V36*60 -> 1531.0345 | N36: =M36/L36 -> 90.060852 | O36: =L36-I36 -> 0 | P36: =N36-K36 -> -4.0567951 | Q36: =N36/K36 -> 0.95689655 | S36: 0.41180556 | T36: 0.5125 | U36: =(S36-T35)*24*60 -> 5 | V36: =(T36-S36)*24*60 -> 145 | W36: =T36 -> 0.5125 | X36: =S37 -> 0.55486111 | AE36: =M36-J36 -> -68.965517 | AF36: =M36/J36 -> 0.95689655
A37: 新豐8線 | B37: 三明治 | C37: 紐奧良風味烤雞鮮蔬三明治 | E37: 31.29 | F37: 4290 | G37: =E37*F37 -> 134234.1 | I37: 18 | J37: 2400 | K37: =J37/I37 -> 133.33333 | L37: 18 | M37: =F37/V37*60 -> 2298.2143 | N37: =M37/L37 -> 127.67857 | O37: =L37-I37 -> 0 | P37: =N37-K37 -> -5.6547619 | Q37: =N37/K37 -> 0.95758929 | S37: 0.55486111 | T37: 0.63263889 | U37: =(S37-T36)*24*60 -> 61 | V37: =(T37-S37)*24*60 -> 112 | AE37: =M37-J37 -> -101.78571 | AF37: =M37/J37 -> 0.95758929
A38: 新豐8線 | B38: 三明治 | C38: 好多蛋三明治 | E38: 34.1 | F38: 3064 | G38: =E38*F38 -> 104482.4 | I38: 17 | J38: 1600 | K38: =J38/I38 -> 94.117647 | L38: 17 | M38: =F38/V38*60 -> 1532 | N38: =M38/L38 -> 90.117647 | O38: =L38-I38 -> 0 | P38: =N38-K38 -> -4 | Q38: =N38/K38 -> 0.9575 | S38: 0.6375 | T38: 0.72083333 | U38: =(S38-T37)*24*60 -> 7 | V38: =(T38-S38)*24*60 -> 120 | AE38: =M38-J38 -> -68 | AF38: =M38/J38 -> 0.9575
A39: 新豐8線 | B39: 平均 | I39: 17 | J39: 2133.3333 | K39: =J39/I39 -> 125.4902 | L39: 17 | M39: =AVERAGE(M33:M38) -> 2037.2059 | N39: =M39/L39 -> 119.83564 | O39: =L39-I39 -> 0 | P39: =N39-K39 -> -5.6545561 | Q39: =N39/K39 -> 0.95494026 | Y39: =SUM(Y33:Y38) -> 0 | Z39: =SUM(Z33:Z38) -> 0 | AC39: 6 | AD39: =SUM(AD33:AD38) -> 0 | AE39: =M39-J39 -> -96.127454 | AF39: =M39/J39 -> 0.95494026
A40: 新豐9線 | B40: 三明治 | C40: 經典總匯三明治(115年) | E40: 26.18 | F40: 6369 | G40: =E40*F40 -> 166740.42 | I40: 20 | J40: 2400 | K40: =J40/I40 -> 120 | L40: 20 | M40: =F40/V40*60 -> 2288.2635 | N40: =M40/L40 -> 114.41317 | O40: =L40-I40 -> 0 | P40: =N40-K40 -> -5.5868263 | Q40: =N40/K40 -> 0.95344311 | R40: =Q48 -> 0.95886773 | S40: 0.083333333 | T40: 0.19930556 | V40: =(T40-S40)*24*60 -> 167 | W40: =T40 -> 0.19930556 | X40: =S41 -> 0.21805556 | AC40: 8 | AE40: =M40-J40 -> -111.73653 | AF40: =M40/J40 -> 0.95344311 | AG40: =AF48 -> 0.95886773
A41: 新豐9線 | B41: 三明治 | C41: 雙泰奶QQ三明治 | E41: 23.89 | F41: 1397 | G41: =E41*F41 -> 33374.33 | I41: 13 | J41: 2400 | K41: =J41/I41 -> 184.61538 | L41: 13 | M41: =F41/V41*60 -> 2328.3333 | N41: =M41/L41 -> 179.10256 | O41: =L41-I41 -> 0 | P41: =N41-K41 -> -5.5128205 | Q41: =N41/K41 -> 0.97013889 | S41: 0.21805556 | T41: 0.24305556 | U41: =(S41-T40)*24*60 -> 27 | V41: =(T41-S41)*24*60 -> 36 | AE41: =M41-J41 -> -71.666667 | AF41: =M41/J41 -> 0.97013889
A42: 新豐9線 | B42: 三明治 | C42: 鮪魚起司溏心蛋三明治(115年) | E42: 26.18 | F42: 4900 | G42: =E42*F42 -> 128282 | H42: 2 | I42: 18 | J42: 2400 | K42: =J42/I42 -> 133.33333 | L42: 18 | M42: =F42/V42*60 -> 2296.875 | N42: =M42/L42 -> 127.60417 | O42: =L42-I42 -> 0 | P42: =N42-K42 -> -5.7291667 | Q42: =N42/K42 -> 0.95703125 | S42: 0.24652778 | T42: 0.33541667 | U42: =(S42-T41)*24*60 -> 5 | V42: =(T42-S42)*24*60 -> 128 | AE42: =M42-J42 -> -103.125 | AF42: =M42/J42 -> 0.95703125
A43: 新豐9線 | B43: 三明治 | C43: 雞蛋沙拉三明治(114年) | E43: 25.99 | F43: 4072 | G43: =E43*F43 -> 105831.28 | I43: 14 | J43: 2400 | K43: =J43/I43 -> 171.42857 | L43: 14 | M43: =F43/V43*60 -> 2304.9057 | N43: =M43/L43 -> 164.63612 | O43: =L43-I43 -> 0 | P43: =N43-K43 -> -6.7924528 | Q43: =N43/K43 -> 0.96037736 | S43: 0.33958333 | T43: 0.41319444 | U43: =(S43-T42)*24*60 -> 6 | V43: =(T43-S43)*24*60 -> 106 | AE43: =M43-J43 -> -95.09434 | AF43: =M43/J43 -> 0.96037736
A44: 新豐9線 | B44: 三明治 | C44: 起司芋見肉鬆三明治 | E44: 25.98 | F44: 2326 | G44: =E44*F44 -> 60429.48 | I44: 17 | J44: 2400 | K44: =J44/I44 -> 141.17647 | L44: 17 | M44: =F44/V44*60 -> 2287.8689 | N44: =M44/L44 -> 134.58052 | O44: =L44-I44 -> 0 | P44: =N44-K44 -> -6.5959499 | Q44: =N44/K44 -> 0.95327869 | S44: 0.41805556 | T44: 0.46041667 | U44: =(S44-T43)*24*60 -> 7 | V44: =(T44-S44)*24*60 -> 61 | AE44: =M44-J44 -> -112.13115 | AF44: =M44/J44 -> 0.95327869
A45: 新豐9線 | B45: 三明治 | C45: 金黃玉米蛋三明治 | E45: 24.25 | F45: 2701 | G45: =E45*F45 -> 65499.25 | I45: 16 | J45: 2400 | K45: =J45/I45 -> 150 | L45: 16 | M45: =F45/V45*60 -> 2315.1429 | N45: =M45/L45 -> 144.69643 | O45: =L45-I45 -> 0 | P45: =N45-K45 -> -5.3035714 | Q45: =N45/K45 -> 0.96464286 | S45: 0.46388889 | T45: 0.5125 | U45: =(S45-T44)*24*60 -> 5 | V45: =(T45-S45)*24*60 -> 70 | W45: =T45 -> 0.5125 | X45: =S46 -> 0.55277778 | AE45: =M45-J45 -> -84.857143 | AF45: =M45/J45 -> 0.96464286
A46: 新豐9線 | B46: 三明治 | C46: 鮪魚起司溏心蛋三明治(115年) | E46: 26.18 | F46: 3967 | G46: =E46*F46 -> 103856.06 | I46: 18 | J46: 2400 | K46: =J46/I46 -> 133.33333 | L46: 18 | M46: =F46/V46*60 -> 2288.6538 | N46: =M46/L46 -> 127.14744 | O46: =L46-I46 -> 0 | P46: =N46-K46 -> -6.1858974 | Q46: =N46/K46 -> 0.95360577 | S46: 0.55277778 | T46: 0.625 | U46: =(S46-T45)*24*60 -> 58 | V46: =(T46-S46)*24*60 -> 104 | AE46: =M46-J46 -> -111.34615 | AF46: =M46/J46 -> 0.95360577
A47: 新豐9線 | B47: 三明治 | C47: 經典火腿玉米蛋三明治 | E47: 24.43 | F47: 3527 | G47: =E47*F47 -> 86164.61 | I47: 14 | J47: 2400 | K47: =J47/I47 -> 171.42857 | L47: 14 | M47: =F47/V47*60 -> 2300.2174 | N47: =M47/L47 -> 164.30124 | O47: =L47-I47 -> 0 | P47: =N47-K47 -> -7.1273292 | Q47: =N47/K47 -> 0.95842391 | S47: 0.63055556 | T47: 0.69444444 | U47: =(S47-T46)*24*60 -> 8 | V47: =(T47-S47)*24*60 -> 92 | AE47: =M47-J47 -> -99.782609 | AF47: =M47/J47 -> 0.95842391
A48: 新豐9線 | B48: 平均 | I48: 16.25 | J48: 2400 | K48: =J48/I48 -> 147.69231 | L48: 16.25 | M48: =AVERAGE(M40:M47) -> 2301.2826 | N48: =M48/L48 -> 141.61739 | O48: =L48-I48 -> 0 | P48: =N48-K48 -> -6.0749199 | Q48: =N48/K48 -> 0.95886773 | Y48: =SUM(Y40:Y47) -> 0 | Z48: =SUM(Z40:Z47) -> 0 | AC48: 8 | AD48: =SUM(AD40:AD47) -> 0 | AE48: =M48-J48 -> -98.717448 | AF48: =M48/J48 -> 0.95886773
A49: 新豐3線 | B49: 調理麵包 | C49: 豬肉起司堡 | E49: 21.13 | F49: 6070 | G49: =E49*F49 -> 128259.1 | I49: 10 | J49: 3000 | K49: =J49/I49 -> 300 | L49: 10 | M49: =F49/V49*60 -> 2867.7165 | N49: =M49/L49 -> 286.77165 | O49: =L49-I49 -> 0 | P49: =N49-K49 -> -13.228346 | Q49: =N49/K49 -> 0.95590551 | R49: =Q52 -> 0.95645822 | S49: 0.20833333 | T49: 0.29652778 | V49: =(T49-S49)*24*60 -> 127 | AC49: 3 | AE49: =M49-J49 -> -132.28346 | AF49: =M49/J49 -> 0.95590551 | AG49: =AF52 -> 0.95645822
A50: 新豐3線 | B50: 調理麵包 | C50: 豬肉起司蛋堡 | E50: 27.17 | F50: 6381 | G50: =E50*F50 -> 173371.77 | I50: 10 | J50: 3000 | K50: =J50/I50 -> 300 | L50: 10 | M50: =F50/V50*60 -> 2857.1642 | N50: =M50/L50 -> 285.71642 | O50: =L50-I50 -> 0 | P50: =N50-K50 -> -14.283582 | Q50: =N50/K50 -> 0.95238806 | S50: 0.30069444 | T50: 0.39375 | U50: =(S50-T49)*24*60 -> 6 | V50: =(T50-S50)*24*60 -> 134 | AE50: =M50-J50 -> -142.83582 | AF50: =M50/J50 -> 0.95238806
A51: 新豐3線 | B51: 調理麵包 | C51: 超HOT雞腿堡 | E51: 35.87 | F51: 3556 | G51: =E51*F51 -> 127553.72 | I51: 10 | J51: 3000 | K51: =J51/I51 -> 300 | L51: 10 | M51: =F51/V51*60 -> 2883.2432 | N51: =M51/L51 -> 288.32432 | O51: =L51-I51 -> 0 | P51: =N51-K51 -> -11.675676 | Q51: =N51/K51 -> 0.96108108 | S51: 0.39791667 | T51: 0.44930556 | U51: =(S51-T50)*24*60 -> 6 | V51: =(T51-S51)*24*60 -> 74 | AE51: =M51-J51 -> -116.75676 | AF51: =M51/J51 -> 0.96108108
A52: 新豐3線 | B52: 平均 | I52: 10 | J52: 3000 | K52: =J52/I52 -> 300 | L52: 10 | M52: =AVERAGE(M49:M51) -> 2869.3747 | N52: =M52/L52 -> 286.93747 | O52: =L52-I52 -> 0 | P52: =N52-K52 -> -13.062535 | Q52: =N52/K52 -> 0.95645822 | Y52: =SUM(Y49:Y51) -> 0 | Z52: =SUM(Z49:Z51) -> 0 | AC52: 3 | AD52: =SUM(AD49:AD51) -> 0 | AE52: =M52-J52 -> -130.62535 | AF52: =M52/J52 -> 0.95645822
A53: 新豐1線 | B53: 微波主食 | C53: 炙烤醬香燒豚飯 | E53: 51.44 | F53: 1781 | G53: =E53*F53 -> 91614.64 | I53: 25 | J53: 2000 | K53: =J53/I53 -> 80 | L53: 25 | M53: =F53/V53*60 -> 1908.2143 | N53: =M53/L53 -> 76.328571 | O53: =L53-I53 -> 0 | P53: =N53-K53 -> -3.6714286 | Q53: =N53/K53 -> 0.95410714 | R53: =Q62 -> 0.96107848 | S53: 0.20833333 | T53: 0.24722222 | V53: =(T53-S53)*24*60 -> 56 | AC53: 9 | AE53: =M53-J53 -> -91.785714 | AF53: =M53/J53 -> 0.95410714 | AG53: =AF62 -> 0.96107848
A54: 新豐1線 | B54: 微波主食 | C54: 金沙醬牛豚雙饗飯 | E54: 56.43 | F54: 2225 | G54: =E54*F54 -> 125556.75 | I54: 23 | J54: 2000 | K54: =J54/I54 -> 86.956522 | L54: 23 | M54: =F54/V54*60 -> 1907.1429 | N54: =M54/L54 -> 82.919255 | O54: =L54-I54 -> 0 | P54: =N54-K54 -> -4.0372671 | Q54: =N54/K54 -> 0.95357143 | S54: 0.25069444 | T54: 0.29930556 | U54: =IF(S54=TIME(17,0,0),"",(S54-T53)*24*60) -> 5 | V54: =(T54-S54)*24*60 -> 70 | AE54: =M54-J54 -> -92.857143 | AF54: =M54/J54 -> 0.95357143
A55: 新豐1線 | B55: 微波主食 | C55: 柚見極炙烤牛 | E55: 56.43 | F55: 2246 | G55: =E55*F55 -> 126741.78 | I55: 25 | J55: 2000 | K55: =J55/I55 -> 80 | L55: 25 | M55: =F55/V55*60 -> 1925.1429 | N55: =M55/L55 -> 77.005714 | O55: =L55-I55 -> 0 | P55: =N55-K55 -> -2.9942857 | Q55: =N55/K55 -> 0.96257143 | S55: 0.30347222 | T55: 0.35208333 | U55: =IF(S55=TIME(17,0,0),"",(S55-T54)*24*60) -> 6 | V55: =(T55-S55)*24*60 -> 70 | AE55: =M55-J55 -> -74.857143 | AF55: =M55/J55 -> 0.96257143
A56: 新豐1線 | B56: 沙拉 | C56: 蔥鹽雞肉麵沙拉(114年) | E56: 46 | F56: 1510 | G56: =E56*F56 -> 69460 | I56: 16 | J56: 2000 | K56: =J56/I56 -> 125 | L56: 16 | M56: =F56/V56*60 -> 1927.6596 | N56: =M56/L56 -> 120.47872 | O56: =L56-I56 -> 0 | P56: =N56-K56 -> -4.5212766 | Q56: =N56/K56 -> 0.96382979 | S56: 0.35694444 | T56: 0.38958333 | U56: =IF(S56=TIME(17,0,0),"",(S56-T55)*24*60) -> 7 | V56: =(T56-S56)*24*60 -> 47 | AE56: =M56-J56 -> -72.340426 | AF56: =M56/J56 -> 0.96382979
A57: 新豐1線 | B57: 沙拉 | C57: 莎莎烤雞麵沙拉(115年) | E57: 46 | F57: 1672 | G57: =E57*F57 -> 76912 | I57: 17 | J57: 2000 | K57: =J57/I57 -> 117.64706 | L57: 17 | M57: =F57/V57*60 -> 1929.2308 | N57: =M57/L57 -> 113.48416 | O57: =L57-I57 -> 0 | P57: =N57-K57 -> -4.1628959 | Q57: =N57/K57 -> 0.96461538 | S57: 0.39513889 | T57: 0.43125 | U57: =IF(S57=TIME(17,0,0),"",(S57-T56)*24*60) -> 8 | V57: =(T57-S57)*24*60 -> 52 | AE57: =M57-J57 -> -70.769231 | AF57: =M57/J57 -> 0.96461538
A58: 新豐1線 | B58: 微波主食 | C58: 二配香辣醬蒜味香腸蛋炒飯 | E58: 55.56 | F58: 1000 | G58: =E58*F58 -> 55560 | H58: 2 | I58: 17 | J58: 2000 | K58: =J58/I58 -> 117.64706 | L58: 17 | M58: =F58/V58*60 -> 1935.4839 | N58: =M58/L58 -> 113.85199 | O58: =L58-I58 -> 0 | P58: =N58-K58 -> -3.7950664 | Q58: =N58/K58 -> 0.96774194 | S58: 0.70833333 | T58: 0.72986111 | U58: =IF(S58=TIME(17,0,0),"",(S58-T57)*24*60) | V58: =(T58-S58)*24*60 -> 31 | AE58: =M58-J58 -> -64.516129 | AF58: =M58/J58 -> 0.96774194
A59: 新豐1線 | B59: 微波主食 | C59: 二配排骨蛋炒飯 | E59: 58.17 | F59: 2482 | G59: =E59*F59 -> 144377.94 | I59: 13 | J59: 2000 | K59: =J59/I59 -> 153.84615 | L59: 13 | M59: =F59/V59*60 -> 1909.2308 | N59: =M59/L59 -> 146.86391 | O59: =L59-I59 -> 0 | P59: =N59-K59 -> -6.9822485 | Q59: =N59/K59 -> 0.95461538 | S59: 0.73333333 | T59: 0.7875 | U59: =IF(S59=TIME(17,0,0),"",(S59-T58)*24*60) -> 5 | V59: =(T59-S59)*24*60 -> 78 | AE59: =M59-J59 -> -90.769231 | AF59: =M59/J59 -> 0.95461538
A60: 新豐1線 | B60: 微波主食 | C60: 二配叉燒蛋炒飯 | E60: 54.09 | F60: 1600 | G60: =E60*F60 -> 86544 | H60: 2 | I60: 14 | J60: 2000 | K60: =J60/I60 -> 142.85714 | L60: 14 | M60: =F60/V60*60 -> 1920 | N60: =M60/L60 -> 137.14286 | O60: =L60-I60 -> 0 | P60: =N60-K60 -> -5.7142857 | Q60: =N60/K60 -> 0.96 | S60: 0.79305556 | T60: 0.82777778 | U60: =IF(S60=TIME(17,0,0),"",(S60-T59)*24*60) -> 8 | V60: =(T60-S60)*24*60 -> 50 | W60: =T60 -> 0.82777778 | X60: =S61 -> 0.86875 | AE60: =M60-J60 -> -80 | AF60: =M60/J60 -> 0.96
A61: 新豐1線 | B61: 微波主食 | C61: 二配香辣醬蒜味香腸蛋炒飯 | E61: 55.56 | F61: 1679 | G61: =E61*F61 -> 93285.24 | I61: 17 | J61: 2000 | K61: =J61/I61 -> 117.64706 | L61: 17 | M61: =F61/V61*60 -> 1937.3077 | N61: =M61/L61 -> 113.95928 | O61: =L61-I61 -> 0 | P61: =N61-K61 -> -3.6877828 | Q61: =N61/K61 -> 0.96865385 | S61: 0.86875 | T61: 0.90486111 | U61: =IF(S61=TIME(17,0,0),"",(S61-T60)*24*60) -> 59 | V61: =(T61-S61)*24*60 -> 52 | AE61: =M61-J61 -> -62.692308 | AF61: =M61/J61 -> 0.96865385
A62: 新豐1線 | B62: 平均 | I62: 18.555556 | J62: 2000 | K62: =J62/I62 -> 107.78443 | L62: 18.555556 | M62: =AVERAGE(M53:M61) -> 1922.157 | N62: =M62/L62 -> 103.5893 | O62: =L62-I62 -> 0 | P62: =N62-K62 -> -4.1951337 | Q62: =N62/K62 -> 0.96107848 | Y62: =SUM(Y53:Y61) -> 0 | Z62: =SUM(Z53:Z61) -> 0 | AC62: 9 | AD62: =SUM(AD53:AD61) -> 0 | AE62: =M62-J62 -> -77.843036 | AF62: =M62/J62 -> 0.96107848
A63: 新豐10線 | B63: 調理麵包 | C63: 經典雙牛起司堡(113年) | E63: 35.12 | F63: 6032 | G63: =E63*F63 -> 211843.84 | I63: 10 | J63: 3000 | K63: =J63/I63 -> 300 | L63: 10 | M63: =F63/V63*60 -> 2872.381 | N63: =M63/L63 -> 287.2381 | O63: =L63-I63 -> 0 | P63: =N63-K63 -> -12.761905 | Q63: =N63/K63 -> 0.95746032 | R63: =Q68 -> 0.95643579 | S63: 0.20833333 | T63: 0.29583333 | V63: =(T63-S63)*24*60 -> 126 | AC63: 5 | AE63: =M63-J63 -> -127.61905 | AF63: =M63/J63 -> 0.95746032 | AG63: =AF68 -> 0.95643579
A64: 新豐10線 | B64: 調理麵包 | C64: 香雞蛋堡(112年) | E64: 26.78 | F64: 2999 | G64: =E64*F64 -> 80313.22 | I64: 10 | J64: 3000 | K64: =J64/I64 -> 300 | L64: 10 | M64: =F64/V64*60 -> 2856.1905 | N64: =M64/L64 -> 285.61905 | O64: =L64-I64 -> 0 | P64: =N64-K64 -> -14.380952 | Q64: =N64/K64 -> 0.95206349 | S64: 0.30138889 | T64: 0.34513889 | U64: =(S64-T63)*24*60 -> 8 | V64: =(T64-S64)*24*60 -> 63 | AE64: =M64-J64 -> -143.80952 | AF64: =M64/J64 -> 0.95206349
A65: 新豐10線 | B65: 調理麵包 | C65: 元氣起司鱈魚堡 | E65: 36.14 | F65: 1242 | G65: =E65*F65 -> 44885.88 | I65: 11 | J65: 3000 | K65: =J65/I65 -> 272.72727 | L65: 11 | M65: =F65/V65*60 -> 2866.1538 | N65: =M65/L65 -> 260.55944 | O65: =L65-I65 -> 0 | P65: =N65-K65 -> -12.167832 | Q65: =N65/K65 -> 0.95538462 | S65: 0.34930556 | T65: 0.36736111 | U65: =(S65-T64)*24*60 -> 6 | V65: =(T65-S65)*24*60 -> 26 | AE65: =M65-J65 -> -133.84615 | AF65: =M65/J65 -> 0.95538462
A66: 新豐10線 | B66: 調理麵包 | C66: 美式雞腿堡 | E66: 35.87 | F66: 1689 | G66: =E66*F66 -> 60584.43 | I66: 9 | J66: 3000 | K66: =J66/I66 -> 333.33333 | L66: 9 | M66: =F66/V66*60 -> 2895.4286 | N66: =M66/L66 -> 321.71429 | O66: =L66-I66 -> 0 | P66: =N66-K66 -> -11.619048 | Q66: =N66/K66 -> 0.96514286 | S66: 0.37291667 | T66: 0.39722222 | U66: =(S66-T65)*24*60 -> 8 | V66: =(T66-S66)*24*60 -> 35 | AE66: =M66-J66 -> -104.57143 | AF66: =M66/J66 -> 0.96514286
A67: 新豐10線 | B67: 調理麵包 | C67: 益活雞力能量堡 | E67: 33.77 | F67: 4475 | G67: =E67*F67 -> 151120.75 | I67: 12 | J67: 3000 | K67: =J67/I67 -> 250 | L67: 12 | M67: =F67/V67*60 -> 2856.383 | N67: =M67/L67 -> 238.03191 | O67: =L67-I67 -> 0 | P67: =N67-K67 -> -11.968085 | Q67: =N67/K67 -> 0.95212766 | S67: 0.40277778 | T67: 0.46805556 | U67: =(S67-T66)*24*60 -> 8 | V67: =(T67-S67)*24*60 -> 94 | AE67: =M67-J67 -> -143.61702 | AF67: =M67/J67 -> 0.95212766
A68: 新豐10線 | B68: 平均 | I68: 10.4 | J68: 3000 | K68: =J68/I68 -> 288.46154 | L68: 10.4 | M68: =AVERAGE(M63:M67) -> 2869.3074 | N68: =M68/L68 -> 275.89494 | O68: =L68-I68 -> 0 | P68: =N68-K68 -> -12.5666 | Q68: =N68/K68 -> 0.95643579 | Y68: =SUM(Y63:Y67) -> 0 | Z68: =SUM(Z63:Z67) -> 0 | AC68: 5 | AD68: =SUM(AD63:AD67) -> 0 | AE68: =M68-J68 -> -130.69264 | AF68: =M68/J68 -> 0.95643579
A69: 新豐4線 | B69: 三明治 | C69: 火腿起司蛋三明治 | E69: 19.02 | F69: 5900 | G69: =E69*F69 -> 112218 | H69: 2 | I69: 14 | J69: 2400 | K69: =J69/I69 -> 171.42857 | L69: 14 | M69: =F69/V69*60 -> 2283.871 | N69: =M69/L69 -> 163.13364 | O69: =L69-I69 -> 0 | P69: =N69-K69 -> -8.2949309 | Q69: =N69/K69 -> 0.9516129 | R69: =Q75 -> 0.95750962 | S69: 0.083333333 | T69: 0.19097222 | V69: =(T69-S69)*24*60 -> 155 | W69: =T69 -> 0.19097222 | X69: =S70 -> 0.21041667 | AC69: 6 | AE69: =M69-J69 -> -116.12903 | AF69: =M69/J69 -> 0.9516129 | AG69: =AF75 -> 0.95750962
A70: 新豐4線 | B70: 三明治 | C70: 肉鬆火腿三明治(115年) | E70: 20.36 | F70: 4387 | G70: =E70*F70 -> 89319.32 | I70: 17 | J70: 2400 | K70: =J70/I70 -> 141.17647 | L70: 17 | M70: =F70/V70*60 -> 2288.8696 | N70: =M70/L70 -> 134.63939 | O70: =L70-I70 -> 0 | P70: =N70-K70 -> -6.5370844 | Q70: =N70/K70 -> 0.95369565 | S70: 0.21041667 | T70: 0.29027778 | U70: =(S70-T69)*24*60 -> 28 | V70: =(T70-S70)*24*60 -> 115 | AE70: =M70-J70 -> -111.13043 | AF70: =M70/J70 -> 0.95369565
A71: 新豐4線 | B71: 三明治 | C71: 水果聖代三明治 | E71: 28.29 | F71: 3496 | G71: =E71*F71 -> 98901.84 | I71: 19 | J71: 2400 | K71: =J71/I71 -> 126.31579 | L71: 19 | M71: =F71/V71*60 -> 2305.0549 | N71: =M71/L71 -> 121.31868 | O71: =L71-I71 -> 0 | P71: =N71-K71 -> -4.9971082 | Q71: =N71/K71 -> 0.96043956 | S71: 0.29583333 | T71: 0.35902778 | U71: =(S71-T70)*24*60 -> 8 | V71: =(T71-S71)*24*60 -> 91 | AE71: =M71-J71 -> -94.945055 | AF71: =M71/J71 -> 0.96043956
A72: 新豐4線 | B72: 三明治 | C72: 好多菜三明治 | E72: 25.98 | F72: 5614 | G72: =E72*F72 -> 145851.72 | I72: 19 | J72: 2400 | K72: =J72/I72 -> 126.31579 | L72: 19 | M72: =F72/V72*60 -> 2291.4286 | N72: =M72/L72 -> 120.6015 | O72: =L72-I72 -> 0 | P72: =N72-K72 -> -5.7142857 | Q72: =N72/K72 -> 0.9547619 | S72: 0.3625 | T72: 0.46458333 | U72: =(S72-T71)*24*60 -> 5 | V72: =(T72-S72)*24*60 -> 147 | AE72: =M72-J72 -> -108.57143 | AF72: =M72/J72 -> 0.9547619
A73: 新豐4線 | B73: 三明治 | C73: 茄汁厚起司三明治 | E73: 25.99 | F73: 1280 | G73: =E73*F73 -> 33267.2 | I73: 18 | J73: 2400 | K73: =J73/I73 -> 133.33333 | L73: 18 | M73: =F73/V73*60 -> 2327.2727 | N73: =M73/L73 -> 129.29293 | O73: =L73-I73 -> 0 | P73: =N73-K73 -> -4.040404 | Q73: =N73/K73 -> 0.96969697 | S73: 0.46805556 | T73: 0.49097222 | U73: =(S73-T72)*24*60 -> 5 | V73: =(T73-S73)*24*60 -> 33 | W73: =T73 -> 0.49097222 | X73: =S74 -> 0.52916667 | AE73: =M73-J73 -> -72.727273 | AF73: =M73/J73 -> 0.96969697
A74: 新豐4線 | B74: 三明治 | C74: 火腿起司蛋三明治 | E74: 19.02 | F74: 5118 | G74: =E74*F74 -> 97344.36 | I74: 14 | J74: 2400 | K74: =J74/I74 -> 171.42857 | L74: 14 | M74: =F74/V74*60 -> 2291.6418 | N74: =M74/L74 -> 163.6887 | O74: =L74-I74 -> 0 | P74: =N74-K74 -> -7.7398721 | Q74: =N74/K74 -> 0.95485075 | S74: 0.52916667 | T74: 0.62222222 | U74: =(S74-T73)*24*60 -> 55 | V74: =(T74-S74)*24*60 -> 134 | AE74: =M74-J74 -> -108.35821 | AF74: =M74/J74 -> 0.95485075
A75: 新豐4線 | B75: 平均 | I75: 16.833333 | J75: 2400 | K75: =J75/I75 -> 142.57426 | L75: 16.833333 | M75: =AVERAGE(M69:M74) -> 2298.0231 | N75: =M75/L75 -> 136.51622 | O75: =L75-I75 -> 0 | P75: =N75-K75 -> -6.058034 | Q75: =N75/K75 -> 0.95750962 | Y75: =SUM(Y69:Y74) -> 0 | Z75: =SUM(Z69:Z74) -> 0 | AC75: 6 | AD75: =SUM(AD69:AD74) -> 0 | AE75: =M75-J75 -> -101.97691 | AF75: =M75/J75 -> 0.95750962

Sheet 0830
B1: 屏榮 新豐廠組合室生產人時性分析
B3: 日期 | C3: =TEXT('0830 4度C'!A2,"yyyy.mm.ddaaaa") -> 2026.08.30星期日 | E3: 訂單量 | F3: ='0830 4度C'!D1 -> 194783 | H3: 營業額 | I3: ='0830 4度C'!F1 -> 6882608.3
B4: 人時性 | C4: 項目 | E4: ➀ | G4: ➁ | I4: ➂ | K4: 異常停線 | M4: 短暫停線
C5: 組合室 | E5: 全溫層 | G5: 4度C-各編組展開 | I5: ③三明治-各編組展開 | K5: 合計次數 | L5: 時間 | M5: 合計次數 | N5: 設備次數
C6: 排關平均 | E6: =AVERAGE(D13:M13) -> 154.72243 | F6: =AVERAGE(D31:O31,D13:J13) -> 162.18489 | G6: =AVERAGE(D13:J13) -> 162.18489 | I6: =AVERAGE(K13:M13) -> 137.31003 | K6: ='0830 4度C'!Y2 -> 0 | L6: ='0830 4度C'!Z2 -> 0 | M6: ='0830 4度C'!AC2 -> 61 | N6: ='0830 4度C'!AD2 -> 0
C7: 實績平均 | E7: =AVERAGE(D14:M14) -> 148.14679 | F7: =AVERAGE(D32:O32,D14:J14) -> 155.3606 | G7: =AVERAGE(D14:J14) -> 155.3606 | I7: =AVERAGE(K14:M14) -> 131.31454
C8: 達成率平均 | E8: =AVERAGE(D15:M15) -> 0.95759611 | F8: =AVERAGE(D15:J15,D33:O33) -> 0.95814174 | G8: =AVERAGE(D15:J15) -> 0.95814174 | I8: =AVERAGE(K15:M15) -> 0.95632296
K9: ※現行日本鮮食廠以達成率80%為基本(即為現行KPI)
B10: 溫層 | D10: ➁4度C-各編組展開 | K10: ③三明治-各編組展開
B11: 編組 | D11: 1 | E11: 2 | F11: 3 | G11: 4 | H11: 5 | I11: 6 | J11: 7 | K11: 1 | L11: 2 | M11: 3
D12: 新豐6線 | E12: 新豐2線 | F12: 新豐5線 | G12: 新豐7線 | H12: 新豐3線 | I12: 新豐1線 | J12: 新豐10線 | K12: 新豐8線 | L12: 新豐9線 | M12: 新豐4線
B13: 人時性 | C13: 排關 | D13: =SUMIFS('0830 4度C'!$K:$K,'0830 4度C'!$A:$A,"新豐6線",'0830 4度C'!$B:$B,"平均") -> 131.14754 | E13: =SUMIFS('0830 4度C'!$K:$K,'0830 4度C'!$A:$A,"新豐2線",'0830 4度C'!$B:$B,"平均") -> 81.081081 | F13: =SUMIFS('0830 4度C'!$K:$K,'0830 4度C'!$A:$A,"新豐5線",'0830 4度C'!$B:$B,"平均") -> 102.45902 | G13: =SUMIFS('0830 4度C'!$K:$K,'0830 4度C'!$A:$A,"新豐7線",'0830 4度C'!$B:$B,"平均") -> 123.71134 | H13: =SUMIFS('0830 4度C'!$K:$K,'0830 4度C'!$A:$A,"新豐3線",'0830 4度C'!$B:$B,"平均") -> 300 | I13: =SUMIFS('0830 4度C'!$K:$K,'0830 4度C'!$A:$A,"新豐1線",'0830 4度C'!$B:$B,"平均") -> 108.43373 | J13: =SUMIFS('0830 4度C'!$K:$K,'0830 4度C'!$A:$A,"新豐10線",'0830 4度C'!$B:$B,"平均") -> 288.46154 | K13: =SUMIFS('0830 4度C'!$K:$K,'0830 4度C'!$A:$A,"新豐8線",'0830 4度C'!$B:$B,"平均") -> 134.45378 | L13: =SUMIFS('0830 4度C'!$K:$K,'0830 4度C'!$A:$A,"新豐9線",'0830 4度C'!$B:$B,"平均") -> 138.34586 | M13: =SUMIFS('0830 4度C'!$K:$K,'0830 4度C'!$A:$A,"新豐4線",'0830 4度C'!$B:$B,"平均") -> 139.13043
C14: 實績 | D14: =SUMIFS('0830 4度C'!$N:$N,'0830 4度C'!$A:$A,"新豐6線",'0830 4度C'!$B:$B,"平均") -> 125.85224 | E14: =SUMIFS('0830 4度C'!$N:$N,'0830 4度C'!$A:$A,"新豐2線",'0830 4度C'!$B:$B,"平均") -> 77.64463 | F14: =SUMIFS('0830 4度C'!$N:$N,'0830 4度C'!$A:$A,"新豐5線",'0830 4度C'!$B:$B,"平均") -> 98.230454 | G14: =SUMIFS('0830 4度C'!$N:$N,'0830 4度C'!$A:$A,"新豐7線",'0830 4度C'!$B:$B,"平均") -> 118.53031 | H14: =SUMIFS('0830 4度C'!$N:$N,'0830 4度C'!$A:$A,"新豐3線",'0830 4度C'!$B:$B,"平均") -> 286.34925 | I14: =SUMIFS('0830 4度C'!$N:$N,'0830 4度C'!$A:$A,"新豐1線",'0830 4度C'!$B:$B,"平均") -> 103.88077 | J14: =SUMIFS('0830 4度C'!$N:$N,'0830 4度C'!$A:$A,"新豐10線",'0830 4度C'!$B:$B,"平均") -> 277.03658 | K14: =SUMIFS('0830 4度C'!$N:$N,'0830 4度C'!$A:$A,"新豐8線",'0830 4度C'!$B:$B,"平均") -> 128.4221 | L14: =SUMIFS('0830 4度C'!$N:$N,'0830 4度C'!$A:$A,"新豐9線",'0830 4度C'!$B:$B,"平均") -> 132.32219 | M14: =SUMIFS('0830 4度C'!$N:$N,'0830 4度C'!$A:$A,"新豐4線",'0830 4度C'!$B:$B,"平均") -> 133.19934
C15: 達成率 | D15: =D14/D13 -> 0.95962334 | E15: =E14/E13 -> 0.9576171 | F15: =F14/F13 -> 0.95872924 | G15: =G14/G13 -> 0.95812003 | H15: =H14/H13 -> 0.95449749 | I15: =I14/I13 -> 0.95801152 | J15: =J14/J13 -> 0.96039348 | K15: =K14/K13 -> 0.95513937 | ... M15: =M14/M13 -> 0.95737023
B16: 作業 時間 | C16: 開始 | D16: =VLOOKUP("新豐6線",'0830 4度C'!$A:$T,19,0) -> 0.70833333 | E16: =VLOOKUP("新豐2線",'0830 4度C'!$A:$T,19,0) -> 0.083333333 | F16: =VLOOKUP("新豐5線",'0830 4度C'!$A:$T,19,0) -> 0.20833333 | G16: =VLOOKUP("新豐7線",'0830 4度C'!$A:$T,19,0) -> 0.20833333 | H16: =VLOOKUP("新豐3線",'0830 4度C'!$A:$T,19,0) -> 0.20833333 | I16: =VLOOKUP("新豐1線",'0830 4度C'!$A:$T,19,0) -> 0.20833333 | J16: =VLOOKUP("新豐10線",'0830 4度C'!$A:$T,19,0) -> 0.20833333 | K16: =VLOOKUP("新豐8線",'0830 4度C'!$A:$T,19,0) -> 0.083333333 | L16: =VLOOKUP("新豐9線",'0830 4度C'!$A:$T,19,0) -> 0.083333333 | M16: =VLOOKUP("新豐4線",'0830 4度C'!$A:$T,19,0) -> 0.083333333
C17: 結束 | D17: =LOOKUP(2,1/(('0830 4度C'!$A:$A="新豐6線")*('0830 4度C'!$T:$T<>"")),'0830 4度C'!$T:$T) -> 0.90833333 | E17: =LOOKUP(2,1/(('0830 4度C'!$A:$A="新豐2線")*('0830 4度C'!$T:$T<>"")),'0830 4度C'!$T:$T) -> 0.58680556 | F17: =LOOKUP(2,1/(('0830 4度C'!$A:$A="新豐5線")*('0830 4度C'!$T:$T<>"")),'0830 4度C'!$T:$T) -> 0.84583333 | G17: =LOOKUP(2,1/(('0830 4度C'!$A:$A="新豐7線")*('0830 4度C'!$T:$T<>"")),'0830 4度C'!$T:$T) -> 0.83680556 | H17: =LOOKUP(2,1/(('0830 4度C'!$A:$A="新豐3線")*('0830 4度C'!$T:$T<>"")),'0830 4度C'!$T:$T) -> 0.45486111 | I17: =LOOKUP(2,1/(('0830 4度C'!$A:$A="新豐1線")*('0830 4度C'!$T:$T<>"")),'0830 4度C'!$T:$T) -> 0.90625 | J17: =LOOKUP(2,1/(('0830 4度C'!$A:$A="新豐10線")*('0830 4度C'!$T:$T<>"")),'0830 4度C'!$T:$T) -> 0.46736111 | K17: =LOOKUP(2,1/(('0830 4度C'!$A:$A="新豐8線")*('0830 4度C'!$T:$T<>"")),'0830 4度C'!$T:$T) -> 0.74236111 | L17: =LOOKUP(2,1/(('0830 4度C'!$A:$A="新豐9線")*('0830 4度C'!$T:$T<>"")),'0830 4度C'!$T:$T) -> 0.71180556 | M17: =LOOKUP(2,1/(('0830 4度C'!$A:$A="新豐4線")*('0830 4度C'!$T:$T<>"")),'0830 4度C'!$T:$T) -> 0.73541667
B18: 產線異常 (5分鐘以上) | C18: 次數 | D18: =SUMIFS('0830 4度C'!$Y:$Y,'0830 4度C'!$A:$A,"新豐6線",'0830 4度C'!$B:$B,"平均") -> 0 | E18: =SUMIFS('0830 4度C'!$Y:$Y,'0830 4度C'!$A:$A,"新豐2線",'0830 4度C'!$B:$B,"平均") -> 0 | F18: =SUMIFS('0830 4度C'!$Y:$Y,'0830 4度C'!$A:$A,"新豐5線",'0830 4度C'!$B:$B,"平均") -> 0 | G18: =SUMIFS('0830 4度C'!$Y:$Y,'0830 4度C'!$A:$A,"新豐7線",'0830 4度C'!$B:$B,"平均") -> 0 | H18: =SUMIFS('0830 4度C'!$Y:$Y,'0830 4度C'!$A:$A,"新豐3線",'0830 4度C'!$B:$B,"平均") -> 0 | I18: =SUMIFS('0830 4度C'!$Y:$Y,'0830 4度C'!$A:$A,"新豐1線",'0830 4度C'!$B:$B,"平均") -> 0 | J18: =SUMIFS('0830 4度C'!$Y:$Y,'0830 4度C'!$A:$A,"新豐10線",'0830 4度C'!$B:$B,"平均") -> 0 | K18: =SUMIFS('0830 4度C'!$Y:$Y,'0830 4度C'!$A:$A,"新豐8線",'0830 4度C'!$B:$B,"平均") -> 0 | L18: =SUMIFS('0830 4度C'!$Y:$Y,'0830 4度C'!$A:$A,"新豐9線",'0830 4度C'!$B:$B,"平均") -> 0 | M18: =SUMIFS('0830 4度C'!$Y:$Y,'0830 4度C'!$A:$A,"新豐4線",'0830 4度C'!$B:$B,"平均") -> 0
C19: 時間/分 | D19: =SUMIFS('0830 4度C'!$Z:$Z,'0830 4度C'!$A:$A,"新豐6線",'0830 4度C'!$B:$B,"平均") -> 0 | E19: =SUMIFS('0830 4度C'!$Z:$Z,'0830 4度C'!$A:$A,"新豐2線",'0830 4度C'!$B:$B,"平均") -> 0 | F19: =SUMIFS('0830 4度C'!$Z:$Z,'0830 4度C'!$A:$A,"新豐5線",'0830 4度C'!$B:$B,"平均") -> 0 | G19: =SUMIFS('0830 4度C'!$Z:$Z,'0830 4度C'!$A:$A,"新豐7線",'0830 4度C'!$B:$B,"平均") -> 0 | H19: =SUMIFS('0830 4度C'!$Z:$Z,'0830 4度C'!$A:$A,"新豐3線",'0830 4度C'!$B:$B,"平均") -> 0 | I19: =SUMIFS('0830 4度C'!$Z:$Z,'0830 4度C'!$A:$A,"新豐1線",'0830 4度C'!$B:$B,"平均") -> 0 | J19: =SUMIFS('0830 4度C'!$Z:$Z,'0830 4度C'!$A:$A,"新豐10線",'0830 4度C'!$B:$B,"平均") -> 0 | K19: =SUMIFS('0830 4度C'!$Z:$Z,'0830 4度C'!$A:$A,"新豐8線",'0830 4度C'!$B:$B,"平均") -> 0 | L19: =SUMIFS('0830 4度C'!$Z:$Z,'0830 4度C'!$A:$A,"新豐9線",'0830 4度C'!$B:$B,"平均") -> 0 | M19: =SUMIFS('0830 4度C'!$Z:$Z,'0830 4度C'!$A:$A,"新豐4線",'0830 4度C'!$B:$B,"平均") -> 0
B20: 短暫停線 (5分鐘以下) | C20: 次數 | D20: =SUMIFS('0830 4度C'!$AC:$AC,'0830 4度C'!$A:$A,"新豐6線",'0830 4度C'!$B:$B,"平均") -> 4 | E20: =SUMIFS('0830 4度C'!$AC:$AC,'0830 4度C'!$A:$A,"新豐2線",'0830 4度C'!$B:$B,"平均") -> 4 | F20: =SUMIFS('0830 4度C'!$AC:$AC,'0830 4度C'!$A:$A,"新豐5線",'0830 4度C'!$B:$B,"平均") -> 7 | G20: =SUMIFS('0830 4度C'!$AC:$AC,'0830 4度C'!$A:$A,"新豐7線",'0830 4度C'!$B:$B,"平均") -> 6 | H20: =SUMIFS('0830 4度C'!$AC:$AC,'0830 4度C'!$A:$A,"新豐3線",'0830 4度C'!$B:$B,"平均") -> 3 | I20: =SUMIFS('0830 4度C'!$AC:$AC,'0830 4度C'!$A:$A,"新豐1線",'0830 4度C'!$B:$B,"平均") -> 9 | J20: =SUMIFS('0830 4度C'!$AC:$AC,'0830 4度C'!$A:$A,"新豐10線",'0830 4度C'!$B:$B,"平均") -> 5 | K20: =SUMIFS('0830 4度C'!$AC:$AC,'0830 4度C'!$A:$A,"新豐8線",'0830 4度C'!$B:$B,"平均") -> 7 | L20: =SUMIFS('0830 4度C'!$AC:$AC,'0830 4度C'!$A:$A,"新豐9線",'0830 4度C'!$B:$B,"平均") -> 8 | M20: =SUMIFS('0830 4度C'!$AC:$AC,'0830 4度C'!$A:$A,"新豐4線",'0830 4度C'!$B:$B,"平均") -> 8
C21: 設備次數 | D21: =SUMIFS('0830 4度C'!$AD:$AD,'0830 4度C'!$A:$A,"新豐6線",'0830 4度C'!$B:$B,"平均") -> 0 | E21: =SUMIFS('0830 4度C'!$AD:$AD,'0830 4度C'!$A:$A,"新豐2線",'0830 4度C'!$B:$B,"平均") -> 0 | F21: =SUMIFS('0830 4度C'!$AD:$AD,'0830 4度C'!$A:$A,"新豐5線",'0830 4度C'!$B:$B,"平均") -> 0 | G21: =SUMIFS('0830 4度C'!$AD:$AD,'0830 4度C'!$A:$A,"新豐7線",'0830 4度C'!$B:$B,"平均") -> 0 | H21: =SUMIFS('0830 4度C'!$AD:$AD,'0830 4度C'!$A:$A,"新豐3線",'0830 4度C'!$B:$B,"平均") -> 0 | I21: =SUMIFS('0830 4度C'!$AD:$AD,'0830 4度C'!$A:$A,"新豐1線",'0830 4度C'!$B:$B,"平均") -> 0 | J21: =SUMIFS('0830 4度C'!$AD:$AD,'0830 4度C'!$A:$A,"新豐10線",'0830 4度C'!$B:$B,"平均") -> 0 | K21: =SUMIFS('0830 4度C'!$AD:$AD,'0830 4度C'!$A:$A,"新豐8線",'0830 4度C'!$B:$B,"平均") -> 0 | L21: =SUMIFS('0830 4度C'!$AD:$AD,'0830 4度C'!$A:$A,"新豐9線",'0830 4度C'!$B:$B,"平均") -> 0 | M21: =SUMIFS('0830 4度C'!$AD:$AD,'0830 4度C'!$A:$A,"新豐4線",'0830 4度C'!$B:$B,"平均") -> 0
B22: 配置人數 | D22: =SUMIFS('0830 4度C'!$I:$I,'0830 4度C'!$A:$A,"新豐6線",'0830 4度C'!$B:$B,"平均") -> 15.25 | E22: =SUMIFS('0830 4度C'!$I:$I,'0830 4度C'!$A:$A,"新豐2線",'0830 4度C'!$B:$B,"平均") -> 18.5 | F22: =SUMIFS('0830 4度C'!$I:$I,'0830 4度C'!$A:$A,"新豐5線",'0830 4度C'!$B:$B,"平均") -> 17.428571 | G22: =SUMIFS('0830 4度C'!$I:$I,'0830 4度C'!$A:$A,"新豐7線",'0830 4度C'!$B:$B,"平均") -> 16.166667 | H22: =SUMIFS('0830 4度C'!$I:$I,'0830 4度C'!$A:$A,"新豐3線",'0830 4度C'!$B:$B,"平均") -> 10 | I22: =SUMIFS('0830 4度C'!$I:$I,'0830 4度C'!$A:$A,"新豐1線",'0830 4度C'!$B:$B,"平均") -> 18.444444 | J22: =SUMIFS('0830 4度C'!$I:$I,'0830 4度C'!$A:$A,"新豐10線",'0830 4度C'!$B:$B,"平均") -> 10.4 | K22: =SUMIFS('0830 4度C'!$I:$I,'0830 4度C'!$A:$A,"新豐8線",'0830 4度C'!$B:$B,"平均") -> 17 | L22: =SUMIFS('0830 4度C'!$I:$I,'0830 4度C'!$A:$A,"新豐9線",'0830 4度C'!$B:$B,"平均") -> 16.625 | M22: =SUMIFS('0830 4度C'!$I:$I,'0830 4度C'!$A:$A,"新豐4線",'0830 4度C'!$B:$B,"平均") -> 17.25
B23: 主要應用設備 | D23: ET-55 | E23: 熱縮爐 | F23: L型包裝機 | G23: L型包裝機 | H23: 伺服包裝機 | I23: ET-55 | J23: 伺服包裝機 | K23: 三明治包裝機 | L23: 三明治包裝機 | M23: 三明治包裝機
B24: 次要應用設備 | F24: 圓盤機 | G24: ET-55
B25: 備註 | E25: 握沙拉 | F25: 共用L型包裝機 | H25: 調理麵包 | I25: 炒飯+沙拉 | J25: 調理麵包

Sheet 0830 4度C
A1: 新豐廠四度C日報分析 | C1: 總生產量 | D1: =SUM(F5:F75) -> 194783 | E1: 營業額 | F1: =SUM(G5:G75) -> 6882608.3 | G1: 出勤人數 | H1: =L9+L14+L50+L60+L22+L66+L37+L46+L29+L75 -> 157.06468 | I1: 產線配置圖 | L1: 生產實績 | O1: 人時性差異分析 | S1: 日報登錄 | Y1: 合計 次數 | Z1: 合計 時間/分 | AA1: 產線異常 分析說明(5分鐘以上) | AC1: 合計 次數 | AD1: 合計 設備次數 | AE1: 產能差異分析
A2: 46264 | B2: 星期日 | C2: 人時性 | D2: =AVERAGE(N9,N14,N50,N60,N22,N66,N29,N37,N46,N75) -> 148.14679 | E2: 平均廠價 | F2: =F1/D1 -> 35.334748 | G2: 多次生產數 | H2: =COUNT(H5:H75) -> 11 | Y2: =SUM(Y9+Y14+Y22+Y29+Y37+Y46+Y50+Y60+Y66+Y75) -> 0 | Z2: =SUM(Z9+Z14+Z22+Z29+Z37+Z46+Z50+Z60+Z66+Z75) -> 0 | AC2: 61 | AD2: =SUM(AD9+AD14+AD22+AD29+AD37+AD46+AD50+AD60+AD66+AD75) -> 0
A3: 線別 | B3: 品類 | C3: 品名 | E3: 廠價 | F3: 生產量 | G3: 營收 | H3: 多次 生產 | I3: 人數 | J3: 產能/時 | K3: 人時性 | L3: 人數 | M3: 產能/時 | N3: 人時性 | O3: 人數 | P3: 人時性 | Q3: 達成率 | R3: 達成率平均 | S3: 生產時間 | U3: 換線、休息/分 | V3: 稼動時間/分 | W3: 休息時間 | Y3: 產線異常統計 (5分鐘以上) | AA3: (新豐回填) | AC3: 短暫停線統計 (5分鐘以下) | AE3: 產能/時 | AF3: 達成率 | AG3: 達成率平均
S4: 開始 | T4: 結束 | W4: 開始 | X4: 結束 | Y4: 次數 | Z4: 時間/分 | AC4: 總次數 | AD4: 設備因素(次數)
A5: 新豐6線 | B5: 微波主食 | C5: 二配金咖哩果香甘口咖哩飯 | E5: 50.92 | F5: 1000 | G5: =E5*F5 -> 50920 | H5: 2 | I5: 15 | J5: 2000 | K5: =J5/I5 -> 133.33333 | L5: 15 | M5: =F5/V5*60 -> 1935.4839 | N5: =M5/L5 -> 129.03226 | O5: =L5-I5 -> 0 | P5: =N5-K5 -> -4.3010753 | Q5: =N5/K5 -> 0.96774194 | R5: =Q9 -> 0.95962334 | S5: 0.70833333 | T5: 0.72986111 | V5: =(T5-S5)*24*60 -> 31 | AC5: 4 | AE5: =M5-J5 -> -64.516129 | AF5: =M5/J5 -> 0.96774194 | AG5: =AF9 -> 0.95962334
A6: 新豐6線 | B6: 微波主食 | C6: 二配金咖哩濃厚辛口咖哩飯 | E6: 50.98 | F6: 2745 | G6: =E6*F6 -> 139940.1 | I6: 16 | J6: 2000 | K6: =J6/I6 -> 125 | L6: 16 | M6: =F6/V6*60 -> 1915.1163 | N6: =M6/L6 -> 119.69477 | O6: =L6-I6 -> 0 | P6: =N6-K6 -> -5.3052326 | Q6: =N6/K6 -> 0.95755814 | S6: 0.73402778 | T6: 0.79375 | U6: =IF(S6=TIME(17,0,0),"",(S6-T5)*24*60) -> 6 | V6: =(T6-S6)*24*60 -> 86 | AE6: =M6-J6 -> -84.883721 | AF6: =M6/J6 -> 0.95755814
A7: 新豐6線 | B7: 微波主食 | C7: 二配泰式綠咖哩雞 | E7: 50.67 | F7: 1635 | G7: =E7*F7 -> 82845.45 | I7: 15 | J7: 2000 | K7: =J7/I7 -> 133.33333 | L7: 15 | M7: =F7/V7*60 -> 1923.5294 | N7: =M7/L7 -> 128.23529 | O7: =L7-I7 -> 0 | P7: =N7-K7 -> -5.0980392 | Q7: =N7/K7 -> 0.96176471 | S7: 0.79722222 | T7: 0.83263889 | U7: =IF(S7=TIME(17,0,0),"",(S7-T6)*24*60) -> 5 | V7: =(T7-S7)*24*60 -> 51 | W7: =T7 -> 0.83263889 | X7: =S8 -> 0.87430556 | AE7: =M7-J7 -> -76.470588 | AF7: =M7/J7 -> 0.96176471
A8: 新豐6線 | B8: 微波主食 | C8: 二配金咖哩果香甘口咖哩飯 | E8: 50.92 | F8: 1554 | G8: =E8*F8 -> 79129.68 | I8: 15 | J8: 2000 | K8: =J8/I8 -> 133.33333 | L8: 15 | M8: =F8/V8*60 -> 1902.8571 | N8: =M8/L8 -> 126.85714 | O8: =L8-I8 -> 0 | P8: =N8-K8 -> -6.4761905 | Q8: =N8/K8 -> 0.95142857 | S8: 0.87430556 | T8: 0.90833333 | U8: =IF(S8=TIME(17,0,0),"",(S8-T7)*24*60) -> 60 | V8: =(T8-S8)*24*60 -> 49 | AE8: =M8-J8 -> -97.142857 | AF8: =M8/J8 -> 0.95142857
A9: 新豐6線 | B9: 平均 | I9: 15.25 | J9: 2000 | K9: =J9/I9 -> 131.14754 | L9: 15.25 | M9: =AVERAGE(M5:M8) -> 1919.2467 | N9: =M9/L9 -> 125.85224 | O9: =L9-I9 -> 0 | P9: =N9-K9 -> -5.2952999 | Q9: =N9/K9 -> 0.95962334 | Y9: =SUM(Y5:Y8) -> 0 | Z9: =SUM(Z5:Z8) -> 0 | AC9: 4 | AD9: =SUM(AD5:AD8) -> 0 | AE9: =M9-J9 -> -80.753324 | AF9: =M9/J9 -> 0.95962334
A10: 新豐2線 | B10: 沙拉 | C10: 青醬優格雞肉握沙拉(113年) | E10: 39.62 | F10: 2800 | G10: =E10*F10 -> 110936 | H10: 2 | I10: 19 | J10: 1500 | K10: =J10/I10 -> 78.947368 | L10: 19 | M10: =F10/V10*60 -> 1435.8974 | N10: =M10/L10 -> 75.573549 | O10: =L10-I10 -> 0 | P10: =N10-K10 -> -3.3738192 | Q10: =N10/K10 -> 0.95726496 | R10: =Q14 -> 0.9576171 | S10: 0.083333333 | T10: 0.16458333 | V10: =(T10-S10)*24*60 -> 117 | W10: =T10 -> 0.16458333 | X10: =S11 -> 0.18472222 | AC10: 4 | AE10: =M10-J10 -> -64.102564 | AF10: =M10/J10 -> 0.95726496 | AG10: =AF14 -> 0.9576171
A11: 新豐2線 | B11: 沙拉 | C11: 青檸烤雞握沙拉(113年) | E11: 39.8 | F11: 7721 | G11: =E11*F11 -> 307295.8 | I11: 17 | J11: 1500 | K11: =J11/I11 -> 88.235294 | L11: 17 | M11: =F11/V11*60 -> 1434.2415 | N11: =M11/L11 -> 84.367146 | O11: =L11-I11 -> 0 | P11: =N11-K11 -> -3.8681479 | Q11: =N11/K11 -> 0.95616099 | S11: 0.18472222 | T11: 0.40902778 | U11: =IF(S11=TIME(17,0,0),"",(S11-T10)*24*60) -> 29 | V11: =(T11-S11)*24*60 -> 323 | AE11: =M11-J11 -> -65.758514 | AF11: =M11/J11 -> 0.95616099
A12: 新豐2線 | B12: 沙拉 | C12: 地瓜瓜握沙拉 | E12: 39.52 | F12: 2325 | G12: =E12*F12 -> 91884 | I12: 19 | J12: 1500 | K12: =J12/I12 -> 78.947368 | L12: 19 | M12: =F12/V12*60 -> 1438.1443 | N12: =M12/L12 -> 75.691807 | O12: =L12-I12 -> 0 | P12: =N12-K12 -> -3.2555616 | Q12: =N12/K12 -> 0.95876289 | S12: 0.41388889 | T12: 0.48125 | U12: =IF(S12=TIME(17,0,0),"",(S12-T11)*24*60) -> 7 | V12: =(T12-S12)*24*60 -> 97 | W12: =T12 -> 0.48125 | X12: =S13 -> 0.52222222 | AE12: =M12-J12 -> -61.85567 | AF12: =M12/J12 -> 0.95876289
A13: 新豐2線 | B13: 沙拉 | C13: 青醬優格雞肉握沙拉(113年) | E13: 39.62 | F13: 2228 | G13: =E13*F13 -> 88273.36 | I13: 19 | J13: 1500 | K13: =J13/I13 -> 78.947368 | L13: 19 | M13: =F13/V13*60 -> 1437.4194 | N13: =M13/L13 -> 75.65365 | O13: =L13-I13 -> 0 | P13: =N13-K13 -> -3.2937182 | Q13: =N13/K13 -> 0.95827957 | S13: 0.52222222 | T13: 0.58680556 | U13: =IF(S13=TIME(17,0,0),"",(S13-T12)*24*60) -> 59 | V13: =(T13-S13)*24*60 -> 93 | AE13: =M13-J13 -> -62.580645 | AF13: =M13/J13 -> 0.95827957
A14: 新豐2線 | B14: 平均 | I14: 18.5 | J14: 1500 | K14: =J14/I14 -> 81.081081 | L14: 18.5 | M14: =AVERAGE(M10:M13) -> 1436.4257 | N14: =M14/L14 -> 77.64463 | O14: =L14-I14 -> 0 | P14: =N14-K14 -> -3.4364513 | Q14: =N14/K14 -> 0.9576171 | Y14: =SUM(Y10:Y13) -> 0 | Z14: =SUM(Z10:Z13) -> 0 | AC14: 4 | AD14: =SUM(AD10:AD13) -> 0 | AE14: =M14-J14 -> -63.574348 | AF14: =M14/J14 -> 0.9576171
A15: 新豐5線 | B15: 季節調理麵 | C15: 台式麻醬涼麵(115年) | E15: 31.11 | F15: 3524 | G15: =E15*F15 -> 109631.64 | I15: 14 | J15: 2000 | K15: =J15/I15 -> 142.85714 | L15: 14 | M15: =F15/V15*60 -> 1904.8649 | N15: =M15/L15 -> 136.06178 | O15: =L15-I15 -> 0 | P15: =N15-K15 -> -6.7953668 | Q15: =N15/K15 -> 0.95243243 | R15: =Q22 -> 0.95872924 | S15: 0.20833333 | T15: 0.28541667 | V15: =(T15-S15)*24*60 -> 111 | AC15: 7 | AE15: =M15-J15 -> -95.135135 | AF15: =M15/J15 -> 0.95243243 | AG15: =AF22 -> 0.95872924
A16: 新豐5線 | B16: 小吃 | C16: 剝皮辣椒雞湯 | E16: 41 | F16: 1720 | G16: =E16*F16 -> 70520 | I16: 26 | J16: 1500 | K16: =J16/I16 -> 57.692308 | L16: 26 | M16: =F16/V16*60 -> 1433.3333 | N16: =M16/L16 -> 55.128205 | O16: =L16-I16 -> 0 | P16: =N16-K16 -> -2.5641026 | Q16: =N16/K16 -> 0.95555556 | S16: 0.29097222 | T16: 0.34097222 | U16: =IF(S16=TIME(17,0,0),"",(S16-T15)*24*60) -> 8 | V16: =(T16-S16)*24*60 -> 72 | AE16: =M16-J16 -> -66.666667 | AF16: =M16/J16 -> 0.95555556
A17: 新豐5線 | B17: 季節調理麵 | C17: 嫩烤魚排佐花椰菜義大利麵 | E17: 68.88 | F17: 3315 | G17: =E17*F17 -> 228337.2 | I17: 16 | J17: 2000 | K17: =J17/I17 -> 125 | L17: 16 | M17: =F17/V17*60 -> 1912.5 | N17: =M17/L17 -> 119.53125 | O17: =L17-I17 -> 0 | P17: =N17-K17 -> -5.46875 | Q17: =N17/K17 -> 0.95625 | S17: 0.34583333 | T17: 0.41805556 | U17: =IF(S17=TIME(17,0,0),"",(S17-T16)*24*60) -> 7 | V17: =(T17-S17)*24*60 -> 104 | AE17: =M17-J17 -> -87.5 | AF17: =M17/J17 -> 0.95625
A18: 新豐5線 | B18: 沙拉 | C18: 厚蛋時蔬握沙拉 | E18: 39.46 | F18: 2456 | G18: =E18*F18 -> 96913.76 | I18: 15 | J18: 1500 | K18: =J18/I18 -> 100 | L18: 15 | M18: =F18/V18*60 -> 1430.6796 | N18: =M18/L18 -> 95.378641 | O18: =L18-I18 -> 0 | P18: =N18-K18 -> -4.6213592 | Q18: =N18/K18 -> 0.95378641 | S18: 0.42222222 | T18: 0.49375 | U18: =IF(S18=TIME(17,0,0),"",(S18-T17)*24*60) -> 6 | V18: =(T18-S18)*24*60 -> 103 | AE18: =M18-J18 -> -69.320388 | AF18: =M18/J18 -> 0.95378641
A19: 新豐5線 | B19: 微波主食 | C19: 二配玉米濃湯焗烤飯 | E19: 54.5 | F19: 1403 | G19: =E19*F19 -> 76463.5 | I19: 19 | J19: 1500 | K19: =J19/I19 -> 78.947368 | L19: 19 | M19: =F19/V19*60 -> 1451.3793 | N19: =M19/L19 -> 76.388385 | O19: =L19-I19 -> 0 | P19: =N19-K19 -> -2.5589837 | Q19: =N19/K19 -> 0.96758621 | S19: 0.70833333 | T19: 0.74861111 | U19: =IF(S19=TIME(17,0,0),"",(S19-T18)*24*60) | V19: =(T19-S19)*24*60 -> 58 | AE19: =M19-J19 -> -48.62069 | AF19: =M19/J19 -> 0.96758621
A20: 新豐5線 | B20: 微波主食 | C20: 二配港式香滑嫩蛋牛肉燴飯 | E20: 50.67 | F20: 1900 | G20: =E20*F20 -> 96273 | I20: 17 | J20: 2000 | K20: =J20/I20 -> 117.64706 | L20: 17 | M20: =F20/V20*60 -> 1932.2034 | N20: =M20/L20 -> 113.65902 | O20: =L20-I20 -> 0 | P20: =N20-K20 -> -3.9880359 | Q20: =N20/K20 -> 0.96610169 | S20: 0.75208333 | T20: 0.79305556 | U20: =IF(S20=TIME(17,0,0),"",(S20-T19)*24*60) -> 5 | V20: =(T20-S20)*24*60 -> 59 | AE20: =M20-J20 -> -67.79661 | AF20: =M20/J20 -> 0.96610169
A21: 新豐5線 | B21: 微波主食 | C21: 二配川味麻婆燒豆腐燴飯 | E21: 50.49 | F21: 2271 | G21: =E21*F21 -> 114662.79 | I21: 15 | J21: 2000 | K21: =J21/I21 -> 133.33333 | L21: 15 | M21: =F21/V21*60 -> 1919.1549 | N21: =M21/L21 -> 127.94366 | O21: =L21-I21 -> 0 | P21: =N21-K21 -> -5.3896714 | Q21: =N21/K21 -> 0.95957746 | S21: 0.79652778 | T21: 0.84583333 | U21: =IF(S21=TIME(17,0,0),"",(S21-T20)*24*60) -> 5 | V21: =(T21-S21)*24*60 -> 71 | AE21: =M21-J21 -> -80.84507 | AF21: =M21/J21 -> 0.95957746
A22: 新豐5線 | B22: 平均 | I22: 17.428571 | J22: 1785.7143 | K22: =J22/I22 -> 102.45902 | L22: 17.428571 | M22: =AVERAGE(M15:M21) -> 1712.0165 | N22: =M22/L22 -> 98.230454 | O22: =L22-I22 -> 0 | P22: =N22-K22 -> -4.228562 | Q22: =N22/K22 -> 0.95872924 | Y22: =SUM(Y15:Y21) -> 0 | Z22: =SUM(Z15:Z21) -> 0 | AC22: 7 | AD22: =SUM(AD15:AD21) -> 0 | AE22: =M22-J22 -> -73.697794 | AF22: =M22/J22 -> 0.95872924
A23: 新豐7線 | B23: 微波主食 | C23: 韓式泡菜豬肉豆腐丼飯 | E23: 50.67 | F23: 1846 | G23: =E23*F23 -> 93536.82 | I23: 17 | J23: 2000 | K23: =J23/I23 -> 117.64706 | L23: 17 | M23: =F23/V23*60 -> 1909.6552 | N23: =M23/L23 -> 112.33266 | O23: =L23-I23 -> 0 | P23: =N23-K23 -> -5.3144016 | Q23: =N23/K23 -> 0.95482759 | R23: =Q29 -> 0.95812003 | S23: 0.20833333 | T23: 0.24861111 | V23: =(T23-S23)*24*60 -> 58 | AC23: 6 | AE23: =M23-J23 -> -90.344828 | AF23: =M23/J23 -> 0.95482759 | AG23: =AF29 -> 0.95812003
A24: 新豐7線 | B24: 微波主食 | C24: 鐵板滑蛋炸豬排丼 | E24: 57.73 | F24: 3303 | G24: =E24*F24 -> 190682.19 | I24: 14 | J24: 2000 | K24: =J24/I24 -> 142.85714 | L24: 14 | M24: =F24/V24*60 -> 1905.5769 | N24: =M24/L24 -> 136.11264 | O24: =L24-I24 -> 0 | P24: =N24-K24 -> -6.7445055 | Q24: =N24/K24 -> 0.95278846 | S24: 0.25277778 | T24: 0.325 | U24: =IF(S24=TIME(17,0,0),"",(S24-T23)*24*60) -> 6 | V24: =(T24-S24)*24*60 -> 104 | AE24: =M24-J24 -> -94.423077 | AF24: =M24/J24 -> 0.95278846
A25: 新豐7線 | B25: 微波主食 | C25: 日式炙烤親子丼 | E25: 53.27 | F25: 2153 | G25: =E25*F25 -> 114690.31 | I25: 16 | J25: 2000 | K25: =J25/I25 -> 125 | L25: 16 | M25: =F25/V25*60 -> 1928.0597 | N25: =M25/L25 -> 120.50373 | O25: =L25-I25 -> 0 | P25: =N25-K25 -> -4.4962687 | Q25: =N25/K25 -> 0.96402985 | S25: 0.32986111 | T25: 0.37638889 | U25: =IF(S25=TIME(17,0,0),"",(S25-T24)*24*60) -> 7 | V25: =(T25-S25)*24*60 -> 67 | AE25: =M25-J25 -> -71.940299 | AF25: =M25/J25 -> 0.96402985
A26: 新豐7線 | B26: 微波主食 | C26: 爆炒雞丁飯 | E26: 59.04 | F26: 1286 | G26: =E26*F26 -> 75925.44 | I26: 19 | J26: 2000 | K26: =J26/I26 -> 105.26316 | L26: 19 | M26: =F26/V26*60 -> 1929 | N26: =M26/L26 -> 101.52632 | O26: =L26-I26 -> 0 | P26: =N26-K26 -> -3.7368421 | Q26: =N26/K26 -> 0.9645 | S26: 0.37986111 | T26: 0.40763889 | U26: =IF(S26=TIME(17,0,0),"",(S26-T25)*24*60) -> 5 | V26: =(T26-S26)*24*60 -> 40 | AE26: =M26-J26 -> -71 | AF26: =M26/J26 -> 0.9645
A27: 新豐7線 | B27: 微波主食 | C27: 二配打拋風味豬肉飯 | E27: 51.06 | F27: 3207 | G27: =E27*F27 -> 163749.42 | I27: 13 | J27: 2000 | K27: =J27/I27 -> 153.84615 | L27: 13 | M27: =F27/V27*60 -> 1905.1485 | N27: =M27/L27 -> 146.54989 | O27: =L27-I27 -> 0 | P27: =N27-K27 -> -7.2962681 | Q27: =N27/K27 -> 0.95257426 | S27: 0.70833333 | T27: 0.77847222 | U27: =IF(S27=TIME(17,0,0),"",(S27-T26)*24*60) | V27: =(T27-S27)*24*60 -> 101 | AE27: =M27-J27 -> -94.851485 | AF27: =M27/J27 -> 0.95257426
A28: 新豐7線 | B28: 微波主食 | C28: 二配美味蟹煲 | E28: 54.09 | F28: 2528 | G28: =E28*F28 -> 136739.52 | I28: 18 | J28: 2000 | K28: =J28/I28 -> 111.11111 | L28: 18 | M28: =F28/V28*60 -> 1920 | N28: =M28/L28 -> 106.66667 | O28: =L28-I28 -> 0 | P28: =N28-K28 -> -4.4444444 | Q28: =N28/K28 -> 0.96 | S28: 0.78194444 | T28: 0.83680556 | U28: =IF(S28=TIME(17,0,0),"",(S28-T27)*24*60) -> 5 | V28: =(T28-S28)*24*60 -> 79 | AE28: =M28-J28 -> -80 | AF28: =M28/J28 -> 0.96
A29: 新豐7線 | B29: 平均 | I29: 16.166667 | J29: 2000 | K29: =J29/I29 -> 123.71134 | L29: 16.166667 | M29: =AVERAGE(M23:M28) -> 1916.2401 | N29: =M29/L29 -> 118.53031 | O29: =L29-I29 -> 0 | P29: =N29-K29 -> -5.1810277 | Q29: =N29/K29 -> 0.95812003 | Y29: =SUM(Y23:Y28) -> 0 | Z29: =SUM(Z23:Z28) -> 0 | AC29: 6 | AD29: =SUM(AD23:AD28) -> 0 | AE29: =M29-J29 -> -83.759948 | AF29: =M29/J29 -> 0.95812003
A30: 新豐8線 | B30: 三明治 | C30: 紐奧良風味烤雞鮮蔬三明治 | E30: 31.29 | F30: 5800 | G30: =E30*F30 -> 181482 | H30: 2 | I30: 18 | J30: 2400 | K30: =J30/I30 -> 133.33333 | L30: 18 | M30: =F30/V30*60 -> 2289.4737 | N30: =M30/L30 -> 127.19298 | O30: =L30-I30 -> 0 | P30: =N30-K30 -> -6.1403509 | Q30: =N30/K30 -> 0.95394737 | R30: =Q37 -> 0.95513937 | S30: 0.083333333 | T30: 0.18888889 | V30: =(T30-S30)*24*60 -> 152 | W30: =T30 -> 0.18888889 | X30: =S31 -> 0.20625 | AC30: 7 | AE30: =M30-J30 -> -110.52632 | AF30: =M30/J30 -> 0.95394737 | AG30: =AF37 -> 0.95513937
A31: 新豐8線 | B31: 三明治 | C31: 醬燒烤雞三明治(115年) | E31: 26.37 | F31: 4200 | G31: =E31*F31 -> 110754 | H31: 2 | I31: 18 | J31: 2400 | K31: =J31/I31 -> 133.33333 | L31: 18 | M31: =F31/V31*60 -> 2290.9091 | N31: =M31/L31 -> 127.27273 | O31: =L31-I31 -> 0 | P31: =N31-K31 -> -6.0606061 | Q31: =N31/K31 -> 0.95454545 | S31: 0.20625 | T31: 0.28263889 | U31: =(S31-T30)*24*60 -> 25 | V31: =(T31-S31)*24*60 -> 110 | AE31: =M31-J31 -> -109.09091 | AF31: =M31/J31 -> 0.95454545
A32: 新豐8線 | B32: 三明治 | C32: 經典火腿玉米蛋三明治 | E32: 24.43 | F32: 4500 | G32: =E32*F32 -> 109935 | H32: 2 | I32: 14 | J32: 2400 | K32: =J32/I32 -> 171.42857 | L32: 14 | M32: =F32/V32*60 -> 2288.1356 | N32: =M32/L32 -> 163.43826 | O32: =L32-I32 -> 0 | P32: =N32-K32 -> -7.9903148 | Q32: =N32/K32 -> 0.95338983 | S32: 0.2875 | T32: 0.36944444 | U32: =(S32-T31)*24*60 -> 7 | V32: =(T32-S32)*24*60 -> 118 | AE32: =M32-J32 -> -111.86441 | AF32: =M32/J32 -> 0.95338983
A33: 新豐8線 | B33: 三明治 | C33: 好多蛋三明治 | E33: 34.1 | F33: 4000 | G33: =E33*F33 -> 136400 | H33: 2 | I33: 17 | J33: 1600 | K33: =J33/I33 -> 94.117647 | L33: 17 | M33: =F33/V33*60 -> 1528.6624 | N33: =M33/L33 -> 89.921319 | O33: =L33-I33 -> 0 | P33: =N33-K33 -> -4.1963282 | Q33: =N33/K33 -> 0.95541401 | S33: 0.37430556 | T33: 0.48333333 | U33: =(S33-T32)*24*60 -> 7 | V33: =(T33-S33)*24*60 -> 157 | W33: =T33 -> 0.48333333 | X33: =S34 -> 0.52222222 | AE33: =M33-J33 -> -71.33758 | AF33: =M33/J33 -> 0.95541401
A34: 新豐8線 | B34: 三明治 | C34: 紐奧良風味烤雞鮮蔬三明治 | E34: 31.29 | F34: 4698 | G34: =E34*F34 -> 147000.42 | I34: 18 | J34: 2400 | K34: =J34/I34 -> 133.33333 | L34: 18 | M34: =F34/V34*60 -> 2291.7073 | N34: =M34/L34 -> 127.31707 | O34: =L34-I34 -> 0 | P34: =N34-K34 -> -6.0162602 | Q34: =N34/K34 -> 0.95487805 | S34: 0.52222222 | T34: 0.60763889 | U34: =(S34-T33)*24*60 -> 56 | V34: =(T34-S34)*24*60 -> 123 | AE34: =M34-J34 -> -108.29268 | AF34: =M34/J34 -> 0.95487805
A35: 新豐8線 | B35: 三明治 | C35: 經典火腿玉米蛋三明治 | E35: 24.43 | F35: 3810 | G35: =E35*F35 -> 93078.3 | I35: 14 | J35: 2400 | K35: =J35/I35 -> 171.42857 | L35: 14 | M35: =F35/V35*60 -> 2286 | N35: =M35/L35 -> 163.28571 | O35: =L35-I35 -> 0 | P35: =N35-K35 -> -8.1428571 | Q35: =N35/K35 -> 0.9525 | S35: 0.6125 | T35: 0.68194444 | U35: =(S35-T34)*24*60 -> 7 | V35: =(T35-S35)*24*60 -> 100 | AE35: =M35-J35 -> -114 | AF35: =M35/J35 -> 0.9525
A36: 新豐8線 | B36: 三明治 | C36: 經典總匯三明治(115年) | E36: 26.18 | F36: 3038 | G36: =E36*F36 -> 79534.84 | I36: 20 | J36: 2400 | K36: =J36/I36 -> 120 | L36: 20 | M36: =F36/V36*60 -> 2307.3418 | N36: =M36/L36 -> 115.36709 | O36: =L36-I36 -> 0 | P36: =N36-K36 -> -4.6329114 | Q36: =N36/K36 -> 0.96139241 | S36: 0.6875 | T36: 0.74236111 | U36: =(S36-T35)*24*60 -> 8 | V36: =(T36-S36)*24*60 -> 79 | AE36: =M36-J36 -> -92.658228 | AF36: =M36/J36 -> 0.96139241
A37: 新豐8線 | B37: 平均 | I37: 17 | J37: 2285.7143 | K37: =J37/I37 -> 134.45378 | L37: 17 | M37: =AVERAGE(M30:M36) -> 2183.1757 | N37: =M37/L37 -> 128.4221 | O37: =L37-I37 -> 0 | P37: =N37-K37 -> -6.0316817 | Q37: =N37/K37 -> 0.95513937 | Y37: =SUM(Y30:Y36) -> 0 | Z37: =SUM(Z30:Z36) -> 0 | AC37: 7 | AD37: =SUM(AD30:AD36) -> 0 | AE37: =M37-J37 -> -102.53859 | AF37: =M37/J37 -> 0.95513937
A38: 新豐9線 | B38: 三明治 | C38: 經典總匯三明治(115年) | E38: 26.18 | F38: 3900 | G38: =E38*F38 -> 102102 | H38: 2 | I38: 20 | J38: 2400 | K38: =J38/I38 -> 120 | L38: 20 | M38: =F38/V38*60 -> 2294.1176 | N38: =M38/L38 -> 114.70588 | O38: =L38-I38 -> 0 | P38: =N38-K38 -> -5.2941176 | Q38: =N38/K38 -> 0.95588235 | R38: =Q46 -> 0.95645929 | S38: 0.083333333 | T38: 0.15416667 | V38: =(T38-S38)*24*60 -> 102 | W38: =T38 -> 0.15416667 | X38: =S39 -> 0.17222222 | AC38: 8 | AE38: =M38-J38 -> -105.88235 | AF38: =M38/J38 -> 0.95588235 | AG38: =AF46 -> 0.95645929
A39: 新豐9線 | B39: 三明治 | C39: 雙泰奶QQ三明治 | E39: 23.89 | F39: 1541 | G39: =E39*F39 -> 36814.49 | I39: 13 | J39: 2400 | K39: =J39/I39 -> 184.61538 | L39: 13 | M39: =F39/V39*60 -> 2311.5 | N39: =M39/L39 -> 177.80769 | O39: =L39-I39 -> 0 | P39: =N39-K39 -> -6.8076923 | Q39: =N39/K39 -> 0.963125 | S39: 0.17222222 | T39: 0.2 | U39: =(S39-T38)*24*60 -> 26 | V39: =(T39-S39)*24*60 -> 40 | AE39: =M39-J39 -> -88.5 | AF39: =M39/J39 -> 0.963125
A40: 新豐9線 | B40: 三明治 | C40: 鮪魚起司溏心蛋三明治(115年) | E40: 26.18 | F40: 5300 | G40: =E40*F40 -> 138754 | H40: 2 | I40: 18 | J40: 2400 | K40: =J40/I40 -> 133.33333 | L40: 18 | M40: =F40/V40*60 -> 2287.7698 | N40: =M40/L40 -> 127.09832 | O40: =L40-I40 -> 0 | P40: =N40-K40 -> -6.235012 | Q40: =N40/K40 -> 0.95323741 | S40: 0.20347222 | T40: 0.3 | U40: =(S40-T39)*24*60 -> 5 | V40: =(T40-S40)*24*60 -> 139 | AE40: =M40-J40 -> -112.23022 | AF40: =M40/J40 -> 0.95323741
A41: 新豐9線 | B41: 三明治 | C41: 雞蛋沙拉三明治(114年) | E41: 25.99 | F41: 4472 | G41: =E41*F41 -> 116227.28 | I41: 14 | J41: 2400 | K41: =J41/I41 -> 171.42857 | L41: 14 | M41: =F41/V41*60 -> 2293.3333 | N41: =M41/L41 -> 163.80952 | O41: =L41-I41 -> 0 | P41: =N41-K41 -> -7.6190476 | Q41: =N41/K41 -> 0.95555556 | S41: 0.30347222 | T41: 0.38472222 | U41: =(S41-T40)*24*60 -> 5 | V41: =(T41-S41)*24*60 -> 117 | AE41: =M41-J41 -> -106.66667 | AF41: =M41/J41 -> 0.95555556
A42: 新豐9線 | B42: 三明治 | C42: 起司芋見肉鬆三明治 | E42: 25.98 | F42: 2577 | G42: =E42*F42 -> 66950.46 | I42: 17 | J42: 2400 | K42: =J42/I42 -> 141.17647 | L42: 17 | M42: =F42/V42*60 -> 2307.7612 | N42: =M42/L42 -> 135.75066 | O42: =L42-I42 -> 0 | P42: =N42-K42 -> -5.4258121 | Q42: =N42/K42 -> 0.96156716 | S42: 0.38819444 | T42: 0.43472222 | U42: =(S42-T41)*24*60 -> 5 | V42: =(T42-S42)*24*60 -> 67 | AE42: =M42-J42 -> -92.238806 | AF42: =M42/J42 -> 0.96156716
A43: 新豐9線 | B43: 三明治 | C43: 金黃玉米蛋三明治 | E43: 24.25 | F43: 3008 | G43: =E43*F43 -> 72944 | I43: 16 | J43: 2400 | K43: =J43/I43 -> 150 | L43: 16 | M43: =F43/V43*60 -> 2284.557 | N43: =M43/L43 -> 142.78481 | O43: =L43-I43 -> 0 | P43: =N43-K43 -> -7.2151899 | Q43: =N43/K43 -> 0.95189873 | S43: 0.43958333 | T43: 0.49444444 | U43: =(S43-T42)*24*60 -> 7 | V43: =(T43-S43)*24*60 -> 79 | W43: =T43 -> 0.49444444 | X43: =S44 -> 0.53680556 | AE43: =M43-J43 -> -115.44304 | AF43: =M43/J43 -> 0.95189873
A44: 新豐9線 | B44: 三明治 | C44: 鮪魚起司溏心蛋三明治(115年) | E44: 26.18 | F44: 4284 | G44: =E44*F44 -> 112155.12 | I44: 18 | J44: 2400 | K44: =J44/I44 -> 133.33333 | L44: 18 | M44: =F44/V44*60 -> 2295 | N44: =M44/L44 -> 127.5 | O44: =L44-I44 -> 0 | P44: =N44-K44 -> -5.8333333 | Q44: =N44/K44 -> 0.95625 | S44: 0.53680556 | T44: 0.61458333 | U44: =(S44-T43)*24*60 -> 61 | V44: =(T44-S44)*24*60 -> 112 | AE44: =M44-J44 -> -105 | AF44: =M44/J44 -> 0.95625
A45: 新豐9線 | B45: 三明治 | C45: 好多蛋三明治 | E45: 34.1 | F45: 3380 | G45: =E45*F45 -> 115258 | I45: 17 | J45: 1600 | K45: =J45/I45 -> 94.117647 | L45: 17 | M45: =F45/V45*60 -> 1524.812 | N45: =M45/L45 -> 89.694825 | O45: =L45-I45 -> 0 | P45: =N45-K45 -> -4.4228218 | Q45: =N45/K45 -> 0.95300752 | S45: 0.61944444 | T45: 0.71180556 | U45: =(S45-T44)*24*60 -> 7 | V45: =(T45-S45)*24*60 -> 133 | AE45: =M45-J45 -> -75.18797 | AF45: =M45/J45 -> 0.95300752
A46: 新豐9線 | B46: 平均 | I46: 16.625 | J46: 2300 | K46: =J46/I46 -> 138.34586 | L46: 16.625 | M46: =AVERAGE(M38:M45) -> 2199.8564 | N46: =M46/L46 -> 132.32219 | O46: =L46-I46 -> 0 | P46: =N46-K46 -> -6.0236771 | Q46: =N46/K46 -> 0.95645929 | Y46: =SUM(Y38:Y45) -> 0 | Z46: =SUM(Z38:Z45) -> 0 | AC46: 8 | AD46: =SUM(AD38:AD45) -> 0 | AE46: =M46-J46 -> -100.14363 | AF46: =M46/J46 -> 0.95645929
A47: 新豐3線 | B47: 調理麵包 | C47: 豬肉起司堡 | E47: 21.13 | F47: 6268 | G47: =E47*F47 -> 132442.84 | I47: 10 | J47: 3000 | K47: =J47/I47 -> 300 | L47: 10 | M47: =F47/V47*60 -> 2870.8397 | N47: =M47/L47 -> 287.08397 | O47: =L47-I47 -> 0 | P47: =N47-K47 -> -12.916031 | Q47: =N47/K47 -> 0.95694656 | R47: =Q50 -> 0.95449749 | S47: 0.20833333 | T47: 0.29930556 | V47: =(T47-S47)*24*60 -> 131 | AC47: 3 | AE47: =M47-J47 -> -129.16031 | AF47: =M47/J47 -> 0.95694656 | AG47: =AF50 -> 0.95449749
A48: 新豐3線 | B48: 調理麵包 | C48: 豬肉起司蛋堡 | E48: 27.17 | F48: 6581 | G48: =E48*F48 -> 178805.77 | I48: 10 | J48: 3000 | K48: =J48/I48 -> 300 | L48: 10 | M48: =F48/V48*60 -> 2861.3043 | N48: =M48/L48 -> 286.13043 | O48: =L48-I48 -> 0 | P48: =N48-K48 -> -13.869565 | Q48: =N48/K48 -> 0.95376812 | S48: 0.30486111 | T48: 0.40069444 | U48: =(S48-T47)*24*60 -> 8 | V48: =(T48-S48)*24*60 -> 138 | AE48: =M48-J48 -> -138.69565 | AF48: =M48/J48 -> 0.95376812
A49: 新豐3線 | B49: 調理麵包 | C49: 超HOT雞腿堡 | E49: 35.87 | F49: 3430 | G49: =E49*F49 -> 123034.1 | I49: 10 | J49: 3000 | K49: =J49/I49 -> 300 | L49: 10 | M49: =F49/V49*60 -> 2858.3333 | N49: =M49/L49 -> 285.83333 | O49: =L49-I49 -> 0 | P49: =N49-K49 -> -14.166667 | Q49: =N49/K49 -> 0.95277778 | S49: 0.40486111 | T49: 0.45486111 | U49: =(S49-T48)*24*60 -> 6 | V49: =(T49-S49)*24*60 -> 72 | AE49: =M49-J49 -> -141.66667 | AF49: =M49/J49 -> 0.95277778
A50: 新豐3線 | B50: 平均 | I50: 10 | J50: 3000 | K50: =J50/I50 -> 300 | L50: 10 | M50: =AVERAGE(M47:M49) -> 2863.4925 | N50: =M50/L50 -> 286.34925 | O50: =L50-I50 -> 0 | P50: =N50-K50 -> -13.650754 | Q50: =N50/K50 -> 0.95449749 | Y50: =SUM(Y47:Y49) -> 0 | Z50: =SUM(Z47:Z49) -> 0 | AC50: 3 | AD50: =SUM(AD47:AD49) -> 0 | AE50: =M50-J50 -> -136.50754 | AF50: =M50/J50 -> 0.95449749
A51: 新豐1線 | B51: 微波主食 | C51: 炙烤醬香燒豚飯 | E51: 51.44 | F51: 1650 | G51: =E51*F51 -> 84876 | I51: 25 | J51: 2000 | K51: =J51/I51 -> 80 | L51: 25 | M51: =F51/V51*60 -> 1903.8462 | N51: =M51/L51 -> 76.153846 | O51: =L51-I51 -> 0 | P51: =N51-K51 -> -3.8461538 | Q51: =N51/K51 -> 0.95192308 | R51: =Q60 -> 0.95801152 | S51: 0.20833333 | T51: 0.24444444 | V51: =(T51-S51)*24*60 -> 52 | AC51: 9 | AE51: =M51-J51 -> -96.153846 | AF51: =M51/J51 -> 0.95192308 | AG51: =AF60 -> 0.95801152
A52: 新豐1線 | B52: 微波主食 | C52: 金沙醬牛豚雙饗飯 | E52: 56.43 | F52: 5113 | G52: =E52*F52 -> 288526.59 | I52: 23 | J52: 2000 | K52: =J52/I52 -> 86.956522 | L52: 23 | M52: =F52/V52*60 -> 1905.4658 | N52: =M52/L52 -> 82.846341 | O52: =L52-I52 -> 0 | P52: =N52-K52 -> -4.1101809 | Q52: =N52/K52 -> 0.95273292 | S52: 0.24791667 | T52: 0.35972222 | U52: =IF(S52=TIME(17,0,0),"",(S52-T51)*24*60) -> 5 | V52: =(T52-S52)*24*60 -> 161 | AE52: =M52-J52 -> -94.534161 | AF52: =M52/J52 -> 0.95273292
A53: 新豐1線 | B53: 微波主食 | C53: 柚見極炙烤牛 | E53: 56.43 | F53: 2426 | G53: =E53*F53 -> 136899.18 | I53: 25 | J53: 2000 | K53: =J53/I53 -> 80 | L53: 25 | M53: =F53/V53*60 -> 1915.2632 | N53: =M53/L53 -> 76.610526 | O53: =L53-I53 -> 0 | P53: =N53-K53 -> -3.3894737 | Q53: =N53/K53 -> 0.95763158 | S53: 0.36458333 | T53: 0.41736111 | U53: =IF(S53=TIME(17,0,0),"",(S53-T52)*24*60) -> 7 | V53: =(T53-S53)*24*60 -> 76 | AE53: =M53-J53 -> -84.736842 | AF53: =M53/J53 -> 0.95763158
A54: 新豐1線 | B54: 沙拉 | C54: 蔥鹽雞肉麵沙拉(114年) | E54: 46 | F54: 1500 | G54: =E54*F54 -> 69000 | I54: 16 | J54: 2000 | K54: =J54/I54 -> 125 | L54: 16 | M54: =F54/V54*60 -> 1914.8936 | N54: =M54/L54 -> 119.68085 | O54: =L54-I54 -> 0 | P54: =N54-K54 -> -5.3191489 | Q54: =N54/K54 -> 0.95744681 | S54: 0.42152778 | T54: 0.45416667 | U54: =IF(S54=TIME(17,0,0),"",(S54-T53)*24*60) -> 6 | V54: =(T54-S54)*24*60 -> 47 | AE54: =M54-J54 -> -85.106383 | AF54: =M54/J54 -> 0.95744681
A55: 新豐1線 | B55: 沙拉 | C55: 莎莎烤雞麵沙拉(115年) | E55: 46 | F55: 1536 | G55: =E55*F55 -> 70656 | I55: 17 | J55: 2000 | K55: =J55/I55 -> 117.64706 | L55: 17 | M55: =F55/V55*60 -> 1920 | N55: =M55/L55 -> 112.94118 | O55: =L55-I55 -> 0 | P55: =N55-K55 -> -4.7058824 | Q55: =N55/K55 -> 0.96 | S55: 0.45902778 | T55: 0.49236111 | U55: =IF(S55=TIME(17,0,0),"",(S55-T54)*24*60) -> 7 | V55: =(T55-S55)*24*60 -> 48 | AE55: =M55-J55 -> -80 | AF55: =M55/J55 -> 0.96
A56: 新豐1線 | B56: 微波主食 | C56: 二配香辣醬蒜味香腸蛋炒飯 | E56: 55.56 | F56: 1000 | G56: =E56*F56 -> 55560 | H56: 2 | I56: 17 | J56: 2000 | K56: =J56/I56 -> 117.64706 | L56: 17 | M56: =F56/V56*60 -> 1935.4839 | N56: =M56/L56 -> 113.85199 | O56: =L56-I56 -> 0 | P56: =N56-K56 -> -3.7950664 | Q56: =N56/K56 -> 0.96774194 | S56: 0.70833333 | T56: 0.72986111 | U56: =IF(S56=TIME(17,0,0),"",(S56-T55)*24*60) | V56: =(T56-S56)*24*60 -> 31 | AE56: =M56-J56 -> -64.516129 | AF56: =M56/J56 -> 0.96774194
A57: 新豐1線 | B57: 微波主食 | C57: 二配排骨蛋炒飯 | E57: 58.17 | F57: 2604 | G57: =E57*F57 -> 151474.68 | I57: 13 | J57: 2000 | K57: =J57/I57 -> 153.84615 | L57: 13 | M57: =F57/V57*60 -> 1905.3659 | N57: =M57/L57 -> 146.5666 | O57: =L57-I57 -> 0 | P57: =N57-K57 -> -7.2795497 | Q57: =N57/K57 -> 0.95268293 | S57: 0.73333333 | T57: 0.79027778 | U57: =IF(S57=TIME(17,0,0),"",(S57-T56)*24*60) -> 5 | V57: =(T57-S57)*24*60 -> 82 | AE57: =M57-J57 -> -94.634146 | AF57: =M57/J57 -> 0.95268293
A58: 新豐1線 | B58: 微波主食 | C58: 二配厚香料優格咖哩雞排飯 | E58: 56.43 | F58: 1532 | G58: =E58*F58 -> 86450.76 | I58: 13 | J58: 2000 | K58: =J58/I58 -> 153.84615 | L58: 13 | M58: =F58/V58*60 -> 1915 | N58: =M58/L58 -> 147.30769 | O58: =L58-I58 -> 0 | P58: =N58-K58 -> -6.5384615 | Q58: =N58/K58 -> 0.9575 | S58: 0.79444444 | T58: 0.82777778 | U58: =IF(S58=TIME(17,0,0),"",(S58-T57)*24*60) -> 6 | V58: =(T58-S58)*24*60 -> 48 | W58: =T58 -> 0.82777778 | X58: =S59 -> 0.86875 | AE58: =M58-J58 -> -85 | AF58: =M58/J58 -> 0.9575
A59: 新豐1線 | B59: 微波主食 | C59: 二配香辣醬蒜味香腸蛋炒飯 | E59: 55.56 | F59: 1736 | G59: =E59*F59 -> 96452.16 | I59: 17 | J59: 2000 | K59: =J59/I59 -> 117.64706 | L59: 17 | M59: =F59/V59*60 -> 1928.8889 | N59: =M59/L59 -> 113.46405 | O59: =L59-I59 -> 0 | P59: =N59-K59 -> -4.1830065 | Q59: =N59/K59 -> 0.96444444 | S59: 0.86875 | T59: 0.90625 | U59: =IF(S59=TIME(17,0,0),"",(S59-T58)*24*60) -> 59 | V59: =(T59-S59)*24*60 -> 54 | AE59: =M59-J59 -> -71.111111 | AF59: =M59/J59 -> 0.96444444
A60: 新豐1線 | B60: 平均 | I60: 18.444444 | J60: 2000 | K60: =J60/I60 -> 108.43373 | L60: 18.444444 | M60: =AVERAGE(M51:M59) -> 1916.023 | N60: =M60/L60 -> 103.88077 | O60: =L60-I60 -> 0 | P60: =N60-K60 -> -4.5529676 | Q60: =N60/K60 -> 0.95801152 | Y60: =SUM(Y51:Y59) -> 0 | Z60: =SUM(Z51:Z59) -> 0 | AC60: 9 | AD60: =SUM(AD51:AD59) -> 0 | AE60: =M60-J60 -> -83.976958 | AF60: =M60/J60 -> 0.95801152
A61: 新豐10線 | B61: 調理麵包 | C61: 經典雙牛起司堡(113年) | E61: 35.12 | F61: 6367 | G61: =E61*F61 -> 223609.04 | I61: 10 | J61: 3000 | K61: =J61/I61 -> 300 | L61: 10 | M61: =F61/V61*60 -> 2872.3308 | N61: =M61/L61 -> 287.23308 | O61: =L61-I61 -> 0 | P61: =N61-K61 -> -12.766917 | Q61: =N61/K61 -> 0.95744361 | R61: =Q66 -> 0.96039348 | S61: 0.20833333 | T61: 0.30069444 | V61: =(T61-S61)*24*60 -> 133 | AC61: 5 | AE61: =M61-J61 -> -127.66917 | AF61: =M61/J61 -> 0.95744361 | AG61: =AF66 -> 0.96039348
A62: 新豐10線 | B62: 調理麵包 | C62: 香雞蛋堡(112年) | E62: 26.78 | F62: 2697 | G62: =E62*F62 -> 72225.66 | I62: 10 | J62: 3000 | K62: =J62/I62 -> 300 | L62: 10 | M62: =F62/V62*60 -> 2889.6429 | N62: =M62/L62 -> 288.96429 | O62: =L62-I62 -> 0 | P62: =N62-K62 -> -11.035714 | Q62: =N62/K62 -> 0.96321429 | S62: 0.30416667 | T62: 0.34305556 | U62: =(S62-T61)*24*60 -> 5 | V62: =(T62-S62)*24*60 -> 56 | AE62: =M62-J62 -> -110.35714 | AF62: =M62/J62 -> 0.96321429
A63: 新豐10線 | B63: 調理麵包 | C63: 元氣起司鱈魚堡 | E63: 36.14 | F63: 962 | G63: =E63*F63 -> 34766.68 | I63: 11 | J63: 3000 | K63: =J63/I63 -> 272.72727 | L63: 11 | M63: =F63/V63*60 -> 2886 | N63: =M63/L63 -> 262.36364 | O63: =L63-I63 -> 0 | P63: =N63-K63 -> -10.363636 | Q63: =N63/K63 -> 0.962 | S63: 0.34861111 | T63: 0.3625 | U63: =(S63-T62)*24*60 -> 8 | V63: =(T63-S63)*24*60 -> 20 | AE63: =M63-J63 -> -114 | AF63: =M63/J63 -> 0.962
A64: 新豐10線 | B64: 調理麵包 | C64: 美式雞腿堡 | E64: 35.87 | F64: 1548 | G64: =E64*F64 -> 55526.76 | I64: 9 | J64: 3000 | K64: =J64/I64 -> 333.33333 | L64: 9 | M64: =F64/V64*60 -> 2902.5 | N64: =M64/L64 -> 322.5 | O64: =L64-I64 -> 0 | P64: =N64-K64 -> -10.833333 | Q64: =N64/K64 -> 0.9675 | S64: 0.36805556 | T64: 0.39027778 | U64: =(S64-T63)*24*60 -> 8 | V64: =(T64-S64)*24*60 -> 32 | AE64: =M64-J64 -> -97.5 | AF64: =M64/J64 -> 0.9675
A65: 新豐10線 | B65: 調理麵包 | C65: 益活雞力能量堡 | E65: 33.77 | F65: 4997 | G65: =E65*F65 -> 168748.69 | I65: 12 | J65: 3000 | K65: =J65/I65 -> 250 | L65: 12 | M65: =F65/V65*60 -> 2855.4286 | N65: =M65/L65 -> 237.95238 | O65: =L65-I65 -> 0 | P65: =N65-K65 -> -12.047619 | Q65: =N65/K65 -> 0.95180952 | S65: 0.39444444 | T65: 0.46736111 | U65: =(S65-T64)*24*60 -> 6 | V65: =(T65-S65)*24*60 -> 105 | AE65: =M65-J65 -> -144.57143 | AF65: =M65/J65 -> 0.95180952
A66: 新豐10線 | B66: 平均 | I66: 10.4 | J66: 3000 | K66: =J66/I66 -> 288.46154 | L66: 10.4 | M66: =AVERAGE(M61:M65) -> 2881.1805 | N66: =M66/L66 -> 277.03658 | O66: =L66-I66 -> 0 | P66: =N66-K66 -> -11.424957 | Q66: =N66/K66 -> 0.96039348 | Y66: =SUM(Y61:Y65) -> 0 | Z66: =SUM(Z61:Z65) -> 0 | AC66: 5 | AD66: =SUM(AD61:AD65) -> 0 | AE66: =M66-J66 -> -118.81955 | AF66: =M66/J66 -> 0.96039348
A67: 新豐4線 | B67: 三明治 | C67: 火腿起司蛋三明治 | E67: 19.02 | F67: 6500 | G67: =E67*F67 -> 123630 | H67: 2 | I67: 14 | J67: 2400 | K67: =J67/I67 -> 171.42857 | L67: 14 | M67: =F67/V67*60 -> 2294.1176 | N67: =M67/L67 -> 163.86555 | O67: =L67-I67 -> 0 | P67: =N67-K67 -> -7.5630252 | Q67: =N67/K67 -> 0.95588235 | R67: =Q75 -> 0.95737023 | S67: 0.083333333 | T67: 0.20138889 | V67: =(T67-S67)*24*60 -> 170 | W67: =T67 -> 0.20138889 | X67: =S68 -> 0.22083333 | AC67: 8 | AE67: =M67-J67 -> -105.88235 | AF67: =M67/J67 -> 0.95588235 | AG67: =AF75 -> 0.95737023
A68: 新豐4線 | B68: 三明治 | C68: 肉鬆火腿三明治(115年) | E68: 20.36 | F68: 4886 | G68: =E68*F68 -> 99478.96 | I68: 17 | J68: 2400 | K68: =J68/I68 -> 141.17647 | L68: 17 | M68: =F68/V68*60 -> 2290.3125 | N68: =M68/L68 -> 134.72426 | O68: =L68-I68 -> 0 | P68: =N68-K68 -> -6.4522059 | Q68: =N68/K68 -> 0.95429688 | S68: 0.22083333 | T68: 0.30972222 | U68: =(S68-T67)*24*60 -> 28 | V68: =(T68-S68)*24*60 -> 128 | AE68: =M68-J68 -> -109.6875 | AF68: =M68/J68 -> 0.95429688
A69: 新豐4線 | B69: 三明治 | C69: 水果聖代三明治 | E69: 28.29 | F69: 3703 | G69: =E69*F69 -> 104757.87 | I69: 19 | J69: 2400 | K69: =J69/I69 -> 126.31579 | L69: 19 | M69: =F69/V69*60 -> 2290.5155 | N69: =M69/L69 -> 120.55345 | O69: =L69-I69 -> 0 | P69: =N69-K69 -> -5.762344 | Q69: =N69/K69 -> 0.95438144 | S69: 0.31527778 | T69: 0.38263889 | U69: =(S69-T68)*24*60 -> 8 | V69: =(T69-S69)*24*60 -> 97 | AE69: =M69-J69 -> -109.48454 | AF69: =M69/J69 -> 0.95438144
A70: 新豐4線 | B70: 三明治 | C70: 好多菜三明治 | E70: 25.98 | F70: 3600 | G70: =E70*F70 -> 93528 | H70: 2 | I70: 19 | J70: 2400 | K70: =J70/I70 -> 126.31579 | L70: 19 | M70: =F70/V70*60 -> 2297.8723 | N70: =M70/L70 -> 120.94065 | O70: =L70-I70 -> 0 | P70: =N70-K70 -> -5.37514 | Q70: =N70/K70 -> 0.95744681 | S70: 0.38611111 | T70: 0.45138889 | U70: =(S70-T69)*24*60 -> 5 | V70: =(T70-S70)*24*60 -> 94 | AE70: =M70-J70 -> -102.12766 | AF70: =M70/J70 -> 0.95744681
A71: 新豐4線 | B71: 三明治 | C71: 茄汁厚起司三明治 | E71: 25.99 | F71: 1389 | G71: =E71*F71 -> 36100.11 | I71: 18 | J71: 2400 | K71: =J71/I71 -> 133.33333 | L71: 18 | M71: =F71/V71*60 -> 2315 | N71: =M71/L71 -> 128.61111 | O71: =L71-I71 -> 0 | P71: =N71-K71 -> -4.7222222 | Q71: =N71/K71 -> 0.96458333 | S71: 0.45555556 | T71: 0.48055556 | U71: =(S71-T70)*24*60 -> 6 | V71: =(T71-S71)*24*60 -> 36 | W71: =T71 -> 0.48055556 | X71: =S72 -> 0.52083333 | AE71: =M71-J71 -> -85 | AF71: =M71/J71 -> 0.96458333
A72: 新豐4線 | B72: 三明治 | C72: 火腿起司蛋三明治 | E72: 19.02 | F72: 5498 | G72: =E72*F72 -> 104571.96 | I72: 14 | J72: 2400 | K72: =J72/I72 -> 171.42857 | L72: 14 | M72: =F72/V72*60 -> 2290.8333 | N72: =M72/L72 -> 163.63095 | O72: =L72-I72 -> 0 | P72: =N72-K72 -> -7.797619 | Q72: =N72/K72 -> 0.95451389 | S72: 0.52083333 | T72: 0.62083333 | U72: =(S72-T71)*24*60 -> 58 | V72: =(T72-S72)*24*60 -> 144 | AE72: =M72-J72 -> -109.16667 | AF72: =M72/J72 -> 0.95451389
A73: 新豐4線 | B73: 三明治 | C73: 醬燒烤雞三明治(115年) | E73: 26.37 | F73: 3157 | G73: =E73*F73 -> 83250.09 | I73: 18 | J73: 2400 | K73: =J73/I73 -> 133.33333 | L73: 18 | M73: =F73/V73*60 -> 2310 | N73: =M73/L73 -> 128.33333 | O73: =L73-I73 -> 0 | P73: =N73-K73 -> -5 | Q73: =N73/K73 -> 0.9625 | S73: 0.62569444 | T73: 0.68263889 | U73: =(S73-T72)*24*60 -> 7 | V73: =(T73-S73)*24*60 -> 82 | AE73: =M73-J73 -> -90 | AF73: =M73/J73 -> 0.9625
A74: 新豐4線 | B74: 三明治 | C74: 好多菜三明治 | E74: 25.98 | F74: 2675 | G74: =E74*F74 -> 69496.5 | I74: 19 | J74: 2400 | K74: =J74/I74 -> 126.31579 | L74: 19 | M74: =F74/V74*60 -> 2292.8571 | N74: =M74/L74 -> 120.67669 | O74: =L74-I74 -> 0 | P74: =N74-K74 -> -5.6390977 | Q74: =N74/K74 -> 0.95535714 | S74: 0.68680556 | T74: 0.73541667 | U74: =(S74-T73)*24*60 -> 6 | V74: =(T74-S74)*24*60 -> 70 | AE74: =M74-J74 -> -107.14286 | AF74: =M74/J74 -> 0.95535714
A75: 新豐4線 | B75: 平均 | I75: 17.25 | J75: 2400 | K75: =J75/I75 -> 139.13043 | L75: 17.25 | M75: =AVERAGE(M67:M74) -> 2297.6886 | N75: =M75/L75 -> 133.19934 | O75: =L75-I75 -> 0 | P75: =N75-K75 -> -5.9310984 | Q75: =N75/K75 -> 0.95737023 | Y75: =SUM(Y67:Y74) -> 0 | Z75: =SUM(Z67:Z74) -> 0 | AC75: 8 | AD75: =SUM(AD67:AD74) -> 0 | AE75: =M75-J75 -> -102.31145 | AF75: =M75/J75 -> 0.95737023

Sheet 0829
B1: 屏榮 新豐廠組合室生產人時性分析
B3: 日期 | C3: =TEXT('0829 4度C'!A2,"yyyy.mm.ddaaaa") -> 2026.08.29星期六 | E3: 訂單量 | F3: ='0829 4度C'!D1 -> 145160 | H3: 營業額 | I3: ='0829 4度C'!F1 -> 5143553.2
B4: 人時性 | C4: 項目 | E4: ➀ | G4: ➁ | I4: ➂ | K4: 異常停線 | M4: 短暫停線
C5: 組合室 | E5: 全溫層 | G5: 4度C-各編組展開 | I5: ③三明治-各編組展開 | K5: 合計次數 | L5: 時間 | M5: 合計次數 | N5: 設備次數
C6: 排關平均 | E6: =AVERAGE(D13:M13) -> 156.06948 | F6: =AVERAGE(D31:O31,D13:J13) -> 162.63589 | G6: =AVERAGE(D13:J13) -> 162.63589 | I6: =AVERAGE(K13:M13) -> 140.74785 | K6: ='0829 4度C'!Y2 -> 0 | L6: ='0829 4度C'!Z2 -> 0 | M6: ='0829 4度C'!AC2 -> 52 | N6: ='0829 4度C'!AD2 -> 0
C7: 實績平均 | E7: =AVERAGE(D14:M14) -> 149.44208 | F7: =AVERAGE(D32:O32,D14:J14) -> 155.81796 | G7: =AVERAGE(D14:J14) -> 155.81796 | I7: =AVERAGE(K14:M14) -> 134.56501
C8: 達成率平均 | E8: =AVERAGE(D15:M15) -> 0.95827737 | F8: =AVERAGE(D15:J15,D33:O33) -> 0.95924252 | G8: =AVERAGE(D15:J15) -> 0.95924252 | I8: =AVERAGE(K15:M15) -> 0.95602534
K9: ※現行日本鮮食廠以達成率80%為基本(即為現行KPI)
B10: 溫層 | D10: ➁4度C-各編組展開 | K10: ③三明治-各編組展開
B11: 編組 | D11: 1 | E11: 2 | F11: 3 | G11: 4 | H11: 5 | I11: 6 | J11: 7 | K11: 1 | L11: 2 | M11: 3
D12: 新豐6線 | E12: 新豐2線 | F12: 新豐5線 | G12: 新豐7線 | H12: 新豐3線 | I12: 新豐1線 | J12: 新豐10線 | K12: 新豐8線 | L12: 新豐9線 | M12: 新豐4線
B13: 人時性 | C13: 排關 | D13: =SUMIFS('0829 4度C'!$K:$K,'0829 4度C'!$A:$A,"新豐6線",'0829 4度C'!$B:$B,"平均") -> 129.03226 | E13: =SUMIFS('0829 4度C'!$K:$K,'0829 4度C'!$A:$A,"新豐2線",'0829 4度C'!$B:$B,"平均") -> 88.235294 | F13: =SUMIFS('0829 4度C'!$K:$K,'0829 4度C'!$A:$A,"新豐5線",'0829 4度C'!$B:$B,"平均") -> 96.899225 | G13: =SUMIFS('0829 4度C'!$K:$K,'0829 4度C'!$A:$A,"新豐7線",'0829 4度C'!$B:$B,"平均") -> 128.44037 | H13: =SUMIFS('0829 4度C'!$K:$K,'0829 4度C'!$A:$A,"新豐3線",'0829 4度C'!$B:$B,"平均") -> 300 | I13: =SUMIFS('0829 4度C'!$K:$K,'0829 4度C'!$A:$A,"新豐1線",'0829 4度C'!$B:$B,"平均") -> 107.38255 | J13: =SUMIFS('0829 4度C'!$K:$K,'0829 4度C'!$A:$A,"新豐10線",'0829 4度C'!$B:$B,"平均") -> 288.46154 | K13: =SUMIFS('0829 4度C'!$K:$K,'0829 4度C'!$A:$A,"新豐8線",'0829 4度C'!$B:$B,"平均") -> 137.37374 | L13: =SUMIFS('0829 4度C'!$K:$K,'0829 4度C'!$A:$A,"新豐9線",'0829 4度C'!$B:$B,"平均") -> 146.93878 | M13: =SUMIFS('0829 4度C'!$K:$K,'0829 4度C'!$A:$A,"新豐4線",'0829 4度C'!$B:$B,"平均") -> 137.93103
C14: 實績 | D14: =SUMIFS('0829 4度C'!$N:$N,'0829 4度C'!$A:$A,"新豐6線",'0829 4度C'!$B:$B,"平均") -> 124.19207 | E14: =SUMIFS('0829 4度C'!$N:$N,'0829 4度C'!$A:$A,"新豐2線",'0829 4度C'!$B:$B,"平均") -> 84.210979 | F14: =SUMIFS('0829 4度C'!$N:$N,'0829 4度C'!$A:$A,"新豐5線",'0829 4度C'!$B:$B,"平均") -> 92.893233 | G14: =SUMIFS('0829 4度C'!$N:$N,'0829 4度C'!$A:$A,"新豐7線",'0829 4度C'!$B:$B,"平均") -> 124.03467 | H14: =SUMIFS('0829 4度C'!$N:$N,'0829 4度C'!$A:$A,"新豐3線",'0829 4度C'!$B:$B,"平均") -> 285.946 | I14: =SUMIFS('0829 4度C'!$N:$N,'0829 4度C'!$A:$A,"新豐1線",'0829 4度C'!$B:$B,"平均") -> 103.47294 | J14: =SUMIFS('0829 4度C'!$N:$N,'0829 4度C'!$A:$A,"新豐10線",'0829 4度C'!$B:$B,"平均") -> 275.97583 | K14: =SUMIFS('0829 4度C'!$N:$N,'0829 4度C'!$A:$A,"新豐8線",'0829 4度C'!$B:$B,"平均") -> 131.17975 | L14: =SUMIFS('0829 4度C'!$N:$N,'0829 4度C'!$A:$A,"新豐9線",'0829 4度C'!$B:$B,"平均") -> 140.78505 | M14: =SUMIFS('0829 4度C'!$N:$N,'0829 4度C'!$A:$A,"新豐4線",'0829 4度C'!$B:$B,"平均") -> 131.73022
C15: 達成率 | D15: =D14/D13 -> 0.96248856 | E15: =E14/E13 -> 0.95439109 | F15: =F14/F13 -> 0.95865817 | G15: =G14/G13 -> 0.96569852 | H15: =H14/H13 -> 0.95315333 | I15: =I14/I13 -> 0.96359178 | J15: =J14/J13 -> 0.95671623 | K15: =K14/K13 -> 0.95491144 | ... M15: =M14/M13 -> 0.95504407
B16: 作業 時間 | C16: 開始 | D16: =VLOOKUP("新豐6線",'0829 4度C'!$A:$T,19,0) -> 0.70833333 | E16: =VLOOKUP("新豐2線",'0829 4度C'!$A:$T,19,0) -> 0.083333333 | F16: =VLOOKUP("新豐5線",'0829 4度C'!$A:$T,19,0) -> 0.20833333 | G16: =VLOOKUP("新豐7線",'0829 4度C'!$A:$T,19,0) -> 0.20833333 | H16: =VLOOKUP("新豐3線",'0829 4度C'!$A:$T,19,0) -> 0.20833333 | I16: =VLOOKUP("新豐1線",'0829 4度C'!$A:$T,19,0) -> 0.20833333 | J16: =VLOOKUP("新豐10線",'0829 4度C'!$A:$T,19,0) -> 0.20833333 | K16: =VLOOKUP("新豐8線",'0829 4度C'!$A:$T,19,0) -> 0.083333333 | L16: =VLOOKUP("新豐9線",'0829 4度C'!$A:$T,19,0) -> 0.083333333 | M16: =VLOOKUP("新豐4線",'0829 4度C'!$A:$T,19,0) -> 0.083333333
C17: 結束 | D17: =LOOKUP(2,1/(('0829 4度C'!$A:$A="新豐6線")*('0829 4度C'!$T:$T<>"")),'0829 4度C'!$T:$T) -> 0.8125 | E17: =LOOKUP(2,1/(('0829 4度C'!$A:$A="新豐2線")*('0829 4度C'!$T:$T<>"")),'0829 4度C'!$T:$T) -> 0.45277778 | F17: =LOOKUP(2,1/(('0829 4度C'!$A:$A="新豐5線")*('0829 4度C'!$T:$T<>"")),'0829 4度C'!$T:$T) -> 0.83402778 | G17: =LOOKUP(2,1/(('0829 4度C'!$A:$A="新豐7線")*('0829 4度C'!$T:$T<>"")),'0829 4度C'!$T:$T) -> 0.84722222 | H17: =LOOKUP(2,1/(('0829 4度C'!$A:$A="新豐3線")*('0829 4度C'!$T:$T<>"")),'0829 4度C'!$T:$T) -> 0.40208333 | I17: =LOOKUP(2,1/(('0829 4度C'!$A:$A="新豐1線")*('0829 4度C'!$T:$T<>"")),'0829 4度C'!$T:$T) -> 0.84305556 | J17: =LOOKUP(2,1/(('0829 4度C'!$A:$A="新豐10線")*('0829 4度C'!$T:$T<>"")),'0829 4度C'!$T:$T) -> 0.40972222 | K17: =LOOKUP(2,1/(('0829 4度C'!$A:$A="新豐8線")*('0829 4度C'!$T:$T<>"")),'0829 4度C'!$T:$T) -> 0.65208333 | L17: =LOOKUP(2,1/(('0829 4度C'!$A:$A="新豐9線")*('0829 4度C'!$T:$T<>"")),'0829 4度C'!$T:$T) -> 0.48194444 | M17: =LOOKUP(2,1/(('0829 4度C'!$A:$A="新豐4線")*('0829 4度C'!$T:$T<>"")),'0829 4度C'!$T:$T) -> 0.48611111
B18: 產線異常 (5分鐘以上) | C18: 次數 | D18: =SUMIFS('0829 4度C'!$Y:$Y,'0829 4度C'!$A:$A,"新豐6線",'0829 4度C'!$B:$B,"平均") -> 0 | E18: =SUMIFS('0829 4度C'!$Y:$Y,'0829 4度C'!$A:$A,"新豐2線",'0829 4度C'!$B:$B,"平均") -> 0 | F18: =SUMIFS('0829 4度C'!$Y:$Y,'0829 4度C'!$A:$A,"新豐5線",'0829 4度C'!$B:$B,"平均") -> 0 | G18: =SUMIFS('0829 4度C'!$Y:$Y,'0829 4度C'!$A:$A,"新豐7線",'0829 4度C'!$B:$B,"平均") -> 0 | H18: =SUMIFS('0829 4度C'!$Y:$Y,'0829 4度C'!$A:$A,"新豐3線",'0829 4度C'!$B:$B,"平均") -> 0 | I18: =SUMIFS('0829 4度C'!$Y:$Y,'0829 4度C'!$A:$A,"新豐1線",'0829 4度C'!$B:$B,"平均") -> 0 | J18: =SUMIFS('0829 4度C'!$Y:$Y,'0829 4度C'!$A:$A,"新豐10線",'0829 4度C'!$B:$B,"平均") -> 0 | K18: =SUMIFS('0829 4度C'!$Y:$Y,'0829 4度C'!$A:$A,"新豐8線",'0829 4度C'!$B:$B,"平均") -> 0 | L18: =SUMIFS('0829 4度C'!$Y:$Y,'0829 4度C'!$A:$A,"新豐9線",'0829 4度C'!$B:$B,"平均") -> 0 | M18: =SUMIFS('0829 4度C'!$Y:$Y,'0829 4度C'!$A:$A,"新豐4線",'0829 4度C'!$B:$B,"平均") -> 0
C19: 時間/分 | D19: =SUMIFS('0829 4度C'!$Z:$Z,'0829 4度C'!$A:$A,"新豐6線",'0829 4度C'!$B:$B,"平均") -> 0 | E19: =SUMIFS('0829 4度C'!$Z:$Z,'0829 4度C'!$A:$A,"新豐2線",'0829 4度C'!$B:$B,"平均") -> 0 | F19: =SUMIFS('0829 4度C'!$Z:$Z,'0829 4度C'!$A:$A,"新豐5線",'0829 4度C'!$B:$B,"平均") -> 0 | G19: =SUMIFS('0829 4度C'!$Z:$Z,'0829 4度C'!$A:$A,"新豐7線",'0829 4度C'!$B:$B,"平均") -> 0 | H19: =SUMIFS('0829 4度C'!$Z:$Z,'0829 4度C'!$A:$A,"新豐3線",'0829 4度C'!$B:$B,"平均") -> 0 | I19: =SUMIFS('0829 4度C'!$Z:$Z,'0829 4度C'!$A:$A,"新豐1線",'0829 4度C'!$B:$B,"平均") -> 0 | J19: =SUMIFS('0829 4度C'!$Z:$Z,'0829 4度C'!$A:$A,"新豐10線",'0829 4度C'!$B:$B,"平均") -> 0 | K19: =SUMIFS('0829 4度C'!$Z:$Z,'0829 4度C'!$A:$A,"新豐8線",'0829 4度C'!$B:$B,"平均") -> 0 | L19: =SUMIFS('0829 4度C'!$Z:$Z,'0829 4度C'!$A:$A,"新豐9線",'0829 4度C'!$B:$B,"平均") -> 0 | M19: =SUMIFS('0829 4度C'!$Z:$Z,'0829 4度C'!$A:$A,"新豐4線",'0829 4度C'!$B:$B,"平均") -> 0
B20: 短暫停線 (5分鐘以下) | C20: 次數 | D20: =SUMIFS('0829 4度C'!$AC:$AC,'0829 4度C'!$A:$A,"新豐6線",'0829 4度C'!$B:$B,"平均") -> 2 | E20: =SUMIFS('0829 4度C'!$AC:$AC,'0829 4度C'!$A:$A,"新豐2線",'0829 4度C'!$B:$B,"平均") -> 3 | F20: =SUMIFS('0829 4度C'!$AC:$AC,'0829 4度C'!$A:$A,"新豐5線",'0829 4度C'!$B:$B,"平均") -> 7 | G20: =SUMIFS('0829 4度C'!$AC:$AC,'0829 4度C'!$A:$A,"新豐7線",'0829 4度C'!$B:$B,"平均") -> 7 | H20: =SUMIFS('0829 4度C'!$AC:$AC,'0829 4度C'!$A:$A,"新豐3線",'0829 4度C'!$B:$B,"平均") -> 3 | I20: =SUMIFS('0829 4度C'!$AC:$AC,'0829 4度C'!$A:$A,"新豐1線",'0829 4度C'!$B:$B,"平均") -> 8 | J20: =SUMIFS('0829 4度C'!$AC:$AC,'0829 4度C'!$A:$A,"新豐10線",'0829 4度C'!$B:$B,"平均") -> 5 | K20: =SUMIFS('0829 4度C'!$AC:$AC,'0829 4度C'!$A:$A,"新豐8線",'0829 4度C'!$B:$B,"平均") -> 6 | L20: =SUMIFS('0829 4度C'!$AC:$AC,'0829 4度C'!$A:$A,"新豐9線",'0829 4度C'!$B:$B,"平均") -> 6 | M20: =SUMIFS('0829 4度C'!$AC:$AC,'0829 4度C'!$A:$A,"新豐4線",'0829 4度C'!$B:$B,"平均") -> 5
C21: 設備次數 | D21: =SUMIFS('0829 4度C'!$AD:$AD,'0829 4度C'!$A:$A,"新豐6線",'0829 4度C'!$B:$B,"平均") -> 0 | E21: =SUMIFS('0829 4度C'!$AD:$AD,'0829 4度C'!$A:$A,"新豐2線",'0829 4度C'!$B:$B,"平均") -> 0 | F21: =SUMIFS('0829 4度C'!$AD:$AD,'0829 4度C'!$A:$A,"新豐5線",'0829 4度C'!$B:$B,"平均") -> 0 | G21: =SUMIFS('0829 4度C'!$AD:$AD,'0829 4度C'!$A:$A,"新豐7線",'0829 4度C'!$B:$B,"平均") -> 0 | H21: =SUMIFS('0829 4度C'!$AD:$AD,'0829 4度C'!$A:$A,"新豐3線",'0829 4度C'!$B:$B,"平均") -> 0 | I21: =SUMIFS('0829 4度C'!$AD:$AD,'0829 4度C'!$A:$A,"新豐1線",'0829 4度C'!$B:$B,"平均") -> 0 | J21: =SUMIFS('0829 4度C'!$AD:$AD,'0829 4度C'!$A:$A,"新豐10線",'0829 4度C'!$B:$B,"平均") -> 0 | K21: =SUMIFS('0829 4度C'!$AD:$AD,'0829 4度C'!$A:$A,"新豐8線",'0829 4度C'!$B:$B,"平均") -> 0 | L21: =SUMIFS('0829 4度C'!$AD:$AD,'0829 4度C'!$A:$A,"新豐9線",'0829 4度C'!$B:$B,"平均") -> 0 | M21: =SUMIFS('0829 4度C'!$AD:$AD,'0829 4度C'!$A:$A,"新豐4線",'0829 4度C'!$B:$B,"平均") -> 0
B22: 配置人數 | D22: =SUMIFS('0829 4度C'!$I:$I,'0829 4度C'!$A:$A,"新豐6線",'0829 4度C'!$B:$B,"平均") -> 15.5 | E22: =SUMIFS('0829 4度C'!$I:$I,'0829 4度C'!$A:$A,"新豐2線",'0829 4度C'!$B:$B,"平均") -> 17 | F22: =SUMIFS('0829 4度C'!$I:$I,'0829 4度C'!$A:$A,"新豐5線",'0829 4度C'!$B:$B,"平均") -> 18.428571 | G22: =SUMIFS('0829 4度C'!$I:$I,'0829 4度C'!$A:$A,"新豐7線",'0829 4度C'!$B:$B,"平均") -> 15.571429 | H22: =SUMIFS('0829 4度C'!$I:$I,'0829 4度C'!$A:$A,"新豐3線",'0829 4度C'!$B:$B,"平均") -> 10 | I22: =SUMIFS('0829 4度C'!$I:$I,'0829 4度C'!$A:$A,"新豐1線",'0829 4度C'!$B:$B,"平均") -> 18.625 | J22: =SUMIFS('0829 4度C'!$I:$I,'0829 4度C'!$A:$A,"新豐10線",'0829 4度C'!$B:$B,"平均") -> 10.4 | K22: =SUMIFS('0829 4度C'!$I:$I,'0829 4度C'!$A:$A,"新豐8線",'0829 4度C'!$B:$B,"平均") -> 16.5 | L22: =SUMIFS('0829 4度C'!$I:$I,'0829 4度C'!$A:$A,"新豐9線",'0829 4度C'!$B:$B,"平均") -> 16.333333 | M22: =SUMIFS('0829 4度C'!$I:$I,'0829 4度C'!$A:$A,"新豐4線",'0829 4度C'!$B:$B,"平均") -> 17.4
B23: 主要應用設備 | D23: ET-55 | E23: 熱縮爐 | F23: L型包裝機 | G23: L型包裝機 | H23: 伺服包裝機 | I23: ET-55 | J23: 伺服包裝機 | K23: 三明治包裝機 | L23: 三明治包裝機 | M23: 三明治包裝機
B24: 次要應用設備 | F24: 圓盤機 | G24: ET-55
B25: 備註 | E25: 握沙拉 | F25: 共用L型包裝機 | H25: 調理麵包 | I25: 炒飯+沙拉 | J25: 調理麵包

Sheet 0829 4度C
A1: 新豐廠四度C日報分析 | C1: 總生產量 | D1: =SUM(F5:F66) -> 145160 | E1: 營業額 | F1: =SUM(G5:G66) -> 5143553.2 | G1: 出勤人數 | H1: =L7+L11+L45+L54+L19+L60+L34+L41+L27+L66 -> 155.75833 | I1: 產線配置圖 | L1: 生產實績 | O1: 人時性差異分析 | S1: 日報登錄 | Y1: 合計 次數 | Z1: 合計 時間/分 | AA1: 產線異常 分析說明(5分鐘以上) | AC1: 合計 次數 | AD1: 合計 設備次數 | AE1: 產能差異分析
A2: 46263 | B2: 星期六 | C2: 人時性 | D2: =AVERAGE(N7,N11,N45,N54,N19,N60,N27,N34,N41,N66) -> 149.44208 | E2: 平均廠價 | F2: =F1/D1 -> 35.433682 | G2: 多次生產數 | H2: =COUNT(H5:H66) -> 2 | Y2: =SUM(Y7+Y11+Y19+Y27+Y34+Y41+Y45+Y54+Y60+Y66) -> 0 | Z2: =SUM(Z7+Z11+Z19+Z27+Z34+Z41+Z45+Z54+Z60+Z66) -> 0 | AC2: 52 | AD2: =SUM(AD7+AD11+AD19+AD27+AD34+AD41+AD45+AD54+AD60+AD66) -> 0
A3: 線別 | B3: 品類 | C3: 品名 | E3: 廠價 | F3: 生產量 | G3: 營收 | H3: 多次 生產 | I3: 人數 | J3: 產能/時 | K3: 人時性 | L3: 人數 | M3: 產能/時 | N3: 人時性 | O3: 人數 | P3: 人時性 | Q3: 達成率 | R3: 達成率平均 | S3: 生產時間 | U3: 換線、休息/分 | V3: 稼動時間/分 | W3: 休息時間 | Y3: 產線異常統計 (5分鐘以上) | AA3: (新豐回填) | AC3: 短暫停線統計 (5分鐘以下) | AE3: 產能/時 | AF3: 達成率 | AG3: 達成率平均
S4: 開始 | T4: 結束 | W4: 開始 | X4: 結束 | Y4: 次數 | Z4: 時間/分 | AC4: 總次數 | AD4: 設備因素(次數)
A5: 新豐6線 | B5: 微波主食 | C5: 二配金咖哩果香甘口咖哩飯 | E5: 50.92 | F5: 2214 | G5: =E5*F5 -> 112736.88 | I5: 15 | J5: 2000 | K5: =J5/I5 -> 133.33333 | L5: 15 | M5: =F5/V5*60 -> 1925.2174 | N5: =M5/L5 -> 128.34783 | O5: =L5-I5 -> 0 | P5: =N5-K5 -> -4.9855072 | Q5: =N5/K5 -> 0.9626087 | R5: =Q7 -> 0.96248856 | S5: 0.70833333 | T5: 0.75625 | V5: =(T5-S5)*24*60 -> 69 | AC5: 2 | AE5: =M5-J5 -> -74.782609 | AF5: =M5/J5 -> 0.9626087 | AG5: =AF7 -> 0.96248856
A6: 新豐6線 | B6: 微波主食 | C6: 二配金咖哩濃厚辛口咖哩飯 | E6: 50.98 | F6: 2438 | G6: =E6*F6 -> 124289.24 | I6: 16 | J6: 2000 | K6: =J6/I6 -> 125 | L6: 16 | M6: =F6/V6*60 -> 1924.7368 | N6: =M6/L6 -> 120.29605 | O6: =L6-I6 -> 0 | P6: =N6-K6 -> -4.7039474 | Q6: =N6/K6 -> 0.96236842 | S6: 0.75972222 | T6: 0.8125 | U6: =IF(S6=TIME(17,0,0),"",(S6-T5)*24*60) -> 5 | V6: =(T6-S6)*24*60 -> 76 | AE6: =M6-J6 -> -75.263158 | AF6: =M6/J6 -> 0.96236842
A7: 新豐6線 | B7: 平均 | I7: 15.5 | J7: 2000 | K7: =J7/I7 -> 129.03226 | L7: 15.5 | M7: =AVERAGE(M5:M6) -> 1924.9771 | N7: =M7/L7 -> 124.19207 | O7: =L7-I7 -> 0 | P7: =N7-K7 -> -4.840186 | Q7: =N7/K7 -> 0.96248856 | Y7: =SUM(Y5:Y6) -> 0 | Z7: =SUM(Z5:Z6) -> 0 | AC7: 2 | AD7: =SUM(AD5:AD6) -> 0 | AE7: =M7-J7 -> -75.022883 | AF7: =M7/J7 -> 0.96248856
A8: 新豐2線 | B8: 沙拉 | C8: 青醬優格雞肉握沙拉(113年) | E8: 39.62 | F8: 3977 | G8: =E8*F8 -> 157568.74 | I8: 19 | J8: 1500 | K8: =J8/I8 -> 78.947368 | L8: 19 | M8: =F8/V8*60 -> 1428.8623 | N8: =M8/L8 -> 75.203278 | O8: =L8-I8 -> 0 | P8: =N8-K8 -> -3.7440908 | Q8: =N8/K8 -> 0.95257485 | R8: =Q11 -> 0.95439109 | S8: 0.083333333 | T8: 0.19930556 | V8: =(T8-S8)*24*60 -> 167 | W8: =T8 -> 0.19930556 | X8: =S9 -> 0.21736111 | AC8: 3 | AE8: =M8-J8 -> -71.137725 | AF8: =M8/J8 -> 0.95257485 | AG8: =AF11 -> 0.95439109
A9: 新豐2線 | B9: 沙拉 | C9: 青檸烤雞握沙拉(113年) | E9: 39.8 | F9: 6049 | G9: =E9*F9 -> 240750.2 | I9: 17 | J9: 1500 | K9: =J9/I9 -> 88.235294 | L9: 17 | M9: =F9/V9*60 -> 1428.8976 | N9: =M9/L9 -> 84.052802 | O9: =L9-I9 -> 0 | P9: =N9-K9 -> -4.1824919 | Q9: =N9/K9 -> 0.95259843 | S9: 0.21736111 | T9: 0.39375 | U9: =IF(S9=TIME(17,0,0),"",(S9-T8)*24*60) -> 26 | V9: =(T9-S9)*24*60 -> 254 | AE9: =M9-J9 -> -71.102362 | AF9: =M9/J9 -> 0.95259843
A10: 新豐2線 | B10: 沙拉 | C10: 厚蛋時蔬握沙拉 | E10: 39.46 | F10: 1916 | G10: =E10*F10 -> 75605.36 | I10: 15 | J10: 1500 | K10: =J10/I10 -> 100 | L10: 15 | M10: =F10/V10*60 -> 1437 | N10: =M10/L10 -> 95.8 | O10: =L10-I10 -> 0 | P10: =N10-K10 -> -4.2 | Q10: =N10/K10 -> 0.958 | S10: 0.39722222 | T10: 0.45277778 | U10: =IF(S10=TIME(17,0,0),"",(S10-T9)*24*60) -> 5 | V10: =(T10-S10)*24*60 -> 80 | AE10: =M10-J10 -> -63 | AF10: =M10/J10 -> 0.958
A11: 新豐2線 | B11: 平均 | I11: 17 | J11: 1500 | K11: =J11/I11 -> 88.235294 | L11: 17 | M11: =AVERAGE(M8:M10) -> 1431.5866 | N11: =M11/L11 -> 84.210979 | O11: =L11-I11 -> 0 | P11: =N11-K11 -> -4.0243154 | Q11: =N11/K11 -> 0.95439109 | Y11: =SUM(Y8:Y10) -> 0 | Z11: =SUM(Z8:Z10) -> 0 | AC11: 3 | AD11: =SUM(AD8:AD10) -> 0 | AE11: =M11-J11 -> -68.413362 | AF11: =M11/J11 -> 0.95439109
A12: 新豐5線 | B12: 季節調理麵 | C12: 台式麻醬涼麵(115年) | E12: 31.11 | F12: 2940 | G12: =E12*F12 -> 91463.4 | I12: 14 | J12: 2000 | K12: =J12/I12 -> 142.85714 | L12: 14 | M12: =F12/V12*60 -> 1917.3913 | N12: =M12/L12 -> 136.95652 | O12: =L12-I12 -> 0 | P12: =N12-K12 -> -5.9006211 | Q12: =N12/K12 -> 0.95869565 | R12: =Q19 -> 0.95865817 | S12: 0.20833333 | T12: 0.27222222 | V12: =(T12-S12)*24*60 -> 92 | AC12: 7 | AE12: =M12-J12 -> -82.608696 | AF12: =M12/J12 -> 0.95869565 | AG12: =AF19 -> 0.95865817
A13: 新豐5線 | B13: 小吃 | C13: 剝皮辣椒雞湯 | E13: 41 | F13: 1251 | G13: =E13*F13 -> 51291 | I13: 26 | J13: 1500 | K13: =J13/I13 -> 57.692308 | L13: 26 | M13: =F13/V13*60 -> 1443.4615 | N13: =M13/L13 -> 55.517751 | O13: =L13-I13 -> 0 | P13: =N13-K13 -> -2.1745562 | Q13: =N13/K13 -> 0.96230769 | S13: 0.27638889 | T13: 0.3125 | U13: =IF(S13=TIME(17,0,0),"",(S13-T12)*24*60) -> 6 | V13: =(T13-S13)*24*60 -> 52 | AE13: =M13-J13 -> -56.538462 | AF13: =M13/J13 -> 0.96230769
A14: 新豐5線 | B14: 季節調理麵 | C14: 嫩烤魚排佐花椰菜義大利麵 | E14: 68.88 | F14: 1967 | G14: =E14*F14 -> 135486.96 | I14: 16 | J14: 2000 | K14: =J14/I14 -> 125 | L14: 16 | M14: =F14/V14*60 -> 1903.5484 | N14: =M14/L14 -> 118.97177 | O14: =L14-I14 -> 0 | P14: =N14-K14 -> -6.0282258 | Q14: =N14/K14 -> 0.95177419 | S14: 0.31666667 | T14: 0.35972222 | U14: =IF(S14=TIME(17,0,0),"",(S14-T13)*24*60) -> 6 | V14: =(T14-S14)*24*60 -> 62 | AE14: =M14-J14 -> -96.451613 | AF14: =M14/J14 -> 0.95177419
A15: 新豐5線 | B15: 沙拉 | C15: 地瓜瓜握沙拉 | E15: 39.52 | F15: 1946 | G15: =E15*F15 -> 76905.92 | I15: 19 | J15: 1500 | K15: =J15/I15 -> 78.947368 | L15: 19 | M15: =F15/V15*60 -> 1441.4815 | N15: =M15/L15 -> 75.867446 | O15: =L15-I15 -> 0 | P15: =N15-K15 -> -3.079922 | Q15: =N15/K15 -> 0.96098765 | S15: 0.36458333 | T15: 0.42083333 | U15: =IF(S15=TIME(17,0,0),"",(S15-T14)*24*60) -> 7 | V15: =(T15-S15)*24*60 -> 81 | AE15: =M15-J15 -> -58.518519 | AF15: =M15/J15 -> 0.96098765
A16: 新豐5線 | B16: 微波主食 | C16: 二配玉米濃湯焗烤飯 | E16: 54.5 | F16: 1135 | G16: =E16*F16 -> 61857.5 | I16: 19 | J16: 1500 | K16: =J16/I16 -> 78.947368 | L16: 19 | M16: =F16/V16*60 -> 1448.9362 | N16: =M16/L16 -> 76.259798 | O16: =L16-I16 -> 0 | P16: =N16-K16 -> -2.68757 | Q16: =N16/K16 -> 0.96595745 | S16: 0.70833333 | T16: 0.74097222 | U16: =IF(S16=TIME(17,0,0),"",(S16-T15)*24*60) | V16: =(T16-S16)*24*60 -> 47 | AE16: =M16-J16 -> -51.06383 | AF16: =M16/J16 -> 0.96595745
A17: 新豐5線 | B17: 微波主食 | C17: 二配港式香滑嫩蛋牛肉燴飯 | E17: 50.67 | F17: 1688 | G17: =E17*F17 -> 85530.96 | I17: 17 | J17: 2000 | K17: =J17/I17 -> 117.64706 | L17: 17 | M17: =F17/V17*60 -> 1910.9434 | N17: =M17/L17 -> 112.40844 | O17: =L17-I17 -> 0 | P17: =N17-K17 -> -5.2386238 | Q17: =N17/K17 -> 0.9554717 | S17: 0.74444444 | T17: 0.78125 | U17: =IF(S17=TIME(17,0,0),"",(S17-T16)*24*60) -> 5 | V17: =(T17-S17)*24*60 -> 53 | AE17: =M17-J17 -> -89.056604 | AF17: =M17/J17 -> 0.9554717
A18: 新豐5線 | B18: 微波主食 | C18: 二配美味蟹煲 | E18: 54.09 | F18: 2269 | G18: =E18*F18 -> 122730.21 | I18: 18 | J18: 2000 | K18: =J18/I18 -> 111.11111 | L18: 18 | M18: =F18/V18*60 -> 1917.4648 | N18: =M18/L18 -> 106.52582 | O18: =L18-I18 -> 0 | P18: =N18-K18 -> -4.5852895 | Q18: =N18/K18 -> 0.95873239 | S18: 0.78472222 | T18: 0.83402778 | U18: =IF(S18=TIME(17,0,0),"",(S18-T17)*24*60) -> 5 | V18: =(T18-S18)*24*60 -> 71 | AE18: =M18-J18 -> -82.535211 | AF18: =M18/J18 -> 0.95873239
A19: 新豐5線 | B19: 平均 | I19: 18.428571 | J19: 1785.7143 | K19: =J19/I19 -> 96.899225 | L19: 18.428571 | M19: =AVERAGE(M12:M18) -> 1711.8896 | N19: =M19/L19 -> 92.893233 | O19: =L19-I19 -> 0 | P19: =N19-K19 -> -4.0059917 | Q19: =N19/K19 -> 0.95865817 | Y19: =SUM(Y12:Y18) -> 0 | Z19: =SUM(Z12:Z18) -> 0 | AC19: 7 | AD19: =SUM(AD12:AD18) -> 0 | AE19: =M19-J19 -> -73.824705 | AF19: =M19/J19 -> 0.95865817
A20: 新豐7線 | B20: 微波主食 | C20: 韓式泡菜豬肉豆腐丼飯 | E20: 50.67 | F20: 1262 | G20: =E20*F20 -> 63945.54 | I20: 17 | J20: 2000 | K20: =J20/I20 -> 117.64706 | L20: 17 | M20: =F20/V20*60 -> 1941.5385 | N20: =M20/L20 -> 114.20814 | O20: =L20-I20 -> 0 | P20: =N20-K20 -> -3.438914 | Q20: =N20/K20 -> 0.97076923 | R20: =Q27 -> 0.96569852 | S20: 0.20833333 | T20: 0.23541667 | V20: =(T20-S20)*24*60 -> 39 | AC20: 7 | AE20: =M20-J20 -> -58.461538 | AF20: =M20/J20 -> 0.97076923 | AG20: =AF27 -> 0.96569852
A21: 新豐7線 | B21: 微波主食 | C21: 鐵板滑蛋炸豬排丼 | E21: 57.73 | F21: 2253 | G21: =E21*F21 -> 130065.69 | I21: 14 | J21: 2000 | K21: =J21/I21 -> 142.85714 | L21: 14 | M21: =F21/V21*60 -> 1903.9437 | N21: =M21/L21 -> 135.99598 | O21: =L21-I21 -> 0 | P21: =N21-K21 -> -6.861167 | Q21: =N21/K21 -> 0.95197183 | S21: 0.24097222 | T21: 0.29027778 | U21: =IF(S21=TIME(17,0,0),"",(S21-T20)*24*60) -> 8 | V21: =(T21-S21)*24*60 -> 71 | AE21: =M21-J21 -> -96.056338 | AF21: =M21/J21 -> 0.95197183
A22: 新豐7線 | B22: 微波主食 | C22: 日式炙烤親子丼 | E22: 53.27 | F22: 1032 | G22: =E22*F22 -> 54974.64 | I22: 16 | J22: 2000 | K22: =J22/I22 -> 125 | L22: 16 | M22: =F22/V22*60 -> 1935 | N22: =M22/L22 -> 120.9375 | O22: =L22-I22 -> 0 | P22: =N22-K22 -> -4.0625 | Q22: =N22/K22 -> 0.9675 | S22: 0.29513889 | T22: 0.31736111 | U22: =IF(S22=TIME(17,0,0),"",(S22-T21)*24*60) -> 7 | V22: =(T22-S22)*24*60 -> 32 | AE22: =M22-J22 -> -65 | AF22: =M22/J22 -> 0.9675
A23: 新豐7線 | B23: 微波主食 | C23: 爆炒雞丁飯 | E23: 59.04 | F23: 910 | G23: =E23*F23 -> 53726.4 | I23: 19 | J23: 2000 | K23: =J23/I23 -> 105.26316 | L23: 19 | M23: =F23/V23*60 -> 1950 | N23: =M23/L23 -> 102.63158 | O23: =L23-I23 -> 0 | P23: =N23-K23 -> -2.6315789 | Q23: =N23/K23 -> 0.975 | S23: 0.32222222 | T23: 0.34166667 | U23: =IF(S23=TIME(17,0,0),"",(S23-T22)*24*60) -> 7 | V23: =(T23-S23)*24*60 -> 28 | AE23: =M23-J23 -> -50 | AF23: =M23/J23 -> 0.975
A24: 新豐7線 | B24: 微波主食 | C24: 二配打拋風味豬肉飯 | E24: 51.06 | F24: 2871 | G24: =E24*F24 -> 146593.26 | I24: 13 | J24: 2000 | K24: =J24/I24 -> 153.84615 | L24: 13 | M24: =F24/V24*60 -> 1914 | N24: =M24/L24 -> 147.23077 | O24: =L24-I24 -> 0 | P24: =N24-K24 -> -6.6153846 | Q24: =N24/K24 -> 0.957 | S24: 0.70833333 | T24: 0.77083333 | U24: =IF(S24=TIME(17,0,0),"",(S24-T23)*24*60) | V24: =(T24-S24)*24*60 -> 90 | AE24: =M24-J24 -> -86 | AF24: =M24/J24 -> 0.957
A25: 新豐7線 | B25: 微波主食 | C25: 二配泰式綠咖哩雞 | E25: 50.67 | F25: 1231 | G25: =E25*F25 -> 62374.77 | I25: 15 | J25: 2000 | K25: =J25/I25 -> 133.33333 | L25: 15 | M25: =F25/V25*60 -> 1943.6842 | N25: =M25/L25 -> 129.57895 | O25: =L25-I25 -> 0 | P25: =N25-K25 -> -3.754386 | Q25: =N25/K25 -> 0.97184211 | S25: 0.77430556 | T25: 0.80069444 | U25: =IF(S25=TIME(17,0,0),"",(S25-T24)*24*60) -> 5 | V25: =(T25-S25)*24*60 -> 38 | AE25: =M25-J25 -> -56.315789 | AF25: =M25/J25 -> 0.97184211
A26: 新豐7線 | B26: 微波主食 | C26: 二配川味麻婆燒豆腐燴飯 | E26: 50.49 | F26: 1996 | G26: =E26*F26 -> 100778.04 | I26: 15 | J26: 2000 | K26: =J26/I26 -> 133.33333 | L26: 15 | M26: =F26/V26*60 -> 1931.6129 | N26: =M26/L26 -> 128.77419 | O26: =L26-I26 -> 0 | P26: =N26-K26 -> -4.5591398 | Q26: =N26/K26 -> 0.96580645 | S26: 0.80416667 | T26: 0.84722222 | U26: =IF(S26=TIME(17,0,0),"",(S26-T25)*24*60) -> 5 | V26: =(T26-S26)*24*60 -> 62 | AE26: =M26-J26 -> -68.387097 | AF26: =M26/J26 -> 0.96580645
A27: 新豐7線 | B27: 平均 | I27: 15.571429 | J27: 2000 | K27: =J27/I27 -> 128.44037 | L27: 15.571429 | M27: =AVERAGE(M20:M26) -> 1931.397 | N27: =M27/L27 -> 124.03467 | O27: =L27-I27 -> 0 | P27: =N27-K27 -> -4.4056951 | Q27: =N27/K27 -> 0.96569852 | Y27: =SUM(Y20:Y26) -> 0 | Z27: =SUM(Z20:Z26) -> 0 | AC27: 7 | AD27: =SUM(AD20:AD26) -> 0 | AE27: =M27-J27 -> -68.602966 | AF27: =M27/J27 -> 0.96569852
A28: 新豐8線 | B28: 三明治 | C28: 紐奧良風味烤雞鮮蔬三明治 | E28: 31.29 | F28: 4500 | G28: =E28*F28 -> 140805 | H28: 2 | I28: 18 | J28: 2400 | K28: =J28/I28 -> 133.33333 | L28: 18 | M28: =F28/V28*60 -> 2288.1356 | N28: =M28/L28 -> 127.11864 | O28: =L28-I28 -> 0 | P28: =N28-K28 -> -6.2146893 | Q28: =N28/K28 -> 0.95338983 | R28: =Q34 -> 0.95491144 | S28: 0.083333333 | T28: 0.16527778 | V28: =(T28-S28)*24*60 -> 118 | W28: =T28 -> 0.16527778 | X28: =S29 -> 0.18333333 | AC28: 6 | AE28: =M28-J28 -> -111.86441 | AF28: =M28/J28 -> 0.95338983 | AG28: =AF34 -> 0.95491144
A29: 新豐8線 | B29: 三明治 | C29: 醬燒烤雞三明治(115年) | E29: 26.37 | F29: 5374 | G29: =E29*F29 -> 141712.38 | I29: 18 | J29: 2400 | K29: =J29/I29 -> 133.33333 | L29: 18 | M29: =F29/V29*60 -> 2286.8085 | N29: =M29/L29 -> 127.04492 | O29: =L29-I29 -> 0 | P29: =N29-K29 -> -6.2884161 | Q29: =N29/K29 -> 0.95283688 | S29: 0.18333333 | T29: 0.28125 | U29: =(S29-T28)*24*60 -> 26 | V29: =(T29-S29)*24*60 -> 141 | AE29: =M29-J29 -> -113.19149 | AF29: =M29/J29 -> 0.95283688
A30: 新豐8線 | B30: 三明治 | C30: 經典火腿玉米蛋三明治 | E30: 24.43 | F30: 3400 | G30: =E30*F30 -> 83062 | H30: 2 | I30: 14 | J30: 2400 | K30: =J30/I30 -> 171.42857 | L30: 14 | M30: =F30/V30*60 -> 2292.1348 | N30: =M30/L30 -> 163.72392 | O30: =L30-I30 -> 0 | P30: =N30-K30 -> -7.7046549 | Q30: =N30/K30 -> 0.95505618 | S30: 0.28611111 | T30: 0.34791667 | U30: =(S30-T29)*24*60 -> 7 | V30: =(T30-S30)*24*60 -> 89 | AE30: =M30-J30 -> -107.86517 | AF30: =M30/J30 -> 0.95505618
A31: 新豐8線 | B31: 三明治 | C31: 好多蛋三明治 | E31: 34.1 | F31: 5392 | G31: =E31*F31 -> 183867.2 | I31: 17 | J31: 1600 | K31: =J31/I31 -> 94.117647 | L31: 17 | M31: =F31/V31*60 -> 1526.0377 | N31: =M31/L31 -> 89.766926 | O31: =L31-I31 -> 0 | P31: =N31-K31 -> -4.3507214 | Q31: =N31/K31 -> 0.95377358 | S31: 0.35138889 | T31: 0.49861111 | U31: =(S31-T30)*24*60 -> 5 | V31: =(T31-S31)*24*60 -> 212 | W31: =T31 -> 0.49861111 | X31: =S32 -> 0.5375 | AE31: =M31-J31 -> -73.962264 | AF31: =M31/J31 -> 0.95377358
A32: 新豐8線 | B32: 三明治 | C32: 紐奧良風味烤雞鮮蔬三明治 | E32: 31.29 | F32: 3390 | G32: =E32*F32 -> 106073.1 | I32: 18 | J32: 2400 | K32: =J32/I32 -> 133.33333 | L32: 18 | M32: =F32/V32*60 -> 2285.3933 | N32: =M32/L32 -> 126.96629 | O32: =L32-I32 -> 0 | P32: =N32-K32 -> -6.3670412 | Q32: =N32/K32 -> 0.95224719 | S32: 0.5375 | T32: 0.59930556 | U32: =(S32-T31)*24*60 -> 56 | V32: =(T32-S32)*24*60 -> 89 | AE32: =M32-J32 -> -114.60674 | AF32: =M32/J32 -> 0.95224719
A33: 新豐8線 | B33: 三明治 | C33: 經典火腿玉米蛋三明治 | E33: 24.43 | F33: 2693 | G33: =E33*F33 -> 65789.99 | I33: 14 | J33: 2400 | K33: =J33/I33 -> 171.42857 | L33: 14 | M33: =F33/V33*60 -> 2308.2857 | N33: =M33/L33 -> 164.87755 | O33: =L33-I33 -> 0 | P33: =N33-K33 -> -6.5510204 | Q33: =N33/K33 -> 0.96178571 | S33: 0.60347222 | T33: 0.65208333 | U33: =(S33-T32)*24*60 -> 6 | V33: =(T33-S33)*24*60 -> 70 | AE33: =M33-J33 -> -91.714286 | AF33: =M33/J33 -> 0.96178571
A34: 新豐8線 | B34: 平均 | I34: 16.5 | J34: 2266.6667 | K34: =J34/I34 -> 137.37374 | L34: 16.5 | M34: =AVERAGE(M28:M33) -> 2164.4659 | N34: =M34/L34 -> 131.17975 | O34: =L34-I34 -> 0 | P34: =N34-K34 -> -6.1939834 | Q34: =N34/K34 -> 0.95491144 | Y34: =SUM(Y28:Y33) -> 0 | Z34: =SUM(Z28:Z33) -> 0 | AC34: 6 | AD34: =SUM(AD28:AD33) -> 0 | AE34: =M34-J34 -> -102.20073 | AF34: =M34/J34 -> 0.95491144
A35: 新豐9線 | B35: 三明治 | C35: 經典總匯三明治(115年) | E35: 26.18 | F35: 4945 | G35: =E35*F35 -> 129460.1 | I35: 20 | J35: 2400 | K35: =J35/I35 -> 120 | L35: 20 | M35: =F35/V35*60 -> 2300 | N35: =M35/L35 -> 115 | O35: =L35-I35 -> 0 | P35: =N35-K35 -> -5 | Q35: =N35/K35 -> 0.95833333 | R35: =Q41 -> 0.95812051 | S35: 0.083333333 | T35: 0.17291667 | V35: =(T35-S35)*24*60 -> 129 | W35: =T35 -> 0.17291667 | X35: =S36 -> 0.19305556 | AC35: 6 | AE35: =M35-J35 -> -100 | AF35: =M35/J35 -> 0.95833333 | AG35: =AF41 -> 0.95812051
A36: 新豐9線 | B36: 三明治 | C36: 雙泰奶QQ三明治 | E36: 23.89 | F36: 1018 | G36: =E36*F36 -> 24320.02 | I36: 13 | J36: 2400 | K36: =J36/I36 -> 184.61538 | L36: 13 | M36: =F36/V36*60 -> 2349.2308 | N36: =M36/L36 -> 180.71006 | O36: =L36-I36 -> 0 | P36: =N36-K36 -> -3.9053254 | Q36: =N36/K36 -> 0.97884615 | S36: 0.19305556 | T36: 0.21111111 | U36: =(S36-T35)*24*60 -> 29 | V36: =(T36-S36)*24*60 -> 26 | AE36: =M36-J36 -> -50.769231 | AF36: =M36/J36 -> 0.97884615
A37: 新豐9線 | B37: 三明治 | C37: 鮪魚起司溏心蛋三明治(115年) | E37: 26.18 | F37: 7240 | G37: =E37*F37 -> 189543.2 | I37: 18 | J37: 2400 | K37: =J37/I37 -> 133.33333 | L37: 18 | M37: =F37/V37*60 -> 2286.3158 | N37: =M37/L37 -> 127.01754 | O37: =L37-I37 -> 0 | P37: =N37-K37 -> -6.3157895 | Q37: =N37/K37 -> 0.95263158 | S37: 0.21458333 | T37: 0.34652778 | U37: =(S37-T36)*24*60 -> 5 | V37: =(T37-S37)*24*60 -> 190 | AE37: =M37-J37 -> -113.68421 | AF37: =M37/J37 -> 0.95263158
A38: 新豐9線 | B38: 三明治 | C38: 雞蛋沙拉三明治(114年) | E38: 25.99 | F38: 3088 | G38: =E38*F38 -> 80257.12 | I38: 14 | J38: 2400 | K38: =J38/I38 -> 171.42857 | L38: 14 | M38: =F38/V38*60 -> 2287.4074 | N38: =M38/L38 -> 163.38624 | O38: =L38-I38 -> 0 | P38: =N38-K38 -> -8.042328 | Q38: =N38/K38 -> 0.95308642 | S38: 0.35208333 | T38: 0.40833333 | U38: =(S38-T37)*24*60 -> 8 | V38: =(T38-S38)*24*60 -> 81 | AE38: =M38-J38 -> -112.59259 | AF38: =M38/J38 -> 0.95308642
A39: 新豐9線 | B39: 三明治 | C39: 起司芋見肉鬆三明治 | E39: 25.98 | F39: 1638 | G39: =E39*F39 -> 42555.24 | I39: 17 | J39: 2400 | K39: =J39/I39 -> 141.17647 | L39: 17 | M39: =F39/V39*60 -> 2285.5814 | N39: =M39/L39 -> 134.44596 | O39: =L39-I39 -> 0 | P39: =N39-K39 -> -6.7305062 | Q39: =N39/K39 -> 0.95232558 | S39: 0.4125 | T39: 0.44236111 | U39: =(S39-T38)*24*60 -> 6 | V39: =(T39-S39)*24*60 -> 43 | AE39: =M39-J39 -> -114.4186 | AF39: =M39/J39 -> 0.95232558
A40: 新豐9線 | B40: 三明治 | C40: 金黃玉米蛋三明治 | E40: 24.25 | F40: 1907 | G40: =E40*F40 -> 46244.75 | I40: 16 | J40: 2400 | K40: =J40/I40 -> 150 | L40: 16 | M40: =F40/V40*60 -> 2288.4 | N40: =M40/L40 -> 143.025 | O40: =L40-I40 -> 0 | P40: =N40-K40 -> -6.975 | Q40: =N40/K40 -> 0.9535 | S40: 0.44722222 | T40: 0.48194444 | U40: =(S40-T39)*24*60 -> 7 | V40: =(T40-S40)*24*60 -> 50 | AE40: =M40-J40 -> -111.6 | AF40: =M40/J40 -> 0.9535
A41: 新豐9線 | B41: 平均 | I41: 16.333333 | J41: 2400 | K41: =J41/I41 -> 146.93878 | L41: 16.333333 | M41: =AVERAGE(M35:M40) -> 2299.4892 | N41: =M41/L41 -> 140.78505 | O41: =L41-I41 -> 0 | P41: =N41-K41 -> -6.1537208 | Q41: =N41/K41 -> 0.95812051 | Y41: =SUM(Y35:Y40) -> 0 | Z41: =SUM(Z35:Z40) -> 0 | AC41: 6 | AD41: =SUM(AD35:AD40) -> 0 | AE41: =M41-J41 -> -100.51077 | AF41: =M41/J41 -> 0.95812051
A42: 新豐3線 | B42: 調理麵包 | C42: 豬肉起司堡 | E42: 21.13 | F42: 4864 | G42: =E42*F42 -> 102776.32 | I42: 10 | J42: 3000 | K42: =J42/I42 -> 300 | L42: 10 | M42: =F42/V42*60 -> 2861.1765 | N42: =M42/L42 -> 286.11765 | O42: =L42-I42 -> 0 | P42: =N42-K42 -> -13.882353 | Q42: =N42/K42 -> 0.95372549 | R42: =Q45 -> 0.95315333 | S42: 0.20833333 | T42: 0.27916667 | V42: =(T42-S42)*24*60 -> 102 | AC42: 3 | AE42: =M42-J42 -> -138.82353 | AF42: =M42/J42 -> 0.95372549 | AG42: =AF45 -> 0.95315333
A43: 新豐3線 | B43: 調理麵包 | C43: 豬肉起司蛋堡 | E43: 27.17 | F43: 5037 | G43: =E43*F43 -> 136855.29 | I43: 10 | J43: 3000 | K43: =J43/I43 -> 300 | L43: 10 | M43: =F43/V43*60 -> 2851.1321 | N43: =M43/L43 -> 285.11321 | O43: =L43-I43 -> 0 | P43: =N43-K43 -> -14.886792 | Q43: =N43/K43 -> 0.95037736 | S43: 0.28472222 | T43: 0.35833333 | U43: =(S43-T42)*24*60 -> 8 | V43: =(T43-S43)*24*60 -> 106 | AE43: =M43-J43 -> -148.86792 | AF43: =M43/J43 -> 0.95037736
A44: 新豐3線 | B44: 調理麵包 | C44: 超HOT雞腿堡 | E44: 35.87 | F44: 2675 | G44: =E44*F44 -> 95952.25 | I44: 10 | J44: 3000 | K44: =J44/I44 -> 300 | L44: 10 | M44: =F44/V44*60 -> 2866.0714 | N44: =M44/L44 -> 286.60714 | O44: =L44-I44 -> 0 | P44: =N44-K44 -> -13.392857 | Q44: =N44/K44 -> 0.95535714 | S44: 0.36319444 | T44: 0.40208333 | U44: =(S44-T43)*24*60 -> 7 | V44: =(T44-S44)*24*60 -> 56 | AE44: =M44-J44 -> -133.92857 | AF44: =M44/J44 -> 0.95535714
A45: 新豐3線 | B45: 平均 | I45: 10 | J45: 3000 | K45: =J45/I45 -> 300 | L45: 10 | M45: =AVERAGE(M42:M44) -> 2859.46 | N45: =M45/L45 -> 285.946 | O45: =L45-I45 -> 0 | P45: =N45-K45 -> -14.054001 | Q45: =N45/K45 -> 0.95315333 | Y45: =SUM(Y42:Y44) -> 0 | Z45: =SUM(Z42:Z44) -> 0 | AC45: 3 | AD45: =SUM(AD42:AD44) -> 0 | AE45: =M45-J45 -> -140.54001 | AF45: =M45/J45 -> 0.95315333
A46: 新豐1線 | B46: 微波主食 | C46: 炙烤醬香燒豚飯 | E46: 51.44 | F46: 1130 | G46: =E46*F46 -> 58127.2 | I46: 25 | J46: 2000 | K46: =J46/I46 -> 80 | L46: 25 | M46: =F46/V46*60 -> 1937.1429 | N46: =M46/L46 -> 77.485714 | O46: =L46-I46 -> 0 | P46: =N46-K46 -> -2.5142857 | Q46: =N46/K46 -> 0.96857143 | R46: =Q54 -> 0.96359178 | S46: 0.20833333 | T46: 0.23263889 | V46: =(T46-S46)*24*60 -> 35 | AC46: 8 | AE46: =M46-J46 -> -62.857143 | AF46: =M46/J46 -> 0.96857143 | AG46: =AF54 -> 0.96359178
A47: 新豐1線 | B47: 微波主食 | C47: 金沙醬牛豚雙饗飯 | E47: 56.43 | F47: 2963 | G47: =E47*F47 -> 167202.09 | I47: 23 | J47: 2000 | K47: =J47/I47 -> 86.956522 | L47: 23 | M47: =F47/V47*60 -> 1911.6129 | N47: =M47/L47 -> 83.113604 | O47: =L47-I47 -> 0 | P47: =N47-K47 -> -3.8429173 | Q47: =N47/K47 -> 0.95580645 | S47: 0.23680556 | T47: 0.30138889 | U47: =IF(S47=TIME(17,0,0),"",(S47-T46)*24*60) -> 6 | V47: =(T47-S47)*24*60 -> 93 | AE47: =M47-J47 -> -88.387097 | AF47: =M47/J47 -> 0.95580645
A48: 新豐1線 | B48: 微波主食 | C48: 柚見極炙烤牛 | E48: 56.43 | F48: 1734 | G48: =E48*F48 -> 97849.62 | I48: 25 | J48: 2000 | K48: =J48/I48 -> 80 | L48: 25 | M48: =F48/V48*60 -> 1926.6667 | N48: =M48/L48 -> 77.066667 | O48: =L48-I48 -> 0 | P48: =N48-K48 -> -2.9333333 | Q48: =N48/K48 -> 0.96333333 | S48: 0.30555556 | T48: 0.34305556 | U48: =IF(S48=TIME(17,0,0),"",(S48-T47)*24*60) -> 6 | V48: =(T48-S48)*24*60 -> 54 | AE48: =M48-J48 -> -73.333333 | AF48: =M48/J48 -> 0.96333333
A49: 新豐1線 | B49: 沙拉 | C49: 蔥鹽雞肉麵沙拉(114年) | E49: 46 | F49: 918 | G49: =E49*F49 -> 42228 | I49: 16 | J49: 2000 | K49: =J49/I49 -> 125 | L49: 16 | M49: =F49/V49*60 -> 1967.1429 | N49: =M49/L49 -> 122.94643 | O49: =L49-I49 -> 0 | P49: =N49-K49 -> -2.0535714 | Q49: =N49/K49 -> 0.98357143 | S49: 0.34861111 | T49: 0.36805556 | U49: =IF(S49=TIME(17,0,0),"",(S49-T48)*24*60) -> 8 | V49: =(T49-S49)*24*60 -> 28 | AE49: =M49-J49 -> -32.857143 | AF49: =M49/J49 -> 0.98357143
A50: 新豐1線 | B50: 沙拉 | C50: 莎莎烤雞麵沙拉(115年) | E50: 46 | F50: 1117 | G50: =E50*F50 -> 51382 | I50: 17 | J50: 2000 | K50: =J50/I50 -> 117.64706 | L50: 17 | M50: =F50/V50*60 -> 1914.8571 | N50: =M50/L50 -> 112.63866 | O50: =L50-I50 -> 0 | P50: =N50-K50 -> -5.0084034 | Q50: =N50/K50 -> 0.95742857 | S50: 0.37222222 | T50: 0.39652778 | U50: =IF(S50=TIME(17,0,0),"",(S50-T49)*24*60) -> 6 | V50: =(T50-S50)*24*60 -> 35 | AE50: =M50-J50 -> -85.142857 | AF50: =M50/J50 -> 0.95742857
A51: 新豐1線 | B51: 微波主食 | C51: 二配香辣醬蒜味香腸蛋炒飯 | E51: 55.56 | F51: 2445 | G51: =E51*F51 -> 135844.2 | I51: 17 | J51: 2000 | K51: =J51/I51 -> 117.64706 | L51: 17 | M51: =F51/V51*60 -> 1905.1948 | N51: =M51/L51 -> 112.07028 | O51: =L51-I51 -> 0 | P51: =N51-K51 -> -5.5767762 | Q51: =N51/K51 -> 0.9525974 | S51: 0.70833333 | T51: 0.76180556 | U51: =IF(S51=TIME(17,0,0),"",(S51-T50)*24*60) | V51: =(T51-S51)*24*60 -> 77 | AE51: =M51-J51 -> -94.805195 | AF51: =M51/J51 -> 0.9525974
A52: 新豐1線 | B52: 微波主食 | C52: 二配排骨蛋炒飯 | E52: 58.17 | F52: 2216 | G52: =E52*F52 -> 128904.72 | I52: 13 | J52: 2000 | K52: =J52/I52 -> 153.84615 | L52: 13 | M52: =F52/V52*60 -> 1926.9565 | N52: =M52/L52 -> 148.22742 | O52: =L52-I52 -> 0 | P52: =N52-K52 -> -5.6187291 | Q52: =N52/K52 -> 0.96347826 | S52: 0.76527778 | T52: 0.81319444 | U52: =IF(S52=TIME(17,0,0),"",(S52-T51)*24*60) -> 5 | V52: =(T52-S52)*24*60 -> 69 | AE52: =M52-J52 -> -73.043478 | AF52: =M52/J52 -> 0.96347826
A53: 新豐1線 | B53: 微波主食 | C53: 二配厚香料優格咖哩雞排飯 | E53: 56.43 | F53: 1221 | G53: =E53*F53 -> 68901.03 | I53: 13 | J53: 2000 | K53: =J53/I53 -> 153.84615 | L53: 13 | M53: =F53/V53*60 -> 1927.8947 | N53: =M53/L53 -> 148.2996 | O53: =L53-I53 -> 0 | P53: =N53-K53 -> -5.5465587 | Q53: =N53/K53 -> 0.96394737 | S53: 0.81666667 | T53: 0.84305556 | U53: =IF(S53=TIME(17,0,0),"",(S53-T52)*24*60) -> 5 | V53: =(T53-S53)*24*60 -> 38 | AE53: =M53-J53 -> -72.105263 | AF53: =M53/J53 -> 0.96394737
A54: 新豐1線 | B54: 平均 | I54: 18.625 | J54: 2000 | K54: =J54/I54 -> 107.38255 | L54: 18.625 | M54: =AVERAGE(M46:M53) -> 1927.1836 | N54: =M54/L54 -> 103.47294 | O54: =L54-I54 -> 0 | P54: =N54-K54 -> -3.9096074 | Q54: =N54/K54 -> 0.96359178 | Y54: =SUM(Y46:Y53) -> 0 | Z54: =SUM(Z46:Z53) -> 0 | AC54: 8 | AD54: =SUM(AD46:AD53) -> 0 | AE54: =M54-J54 -> -72.816439 | AF54: =M54/J54 -> 0.96359178
A55: 新豐10線 | B55: 調理麵包 | C55: 經典雙牛起司堡(113年) | E55: 35.12 | F55: 4799 | G55: =E55*F55 -> 168540.88 | I55: 10 | J55: 3000 | K55: =J55/I55 -> 300 | L55: 10 | M55: =F55/V55*60 -> 2850.8911 | N55: =M55/L55 -> 285.08911 | O55: =L55-I55 -> 0 | P55: =N55-K55 -> -14.910891 | Q55: =N55/K55 -> 0.95029703 | R55: =Q60 -> 0.95671623 | S55: 0.20833333 | T55: 0.27847222 | V55: =(T55-S55)*24*60 -> 101 | AC55: 5 | AE55: =M55-J55 -> -149.10891 | AF55: =M55/J55 -> 0.95029703 | AG55: =AF60 -> 0.95671623
A56: 新豐10線 | B56: 調理麵包 | C56: 香雞蛋堡(112年) | E56: 26.78 | F56: 1970 | G56: =E56*F56 -> 52756.6 | I56: 10 | J56: 3000 | K56: =J56/I56 -> 300 | L56: 10 | M56: =F56/V56*60 -> 2882.9268 | N56: =M56/L56 -> 288.29268 | O56: =L56-I56 -> 0 | P56: =N56-K56 -> -11.707317 | Q56: =N56/K56 -> 0.96097561 | S56: 0.28194444 | T56: 0.31041667 | U56: =(S56-T55)*24*60 -> 5 | V56: =(T56-S56)*24*60 -> 41 | AE56: =M56-J56 -> -117.07317 | AF56: =M56/J56 -> 0.96097561
A57: 新豐10線 | B57: 調理麵包 | C57: 元氣起司鱈魚堡 | E57: 36.14 | F57: 668 | G57: =E57*F57 -> 24141.52 | I57: 11 | J57: 3000 | K57: =J57/I57 -> 272.72727 | L57: 11 | M57: =F57/V57*60 -> 2862.8571 | N57: =M57/L57 -> 260.25974 | O57: =L57-I57 -> 0 | P57: =N57-K57 -> -12.467532 | Q57: =N57/K57 -> 0.95428571 | S57: 0.31527778 | T57: 0.325 | U57: =(S57-T56)*24*60 -> 7 | V57: =(T57-S57)*24*60 -> 14 | AE57: =M57-J57 -> -137.14286 | AF57: =M57/J57 -> 0.95428571
A58: 新豐10線 | B58: 調理麵包 | C58: 美式雞腿堡 | E58: 35.87 | F58: 1102 | G58: =E58*F58 -> 39528.74 | I58: 9 | J58: 3000 | K58: =J58/I58 -> 333.33333 | L58: 9 | M58: =F58/V58*60 -> 2874.7826 | N58: =M58/L58 -> 319.42029 | O58: =L58-I58 -> 0 | P58: =N58-K58 -> -13.913043 | Q58: =N58/K58 -> 0.95826087 | S58: 0.32986111 | T58: 0.34583333 | U58: =(S58-T57)*24*60 -> 7 | V58: =(T58-S58)*24*60 -> 23 | AE58: =M58-J58 -> -125.21739 | AF58: =M58/J58 -> 0.95826087
A59: 新豐10線 | B59: 調理麵包 | C59: 益活雞力能量堡 | E59: 33.77 | F59: 4031 | G59: =E59*F59 -> 136126.87 | I59: 12 | J59: 3000 | K59: =J59/I59 -> 250 | L59: 12 | M59: =F59/V59*60 -> 2879.2857 | N59: =M59/L59 -> 239.94048 | O59: =L59-I59 -> 0 | P59: =N59-K59 -> -10.059524 | Q59: =N59/K59 -> 0.9597619 | S59: 0.35138889 | T59: 0.40972222 | U59: =(S59-T58)*24*60 -> 8 | V59: =(T59-S59)*24*60 -> 84 | AE59: =M59-J59 -> -120.71429 | AF59: =M59/J59 -> 0.9597619
A60: 新豐10線 | B60: 平均 | I60: 10.4 | J60: 3000 | K60: =J60/I60 -> 288.46154 | L60: 10.4 | M60: =AVERAGE(M55:M59) -> 2870.1487 | N60: =M60/L60 -> 275.97583 | O60: =L60-I60 -> 0 | P60: =N60-K60 -> -12.485704 | Q60: =N60/K60 -> 0.95671623 | Y60: =SUM(Y55:Y59) -> 0 | Z60: =SUM(Z55:Z59) -> 0 | AC60: 5 | AD60: =SUM(AD55:AD59) -> 0 | AE60: =M60-J60 -> -129.85132 | AF60: =M60/J60 -> 0.95671623
A61: 新豐4線 | B61: 三明治 | C61: 火腿起司蛋三明治 | E61: 19.02 | F61: 8996 | G61: =E61*F61 -> 171103.92 | I61: 14 | J61: 2400 | K61: =J61/I61 -> 171.42857 | L61: 14 | M61: =F61/V61*60 -> 2287.1186 | N61: =M61/L61 -> 163.36562 | O61: =L61-I61 -> 0 | P61: =N61-K61 -> -8.062954 | Q61: =N61/K61 -> 0.9529661 | R61: =Q66 -> 0.95504407 | S61: 0.083333333 | T61: 0.24722222 | V61: =(T61-S61)*24*60 -> 236 | W61: =T61 -> 0.24722222 | X61: =S62 -> 0.26527778 | AC61: 5 | AE61: =M61-J61 -> -112.88136 | AF61: =M61/J61 -> 0.9529661 | AG61: =AF66 -> 0.95504407
A62: 新豐4線 | B62: 三明治 | C62: 肉鬆火腿三明治(115年) | E62: 20.36 | F62: 3221 | G62: =E62*F62 -> 65579.56 | I62: 17 | J62: 2400 | K62: =J62/I62 -> 141.17647 | L62: 17 | M62: =F62/V62*60 -> 2300.7143 | N62: =M62/L62 -> 135.33613 | O62: =L62-I62 -> 0 | P62: =N62-K62 -> -5.8403361 | Q62: =N62/K62 -> 0.95863095 | S62: 0.26527778 | T62: 0.32361111 | U62: =(S62-T61)*24*60 -> 26 | V62: =(T62-S62)*24*60 -> 84 | AE62: =M62-J62 -> -99.285714 | AF62: =M62/J62 -> 0.95863095
A63: 新豐4線 | B63: 三明治 | C63: 水果聖代三明治 | E63: 28.29 | F63: 2746 | G63: =E63*F63 -> 77684.34 | I63: 19 | J63: 2400 | K63: =J63/I63 -> 126.31579 | L63: 19 | M63: =F63/V63*60 -> 2288.3333 | N63: =M63/L63 -> 120.4386 | O63: =L63-I63 -> 0 | P63: =N63-K63 -> -5.877193 | Q63: =N63/K63 -> 0.95347222 | S63: 0.32777778 | T63: 0.37777778 | U63: =(S63-T62)*24*60 -> 6 | V63: =(T63-S63)*24*60 -> 72 | AE63: =M63-J63 -> -111.66667 | AF63: =M63/J63 -> 0.95347222
A64: 新豐4線 | B64: 三明治 | C64: 好多菜三明治 | E64: 25.98 | F64: 4496 | G64: =E64*F64 -> 116806.08 | I64: 19 | J64: 2400 | K64: =J64/I64 -> 126.31579 | L64: 19 | M64: =F64/V64*60 -> 2286.1017 | N64: =M64/L64 -> 120.32114 | O64: =L64-I64 -> 0 | P64: =N64-K64 -> -5.9946476 | Q64: =N64/K64 -> 0.95254237 | S64: 0.38333333 | T64: 0.46527778 | U64: =(S64-T63)*24*60 -> 8 | V64: =(T64-S64)*24*60 -> 118 | AE64: =M64-J64 -> -113.89831 | AF64: =M64/J64 -> 0.95254237
A65: 新豐4線 | B65: 三明治 | C65: 茄汁厚起司三明治 | E65: 25.99 | F65: 881 | G65: =E65*F65 -> 22897.19 | I65: 18 | J65: 2400 | K65: =J65/I65 -> 133.33333 | L65: 18 | M65: =F65/V65*60 -> 2298.2609 | N65: =M65/L65 -> 127.68116 | O65: =L65-I65 -> 0 | P65: =N65-K65 -> -5.6521739 | Q65: =N65/K65 -> 0.9576087 | S65: 0.47013889 | T65: 0.48611111 | U65: =(S65-T64)*24*60 -> 7 | V65: =(T65-S65)*24*60 -> 23 | AE65: =M65-J65 -> -101.73913 | AF65: =M65/J65 -> 0.9576087
A66: 新豐4線 | B66: 平均 | I66: 17.4 | J66: 2400 | K66: =J66/I66 -> 137.93103 | L66: 17.4 | M66: =AVERAGE(M61:M65) -> 2292.1058 | N66: =M66/L66 -> 131.73022 | O66: =L66-I66 -> 0 | P66: =N66-K66 -> -6.2008181 | Q66: =N66/K66 -> 0.95504407 | Y66: =SUM(Y61:Y65) -> 0 | Z66: =SUM(Z61:Z65) -> 0 | AC66: 5 | AD66: =SUM(AD61:AD65) -> 0 | AE66: =M66-J66 -> -107.89423 | AF66: =M66/J66 -> 0.95504407

Sheet 0828
B1: 屏榮 新豐廠組合室生產人時性分析
B3: 日期 | C3: =TEXT('0828 4度C'!A2,"yyyy.mm.ddaaaa") -> 2026.08.28星期五 | E3: 訂單量 | F3: ='0828 4度C'!D1 -> 128423 | H3: 營業額 | I3: ='0828 4度C'!F1 -> 4524698.2
B4: 人時性 | C4: 項目 | E4: ➀ | G4: ➁ | I4: ➂ | K4: 異常停線 | M4: 短暫停線
C5: 組合室 | E5: 全溫層 | G5: 4度C-各編組展開 | I5: ③三明治-各編組展開 | K5: 合計次數 | L5: 時間 | M5: 合計次數 | N5: 設備次數
C6: 排關平均 | E6: =AVERAGE(D13:M13) -> 155.67514 | F6: =AVERAGE(D31:O31,D13:J13) -> 162.54473 | G6: =AVERAGE(D13:J13) -> 162.54473 | I6: =AVERAGE(K13:M13) -> 139.6461 | K6: ='0828 4度C'!Y2 -> 0 | L6: ='0828 4度C'!Z2 -> 0 | M6: ='0828 4度C'!AC2 -> 50 | N6: ='0828 4度C'!AD2 -> 0
C7: 實績平均 | E7: =AVERAGE(D14:M14) -> 149.1142 | F7: =AVERAGE(D32:O32,D14:J14) -> 155.62542 | G7: =AVERAGE(D14:J14) -> 155.62542 | I7: =AVERAGE(K14:M14) -> 133.92135
C8: 達成率平均 | E8: =AVERAGE(D15:M15) -> 0.95835524 | F8: =AVERAGE(D15:J15,D33:O33) -> 0.95808416 | G8: =AVERAGE(D15:J15) -> 0.95808416 | I8: =AVERAGE(K15:M15) -> 0.95898778
K9: ※現行日本鮮食廠以達成率80%為基本(即為現行KPI)
B10: 溫層 | D10: ➁4度C-各編組展開 | K10: ③三明治-各編組展開
B11: 編組 | D11: 1 | E11: 2 | F11: 3 | G11: 4 | H11: 5 | I11: 6 | J11: 7 | K11: 1 | L11: 2 | M11: 3
D12: 新豐6線 | E12: 新豐2線 | F12: 新豐5線 | G12: 新豐7線 | H12: 新豐3線 | I12: 新豐1線 | J12: 新豐10線 | K12: 新豐8線 | L12: 新豐9線 | M12: 新豐4線
B13: 人時性 | C13: 排關 | D13: =SUMIFS('0828 4度C'!$K:$K,'0828 4度C'!$A:$A,"新豐6線",'0828 4度C'!$B:$B,"平均") -> 130.43478 | E13: =SUMIFS('0828 4度C'!$K:$K,'0828 4度C'!$A:$A,"新豐2線",'0828 4度C'!$B:$B,"平均") -> 88.235294 | F13: =SUMIFS('0828 4度C'!$K:$K,'0828 4度C'!$A:$A,"新豐5線",'0828 4度C'!$B:$B,"平均") -> 96.899225 | G13: =SUMIFS('0828 4度C'!$K:$K,'0828 4度C'!$A:$A,"新豐7線",'0828 4度C'!$B:$B,"平均") -> 130.84112 | H13: =SUMIFS('0828 4度C'!$K:$K,'0828 4度C'!$A:$A,"新豐3線",'0828 4度C'!$B:$B,"平均") -> 300 | I13: =SUMIFS('0828 4度C'!$K:$K,'0828 4度C'!$A:$A,"新豐1線",'0828 4度C'!$B:$B,"平均") -> 102.94118 | J13: =SUMIFS('0828 4度C'!$K:$K,'0828 4度C'!$A:$A,"新豐10線",'0828 4度C'!$B:$B,"平均") -> 288.46154 | K13: =SUMIFS('0828 4度C'!$K:$K,'0828 4度C'!$A:$A,"新豐8線",'0828 4度C'!$B:$B,"平均") -> 141.17647 | L13: =SUMIFS('0828 4度C'!$K:$K,'0828 4度C'!$A:$A,"新豐9線",'0828 4度C'!$B:$B,"平均") -> 136.58537 | M13: =SUMIFS('0828 4度C'!$K:$K,'0828 4度C'!$A:$A,"新豐4線",'0828 4度C'!$B:$B,"平均") -> 141.17647
C14: 實績 | D14: =SUMIFS('0828 4度C'!$N:$N,'0828 4度C'!$A:$A,"新豐6線",'0828 4度C'!$B:$B,"平均") -> 125.16412 | E14: =SUMIFS('0828 4度C'!$N:$N,'0828 4度C'!$A:$A,"新豐2線",'0828 4度C'!$B:$B,"平均") -> 84.176525 | F14: =SUMIFS('0828 4度C'!$N:$N,'0828 4度C'!$A:$A,"新豐5線",'0828 4度C'!$B:$B,"平均") -> 93.21823 | G14: =SUMIFS('0828 4度C'!$N:$N,'0828 4度C'!$A:$A,"新豐7線",'0828 4度C'!$B:$B,"平均") -> 125.74533 | H14: =SUMIFS('0828 4度C'!$N:$N,'0828 4度C'!$A:$A,"新豐3線",'0828 4度C'!$B:$B,"平均") -> 286.47423 | I14: =SUMIFS('0828 4度C'!$N:$N,'0828 4度C'!$A:$A,"新豐1線",'0828 4度C'!$B:$B,"平均") -> 98.66248 | J14: =SUMIFS('0828 4度C'!$N:$N,'0828 4度C'!$A:$A,"新豐10線",'0828 4度C'!$B:$B,"平均") -> 275.937 | K14: =SUMIFS('0828 4度C'!$N:$N,'0828 4度C'!$A:$A,"新豐8線",'0828 4度C'!$B:$B,"平均") -> 135.83913 | L14: =SUMIFS('0828 4度C'!$N:$N,'0828 4度C'!$A:$A,"新豐9線",'0828 4度C'!$B:$B,"平均") -> 130.76554 | M14: =SUMIFS('0828 4度C'!$N:$N,'0828 4度C'!$A:$A,"新豐4線",'0828 4度C'!$B:$B,"平均") -> 135.15938
C15: 達成率 | D15: =D14/D13 -> 0.95959157 | E15: =E14/E13 -> 0.95400062 | F15: =F14/F13 -> 0.96201214 | G15: =G14/G13 -> 0.96105356 | H15: =H14/H13 -> 0.95491411 | I15: =I14/I13 -> 0.95843552 | J15: =J14/J13 -> 0.95658159 | K15: =K14/K13 -> 0.96219382 | ... M15: =M14/M13 -> 0.95737893
B16: 作業 時間 | C16: 開始 | D16: =VLOOKUP("新豐6線",'0828 4度C'!$A:$T,19,0) -> 0.70833333 | E16: =VLOOKUP("新豐2線",'0828 4度C'!$A:$T,19,0) -> 0.083333333 | F16: =VLOOKUP("新豐5線",'0828 4度C'!$A:$T,19,0) -> 0.20833333 | G16: =VLOOKUP("新豐7線",'0828 4度C'!$A:$T,19,0) -> 0.20833333 | H16: =VLOOKUP("新豐3線",'0828 4度C'!$A:$T,19,0) -> 0.20833333 | I16: =VLOOKUP("新豐1線",'0828 4度C'!$A:$T,19,0) -> 0.20833333 | J16: =VLOOKUP("新豐10線",'0828 4度C'!$A:$T,19,0) -> 0.20833333 | K16: =VLOOKUP("新豐8線",'0828 4度C'!$A:$T,19,0) -> 0.083333333 | L16: =VLOOKUP("新豐9線",'0828 4度C'!$A:$T,19,0) -> 0.083333333 | M16: =VLOOKUP("新豐4線",'0828 4度C'!$A:$T,19,0) -> 0.083333333
C17: 結束 | D17: =LOOKUP(2,1/(('0828 4度C'!$A:$A="新豐6線")*('0828 4度C'!$T:$T<>"")),'0828 4度C'!$T:$T) -> 0.82847222 | E17: =LOOKUP(2,1/(('0828 4度C'!$A:$A="新豐2線")*('0828 4度C'!$T:$T<>"")),'0828 4度C'!$T:$T) -> 0.41875 | F17: =LOOKUP(2,1/(('0828 4度C'!$A:$A="新豐5線")*('0828 4度C'!$T:$T<>"")),'0828 4度C'!$T:$T) -> 0.80555556 | G17: =LOOKUP(2,1/(('0828 4度C'!$A:$A="新豐7線")*('0828 4度C'!$T:$T<>"")),'0828 4度C'!$T:$T) -> 0.81388889 | H17: =LOOKUP(2,1/(('0828 4度C'!$A:$A="新豐3線")*('0828 4度C'!$T:$T<>"")),'0828 4度C'!$T:$T) -> 0.37430556 | I17: =LOOKUP(2,1/(('0828 4度C'!$A:$A="新豐1線")*('0828 4度C'!$T:$T<>"")),'0828 4度C'!$T:$T) -> 0.79027778 | J17: =LOOKUP(2,1/(('0828 4度C'!$A:$A="新豐10線")*('0828 4度C'!$T:$T<>"")),'0828 4度C'!$T:$T) -> 0.39791667 | K17: =LOOKUP(2,1/(('0828 4度C'!$A:$A="新豐8線")*('0828 4度C'!$T:$T<>"")),'0828 4度C'!$T:$T) -> 0.45972222 | L17: =LOOKUP(2,1/(('0828 4度C'!$A:$A="新豐9線")*('0828 4度C'!$T:$T<>"")),'0828 4度C'!$T:$T) -> 0.52222222 | M17: =LOOKUP(2,1/(('0828 4度C'!$A:$A="新豐4線")*('0828 4度C'!$T:$T<>"")),'0828 4度C'!$T:$T) -> 0.4625
B18: 產線異常 (5分鐘以上) | C18: 次數 | D18: =SUMIFS('0828 4度C'!$Y:$Y,'0828 4度C'!$A:$A,"新豐6線",'0828 4度C'!$B:$B,"平均") -> 0 | E18: =SUMIFS('0828 4度C'!$Y:$Y,'0828 4度C'!$A:$A,"新豐2線",'0828 4度C'!$B:$B,"平均") -> 0 | F18: =SUMIFS('0828 4度C'!$Y:$Y,'0828 4度C'!$A:$A,"新豐5線",'0828 4度C'!$B:$B,"平均") -> 0 | G18: =SUMIFS('0828 4度C'!$Y:$Y,'0828 4度C'!$A:$A,"新豐7線",'0828 4度C'!$B:$B,"平均") -> 0 | H18: =SUMIFS('0828 4度C'!$Y:$Y,'0828 4度C'!$A:$A,"新豐3線",'0828 4度C'!$B:$B,"平均") -> 0 | I18: =SUMIFS('0828 4度C'!$Y:$Y,'0828 4度C'!$A:$A,"新豐1線",'0828 4度C'!$B:$B,"平均") -> 0 | J18: =SUMIFS('0828 4度C'!$Y:$Y,'0828 4度C'!$A:$A,"新豐10線",'0828 4度C'!$B:$B,"平均") -> 0 | K18: =SUMIFS('0828 4度C'!$Y:$Y,'0828 4度C'!$A:$A,"新豐8線",'0828 4度C'!$B:$B,"平均") -> 0 | L18: =SUMIFS('0828 4度C'!$Y:$Y,'0828 4度C'!$A:$A,"新豐9線",'0828 4度C'!$B:$B,"平均") -> 0 | M18: =SUMIFS('0828 4度C'!$Y:$Y,'0828 4度C'!$A:$A,"新豐4線",'0828 4度C'!$B:$B,"平均") -> 0
C19: 時間/分 | D19: =SUMIFS('0828 4度C'!$Z:$Z,'0828 4度C'!$A:$A,"新豐6線",'0828 4度C'!$B:$B,"平均") -> 0 | E19: =SUMIFS('0828 4度C'!$Z:$Z,'0828 4度C'!$A:$A,"新豐2線",'0828 4度C'!$B:$B,"平均") -> 0 | F19: =SUMIFS('0828 4度C'!$Z:$Z,'0828 4度C'!$A:$A,"新豐5線",'0828 4度C'!$B:$B,"平均") -> 0 | G19: =SUMIFS('0828 4度C'!$Z:$Z,'0828 4度C'!$A:$A,"新豐7線",'0828 4度C'!$B:$B,"平均") -> 0 | H19: =SUMIFS('0828 4度C'!$Z:$Z,'0828 4度C'!$A:$A,"新豐3線",'0828 4度C'!$B:$B,"平均") -> 0 | I19: =SUMIFS('0828 4度C'!$Z:$Z,'0828 4度C'!$A:$A,"新豐1線",'0828 4度C'!$B:$B,"平均") -> 0 | J19: =SUMIFS('0828 4度C'!$Z:$Z,'0828 4度C'!$A:$A,"新豐10線",'0828 4度C'!$B:$B,"平均") -> 0 | K19: =SUMIFS('0828 4度C'!$Z:$Z,'0828 4度C'!$A:$A,"新豐8線",'0828 4度C'!$B:$B,"平均") -> 0 | L19: =SUMIFS('0828 4度C'!$Z:$Z,'0828 4度C'!$A:$A,"新豐9線",'0828 4度C'!$B:$B,"平均") -> 0 | M19: =SUMIFS('0828 4度C'!$Z:$Z,'0828 4度C'!$A:$A,"新豐4線",'0828 4度C'!$B:$B,"平均") -> 0
B20: 短暫停線 (5分鐘以下) | C20: 次數 | D20: =SUMIFS('0828 4度C'!$AC:$AC,'0828 4度C'!$A:$A,"新豐6線",'0828 4度C'!$B:$B,"平均") -> 3 | E20: =SUMIFS('0828 4度C'!$AC:$AC,'0828 4度C'!$A:$A,"新豐2線",'0828 4度C'!$B:$B,"平均") -> 3 | F20: =SUMIFS('0828 4度C'!$AC:$AC,'0828 4度C'!$A:$A,"新豐5線",'0828 4度C'!$B:$B,"平均") -> 7 | G20: =SUMIFS('0828 4度C'!$AC:$AC,'0828 4度C'!$A:$A,"新豐7線",'0828 4度C'!$B:$B,"平均") -> 7 | H20: =SUMIFS('0828 4度C'!$AC:$AC,'0828 4度C'!$A:$A,"新豐3線",'0828 4度C'!$B:$B,"平均") -> 3 | I20: =SUMIFS('0828 4度C'!$AC:$AC,'0828 4度C'!$A:$A,"新豐1線",'0828 4度C'!$B:$B,"平均") -> 7 | J20: =SUMIFS('0828 4度C'!$AC:$AC,'0828 4度C'!$A:$A,"新豐10線",'0828 4度C'!$B:$B,"平均") -> 5 | K20: =SUMIFS('0828 4度C'!$AC:$AC,'0828 4度C'!$A:$A,"新豐8線",'0828 4度C'!$B:$B,"平均") -> 5 | L20: =SUMIFS('0828 4度C'!$AC:$AC,'0828 4度C'!$A:$A,"新豐9線",'0828 4度C'!$B:$B,"平均") -> 5 | M20: =SUMIFS('0828 4度C'!$AC:$AC,'0828 4度C'!$A:$A,"新豐4線",'0828 4度C'!$B:$B,"平均") -> 5
C21: 設備次數 | D21: =SUMIFS('0828 4度C'!$AD:$AD,'0828 4度C'!$A:$A,"新豐6線",'0828 4度C'!$B:$B,"平均") -> 0 | E21: =SUMIFS('0828 4度C'!$AD:$AD,'0828 4度C'!$A:$A,"新豐2線",'0828 4度C'!$B:$B,"平均") -> 0 | F21: =SUMIFS('0828 4度C'!$AD:$AD,'0828 4度C'!$A:$A,"新豐5線",'0828 4度C'!$B:$B,"平均") -> 0 | G21: =SUMIFS('0828 4度C'!$AD:$AD,'0828 4度C'!$A:$A,"新豐7線",'0828 4度C'!$B:$B,"平均") -> 0 | H21: =SUMIFS('0828 4度C'!$AD:$AD,'0828 4度C'!$A:$A,"新豐3線",'0828 4度C'!$B:$B,"平均") -> 0 | I21: =SUMIFS('0828 4度C'!$AD:$AD,'0828 4度C'!$A:$A,"新豐1線",'0828 4度C'!$B:$B,"平均") -> 0 | J21: =SUMIFS('0828 4度C'!$AD:$AD,'0828 4度C'!$A:$A,"新豐10線",'0828 4度C'!$B:$B,"平均") -> 0 | K21: =SUMIFS('0828 4度C'!$AD:$AD,'0828 4度C'!$A:$A,"新豐8線",'0828 4度C'!$B:$B,"平均") -> 0 | L21: =SUMIFS('0828 4度C'!$AD:$AD,'0828 4度C'!$A:$A,"新豐9線",'0828 4度C'!$B:$B,"平均") -> 0 | M21: =SUMIFS('0828 4度C'!$AD:$AD,'0828 4度C'!$A:$A,"新豐4線",'0828 4度C'!$B:$B,"平均") -> 0
B22: 配置人數 | D22: =SUMIFS('0828 4度C'!$I:$I,'0828 4度C'!$A:$A,"新豐6線",'0828 4度C'!$B:$B,"平均") -> 15.333333 | E22: =SUMIFS('0828 4度C'!$I:$I,'0828 4度C'!$A:$A,"新豐2線",'0828 4度C'!$B:$B,"平均") -> 17 | F22: =SUMIFS('0828 4度C'!$I:$I,'0828 4度C'!$A:$A,"新豐5線",'0828 4度C'!$B:$B,"平均") -> 18.428571 | G22: =SUMIFS('0828 4度C'!$I:$I,'0828 4度C'!$A:$A,"新豐7線",'0828 4度C'!$B:$B,"平均") -> 15.285714 | H22: =SUMIFS('0828 4度C'!$I:$I,'0828 4度C'!$A:$A,"新豐3線",'0828 4度C'!$B:$B,"平均") -> 10 | I22: =SUMIFS('0828 4度C'!$I:$I,'0828 4度C'!$A:$A,"新豐1線",'0828 4度C'!$B:$B,"平均") -> 19.428571 | J22: =SUMIFS('0828 4度C'!$I:$I,'0828 4度C'!$A:$A,"新豐10線",'0828 4度C'!$B:$B,"平均") -> 10.4 | K22: =SUMIFS('0828 4度C'!$I:$I,'0828 4度C'!$A:$A,"新豐8線",'0828 4度C'!$B:$B,"平均") -> 17 | L22: =SUMIFS('0828 4度C'!$I:$I,'0828 4度C'!$A:$A,"新豐9線",'0828 4度C'!$B:$B,"平均") -> 16.4 | M22: =SUMIFS('0828 4度C'!$I:$I,'0828 4度C'!$A:$A,"新豐4線",'0828 4度C'!$B:$B,"平均") -> 17
B23: 主要應用設備 | D23: ET-55 | E23: 熱縮爐 | F23: L型包裝機 | G23: L型包裝機 | H23: 伺服包裝機 | I23: ET-55 | J23: 伺服包裝機 | K23: 三明治包裝機 | L23: 三明治包裝機 | M23: 三明治包裝機
B24: 次要應用設備 | F24: 圓盤機 | G24: ET-55
B25: 備註 | E25: 握沙拉 | F25: 共用L型包裝機 | H25: 調理麵包 | I25: 炒飯+沙拉 | J25: 調理麵包

Sheet 0828 4度C
A1: 新豐廠四度C日報分析 | C1: 總生產量 | D1: =SUM(F5:F64) -> 128423 | E1: 營業額 | F1: =SUM(G5:G64) -> 4524698.2 | G1: 出勤人數 | H1: =L8+L12+L44+L52+L20+L58+L34+L40+L28+L64 -> 156.27619 | I1: 產線配置圖 | L1: 生產實績 | O1: 人時性差異分析 | S1: 日報登錄 | Y1: 合計 次數 | Z1: 合計 時間/分 | AA1: 產線異常 分析說明(5分鐘以上) | AC1: 合計 次數 | AD1: 合計 設備次數 | AE1: 產能差異分析
A2: 46262 | B2: 星期五 | C2: 人時性 | D2: =AVERAGE(N8,N12,N44,N52,N20,N58,N28,N34,N40,N64) -> 149.1142 | E2: 平均廠價 | F2: =F1/D1 -> 35.232771 | G2: 多次生產數 | H2: =COUNT(H5:H64) -> 0 | Y2: =SUM(Y8+Y12+Y20+Y28+Y34+Y40+Y44+Y52+Y58+Y64) -> 0 | Z2: =SUM(Z8+Z12+Z20+Z28+Z34+Z40+Z44+Z52+Z58+Z64) -> 0 | AC2: 50 | AD2: =SUM(AD8+AD12+AD20+AD28+AD34+AD40+AD44+AD52+AD58+AD64) -> 0
A3: 線別 | B3: 品類 | C3: 品名 | E3: 廠價 | F3: 生產量 | G3: 營收 | H3: 多次 生產 | I3: 人數 | J3: 產能/時 | K3: 人時性 | L3: 人數 | M3: 產能/時 | N3: 人時性 | O3: 人數 | P3: 人時性 | Q3: 達成率 | R3: 達成率平均 | S3: 生產時間 | U3: 換線、休息/分 | V3: 稼動時間/分 | W3: 休息時間 | Y3: 產線異常統計 (5分鐘以上) | AA3: (新豐回填) | AC3: 短暫停線統計 (5分鐘以下) | AE3: 產能/時 | AF3: 達成率 | AG3: 達成率平均
S4: 開始 | T4: 結束 | W4: 開始 | X4: 結束 | Y4: 次數 | Z4: 時間/分 | AC4: 總次數 | AD4: 設備因素(次數)
A5: 新豐6線 | B5: 微波主食 | C5: 二配金咖哩果香甘口咖哩飯 | E5: 50.92 | F5: 1731 | G5: =E5*F5 -> 88142.52 | I5: 15 | J5: 2000 | K5: =J5/I5 -> 133.33333 | L5: 15 | M5: =F5/V5*60 -> 1923.3333 | N5: =M5/L5 -> 128.22222 | O5: =L5-I5 -> 0 | P5: =N5-K5 -> -5.1111111 | Q5: =N5/K5 -> 0.96166667 | R5: =Q8 -> 0.95959157 | S5: 0.70833333 | T5: 0.74583333 | V5: =(T5-S5)*24*60 -> 54 | AC5: 3 | AE5: =M5-J5 -> -76.666667 | AF5: =M5/J5 -> 0.96166667 | AG5: =AF8 -> 0.95959157
A6: 新豐6線 | B6: 微波主食 | C6: 二配金咖哩濃厚辛口咖哩飯 | E6: 50.98 | F6: 1886 | G6: =E6*F6 -> 96148.28 | I6: 16 | J6: 2000 | K6: =J6/I6 -> 125 | L6: 16 | M6: =F6/V6*60 -> 1917.9661 | N6: =M6/L6 -> 119.87288 | O6: =L6-I6 -> 0 | P6: =N6-K6 -> -5.1271186 | Q6: =N6/K6 -> 0.95898305 | S6: 0.74930556 | T6: 0.79027778 | U6: =IF(S6=TIME(17,0,0),"",(S6-T5)*24*60) -> 5 | V6: =(T6-S6)*24*60 -> 59 | AE6: =M6-J6 -> -82.033898 | AF6: =M6/J6 -> 0.95898305
A7: 新豐6線 | B7: 微波主食 | C7: 二配川味麻婆燒豆腐燴飯 | E7: 50.49 | F7: 1533 | G7: =E7*F7 -> 77401.17 | I7: 15 | J7: 2000 | K7: =J7/I7 -> 133.33333 | L7: 15 | M7: =F7/V7*60 -> 1916.25 | N7: =M7/L7 -> 127.75 | O7: =L7-I7 -> 0 | P7: =N7-K7 -> -5.5833333 | Q7: =N7/K7 -> 0.958125 | S7: 0.79513889 | T7: 0.82847222 | U7: =IF(S7=TIME(17,0,0),"",(S7-T6)*24*60) -> 7 | V7: =(T7-S7)*24*60 -> 48 | AE7: =M7-J7 -> -83.75 | AF7: =M7/J7 -> 0.958125
A8: 新豐6線 | B8: 平均 | I8: 15.333333 | J8: 2000 | K8: =J8/I8 -> 130.43478 | L8: 15.333333 | M8: =AVERAGE(M5:M7) -> 1919.1831 | N8: =M8/L8 -> 125.16412 | O8: =L8-I8 -> 0 | P8: =N8-K8 -> -5.2706645 | Q8: =N8/K8 -> 0.95959157 | Y8: =SUM(Y5:Y7) -> 0 | Z8: =SUM(Z5:Z7) -> 0 | AC8: 3 | AD8: =SUM(AD5:AD7) -> 0 | AE8: =M8-J8 -> -80.816855 | AF8: =M8/J8 -> 0.95959157
A9: 新豐2線 | B9: 沙拉 | C9: 青醬優格雞肉握沙拉(113年) | E9: 39.62 | F9: 3605 | G9: =E9*F9 -> 142830.1 | I9: 19 | J9: 1500 | K9: =J9/I9 -> 78.947368 | L9: 19 | M9: =F9/V9*60 -> 1432.4503 | N9: =M9/L9 -> 75.392123 | O9: =L9-I9 -> 0 | P9: =N9-K9 -> -3.5552457 | Q9: =N9/K9 -> 0.95496689 | R9: =Q12 -> 0.95400062 | S9: 0.083333333 | T9: 0.18819444 | V9: =(T9-S9)*24*60 -> 151 | W9: =T9 -> 0.18819444 | X9: =S10 -> 0.20833333 | AC9: 3 | AE9: =M9-J9 -> -67.549669 | AF9: =M9/J9 -> 0.95496689 | AG9: =AF12 -> 0.95400062
A10: 新豐2線 | B10: 沙拉 | C10: 青檸烤雞握沙拉(113年) | E10: 39.8 | F10: 5251 | G10: =E10*F10 -> 208989.8 | I10: 17 | J10: 1500 | K10: =J10/I10 -> 88.235294 | L10: 17 | M10: =F10/V10*60 -> 1432.0909 | N10: =M10/L10 -> 84.240642 | O10: =L10-I10 -> 0 | P10: =N10-K10 -> -3.9946524 | Q10: =N10/K10 -> 0.95472727 | S10: 0.20833333 | T10: 0.36111111 | U10: =IF(S10=TIME(17,0,0),"",(S10-T9)*24*60) -> 29 | V10: =(T10-S10)*24*60 -> 220 | AE10: =M10-J10 -> -67.909091 | AF10: =M10/J10 -> 0.95472727
A11: 新豐2線 | B11: 沙拉 | C11: 厚蛋時蔬握沙拉 | E11: 39.46 | F11: 1857 | G11: =E11*F11 -> 73277.22 | I11: 15 | J11: 1500 | K11: =J11/I11 -> 100 | L11: 15 | M11: =F11/V11*60 -> 1428.4615 | N11: =M11/L11 -> 95.230769 | O11: =L11-I11 -> 0 | P11: =N11-K11 -> -4.7692308 | Q11: =N11/K11 -> 0.95230769 | S11: 0.36458333 | T11: 0.41875 | U11: =IF(S11=TIME(17,0,0),"",(S11-T10)*24*60) -> 5 | V11: =(T11-S11)*24*60 -> 78 | AE11: =M11-J11 -> -71.538462 | AF11: =M11/J11 -> 0.95230769
A12: 新豐2線 | B12: 平均 | I12: 17 | J12: 1500 | K12: =J12/I12 -> 88.235294 | L12: 17 | M12: =AVERAGE(M9:M11) -> 1431.0009 | N12: =M12/L12 -> 84.176525 | O12: =L12-I12 -> 0 | P12: =N12-K12 -> -4.058769 | Q12: =N12/K12 -> 0.95400062 | Y12: =SUM(Y9:Y11) -> 0 | Z12: =SUM(Z9:Z11) -> 0 | AC12: 3 | AD12: =SUM(AD9:AD11) -> 0 | AE12: =M12-J12 -> -68.999074 | AF12: =M12/J12 -> 0.95400062
A13: 新豐5線 | B13: 季節調理麵 | C13: 台式麻醬涼麵(115年) | E13: 31.11 | F13: 2614 | G13: =E13*F13 -> 81321.54 | I13: 14 | J13: 2000 | K13: =J13/I13 -> 142.85714 | L13: 14 | M13: =F13/V13*60 -> 1912.6829 | N13: =M13/L13 -> 136.62021 | O13: =L13-I13 -> 0 | P13: =N13-K13 -> -6.2369338 | Q13: =N13/K13 -> 0.95634146 | R13: =Q20 -> 0.96201214 | S13: 0.20833333 | T13: 0.26527778 | V13: =(T13-S13)*24*60 -> 82 | AC13: 7 | AE13: =M13-J13 -> -87.317073 | AF13: =M13/J13 -> 0.95634146 | AG13: =AF20 -> 0.96201214
A14: 新豐5線 | B14: 小吃 | C14: 剝皮辣椒雞湯 | E14: 41 | F14: 1346 | G14: =E14*F14 -> 55186 | I14: 26 | J14: 1500 | K14: =J14/I14 -> 57.692308 | L14: 26 | M14: =F14/V14*60 -> 1442.1429 | N14: =M14/L14 -> 55.467033 | O14: =L14-I14 -> 0 | P14: =N14-K14 -> -2.2252747 | Q14: =N14/K14 -> 0.96142857 | S14: 0.27083333 | T14: 0.30972222 | U14: =IF(S14=TIME(17,0,0),"",(S14-T13)*24*60) -> 8 | V14: =(T14-S14)*24*60 -> 56 | AE14: =M14-J14 -> -57.857143 | AF14: =M14/J14 -> 0.96142857
A15: 新豐5線 | B15: 季節調理麵 | C15: 嫩烤魚排佐花椰菜義大利麵 | E15: 68.88 | F15: 1481 | G15: =E15*F15 -> 102011.28 | I15: 16 | J15: 2000 | K15: =J15/I15 -> 125 | L15: 16 | M15: =F15/V15*60 -> 1931.7391 | N15: =M15/L15 -> 120.7337 | O15: =L15-I15 -> 0 | P15: =N15-K15 -> -4.2663043 | Q15: =N15/K15 -> 0.96586957 | S15: 0.31458333 | T15: 0.34652778 | U15: =IF(S15=TIME(17,0,0),"",(S15-T14)*24*60) -> 7 | V15: =(T15-S15)*24*60 -> 46 | AE15: =M15-J15 -> -68.26087 | AF15: =M15/J15 -> 0.96586957
A16: 新豐5線 | B16: 沙拉 | C16: 地瓜瓜握沙拉 | E16: 39.52 | F16: 1756 | G16: =E16*F16 -> 69397.12 | I16: 19 | J16: 1500 | K16: =J16/I16 -> 78.947368 | L16: 19 | M16: =F16/V16*60 -> 1443.2877 | N16: =M16/L16 -> 75.962509 | O16: =L16-I16 -> 0 | P16: =N16-K16 -> -2.9848594 | Q16: =N16/K16 -> 0.96219178 | S16: 0.35 | T16: 0.40069444 | U16: =IF(S16=TIME(17,0,0),"",(S16-T15)*24*60) -> 5 | V16: =(T16-S16)*24*60 -> 73 | AE16: =M16-J16 -> -56.712329 | AF16: =M16/J16 -> 0.96219178
A17: 新豐5線 | B17: 微波主食 | C17: 二配玉米濃湯焗烤飯 | E17: 54.5 | F17: 868 | G17: =E17*F17 -> 47306 | I17: 19 | J17: 1500 | K17: =J17/I17 -> 78.947368 | L17: 19 | M17: =F17/V17*60 -> 1446.6667 | N17: =M17/L17 -> 76.140351 | O17: =L17-I17 -> 0 | P17: =N17-K17 -> -2.8070175 | Q17: =N17/K17 -> 0.96444444 | S17: 0.70833333 | T17: 0.73333333 | U17: =IF(S17=TIME(17,0,0),"",(S17-T16)*24*60) | V17: =(T17-S17)*24*60 -> 36 | AE17: =M17-J17 -> -53.333333 | AF17: =M17/J17 -> 0.96444444
A18: 新豐5線 | B18: 微波主食 | C18: 二配港式香滑嫩蛋牛肉燴飯 | E18: 50.67 | F18: 1250 | G18: =E18*F18 -> 63337.5 | I18: 17 | J18: 2000 | K18: =J18/I18 -> 117.64706 | L18: 17 | M18: =F18/V18*60 -> 1923.0769 | N18: =M18/L18 -> 113.12217 | O18: =L18-I18 -> 0 | P18: =N18-K18 -> -4.5248869 | Q18: =N18/K18 -> 0.96153846 | S18: 0.73680556 | T18: 0.76388889 | U18: =IF(S18=TIME(17,0,0),"",(S18-T17)*24*60) -> 5 | V18: =(T18-S18)*24*60 -> 39 | AE18: =M18-J18 -> -76.923077 | AF18: =M18/J18 -> 0.96153846
A19: 新豐5線 | B19: 微波主食 | C19: 二配美味蟹煲 | E19: 54.09 | F19: 1733 | G19: =E19*F19 -> 93737.97 | I19: 18 | J19: 2000 | K19: =J19/I19 -> 111.11111 | L19: 18 | M19: =F19/V19*60 -> 1925.5556 | N19: =M19/L19 -> 106.97531 | O19: =L19-I19 -> 0 | P19: =N19-K19 -> -4.1358025 | Q19: =N19/K19 -> 0.96277778 | S19: 0.76805556 | T19: 0.80555556 | U19: =IF(S19=TIME(17,0,0),"",(S19-T18)*24*60) -> 6 | V19: =(T19-S19)*24*60 -> 54 | AE19: =M19-J19 -> -74.444444 | AF19: =M19/J19 -> 0.96277778
A20: 新豐5線 | B20: 平均 | I20: 18.428571 | J20: 1785.7143 | K20: =J20/I20 -> 96.899225 | L20: 18.428571 | M20: =AVERAGE(M13:M19) -> 1717.8788 | N20: =M20/L20 -> 93.21823 | O20: =L20-I20 -> 0 | P20: =N20-K20 -> -3.6809943 | Q20: =N20/K20 -> 0.96201214 | Y20: =SUM(Y13:Y19) -> 0 | Z20: =SUM(Z13:Z19) -> 0 | AC20: 7 | AD20: =SUM(AD13:AD19) -> 0 | AE20: =M20-J20 -> -67.835467 | AF20: =M20/J20 -> 0.96201214
A21: 新豐7線 | B21: 微波主食 | C21: 韓式泡菜豬肉豆腐丼飯 | E21: 50.67 | F21: 1210 | G21: =E21*F21 -> 61310.7 | I21: 17 | J21: 2000 | K21: =J21/I21 -> 117.64706 | L21: 17 | M21: =F21/V21*60 -> 1910.5263 | N21: =M21/L21 -> 112.3839 | O21: =L21-I21 -> 0 | P21: =N21-K21 -> -5.2631579 | Q21: =N21/K21 -> 0.95526316 | R21: =Q28 -> 0.96105356 | S21: 0.20833333 | T21: 0.23472222 | V21: =(T21-S21)*24*60 -> 38 | AC21: 7 | AE21: =M21-J21 -> -89.473684 | AF21: =M21/J21 -> 0.95526316 | AG21: =AF28 -> 0.96105356
A22: 新豐7線 | B22: 微波主食 | C22: 鐵板滑蛋炸豬排丼 | E22: 57.73 | F22: 2000 | G22: =E22*F22 -> 115460 | I22: 14 | J22: 2000 | K22: =J22/I22 -> 142.85714 | L22: 14 | M22: =F22/V22*60 -> 1904.7619 | N22: =M22/L22 -> 136.05442 | O22: =L22-I22 -> 0 | P22: =N22-K22 -> -6.8027211 | Q22: =N22/K22 -> 0.95238095 | S22: 0.24027778 | T22: 0.28402778 | U22: =IF(S22=TIME(17,0,0),"",(S22-T21)*24*60) -> 8 | V22: =(T22-S22)*24*60 -> 63 | AE22: =M22-J22 -> -95.238095 | AF22: =M22/J22 -> 0.95238095
A23: 新豐7線 | B23: 微波主食 | C23: 日式炙烤親子丼 | E23: 53.27 | F23: 1002 | G23: =E23*F23 -> 53376.54 | I23: 16 | J23: 2000 | K23: =J23/I23 -> 125 | L23: 16 | M23: =F23/V23*60 -> 1939.3548 | N23: =M23/L23 -> 121.20968 | O23: =L23-I23 -> 0 | P23: =N23-K23 -> -3.7903226 | Q23: =N23/K23 -> 0.96967742 | S23: 0.28958333 | T23: 0.31111111 | U23: =IF(S23=TIME(17,0,0),"",(S23-T22)*24*60) -> 8 | V23: =(T23-S23)*24*60 -> 31 | AE23: =M23-J23 -> -60.645161 | AF23: =M23/J23 -> 0.96967742
A24: 新豐7線 | B24: 微波主食 | C24: 爆炒雞丁飯 | E24: 59.04 | F24: 998 | G24: =E24*F24 -> 58921.92 | I24: 19 | J24: 2000 | K24: =J24/I24 -> 105.26316 | L24: 19 | M24: =F24/V24*60 -> 1931.6129 | N24: =M24/L24 -> 101.66384 | O24: =L24-I24 -> 0 | P24: =N24-K24 -> -3.5993209 | Q24: =N24/K24 -> 0.96580645 | S24: 0.31666667 | T24: 0.33819444 | U24: =IF(S24=TIME(17,0,0),"",(S24-T23)*24*60) -> 8 | V24: =(T24-S24)*24*60 -> 31 | AE24: =M24-J24 -> -68.387097 | AF24: =M24/J24 -> 0.96580645
A25: 新豐7線 | B25: 微波主食 | C25: 二配厚香料優格咖哩雞排飯 | E25: 56.43 | F25: 1028 | G25: =E25*F25 -> 58010.04 | I25: 13 | J25: 2000 | K25: =J25/I25 -> 153.84615 | L25: 13 | M25: =F25/V25*60 -> 1927.5 | N25: =M25/L25 -> 148.26923 | O25: =L25-I25 -> 0 | P25: =N25-K25 -> -5.5769231 | Q25: =N25/K25 -> 0.96375 | S25: 0.70833333 | T25: 0.73055556 | U25: =IF(S25=TIME(17,0,0),"",(S25-T24)*24*60) | V25: =(T25-S25)*24*60 -> 32 | AE25: =M25-J25 -> -72.5 | AF25: =M25/J25 -> 0.96375
A26: 新豐7線 | B26: 微波主食 | C26: 二配泰式綠咖哩雞 | E26: 50.67 | F26: 990 | G26: =E26*F26 -> 50163.3 | I26: 15 | J26: 2000 | K26: =J26/I26 -> 133.33333 | L26: 15 | M26: =F26/V26*60 -> 1916.129 | N26: =M26/L26 -> 127.74194 | O26: =L26-I26 -> 0 | P26: =N26-K26 -> -5.5913978 | Q26: =N26/K26 -> 0.95806452 | S26: 0.73611111 | T26: 0.75763889 | U26: =IF(S26=TIME(17,0,0),"",(S26-T25)*24*60) -> 8 | V26: =(T26-S26)*24*60 -> 31 | AE26: =M26-J26 -> -83.870968 | AF26: =M26/J26 -> 0.95806452
A27: 新豐7線 | B27: 微波主食 | C27: 二配打拋風味豬肉飯 | E27: 51.06 | F27: 2374 | G27: =E27*F27 -> 121216.44 | I27: 13 | J27: 2000 | K27: =J27/I27 -> 153.84615 | L27: 13 | M27: =F27/V27*60 -> 1924.8649 | N27: =M27/L27 -> 148.06653 | O27: =L27-I27 -> 0 | P27: =N27-K27 -> -5.7796258 | Q27: =N27/K27 -> 0.96243243 | S27: 0.7625 | T27: 0.81388889 | U27: =IF(S27=TIME(17,0,0),"",(S27-T26)*24*60) -> 7 | V27: =(T27-S27)*24*60 -> 74 | AE27: =M27-J27 -> -75.135135 | AF27: =M27/J27 -> 0.96243243
A28: 新豐7線 | B28: 平均 | I28: 15.285714 | J28: 2000 | K28: =J28/I28 -> 130.84112 | L28: 15.285714 | M28: =AVERAGE(M21:M27) -> 1922.1071 | N28: =M28/L28 -> 125.74533 | O28: =L28-I28 -> 0 | P28: =N28-K28 -> -5.0957957 | Q28: =N28/K28 -> 0.96105356 | Y28: =SUM(Y21:Y27) -> 0 | Z28: =SUM(Z21:Z27) -> 0 | AC28: 7 | AD28: =SUM(AD21:AD27) -> 0 | AE28: =M28-J28 -> -77.892877 | AF28: =M28/J28 -> 0.96105356
A29: 新豐8線 | B29: 三明治 | C29: 紐奧良風味烤雞鮮蔬三明治 | E29: 31.29 | F29: 6354 | G29: =E29*F29 -> 198816.66 | I29: 18 | J29: 2400 | K29: =J29/I29 -> 133.33333 | L29: 18 | M29: =F29/V29*60 -> 2296.6265 | N29: =M29/L29 -> 127.59036 | O29: =L29-I29 -> 0 | P29: =N29-K29 -> -5.7429719 | Q29: =N29/K29 -> 0.95692771 | R29: =Q34 -> 0.96219382 | S29: 0.083333333 | T29: 0.19861111 | V29: =(T29-S29)*24*60 -> 166 | W29: =T29 -> 0.19861111 | X29: =S30 -> 0.21597222 | AC29: 5 | AE29: =M29-J29 -> -103.37349 | AF29: =M29/J29 -> 0.95692771 | AG29: =AF34 -> 0.96219382
A30: 新豐8線 | B30: 三明治 | C30: 醬燒烤雞三明治(115年) | E30: 26.37 | F30: 4791 | G30: =E30*F30 -> 126338.67 | I30: 18 | J30: 2400 | K30: =J30/I30 -> 133.33333 | L30: 18 | M30: =F30/V30*60 -> 2299.68 | N30: =M30/L30 -> 127.76 | O30: =L30-I30 -> 0 | P30: =N30-K30 -> -5.5733333 | Q30: =N30/K30 -> 0.9582 | S30: 0.21597222 | T30: 0.30277778 | U30: =(S30-T29)*24*60 -> 25 | V30: =(T30-S30)*24*60 -> 125 | AE30: =M30-J30 -> -100.32 | AF30: =M30/J30 -> 0.9582
A31: 新豐8線 | B31: 三明治 | C31: 經典火腿玉米蛋三明治 | E31: 24.43 | F31: 5373 | G31: =E31*F31 -> 131262.39 | I31: 14 | J31: 2400 | K31: =J31/I31 -> 171.42857 | L31: 14 | M31: =F31/V31*60 -> 2286.383 | N31: =M31/L31 -> 163.31307 | O31: =L31-I31 -> 0 | P31: =N31-K31 -> -8.1155015 | Q31: =N31/K31 -> 0.95265957 | S31: 0.30763889 | T31: 0.40555556 | U31: =(S31-T30)*24*60 -> 7 | V31: =(T31-S31)*24*60 -> 141 | AE31: =M31-J31 -> -113.61702 | AF31: =M31/J31 -> 0.95265957
A32: 新豐8線 | B32: 三明治 | C32: 起司芋見肉鬆三明治 | E32: 25.98 | F32: 1680 | G32: =E32*F32 -> 43646.4 | I32: 17 | J32: 2400 | K32: =J32/I32 -> 141.17647 | L32: 17 | M32: =F32/V32*60 -> 2290.9091 | N32: =M32/L32 -> 134.75936 | O32: =L32-I32 -> 0 | P32: =N32-K32 -> -6.4171123 | Q32: =N32/K32 -> 0.95454545 | S32: 0.41041667 | T32: 0.44097222 | U32: =(S32-T31)*24*60 -> 7 | V32: =(T32-S32)*24*60 -> 44 | AE32: =M32-J32 -> -109.09091 | AF32: =M32/J32 -> 0.95454545
A33: 新豐8線 | B33: 三明治 | C33: 茄汁厚起司三明治 | E33: 25.99 | F33: 870 | G33: =E33*F33 -> 22611.3 | I33: 18 | J33: 2400 | K33: =J33/I33 -> 133.33333 | L33: 18 | M33: =F33/V33*60 -> 2372.7273 | N33: =M33/L33 -> 131.81818 | O33: =L33-I33 -> 0 | P33: =N33-K33 -> -1.5151515 | Q33: =N33/K33 -> 0.98863636 | S33: 0.44444444 | T33: 0.45972222 | U33: =(S33-T32)*24*60 -> 5 | V33: =(T33-S33)*24*60 -> 22 | AE33: =M33-J33 -> -27.272727 | AF33: =M33/J33 -> 0.98863636
A34: 新豐8線 | B34: 平均 | I34: 17 | J34: 2400 | K34: =J34/I34 -> 141.17647 | L34: 17 | M34: =AVERAGE(M29:M33) -> 2309.2652 | N34: =M34/L34 -> 135.83913 | O34: =L34-I34 -> 0 | P34: =N34-K34 -> -5.337343 | Q34: =N34/K34 -> 0.96219382 | Y34: =SUM(Y29:Y33) -> 0 | Z34: =SUM(Z29:Z33) -> 0 | AC34: 5 | AD34: =SUM(AD29:AD33) -> 0 | AE34: =M34-J34 -> -90.73483 | AF34: =M34/J34 -> 0.96219382
A35: 新豐9線 | B35: 三明治 | C35: 經典總匯三明治(115年) | E35: 26.18 | F35: 4519 | G35: =E35*F35 -> 118307.42 | I35: 20 | J35: 2400 | K35: =J35/I35 -> 120 | L35: 20 | M35: =F35/V35*60 -> 2297.7966 | N35: =M35/L35 -> 114.88983 | O35: =L35-I35 -> 0 | P35: =N35-K35 -> -5.1101695 | Q35: =N35/K35 -> 0.95741525 | R35: =Q40 -> 0.95739058 | S35: 0.083333333 | T35: 0.16527778 | V35: =(T35-S35)*24*60 -> 118 | W35: =T35 -> 0.16527778 | X35: =S36 -> 0.18611111 | AC35: 5 | AE35: =M35-J35 -> -102.20339 | AF35: =M35/J35 -> 0.95741525 | AG35: =AF40 -> 0.95739058
A36: 新豐9線 | B36: 三明治 | C36: 雙泰奶QQ三明治 | E36: 23.89 | F36: 1159 | G36: =E36*F36 -> 27688.51 | I36: 13 | J36: 2400 | K36: =J36/I36 -> 184.61538 | L36: 13 | M36: =F36/V36*60 -> 2318 | N36: =M36/L36 -> 178.30769 | O36: =L36-I36 -> 0 | P36: =N36-K36 -> -6.3076923 | Q36: =N36/K36 -> 0.96583333 | S36: 0.18611111 | T36: 0.20694444 | U36: =(S36-T35)*24*60 -> 30 | V36: =(T36-S36)*24*60 -> 30 | AE36: =M36-J36 -> -82 | AF36: =M36/J36 -> 0.96583333
A37: 新豐9線 | B37: 三明治 | C37: 鮪魚起司溏心蛋三明治(115年) | E37: 26.18 | F37: 6256 | G37: =E37*F37 -> 163782.08 | I37: 18 | J37: 2400 | K37: =J37/I37 -> 133.33333 | L37: 18 | M37: =F37/V37*60 -> 2288.7805 | N37: =M37/L37 -> 127.15447 | O37: =L37-I37 -> 0 | P37: =N37-K37 -> -6.1788618 | Q37: =N37/K37 -> 0.95365854 | S37: 0.2125 | T37: 0.32638889 | U37: =(S37-T36)*24*60 -> 8 | V37: =(T37-S37)*24*60 -> 164 | AE37: =M37-J37 -> -111.21951 | AF37: =M37/J37 -> 0.95365854
A38: 新豐9線 | B38: 三明治 | C38: 雞蛋沙拉三明治(114年) | E38: 25.99 | F38: 3013 | G38: =E38*F38 -> 78307.87 | I38: 14 | J38: 2400 | K38: =J38/I38 -> 171.42857 | L38: 14 | M38: =F38/V38*60 -> 2288.3544 | N38: =M38/L38 -> 163.45389 | O38: =L38-I38 -> 0 | P38: =N38-K38 -> -7.9746835 | Q38: =N38/K38 -> 0.95348101 | S38: 0.32986111 | T38: 0.38472222 | U38: =(S38-T37)*24*60 -> 5 | V38: =(T38-S38)*24*60 -> 79 | AE38: =M38-J38 -> -111.64557 | AF38: =M38/J38 -> 0.95348101
A39: 新豐9線 | B39: 三明治 | C39: 好多蛋三明治 | E39: 34.1 | F39: 4870 | G39: =E39*F39 -> 166067 | I39: 17 | J39: 1600 | K39: =J39/I39 -> 94.117647 | L39: 17 | M39: =F39/V39*60 -> 1529.8429 | N39: =M39/L39 -> 89.990761 | O39: =L39-I39 -> 0 | P39: =N39-K39 -> -4.1268864 | Q39: =N39/K39 -> 0.95615183 | S39: 0.38958333 | T39: 0.52222222 | U39: =(S39-T38)*24*60 -> 7 | V39: =(T39-S39)*24*60 -> 191 | AE39: =M39-J39 -> -70.157068 | AF39: =M39/J39 -> 0.95615183
A40: 新豐9線 | B40: 平均 | I40: 16.4 | J40: 2240 | K40: =J40/I40 -> 136.58537 | L40: 16.4 | M40: =AVERAGE(M35:M39) -> 2144.5549 | N40: =M40/L40 -> 130.76554 | O40: =L40-I40 -> 0 | P40: =N40-K40 -> -5.8198237 | Q40: =N40/K40 -> 0.95739058 | Y40: =SUM(Y35:Y39) -> 0 | Z40: =SUM(Z35:Z39) -> 0 | AC40: 5 | AD40: =SUM(AD35:AD39) -> 0 | AE40: =M40-J40 -> -95.445108 | AF40: =M40/J40 -> 0.95739058
A41: 新豐3線 | B41: 調理麵包 | C41: 豬肉起司堡 | E41: 21.13 | F41: 4158 | G41: =E41*F41 -> 87858.54 | I41: 10 | J41: 3000 | K41: =J41/I41 -> 300 | L41: 10 | M41: =F41/V41*60 -> 2867.5862 | N41: =M41/L41 -> 286.75862 | O41: =L41-I41 -> 0 | P41: =N41-K41 -> -13.241379 | Q41: =N41/K41 -> 0.95586207 | R41: =Q44 -> 0.95491411 | S41: 0.20833333 | T41: 0.26875 | V41: =(T41-S41)*24*60 -> 87 | AC41: 3 | AE41: =M41-J41 -> -132.41379 | AF41: =M41/J41 -> 0.95586207 | AG41: =AF44 -> 0.95491411
A42: 新豐3線 | B42: 調理麵包 | C42: 豬肉起司蛋堡 | E42: 27.17 | F42: 4120 | G42: =E42*F42 -> 111940.4 | I42: 10 | J42: 3000 | K42: =J42/I42 -> 300 | L42: 10 | M42: =F42/V42*60 -> 2874.4186 | N42: =M42/L42 -> 287.44186 | O42: =L42-I42 -> 0 | P42: =N42-K42 -> -12.55814 | Q42: =N42/K42 -> 0.95813953 | S42: 0.27222222 | T42: 0.33194444 | U42: =(S42-T41)*24*60 -> 5 | V42: =(T42-S42)*24*60 -> 86 | AE42: =M42-J42 -> -125.5814 | AF42: =M42/J42 -> 0.95813953
A43: 新豐3線 | B43: 調理麵包 | C43: 超HOT雞腿堡 | E43: 35.87 | F43: 2567 | G43: =E43*F43 -> 92078.29 | I43: 10 | J43: 3000 | K43: =J43/I43 -> 300 | L43: 10 | M43: =F43/V43*60 -> 2852.2222 | N43: =M43/L43 -> 285.22222 | O43: =L43-I43 -> 0 | P43: =N43-K43 -> -14.777778 | Q43: =N43/K43 -> 0.95074074 | S43: 0.33680556 | T43: 0.37430556 | U43: =(S43-T42)*24*60 -> 7 | V43: =(T43-S43)*24*60 -> 54 | AE43: =M43-J43 -> -147.77778 | AF43: =M43/J43 -> 0.95074074
A44: 新豐3線 | B44: 平均 | I44: 10 | J44: 3000 | K44: =J44/I44 -> 300 | L44: 10 | M44: =AVERAGE(M41:M43) -> 2864.7423 | N44: =M44/L44 -> 286.47423 | O44: =L44-I44 -> 0 | P44: =N44-K44 -> -13.525766 | Q44: =N44/K44 -> 0.95491411 | Y44: =SUM(Y41:Y43) -> 0 | Z44: =SUM(Z41:Z43) -> 0 | AC44: 3 | AD44: =SUM(AD41:AD43) -> 0 | AE44: =M44-J44 -> -135.25766 | AF44: =M44/J44 -> 0.95491411
A45: 新豐1線 | B45: 微波主食 | C45: 炙烤醬香燒豚飯 | E45: 51.44 | F45: 1090 | G45: =E45*F45 -> 56069.6 | I45: 25 | J45: 2000 | K45: =J45/I45 -> 80 | L45: 25 | M45: =F45/V45*60 -> 1923.5294 | N45: =M45/L45 -> 76.941176 | O45: =L45-I45 -> 0 | P45: =N45-K45 -> -3.0588235 | Q45: =N45/K45 -> 0.96176471 | R45: =Q52 -> 0.95843552 | S45: 0.20833333 | T45: 0.23194444 | V45: =(T45-S45)*24*60 -> 34 | AC45: 7 | AE45: =M45-J45 -> -76.470588 | AF45: =M45/J45 -> 0.96176471 | AG45: =AF52 -> 0.95843552
A46: 新豐1線 | B46: 微波主食 | C46: 金沙醬牛豚雙饗飯 | E46: 56.43 | F46: 2297 | G46: =E46*F46 -> 129619.71 | I46: 23 | J46: 2000 | K46: =J46/I46 -> 86.956522 | L46: 23 | M46: =F46/V46*60 -> 1914.1667 | N46: =M46/L46 -> 83.224638 | O46: =L46-I46 -> 0 | P46: =N46-K46 -> -3.7318841 | Q46: =N46/K46 -> 0.95708333 | S46: 0.23680556 | T46: 0.28680556 | U46: =IF(S46=TIME(17,0,0),"",(S46-T45)*24*60) -> 7 | V46: =(T46-S46)*24*60 -> 72 | AE46: =M46-J46 -> -85.833333 | AF46: =M46/J46 -> 0.95708333
A47: 新豐1線 | B47: 微波主食 | C47: 柚見極炙烤牛 | E47: 56.43 | F47: 2259 | G47: =E47*F47 -> 127475.37 | I47: 25 | J47: 2000 | K47: =J47/I47 -> 80 | L47: 25 | M47: =F47/V47*60 -> 1909.0141 | N47: =M47/L47 -> 76.360563 | O47: =L47-I47 -> 0 | P47: =N47-K47 -> -3.6394366 | Q47: =N47/K47 -> 0.95450704 | S47: 0.29236111 | T47: 0.34166667 | U47: =IF(S47=TIME(17,0,0),"",(S47-T46)*24*60) -> 8 | V47: =(T47-S47)*24*60 -> 71 | AE47: =M47-J47 -> -90.985915 | AF47: =M47/J47 -> 0.95450704
A48: 新豐1線 | B48: 沙拉 | C48: 蔥鹽雞肉麵沙拉(114年) | E48: 46 | F48: 986 | G48: =E48*F48 -> 45356 | I48: 16 | J48: 2000 | K48: =J48/I48 -> 125 | L48: 16 | M48: =F48/V48*60 -> 1908.3871 | N48: =M48/L48 -> 119.27419 | O48: =L48-I48 -> 0 | P48: =N48-K48 -> -5.7258065 | Q48: =N48/K48 -> 0.95419355 | S48: 0.34513889 | T48: 0.36666667 | U48: =IF(S48=TIME(17,0,0),"",(S48-T47)*24*60) -> 5 | V48: =(T48-S48)*24*60 -> 31 | AE48: =M48-J48 -> -91.612903 | AF48: =M48/J48 -> 0.95419355
A49: 新豐1線 | B49: 沙拉 | C49: 莎莎烤雞麵沙拉(115年) | E49: 46 | F49: 1127 | G49: =E49*F49 -> 51842 | I49: 17 | J49: 2000 | K49: =J49/I49 -> 117.64706 | L49: 17 | M49: =F49/V49*60 -> 1932 | N49: =M49/L49 -> 113.64706 | O49: =L49-I49 -> 0 | P49: =N49-K49 -> -4 | Q49: =N49/K49 -> 0.966 | S49: 0.37152778 | T49: 0.39583333 | U49: =IF(S49=TIME(17,0,0),"",(S49-T48)*24*60) -> 7 | V49: =(T49-S49)*24*60 -> 35 | AE49: =M49-J49 -> -68 | AF49: =M49/J49 -> 0.966
A50: 新豐1線 | B50: 微波主食 | C50: 二配香辣醬蒜味香腸蛋炒飯 | E50: 55.56 | F50: 1911 | G50: =E50*F50 -> 106175.16 | I50: 17 | J50: 2000 | K50: =J50/I50 -> 117.64706 | L50: 17 | M50: =F50/V50*60 -> 1911 | N50: =M50/L50 -> 112.41176 | O50: =L50-I50 -> 0 | P50: =N50-K50 -> -5.2352941 | Q50: =N50/K50 -> 0.9555 | S50: 0.70833333 | T50: 0.75 | U50: =IF(S50=TIME(17,0,0),"",(S50-T49)*24*60) | V50: =(T50-S50)*24*60 -> 60 | AE50: =M50-J50 -> -89 | AF50: =M50/J50 -> 0.9555
A51: 新豐1線 | B51: 微波主食 | C51: 二配排骨蛋炒飯 | E51: 58.17 | F51: 1696 | G51: =E51*F51 -> 98656.32 | I51: 13 | J51: 2000 | K51: =J51/I51 -> 153.84615 | L51: 13 | M51: =F51/V51*60 -> 1920 | N51: =M51/L51 -> 147.69231 | O51: =L51-I51 -> 0 | P51: =N51-K51 -> -6.1538462 | Q51: =N51/K51 -> 0.96 | S51: 0.75347222 | T51: 0.79027778 | U51: =IF(S51=TIME(17,0,0),"",(S51-T50)*24*60) -> 5 | V51: =(T51-S51)*24*60 -> 53 | AE51: =M51-J51 -> -80 | AF51: =M51/J51 -> 0.96
A52: 新豐1線 | B52: 平均 | I52: 19.428571 | J52: 2000 | K52: =J52/I52 -> 102.94118 | L52: 19.428571 | M52: =AVERAGE(M45:M51) -> 1916.871 | N52: =M52/L52 -> 98.66248 | O52: =L52-I52 -> 0 | P52: =N52-K52 -> -4.2786966 | Q52: =N52/K52 -> 0.95843552 | Y52: =SUM(Y45:Y51) -> 0 | Z52: =SUM(Z45:Z51) -> 0 | AC52: 7 | AD52: =SUM(AD45:AD51) -> 0 | AE52: =M52-J52 -> -83.128963 | AF52: =M52/J52 -> 0.95843552
A53: 新豐10線 | B53: 調理麵包 | C53: 經典雙牛起司堡(113年) | E53: 35.12 | F53: 3954 | G53: =E53*F53 -> 138864.48 | I53: 10 | J53: 3000 | K53: =J53/I53 -> 300 | L53: 10 | M53: =F53/V53*60 -> 2858.3133 | N53: =M53/L53 -> 285.83133 | O53: =L53-I53 -> 0 | P53: =N53-K53 -> -14.168675 | Q53: =N53/K53 -> 0.95277108 | R53: =Q58 -> 0.95658159 | S53: 0.20833333 | T53: 0.26597222 | V53: =(T53-S53)*24*60 -> 83 | AC53: 5 | AE53: =M53-J53 -> -141.68675 | AF53: =M53/J53 -> 0.95277108 | AG53: =AF58 -> 0.95658159
A54: 新豐10線 | B54: 調理麵包 | C54: 香雞蛋堡(112年) | E54: 26.78 | F54: 1782 | G54: =E54*F54 -> 47721.96 | I54: 10 | J54: 3000 | K54: =J54/I54 -> 300 | L54: 10 | M54: =F54/V54*60 -> 2889.7297 | N54: =M54/L54 -> 288.97297 | O54: =L54-I54 -> 0 | P54: =N54-K54 -> -11.027027 | Q54: =N54/K54 -> 0.96324324 | S54: 0.26944444 | T54: 0.29513889 | U54: =(S54-T53)*24*60 -> 5 | V54: =(T54-S54)*24*60 -> 37 | AE54: =M54-J54 -> -110.27027 | AF54: =M54/J54 -> 0.96324324
A55: 新豐10線 | B55: 調理麵包 | C55: 元氣起司鱈魚堡 | E55: 36.14 | F55: 555 | G55: =E55*F55 -> 20057.7 | I55: 11 | J55: 3000 | K55: =J55/I55 -> 272.72727 | L55: 11 | M55: =F55/V55*60 -> 2775 | N55: =M55/L55 -> 252.27273 | O55: =L55-I55 -> 0 | P55: =N55-K55 -> -20.454545 | Q55: =N55/K55 -> 0.925 | S55: 0.30069444 | T55: 0.30902778 | U55: =(S55-T54)*24*60 -> 8 | V55: =(T55-S55)*24*60 -> 12 | AE55: =M55-J55 -> -225 | AF55: =M55/J55 -> 0.925
A56: 新豐10線 | B56: 調理麵包 | C56: 美式雞腿堡 | E56: 35.87 | F56: 987 | G56: =E56*F56 -> 35403.69 | I56: 9 | J56: 3000 | K56: =J56/I56 -> 333.33333 | L56: 9 | M56: =F56/V56*60 -> 2961 | N56: =M56/L56 -> 329 | O56: =L56-I56 -> 0 | P56: =N56-K56 -> -4.3333333 | Q56: =N56/K56 -> 0.987 | S56: 0.31319444 | T56: 0.32708333 | U56: =(S56-T55)*24*60 -> 6 | V56: =(T56-S56)*24*60 -> 20 | AE56: =M56-J56 -> -39 | AF56: =M56/J56 -> 0.987
A57: 新豐10線 | B57: 調理麵包 | C57: 益活雞力能量堡 | E57: 33.77 | F57: 4488 | G57: =E57*F57 -> 151559.76 | I57: 12 | J57: 3000 | K57: =J57/I57 -> 250 | L57: 12 | M57: =F57/V57*60 -> 2864.6809 | N57: =M57/L57 -> 238.7234 | O57: =L57-I57 -> 0 | P57: =N57-K57 -> -11.276596 | Q57: =N57/K57 -> 0.95489362 | S57: 0.33263889 | T57: 0.39791667 | U57: =(S57-T56)*24*60 -> 8 | V57: =(T57-S57)*24*60 -> 94 | AE57: =M57-J57 -> -135.31915 | AF57: =M57/J57 -> 0.95489362
A58: 新豐10線 | B58: 平均 | I58: 10.4 | J58: 3000 | K58: =J58/I58 -> 288.46154 | L58: 10.4 | M58: =AVERAGE(M53:M57) -> 2869.7448 | N58: =M58/L58 -> 275.937 | O58: =L58-I58 -> 0 | P58: =N58-K58 -> -12.524542 | Q58: =N58/K58 -> 0.95658159 | Y58: =SUM(Y53:Y57) -> 0 | Z58: =SUM(Z53:Z57) -> 0 | AC58: 5 | AD58: =SUM(AD53:AD57) -> 0 | AE58: =M58-J58 -> -130.25523 | AF58: =M58/J58 -> 0.95658159
A59: 新豐4線 | B59: 三明治 | C59: 火腿起司蛋三明治 | E59: 19.02 | F59: 7381 | G59: =E59*F59 -> 140386.62 | I59: 14 | J59: 2400 | K59: =J59/I59 -> 171.42857 | L59: 14 | M59: =F59/V59*60 -> 2294.6114 | N59: =M59/L59 -> 163.90081 | O59: =L59-I59 -> 0 | P59: =N59-K59 -> -7.5277572 | Q59: =N59/K59 -> 0.95608808 | R59: =Q64 -> 0.95737893 | S59: 0.083333333 | T59: 0.21736111 | V59: =(T59-S59)*24*60 -> 193 | W59: =T59 -> 0.21736111 | X59: =S60 -> 0.23611111 | AC59: 5 | AE59: =M59-J59 -> -105.3886 | AF59: =M59/J59 -> 0.95608808 | AG59: =AF64 -> 0.95737893
A60: 新豐4線 | B60: 三明治 | C60: 肉鬆火腿三明治(115年) | E60: 20.36 | F60: 2954 | G60: =E60*F60 -> 60143.44 | I60: 17 | J60: 2400 | K60: =J60/I60 -> 141.17647 | L60: 17 | M60: =F60/V60*60 -> 2301.8182 | N60: =M60/L60 -> 135.40107 | O60: =L60-I60 -> 0 | P60: =N60-K60 -> -5.7754011 | Q60: =N60/K60 -> 0.95909091 | S60: 0.23611111 | T60: 0.28958333 | U60: =(S60-T59)*24*60 -> 27 | V60: =(T60-S60)*24*60 -> 77 | AE60: =M60-J60 -> -98.181818 | AF60: =M60/J60 -> 0.95909091
A61: 新豐4線 | B61: 三明治 | C61: 金黃玉米蛋三明治 | E61: 24.25 | F61: 2016 | G61: =E61*F61 -> 48888 | I61: 16 | J61: 2400 | K61: =J61/I61 -> 150 | L61: 16 | M61: =F61/V61*60 -> 2326.1538 | N61: =M61/L61 -> 145.38462 | O61: =L61-I61 -> 0 | P61: =N61-K61 -> -4.6153846 | Q61: =N61/K61 -> 0.96923077 | S61: 0.29305556 | T61: 0.32916667 | U61: =(S61-T60)*24*60 -> 5 | V61: =(T61-S61)*24*60 -> 52 | AE61: =M61-J61 -> -73.846154 | AF61: =M61/J61 -> 0.96923077
A62: 新豐4線 | B62: 三明治 | C62: 水果聖代三明治 | E62: 28.29 | F62: 2701 | G62: =E62*F62 -> 76411.29 | I62: 19 | J62: 2400 | K62: =J62/I62 -> 126.31579 | L62: 19 | M62: =F62/V62*60 -> 2282.5352 | N62: =M62/L62 -> 120.13343 | O62: =L62-I62 -> 0 | P62: =N62-K62 -> -6.1823573 | Q62: =N62/K62 -> 0.95105634 | S62: 0.33472222 | T62: 0.38402778 | U62: =(S62-T61)*24*60 -> 8 | V62: =(T62-S62)*24*60 -> 71 | AE62: =M62-J62 -> -117.46479 | AF62: =M62/J62 -> 0.95105634
A63: 新豐4線 | B63: 三明治 | C63: 好多菜三明治 | E63: 25.98 | F63: 3996 | G63: =E63*F63 -> 103816.08 | I63: 19 | J63: 2400 | K63: =J63/I63 -> 126.31579 | L63: 19 | M63: =F63/V63*60 -> 2283.4286 | N63: =M63/L63 -> 120.18045 | O63: =L63-I63 -> 0 | P63: =N63-K63 -> -6.1353383 | Q63: =N63/K63 -> 0.95142857 | S63: 0.38958333 | T63: 0.4625 | U63: =(S63-T62)*24*60 -> 8 | V63: =(T63-S63)*24*60 -> 105 | AE63: =M63-J63 -> -116.57143 | AF63: =M63/J63 -> 0.95142857
A64: 新豐4線 | B64: 平均 | I64: 17 | J64: 2400 | K64: =J64/I64 -> 141.17647 | L64: 17 | M64: =AVERAGE(M59:M63) -> 2297.7094 | N64: =M64/L64 -> 135.15938 | O64: =L64-I64 -> 0 | P64: =N64-K64 -> -6.0170917 | Q64: =N64/K64 -> 0.95737893 | Y64: =SUM(Y59:Y63) -> 0 | Z64: =SUM(Z59:Z63) -> 0 | AC64: 5 | AD64: =SUM(AD59:AD63) -> 0 | AE64: =M64-J64 -> -102.29056 | AF64: =M64/J64 -> 0.95737893

Sheet 0827
B1: 屏榮 新豐廠組合室生產人時性分析
B3: 日期 | C3: =TEXT('0827 4度C'!A2,"yyyy.mm.ddaaaa") -> 2026.08.27星期四 | E3: 訂單量 | F3: ='0827 4度C'!D1 -> 157218 | H3: 營業額 | I3: ='0827 4度C'!F1 -> 5568827.9
B4: 人時性 | C4: 項目 | E4: ➀ | G4: ➁ | I4: ➂ | K4: 異常停線 | M4: 短暫停線
C5: 組合室 | E5: 全溫層 | G5: 4度C-各編組展開 | I5: ③三明治-各編組展開 | K5: 合計次數 | L5: 時間 | M5: 合計次數 | N5: 設備次數
C6: 排關平均 | E6: =AVERAGE(D13:M13) -> 155.2988 | F6: =AVERAGE(D31:O31,D13:J13) -> 162.54473 | G6: =AVERAGE(D13:J13) -> 162.54473 | I6: =AVERAGE(K13:M13) -> 138.39163 | K6: ='0827 4度C'!Y2 -> 0 | L6: ='0827 4度C'!Z2 -> 0 | M6: ='0827 4度C'!AC2 -> 54 | N6: ='0827 4度C'!AD2 -> 0
C7: 實績平均 | E7: =AVERAGE(D14:M14) -> 149.13283 | F7: =AVERAGE(D32:O32,D14:J14) -> 156.2932 | G7: =AVERAGE(D14:J14) -> 156.2932 | I7: =AVERAGE(K14:M14) -> 132.42531
C8: 達成率平均 | E8: =AVERAGE(D15:M15) -> 0.95963562 | F8: =AVERAGE(D15:J15,D33:O33) -> 0.96078088 | G8: =AVERAGE(D15:J15) -> 0.96078088 | I8: =AVERAGE(K15:M15) -> 0.95696335
K9: ※現行日本鮮食廠以達成率80%為基本(即為現行KPI)
B10: 溫層 | D10: ➁4度C-各編組展開 | K10: ③三明治-各編組展開
B11: 編組 | D11: 1 | E11: 2 | F11: 3 | G11: 4 | H11: 5 | I11: 6 | J11: 7 | K11: 1 | L11: 2 | M11: 3
D12: 新豐6線 | E12: 新豐2線 | F12: 新豐5線 | G12: 新豐7線 | H12: 新豐3線 | I12: 新豐1線 | J12: 新豐10線 | K12: 新豐8線 | L12: 新豐9線 | M12: 新豐4線
B13: 人時性 | C13: 排關 | D13: =SUMIFS('0827 4度C'!$K:$K,'0827 4度C'!$A:$A,"新豐6線",'0827 4度C'!$B:$B,"平均") -> 130.43478 | E13: =SUMIFS('0827 4度C'!$K:$K,'0827 4度C'!$A:$A,"新豐2線",'0827 4度C'!$B:$B,"平均") -> 88.235294 | F13: =SUMIFS('0827 4度C'!$K:$K,'0827 4度C'!$A:$A,"新豐5線",'0827 4度C'!$B:$B,"平均") -> 96.899225 | G13: =SUMIFS('0827 4度C'!$K:$K,'0827 4度C'!$A:$A,"新豐7線",'0827 4度C'!$B:$B,"平均") -> 130.84112 | H13: =SUMIFS('0827 4度C'!$K:$K,'0827 4度C'!$A:$A,"新豐3線",'0827 4度C'!$B:$B,"平均") -> 300 | I13: =SUMIFS('0827 4度C'!$K:$K,'0827 4度C'!$A:$A,"新豐1線",'0827 4度C'!$B:$B,"平均") -> 102.94118 | J13: =SUMIFS('0827 4度C'!$K:$K,'0827 4度C'!$A:$A,"新豐10線",'0827 4度C'!$B:$B,"平均") -> 288.46154 | K13: =SUMIFS('0827 4度C'!$K:$K,'0827 4度C'!$A:$A,"新豐8線",'0827 4度C'!$B:$B,"平均") -> 139.80583 | L13: =SUMIFS('0827 4度C'!$K:$K,'0827 4度C'!$A:$A,"新豐9線",'0827 4度C'!$B:$B,"平均") -> 129.91453 | M13: =SUMIFS('0827 4度C'!$K:$K,'0827 4度C'!$A:$A,"新豐4線",'0827 4度C'!$B:$B,"平均") -> 145.45455
C14: 實績 | D14: =SUMIFS('0827 4度C'!$N:$N,'0827 4度C'!$A:$A,"新豐6線",'0827 4度C'!$B:$B,"平均") -> 124.90955 | E14: =SUMIFS('0827 4度C'!$N:$N,'0827 4度C'!$A:$A,"新豐2線",'0827 4度C'!$B:$B,"平均") -> 84.274912 | F14: =SUMIFS('0827 4度C'!$N:$N,'0827 4度C'!$A:$A,"新豐5線",'0827 4度C'!$B:$B,"平均") -> 93.03643 | G14: =SUMIFS('0827 4度C'!$N:$N,'0827 4度C'!$A:$A,"新豐7線",'0827 4度C'!$B:$B,"平均") -> 126.03136 | H14: =SUMIFS('0827 4度C'!$N:$N,'0827 4度C'!$A:$A,"新豐3線",'0827 4度C'!$B:$B,"平均") -> 287.17478 | I14: =SUMIFS('0827 4度C'!$N:$N,'0827 4度C'!$A:$A,"新豐1線",'0827 4度C'!$B:$B,"平均") -> 99.160629 | J14: =SUMIFS('0827 4度C'!$N:$N,'0827 4度C'!$A:$A,"新豐10線",'0827 4度C'!$B:$B,"平均") -> 279.4647 | K14: =SUMIFS('0827 4度C'!$N:$N,'0827 4度C'!$A:$A,"新豐8線",'0827 4度C'!$B:$B,"平均") -> 133.60582 | L14: =SUMIFS('0827 4度C'!$N:$N,'0827 4度C'!$A:$A,"新豐9線",'0827 4度C'!$B:$B,"平均") -> 124.6465 | M14: =SUMIFS('0827 4度C'!$N:$N,'0827 4度C'!$A:$A,"新豐4線",'0827 4度C'!$B:$B,"平均") -> 139.0236
C15: 達成率 | D15: =D14/D13 -> 0.95763991 | E15: =E14/E13 -> 0.95511567 | F15: =F14/F13 -> 0.96013596 | G15: =G14/G13 -> 0.96323967 | H15: =H14/H13 -> 0.95724928 | I15: =I14/I13 -> 0.96327468 | J15: =J14/J13 -> 0.96881098 | K15: =K14/K13 -> 0.95565276 | ... M15: =M14/M13 -> 0.95578726
B16: 作業 時間 | C16: 開始 | D16: =VLOOKUP("新豐6線",'0827 4度C'!$A:$T,19,0) -> 0.70833333 | E16: =VLOOKUP("新豐2線",'0827 4度C'!$A:$T,19,0) -> 0.083333333 | F16: =VLOOKUP("新豐5線",'0827 4度C'!$A:$T,19,0) -> 0.20833333 | G16: =VLOOKUP("新豐7線",'0827 4度C'!$A:$T,19,0) -> 0.20833333 | H16: =VLOOKUP("新豐3線",'0827 4度C'!$A:$T,19,0) -> 0.20833333 | I16: =VLOOKUP("新豐1線",'0827 4度C'!$A:$T,19,0) -> 0.20833333 | J16: =VLOOKUP("新豐10線",'0827 4度C'!$A:$T,19,0) -> 0.20833333 | K16: =VLOOKUP("新豐8線",'0827 4度C'!$A:$T,19,0) -> 0.083333333 | L16: =VLOOKUP("新豐9線",'0827 4度C'!$A:$T,19,0) -> 0.083333333 | M16: =VLOOKUP("新豐4線",'0827 4度C'!$A:$T,19,0) -> 0.083333333
C17: 結束 | D17: =LOOKUP(2,1/(('0827 4度C'!$A:$A="新豐6線")*('0827 4度C'!$T:$T<>"")),'0827 4度C'!$T:$T) -> 0.84861111 | E17: =LOOKUP(2,1/(('0827 4度C'!$A:$A="新豐2線")*('0827 4度C'!$T:$T<>"")),'0827 4度C'!$T:$T) -> 0.45486111 | F17: =LOOKUP(2,1/(('0827 4度C'!$A:$A="新豐5線")*('0827 4度C'!$T:$T<>"")),'0827 4度C'!$T:$T) -> 0.81319444 | G17: =LOOKUP(2,1/(('0827 4度C'!$A:$A="新豐7線")*('0827 4度C'!$T:$T<>"")),'0827 4度C'!$T:$T) -> 0.81875 | H17: =LOOKUP(2,1/(('0827 4度C'!$A:$A="新豐3線")*('0827 4度C'!$T:$T<>"")),'0827 4度C'!$T:$T) -> 0.40763889 | I17: =LOOKUP(2,1/(('0827 4度C'!$A:$A="新豐1線")*('0827 4度C'!$T:$T<>"")),'0827 4度C'!$T:$T) -> 0.8 | J17: =LOOKUP(2,1/(('0827 4度C'!$A:$A="新豐10線")*('0827 4度C'!$T:$T<>"")),'0827 4度C'!$T:$T) -> 0.42430556 | K17: =LOOKUP(2,1/(('0827 4度C'!$A:$A="新豐8線")*('0827 4度C'!$T:$T<>"")),'0827 4度C'!$T:$T) -> 0.59097222 | L17: =LOOKUP(2,1/(('0827 4度C'!$A:$A="新豐9線")*('0827 4度C'!$T:$T<>"")),'0827 4度C'!$T:$T) -> 0.65555556 | M17: =LOOKUP(2,1/(('0827 4度C'!$A:$A="新豐4線")*('0827 4度C'!$T:$T<>"")),'0827 4度C'!$T:$T) -> 0.6
B18: 產線異常 (5分鐘以上) | C18: 次數 | D18: =SUMIFS('0827 4度C'!$Y:$Y,'0827 4度C'!$A:$A,"新豐6線",'0827 4度C'!$B:$B,"平均") -> 0 | E18: =SUMIFS('0827 4度C'!$Y:$Y,'0827 4度C'!$A:$A,"新豐2線",'0827 4度C'!$B:$B,"平均") -> 0 | F18: =SUMIFS('0827 4度C'!$Y:$Y,'0827 4度C'!$A:$A,"新豐5線",'0827 4度C'!$B:$B,"平均") -> 0 | G18: =SUMIFS('0827 4度C'!$Y:$Y,'0827 4度C'!$A:$A,"新豐7線",'0827 4度C'!$B:$B,"平均") -> 0 | H18: =SUMIFS('0827 4度C'!$Y:$Y,'0827 4度C'!$A:$A,"新豐3線",'0827 4度C'!$B:$B,"平均") -> 0 | I18: =SUMIFS('0827 4度C'!$Y:$Y,'0827 4度C'!$A:$A,"新豐1線",'0827 4度C'!$B:$B,"平均") -> 0 | J18: =SUMIFS('0827 4度C'!$Y:$Y,'0827 4度C'!$A:$A,"新豐10線",'0827 4度C'!$B:$B,"平均") -> 0 | K18: =SUMIFS('0827 4度C'!$Y:$Y,'0827 4度C'!$A:$A,"新豐8線",'0827 4度C'!$B:$B,"平均") -> 0 | L18: =SUMIFS('0827 4度C'!$Y:$Y,'0827 4度C'!$A:$A,"新豐9線",'0827 4度C'!$B:$B,"平均") -> 0 | M18: =SUMIFS('0827 4度C'!$Y:$Y,'0827 4度C'!$A:$A,"新豐4線",'0827 4度C'!$B:$B,"平均") -> 0
C19: 時間/分 | D19: =SUMIFS('0827 4度C'!$Z:$Z,'0827 4度C'!$A:$A,"新豐6線",'0827 4度C'!$B:$B,"平均") -> 0 | E19: =SUMIFS('0827 4度C'!$Z:$Z,'0827 4度C'!$A:$A,"新豐2線",'0827 4度C'!$B:$B,"平均") -> 0 | F19: =SUMIFS('0827 4度C'!$Z:$Z,'0827 4度C'!$A:$A,"新豐5線",'0827 4度C'!$B:$B,"平均") -> 0 | G19: =SUMIFS('0827 4度C'!$Z:$Z,'0827 4度C'!$A:$A,"新豐7線",'0827 4度C'!$B:$B,"平均") -> 0 | H19: =SUMIFS('0827 4度C'!$Z:$Z,'0827 4度C'!$A:$A,"新豐3線",'0827 4度C'!$B:$B,"平均") -> 0 | I19: =SUMIFS('0827 4度C'!$Z:$Z,'0827 4度C'!$A:$A,"新豐1線",'0827 4度C'!$B:$B,"平均") -> 0 | J19: =SUMIFS('0827 4度C'!$Z:$Z,'0827 4度C'!$A:$A,"新豐10線",'0827 4度C'!$B:$B,"平均") -> 0 | K19: =SUMIFS('0827 4度C'!$Z:$Z,'0827 4度C'!$A:$A,"新豐8線",'0827 4度C'!$B:$B,"平均") -> 0 | L19: =SUMIFS('0827 4度C'!$Z:$Z,'0827 4度C'!$A:$A,"新豐9線",'0827 4度C'!$B:$B,"平均") -> 0 | M19: =SUMIFS('0827 4度C'!$Z:$Z,'0827 4度C'!$A:$A,"新豐4線",'0827 4度C'!$B:$B,"平均") -> 0
B20: 短暫停線 (5分鐘以下) | C20: 次數 | D20: =SUMIFS('0827 4度C'!$AC:$AC,'0827 4度C'!$A:$A,"新豐6線",'0827 4度C'!$B:$B,"平均") -> 3 | E20: =SUMIFS('0827 4度C'!$AC:$AC,'0827 4度C'!$A:$A,"新豐2線",'0827 4度C'!$B:$B,"平均") -> 3 | F20: =SUMIFS('0827 4度C'!$AC:$AC,'0827 4度C'!$A:$A,"新豐5線",'0827 4度C'!$B:$B,"平均") -> 7 | G20: =SUMIFS('0827 4度C'!$AC:$AC,'0827 4度C'!$A:$A,"新豐7線",'0827 4度C'!$B:$B,"平均") -> 7 | H20: =SUMIFS('0827 4度C'!$AC:$AC,'0827 4度C'!$A:$A,"新豐3線",'0827 4度C'!$B:$B,"平均") -> 3 | I20: =SUMIFS('0827 4度C'!$AC:$AC,'0827 4度C'!$A:$A,"新豐1線",'0827 4度C'!$B:$B,"平均") -> 7 | J20: =SUMIFS('0827 4度C'!$AC:$AC,'0827 4度C'!$A:$A,"新豐10線",'0827 4度C'!$B:$B,"平均") -> 5 | K20: =SUMIFS('0827 4度C'!$AC:$AC,'0827 4度C'!$A:$A,"新豐8線",'0827 4度C'!$B:$B,"平均") -> 6 | L20: =SUMIFS('0827 4度C'!$AC:$AC,'0827 4度C'!$A:$A,"新豐9線",'0827 4度C'!$B:$B,"平均") -> 7 | M20: =SUMIFS('0827 4度C'!$AC:$AC,'0827 4度C'!$A:$A,"新豐4線",'0827 4度C'!$B:$B,"平均") -> 6
C21: 設備次數 | D21: =SUMIFS('0827 4度C'!$AD:$AD,'0827 4度C'!$A:$A,"新豐6線",'0827 4度C'!$B:$B,"平均") -> 0 | E21: =SUMIFS('0827 4度C'!$AD:$AD,'0827 4度C'!$A:$A,"新豐2線",'0827 4度C'!$B:$B,"平均") -> 0 | F21: =SUMIFS('0827 4度C'!$AD:$AD,'0827 4度C'!$A:$A,"新豐5線",'0827 4度C'!$B:$B,"平均") -> 0 | G21: =SUMIFS('0827 4度C'!$AD:$AD,'0827 4度C'!$A:$A,"新豐7線",'0827 4度C'!$B:$B,"平均") -> 0 | H21: =SUMIFS('0827 4度C'!$AD:$AD,'0827 4度C'!$A:$A,"新豐3線",'0827 4度C'!$B:$B,"平均") -> 0 | I21: =SUMIFS('0827 4度C'!$AD:$AD,'0827 4度C'!$A:$A,"新豐1線",'0827 4度C'!$B:$B,"平均") -> 0 | J21: =SUMIFS('0827 4度C'!$AD:$AD,'0827 4度C'!$A:$A,"新豐10線",'0827 4度C'!$B:$B,"平均") -> 0 | K21: =SUMIFS('0827 4度C'!$AD:$AD,'0827 4度C'!$A:$A,"新豐8線",'0827 4度C'!$B:$B,"平均") -> 0 | L21: =SUMIFS('0827 4度C'!$AD:$AD,'0827 4度C'!$A:$A,"新豐9線",'0827 4度C'!$B:$B,"平均") -> 0 | M21: =SUMIFS('0827 4度C'!$AD:$AD,'0827 4度C'!$A:$A,"新豐4線",'0827 4度C'!$B:$B,"平均") -> 0
B22: 配置人數 | D22: =SUMIFS('0827 4度C'!$I:$I,'0827 4度C'!$A:$A,"新豐6線",'0827 4度C'!$B:$B,"平均") -> 15.333333 | E22: =SUMIFS('0827 4度C'!$I:$I,'0827 4度C'!$A:$A,"新豐2線",'0827 4度C'!$B:$B,"平均") -> 17 | F22: =SUMIFS('0827 4度C'!$I:$I,'0827 4度C'!$A:$A,"新豐5線",'0827 4度C'!$B:$B,"平均") -> 18.428571 | G22: =SUMIFS('0827 4度C'!$I:$I,'0827 4度C'!$A:$A,"新豐7線",'0827 4度C'!$B:$B,"平均") -> 15.285714 | H22: =SUMIFS('0827 4度C'!$I:$I,'0827 4度C'!$A:$A,"新豐3線",'0827 4度C'!$B:$B,"平均") -> 10 | I22: =SUMIFS('0827 4度C'!$I:$I,'0827 4度C'!$A:$A,"新豐1線",'0827 4度C'!$B:$B,"平均") -> 19.428571 | J22: =SUMIFS('0827 4度C'!$I:$I,'0827 4度C'!$A:$A,"新豐10線",'0827 4度C'!$B:$B,"平均") -> 10.4 | K22: =SUMIFS('0827 4度C'!$I:$I,'0827 4度C'!$A:$A,"新豐8線",'0827 4度C'!$B:$B,"平均") -> 17.166667 | L22: =SUMIFS('0827 4度C'!$I:$I,'0827 4度C'!$A:$A,"新豐9線",'0827 4度C'!$B:$B,"平均") -> 16.714286 | M22: =SUMIFS('0827 4度C'!$I:$I,'0827 4度C'!$A:$A,"新豐4線",'0827 4度C'!$B:$B,"平均") -> 16.5
B23: 主要應用設備 | D23: ET-55 | E23: 熱縮爐 | F23: L型包裝機 | G23: L型包裝機 | H23: 伺服包裝機 | I23: ET-55 | J23: 伺服包裝機 | K23: 三明治包裝機 | L23: 三明治包裝機 | M23: 三明治包裝機
B24: 次要應用設備 | F24: 圓盤機 | G24: ET-55
B25: 備註 | E25: 握沙拉 | F25: 共用L型包裝機 | H25: 調理麵包 | I25: 炒飯+沙拉 | J25: 調理麵包

Sheet 0827 4度C
A1: 新豐廠四度C日報分析 | C1: 總生產量 | D1: =SUM(F5:F68) -> 157218 | E1: 營業額 | F1: =SUM(G5:G68) -> 5568827.9 | G1: 出勤人數 | H1: =L8+L12+L47+L55+L20+L61+L35+L43+L28+L68 -> 156.25714 | I1: 產線配置圖 | L1: 生產實績 | O1: 人時性差異分析 | S1: 日報登錄 | Y1: 合計 次數 | Z1: 合計 時間/分 | AA1: 產線異常 分析說明(5分鐘以上) | AC1: 合計 次數 | AD1: 合計 設備次數 | AE1: 產能差異分析
A2: 46261 | B2: 星期四 | C2: 人時性 | D2: =AVERAGE(N8,N12,N47,N55,N20,N61,N28,N35,N43,N68) -> 149.13283 | E2: 平均廠價 | F2: =F1/D1 -> 35.421058 | G2: 多次生產數 | H2: =COUNT(H5:H68) -> 4 | Y2: =SUM(Y8+Y12+Y20+Y28+Y35+Y43+Y47+Y55+Y61+Y68) -> 0 | Z2: =SUM(Z8+Z12+Z20+Z28+Z35+Z43+Z47+Z55+Z61+Z68) -> 0 | AC2: 54 | AD2: =SUM(AD8+AD12+AD20+AD28+AD35+AD43+AD47+AD55+AD61+AD68) -> 0
A3: 線別 | B3: 品類 | C3: 品名 | E3: 廠價 | F3: 生產量 | G3: 營收 | H3: 多次 生產 | I3: 人數 | J3: 產能/時 | K3: 人時性 | L3: 人數 | M3: 產能/時 | N3: 人時性 | O3: 人數 | P3: 人時性 | Q3: 達成率 | R3: 達成率平均 | S3: 生產時間 | U3: 換線、休息/分 | V3: 稼動時間/分 | W3: 休息時間 | Y3: 產線異常統計 (5分鐘以上) | AA3: (新豐回填) | AC3: 短暫停線統計 (5分鐘以下) | AE3: 產能/時 | AF3: 達成率 | AG3: 達成率平均
S4: 開始 | T4: 結束 | W4: 開始 | X4: 結束 | Y4: 次數 | Z4: 時間/分 | AC4: 總次數 | AD4: 設備因素(次數)
A5: 新豐6線 | B5: 微波主食 | C5: 二配金咖哩果香甘口咖哩飯 | E5: 50.92 | F5: 2066 | G5: =E5*F5 -> 105200.72 | I5: 15 | J5: 2000 | K5: =J5/I5 -> 133.33333 | L5: 15 | M5: =F5/V5*60 -> 1907.0769 | N5: =M5/L5 -> 127.13846 | O5: =L5-I5 -> 0 | P5: =N5-K5 -> -6.1948718 | Q5: =N5/K5 -> 0.95353846 | R5: =Q8 -> 0.95763991 | S5: 0.70833333 | T5: 0.75347222 | V5: =(T5-S5)*24*60 -> 65 | AC5: 3 | AE5: =M5-J5 -> -92.923077 | AF5: =M5/J5 -> 0.95353846 | AG5: =AF8 -> 0.95763991
A6: 新豐6線 | B6: 微波主食 | C6: 二配金咖哩濃厚辛口咖哩飯 | E6: 50.98 | F6: 2188 | G6: =E6*F6 -> 111544.24 | I6: 16 | J6: 2000 | K6: =J6/I6 -> 125 | L6: 16 | M6: =F6/V6*60 -> 1902.6087 | N6: =M6/L6 -> 118.91304 | O6: =L6-I6 -> 0 | P6: =N6-K6 -> -6.0869565 | Q6: =N6/K6 -> 0.95130435 | S6: 0.75902778 | T6: 0.80694444 | U6: =IF(S6=TIME(17,0,0),"",(S6-T5)*24*60) -> 8 | V6: =(T6-S6)*24*60 -> 69 | AE6: =M6-J6 -> -97.391304 | AF6: =M6/J6 -> 0.95130435
A7: 新豐6線 | B7: 微波主食 | C7: 二配川味麻婆燒豆腐燴飯 | E7: 50.49 | F7: 1678 | G7: =E7*F7 -> 84722.22 | I7: 15 | J7: 2000 | K7: =J7/I7 -> 133.33333 | L7: 15 | M7: =F7/V7*60 -> 1936.1538 | N7: =M7/L7 -> 129.07692 | O7: =L7-I7 -> 0 | P7: =N7-K7 -> -4.2564103 | Q7: =N7/K7 -> 0.96807692 | S7: 0.8125 | T7: 0.84861111 | U7: =IF(S7=TIME(17,0,0),"",(S7-T6)*24*60) -> 8 | V7: =(T7-S7)*24*60 -> 52 | AE7: =M7-J7 -> -63.846154 | AF7: =M7/J7 -> 0.96807692
A8: 新豐6線 | B8: 平均 | I8: 15.333333 | J8: 2000 | K8: =J8/I8 -> 130.43478 | L8: 15.333333 | M8: =AVERAGE(M5:M7) -> 1915.2798 | N8: =M8/L8 -> 124.90955 | O8: =L8-I8 -> 0 | P8: =N8-K8 -> -5.525229 | Q8: =N8/K8 -> 0.95763991 | Y8: =SUM(Y5:Y7) -> 0 | Z8: =SUM(Z5:Z7) -> 0 | AC8: 3 | AD8: =SUM(AD5:AD7) -> 0 | AE8: =M8-J8 -> -84.720178 | AF8: =M8/J8 -> 0.95763991
A9: 新豐2線 | B9: 沙拉 | C9: 青醬優格雞肉握沙拉(113年) | E9: 39.62 | F9: 3967 | G9: =E9*F9 -> 157172.54 | I9: 19 | J9: 1500 | K9: =J9/I9 -> 78.947368 | L9: 19 | M9: =F9/V9*60 -> 1433.8554 | N9: =M9/L9 -> 75.466075 | O9: =L9-I9 -> 0 | P9: =N9-K9 -> -3.4812936 | Q9: =N9/K9 -> 0.95590361 | R9: =Q12 -> 0.95511567 | S9: 0.083333333 | T9: 0.19861111 | V9: =(T9-S9)*24*60 -> 166 | W9: =T9 -> 0.19861111 | X9: =S10 -> 0.21666667 | AC9: 3 | AE9: =M9-J9 -> -66.144578 | AF9: =M9/J9 -> 0.95590361 | AG9: =AF12 -> 0.95511567
A10: 新豐2線 | B10: 沙拉 | C10: 青檸烤雞握沙拉(113年) | E10: 39.8 | F10: 5858 | G10: =E10*F10 -> 233148.4 | I10: 17 | J10: 1500 | K10: =J10/I10 -> 88.235294 | L10: 17 | M10: =F10/V10*60 -> 1428.7805 | N10: =M10/L10 -> 84.045911 | O10: =L10-I10 -> 0 | P10: =N10-K10 -> -4.1893831 | Q10: =N10/K10 -> 0.95252033 | S10: 0.21666667 | T10: 0.3875 | U10: =IF(S10=TIME(17,0,0),"",(S10-T9)*24*60) -> 26 | V10: =(T10-S10)*24*60 -> 246 | AE10: =M10-J10 -> -71.219512 | AF10: =M10/J10 -> 0.95252033
A11: 新豐2線 | B11: 沙拉 | C11: 厚蛋時蔬握沙拉 | E11: 39.46 | F11: 2177 | G11: =E11*F11 -> 85904.42 | I11: 15 | J11: 1500 | K11: =J11/I11 -> 100 | L11: 15 | M11: =F11/V11*60 -> 1435.3846 | N11: =M11/L11 -> 95.692308 | O11: =L11-I11 -> 0 | P11: =N11-K11 -> -4.3076923 | Q11: =N11/K11 -> 0.95692308 | S11: 0.39166667 | T11: 0.45486111 | U11: =IF(S11=TIME(17,0,0),"",(S11-T10)*24*60) -> 6 | V11: =(T11-S11)*24*60 -> 91 | AE11: =M11-J11 -> -64.615385 | AF11: =M11/J11 -> 0.95692308
A12: 新豐2線 | B12: 平均 | I12: 17 | J12: 1500 | K12: =J12/I12 -> 88.235294 | L12: 17 | M12: =AVERAGE(M9:M11) -> 1432.6735 | N12: =M12/L12 -> 84.274912 | O12: =L12-I12 -> 0 | P12: =N12-K12 -> -3.9603819 | Q12: =N12/K12 -> 0.95511567 | Y12: =SUM(Y9:Y11) -> 0 | Z12: =SUM(Z9:Z11) -> 0 | AC12: 3 | AD12: =SUM(AD9:AD11) -> 0 | AE12: =M12-J12 -> -67.326492 | AF12: =M12/J12 -> 0.95511567
A13: 新豐5線 | B13: 季節調理麵 | C13: 台式麻醬涼麵(115年) | E13: 31.11 | F13: 2332 | G13: =E13*F13 -> 72548.52 | I13: 14 | J13: 2000 | K13: =J13/I13 -> 142.85714 | L13: 14 | M13: =F13/V13*60 -> 1916.7123 | N13: =M13/L13 -> 136.90802 | O13: =L13-I13 -> 0 | P13: =N13-K13 -> -5.9491194 | Q13: =N13/K13 -> 0.95835616 | R13: =Q20 -> 0.96013596 | S13: 0.20833333 | T13: 0.25902778 | V13: =(T13-S13)*24*60 -> 73 | AC13: 7 | AE13: =M13-J13 -> -83.287671 | AF13: =M13/J13 -> 0.95835616 | AG13: =AF20 -> 0.96013596
A14: 新豐5線 | B14: 小吃 | C14: 剝皮辣椒雞湯 | E14: 41 | F14: 1715 | G14: =E14*F14 -> 70315 | I14: 26 | J14: 1500 | K14: =J14/I14 -> 57.692308 | L14: 26 | M14: =F14/V14*60 -> 1429.1667 | N14: =M14/L14 -> 54.967949 | O14: =L14-I14 -> 0 | P14: =N14-K14 -> -2.724359 | Q14: =N14/K14 -> 0.95277778 | S14: 0.26388889 | T14: 0.31388889 | U14: =IF(S14=TIME(17,0,0),"",(S14-T13)*24*60) -> 7 | V14: =(T14-S14)*24*60 -> 72 | AE14: =M14-J14 -> -70.833333 | AF14: =M14/J14 -> 0.95277778
A15: 新豐5線 | B15: 季節調理麵 | C15: 嫩烤魚排佐花椰菜義大利麵 | E15: 68.88 | F15: 2791 | G15: =E15*F15 -> 192244.08 | I15: 16 | J15: 2000 | K15: =J15/I15 -> 125 | L15: 16 | M15: =F15/V15*60 -> 1902.9545 | N15: =M15/L15 -> 118.93466 | O15: =L15-I15 -> 0 | P15: =N15-K15 -> -6.0653409 | Q15: =N15/K15 -> 0.95147727 | S15: 0.31736111 | T15: 0.37847222 | U15: =IF(S15=TIME(17,0,0),"",(S15-T14)*24*60) -> 5 | V15: =(T15-S15)*24*60 -> 88 | AE15: =M15-J15 -> -97.045455 | AF15: =M15/J15 -> 0.95147727
A16: 新豐5線 | B16: 沙拉 | C16: 地瓜瓜握沙拉 | E16: 39.52 | F16: 2086 | G16: =E16*F16 -> 82438.72 | I16: 19 | J16: 1500 | K16: =J16/I16 -> 78.947368 | L16: 19 | M16: =F16/V16*60 -> 1438.6207 | N16: =M16/L16 -> 75.716878 | O16: =L16-I16 -> 0 | P16: =N16-K16 -> -3.23049 | Q16: =N16/K16 -> 0.95908046 | S16: 0.38333333 | T16: 0.44375 | U16: =IF(S16=TIME(17,0,0),"",(S16-T15)*24*60) -> 7 | V16: =(T16-S16)*24*60 -> 87 | AE16: =M16-J16 -> -61.37931 | AF16: =M16/J16 -> 0.95908046
A17: 新豐5線 | B17: 微波主食 | C17: 二配玉米濃湯焗烤飯 | E17: 54.5 | F17: 950 | G17: =E17*F17 -> 51775 | I17: 19 | J17: 1500 | K17: =J17/I17 -> 78.947368 | L17: 19 | M17: =F17/V17*60 -> 1461.5385 | N17: =M17/L17 -> 76.923077 | O17: =L17-I17 -> 0 | P17: =N17-K17 -> -2.0242915 | Q17: =N17/K17 -> 0.97435897 | S17: 0.70833333 | T17: 0.73541667 | U17: =IF(S17=TIME(17,0,0),"",(S17-T16)*24*60) | V17: =(T17-S17)*24*60 -> 39 | AE17: =M17-J17 -> -38.461538 | AF17: =M17/J17 -> 0.97435897
A18: 新豐5線 | B18: 微波主食 | C18: 二配港式香滑嫩蛋牛肉燴飯 | E18: 50.67 | F18: 1347 | G18: =E18*F18 -> 68252.49 | I18: 17 | J18: 2000 | K18: =J18/I18 -> 117.64706 | L18: 17 | M18: =F18/V18*60 -> 1924.2857 | N18: =M18/L18 -> 113.19328 | O18: =L18-I18 -> 0 | P18: =N18-K18 -> -4.4537815 | Q18: =N18/K18 -> 0.96214286 | S18: 0.73958333 | T18: 0.76875 | U18: =IF(S18=TIME(17,0,0),"",(S18-T17)*24*60) -> 6 | V18: =(T18-S18)*24*60 -> 42 | AE18: =M18-J18 -> -75.714286 | AF18: =M18/J18 -> 0.96214286
A19: 新豐5線 | B19: 微波主食 | C19: 二配美味蟹煲 | E19: 54.09 | F19: 1832 | G19: =E19*F19 -> 99092.88 | I19: 18 | J19: 2000 | K19: =J19/I19 -> 111.11111 | L19: 18 | M19: =F19/V19*60 -> 1928.4211 | N19: =M19/L19 -> 107.1345 | O19: =L19-I19 -> 0 | P19: =N19-K19 -> -3.9766082 | Q19: =N19/K19 -> 0.96421053 | S19: 0.77361111 | T19: 0.81319444 | U19: =IF(S19=TIME(17,0,0),"",(S19-T18)*24*60) -> 7 | V19: =(T19-S19)*24*60 -> 57 | AE19: =M19-J19 -> -71.578947 | AF19: =M19/J19 -> 0.96421053
A20: 新豐5線 | B20: 平均 | I20: 18.428571 | J20: 1785.7143 | K20: =J20/I20 -> 96.899225 | L20: 18.428571 | M20: =AVERAGE(M13:M19) -> 1714.5285 | N20: =M20/L20 -> 93.03643 | O20: =L20-I20 -> 0 | P20: =N20-K20 -> -3.8627949 | Q20: =N20/K20 -> 0.96013596 | Y20: =SUM(Y13:Y19) -> 0 | Z20: =SUM(Z13:Z19) -> 0 | AC20: 7 | AD20: =SUM(AD13:AD19) -> 0 | AE20: =M20-J20 -> -71.185792 | AF20: =M20/J20 -> 0.96013596
A21: 新豐7線 | B21: 微波主食 | C21: 韓式泡菜豬肉豆腐丼飯 | E21: 50.67 | F21: 1578 | G21: =E21*F21 -> 79957.26 | I21: 17 | J21: 2000 | K21: =J21/I21 -> 117.64706 | L21: 17 | M21: =F21/V21*60 -> 1932.2449 | N21: =M21/L21 -> 113.66146 | O21: =L21-I21 -> 0 | P21: =N21-K21 -> -3.9855942 | Q21: =N21/K21 -> 0.96612245 | R21: =Q28 -> 0.96323967 | S21: 0.20833333 | T21: 0.24236111 | V21: =(T21-S21)*24*60 -> 49 | AC21: 7 | AE21: =M21-J21 -> -67.755102 | AF21: =M21/J21 -> 0.96612245 | AG21: =AF28 -> 0.96323967
A22: 新豐7線 | B22: 微波主食 | C22: 鐵板滑蛋炸豬排丼 | E22: 57.73 | F22: 2553 | G22: =E22*F22 -> 147384.69 | I22: 14 | J22: 2000 | K22: =J22/I22 -> 142.85714 | L22: 14 | M22: =F22/V22*60 -> 1914.75 | N22: =M22/L22 -> 136.76786 | O22: =L22-I22 -> 0 | P22: =N22-K22 -> -6.0892857 | Q22: =N22/K22 -> 0.957375 | S22: 0.24791667 | T22: 0.30347222 | U22: =IF(S22=TIME(17,0,0),"",(S22-T21)*24*60) -> 8 | V22: =(T22-S22)*24*60 -> 80 | AE22: =M22-J22 -> -85.25 | AF22: =M22/J22 -> 0.957375
A23: 新豐7線 | B23: 微波主食 | C23: 日式炙烤親子丼 | E23: 53.27 | F23: 1893 | G23: =E23*F23 -> 100840.11 | I23: 16 | J23: 2000 | K23: =J23/I23 -> 125 | L23: 16 | M23: =F23/V23*60 -> 1925.0847 | N23: =M23/L23 -> 120.3178 | O23: =L23-I23 -> 0 | P23: =N23-K23 -> -4.6822034 | Q23: =N23/K23 -> 0.96254237 | S23: 0.30902778 | T23: 0.35 | U23: =IF(S23=TIME(17,0,0),"",(S23-T22)*24*60) -> 8 | V23: =(T23-S23)*24*60 -> 59 | AE23: =M23-J23 -> -74.915254 | AF23: =M23/J23 -> 0.96254237
A24: 新豐7線 | B24: 微波主食 | C24: 爆炒雞丁飯 | E24: 59.04 | F24: 1435 | G24: =E24*F24 -> 84722.4 | I24: 19 | J24: 2000 | K24: =J24/I24 -> 105.26316 | L24: 19 | M24: =F24/V24*60 -> 1913.3333 | N24: =M24/L24 -> 100.70175 | O24: =L24-I24 -> 0 | P24: =N24-K24 -> -4.5614035 | Q24: =N24/K24 -> 0.95666667 | S24: 0.35486111 | T24: 0.38611111 | U24: =IF(S24=TIME(17,0,0),"",(S24-T23)*24*60) -> 7 | V24: =(T24-S24)*24*60 -> 45 | AE24: =M24-J24 -> -86.666667 | AF24: =M24/J24 -> 0.95666667
A25: 新豐7線 | B25: 微波主食 | C25: 二配厚香料優格咖哩雞排飯 | E25: 56.43 | F25: 1060 | G25: =E25*F25 -> 59815.8 | I25: 13 | J25: 2000 | K25: =J25/I25 -> 153.84615 | L25: 13 | M25: =F25/V25*60 -> 1927.2727 | N25: =M25/L25 -> 148.25175 | O25: =L25-I25 -> 0 | P25: =N25-K25 -> -5.5944056 | Q25: =N25/K25 -> 0.96363636 | S25: 0.70833333 | T25: 0.73125 | U25: =IF(S25=TIME(17,0,0),"",(S25-T24)*24*60) | V25: =(T25-S25)*24*60 -> 33 | AE25: =M25-J25 -> -72.727273 | AF25: =M25/J25 -> 0.96363636
A26: 新豐7線 | B26: 微波主食 | C26: 二配泰式綠咖哩雞 | E26: 50.67 | F26: 1110 | G26: =E26*F26 -> 56243.7 | I26: 15 | J26: 2000 | K26: =J26/I26 -> 133.33333 | L26: 15 | M26: =F26/V26*60 -> 1958.8235 | N26: =M26/L26 -> 130.58824 | O26: =L26-I26 -> 0 | P26: =N26-K26 -> -2.745098 | Q26: =N26/K26 -> 0.97941176 | S26: 0.73611111 | T26: 0.75972222 | U26: =IF(S26=TIME(17,0,0),"",(S26-T25)*24*60) -> 7 | V26: =(T26-S26)*24*60 -> 34 | AE26: =M26-J26 -> -41.176471 | AF26: =M26/J26 -> 0.97941176
A27: 新豐7線 | B27: 微波主食 | C27: 二配打拋風味豬肉飯 | E27: 51.06 | F27: 2488 | G27: =E27*F27 -> 127037.28 | I27: 13 | J27: 2000 | K27: =J27/I27 -> 153.84615 | L27: 13 | M27: =F27/V27*60 -> 1913.8462 | N27: =M27/L27 -> 147.21893 | O27: =L27-I27 -> 0 | P27: =N27-K27 -> -6.6272189 | Q27: =N27/K27 -> 0.95692308 | S27: 0.76458333 | T27: 0.81875 | U27: =IF(S27=TIME(17,0,0),"",(S27-T26)*24*60) -> 7 | V27: =(T27-S27)*24*60 -> 78 | AE27: =M27-J27 -> -86.153846 | AF27: =M27/J27 -> 0.95692308
A28: 新豐7線 | B28: 平均 | I28: 15.285714 | J28: 2000 | K28: =J28/I28 -> 130.84112 | L28: 15.285714 | M28: =AVERAGE(M21:M27) -> 1926.4793 | N28: =M28/L28 -> 126.03136 | O28: =L28-I28 -> 0 | P28: =N28-K28 -> -4.8097627 | Q28: =N28/K28 -> 0.96323967 | Y28: =SUM(Y21:Y27) -> 0 | Z28: =SUM(Z21:Z27) -> 0 | AC28: 7 | AD28: =SUM(AD21:AD27) -> 0 | AE28: =M28-J28 -> -73.520659 | AF28: =M28/J28 -> 0.96323967
A29: 新豐8線 | B29: 三明治 | C29: 紐奧良風味烤雞鮮蔬三明治 | E29: 31.29 | F29: 4800 | G29: =E29*F29 -> 150192 | H29: 2 | I29: 18 | J29: 2400 | K29: =J29/I29 -> 133.33333 | L29: 18 | M29: =F29/V29*60 -> 2285.7143 | N29: =M29/L29 -> 126.98413 | O29: =L29-I29 -> 0 | P29: =N29-K29 -> -6.3492063 | Q29: =N29/K29 -> 0.95238095 | R29: =Q35 -> 0.95565276 | S29: 0.083333333 | T29: 0.17083333 | V29: =(T29-S29)*24*60 -> 126 | W29: =T29 -> 0.17083333 | X29: =S30 -> 0.19166667 | AC29: 6 | AE29: =M29-J29 -> -114.28571 | AF29: =M29/J29 -> 0.95238095 | AG29: =AF35 -> 0.95565276
A30: 新豐8線 | B30: 三明治 | C30: 醬燒烤雞三明治(115年) | E30: 26.37 | F30: 6001 | G30: =E30*F30 -> 158246.37 | I30: 18 | J30: 2400 | K30: =J30/I30 -> 133.33333 | L30: 18 | M30: =F30/V30*60 -> 2293.3758 | N30: =M30/L30 -> 127.40977 | O30: =L30-I30 -> 0 | P30: =N30-K30 -> -5.9235669 | Q30: =N30/K30 -> 0.95557325 | S30: 0.19166667 | T30: 0.30069444 | U30: =(S30-T29)*24*60 -> 30 | V30: =(T30-S30)*24*60 -> 157 | AE30: =M30-J30 -> -106.6242 | AF30: =M30/J30 -> 0.95557325
A31: 新豐8線 | B31: 三明治 | C31: 經典火腿玉米蛋三明治 | E31: 24.43 | F31: 6592 | G31: =E31*F31 -> 161042.56 | I31: 14 | J31: 2400 | K31: =J31/I31 -> 171.42857 | L31: 14 | M31: =F31/V31*60 -> 2286.2428 | N31: =M31/L31 -> 163.30306 | O31: =L31-I31 -> 0 | P31: =N31-K31 -> -8.1255161 | Q31: =N31/K31 -> 0.95260116 | S31: 0.30416667 | T31: 0.42430556 | U31: =(S31-T30)*24*60 -> 5 | V31: =(T31-S31)*24*60 -> 173 | AE31: =M31-J31 -> -113.75723 | AF31: =M31/J31 -> 0.95260116
A32: 新豐8線 | B32: 三明治 | C32: 起司芋見肉鬆三明治 | E32: 25.98 | F32: 2248 | G32: =E32*F32 -> 58403.04 | I32: 17 | J32: 2400 | K32: =J32/I32 -> 141.17647 | L32: 17 | M32: =F32/V32*60 -> 2286.1017 | N32: =M32/L32 -> 134.47657 | O32: =L32-I32 -> 0 | P32: =N32-K32 -> -6.6999003 | Q32: =N32/K32 -> 0.95254237 | S32: 0.42986111 | T32: 0.47083333 | U32: =(S32-T31)*24*60 -> 8 | V32: =(T32-S32)*24*60 -> 59 | AE32: =M32-J32 -> -113.89831 | AF32: =M32/J32 -> 0.95254237
A33: 新豐8線 | B33: 三明治 | C33: 茄汁厚起司三明治 | E33: 25.99 | F33: 1074 | G33: =E33*F33 -> 27913.26 | I33: 18 | J33: 2400 | K33: =J33/I33 -> 133.33333 | L33: 18 | M33: =F33/V33*60 -> 2301.4286 | N33: =M33/L33 -> 127.85714 | O33: =L33-I33 -> 0 | P33: =N33-K33 -> -5.4761905 | Q33: =N33/K33 -> 0.95892857 | S33: 0.475 | T33: 0.49444444 | U33: =(S33-T32)*24*60 -> 6 | V33: =(T33-S33)*24*60 -> 28 | W33: =T33 -> 0.49444444 | X33: =S34 -> 0.53402778 | AE33: =M33-J33 -> -98.571429 | AF33: =M33/J33 -> 0.95892857
A34: 新豐8線 | B34: 三明治 | C34: 紐奧良風味烤雞鮮蔬三明治 | E34: 31.29 | F34: 3155 | G34: =E34*F34 -> 98719.95 | I34: 18 | J34: 2400 | K34: =J34/I34 -> 133.33333 | L34: 18 | M34: =F34/V34*60 -> 2308.5366 | N34: =M34/L34 -> 128.25203 | O34: =L34-I34 -> 0 | P34: =N34-K34 -> -5.0813008 | Q34: =N34/K34 -> 0.96189024 | S34: 0.53402778 | T34: 0.59097222 | U34: =(S34-T33)*24*60 -> 57 | V34: =(T34-S34)*24*60 -> 82 | AE34: =M34-J34 -> -91.463415 | AF34: =M34/J34 -> 0.96189024
A35: 新豐8線 | B35: 平均 | I35: 17.166667 | J35: 2400 | K35: =J35/I35 -> 139.80583 | L35: 17.166667 | M35: =AVERAGE(M29:M34) -> 2293.5666 | N35: =M35/L35 -> 133.60582 | O35: =L35-I35 -> 0 | P35: =N35-K35 -> -6.2000028 | Q35: =N35/K35 -> 0.95565276 | Y35: =SUM(Y29:Y34) -> 0 | Z35: =SUM(Z29:Z34) -> 0 | AC35: 6 | AD35: =SUM(AD29:AD34) -> 0 | AE35: =M35-J35 -> -106.43338 | AF35: =M35/J35 -> 0.95565276
A36: 新豐9線 | B36: 三明治 | C36: 經典總匯三明治(115年) | E36: 26.18 | F36: 5997 | G36: =E36*F36 -> 157001.46 | I36: 20 | J36: 2400 | K36: =J36/I36 -> 120 | L36: 20 | M36: =F36/V36*60 -> 2291.8471 | N36: =M36/L36 -> 114.59236 | O36: =L36-I36 -> 0 | P36: =N36-K36 -> -5.4076433 | Q36: =N36/K36 -> 0.95493631 | R36: =Q43 -> 0.95945004 | S36: 0.083333333 | T36: 0.19236111 | V36: =(T36-S36)*24*60 -> 157 | W36: =T36 -> 0.19236111 | X36: =S37 -> 0.21111111 | AC36: 7 | AE36: =M36-J36 -> -108.15287 | AF36: =M36/J36 -> 0.95493631 | AG36: =AF43 -> 0.95945004
A37: 新豐9線 | B37: 三明治 | C37: 雙泰奶QQ三明治 | E37: 23.89 | F37: 1558 | G37: =E37*F37 -> 37220.62 | I37: 13 | J37: 2400 | K37: =J37/I37 -> 184.61538 | L37: 13 | M37: =F37/V37*60 -> 2337 | N37: =M37/L37 -> 179.76923 | O37: =L37-I37 -> 0 | P37: =N37-K37 -> -4.8461538 | Q37: =N37/K37 -> 0.97375 | S37: 0.21111111 | T37: 0.23888889 | U37: =(S37-T36)*24*60 -> 27 | V37: =(T37-S37)*24*60 -> 40 | AE37: =M37-J37 -> -63 | AF37: =M37/J37 -> 0.97375
A38: 新豐9線 | B38: 三明治 | C38: 鮪魚起司溏心蛋三明治(115年) | E38: 26.18 | F38: 4100 | G38: =E38*F38 -> 107338 | H38: 2 | I38: 18 | J38: 2400 | K38: =J38/I38 -> 133.33333 | L38: 18 | M38: =F38/V38*60 -> 2299.0654 | N38: =M38/L38 -> 127.72586 | O38: =L38-I38 -> 0 | P38: =N38-K38 -> -5.6074766 | Q38: =N38/K38 -> 0.95794393 | S38: 0.24375 | T38: 0.31805556 | U38: =(S38-T37)*24*60 -> 7 | V38: =(T38-S38)*24*60 -> 107 | AE38: =M38-J38 -> -100.93458 | AF38: =M38/J38 -> 0.95794393
A39: 新豐9線 | B39: 三明治 | C39: 雞蛋沙拉三明治(114年) | E39: 25.99 | F39: 3564 | G39: =E39*F39 -> 92628.36 | I39: 14 | J39: 2400 | K39: =J39/I39 -> 171.42857 | L39: 14 | M39: =F39/V39*60 -> 2299.3548 | N39: =M39/L39 -> 164.23963 | O39: =L39-I39 -> 0 | P39: =N39-K39 -> -7.1889401 | Q39: =N39/K39 -> 0.95806452 | S39: 0.32361111 | T39: 0.38819444 | U39: =(S39-T38)*24*60 -> 8 | V39: =(T39-S39)*24*60 -> 93 | AE39: =M39-J39 -> -100.64516 | AF39: =M39/J39 -> 0.95806452
A40: 新豐9線 | B40: 三明治 | C40: 好多蛋三明治 | E40: 34.1 | F40: 3400 | G40: =E40*F40 -> 115940 | H40: 2 | I40: 17 | J40: 1600 | K40: =J40/I40 -> 94.117647 | L40: 17 | M40: =F40/V40*60 -> 1522.3881 | N40: =M40/L40 -> 89.552239 | O40: =L40-I40 -> 0 | P40: =N40-K40 -> -4.5654083 | Q40: =N40/K40 -> 0.95149254 | S40: 0.39375 | T40: 0.48680556 | U40: =(S40-T39)*24*60 -> 8 | V40: =(T40-S40)*24*60 -> 134 | W40: =T40 -> 0.48680556 | X40: =S41 -> 0.525 | AE40: =M40-J40 -> -77.61194 | AF40: =M40/J40 -> 0.95149254
A41: 新豐9線 | B41: 三明治 | C41: 鮪魚起司溏心蛋三明治(115年) | E41: 26.18 | F41: 3112 | G41: =E41*F41 -> 81472.16 | I41: 18 | J41: 2400 | K41: =J41/I41 -> 133.33333 | L41: 18 | M41: =F41/V41*60 -> 2305.1852 | N41: =M41/L41 -> 128.06584 | O41: =L41-I41 -> 0 | P41: =N41-K41 -> -5.2674897 | Q41: =N41/K41 -> 0.96049383 | S41: 0.525 | T41: 0.58125 | U41: =(S41-T40)*24*60 -> 55 | V41: =(T41-S41)*24*60 -> 81 | AE41: =M41-J41 -> -94.814815 | AF41: =M41/J41 -> 0.96049383
A42: 新豐9線 | B42: 三明治 | C42: 好多蛋三明治 | E42: 34.1 | F42: 2548 | G42: =E42*F42 -> 86886.8 | I42: 17 | J42: 1600 | K42: =J42/I42 -> 94.117647 | L42: 17 | M42: =F42/V42*60 -> 1528.8 | N42: =M42/L42 -> 89.929412 | O42: =L42-I42 -> 0 | P42: =N42-K42 -> -4.1882353 | Q42: =N42/K42 -> 0.9555 | S42: 0.58611111 | T42: 0.65555556 | U42: =(S42-T41)*24*60 -> 7 | V42: =(T42-S42)*24*60 -> 100 | AE42: =M42-J42 -> -71.2 | AF42: =M42/J42 -> 0.9555
A43: 新豐9線 | B43: 平均 | I43: 16.714286 | J43: 2171.4286 | K43: =J43/I43 -> 129.91453 | L43: 16.714286 | M43: =AVERAGE(M36:M42) -> 2083.3772 | N43: =M43/L43 -> 124.6465 | O43: =L43-I43 -> 0 | P43: =N43-K43 -> -5.2680287 | Q43: =N43/K43 -> 0.95945004 | Y43: =SUM(Y36:Y42) -> 0 | Z43: =SUM(Z36:Z42) -> 0 | AC43: 7 | AD43: =SUM(AD36:AD42) -> 0 | AE43: =M43-J43 -> -88.051337 | AF43: =M43/J43 -> 0.95945004
A44: 新豐3線 | B44: 調理麵包 | C44: 豬肉起司堡 | E44: 21.13 | F44: 5130 | G44: =E44*F44 -> 108396.9 | I44: 10 | J44: 3000 | K44: =J44/I44 -> 300 | L44: 10 | M44: =F44/V44*60 -> 2876.6355 | N44: =M44/L44 -> 287.66355 | O44: =L44-I44 -> 0 | P44: =N44-K44 -> -12.336449 | Q44: =N44/K44 -> 0.9588785 | R44: =Q47 -> 0.95724928 | S44: 0.20833333 | T44: 0.28263889 | V44: =(T44-S44)*24*60 -> 107 | AC44: 3 | AE44: =M44-J44 -> -123.36449 | AF44: =M44/J44 -> 0.9588785 | AG44: =AF47 -> 0.95724928
A45: 新豐3線 | B45: 調理麵包 | C45: 豬肉起司蛋堡 | E45: 27.17 | F45: 4691 | G45: =E45*F45 -> 127454.47 | I45: 10 | J45: 3000 | K45: =J45/I45 -> 300 | L45: 10 | M45: =F45/V45*60 -> 2872.0408 | N45: =M45/L45 -> 287.20408 | O45: =L45-I45 -> 0 | P45: =N45-K45 -> -12.795918 | Q45: =N45/K45 -> 0.95734694 | S45: 0.28819444 | T45: 0.35625 | U45: =(S45-T44)*24*60 -> 8 | V45: =(T45-S45)*24*60 -> 98 | AE45: =M45-J45 -> -127.95918 | AF45: =M45/J45 -> 0.95734694
A46: 新豐3線 | B46: 調理麵包 | C46: 超HOT雞腿堡 | E46: 35.87 | F46: 3201 | G46: =E46*F46 -> 114819.87 | I46: 10 | J46: 3000 | K46: =J46/I46 -> 300 | L46: 10 | M46: =F46/V46*60 -> 2866.5672 | N46: =M46/L46 -> 286.65672 | O46: =L46-I46 -> 0 | P46: =N46-K46 -> -13.343284 | Q46: =N46/K46 -> 0.95552239 | S46: 0.36111111 | T46: 0.40763889 | U46: =(S46-T45)*24*60 -> 7 | V46: =(T46-S46)*24*60 -> 67 | AE46: =M46-J46 -> -133.43284 | AF46: =M46/J46 -> 0.95552239
A47: 新豐3線 | B47: 平均 | I47: 10 | J47: 3000 | K47: =J47/I47 -> 300 | L47: 10 | M47: =AVERAGE(M44:M46) -> 2871.7478 | N47: =M47/L47 -> 287.17478 | O47: =L47-I47 -> 0 | P47: =N47-K47 -> -12.825217 | Q47: =N47/K47 -> 0.95724928 | Y47: =SUM(Y44:Y46) -> 0 | Z47: =SUM(Z44:Z46) -> 0 | AC47: 3 | AD47: =SUM(AD44:AD46) -> 0 | AE47: =M47-J47 -> -128.25217 | AF47: =M47/J47 -> 0.95724928
A48: 新豐1線 | B48: 微波主食 | C48: 炙烤醬香燒豚飯 | E48: 51.44 | F48: 1418 | G48: =E48*F48 -> 72941.92 | I48: 25 | J48: 2000 | K48: =J48/I48 -> 80 | L48: 25 | M48: =F48/V48*60 -> 1933.6364 | N48: =M48/L48 -> 77.345455 | O48: =L48-I48 -> 0 | P48: =N48-K48 -> -2.6545455 | Q48: =N48/K48 -> 0.96681818 | R48: =Q55 -> 0.96327468 | S48: 0.20833333 | T48: 0.23888889 | V48: =(T48-S48)*24*60 -> 44 | AC48: 7 | AE48: =M48-J48 -> -66.363636 | AF48: =M48/J48 -> 0.96681818 | AG48: =AF55 -> 0.96327468
A49: 新豐1線 | B49: 微波主食 | C49: 金沙醬牛豚雙饗飯 | E49: 56.43 | F49: 5054 | G49: =E49*F49 -> 285197.22 | I49: 23 | J49: 2000 | K49: =J49/I49 -> 86.956522 | L49: 23 | M49: =F49/V49*60 -> 1907.1698 | N49: =M49/L49 -> 82.920427 | O49: =L49-I49 -> 0 | P49: =N49-K49 -> -4.0360952 | Q49: =N49/K49 -> 0.95358491 | S49: 0.24305556 | T49: 0.35347222 | U49: =IF(S49=TIME(17,0,0),"",(S49-T48)*24*60) -> 6 | V49: =(T49-S49)*24*60 -> 159 | AE49: =M49-J49 -> -92.830189 | AF49: =M49/J49 -> 0.95358491
A50: 新豐1線 | B50: 微波主食 | C50: 柚見極炙烤牛 | E50: 56.43 | F50: 1743 | G50: =E50*F50 -> 98357.49 | I50: 25 | J50: 2000 | K50: =J50/I50 -> 80 | L50: 25 | M50: =F50/V50*60 -> 1936.6667 | N50: =M50/L50 -> 77.466667 | O50: =L50-I50 -> 0 | P50: =N50-K50 -> -2.5333333 | Q50: =N50/K50 -> 0.96833333 | S50: 0.35694444 | T50: 0.39444444 | U50: =IF(S50=TIME(17,0,0),"",(S50-T49)*24*60) -> 5 | V50: =(T50-S50)*24*60 -> 54 | AE50: =M50-J50 -> -63.333333 | AF50: =M50/J50 -> 0.96833333
A51: 新豐1線 | B51: 沙拉 | C51: 蔥鹽雞肉麵沙拉(114年) | E51: 46 | F51: 1145 | G51: =E51*F51 -> 52670 | I51: 16 | J51: 2000 | K51: =J51/I51 -> 125 | L51: 16 | M51: =F51/V51*60 -> 1908.3333 | N51: =M51/L51 -> 119.27083 | O51: =L51-I51 -> 0 | P51: =N51-K51 -> -5.7291667 | Q51: =N51/K51 -> 0.95416667 | S51: 0.39861111 | T51: 0.42361111 | U51: =IF(S51=TIME(17,0,0),"",(S51-T50)*24*60) -> 6 | V51: =(T51-S51)*24*60 -> 36 | AE51: =M51-J51 -> -91.666667 | AF51: =M51/J51 -> 0.95416667
A52: 新豐1線 | B52: 沙拉 | C52: 莎莎烤雞麵沙拉(115年) | E52: 46 | F52: 1425 | G52: =E52*F52 -> 65550 | I52: 17 | J52: 2000 | K52: =J52/I52 -> 117.64706 | L52: 17 | M52: =F52/V52*60 -> 1943.1818 | N52: =M52/L52 -> 114.30481 | O52: =L52-I52 -> 0 | P52: =N52-K52 -> -3.342246 | Q52: =N52/K52 -> 0.97159091 | S52: 0.42777778 | T52: 0.45833333 | U52: =IF(S52=TIME(17,0,0),"",(S52-T51)*24*60) -> 6 | V52: =(T52-S52)*24*60 -> 44 | AE52: =M52-J52 -> -56.818182 | AF52: =M52/J52 -> 0.97159091
A53: 新豐1線 | B53: 微波主食 | C53: 二配香辣醬蒜味香腸蛋炒飯 | E53: 55.56 | F53: 2094 | G53: =E53*F53 -> 116342.64 | I53: 17 | J53: 2000 | K53: =J53/I53 -> 117.64706 | L53: 17 | M53: =F53/V53*60 -> 1932.9231 | N53: =M53/L53 -> 113.70136 | O53: =L53-I53 -> 0 | P53: =N53-K53 -> -3.9457014 | Q53: =N53/K53 -> 0.96646154 | S53: 0.70833333 | T53: 0.75347222 | U53: =IF(S53=TIME(17,0,0),"",(S53-T52)*24*60) | V53: =(T53-S53)*24*60 -> 65 | AE53: =M53-J53 -> -67.076923 | AF53: =M53/J53 -> 0.96646154
A54: 新豐1線 | B54: 微波主食 | C54: 二配排骨蛋炒飯 | E54: 58.17 | F54: 1956 | G54: =E54*F54 -> 113780.52 | I54: 13 | J54: 2000 | K54: =J54/I54 -> 153.84615 | L54: 13 | M54: =F54/V54*60 -> 1923.9344 | N54: =M54/L54 -> 147.99496 | O54: =L54-I54 -> 0 | P54: =N54-K54 -> -5.851198 | Q54: =N54/K54 -> 0.96196721 | S54: 0.75763889 | T54: 0.8 | U54: =IF(S54=TIME(17,0,0),"",(S54-T53)*24*60) -> 6 | V54: =(T54-S54)*24*60 -> 61 | AE54: =M54-J54 -> -76.065574 | AF54: =M54/J54 -> 0.96196721
A55: 新豐1線 | B55: 平均 | I55: 19.428571 | J55: 2000 | K55: =J55/I55 -> 102.94118 | L55: 19.428571 | M55: =AVERAGE(M48:M54) -> 1926.5494 | N55: =M55/L55 -> 99.160629 | O55: =L55-I55 -> 0 | P55: =N55-K55 -> -3.7805478 | Q55: =N55/K55 -> 0.96327468 | Y55: =SUM(Y48:Y54) -> 0 | Z55: =SUM(Z48:Z54) -> 0 | AC55: 7 | AD55: =SUM(AD48:AD54) -> 0 | AE55: =M55-J55 -> -73.450643 | AF55: =M55/J55 -> 0.96327468
A56: 新豐10線 | B56: 調理麵包 | C56: 經典雙牛起司堡(113年) | E56: 35.12 | F56: 5300 | G56: =E56*F56 -> 186136 | I56: 10 | J56: 3000 | K56: =J56/I56 -> 300 | L56: 10 | M56: =F56/V56*60 -> 2864.8649 | N56: =M56/L56 -> 286.48649 | O56: =L56-I56 -> 0 | P56: =N56-K56 -> -13.513514 | Q56: =N56/K56 -> 0.95495495 | R56: =Q61 -> 0.96881098 | S56: 0.20833333 | T56: 0.28541667 | V56: =(T56-S56)*24*60 -> 111 | AC56: 5 | AE56: =M56-J56 -> -135.13514 | AF56: =M56/J56 -> 0.95495495 | AG56: =AF61 -> 0.96881098
A57: 新豐10線 | B57: 調理麵包 | C57: 香雞蛋堡(112年) | E57: 26.78 | F57: 2319 | G57: =E57*F57 -> 62102.82 | I57: 10 | J57: 3000 | K57: =J57/I57 -> 300 | L57: 10 | M57: =F57/V57*60 -> 2898.75 | N57: =M57/L57 -> 289.875 | O57: =L57-I57 -> 0 | P57: =N57-K57 -> -10.125 | Q57: =N57/K57 -> 0.96625 | S57: 0.29097222 | T57: 0.32430556 | U57: =(S57-T56)*24*60 -> 8 | V57: =(T57-S57)*24*60 -> 48 | AE57: =M57-J57 -> -101.25 | AF57: =M57/J57 -> 0.96625
A58: 新豐10線 | B58: 調理麵包 | C58: 元氣起司鱈魚堡 | E58: 36.14 | F58: 890 | G58: =E58*F58 -> 32164.6 | I58: 11 | J58: 3000 | K58: =J58/I58 -> 272.72727 | L58: 11 | M58: =F58/V58*60 -> 2966.6667 | N58: =M58/L58 -> 269.69697 | O58: =L58-I58 -> 0 | P58: =N58-K58 -> -3.030303 | Q58: =N58/K58 -> 0.98888889 | S58: 0.32916667 | T58: 0.34166667 | U58: =(S58-T57)*24*60 -> 7 | V58: =(T58-S58)*24*60 -> 18 | AE58: =M58-J58 -> -33.333333 | AF58: =M58/J58 -> 0.98888889
A59: 新豐10線 | B59: 調理麵包 | C59: 美式雞腿堡 | E59: 35.87 | F59: 1361 | G59: =E59*F59 -> 48819.07 | I59: 9 | J59: 3000 | K59: =J59/I59 -> 333.33333 | L59: 9 | M59: =F59/V59*60 -> 2916.4286 | N59: =M59/L59 -> 324.04762 | O59: =L59-I59 -> 0 | P59: =N59-K59 -> -9.2857143 | Q59: =N59/K59 -> 0.97214286 | S59: 0.34583333 | T59: 0.36527778 | U59: =(S59-T58)*24*60 -> 6 | V59: =(T59-S59)*24*60 -> 28 | AE59: =M59-J59 -> -83.571429 | AF59: =M59/J59 -> 0.97214286
A60: 新豐10線 | B60: 調理麵包 | C60: 益活雞力能量堡 | E60: 33.77 | F60: 3703 | G60: =E60*F60 -> 125050.31 | I60: 12 | J60: 3000 | K60: =J60/I60 -> 250 | L60: 12 | M60: =F60/V60*60 -> 2885.4545 | N60: =M60/L60 -> 240.45455 | O60: =L60-I60 -> 0 | P60: =N60-K60 -> -9.5454545 | Q60: =N60/K60 -> 0.96181818 | S60: 0.37083333 | T60: 0.42430556 | U60: =(S60-T59)*24*60 -> 8 | V60: =(T60-S60)*24*60 -> 77 | AE60: =M60-J60 -> -114.54545 | AF60: =M60/J60 -> 0.96181818
A61: 新豐10線 | B61: 平均 | I61: 10.4 | J61: 3000 | K61: =J61/I61 -> 288.46154 | L61: 10.4 | M61: =AVERAGE(M56:M60) -> 2906.4329 | N61: =M61/L61 -> 279.4647 | O61: =L61-I61 -> 0 | P61: =N61-K61 -> -8.9968337 | Q61: =N61/K61 -> 0.96881098 | Y61: =SUM(Y56:Y60) -> 0 | Z61: =SUM(Z56:Z60) -> 0 | AC61: 5 | AD61: =SUM(AD56:AD60) -> 0 | AE61: =M61-J61 -> -93.56707 | AF61: =M61/J61 -> 0.96881098
